repo_id,repo_full_name,file,file_sha1,match
484265150,Threekiii/Awesome-Exploit,Samba/CVE-2017-7494/src/source4/winbind/wb_async_helpers.h,000020a4507ecd480cab59cfb0914d5756039f1b,CVE-2017-7494
484265150,Threekiii/Awesome-Exploit,Samba/CVE-2017-7494/src/selftest/valgrind_run,001571c38427de9ee1d99c55bcb9b22f81ae9e81,CVE-2017-7494
484265150,Threekiii/Awesome-Exploit,Samba/CVE-2017-7494/src/source3/passdb/secrets_lsa.c,002ea006ccd163baca8f17dd853dd8549bb9d0bd,CVE-2017-7494
484265150,Threekiii/Awesome-Exploit,Samba/CVE-2017-7494/src/testprogs/win32/rpcecho/client.c,00303d32f802163d38eb997fc7e2d461d2656b53,CVE-2017-7494
484265150,Threekiii/Awesome-Exploit,Samba/CVE-2017-7494/src/source3/libsmb/clirap.h,00329ba3109b837c790af23655117aa0afd946c0,CVE-2017-7494
484265150,Threekiii/Awesome-Exploit,Samba/CVE-2017-7494/src/ctdb/server/ctdb_control.c,00450b565793cedb7da55a070259fd3fc9471f77,CVE-2017-7494
484265150,Threekiii/Awesome-Exploit,Samba/CVE-2017-7494/src/source3/utils/net_proto.h,004ea5ee7fc94af9e94ea1d7e25291c454e4e7eb,CVE-2017-7494
484265150,Threekiii/Awesome-Exploit,Samba/CVE-2017-7494/src/source3/intl/lang_tdb.h,0050249eb16034be7608aae69bf5308badcdaa4e,CVE-2017-7494
484265150,Threekiii/Awesome-Exploit,Samba/CVE-2017-7494/src/source4/torture/dns/dlz_bind9.c,00696f25bf77e8791d46ab11bbe4a57ea45c0bad,CVE-2017-7494
484265150,Threekiii/Awesome-Exploit,Samba/CVE-2017-7494/src/docs-xml/smbdotconf/printing/os2drivermap.xml,006c84dd7d54b7693f7826889452abf480e21bb7,CVE-2017-7494
484265150,Threekiii/Awesome-Exploit,Samba/CVE-2017-7494/src/ctdb/tests/eventscripts/60.nfs.monitor.162.sh,006f30be42b658202e3681741dd4023fff86fc9a,CVE-2017-7494
484265150,Threekiii/Awesome-Exploit,Samba/CVE-2017-7494/src/third_party/zlib/contrib/iostream/test.cpp,0074186cc98585f48eb8d18c2be887955238b741,CVE-2017-7494
484265150,Threekiii/Awesome-Exploit,Samba/CVE-2017-7494/src/packaging/RHEL-CTDB/setup/swat,00795110a066f013b468aad5fa279e7aa81fce55,CVE-2017-7494
484265150,Threekiii/Awesome-Exploit,Samba/CVE-2017-7494/src/third_party/dnspython/dns/rdtypes/IN/IPSECKEY.py,00881544de6dad16916e855340b40f0451993fd3,CVE-2017-7494
484265150,Threekiii/Awesome-Exploit,Samba/CVE-2017-7494/src/source3/include/printing.h,008ce7ed8ce1a625cf576f3efde890863188f1fc,CVE-2017-7494
484265150,Threekiii/Awesome-Exploit,Samba/CVE-2017-7494/src/callcatcher-exceptions.grep,008d27afd843f8f2fd1a334d30fe6bf11c1ef0e6,CVE-2017-7494
484265150,Threekiii/Awesome-Exploit,Samba/CVE-2017-7494/src/packaging/Example/setup.sh,00a7dab38ab953e6cae7bc16bb2bb027d41e47d8,CVE-2017-7494
484265150,Threekiii/Awesome-Exploit,Samba/CVE-2017-7494/src/librpc/idl/nbt.idl,00b21e649a9a70bfaeb081525aa9943900a7770f,CVE-2017-7494
484265150,Threekiii/Awesome-Exploit,Samba/CVE-2017-7494/src/third_party/zlib/msdos/Makefile.dj2,00c3c01aaa123379296ced5b2d1e01403697f651,CVE-2017-7494
484265150,Threekiii/Awesome-Exploit,Samba/CVE-2017-7494/src/docs-xml/aclocal.m4,00c9fead72a04bf5645f663e64bb2ffc4fd18848,CVE-2017-7494
484265150,Threekiii/Awesome-Exploit,Samba/CVE-2017-7494/src/third_party/zlib/contrib/blast/test.pk,00d07b4c71bad842d7e04210f966e55977efd9c3,CVE-2017-7494
484265150,Threekiii/Awesome-Exploit,Samba/CVE-2017-7494/src/ctdb/tests/eventscripts/60.nfs.monitor.152.sh,00de61c1e194e0506f04b10e269d54a3f14c1734,CVE-2017-7494
484265150,Threekiii/Awesome-Exploit,Samba/CVE-2017-7494/src/source4/torture/raw/openbench.c,00e1aa9dcce9c4fe437782587c54176384bed684,CVE-2017-7494
484265150,Threekiii/Awesome-Exploit,Samba/CVE-2017-7494/src/ctdb/tests/eventscripts/60.nfs.multi.006.sh,00fcac38771df5327ee4c8219fca3b015d402fe1,CVE-2017-7494
484265150,Threekiii/Awesome-Exploit,Samba/CVE-2017-7494/src/ctdb/tests/eventscripts/13.per_ip_routing.003.sh,01025da2bd7bd52c09920aecc17eb17a203aaaf6,CVE-2017-7494
484265150,Threekiii/Awesome-Exploit,Samba/CVE-2017-7494/src/docs-xml/Samba3-ByExample/images/chap7-net2-B.svg,01040f9b81a51b2ae47381937e8b01395697c123,CVE-2017-7494
484265150,Threekiii/Awesome-Exploit,Samba/CVE-2017-7494/src/testprogs/win32/midltests/todo/midltests-pipe-02.idl,010fdd3fce915304264fa89be6c1be59fbf2b2c6,CVE-2017-7494
484265150,Threekiii/Awesome-Exploit,Samba/CVE-2017-7494/src/source3/script/format_indent.sh,01268160e1452593084e7db94c507f6e87e82371,CVE-2017-7494
484265150,Threekiii/Awesome-Exploit,Samba/CVE-2017-7494/src/release-scripts/build-htmlman-git,0138b210d38bb345d125c640aa58ad4ba51e2a87,CVE-2017-7494
484265150,Threekiii/Awesome-Exploit,Samba/CVE-2017-7494/src/source4/rpc_server/lsa/lsa_init.c,013b6619717b12880f79318fe764c51f8a6682fb,CVE-2017-7494
484265150,Threekiii/Awesome-Exploit,Samba/CVE-2017-7494/src/source4/torture/basic/denytest.c,01463c5d84ba48cd542dc53fda0bf965b5180294,CVE-2017-7494
484265150,Threekiii/Awesome-Exploit,Samba/CVE-2017-7494/src/source3/registry/reg_api_regf.c,0154b19b672ac12cbf63edae327a93cbf04215fe,CVE-2017-7494
484265150,Threekiii/Awesome-Exploit,Samba/CVE-2017-7494/src/source4/dsdb/schema/schema_inferiors.c,01565f016daffda93e2328f915d3aa193d560111,CVE-2017-7494
484265150,Threekiii/Awesome-Exploit,Samba/CVE-2017-7494/src/source4/selftest/test_samba3dump.sh,01abfd30635baf21aee68b3d3f2ad0f7b46435c2,CVE-2017-7494
484265150,Threekiii/Awesome-Exploit,Samba/CVE-2017-7494/src/source3/registry/reg_api_regf.h,01ca0ec8b22a900298f09c3989a038b89fa6a597,CVE-2017-7494
484265150,Threekiii/Awesome-Exploit,Zabbix/CVE-2020-11800/CVE-2020-11800.py,01e43145743c8f77c55e1eafe204ce8848e3bd8c,CVE-2020-11800
484265150,Threekiii/Awesome-Exploit,Samba/CVE-2017-7494/src/source4/libcli/wrepl/winsrepl.c,01f2eea813ae80ba995bc99596dbfc39deb47ec4,CVE-2017-7494
484265150,Threekiii/Awesome-Exploit,Samba/CVE-2017-7494/src/source3/intl/linux-msg.sed,01ff2d4419c3583d7edffc014469ac64a742fb13,CVE-2017-7494
484265150,Threekiii/Awesome-Exploit,Samba/CVE-2017-7494/src/ctdb/tests/tool/ctdb.process-exists.001.sh,0200e1cd3bd7644286c1acc297eaca4e135993e5,CVE-2017-7494
484265150,Threekiii/Awesome-Exploit,Samba/CVE-2017-7494/src/auth/gensec/wscript_build,0207c6703c76dc3729fb9057cb75222c3f5a0039,CVE-2017-7494
484265150,Threekiii/Awesome-Exploit,Samba/CVE-2017-7494/src/docs-xml/Samba3-ByExample/images/chap9-SambaDC.svg,0223291b9b3a9cdaa1a08c22b1c2e5fe8bc0f594,CVE-2017-7494
484265150,Threekiii/Awesome-Exploit,Samba/CVE-2017-7494/src/source3/rpc_server/svcctl/srv_svcctl_reg.h,0227e88c5611ea68596378f15a672dc8719da61e,CVE-2017-7494
484265150,Threekiii/Awesome-Exploit,Samba/CVE-2017-7494/src/source3/services/svc_wins.c,022dcd0b96f0efdab2a5d243fa2845b98d3a0fbc,CVE-2017-7494
484265150,Threekiii/Awesome-Exploit,Samba/CVE-2017-7494/src/source4/nbt_server/wins/wins_ldb.c,02429bc6f386c86a8ebd1ab5a1b72965e310ecf5,CVE-2017-7494
484265150,Threekiii/Awesome-Exploit,Samba/CVE-2017-7494/src/third_party/zlib/contrib/ada/zlib.ads,0245a91806d804bf9f0907a3a001a141e9adb61b,CVE-2017-7494
484265150,Threekiii/Awesome-Exploit,Samba/CVE-2017-7494/src/libcli/smb/smb_constants.h,024a1c6382d623306762343f31e59bc2bc48e45d,CVE-2017-7494
484265150,Threekiii/Awesome-Exploit,Samba/CVE-2017-7494/src/third_party/zlib/amiga/Makefile.pup,02551cf8e8aafda12588a3c5f21ca26a585e1d2d,CVE-2017-7494
484265150,Threekiii/Awesome-Exploit,Samba/CVE-2017-7494/src/docs-xml/Samba3-HOWTO/TOSHARG-Integrating-with-Windows.xml,025541062978eef4a429ed3a6996c0439e5a0c11,CVE-2017-7494
484265150,Threekiii/Awesome-Exploit,Samba/CVE-2017-7494/src/docs-xml/manpages/wbinfo.1.xml,025c4c87e71140ef2e8d590b19081957e420d575,CVE-2017-7494
484265150,Threekiii/Awesome-Exploit,Samba/CVE-2017-7494/src/docs-xml/smbdotconf/base/bindinterfacesonly.xml,027770cba37806fb891f89e8c7035ac3916e0164,CVE-2017-7494
484265150,Threekiii/Awesome-Exploit,Samba/CVE-2017-7494/src/ctdb/config/events.d/10.external,027851670be4c9267979b98c95fa6065cad2afde,CVE-2017-7494
484265150,Threekiii/Awesome-Exploit,Samba/CVE-2017-7494/src/source3/utils/smbcontrol.c,027b9a3d022e85dc5748b4cd4798c538c33e9c71,CVE-2017-7494
484265150,Threekiii/Awesome-Exploit,Samba/CVE-2017-7494/src/ctdb/server/ctdb_keepalive.c,028fa051e55b53eb950061c724473e2f082c362b,CVE-2017-7494
484265150,Threekiii/Awesome-Exploit,Samba/CVE-2017-7494/src/ctdb/tests/tool/ctdb.status.001.sh,029a8d1c02e7db70d29901d3fb88236964055cc4,CVE-2017-7494
484265150,Threekiii/Awesome-Exploit,Samba/CVE-2017-7494/src/libcli/nbt/nbt_proto.h,02a2f21923378ed6537465ad0f50d915c7fb3c3d,CVE-2017-7494
484265150,Threekiii/Awesome-Exploit,Samba/CVE-2017-7494/src/python/samba/tests/docs.py,02abbe84cd97ad5aee780356aad5b903709ef8b3,CVE-2017-7494
484265150,Threekiii/Awesome-Exploit,Samba/CVE-2017-7494/src/source3/librpc/idl/libnet_join.idl,02acfa26f32df214952429152219107b3cf69bc8,CVE-2017-7494
484265150,Threekiii/Awesome-Exploit,Samba/CVE-2017-7494/src/ctdb/tests/simple/00_ctdb_init.sh,02b102f375b7fc332f2a3a8f03891e41f828d73f,CVE-2017-7494
484265150,Threekiii/Awesome-Exploit,Samba/CVE-2017-7494/src/source4/rpc_server/common/server_info.c,02b9903b4f03301c9f5ef9e1a9409da25254ffa7,CVE-2017-7494
484265150,Threekiii/Awesome-Exploit,Samba/CVE-2017-7494/src/source4/librpc/idl/irpc.idl,02ca34eab3c592875114d87ad5c459891aff22d0,CVE-2017-7494
484265150,Threekiii/Awesome-Exploit,Samba/CVE-2017-7494/src/packaging/Solaris/README,02eb70ad68ec565821d393d52ef59a2c8e9d6748,CVE-2017-7494
484265150,Threekiii/Awesome-Exploit,Samba/CVE-2017-7494/src/source3/passdb/pdb_compat.c,02f26d10ac16733a68f1949afb96916eaea61e4f,CVE-2017-7494
484265150,Threekiii/Awesome-Exploit,Samba/CVE-2017-7494/src/source4/librpc/ndr/py_auth.c,02f8c54e61a9bc4e68c672f853f15fe377139a5f,CVE-2017-7494
484265150,Threekiii/Awesome-Exploit,Samba/CVE-2017-7494/src/source4/auth/samba_server_gensec.c,0311217c3f66d6fab54492fdcb7f2a1f788fce0e,CVE-2017-7494
484265150,Threekiii/Awesome-Exploit,Samba/CVE-2017-7494/src/docs/manpages/vfs_extd_audit.8,03154294b383a98a51aeb764efb7c14f82ce6bda,CVE-2017-7494
484265150,Threekiii/Awesome-Exploit,Samba/CVE-2017-7494/src/librpc/idl/initshutdown.idl,0318db1abb035c7d9d72bcb3dc47c09f05c897ec,CVE-2017-7494
484265150,Threekiii/Awesome-Exploit,Samba/CVE-2017-7494/src/source3/modules/vfs_shadow_copy2.c,0318f1105f90d941c19a0be6be45407881a22e51,CVE-2017-7494
484265150,Threekiii/Awesome-Exploit,Samba/CVE-2017-7494/smb.conf,031bf2c5be49c104567e738433588cdc89487f7f,CVE-2017-7494
484265150,Threekiii/Awesome-Exploit,Samba/CVE-2017-7494/src/examples/tridge/smb.conf.vittjokk,032db852321de7eee2f562a5d98b46df0d9abc48,CVE-2017-7494
484265150,Threekiii/Awesome-Exploit,Samba/CVE-2017-7494/src/source3/libads/ads_ldap_protos.h,033a57754f158f23995452f51a0eb03035274e90,CVE-2017-7494
484265150,Threekiii/Awesome-Exploit,Samba/CVE-2017-7494/src/source3/libgpo/gpext/security.c,034d07f840dae7262ae833755d06f387c3d21148,CVE-2017-7494
484265150,Threekiii/Awesome-Exploit,Samba/CVE-2017-7494/src/source3/libnet/libnet_samsync_display.c,03502bba6ef4e06c5da244b5cf8b4e097c6dccdd,CVE-2017-7494
484265150,Threekiii/Awesome-Exploit,Samba/CVE-2017-7494/src/source3/script/updatesmbpasswd.sh,0364990e76558e4abc21dad8e03411c16b6c748a,CVE-2017-7494
484265150,Threekiii/Awesome-Exploit,Samba/CVE-2017-7494/src/docs-xml/smbdotconf/wins/winssupport.xml,03685090968d8c44878d7793e3c7178bf129db8c,CVE-2017-7494
484265150,Threekiii/Awesome-Exploit,Samba/CVE-2017-7494/src/source4/torture/unix/whoami.c,036f6ec83eb7b88e257d451f8534b8b88917ce61,CVE-2017-7494
484265150,Threekiii/Awesome-Exploit,Samba/CVE-2017-7494/src/librpc/idl/epmapper.idl,0371f39f8ceb2f916b56f416834bf42e4a2d662b,CVE-2017-7494
484265150,Threekiii/Awesome-Exploit,Samba/CVE-2017-7494/src/source3/librpc/crypto/gse_krb5.h,037398cd45c7737190b57d4fa45705ee741e5b53,CVE-2017-7494
484265150,Threekiii/Awesome-Exploit,Samba/CVE-2017-7494/src/source3/nmbd/nmbd_nameregister.c,03800401b2d1c82bbc5a8a4a6f5bef2dd5a8b82e,CVE-2017-7494
484265150,Threekiii/Awesome-Exploit,Samba/CVE-2017-7494/src/source3/passdb/pdb_ldap_schema.c,03a203c886eed5ce0e4d689e556bbe70ced19a0e,CVE-2017-7494
484265150,Threekiii/Awesome-Exploit,Samba/CVE-2017-7494/src/source3/libsmb/climessage.c,03b5e26bf03168d65199c3eca48a3e5dda7cda19,CVE-2017-7494
484265150,Threekiii/Awesome-Exploit,Samba/CVE-2017-7494/src/source4/nbt_server/nodestatus.c,03c12bb528792aef9afe46d09c51232f5250898b,CVE-2017-7494
484265150,Threekiii/Awesome-Exploit,Samba/CVE-2017-7494/src/libcli/auth/msrpc_parse.h,03d44019a8dd74c6e469245bf07f635a134d77d8,CVE-2017-7494
484265150,Threekiii/Awesome-Exploit,Samba/CVE-2017-7494/src/source4/libcli/smb2/break.c,03e4d06a472987f22195f333e2cc9bc1e5dca17a,CVE-2017-7494
484265150,Threekiii/Awesome-Exploit,Samba/CVE-2017-7494/src/ctdb/tests/tool/ctdb.disable.002.sh,03eb6fd32d245ddc23708a774b01a8e2d5146ca0,CVE-2017-7494
484265150,Threekiii/Awesome-Exploit,Samba/CVE-2017-7494/src/source4/smb_server/smb2/sesssetup.c,03f8450114a05f4df46d6c7398ee7b4abf8e66fb,CVE-2017-7494
484265150,Threekiii/Awesome-Exploit,Samba/CVE-2017-7494/src/python/samba/tests/get_opt.py,03fe645e4b139f401b0e7233d3c6e3a107e20e01,CVE-2017-7494
484265150,Threekiii/Awesome-Exploit,Samba/CVE-2017-7494/src/source4/web_server/wsgi.c,041ac1502b7894673142d8517e68b87a8cc28f05,CVE-2017-7494
484265150,Threekiii/Awesome-Exploit,Samba/CVE-2017-7494/src/ctdb/tests/complex/90_debug_hung_script.sh,041dc63351107416f5c609d7adca60f6a541b2f9,CVE-2017-7494
484265150,Threekiii/Awesome-Exploit,Samba/CVE-2017-7494/src/source3/smbd/uid.c,0420bee5f7f4af31541663aa4593f0695e91de8a,CVE-2017-7494
484265150,Threekiii/Awesome-Exploit,Samba/CVE-2017-7494/src/source4/torture/rpc/spoolss_notify.c,043fb8c31103cb3fa23ae0c54bae70eab97b3699,CVE-2017-7494
484265150,Threekiii/Awesome-Exploit,Samba/CVE-2017-7494/src/source3/utils/net_printing.c,0447ce70fef941efdcb56268dd0f13eacd6c3108,CVE-2017-7494
484265150,Threekiii/Awesome-Exploit,Samba/CVE-2017-7494/src/testprogs/win32/rpcecho/rpcecho.idl,0465a5111431dcaf416bf2c9cf3c5a25d1f659ea,CVE-2017-7494
484265150,Threekiii/Awesome-Exploit,Samba/CVE-2017-7494/src/source4/heimdal_build/et_compile_wrapper.sh,0466630ca4cd8472c7d2e87f28118edf097e7a67,CVE-2017-7494
484265150,Threekiii/Awesome-Exploit,Samba/CVE-2017-7494/src/docs-xml/smbdotconf/misc/panicaction.xml,047a51754855ef6bc5ecd2481278660aebf6db48,CVE-2017-7494
484265150,Threekiii/Awesome-Exploit,Samba/CVE-2017-7494/src/source4/smbd/service.h,048e3909876914be5114bc60f4b078c0de2580ce,CVE-2017-7494
484265150,Threekiii/Awesome-Exploit,Samba/CVE-2017-7494/src/librpc/ndr/ndr_dnsserver.c,04a9be3891643a56a63764d2df397a818bd52c2e,CVE-2017-7494
484265150,Threekiii/Awesome-Exploit,Samba/CVE-2017-7494/src/testsuite/smbd/sec_ctx_root.c,04ef6bdea3c5bbe167fa43081df1b95e862fa586,CVE-2017-7494
484265150,Threekiii/Awesome-Exploit,Samba/CVE-2017-7494/src/pidl/tests/dump.pl,04fb778fe65c2167d54f4bb252f273d90529c534,CVE-2017-7494
484265150,Threekiii/Awesome-Exploit,Samba/CVE-2017-7494/src/source4/selftest/win/wintest_client.sh,053322692563358cf041b97213328238901f9451,CVE-2017-7494
484265150,Threekiii/Awesome-Exploit,Samba/CVE-2017-7494/src/source4/nbt_server/dgram/ntlogon.c,0538b6eadb6609455394c0ec40d62a40ef0f6b3f,CVE-2017-7494
484265150,Threekiii/Awesome-Exploit,Samba/CVE-2017-7494/src/libcli/samsync/wscript_build,0550f62610e2cd9b25993a4cb82d2a78ff562a57,CVE-2017-7494
484265150,Threekiii/Awesome-Exploit,Samba/CVE-2017-7494/src/python/samba/tests/xattr.py,0556ab3f20ac3c314584c9bd5bb0b11118579f05,CVE-2017-7494
484265150,Threekiii/Awesome-Exploit,Samba/CVE-2017-7494/src/source3/smbd/scavenger.h,055dff9fdb7a37edfcec8d4d7059ad87f320ada5,CVE-2017-7494
484265150,Threekiii/Awesome-Exploit,Samba/CVE-2017-7494/src/testprogs/win32/midltests/todo/midltests-pipe-04-struct.idl,0567e3082ca14bbff7093d425c311d9e9f1bbbde,CVE-2017-7494
484265150,Threekiii/Awesome-Exploit,Samba/CVE-2017-7494/src/third_party/pep8/testsuite/test_shell.py,0570fd1ef6e9c83b0b51903c40ac8f8f16a22d6f,CVE-2017-7494
484265150,Threekiii/Awesome-Exploit,Samba/CVE-2017-7494/src/testsuite/headers/wscript_build,057cdcc02f6e0d9829a20e4813a3adc243d24a60,CVE-2017-7494
484265150,Threekiii/Awesome-Exploit,Samba/CVE-2017-7494/src/libcli/ldap/ldap_message.c,057d417e57f8a2c4afdd90c2cede22ce47dc5e91,CVE-2017-7494
484265150,Threekiii/Awesome-Exploit,Samba/CVE-2017-7494/src/docs-xml/smbdotconf/ldap/ldapconnectiontimeout.xml,0594407d6c08ff61ff55d99fc9573eed09fe7515,CVE-2017-7494
484265150,Threekiii/Awesome-Exploit,Samba/CVE-2017-7494/src/source3/locale/pam_winbind/zh_TW.po,0599704dd1b21242f4cadcd3c8f45d1570915108,CVE-2017-7494
484265150,Threekiii/Awesome-Exploit,Samba/CVE-2017-7494/src/source3/printing/printspoolss.c,059acf73524f82fc8422ca9f904d64452c32daa4,CVE-2017-7494
484265150,Threekiii/Awesome-Exploit,Samba/CVE-2017-7494/src/ctdb/tests/src/fetch_loop_key.c,05a1920559fbb9e8e9bf86e8017faf57ccb3ff2c,CVE-2017-7494
484265150,Threekiii/Awesome-Exploit,Samba/CVE-2017-7494/src/source4/dsdb/samdb/samdb_privilege.c,05a341bb1f235ece7f3e9fb4a054aef4944fa69d,CVE-2017-7494
484265150,Threekiii/Awesome-Exploit,Samba/CVE-2017-7494/src/selftest/manage-ca/CA-samba.example.com/DCs/addc.addom.samba.example.com/DC-addc.addom.samba.example.com-S02-cert.cer,05abe1bdbb39228034c36a5307ed12663fb4efea,CVE-2017-7494
484265150,Threekiii/Awesome-Exploit,Samba/CVE-2017-7494/src/testprogs/win32/rpcecho/Makefile,05cae826ec7541e232dddc0258ab1acde843016f,CVE-2017-7494
484265150,Threekiii/Awesome-Exploit,Samba/CVE-2017-7494/src/source4/torture/drs/python/delete_object.py,05e9e3549b3c2336b33cd686a4dd0895aa8f4ed4,CVE-2017-7494
484265150,Threekiii/Awesome-Exploit,Weblogic/weblogicScanner/stars/__pycache__/cve_2018_3191.cpython-37.pyc,06060c2079d0fa3d3e0b7d021b36f49e8baec047,CVE-2018-3191
484265150,Threekiii/Awesome-Exploit,Samba/CVE-2017-7494/src/testprogs/win32/midltests/valid/midltests_fixed_size_in_array_01.idl,060a1c28be2e62b6709c848c038c6ed73b3f3a04,CVE-2017-7494
484265150,Threekiii/Awesome-Exploit,Samba/CVE-2017-7494/src/librpc/idl/frsblobs.idl,0624b25a1a9259f8c9d73f4cc8e85b0f1bb8d49d,CVE-2017-7494
484265150,Threekiii/Awesome-Exploit,Samba/CVE-2017-7494/src/source4/torture/raw/tconrate.c,063d92ec273b199864ccb0190ed6a4d5b03b2949,CVE-2017-7494
484265150,Threekiii/Awesome-Exploit,Samba/CVE-2017-7494/src/ctdb/tests/eventscripts/50.samba.monitor.103.sh,064d1e1e4d5cb6faccdfeb3a92eca01323bccffb,CVE-2017-7494
484265150,Threekiii/Awesome-Exploit,Samba/CVE-2017-7494/src/source4/libcli/resolve/resolve_lp.c,065b6ad3f08c9c829607ab4ec7c31af27767c414,CVE-2017-7494
484265150,Threekiii/Awesome-Exploit,Samba/CVE-2017-7494/src/librpc/idl/dcerpc.idl,066ad5d580e4501bff9bd2d2bb5520fdcc9b4db8,CVE-2017-7494
484265150,Threekiii/Awesome-Exploit,Samba/CVE-2017-7494/src/ctdb/tests/eventscripts/stubs/ctdb_killtcp,0676244445a58f6cfab583614ff9f32fcb67e259,CVE-2017-7494
484265150,Threekiii/Awesome-Exploit,Samba/CVE-2017-7494/src/source4/torture/tests/test_locktest.sh,067630cc15f4c80176b904de456bfae54d792b98,CVE-2017-7494
484265150,Threekiii/Awesome-Exploit,Samba/CVE-2017-7494/src/source3/passdb/pdb_ipa.c,0688e8f13eda820965b87ca26eac163b12d40b12,CVE-2017-7494
484265150,Threekiii/Awesome-Exploit,Samba/CVE-2017-7494/src/docs-xml/smbdotconf/protocol/ntpipesupport.xml,06a520a6815b65a672bbbb16b644c4535fd46f33,CVE-2017-7494
484265150,Threekiii/Awesome-Exploit,Samba/CVE-2017-7494/src/libgpo/gpo_fetch.c,06a9da7c5efa4dd5cd79d29caea2abd1b4f8cf17,CVE-2017-7494
484265150,Threekiii/Awesome-Exploit,Samba/CVE-2017-7494/src/ctdb/protocol/protocol.h,06acea13443b50a7a2d073ea1e3dbd20a26c222f,CVE-2017-7494
484265150,Threekiii/Awesome-Exploit,Samba/CVE-2017-7494/src/third_party/pyiso8601/MANIFEST.in,06b9eaef5eef7ea2f0cf7d228007534362852aca,CVE-2017-7494
484265150,Threekiii/Awesome-Exploit,Samba/CVE-2017-7494/src/source3/smbd/connection.c,06c0c9436211d305a5a943fdbe52f6bc59ff3c09,CVE-2017-7494
484265150,Threekiii/Awesome-Exploit,Samba/CVE-2017-7494/src/libcli/smb/smb2cli_ioctl.c,06c945836828e76bfab25e5a06f6f14bd13a9b3c,CVE-2017-7494
484265150,Threekiii/Awesome-Exploit,Samba/CVE-2017-7494/src/source3/smbd/msdfs.c,06ce2d1b51d31c674e9c1a61c8d83d0d7acd1c0e,CVE-2017-7494
484265150,Threekiii/Awesome-Exploit,Samba/CVE-2017-7494/src/testsuite/build_farm/template/basicsmb.smb.conf.domain,06cf31146098ea44945ef689aa641d3bffc0c52c,CVE-2017-7494
484265150,Threekiii/Awesome-Exploit,Samba/CVE-2017-7494/src/librpc/ABI/ndr-0.0.7.sigs,06cf37579103917c7ec78ee707cb7e07d86899be,CVE-2017-7494
484265150,Threekiii/Awesome-Exploit,Samba/CVE-2017-7494/src/source4/torture/drs/python/repl_schema.py,06d114635a53517f7ad84a9997e6a6531687fae1,CVE-2017-7494
484265150,Threekiii/Awesome-Exploit,Samba/CVE-2017-7494/src/docs/manpages/vfs_preopen.8,06e87e2b27cc02861976b6452ccbe72f56c0750b,CVE-2017-7494
484265150,Threekiii/Awesome-Exploit,Samba/CVE-2017-7494/src/source3/utils/dbwrap_torture.c,06ee6aa47577f606cfcaea78da159385e0a183c9,CVE-2017-7494
484265150,Threekiii/Awesome-Exploit,Samba/CVE-2017-7494/src/source4/kdc/mit-kdb/kdb_samba_masterkey.c,0708a23eedbc61ae248e5b6f17aabe322a049278,CVE-2017-7494
484265150,Threekiii/Awesome-Exploit,Samba/CVE-2017-7494/src/source3/librpc/idl/smbXsrv.idl,07156f4c3d4171b916462deff73d7173acb2392e,CVE-2017-7494
484265150,Threekiii/Awesome-Exploit,Samba/CVE-2017-7494/src/source3/rpc_client/init_samr.c,073b825cb105d6dac7543af90307971528a0d950,CVE-2017-7494
484265150,Threekiii/Awesome-Exploit,Samba/CVE-2017-7494/src/selftest/manage-ca/CA-samba.example.com/DCs/localdc.samba.example.com/DC-localdc.samba.example.com-S00-cert.cer,073c7308b252ca8b5d13f9ace48cf46a869ebd2b,CVE-2017-7494
484265150,Threekiii/Awesome-Exploit,Samba/CVE-2017-7494/src/packaging/Solaris/inetd.conf.master,0766200fc18207750aaeb638fdbdd6d4e445c641,CVE-2017-7494
484265150,Threekiii/Awesome-Exploit,Samba/CVE-2017-7494/src/source4/echo_server/wscript_build,076d3ff9863ef0d68ce37beb4184c071e5b63b7e,CVE-2017-7494
484265150,Threekiii/Awesome-Exploit,Samba/CVE-2017-7494/src/ctdb/tests/onnode/0002.sh,077410c963b1bef03b406c44d2d5e5a79b3467b1,CVE-2017-7494
484265150,Threekiii/Awesome-Exploit,Samba/CVE-2017-7494/src/docs-xml/manpages/profiles.1.xml,0777a1bd3c9114805c25a3a4989df1cf60d1657a,CVE-2017-7494
484265150,Threekiii/Awesome-Exploit,Samba/CVE-2017-7494/src/ctdb/tests/eventscripts/01.reclock.monitor.001.sh,07911c9f401bac0625737480d04d6c1443d3e0c5,CVE-2017-7494
484265150,Threekiii/Awesome-Exploit,Samba/CVE-2017-7494/src/testprogs/win32/midltests/midltests_marshall.c,07b22b6392c36b1b4e48ad6e6e8a166476773d57,CVE-2017-7494
484265150,Threekiii/Awesome-Exploit,Samba/CVE-2017-7494/src/third_party/waf/wafadmin/3rdparty/ParallelDebug.py,07b2f3319d0a2f9f3fbcbbbc5e1e0c6c363c3569,CVE-2017-7494
484265150,Threekiii/Awesome-Exploit,Samba/CVE-2017-7494/src/ctdb/tests/eventscripts/05.system.monitor.001.sh,07b5d2675b530e53f1c62b1651e2fa3e2a06ac4e,CVE-2017-7494
484265150,Threekiii/Awesome-Exploit,Samba/CVE-2017-7494/src/docs-xml/smbdotconf/security/tlskeyfile.xml,07e161148929345c1978b81f4aa79d659bc12d6e,CVE-2017-7494
484265150,Threekiii/Awesome-Exploit,Samba/CVE-2017-7494/src/source4/dsdb/schema/schema_description.c,07fc9fdad2633b8f99cb6a2e8d550f3a8bfbb1ce,CVE-2017-7494
484265150,Threekiii/Awesome-Exploit,Samba/CVE-2017-7494/src/buildtools/scripts/configure.waf,080147cbc3ca948f58434095a20ced8375e3ef47,CVE-2017-7494
484265150,Threekiii/Awesome-Exploit,Samba/CVE-2017-7494/src/source4/setup/provision_group_policy.ldif,081030a84bf389154b066366fc869281080b15b8,CVE-2017-7494
484265150,Threekiii/Awesome-Exploit,Samba/CVE-2017-7494/src/libcli/nbt/pynbt.c,081467e3c6fa5690b0580409e204385d9b154f18,CVE-2017-7494
484265150,Threekiii/Awesome-Exploit,Samba/CVE-2017-7494/src/source4/torture/drs/python/ridalloc_exop.py,0821b73d7f01cb3373d2149ee6a2fee6e9823272,CVE-2017-7494
484265150,Threekiii/Awesome-Exploit,Samba/CVE-2017-7494/src/nsswitch/libwbclient/wbclient_internal.h,08286b0087faff6ff11e84cfa9684e350cea6aab,CVE-2017-7494
484265150,Threekiii/Awesome-Exploit,Samba/CVE-2017-7494/src/ctdb/tests/tool/ctdb.reloadnodes.019.sh,083cd400d775c9797c9ba6818e15f2c29d3b90ac,CVE-2017-7494
484265150,Threekiii/Awesome-Exploit,Samba/CVE-2017-7494/src/third_party/dnspython/tests/example,08400315a7d25f39ac2f0b492ac538cdb7748d60,CVE-2017-7494
484265150,Threekiii/Awesome-Exploit,Samba/CVE-2017-7494/src/auth/auth_sam_reply.h,0846ea49555fb6d76fd634e6ce10dffc4afcb7f8,CVE-2017-7494
484265150,Threekiii/Awesome-Exploit,Samba/CVE-2017-7494/src/ctdb/tests/onnode/0005.sh,0849de2d31d985a2980f3049ae6ea156deadcc9b,CVE-2017-7494
484265150,Threekiii/Awesome-Exploit,Samba/CVE-2017-7494/src/testprogs/win32/midltests/valid/midltests_union_align_20.idl,084a9d71fd1371bdd3144e6ec376f8621a381844,CVE-2017-7494
484265150,Threekiii/Awesome-Exploit,Samba/CVE-2017-7494/src/python/samba/netcmd/dsacl.py,084f97bf6629abf383738fe484c1b7391eb1931a,CVE-2017-7494
484265150,Threekiii/Awesome-Exploit,Samba/CVE-2017-7494/src/nsswitch/wscript_configure,0856e1718a52bc96b11680ac0cf32ab488b62be0,CVE-2017-7494
484265150,Threekiii/Awesome-Exploit,Samba/CVE-2017-7494/src/source4/ntvfs/posix/pvfs_fileinfo.c,08694292538f7bccc7b631b7fd068d77a7204de5,CVE-2017-7494
484265150,Threekiii/Awesome-Exploit,Samba/CVE-2017-7494/src/source3/libsmb/libsmb_context.c,08762ca7fcf9c5966549382e867d8a2a1f535be4,CVE-2017-7494
484265150,Threekiii/Awesome-Exploit,Samba/CVE-2017-7494/src/source4/dsdb/samdb/ldb_modules/tests/possibleinferiors.py,08824ba2a7affe24706e432f48665c81fbc6d7d0,CVE-2017-7494
484265150,Threekiii/Awesome-Exploit,Samba/CVE-2017-7494/src/testprogs/blackbox/dbcheck-oldrelease.sh,088bb560ddf5ece671fc2145913fa948c30cd020,CVE-2017-7494
484265150,Threekiii/Awesome-Exploit,Samba/CVE-2017-7494/src/source3/passdb/lookup_sid.c,0895734ab51720c99c6bfbb86cb10aabc1ce77bb,CVE-2017-7494
484265150,Threekiii/Awesome-Exploit,Samba/CVE-2017-7494/src/docs-xml/smbdotconf/filename/vetofiles.xml,08a44fae91b5d038369b326d6888a39e98455c25,CVE-2017-7494
484265150,Threekiii/Awesome-Exploit,Samba/CVE-2017-7494/src/examples/pcap2nbench/smb.hpp,08b89ca31ea12fe4f77cfcd8762b767b7f71c1d5,CVE-2017-7494
484265150,Threekiii/Awesome-Exploit,Weblogic/weblogicScanner/stars/cve_2020_14883.py,08ba778951ecb33e2d3afe1385582a7e36a48bde,CVE-2020-14883
484265150,Threekiii/Awesome-Exploit,Samba/CVE-2017-7494/src/testprogs/win32/midltests/valid/midltests_union_align_04.idl,08bd842e6d0e29fec91074f40867c5b0601c0520,CVE-2017-7494
484265150,Threekiii/Awesome-Exploit,Samba/CVE-2017-7494/src/source4/setup/provision_users.ldif,08c37bf7604cf922c12103b5c089ed8b5f3892da,CVE-2017-7494
484265150,Threekiii/Awesome-Exploit,Samba/CVE-2017-7494/src/testsuite/headers/test_headers.c,08cfe57b864591f0ecf2d96c541bf358f954cf04,CVE-2017-7494
484265150,Threekiii/Awesome-Exploit,Samba/CVE-2017-7494/src/source4/selftest/win/wintest_setup.exp,08e0144706ce3a91531b795fdc016b692180442b,CVE-2017-7494
484265150,Threekiii/Awesome-Exploit,Samba/CVE-2017-7494/src/ctdb/tests/tool/ctdb.natgw.002.sh,08e6099fb647d9eca8c30a6fdbd0949208cbc0c8,CVE-2017-7494
484265150,Threekiii/Awesome-Exploit,Samba/CVE-2017-7494/src/librpc/idl/msgsvc.idl,090298181fab9fe00a69cdfef4add6880f6a38b1,CVE-2017-7494
484265150,Threekiii/Awesome-Exploit,Samba/CVE-2017-7494/src/source4/libcli/smb2/wscript_build,091f05f102229baf6910320777bf616a89eb777d,CVE-2017-7494
484265150,Threekiii/Awesome-Exploit,Samba/CVE-2017-7494/src/source4/ntvfs/sysdep/wscript_configure,0929096a58c5cb87ed364efda36af720b97865ac,CVE-2017-7494
484265150,Threekiii/Awesome-Exploit,Samba/CVE-2017-7494/src/third_party/waf/wafadmin/Tools/__init__.py,09337512cdb3fcaf50d3f80557b6d267842fb4f2,CVE-2017-7494
484265150,Threekiii/Awesome-Exploit,Samba/CVE-2017-7494/src/auth/gensec/ncalrpc.c,093384410c9bfc905eb5acec530d2172d733ea3d,CVE-2017-7494
484265150,Threekiii/Awesome-Exploit,Samba/CVE-2017-7494/src/source3/rpcclient/cmd_shutdown.c,09532a93db6fe12dc1e9d8d2acc57963f4d539dc,CVE-2017-7494
484265150,Threekiii/Awesome-Exploit,Samba/CVE-2017-7494/src/docs-xml/smbdotconf/logon/rejectmd5clients.xml,0956bf6a5e41a6dd2dfc04c92f9e6d3462dbbdbf,CVE-2017-7494
484265150,Threekiii/Awesome-Exploit,Samba/CVE-2017-7494/src/libcli/smb/smb2cli_close.c,096295dc3c3b9223f5f7ac601f60fe6a2237287d,CVE-2017-7494
484265150,Threekiii/Awesome-Exploit,Samba/CVE-2017-7494/src/source4/ntvfs/ipc/vfs_ipc.c,0967c1c411e02822c86a28300612bac72a55db93,CVE-2017-7494
484265150,Threekiii/Awesome-Exploit,Samba/CVE-2017-7494/src/docs-xml/smbdotconf/misc/nishomedir.xml,096b290aaaaa7c771d78e2f0e64b74db7f87a247,CVE-2017-7494
484265150,Threekiii/Awesome-Exploit,Samba/CVE-2017-7494/src/source3/winbindd/winbindd_irpc.c,097cf1c142c8659e5ff4058b9690ba063f87340c,CVE-2017-7494
484265150,Threekiii/Awesome-Exploit,Samba/CVE-2017-7494/src/source4/ntvfs/posix/vfs_posix.c,0982c9e15bc0b542efed93002919bb08bae98227,CVE-2017-7494
484265150,Threekiii/Awesome-Exploit,Samba/CVE-2017-7494/src/ctdb/tests/tool/ctdb.disable.003.sh,09c356c9682d0c44f73d54ce04f233deb54ff2e2,CVE-2017-7494
484265150,Threekiii/Awesome-Exploit,Samba/CVE-2017-7494/src/source4/libcli/ldap/ldap_client.c,09c9354ad59b43ab66e01e974e14cc2347cf5c88,CVE-2017-7494
484265150,Threekiii/Awesome-Exploit,Samba/CVE-2017-7494/src/examples/printer-accounting/hp5-redir,09da1ecd06396d72c0e472ec421e9c3eb40214c8,CVE-2017-7494
484265150,Threekiii/Awesome-Exploit,Samba/CVE-2017-7494/src/docs-xml/Samba3-ByExample/images/chap7-net.svg,09de6cba59b891abe33491e879ed8ab7943cffa7,CVE-2017-7494
484265150,Threekiii/Awesome-Exploit,Samba/CVE-2017-7494/src/docs-xml/smbdotconf/domain/dnsupdatecommand.xml,09ed0118448615003efedbd3b3235361e22668e9,CVE-2017-7494
484265150,Threekiii/Awesome-Exploit,Samba/CVE-2017-7494/src/python/samba/dbchecker.py,09eec9dbc1cfda22e8dbecda97ff928b8fe6291c,CVE-2017-7494
484265150,Threekiii/Awesome-Exploit,Samba/CVE-2017-7494/src/source4/dsdb/samdb/ldb_modules/subtree_delete.c,09ef673881284657eefc9680e6959d347826cd40,CVE-2017-7494
484265150,Threekiii/Awesome-Exploit,Samba/CVE-2017-7494/src/source3/utils/regedit_treeview.c,0a0b0b49d6078b58480be819f7767e0dfa7fbd59,CVE-2017-7494
484265150,Threekiii/Awesome-Exploit,Samba/CVE-2017-7494/src/ctdb/tests/src/fetch_readonly_loop.c,0a0b36759aa4a2f0ed5b7be3e2c8590dca009534,CVE-2017-7494
484265150,Threekiii/Awesome-Exploit,Samba/CVE-2017-7494/src/docs-xml/Samba3-ByExample/images/Charity-Network.svg,0a2c9777ce95f7c61bb059612e80f47b51d47147,CVE-2017-7494
484265150,Threekiii/Awesome-Exploit,Samba/CVE-2017-7494/src/source3/passdb/ABI/pdb-0.1.2.sigs,0a2d65e131fe255786845bd7d8a15387d100cc80,CVE-2017-7494
484265150,Threekiii/Awesome-Exploit,Samba/CVE-2017-7494/src/libcli/util/doserr.c,0a3546115dcb36bf88a2751944ff81ce059bca3c,CVE-2017-7494
484265150,Threekiii/Awesome-Exploit,Samba/CVE-2017-7494/src/ctdb/tests/onnode/0071.sh,0a3862bdbc2f44124ebbe85da7f2ed36d23a3e1e,CVE-2017-7494
484265150,Threekiii/Awesome-Exploit,Samba/CVE-2017-7494/src/source4/torture/rpc/backupkey.c,0a5493e1f701699bf0333c4562d4bfe63dbcb82b,CVE-2017-7494
484265150,Threekiii/Awesome-Exploit,Samba/CVE-2017-7494/src/ctdb/packaging/mkversion.sh,0a588dc4e9ca88ad0ff624c6837e195e4a20c341,CVE-2017-7494
484265150,Threekiii/Awesome-Exploit,Samba/CVE-2017-7494/src/testprogs/win32/spoolss/GNUmakefile,0a710d2c281f0943c45bb8abf5432abcb59e8e8d,CVE-2017-7494
484265150,Threekiii/Awesome-Exploit,Samba/CVE-2017-7494/src/source3/registry/reg_backend_db.h,0a8066a66a39ba2aac6b7896baeb7593344e8fa5,CVE-2017-7494
484265150,Threekiii/Awesome-Exploit,Samba/CVE-2017-7494/src/docs-xml/Samba3-ByExample/images/AccountingNetwork.svg,0a81622607bfd3ab77cfe28ec97eec18749e8b62,CVE-2017-7494
484265150,Threekiii/Awesome-Exploit,Samba/CVE-2017-7494/src/source3/script/tests/test_shareenum.sh,0a91cfcbbfd0d00e81071776c1cbc69b5dc206ee,CVE-2017-7494
484265150,Threekiii/Awesome-Exploit,Samba/CVE-2017-7494/src/source3/registry/reg_init_smbconf.c,0a948134a3479d314a14e801a9e490d5adf9bbc2,CVE-2017-7494
484265150,Threekiii/Awesome-Exploit,Weblogic/weblogicScanner/stars/__pycache__/cve_2016_0638.cpython-37.pyc,0a9bda8945f39992ad31dd7a71a3a06a04ec5232,CVE-2016-0638
484265150,Threekiii/Awesome-Exploit,Samba/CVE-2017-7494/src/source3/rpc_server/samr/srv_samr_util.h,0a9dbf08b50d320c3e160060d83e3d858e1a553f,CVE-2017-7494
484265150,Threekiii/Awesome-Exploit,Samba/CVE-2017-7494/src/libgpo/gpext/gpext.c,0aae381b9e21a3c8173546d5733c37ab2d8eea55,CVE-2017-7494
484265150,Threekiii/Awesome-Exploit,Samba/CVE-2017-7494/src/third_party/dnspython/dns/rdtypes/ANY/RRSIG.py,0ab3adf2b33066c3eb6f87d709e7ef41f28270ec,CVE-2017-7494
484265150,Threekiii/Awesome-Exploit,Samba/CVE-2017-7494/src/librpc/idl/dnsserver.idl,0ab60e87fa5ec2ae0a15cd5696b8f7937bfb6292,CVE-2017-7494
484265150,Threekiii/Awesome-Exploit,Samba/CVE-2017-7494/src/source3/utils/net_util.c,0acbf1393c7533cefd0a8541b2633f3f0f928af1,CVE-2017-7494
484265150,Threekiii/Awesome-Exploit,Samba/CVE-2017-7494/src/third_party/pep8/testsuite/test_util.py,0acc2b59f84d3de7a240cb115621018fd777c562,CVE-2017-7494
484265150,Threekiii/Awesome-Exploit,Samba/CVE-2017-7494/src/source3/utils/net_registry_check.c,0ad11ede1ff9d0e81baa21753780bf7d85925a36,CVE-2017-7494
484265150,Threekiii/Awesome-Exploit,Samba/CVE-2017-7494/src/python/samba/tests/policy.py,0ada06fca21ef662f1bd66740142397ee0d1a3d3,CVE-2017-7494
484265150,Threekiii/Awesome-Exploit,Samba/CVE-2017-7494/src/docs-xml/smbdotconf/misc/ncalrpcdir.xml,0adbc480bffa24d7cf8ec9b5d92359dde36bd2ec,CVE-2017-7494
484265150,Threekiii/Awesome-Exploit,Samba/CVE-2017-7494/src/source3/rpc_server/svcctl/srv_svcctl_nt.c,0ae1623e6f1cd90dcd78a5f85294e10ae69331ee,CVE-2017-7494
484265150,Threekiii/Awesome-Exploit,Weblogic/weblogicScanner/stars/__pycache__/cve_2018_3191.cpython-36.pyc,0b01e3995b366a0f1b3214e6c43bf6258656e4fe,CVE-2018-3191
484265150,Threekiii/Awesome-Exploit,Samba/CVE-2017-7494/src/testsuite/nsswitch/longarg.exp,0b297c4876a5b027aca2b5ccee69e0742db91662,CVE-2017-7494
484265150,Threekiii/Awesome-Exploit,Samba/CVE-2017-7494/src/source3/rpc_server/rpc_modules.c,0b3c1eaed4eed06751b354d26c85663244d8e038,CVE-2017-7494
484265150,Threekiii/Awesome-Exploit,Samba/CVE-2017-7494/src/source4/dsdb/samdb/ldb_modules/samldb.c,0b499680fbdc7793256a32a2abf996133e874819,CVE-2017-7494
484265150,Threekiii/Awesome-Exploit,Samba/CVE-2017-7494/src/third_party/zlib/contrib/pascal/zlibpas.pas,0b5751bd7e4b850958e8339145d35b28789f49d6,CVE-2017-7494
484265150,Threekiii/Awesome-Exploit,Samba/CVE-2017-7494/src/docs-xml/smbdotconf/filename/maxstatcachesize.xml,0b7ee5b7e64f84eaedaee9cd1934564481989023,CVE-2017-7494
484265150,Threekiii/Awesome-Exploit,Samba/CVE-2017-7494/src/source4/ntvfs/unixuid/wscript_build,0b838b57d4dd9c02184e518bfa6756f3ba994d50,CVE-2017-7494
484265150,Threekiii/Awesome-Exploit,Samba/CVE-2017-7494/src/third_party/pep8/testsuite/E12not.py,0b8611ef1185df10651188d8ba7a6addd31fc4d8,CVE-2017-7494
484265150,Threekiii/Awesome-Exploit,Samba/CVE-2017-7494/src/source4/torture/rpc/epmapper.c,0b8b8954c764d38450708290c4beb7ea382ee9f9,CVE-2017-7494
484265150,Threekiii/Awesome-Exploit,Samba/CVE-2017-7494/src/docs-xml/manpages/vfs_full_audit.8.xml,0b9aab459e8d18dd05ad06b048ccbc5a95ad578a,CVE-2017-7494
484265150,Threekiii/Awesome-Exploit,Samba/CVE-2017-7494/src/auth/ntlmssp/ntlmssp_util.c,0bad2862f4edf50632537fe1b787c67ec9b1b6b6,CVE-2017-7494
484265150,Threekiii/Awesome-Exploit,Samba/CVE-2017-7494/src/third_party/zlib/contrib/masmx64/inffasx64.asm,0bd98852a6f6450d10744c92c851410dd55f7509,CVE-2017-7494
484265150,Threekiii/Awesome-Exploit,Samba/CVE-2017-7494/src/Makefile,0bdac4b152f6af27a770c837ccd996d2f9f74c45,CVE-2017-7494
484265150,Threekiii/Awesome-Exploit,Samba/CVE-2017-7494/src/ctdb/tests/eventscripts/stubs/net,0bdcdae63179bf36d84a11c5614d709688b56e79,CVE-2017-7494
484265150,Threekiii/Awesome-Exploit,Samba/CVE-2017-7494/src/docs-xml/smbdotconf/printing/queueresumecommand.xml,0bdf17e0ed659853b155ff2ce4fabdc518fd37b4,CVE-2017-7494
484265150,Threekiii/Awesome-Exploit,Samba/CVE-2017-7494/src/source4/torture/smb2/util.c,0bfbe0d67690cde3f911b1813489b8b4e429db6a,CVE-2017-7494
484265150,Threekiii/Awesome-Exploit,Samba/CVE-2017-7494/src/buildtools/wafsamba/tests/test_abi.py,0c24c534ad1877882b52c30497fe7abd6e347cd6,CVE-2017-7494
484265150,Threekiii/Awesome-Exploit,Samba/CVE-2017-7494/src/testsuite/smbd/sec_ctx_groups.c,0c2aa918e1480153bf4a765371340fc93ec64ff6,CVE-2017-7494
484265150,Threekiii/Awesome-Exploit,Samba/CVE-2017-7494/src/docs-xml/manpages/idmap_autorid.8.xml,0c2b38c772a25ffc82980d2ea855ef5bba7934c6,CVE-2017-7494
484265150,Threekiii/Awesome-Exploit,Samba/CVE-2017-7494/src/ctdb/tests/eventscripts/stubs/ctdb_lvs,0c32c8ee563731ebc7bb4cbf451cf98fa638249d,CVE-2017-7494
484265150,Threekiii/Awesome-Exploit,Samba/CVE-2017-7494/src/script/configure_check_unused.pl,0c3da3e2977c51fbe505d2ef76a916eed78e1936,CVE-2017-7494
484265150,Threekiii/Awesome-Exploit,Weblogic/weblogicScanner/stars/__pycache__/cve_2019_2888.cpython-37.pyc,0c40f0522666b06031d17b745f3d37e2cf05a766,CVE-2019-2888
484265150,Threekiii/Awesome-Exploit,Samba/CVE-2017-7494/src/testprogs/win32/spoolss/testspoolss.sln,0c416eafbed04f9f3705c87bb2c1f28e94d35ad7,CVE-2017-7494
484265150,Threekiii/Awesome-Exploit,Samba/CVE-2017-7494/src/ctdb/server/ctdb_recover.c,0c58d5021dd5945746e4639bd9813d48e778f30a,CVE-2017-7494
484265150,Threekiii/Awesome-Exploit,Samba/CVE-2017-7494/src/python/samba/samdb.py,0c717663377d246c987e5fdfa3919e66fa5bd600,CVE-2017-7494
484265150,Threekiii/Awesome-Exploit,Samba/CVE-2017-7494/src/ctdb/tests/eventscripts/stubs/rpcinfo,0c9ea7cfb947373ecc9d7fa85088af3bbdbe3679,CVE-2017-7494
484265150,Threekiii/Awesome-Exploit,Samba/CVE-2017-7494/src/ctdb/tests/shellcheck/init_script.sh,0ca53393a57251c3456281f4cf72ff20aca53226,CVE-2017-7494
484265150,Threekiii/Awesome-Exploit,Samba/CVE-2017-7494/src/librpc/ndr/ndr_ntlmssp.c,0ca576918d18aacde326135c17c6bcac7403c358,CVE-2017-7494
484265150,Threekiii/Awesome-Exploit,Samba/CVE-2017-7494/src/testsuite/build_farm/torture-TORTURE.test,0cafa5b06b336ec0e1f0328aab1d6b7455689357,CVE-2017-7494
484265150,Threekiii/Awesome-Exploit,Samba/CVE-2017-7494/src/ctdb/tests/takeover/lcp2.012.sh,0cb7acab9f314909291dfc446e548e7581624311,CVE-2017-7494
484265150,Threekiii/Awesome-Exploit,Samba/CVE-2017-7494/src/source3/rpc_client/cli_winreg_spoolss.c,0cbab1b64de4cbb9805bc20b799aff88e9203f02,CVE-2017-7494
484265150,Threekiii/Awesome-Exploit,Samba/CVE-2017-7494/src/source4/librpc/idl/winbind.idl,0ccc1e1dc1626b90eadb2bb59a1a59f2179cd440,CVE-2017-7494
484265150,Threekiii/Awesome-Exploit,Samba/CVE-2017-7494/src/source3/modules/vfs_netatalk.c,0cd43227accd8dec0b56831649a97cdfa466d54e,CVE-2017-7494
484265150,Threekiii/Awesome-Exploit,Samba/CVE-2017-7494/src/ctdb/tests/eventscripts/stubs/rpc.statd,0ce742bf1c0576c7a3946bf2f77923d44fc79cb7,CVE-2017-7494
484265150,Threekiii/Awesome-Exploit,Weblogic/weblogicScanner/stars/__pycache__/cve_2020_14883.cpython-36.pyc,0ce84c63691b10ae0beace7fe76c69f9b0c7dab4,CVE-2020-14883
484265150,Threekiii/Awesome-Exploit,Samba/CVE-2017-7494/src/docs-xml/smbdotconf/misc/logwriteablefilesonexit.xml,0cea3854a3d4afeab7d1d5ac70225d022322a6a0,CVE-2017-7494
484265150,Threekiii/Awesome-Exploit,Samba/CVE-2017-7494/src/source4/torture/smb2/rename.c,0d03cb4ee0bb811228036c8e43fe99fc9844323c,CVE-2017-7494
484265150,Threekiii/Awesome-Exploit,Samba/CVE-2017-7494/src/ctdb/tests/eventscripts/50.samba.monitor.050.sh,0d0af19ec80346c673c66e9714084031c297a5f8,CVE-2017-7494
484265150,Threekiii/Awesome-Exploit,Samba/CVE-2017-7494/src/source3/utils/net_usershare.c,0d0f229fd52219bf53da7c1f79596a130bcf9963,CVE-2017-7494
484265150,Threekiii/Awesome-Exploit,Samba/CVE-2017-7494/src/third_party/dnspython/dns/rdatatype.py,0d10c56f910abfeaa662cf9c9a60f71f538214a9,CVE-2017-7494
484265150,Threekiii/Awesome-Exploit,Samba/CVE-2017-7494/src/source3/script/tests/test_offline.sh,0d117d6f5c0c1c5d31267a991546a91348fe51ab,CVE-2017-7494
484265150,Threekiii/Awesome-Exploit,Samba/CVE-2017-7494/src/third_party/waf/wafadmin/3rdparty/build_file_tracker.py,0d205cad5963de6699700f8097b2c81be9f89588,CVE-2017-7494
484265150,Threekiii/Awesome-Exploit,Samba/CVE-2017-7494/src/docs/manpages/vfs_readonly.8,0d26f1e89efe2d5b0cf552c587b68d548012dd8d,CVE-2017-7494
484265150,Threekiii/Awesome-Exploit,Weblogic/weblogicScanner/stars/__pycache__/cve_2020_2555.cpython-36.pyc,0d41843bd64d7c9d5684cc1386625bd9ce0bd00a,CVE-2020-2555
484265150,Threekiii/Awesome-Exploit,Samba/CVE-2017-7494/src/source4/auth/pyauth.h,0d6825882e7ea7c48417f096b8e829f98ca4412b,CVE-2017-7494
484265150,Threekiii/Awesome-Exploit,Samba/CVE-2017-7494/src/docs-xml/manpages/vfs_media_harmony.8.xml,0d6cb914b5974437e538ab6ea158862992f7ff3a,CVE-2017-7494
484265150,Threekiii/Awesome-Exploit,Samba/CVE-2017-7494/src/testsuite/nsswitch/Makefile.longarg,0d720f57825a8d5cb0e9420005b1e9a3dc410a37,CVE-2017-7494
484265150,Threekiii/Awesome-Exploit,Samba/CVE-2017-7494/src/source3/modules/vfs_cacheprime.c,0d90e4d09193735713e21d7373089e919d31078b,CVE-2017-7494
484265150,Threekiii/Awesome-Exploit,Samba/CVE-2017-7494/src/source4/dsdb/samdb/ldb_modules/ranged_results.c,0da7576b320e4b148631fb253c2a35813a50eac1,CVE-2017-7494
484265150,Threekiii/Awesome-Exploit,Samba/CVE-2017-7494/src/source4/libcli/composite/composite.h,0db683ec8bdb1de2aadc50bc3576e868ee8dadf6,CVE-2017-7494
484265150,Threekiii/Awesome-Exploit,Samba/CVE-2017-7494/src/auth/kerberos/kerberos_pac.c,0db8e4b11e81bfca68530ca5229471ed9c9909af,CVE-2017-7494
484265150,Threekiii/Awesome-Exploit,Samba/CVE-2017-7494/src/docs-xml/smbdotconf/protocol/aclcheckpermissions.xml,0de3d2f480f84c95dd5aea96965420e6e3982f23,CVE-2017-7494
484265150,Threekiii/Awesome-Exploit,Samba/CVE-2017-7494/src/docs/manpages/smbspool.8,0de4281f54ae9050d29808209c3b7fcebd2f62f0,CVE-2017-7494
484265150,Threekiii/Awesome-Exploit,Samba/CVE-2017-7494/src/source3/include/talloc_dict.h,0de62ecc046d12efb784e13cc5a31c5ebbf81445,CVE-2017-7494
484265150,Threekiii/Awesome-Exploit,Samba/CVE-2017-7494/src/ctdb/tests/onnode/0003.sh,0de732f87e8a704addab8855145fa9865dbd1054,CVE-2017-7494
484265150,Threekiii/Awesome-Exploit,Samba/CVE-2017-7494/src/nsswitch/tests/test_rfc2307_mapping.sh,0df503f23d3e5c19841ff9307dcf7360703c17a2,CVE-2017-7494
484265150,Threekiii/Awesome-Exploit,Samba/CVE-2017-7494/src/ctdb/tests/eventscripts/60.nfs.multi.001.sh,0df6de22946fdac1b02905f7aab1bf468bff902a,CVE-2017-7494
484265150,Threekiii/Awesome-Exploit,Samba/CVE-2017-7494/src/source3/include/ctdb_srvids.h,0dfe6fa0f605c7f18a9d7b1d99e2bf16fc027686,CVE-2017-7494
484265150,Threekiii/Awesome-Exploit,Samba/CVE-2017-7494/src/source4/auth/kerberos/kerberos-notes.txt,0e00274d8e7f1b8b0d5ca13a213998797f67b9c5,CVE-2017-7494
484265150,Threekiii/Awesome-Exploit,Samba/CVE-2017-7494/src/source3/winbindd/winbindd_getdcname.c,0e05eef1ec25a991ec150897bec35db23c9ab52f,CVE-2017-7494
484265150,Threekiii/Awesome-Exploit,Samba/CVE-2017-7494/src/source3/torture/mangle_test.c,0e0a8c3b329d0e3d8c91182bcd3227e47bde3f0e,CVE-2017-7494
484265150,Threekiii/Awesome-Exploit,Samba/CVE-2017-7494/src/source3/registry/reg_api.h,0e13c051f57f410b359cd087a3efac5c52709209,CVE-2017-7494
484265150,Threekiii/Awesome-Exploit,Samba/CVE-2017-7494/src/third_party/zlib/contrib/puff/Makefile,0e186d3820f52a89995e7cc803ca429487b5a964,CVE-2017-7494
484265150,Threekiii/Awesome-Exploit,Samba/CVE-2017-7494/src/source3/registry/reg_init_basic.h,0e209d6c09c724c0d819540b0f70a25962bacf87,CVE-2017-7494
484265150,Threekiii/Awesome-Exploit,Samba/CVE-2017-7494/src/third_party/waf/wafadmin/Tools/compiler_cc.py,0e27c22e346b5c9fed80706fb5807abf509d1add,CVE-2017-7494
484265150,Threekiii/Awesome-Exploit,Samba/CVE-2017-7494/src/testprogs/win32/midltests/valid/midltests_union_align_17.txt,0e48eea4e45d4c0cf9e836320320cc3f11602849,CVE-2017-7494
484265150,Threekiii/Awesome-Exploit,Samba/CVE-2017-7494/src/docs-xml/smbdotconf/filename/storedosattributes.xml,0e512597e8940e8b5b5b5bda5b0b3a669f5f0c3e,CVE-2017-7494
484265150,Threekiii/Awesome-Exploit,Samba/CVE-2017-7494/src/ctdb/tests/eventscripts/10.interface.monitor.015.sh,0e5a3206e5c697fe7227216f1d5da772cfcf6cf9,CVE-2017-7494
484265150,Threekiii/Awesome-Exploit,Samba/CVE-2017-7494/src/source4/heimdal/kdc/process.c,0e6018aba0385df0a12b1f8794ba5fbd35142b65,CVE-2017-7494
484265150,Threekiii/Awesome-Exploit,Weblogic/weblogicScanner/stars/__pycache__/cve_2017_3248.cpython-36.pyc,0e7810b510a4ccc6d1fed5f6b07913332ce3c2d9,CVE-2017-3248
484265150,Threekiii/Awesome-Exploit,Samba/CVE-2017-7494/src/source3/torture/test_notify_online.c,0e7ff9e3057e0a3bcf852aafe681166cc20b1782,CVE-2017-7494
484265150,Threekiii/Awesome-Exploit,Samba/CVE-2017-7494/src/ctdb/config/ctdb.sudoers,0e89285d77723ae70c81d6904266954bc72387bb,CVE-2017-7494
484265150,Threekiii/Awesome-Exploit,Samba/CVE-2017-7494/src/docs/manpages/cifsdd.8,0e8a731c31e5c5d0dcd670d8ebd038c423cbf097,CVE-2017-7494
484265150,Threekiii/Awesome-Exploit,Samba/CVE-2017-7494/src/source3/rpc_server/srv_pipe_hnd.c,0e9041f1781a33ef1fde73447225b599d541519b,CVE-2017-7494
484265150,Threekiii/Awesome-Exploit,Samba/CVE-2017-7494/src/ctdb/tests/eventscripts/etc/sysconfig/nfs,0e950c52d35386222bd65960d4098f8151cbe8f3,CVE-2017-7494
484265150,Threekiii/Awesome-Exploit,Samba/CVE-2017-7494/src/examples/validchars/readme,0eab3d9fe1ae6e70d34abcdbbd24d4c4262bf023,CVE-2017-7494
484265150,Threekiii/Awesome-Exploit,Samba/CVE-2017-7494/src/third_party/zlib/msdos/Makefile.emx,0ec3be88ec31e97d02d82ced1f0337d4a5ca3a39,CVE-2017-7494
484265150,Threekiii/Awesome-Exploit,Samba/CVE-2017-7494/src/ctdb/tests/src/test_options.c,0eca0c0309760bba37218bfbc9779cbbec71cf3b,CVE-2017-7494
484265150,Threekiii/Awesome-Exploit,Samba/CVE-2017-7494/src/ctdb/tests/eventscripts/13.per_ip_routing.005.sh,0ed6bad08bda9a9a19b15e8f4c8b8acc92173c4f,CVE-2017-7494
484265150,Threekiii/Awesome-Exploit,Samba/CVE-2017-7494/src/testdata/samba3/wins.dat2,0ee16f5ac1bea64cc2784b9ef2ff81e08f9ab08c,CVE-2017-7494
484265150,Threekiii/Awesome-Exploit,Samba/CVE-2017-7494/src/source3/registry/reg_dispatcher.c,0f02a41256cf21c80956907b71f42f23b8dea78a,CVE-2017-7494
484265150,Threekiii/Awesome-Exploit,Samba/CVE-2017-7494/src/source4/libcli/raw/rawfile.c,0f057e511035f089da78b8e418921f0b2d06e112,CVE-2017-7494
484265150,Threekiii/Awesome-Exploit,Samba/CVE-2017-7494/src/selftest/manage-ca/CA-samba.example.com/Users/administrator@samba.example.com/USER-administrator@samba.example.com-S01-cert.cer,0f109fbe197ff5ecd445573738bfa0f1dccf1e7f,CVE-2017-7494
484265150,Threekiii/Awesome-Exploit,Samba/CVE-2017-7494/src/examples/scripts/shares/python/generate_parm_table.py,0f1271afd277876cbd934699d37ffff9c4f942ff,CVE-2017-7494
484265150,Threekiii/Awesome-Exploit,Samba/CVE-2017-7494/src/ctdb/tests/shellcheck/base_scripts.sh,0f19ace4385d2e097e4f530b054c0d100d17e872,CVE-2017-7494
484265150,Threekiii/Awesome-Exploit,Samba/CVE-2017-7494/src/source3/modules/vfs_extd_audit.c,0f2ddd117d68ae55aea68610cf4af49b852264b3,CVE-2017-7494
484265150,Threekiii/Awesome-Exploit,Samba/CVE-2017-7494/src/ctdb/tests/eventscripts/stubs/multipath,0f32edfc1ec33d053d3e5089f63eedb4d125b928,CVE-2017-7494
484265150,Threekiii/Awesome-Exploit,Samba/CVE-2017-7494/src/docs-xml/Samba3-Developers-Guide/vfs.xml,0f3af3b46adf60e243c2792447d086046a890c53,CVE-2017-7494
484265150,Threekiii/Awesome-Exploit,GoAhead/CVE-2017-17562/CVE-2017-17562.c,0f407124b9fdd40cc180fdcc807b8143072ce5ee,CVE-2017-17562
484265150,Threekiii/Awesome-Exploit,Samba/CVE-2017-7494/src/docs-xml/registry/Win7_Samba3DomainMember.reg,0f4cf919046b4f6a36c50d65b9d95f81e8e68e41,CVE-2017-7494
484265150,Threekiii/Awesome-Exploit,Samba/CVE-2017-7494/src/source3/smbd/smbXsrv_version.c,0f568f0981678bd3288de6a9d40660b94f6e24a3,CVE-2017-7494
484265150,Threekiii/Awesome-Exploit,Samba/CVE-2017-7494/src/source4/torture/torture.c,0f59b804332a751d388b185f1ebb89ed4c76225f,CVE-2017-7494
484265150,Threekiii/Awesome-Exploit,Samba/CVE-2017-7494/src/source4/heimdal_build/lexyacc.sh,0f5c3706ab5eb9b676a4718903b92db64e57b7b1,CVE-2017-7494
484265150,Threekiii/Awesome-Exploit,Samba/CVE-2017-7494/src/source4/wrepl_server/wrepl_apply_records.c,0f6845fc34764569088d46d6eb44826d31cde9f8,CVE-2017-7494
484265150,Threekiii/Awesome-Exploit,Samba/CVE-2017-7494/src/third_party/zlib/inffast.h,0f8104f27d79800cb175bd1454aa0add1ee3dacb,CVE-2017-7494
484265150,Threekiii/Awesome-Exploit,Samba/CVE-2017-7494/src/source3/include/util_sd.h,0f8fc3d0c5eca2601ac42b86ba19723b1742ac66,CVE-2017-7494
484265150,Threekiii/Awesome-Exploit,Samba/CVE-2017-7494/src/source4/setup/provision_rootdse_add.ldif,0f9e97d96f0acc3367ee5706e9d1e9654a6e5ed3,CVE-2017-7494
484265150,Threekiii/Awesome-Exploit,Samba/CVE-2017-7494/src/source4/param/loadparm.c,0fa36377d315d15b676cbb27789996e0919d6037,CVE-2017-7494
484265150,Threekiii/Awesome-Exploit,Samba/CVE-2017-7494/src/docs-xml/using_samba/book.xml,0faab63b6c278ae910b20aebf7fde1ccc9bfd451,CVE-2017-7494
484265150,Threekiii/Awesome-Exploit,Samba/CVE-2017-7494/src/docs/manpages/vfs_aio_fork.8,0fabe18b5d8dcf058781588799d70a7fd500e164,CVE-2017-7494
484265150,Threekiii/Awesome-Exploit,Samba/CVE-2017-7494/src/testprogs/blackbox/bogus.sh,0fb8081a357e76085f111f6f3ea0e464aabf081c,CVE-2017-7494
484265150,Threekiii/Awesome-Exploit,Samba/CVE-2017-7494/src/nsswitch/libwbclient/wbc_idmap.c,0fc379e8643815076056d7c170673df91e2f8833,CVE-2017-7494
484265150,Threekiii/Awesome-Exploit,Samba/CVE-2017-7494/src/source3/utils/regedit_valuelist.h,0fc9b59599554dd42eb35ce6596e6399f44500dc,CVE-2017-7494
484265150,Threekiii/Awesome-Exploit,Samba/CVE-2017-7494/src/selftest/manage-ca/CA-samba.example.com/Public/CA-samba.example.com-cert.cer,0fd2c6dc27ad97209465cc11a9f9d4abc30f3473,CVE-2017-7494
484265150,Threekiii/Awesome-Exploit,Samba/CVE-2017-7494/src/docs-xml/archives/THANKS,0fd51f64f273010c405c843b4edccd2a85a3e293,CVE-2017-7494
484265150,Threekiii/Awesome-Exploit,Samba/CVE-2017-7494/src/source4/kdc/mit-kdb/kdb_samba_principals.c,0fd87db3a9fc887b5ef383857bff9313b3039a49,CVE-2017-7494
484265150,Threekiii/Awesome-Exploit,Samba/CVE-2017-7494/src/third_party/dnspython/dns/ipv6.py,0fdfde07ecbd3e8564b3626e8e2aee60e0180955,CVE-2017-7494
484265150,Threekiii/Awesome-Exploit,Samba/CVE-2017-7494/src/third_party/waf/wafadmin/Tools/tex.py,0fe63440774e611f032a6adf387278c46c8d63f3,CVE-2017-7494
484265150,Threekiii/Awesome-Exploit,Samba/CVE-2017-7494/src/docs-xml/smbdotconf/misc/lockdirectory.xml,0fec84acd692c2e17b5ed002c02eb4bc4592b397,CVE-2017-7494
484265150,Threekiii/Awesome-Exploit,Samba/CVE-2017-7494/src/selftest/manage-ca/CA-samba.example.com/Users/administrator@samba.example.com/USER-administrator@samba.example.com-S01-req.pem,0ff044a7a020aa567b6229a356e8e7b17750f9b6,CVE-2017-7494
484265150,Threekiii/Awesome-Exploit,Samba/CVE-2017-7494/src/PFIF.txt,0ff7ade586e05c975e57e10f05271219f2ecc3aa,CVE-2017-7494
484265150,Threekiii/Awesome-Exploit,Samba/CVE-2017-7494/src/auth/wscript_build,0ffcd2a33bc4916d78e29ebdc3b0e10906dded94,CVE-2017-7494
484265150,Threekiii/Awesome-Exploit,Samba/CVE-2017-7494/src/docs-xml/smbdotconf/security/passwdchatdebug.xml,100256714fffcfe7f4f38af00afefd8dd64fbcbe,CVE-2017-7494
484265150,Threekiii/Awesome-Exploit,Samba/CVE-2017-7494/src/python/samba/kcc/graph.py,102168603c25fdcebfe27bc6f199eb2131f906e7,CVE-2017-7494
484265150,Threekiii/Awesome-Exploit,Samba/CVE-2017-7494/src/docs-xml/Samba3-Developers-Guide/unix-smb.xml,1021e05d6d8c0f4631278a47cc15602969fc77ed,CVE-2017-7494
484265150,Threekiii/Awesome-Exploit,Samba/CVE-2017-7494/src/libcli/util/nterr.c,1029124db6a37ddb635fe68e0f017e9516b09b96,CVE-2017-7494
484265150,Threekiii/Awesome-Exploit,Samba/CVE-2017-7494/src/testsuite/build_farm/torture-TCON.test,10428ae345c21924b7235d1928b6d68109c4e706,CVE-2017-7494
484265150,Threekiii/Awesome-Exploit,Samba/CVE-2017-7494/src/auth/credentials/credentials.h,10533c3aa3ca77549b6e64a8cbf889cd18e24a39,CVE-2017-7494
484265150,Threekiii/Awesome-Exploit,Samba/CVE-2017-7494/src/source3/script/tests/test_smbclient_tarmode.sh,10682162126951ff6169763cf054369a29bd1f8e,CVE-2017-7494
484265150,Threekiii/Awesome-Exploit,Samba/CVE-2017-7494/src/source4/dsdb/tests/python/sort.py,1076024769ea7472087c2b350917df322b99b91e,CVE-2017-7494
484265150,Threekiii/Awesome-Exploit,Samba/CVE-2017-7494/src/docs-xml/manpages/vfs_dirsort.8.xml,1084057d99792035eaa84d7622424c27861810d3,CVE-2017-7494
484265150,Threekiii/Awesome-Exploit,Samba/CVE-2017-7494/src/third_party/zlib/old/os2/zlib.def,108527bad780aecce1c75efa9210f4b1173f4139,CVE-2017-7494
484265150,Threekiii/Awesome-Exploit,Samba/CVE-2017-7494/src/docs-xml/manpages/nmbd.8.xml,1092cd163800f3f17572579ef654c961535be25f,CVE-2017-7494
484265150,Threekiii/Awesome-Exploit,Samba/CVE-2017-7494/src/third_party/zlib/inftrees.c,109b4b11d0fb651920b7f6d476317fc4a70975f4,CVE-2017-7494
484265150,Threekiii/Awesome-Exploit,Samba/CVE-2017-7494/src/source4/rpc_server/samr/dcesrv_samr.h,10a38652a8cf2cb192417cf115db55a30b8e8b7b,CVE-2017-7494
484265150,Threekiii/Awesome-Exploit,Samba/CVE-2017-7494/src/source4/libnet/libnet_share.h,10ad3aa82aeaa6fc7b25337078f6eb934c4f6755,CVE-2017-7494
484265150,Threekiii/Awesome-Exploit,Samba/CVE-2017-7494/src/testsuite/nsswitch/getpwuid.exp,10b074d58ebba96cc06d40996069b3b7f5848a00,CVE-2017-7494
484265150,Threekiii/Awesome-Exploit,Samba/CVE-2017-7494/src/ctdb/common/logging.c,10b07a2771d13d4eaecf82b17c855c8dbb238ae1,CVE-2017-7494
484265150,Threekiii/Awesome-Exploit,Samba/CVE-2017-7494/src/source3/modules/getdate.y,10b428ed0ec2067acc5a38d4f7e4e95595bde12d,CVE-2017-7494
484265150,Threekiii/Awesome-Exploit,Samba/CVE-2017-7494/src/docs/manpages/smbstatus.1,10d372d491fa7d34ea1b78cd282545af4787ddd9,CVE-2017-7494
484265150,Threekiii/Awesome-Exploit,Samba/CVE-2017-7494/src/third_party/waf/wafadmin/Tools/kde4.py,10deb9bdd370e5b2db1fdcc890ab7c0d265cb4aa,CVE-2017-7494
484265150,Threekiii/Awesome-Exploit,Samba/CVE-2017-7494/src/source4/kdc/mit-kdb/kdb_samba.c,11271963084994446974741fc69f929bdef80e46,CVE-2017-7494
484265150,Threekiii/Awesome-Exploit,Samba/CVE-2017-7494/src/ctdb/tests/run_tests.sh,1130a18aa719c322fd86bd63ae51abdc2d77bb1a,CVE-2017-7494
484265150,Threekiii/Awesome-Exploit,Samba/CVE-2017-7494/src/docs-xml/smbdotconf/misc/magicoutput.xml,1133daa32c1693a1beed6445fd4134a6857044be,CVE-2017-7494
484265150,Threekiii/Awesome-Exploit,Samba/CVE-2017-7494/src/testsuite/build_farm/torture-LOCK7.test,1141d6918536b5004b5e18398474bec4dad24d1d,CVE-2017-7494
484265150,Threekiii/Awesome-Exploit,Samba/CVE-2017-7494/src/nsswitch/winbind_client.h,1160b7f2cb6fd3c550d6073d195fc03d70231ec4,CVE-2017-7494
484265150,Threekiii/Awesome-Exploit,Samba/CVE-2017-7494/src/ctdb/tests/simple/32_ctdb_enable.sh,1175fca55146fbcca14b9976149e98bf177b0929,CVE-2017-7494
484265150,Threekiii/Awesome-Exploit,Samba/CVE-2017-7494/src/source4/dsdb/schema/schema_syntax.c,1184e525a016248de312dcfd51eb51d300d86f85,CVE-2017-7494
484265150,Threekiii/Awesome-Exploit,Samba/CVE-2017-7494/src/source3/winbindd/winbindd_dual_ndr.c,1187357646ce48dee21d8d7003f8aa83955bc0d3,CVE-2017-7494
484265150,Threekiii/Awesome-Exploit,Samba/CVE-2017-7494/src/source4/script/update-proto.pl,119702546e9af27db90f33179b83960e4a13cd02,CVE-2017-7494
484265150,Threekiii/Awesome-Exploit,Samba/CVE-2017-7494/src/ctdb/common/pkt_read.h,11972d74152778259cd19eca3582afcf0995b08d,CVE-2017-7494
484265150,Threekiii/Awesome-Exploit,Samba/CVE-2017-7494/src/source3/script/tests/test_smbclient_krb5.sh,11a490e911d7aaf3a9570d24bd3554d56887a799,CVE-2017-7494
484265150,Threekiii/Awesome-Exploit,Samba/CVE-2017-7494/src/source3/libsmb/clilist.c,11defc2e1330352029406642f8881672c8a8508a,CVE-2017-7494
484265150,Threekiii/Awesome-Exploit,Samba/CVE-2017-7494/src/source3/rpcclient/cmd_spoolss.c,11df3a8fbcd488a19fdd10124a9e672c2016f41c,CVE-2017-7494
484265150,Threekiii/Awesome-Exploit,Samba/CVE-2017-7494/src/source4/libcli/resolve/lmhosts.c,11dfca3eeddd2b7cb59a6e7baa493055fcae1c5e,CVE-2017-7494
484265150,Threekiii/Awesome-Exploit,Samba/CVE-2017-7494/src/source4/torture/rpc/dfs.c,11e7d673f5cfaf6d3183f910125afddf02a952bb,CVE-2017-7494
484265150,Threekiii/Awesome-Exploit,Samba/CVE-2017-7494/src/librpc/idl/keysvc.idl,11f29775676e0cbad5bf7c3ce809aa0140267e4a,CVE-2017-7494
484265150,Threekiii/Awesome-Exploit,Samba/CVE-2017-7494/src/ctdb/server/ctdb_tunables.c,11f3a2e6d315bb9650c6b586bb16826e75c8e57b,CVE-2017-7494
484265150,Threekiii/Awesome-Exploit,Samba/CVE-2017-7494/src/nsswitch/libwbclient/libwbclient.h,11fcf601f2c85ee69b3097bd9220ddb45fb6a432,CVE-2017-7494
484265150,Threekiii/Awesome-Exploit,Samba/CVE-2017-7494/src/source4/torture/smb2/read.c,1201497c7c5b96286c29b0a3a42bb1fbd7be0390,CVE-2017-7494
484265150,Threekiii/Awesome-Exploit,Samba/CVE-2017-7494/src/ctdb/common/system_linux.c,120bfc33121c613d04583db63783371e12a8214f,CVE-2017-7494
484265150,Threekiii/Awesome-Exploit,Samba/CVE-2017-7494/src/selftest/manage-ca/manage-ca.templates.d/openssl-BASE-template.cnf,120ee3c3d1050b7b5d6e5056e25e0358b89b1ae1,CVE-2017-7494
484265150,Threekiii/Awesome-Exploit,Samba/CVE-2017-7494/src/source3/printing/printer_list.h,1210eadce2d2c1741d4fa11a659153347510eae5,CVE-2017-7494
484265150,Threekiii/Awesome-Exploit,Samba/CVE-2017-7494/src/source3/utils/net_dom.c,122ad1c8702a5610c2a411f4e5a343540c3d56ce,CVE-2017-7494
484265150,Threekiii/Awesome-Exploit,Samba/CVE-2017-7494/src/docs-xml/smbdotconf/tuning/maxdisksize.xml,1236e8ad3d1d9e5e05d4e12683da86a3407c96a5,CVE-2017-7494
484265150,Threekiii/Awesome-Exploit,Samba/CVE-2017-7494/src/docs-xml/using_samba/appe.xml,12378db460a571bbb2a693f9083080408f789a12,CVE-2017-7494
484265150,Threekiii/Awesome-Exploit,Samba/CVE-2017-7494/src/libcli/ldap/ldap_ndr.h,12384ec048d47e66bf43a86d4837fd415276be34,CVE-2017-7494
484265150,Threekiii/Awesome-Exploit,Samba/CVE-2017-7494/src/ctdb/ib/ibwrapper_test.c,1248f8557305eb2f3074bd69c0840b8a9ee854d8,CVE-2017-7494
484265150,Threekiii/Awesome-Exploit,Samba/CVE-2017-7494/src/source3/rpc_client/init_lsa.h,124e1f513759f6a97de6debfe3d9b2683f235daf,CVE-2017-7494
484265150,Threekiii/Awesome-Exploit,Samba/CVE-2017-7494/src/source3/smbd/conn_idle.c,126100e92f93eda8534f67d3aadfa2ce91fbe298,CVE-2017-7494
484265150,Threekiii/Awesome-Exploit,Samba/CVE-2017-7494/src/prog_guide4.txt,1289e9e66d4fca41b6f9dca03126c9f5091e9195,CVE-2017-7494
484265150,Threekiii/Awesome-Exploit,Samba/CVE-2017-7494/src/third_party/pep8/testsuite/E71.py,1290575fa4ee9b77e7b2894b941a9411dccf6664,CVE-2017-7494
484265150,Threekiii/Awesome-Exploit,Samba/CVE-2017-7494/src/ctdb/config/events.d/00.ctdb,129186a0bb4318c7fedcf7057f67e4e5fa0ec64b,CVE-2017-7494
484265150,Threekiii/Awesome-Exploit,Samba/CVE-2017-7494/src/ctdb/tests/eventscripts/stubs/date,1295fee99921a3a0138f8bed8ee6912c09e9eb00,CVE-2017-7494
484265150,Threekiii/Awesome-Exploit,Samba/CVE-2017-7494/src/examples/perfcounter/perf_writer_cpu.c,12a5c337dfa526d2781d6670ee4ea143175115dc,CVE-2017-7494
484265150,Threekiii/Awesome-Exploit,Samba/CVE-2017-7494/src/docs-xml/smbdotconf/tuning/maxopenfiles.xml,12a7cc000891685a7100bfa6b9f9970b831c373e,CVE-2017-7494
484265150,Threekiii/Awesome-Exploit,Samba/CVE-2017-7494/src/docs-xml/smbdotconf/ldap/ldappasswdsync.xml,12afd1d6e826ab77c2519eabe7cf123d64c98483,CVE-2017-7494
484265150,Threekiii/Awesome-Exploit,Samba/CVE-2017-7494/src/ctdb/doc/cluster_mutex_helper.txt,12afd49f2d9944484576f1346eb2e7540c1f1d79,CVE-2017-7494
484265150,Threekiii/Awesome-Exploit,Samba/CVE-2017-7494/src/docs-xml/smbdotconf/misc/rpcdaemon.xml,12b09098cc8c77280e29f447a0167ac61963afa1,CVE-2017-7494
484265150,Threekiii/Awesome-Exploit,Samba/CVE-2017-7494/src/ctdb/server/ctdb_ltdb_server.c,12b1a1a9e19e0deb07b297dd131ea6c6b718c508,CVE-2017-7494
484265150,Threekiii/Awesome-Exploit,Samba/CVE-2017-7494/src/testprogs/win32/midltests/valid/midltests_union_align_19.idl,12b497bc0e508461a069800b1320593b34eb6725,CVE-2017-7494
484265150,Threekiii/Awesome-Exploit,Samba/CVE-2017-7494/src/third_party/zlib/win32/Makefile.msc,12b6c67dcfa4ba495f90812043982560be22a410,CVE-2017-7494
484265150,Threekiii/Awesome-Exploit,Samba/CVE-2017-7494/src/docs-xml/smbdotconf/security/securitymask.xml,12caa1b23227e6dfd180ae1f26906348d354a709,CVE-2017-7494
484265150,Threekiii/Awesome-Exploit,Samba/CVE-2017-7494/src/source3/passdb/pdb_ldap_util.h,12d8a1b4421522a0ea8386d86ca48e603b2e07dd,CVE-2017-7494
484265150,Threekiii/Awesome-Exploit,Samba/CVE-2017-7494/src/testprogs/blackbox/test_pkinit_pac_heimdal.sh,12df0b75a6f38375ec288e27e4d3082566e16a08,CVE-2017-7494
484265150,Threekiii/Awesome-Exploit,Samba/CVE-2017-7494/src/docs-xml/smbdotconf/base/multicastdnsregister.xml,12ec3c3d277faf17d5a3cf545d88c303ecac3232,CVE-2017-7494
484265150,Threekiii/Awesome-Exploit,Samba/CVE-2017-7494/src/librpc/idl/winreg.idl,13050ee8376178816973208c57bf395e763a84b3,CVE-2017-7494
484265150,Threekiii/Awesome-Exploit,Samba/CVE-2017-7494/src/source4/nbt_server/packet.c,130a4d19e4884065a815276d3f86b454ffe0fefd,CVE-2017-7494
484265150,Threekiii/Awesome-Exploit,Samba/CVE-2017-7494/src/source3/libsmb/clidgram.c,132b3678b4f8cccc3e9533c7568aa30363c0df03,CVE-2017-7494
484265150,Threekiii/Awesome-Exploit,Samba/CVE-2017-7494/src/librpc/tools/ndrdump.c,13400089ba9646597784e816c71f7e65a9c3bd6f,CVE-2017-7494
484265150,Threekiii/Awesome-Exploit,Samba/CVE-2017-7494/src/source3/smbd/smb2_ioctl_filesys.c,134f957a7d5c57b99d55671b7dda7f9204fe10e7,CVE-2017-7494
484265150,Threekiii/Awesome-Exploit,Samba/CVE-2017-7494/src/third_party/zlib/contrib/delphi/ZLib.pas,1354355aa25c56d73587832c81c6ec8677655094,CVE-2017-7494
484265150,Threekiii/Awesome-Exploit,Samba/CVE-2017-7494/src/source3/locale/pam_winbind/cs.po,135be54be722f0e49ac428d24da04c0118f422c2,CVE-2017-7494
484265150,Threekiii/Awesome-Exploit,Samba/CVE-2017-7494/src/ctdb/utils/pmda/pmda_ctdb.c,1364ca4ced2d9f63ef6c50353d178ba6c0ec843c,CVE-2017-7494
484265150,Threekiii/Awesome-Exploit,Samba/CVE-2017-7494/src/source3/printing/nt_printing_migrate_internal.h,137935c38903b13ec96cb0d7a901f7625cecda7a,CVE-2017-7494
484265150,Threekiii/Awesome-Exploit,Samba/CVE-2017-7494/src/testsuite/build_farm/torture-OPEN.test,1379905584715ba229000beec39d995685da11e4,CVE-2017-7494
484265150,Threekiii/Awesome-Exploit,Samba/CVE-2017-7494/src/testsuite/smbd/se_access_check_denyall.c,137bd36711bf7d16fd8353d90f7a1106f72efe6a,CVE-2017-7494
484265150,Threekiii/Awesome-Exploit,Samba/CVE-2017-7494/src/docs-xml/manpages/vfs_extd_audit.8.xml,1382c778b6fdc21e0a96721fd6c86532901005f6,CVE-2017-7494
484265150,Threekiii/Awesome-Exploit,Samba/CVE-2017-7494/src/packaging/LSB/smb.conf,138607fd2d28220696c2335865a42b4616935a85,CVE-2017-7494
484265150,Threekiii/Awesome-Exploit,Samba/CVE-2017-7494/src/source3/torture/test_dbwrap_ctdb.c,13a3150da4f809f69834003e6087d5c125580b4d,CVE-2017-7494
484265150,Threekiii/Awesome-Exploit,Tomcat/CVE-2020-1938/CVE-2020-1938-shell.py,13a4ded9d6e8712bee651c07d8f71f5f2978c5ad,CVE-2020-1938
484265150,Threekiii/Awesome-Exploit,Tomcat/CVE-2020-1938/CVE-2020-1938-shell.py,13a4ded9d6e8712bee651c07d8f71f5f2978c5ad,CNVD-2020-10487
484265150,Threekiii/Awesome-Exploit,Samba/CVE-2017-7494/src/docs-xml/templates/attributions.xml,13bdc19aaa91204d100cf11ad3c919ed9b9f7675,CVE-2017-7494
484265150,Threekiii/Awesome-Exploit,Samba/CVE-2017-7494/src/docs-xml/xslt/expand-smbconfdoc.xsl,13be5775c080b1e410ac84dca6b61dbea2ee3b29,CVE-2017-7494
484265150,Threekiii/Awesome-Exploit,Samba/CVE-2017-7494/src/docs-xml/smbdotconf/winbind/winbindexpandgroups.xml,13c255adea8e772841911c39a3ca2ae2ddc38ab8,CVE-2017-7494
484265150,Threekiii/Awesome-Exploit,Samba/CVE-2017-7494/src/ctdb/tests/eventscripts/etc-ctdb/public_addresses,13c3bc0743abf2c30ab705c7bd55a4601f1073f3,CVE-2017-7494
484265150,Threekiii/Awesome-Exploit,Samba/CVE-2017-7494/src/source3/libsmb/errormap.c,13c491c3e34deaa25fd107798a207a323429f9ef,CVE-2017-7494
484265150,Threekiii/Awesome-Exploit,Samba/CVE-2017-7494/src/source3/modules/vfs_audit.c,13d06ae90a03d195f1066115e293e8d31f3c4ac9,CVE-2017-7494
484265150,Threekiii/Awesome-Exploit,Samba/CVE-2017-7494/src/ctdb/tests/simple/60_recoverd_missing_ip.sh,13d16452e995ee9482c65cbf3804a4cf939f0de9,CVE-2017-7494
484265150,Threekiii/Awesome-Exploit,Samba/CVE-2017-7494/src/ctdb/tests/onnode/0070.sh,13d863f6a0f3d66425e4971e27741aa109fd672f,CVE-2017-7494
484265150,Threekiii/Awesome-Exploit,Samba/CVE-2017-7494/src/ctdb/tests/takeover/lcp2.023.sh,13e5101923f0b32689f54da374a63d33ad100398,CVE-2017-7494
484265150,Threekiii/Awesome-Exploit,Samba/CVE-2017-7494/src/source3/rpc_server/rpc_ep_register.c,13e75d7aaa697f85e2845e9a0f78ad697ae40cd9,CVE-2017-7494
484265150,Threekiii/Awesome-Exploit,Samba/CVE-2017-7494/src/auth/ntlmssp/ntlmssp.h,13ed4afa07acd0e68c25097ee41516b01b446515,CVE-2017-7494
484265150,Threekiii/Awesome-Exploit,Samba/CVE-2017-7494/src/libcli/smbreadline/wscript_configure,13fe445612710d4c76ebaa118fb2b51ecdf0fc72,CVE-2017-7494
484265150,Threekiii/Awesome-Exploit,Samba/CVE-2017-7494/src/source4/torture/smb2/notify_disabled.c,1400e72d88a579ffd9d4ea803dc7a9ef94358d5c,CVE-2017-7494
484265150,Threekiii/Awesome-Exploit,Samba/CVE-2017-7494/src/ctdb/tests/eventscripts/stubs/sleep,1405ff7969f3fe244ae2441f4c2ad52250391304,CVE-2017-7494
484265150,Threekiii/Awesome-Exploit,Samba/CVE-2017-7494/src/ctdb/config/events.d/20.multipathd,14071d82215537e8317b4143b6ace2835382e2b2,CVE-2017-7494
484265150,Threekiii/Awesome-Exploit,Samba/CVE-2017-7494/src/source4/ntvfs/posix/pvfs_rename.c,140edb198397396850331da4bffb46db70f45c97,CVE-2017-7494
484265150,Threekiii/Awesome-Exploit,Samba/CVE-2017-7494/src/docs-xml/smbdotconf/logging/debugprefixtimestamp.xml,14119801a91c950089218dc20cbef4452f542c5c,CVE-2017-7494
484265150,Threekiii/Awesome-Exploit,Samba/CVE-2017-7494/src/docs-xml/Samba3-ByExample/SBE-500UserNetwork.xml,1426e7683fbef1be75f5a3fb8c18333e4644a183,CVE-2017-7494
484265150,Threekiii/Awesome-Exploit,Samba/CVE-2017-7494/src/source4/ntvfs/posix/pvfs_acl.c,143980ecf9b83d240ae20ee8b7f08f441f2cd25a,CVE-2017-7494
484265150,Threekiii/Awesome-Exploit,Samba/CVE-2017-7494/src/ctdb/tests/eventscripts/11.natgw.012.sh,143c9c6f7f516655eb4c8f8fa4c680a54ceebb89,CVE-2017-7494
484265150,Threekiii/Awesome-Exploit,Samba/CVE-2017-7494/src/ctdb/tests/eventscripts/01.reclock.monitor.004.sh,1449c083faa9d3de015fe723bb08f36f0b359e35,CVE-2017-7494
484265150,Threekiii/Awesome-Exploit,Samba/CVE-2017-7494/src/tests/readlink.c,1482f1e677b9228c1107d54711365f5cb7901897,CVE-2017-7494
484265150,Threekiii/Awesome-Exploit,Samba/CVE-2017-7494/src/source3/winbindd/idmap_hash/idmap_hash.c,1492c6c00893c13a295c17cecc038d5464dde287,CVE-2017-7494
484265150,Threekiii/Awesome-Exploit,Samba/CVE-2017-7494/src/script/ctdb-import.txt,14a630c688341868367981ae3e687e985f7545c6,CVE-2017-7494
484265150,Threekiii/Awesome-Exploit,Samba/CVE-2017-7494/src/librpc/ndr/ndr_misc.c,14afc3041f5c03623209c597497883fdb4daf42f,CVE-2017-7494
484265150,Threekiii/Awesome-Exploit,Samba/CVE-2017-7494/src/python/samba/ntacls.py,14bef8873f737e3ddfc95c909e1a1cc29a9f28ce,CVE-2017-7494
484265150,Threekiii/Awesome-Exploit,Samba/CVE-2017-7494/src/libcli/auth/spnego_proto.h,14c275fd3256568844e76c1caabb0eb8671ec2ff,CVE-2017-7494
484265150,Threekiii/Awesome-Exploit,Samba/CVE-2017-7494/src/source4/libcli/clitrans2.c,14c3fbd151076d0a10ad00ad8b024b435e9264b3,CVE-2017-7494
484265150,Threekiii/Awesome-Exploit,Samba/CVE-2017-7494/src/source3/librpc/idl/open_files.idl,14cbbe05a311e74796a1083deb2eb2ec64817df6,CVE-2017-7494
484265150,Threekiii/Awesome-Exploit,Samba/CVE-2017-7494/src/third_party/zlib/contrib/minizip/miniunz.c,14d5aa9a839446ae2754d24d4a666ce907c9b08e,CVE-2017-7494
484265150,Threekiii/Awesome-Exploit,Samba/CVE-2017-7494/src/source4/ntvfs/sysdep/inotify.c,14d5dd3213e5790e5b999eb4034f546de9901c08,CVE-2017-7494
484265150,Threekiii/Awesome-Exploit,Samba/CVE-2017-7494/src/source3/script/mknissmbpasswd.sh,14d66e46afe2da428b065f70d6cdedc2874adb00,CVE-2017-7494
484265150,Threekiii/Awesome-Exploit,Samba/CVE-2017-7494/src/third_party/waf/wafadmin/Environment.py,14dde6b9ce67abb1def72b8caf8adbb69cc6e3b5,CVE-2017-7494
484265150,Threekiii/Awesome-Exploit,Samba/CVE-2017-7494/src/ctdb/tests/tool/ctdb.reloadnodes.016.sh,14ffb8928603e8e3280f7efa9e765ff7d1bda038,CVE-2017-7494
484265150,Threekiii/Awesome-Exploit,README.md,1507a657aa0c64aecb4dca2aee6594b9583a9436,CVE-2020-10204
484265150,Threekiii/Awesome-Exploit,README.md,1507a657aa0c64aecb4dca2aee6594b9583a9436,CVE-2020-10199
484265150,Threekiii/Awesome-Exploit,README.md,1507a657aa0c64aecb4dca2aee6594b9583a9436,CVE-2020-7247
484265150,Threekiii/Awesome-Exploit,README.md,1507a657aa0c64aecb4dca2aee6594b9583a9436,CVE-2019-7238
484265150,Threekiii/Awesome-Exploit,README.md,1507a657aa0c64aecb4dca2aee6594b9583a9436,CVE-2019-6341
484265150,Threekiii/Awesome-Exploit,README.md,1507a657aa0c64aecb4dca2aee6594b9583a9436,CVE-2017-7525
484265150,Threekiii/Awesome-Exploit,README.md,1507a657aa0c64aecb4dca2aee6594b9583a9436,CVE-2019-6339
484265150,Threekiii/Awesome-Exploit,README.md,1507a657aa0c64aecb4dca2aee6594b9583a9436,CVE-2019-6116
484265150,Threekiii/Awesome-Exploit,README.md,1507a657aa0c64aecb4dca2aee6594b9583a9436,CVE-2016-4977
484265150,Threekiii/Awesome-Exploit,README.md,1507a657aa0c64aecb4dca2aee6594b9583a9436,CVE-2020-1938
484265150,Threekiii/Awesome-Exploit,README.md,1507a657aa0c64aecb4dca2aee6594b9583a9436,CVE-2017-5638
484265150,Threekiii/Awesome-Exploit,README.md,1507a657aa0c64aecb4dca2aee6594b9583a9436,CVE-2017-7529
484265150,Threekiii/Awesome-Exploit,README.md,1507a657aa0c64aecb4dca2aee6594b9583a9436,CVE-2022-22963
484265150,Threekiii/Awesome-Exploit,README.md,1507a657aa0c64aecb4dca2aee6594b9583a9436,CVE-2014-0160
484265150,Threekiii/Awesome-Exploit,README.md,1507a657aa0c64aecb4dca2aee6594b9583a9436,CVE-2016-9086
484265150,Threekiii/Awesome-Exploit,README.md,1507a657aa0c64aecb4dca2aee6594b9583a9436,CVE-2018-10933
484265150,Threekiii/Awesome-Exploit,README.md,1507a657aa0c64aecb4dca2aee6594b9583a9436,CVE-2018-1270
484265150,Threekiii/Awesome-Exploit,README.md,1507a657aa0c64aecb4dca2aee6594b9583a9436,CVE-2018-15473
484265150,Threekiii/Awesome-Exploit,README.md,1507a657aa0c64aecb4dca2aee6594b9583a9436,CVE-2017-7494
484265150,Threekiii/Awesome-Exploit,README.md,1507a657aa0c64aecb4dca2aee6594b9583a9436,CVE-2018-16509
484265150,Threekiii/Awesome-Exploit,README.md,1507a657aa0c64aecb4dca2aee6594b9583a9436,CVE-2019-17564
484265150,Threekiii/Awesome-Exploit,README.md,1507a657aa0c64aecb4dca2aee6594b9583a9436,CVE-2018-19475
484265150,Threekiii/Awesome-Exploit,README.md,1507a657aa0c64aecb4dca2aee6594b9583a9436,CVE-2019-0230
484265150,Threekiii/Awesome-Exploit,README.md,1507a657aa0c64aecb4dca2aee6594b9583a9436,CVE-2018-7602
484265150,Threekiii/Awesome-Exploit,README.md,1507a657aa0c64aecb4dca2aee6594b9583a9436,CVE-2018-7600
484265150,Threekiii/Awesome-Exploit,README.md,1507a657aa0c64aecb4dca2aee6594b9583a9436,CVE-2017-8291
484265150,Threekiii/Awesome-Exploit,README.md,1507a657aa0c64aecb4dca2aee6594b9583a9436,CVE-2017-8046
484265150,Threekiii/Awesome-Exploit,README.md,1507a657aa0c64aecb4dca2aee6594b9583a9436,CVE-2020-11651
484265150,Threekiii/Awesome-Exploit,README.md,1507a657aa0c64aecb4dca2aee6594b9583a9436,CVE-2020-11652
484265150,Threekiii/Awesome-Exploit,README.md,1507a657aa0c64aecb4dca2aee6594b9583a9436,CVE-2022-22947
484265150,Threekiii/Awesome-Exploit,README.md,1507a657aa0c64aecb4dca2aee6594b9583a9436,CVE-2017-12636
484265150,Threekiii/Awesome-Exploit,README.md,1507a657aa0c64aecb4dca2aee6594b9583a9436,CVE-2021-45232
484265150,Threekiii/Awesome-Exploit,README.md,1507a657aa0c64aecb4dca2aee6594b9583a9436,CVE-2022-22965
484265150,Threekiii/Awesome-Exploit,README.md,1507a657aa0c64aecb4dca2aee6594b9583a9436,CVE-2017-17485
484265150,Threekiii/Awesome-Exploit,README.md,1507a657aa0c64aecb4dca2aee6594b9583a9436,CNVD-2020-10487
484265150,Threekiii/Awesome-Exploit,README.md,1507a657aa0c64aecb4dca2aee6594b9583a9436,CVE-2017-17562
484265150,Threekiii/Awesome-Exploit,README.md,1507a657aa0c64aecb4dca2aee6594b9583a9436,CVE-2017-2824
484265150,Threekiii/Awesome-Exploit,README.md,1507a657aa0c64aecb4dca2aee6594b9583a9436,CVE-2020-15906
484265150,Threekiii/Awesome-Exploit,README.md,1507a657aa0c64aecb4dca2aee6594b9583a9436,CVE-2021-44228
484265150,Threekiii/Awesome-Exploit,README.md,1507a657aa0c64aecb4dca2aee6594b9583a9436,CVE-2020-7961
484265150,Threekiii/Awesome-Exploit,README.md,1507a657aa0c64aecb4dca2aee6594b9583a9436,CVE-2017-11610
484265150,Threekiii/Awesome-Exploit,README.md,1507a657aa0c64aecb4dca2aee6594b9583a9436,CVE-2021-34371
484265150,Threekiii/Awesome-Exploit,README.md,1507a657aa0c64aecb4dca2aee6594b9583a9436,CVE-2018-2628
484265150,Threekiii/Awesome-Exploit,README.md,1507a657aa0c64aecb4dca2aee6594b9583a9436,CVE-2020-14883
484265150,Threekiii/Awesome-Exploit,README.md,1507a657aa0c64aecb4dca2aee6594b9583a9436,CVE-2021-29441
484265150,Threekiii/Awesome-Exploit,README.md,1507a657aa0c64aecb4dca2aee6594b9583a9436,CVE-2020-17519
484265150,Threekiii/Awesome-Exploit,README.md,1507a657aa0c64aecb4dca2aee6594b9583a9436,CVE-2021-28073
484265150,Threekiii/Awesome-Exploit,README.md,1507a657aa0c64aecb4dca2aee6594b9583a9436,CVE-2021-22205
484265150,Threekiii/Awesome-Exploit,README.md,1507a657aa0c64aecb4dca2aee6594b9583a9436,CVE-2015-5254
484265150,Threekiii/Awesome-Exploit,README.md,1507a657aa0c64aecb4dca2aee6594b9583a9436,CVE-2020-14882
484265150,Threekiii/Awesome-Exploit,README.md,1507a657aa0c64aecb4dca2aee6594b9583a9436,CVE-2017-3066
484265150,Threekiii/Awesome-Exploit,README.md,1507a657aa0c64aecb4dca2aee6594b9583a9436,CVE-2016-4437
484265150,Threekiii/Awesome-Exploit,README.md,1507a657aa0c64aecb4dca2aee6594b9583a9436,CVE-2020-11981
484265150,Threekiii/Awesome-Exploit,README.md,1507a657aa0c64aecb4dca2aee6594b9583a9436,CVE-2020-11800
484265150,Threekiii/Awesome-Exploit,Samba/CVE-2017-7494/src/ctdb/tests/eventscripts/60.nfs.monitor.101.sh,1510825d6a55c6994cef129b48c2108c085e4988,CVE-2017-7494
484265150,Threekiii/Awesome-Exploit,Samba/CVE-2017-7494/src/source4/setup/named.conf.dlz,151aa22c287011285db55212f6dc8d7b29b2a2ab,CVE-2017-7494
484265150,Threekiii/Awesome-Exploit,Samba/CVE-2017-7494/src/selftest/manage-ca/manage-CA-samba.example.com.sh,15260d676ae8d811883c2027b8042057250ff42d,CVE-2017-7494
484265150,Threekiii/Awesome-Exploit,Samba/CVE-2017-7494/src/source4/torture/wscript_build,15289d7b63c3cb11438ddcd5b62e94fa382d0cfb,CVE-2017-7494
484265150,Threekiii/Awesome-Exploit,Samba/CVE-2017-7494/src/docs-xml/smbdotconf/protocol/profileacls.xml,15308ae6f708e82ff8879c855d9eb64153d91c7e,CVE-2017-7494
484265150,Threekiii/Awesome-Exploit,Samba/CVE-2017-7494/src/libgpo/gpext/gpext.h,1530cc054581e87558cb5ff0e961604cc9035aa0,CVE-2017-7494
484265150,Threekiii/Awesome-Exploit,Samba/CVE-2017-7494/src/source4/dsdb/samdb/ldb_modules/linked_attributes.c,153964e0014d79e05b6ab580cc7837ee11889278,CVE-2017-7494
484265150,Threekiii/Awesome-Exploit,Samba/CVE-2017-7494/src/ctdb/tests/simple/15_ctdb_statisticsreset.sh,154198726ae7dd8652a63f3fa53b69f0436a2d71,CVE-2017-7494
484265150,Threekiii/Awesome-Exploit,Samba/CVE-2017-7494/src/libcli/smb/read_smb.h,154379e21d4ca1e24754ce8856476b503f86f290,CVE-2017-7494
484265150,Threekiii/Awesome-Exploit,Samba/CVE-2017-7494/src/testsuite/build_farm/torture-LOCK5.test,1546b9bd0de64f4fed3442df3af713c5fe7a653e,CVE-2017-7494
484265150,Threekiii/Awesome-Exploit,Samba/CVE-2017-7494/src/docs-xml/smbdotconf/printing/cupsserver.xml,1556fa35f36531a7bbafa9ef42f8b1fcc5e63f97,CVE-2017-7494
484265150,Threekiii/Awesome-Exploit,Weblogic/weblogicScanner/stars/__pycache__/cve_2018_2894.cpython-37.pyc,156ccef433a040b84cffc006b64f2c8af008a7ce,CVE-2018-2894
484265150,Threekiii/Awesome-Exploit,Samba/CVE-2017-7494/src/ctdb/tests/src/srvid_test.c,156dd324e9ded061e6389a1150e510ea63d0da1a,CVE-2017-7494
484265150,Threekiii/Awesome-Exploit,Samba/CVE-2017-7494/src/testprogs/blackbox/dfree.sh,15804a8996b8363284309c9313a4963333fced5d,CVE-2017-7494
484265150,Threekiii/Awesome-Exploit,Samba/CVE-2017-7494/src/ctdb/config/events.d/README,158703bce8d44def1479442b0d62529ae704787d,CVE-2017-7494
484265150,Threekiii/Awesome-Exploit,Samba/CVE-2017-7494/src/source4/dsdb/samdb/ldb_modules/instancetype.c,15a4fa2928787bc85d2353285db6b33bd1655378,CVE-2017-7494
484265150,Threekiii/Awesome-Exploit,Samba/CVE-2017-7494/src/buildtools/wafsamba/samba3.py,15a8098862f1f889665601297097c4ac0583a010,CVE-2017-7494
484265150,Threekiii/Awesome-Exploit,Samba/CVE-2017-7494/src/docs-xml/smbdotconf/base/netbiosaliases.xml,15aeeeb472edf4ff9b56cc9f245b1c4275a3518e,CVE-2017-7494
484265150,Threekiii/Awesome-Exploit,Samba/CVE-2017-7494/src/testsuite/nsswitch/initgroups.c,15c36f7fc12e5e7cfe0ea88eff39ccd378086254,CVE-2017-7494
484265150,Threekiii/Awesome-Exploit,Samba/CVE-2017-7494/src/ctdb/tests/tool/ctdb.runstate.004.sh,15e4f2c140d81bdf39cc512fd7f96d04a0630c3a,CVE-2017-7494
484265150,Threekiii/Awesome-Exploit,Samba/CVE-2017-7494/src/docs-xml/smbdotconf/misc/directorynamecachesize.xml,15f69d3167378f0383eb1424cb393f2911e03c86,CVE-2017-7494
484265150,Threekiii/Awesome-Exploit,Samba/CVE-2017-7494/src/source3/libnet/libnet_samsync_passdb.c,162a248367934ee94ae2cb90394f4cc37226679e,CVE-2017-7494
484265150,Threekiii/Awesome-Exploit,Samba/CVE-2017-7494/src/docs-xml/Samba3-HOWTO/TOSHARG-DNS-DHCP-Configuration.xml,163e47aabc170f00dc07574c94cac75e57f423c4,CVE-2017-7494
484265150,Threekiii/Awesome-Exploit,Samba/CVE-2017-7494/src/ctdb/tests/eventscripts/60.nfs.monitor.141.sh,1659bd99e4fef9de71692deacf25ce28a3d33ce7,CVE-2017-7494
484265150,Threekiii/Awesome-Exploit,Samba/CVE-2017-7494/src/nsswitch/winbind_nss_aix.c,166202db692b9d27950b9a26a4da56f2b0f2e81c,CVE-2017-7494
484265150,Threekiii/Awesome-Exploit,Samba/CVE-2017-7494/src/source4/heimdal/base/number.c,1668e92a63592b729e3d349c8227405d2ff4dd68,CVE-2017-7494
484265150,Threekiii/Awesome-Exploit,Samba/CVE-2017-7494/src/source3/rpcclient/cmd_winreg.c,167140669269da346f4f8b02c454327569bf7884,CVE-2017-7494
484265150,Threekiii/Awesome-Exploit,Samba/CVE-2017-7494/src/python/samba/xattr.py,1671feef13c25449e6c85e7de03abe02f4d0ede5,CVE-2017-7494
484265150,Threekiii/Awesome-Exploit,Samba/CVE-2017-7494/src/docs-xml/manpages/vfs_catia.8.xml,16792b25a53f98bba50a2d1bf70bc96b0755984e,CVE-2017-7494
484265150,Threekiii/Awesome-Exploit,Samba/CVE-2017-7494/src/third_party/zlib/contrib/vstudio/vc7/minizip.vcproj,1682a242a5c74894811debcbd18972c28f122071,CVE-2017-7494
484265150,Threekiii/Awesome-Exploit,Samba/CVE-2017-7494/src/packaging/Solaris/postinstall,16ae80d9234312905e9d528e9c551cc4ccd4f010,CVE-2017-7494
484265150,Threekiii/Awesome-Exploit,Samba/CVE-2017-7494/src/ctdb/tests/simple/04_ctdb_setvar.sh,16bed45b3036cc5a5fff66b05f9f7fa678547245,CVE-2017-7494
484265150,Threekiii/Awesome-Exploit,Samba/CVE-2017-7494/src/source4/scripting/devel/chgtdcpass,16c094a918383eaccc9a81337484147eeab00b1b,CVE-2017-7494
484265150,Threekiii/Awesome-Exploit,Samba/CVE-2017-7494/src/docs-xml/registry/Win2000_PlainPassword.reg,16c2d5d2d046c6cdb7bacb7397cf6c7081bc72de,CVE-2017-7494
484265150,Threekiii/Awesome-Exploit,Samba/CVE-2017-7494/src/ctdb/tests/eventscripts/stubs/ip,16cf273411e0c19302eda209f62d27895dbdee98,CVE-2017-7494
484265150,Threekiii/Awesome-Exploit,Samba/CVE-2017-7494/src/docs-xml/manpages/ntlm_auth.1.xml,16d736bd516ef78f2a74b6d153d8d34129658129,CVE-2017-7494
484265150,Threekiii/Awesome-Exploit,Samba/CVE-2017-7494/src/librpc/idl/smb2_lease_struct.idl,16d7896c1efddba8d5c15de85374eeaea1bc27b7,CVE-2017-7494
484265150,Threekiii/Awesome-Exploit,Samba/CVE-2017-7494/src/libcli/smb/smb2cli_query_info.c,16e8408ef960dfd7c6c953b905705d847f4d087f,CVE-2017-7494
484265150,Threekiii/Awesome-Exploit,Samba/CVE-2017-7494/src/source3/client/README.smbspool,16efdbbf7e93d7e6cd4e6ac315efdfd4729c8fca,CVE-2017-7494
484265150,Threekiii/Awesome-Exploit,Samba/CVE-2017-7494/src/source3/include/util_tdb.h,1711d36ca86bc282f205e6e25ca35bdaffbda817,CVE-2017-7494
484265150,Threekiii/Awesome-Exploit,Samba/CVE-2017-7494/src/docs-xml/smbdotconf/security/obeypamrestrictions.xml,1712829dfd89e7d03e2bfffa6c1ad4f1e4795fe1,CVE-2017-7494
484265150,Threekiii/Awesome-Exploit,Samba/CVE-2017-7494/src/source4/auth/kerberos/kerberos_pac.c,171743564e261c8dff82bfe79ab00b16a0a1941f,CVE-2017-7494
484265150,Threekiii/Awesome-Exploit,Samba/CVE-2017-7494/src/source4/torture/libnet/groupman.c,173e1e8d09e480fbbcf9cd1c3b13603b187b125d,CVE-2017-7494
484265150,Threekiii/Awesome-Exploit,Samba/CVE-2017-7494/src/libcli/security/privileges.c,174b0e10f31e26297323a7a7c833ba4674341ea2,CVE-2017-7494
484265150,Threekiii/Awesome-Exploit,Samba/CVE-2017-7494/src/ctdb/tests/tool/ctdb.natgw.004.sh,174e83a6db85d32da887952e71cf4967b9a7349f,CVE-2017-7494
484265150,Threekiii/Awesome-Exploit,Samba/CVE-2017-7494/src/ctdb/tests/takeover/simulation/ip_groups4.py,17511d562410ca7765f32b9b45f0148fe06cc2ff,CVE-2017-7494
484265150,Threekiii/Awesome-Exploit,Samba/CVE-2017-7494/src/source4/ntvfs/posix/pvfs_resolve.c,17698324976f097d1e378a26434cfaa7a740c4b6,CVE-2017-7494
484265150,Threekiii/Awesome-Exploit,Samba/CVE-2017-7494/src/ctdb/tests/simple/75_readonly_records_basic.sh,178942e37679cea2ae1255e48f59617156b4a9f9,CVE-2017-7494
484265150,Threekiii/Awesome-Exploit,Samba/CVE-2017-7494/src/source3/passdb/passdb.c,17896b0093191779535ac96da7e2e445edc9f460,CVE-2017-7494
484265150,Threekiii/Awesome-Exploit,Samba/CVE-2017-7494/src/librpc/ndr/ndr_dns.h,17b29fa6e751ecb5a325d0b243ed28dc874be966,CVE-2017-7494
484265150,Threekiii/Awesome-Exploit,Samba/CVE-2017-7494/src/source4/dsdb/samdb/ldb_modules/lazy_commit.c,17b92ce8fd9e3ec9961d4b492f3f38c94e95724c,CVE-2017-7494
484265150,Threekiii/Awesome-Exploit,Samba/CVE-2017-7494/src/third_party/popt/poptint.h,17ba5adfce30f8f46b073dab378bbdd7f652caba,CVE-2017-7494
484265150,Threekiii/Awesome-Exploit,Samba/CVE-2017-7494/src/third_party/dnspython/dns/rdtypes/IN/NSAP.py,17c97af4d3478df8752347ce32fefc050a43a39f,CVE-2017-7494
484265150,Threekiii/Awesome-Exploit,Samba/CVE-2017-7494/src/libcli/security/access_check.c,17cedcc476199929eddf955a3a8abebb2c6d3f58,CVE-2017-7494
484265150,Threekiii/Awesome-Exploit,Samba/CVE-2017-7494/src/source4/torture/dfs/common.c,17d90fb444ae4149dbccf2ca70aca0a1974da982,CVE-2017-7494
484265150,Threekiii/Awesome-Exploit,Samba/CVE-2017-7494/src/docs-xml/smbdotconf/protocol/servermultichannelsupport.xml,17d96c730f504c6de4a6c77ae6a1eab351ef1f92,CVE-2017-7494
484265150,Threekiii/Awesome-Exploit,Samba/CVE-2017-7494/src/examples/libsmbclient/testsmbc.c,17da6f12bdf2d16f2def632eac516b36289691b9,CVE-2017-7494
484265150,Threekiii/Awesome-Exploit,Samba/CVE-2017-7494/src/testsuite/build_farm/template/preexec,17e738379059e78bc34ebf38116b6cd12d54a1a1,CVE-2017-7494
484265150,Threekiii/Awesome-Exploit,Samba/CVE-2017-7494/src/libcli/netlogon/wscript_build,17ed8accd35781cec6d467c9b61d381e4a8eb486,CVE-2017-7494
484265150,Threekiii/Awesome-Exploit,Samba/CVE-2017-7494/src/third_party/zlib/minigzip.c,17f375f115e93efe261729dcf25c7a604217bea1,CVE-2017-7494
484265150,Threekiii/Awesome-Exploit,Samba/CVE-2017-7494/src/librpc/ndr/ndr_drsblobs.c,17f631f688606e2866ad105a916577a1a0db2c1c,CVE-2017-7494
484265150,Threekiii/Awesome-Exploit,Samba/CVE-2017-7494/src/source3/passdb/pdb_wbc_sam.h,18038552e10ac0ec4a44a1022d6abff57a48c88e,CVE-2017-7494
484265150,Threekiii/Awesome-Exploit,Samba/CVE-2017-7494/src/source4/setup/aggregate_schema.ldif,1808a6cb5380a4b787dc7a284ddeec2358bac206,CVE-2017-7494
484265150,Threekiii/Awesome-Exploit,Samba/CVE-2017-7494/src/python/samba/tests/kcc/graph.py,181361d5baa368368d057367627e46a8b21e6251,CVE-2017-7494
484265150,Threekiii/Awesome-Exploit,Samba/CVE-2017-7494/src/source3/include/auth.h,1816cc6a7198d6cb52f7a4d8bf4edc4b0ea01756,CVE-2017-7494
484265150,Threekiii/Awesome-Exploit,Samba/CVE-2017-7494/src/third_party/zlib/contrib/dotzlib/DotZLib/ChecksumImpl.cs,182261375b354ef79a0c54cd7857b2af2b128127,CVE-2017-7494
484265150,Threekiii/Awesome-Exploit,Samba/CVE-2017-7494/src/source3/winbindd/wb_getpwsid.c,182a619f66a4d0969d541b38259d600d2fd3e22f,CVE-2017-7494
484265150,Threekiii/Awesome-Exploit,Samba/CVE-2017-7494/src/ctdb/tests/takeover/lcp2.020.sh,182d838c8a615fdf469aa8dd4f118e6956c39c4c,CVE-2017-7494
484265150,Threekiii/Awesome-Exploit,Samba/CVE-2017-7494/src/source3/script/tests/test_ntlm_auth_krb5.sh,182dbe856ebc4972db01ebb2d0cab011da15496a,CVE-2017-7494
484265150,Threekiii/Awesome-Exploit,Apisix/CVE-2021-45232/apisix_dashboard_rce.py,1833d85ef81e843fef3b29ef6a3c654c7d2055f7,CVE-2021-45232
484265150,Threekiii/Awesome-Exploit,Samba/CVE-2017-7494/src/source3/printing/print_cups.c,183bb15647dc702bc3e0dd8e09d2d2670266a1b6,CVE-2017-7494
484265150,Threekiii/Awesome-Exploit,Weblogic/weblogicScanner/stars/cve_2020_14882.py,1843f8e98aabead994b2d08a973da6792a2a96a5,CVE-2020-14882
484265150,Threekiii/Awesome-Exploit,Samba/CVE-2017-7494/src/source4/ldap_server/devdocs/rfc4512.txt,1848d64e20bfa6bcbe3dab734eff0f90b8e7bad3,CVE-2017-7494
484265150,Threekiii/Awesome-Exploit,Samba/CVE-2017-7494/src/librpc/ndr/ndr_schannel.h,1855f4a0fb66f0fe5d5c1fddf641fbb91c81e3d4,CVE-2017-7494
484265150,Threekiii/Awesome-Exploit,Samba/CVE-2017-7494/src/source3/modules/vfs_aio_pthread.c,186a449f6902653470af1dbaa1ee042196b4695c,CVE-2017-7494
484265150,Threekiii/Awesome-Exploit,Samba/CVE-2017-7494/src/source3/modules/vfs_aio_pthread.c,186a449f6902653470af1dbaa1ee042196b4695c,BID-1
484265150,Threekiii/Awesome-Exploit,Samba/CVE-2017-7494/src/third_party/pep8/testsuite/test_api.py,186e7218d71dd6d079a1fc9de42b3dd2c61a0c9e,CVE-2017-7494
484265150,Threekiii/Awesome-Exploit,Samba/CVE-2017-7494/src/third_party/zlib/Makefile.in,188d1bed1b9e68a4379e892d23b49c3615765ebc,CVE-2017-7494
484265150,Threekiii/Awesome-Exploit,Samba/CVE-2017-7494/src/selftest/manage-ca/CA-samba.example.com/Private/CA-samba.example.com-crlnumber.txt.old,188d51466bf230309c7d232db058dc574a5df5b3,CVE-2017-7494
484265150,Threekiii/Awesome-Exploit,Samba/CVE-2017-7494/src/source4/librpc/rpc/dcerpc_secondary.c,18912a6de14a999d139ae9c644b99b7b6b4833cd,CVE-2017-7494
484265150,Threekiii/Awesome-Exploit,Samba/CVE-2017-7494/src/wintest/conf/abartlet.conf,18a005e959456d7d8d730b0ea3bed4045d04920a,CVE-2017-7494
484265150,Threekiii/Awesome-Exploit,Samba/CVE-2017-7494/src/docs-xml/Samba3-Developers-Guide/CodingSuggestions.xml,18a3c86f24628b7c12ca4f855a4b41fd5b9f4d3a,CVE-2017-7494
484265150,Threekiii/Awesome-Exploit,Samba/CVE-2017-7494/src/ctdb/tests/simple/09_ctdb_ping.sh,18aca391cc41905b39c1aa53b4b113a0d30b7aec,CVE-2017-7494
484265150,Threekiii/Awesome-Exploit,Samba/CVE-2017-7494/src/docs-xml/smbdotconf/security/clientusepsnegoprincipal.xml,18ae2d57e847d7c44ef13e3562342528f7959710,CVE-2017-7494
484265150,Threekiii/Awesome-Exploit,Samba/CVE-2017-7494/src/ctdb/common/ctdb_io.c,18b53c1fbde1cce4b77fe84124074dcf75427a27,CVE-2017-7494
484265150,Threekiii/Awesome-Exploit,Samba/CVE-2017-7494/src/examples/scripts/vfs/media_harmony/trigger_avid_update.py,18b6716f8ed736205bacff2bb1226031b863829a,CVE-2017-7494
484265150,Threekiii/Awesome-Exploit,Samba/CVE-2017-7494/src/buildtools/wafsamba/pkgconfig.py,18baa3f85f3ba9dfd6fb5fe58ffc12f1edce02cb,CVE-2017-7494
484265150,Threekiii/Awesome-Exploit,Samba/CVE-2017-7494/src/source3/auth/auth.c,18bac3a205e02cf02886354fad5d91b07c8e30c5,CVE-2017-7494
484265150,Threekiii/Awesome-Exploit,Samba/CVE-2017-7494/src/docs-xml/smbdotconf/base/realm.xml,18bad8a454b8ce4d92eddc67ddfbba5b4967c8f2,CVE-2017-7494
484265150,Threekiii/Awesome-Exploit,Samba/CVE-2017-7494/src/source4/rpc_server/winreg/README,18bc83a2e892a7b5a0e0607e8a4bf6f70667e95a,CVE-2017-7494
484265150,Threekiii/Awesome-Exploit,Samba/CVE-2017-7494/src/source4/dsdb/samdb/ldb_modules/show_deleted.c,18bde7a9b623d08514173a9d1ec11e197269f878,CVE-2017-7494
484265150,Threekiii/Awesome-Exploit,Samba/CVE-2017-7494/src/source4/setup/provision.reg,18be972e1b3ee7700a43d4a8c1b1d30db2f499dd,CVE-2017-7494
484265150,Threekiii/Awesome-Exploit,Samba/CVE-2017-7494/src/source4/wrepl_server/wrepl_periodic.c,18c32cdd62ac8ae8246bcbf96be207088dcd895f,CVE-2017-7494
484265150,Threekiii/Awesome-Exploit,Samba/CVE-2017-7494/src/third_party/dnspython/dns/node.py,18c4f72f852779e427ff52838eda3fd133de8c9d,CVE-2017-7494
484265150,Threekiii/Awesome-Exploit,Samba/CVE-2017-7494/src/source3/rpc_server/lsasd.c,18c68359d84010aa08716e92c1eb45107587ac46,CVE-2017-7494
484265150,Threekiii/Awesome-Exploit,Samba/CVE-2017-7494/src/source4/torture/ndr/ntprinting.c,18fd27937378a66179aa077f7c680532d38af538,CVE-2017-7494
484265150,Threekiii/Awesome-Exploit,Samba/CVE-2017-7494/src/ctdb/tests/eventscripts/11.natgw.031.sh,19192d0ae018b50b7ac9068e55693486362efe52,CVE-2017-7494
484265150,Threekiii/Awesome-Exploit,Samba/CVE-2017-7494/src/source3/script/tests/xattr-tdb-1/run.sh,191ab3a3da9694a8a0834b538a6857e6f322dd7a,CVE-2017-7494
484265150,Threekiii/Awesome-Exploit,Samba/CVE-2017-7494/src/third_party/waf/wafadmin/__init__.py,192319999b29273b753efba910e53e479a97ec5c,CVE-2017-7494
484265150,Threekiii/Awesome-Exploit,Samba/CVE-2017-7494/src/python/samba/kcc/debug.py,192828bc2b30e5d808615dbddd2540a350ca96a7,CVE-2017-7494
484265150,Threekiii/Awesome-Exploit,Samba/CVE-2017-7494/src/source3/smbd/lanman.c,192855fde95aa763573ea530d6dc03a29c4c465f,CVE-2017-7494
484265150,Threekiii/Awesome-Exploit,Samba/CVE-2017-7494/src/librpc/ndr/ndr_auth.h,192e68907f4d8a53543382b534b043b5c88ee697,CVE-2017-7494
484265150,Threekiii/Awesome-Exploit,Samba/CVE-2017-7494/src/source4/libcli/raw/interfaces.h,192ef1d229e7cd3aa52ce37d593a4f9b31392f9f,CVE-2017-7494
484265150,Threekiii/Awesome-Exploit,Samba/CVE-2017-7494/src/docs-xml/smbdotconf/security/preloadmodules.xml,193daa6547ad2cebe009cbade4a7d151cb43bddf,CVE-2017-7494
484265150,Threekiii/Awesome-Exploit,Samba/CVE-2017-7494/src/buildtools/wafsamba/samba_autoproto.py,19531cf6b15d5623018c676d8a9d249410de099f,CVE-2017-7494
484265150,Threekiii/Awesome-Exploit,Samba/CVE-2017-7494/src/source4/libcli/dgram/libdgram.h,1972d0299181cc5c0a71189f6f9d9a89b8dc5302,CVE-2017-7494
484265150,Threekiii/Awesome-Exploit,Samba/CVE-2017-7494/src/source3/locale/pam_winbind/fi.po,1978f7cc2c8abfe2294f694a93781baad3eb257c,CVE-2017-7494
484265150,Threekiii/Awesome-Exploit,Samba/CVE-2017-7494/src/source3/winbindd/winbindd_allocate_uid.c,1979f7fb36b0d6b101892df968b7c6d408ea01fa,CVE-2017-7494
484265150,Threekiii/Awesome-Exploit,Samba/CVE-2017-7494/src/ctdb/config/nfs-checks.d/50.rquotad.check,19836e6152a793b16abfbc0458307b9f2124ec9a,CVE-2017-7494
484265150,Threekiii/Awesome-Exploit,Samba/CVE-2017-7494/src/source4/script/extract_allparms.sh,198d1c745060c073f74499f4e7713ff63b9eec38,CVE-2017-7494
484265150,Threekiii/Awesome-Exploit,Samba/CVE-2017-7494/src/source4/setup/provision_basedn_references.ldif,199bc68ba1e5f69fc1c25ee11483f75a311df113,CVE-2017-7494
484265150,Threekiii/Awesome-Exploit,Samba/CVE-2017-7494/src/source3/param/pyparam.c,199d2d8497a1013708031d5121f1cf0f84b5ac6e,CVE-2017-7494
484265150,Threekiii/Awesome-Exploit,Samba/CVE-2017-7494/src/docs-xml/manpages/vfs_preopen.8.xml,19a9ae9f4ec86ad19def0d60d4516853e36bbc2a,CVE-2017-7494
484265150,Threekiii/Awesome-Exploit,Samba/CVE-2017-7494/src/ctdb/tests/eventscripts/10.interface.takeip.002.sh,19abb5dba279bbe637600b8340913846d328753d,CVE-2017-7494
484265150,Threekiii/Awesome-Exploit,Samba/CVE-2017-7494/src/testprogs/win32/prepare_dcpromo/GNUmakefile,19b1fd8aac01314c5933a4872c7b7459a3ad59b7,CVE-2017-7494
484265150,Threekiii/Awesome-Exploit,Samba/CVE-2017-7494/src/source3/utils/net_help_common.c,19b5547b7eef1736e79aa4f82cc31145be42cdcd,CVE-2017-7494
484265150,Threekiii/Awesome-Exploit,Samba/CVE-2017-7494/src/third_party/zlib/contrib/iostream3/zfstream.cc,19b83e921e89a638ebf978ca2beea7aefd78f9c2,CVE-2017-7494
484265150,Threekiii/Awesome-Exploit,Samba/CVE-2017-7494/src/source3/script/tests/vfstest-catia/vfstest.cmd,19c146d3b19f8deb22c614767c58e13ce8594891,CVE-2017-7494
484265150,Threekiii/Awesome-Exploit,Samba/CVE-2017-7494/src/source4/dsdb/repl/drepl_service.c,19c20e2952bf2953b812d25594d7d781262f80a7,CVE-2017-7494
484265150,Threekiii/Awesome-Exploit,Samba/CVE-2017-7494/src/source4/torture/rpc/dsgetinfo.c,19c23dd6c506e6b0d3d9ac55a02b552904e61c97,CVE-2017-7494
484265150,Threekiii/Awesome-Exploit,Samba/CVE-2017-7494/src/docs-xml/Samba3-HOWTO/TOSHARG-WindowsClientConfig.xml,19c92fc6bdf6189162a0f77b90727e556b6b2184,CVE-2017-7494
484265150,Threekiii/Awesome-Exploit,Weblogic/weblogicScanner/stars/__pycache__/cve_2016_3510.cpython-36.pyc,19d571db376fbd02ffa641d480a1ad932686e564,CVE-2016-3510
484265150,Threekiii/Awesome-Exploit,Samba/CVE-2017-7494/src/source3/librpc/wscript_build,19e93dc23fb008166396c1b0ccceb3f4d15a79bb,CVE-2017-7494
484265150,Threekiii/Awesome-Exploit,Samba/CVE-2017-7494/src/third_party/popt/poptparse.c,1a14420805b3c5242fdcd6782ea8f78e399703c8,CVE-2017-7494
484265150,Threekiii/Awesome-Exploit,Samba/CVE-2017-7494/src/docs-xml/smbdotconf/ldap/ldapsuffix.xml,1a194b5904d68bfa7c92fa69a8127b86d51dc5e5,CVE-2017-7494
484265150,Threekiii/Awesome-Exploit,Samba/CVE-2017-7494/src/librpc/ndr/ndr_krb5pac.c,1a240c48372bc6b7885b87c652987d105379077f,CVE-2017-7494
484265150,Threekiii/Awesome-Exploit,Samba/CVE-2017-7494/src/source4/ntvfs/posix/pvfs_qfileinfo.c,1a3222f3f7542ee86389d8b20d8c401c75f4e926,CVE-2017-7494
484265150,Threekiii/Awesome-Exploit,Samba/CVE-2017-7494/src/source4/torture/ndr/krb5pac.c,1a3cac1953d9700976f28aea5ce50dd4c8721c18,CVE-2017-7494
484265150,Threekiii/Awesome-Exploit,Samba/CVE-2017-7494/src/ctdb/doc/onnode.1.xml,1a4e0147af85c2717878a3a7765fdab3e9dd8fb9,CVE-2017-7494
484265150,Threekiii/Awesome-Exploit,Samba/CVE-2017-7494/src/testsuite/build_farm/basicsmb-sharesec.test,1a77cc4a6de7f31b0afee2ad330da2cbe5c3ecc9,CVE-2017-7494
484265150,Threekiii/Awesome-Exploit,Samba/CVE-2017-7494/src/ctdb/tests/takeover/lcp2.026.sh,1a86aa36d6c57b3a395977ab469508afaa87db17,CVE-2017-7494
484265150,Threekiii/Awesome-Exploit,Samba/CVE-2017-7494/src/libcli/auth/ntlm_check.h,1a8f1735ecb7a090b52a0ae11937f99fb0a499fe,CVE-2017-7494
484265150,Threekiii/Awesome-Exploit,Samba/CVE-2017-7494/src/ctdb/tests/eventscripts/91.lvs.monitor.002.sh,1a9060397af7885a8a9a505cbf4fd7f0b425850f,CVE-2017-7494
484265150,Threekiii/Awesome-Exploit,Samba/CVE-2017-7494/src/libgpo/gpo_ini.c,1aa8bd86759c2e814203b4dc92e245fc94627662,CVE-2017-7494
484265150,Threekiii/Awesome-Exploit,Samba/CVE-2017-7494/src/third_party/zlib/contrib/dotzlib/DotZLib.chm,1aaf1a00bb5e373002daed196106ff9f8349b253,CVE-2017-7494
484265150,Threekiii/Awesome-Exploit,Samba/CVE-2017-7494/src/testprogs/blackbox/tombstones-expunge.sh,1ab0719570f673b0f073da6b5c48978f75c3e081,CVE-2017-7494
484265150,Threekiii/Awesome-Exploit,Samba/CVE-2017-7494/src/source3/utils/regedit_list.h,1ac4b769fba9590c686330fc3736b5d98b8851c4,CVE-2017-7494
484265150,Threekiii/Awesome-Exploit,Samba/CVE-2017-7494/src/source4/rpc_server/dnsserver/dnsdb.c,1add4288f0d616931715d0ed3550ef0432948907,CVE-2017-7494
484265150,Threekiii/Awesome-Exploit,Samba/CVE-2017-7494/src/librpc/idl/bkupblobs.idl,1ae8f4b9402b957eecb8dc9f3f7d0a8b50cd9551,CVE-2017-7494
484265150,Threekiii/Awesome-Exploit,Samba/CVE-2017-7494/src/source3/rpc_server/rpc_pipes.h,1aeb9fb2f6f8d5707fdc0de6e35908da892222ec,CVE-2017-7494
484265150,Threekiii/Awesome-Exploit,Samba/CVE-2017-7494/src/libcli/smb/smb_util.h,1afe057301d0a5b0ebf20433a0021c1f9bddcc83,CVE-2017-7494
484265150,Threekiii/Awesome-Exploit,Samba/CVE-2017-7494/src/source4/setup/provision_basedn_options.ldif,1b18af7b7920d5358393a974f2ba8bc9170bd914,CVE-2017-7494
484265150,Threekiii/Awesome-Exploit,Samba/CVE-2017-7494/src/docs/manpages/rpcclient.1,1b2fc116e1ed146d01a44d2d7da80d0e1345e462,CVE-2017-7494
484265150,Threekiii/Awesome-Exploit,Samba/CVE-2017-7494/src/source4/auth/kerberos/wscript_build,1b319538a3e0d2259a070c0534ec4f55d38f9d34,CVE-2017-7494
484265150,Threekiii/Awesome-Exploit,Samba/CVE-2017-7494/src/librpc/idl/security.idl,1b57e5bfc392f113e47c3f757e01de7e7c1d1c5d,CVE-2017-7494
484265150,Threekiii/Awesome-Exploit,Samba/CVE-2017-7494/src/source4/librpc/rpc/dcerpc_util.c,1b5860b020fe98d8653b8cc448a0d201a2949c6a,CVE-2017-7494
484265150,Threekiii/Awesome-Exploit,Samba/CVE-2017-7494/src/source4/auth/wscript_configure,1b5b902858b32f6c867a917269a6893c6ff43c40,CVE-2017-7494
484265150,Threekiii/Awesome-Exploit,Samba/CVE-2017-7494/src/librpc/idl/xattr.idl,1b5c358eb8894b71b8c34526895425b281bb4b93,CVE-2017-7494
484265150,Threekiii/Awesome-Exploit,Samba/CVE-2017-7494/src/packaging/printing/README,1b6efc5240bb5c724629d657037e629691869fd8,CVE-2017-7494
484265150,Threekiii/Awesome-Exploit,Samba/CVE-2017-7494/src/ctdb/tests/eventscripts/05.system.monitor.006.sh,1b6fa664745f9e72797ea7d1c2839fbee23f0e91,CVE-2017-7494
484265150,Threekiii/Awesome-Exploit,Samba/CVE-2017-7494/src/auth/kerberos/gssapi_helper.c,1b7508e91f8e041dcc221f0bf47039cb8e4df171,CVE-2017-7494
484265150,Threekiii/Awesome-Exploit,Samba/CVE-2017-7494/src/source3/include/libsmbclient.h,1b7ce15146995262f2f6df3bf318073b7852d794,CVE-2017-7494
484265150,Threekiii/Awesome-Exploit,Samba/CVE-2017-7494/src/source4/libnet/libnet_time.c,1bac99e214bcaa93558a99c0b0f68605151f11d1,CVE-2017-7494
484265150,Threekiii/Awesome-Exploit,Samba/CVE-2017-7494/src/source3/libads/kerberos.c,1bae5bb5f251e27195d5366262108174a839f40f,CVE-2017-7494
484265150,Threekiii/Awesome-Exploit,Samba/CVE-2017-7494/src/ctdb/tests/takeover/lcp2.029.sh,1bb7824fe47037cf5ce4ff4421992a62fe3ecd53,CVE-2017-7494
484265150,Threekiii/Awesome-Exploit,Samba/CVE-2017-7494/src/docs-xml/smbdotconf/locking/posixlocking.xml,1bc816e92907994bfc8ad0da2d7c9497a304bb51,CVE-2017-7494
484265150,Threekiii/Awesome-Exploit,Samba/CVE-2017-7494/src/source4/dsdb/samdb/ldb_modules/util.h,1bcb1794f12c98f115175f7588b99e84d1917c44,CVE-2017-7494
484265150,Threekiii/Awesome-Exploit,Samba/CVE-2017-7494/src/source3/script/tests/test_shadow_copy.sh,1bce2f9bcefa4af862b3edd7eb0c4df074f1f0ee,CVE-2017-7494
484265150,Threekiii/Awesome-Exploit,Samba/CVE-2017-7494/src/ctdb/tests/eventscripts/00.ctdb.init.002.sh,1bdc7fb94f151405945ff4af73dd8342b02f8ae5,CVE-2017-7494
484265150,Threekiii/Awesome-Exploit,Samba/CVE-2017-7494/src/docs-xml/Samba3-Developers-Guide/architecture.xml,1be6224a70da91fe3fb84f82ec8839a6e1b37852,CVE-2017-7494
484265150,Threekiii/Awesome-Exploit,Samba/CVE-2017-7494/src/source4/ldap_server/devdocs/rfc4529.txt,1bf901b3b919fc6298f1231c9470c184bbc25cff,CVE-2017-7494
484265150,Threekiii/Awesome-Exploit,Samba/CVE-2017-7494/src/libcli/auth/smbdes.c,1bfb360bc1718654868455a75802f0344cb4f017,CVE-2017-7494
484265150,Threekiii/Awesome-Exploit,Samba/CVE-2017-7494/src/ctdb/tests/complex/33_gratuitous_arp.sh,1c003c4ab14d47856603dd3e8e63863b09ac3661,CVE-2017-7494
484265150,Threekiii/Awesome-Exploit,Samba/CVE-2017-7494/src/source4/librpc/ndr/py_xattr.c,1c05a368565b8bc5705893fddc88d5cfedd39b31,CVE-2017-7494
484265150,Threekiii/Awesome-Exploit,Samba/CVE-2017-7494/src/docs-xml/smbdotconf/security/allowdcerpcauthlevelconnect.xml,1c2045d67bf0a88011d0ef0dc6c0dcbe4523b7ba,CVE-2017-7494
484265150,Threekiii/Awesome-Exploit,Samba/CVE-2017-7494/src/third_party/zlib/zconf.in.h,1c20e3a07d8f584375aedb5f2282a2fa78b92d20,CVE-2017-7494
484265150,Threekiii/Awesome-Exploit,Samba/CVE-2017-7494/src/third_party/zlib/contrib/masmx64/readme.txt,1c3546c57d53f71372b179ca7fcdf56eb41fba0c,CVE-2017-7494
484265150,Threekiii/Awesome-Exploit,Samba/CVE-2017-7494/src/source4/dsdb/samdb/ldb_modules/secrets_tdb_sync.c,1c370d2d547d1302b2094557c8c103e059269de5,CVE-2017-7494
484265150,Threekiii/Awesome-Exploit,Samba/CVE-2017-7494/src/source4/libcli/ldap/ldap_client.h,1c4123e73972f94b78708e42e663b7a30f255e43,CVE-2017-7494
484265150,Threekiii/Awesome-Exploit,Samba/CVE-2017-7494/src/source3/smbd/perfcount.c,1c44acd956a37e0087eeaa53fa93374ea0551395,CVE-2017-7494
484265150,Threekiii/Awesome-Exploit,Samba/CVE-2017-7494/src/source4/wrepl_server/wrepl_out_push.c,1c4500f8bcc0a15870451e29d73ba3d648b461da,CVE-2017-7494
484265150,Threekiii/Awesome-Exploit,Samba/CVE-2017-7494/src/ctdb/tests/eventscripts/stubs/smnotify,1c4d81cf16444e41ad5494fbd4a23f0098443440,CVE-2017-7494
484265150,Threekiii/Awesome-Exploit,Samba/CVE-2017-7494/src/source4/libnet/libnet_samsync_ldb.c,1c77f96ed21281bd2d95ddd9bbd427346fd2787e,CVE-2017-7494
484265150,Threekiii/Awesome-Exploit,Samba/CVE-2017-7494/src/python/samba/tests/samba_tool/group.py,1c7ce7c1dfc51ed1fb875a7bac70799af559625e,CVE-2017-7494
484265150,Threekiii/Awesome-Exploit,Samba/CVE-2017-7494/src/docs-xml/manpages/vfs_acl_tdb.8.xml,1c83bd4202c1cab3a45fd14341dd76127713f1a3,CVE-2017-7494
484265150,Threekiii/Awesome-Exploit,Samba/CVE-2017-7494/src/source3/libsmb/ABI/smbclient-0.1.0.sigs,1ca0eb3f1f67c17cfdf2c9abfb3b59207df79d0d,CVE-2017-7494
484265150,Threekiii/Awesome-Exploit,Samba/CVE-2017-7494/src/source3/nmbd/nmbd_browserdb.c,1cadc19f46cba6d716565f49f19b7551c7258489,CVE-2017-7494
484265150,Threekiii/Awesome-Exploit,Samba/CVE-2017-7494/src/ctdb/tests/eventscripts/10.interface.init.022.sh,1cb05e86c49a1ce47560102a479b8c4f1ba98d21,CVE-2017-7494
484265150,Threekiii/Awesome-Exploit,Samba/CVE-2017-7494/src/ctdb/common/comm.h,1ccaec5805db7008f19f01167fcef3815b33020c,CVE-2017-7494
484265150,Threekiii/Awesome-Exploit,Samba/CVE-2017-7494/src/source4/smbd/process_model.c,1cd3081536e8c97b188966c967ab10b940925838,CVE-2017-7494
484265150,Threekiii/Awesome-Exploit,Samba/CVE-2017-7494/src/source3/wscript_configure_system_ncurses,1cea353f67740cc65fe31634938aa14bfffd54dd,CVE-2017-7494
484265150,Threekiii/Awesome-Exploit,Samba/CVE-2017-7494/src/third_party/zlib/old/visual-basic.txt,1cf5886f7fcee4019ef529f8f19dd8000be01229,CVE-2017-7494
484265150,Threekiii/Awesome-Exploit,Samba/CVE-2017-7494/src/libcli/auth/spnego.h,1cfaa91cc7425684598a20503c96a057e191663f,CVE-2017-7494
484265150,Threekiii/Awesome-Exploit,Samba/CVE-2017-7494/src/source4/torture/vfs/vfs.c,1d000dabfac2f20243b36a1baf157d23b46f9fd3,CVE-2017-7494
484265150,Threekiii/Awesome-Exploit,Samba/CVE-2017-7494/src/docs-xml/archives/history,1d0197a0259244eb9b3d6acedd8be365d90a6f22,CVE-2017-7494
484265150,Threekiii/Awesome-Exploit,Samba/CVE-2017-7494/src/ctdb/tests/eventscripts/10.interface.monitor.009.sh,1d0374c07021ba941c76b345d1fe6f92bd8426a5,CVE-2017-7494
484265150,Threekiii/Awesome-Exploit,Samba/CVE-2017-7494/src/ctdb/tools/ctdb_diagnostics,1d05fe5ccd59c1d6ba8508b259bad7d6177c259c,CVE-2017-7494
484265150,Threekiii/Awesome-Exploit,Samba/CVE-2017-7494/src/source3/modules/vfs_aixacl2.c,1d32919930efe759544a4c7a3d82304185a07665,CVE-2017-7494
484265150,Threekiii/Awesome-Exploit,Samba/CVE-2017-7494/src/source3/libads/util.c,1d453b748e5ee7c7a73848a37920b97d985ee0cd,CVE-2017-7494
484265150,Threekiii/Awesome-Exploit,Samba/CVE-2017-7494/src/source3/winbindd/winbindd_setpwent.c,1d48555aeff0feb23c5a53eda51294a066960fae,CVE-2017-7494
484265150,Threekiii/Awesome-Exploit,Samba/CVE-2017-7494/src/source3/rpc_server/mdssvc/mdssvc.h,1d48c30ac946603d0df34542068247b4aaa46107,CVE-2017-7494
484265150,Threekiii/Awesome-Exploit,Samba/CVE-2017-7494/src/librpc/ndr/ndr_orpc.c,1d4f79417a9dd17c000e35ba95570ec2681dd136,CVE-2017-7494
484265150,Threekiii/Awesome-Exploit,Samba/CVE-2017-7494/src/python/samba/netcmd/fsmo.py,1d557cd9ce8eba94cef6a2c68af30691f90bd56b,CVE-2017-7494
484265150,Threekiii/Awesome-Exploit,Samba/CVE-2017-7494/src/source3/rpc_client/rpc_client.h,1d5b89e9de4a12e9cb532a8c42f2e303e4b60842,CVE-2017-7494
484265150,Threekiii/Awesome-Exploit,Samba/CVE-2017-7494/src/docs-xml/xslt/man.xsl,1d6816b640926b45a2b6b357a0d491263dff843d,CVE-2017-7494
484265150,Threekiii/Awesome-Exploit,Samba/CVE-2017-7494/src/source4/libnet/libnet_user.c,1d7499981dbf6bdef38ebdf7ee18daef40e0ad98,CVE-2017-7494
484265150,Threekiii/Awesome-Exploit,Samba/CVE-2017-7494/src/ctdb/tests/eventscripts/50.samba.monitor.001.sh,1d7891c3736822d8a06636fcbea1332c48b52a72,CVE-2017-7494
484265150,Threekiii/Awesome-Exploit,Samba/CVE-2017-7494/src/docs-xml/smbdotconf/security/invalidusers.xml,1d831c1aee769afe7867691c4cef12c006eab544,CVE-2017-7494
484265150,Threekiii/Awesome-Exploit,Samba/CVE-2017-7494/src/source3/rpcclient/cmd_netlogon.c,1d8a69a7a23dbd9bd334c12ee099568ba47e781a,CVE-2017-7494
484265150,Threekiii/Awesome-Exploit,Samba/CVE-2017-7494/src/python/samba/tests/hostconfig.py,1d8eea8acdb882db1943bb8b7cffb34d9b81b85f,CVE-2017-7494
484265150,Threekiii/Awesome-Exploit,Samba/CVE-2017-7494/src/third_party/zlib/contrib/ada/buffer_demo.adb,1d8fba99362b0973535a759097f7893d4551c4e7,CVE-2017-7494
484265150,Threekiii/Awesome-Exploit,Samba/CVE-2017-7494/src/docs-xml/smbdotconf/tuning/keepalive.xml,1d9a126e1360c37fb810b450993509f61dce19bf,CVE-2017-7494
484265150,Threekiii/Awesome-Exploit,Samba/CVE-2017-7494/src/source4/ntvfs/common/brlock.h,1d9cc166c51f852a9037f447d8785c9e5bf25038,CVE-2017-7494
484265150,Threekiii/Awesome-Exploit,Samba/CVE-2017-7494/src/ctdb/tests/eventscripts/11.natgw.001.sh,1d9d957115bf462e8e36aa2cfbc788ba2b848c2e,CVE-2017-7494
484265150,Threekiii/Awesome-Exploit,Samba/CVE-2017-7494/src/source4/libcli/raw/rawdate.c,1daa63f0758a758d922fb1ce8e56e19cad53b454,CVE-2017-7494
484265150,Threekiii/Awesome-Exploit,Samba/CVE-2017-7494/src/ctdb/tests/tool/ctdb.getdbseqnum.001.sh,1db33f5165a093d4881302fa987f6ceb9749670f,CVE-2017-7494
484265150,Threekiii/Awesome-Exploit,Samba/CVE-2017-7494/src/docs/manpages/vfs_aio_pthread.8,1db965930c7735a7929c8bba682c7bd4172beea5,CVE-2017-7494
484265150,Threekiii/Awesome-Exploit,Samba/CVE-2017-7494/src/buildtools/wafsamba/tests/test_bundled.py,1dc274d182e3d87cc36ac950c79fcc891aad51ab,CVE-2017-7494
484265150,Threekiii/Awesome-Exploit,Samba/CVE-2017-7494/src/source3/rpc_server/echo/srv_echo_nt.c,1dc7f7111fd1cffda915fa3a01a875f6117f1b87,CVE-2017-7494
484265150,Threekiii/Awesome-Exploit,Samba/CVE-2017-7494/src/source3/passdb/ABI/samba-passdb-0.24.1.sigs,1dd482aa71bdbc118aabce49a577f84656d6fb93,CVE-2017-7494
484265150,Threekiii/Awesome-Exploit,Samba/CVE-2017-7494/src/ctdb/server/ipalloc_deterministic.c,1dd5ac37fb9dbc49dcf035a1ae11bd7be847b3c4,CVE-2017-7494
484265150,Threekiii/Awesome-Exploit,Samba/CVE-2017-7494/src/third_party/waf/wafadmin/3rdparty/batched_cc.py,1ddca793392d7adecceb792b0b6e565127f45524,CVE-2017-7494
484265150,Threekiii/Awesome-Exploit,Samba/CVE-2017-7494/src/packaging/Solaris/samba.init.master,1de00333a284cd93539c341b381fce6db1c4cee8,CVE-2017-7494
484265150,Threekiii/Awesome-Exploit,Samba/CVE-2017-7494/src/docs-xml/manpages/smbcontrol.1.xml,1de300edf084e25e6317e83b24493a3deb4e10e5,CVE-2017-7494
484265150,Threekiii/Awesome-Exploit,Samba/CVE-2017-7494/src/buildtools/wafsamba/samba_dist.py,1de3658ff6a9e5311ab87d947bf57e37b92f6618,CVE-2017-7494
484265150,Threekiii/Awesome-Exploit,Samba/CVE-2017-7494/src/examples/libsmbclient/README,1def118a3de933d6083e0271bbcab5609d8b7e1e,CVE-2017-7494
484265150,Threekiii/Awesome-Exploit,Samba/CVE-2017-7494/src/source3/rpc_client/init_netlogon.h,1df04e4d18ec5880a2f52ab7ef3789a6a533e5b2,CVE-2017-7494
484265150,Threekiii/Awesome-Exploit,Samba/CVE-2017-7494/src/testprogs/win32/midltests/valid/midltests_union_align_12.idl,1e01bcdac0e47a606abd45960f6ce4be8abdddfa,CVE-2017-7494
484265150,Threekiii/Awesome-Exploit,Samba/CVE-2017-7494/src/buildtools/wafsamba/wafsamba.py,1e01fc880c70d628e4dec35d638987b08d9b55d1,CVE-2017-7494
484265150,Threekiii/Awesome-Exploit,Samba/CVE-2017-7494/src/docs/manpages/vfs_ceph.8,1e0e0f8e32b3686c8b1cecd123e5bf0f0f09fa0f,CVE-2017-7494
484265150,Threekiii/Awesome-Exploit,Samba/CVE-2017-7494/src/nsswitch/libwbclient/wbclient.h,1e1560a2f80847fa05a2d44ea6b57246a0b292e4,CVE-2017-7494
484265150,Threekiii/Awesome-Exploit,Samba/CVE-2017-7494/src/nsswitch/winbind_nss_solaris.c,1e2c9f2ab63d23502bdbe1a5862f126b4da3414f,CVE-2017-7494
484265150,Threekiii/Awesome-Exploit,Samba/CVE-2017-7494/src/source3/printing/pcap.h,1e3782a5c7ab59b1568754f208f911dfaaf4cfa2,CVE-2017-7494
484265150,Threekiii/Awesome-Exploit,Samba/CVE-2017-7494/src/ctdb/include/public/util/README.txt,1e40e6ea996b882af2e85463d82e7bc67d02e0ca,CVE-2017-7494
484265150,Threekiii/Awesome-Exploit,Samba/CVE-2017-7494/src/third_party/waf/wafadmin/3rdparty/fluid.py,1e41da06497b0ac287fa0d00398e41c9f5fdebbd,CVE-2017-7494
484265150,Threekiii/Awesome-Exploit,Samba/CVE-2017-7494/src/source3/winbindd/winbindd_pam_auth_crap.c,1e4230d0b1182bb22563f5ee08791e41d407b1c5,CVE-2017-7494
484265150,Threekiii/Awesome-Exploit,Samba/CVE-2017-7494/src/testprogs/win32/midltests/valid/midltests_union_align_16.txt,1e45315de580a2546184ef704e4d20512bc5cb4a,CVE-2017-7494
484265150,Threekiii/Awesome-Exploit,Samba/CVE-2017-7494/src/source3/smbd/sec_ctx.c,1e477142c62bb30198b558eb700da05509ba8955,CVE-2017-7494
484265150,Threekiii/Awesome-Exploit,Samba/CVE-2017-7494/src/source4/librpc/dcerpc.pc.in,1e738ef5513fe6c9f9a8d05f83837223d897cb68,CVE-2017-7494
484265150,Threekiii/Awesome-Exploit,Samba/CVE-2017-7494/src/third_party/zlib/examples/gzappend.c,1e7b481c9e28e4267eddf6a953c4612e3c211620,CVE-2017-7494
484265150,Threekiii/Awesome-Exploit,Samba/CVE-2017-7494/src/docs-xml/smbdotconf/protocol/dgramport.xml,1e824eb82cd0d5727f02051feb3309d10cb4daad,CVE-2017-7494
484265150,Threekiii/Awesome-Exploit,Samba/CVE-2017-7494/src/source4/libnet/libnet_become_dc.c,1e911598472d933e8897946c8cdda4cb47d04725,CVE-2017-7494
484265150,Threekiii/Awesome-Exploit,Samba/CVE-2017-7494/src/testsuite/nsswitch/longarg_utils.h,1e9dd20eddb2262fe89fb85e835445adb09801e0,CVE-2017-7494
484265150,Threekiii/Awesome-Exploit,Samba/CVE-2017-7494/src/docs-xml/Samba3-ByExample/images/chap5-net.svg,1ea35f71550038fd9e2a3d90764a0c3579c1d7cc,CVE-2017-7494
484265150,Threekiii/Awesome-Exploit,Samba/CVE-2017-7494/src/third_party/zlib/contrib/vstudio/vc8/testzlibdll.vcproj,1eba0141d463609078d5d535b3de124f74f2980a,CVE-2017-7494
484265150,Threekiii/Awesome-Exploit,Samba/CVE-2017-7494/src/ctdb/tests/simple/scripts/local_daemons.bash,1ec91a2e6a1c8e8bdae83944b822f72beecb51dd,CVE-2017-7494
484265150,Threekiii/Awesome-Exploit,Samba/CVE-2017-7494/src/third_party/zlib/contrib/masmx86/bld_ml32.bat,1ecced45feae00164bbe77645597d9acc75baf73,CVE-2017-7494
484265150,Threekiii/Awesome-Exploit,Samba/CVE-2017-7494/src/source4/libnet/libnet_share.c,1ed34b3e7c069b9e418ed7c40bfb1c35d376d684,CVE-2017-7494
484265150,Threekiii/Awesome-Exploit,Samba/CVE-2017-7494/src/source3/winbindd/idmap_ad_nss.c,1f2aef9e34f6fc14bc56d93e3e5b39ec1a4486ec,CVE-2017-7494
484265150,Threekiii/Awesome-Exploit,Samba/CVE-2017-7494/src/source3/printing/printing_db.c,1f366197c409eb3b28c31df4788547bfb6c6f69c,CVE-2017-7494
484265150,Threekiii/Awesome-Exploit,Samba/CVE-2017-7494/src/source3/locking/posix.c,1f48678c0dda35fe7803cb61624d88c888e9ae08,CVE-2017-7494
484265150,Threekiii/Awesome-Exploit,Samba/CVE-2017-7494/src/third_party/pyiso8601/docs/Makefile,1f660005a883fb50aba2081a2e7c22980a05a681,CVE-2017-7494
484265150,Threekiii/Awesome-Exploit,Samba/CVE-2017-7494/src/docs-xml/smbdotconf/ldap/ldapserverrequirestrongauth.xml,1f6d8bbdb383a68a27cd8e4fb2d42a52f9f47d5c,CVE-2017-7494
484265150,Threekiii/Awesome-Exploit,Samba/CVE-2017-7494/src/testsuite/smbd/se_access_check_utils.c,1f81f535cd0f8c1cd9f9111f68d17c5535f345f4,CVE-2017-7494
484265150,Threekiii/Awesome-Exploit,Samba/CVE-2017-7494/src/selftest/manage-ca/CA-samba.example.com/Users/administrator@addom.samba.example.com/USER-administrator@addom.samba.example.com-S03-private.p12,1f8b3dd255ab779ab7870735182f2872edbeddc4,CVE-2017-7494
484265150,Threekiii/Awesome-Exploit,Samba/CVE-2017-7494/src/source4/kdc/sdb.c,1f9ae9f18ba166e156202478659b90a6123e1130,CVE-2017-7494
484265150,Threekiii/Awesome-Exploit,Samba/CVE-2017-7494/src/source4/torture/man/gentest.1.xml,1f9d45b07868a9440ca7c15156e61d8973e86454,CVE-2017-7494
484265150,Threekiii/Awesome-Exploit,Samba/CVE-2017-7494/src/ctdb/tests/tool/ctdb.setdebug.001.sh,1facf284ae3ee8d5de49f0069b10e32fbb1bff40,CVE-2017-7494
484265150,Threekiii/Awesome-Exploit,Samba/CVE-2017-7494/src/source3/script/tests/test_net_misc.sh,1fb4fc3d5e3fd0bfebc0d9ad031ff3e4443714e0,CVE-2017-7494
484265150,Threekiii/Awesome-Exploit,Samba/CVE-2017-7494/src/docs-xml/smbdotconf/filename/casesensitive.xml,1fc4e1045cfb4f71c14dedc7e0c9bcb865d19abd,CVE-2017-7494
484265150,Threekiii/Awesome-Exploit,Samba/CVE-2017-7494/src/third_party/zlib/contrib/ada/readme.txt,1fd4ae8ee39ef80117dca454e1951ecaf0d1d290,CVE-2017-7494
484265150,Threekiii/Awesome-Exploit,Samba/CVE-2017-7494/src/ctdb/tests/tool/ctdb.setdbsticky.001.sh,1fd5cfc2ac937971dbff534965612dfdddcad089,CVE-2017-7494
484265150,Threekiii/Awesome-Exploit,Samba/CVE-2017-7494/src/python/samba/tests/auth.py,1fd951ced7d3ddbb22cb03de705575199a7cae27,CVE-2017-7494
484265150,Threekiii/Awesome-Exploit,Samba/CVE-2017-7494/src/source4/torture/ndr/winreg.c,1fde9ea8599af28fc6cd40fcfab3f9c83102934a,CVE-2017-7494
484265150,Threekiii/Awesome-Exploit,Samba/CVE-2017-7494/src/libgpo/gpo_util.c,1fe35e2808c5c161dd3d35fd4f67decd3a74783b,CVE-2017-7494
484265150,Threekiii/Awesome-Exploit,Samba/CVE-2017-7494/src/third_party/zlib/contrib/infback9/inftree9.h,1ff2ae2576e63ab11aecd9db94f3397d2b48e6c7,CVE-2017-7494
484265150,Threekiii/Awesome-Exploit,Samba/CVE-2017-7494/src/testdata/samba3/account_policy.tdb,1ff2f86e3c07b7340b5a95e1913f138d33af37d2,CVE-2017-7494
484265150,Threekiii/Awesome-Exploit,Samba/CVE-2017-7494/src/source3/script/tests/test_ntlm_auth_diagnostics.sh,1ff48ab4df8eb76d12c5863601d81f1d100aab53,CVE-2017-7494
484265150,Threekiii/Awesome-Exploit,Samba/CVE-2017-7494/src/source3/librpc/crypto/gse_krb5.c,1ff620c7bb55ad5164e7f3c868979a9ba9399471,CVE-2017-7494
484265150,Threekiii/Awesome-Exploit,Samba/CVE-2017-7494/src/source4/heimdal/HEIMDAL-LICENCE.txt,2004537f8b8c3aee21a03133e1f4aaed6dc9a90c,CVE-2017-7494
484265150,Threekiii/Awesome-Exploit,Samba/CVE-2017-7494/src/librpc/ndr/ndr_negoex.h,2029ae7aa0d8ec0ad51d725c05057115057ac25f,CVE-2017-7494
484265150,Threekiii/Awesome-Exploit,Samba/CVE-2017-7494/src/ctdb/tests/complex/34_nfs_tickle_restart.sh,2043900718d36bc729a643acd64affdc30246b53,CVE-2017-7494
484265150,Threekiii/Awesome-Exploit,Samba/CVE-2017-7494/src/source3/registry/reg_cachehook.h,2051ca1925bf3a8196731d278c2166e00d668e49,CVE-2017-7494
484265150,Threekiii/Awesome-Exploit,Samba/CVE-2017-7494/src/docs-xml/Samba3-HOWTO/TOSHARG-Winbind.xml,205733e37a49e78b3a553a184a97cef2e731deb5,CVE-2017-7494
484265150,Threekiii/Awesome-Exploit,Samba/CVE-2017-7494/src/source3/winbindd/wb_query_group_list.c,20687fd0c2a8ee4832fdc56bfac40d295cf60657,CVE-2017-7494
484265150,Threekiii/Awesome-Exploit,Samba/CVE-2017-7494/src/packaging/Solaris/services,20843cfa79b9f28a750708839c3bb4e535531feb,CVE-2017-7494
484265150,Threekiii/Awesome-Exploit,Samba/CVE-2017-7494/src/configure,20898937db5d7ee6a043c8ca4d180dbd02e4bd92,CVE-2017-7494
484265150,Threekiii/Awesome-Exploit,Samba/CVE-2017-7494/src/examples/validchars/validchr.c,20904bffdb706dc18607f9ec65c3eeb275dd3908,CVE-2017-7494
484265150,Threekiii/Awesome-Exploit,Samba/CVE-2017-7494/src/ctdb/tests/eventscripts/stubs/testparm,2094d6456cafd46da912224af3d54fee53ac5bdb,CVE-2017-7494
484265150,Threekiii/Awesome-Exploit,Samba/CVE-2017-7494/src/third_party/dnspython/README,2097904e416cb3c7075911cca26f7d7eb88e8d3a,CVE-2017-7494
484265150,Threekiii/Awesome-Exploit,Samba/CVE-2017-7494/src/ctdb/tests/takeover/lcp2.001.sh,209d516355424204cc07f75845efeffc0682877d,CVE-2017-7494
484265150,Threekiii/Awesome-Exploit,Samba/CVE-2017-7494/src/source3/utils/smbcquotas.c,20a56ef88906695e9f9f429905586654acc09f0a,CVE-2017-7494
484265150,Threekiii/Awesome-Exploit,Samba/CVE-2017-7494/src/ctdb/tests/eventscripts/10.interface.releaseip.010.sh,20a82d93866497fb6bd77873c0dbe6dfd11b74d0,CVE-2017-7494
484265150,Threekiii/Awesome-Exploit,Samba/CVE-2017-7494/src/packaging/RHEL-CTDB/setup/samba.pamd,20a900bceacacfb9ea6a637bb4332f6b29a87c97,CVE-2017-7494
484265150,Threekiii/Awesome-Exploit,Samba/CVE-2017-7494/src/source4/rpc_server/lsa/dcesrv_lsa.c,20b6b1a7a1dee44ec95b96918b4da1ac3a052433,CVE-2017-7494
484265150,Threekiii/Awesome-Exploit,Samba/CVE-2017-7494/src/source4/heimdal/kdc/windc_plugin.h,20c212c09ee2a36871d11104b7f3b184b1184ae1,CVE-2017-7494
484265150,Threekiii/Awesome-Exploit,Samba/CVE-2017-7494/src/ctdb/common/rb_tree.c,20d33d0ff7adf20c7c984606eacecab6d331f794,CVE-2017-7494
484265150,Threekiii/Awesome-Exploit,Samba/CVE-2017-7494/src/testprogs/win32/midltests/valid/README.txt,20de8c2e90d968f0f582fcd25cbc56c538fe7cb8,CVE-2017-7494
484265150,Threekiii/Awesome-Exploit,Samba/CVE-2017-7494/src/source3/modules/vfs_cap.c,20f8235abd627a6dba42040830e38ba3d2dc6bcb,CVE-2017-7494
484265150,Threekiii/Awesome-Exploit,Samba/CVE-2017-7494/src/libcli/smb/smb1cli_trans.c,20fa44e134fbc52224d63c3854c69647d271d5d7,CVE-2017-7494
484265150,Threekiii/Awesome-Exploit,Samba/CVE-2017-7494/src/source4/torture/smb2/notify.c,21036502983e9164848f344fad66f093ef1c4659,CVE-2017-7494
484265150,Threekiii/Awesome-Exploit,Samba/CVE-2017-7494/src/source4/auth/ntlm/wscript_build,210c05a95f5a76668fbdfc954d4c279d1e80aea3,CVE-2017-7494
484265150,Threekiii/Awesome-Exploit,Samba/CVE-2017-7494/src/docs-xml/smbdotconf/security/serverschannel.xml,21251867fc96fd0595ae94d856c62fa2271ae7b5,CVE-2017-7494
484265150,Threekiii/Awesome-Exploit,Samba/CVE-2017-7494/src/source3/include/smb_perfcount.h,213e68b0ec59f0d2bf1d475a4bb8081f4ad249bc,CVE-2017-7494
484265150,Threekiii/Awesome-Exploit,Samba/CVE-2017-7494/src/source4/ntvfs/common/wscript_build,214f7c348d75399665347a9cc376db0f7e6a5287,CVE-2017-7494
484265150,Threekiii/Awesome-Exploit,Samba/CVE-2017-7494/src/source4/dsdb/kcc/kcc_periodic.c,215613141736bde9839a8c7cb02c584907b99296,CVE-2017-7494
484265150,Threekiii/Awesome-Exploit,Samba/CVE-2017-7494/src/testsuite/smbd/sec_ctx1.c,21594aea74ff28798f16576037d551ae58468d76,CVE-2017-7494
484265150,Threekiii/Awesome-Exploit,Samba/CVE-2017-7494/src/source4/torture/libnet/libnet_share.c,215b4ee0e178bb89bfd82a8aae543344f56cf81b,CVE-2017-7494
484265150,Threekiii/Awesome-Exploit,Samba/CVE-2017-7494/src/docs-xml/smbdotconf/security/tlspriority.xml,216530e8411048d65de95025e4f4387090630772,CVE-2014-3566
484265150,Threekiii/Awesome-Exploit,Samba/CVE-2017-7494/src/docs-xml/smbdotconf/security/tlspriority.xml,216530e8411048d65de95025e4f4387090630772,CVE-2017-7494
484265150,Threekiii/Awesome-Exploit,Samba/CVE-2017-7494/src/source3/passdb/pdb_smbpasswd.c,217c768aa3d4f3ef48e525aee4d9b30fb9eaf024,CVE-2017-7494
484265150,Threekiii/Awesome-Exploit,Samba/CVE-2017-7494/src/third_party/waf/wafadmin/ansiterm.py,217e541a2fd0d0eac45509886409aa038949b7cd,CVE-2017-7494
484265150,Threekiii/Awesome-Exploit,Dubbo/CVE-2019-17564/apache-zookeeper-3.7.0-bin.tar.gz,21a0e591bb57d2e9b4964b820f799b2e3a67ed5e,CVE-2019-17564
484265150,Threekiii/Awesome-Exploit,Dubbo/CVE-2019-17564/apache-zookeeper-3.7.0-bin.tar.gz,21a0e591bb57d2e9b4964b820f799b2e3a67ed5e,VU#01
484265150,Threekiii/Awesome-Exploit,Dubbo/CVE-2019-17564/apache-zookeeper-3.7.0-bin.tar.gz,21a0e591bb57d2e9b4964b820f799b2e3a67ed5e,VU#55
484265150,Threekiii/Awesome-Exploit,Samba/CVE-2017-7494/src/examples/LDAP/ol-schema-migrate.pl,21a65a66db37b2337e3098a76ba196d6fc65f272,CVE-2017-7494
484265150,Threekiii/Awesome-Exploit,Samba/CVE-2017-7494/src/ctdb/doc/ping_pong.1.xml,21b5ce099c18d544b84d84c0341a6756f0b10827,CVE-2017-7494
484265150,Threekiii/Awesome-Exploit,Samba/CVE-2017-7494/src/third_party/waf/wafadmin/Tools/vala.py,21cc2c94d4a7c9ba58820a912175b194f939bb0e,CVE-2017-7494
484265150,Threekiii/Awesome-Exploit,Samba/CVE-2017-7494/src/source4/torture/basic/scanner.c,21e8c22a827f3164724d5331982f1af4d3268c84,CVE-2017-7494
484265150,Threekiii/Awesome-Exploit,Samba/CVE-2017-7494/src/ctdb/config/events.d/13.per_ip_routing,2213b98924e36bf0c236a55e5f216bd6d7ddcc72,CVE-2017-7494
484265150,Threekiii/Awesome-Exploit,Samba/CVE-2017-7494/src/source3/rpc_server/mdssvc/sparql_mapping.h,2213e8f8550898c32558746aa9011e60f68cb678,CVE-2017-7494
484265150,Threekiii/Awesome-Exploit,Samba/CVE-2017-7494/src/source4/torture/rpc/atsvc.c,2218cc97da622423680ed14c3a3ddac3fe69053b,CVE-2017-7494
484265150,Threekiii/Awesome-Exploit,Neo4j/CVE-2021-34371/rhino_gadget/src/main/java/Payload.java,223a9c3bcbe73395b17ee802d027ca60496f9522,CVE-2021-34371
484265150,Threekiii/Awesome-Exploit,Samba/CVE-2017-7494/src/third_party/zlib/contrib/asm686/README.686,224881383973bd477d23fb25c2bdf1aff0d2eb15,CVE-2017-7494
484265150,Threekiii/Awesome-Exploit,Samba/CVE-2017-7494/src/ctdb/tests/complex/18_ctdb_reloadips.sh,2253405ee0e13df6f10f536cb850e955bfa0ba9b,CVE-2017-7494
484265150,Threekiii/Awesome-Exploit,Samba/CVE-2017-7494/src/source4/torture/libnet/python/samr-test.py,2261c97de27279cdc9ab90beaaa3b45084427640,CVE-2017-7494
484265150,Threekiii/Awesome-Exploit,Samba/CVE-2017-7494/src/docs-xml/smbdotconf/ldap/ldapsameditposix.xml,2268173b93f9b9c3b6de24a76aa2545304fd1d95,CVE-2017-7494
484265150,Threekiii/Awesome-Exploit,Samba/CVE-2017-7494/src/ctdb/tests/tool/ctdb.getcapabilities.004.sh,226de9ce517f1a4b77d1fa459947d07ae0cdd598,CVE-2017-7494
484265150,Threekiii/Awesome-Exploit,Samba/CVE-2017-7494/src/third_party/waf/wafadmin/Tools/ar.py,2273a54a05aab6637b431d78b5e616ee8e8c8fe2,CVE-2017-7494
484265150,Threekiii/Awesome-Exploit,Samba/CVE-2017-7494/src/libcli/auth/proto.h,228a4ecfc16289a40ab9408cf9998152730256a0,CVE-2017-7494
484265150,Threekiii/Awesome-Exploit,Samba/CVE-2017-7494/src/third_party/waf/wafadmin/Tools/gdc.py,2298d275f69b4e5832cfe0b5e9d13e2967fa3aa6,CVE-2017-7494
484265150,Threekiii/Awesome-Exploit,Samba/CVE-2017-7494/src/source3/registry/reg_backend_db.c,229b468728ed62e7604ba6be952ae144171138d9,CVE-2017-7494
484265150,Threekiii/Awesome-Exploit,Samba/CVE-2017-7494/src/source4/torture/basic/rename.c,22afb95cc8ee416cf4305e17eb8f456b79c68513,CVE-2017-7494
484265150,Threekiii/Awesome-Exploit,Samba/CVE-2017-7494/src/source4/rpc_server/service_rpc.c,22d5436faa50bdc594b7d0a2078e4ba6695015d9,CVE-2017-7494
484265150,Threekiii/Awesome-Exploit,Samba/CVE-2017-7494/src/python/samba/subunit/run.py,22e0d51f94abb9a59b7de4c1ca499f7a764d595b,CVE-2017-7494
484265150,Threekiii/Awesome-Exploit,Samba/CVE-2017-7494/src/source4/torture/winbind/winbind.c,22eb883b8271155dea1c90227b74d70a22390cdc,CVE-2017-7494
484265150,Threekiii/Awesome-Exploit,Samba/CVE-2017-7494/src/ctdb/tests/tool/ctdb.reloadnodes.023.sh,22f5552347d5d67037e3f7b350220fffc0c751bf,CVE-2017-7494
484265150,Threekiii/Awesome-Exploit,Samba/CVE-2017-7494/src/examples/libsmbclient/Makefile,22f6550fef144f2245e3434952d47d3c83ec8671,CVE-2017-7494
484265150,Threekiii/Awesome-Exploit,Samba/CVE-2017-7494/src/source3/smbd/smb2_server.c,22fbced5c1644c94599eb7f7cc6acc5d3803e493,CVE-2017-7494
484265150,Threekiii/Awesome-Exploit,Samba/CVE-2017-7494/src/source4/libnet/libnet_domain.c,23020b206e2cf0376f9f7a79355560efe5b64b8b,CVE-2017-7494
484265150,Threekiii/Awesome-Exploit,Samba/CVE-2017-7494/src/docs-xml/Samba3-ByExample/SBE-AddingUNIXClients.xml,23135a9f5cedfae23bff17d3f452f072e579ed26,CVE-2017-7494
484265150,Threekiii/Awesome-Exploit,Samba/CVE-2017-7494/src/source4/librpc/rpc/dcerpc.py,2317a97c97d5417b90c28d69b89ac139bbcda405,CVE-2017-7494
484265150,Threekiii/Awesome-Exploit,Samba/CVE-2017-7494/src/libcli/smb/smb1cli_create.c,231e3550e4c42574cb39dc7065279d3f36baef84,CVE-2017-7494
484265150,Threekiii/Awesome-Exploit,Samba/CVE-2017-7494/src/docs-xml/smbdotconf/logon/allownt4crypto.xml,2321fc36ec93997a33ef314f96e5ec53ef621515,CVE-2017-7494
484265150,Threekiii/Awesome-Exploit,Samba/CVE-2017-7494/src/source4/dsdb/tests/python/dirsync.py,23251cb1bce1597aade43050d4c35490fbc23604,CVE-2017-7494
484265150,Threekiii/Awesome-Exploit,Samba/CVE-2017-7494/src/source4/nbt_server/wins/wins_hook.c,232ff820c8d7095549573ebe359d078bdfb1becb,CVE-2017-7494
484265150,Threekiii/Awesome-Exploit,Samba/CVE-2017-7494/src/source4/dsdb/tests/python/deletetest.py,233378772db078fec2d56fe8980460e13dcdb20d,CVE-2017-7494
484265150,Threekiii/Awesome-Exploit,Samba/CVE-2017-7494/src/source4/torture/ndr/nbt.c,23369545cac6ecbc2a4f830aa89f5e9b5b542894,CVE-2017-7494
484265150,Threekiii/Awesome-Exploit,Samba/CVE-2017-7494/src/ctdb/config/statd-callout,23480dd1df9373bcd2969a2f915a3cb4a9ccc204,CVE-2017-7494
484265150,Threekiii/Awesome-Exploit,Samba/CVE-2017-7494/src/third_party/pep8/docs/Makefile,234f6731608653fbfce6a98d0cefb622dd0e87a5,CVE-2017-7494
484265150,Threekiii/Awesome-Exploit,Samba/CVE-2017-7494/src/source3/smbd/oplock.c,23539bfc999ba33d6a55b54775bac799c45fe95b,CVE-2017-7494
484265150,Threekiii/Awesome-Exploit,Samba/CVE-2017-7494/src/source4/rpc_server/echo/rpc_echo.c,23544813cf6ad1dfebbb003f0905adc374414685,CVE-2017-7494
484265150,Threekiii/Awesome-Exploit,Samba/CVE-2017-7494/src/source3/modules/vfs_dirsort.c,2365c609afb157bea381e65e49aa81a10d2afce0,CVE-2017-7494
484265150,Threekiii/Awesome-Exploit,Samba/CVE-2017-7494/src/source4/heimdal/kdc/rx.h,23674a5eca7227205afef223e01098709946ceee,CVE-2017-7494
484265150,Threekiii/Awesome-Exploit,Samba/CVE-2017-7494/src/source4/ntvfs/posix/posix_eadb.h,2369fbb67d0d014fe111249d8cc8aa9c93f33618,CVE-2017-7494
484265150,Threekiii/Awesome-Exploit,Samba/CVE-2017-7494/src/python/samba/tests/dns_tkey.py,236d74f60ba055347e4acb197b8072fffea4dba9,CVE-2017-7494
484265150,Threekiii/Awesome-Exploit,Samba/CVE-2017-7494/src/ctdb/tests/complex/README,236f3e97851a6d93054517fc808501ceb64ce2be,CVE-2017-7494
484265150,Threekiii/Awesome-Exploit,Samba/CVE-2017-7494/src/docs-xml/smbdotconf/winbind/winbindtrusteddomainsonly.xml,2378c27c45066803f543de2802b001a1c405d88b,CVE-2017-7494
484265150,Threekiii/Awesome-Exploit,Samba/CVE-2017-7494/src/third_party/popt/CHANGES,2384545ba1f5dfc3b6ee13b63993166dc53e718b,CVE-2017-7494
484265150,Threekiii/Awesome-Exploit,Samba/CVE-2017-7494/src/ctdb/tests/simple/77_ctdb_db_recovery.sh,23936ad770a60c3c35c33b2687d1b22532b4765f,CVE-2017-7494
484265150,Threekiii/Awesome-Exploit,Samba/CVE-2017-7494/src/ctdb/common/system_kfreebsd.c,2393970f0750ba43a02edaf492c4bfca32e99c18,CVE-2017-7494
484265150,Threekiii/Awesome-Exploit,Samba/CVE-2017-7494/src/examples/LDAP/samba-schema.IBMSecureWay,23a3f2cc8b300c6e35469d4f1a7647c86dddf0f5,CVE-2017-7494
484265150,Threekiii/Awesome-Exploit,Samba/CVE-2017-7494/src/source3/torture/scanner.c,23af4bf34c3a907c7d2ce58f7b7ba43aebee944b,CVE-2017-7494
484265150,Threekiii/Awesome-Exploit,Samba/CVE-2017-7494/src/examples/libsmbclient/wscript_build,23b086fb3da8cc9cd35df6801dfc91910f963f45,CVE-2017-7494
484265150,Threekiii/Awesome-Exploit,Samba/CVE-2017-7494/src/librpc/idl/schannel.idl,23b11040795889fde8fd2f62c643b08045d994b7,CVE-2017-7494
484265150,Threekiii/Awesome-Exploit,Samba/CVE-2017-7494/src/ctdb/tests/eventscripts/20.multipathd.monitor.004.sh,23b2b538df846c286d3ea744852c0c7694f3cd01,CVE-2017-7494
484265150,Threekiii/Awesome-Exploit,Samba/CVE-2017-7494/src/testsuite/nsswitch/longarg_getpwnam.c,23b7661a275d86db46f1991cae3b3de683abb55f,CVE-2017-7494
484265150,Threekiii/Awesome-Exploit,Samba/CVE-2017-7494/src/ctdb/tests/eventscripts/00.ctdb.setup.002.sh,23ba726fc3ab2410be11dfcbe311056b1b39cac0,CVE-2017-7494
484265150,Threekiii/Awesome-Exploit,Samba/CVE-2017-7494/src/ctdb/config/README,23c1517cdc5fcdb0ac257dc375a9bb39ade796f1,CVE-2017-7494
484265150,Threekiii/Awesome-Exploit,Samba/CVE-2017-7494/src/source4/libcli/smb2/util.c,23d3795f356028c7e4aebd2257a6e241c86bf585,CVE-2017-7494
484265150,Threekiii/Awesome-Exploit,Samba/CVE-2017-7494/src/examples/tridge/README,23e0a159a9541da6fc9fdcecbff8916a3e90b10c,CVE-2017-7494
484265150,Threekiii/Awesome-Exploit,Samba/CVE-2017-7494/src/source4/torture/raw/raw.c,23e4232967d4dff80b5feed167d873a5248742fc,CVE-2017-7494
484265150,Threekiii/Awesome-Exploit,Samba/CVE-2017-7494/src/librpc/ndr/ndr_frsrpc.c,23e6c8ed70ebb32665aadf123d22c84510505216,CVE-2017-7494
484265150,Threekiii/Awesome-Exploit,Samba/CVE-2017-7494/src/docs-xml/smbdotconf/logging/logfile.xml,23e9d492db8ce42cb47ce889c3510efbccfc01b3,CVE-2017-7494
484265150,Threekiii/Awesome-Exploit,Samba/CVE-2017-7494/src/source3/rpc_server/samr/srv_samr_chgpasswd.c,23e9ed17ea15a83a6cf3a0418437723f1505c645,CVE-2017-7494
484265150,Threekiii/Awesome-Exploit,Samba/CVE-2017-7494/src/ctdb/config/notify.sh,23f540c879c3e87bf853d4024086af5a36a27f35,CVE-2017-7494
484265150,Threekiii/Awesome-Exploit,Samba/CVE-2017-7494/src/third_party/zlib/msdos/Makefile.msc,23fb4963a9ab7be5798fe0c8bd5fcf6ed0d1d703,CVE-2017-7494
484265150,Threekiii/Awesome-Exploit,Samba/CVE-2017-7494/src/source4/dsdb/tests/python/sec_descriptor.py,241bfbc06838b2322262bdfce5f76ae9f331a189,CVE-2017-7494
484265150,Threekiii/Awesome-Exploit,Samba/CVE-2017-7494/src/librpc/idl/named_pipe_auth.idl,243246df8d214dcf5061299660e8c685690e7a03,CVE-2017-7494
484265150,Threekiii/Awesome-Exploit,Samba/CVE-2017-7494/src/testprogs/win32/midltests/valid/midltests_union_align_05.txt,243c2de135303142cc64130cc239696f1cf32cf4,CVE-2017-7494
484265150,Threekiii/Awesome-Exploit,Samba/CVE-2017-7494/src/source4/param/provision.h,245d8d4df74a64da91ce43cf41c8b16117a357cf,CVE-2017-7494
484265150,Threekiii/Awesome-Exploit,Samba/CVE-2017-7494/src/ctdb/tests/eventscripts/60.nfs.monitor.153.sh,2474cc4a6cdf1a36d67b8b30121efecf2c005938,CVE-2017-7494
484265150,Threekiii/Awesome-Exploit,Samba/CVE-2017-7494/src/third_party/wscript,248b8a4eeb72c80dcbab4740a09731da2f18fa7f,CVE-2017-7494
484265150,Threekiii/Awesome-Exploit,Samba/CVE-2017-7494/src/docs-xml/smbdotconf/misc/resetonzerovc.xml,2494a1e460dcdfe62494dbb7480a3998f99f5cbf,CVE-2017-7494
484265150,Threekiii/Awesome-Exploit,Samba/CVE-2017-7494/src/ctdb/tests/eventscripts/13.per_ip_routing.016.sh,24a3383a2f7f8cc9331f5405b2051256132dbeed,CVE-2017-7494
484265150,Threekiii/Awesome-Exploit,Samba/CVE-2017-7494/src/python/samba/tests/dcerpc/unix.py,24b450e69297b9910fc6cdac0e06a2b1f4b67e71,CVE-2017-7494
484265150,Threekiii/Awesome-Exploit,Samba/CVE-2017-7494/src/source4/cluster/cluster.c,24bf989e5f697e4f2ef7ef41b659af7b60fd4784,CVE-2017-7494
484265150,Threekiii/Awesome-Exploit,Samba/CVE-2017-7494/src/docs-xml/smbdotconf/base/comment.xml,24c1b519b03f14bf768ff315e043476067680960,CVE-2017-7494
484265150,Threekiii/Awesome-Exploit,Samba/CVE-2017-7494/src/python/samba/subnets.py,24c7f4d41b6f454cd7b8e71a1bb777874f35d94a,CVE-2017-7494
484265150,Threekiii/Awesome-Exploit,Samba/CVE-2017-7494/src/libds/common/roles.h,24d6a265024a1553716a0ac4db6bba0d473f9e55,CVE-2017-7494
484265150,Threekiii/Awesome-Exploit,Samba/CVE-2017-7494/src/ctdb/tests/takeover/lcp2.009.sh,24dda9a7a068d09f6a23847c8f6836d4c4043ef8,CVE-2017-7494
484265150,Threekiii/Awesome-Exploit,Samba/CVE-2017-7494/src/source3/include/rpc_dce.h,24e83ca73de1f119c1abc3f5309b2a7fa8ab13ec,CVE-2017-7494
484265150,Threekiii/Awesome-Exploit,Samba/CVE-2017-7494/src/source3/script/tests/test_success.sh,24f890e4bb029744e14a8247a0b6a2ddfc73800a,CVE-2017-7494
484265150,Threekiii/Awesome-Exploit,Samba/CVE-2017-7494/src/source4/libcli/ldap/wscript_build,24f979f297f4b98750aae1280893786697c93f03,CVE-2017-7494
484265150,Threekiii/Awesome-Exploit,Samba/CVE-2017-7494/src/source4/setup/provision_schema_basedn_modify.ldif,250b6e8e2abef9e51d6d6818a5de92bce56ae385,CVE-2017-7494
484265150,Threekiii/Awesome-Exploit,Samba/CVE-2017-7494/src/ctdb/tests/takeover/det.001.sh,250b9f2d6040d4f4fce91e470a8cbda6915dacee,CVE-2017-7494
484265150,Threekiii/Awesome-Exploit,Samba/CVE-2017-7494/src/ctdb/tests/eventscripts/60.nfs.monitor.122.sh,25103b22d851ec3d8e4b89b6e604a415ab39835f,CVE-2017-7494
484265150,Threekiii/Awesome-Exploit,Samba/CVE-2017-7494/src/docs-xml/Samba3-ByExample/images/ch7-fail-overLDAP.svg,2512e36c174613f9139d928e1b9650338564676f,CVE-2017-7494
484265150,Threekiii/Awesome-Exploit,Samba/CVE-2017-7494/src/third_party/zlib/uncompr.c,252cf5a10335ccba598f41a3a49860e07ab33571,CVE-2017-7494
484265150,Threekiii/Awesome-Exploit,Samba/CVE-2017-7494/src/source4/torture/raw/ioctl.c,2531115de52c567a489ba5bcc056f0a756f876a2,CVE-2017-7494
484265150,Threekiii/Awesome-Exploit,Samba/CVE-2017-7494/src/libcli/lsarpc/util_lsarpc.c,2534e9f926021f471072443b5e913665c617996d,CVE-2017-7494
484265150,Threekiii/Awesome-Exploit,Samba/CVE-2017-7494/src/docs-xml/manpages/vfs_time_audit.8.xml,253e6e7817056dc1354dd098dcb4b052bb96af5c,CVE-2017-7494
484265150,Threekiii/Awesome-Exploit,Samba/CVE-2017-7494/src/examples/scripts/debugging/solaris/README,253fcf1152bf77a7a6edf0db82542524222466c1,CVE-2017-7494
484265150,Threekiii/Awesome-Exploit,Samba/CVE-2017-7494/src/source3/winbindd/wb_lookupname.c,2553445c92f89c3c2f5d16ee8cddd0e7bb26237d,CVE-2017-7494
484265150,Threekiii/Awesome-Exploit,Samba/CVE-2017-7494/src/third_party/dnspython/setup.py,25557aa0b9e5e47fcb1e9970719c99fc5a83bd4c,CVE-2017-7494
484265150,Threekiii/Awesome-Exploit,Samba/CVE-2017-7494/src/source3/mainpage.dox,255c03cd3c47a88d2db509632d2ad8ea03d20c8b,CVE-2017-7494
484265150,Threekiii/Awesome-Exploit,Samba/CVE-2017-7494/src/python/samba/remove_dc.py,255eb1dfb14dac67ec1b6a953428de422718ddad,CVE-2017-7494
484265150,Threekiii/Awesome-Exploit,Samba/CVE-2017-7494/src/source3/libads/ads_proto.h,256677b122c14d76cb3393eb5ba5d1b8e661cb66,CVE-2017-7494
484265150,Threekiii/Awesome-Exploit,Samba/CVE-2017-7494/src/testprogs/win32/midltests/valid/midltests_union_align_20.txt,2576eb3bbad3653a35dd68d299e4bf3d74dbd0dc,CVE-2017-7494
484265150,Threekiii/Awesome-Exploit,Samba/CVE-2017-7494/src/source4/setup/tests/blackbox_supported_features.sh,2578ba092088623ca990b4c1c343e1f79098809d,CVE-2017-7494
484265150,Threekiii/Awesome-Exploit,Samba/CVE-2017-7494/src/ctdb/tests/cunit/rb_test_001.sh,25a698d01a8817e3432ee817a9ddd1cb5d93d324,CVE-2017-7494
484265150,Threekiii/Awesome-Exploit,Samba/CVE-2017-7494/src/source3/librpc/rpc/dcerpc_ep.c,25b2482447737af71ad9ac7c7a5a977e7fce18a0,CVE-2017-7494
484265150,Threekiii/Awesome-Exploit,Samba/CVE-2017-7494/src/ctdb/tests/tool/ctdb.stop.001.sh,25b29b6b4d93a1890a48c049ae2bf12ee9722333,CVE-2017-7494
484265150,Threekiii/Awesome-Exploit,Samba/CVE-2017-7494/src/examples/libsmbclient/get_auth_data_fn.h,25e22fc86ae90ac0557d0c5477db9e98477a8e64,CVE-2017-7494
484265150,Threekiii/Awesome-Exploit,Samba/CVE-2017-7494/src/ctdb/tests/eventscripts/60.nfs.monitor.106.sh,25e92719bc3bff049697a2873badb822fa69cdd1,CVE-2017-7494
484265150,Threekiii/Awesome-Exploit,Samba/CVE-2017-7494/src/docs-xml/smbdotconf/filename/hideunreadable.xml,25ea65cf219e9fa765f2c5dc8914f0d77786833e,CVE-2017-7494
484265150,Threekiii/Awesome-Exploit,Samba/CVE-2017-7494/src/docs-xml/smbdotconf/logon/initlogondelayedhosts.xml,25f85061a127e33e5c1af595ab51d0a0bc3a28a0,CVE-2017-7494
484265150,Threekiii/Awesome-Exploit,Samba/CVE-2017-7494/src/source3/registry/reg_api_util.h,25f95785f888b600d9af7ecb2d0138e4562131c1,CVE-2017-7494
484265150,Threekiii/Awesome-Exploit,Samba/CVE-2017-7494/src/librpc/ndr/ndr_auth.c,25fa15ae030e984a7f26608a266c6cb9e70f5d35,CVE-2017-7494
484265150,Threekiii/Awesome-Exploit,Struts2/CVE-2017-5638/CVE-2017-5638-s2-045.py,260769dfe07b2125670b0159ef925a7b8f631613,CVE-2017-5638
484265150,Threekiii/Awesome-Exploit,Samba/CVE-2017-7494/src/third_party/zlib/contrib/untgz/untgz.c,260f16a4110f43071b376af97c4119f5ecf902af,CVE-2017-7494
484265150,Threekiii/Awesome-Exploit,Samba/CVE-2017-7494/src/source4/libcli/util/clilsa.c,26104a551470e21390166f443b26ccdd02927306,CVE-2017-7494
484265150,Threekiii/Awesome-Exploit,Samba/CVE-2017-7494/src/source4/selftest/test_w2k3.sh,261120a7e35a6e121767f865f459855a8a722bf4,CVE-2017-7494
484265150,Threekiii/Awesome-Exploit,Samba/CVE-2017-7494/src/third_party/dnspython/dns/rdtypes/ANY/SPF.py,26130e213927a76fbc3b6fff9c86a425990a0b2b,CVE-2017-7494
484265150,Threekiii/Awesome-Exploit,Samba/CVE-2017-7494/src/third_party/dnspython/dns/namedict.py,26166c1d4fd18b99df0b06d9700946b802869729,CVE-2017-7494
484265150,Threekiii/Awesome-Exploit,Samba/CVE-2017-7494/src/ctdb/config/events.d/11.natgw,261fe5838baf6c20f94f69710bebb5d2f71366ef,CVE-2017-7494
484265150,Threekiii/Awesome-Exploit,Samba/CVE-2017-7494/src/docs-xml/manpages/samba-tool.8.xml,2621469597a62d67818a6b8d818ada8c266a009d,CVE-2017-7494
484265150,Threekiii/Awesome-Exploit,Samba/CVE-2017-7494/src/third_party/pep8/setup.py,26236c0d9d279bc1a4d1afe3b1d2bd68c7ed5b1c,CVE-2017-7494
484265150,Threekiii/Awesome-Exploit,Samba/CVE-2017-7494/src/source4/heimdal/kdc/kerberos5.c,2627c11ad92aee442e1c61b6338468df63f33547,CVE-2017-7494
484265150,Threekiii/Awesome-Exploit,Samba/CVE-2017-7494/src/source3/passdb/pdb_get_set.c,2627f0b3a6fe9a97b6fe9ca79edb632e51484356,CVE-2017-7494
484265150,Threekiii/Awesome-Exploit,Samba/CVE-2017-7494/src/selftest/manage-ca/CA-samba.example.com/Users/administrator@addom.samba.example.com/USER-administrator@addom.samba.example.com-S03-private-key.pem,2629592c478e79ef0b507f16044ec893ce365b53,CVE-2017-7494
484265150,Threekiii/Awesome-Exploit,Samba/CVE-2017-7494/src/ctdb/tests/tool/ctdb.reloadnodes.017.sh,263aa22d1f3d5eeb92a482f825518c9bfa9ff68c,CVE-2017-7494
484265150,Threekiii/Awesome-Exploit,Samba/CVE-2017-7494/src/docs-xml/smbdotconf/winbind/netutralizent4emulation.xml,2643ad449fd42e2ce37170d9ad3664469d63af6d,CVE-2017-7494
484265150,Threekiii/Awesome-Exploit,Samba/CVE-2017-7494/src/docs-xml/manpages/idmap_tdb2.8.xml,26450655f806eaf8e14a7eaf3b2eca5d61651d52,CVE-2017-7494
484265150,Threekiii/Awesome-Exploit,Samba/CVE-2017-7494/src/third_party/zlib/old/os2/Makefile.os2,264d34095d4f456bedf18958bbc3380903ef09f3,CVE-2017-7494
484265150,Threekiii/Awesome-Exploit,Samba/CVE-2017-7494/src/docs-xml/Samba3-ByExample/images/ch8-migration.svg,265378011316b11fbcc1709c5d4777a23390c76f,CVE-2017-7494
484265150,Threekiii/Awesome-Exploit,Samba/CVE-2017-7494/src/librpc/ndr/ndr_wmi.h,2653967b0c2b41846584a5e57418311944e47ed7,CVE-2017-7494
484265150,Threekiii/Awesome-Exploit,Samba/CVE-2017-7494/src/source3/torture/msg_sink.c,2655e4c41a3927f4c3485eabd9e77880568b3f61,CVE-2017-7494
484265150,Threekiii/Awesome-Exploit,Samba/CVE-2017-7494/src/source4/dsdb/common/util_trusts.c,2664d38c05b47855211975c975bd500fbc485dc9,CVE-2017-7494
484265150,Threekiii/Awesome-Exploit,Samba/CVE-2017-7494/src/docs-xml/manpages/vfs_syncops.8.xml,2684cfd73ff967f7d3f0b3223fb558e8ce7fca11,CVE-2017-7494
484265150,Threekiii/Awesome-Exploit,Samba/CVE-2017-7494/src/source3/libsmb/namequery_dc.c,268ae9c0c3f1e551cef10d532195bdf43d0e5a41,CVE-2017-7494
484265150,Threekiii/Awesome-Exploit,Samba/CVE-2017-7494/src/libcli/echo/tests/wscript_build,268fd8d8d59b6c5533a679925f73267b4b54fa64,CVE-2017-7494
484265150,Threekiii/Awesome-Exploit,Samba/CVE-2017-7494/src/testprogs/win32/midltests/valid/midltests_union_align_15.txt,2690b563c264b74371c8af85f53835a7eea368ef,CVE-2017-7494
484265150,Threekiii/Awesome-Exploit,Samba/CVE-2017-7494/src/testprogs/win32/npecho/npecho_client2.c,26934418424d5bf4beeb80614c1ac147e3adc0ec,CVE-2017-7494
484265150,Threekiii/Awesome-Exploit,ColdFusion/CVE-2017-3066/ColdFusionPwn-0.0.1-SNAPSHOT-all.jar,26972282b884f13e9b81b924f9039edcc5dff398,CVE-2017-3066
484265150,Threekiii/Awesome-Exploit,Samba/CVE-2017-7494/src/source4/param/share.c,26a06578dc3227a1f72ce511475de43a81da26ba,CVE-2017-7494
484265150,Threekiii/Awesome-Exploit,Samba/CVE-2017-7494/src/source4/libnet/groupinfo.h,26a7e3b6c2b3464172e5544aa1c64ba80d4a64f3,CVE-2017-7494
484265150,Threekiii/Awesome-Exploit,Samba/CVE-2017-7494/src/testprogs/win32/midltests/valid/midltests_v1_enum_01.idl,26ac5018f35111a309a7cc708083f1ec36384627,CVE-2017-7494
484265150,Threekiii/Awesome-Exploit,Samba/CVE-2017-7494/src/docs-xml/manpages/idmap_script.8.xml,26c21b6ee94ceb0d2b5c9864a2ed1e7a45103d40,CVE-2017-7494
484265150,Threekiii/Awesome-Exploit,Samba/CVE-2017-7494/src/librpc/idl/wmi.idl,26c31481d989051d98b84c745a65b9ae9d21f7bf,CVE-2017-7494
484265150,Threekiii/Awesome-Exploit,Samba/CVE-2017-7494/src/source3/modules/vfs_ceph.c,26cfb2753a36bbfdb578bd79f12c1a9d1b1b79e8,CVE-2017-7494
484265150,Threekiii/Awesome-Exploit,Samba/CVE-2017-7494/src/examples/pcap2nbench/writeandxrequest.hpp,26d0527dbbdfb2a588b8d5a53a71b6a7f4c65054,CVE-2017-7494
484265150,Threekiii/Awesome-Exploit,Samba/CVE-2017-7494/src/ctdb/client/client_control.c,26d8afd09d66a7b4971354708c8a0abeb655934e,CVE-2017-7494
484265150,Threekiii/Awesome-Exploit,Samba/CVE-2017-7494/src/librpc/idl/messaging.idl,26dd8db62a6a5a668b2f928304b1ff32607b3e94,CVE-2017-7494
484265150,Threekiii/Awesome-Exploit,Samba/CVE-2017-7494/src/source3/passdb/pdb_nds.h,26ecea5445d600ebaf300dfc9c6d3c9623a6dd98,CVE-2017-7494
484265150,Threekiii/Awesome-Exploit,Samba/CVE-2017-7494/src/source4/dsdb/schema/schema_filtered.c,2706c9c2f3bbf47b812386ed860f086e03673a67,CVE-2017-7494
484265150,Threekiii/Awesome-Exploit,Samba/CVE-2017-7494/src/selftest/manage-ca/CA-samba.example.com/Public/CA-samba.example.com-cert.pem,2708d019bbc4af6b725cd0b200d3ece58fa13b5a,CVE-2017-7494
484265150,Threekiii/Awesome-Exploit,Samba/CVE-2017-7494/src/source3/script/tests/xattr-tdb-1/vfstest.cmd,270b3cf5f660854d867c0ba5e6f0be072571451c,CVE-2017-7494
484265150,Threekiii/Awesome-Exploit,Samba/CVE-2017-7494/src/source3/modules/vfs_aixacl_util.c,27127ccb2ff7b96c9e32907f85d26a9a1d388e69,CVE-2017-7494
484265150,Threekiii/Awesome-Exploit,Samba/CVE-2017-7494/src/source4/libnet/libnet_export_keytab.c,27175960708b4d2b37f6aa2bd0b76b6b426a693c,CVE-2017-7494
484265150,Threekiii/Awesome-Exploit,Samba/CVE-2017-7494/src/source3/winbindd/idmap_rid.c,272ada80abdbfa3044b791edb23523df1c7c3b10,CVE-2017-7494
484265150,Threekiii/Awesome-Exploit,Samba/CVE-2017-7494/src/ctdb/tests/tool/ctdb.unban.001.sh,272ea42ea59890ee8fafaf44e1ade484af1bb46d,CVE-2017-7494
484265150,Threekiii/Awesome-Exploit,Samba/CVE-2017-7494/src/ctdb/tests/cunit/reqid_test_001.sh,273ef471e0b474bc97d8ac3cb62cceeab86613e6,CVE-2017-7494
484265150,Threekiii/Awesome-Exploit,Samba/CVE-2017-7494/src/testsuite/build_farm/basicsmb-serversec.test,2751e67e1c0908b8ef24ebe2fd50e7347b1cc1b8,CVE-2017-7494
484265150,Threekiii/Awesome-Exploit,Samba/CVE-2017-7494/src/source4/torture/unix/unix.c,275aca2004e048e843ebe0e6cae700fe21d4797f,CVE-2017-7494
484265150,Threekiii/Awesome-Exploit,Samba/CVE-2017-7494/src/source3/libads/krb5_setpw.c,27615ebdc29df65d58414bd4727844c4c038d075,CVE-2017-7494
484265150,Threekiii/Awesome-Exploit,Samba/CVE-2017-7494/src/source3/printing/printing.c,2765136f8d798d4e54fd4a164ad1453369978f3f,CVE-2017-7494
484265150,Threekiii/Awesome-Exploit,Samba/CVE-2017-7494/src/source3/printing/printing.c,2765136f8d798d4e54fd4a164ad1453369978f3f,BID-0
484265150,Threekiii/Awesome-Exploit,Samba/CVE-2017-7494/src/ctdb/tests/takeover/scripts/local.sh,2774666ff8ee40f2393c79007ca8efecb90785d7,CVE-2017-7494
484265150,Threekiii/Awesome-Exploit,Neo4j/CVE-2021-34371/rhino_gadget/rhino.iml,277b11e6f1a55be26d17add17d29d8a5765b440e,CVE-2021-34371
484265150,Threekiii/Awesome-Exploit,Samba/CVE-2017-7494/src/source4/torture/basic/delaywrite.c,277b279e4023109cc5743dea9b0da1823873835f,CVE-2017-7494
484265150,Threekiii/Awesome-Exploit,Samba/CVE-2017-7494/src/docs-xml/smbdotconf/misc/cachedirectory.xml,277bd4b2841d7ac88dee15e8981a44203009f44f,CVE-2017-7494
484265150,Threekiii/Awesome-Exploit,Samba/CVE-2017-7494/src/testprogs/win32/midltests/valid/midltests_union_align_03.idl,2794b68f9142bdf37b1f933e52db16142ff4faed,CVE-2017-7494
484265150,Threekiii/Awesome-Exploit,Samba/CVE-2017-7494/src/source4/libcli/raw/rawrequest.c,27960ca09a0d2355df9c423e510739a7cdc0ada6,CVE-2017-7494
484265150,Threekiii/Awesome-Exploit,Samba/CVE-2017-7494/src/ctdb/ib/ibwrapper.c,2796aedb380bf5a84df47a4488ce415879a9cb5b,CVE-2017-7494
484265150,Threekiii/Awesome-Exploit,Samba/CVE-2017-7494/src/docs-xml/Samba3-HOWTO/TOSHARG-Install.xml,2796b0482d76c3175d1f6fa7b9aef9b538a7bdff,CVE-2017-7494
484265150,Threekiii/Awesome-Exploit,Samba/CVE-2017-7494/src/ctdb/tests/simple/99_daemons_shutdown.sh,279f83afbab1a7e9f3da0cfb166641d708dde6ba,CVE-2017-7494
484265150,Threekiii/Awesome-Exploit,Samba/CVE-2017-7494/src/testsuite/nsswitch/getpwnam.exp,27b539b51b4895d809633d50e94f52a89a3d1b00,CVE-2017-7494
484265150,Threekiii/Awesome-Exploit,Samba/CVE-2017-7494/src/docs-xml/smbdotconf/protocol/mapaclinherit.xml,27be9144697266f3721c6cbc2677314654e98dab,CVE-2017-7494
484265150,Threekiii/Awesome-Exploit,Samba/CVE-2017-7494/src/.testr.conf,27cc0fbbb5fbb76abbe44a65624bc9b20706830d,CVE-2017-7494
484265150,Threekiii/Awesome-Exploit,Samba/CVE-2017-7494/src/nsswitch/winbind_krb5_locator.c,27d142b99d4aafdfb22745379aaff7880540f359,CVE-2017-7494
484265150,Threekiii/Awesome-Exploit,Samba/CVE-2017-7494/src/docs-xml/smbdotconf/ldap/ldaptimeout.xml,27d2f95a539bc707aa901318a0d1775292fdceeb,CVE-2017-7494
484265150,Threekiii/Awesome-Exploit,Samba/CVE-2017-7494/src/python/samba/tests/param.py,27db6e4613e82af6d271014182bb49fc66dc7b1b,CVE-2017-7494
484265150,Threekiii/Awesome-Exploit,Samba/CVE-2017-7494/src/ctdb/config/events.d/06.nfs,27ded2bc69b84eaa3b3a063e6d6e542752672e11,CVE-2017-7494
484265150,Threekiii/Awesome-Exploit,Samba/CVE-2017-7494/src/packaging/RHEL-CTDB/makespec.sh,27e8a21ee2a23c44446627bdbb6726a8937baa30,CVE-2017-7494
484265150,Threekiii/Awesome-Exploit,Samba/CVE-2017-7494/src/source3/libsmb/ABI/smbclient-0.2.3.sigs,28120b8e12f5ec86e7369e0d1f8ee114a3fa63e8,CVE-2017-7494
484265150,Threekiii/Awesome-Exploit,Samba/CVE-2017-7494/src/source4/torture/libnet/userinfo.c,2813a11e61a46ff6f4ee449b5995bab45db287af,CVE-2017-7494
484265150,Threekiii/Awesome-Exploit,Samba/CVE-2017-7494/src/ctdb/ib/ibw_ctdb.c,283ae99332f6a6c299df79c677309b79fcf166b9,CVE-2017-7494
484265150,Threekiii/Awesome-Exploit,Samba/CVE-2017-7494/src/source4/setup/tests/blackbox_spn.sh,284af5798d73774288ef4615e226281ba33f46b6,CVE-2017-7494
484265150,Threekiii/Awesome-Exploit,Samba/CVE-2017-7494/src/nsswitch/tests/test_wbinfo.sh,284e864027c0afbc4843222efa6fd170a3163aca,CVE-2017-7494
484265150,Threekiii/Awesome-Exploit,Samba/CVE-2017-7494/src/third_party/dnspython/tests/update.py,284f77392b6aa90dc1227814342db2e8df0ff7ab,CVE-2017-7494
484265150,Threekiii/Awesome-Exploit,Samba/CVE-2017-7494/src/docs-xml/smbdotconf/printing/printnotifybackchannel.xml,285e0b5b54a844ecd441c847291d15710559b52c,CVE-2017-7494
484265150,Threekiii/Awesome-Exploit,Samba/CVE-2017-7494/src/source4/libcli/smb2/create.c,28709796fa801b843c2b4cef1a2bf2f3c142f643,CVE-2017-7494
484265150,Threekiii/Awesome-Exploit,Samba/CVE-2017-7494/src/docs-xml/manpages/winbindd.8.xml,287107541308528cc03320ed552de32af2b92f07,CVE-2017-7494
484265150,Threekiii/Awesome-Exploit,Samba/CVE-2017-7494/src/nsswitch/wscript_build,28735be475b796fca1979c221a39f778d1661908,CVE-2017-7494
484265150,Threekiii/Awesome-Exploit,Samba/CVE-2017-7494/src/ctdb/tests/eventscripts/10.interface.startup.002.sh,2884b2bb62e03de9a92d0448615be34efb9b8373,CVE-2017-7494
484265150,Threekiii/Awesome-Exploit,Samba/CVE-2017-7494/src/testsuite/build_farm/torture-MANGLE.test,288d2abf5e2dd5d58e715e83313bff348751388d,CVE-2017-7494
484265150,Threekiii/Awesome-Exploit,Samba/CVE-2017-7494/src/source3/rpc_client/util_netlogon.h,2899c15c24ad2b571c1524f18d8d6df439d03824,CVE-2017-7494
484265150,Threekiii/Awesome-Exploit,Samba/CVE-2017-7494/src/release-scripts/build-manpages-nogit,289dea704177c491a8e4afc5ec3a85859e2a85d2,CVE-2017-7494
484265150,Threekiii/Awesome-Exploit,Samba/CVE-2017-7494/src/testdata/samba3/wins.dat,28a0e94206b0c6ec1ea4c3894227f68f05855e5b,CVE-2017-7494
484265150,Threekiii/Awesome-Exploit,Samba/CVE-2017-7494/src/third_party/zlib/examples/gun.c,28b381bda3f5926719ef5d8aca763078d19bc34b,CVE-2017-7494
484265150,Threekiii/Awesome-Exploit,Samba/CVE-2017-7494/src/third_party/waf/wafadmin/Utils.py,28be45b0546f6bc0f37490f941ed4577dd603222,CVE-2017-7494
484265150,Threekiii/Awesome-Exploit,Samba/CVE-2017-7494/src/docs-xml/Samba3-HOWTO/TOSHARG-NT4Migration.xml,28c37b50d9ff15cb1e829a16f33f127120368c43,CVE-2017-7494
484265150,Threekiii/Awesome-Exploit,Samba/CVE-2017-7494/src/source3/nmbd/nmbd_lmhosts.c,28cff9c8e55653503c80ffe0e73e5bf945844dbf,CVE-2017-7494
484265150,Threekiii/Awesome-Exploit,Samba/CVE-2017-7494/src/source4/torture/basic/unlink.c,28d28c9a8ded311399e1d351e29d1343741a1add,CVE-2017-7494
484265150,Threekiii/Awesome-Exploit,Samba/CVE-2017-7494/src/docs-xml/smbdotconf/filename/hideunwriteablefiles.xml,28d7c7607ffebd489338073837b586186d79507c,CVE-2017-7494
484265150,Threekiii/Awesome-Exploit,Samba/CVE-2017-7494/src/examples/tridge/smb.conf,28e4055e3524a70c18a8d028d065ff63d27f20c7,CVE-2017-7494
484265150,Threekiii/Awesome-Exploit,Samba/CVE-2017-7494/src/source4/libcli/pysmb.c,28f51daa9bf6374ec31c1c920a6756e8a6bbb6b1,CVE-2017-7494
484265150,Threekiii/Awesome-Exploit,Samba/CVE-2017-7494/src/ctdb/utils/smnotify/smnotify.c,29117a866d20e733dcd31481eb6f2a014d7e85a5,CVE-2017-7494
484265150,Threekiii/Awesome-Exploit,Samba/CVE-2017-7494/src/third_party/zlib/contrib/masmx86/gvmat32c.c,2914ec0a250d3337ad4f9fa94fc9fab5a26ec8bb,CVE-2017-7494
484265150,Threekiii/Awesome-Exploit,Samba/CVE-2017-7494/src/docs-xml/smbdotconf/filename/manglingmethod.xml,29535822fa592dab2dc8d84bf97040a12bebbc88,CVE-2017-7494
484265150,Threekiii/Awesome-Exploit,Samba/CVE-2017-7494/src/source3/torture/test_addrchange.c,29662a9cf36c3650d8303922a859f77e1f6b9b85,CVE-2017-7494
484265150,Threekiii/Awesome-Exploit,Samba/CVE-2017-7494/src/dynconfig/dynconfig.c,296abf18cfa8971412c110e4699b19d6edf3df60,CVE-2017-7494
484265150,Threekiii/Awesome-Exploit,Samba/CVE-2017-7494/src/source4/heimdal_build/ifaddrs.hin,297e75a8bf2b5ff6f377218a1d06b0ebbf4bef22,CVE-2017-7494
484265150,Threekiii/Awesome-Exploit,Spring/CVE-2022-22947/CVE-2022-22947_EXP.py,29837e0e380e7c3e624eb8b7e82b40fc30315d2b,CVE-2022-22947
484265150,Threekiii/Awesome-Exploit,Samba/CVE-2017-7494/src/third_party/pep8/testsuite/E26.py,29928305cf2e514a11cb5d648c529b12fd5b1cb9,CVE-2017-7494
484265150,Threekiii/Awesome-Exploit,Samba/CVE-2017-7494/src/source3/rpc_server/mdssvc/srv_mdssvc_nt.h,299fec322feec0cfc1e7f0f6508be158e9bba3b8,CVE-2017-7494
484265150,Threekiii/Awesome-Exploit,Samba/CVE-2017-7494/src/docs-xml/using_samba/ch02.xml,29a0892f3aafd1b1fd463dd0a112e155c325f086,CVE-2017-7494
484265150,Threekiii/Awesome-Exploit,Samba/CVE-2017-7494/src/source3/libsmb/libsmb_dir.c,29aab3a65bebfaa10ae5ea39d0377753c7eeb00b,CVE-2017-7494
484265150,Threekiii/Awesome-Exploit,Samba/CVE-2017-7494/src/source4/torture/raw/qfileinfo.c,29abaef4059265791a4b0dc873f46a4b1654a0c6,CVE-2017-7494
484265150,Threekiii/Awesome-Exploit,Samba/CVE-2017-7494/src/buildtools/testwaf.sh,29ae5deb0d98c410a8de7add8970e8fa3b16242e,CVE-2017-7494
484265150,Threekiii/Awesome-Exploit,Samba/CVE-2017-7494/src/ctdb/server/ctdb_traverse.c,29b657bbbced8c1a10b1f0fac5c2bfa753fdf542,CVE-2017-7494
484265150,Threekiii/Awesome-Exploit,Samba/CVE-2017-7494/src/script/compare_cc_results.py,29c5e8261f547d98ab06a5e890c87768e7f3f492,CVE-2017-7494
484265150,Threekiii/Awesome-Exploit,Samba/CVE-2017-7494/src/third_party/waf/wafadmin/Tools/ocaml.py,29d9b618cfa9ced0ffa1e5da4f423bf08a00833b,CVE-2017-7494
484265150,Threekiii/Awesome-Exploit,Samba/CVE-2017-7494/src/source3/script/tests/test_smbclient_auth.sh,29e266c9e3362c8a3230613cf6d79b3b711e4c24,CVE-2017-7494
484265150,Threekiii/Awesome-Exploit,Samba/CVE-2017-7494/src/source4/scripting/devel/speedtest.py,29e94e8866b44ec12430191e8c3cf833fb8126b6,CVE-2017-7494
484265150,Threekiii/Awesome-Exploit,Samba/CVE-2017-7494/src/source4/dsdb/samdb/ldb_modules/operational.c,29ed03f004d0405dcf7eb16d1cd6dcffdd9841f3,CVE-2017-7494
484265150,Threekiii/Awesome-Exploit,Samba/CVE-2017-7494/src/ctdb/tests/tool/ctdb.setdbreadonly.004.sh,29f22818ffd457c2e0278ff8272605e6d1698047,CVE-2017-7494
484265150,Threekiii/Awesome-Exploit,Samba/CVE-2017-7494/src/third_party/dnspython/dns/rdtypes/ANY/ISDN.py,29fc442e6f893c4c079a0ae8a105b00f21db5826,CVE-2017-7494
484265150,Threekiii/Awesome-Exploit,Samba/CVE-2017-7494/src/ctdb/tests/complex/42_failover_ssh_hostname.sh,29fd0523c5cbf2652e54599e1a2f3a7e002a235e,CVE-2017-7494
484265150,Threekiii/Awesome-Exploit,Weblogic/weblogicScanner/stars/__pycache__/cve_2018_2628.cpython-36.pyc,2a01c8140caae835adb9d28c06c88cfeca2d956f,CVE-2018-2628
484265150,Threekiii/Awesome-Exploit,Weblogic/weblogicScanner/stars/__pycache__/cve_2017_3506.cpython-36.pyc,2a02aa62bbf98264a4eb805c669c4caa1b412210,CVE-2017-3506
484265150,Threekiii/Awesome-Exploit,Samba/CVE-2017-7494/src/source4/torture/auth/smbencrypt.c,2a0dce49a4f4f90d126f979c294ba087f28f98be,CVE-2017-7494
484265150,Threekiii/Awesome-Exploit,Samba/CVE-2017-7494/src/ctdb/tests/takeover/simulation/ip_groups5.py,2a113be4c48fa5f1484743489ade39887d5a5478,CVE-2017-7494
484265150,Threekiii/Awesome-Exploit,Samba/CVE-2017-7494/src/ctdb/tests/tool/ctdb.ping.001.sh,2a16b4ec015e3ec238da49962bafb60083c86693,CVE-2017-7494
484265150,Threekiii/Awesome-Exploit,Samba/CVE-2017-7494/src/selftest/manage-ca/manage-CA-samba.example.com.cnf,2a23909e485ceec4177f7c48273b1934d7ea8b97,CVE-2017-7494
484265150,Threekiii/Awesome-Exploit,Samba/CVE-2017-7494/src/source4/param/tests/loadparm.c,2a2b1bea5f819d7adfdbc55a47375ed05c174afc,CVE-2017-7494
484265150,Threekiii/Awesome-Exploit,Samba/CVE-2017-7494/src/source4/librpc/idl/winsif.idl,2a2d66f50d13d8ef1fb8a9a39f7a54039999dfa6,CVE-2017-7494
484265150,Threekiii/Awesome-Exploit,Samba/CVE-2017-7494/src/third_party/dnspython/dns/query.py,2a2df307d4e0d14c07235a7584f5b4d1d5eb985e,CVE-2017-7494
484265150,Threekiii/Awesome-Exploit,Samba/CVE-2017-7494/src/third_party/zlib/old/Makefile.riscos,2a3285389419eb244671143cc8c6333c7cbfdd2c,CVE-2017-7494
484265150,Threekiii/Awesome-Exploit,OpenSSH/CVE-2018-15473/CVE-2018-15473-exp.py,2a60e801552fa0717b20d3bbc557c3114a559e0d,CVE-2018-15473
484265150,Threekiii/Awesome-Exploit,Samba/CVE-2017-7494/src/source3/locale/pam_winbind/ja.po,2a65b9555ea746c8155ffe8ef6db83fa7ebe047f,CVE-2017-7494
484265150,Threekiii/Awesome-Exploit,Samba/CVE-2017-7494/src/docs/manpages/testparm.1,2a73507fcd7bd40b8107333bd882f5470bad84e7,CVE-2017-7494
484265150,Threekiii/Awesome-Exploit,Samba/CVE-2017-7494/src/third_party/dnspython/dns/dnssec.py,2a9f1563af886e2732576aa3f21de2ada737f46e,CVE-2017-7494
484265150,Threekiii/Awesome-Exploit,Samba/CVE-2017-7494/src/docs-xml/smbdotconf/printing/cupsoptions.xml,2aa529978fc83c3a8322bec75c1e023d7a3e2d08,CVE-2017-7494
484265150,Threekiii/Awesome-Exploit,Samba/CVE-2017-7494/src/ctdb/config/events.d/99.timeout,2ab2b6c9fa1c13886abe8f39a2989e51e9786796,CVE-2017-7494
484265150,Threekiii/Awesome-Exploit,Samba/CVE-2017-7494/src/source4/wrepl_server/wrepl_server.c,2ab3c80a5e0a6aa85bb90148392a706c6fd1ee90,CVE-2017-7494
484265150,Threekiii/Awesome-Exploit,Samba/CVE-2017-7494/src/source4/torture/rpc/initshutdown.c,2ad53da3d8ac39d7c0b9b3caa13b77d91255b917,CVE-2017-7494
484265150,Threekiii/Awesome-Exploit,Samba/CVE-2017-7494/src/ctdb/tests/takeover/lcp2.018.sh,2af51e0d73a42343dd4438d02f5ca2ef605d9b1a,CVE-2017-7494
484265150,Threekiii/Awesome-Exploit,Samba/CVE-2017-7494/src/ctdb/tests/simple/78_ctdb_large_db_recovery.sh,2b10c20ded565476e96f38afd85e7221d0a73444,CVE-2017-7494
484265150,Threekiii/Awesome-Exploit,Samba/CVE-2017-7494/src/examples/LDAP/samba.schema,2b12125ccd9a5d3d053f72e6cfacf93ef0d31d9a,CVE-2017-7494
484265150,Threekiii/Awesome-Exploit,Libssh/CVE-2018-10933/CVE-2018-10933-poc.py,2b194c8ae42e25c9bc85e60f7cc7de844c527441,CVE-2018-10933
484265150,Threekiii/Awesome-Exploit,Samba/CVE-2017-7494/src/auth/ntlmssp/ntlmssp_server.c,2b28d864405cda6fdcd20df7db018eb1e96588b0,CVE-2017-7494
484265150,Threekiii/Awesome-Exploit,Samba/CVE-2017-7494/src/source3/registry/reg_backend_tcpip_params.c,2b3996a68ce56ca1ca9d2fb63cd30be4211b3b47,CVE-2017-7494
484265150,Threekiii/Awesome-Exploit,Samba/CVE-2017-7494/src/source4/librpc/rpc/dcerpc_connect.c,2b4e28f60a5aa38874c128e70f3b1deda2d55b21,CVE-2017-7494
484265150,Threekiii/Awesome-Exploit,Samba/CVE-2017-7494/src/source4/torture/raw/samba3hide.c,2b7ae4969e1228483c2cef05d426214a67155901,CVE-2017-7494
484265150,Threekiii/Awesome-Exploit,Samba/CVE-2017-7494/src/source4/rpc_server/dnsserver/dnsdata.c,2b7e6b61f7be69765ddeae61ff9b53eeae0a4293,CVE-2017-7494
484265150,Threekiii/Awesome-Exploit,Samba/CVE-2017-7494/src/source3/auth/auth_winbind.c,2b8224671527870814528611a2c01bb7bf1b8f17,CVE-2017-7494
484265150,Threekiii/Awesome-Exploit,Samba/CVE-2017-7494/src/third_party/dnspython/dns/rdtypes/ANY/HIP.py,2b9e383500d2589905218107ccc4d5c635455c0a,CVE-2017-7494
484265150,Threekiii/Awesome-Exploit,Samba/CVE-2017-7494/src/source4/ntvfs/wscript_build,2b9f3a0afd75a3de3e0f5f1452fb4ddfdf569810,CVE-2017-7494
484265150,Threekiii/Awesome-Exploit,Samba/CVE-2017-7494/src/selftest/skip,2ba144400102603d295290a107e651ccab97b9ac,CVE-2017-7494
484265150,Threekiii/Awesome-Exploit,Samba/CVE-2017-7494/src/selftest/manage-ca/CA-samba.example.com/Private/CA-samba.example.com-openssl.cnf,2bae11e022573d650cf10657275fb02774b83d90,CVE-2017-7494
484265150,Threekiii/Awesome-Exploit,Samba/CVE-2017-7494/src/ctdb/tests/eventscripts/10.interface.monitor.014.sh,2bb22b6afbc54d9a8a3899bccd2738d70e2458f7,CVE-2017-7494
484265150,Threekiii/Awesome-Exploit,Samba/CVE-2017-7494/src/source3/winbindd/winbindd_getpwsid.c,2bb8d41d2aa21a9ebc6a792815e0d5fee0441dde,CVE-2017-7494
484265150,Threekiii/Awesome-Exploit,Samba/CVE-2017-7494/src/source3/profile/profile.c,2bc6177d92a6cc804201993f508f345de873a6d6,CVE-2017-7494
484265150,Threekiii/Awesome-Exploit,Samba/CVE-2017-7494/src/examples/libsmbclient/testchmod.c,2bd4c0341bd5e73ac70c8a941bd486ebb6eac8e0,CVE-2017-7494
484265150,Threekiii/Awesome-Exploit,Samba/CVE-2017-7494/src/third_party/zlib/contrib/puff/puff.c,2c0bcb04cbc3c4670d847687c68951f0b9eb6afd,CVE-2017-7494
484265150,Threekiii/Awesome-Exploit,Samba/CVE-2017-7494/src/source4/smb_server/smb/search.c,2c18098299d2b2d85998c38943ed94f885aed7af,CVE-2017-7494
484265150,Threekiii/Awesome-Exploit,Samba/CVE-2017-7494/src/source4/heimdal_build/krb5/windc_plugin.h,2c26e33ec3c14d4b8da5d4efe69cee55ba3f7985,CVE-2017-7494
484265150,Threekiii/Awesome-Exploit,Samba/CVE-2017-7494/src/librpc/idl/remact.idl,2c4d9a275c9dd52ab09e4f56f0e964b02727e707,CVE-2017-7494
484265150,Threekiii/Awesome-Exploit,Samba/CVE-2017-7494/src/source3/rpc_client/cli_pipe_schannel.c,2c5107899805571c58c8c9ba7850a00a66c0306b,CVE-2017-7494
484265150,Threekiii/Awesome-Exploit,Samba/CVE-2017-7494/src/testprogs/win32/spoolss/testspoolss.c,2c54185b47e9dd272ccd03af9671b23764f4d7e6,CVE-2017-7494
484265150,Threekiii/Awesome-Exploit,Samba/CVE-2017-7494/src/source3/torture/vfstest.h,2c5458de03d6d3b9da4a682468c1d303805bb104,CVE-2017-7494
484265150,Threekiii/Awesome-Exploit,Samba/CVE-2017-7494/src/docs-xml/Samba3-ByExample/images/acct2net.svg,2c5d73efb540f9351cad551b2fbe8f949d4b3a81,CVE-2017-7494
484265150,Threekiii/Awesome-Exploit,Samba/CVE-2017-7494/src/third_party/dnspython/dns/rdtypes/dsbase.py,2c7052caaf2e5bf2d825b1ec244181318919d435,CVE-2017-7494
484265150,Threekiii/Awesome-Exploit,Samba/CVE-2017-7494/src/docs-xml/Samba3-Developers-Guide/printing.xml,2ca1d90ec76643b3b4bed3b6bfae4620b076a412,CVE-2017-7494
484265150,Threekiii/Awesome-Exploit,Samba/CVE-2017-7494/src/third_party/popt/popt.c,2ca58b26ba1193dc6639c432beef49bdd0d8567b,CVE-2017-7494
484265150,Threekiii/Awesome-Exploit,Samba/CVE-2017-7494/src/source3/script/tests/test_rpcclient.sh,2cc0bdf7b27f48910c2379f357e269bc3a14127e,CVE-2017-7494
484265150,Threekiii/Awesome-Exploit,Samba/CVE-2017-7494/src/source3/rpc_server/rpc_server.h,2d10c24fb6829918d620975b7677dd49f774c7a1,CVE-2017-7494
484265150,Threekiii/Awesome-Exploit,Samba/CVE-2017-7494/src/ctdb/tools/ctdb_killtcp.c,2d133d476ba89e2b312180499690c9f7118d8f4e,CVE-2017-7494
484265150,Threekiii/Awesome-Exploit,Samba/CVE-2017-7494/src/source3/smbd/smb2_sesssetup.c,2d22b17375b8aa5220987914c73c78b6a511f8d7,CVE-2017-7494
484265150,Threekiii/Awesome-Exploit,Samba/CVE-2017-7494/src/source4/torture/basic/properties.c,2d22b571b1eb253d9f62185a78ac233aea18a0c8,CVE-2017-7494
484265150,Threekiii/Awesome-Exploit,Samba/CVE-2017-7494/src/docs-xml/manpages/idmap_rid.8.xml,2d2f3b5790703c54243644c3f37f82f71b4d9b83,CVE-2017-7494
484265150,Threekiii/Awesome-Exploit,Samba/CVE-2017-7494/src/source3/libsmb/ABI/smbclient-0.2.0.sigs,2d3e6a704a69e46b74ed70e6793c93c4c402e7a7,CVE-2017-7494
484265150,Threekiii/Awesome-Exploit,Samba/CVE-2017-7494/src/third_party/pep8/testsuite/E90.py,2d464dc4d42da0163b92cbdcf621590b23ac507a,CVE-2017-7494
484265150,Threekiii/Awesome-Exploit,Samba/CVE-2017-7494/src/third_party/zlib/infback.c,2d5d74105cacf3c235b75ae20fba68e2345796c1,CVE-2017-7494
484265150,Threekiii/Awesome-Exploit,Samba/CVE-2017-7494/src/python/pyglue.c,2d748b9c4db357c493cb64a88917be79968e974a,CVE-2017-7494
484265150,Threekiii/Awesome-Exploit,Samba/CVE-2017-7494/src/source4/param/share_classic.c,2d77597dc8290729e2d33bece070403069d73f7f,CVE-2017-7494
484265150,Threekiii/Awesome-Exploit,Samba/CVE-2017-7494/src/docs-xml/smbdotconf/misc/rootpreexec.xml,2d7ada08035ff942ab653fb77c1c9f7e7ef64860,CVE-2017-7494
484265150,Threekiii/Awesome-Exploit,Samba/CVE-2017-7494/src/third_party/zlib/contrib/asm586/match.S,2d7ffe0b1c9d3dc9270620bf57fc96cb33e1f3a9,CVE-2017-7494
484265150,Threekiii/Awesome-Exploit,Samba/CVE-2017-7494/src/ctdb/config/events.d/11.routing,2d8550b92f372d367c1f900f84c7f7f11b98b39e,CVE-2017-7494
484265150,Threekiii/Awesome-Exploit,Samba/CVE-2017-7494/src/source4/heimdal/kdc/kdc.h,2d872d0b19e826b8f93f1ddd055925aad6f739d3,CVE-2017-7494
484265150,Threekiii/Awesome-Exploit,Samba/CVE-2017-7494/src/source3/passdb/pdb_ldap_schema.h,2d942891e92e6c15fb963c27ae3eeaafcd7937dd,CVE-2017-7494
484265150,Threekiii/Awesome-Exploit,Samba/CVE-2017-7494/src/third_party/dnspython/dns/__init__.py,2d9d06288f17312da8131eb757f5b285b51343f9,CVE-2017-7494
484265150,Threekiii/Awesome-Exploit,Samba/CVE-2017-7494/src/testprogs/blackbox/test_ktpass.sh,2daa00cc4d059acfb40b621bd266fe7736ca53e9,CVE-2017-7494
484265150,Threekiii/Awesome-Exploit,Samba/CVE-2017-7494/src/ctdb/tests/eventscripts/13.per_ip_routing.011.sh,2dbd167a59afeab1c5a42d9ff9ddcbf5a460f277,CVE-2017-7494
484265150,Threekiii/Awesome-Exploit,Samba/CVE-2017-7494/src/source3/include/intl.h,2dc0e6e47975913b60681ffd02436e94bb5bb495,CVE-2017-7494
484265150,Threekiii/Awesome-Exploit,Samba/CVE-2017-7494/src/docs-xml/Samba3-ByExample/gpl.xml,2dd032c7de0632fd444fd75a12f0d59d67d0cf42,CVE-2017-7494
484265150,Threekiii/Awesome-Exploit,Samba/CVE-2017-7494/src/source4/winbind/wb_async_helpers.c,2dd3d85476cfb4e50614e7d900ad8e40e3e677a4,CVE-2017-7494
484265150,Threekiii/Awesome-Exploit,Samba/CVE-2017-7494/src/packaging/systemd/README,2dda7fe4325e9e0a27934679462e68fda6cced90,CVE-2017-7494
484265150,Threekiii/Awesome-Exploit,Samba/CVE-2017-7494/src/buildtools/compare_generated.sh,2de0595f0f4d5eed0dedaa423dcb6dcd54ba438c,CVE-2017-7494
484265150,Threekiii/Awesome-Exploit,Samba/CVE-2017-7494/src/examples/dce-dfs/README,2de89ac4cbd669a4252f40861336541025ba4ff4,CVE-2017-7494
484265150,Threekiii/Awesome-Exploit,Samba/CVE-2017-7494/src/source3/libsmb/clireadwrite.c,2df9f9ec579425018c6c2befa4a314b9c8cb1a70,CVE-2017-7494
484265150,Threekiii/Awesome-Exploit,Samba/CVE-2017-7494/src/ctdb/tests/src/test_mutex_raw.c,2e1475785fda4ebf09e1c56bb571b24f80be4c4c,CVE-2017-7494
484265150,Threekiii/Awesome-Exploit,Samba/CVE-2017-7494/src/source3/modules/vfs_linux_xfs_sgid.c,2e213b582a7b87c2315d70d5958e6ec99ecc9dd0,CVE-2017-7494
484265150,Threekiii/Awesome-Exploit,Samba/CVE-2017-7494/src/testprogs/blackbox/upgradeprovision-oldrelease.sh,2e2341398aa9cd5e9b714057126e712adcbc0a06,CVE-2017-7494
484265150,Threekiii/Awesome-Exploit,Samba/CVE-2017-7494/src/source4/torture/rpc/samr_accessmask.c,2e28a4883151a548be33641da85bbdfc9e00a964,CVE-2017-7494
484265150,Threekiii/Awesome-Exploit,Samba/CVE-2017-7494/src/source4/librpc/rpc/dcerpc_roh_channel_out.c,2e2eca9a6ca11243338e9f2aa14eb4e99978940a,CVE-2017-7494
484265150,Threekiii/Awesome-Exploit,Samba/CVE-2017-7494/src/source3/winbindd/winbindd_msrpc.c,2e46a41bff29dfa0e1c79e3ceff91706dcd92d79,CVE-2017-7494
484265150,Threekiii/Awesome-Exploit,Samba/CVE-2017-7494/src/source4/ntvfs/posix/pvfs_util.c,2e47f7e48165cc73e2d2fdb36027ca78be63207a,CVE-2017-7494
484265150,Threekiii/Awesome-Exploit,Samba/CVE-2017-7494/src/nsswitch/tests/test_idmap_nss.sh,2e5a5cd8f945ff2e4fe17ef7c25e386191025dec,CVE-2017-7494
484265150,Threekiii/Awesome-Exploit,Samba/CVE-2017-7494/src/source3/script/tests/fake_snap.pl,2e72a034f1bf2c4f1bbdf0bfa392563b4717cd30,CVE-2017-7494
484265150,Threekiii/Awesome-Exploit,Samba/CVE-2017-7494/src/source4/dsdb/kcc/kcc_drs_replica_info.c,2e77ed5c7ab4bbaa21c25e3ac165b59bcbed09b6,CVE-2017-7494
484265150,Threekiii/Awesome-Exploit,Samba/CVE-2017-7494/src/docs/manpages/vfs_aio_linux.8,2e7ceadead01fb2ac65285135449e0b207b242a0,CVE-2017-7494
484265150,Threekiii/Awesome-Exploit,Samba/CVE-2017-7494/src/ctdb/tests/eventscripts/41.httpd.monitor.001.sh,2e8ec9a5b8e73bd2a34e51bbbbb868ffefa39a17,CVE-2017-7494
484265150,Threekiii/Awesome-Exploit,Samba/CVE-2017-7494/src/docs-xml/smbdotconf/logon/logonpath.xml,2e94519001da7324e93a01b9a50628e4b5355a83,CVE-2017-7494
484265150,Threekiii/Awesome-Exploit,Samba/CVE-2017-7494/src/source3/script/tests/test_ntlm_auth_s3.sh,2e99adafa7d39be5db6dfa25d6fb87e4686dd9f3,CVE-2017-7494
484265150,Threekiii/Awesome-Exploit,Samba/CVE-2017-7494/src/source3/passdb/machine_sid.c,2ea9e9936246e022573c54629432cdb7bb8d2ff3,CVE-2017-7494
484265150,Threekiii/Awesome-Exploit,Samba/CVE-2017-7494/src/source4/libcli/smb2/setinfo.c,2eb027be1a3e272604377c3064f94346dd969753,CVE-2017-7494
484265150,Threekiii/Awesome-Exploit,Samba/CVE-2017-7494/src/librpc/idl/drsblobs.idl,2eb1a8dabc2b47b36ade1db328494c9492e0cd37,CVE-2017-7494
484265150,Threekiii/Awesome-Exploit,Samba/CVE-2017-7494/src/auth/credentials/samba-credentials.pc.in,2ebaeb1cd8d51e91b9e52ec71f34b06542fc7c20,CVE-2017-7494
484265150,Threekiii/Awesome-Exploit,Samba/CVE-2017-7494/src/docs-xml/registry/Win-2Kx-XPP-DeleteCachedProfiles.reg,2ebc279a4db5e6b2f38fbba30ff7eefaee216793,CVE-2017-7494
484265150,Threekiii/Awesome-Exploit,Samba/CVE-2017-7494/src/source4/nbt_server/dgram/request.c,2ec014ea044c617a35bf699b64df0ef792e57138,CVE-2017-7494
484265150,Threekiii/Awesome-Exploit,Samba/CVE-2017-7494/src/docs-xml/smbdotconf/printing/maxreportedprintjobs.xml,2ec17dbb3338972b3fb4255f606d25f712a84f07,CVE-2017-7494
484265150,Threekiii/Awesome-Exploit,Samba/CVE-2017-7494/src/examples/scripts/wins_hook/README,2ef27b8e2eaaeed35740b617533d5165049b58e1,CVE-2017-7494
484265150,Threekiii/Awesome-Exploit,Samba/CVE-2017-7494/src/source4/libcli/clifile.c,2f08024e5ab4225a0f82896cd13797306a1e23bf,CVE-2017-7494
484265150,Threekiii/Awesome-Exploit,Samba/CVE-2017-7494/src/Roadmap,2f084b63fa35beb8c3ef2b01a743ee5a4f2c109b,CVE-2017-7494
484265150,Threekiii/Awesome-Exploit,Samba/CVE-2017-7494/src/source3/modules/vfs_tsmsm.c,2f19207a9091002156bc26d745fe2dbfdb9d563a,CVE-2017-7494
484265150,Threekiii/Awesome-Exploit,Samba/CVE-2017-7494/src/docs-xml/smbdotconf/printing/spoolssosversion.xml,2f29cc135ffe3cee78f61b41da5112913d62847c,CVE-2017-7494
484265150,Threekiii/Awesome-Exploit,Samba/CVE-2017-7494/src/third_party/zlib/crc32.c,2f328db58ecdc6a17583cd462fe9943f25610209,CVE-2017-7494
484265150,Threekiii/Awesome-Exploit,Samba/CVE-2017-7494/src/selftest/quick,2f46901931579d70cfe65e8b2574f0ce18bbd56d,CVE-2017-7494
484265150,Threekiii/Awesome-Exploit,Fastjson/1.2.24/marshalsec-0.0.3-SNAPSHOT-all.jar,2f4917d0bff8ff38a90d5f76607392d9871d6637,VU#03
484265150,Threekiii/Awesome-Exploit,Fastjson/1.2.24/marshalsec-0.0.3-SNAPSHOT-all.jar,2f4917d0bff8ff38a90d5f76607392d9871d6637,VU#80
484265150,Threekiii/Awesome-Exploit,Fastjson/1.2.24/marshalsec-0.0.3-SNAPSHOT-all.jar,2f4917d0bff8ff38a90d5f76607392d9871d6637,VU#83
484265150,Threekiii/Awesome-Exploit,Fastjson/1.2.24/marshalsec-0.0.3-SNAPSHOT-all.jar,2f4917d0bff8ff38a90d5f76607392d9871d6637,VU#23
484265150,Threekiii/Awesome-Exploit,Fastjson/1.2.24/marshalsec-0.0.3-SNAPSHOT-all.jar,2f4917d0bff8ff38a90d5f76607392d9871d6637,VU#68
484265150,Threekiii/Awesome-Exploit,Samba/CVE-2017-7494/src/source4/torture/smb2/create.c,2f4e93d10e1387e78e6d0007f6ab10e8877d49ed,CVE-2017-7494
484265150,Threekiii/Awesome-Exploit,Samba/CVE-2017-7494/src/python/samba/netcmd/drs.py,2f5bc6d9e49f5582d288ff2930e78bb4f1e07ba2,CVE-2017-7494
484265150,Threekiii/Awesome-Exploit,Samba/CVE-2017-7494/src/source4/scripting/devel/createtrust,2f6141a668396970ba1b22b6635e6dd6c24d916f,CVE-2017-7494
484265150,Threekiii/Awesome-Exploit,Samba/CVE-2017-7494/src/source3/utils/net_afs.h,2f63552f09e5bd4489388e012fd5d1f6ded1fecc,CVE-2017-7494
484265150,Threekiii/Awesome-Exploit,Samba/CVE-2017-7494/src/source3/locking/locking.c,2f683c1ccc5bc2b5cb4180874936e703509a740e,CVE-2017-7494
484265150,Threekiii/Awesome-Exploit,Samba/CVE-2017-7494/src/source3/smbd/posix_acls.c,2f70fe795f0ee885138a3b410e6e39f76a49fb14,CVE-2017-7494
484265150,Threekiii/Awesome-Exploit,Samba/CVE-2017-7494/src/source3/locking/brlock.c,2f7e95c9a2426f80811f75cd421ac112db9ef002,CVE-2017-7494
484265150,Threekiii/Awesome-Exploit,Samba/CVE-2017-7494/src/source3/rpc_server/rpc_ncacn_np.c,2f813d77cefa06605b02f73250d81218e7569f1f,CVE-2017-7494
484265150,Threekiii/Awesome-Exploit,Samba/CVE-2017-7494/src/source4/nbt_server/defense.c,2f82208ed7a979e82592fd8e1d3e53c3bbdb7e7e,CVE-2017-7494
484265150,Threekiii/Awesome-Exploit,Samba/CVE-2017-7494/src/testsuite/build_farm/basicsmb-domainsec.test,2f87b99a8f47eabd49d0c6bcdcdd74d3998dd9d4,CVE-2017-7494
484265150,Threekiii/Awesome-Exploit,Samba/CVE-2017-7494/src/source4/auth/session.h,2f9787b0ea1c16fb35f8f5a9166902bc80713329,CVE-2017-7494
484265150,Threekiii/Awesome-Exploit,Samba/CVE-2017-7494/src/testprogs/win32/midltests/valid/midltests_fixed_size_in_array_01.txt,2f9e9bc3bbcba4593d5036bb794e5ba699ddac2e,CVE-2017-7494
484265150,Threekiii/Awesome-Exploit,Samba/CVE-2017-7494/src/source4/ntvfs/posix/python/pyxattr_native.c,2fa4cfd83686699fb56ee1b510a8c64d1aac833e,CVE-2017-7494
484265150,Threekiii/Awesome-Exploit,Samba/CVE-2017-7494/src/third_party/pep8/docs/index.rst,2fb595efcb3226a273005d7448e066675d199062,CVE-2017-7494
484265150,Threekiii/Awesome-Exploit,Samba/CVE-2017-7494/src/docs-xml/using_samba/appa.xml,2fb6c46693fd8ee9ef1506290496e616b05d8294,CVE-2017-7494
484265150,Threekiii/Awesome-Exploit,Samba/CVE-2017-7494/src/source4/torture/tests/test_masktest.sh,2fcf0f867444e7948ff3c5364064fa175bb535a7,CVE-2017-7494
484265150,Threekiii/Awesome-Exploit,Samba/CVE-2017-7494/src/testsuite/build_farm/torture-FDPASS.test,2fd2f5ef5689a323946efdfcf791aba7e4ceb023,CVE-2017-7494
484265150,Threekiii/Awesome-Exploit,Samba/CVE-2017-7494/src/docs-xml/smbdotconf/misc/afsusernamemap.xml,2fd80010e82096068508c0d01150460907c3be0b,CVE-2017-7494
484265150,Threekiii/Awesome-Exploit,Samba/CVE-2017-7494/src/auth/kerberos/pac_utils.h,2fdf979a0a8cefe7bdb150ec46e0580f274bdbf0,CVE-2017-7494
484265150,Threekiii/Awesome-Exploit,Samba/CVE-2017-7494/src/source4/wrepl_server/wrepl_out_helpers.c,2fe76dab60079261287b859cb12394c15ff7d356,CVE-2017-7494
484265150,Threekiii/Awesome-Exploit,Samba/CVE-2017-7494/src/testsuite/smbd/se_access_check_nullsd.c,2fec06209a9ead6e0062a6ad3bd9bfe52eb4891d,CVE-2017-7494
484265150,Threekiii/Awesome-Exploit,Samba/CVE-2017-7494/src/source4/ntvfs/posix/pvfs_read.c,2ff02eb72aa1f78d112ff31170e46db7c87783c1,CVE-2017-7494
484265150,Threekiii/Awesome-Exploit,Samba/CVE-2017-7494/src/source3/rpc_server/rpc_modules.h,2ff44ae9bcfc620daa44a277091c30a645fcc727,CVE-2017-7494
484265150,Threekiii/Awesome-Exploit,Samba/CVE-2017-7494/src/source4/libcli/smb2/transport.c,2ffc72011c8fa7da2a14f69b27ebc35c3afcc654,CVE-2017-7494
484265150,Threekiii/Awesome-Exploit,Struts2/CVE-2019-0230/CVE-2019-0230.py,300e22558cc568be828bb4ef161479cb26c04f82,CVE-2019-0230
484265150,Threekiii/Awesome-Exploit,Samba/CVE-2017-7494/src/examples/scripts/shares/python/SambaConfig.py,3010500caa7b318fb6fa34f1a2263eb74c7868fb,CVE-2017-7494
484265150,Threekiii/Awesome-Exploit,Samba/CVE-2017-7494/src/docs-xml/manpages/dbwrap_tool.1.xml,3014bf664a88b7498166af8f68bfd8d9965b05d1,CVE-2017-7494
484265150,Threekiii/Awesome-Exploit,Samba/CVE-2017-7494/src/docs-xml/smbdotconf/winbind/idmapnegativecachetime.xml,301bf30f301ba00168b096135850ae4fa5e1297a,CVE-2017-7494
484265150,Threekiii/Awesome-Exploit,Samba/CVE-2017-7494/src/ctdb/include/ctdb_private.h,30230c8497cc893ffade42adb930dca20d11ecb8,CVE-2017-7494
484265150,Threekiii/Awesome-Exploit,Samba/CVE-2017-7494/src/docs-xml/smbdotconf/security/forcesecuritymode.xml,302825ab91b4da01e4f3a3492d6247424e8e1272,CVE-2017-7494
484265150,Threekiii/Awesome-Exploit,Samba/CVE-2017-7494/src/packaging/RHEL-CTDB/README,302ebabf978496a1366aa26a097efba414a0af1d,CVE-2017-7494
484265150,Threekiii/Awesome-Exploit,Samba/CVE-2017-7494/src/librpc/idl/notify.idl,303ecc85381eb420d97f72215ba7d5026ac47669,CVE-2017-7494
484265150,Threekiii/Awesome-Exploit,Samba/CVE-2017-7494/src/buildtools/wafsamba/samba_deps.py,3042910420f4240c39892062a8e93a7bb2ab8148,CVE-2017-7494
484265150,Threekiii/Awesome-Exploit,Samba/CVE-2017-7494/src/auth/credentials/pycredentials.h,3044453b25395ae8d0c62eac6ec48966f2e8818c,CVE-2017-7494
484265150,Threekiii/Awesome-Exploit,Samba/CVE-2017-7494/src/ctdb/common/pkt_read.c,3045fbd4d9886da0ad309a061744d657af54b162,CVE-2017-7494
484265150,Threekiii/Awesome-Exploit,Samba/CVE-2017-7494/src/testsuite/smbd/Makefile.se_access_check,30504a5b767b9d60532aab020d1d6e24b9f0f1ad,CVE-2017-7494
484265150,Threekiii/Awesome-Exploit,Samba/CVE-2017-7494/src/source4/ntvfs/posix/pvfs_sys.c,30691ca9f5fd4642830bc64a26e961f9009be879,CVE-2017-7494
484265150,Threekiii/Awesome-Exploit,Samba/CVE-2017-7494/src/third_party/dnspython/examples/mx.py,3069aa42b6be7e26754c621a60af33207be17e9f,CVE-2017-7494
484265150,Threekiii/Awesome-Exploit,Samba/CVE-2017-7494/src/source3/rpc_server/mdssvc/dalloc.h,308320bc470dea03de5fb9432b2087467b0be5cf,CVE-2017-7494
484265150,Threekiii/Awesome-Exploit,Samba/CVE-2017-7494/src/source4/heimdal/kdc/version-script.map,3089da824a5548f90f7b93fc6b0c7191d594c09c,CVE-2017-7494
484265150,Threekiii/Awesome-Exploit,Samba/CVE-2017-7494/src/third_party/waf/wafadmin/Node.py,309cf7321bcf87fdc547fec553f7709e0e0e0362,CVE-2017-7494
484265150,Threekiii/Awesome-Exploit,Samba/CVE-2017-7494/src/ctdb/tests/eventscripts/13.per_ip_routing.009.sh,30ae9cdb7a4a5b0f024fe0977bb397232a4d3844,CVE-2017-7494
484265150,Threekiii/Awesome-Exploit,Samba/CVE-2017-7494/src/source3/passdb/ABI/pdb-0.1.0.sigs,30af53419fb6916515fe850c0e8bc90d785a92fe,CVE-2017-7494
484265150,Threekiii/Awesome-Exploit,Weblogic/WeblogicScan/app/plugins/CVE-2018-2894.py,30bc737bafea0826e76d1f896f09dc85e17f0de1,CVE-2018-2894
484265150,Threekiii/Awesome-Exploit,Samba/CVE-2017-7494/src/third_party/dnspython/dns/tokenizer.py,30bf72c2ccb5a83176a9c43b9bc565d94699566f,CVE-2017-7494
484265150,Threekiii/Awesome-Exploit,Samba/CVE-2017-7494/src/ctdb/tests/simple/13_ctdb_setdebug.sh,30d6950b587e2508db0ed1a4e1085de1cedcd9a3,CVE-2017-7494
484265150,Threekiii/Awesome-Exploit,Samba/CVE-2017-7494/src/script/bisect-test.py,30ecd927f5cce2f7d4d10f7f29de2564627591ff,CVE-2017-7494
484265150,Threekiii/Awesome-Exploit,Samba/CVE-2017-7494/src/ctdb/tests/eventscripts/stubs/exportfs,30f06d0c4c63b576955d0b65341e29bb7dfab3fa,CVE-2017-7494
484265150,Threekiii/Awesome-Exploit,Samba/CVE-2017-7494/src/libcli/auth/libcli_auth.h,31002a3888e4e84a763dee4fc82d605ccce306e7,CVE-2017-7494
484265150,Threekiii/Awesome-Exploit,Samba/CVE-2017-7494/src/source3/registry/reg_backend_hkpt_params.c,310c2243060ad3228a3cb0e54168128fe7aa2ee3,CVE-2017-7494
484265150,Threekiii/Awesome-Exploit,Samba/CVE-2017-7494/src/source3/smbd/globals.h,3115f71cb70508ad71a762364ce4ccd8859bbdd6,CVE-2017-7494
484265150,Threekiii/Awesome-Exploit,Samba/CVE-2017-7494/src/docs-xml/smbdotconf/security/accessbasedshareenum.xml,311ca6a5e89ef80e0839e72670a296efdf55ff6a,CVE-2017-7494
484265150,Threekiii/Awesome-Exploit,Samba/CVE-2017-7494/src/source3/include/local.h,315c5950d0baf390abeac7f8dfc0af772959271c,CVE-2017-7494
484265150,Threekiii/Awesome-Exploit,Samba/CVE-2017-7494/src/docs-xml/smbdotconf/locking/smb2leases.xml,31670f0d7ef8c4640f2e7f6eaaf691482f6f50b3,CVE-2017-7494
484265150,Threekiii/Awesome-Exploit,Samba/CVE-2017-7494/src/source3/torture/test_posix_append.c,3169bf1746b0e32d1b0b2645b6068dfc709901b8,CVE-2017-7494
484265150,Threekiii/Awesome-Exploit,Samba/CVE-2017-7494/src/third_party/pep8/Makefile,3169fc9335a46c2842682ae3d05fff915f4a775e,CVE-2017-7494
484265150,Threekiii/Awesome-Exploit,Samba/CVE-2017-7494/src/examples/libsmbclient/testbrowse.c,31743e9ce79a76671aee8ec6b4f12af58c3c95b7,CVE-2017-7494
484265150,Threekiii/Awesome-Exploit,Samba/CVE-2017-7494/src/source3/modules/vfs_fileid.c,317e7727a5857d1fc0566c88581f15edfe7b54c1,CVE-2017-7494
484265150,Threekiii/Awesome-Exploit,Samba/CVE-2017-7494/src/source4/torture/rpc/alter_context.c,318be93c09f87118c6bed60039ea049017d431f9,CVE-2017-7494
484265150,Threekiii/Awesome-Exploit,Samba/CVE-2017-7494/src/source3/libsmb/clidfs.c,31903ff19433bad86dbfea985b75b223eaeaec57,CVE-2017-7494
484265150,Threekiii/Awesome-Exploit,Samba/CVE-2017-7494/src/source4/rpc_server/wkssvc/dcesrv_wkssvc.c,3190d4bf288a640b2651555d9d5d9f9c7082625b,CVE-2017-7494
484265150,Threekiii/Awesome-Exploit,Samba/CVE-2017-7494/src/librpc/idl/drsuapi.idl,319da4dd7245363feda6edc6a38fa4ed82adbd00,CVE-2017-7494
484265150,Threekiii/Awesome-Exploit,Samba/CVE-2017-7494/src/source4/libcli/smb2/ioctl.c,31bd81fa807c1ae9798ad409fb2c178ff953f4eb,CVE-2017-7494
484265150,Threekiii/Awesome-Exploit,Samba/CVE-2017-7494/src/source4/nbt_server/wins/winsserver.h,31c518f8699b23fe25681e6479119fae5de43afe,CVE-2017-7494
484265150,Threekiii/Awesome-Exploit,Samba/CVE-2017-7494/src/examples/pcap2nbench/smb.cpp,31c9599b575b4a2c7e1e1f17e53b69666789359a,CVE-2017-7494
484265150,Threekiii/Awesome-Exploit,Samba/CVE-2017-7494/src/source3/rpc_client/init_spoolss.h,31e67c460dad8d5aa7be6ad25d55d6020cacabab,CVE-2017-7494
484265150,Threekiii/Awesome-Exploit,Samba/CVE-2017-7494/src/docs-xml/smbdotconf/printing/queuepausecommand.xml,31ea678dcae5a03198d3cd4987cefa2dc793d704,CVE-2017-7494
484265150,Threekiii/Awesome-Exploit,Samba/CVE-2017-7494/src/source3/client/clitar_proto.h,31ff924bbc3e415c1a255ce9027a7d5830f74fcc,CVE-2017-7494
484265150,Threekiii/Awesome-Exploit,Samba/CVE-2017-7494/src/source3/libsmb/libsmb_xattr.c,32071b94f5d9e59cb36972d5dfba151a7cffceae,CVE-2017-7494
484265150,Threekiii/Awesome-Exploit,Samba/CVE-2017-7494/src/docs-xml/manpages/smbclient.1.xml,320ff072082e85beeeff494a5c182d11aaa50d0c,CVE-2017-7494
484265150,Threekiii/Awesome-Exploit,Samba/CVE-2017-7494/src/BUILD_SYSTEMS.txt,3211f4cd2302a2d79c4a859580ada8d59f510e48,CVE-2017-7494
484265150,Threekiii/Awesome-Exploit,Samba/CVE-2017-7494/src/tests/trivial.c,3215c68404e23a2ed698dc58cf80d96207af5853,CVE-2017-7494
484265150,Threekiii/Awesome-Exploit,Samba/CVE-2017-7494/src/source3/torture/cmd_vfs.c,3223d7493b8658120d0e3b4d205d98656522acd8,CVE-2017-7494
484265150,Threekiii/Awesome-Exploit,Samba/CVE-2017-7494/src/source3/winbindd/idmap_rfc2307.c,3223deef69a4389406df93089d987a7e1b873238,CVE-2017-7494
484265150,Threekiii/Awesome-Exploit,Samba/CVE-2017-7494/src/source4/heimdal/base/bool.c,32263f34848e92dc3e773f9fe7f076c1dfc5c8ed,CVE-2017-7494
484265150,Threekiii/Awesome-Exploit,Samba/CVE-2017-7494/src/source3/smbd/session.c,32307d0daa67c8d4b1a326bed491a6c48b080845,CVE-2017-7494
484265150,Threekiii/Awesome-Exploit,Samba/CVE-2017-7494/src/source3/modules/vfs_xattr_tdb.c,326eda5dc6c73358e786ce8b4a47bcded324595a,CVE-2017-7494
484265150,Threekiii/Awesome-Exploit,Samba/CVE-2017-7494/src/source4/param/secrets.c,3277a0c8e4cb0c4037fed6e3a730ab5c04ce4b13,CVE-2017-7494
484265150,Threekiii/Awesome-Exploit,Samba/CVE-2017-7494/src/docs-xml/Samba3-ByExample/images/ch7-dual-additive-LDAP-Ok.svg,32865dbd6719e55a681279ea0dfe2597a0c8dec7,CVE-2017-7494
484265150,Threekiii/Awesome-Exploit,Samba/CVE-2017-7494/src/source3/smbd/smb2_notify.c,329a9b39eedbf873ada36c692bdaa54878d92943,CVE-2017-7494
484265150,Threekiii/Awesome-Exploit,Samba/CVE-2017-7494/src/python/samba/tests/samba_tool/rodc.py,32a164d9f3a9602fe426801f178c84dc40479e71,CVE-2017-7494
484265150,Threekiii/Awesome-Exploit,Samba/CVE-2017-7494/src/source4/libcli/smb2/smb2.h,32a31178171cc99ab621c405f78a22b66f0d784b,CVE-2017-7494
484265150,Threekiii/Awesome-Exploit,Samba/CVE-2017-7494/src/source4/torture/rpc/srvsvc.c,32ad5d1a9a94b1028ff4d85c9f86f3e44038ad30,CVE-2017-7494
484265150,Threekiii/Awesome-Exploit,Samba/CVE-2017-7494/src/source4/dsdb/common/tests/dsdb_dn.c,32af04cfa86719c815ab14869b589c3e20b66576,CVE-2017-7494
484265150,Threekiii/Awesome-Exploit,Samba/CVE-2017-7494/src/source4/dsdb/samdb/ldb_modules/partition_init.c,32ba39c0abbad330310abcc07224ebd05dbf3f1b,CVE-2017-7494
484265150,Threekiii/Awesome-Exploit,Samba/CVE-2017-7494/src/third_party/pep8/testsuite/E11.py,32d0b75202f41f362507afc766a91756c6d31ded,CVE-2017-7494
484265150,Threekiii/Awesome-Exploit,OpenSSL/CVE-2014-0160/CVE-2014-0160.py,32d232dd52465c96101ce2f990dc7ad4ccf92c74,CVE-2014-0160
484265150,Threekiii/Awesome-Exploit,Samba/CVE-2017-7494/src/testprogs/win32/midltests/utils.c,32e5e3c3896ddde42ec60edfd1a0040a1e7dfbd1,CVE-2017-7494
484265150,Threekiii/Awesome-Exploit,Samba/CVE-2017-7494/src/source3/libsmb/pylibsmb.c,32e8e72777e62345e961c58fbc8a3e2c2fe3f511,CVE-2017-7494
484265150,Threekiii/Awesome-Exploit,Samba/CVE-2017-7494/src/third_party/waf/wafadmin/Configure.py,32f900b42f77395791d0bbc0b804ca2e2b4b9e9f,CVE-2017-7494
484265150,Threekiii/Awesome-Exploit,Samba/CVE-2017-7494/src/dfs_server/wscript_build,334dfc98425dda115129bbd12c37cd4de0f32af2,CVE-2017-7494
484265150,Threekiii/Awesome-Exploit,Samba/CVE-2017-7494/src/selftest/manage-ca/CA-samba.example.com/Private/CA-samba.example.com-crlnumber.txt,3351d58b1d3bf73122c431502fc94a77abba1edc,CVE-2017-7494
484265150,Threekiii/Awesome-Exploit,Samba/CVE-2017-7494/src/testprogs/win32/midltests/valid/midltests_union_align_10.txt,33571f96a2cec6acb53b18288650e75f6ec1523d,CVE-2017-7494
484265150,Threekiii/Awesome-Exploit,Samba/CVE-2017-7494/src/source4/dsdb/samdb/ldb_modules/samba3sam.c,33604eef000c5822cab48726a924746ca28d51e6,CVE-2017-7494
484265150,Threekiii/Awesome-Exploit,Samba/CVE-2017-7494/src/examples/pcap2nbench/ntcreateandxresponse.cpp,3372a58ecf9addd84188119da6da7884408c5c4e,CVE-2017-7494
484265150,Threekiii/Awesome-Exploit,Samba/CVE-2017-7494/src/source4/dsdb/kcc/kcc_connection.h,3377a0014667ce60b677a3ab0a11d9745ceef63c,CVE-2017-7494
484265150,Threekiii/Awesome-Exploit,Samba/CVE-2017-7494/src/ctdb/tests/tool/README,339b67250ab445bae6e0bda5c1b63520906917b1,CVE-2017-7494
484265150,Threekiii/Awesome-Exploit,Samba/CVE-2017-7494/src/source4/torture/auth/ntlmssp.c,33a28e713501f9b87016b43724361c70237b38c0,CVE-2017-7494
484265150,Threekiii/Awesome-Exploit,Samba/CVE-2017-7494/src/librpc/ABI/ndr-0.0.5.sigs,33b4e2029fcfa50ae4604e5895c20d8d5fdcd1c2,CVE-2017-7494
484265150,Threekiii/Awesome-Exploit,Samba/CVE-2017-7494/src/source3/script/tests/test_net_dom_join_fail_dc.sh,33d40c8ec19268fd9df0d7d60c5b6ea4efdc0609,CVE-2017-7494
484265150,Threekiii/Awesome-Exploit,Samba/CVE-2017-7494/src/source3/include/g_lock.h,33e5285281e4c1bc8141511375530ad8e1ecad5b,CVE-2017-7494
484265150,Threekiii/Awesome-Exploit,Samba/CVE-2017-7494/src/source4/heimdal/kdc/misc.c,33ec670c2af16559251c95da57000512959de2b8,CVE-2017-7494
484265150,Threekiii/Awesome-Exploit,Samba/CVE-2017-7494/src/libcli/security/pysecurity.c,33f04999ce70bdb73b305bfdc2c0f86800cf3936,CVE-2017-7494
484265150,Threekiii/Awesome-Exploit,Samba/CVE-2017-7494/src/source4/torture/libnet/libnet_BecomeDC.c,33f0d12e5f064569e536008bea9c02bf382d7798,CVE-2017-7494
484265150,Threekiii/Awesome-Exploit,Samba/CVE-2017-7494/src/source4/libnet/groupman.c,33f950bb583af6e7e690ec5c297246ef55e6fd85,CVE-2017-7494
484265150,Threekiii/Awesome-Exploit,Samba/CVE-2017-7494/src/script/identity_cc.sh,34099e50a9938656b83b7b915c9597d0a3ec5072,CVE-2017-7494
484265150,Threekiii/Awesome-Exploit,Samba/CVE-2017-7494/src/ctdb/tests/eventscripts/10.interface.monitor.006.sh,342232ae98764787c767edfda92e843d3dafef71,CVE-2017-7494
484265150,Threekiii/Awesome-Exploit,Samba/CVE-2017-7494/src/third_party/waf/wafadmin/3rdparty/prefork.py,3446352e8001c25e2cb27121920bfd2f654243f1,CVE-2017-7494
484265150,Threekiii/Awesome-Exploit,Samba/CVE-2017-7494/src/source3/include/util_event.h,344d5301f470e8c9b136f4d6292c8f4547064fe8,CVE-2017-7494
484265150,Threekiii/Awesome-Exploit,Samba/CVE-2017-7494/src/source3/printing/nt_printing_tdb.c,34692169496a16aab49cfd420d07aab6d82ced9e,CVE-2017-7494
484265150,Threekiii/Awesome-Exploit,Samba/CVE-2017-7494/src/source3/smbd/smb2_flush.c,346f49e9f9c82d9cb70ecde76c633e26132bc040,CVE-2017-7494
484265150,Threekiii/Awesome-Exploit,Samba/CVE-2017-7494/src/docs-xml/smbdotconf/winbind/includesystemkrb5conf.xml,3470e4eae2ba674741db78d9265064c46258b1e6,CVE-2017-7494
484265150,Threekiii/Awesome-Exploit,Samba/CVE-2017-7494/src/source4/libcli/dgram/netlogon.c,34b7c27d022fd18d769a5dcbc4558afd0744e94b,CVE-2017-7494
484265150,Threekiii/Awesome-Exploit,Samba/CVE-2017-7494/src/selftest/tap2subunit,34b7face75237e467ec3597f892b6dd3bd211c1f,CVE-2017-7494
484265150,Threekiii/Awesome-Exploit,Samba/CVE-2017-7494/src/source3/torture/test_chain3.c,34b8be57776c66e57e755281264de329cd226277,CVE-2017-7494
484265150,Threekiii/Awesome-Exploit,Samba/CVE-2017-7494/src/ctdb/tools/onnode,34c22f6bee350f880261addb4191efb9cf2d0e52,CVE-2017-7494
484265150,Threekiii/Awesome-Exploit,Samba/CVE-2017-7494/src/docs-xml/smbdotconf/misc/remotebrowsesync.xml,34d5b3b5eaf6d5159e632e5676928858cdab0db8,CVE-2017-7494
484265150,Threekiii/Awesome-Exploit,Samba/CVE-2017-7494/src/source4/torture/rpc/witness.c,34e1d75c1ca6d94a88e12a463335e71ba4ee9dfc,CVE-2017-7494
484265150,Threekiii/Awesome-Exploit,Samba/CVE-2017-7494/src/ctdb/tests/eventscripts/60.nfs.multi.005.sh,34e1df60079a785d6bc5f93b3c28186741dc5791,CVE-2017-7494
484265150,Threekiii/Awesome-Exploit,Samba/CVE-2017-7494/src/source4/auth/kerberos/kerberos.h,34f7d07755df5acba1abba3a30e82aeb6e5e630b,CVE-2017-7494
484265150,Threekiii/Awesome-Exploit,Samba/CVE-2017-7494/src/source3/libsmb/clifsinfo.c,34ff70a86989160ae4d0929629ea9e02f42043d0,CVE-2017-7494
484265150,Threekiii/Awesome-Exploit,Samba/CVE-2017-7494/src/ctdb/tests/tool/ctdb.natgw.008.sh,34ffa617db6ac56eb6eec2d99f3704ceb6fafa81,CVE-2017-7494
484265150,Threekiii/Awesome-Exploit,Samba/CVE-2017-7494/src/source4/torture/masktest.c,350c6b8c098afdf422c51d7c59894cdaa9a6676c,CVE-2017-7494
484265150,Threekiii/Awesome-Exploit,Samba/CVE-2017-7494/src/third_party/zlib/contrib/iostream3/zfstream.h,351a3f5bfb93196701cc86b27db866a18ca54105,CVE-2017-7494
484265150,Threekiii/Awesome-Exploit,Samba/CVE-2017-7494/src/ctdb/tools/ctdb_natgw,351b6723bfd61fa7ea2b2746957b4ed2a4dfa1f8,CVE-2017-7494
484265150,Threekiii/Awesome-Exploit,Samba/CVE-2017-7494/src/third_party/waf/wafadmin/3rdparty/gccdeps.py,3520881fbb4250db55726edce6c203533aeb152c,CVE-2017-7494
484265150,Threekiii/Awesome-Exploit,Samba/CVE-2017-7494/src/ctdb/tests/takeover/det.003.sh,3532cabaa24df8fdfd588c9cd0526e753f3cfb4e,CVE-2017-7494
484265150,Threekiii/Awesome-Exploit,Samba/CVE-2017-7494/src/docs-xml/manpages/vfs_snapper.8.xml,353402ce32e9998b19e219c11ee07e4ee1912a44,CVE-2017-7494
484265150,Threekiii/Awesome-Exploit,Samba/CVE-2017-7494/src/source4/dsdb/repl/drepl_ridalloc.c,35554dd6cfdc54a6319f944fd97d0393f63a9064,CVE-2017-7494
484265150,Threekiii/Awesome-Exploit,Spring/CVE-2022-22965/CVE-2022-22965-exp.py,35557d9e731b347a737ca890e0d73f4282e08006,CVE-2022-22965
484265150,Threekiii/Awesome-Exploit,Samba/CVE-2017-7494/src/python/samba/netcmd/sites.py,356454c1c380c84ccd07ef050b56a80d548b27a5,CVE-2017-7494
484265150,Threekiii/Awesome-Exploit,Samba/CVE-2017-7494/src/docs-xml/smbdotconf/protocol/durablehandles.xml,3570dcf0e8d335dec8343d474403f59c001b3c1f,CVE-2017-7494
484265150,Threekiii/Awesome-Exploit,Samba/CVE-2017-7494/src/docs-xml/Samba3-Developers-Guide/modules.xml,357eb3485a6d8cc45358d2746515e5afeacfddcd,CVE-2017-7494
484265150,Threekiii/Awesome-Exploit,Samba/CVE-2017-7494/src/docs-xml/smbdotconf/ldap/ldapssl.xml,358aa693bd3c80a36aa798a24efe11617c162313,CVE-2017-7494
484265150,Threekiii/Awesome-Exploit,Samba/CVE-2017-7494/src/source4/setup/display-specifiers/DisplaySpecifiers-Win2k0.txt,358bfd161c1555205c1e136568f869e21a071fbe,VU#60
484265150,Threekiii/Awesome-Exploit,Samba/CVE-2017-7494/src/source4/setup/display-specifiers/DisplaySpecifiers-Win2k0.txt,358bfd161c1555205c1e136568f869e21a071fbe,VU#21
484265150,Threekiii/Awesome-Exploit,Samba/CVE-2017-7494/src/source4/setup/display-specifiers/DisplaySpecifiers-Win2k0.txt,358bfd161c1555205c1e136568f869e21a071fbe,VU#251
484265150,Threekiii/Awesome-Exploit,Samba/CVE-2017-7494/src/source4/setup/display-specifiers/DisplaySpecifiers-Win2k0.txt,358bfd161c1555205c1e136568f869e21a071fbe,CVE-2017-7494
484265150,Threekiii/Awesome-Exploit,Samba/CVE-2017-7494/src/source4/setup/display-specifiers/DisplaySpecifiers-Win2k0.txt,358bfd161c1555205c1e136568f869e21a071fbe,VU#70
484265150,Threekiii/Awesome-Exploit,Samba/CVE-2017-7494/src/source4/ntvfs/ipc/README,359bba71b8848709579a6bcaf3193560dc8ca14a,CVE-2017-7494
484265150,Threekiii/Awesome-Exploit,Samba/CVE-2017-7494/src/python/samba/tests/upgradeprovision.py,35a8f70474d77b831e1203a08d535e1b1334a8c7,CVE-2017-7494
484265150,Threekiii/Awesome-Exploit,Samba/CVE-2017-7494/src/source4/torture/ndr/atsvc.c,35c10f0fed481c60daeb3199196e7ab3bddb537c,CVE-2017-7494
484265150,Threekiii/Awesome-Exploit,Samba/CVE-2017-7494/src/examples/dce-dfs/smb.conf,35c5f09d7251fce018026eef8f94c2b184857a6d,CVE-2017-7494
484265150,Threekiii/Awesome-Exploit,Samba/CVE-2017-7494/src/ctdb/tests/eventscripts/50.samba.shutdown.011.sh,35c90266e3b565eae107967f4b7873a6f38712b8,CVE-2017-7494
484265150,Threekiii/Awesome-Exploit,Samba/CVE-2017-7494/src/libcli/auth/smbencrypt.c,35dfb6e6f0ee07c5054ceabb0727e4cfe649dbd9,CVE-2017-7494
484265150,Threekiii/Awesome-Exploit,Samba/CVE-2017-7494/src/source4/torture/raw/acls.c,35ec3b2227c09e908a5627be7e8e580037b4132a,CVE-2017-7494
484265150,Threekiii/Awesome-Exploit,Samba/CVE-2017-7494/src/docs-xml/smbdotconf/misc/kernelchangenotify.xml,3612426b604b94a1938c627fed68cda3a12b6534,CVE-2017-7494
484265150,Threekiii/Awesome-Exploit,Samba/CVE-2017-7494/src/source3/client/smbspool.c,36191634d80f93ad0571ec7175289db52ccaa18c,CVE-2017-7494
484265150,Threekiii/Awesome-Exploit,Samba/CVE-2017-7494/src/source4/.valgrind_suppressions,361b35536693319faced01c0e770ab7f14650e06,CVE-2017-7494
484265150,Threekiii/Awesome-Exploit,Samba/CVE-2017-7494/src/ctdb/client/client.h,363fb36b6bc533a25736d8d24529e0193d4fb256,CVE-2017-7494
484265150,Threekiii/Awesome-Exploit,Samba/CVE-2017-7494/src/examples/ad-bench/test_utils.sh,3654b29cea33c6afdb5c612f4a5b404b2d24885c,CVE-2017-7494
484265150,Threekiii/Awesome-Exploit,Samba/CVE-2017-7494/src/third_party/zlib/contrib/delphi/readme.txt,366e08eaa227cd3d09810c45639aedf4879b7ecf,CVE-2017-7494
484265150,Threekiii/Awesome-Exploit,Samba/CVE-2017-7494/src/source4/scripting/devel/repl_cleartext_pwd.py,36812f14b66c8efb5fb590c23921a66fd7720697,CVE-2017-7494
484265150,Threekiii/Awesome-Exploit,Samba/CVE-2017-7494/src/testprogs/win32/midltests/valid/midltests-pipe-sync-ndr32-downgrade-02.txt,368a5aa25fbb0c9716bf791b2daf27c1911ab979,CVE-2017-7494
484265150,Threekiii/Awesome-Exploit,Samba/CVE-2017-7494/src/docs-xml/Samba3-HOWTO/TOSHARG-DomainMember.xml,36aa6168ad824fb097b60f0f22f3f347cb6ce772,CVE-2017-7494
484265150,Threekiii/Awesome-Exploit,Samba/CVE-2017-7494/src/source4/heimdal/kdc/pkinit.c,36aca7719fd2c95d46d4a82807b90fddce57e54a,CVE-2017-7494
484265150,Threekiii/Awesome-Exploit,Samba/CVE-2017-7494/src/docs-xml/smbdotconf/misc/dosfilemode.xml,36b33226fb57373052ce27f9a349cb222a47e782,CVE-2017-7494
484265150,Threekiii/Awesome-Exploit,Samba/CVE-2017-7494/src/source3/smbd/notifyd/tests.c,36b711b6e835b31332b7d09f9702fba1936703c7,CVE-2017-7494
484265150,Threekiii/Awesome-Exploit,Samba/CVE-2017-7494/src/ctdb/server/ipalloc_private.h,36c0c1634f07f6e1c1253ee025c2441b79097a7d,CVE-2017-7494
484265150,Threekiii/Awesome-Exploit,Samba/CVE-2017-7494/src/testprogs/blackbox/test_kinit_trusts_heimdal.sh,36d074ed8877e692b553792c048924f4a90b3e4d,CVE-2017-7494
484265150,Threekiii/Awesome-Exploit,Samba/CVE-2017-7494/src/testprogs/win32/midltests/todo/midltests-transmit-as.idl,36ddf0ea77d234a5c9ebd5023d375b9dca049cb5,CVE-2017-7494
484265150,Threekiii/Awesome-Exploit,Samba/CVE-2017-7494/src/third_party/zlib/ChangeLog,36e119f6012fe283497d71365d8e4b00f67ef282,CVE-2017-7494
484265150,Threekiii/Awesome-Exploit,Samba/CVE-2017-7494/src/source4/dsdb/samdb/ldb_modules/password_modules.h,36e3495881bcac2f87666b1d2bf65f4c0efe32c4,CVE-2017-7494
484265150,Threekiii/Awesome-Exploit,Samba/CVE-2017-7494/src/source4/smb_server/handle.c,36ef72826815a72fcb0600ad39e817f7ec05cd29,CVE-2017-7494
484265150,Threekiii/Awesome-Exploit,Samba/CVE-2017-7494/src/python/samba/kcc/ldif_import_export.py,36f4a720e3dd9a023a1578e74a9f2dc2cbb215d2,CVE-2017-7494
484265150,Threekiii/Awesome-Exploit,Samba/CVE-2017-7494/src/source3/modules/vfs_afsacl.c,36fb2a7b4f6107b7d7bc3b0d270f79b01e258d25,CVE-2017-7494
484265150,Threekiii/Awesome-Exploit,Samba/CVE-2017-7494/src/examples/printer-accounting/acct-all,3706350560591858804badbf8af885ccd59c0ed4,CVE-2017-7494
484265150,Threekiii/Awesome-Exploit,Samba/CVE-2017-7494/src/source4/libcli/dgram/dgramsocket.c,370ba128391a9e3876de6762a180f0da8aa3d774,CVE-2017-7494
484265150,Threekiii/Awesome-Exploit,Samba/CVE-2017-7494/src/testprogs/blackbox/test_samba_upgradedns.sh,371e5c9aecf79e7a93ad06c64d6840af558f1129,CVE-2017-7494
484265150,Threekiii/Awesome-Exploit,Samba/CVE-2017-7494/src/third_party/dnspython/dns/rdtypes/ANY/NSEC3PARAM.py,3728a76fd000d99c4ac4a1de8c185fbe3093ddb3,CVE-2017-7494
484265150,Threekiii/Awesome-Exploit,Samba/CVE-2017-7494/src/docs-xml/smbdotconf/security/hostsallow.xml,372d0ef6606cce6e29c432bcd8b2fde2d9a7b2d7,CVE-2017-7494
484265150,Threekiii/Awesome-Exploit,Samba/CVE-2017-7494/src/selftest/manage-ca/CA-samba.example.com/DCs/addc.addom.samba.example.com/DC-addc.addom.samba.example.com-S02-private.p12,3730c330a6b3cf88bc63685a3443dbb6c696bd1b,CVE-2017-7494
484265150,Threekiii/Awesome-Exploit,Samba/CVE-2017-7494/src/third_party/zlib/crc32.h,3740e8bbf1b96cf6a598f5756c5e1f74638e212e,CVE-2017-7494
484265150,Threekiii/Awesome-Exploit,Samba/CVE-2017-7494/src/source3/smbd/mangle_hash.c,37423b5386e4ef7e1a86229210b430525cd552a6,CVE-2017-7494
484265150,Threekiii/Awesome-Exploit,Weblogic/WeblogicScan/app/plugins/CVE-2017-10271.py,374abc214e0609eb2b81760c11bb3d68f1ff41d9,CVE-2017-10271
484265150,Threekiii/Awesome-Exploit,Samba/CVE-2017-7494/src/source4/kdc/mit_samba.h,377335bbaebc13cc1c5506646469b64abc66efef,CVE-2017-7494
484265150,Threekiii/Awesome-Exploit,Samba/CVE-2017-7494/src/source3/rpc_server/mdssvc/sparql_parser.y,377f60f461ed7fd779ebc1f89b1492131803f3d8,CVE-2017-7494
484265150,Threekiii/Awesome-Exploit,Samba/CVE-2017-7494/src/source4/heimdal_build/krb5-types.h,377f97d7a4c91f0b1b9739d8797a5ee18e13e5fd,CVE-2017-7494
484265150,Threekiii/Awesome-Exploit,Samba/CVE-2017-7494/src/examples/ad-bench/ad-bench.sh,37882d7c2b69b3a6c20e18646350b1cd0605e9b6,CVE-2017-7494
484265150,Threekiii/Awesome-Exploit,Samba/CVE-2017-7494/src/source4/setup/spn_update_list,3788af1b7872d07acea461d85711b2d63459f034,CVE-2017-7494
484265150,Threekiii/Awesome-Exploit,Samba/CVE-2017-7494/src/ctdb/tests/tool/ctdb.setvar.001.sh,37896e60752ac402b65ab89388d56ca81f49fb98,CVE-2017-7494
484265150,Threekiii/Awesome-Exploit,Samba/CVE-2017-7494/src/third_party/pep8/LICENSE,37984ab2838de7795cd108336e00844e490457cb,CVE-2017-7494
484265150,Threekiii/Awesome-Exploit,Samba/CVE-2017-7494/src/docs-xml/smbdotconf/winbind/templateshell.xml,379b3312791b817dc83c2836ddac5988dbe6fb13,CVE-2017-7494
484265150,Threekiii/Awesome-Exploit,Samba/CVE-2017-7494/src/source4/dns_server/dns_server.c,379cf6d733e4ed53f01a44a3577724eb36e9fc7c,CVE-2017-7494
484265150,Threekiii/Awesome-Exploit,Samba/CVE-2017-7494/src/pidl/tests/samba-ndr.pl,37acde897b1d2900fd579e86220bd6d9306723d6,CVE-2017-7494
484265150,Threekiii/Awesome-Exploit,Samba/CVE-2017-7494/src/source4/libcli/raw/rawnotify.c,37b27c9d8a207136ebdecad88dd4250d9729b36b,CVE-2017-7494
484265150,Threekiii/Awesome-Exploit,Samba/CVE-2017-7494/src/source4/torture/local/verif_trailer.c,37b9132254c143fc727e548f7e501639ec6d73b5,CVE-2017-7494
484265150,Threekiii/Awesome-Exploit,Samba/CVE-2017-7494/src/source3/smbd/smb2_break.c,37bcbece7d4c95bc8b8b860b0bfdaf44bf0723bf,CVE-2017-7494
484265150,Threekiii/Awesome-Exploit,Samba/CVE-2017-7494/src/testsuite/nsswitch/bigfd.c,37c5d7273ccaed5774655f736714ab49e7842b12,CVE-2017-7494
484265150,Threekiii/Awesome-Exploit,Samba/CVE-2017-7494/src/source3/script/tests/test_smbclient_machine_auth.sh,37c7f68fec50a71232f3a76e6cbdd36d4e326462,CVE-2017-7494
484265150,Threekiii/Awesome-Exploit,Samba/CVE-2017-7494/src/third_party/waf/wafadmin/Tools/cs.py,37ca2acf8a1a4d0fb431c789a000e7e4f227663f,CVE-2017-7494
484265150,Threekiii/Awesome-Exploit,Samba/CVE-2017-7494/src/ctdb/config/events.d/60.nfs,37d2fa8cd27eec1bfc097c8a1b154367f87536e9,CVE-2017-7494
484265150,Threekiii/Awesome-Exploit,Samba/CVE-2017-7494/src/docs-xml/smbdotconf/protocol/minwinsttl.xml,37fa614cc0512bbb872f78ff7cb868621f29ade0,CVE-2017-7494
484265150,Threekiii/Awesome-Exploit,Samba/CVE-2017-7494/src/ctdb/tests/src/pidfile_test.c,380117a97428e0e5d049ed3d108f4cf143bce0a3,CVE-2017-7494
484265150,Threekiii/Awesome-Exploit,Samba/CVE-2017-7494/src/source4/auth/kerberos/srv_keytab.c,380c47802f1e268ffc5686371d30718861ed2064,CVE-2017-7494
484265150,Threekiii/Awesome-Exploit,Samba/CVE-2017-7494/src/source3/torture/pdbtest.c,38167adfbecbfe3ad43c2d2e4f5d0d976173e0a4,CVE-2017-7494
484265150,Threekiii/Awesome-Exploit,Samba/CVE-2017-7494/src/ctdb/common/cmdline.c,381a7e4fcd5a728df4a8a1d9d5114b87ceeb9a03,CVE-2017-7494
484265150,Threekiii/Awesome-Exploit,Samba/CVE-2017-7494/src/third_party/zlib/contrib/dotzlib/DotZLib.build,381b5701882a9be3969308626c11becb74e04096,CVE-2017-7494
484265150,Threekiii/Awesome-Exploit,Samba/CVE-2017-7494/src/source4/ntvfs/posix/pvfs_notify.c,38260d3b9abdf9dca58737e0f1d02b1eed500b72,CVE-2017-7494
484265150,Threekiii/Awesome-Exploit,Samba/CVE-2017-7494/src/source4/ldap_server/devdocs/AD-Syntaxes.txt,3828aab3a9640b022ee89846fb715b137ca926eb,CVE-2017-7494
484265150,Threekiii/Awesome-Exploit,Samba/CVE-2017-7494/src/ctdb/tests/eventscripts/49.winbind.monitor.051.sh,38296627b4fd36408bf79aa48adb24feb579ce9a,CVE-2017-7494
484265150,Threekiii/Awesome-Exploit,Samba/CVE-2017-7494/src/source4/setup/olc_mmr.conf,384f216c0a7ec6cf049da8f159e0280d4bd270ae,CVE-2017-7494
484265150,Threekiii/Awesome-Exploit,Samba/CVE-2017-7494/src/source4/smb_server/smb2/receive.c,385c94de66b96835ffd75e924678a018ea47de81,CVE-2017-7494
484265150,Threekiii/Awesome-Exploit,Samba/CVE-2017-7494/src/source4/torture/ldap/nested_search.c,38637225c1b182c3b8db84c5b877aaa260343261,CVE-2017-7494
484265150,Threekiii/Awesome-Exploit,Samba/CVE-2017-7494/src/source4/dsdb/samdb/ldb_modules/wscript,386518ea365ef29a4f5faf33fe8377cd660e4b97,CVE-2017-7494
484265150,Threekiii/Awesome-Exploit,Samba/CVE-2017-7494/src/source4/scripting/devel/drs/fsmo.ldif.template,38675761a6f86701d3d63551c0662a7d0758617d,CVE-2017-7494
484265150,Threekiii/Awesome-Exploit,Samba/CVE-2017-7494/src/ctdb/tests/takeover/lcp2.031.sh,387b8da6139c5cc40cf1ad6bfef7f930b36b9b27,CVE-2017-7494
484265150,Threekiii/Awesome-Exploit,Samba/CVE-2017-7494/src/ctdb/tests/eventscripts/10.interface.monitor.018.sh,3886ed74bf1bad8909eec1cf5329882878d9b47c,CVE-2017-7494
484265150,Threekiii/Awesome-Exploit,Samba/CVE-2017-7494/src/source3/utils/net.c,38952029c554dad263809e8d7208658ab347db7a,CVE-2017-7494
484265150,Threekiii/Awesome-Exploit,Samba/CVE-2017-7494/src/source4/setup/provision_basedn_modify.ldif,38a386cc92ee594746c2f8ad92513ad7f61e34c1,CVE-2017-7494
484265150,Threekiii/Awesome-Exploit,Samba/CVE-2017-7494/src/docs-xml/smbdotconf/security/inheritacls.xml,38b5bef375fd09c2db451e82860262e2d36ef8db,CVE-2017-7494
484265150,Threekiii/Awesome-Exploit,Samba/CVE-2017-7494/src/docs-xml/manpages/smb.conf.5.xml,38bece248955d6924869593366012453c574374b,CVE-2017-7494
484265150,Threekiii/Awesome-Exploit,Samba/CVE-2017-7494/src/nsswitch/winbind_nss.h,38bf7b7bb6d94e5b74261c2373121fa023a2c972,CVE-2017-7494
484265150,Threekiii/Awesome-Exploit,Samba/CVE-2017-7494/src/third_party/dnspython/dns/rdtypes/ANY/SOA.py,38d10bb4f436fecf0b98296c0f5a1dcd8d557a48,CVE-2017-7494
484265150,Threekiii/Awesome-Exploit,Samba/CVE-2017-7494/src/ctdb/config/events.d/40.vsftpd,38f830b624c91f97a28f58191224ac88f36b92d4,CVE-2017-7494
484265150,Threekiii/Awesome-Exploit,Samba/CVE-2017-7494/src/ctdb/tests/takeover/simulation/hey_jude.py,38ffccf866c007f7fb25c83e4fd2ee008525c3fb,CVE-2017-7494
484265150,Threekiii/Awesome-Exploit,Samba/CVE-2017-7494/src/librpc/idl/srvsvc.idl,390a4e44b9f58ae37eba6bb71ca272ca14bd4d72,CVE-2017-7494
484265150,Threekiii/Awesome-Exploit,Samba/CVE-2017-7494/src/ctdb/protocol/protocol_types.c,390b8ec39cb350c54be14e6c1557b56df1312210,CVE-2017-7494
484265150,Threekiii/Awesome-Exploit,Samba/CVE-2017-7494/src/source4/winbind/wscript_build,391140fd24517a739b5ed756ec37eb6658205704,CVE-2017-7494
484265150,Threekiii/Awesome-Exploit,Samba/CVE-2017-7494/src/source3/rpc_client/cli_samr.c,39132030fdd53c3befd38e7c7051e7ca859e5183,CVE-2017-7494
484265150,Threekiii/Awesome-Exploit,Samba/CVE-2017-7494/src/source3/locale/net/genmsg,391c56e60e3a95f36c2c4d9ef70d9674c17a9225,CVE-2017-7494
484265150,Threekiii/Awesome-Exploit,Samba/CVE-2017-7494/src/docs-xml/smbdotconf/tuning/socketoptions.xml,39266880c063e6a30361d9a6902bb48bbb2fe37d,CVE-2017-7494
484265150,Threekiii/Awesome-Exploit,Samba/CVE-2017-7494/src/testsuite/nsswitch/nss_winbind_syms.exp,3939277527c43d26d235769a26bf585fe334a8bf,CVE-2017-7494
484265150,Threekiii/Awesome-Exploit,Samba/CVE-2017-7494/src/source4/torture/rpc/handles.c,3945588eb653e2d4d3c99210115590d7290e5906,CVE-2017-7494
484265150,Threekiii/Awesome-Exploit,Samba/CVE-2017-7494/src/source3/script/mksyms.awk,394991815b4365bc7bc5f9a5cf6b904e1dff53c4,CVE-2017-7494
484265150,Threekiii/Awesome-Exploit,Samba/CVE-2017-7494/src/testsuite/nsswitch/pam_winbind_syms.c,3950a9cabc31e53ef03656143d380478f25cc3e3,CVE-2017-7494
484265150,Threekiii/Awesome-Exploit,Samba/CVE-2017-7494/src/source4/cldap_server/rootdse.c,3951ba2dcf1808c77adea9379ba5a63a2ddf8b0d,CVE-2017-7494
484265150,Threekiii/Awesome-Exploit,Samba/CVE-2017-7494/src/ctdb/common/system_freebsd.c,39550a858fa728649f66ba4405e9b318e828113b,CVE-2017-7494
484265150,Threekiii/Awesome-Exploit,Samba/CVE-2017-7494/src/libcli/security/secdesc.h,395ac1444a17c3f22126891c85ffb4d127407292,CVE-2017-7494
484265150,Threekiii/Awesome-Exploit,Samba/CVE-2017-7494/src/third_party/zlib/contrib/ada/zlib.adb,3961008f51def7ffcd692453df7b0f1d8b680645,CVE-2017-7494
484265150,Threekiii/Awesome-Exploit,Samba/CVE-2017-7494/src/examples/pcap2nbench/ntcreateandxrequest.cpp,3963e978cb512164833aa43291d27e01c2cbab46,CVE-2017-7494
484265150,Threekiii/Awesome-Exploit,Samba/CVE-2017-7494/src/testprogs/blackbox/test_pdbtest.sh,396dc808dc7fa1fbbdcf1307abd35c7acadf8511,CVE-2017-7494
484265150,Threekiii/Awesome-Exploit,Samba/CVE-2017-7494/src/ctdb/config/functions,397a433336a1ece6487907f6236edbe7adc0fcce,CVE-2017-7494
484265150,Threekiii/Awesome-Exploit,Samba/CVE-2017-7494/src/ctdb/tests/eventscripts/60.nfs.multi.004.sh,397afc1cdabbfa4101001b615b4d1a8d70021ba8,CVE-2017-7494
484265150,Threekiii/Awesome-Exploit,Samba/CVE-2017-7494/src/ctdb/tests/eventscripts/50.samba.monitor.113.sh,397d83ef6c704aa1ed5a7e3c3c3806831f452126,CVE-2017-7494
484265150,Threekiii/Awesome-Exploit,Samba/CVE-2017-7494/src/ctdb/tests/tool/ctdb.getcapabilities.002.sh,3980e8ab60be321c4e2200001892cfde2eaddcf8,CVE-2017-7494
484265150,Threekiii/Awesome-Exploit,Samba/CVE-2017-7494/src/ctdb/tests/eventscripts/stubs/service,398536dabe5dc28fc4ccea570833ac783750afac,CVE-2017-7494
484265150,Threekiii/Awesome-Exploit,Samba/CVE-2017-7494/src/source4/torture/krb5/wscript_build,3986cc351b4988dd890052cd080b7f029ec0fb04,CVE-2017-7494
484265150,Threekiii/Awesome-Exploit,Samba/CVE-2017-7494/src/third_party/dnspython/dns/rdtypes/IN/PX.py,398ab33f1a16d0b1d6693b4f54a4a855f397c4aa,CVE-2017-7494
484265150,Threekiii/Awesome-Exploit,Samba/CVE-2017-7494/src/docs-xml/manpages/idmap_ldap.8.xml,39a4658239c64c6b33c77c852ac17c786cf0e6a7,CVE-2017-7494
484265150,Threekiii/Awesome-Exploit,Weblogic/weblogicScanner/stars/__pycache__/cve_2017_3506.cpython-37.pyc,39a77978ba7d29a7c5f3d09c15423aadf9c36b49,CVE-2017-3506
484265150,Threekiii/Awesome-Exploit,Samba/CVE-2017-7494/src/source4/libcli/raw/clisocket.c,39ab5959eda13c2c2a3213e85ff79a5fc789786c,CVE-2017-7494
484265150,Threekiii/Awesome-Exploit,Samba/CVE-2017-7494/src/python/samba/kcc/kcc_utils.py,39b8c08d4a640ed461d3c2aca8ce6e1b6b211476,CVE-2017-7494
484265150,Threekiii/Awesome-Exploit,Samba/CVE-2017-7494/src/docs-xml/Samba3-HOWTO/images/access1.svg,39c045c810d27d5f755bdf1f1462e9374eb23d98,CVE-2017-7494
484265150,Threekiii/Awesome-Exploit,Samba/CVE-2017-7494/src/source4/dsdb/repl/drepl_out_helpers.h,39d299fbe42a080c1de241f2c4672e1a3466a1e7,CVE-2017-7494
484265150,Threekiii/Awesome-Exploit,Samba/CVE-2017-7494/src/testsuite/build_farm/torture-XCOPY.test,39ebd82f2da10f13951f505e058b56c64abb31c0,CVE-2017-7494
484265150,Threekiii/Awesome-Exploit,Samba/CVE-2017-7494/src/docs/manpages/dbwrap_tool.1,39f451a53f45ce45a854dcbbbd96b9135c49627b,CVE-2017-7494
484265150,Threekiii/Awesome-Exploit,Samba/CVE-2017-7494/src/third_party/waf/wafadmin/Tools/d.py,3a04699b4757c0e90f8c62b92731445e2e2a8c87,CVE-2017-7494
484265150,Threekiii/Awesome-Exploit,Samba/CVE-2017-7494/src/source4/client/cifsdd.h,3a0fcbd6479335a1a3be129e3c2e34ed662a7fb6,CVE-2017-7494
484265150,Threekiii/Awesome-Exploit,Samba/CVE-2017-7494/src/docs/manpages/idmap_nss.8,3a11f91d1cbe962f9b6746f64c01f3eb213870a6,CVE-2017-7494
484265150,Threekiii/Awesome-Exploit,Samba/CVE-2017-7494/src/docs-xml/smbdotconf/security/usernamemapcachetime.xml,3a28f3396bc766cf3258db20e1d7823f908324a3,CVE-2017-7494
484265150,Threekiii/Awesome-Exploit,Samba/CVE-2017-7494/src/testsuite/build_farm/torture-TCONDEV.test,3a2dc950288ecf8c9d56d7ac847a908678d3fb8f,CVE-2017-7494
484265150,Threekiii/Awesome-Exploit,Samba/CVE-2017-7494/src/docs/manpages/smbcacls.1,3a2e5652b7da1982531cd1860a0f773ee309fce0,CVE-2017-7494
484265150,Threekiii/Awesome-Exploit,Samba/CVE-2017-7494/src/source3/utils/net_sam.c,3a331bcb95cf4d52d2ef7cc921331f9c412cceac,CVE-2017-7494
484265150,Threekiii/Awesome-Exploit,Samba/CVE-2017-7494/src/ctdb/server/ctdb_logging_file.c,3a380d2217a25656c24a8e51a7387a6f4f83e80b,CVE-2017-7494
484265150,Threekiii/Awesome-Exploit,Samba/CVE-2017-7494/src/third_party/pyiso8601/docs/conf.py,3a50dd4192bfacabc26d9a68a647fbeb73c53299,CVE-2017-7494
484265150,Threekiii/Awesome-Exploit,Samba/CVE-2017-7494/src/source4/scripting/devel/demodirsync.py,3a54b5df578fbbe10542b9a3a1503c94d53be056,CVE-2017-7494
484265150,Threekiii/Awesome-Exploit,Samba/CVE-2017-7494/src/source4/ldap_server/ldap_server.h,3a55000e2a66e6df012c662662fab6bc9412c5c6,CVE-2017-7494
484265150,Threekiii/Awesome-Exploit,Samba/CVE-2017-7494/src/source4/torture/basic/charset.c,3a719b0b9b2728a7319782c3c85c90f57e0704a9,CVE-2017-7494
484265150,Threekiii/Awesome-Exploit,Samba/CVE-2017-7494/src/docs/manpages/vfs_audit.8,3a79e8150ed43fa64cbb7e961a7425a9ff2a9728,CVE-2017-7494
484265150,Threekiii/Awesome-Exploit,Samba/CVE-2017-7494/src/source3/include/vfs_macros.h,3a8d28e1072fd59d99c8ca815f7a85775552468e,CVE-2017-7494
484265150,Threekiii/Awesome-Exploit,Samba/CVE-2017-7494/src/ctdb/tests/tool/ctdb.continue.003.sh,3a8eb0ce952d1b0027d7f4061e880857632eea65,CVE-2017-7494
484265150,Threekiii/Awesome-Exploit,Samba/CVE-2017-7494/src/source4/setup/fedorads-pam.ldif,3aa23be0ead903e6f019ad084c52d881d5ec169d,CVE-2017-7494
484265150,Threekiii/Awesome-Exploit,Samba/CVE-2017-7494/src/buildtools/wafsamba/generic_cc.py,3aa6800375ae97d41aedde301486057e7b8e3953,CVE-2017-7494
484265150,Threekiii/Awesome-Exploit,Samba/CVE-2017-7494/src/ctdb/tests/eventscripts/statd-callout.006.sh,3aab140b4fccb8f93c91a296a483e2d4231940cc,CVE-2017-7494
484265150,Threekiii/Awesome-Exploit,Samba/CVE-2017-7494/src/source4/heimdal_build/roken.h,3ab64e12b8f7d5d3de18d13748c229e4a732948d,CVE-2017-7494
484265150,Threekiii/Awesome-Exploit,Samba/CVE-2017-7494/src/third_party/zlib/contrib/minizip/ioapi.h,3ab74c65b21411d312f1c86b7f67d8acc5dc015a,CVE-2017-7494
484265150,Threekiii/Awesome-Exploit,Samba/CVE-2017-7494/src/third_party/dnspython/dns/rdtypes/__init__.py,3ab9d1a0c403558425b5ea5c0bebfa188b435ef8,CVE-2017-7494
484265150,Threekiii/Awesome-Exploit,Samba/CVE-2017-7494/src/third_party/waf/wafadmin/Tools/gnu_dirs.py,3ac3cfc970ec6d70a87c89cffc670f868e62474f,CVE-2017-7494
484265150,Threekiii/Awesome-Exploit,Samba/CVE-2017-7494/src/docs-xml/smbdotconf/browse/preferredmaster.xml,3ad3b6717d1548090ec9688321071a9f65ce0295,CVE-2017-7494
484265150,Threekiii/Awesome-Exploit,Samba/CVE-2017-7494/src/third_party/dnspython/examples/name.py,3ad6e5cb232bf5cd58ec1ec628e83eacde05367b,CVE-2017-7494
484265150,Threekiii/Awesome-Exploit,Samba/CVE-2017-7494/src/examples/libsmbclient/testacl2.c,3ad71706bc5c536a0af820745080e04d6303eec4,CVE-2017-7494
484265150,Threekiii/Awesome-Exploit,Samba/CVE-2017-7494/src/docs-xml/smbdotconf/filename/mapreadonly.xml,3adabff0c623f3e5daa496363a78d3d8e2acfd8c,CVE-2017-7494
484265150,Threekiii/Awesome-Exploit,Samba/CVE-2017-7494/src/source3/torture/test_case_insensitive.c,3ade921a9d813766fa8f624dfbcdec878fbd9322,CVE-2017-7494
484265150,Threekiii/Awesome-Exploit,Samba/CVE-2017-7494/src/source3/libsmb/libsmb_stat.c,3aec405a5f89b8ef579b3fb8eb80cf5dd3897cd6,CVE-2017-7494
484265150,Threekiii/Awesome-Exploit,Samba/CVE-2017-7494/src/docs-xml/smbdotconf/misc/messagecommand.xml,3af9d777ad86e6aba2d0f2422a5487a76b0a5b47,CVE-2017-7494
484265150,Threekiii/Awesome-Exploit,Samba/CVE-2017-7494/src/source4/setup/tests/blackbox_group.sh,3b19f2a259aa2cc25ded1e12edf1fe0c8fb2628c,CVE-2017-7494
484265150,Threekiii/Awesome-Exploit,Samba/CVE-2017-7494/src/source4/setup/fedorads-partitions.ldif,3b1e530b9de862b4f8d223085cef13c23e70be3e,CVE-2017-7494
484265150,Threekiii/Awesome-Exploit,Samba/CVE-2017-7494/src/source4/dns_server/dnsserver_common.h,3b24ffd6ede272b3c417eec02dd5c28705f7236b,CVE-2017-7494
484265150,Threekiii/Awesome-Exploit,Samba/CVE-2017-7494/src/source4/setup/provision_self_join.ldif,3b26d3fd6c2dee804014c023bfd2280e4a58790f,CVE-2017-7494
484265150,Threekiii/Awesome-Exploit,Samba/CVE-2017-7494/src/testsuite/build_farm/basicsmb-hostsdeny.test,3b4aebafcc5dd8bd6a2a869537c2543bd78c011a,CVE-2017-7494
484265150,Threekiii/Awesome-Exploit,Samba/CVE-2017-7494/src/libcli/smb/smb2_signing.c,3b6720e50fa843a2cbb7c687c18f95d9a323b528,CVE-2017-7494
484265150,Threekiii/Awesome-Exploit,Samba/CVE-2017-7494/src/docs-xml/smbdotconf/filename/hidedotfiles.xml,3b6af6a29d7b6c62704a6f4830a492931b3acd0f,CVE-2017-7494
484265150,Threekiii/Awesome-Exploit,Samba/CVE-2017-7494/src/source4/dsdb/tests/python/ldap_syntaxes.py,3b9302184a4b6b7f9af246ecebb2907527dae21c,CVE-2017-7494
484265150,Threekiii/Awesome-Exploit,Samba/CVE-2017-7494/src/examples/nss/nss_winbind.c,3b9943024f3bcb09b0862dd4aa5d41e0eac63f10,CVE-2017-7494
484265150,Threekiii/Awesome-Exploit,Samba/CVE-2017-7494/src/ctdb/tests/simple/05_ctdb_listnodes.sh,3b9dd4ef75c88602bbb622c77a2f12f7f6318f08,CVE-2017-7494
484265150,Threekiii/Awesome-Exploit,Samba/CVE-2017-7494/src/source4/libcli/wbclient/wbclient.c,3baf4289df19af22111ff2f4e93af95c63a3b408,CVE-2017-7494
484265150,Threekiii/Awesome-Exploit,Samba/CVE-2017-7494/src/source4/smb_server/smb/reply.c,3bbfe82b00902a98dbc45c357ae8fc3ca8fce128,CVE-2017-7494
484265150,Threekiii/Awesome-Exploit,Samba/CVE-2017-7494/src/source4/rpc_server/dnsserver/dnsutils.c,3bc961d95c1a31a62518b16d19a4209267472f3c,CVE-2017-7494
484265150,Threekiii/Awesome-Exploit,Samba/CVE-2017-7494/src/examples/misc/extra_smbstatus,3be75c2cf7e2a8b644f27d71dedb527979adcdba,CVE-2017-7494
484265150,Threekiii/Awesome-Exploit,Samba/CVE-2017-7494/src/script/commit_mark.sh,3bf8b3d004e404d43bd4959388e0c332a84c07ca,CVE-2017-7494
484265150,Threekiii/Awesome-Exploit,Samba/CVE-2017-7494/src/source4/libcli/finddcs_cldap.c,3c08c8a642d807e85e689c8ff50605f237f80eb9,CVE-2017-7494
484265150,Threekiii/Awesome-Exploit,Samba/CVE-2017-7494/src/ctdb/tests/events.d/00.test,3c0c29020e84b5da4f15ba14121d743942ead46c,CVE-2017-7494
484265150,Threekiii/Awesome-Exploit,Samba/CVE-2017-7494/src/docs-xml/Samba3-Developers-Guide/encryption.xml,3c0d3d988344c1b0a6cb65234449c25af03bccad,CVE-2017-7494
484265150,Threekiii/Awesome-Exploit,Samba/CVE-2017-7494/src/source3/smbd/vfs.c,3c13c82908087ab4535313b10a2684c41dd37dd1,CVE-2017-7494
484265150,Threekiii/Awesome-Exploit,Samba/CVE-2017-7494/src/source3/winbindd/winbindd_pam_auth.c,3c1cc57c0f0ca19e35eb3980b156135272ac0ed6,CVE-2017-7494
484265150,Threekiii/Awesome-Exploit,Samba/CVE-2017-7494/src/source4/utils/man/ntlm_auth4.1.xml,3c26339a1d7481e81dedc794c23088a0f55fc0b4,CVE-2017-7494
484265150,Threekiii/Awesome-Exploit,Samba/CVE-2017-7494/src/ctdb/tests/tool/ctdb.getdbseqnum.002.sh,3c353e09edd83ab738945a74c101fec860df2287,CVE-2017-7494
484265150,Threekiii/Awesome-Exploit,Samba/CVE-2017-7494/src/docs-xml/smbdotconf/ldap/ldapderef.xml,3c38a1398bd28b62d0b9355b12724861fd04cd26,CVE-2017-7494
484265150,Threekiii/Awesome-Exploit,Samba/CVE-2017-7494/src/librpc/idl/samr.idl,3c41b9daffb2e8e1b2e68e2b89275c8e6563a100,CVE-2017-7494
484265150,Threekiii/Awesome-Exploit,Samba/CVE-2017-7494/src/ctdb/utils/nagios/check_ctdb,3c4793cbc34cf68a850ef22cf1aa104e05b68de6,CVE-2017-7494
484265150,Threekiii/Awesome-Exploit,Samba/CVE-2017-7494/src/docs-xml/manpages/winbind_krb5_locator.7.xml,3c4a89bdec6d701ddf7bef966571f30eb14e6c12,CVE-2017-7494
484265150,Threekiii/Awesome-Exploit,Samba/CVE-2017-7494/src/docs-xml/Samba3-ByExample/SBE-Appendix1.xml,3c871b480b4a7a0e8d9ff85821b658a12213945c,CVE-2017-7494
484265150,Threekiii/Awesome-Exploit,Samba/CVE-2017-7494/src/docs-xml/manpages/smbstatus.1.xml,3c9e022f9380372436e6188fee826c8cfff40910,CVE-2017-7494
484265150,Threekiii/Awesome-Exploit,Samba/CVE-2017-7494/src/source4/winbind/idmap.h,3caac28856d1a79f783830a0b2257cf1634839c0,CVE-2017-7494
484265150,Threekiii/Awesome-Exploit,Samba/CVE-2017-7494/src/docs-xml/smbdotconf/security/nullpasswords.xml,3cad18022e1620473d649152e0eaa5e6bbf5fb79,CVE-2017-7494
484265150,Threekiii/Awesome-Exploit,Samba/CVE-2017-7494/src/source4/dsdb/samdb/ldb_modules/extended_dn_in.c,3cad475620c24db601556fba77702e1cc2544523,CVE-2017-7494
484265150,Threekiii/Awesome-Exploit,Samba/CVE-2017-7494/src/source3/include/srvstr.h,3cba8c8ea4ab1cb948f37ab04ef20742c84d8464,CVE-2017-7494
484265150,Threekiii/Awesome-Exploit,Samba/CVE-2017-7494/src/ctdb/tests/tool/ctdb.lvs.006.sh,3cbaf0e449a3d295637283a82da8982bbfaf1d0a,CVE-2017-7494
484265150,Threekiii/Awesome-Exploit,Samba/CVE-2017-7494/src/librpc/ndr/ndr_basic.c,3cc409f552c145b1620e2eb60ca0569bd4200a4d,CVE-2017-7494
484265150,Threekiii/Awesome-Exploit,Samba/CVE-2017-7494/src/third_party/zlib/projects/visualc6/minigzip.dsp,3cc7254a7a5ead094b17a673f1fb4490dce65d66,CVE-2017-7494
484265150,Threekiii/Awesome-Exploit,Samba/CVE-2017-7494/src/source4/param/provision.c,3cd79bf727bff9272f80586f238542aac7fd0a52,CVE-2017-7494
484265150,Threekiii/Awesome-Exploit,Samba/CVE-2017-7494/src/docs-xml/Samba3-Developers-Guide/Tracing.xml,3cd882d8e54405762a16feec8cabe5467f4cad1d,CVE-2017-7494
484265150,Threekiii/Awesome-Exploit,Samba/CVE-2017-7494/src/pidl/tests/ndr_compat.pl,3cda672bf68f2120737577bbebd98a1e5989e4fb,CVE-2017-7494
484265150,Threekiii/Awesome-Exploit,Samba/CVE-2017-7494/src/buildtools/scripts/abi_gen.sh,3ce31dc82828f57313d0038d1a440929ec86d905,CVE-2017-7494
484265150,Threekiii/Awesome-Exploit,Samba/CVE-2017-7494/src/docs-xml/smbdotconf/generate-file-list.sh,3ce5ee32ea025b3d152094732246b299173b7b41,CVE-2017-7494
484265150,Threekiii/Awesome-Exploit,Samba/CVE-2017-7494/src/docs-xml/smbdotconf/wins/winshook.xml,3d03722884a91784b621431ba8df8472fd6dc2f1,CVE-2017-7494
484265150,Threekiii/Awesome-Exploit,Samba/CVE-2017-7494/src/docs-xml/smbdotconf/misc/dontdescend.xml,3d03f18c55bb695ffa4079d2305be09a3f7fde3d,CVE-2017-7494
484265150,Threekiii/Awesome-Exploit,Samba/CVE-2017-7494/src/tests/getgroups.c,3d094b01c3c428d38ebbbac3fff3d7f42ae3c29f,CVE-2017-7494
484265150,Threekiii/Awesome-Exploit,Samba/CVE-2017-7494/src/docs-xml/smbdotconf/security/hostsdeny.xml,3d0a291a1d687004b424f8d68a13a39b2f6b119f,CVE-2017-7494
484265150,Threekiii/Awesome-Exploit,Samba/CVE-2017-7494/src/pidl/tests/util.pl,3d0fd18224af1f15a5aaa8bcbda4de1345edafae,CVE-2017-7494
484265150,Threekiii/Awesome-Exploit,Samba/CVE-2017-7494/src/testprogs/win32/npecho/npecho_server2.c,3d16f5ef814bb43e49758318a55d3b88171c5e0e,CVE-2017-7494
484265150,Threekiii/Awesome-Exploit,Samba/CVE-2017-7494/src/docs-xml/smbdotconf/logon/domainlogons.xml,3d1f6d7ba31c09755acf35a916b7fb0c3998044a,CVE-2017-7494
484265150,Threekiii/Awesome-Exploit,Samba/CVE-2017-7494/src/source3/utils/ntlm_auth_proto.h,3d297ac4ee24b1ed0b09728ffb5949e3f4f28c64,CVE-2017-7494
484265150,Threekiii/Awesome-Exploit,Samba/CVE-2017-7494/src/third_party/zlib/contrib/untgz/Makefile.msc,3d3a312c38dd7e3316ddb553e894734f42d28205,CVE-2017-7494
484265150,Threekiii/Awesome-Exploit,Samba/CVE-2017-7494/src/ctdb/config/ctdbd.conf,3d41828f1709eed487128441d66eb4e00c74cc24,CVE-2017-7494
484265150,Threekiii/Awesome-Exploit,Samba/CVE-2017-7494/src/docs-xml/smbdotconf/misc/dmapisupport.xml,3d42d39210a32d04a1af948228c171c8255071cc,CVE-2017-7494
484265150,Threekiii/Awesome-Exploit,Samba/CVE-2017-7494/src/source3/modules/vfs_nfs4acl_xattr.c,3d4693034df98e186e35f482e1b6d02d9916fa43,CVE-2017-7494
484265150,Threekiii/Awesome-Exploit,Samba/CVE-2017-7494/src/docs-xml/smbdotconf/security/forceuser.xml,3d639aebc493521e1e3cd9104e89fb4d4e1a3d55,CVE-2017-7494
484265150,Threekiii/Awesome-Exploit,Samba/CVE-2017-7494/src/source4/winbind/wb_utils.c,3d63fbeb1de509ef0114c12b19f64cb6803f97a4,CVE-2017-7494
484265150,Threekiii/Awesome-Exploit,Samba/CVE-2017-7494/src/source4/dsdb/samdb/ldb_modules/samba_secrets.c,3d708bd53754c74ac34736de9f45ccd31e0f80a5,CVE-2017-7494
484265150,Threekiii/Awesome-Exploit,Samba/CVE-2017-7494/src/docs-xml/manpages/vfs_aio_linux.8.xml,3d7a83252678f891993b874e25a3fcf5cec79304,CVE-2017-7494
484265150,Threekiii/Awesome-Exploit,Samba/CVE-2017-7494/src/source3/registry/reg_backend_netlogon_params.c,3d7c3c6017fd2de685211e4d5078b415c6050f08,CVE-2017-7494
484265150,Threekiii/Awesome-Exploit,Samba/CVE-2017-7494/src/librpc/idl/oxidresolver.idl,3d7fbba8893eb12c1adcdf46c439027b36cb7149,CVE-2017-7494
484265150,Threekiii/Awesome-Exploit,Samba/CVE-2017-7494/src/source3/rpc_server/fss/srv_fss_state.c,3d82f7c5c6c3a6d6e7836a6f85241c90633b4b89,CVE-2017-7494
484265150,Threekiii/Awesome-Exploit,Samba/CVE-2017-7494/src/source4/kdc/kpasswd_glue.h,3d83f709acf58437a5d85656c3414d22752cae6b,CVE-2017-7494
484265150,Threekiii/Awesome-Exploit,Samba/CVE-2017-7494/src/docs-xml/smbdotconf/security/rootdirectory.xml,3d8ef33d5fe5efa972f57b9d1f2d7f72ffe0256e,CVE-2017-7494
484265150,Threekiii/Awesome-Exploit,Samba/CVE-2017-7494/src/libcli/security/wscript_build,3d91809a9699d8f1269c52253a812ba2c57fb2b4,CVE-2017-7494
484265150,Threekiii/Awesome-Exploit,Samba/CVE-2017-7494/src/docs-xml/smbdotconf/filename/manglingchar.xml,3d952e35b5c06662e936d48b90c7c4dff13580f1,CVE-2017-7494
484265150,Threekiii/Awesome-Exploit,Samba/CVE-2017-7494/src/selftest/manage-ca/CA-samba.example.com/DCs/addc.addom.samba.example.com/DC-addc.addom.samba.example.com-S02-openssl.cnf,3da4d82ec7f40cf242c45af5c6a080f4797ee333,CVE-2017-7494
484265150,Threekiii/Awesome-Exploit,Samba/CVE-2017-7494/src/ctdb/common/system_aix.c,3dae14f7e8ec281c5875991a7b4c248cc2317134,CVE-2017-7494
484265150,Threekiii/Awesome-Exploit,Samba/CVE-2017-7494/src/examples/libsmbclient/testread.c,3db99dec8e6ce2c9c2bbb3243244c40022fc1e7e,CVE-2017-7494
484265150,Threekiii/Awesome-Exploit,Samba/CVE-2017-7494/src/source3/auth/pass_check.c,3dc0deaea8b8f38ad781cc6939f8a1b4b5e086a0,CVE-2017-7494
484265150,Threekiii/Awesome-Exploit,Samba/CVE-2017-7494/src/ctdb/tests/scripts/test_wrap,3dc346ec58215704bce63043bab21d766090c09c,CVE-2017-7494
484265150,Threekiii/Awesome-Exploit,Samba/CVE-2017-7494/src/source3/utils/net_help_common.h,3dd61e252578f15bb0be08d2855df465f08c4c6f,CVE-2017-7494
484265150,Threekiii/Awesome-Exploit,Samba/CVE-2017-7494/src/docs-xml/Samba3-HOWTO/TOSHARG-StandAloneServer.xml,3dd7fab185c8ca39f1ae143a9659ce88be573886,CVE-2017-7494
484265150,Threekiii/Awesome-Exploit,Samba/CVE-2017-7494/src/source3/rpc_client/rpc_transport_np.c,3de264f8957dff2f146ff0bff8b5d4d81b2b31e9,CVE-2017-7494
484265150,Threekiii/Awesome-Exploit,Samba/CVE-2017-7494/src/third_party/zlib/contrib/testzlib/testzlib.txt,3ded501d1592cd38e4e877bccd198f1d343cdc40,CVE-2017-7494
484265150,Threekiii/Awesome-Exploit,Samba/CVE-2017-7494/src/docs-xml/smbdotconf/tuning/strictsync.xml,3df42be240928fc6c852d14461002ec6dabeea2f,CVE-2017-7494
484265150,Threekiii/Awesome-Exploit,Samba/CVE-2017-7494/src/source4/dsdb/common/util_samr.c,3dfa2cf156c426f850fe75b2ce61bf7a9647e6b9,CVE-2017-7494
484265150,Threekiii/Awesome-Exploit,Weblogic/weblogicScanner/README.md,3dfdd1ebe9c074de378a11e21030f4bf3a0b2fbc,CVE-2019-2725
484265150,Threekiii/Awesome-Exploit,Weblogic/weblogicScanner/README.md,3dfdd1ebe9c074de378a11e21030f4bf3a0b2fbc,CVE-2018-3191
484265150,Threekiii/Awesome-Exploit,Weblogic/weblogicScanner/README.md,3dfdd1ebe9c074de378a11e21030f4bf3a0b2fbc,CVE-2016-0638
484265150,Threekiii/Awesome-Exploit,Weblogic/weblogicScanner/README.md,3dfdd1ebe9c074de378a11e21030f4bf3a0b2fbc,CVE-2020-2883
484265150,Threekiii/Awesome-Exploit,Weblogic/weblogicScanner/README.md,3dfdd1ebe9c074de378a11e21030f4bf3a0b2fbc,CVE-2017-3248
484265150,Threekiii/Awesome-Exploit,Weblogic/weblogicScanner/README.md,3dfdd1ebe9c074de378a11e21030f4bf3a0b2fbc,CVE-2019-2890
484265150,Threekiii/Awesome-Exploit,Weblogic/weblogicScanner/README.md,3dfdd1ebe9c074de378a11e21030f4bf3a0b2fbc,CVE-2018-2894
484265150,Threekiii/Awesome-Exploit,Weblogic/weblogicScanner/README.md,3dfdd1ebe9c074de378a11e21030f4bf3a0b2fbc,CVE-2020-14882
484265150,Threekiii/Awesome-Exploit,Weblogic/weblogicScanner/README.md,3dfdd1ebe9c074de378a11e21030f4bf3a0b2fbc,CVE-2019-2729
484265150,Threekiii/Awesome-Exploit,Weblogic/weblogicScanner/README.md,3dfdd1ebe9c074de378a11e21030f4bf3a0b2fbc,CVE-2020-2551
484265150,Threekiii/Awesome-Exploit,Weblogic/weblogicScanner/README.md,3dfdd1ebe9c074de378a11e21030f4bf3a0b2fbc,CVE-2016-3510
484265150,Threekiii/Awesome-Exploit,Weblogic/weblogicScanner/README.md,3dfdd1ebe9c074de378a11e21030f4bf3a0b2fbc,CVE-2020-14883
484265150,Threekiii/Awesome-Exploit,Weblogic/weblogicScanner/README.md,3dfdd1ebe9c074de378a11e21030f4bf3a0b2fbc,CVE-2020-2555
484265150,Threekiii/Awesome-Exploit,Weblogic/weblogicScanner/README.md,3dfdd1ebe9c074de378a11e21030f4bf3a0b2fbc,CVE-2018-3252
484265150,Threekiii/Awesome-Exploit,Weblogic/weblogicScanner/README.md,3dfdd1ebe9c074de378a11e21030f4bf3a0b2fbc,CVE-2019-2888
484265150,Threekiii/Awesome-Exploit,Weblogic/weblogicScanner/README.md,3dfdd1ebe9c074de378a11e21030f4bf3a0b2fbc,CVE-2019-2618
484265150,Threekiii/Awesome-Exploit,Weblogic/weblogicScanner/README.md,3dfdd1ebe9c074de378a11e21030f4bf3a0b2fbc,CVE-2014-4210
484265150,Threekiii/Awesome-Exploit,Weblogic/weblogicScanner/README.md,3dfdd1ebe9c074de378a11e21030f4bf3a0b2fbc,CVE-2017-3506
484265150,Threekiii/Awesome-Exploit,Weblogic/weblogicScanner/README.md,3dfdd1ebe9c074de378a11e21030f4bf3a0b2fbc,CVE-2017-10271
484265150,Threekiii/Awesome-Exploit,Weblogic/weblogicScanner/README.md,3dfdd1ebe9c074de378a11e21030f4bf3a0b2fbc,CVE-2018-2893
484265150,Threekiii/Awesome-Exploit,Weblogic/weblogicScanner/README.md,3dfdd1ebe9c074de378a11e21030f4bf3a0b2fbc,CVE-2018-3245
484265150,Threekiii/Awesome-Exploit,Weblogic/weblogicScanner/README.md,3dfdd1ebe9c074de378a11e21030f4bf3a0b2fbc,CVE-2018-2628
484265150,Threekiii/Awesome-Exploit,Samba/CVE-2017-7494/src/examples/pam_winbind/pam_winbind.conf,3e08584a65bebcb6be0428c4862f57f39ed34f94,CVE-2017-7494
484265150,Threekiii/Awesome-Exploit,Samba/CVE-2017-7494/src/source3/include/smbprofile.h,3e16e4847c067959b0caf771e7da19fc342c6a8e,CVE-2017-7494
484265150,Threekiii/Awesome-Exploit,Samba/CVE-2017-7494/src/source4/rpc_server/lsa/lsa_lookup.c,3e184472e0297bb07324640ac4effc5ab11fb3b3,CVE-2017-7494
484265150,Threekiii/Awesome-Exploit,Samba/CVE-2017-7494/src/libcli/smb/smb2_create_blob.c,3e1c608562e0c8d3d0b155151f108b97f2c99f8a,CVE-2017-7494
484265150,Threekiii/Awesome-Exploit,Samba/CVE-2017-7494/src/third_party/dnspython/dns/version.py,3e236abde1dc2c1c542eb0ae0d821d0b64d7810f,CVE-2017-7494
484265150,Threekiii/Awesome-Exploit,Samba/CVE-2017-7494/src/docs-xml/manpages/vfs_unityed_media.8.xml,3e27cbe36463e668141a15c36fc76ec4404aeb73,CVE-2017-7494
484265150,Threekiii/Awesome-Exploit,Samba/CVE-2017-7494/src/source3/locking/leases_util.c,3e2dca5544e1689424e433da092d2bc42b503d3c,CVE-2017-7494
484265150,Threekiii/Awesome-Exploit,Samba/CVE-2017-7494/src/third_party/zlib/inflate.c,3e3179570c7725766b750a714b8a0361013f936a,CVE-2017-7494
484265150,Threekiii/Awesome-Exploit,Samba/CVE-2017-7494/src/testprogs/win32/midltests/valid/midltests_union_align_18.idl,3e3be27ed70c01595cb2d192c9d384ea57631d79,CVE-2017-7494
484265150,Threekiii/Awesome-Exploit,Samba/CVE-2017-7494/src/source4/torture/basic/disconnect.c,3e4c83867ee188dc810c54ffd23ae69b0d8ac71a,CVE-2017-7494
484265150,Threekiii/Awesome-Exploit,Samba/CVE-2017-7494/src/selftest/socket_wrapper.py,3e5cb9def406e47f42bb8b819d04febb285f8d93,CVE-2017-7494
484265150,Threekiii/Awesome-Exploit,Samba/CVE-2017-7494/src/docs-xml/smbdotconf/printing/loadprinters.xml,3e724f694f0d96d7af1da3e7a87f52feb84acfc5,CVE-2017-7494
484265150,Threekiii/Awesome-Exploit,Samba/CVE-2017-7494/src/buildtools/wafsamba/tests/__init__.py,3e7430975966fcb2806db1ebd322454904da8d6e,CVE-2017-7494
484265150,Threekiii/Awesome-Exploit,Samba/CVE-2017-7494/src/libcli/netlogon/netlogon.h,3e79c115c69fe68756f0b25ac09c6a66ef350de8,CVE-2017-7494
484265150,Threekiii/Awesome-Exploit,Samba/CVE-2017-7494/src/docs-xml/Samba3-HOWTO/images/cups2.svg,3e7a2aa8eceb0661108c9636ba91f09255224951,CVE-2017-7494
484265150,Threekiii/Awesome-Exploit,Samba/CVE-2017-7494/src/examples/perfcounter/perf.h,3e7e2df07705cdac074b484265d1391b719a0aa5,CVE-2017-7494
484265150,Threekiii/Awesome-Exploit,Samba/CVE-2017-7494/src/librpc/idl/ntprinting.idl,3e85e2d7277d0797c8f6989ee3058cdcdf6c8c17,CVE-2017-7494
484265150,Threekiii/Awesome-Exploit,Samba/CVE-2017-7494/src/librpc/rpc/rpc_common.h,3e9e80cc11e63efbd9ecae16f36cb53412061fc6,CVE-2017-7494
484265150,Threekiii/Awesome-Exploit,Samba/CVE-2017-7494/src/python/samba/tests/samba_tool/sites.py,3ea172b91d2a030c18b1d7cbae1655bc15f98979,CVE-2017-7494
484265150,Threekiii/Awesome-Exploit,Samba/CVE-2017-7494/src/third_party/dnspython/dns/resolver.py,3ea3a069697f336384a8635498ead878dc08c647,CVE-2017-7494
484265150,Threekiii/Awesome-Exploit,Samba/CVE-2017-7494/src/source3/rpc_server/mdssd.c,3eaa53fe573f140fe4247c9866e9d04aa3bff13a,CVE-2017-7494
484265150,Threekiii/Awesome-Exploit,Samba/CVE-2017-7494/src/docs-xml/smbdotconf/locking/locking.xml,3eb52f38ff3da0cf0f36674e08aa5583b9e26979,CVE-2017-7494
484265150,Threekiii/Awesome-Exploit,Samba/CVE-2017-7494/src/testsuite/nsswitch/domusers.exp,3eb995f6a256c757cd661d2c0e12b80ed6cfa6a2,CVE-2017-7494
484265150,Threekiii/Awesome-Exploit,Samba/CVE-2017-7494/src/ctdb/tests/tool/ctdb.listvars.001.sh,3ebb33d4de362bd7573e487749f186daec326b4f,CVE-2017-7494
484265150,Threekiii/Awesome-Exploit,Samba/CVE-2017-7494/src/docs-xml/xslt/generate-attributions.xsl,3ed00e1797dc27ecf774f09743eb76a17a82e4b0,CVE-2017-7494
484265150,Threekiii/Awesome-Exploit,Samba/CVE-2017-7494/src/pidl/expr.yp,3edde4d4bae8a65693673e157fedb6f37bdf9ac2,CVE-2017-7494
484265150,Threekiii/Awesome-Exploit,Samba/CVE-2017-7494/src/source3/include/passdb.h,3ee7200321d20393dacd6b65346baf16470309df,CVE-2017-7494
484265150,Threekiii/Awesome-Exploit,Samba/CVE-2017-7494/src/testprogs/blackbox/test_pkinit_heimdal.sh,3f01a52b28708186df93ff659c404ab039f6df9e,CVE-2017-7494
484265150,Threekiii/Awesome-Exploit,Samba/CVE-2017-7494/src/source3/winbindd/winbindd_dual_srv.c,3f18349cc73fc204d3cf2e6f7ffeb2f43f3cf77e,CVE-2017-7494
484265150,Threekiii/Awesome-Exploit,Samba/CVE-2017-7494/src/examples/perfcounter/perf_writer_process.c,3f196d62699496b44925a063d31ef2782bff3935,CVE-2017-7494
484265150,Threekiii/Awesome-Exploit,Samba/CVE-2017-7494/src/source4/kdc/sdb_to_kdb.c,3f1c799fe8eb532ff03f1c31b35d3c11f3b5af87,CVE-2017-7494
484265150,Threekiii/Awesome-Exploit,Samba/CVE-2017-7494/src/source3/modules/vfs_glusterfs.c,3f2943e7a3157ec97d05baa3f0d8e17e64db70a9,CVE-2017-7494
484265150,Threekiii/Awesome-Exploit,Samba/CVE-2017-7494/src/third_party/zlib/zlib.h,3f301b966714048770893df92eb346fc1c4d3d1d,CVE-2017-7494
484265150,Threekiii/Awesome-Exploit,Samba/CVE-2017-7494/src/third_party/zlib/contrib/dotzlib/LICENSE_1_0.txt,3f317fbb3e08fd99169d2e77105d562ea0e482c7,CVE-2017-7494
484265150,Threekiii/Awesome-Exploit,Samba/CVE-2017-7494/src/source3/winbindd/wb_next_pwent.c,3f4147e85cc6ee903a8c6669eac39e6bdb6f1f4a,CVE-2017-7494
484265150,Threekiii/Awesome-Exploit,Samba/CVE-2017-7494/src/source3/rpc_client/cli_pipe.c,3f46cb6a5505f28f5dbbe0c1952df6867f3767c1,CVE-2017-7494
484265150,Threekiii/Awesome-Exploit,Samba/CVE-2017-7494/src/pidl/idl.yp,3f5a59919bf277d9520165cd17c60573fd828085,CVE-2017-7494
484265150,Threekiii/Awesome-Exploit,Samba/CVE-2017-7494/src/pidl/tests/ndr_simple.pl,3f5ef603095257986838a948b2de063fe0026935,CVE-2017-7494
484265150,Threekiii/Awesome-Exploit,Samba/CVE-2017-7494/src/docs-xml/smbdotconf/vfs/getquotacommand.xml,3f641e671fdc06606e2f9e48babfda6a11f8c997,CVE-2017-7494
484265150,Threekiii/Awesome-Exploit,Samba/CVE-2017-7494/src/third_party/dnspython/dns/rdtypes/ANY/NS.py,3f73f084c015cdebaecad9afd51f185c0905c5ac,CVE-2017-7494
484265150,Threekiii/Awesome-Exploit,Samba/CVE-2017-7494/src/docs-xml/smbdotconf/security/inheritowner.xml,3f94680c52e1df66898ef35c4660626e414f4e1a,CVE-2017-7494
484265150,Threekiii/Awesome-Exploit,Samba/CVE-2017-7494/src/source3/nmbd/nmbd_namequery.c,3fa733212800cb3688e4b069fc0c28e8c993cc4c,CVE-2017-7494
484265150,Threekiii/Awesome-Exploit,Samba/CVE-2017-7494/src/docs-xml/smbdotconf/winbind/winbindnormalizenames.xml,3fabca35026af5a70b1560adb2920988f5aae565,CVE-2017-7494
484265150,Threekiii/Awesome-Exploit,Samba/CVE-2017-7494/src/ctdb/include/ctdb_client.h,3fac04e0a38448633d068fbec3829f7ce13ec579,CVE-2017-7494
484265150,Threekiii/Awesome-Exploit,Samba/CVE-2017-7494/src/source3/wscript_build,3fae9a0f6ba187cfb87ff4eee2f5b674848ebd23,CVE-2017-7494
484265150,Threekiii/Awesome-Exploit,Samba/CVE-2017-7494/src/source4/torture/rpc/drsuapi.h,3fcc0ca76689457e61f13836dd60eadfc9febebf,CVE-2017-7494
484265150,Threekiii/Awesome-Exploit,Samba/CVE-2017-7494/src/packaging/Solaris/request,3fcc2674cd77c7b2b974514b5f7456a2beef4850,CVE-2017-7494
484265150,Threekiii/Awesome-Exploit,Samba/CVE-2017-7494/src/source3/winbindd/winbindd_wins_byip.c,3fcd26c69bf4666d48ca25b531a3a20a0c950177,CVE-2017-7494
484265150,Threekiii/Awesome-Exploit,Samba/CVE-2017-7494/src/docs-xml/smbdotconf/wins/winsproxy.xml,3fd0d4e0059710457129ce5156db2c007946da5c,CVE-2017-7494
484265150,Threekiii/Awesome-Exploit,Samba/CVE-2017-7494/src/docs-xml/Samba3-ByExample/SBE-SimpleOfficeServer.xml,3fd38212aa2bbac983e3b996a4a32b50c12eaa5c,CVE-2017-7494
484265150,Threekiii/Awesome-Exploit,Samba/CVE-2017-7494/src/source3/winbindd/winbindd_pam_logoff.c,3fdcc3ccf4d6c5d221e6c22025ef42b1e3d6f85a,CVE-2017-7494
484265150,Threekiii/Awesome-Exploit,Samba/CVE-2017-7494/src/testprogs/win32/midltests/valid/midltests_union_align_01.idl,3fe01836a60fd832e8367ae7d4e0cb5e32518f2c,CVE-2017-7494
484265150,Threekiii/Awesome-Exploit,Samba/CVE-2017-7494/src/source3/rpc_server/fss/srv_fss_agent.h,3fe343e3aef91645087d40be03f5e7ef6be4058e,CVE-2017-7494
484265150,Threekiii/Awesome-Exploit,Samba/CVE-2017-7494/src/librpc/idl/negoex.idl,3fe47ab59619f58a4fbd51f7aa0a9eb27414082f,CVE-2017-7494
484265150,Threekiii/Awesome-Exploit,Samba/CVE-2017-7494/src/docs-xml/smbdotconf/winbind/idmapuid.xml,3fe9ebfcd03dd4a5a6615998d46b7ebf705414b1,CVE-2017-7494
484265150,Threekiii/Awesome-Exploit,Samba/CVE-2017-7494/src/auth/kerberos/gssapi_helper.h,3ff1dbe85389f2897b625692d10736f1fde91bbd,CVE-2017-7494
484265150,Threekiii/Awesome-Exploit,Samba/CVE-2017-7494/src/ctdb/tests/shellcheck/ctdbd_wrapper.sh,3ff35bff594af4fdc1e5ecfef7506d6dccee7c48,CVE-2017-7494
484265150,Threekiii/Awesome-Exploit,Samba/CVE-2017-7494/src/ctdb/server/ctdb_logging.c,400618b41cfe51304cf5196e2f0e81d0d32c5d19,CVE-2017-7494
484265150,Threekiii/Awesome-Exploit,Samba/CVE-2017-7494/src/source3/libnet/libnet_join.h,401017659f51a3abd0279bc3b3ed8f1c1ca35635,CVE-2017-7494
484265150,Threekiii/Awesome-Exploit,Samba/CVE-2017-7494/src/testsuite/nsswitch/getpwent_r.exp,401d465b129d2e4d433c760c89f72683f60b2a10,CVE-2017-7494
484265150,Threekiii/Awesome-Exploit,Samba/CVE-2017-7494/src/source4/ntvfs/simple/svfs_util.c,4022b8d94d5b5e7e2eac5c2da0f346c8c7691b1d,CVE-2017-7494
484265150,Threekiii/Awesome-Exploit,Samba/CVE-2017-7494/src/source3/winbindd/winbindd.c,404f546fbbb64688ebc6fdefb920b3319dc9397a,CVE-2017-7494
484265150,Threekiii/Awesome-Exploit,Samba/CVE-2017-7494/src/source3/utils/log2pcaphex.c,406c26bb3c35a25917970f9c512d5ca118415856,CVE-2017-7494
484265150,Threekiii/Awesome-Exploit,Samba/CVE-2017-7494/src/ctdb/tests/eventscripts/40.vsftpd.monitor.002.sh,407f85153c621054c0db8c788c1f6bc9f9100d5e,CVE-2017-7494
484265150,Threekiii/Awesome-Exploit,Samba/CVE-2017-7494/src/python/samba/provision/sambadns.py,4080b7bda9629ac2e6c0b34d7472764a50931404,CVE-2017-7494
484265150,Threekiii/Awesome-Exploit,Samba/CVE-2017-7494/src/ctdb/config/debug-hung-script.sh,40864ed920df8b91ab484f25494ca83afbf8c683,CVE-2017-7494
484265150,Threekiii/Awesome-Exploit,Samba/CVE-2017-7494/src/source4/libcli/smb2/close.c,40930b40a84ce61d1297c5cb56419d9b23e7ea0e,CVE-2017-7494
484265150,Threekiii/Awesome-Exploit,Samba/CVE-2017-7494/src/docs-xml/manpages/idmap_tdb.8.xml,409643056059824abf1a3ca1b695fe338db02421,CVE-2017-7494
484265150,Threekiii/Awesome-Exploit,Samba/CVE-2017-7494/src/source4/ntvfs/sysdep/sys_notify.c,40a435f5ef97634daebf69eb370b0d597b317ac9,CVE-2017-7494
484265150,Threekiii/Awesome-Exploit,Samba/CVE-2017-7494/src/source4/ntp_signd/ntp_signd.c,40ae7096cb98e29e2bde75becbfd0fb8cab3ce58,CVE-2017-7494
484265150,Threekiii/Awesome-Exploit,Samba/CVE-2017-7494/src/packaging/RHEL/makerpms.sh.tmpl,40c6f5df389e29c39b1260e8e5260c9d6571b351,CVE-2017-7494
484265150,Threekiii/Awesome-Exploit,SaltStack/CVE-2020-11652/CVE-2020-11652.py,40cb2217fe7e65019e208e5b1a9fb718c69db04f,CVE-2020-11651
484265150,Threekiii/Awesome-Exploit,SaltStack/CVE-2020-11652/CVE-2020-11652.py,40cb2217fe7e65019e208e5b1a9fb718c69db04f,CVE-2020-11652
484265150,Threekiii/Awesome-Exploit,Samba/CVE-2017-7494/src/source4/auth/ntlm/auth_developer.c,40cbaf80acf8cc5309ee6c7f0de95e3e5962cf4d,CVE-2017-7494
484265150,Threekiii/Awesome-Exploit,Samba/CVE-2017-7494/src/examples/libsmbclient/tree.c,40ce5b1cd11ce4c8b10d71038d3f60669b308b6b,CVE-2017-7494
484265150,Threekiii/Awesome-Exploit,Samba/CVE-2017-7494/src/source3/rpc_client/cli_spoolss.h,40d04e939631cce0f9fc196cb2610e6049c369f4,CVE-2017-7494
484265150,Threekiii/Awesome-Exploit,Samba/CVE-2017-7494/src/third_party/zlib/old/zlib.html,410983dfb34c3afb3390b30358950095ceeabcb9,CVE-2017-7494
484265150,Threekiii/Awesome-Exploit,Samba/CVE-2017-7494/src/source4/heimdal/kdc/digest.c,4109ee65418183a3cda8ce01cd4d8ccb0279b92f,CVE-2017-7494
484265150,Threekiii/Awesome-Exploit,Samba/CVE-2017-7494/src/ctdb/tests/simple/scripts/local.bash,4109f19a09174a6cc196a388a1501fb7ec641bb4,CVE-2017-7494
484265150,Threekiii/Awesome-Exploit,Samba/CVE-2017-7494/src/source3/include/smbldap.h,411359928e27b65e406affb7217b882071d1484c,CVE-2017-7494
484265150,Threekiii/Awesome-Exploit,Samba/CVE-2017-7494/src/source4/torture/nbt/dgram.c,412bae000822f34e0668235e2402d60dc9219fb7,CVE-2017-7494
484265150,Threekiii/Awesome-Exploit,Samba/CVE-2017-7494/src/selftest/manage-ca/CA-samba.example.com/Users/administrator@addom.samba.example.com/USER-administrator@addom.samba.example.com-S03-cert.pem,4131a8b4f91e3a136b7c64a2c2364f5cbd72f533,CVE-2017-7494
484265150,Threekiii/Awesome-Exploit,CouchDB/CVE-2017-12636/poc.py,416ed1adfe1ab99829da4565a09e7893957960d9,CVE-2017-12636
484265150,Threekiii/Awesome-Exploit,Samba/CVE-2017-7494/src/docs-xml/Samba3-HOWTO/TOSHARG-Passdb.xml,41708e5ae63b9ec90535bf3aeca6f7e867c49088,CVE-2017-7494
484265150,Threekiii/Awesome-Exploit,Samba/CVE-2017-7494/src/python/samba/tests/upgradeprovisionneeddc.py,41776a26d1ee3a1d7d0a7273b00679e158ba34d5,CVE-2017-7494
484265150,Threekiii/Awesome-Exploit,Samba/CVE-2017-7494/src/testsuite/smbd/sec_ctx_nonroot.c,4179cbfc3f7824333c336ed57ebb3a5c6c22e2d2,CVE-2017-7494
484265150,Threekiii/Awesome-Exploit,Samba/CVE-2017-7494/src/selftest/manage-ca/manage-ca.templates.d/manage-CA-example.com.cnf,41802d2dc99fbf99fb7a50433f9cb1332ae09ce1,CVE-2017-7494
484265150,Threekiii/Awesome-Exploit,Samba/CVE-2017-7494/src/source3/torture/bench_pthreadpool.c,4181d1d503b61409184c3740724f9d34fff6c0c7,CVE-2017-7494
484265150,Threekiii/Awesome-Exploit,Samba/CVE-2017-7494/src/source3/torture/bench_pthreadpool.c,4181d1d503b61409184c3740724f9d34fff6c0c7,BID-1
484265150,Threekiii/Awesome-Exploit,Samba/CVE-2017-7494/src/ctdb/tests/tool/ctdb.getdbmap.001.sh,4189d97d724fe5eaee81da91d9e9260e6a4772fb,CVE-2017-7494
484265150,Threekiii/Awesome-Exploit,Samba/CVE-2017-7494/src/source3/nmbd/nmbd_subnetdb.c,418c19c0361360aaa54dcb848b058b5b244b7deb,CVE-2017-7494
484265150,Threekiii/Awesome-Exploit,Samba/CVE-2017-7494/src/libcli/security/security.h,41a66a0fa512ea5e02ebba480b499ef195083753,CVE-2017-7494
484265150,Threekiii/Awesome-Exploit,Samba/CVE-2017-7494/src/source3/printing/nt_printing_ads.c,41ad5a1164f03e1845385e602b437550bafe150a,CVE-2017-7494
484265150,Threekiii/Awesome-Exploit,Samba/CVE-2017-7494/src/source3/auth/auth_generic.c,41afb1090513221252526f09152fdc5467675c13,CVE-2017-7494
484265150,Threekiii/Awesome-Exploit,Samba/CVE-2017-7494/src/ctdb/tests/onnode/0004.sh,41b52cca2d36e46de25cd4ec193bd4e2e538b229,CVE-2017-7494
484265150,Threekiii/Awesome-Exploit,Samba/CVE-2017-7494/src/libcli/smb/smbXcli_base.h,41b8db8ca81e411bc62004e54387cfbe37b5fab6,CVE-2017-7494
484265150,Threekiii/Awesome-Exploit,Samba/CVE-2017-7494/src/source3/librpc/idl/IDL_LICENSE.txt,41bb27089429d9d6febf18e4237cf04d81fcc737,CVE-2017-7494
484265150,Threekiii/Awesome-Exploit,Samba/CVE-2017-7494/src/source3/utils/net_conf_util.c,41d930fea1e70bf977fa406a459c356bedcc8a37,CVE-2017-7494
484265150,Threekiii/Awesome-Exploit,Samba/CVE-2017-7494/src/source3/winbindd/winbindd_xids_to_sids.c,41e1f398c583c70bd581fe2784ef63091b6ccf8f,CVE-2017-7494
484265150,Threekiii/Awesome-Exploit,Samba/CVE-2017-7494/src/docs-xml/Samba3-HOWTO/TOSHARG-BDC.xml,41e39067018a6afdb928ba9a544b090c6be20afa,CVE-2017-7494
484265150,Threekiii/Awesome-Exploit,Samba/CVE-2017-7494/src/python/samba/tests/samdb.py,41e62cbb96648c65d9863bed860632173d08add6,CVE-2017-7494
484265150,Threekiii/Awesome-Exploit,Samba/CVE-2017-7494/src/source3/modules/vfs_default.c,41ecbfc5c0ea229cdd338ddcd6c155674a0f7367,CVE-2017-7494
484265150,Threekiii/Awesome-Exploit,Samba/CVE-2017-7494/src/source4/ldap_server/devdocs/rfc4514.txt,41f0db34177d6f0b1c52cef7bf1775b65c3895eb,CVE-2017-7494
484265150,Threekiii/Awesome-Exploit,Samba/CVE-2017-7494/src/ctdb/tests/simple/27_ctdb_detach.sh,41f27706c26659fbad4edd25b48d921e126fbcd4,CVE-2017-7494
484265150,Threekiii/Awesome-Exploit,Samba/CVE-2017-7494/src/docs-xml/smbdotconf/printing/printcapname.xml,41f943f38cf89770bc667d29742d0270cf13c3dd,CVE-2017-7494
484265150,Threekiii/Awesome-Exploit,Samba/CVE-2017-7494/src/source3/registry/reg_backend_printing.c,42070ac048707cea39221ca0433426e9c59f6f1a,CVE-2017-7494
484265150,Threekiii/Awesome-Exploit,Nginx/CVE-2017-7529/CVE-2017-7529.py,4216950199e67f68efa366f382f7458b35903f5a,CVE-2017-7529
484265150,Threekiii/Awesome-Exploit,Samba/CVE-2017-7494/src/source3/utils/net_rap.c,421b9adace978faafa48e83a46513a04840b1d7a,CVE-2017-7494
484265150,Threekiii/Awesome-Exploit,Samba/CVE-2017-7494/src/ctdb/tests/tool/ctdb.unban.002.sh,422c0ed08a604a2d247e97a76cad68c6b06a2244,CVE-2017-7494
484265150,Threekiii/Awesome-Exploit,Samba/CVE-2017-7494/src/docs-xml/smbdotconf/winbind/winbinddprivilegedsocketdirectory.xml,422f77612384ff44028dce4d57cba06023a8104c,CVE-2017-7494
484265150,Threekiii/Awesome-Exploit,Samba/CVE-2017-7494/src/source4/scripting/devel/watch_servers.sh,4232f46f36e62d955f62121989ccfd7869cc39ca,CVE-2017-7494
484265150,Threekiii/Awesome-Exploit,Samba/CVE-2017-7494/src/source3/include/messages.h,423c9295502542da475547b0ba133e2046b94789,CVE-2017-7494
484265150,Threekiii/Awesome-Exploit,Samba/CVE-2017-7494/src/source4/dsdb/samdb/ldb_modules/simple_ldap_map.c,4242e689607c7fcc1388141f63f86b62d099df56,CVE-2017-7494
484265150,Threekiii/Awesome-Exploit,Samba/CVE-2017-7494/src/source3/nmbd/nmbd_serverlistdb.c,42438b811f26ae53f109a253c69b9805b2d4d02a,CVE-2017-7494
484265150,Threekiii/Awesome-Exploit,Weblogic/weblogicScanner/stars/__pycache__/cve_2019_2729.cpython-37.pyc,424c0cc81fda1049d8589d5eb3fb778d1bf6975f,CVE-2019-2729
484265150,Threekiii/Awesome-Exploit,Samba/CVE-2017-7494/src/docs/manpages/idmap_tdb2.8,4258f3b08109947a9021f3d3941b93f29cedf787,CVE-2017-7494
484265150,Threekiii/Awesome-Exploit,Samba/CVE-2017-7494/src/examples/pcap2nbench/README,425bb73db8bbf8601ce9f2369543196388a36055,CVE-2017-7494
484265150,Threekiii/Awesome-Exploit,Samba/CVE-2017-7494/src/ctdb/tests/takeover/simulation/ip_groups2.py,427088ce2145b99ba01dfb55470e0946c3c8de7f,CVE-2017-7494
484265150,Threekiii/Awesome-Exploit,Samba/CVE-2017-7494/src/docs-xml/smbdotconf/protocol/webport.xml,427d7be69faa208b5d00cdfce4906337d18d7f60,CVE-2017-7494
484265150,Threekiii/Awesome-Exploit,Samba/CVE-2017-7494/src/source3/passdb/machine_account_secrets.c,427f89109b0cdee84e151427f680f9aff4726367,CVE-2017-7494
484265150,Threekiii/Awesome-Exploit,Samba/CVE-2017-7494/src/source3/smbd/smbd_cleanupd.h,4280b1fd33a608195fd8962dcc905859ffa3237e,CVE-2017-7494
484265150,Threekiii/Awesome-Exploit,Samba/CVE-2017-7494/src/docs/manpages/vfs_syncops.8,4285289ee31ffc9591da676b8fb36d5a3968f995,CVE-2017-7494
484265150,Threekiii/Awesome-Exploit,Samba/CVE-2017-7494/src/source4/cluster/local.c,42a48bc82ea493c43019b3a9093312f4e6a6b012,CVE-2017-7494
484265150,Threekiii/Awesome-Exploit,Samba/CVE-2017-7494/src/third_party/zlib/contrib/blast/blast.c,42b1eaa8d14c4aef01c8a5c5df1d348876caa201,CVE-2017-7494
484265150,Threekiii/Awesome-Exploit,Samba/CVE-2017-7494/src/source4/libnet/libnet_group.c,42b2ac3254676eb7425688e720e312c8ba154174,CVE-2017-7494
484265150,Threekiii/Awesome-Exploit,Samba/CVE-2017-7494/src/testprogs/win32/midltests/valid/midltests_union_align_08.idl,42b499c84a63f4acc63d9e755d7a354a1e1039c1,CVE-2017-7494
484265150,Threekiii/Awesome-Exploit,Samba/CVE-2017-7494/src/ctdb/server/ctdb_fork.c,42bca94df9ffafefc8b9660861786adc1309ee24,CVE-2017-7494
484265150,Threekiii/Awesome-Exploit,Samba/CVE-2017-7494/src/libds/common/flags.h,42c0b6510610ee0bd8a0355b21fd8888f422aa2b,CVE-2017-7494
484265150,Threekiii/Awesome-Exploit,Samba/CVE-2017-7494/src/wintest/wintest.py,42e79d355e369204952e8a26ce5fbf0ca6af9ea0,CVE-2017-7494
484265150,Threekiii/Awesome-Exploit,Samba/CVE-2017-7494/src/source4/torture/basic/attr.c,42e9dd6ed84488e8b9de5ec34d6ba1226c791417,CVE-2017-7494
484265150,Threekiii/Awesome-Exploit,Samba/CVE-2017-7494/src/source4/setup/display-specifiers/DisplaySpecifiers-Win2k8.txt,42f8e4db0ff5c3c25145d374381e1701f40776f8,VU#21
484265150,Threekiii/Awesome-Exploit,Samba/CVE-2017-7494/src/source4/setup/display-specifiers/DisplaySpecifiers-Win2k8.txt,42f8e4db0ff5c3c25145d374381e1701f40776f8,VU#29
484265150,Threekiii/Awesome-Exploit,Samba/CVE-2017-7494/src/source4/setup/display-specifiers/DisplaySpecifiers-Win2k8.txt,42f8e4db0ff5c3c25145d374381e1701f40776f8,CVE-2017-7494
484265150,Threekiii/Awesome-Exploit,Samba/CVE-2017-7494/src/source4/setup/display-specifiers/DisplaySpecifiers-Win2k8.txt,42f8e4db0ff5c3c25145d374381e1701f40776f8,VU#610
484265150,Threekiii/Awesome-Exploit,Samba/CVE-2017-7494/src/source4/setup/display-specifiers/DisplaySpecifiers-Win2k8.txt,42f8e4db0ff5c3c25145d374381e1701f40776f8,VU#70
484265150,Threekiii/Awesome-Exploit,Samba/CVE-2017-7494/src/source4/setup/display-specifiers/DisplaySpecifiers-Win2k8.txt,42f8e4db0ff5c3c25145d374381e1701f40776f8,VU#60
484265150,Threekiii/Awesome-Exploit,Samba/CVE-2017-7494/src/source4/setup/display-specifiers/DisplaySpecifiers-Win2k8.txt,42f8e4db0ff5c3c25145d374381e1701f40776f8,VU#251
484265150,Threekiii/Awesome-Exploit,Samba/CVE-2017-7494/src/buildtools/wafsamba/test_duplicate_symbol.sh,42f964d010efcf7ab9f41b501b07655ead970dbb,CVE-2017-7494
484265150,Threekiii/Awesome-Exploit,Samba/CVE-2017-7494/src/source4/heimdal/kpasswd/kpasswd.c,42faae86dee1410d0e54a27903cd3162bee46bd5,CVE-2017-7494
484265150,Threekiii/Awesome-Exploit,Samba/CVE-2017-7494/src/third_party/waf/wafadmin/TaskGen.py,42fb6b6cb91fc7db17b1c0c634e2c646af789b0f,CVE-2017-7494
484265150,Threekiii/Awesome-Exploit,Samba/CVE-2017-7494/src/source4/torture/krb5/kdc-heimdal.c,430567e11533e62bf42bdc5f753a9f8e41eeda1c,CVE-2017-7494
484265150,Threekiii/Awesome-Exploit,Samba/CVE-2017-7494/src/source3/nmbd/nmbd_become_dmb.c,43085c55bb16809b5e7789598e23337eddb7283c,CVE-2017-7494
484265150,Threekiii/Awesome-Exploit,Samba/CVE-2017-7494/src/source4/auth/gensec/gensec_gssapi.c,4313b6ee590faf656db5e49b9e7e5116b604c7e5,CVE-2017-7494
484265150,Threekiii/Awesome-Exploit,Flink/CVE-2020-17519/CVE-2020-17519.py,431b197a39d62f502685f0c72df6a8bca7eba7b8,CVE-2020-17519
484265150,Threekiii/Awesome-Exploit,Samba/CVE-2017-7494/src/testsuite/smbd/sec_ctx_utils.c,4320e35df3e8ca117eb7cb9cd4d21d5e0e92532d,CVE-2017-7494
484265150,Threekiii/Awesome-Exploit,Samba/CVE-2017-7494/src/libcli/security/session.h,432bee0748a3121275440543782908080c9307aa,CVE-2017-7494
484265150,Threekiii/Awesome-Exploit,Samba/CVE-2017-7494/src/third_party/waf/wafadmin/Tools/compiler_d.py,432cb0d48d663546fb5bed64af867e8bd997e0fa,CVE-2017-7494
484265150,Threekiii/Awesome-Exploit,Samba/CVE-2017-7494/src/ctdb/tests/eventscripts/stubs/id,43362a517f22ec3f0a97af7b02f854902f3d0f1f,CVE-2017-7494
484265150,Threekiii/Awesome-Exploit,Samba/CVE-2017-7494/src/libcli/util/errormap.c,433f3620a6532e330a94032f6eaa7c09d92c68c5,CVE-2017-7494
484265150,Threekiii/Awesome-Exploit,Samba/CVE-2017-7494/src/source3/include/proto.h,434283959d5f9baca86be10047e278239254bedd,CVE-2017-7494
484265150,Threekiii/Awesome-Exploit,Samba/CVE-2017-7494/src/source4/rpc_server/common/share_info.c,436111ef9aba106dfac51ab72fe4d1fc14e3c71e,CVE-2017-7494
484265150,Threekiii/Awesome-Exploit,Samba/CVE-2017-7494/src/docs-xml/smbdotconf/security/clientipcsigning.xml,43786a6db210436817d25f7c491c14254408e57c,CVE-2017-7494
484265150,Threekiii/Awesome-Exploit,Samba/CVE-2017-7494/src/source3/modules/vfs_media_harmony.c,437f8472867a6d7f4c7f0b5e2b99e7ff2f9aef1b,CVE-2017-7494
484265150,Threekiii/Awesome-Exploit,Samba/CVE-2017-7494/src/ctdb/utils/pmda/Install,43954b46c8d8f091760bd51568f10847be734f4f,CVE-2017-7494
484265150,Threekiii/Awesome-Exploit,Samba/CVE-2017-7494/src/source3/rpc_server/dcesrv_auth_generic.h,43995dda442485e4e1840c7f754cd922be1cccf4,CVE-2017-7494
484265150,Threekiii/Awesome-Exploit,Samba/CVE-2017-7494/src/third_party/pyiso8601/tox.ini,43b3a02195913fbf30b767ff0fb6f14f79c53873,CVE-2017-7494
484265150,Threekiii/Awesome-Exploit,Samba/CVE-2017-7494/src/third_party/zlib/contrib/ada/zlib-thin.adb,43c7e58eb582ce078f6ff76aa4f4eb09892ff92b,CVE-2017-7494
484265150,Threekiii/Awesome-Exploit,Samba/CVE-2017-7494/src/ctdb/tests/eventscripts/60.nfs.monitor.151.sh,43e2d47a495fdd9c766f73bfb440c1cf9a289dfc,CVE-2017-7494
484265150,Threekiii/Awesome-Exploit,Samba/CVE-2017-7494/src/testprogs/win32/midltests/todo/midltests-pipe-03-hyper.idl,440261dd261169c358163ca181666c0cbb71c2c0,CVE-2017-7494
484265150,Threekiii/Awesome-Exploit,Samba/CVE-2017-7494/src/docs-xml/xslt/latex/samba.sty,44079558fe5776ae2f7526aaf20d9671a5dc219b,CVE-2017-7494
484265150,Threekiii/Awesome-Exploit,Samba/CVE-2017-7494/src/third_party/pep8/testsuite/W19.py,4417dac2095ebccef104a8d9c07e618b6b97524b,CVE-2017-7494
484265150,Threekiii/Awesome-Exploit,Samba/CVE-2017-7494/src/source3/registry/reg_backend_prod_options.c,441ee0a5da7837ce484d408bfcb6d7206c0c17c0,CVE-2017-7494
484265150,Threekiii/Awesome-Exploit,Samba/CVE-2017-7494/src/source3/winbindd/wb_lookupsids.c,44362bdf53aebc9f46aa9a32a8c1f31d5258c5cd,CVE-2017-7494
484265150,Threekiii/Awesome-Exploit,Samba/CVE-2017-7494/src/source3/auth/auth_samba4.c,443996236b37ccb33fa36b1080338108dc83e900,CVE-2017-7494
484265150,Threekiii/Awesome-Exploit,Samba/CVE-2017-7494/src/docs-xml/smbdotconf/ldap/ldapsamtrusted.xml,443a1f5237414677c0d1dceff5714b3b7f6f217a,CVE-2017-7494
484265150,Threekiii/Awesome-Exploit,Samba/CVE-2017-7494/src/docs-xml/smbdotconf/security/clientplaintextauth.xml,443e320f8d1cb0a069b022947ddb540de358cdf5,CVE-2017-7494
484265150,Threekiii/Awesome-Exploit,Samba/CVE-2017-7494/src/source3/libsmb/cli_smb2_fnum.h,4444d7e2b86383deba79e8166bcabd641ff13d13,CVE-2017-7494
484265150,Threekiii/Awesome-Exploit,Samba/CVE-2017-7494/src/librpc/ndr/ndr_drsuapi.c,444d00f76d9f32eb6a352da31f13d8eaef280caa,CVE-2017-7494
484265150,Threekiii/Awesome-Exploit,Samba/CVE-2017-7494/src/source4/dsdb/samdb/ldb_modules/subtree_rename.c,444d9d6041f754184ebb4c6629c54dd70677ea1f,CVE-2017-7494
484265150,Threekiii/Awesome-Exploit,Samba/CVE-2017-7494/src/examples/scripts/shares/perl/modify_samba_config.pl,44556b1ba6848895112b78426a1ed3aff82e4c83,CVE-2017-7494
484265150,Threekiii/Awesome-Exploit,Samba/CVE-2017-7494/src/source4/client/tests/test_smbclient.sh,44559acdaaab9095f202edc71753f3f336821fcb,CVE-2017-7494
484265150,Threekiii/Awesome-Exploit,Weblogic/weblogicScanner/stars/__pycache__/cve_2014_4210.cpython-36.pyc,445c5e971da9e0243a36733638f04430f458316d,CVE-2014-4210
484265150,Threekiii/Awesome-Exploit,Samba/CVE-2017-7494/src/docs-xml/manpages/rpcclient.1.xml,445e8d037e74274754834736859bff05fb5507d0,CVE-2017-7494
484265150,Threekiii/Awesome-Exploit,Samba/CVE-2017-7494/src/third_party/zlib/projects/visualc6/zlib.dsw,44628019946c9c1dcc785187a2110f7b0cd08f2d,CVE-2017-7494
484265150,Threekiii/Awesome-Exploit,Samba/CVE-2017-7494/src/librpc/idl/frsapi.idl,446b8363a5ae095309998aee40e01453a7918b07,CVE-2017-7494
484265150,Threekiii/Awesome-Exploit,Samba/CVE-2017-7494/src/docs-xml/smbdotconf/protocol/clientusespnego.xml,446cf2508f12b6655397fe3d6d5b28e48066949d,CVE-2016-2111
484265150,Threekiii/Awesome-Exploit,Samba/CVE-2017-7494/src/docs-xml/smbdotconf/protocol/clientusespnego.xml,446cf2508f12b6655397fe3d6d5b28e48066949d,CVE-2017-7494
484265150,Threekiii/Awesome-Exploit,Samba/CVE-2017-7494/src/ctdb/doc/ctdb-tunables.7.xml,447855b3e0713cb4b3e167b61808eb148a6b9a1c,CVE-2017-7494
484265150,Threekiii/Awesome-Exploit,Samba/CVE-2017-7494/src/python/samba/tests/samba3.py,447e02a85359e6f6b2c63118b19192259e960617,CVE-2017-7494
484265150,Threekiii/Awesome-Exploit,Samba/CVE-2017-7494/src/testsuite/nsswitch/getgrent_r.exp,4488583438f11df7053002624a574c507c14d7ca,CVE-2017-7494
484265150,Threekiii/Awesome-Exploit,Samba/CVE-2017-7494/src/source4/echo_server/echo_server.c,449af9dacabf7b4df151ca98a22c83d9acd082bc,CVE-2017-7494
484265150,Threekiii/Awesome-Exploit,Samba/CVE-2017-7494/src/source3/utils/interact.c,449b4f4f0cd0e2a9af6fdf8a2cf0258d4cd37e4c,CVE-2017-7494
484265150,Threekiii/Awesome-Exploit,Samba/CVE-2017-7494/src/source4/libcli/raw/libcliraw.h,44a1741fe2e159c15844465a9ec4cbbb888c2de7,CVE-2017-7494
484265150,Threekiii/Awesome-Exploit,Samba/CVE-2017-7494/src/docs-xml/Samba3-HOWTO/TOSHARG-InterdomainTrusts.xml,44b1d6fe607fa99a3ce93067fe8e01cd8da546e3,CVE-2017-7494
484265150,Threekiii/Awesome-Exploit,Samba/CVE-2017-7494/src/python/samba/netcmd/dbcheck.py,44bce2b9ffa7b0c60d9c80c6cbdecf8990c40266,CVE-2017-7494
484265150,Threekiii/Awesome-Exploit,Spring/CVE-2022-22947/README.md,44cb1932b2dc0da33bf7aa6ebd497a0c138e19a4,CVE-2022-22947
484265150,Threekiii/Awesome-Exploit,Samba/CVE-2017-7494/src/ctdb/tests/tool/ctdb.setdbsticky.003.sh,44d593b83a5830eda76b1fc7e516deeb4cae3a3a,CVE-2017-7494
484265150,Threekiii/Awesome-Exploit,Samba/CVE-2017-7494/src/selftest/manage-ca/CA-samba.example.com/Users/pkinit@addom.samba.example.com/USER-pkinit@addom.samba.example.com-S05-req.pem,44f0df75c79d72d236e8f14efb0a26e133331003,CVE-2017-7494
484265150,Threekiii/Awesome-Exploit,Samba/CVE-2017-7494/src/librpc/ndr/ndr_rap.h,44f54580f6cdcdbdd9695a39f89fb0430c82d9b0,CVE-2017-7494
484265150,Threekiii/Awesome-Exploit,Samba/CVE-2017-7494/src/ctdb/tests/eventscripts/50.samba.monitor.112.sh,45031c0b4a818fb5722f345e00b82800a0e46ea3,CVE-2017-7494
484265150,Threekiii/Awesome-Exploit,Samba/CVE-2017-7494/src/docs-xml/smbdotconf/security/lognttokencommand.xml,4528a8763d6c31f1a64f624f5cdd5911e28a49f3,CVE-2017-7494
484265150,Threekiii/Awesome-Exploit,Samba/CVE-2017-7494/src/nsswitch/libwbclient/wbc_guid.c,45307762b7d744086a66ac765eb1a94bc80541a2,CVE-2017-7494
484265150,Threekiii/Awesome-Exploit,Samba/CVE-2017-7494/src/release-scripts/build-htmlman-nogit,457f505da483652ae9917206b3dc5b46968176a6,CVE-2017-7494
484265150,Threekiii/Awesome-Exploit,Samba/CVE-2017-7494/src/source4/ntvfs/common/brlock_tdb.c,45abd65b0883ebdbc439252dc3f4347d6bd18898,CVE-2017-7494
484265150,Threekiii/Awesome-Exploit,Samba/CVE-2017-7494/src/source3/libgpo/gpext/registry.c,45b0f788dea7f8e6427f96d6126769f6ad6943f5,CVE-2017-7494
484265150,Threekiii/Awesome-Exploit,Samba/CVE-2017-7494/src/source3/include/MacExtensions.h,45ca37885ca114a8b5bd1e58473d5ff532850fec,CVE-2017-7494
484265150,Threekiii/Awesome-Exploit,Samba/CVE-2017-7494/src/libcli/smb/smb_unix_ext.h,45d1bde139c34f35c0bc13e3f2d522c546bac27f,CVE-2017-7494
484265150,Threekiii/Awesome-Exploit,Samba/CVE-2017-7494/src/source4/ntvfs/posix/pvfs_streams.c,45d913e228a071f037a879c84a0c37344e5b48e9,CVE-2017-7494
484265150,Threekiii/Awesome-Exploit,Samba/CVE-2017-7494/src/source3/libgpo/gpext/wscript_build,45dee86dc8990b62f373f9ab56d0bb41b206af18,CVE-2017-7494
484265150,Threekiii/Awesome-Exploit,Samba/CVE-2017-7494/src/examples/scripts/debugging/solaris/solaris-oops.sh,45e8beec6913a2fba7e6e737124beb80fa37212b,CVE-2017-7494
484265150,Threekiii/Awesome-Exploit,Samba/CVE-2017-7494/src/source4/torture/rpc/drsuapi_cracknames.c,45ea35db6727ba3c055f117d32f36054a5d0d606,CVE-2017-7494
484265150,Threekiii/Awesome-Exploit,Samba/CVE-2017-7494/src/source4/dsdb/repl/drepl_periodic.c,45f0af0bf316bf94fcc9b056bbd9d4220cfd55fb,CVE-2017-7494
484265150,Threekiii/Awesome-Exploit,Samba/CVE-2017-7494/src/docs-xml/manpages/vfs_prealloc.8.xml,45f2447aa6faea18facf35e20c600395648fa715,CVE-2017-7494
484265150,Threekiii/Awesome-Exploit,Samba/CVE-2017-7494/src/source4/setup/olc_seed.ldif,45f2c8435720194cf880cb23464b8145ab39144e,CVE-2017-7494
484265150,Threekiii/Awesome-Exploit,Samba/CVE-2017-7494/src/librpc/idl/preg.idl,460c82ac222a66a4bbfc60ae65a87e490ab5dc39,CVE-2017-7494
484265150,Threekiii/Awesome-Exploit,Samba/CVE-2017-7494/src/third_party/waf/wafadmin/Runner.py,461531723cc981922627b7f614a719aab7d8ec60,CVE-2017-7494
484265150,Threekiii/Awesome-Exploit,Samba/CVE-2017-7494/src/source3/include/lsa.h,4641ac50a62eeef55b8e0fd2d39b5fa8a0de6c77,CVE-2017-7494
484265150,Threekiii/Awesome-Exploit,Samba/CVE-2017-7494/src/python/examples/samr.py,464a026cced330be6df8e8923ee40d117cc4f3a2,CVE-2017-7494
484265150,Threekiii/Awesome-Exploit,Samba/CVE-2017-7494/src/selftest/manage-ca/CA-samba.example.com/Users/administrator@addom.samba.example.com/USER-administrator@addom.samba.example.com-S03-req.pem,464fdc8289c983582dd9773e1d2adea1a852ba8a,CVE-2017-7494
484265150,Threekiii/Awesome-Exploit,Samba/CVE-2017-7494/src/librpc/idl/winbind.idl,4663b78caeb1e88411e9edfc4e60e41b7444d86d,CVE-2017-7494
484265150,Threekiii/Awesome-Exploit,Samba/CVE-2017-7494/src/ctdb/tests/eventscripts/00.ctdb.setup.001.sh,466c5ec9f4f978b81ee12f0f8faae14ac9fb2de5,CVE-2017-7494
484265150,Threekiii/Awesome-Exploit,Samba/CVE-2017-7494/src/ctdb/tests/eventscripts/05.system.monitor.005.sh,46716f782b28db5682c58ef73aa7b7d08f2b7f2c,CVE-2017-7494
484265150,Threekiii/Awesome-Exploit,Samba/CVE-2017-7494/src/third_party/zlib/contrib/dotzlib/DotZLib/Inflater.cs,46739013eeb10eb2f97f0bbebc7f92d2efbec8d1,CVE-2017-7494
484265150,Threekiii/Awesome-Exploit,Samba/CVE-2017-7494/src/source3/script/tests/test_forceuser_validusers.sh,467b1d9b32708f11da4cfe46b8f1c5cb5dece2ed,CVE-2017-7494
484265150,Threekiii/Awesome-Exploit,Samba/CVE-2017-7494/src/third_party/zlib/contrib/minizip/mztools.c,467f250e6860ee05b0694a6157a473ec9698af21,CVE-2017-7494
484265150,Threekiii/Awesome-Exploit,Samba/CVE-2017-7494/src/libcli/auth/schannel_state.h,468503bef1234422f933819f1d4b2dd73205021c,CVE-2017-7494
484265150,Threekiii/Awesome-Exploit,Samba/CVE-2017-7494/src/buildtools/wafsamba/samba_python.py,4688001426293c773129febb7c6a7308a26a5e70,CVE-2017-7494
484265150,Threekiii/Awesome-Exploit,Samba/CVE-2017-7494/src/source4/heimdal/base/version-script.map,468cb16cf4598fd80793f4d73e402c9e4c319b0b,CVE-2017-7494
484265150,Threekiii/Awesome-Exploit,Samba/CVE-2017-7494/src/docs-xml/smbdotconf/logging/ldapdebuglevel.xml,4691d6d6311e1d2d5aacf793f1d0a93446fea5b5,CVE-2017-7494
484265150,Threekiii/Awesome-Exploit,Samba/CVE-2017-7494/src/source3/rpcclient/cmd_epmapper.c,46935fe4e9e7c6cfe7669dcd4f3fdaea29f94242,CVE-2017-7494
484265150,Threekiii/Awesome-Exploit,Samba/CVE-2017-7494/src/docs-xml/smbdotconf/protocol/smb2maxread.xml,4699283a19e89abe571a5d8eaf9abeac635b3190,CVE-2017-7494
484265150,Threekiii/Awesome-Exploit,Samba/CVE-2017-7494/src/docs-xml/smbdotconf/misc/clustering.xml,46998dfd9bc673050acd12aad2936932dbeb5c0a,CVE-2017-7494
484265150,Threekiii/Awesome-Exploit,Samba/CVE-2017-7494/src/source3/utils/net_rpc_registry.c,469d1ff0a898d6dd1fd2621151f5d70d917720dc,CVE-2017-7494
484265150,Threekiii/Awesome-Exploit,Samba/CVE-2017-7494/src/librpc/idl/efs.idl,46a69cb23941b9f1938e3e159237e71aabe79bba,CVE-2017-7494
484265150,Threekiii/Awesome-Exploit,Samba/CVE-2017-7494/src/source4/setup/display-specifiers/DisplaySpecifiers-Win2k8R2.txt,46a86b08ea8f9af14a699f10e351c5bb2dcddfd9,VU#251
484265150,Threekiii/Awesome-Exploit,Samba/CVE-2017-7494/src/source4/setup/display-specifiers/DisplaySpecifiers-Win2k8R2.txt,46a86b08ea8f9af14a699f10e351c5bb2dcddfd9,CVE-2017-7494
484265150,Threekiii/Awesome-Exploit,Samba/CVE-2017-7494/src/source4/setup/display-specifiers/DisplaySpecifiers-Win2k8R2.txt,46a86b08ea8f9af14a699f10e351c5bb2dcddfd9,VU#21
484265150,Threekiii/Awesome-Exploit,Samba/CVE-2017-7494/src/source4/setup/display-specifiers/DisplaySpecifiers-Win2k8R2.txt,46a86b08ea8f9af14a699f10e351c5bb2dcddfd9,VU#60
484265150,Threekiii/Awesome-Exploit,Samba/CVE-2017-7494/src/source4/setup/display-specifiers/DisplaySpecifiers-Win2k8R2.txt,46a86b08ea8f9af14a699f10e351c5bb2dcddfd9,VU#29
484265150,Threekiii/Awesome-Exploit,Samba/CVE-2017-7494/src/source4/setup/display-specifiers/DisplaySpecifiers-Win2k8R2.txt,46a86b08ea8f9af14a699f10e351c5bb2dcddfd9,VU#610
484265150,Threekiii/Awesome-Exploit,Samba/CVE-2017-7494/src/source4/setup/display-specifiers/DisplaySpecifiers-Win2k8R2.txt,46a86b08ea8f9af14a699f10e351c5bb2dcddfd9,VU#70
484265150,Threekiii/Awesome-Exploit,Samba/CVE-2017-7494/src/librpc/idl/frsrpc.idl,46ac1f7c167bc267556bc738915715aeba2820d0,CVE-2017-7494
484265150,Threekiii/Awesome-Exploit,Samba/CVE-2017-7494/src/selftest/save.env.sh,46be43b2df876d1a74c7bd9a67aefbb32b08266f,CVE-2017-7494
484265150,Threekiii/Awesome-Exploit,Samba/CVE-2017-7494/src/source3/registry/reg_util_internal.c,46cdc841f2afc485109ccd05e21d9ffab22945bf,CVE-2017-7494
484265150,Threekiii/Awesome-Exploit,Samba/CVE-2017-7494/src/examples/pcap2nbench/tcp.hpp,46d90ebba221a5128551d250f696bbfb30114bc9,CVE-2017-7494
484265150,Threekiii/Awesome-Exploit,Samba/CVE-2017-7494/src/docs-xml/Samba3-HOWTO/TOSHARG-LargeFile.xml,46d96ba71d11403570d82ef9bccac82ca1b7497e,CVE-2017-7494
484265150,Threekiii/Awesome-Exploit,Samba/CVE-2017-7494/src/nsswitch/libwbclient/wbc_util.c,46e2fa6dd11f9d9ae6eec237d1a707b4d37ae08e,CVE-2017-7494
484265150,Threekiii/Awesome-Exploit,Samba/CVE-2017-7494/src/source4/dsdb/samdb.pc.in,46e31e71a6a85fd13cf81d78680194c82b5dd426,CVE-2017-7494
484265150,Threekiii/Awesome-Exploit,Samba/CVE-2017-7494/src/libcli/util/ntstatus.h,46e69e226e8ee59415556daa4112b610f39b400a,CVE-2017-7494
484265150,Threekiii/Awesome-Exploit,Samba/CVE-2017-7494/src/auth/ntlmssp/ntlmssp_sign.c,46e91e8ec8b6089c7f18c2fa940ffbd998d8225b,CVE-2017-7494
484265150,Threekiii/Awesome-Exploit,Samba/CVE-2017-7494/src/docs-xml/smbdotconf/winbind/requirestrongkey.xml,46f9ebab9911af7dc997c6188e653308d05b3f62,CVE-2017-7494
484265150,Threekiii/Awesome-Exploit,Samba/CVE-2017-7494/src/include/README.txt,46fa53f55ca7371972ea07a21ba71e06495b9713,CVE-2017-7494
484265150,Threekiii/Awesome-Exploit,Samba/CVE-2017-7494/src/third_party/pep8/CHANGES.txt,46fdf7b2686b18dd89c9df94df6125eda96f1de2,CVE-2017-7494
484265150,Threekiii/Awesome-Exploit,Samba/CVE-2017-7494/src/docs-xml/smbdotconf/misc/volume.xml,470a7901df4d71b6403920d2d34d06148afc52c8,CVE-2017-7494
484265150,Threekiii/Awesome-Exploit,Samba/CVE-2017-7494/src/docs-xml/Makefile.settings.in,4715fdb10eb31197b1099c7de2be905bfd0a2245,CVE-2017-7494
484265150,Threekiii/Awesome-Exploit,Samba/CVE-2017-7494/src/third_party/zlib/contrib/dotzlib/DotZLib.sln,47162b9e81db54ca73c9f7da8113a2717fc423db,CVE-2017-7494
484265150,Threekiii/Awesome-Exploit,Samba/CVE-2017-7494/src/examples/scripts/mount/mount.smbfs,4724def2983d7aa5d450bc63a6c91c3dcdd7dcfc,CVE-2017-7494
484265150,Threekiii/Awesome-Exploit,Samba/CVE-2017-7494/src/libcli/smb/smb2cli_echo.c,472aca727286a507793e4aabde1ca6b4fe84fd57,CVE-2017-7494
484265150,Threekiii/Awesome-Exploit,Samba/CVE-2017-7494/src/source3/libnet/libnet_join.c,472b4fc96aa6e9236940d9e6714e988a5442df3c,CVE-2017-7494
484265150,Threekiii/Awesome-Exploit,Samba/CVE-2017-7494/src/ctdb/tests/takeover/lcp2.004.sh,4732da484fd1cfc3a1747a94bcc90b3313f543f9,CVE-2017-7494
484265150,Threekiii/Awesome-Exploit,Samba/CVE-2017-7494/src/source3/libads/kerberos_proto.h,47456dd029a63e3e51b5678781eb0609dcee5ebf,CVE-2017-7494
484265150,Threekiii/Awesome-Exploit,Samba/CVE-2017-7494/src/source4/torture/drs/drs_init.c,475c7b53d3954fb4701da1625e0873146ef8e772,CVE-2017-7494
484265150,Threekiii/Awesome-Exploit,Samba/CVE-2017-7494/src/source4/librpc/dcerpc_samr.pc.in,47627e85670c37c41a690d72bbcc866af469435b,CVE-2017-7494
484265150,Threekiii/Awesome-Exploit,Samba/CVE-2017-7494/src/python/samba/tests/common.py,4762e70daf81d4a6d834f8a75283e0658286fd52,CVE-2017-7494
484265150,Threekiii/Awesome-Exploit,Samba/CVE-2017-7494/src/source3/script/tests/test_acl_xattr.sh,477798494024791454f862c342d36918527e35f2,CVE-2017-7494
484265150,Threekiii/Awesome-Exploit,Samba/CVE-2017-7494/src/source3/rpc_server/srv_access_check.h,477c742524fe54f3f48252437306cdf8ed874273,CVE-2017-7494
484265150,Threekiii/Awesome-Exploit,Samba/CVE-2017-7494/src/source4/rpc_server/common/loadparm.c,478e67bc8330ace636cc834f2ea0bd063c08df67,CVE-2017-7494
484265150,Threekiii/Awesome-Exploit,Samba/CVE-2017-7494/src/source4/selftest/win/wintest_functions.sh,4793b27e22a70868b00c72f514c9d7276bc874bf,CVE-2017-7494
484265150,Threekiii/Awesome-Exploit,Samba/CVE-2017-7494/src/docs-xml/smbdotconf/protocol/nameresolveorder.xml,479835b96f66a9c618fcf30b20466560245ad2ef,CVE-2017-7494
484265150,Threekiii/Awesome-Exploit,Samba/CVE-2017-7494/src/source3/torture/msg_source.c,47acaf309a6efc47ee01f30e0d46b8daad4c0747,CVE-2017-7494
484265150,Threekiii/Awesome-Exploit,Samba/CVE-2017-7494/src/source4/scripting/devel/crackname,47b6f423952cddfe36499b037ee0adfb90db4fc9,CVE-2017-7494
484265150,Threekiii/Awesome-Exploit,Samba/CVE-2017-7494/src/ctdb/tests/onnode/stubs/onnode-buggy-001,47bd2a3050ca33020d240f4b4afecaca6913b5ae,CVE-2017-7494
484265150,Threekiii/Awesome-Exploit,Samba/CVE-2017-7494/src/docs-xml/smbdotconf/base/sharebackend.xml,47f10b407b2cbf62aea46e6df01cbf6ee74a48ea,CVE-2017-7494
484265150,Threekiii/Awesome-Exploit,Samba/CVE-2017-7494/src/source4/auth/gensec/gensec_gssapi.h,47f34f0cfaa04a2b545b7746e44c0fc84df9b1be,CVE-2017-7494
484265150,Threekiii/Awesome-Exploit,Samba/CVE-2017-7494/src/docs-xml/using_samba/ch06.xml,47ffdaeab0589addae4dc04f3b466487b0f2dc2b,CVE-2017-7494
484265150,Threekiii/Awesome-Exploit,Samba/CVE-2017-7494/src/source4/ntvfs/posix/pvfs_wait.c,48434060d970855e7068904fc303bf09fc760a66,CVE-2017-7494
484265150,Threekiii/Awesome-Exploit,Samba/CVE-2017-7494/src/source4/torture/man/smbtorture.1.xml,4863235a263f5bfd43dab357124ebc85a79999c0,CVE-2017-7494
484265150,Threekiii/Awesome-Exploit,Samba/CVE-2017-7494/src/ctdb/tests/src/g_lock_loop.c,487088a4e12b9dc6f1d816c56ce31b9a7a472ae1,CVE-2017-7494
484265150,Threekiii/Awesome-Exploit,Samba/CVE-2017-7494/src/source3/script/fix_bool.pl,4870c88ed5023fbb6c5d550b96d4289f757236d4,CVE-2017-7494
484265150,Threekiii/Awesome-Exploit,Samba/CVE-2017-7494/src/testprogs/blackbox/test_trust_utils.sh,487e71d647a5e5f74dec86ba4f424e85ee101def,CVE-2017-7494
484265150,Threekiii/Awesome-Exploit,Samba/CVE-2017-7494/src/testsuite/build_farm/basicsmb.fns,48a450702acb71416817fc123c5d78e01da08cbc,CVE-2017-7494
484265150,Threekiii/Awesome-Exploit,Samba/CVE-2017-7494/src/source3/winbindd/winbindd_dual.c,48a4548c221be08094ddf5cd837052b3542314f2,CVE-2017-7494
484265150,Threekiii/Awesome-Exploit,Samba/CVE-2017-7494/src/wintest/conf/zahari-esxi.conf,48c66a0e2567825690bb596420761eb26141cc2b,CVE-2017-7494
484265150,Threekiii/Awesome-Exploit,Samba/CVE-2017-7494/src/testprogs/win32/midltests/midltests.acf,48d31265d8d729733f62e698b5fe2bd5d40b04d6,CVE-2017-7494
484265150,Threekiii/Awesome-Exploit,Samba/CVE-2017-7494/src/source3/change-log,48d3497e600bcf539c01a6d0fad49b0e8843531e,CVE-2017-7494
484265150,Threekiii/Awesome-Exploit,Samba/CVE-2017-7494/src/source4/kdc/pac-glue.c,48ed36f2bfb6df2d0d226a1196dd0bdb8ee44678,CVE-2017-7494
484265150,Threekiii/Awesome-Exploit,Samba/CVE-2017-7494/src/selftest/target/samba.py,48f09a1eba66c1645676a0b9cfbe261bc136fc85,CVE-2017-7494
484265150,Threekiii/Awesome-Exploit,Samba/CVE-2017-7494/src/source3/script/tests/test_pthreadpool.sh,4908b73eba31cf9a5426a09ceb9c0438b59bc8c9,CVE-2017-7494
484265150,Threekiii/Awesome-Exploit,Samba/CVE-2017-7494/src/source3/rpc_server/srv_pipe.h,491cafd6e326102b37130b8671e283505259c5a8,CVE-2017-7494
484265150,Threekiii/Awesome-Exploit,Samba/CVE-2017-7494/src/docs/manpages/vfs_offline.8,49453667d66caf0c744c3370df1e2361d0678c39,CVE-2017-7494
484265150,Threekiii/Awesome-Exploit,Samba/CVE-2017-7494/src/source4/libcli/util/pyerrors.h,49453b19b19be2336368e4c3d06d440d8fcb8b95,CVE-2017-7494
484265150,Threekiii/Awesome-Exploit,Samba/CVE-2017-7494/src/docs-xml/smbdotconf/security/writelist.xml,49509885d608a537699a820e84feaec68f19aef0,CVE-2017-7494
484265150,Threekiii/Awesome-Exploit,Samba/CVE-2017-7494/src/source4/nbt_server/wscript_build,4956ec3f2edb3372ce67154b5ecb51938af2fd04,CVE-2017-7494
484265150,Threekiii/Awesome-Exploit,Samba/CVE-2017-7494/src/ctdb/tests/simple/55_ctdb_ptrans.sh,496e44b49cf2765673605f71628d350b8bc34955,CVE-2017-7494
484265150,Threekiii/Awesome-Exploit,Samba/CVE-2017-7494/src/ctdb/tests/eventscripts/stubs/kill,497926404a9cd7e6e228db39def383351bbac8b3,CVE-2017-7494
484265150,Threekiii/Awesome-Exploit,Samba/CVE-2017-7494/src/source4/selftest/test_w2k3_file.sh,498354b4de7f2bc326009526e5feda24696fc5c5,CVE-2017-7494
484265150,Threekiii/Awesome-Exploit,Samba/CVE-2017-7494/src/ctdb/protocol/protocol_client.c,49950472551bff0421f35c3f15a73f74415e2f9e,CVE-2017-7494
484265150,Threekiii/Awesome-Exploit,Samba/CVE-2017-7494/src/docs-xml/manpages/libsmbclient.7.xml,499bfd96a2bda2370de0039ece86681ed448d587,CVE-2017-7494
484265150,Threekiii/Awesome-Exploit,Samba/CVE-2017-7494/src/docs-xml/smbdotconf/security/unixpasswordsync.xml,49a566242cbe6af04eaf02099985f3a3eacfb352,CVE-2017-7494
484265150,Threekiii/Awesome-Exploit,Samba/CVE-2017-7494/src/source3/include/rpc_misc.h,49a7c7c61b5da8b2bdcbbacd15eeb6ef821d2759,CVE-2017-7494
484265150,Threekiii/Awesome-Exploit,Samba/CVE-2017-7494/src/libcli/smb/smb2cli_flush.c,49a896fe87d4467c61d1021a21752d7ea970ecb7,CVE-2017-7494
484265150,Threekiii/Awesome-Exploit,Samba/CVE-2017-7494/src/source3/winbindd/winbindd_lookuprids.c,49b7ad0566f6f82449157861b158288879d71325,CVE-2017-7494
484265150,Threekiii/Awesome-Exploit,Samba/CVE-2017-7494/src/source4/heimdal_build/kafs.h,49beb9cb5f1fd9e379199083c87dabdfa57faed4,CVE-2017-7494
484265150,Threekiii/Awesome-Exploit,Samba/CVE-2017-7494/src/source3/script/tests/test_async_req.sh,49c2d8829c02f37c6788cb6fc2409fdaa099f40a,CVE-2017-7494
484265150,Threekiii/Awesome-Exploit,Samba/CVE-2017-7494/src/libcli/smb/smb2_negotiate_context.h,49cd74a04f217b03daf804104f4f75eb8f58b365,CVE-2017-7494
484265150,Threekiii/Awesome-Exploit,Samba/CVE-2017-7494/src/third_party/pep8/MANIFEST.in,49dabe0488200f6a44b8427356b8967a43a7b758,CVE-2017-7494
484265150,Threekiii/Awesome-Exploit,Samba/CVE-2017-7494/src/source3/winbindd/winbindd_check_machine_acct.c,49e098b436a450eb204f916d9b0516b242410c3f,CVE-2017-7494
484265150,Threekiii/Awesome-Exploit,Samba/CVE-2017-7494/src/ctdb/tests/tool/ctdb.recmaster.001.sh,49ef3a253ec9023cfc8074b555162e3c0b7888ad,CVE-2017-7494
484265150,Threekiii/Awesome-Exploit,Samba/CVE-2017-7494/src/ctdb/README,49fc9d5eed47d8a9c7c3ba156540d8d39d0fec06,CVE-2017-7494
484265150,Threekiii/Awesome-Exploit,Samba/CVE-2017-7494/src/source4/auth/wscript_build,4a023cce1cb67f553569963877361f0c0d28c2d2,CVE-2017-7494
484265150,Threekiii/Awesome-Exploit,Samba/CVE-2017-7494/src/source4/rpc_server/dnsserver/dnsserver.h,4a05840513304ff3562e654d6f29f8c609108f11,CVE-2017-7494
484265150,Threekiii/Awesome-Exploit,Samba/CVE-2017-7494/src/docs-xml/smbdotconf/winbind/templatehomedir.xml,4a082ac0cb419e09beb17b98821f31c24411df49,CVE-2017-7494
484265150,Threekiii/Awesome-Exploit,Samba/CVE-2017-7494/src/source4/torture/ndr/netlogon.c,4a0d9335cc48139187e2efba693ab48e903abc04,CVE-2017-7494
484265150,Threekiii/Awesome-Exploit,Samba/CVE-2017-7494/src/docs/manpages/pam_winbind.conf.5,4a226ab14f118672212e8f272175af4b35d51def,CVE-2017-7494
484265150,Threekiii/Awesome-Exploit,Samba/CVE-2017-7494/src/examples/pcap2nbench/closerequest.hpp,4a2b7b948142c7cc6d4b7b0ddcb8b87e020e3e09,CVE-2017-7494
484265150,Threekiii/Awesome-Exploit,Samba/CVE-2017-7494/src/ctdb/tests/tool/ctdb.getcapabilities.001.sh,4a4d2200fc9b5f89af6d704c426d7cc1f4b05777,CVE-2017-7494
484265150,Threekiii/Awesome-Exploit,Samba/CVE-2017-7494/src/source3/modules/vfs_hpuxacl.c,4a576c6258046d72d9ffa0b6ef66f3ff64746997,CVE-2017-7494
484265150,Threekiii/Awesome-Exploit,Samba/CVE-2017-7494/src/auth/kerberos/gssapi_pac.c,4a5ba35b1c40025a328055c107ffb09c5de7f04f,CVE-2017-7494
484265150,Threekiii/Awesome-Exploit,Samba/CVE-2017-7494/src/selftest/flapping,4a635d8c6f011112c4818aa582b1b99d3c315f2c,CVE-2017-7494
484265150,Threekiii/Awesome-Exploit,Samba/CVE-2017-7494/src/ctdb/tests/eventscripts/13.per_ip_routing.006.sh,4a6504469a0fef79a783241c744c9d09a6b55b19,CVE-2017-7494
484265150,Threekiii/Awesome-Exploit,Samba/CVE-2017-7494/src/third_party/zlib/contrib/masmx64/bld_ml64.bat,4a68bb493eb5a6ae25b73dd1f2f796031b5c7e22,CVE-2017-7494
484265150,Threekiii/Awesome-Exploit,Samba/CVE-2017-7494/src/ctdb/tests/tool/ctdb.getvar.002.sh,4a6ba51e2d4c7f4f59139697129db4b6b9730e26,CVE-2017-7494
484265150,Threekiii/Awesome-Exploit,Samba/CVE-2017-7494/src/testdata/samba3/group_mapping.tdb,4a70c49ca8ea7180ce2e0f62d0b8c5d35f55e525,CVE-2017-7494
484265150,Threekiii/Awesome-Exploit,Samba/CVE-2017-7494/src/librpc/ndr.pc.in,4a7fe5a3bc762ea823fce551bca0be6d69e03bbf,CVE-2017-7494
484265150,Threekiii/Awesome-Exploit,Samba/CVE-2017-7494/src/third_party/zlib/wscript,4aa459e525970159a218f4bf68d4f99b6265f4e0,CVE-2017-7494
484265150,Threekiii/Awesome-Exploit,Samba/CVE-2017-7494/src/source4/libcli/raw/clioplock.c,4aa62f3be169035f00a96c797617f1e224c19b3d,CVE-2017-7494
484265150,Threekiii/Awesome-Exploit,Samba/CVE-2017-7494/src/source3/passdb/pdb_secrets.c,4aacf57c58cbc1d31dbcdee1c86d2c07f50696c4,CVE-2017-7494
484265150,Threekiii/Awesome-Exploit,Samba/CVE-2017-7494/src/source3/libads/kerberos_util.c,4aad69c5f3e0f771a84b1ebab1a80431b28fcba0,CVE-2017-7494
484265150,Threekiii/Awesome-Exploit,Samba/CVE-2017-7494/src/python/samba/tests/credentials.py,4ab5a022c7a05ea3a9e0d52d73400cfc0097b83d,CVE-2017-7494
484265150,Threekiii/Awesome-Exploit,Samba/CVE-2017-7494/src/pidl/tests/typelist.pl,4acb35a56aa58ab7ff3459ac548656d0dcca629c,CVE-2017-7494
484265150,Threekiii/Awesome-Exploit,Samba/CVE-2017-7494/src/testprogs/win32/testmailslot/NMakefile,4ad46f5eb7012353c113d577f826c08f7d268f65,CVE-2017-7494
484265150,Threekiii/Awesome-Exploit,Samba/CVE-2017-7494/src/docs-xml/smbdotconf/vfs/ntvfshandler.xml,4ada7f4e8b08e4a589a36894a206b21d2b37b383,CVE-2017-7494
484265150,Threekiii/Awesome-Exploit,Samba/CVE-2017-7494/src/python/samba/tests/dcerpc/misc.py,4ae8b38d373a0fb01a0ce9df139c33baa5526cb5,CVE-2017-7494
484265150,Threekiii/Awesome-Exploit,Samba/CVE-2017-7494/src/librpc/ABI/ndr-0.0.4.sigs,4aef7149083edebdc153edb03e066cc4ad5ade08,CVE-2017-7494
484265150,Threekiii/Awesome-Exploit,Samba/CVE-2017-7494/src/source3/registry/reg_parse_internal.c,4b15d95d7c62027940d8f254ebc35f3e1da8c4e0,CVE-2017-7494
484265150,Threekiii/Awesome-Exploit,Samba/CVE-2017-7494/src/docs-xml/smbdotconf/filename/statcache.xml,4b15fc424c47f579a6d5a71bd9f4b24974d8a846,CVE-2017-7494
484265150,Threekiii/Awesome-Exploit,Samba/CVE-2017-7494/src/pidl/tests/wireshark-conf.pl,4b16fe27ff028c11ef66c74e2a36a93e32bf0a09,CVE-2017-7494
484265150,Threekiii/Awesome-Exploit,Samba/CVE-2017-7494/src/source3/rpc_server/mdssvc/mdssvc.c,4b174ae429124fcb95d3c79d1504a7cfc679741a,CVE-2017-7494
484265150,Threekiii/Awesome-Exploit,Samba/CVE-2017-7494/src/ctdb/client/client_db.c,4b183c73db133865bda863753354b138e1daf39b,CVE-2017-7494
484265150,Threekiii/Awesome-Exploit,Samba/CVE-2017-7494/src/libcli/auth/schannel_proto.h,4b24ec0ba281f3dfe414e91ebf53287f505d2f22,CVE-2017-7494
484265150,Threekiii/Awesome-Exploit,Samba/CVE-2017-7494/src/source4/ntvfs/nbench/vfs_nbench.c,4b288d3dcc1b1461e2fbd94548c72e0ddd102443,CVE-2017-7494
484265150,Threekiii/Awesome-Exploit,Samba/CVE-2017-7494/src/source3/rpc_client/rpc_transport_tstream.c,4b3222f28fa989c984e485d6b40ded99f4e74061,CVE-2017-7494
484265150,Threekiii/Awesome-Exploit,Samba/CVE-2017-7494/src/source4/torture/ndr/string.c,4b358b73486b5249988df742205c678b59ac5156,CVE-2017-7494
484265150,Threekiii/Awesome-Exploit,Samba/CVE-2017-7494/src/ctdb/tests/simple/54_transaction_loop_recovery.sh,4b3790844e51bfdad865300843b482382a51327f,CVE-2017-7494
484265150,Threekiii/Awesome-Exploit,Samba/CVE-2017-7494/src/selftest/manage-ca/CA-samba.example.com/DCs/localdc.samba.example.com/DC-localdc.samba.example.com-S00-private.p12,4b50ec27d5cdee5f08962c5d8ded6f68528908fd,CVE-2017-7494
484265150,Threekiii/Awesome-Exploit,Samba/CVE-2017-7494/src/third_party/zlib/win32/DLL_FAQ.txt,4b5ee0d13553a169b456ed686e4eb6082921a249,CVE-2017-7494
484265150,Threekiii/Awesome-Exploit,Samba/CVE-2017-7494/src/source4/echo_server/echo_server.h,4b61b8d74a0cdb13f56c89bac7b266b5b275ac3a,CVE-2017-7494
484265150,Threekiii/Awesome-Exploit,Samba/CVE-2017-7494/src/source4/torture/libsmbclient/wscript_build,4b63fab25a4cb813ff9e52c70e7fa4616f5e1420,CVE-2017-7494
484265150,Threekiii/Awesome-Exploit,Samba/CVE-2017-7494/src/docs-xml/smbdotconf/protocol/largereadwrite.xml,4b6eb196252dc8a05cc64e4158e20d9277561b05,CVE-2017-7494
484265150,Threekiii/Awesome-Exploit,Samba/CVE-2017-7494/src/source4/setup/schema_samba4.ldif,4b78587261d2aa6614311ec906f2f723b4fbe3c3,CVE-2017-7494
484265150,Threekiii/Awesome-Exploit,Weblogic/weblogicScanner/stars/__pycache__/cve_2017_10271.cpython-36.pyc,4b786e825ecc73637bc024871b6aff7bdecf3af2,CVE-2017-10271
484265150,Threekiii/Awesome-Exploit,Samba/CVE-2017-7494/src/source4/dsdb/samdb/ldb_modules/wscript_build,4b8906ce40957ccff543bd23110c401b6c9a02ab,CVE-2017-7494
484265150,Threekiii/Awesome-Exploit,Samba/CVE-2017-7494/src/third_party/zlib/contrib/infback9/infback9.c,4b8baf7c17862eefd83620bfb0b89d51ccac11f2,CVE-2017-7494
484265150,Threekiii/Awesome-Exploit,Samba/CVE-2017-7494/src/third_party/pep8/docs/make.bat,4b8f1f6c26b8fbfce70ddd1ed5e3e97e0c29579b,CVE-2017-7494
484265150,Threekiii/Awesome-Exploit,Samba/CVE-2017-7494/src/source4/librpc/tests/samr-CreateUser-out.dat,4baad685736a93846d166cf413db76301c95da96,CVE-2017-7494
484265150,Threekiii/Awesome-Exploit,Samba/CVE-2017-7494/src/source3/printing/nt_printing_migrate.c,4bc6e890b352015b2b64ecb64c474384a9c74eb0,CVE-2017-7494
484265150,Threekiii/Awesome-Exploit,Samba/CVE-2017-7494/src/third_party/dnspython/dns/rdtypes/ANY/__init__.py,4bd171b36c462985c0bbece248e2fadec59f5214,CVE-2017-7494
484265150,Threekiii/Awesome-Exploit,Samba/CVE-2017-7494/src/third_party/dnspython/dns/rdtypes/ANY/NSEC3.py,4be2bd0a77c76fee7d746bf31bbf0284f9fe715e,CVE-2017-7494
484265150,Threekiii/Awesome-Exploit,Samba/CVE-2017-7494/src/source3/rpc_server/srv_pipe_register.h,4be35795a955d34e19b95b4bc1de779f98dca812,CVE-2017-7494
484265150,Threekiii/Awesome-Exploit,Samba/CVE-2017-7494/src/buildtools/wafsamba/stale_files.py,4be82d68f98ac3dcbab073db773e24619ed8d123,CVE-2017-7494
484265150,Threekiii/Awesome-Exploit,Samba/CVE-2017-7494/src/third_party/pep8/docs/developer.rst,4beb72de34e5f6cae6d799da4b111566c699a9fe,CVE-2017-7494
484265150,Threekiii/Awesome-Exploit,Samba/CVE-2017-7494/src/source3/librpc/idl/libnetapi.idl,4beb72f8943c64871bed3940ae5da05063adbe74,CVE-2017-7494
484265150,Threekiii/Awesome-Exploit,Samba/CVE-2017-7494/src/docs-xml/using_samba/ch04.xml,4befcfaa4cc9320e50e16a3826625345054f5583,CVE-2017-7494
484265150,Threekiii/Awesome-Exploit,Samba/CVE-2017-7494/src/source3/modules/nfs4_acls.c,4bf4413a050603c8d5922748bcbd60eecf0e03a8,CVE-2017-7494
484265150,Threekiii/Awesome-Exploit,Samba/CVE-2017-7494/src/source3/torture/vfstest_chain.c,4bff2092ec10a2a433489ffeb69172a35a391640,CVE-2017-7494
484265150,Threekiii/Awesome-Exploit,Samba/CVE-2017-7494/src/source4/param/share_ldb.c,4c020bd69bfe692d6e7ee2b6293c32d237d0f5a7,CVE-2017-7494
484265150,Threekiii/Awesome-Exploit,Samba/CVE-2017-7494/src/docs-xml/Samba3-HOWTO/TOSHARG-PolicyMgmt.xml,4c03b4e8370b902277f1ff04de06d3bfde733b94,CVE-2017-7494
484265150,Threekiii/Awesome-Exploit,Samba/CVE-2017-7494/src/third_party/dnspython/dns/zone.py,4c18fb35ad4136a2bfc9a015915b949aaf8f00fd,CVE-2017-7494
484265150,Threekiii/Awesome-Exploit,Weblogic/weblogicScanner/stars/__pycache__/cve_2018_3245.cpython-37.pyc,4c1afabf35a1c1b08bf56616c5f029fcc099a4b7,CVE-2018-3245
484265150,Threekiii/Awesome-Exploit,Samba/CVE-2017-7494/src/docs-xml/using_samba/ch03.xml,4c2665403a6054c39ad814c2ef66e05034fe6259,CVE-2017-7494
484265150,Threekiii/Awesome-Exploit,Samba/CVE-2017-7494/src/third_party/dnspython/dns/exception.py,4c4f3b05a596cc663c109d3fa00f56df79b7971e,CVE-2017-7494
484265150,Threekiii/Awesome-Exploit,Samba/CVE-2017-7494/src/source3/script/tests/test_smbclient_s3.sh,4c5d6665e49581b020a8cde6a1282c46728d63d4,CVE-2017-7494
484265150,Threekiii/Awesome-Exploit,Samba/CVE-2017-7494/src/third_party/pep8/testsuite/E24.py,4c61145bb89ba06802021a1b0e94d914d4909f55,CVE-2017-7494
484265150,Threekiii/Awesome-Exploit,Samba/CVE-2017-7494/src/ctdb/tests/eventscripts/41.httpd.monitor.002.sh,4c622e7045742963a8e0fc481293152c8b96a7f3,CVE-2017-7494
484265150,Threekiii/Awesome-Exploit,Samba/CVE-2017-7494/src/source4/libnet/libnet.h,4c6368317eeea7d693f880edcae9e10198fc2903,CVE-2017-7494
484265150,Threekiii/Awesome-Exploit,Samba/CVE-2017-7494/src/source3/script/tests/test_net_registry_roundtrip.sh,4c662148f3bf8bcaa4d839ade78f698cc5f2a2e8,CVE-2017-7494
484265150,Threekiii/Awesome-Exploit,Samba/CVE-2017-7494/src/source4/libnet/libnet_time.h,4c6d831d97f8bb9ba4b925f401f388c7d149ef33,CVE-2017-7494
484265150,Threekiii/Awesome-Exploit,Samba/CVE-2017-7494/src/pidl/tests/ndr_string.pl,4c6dcf83f0a0af62dfdac13b8dd8b188af029c8a,CVE-2017-7494
484265150,Threekiii/Awesome-Exploit,Samba/CVE-2017-7494/src/source4/libcli/raw/rawlpq.c,4c6fee3bd30e51ce445ec1188a3b7f12328c7fca,CVE-2017-7494
484265150,Threekiii/Awesome-Exploit,Samba/CVE-2017-7494/src/docs-xml/smbdotconf/tuning/deadtime.xml,4c74a7751999e13c4bc4ca43845b5b50ff1e8dc2,CVE-2017-7494
484265150,Threekiii/Awesome-Exploit,Samba/CVE-2017-7494/src/nsswitch/nsstest.c,4cab74e814f78a54c20382cda22692369781014e,CVE-2017-7494
484265150,Threekiii/Awesome-Exploit,Samba/CVE-2017-7494/src/python/samba/tests/strings.py,4cac812525e19d6dd1b3234f9692608ba2046ca4,CVE-2017-7494
484265150,Threekiii/Awesome-Exploit,Samba/CVE-2017-7494/src/selftest/manage-ca/CA-samba.example.com/Public/CA-samba.example.com-crl.crl,4caf00112921272ce57d802527b3127fe9ae6779,CVE-2017-7494
484265150,Threekiii/Awesome-Exploit,Samba/CVE-2017-7494/src/selftest/manage-ca/CA-samba.example.com/Users/pkinit@samba.example.com/USER-pkinit@samba.example.com-S04-req.pem,4cb159f7366b6d9680cb98c03ba401f0873e27df,CVE-2017-7494
484265150,Threekiii/Awesome-Exploit,Samba/CVE-2017-7494/src/source3/locale/pam_winbind/sv.po,4cbd3c8e8b6dc7273c0f3235aa3f1890104b12af,CVE-2017-7494
484265150,Threekiii/Awesome-Exploit,Samba/CVE-2017-7494/src/packaging/Solaris/i.swat,4cc9ed1b6ae439d0dfc89b8b3fbaf8da7e66a77e,CVE-2017-7494
484265150,Threekiii/Awesome-Exploit,Samba/CVE-2017-7494/src/source4/libcli/wbclient/wscript_build,4cf538a76ab5f4f5cac90ccab9fbe69382bc0af8,CVE-2017-7494
484265150,Threekiii/Awesome-Exploit,Samba/CVE-2017-7494/src/examples/pcap2nbench/readandxrequest.cpp,4cfd8318242e6223c039fc93dcf277087f575bb2,CVE-2017-7494
484265150,Threekiii/Awesome-Exploit,Samba/CVE-2017-7494/src/libcli/ldap/ldap_ndr.c,4d0879f477c0336c34bf0f827b8acd688a04bf0b,CVE-2017-7494
484265150,Threekiii/Awesome-Exploit,Samba/CVE-2017-7494/src/source4/heimdal/kdc/krb5tgs.c,4d163786e30f9d1fc1ebbff06bbedddf7a1ff12b,CVE-2017-7494
484265150,Threekiii/Awesome-Exploit,Samba/CVE-2017-7494/src/libcli/auth/pam_errors.c,4d179a2bd87c3f748770ae57111b199746e2fdae,CVE-2017-7494
484265150,Threekiii/Awesome-Exploit,Samba/CVE-2017-7494/src/source4/ldap_server/devdocs/rfc4516.txt,4d2bb82d4ce5c3ca458b904bdd796d8cc5a6cace,CVE-2017-7494
484265150,Threekiii/Awesome-Exploit,Samba/CVE-2017-7494/src/docs-xml/smbdotconf/protocol/maxmux.xml,4d3696a1c9e945afcadccb7c83c77824ce5fe58d,CVE-2017-7494
484265150,Threekiii/Awesome-Exploit,Samba/CVE-2017-7494/src/third_party/waf/wafadmin/Tools/preproc.py,4d42d318cec2b5fdd34d5d78c6f91a955aa39780,CVE-2017-7494
484265150,Threekiii/Awesome-Exploit,Samba/CVE-2017-7494/src/third_party/dnspython/dns/ipv4.py,4d708c8536e8af9ad6724f2f317d92bc4cc85b17,CVE-2017-7494
484265150,Threekiii/Awesome-Exploit,Samba/CVE-2017-7494/src/examples/perfcounter/perfcountd.init,4d855d721d17bf9f27b1aa63d8286145e5ded9ff,CVE-2017-7494
484265150,Threekiii/Awesome-Exploit,Samba/CVE-2017-7494/src/ctdb/tests/eventscripts/91.lvs.monitor.003.sh,4d85f7be97e8b6cc033b6789a8e01bb0a39bbbc6,CVE-2017-7494
484265150,Threekiii/Awesome-Exploit,Samba/CVE-2017-7494/src/librpc/ndr/ndr_ntlmssp.h,4d8ae95597320e2a719a02c282a2295c737c59a6,CVE-2017-7494
484265150,Threekiii/Awesome-Exploit,Samba/CVE-2017-7494/src/source4/dsdb/kcc/kcc_service.h,4d8b15de4323077d9420f307f81d1e7b189d0886,CVE-2017-7494
484265150,Threekiii/Awesome-Exploit,Samba/CVE-2017-7494/src/ctdb/doc/examples/20.nfs_ganesha.check,4d8ce45658a88e45997f4e52f0c0ab3ed4416637,CVE-2017-7494
484265150,Threekiii/Awesome-Exploit,Samba/CVE-2017-7494/src/source3/script/mksmbpasswd.sh,4da66644533fe802e1496a97ab88e0dea16fa6ad,CVE-2017-7494
484265150,Threekiii/Awesome-Exploit,Samba/CVE-2017-7494/src/ctdb/tests/eventscripts/05.system.monitor.011.sh,4dd466afa19bd16adfdcad51adc1d0aff83b8bd2,CVE-2017-7494
484265150,Threekiii/Awesome-Exploit,Samba/CVE-2017-7494/src/docs-xml/smbdotconf/security/ntpsigndsocketdirectory.xml,4de07a376b154473c7c9f731ab630408fcf61cd3,CVE-2017-7494
484265150,Threekiii/Awesome-Exploit,Samba/CVE-2017-7494/src/source3/winbindd/winbindd_pam_chauthtok.c,4def6848f9ce7729112d36054ed6f06d462ccd09,CVE-2017-7494
484265150,Threekiii/Awesome-Exploit,Samba/CVE-2017-7494/src/third_party/zlib/contrib/vstudio/readme.txt,4df6ea89981c563b4b5e8319971b109fd4a34c88,CVE-2017-7494
484265150,Threekiii/Awesome-Exploit,Samba/CVE-2017-7494/src/docs-xml/smbdotconf/logging/maxlogsize.xml,4dfe24d254451384ba6f9d58baa24bc5870a926b,CVE-2017-7494
484265150,Threekiii/Awesome-Exploit,Samba/CVE-2017-7494/src/ctdb/tests/tool/ctdb.reloadnodes.011.sh,4dfe46992d41b1b7af39ea9647078ada5a2db94e,CVE-2017-7494
484265150,Threekiii/Awesome-Exploit,Samba/CVE-2017-7494/src/source3/modules/vfs_dfs_samba4.c,4e013f29ae7371c89a4a2190fe49a2588c66b10f,CVE-2017-7494
484265150,Threekiii/Awesome-Exploit,Samba/CVE-2017-7494/src/librpc/idl/svcctl.idl,4e03b5368409bf072d7868328b99d1937746cc2f,CVE-2017-7494
484265150,Threekiii/Awesome-Exploit,Samba/CVE-2017-7494/src/testsuite/smbd/sec_ctx.exp,4e05464a6f6b6c183adf5d11ad0d72a550a9321a,CVE-2017-7494
484265150,Threekiii/Awesome-Exploit,Samba/CVE-2017-7494/src/third_party/waf/wafadmin/Tools/gnome.py,4e0a475c13d11352aa4da0b354fa32c341d12b9e,CVE-2017-7494
484265150,Threekiii/Awesome-Exploit,Samba/CVE-2017-7494/src/testsuite/build_farm/template/basicsmb.smb.conf.server,4e149e77a738c90ce48f435ebecd7e1f1b356b5d,CVE-2017-7494
484265150,Threekiii/Awesome-Exploit,Samba/CVE-2017-7494/src/ctdb/tests/eventscripts/60.nfs.monitor.001.sh,4e17e403b56c0cbe432757c2f7d6cc55aa9fd2dc,CVE-2017-7494
484265150,Threekiii/Awesome-Exploit,Samba/CVE-2017-7494/src/examples/libsmbclient/teststat3.c,4e19143cad6efa7a1b3268f712c5432937e49b01,CVE-2017-7494
484265150,Threekiii/Awesome-Exploit,Samba/CVE-2017-7494/src/third_party/zlib/contrib/minizip/minizip.c,4e30f560a9b98505f44e069a81c43a4baf2e1bce,CVE-2017-7494
484265150,Threekiii/Awesome-Exploit,Samba/CVE-2017-7494/src/third_party/dnspython/util/copyrights,4e3d194b9d766c7b32ddcd3ccc877a2168cace22,CVE-2017-7494
484265150,Threekiii/Awesome-Exploit,Samba/CVE-2017-7494/src/source4/nbt_server/wins/winswack.c,4e4e370dc6c8f29e664f8bc2a3427912ef53910f,CVE-2017-7494
484265150,Threekiii/Awesome-Exploit,Samba/CVE-2017-7494/src/source4/scripting/devel/enumprivs,4e6b283f3169954dc7ba2efdc1db5f2a08b7d496,CVE-2017-7494
484265150,Threekiii/Awesome-Exploit,Samba/CVE-2017-7494/src/librpc/idl/dsbackup.idl,4e7647be17d5aaa13ba776c4b59f53773415f757,CVE-2017-7494
484265150,Threekiii/Awesome-Exploit,Samba/CVE-2017-7494/src/third_party/pep8/testsuite/utf-8.py,4e7c1702754d70c9e685f36850784e84adcc4960,CVE-2017-7494
484265150,Threekiii/Awesome-Exploit,Samba/CVE-2017-7494/src/docs-xml/smbdotconf/security/readonly.xml,4e7ffb3a8fff82488736d16a1520e1368acd9ccf,CVE-2017-7494
484265150,Threekiii/Awesome-Exploit,Samba/CVE-2017-7494/src/source4/libnet/libnet_rpc.c,4e8672247f6c29c70d53ff64dd4f43a6118154bf,CVE-2017-7494
484265150,Threekiii/Awesome-Exploit,Samba/CVE-2017-7494/src/source4/torture/basic/mangle_test.c,4e99362d0027df23a192069efdfe3827ff8fd6d1,CVE-2017-7494
484265150,Threekiii/Awesome-Exploit,Samba/CVE-2017-7494/src/docs-xml/smbdotconf/misc/homedirmap.xml,4e9db0bba8b7fad1264aac5533a47b49bd6d4f8c,CVE-2017-7494
484265150,Threekiii/Awesome-Exploit,Samba/CVE-2017-7494/src/source3/registry/reg_parse_dox.cfg,4ea21e09d49c9c75ca904e6d56cdeb58d478a396,CVE-2017-7494
484265150,Threekiii/Awesome-Exploit,Samba/CVE-2017-7494/src/docs-xml/smbdotconf/misc/perfcountmodule.xml,4eaebd7eca46e9d1db4cb3c0b3184149cc2bf361,CVE-2017-7494
484265150,Threekiii/Awesome-Exploit,Samba/CVE-2017-7494/src/ctdb/tests/eventscripts/01.reclock.monitor.003.sh,4ebe904b91b5943322fda4dbc733dbdb77436e89,CVE-2017-7494
484265150,Threekiii/Awesome-Exploit,Samba/CVE-2017-7494/src/docs/manpages/smbcquotas.1,4ece40bdd55e05e039b0a145910afbeb33507166,CVE-2017-7494
484265150,Threekiii/Awesome-Exploit,Samba/CVE-2017-7494/src/source4/torture/basic/delete.c,4eda05c61b08a48bdd4293661a1aba698ea3f23c,CVE-2017-7494
484265150,Threekiii/Awesome-Exploit,Samba/CVE-2017-7494/src/librpc/tables.pl,4ef4864e89506228b232a55902ff0400b6d9d720,CVE-2017-7494
484265150,Threekiii/Awesome-Exploit,Samba/CVE-2017-7494/src/ctdb/tests/eventscripts/stubs/ss,4efaa283a96100d6aeae489b287cb970ffa56530,CVE-2017-7494
484265150,Threekiii/Awesome-Exploit,Samba/CVE-2017-7494/src/librpc/idl/dcom.idl,4efaf8c59be05dfeb3b480c4648d16f69499ec0f,CVE-2017-7494
484265150,Threekiii/Awesome-Exploit,Samba/CVE-2017-7494/src/source3/modules/vfs_solarisacl.c,4efba43c4cabc7382d541c849f2f092ffcf80f6f,CVE-2017-7494
484265150,Threekiii/Awesome-Exploit,Weblogic/weblogicScanner/stars/__pycache__/cve_2019_2890.cpython-37.pyc,4f022aca5c76fb6a7f1de0a19ff595514bc00b74,CVE-2019-2890
484265150,Threekiii/Awesome-Exploit,Samba/CVE-2017-7494/src/librpc/idl/unixinfo.idl,4f0579538c311ca9b99cff67d89a9f3077183d07,CVE-2017-7494
484265150,Threekiii/Awesome-Exploit,Samba/CVE-2017-7494/src/selftest/manage-ca/CA-samba.example.com/DCs/localdc.samba.example.com/DC-localdc.samba.example.com-S00-openssl.cnf,4f09d0b09c165fb4eb7d9d220b49c73c2d4a177c,CVE-2017-7494
484265150,Threekiii/Awesome-Exploit,Samba/CVE-2017-7494/src/librpc/idl/security.cnf,4f120536ca011df6187ccd86b84e1b917ffe13bb,CVE-2017-7494
484265150,Threekiii/Awesome-Exploit,Samba/CVE-2017-7494/src/docs-xml/smbdotconf/misc/rpcserver.xml,4f1a062aa1bb2450a16a65bda1ad9be28d3c4f66,CVE-2017-7494
484265150,Threekiii/Awesome-Exploit,Samba/CVE-2017-7494/src/testprogs/win32/npecho/NMakefile,4f1edb9d9ca992832192126b13fa923a88b85438,CVE-2017-7494
484265150,Threekiii/Awesome-Exploit,Samba/CVE-2017-7494/src/source4/rpc_server/handles.c,4f3366a872fb65d0b408a1cf347e939d190e8c16,CVE-2017-7494
484265150,Threekiii/Awesome-Exploit,Samba/CVE-2017-7494/src/ctdb/tests/eventscripts/stubs/ps,4f5bae7987904cefecf2d724158ea376d5afba18,CVE-2017-7494
484265150,Threekiii/Awesome-Exploit,Samba/CVE-2017-7494/src/source3/include/tldap.h,4f5e4aa00c2cc6af8f9ddd92a83f7cb8424b0491,CVE-2017-7494
484265150,Threekiii/Awesome-Exploit,Samba/CVE-2017-7494/src/third_party/dnspython/dns/rdtypes/ANY/RT.py,4f69a4b3b8814e0c6a4ce28e7d96aa3efe9762d0,CVE-2017-7494
484265150,Threekiii/Awesome-Exploit,Samba/CVE-2017-7494/src/source4/kdc/mit-kdb/kdb_samba_change_pwd.c,4f6c31d222df9c08b6cf8aad497fd2a90ba10099,CVE-2017-7494
484265150,Threekiii/Awesome-Exploit,Samba/CVE-2017-7494/src/testprogs/win32/midltests/valid/midltests_v1_enum_01.txt,4f70c1d924a5347251b5e45b08874f98c86061c6,CVE-2017-7494
484265150,Threekiii/Awesome-Exploit,Samba/CVE-2017-7494/src/third_party/waf/wafadmin/Tools/glib2.py,4f7fcd5984cb06ff168747401c9e98e919b67e00,CVE-2017-7494
484265150,Threekiii/Awesome-Exploit,Weblogic/weblogicScanner/stars/__pycache__/cve_2017_10271.cpython-37.pyc,4f890e9e114e0bc97bb8f1cec787e0a3f46b4b9e,CVE-2017-10271
484265150,Threekiii/Awesome-Exploit,Samba/CVE-2017-7494/src/source3/locale/pam_winbind/da.po,4f9037c767a06bd898106e2f0006dc1d44e0c49f,CVE-2017-7494
484265150,Threekiii/Awesome-Exploit,Samba/CVE-2017-7494/src/source3/utils/net.h,4f9a849758bce3cf0024d933333a308e12a38370,CVE-2017-7494
484265150,Threekiii/Awesome-Exploit,Samba/CVE-2017-7494/src/source4/libnet/userman.h,4fa7d019fec9d7e83525427ac2bc622bf6071432,CVE-2017-7494
484265150,Threekiii/Awesome-Exploit,Samba/CVE-2017-7494/src/source4/ldap_server/devdocs/rfc4528.txt,4fbadcd3be996e0e02adff662667b46e5f9478e0,CVE-2017-7494
484265150,Threekiii/Awesome-Exploit,Samba/CVE-2017-7494/src/source4/libcli/raw/rawshadow.c,4fc3167782426a21154913010268b404b03ae3fe,CVE-2017-7494
484265150,Threekiii/Awesome-Exploit,Samba/CVE-2017-7494/src/source4/script/depfilter.py,4fc3469f5bd6c4e3a244b559df4c0fbfdb8f8ad1,CVE-2017-7494
484265150,Threekiii/Awesome-Exploit,Samba/CVE-2017-7494/src/source4/libcli/raw/rawacl.c,4fc405756d464e0eb7ebe9205b7bcf8a9b645243,CVE-2017-7494
484265150,Threekiii/Awesome-Exploit,Samba/CVE-2017-7494/src/source3/smbd/smb2_write.c,4fc504b7456abe8423858cfdc7609b0add191ec3,CVE-2017-7494
484265150,Threekiii/Awesome-Exploit,Samba/CVE-2017-7494/src/docs-xml/smbdotconf/tuning/syncalways.xml,4fc79d43b6436cec95680dbb6117affab77dee50,CVE-2017-7494
484265150,Threekiii/Awesome-Exploit,Samba/CVE-2017-7494/src/ctdb/server/ctdb_freeze.c,4fe3e4cc8b133749eebf36ed07471472b63a8dc1,CVE-2017-7494
484265150,Threekiii/Awesome-Exploit,Samba/CVE-2017-7494/src/ctdb/tests/eventscripts/etc/init.d/nfslock,4fecd4174349e3033e2006ce5c1fc8ced518ce99,CVE-2017-7494
484265150,Threekiii/Awesome-Exploit,Samba/CVE-2017-7494/src/source4/ntvfs/cifs_posix_cli/cifsposix.h,4ffc9d22e3d3c4be2f49f43edcf507f7a81185e6,CVE-2017-7494
484265150,Threekiii/Awesome-Exploit,Samba/CVE-2017-7494/src/examples/logon/mklogon/mklogon.pl,500aadedb90adc79a637ea8946225d7ea292f552,CVE-2017-7494
484265150,Threekiii/Awesome-Exploit,Samba/CVE-2017-7494/src/source4/nbt_server/dgram/browse.c,5014285d9c8b0b7a675d3ec1a5769ad85530ab4c,CVE-2017-7494
484265150,Threekiii/Awesome-Exploit,Samba/CVE-2017-7494/src/script/show_test_time,5016c99c274c39e84fc9b00c52bbb87f1523ee79,CVE-2017-7494
484265150,Threekiii/Awesome-Exploit,Samba/CVE-2017-7494/src/librpc/idl/ntlmssp.idl,5019c48e1ef6dbaf6e5e851e7ed02bc8977892ce,CVE-2017-7494
484265150,Threekiii/Awesome-Exploit,Samba/CVE-2017-7494/src/ctdb/tests/tool/ctdb.lvs.007.sh,502581f526d873ae3deafb285ed2d29012a632fa,CVE-2017-7494
484265150,Threekiii/Awesome-Exploit,Samba/CVE-2017-7494/src/source4/torture/rpc/clusapi.c,502d99808d0110e34ce842ac07ea731ff11b44b2,CVE-2017-7494
484265150,Threekiii/Awesome-Exploit,Samba/CVE-2017-7494/src/testprogs/win32/spoolss/printlib_proto.h,50427ea1b0f1219d369eeb4595f794856fec61b4,CVE-2017-7494
484265150,Threekiii/Awesome-Exploit,Samba/CVE-2017-7494/src/auth/ntlmssp/wscript_build,505789fa0b1da6049008d53f3a811f5315d1df85,CVE-2017-7494
484265150,Threekiii/Awesome-Exploit,Samba/CVE-2017-7494/src/ctdb/protocol/protocol_private.h,5060a1cca7aaa47fa029673b01769e10cacd5687,CVE-2017-7494
484265150,Threekiii/Awesome-Exploit,Samba/CVE-2017-7494/src/ctdb/tests/simple/43_stop_recmaster_yield.sh,507a69847f2d1fab2da5ab188db001fa19fde258,CVE-2017-7494
484265150,Threekiii/Awesome-Exploit,Samba/CVE-2017-7494/src/source4/torture/smb2/lock.c,508066829a6897aba32c4fb5d0e64dc49124454d,CVE-2017-7494
484265150,Threekiii/Awesome-Exploit,Samba/CVE-2017-7494/src/testsuite/build_farm/torture-BROWSE.test,5088d7fbee95d690c474c06e846d4cda9f93c538,CVE-2017-7494
484265150,Threekiii/Awesome-Exploit,Samba/CVE-2017-7494/src/docs/manpages/vfs_shadow_copy.8,5089ef967ddeac9017c65fcc406c5534a333ce70,CVE-2017-7494
484265150,Threekiii/Awesome-Exploit,Samba/CVE-2017-7494/src/ctdb/tests/eventscripts/11.natgw.053.sh,508ff7e7bd0622d39ef8578bd92e03fd6cbdb5a9,CVE-2017-7494
484265150,Threekiii/Awesome-Exploit,Samba/CVE-2017-7494/src/source4/ntvfs/posix/python/pyxattr_tdb.c,509dc04fb5c227d953063b6bd2895bb6af8226b5,CVE-2017-7494
484265150,Threekiii/Awesome-Exploit,Samba/CVE-2017-7494/src/ctdb/tests/eventscripts/11.natgw.042.sh,50b497a3f6a0df800cc84e848d144a9f9c2d0c19,CVE-2017-7494
484265150,Threekiii/Awesome-Exploit,Samba/CVE-2017-7494/src/libcli/util/hresult.c,50caae186b0aca0fdd429912365343302fb08ff4,CVE-2017-7494
484265150,Threekiii/Awesome-Exploit,Samba/CVE-2017-7494/src/docs/manpages/vfs_crossrename.8,50e3b3397d01dc9f930775a3e9c4155cd76682ca,CVE-2017-7494
484265150,Threekiii/Awesome-Exploit,Samba/CVE-2017-7494/src/ctdb/tests/eventscripts/50.samba.startup.011.sh,50e746826002a085e71812ee275be483070e7f2f,CVE-2017-7494
484265150,Threekiii/Awesome-Exploit,Samba/CVE-2017-7494/src/librpc/ndr/ndr_backupkey.h,50ec3558550e82d1e315a08c937e0dc2023e2977,CVE-2017-7494
484265150,Threekiii/Awesome-Exploit,Samba/CVE-2017-7494/src/docs/manpages/smbget.1,510721dbf31e1ecd604e94f26d494c1b7844ae93,CVE-2017-7494
484265150,Threekiii/Awesome-Exploit,Samba/CVE-2017-7494/src/source3/auth/auth_unix.c,5107b5ace2bc50429f8f29762caeb8958d0c4ea1,CVE-2017-7494
484265150,Threekiii/Awesome-Exploit,Samba/CVE-2017-7494/src/third_party/zlib/contrib/inflate86/inffas86.c,5110ee62c767205fa40b455779d8813231e48530,CVE-2017-7494
484265150,Threekiii/Awesome-Exploit,Samba/CVE-2017-7494/src/source4/selftest/win/test_win.conf,5111fd2496284821790517308140beae1b16cf40,CVE-2017-7494
484265150,Threekiii/Awesome-Exploit,Samba/CVE-2017-7494/src/docs-xml/smbdotconf/browse/domainmaster.xml,5112a1fba6897a207702ee8737b1b2f2e717d698,CVE-2017-7494
484265150,Threekiii/Awesome-Exploit,Samba/CVE-2017-7494/src/docs/manpages/idmap_script.8,5125dd75fc413acfdfdf1bc590c8d1d31761cbf5,CVE-2017-7494
484265150,Threekiii/Awesome-Exploit,Samba/CVE-2017-7494/src/ctdb/tests/eventscripts/60.nfs.monitor.105.sh,512e3dd9e9ec1b9f3dd5702a2eccc89d8dae3251,CVE-2017-7494
484265150,Threekiii/Awesome-Exploit,Samba/CVE-2017-7494/src/source3/param/service.c,513dfb04cf577daffffd563f579cf3fe7521c256,CVE-2017-7494
484265150,Threekiii/Awesome-Exploit,Samba/CVE-2017-7494/src/ctdb/config/nfs-checks.d/00.portmapper.check,5146189eb1ac2b473f4a4e28d9f405d7cf47dde2,CVE-2017-7494
484265150,Threekiii/Awesome-Exploit,Samba/CVE-2017-7494/src/third_party/waf/wafadmin/Tools/python.py,51475a22ca14799119008bbd96cd2dd5dfccfddc,CVE-2017-7494
484265150,Threekiii/Awesome-Exploit,Samba/CVE-2017-7494/src/ctdb/tests/takeover/det.002.sh,514e7eb232a3544a50d1a4038f2a1d60a613341c,CVE-2017-7494
484265150,Threekiii/Awesome-Exploit,Samba/CVE-2017-7494/src/ctdb/tests/tool/ctdb.setdbsticky.002.sh,51617dbb2db09988ebc7eb9d7e9710eceabac8ff,CVE-2017-7494
484265150,Threekiii/Awesome-Exploit,Samba/CVE-2017-7494/src/source4/libcli/smb2/logoff.c,517e581d13d028de37edc1877fed32fdb4b3ffb4,CVE-2017-7494
484265150,Threekiii/Awesome-Exploit,Samba/CVE-2017-7494/src/source3/winbindd/winbindd_endgrent.c,518657e7d5ffc4c8d1be2f8c3fa5826c7c8b7d83,CVE-2017-7494
484265150,Threekiii/Awesome-Exploit,Samba/CVE-2017-7494/src/source4/ntvfs/posix/vfs_posix.h,5194dd5ee35562396e61b99715c8aa7e09e12b8f,CVE-2017-7494
484265150,Threekiii/Awesome-Exploit,Samba/CVE-2017-7494/src/python/samba/kcc/__init__.py,51a6910d45e3bb0b904fa35bdec9b390e87f7211,CVE-2017-7494
484265150,Threekiii/Awesome-Exploit,Samba/CVE-2017-7494/src/third_party/zlib/contrib/pascal/example.pas,51c42c32667ef6fc0b4b51867afac971fe11c15c,CVE-2017-7494
484265150,Threekiii/Awesome-Exploit,Samba/CVE-2017-7494/src/docs-xml/manpages/pdbedit.8.xml,51c481bc8112cdd5113300e97f108579db0593de,CVE-2017-7494
484265150,Threekiii/Awesome-Exploit,Samba/CVE-2017-7494/src/nsswitch/libwbclient/Doxyfile,51c500bdcb0cf09f5374185bda36b1147cac3123,CVE-2017-7494
484265150,Threekiii/Awesome-Exploit,Samba/CVE-2017-7494/src/examples/auth/Makefile,51cd706940bec215bf95da7081a651bd6f4e2067,CVE-2017-7494
484265150,Threekiii/Awesome-Exploit,Samba/CVE-2017-7494/src/source3/winbindd/wb_seqnum.c,51d7a9df2b03f1f2d576b54d212546f97c0e0bb7,CVE-2017-7494
484265150,Threekiii/Awesome-Exploit,Shiro/CVE-2016-4437/README.md,52252de85463c98df04cd0d900eb6857fc21a025,CVE-2016-4437
484265150,Threekiii/Awesome-Exploit,Samba/CVE-2017-7494/src/ctdb/tests/takeover/simulation/ctdb_takeover.py,522abd64761ef4632769226cc359b523a9170c6e,CVE-2017-7494
484265150,Threekiii/Awesome-Exploit,Samba/CVE-2017-7494/src/source4/rpc_server/dcesrv_auth.c,522cbe71e1d4db25e10452ac70d0a048f37835e7,CVE-2017-7494
484265150,Threekiii/Awesome-Exploit,Samba/CVE-2017-7494/src/testsuite/nsswitch/getpwent_r.c,5234b07f2af1af84a8bdb561f62a62c6434c1b82,CVE-2017-7494
484265150,Threekiii/Awesome-Exploit,Samba/CVE-2017-7494/src/source4/libnet/wscript_build,52372e73ceb66ed3a184fa420490b53c84f2b2b0,CVE-2017-7494
484265150,Threekiii/Awesome-Exploit,Samba/CVE-2017-7494/src/source4/dsdb/common/util.c,52447c6c1e96adf5686ddefc8aa6fc9021aa4cd1,CVE-2017-7494
484265150,Threekiii/Awesome-Exploit,Samba/CVE-2017-7494/src/source4/script/find_unused_options.sh,524942df12ceb786c58651e03771ef4c07a8b205,CVE-2017-7494
484265150,Threekiii/Awesome-Exploit,Samba/CVE-2017-7494/src/source4/ldap_server/devdocs/rfc4519.txt,525a31a64c89c3b1c2a9bb3ec54b6eb2b95e7e8d,CVE-2017-7494
484265150,Threekiii/Awesome-Exploit,Samba/CVE-2017-7494/src/source3/passdb/lookup_sid.h,5272a9928652d15adb6ea44b6c4cb46215827c0b,CVE-2017-7494
484265150,Threekiii/Awesome-Exploit,Samba/CVE-2017-7494/src/source4/torture/smb2/getinfo.c,5275badda52cb8187b585515c7d6640ca4e30cbf,CVE-2017-7494
484265150,Threekiii/Awesome-Exploit,Samba/CVE-2017-7494/src/script/random-sleep.sh,52a3602d1939f97472c463f655eda3715f740864,CVE-2017-7494
484265150,Threekiii/Awesome-Exploit,Samba/CVE-2017-7494/src/source3/winbindd/idmap_autorid.c,52ab44cba529fd1cb2c181ed3a6a38013b98a2a8,CVE-2017-7494
484265150,Threekiii/Awesome-Exploit,Samba/CVE-2017-7494/src/third_party/dnspython/tests/zone.py,52b523b087fd5b1849c8cc0ac43471c5193d007c,CVE-2017-7494
484265150,Threekiii/Awesome-Exploit,Samba/CVE-2017-7494/src/libcli/smb/smb_common.h,52c3928d8982ec12e5e358bdacb8da3baf0be947,CVE-2017-7494
484265150,Threekiii/Awesome-Exploit,Samba/CVE-2017-7494/src/source3/passdb/ABI/samba-passdb-0.24.2.sigs,52c3b26894939f422591646f01dfe0ec1521bbe0,CVE-2017-7494
484265150,Threekiii/Awesome-Exploit,Samba/CVE-2017-7494/src/docs-xml/smbdotconf/tuning/maxconnections.xml,52c9a03a29818dd76b1a7f167cb4af66503d2c52,CVE-2017-7494
484265150,Threekiii/Awesome-Exploit,Samba/CVE-2017-7494/src/docs/manpages/vfs_acl_xattr.8,52cf00a0d0240a2134183fcbb036c1c1d5e3c925,CVE-2017-7494
484265150,Threekiii/Awesome-Exploit,Samba/CVE-2017-7494/src/source4/ldap_server/devdocs/rfc3296.txt,52d723e82979f4dc043598cfdc3a9b8bab00db41,CVE-2017-7494
484265150,Threekiii/Awesome-Exploit,Samba/CVE-2017-7494/src/testsuite/README,52dfbe94069e953690c5137592ea66311e2a6a23,CVE-2017-7494
484265150,Threekiii/Awesome-Exploit,Samba/CVE-2017-7494/src/source3/rpc_client/cli_spoolss.c,52f090ff72a9fde52ecfed9964129d8f92720ab9,CVE-2017-7494
484265150,Threekiii/Awesome-Exploit,Samba/CVE-2017-7494/src/source3/winbindd/idmap_rw.h,52f3c25f23522ee70fc07d8a11cb7da62009b591,CVE-2017-7494
484265150,Threekiii/Awesome-Exploit,Samba/CVE-2017-7494/src/source3/passdb/pdb_nds.c,5304e41805affce15e5ec2f53cf4d243f8073a45,CVE-2017-7494
484265150,Threekiii/Awesome-Exploit,Samba/CVE-2017-7494/src/dfs_server/dfs_server_ad.c,5312116aa13b794d378616308ea7f31bdfbe8738,CVE-2017-7494
484265150,Threekiii/Awesome-Exploit,Samba/CVE-2017-7494/src/source3/winbindd/winbindd_change_machine_acct.c,5323444e63947633c93ec816f7b4a742a818acf0,CVE-2017-7494
484265150,Threekiii/Awesome-Exploit,Samba/CVE-2017-7494/src/docs-xml/Samba3-HOWTO/images/domain.svg,533827bf284a18d7fa82b3968eced5fb7c0350aa,CVE-2017-7494
484265150,Threekiii/Awesome-Exploit,Samba/CVE-2017-7494/src/examples/scripts/shares/python/SambaParm.py,53399468b2e9e4e4e5d17c053e03188bf7bfe905,CVE-2017-7494
484265150,Threekiii/Awesome-Exploit,Samba/CVE-2017-7494/src/third_party/zlib/contrib/README.contrib,5377381691473711c5ca0057f79907e98e729058,CVE-2017-7494
484265150,Threekiii/Awesome-Exploit,Samba/CVE-2017-7494/src/docs-xml/Samba3-HOWTO/TOSHARG-NetworkBrowsing.xml,53826f6e00244bb6cbf2f911c79630161ca41400,CVE-2017-7494
484265150,Threekiii/Awesome-Exploit,Samba/CVE-2017-7494/src/docs-xml/smbdotconf/ldap/clientldapsaslwrapping.xml,53838b9bcbc8866b2803610f0a70b02b7b087084,CVE-2017-7494
484265150,Threekiii/Awesome-Exploit,Samba/CVE-2017-7494/src/nsswitch/winbind_nss_config.h,5388ca96a15638ab6578305348ddfacc9364aa1a,CVE-2017-7494
484265150,Threekiii/Awesome-Exploit,Samba/CVE-2017-7494/src/third_party/pep8/testsuite/utf-8-bom.py,538d55479fb77705e914cc2afe5bf74175048e35,CVE-2017-7494
484265150,Threekiii/Awesome-Exploit,Samba/CVE-2017-7494/src/packaging/Debian/README,5398957dcd5e12a9b6b7652af9d0f196770095c1,CVE-2017-7494
484265150,Threekiii/Awesome-Exploit,Samba/CVE-2017-7494/src/source3/winbindd/winbindd_lookupsid.c,53b40d74bee03e8abf59aed6b32ab2462cfa4bbf,CVE-2017-7494
484265150,Threekiii/Awesome-Exploit,Samba/CVE-2017-7494/src/source3/smbd/smb2_query_directory.c,53ba397f6b7bac1ed45f2e1271733bf877b7038a,CVE-2017-7494
484265150,Threekiii/Awesome-Exploit,Samba/CVE-2017-7494/src/source3/registry/regfio.c,53d5f4cb63e931571eb53a2bb51970fe7f423c94,CVE-2017-7494
484265150,Threekiii/Awesome-Exploit,Samba/CVE-2017-7494/src/testsuite/build_farm/torture-DENY1.test,53dd4c0f0201a05cab12a22b5fa63b055ccf9757,CVE-2017-7494
484265150,Threekiii/Awesome-Exploit,Samba/CVE-2017-7494/src/python/samba/tests/dcerpc/srvsvc.py,53e3d62d9656f14e35ddaebb220f133d39dccd66,CVE-2017-7494
484265150,Threekiii/Awesome-Exploit,Samba/CVE-2017-7494/src/source3/modules/vfs_shadow_copy.c,53e761fd77cc3572c8733dc94cb35a7b963136ef,CVE-2017-7494
484265150,Threekiii/Awesome-Exploit,Samba/CVE-2017-7494/src/ctdb/config/ctdb.service,54054262df596e4ec67af25647705b6178f86ff5,CVE-2017-7494
484265150,Threekiii/Awesome-Exploit,Samba/CVE-2017-7494/src/source3/libads/ads_struct.c,540adb1e95ba73e3e85448a1e00f9cdd9dd6c9f3,CVE-2017-7494
484265150,Threekiii/Awesome-Exploit,Samba/CVE-2017-7494/src/docs-xml/smbdotconf/security/forcegroup.xml,541b1d495b0358c1c9b46ef356c9e0f249f458a8,CVE-2017-7494
484265150,Threekiii/Awesome-Exploit,Samba/CVE-2017-7494/src/source3/smbd/conn.c,541da46c95cbfbf44ca4e5463250658373017248,CVE-2017-7494
484265150,Threekiii/Awesome-Exploit,Samba/CVE-2017-7494/src/docs-xml/smbdotconf/security/guestok.xml,541e1cc9cb6f2809774a6bc7acd36665c947872c,CVE-2017-7494
484265150,Threekiii/Awesome-Exploit,Samba/CVE-2017-7494/src/source4/kdc/kdc-server.h,5439d7c5c4ee978ce22810162f30f68c5f7cbdcf,CVE-2017-7494
484265150,Threekiii/Awesome-Exploit,Samba/CVE-2017-7494/src/testsuite/build_farm/torture-UNLINK.test,544d1293f277d1e2d274926ad001a6e89ae8bc6c,CVE-2017-7494
484265150,Threekiii/Awesome-Exploit,Samba/CVE-2017-7494/src/source4/torture/libnet/usertest.h,544d833ca91fe443f42debe51f6590f62ce6a93c,CVE-2017-7494
484265150,Threekiii/Awesome-Exploit,Samba/CVE-2017-7494/src/source3/intl/lang_tdb.c,5459f3f56f6b44b93e4ba326d2e24875a8a5f8f5,CVE-2017-7494
484265150,Threekiii/Awesome-Exploit,Samba/CVE-2017-7494/src/buildtools/scripts/Makefile.waf,547941c628b07a69c3362cd81bcd301350becda9,CVE-2017-7494
484265150,Threekiii/Awesome-Exploit,Samba/CVE-2017-7494/src/ctdb/doc/ctdbd.conf.5.xml,549a26ea067cd0beb634d0de560cf22470c8abe5,CVE-2017-7494
484265150,Threekiii/Awesome-Exploit,Samba/CVE-2017-7494/src/source4/librpc/rpc/pyrpc_util.h,54a2eaa8a9570387ddecf55302c4280523794cee,CVE-2017-7494
484265150,Threekiii/Awesome-Exploit,Samba/CVE-2017-7494/src/python/samba/netcmd/group.py,54a5731735c6ef76d1c2c651d2b2b504297b01d6,CVE-2017-7494
484265150,Threekiii/Awesome-Exploit,Samba/CVE-2017-7494/src/ctdb/doc/ctdb.7.xml,54a69da7fa5b77a6f54c0d74575b25f48f89942a,CVE-2017-7494
484265150,Threekiii/Awesome-Exploit,Samba/CVE-2017-7494/src/third_party/update.sh,54b9a2c0a6447ea3ca68edda867e62d535290ed3,CVE-2017-7494
484265150,Threekiii/Awesome-Exploit,Samba/CVE-2017-7494/src/source3/rpc_client/cli_samr.h,54d69cbab8ed4e953b60497b6a77c876e76bc6f9,CVE-2017-7494
484265150,Threekiii/Awesome-Exploit,Samba/CVE-2017-7494/src/docs-xml/Samba3-HOWTO/TOSHARG-IDMAP.xml,54d892e2187cd7f7738f2943b8ca3b9b8597421c,CVE-2017-7494
484265150,Threekiii/Awesome-Exploit,Samba/CVE-2017-7494/src/source3/rpcclient/cmd_witness.c,54dcc09c796e40e52680e063d588697d98afd2d6,CVE-2017-7494
484265150,Threekiii/Awesome-Exploit,Samba/CVE-2017-7494/src/source4/torture/libnetapi/wscript_build,54ed610f1b5fb17768942a24344bc273f2211bd3,CVE-2017-7494
484265150,Threekiii/Awesome-Exploit,Samba/CVE-2017-7494/src/source3/smbd/signing.c,54f484d733edf90a01c594319362f67032f9ec3e,CVE-2017-7494
484265150,Threekiii/Awesome-Exploit,Samba/CVE-2017-7494/src/source4/winbind/idmap.c,54f5d84ec1b2d620564d82f81ee207912b1ef5db,CVE-2017-7494
484265150,Threekiii/Awesome-Exploit,Samba/CVE-2017-7494/src/third_party/waf/wafadmin/Tools/cxx.py,54fb58534abd2420ac84f86a9fc56ac0c7117fa7,CVE-2017-7494
484265150,Threekiii/Awesome-Exploit,Samba/CVE-2017-7494/src/source4/torture/rpc/session_key.c,551097a9cd08d48e77685e7f4dfb73e02fdb8465,CVE-2017-7494
484265150,Threekiii/Awesome-Exploit,Jackson/CVE-2017-17485/CVE-2017-17485.xml,551392c45ebb8e8e218f963015c8df991c395fc8,CVE-2017-17485
484265150,Threekiii/Awesome-Exploit,Samba/CVE-2017-7494/src/source4/libcli/smb_composite/loadfile.c,5513dfb499768be88e575d62c82d2750db06dedc,CVE-2017-7494
484265150,Threekiii/Awesome-Exploit,Samba/CVE-2017-7494/src/source4/libcli/dgram/mailslot.c,55255f985aee663ef84d984f94774ea8408a99af,CVE-2017-7494
484265150,Threekiii/Awesome-Exploit,Samba/CVE-2017-7494/src/auth/credentials/pycredentials.c,5528d7643d5a655bede3b697a35cce495323a406,CVE-2017-7494
484265150,Threekiii/Awesome-Exploit,Samba/CVE-2017-7494/src/source4/torture/ndr/witness.c,554235e8b407a5bf2a591cdd22b24aa52fa67246,CVE-2017-7494
484265150,Threekiii/Awesome-Exploit,Samba/CVE-2017-7494/src/docs-xml/templates/template.5.xml,555af5a30be3b8918bd113d9212a7bc086bb0439,CVE-2017-7494
484265150,Threekiii/Awesome-Exploit,Samba/CVE-2017-7494/src/source3/smbd/negprot.c,556cc6c5a70af1fed27aee2c3df1ce199fec70d2,CVE-2017-7494
484265150,Threekiii/Awesome-Exploit,Samba/CVE-2017-7494/src/libgpo/gpo_ini.h,55880314d733ba5e24fba1d3199f1d58531c78ac,CVE-2017-7494
484265150,Threekiii/Awesome-Exploit,Samba/CVE-2017-7494/src/source3/smbd/file_access.c,558dc6eb45f6c413789a65bce7c7c747e67c3ef9,CVE-2017-7494
484265150,Threekiii/Awesome-Exploit,Samba/CVE-2017-7494/src/ctdb/utils/pmda/Remove,5593f83df4505d6b685d9ad9b025f1e1b9e4668b,CVE-2017-7494
484265150,Threekiii/Awesome-Exploit,Samba/CVE-2017-7494/src/packaging/Solaris/makepkg.sh,559869bb0e09c2264e2aad57f4f3f1d6ab3f3689,CVE-2017-7494
484265150,Threekiii/Awesome-Exploit,Samba/CVE-2017-7494/src/source4/libnet/py_net_dckeytab.c,55a8db8713cbeca5550b76480e1965cf19377894,CVE-2017-7494
484265150,Threekiii/Awesome-Exploit,Samba/CVE-2017-7494/src/docs-xml/smbdotconf/protocol/clientipcminprotocol.xml,55b2d1db8b3cf7ad7f6159db9d601398dabd5396,CVE-2017-7494
484265150,Threekiii/Awesome-Exploit,Samba/CVE-2017-7494/src/third_party/dnspython/dns/entropy.py,55b4187662f3c217a7f7ef9c26e5bafaa1d858dc,CVE-2017-7494
484265150,Threekiii/Awesome-Exploit,Samba/CVE-2017-7494/src/libcli/smb/smb2cli_read.c,55b6eb4ec73f8dce653c4f17e545eabce3854d68,CVE-2017-7494
484265150,Threekiii/Awesome-Exploit,Samba/CVE-2017-7494/src/source3/utils/net_cache.c,55bee24e71ebb446f08496be4bd0035f3cd7f574,CVE-2017-7494
484265150,Threekiii/Awesome-Exploit,Samba/CVE-2017-7494/src/testsuite/nsswitch/finger.exp,55c47134a3ecc8325025106efdee15af252e465f,CVE-2017-7494
484265150,Threekiii/Awesome-Exploit,Samba/CVE-2017-7494/src/third_party/pyiso8601/LICENSE,55cca48a26c0bb6f271e0d968449f9797f3d0820,CVE-2017-7494
484265150,Threekiii/Awesome-Exploit,Samba/CVE-2017-7494/src/third_party/dnspython/dns/rdtypes/ANY/CERT.py,55cf40300b1a10b7615026e26c26035e3ec9cd23,CVE-2017-7494
484265150,Threekiii/Awesome-Exploit,Samba/CVE-2017-7494/src/docs-xml/Samba-EventLog-HOWTO.txt,55e5df68e21938f973ab7821292d508def106227,CVE-2017-7494
484265150,Threekiii/Awesome-Exploit,Samba/CVE-2017-7494/src/testsuite/nsswitch/getgrgid.c,55e7cf96de211cc8eafc57fe35575c8cb018821e,CVE-2017-7494
484265150,Threekiii/Awesome-Exploit,Samba/CVE-2017-7494/src/testdata/samba3/smb.conf,560c42729e33d6a76a3fa628a7cae762d252b409,CVE-2017-7494
484265150,Threekiii/Awesome-Exploit,Samba/CVE-2017-7494/src/libcli/security/privileges.h,560e99e19a3a84590478d51aedce710bd44f1908,CVE-2017-7494
484265150,Threekiii/Awesome-Exploit,Samba/CVE-2017-7494/src/source4/auth/sam.c,56223ddda29d8dfaf3a8428173ab27c84f45c29d,CVE-2017-7494
484265150,Threekiii/Awesome-Exploit,Samba/CVE-2017-7494/src/ctdb/server/ctdb_statistics.c,56226438c28e9c6ffcb1ebc46f9ff5f4f3dd8fd8,CVE-2017-7494
484265150,Threekiii/Awesome-Exploit,Samba/CVE-2017-7494/src/source4/rpc_server/common/reply.c,5663daeb9c2d84619c7df0d0eeb37014cab97a38,CVE-2017-7494
484265150,Threekiii/Awesome-Exploit,Samba/CVE-2017-7494/src/testprogs/win32/midltests/valid/midltests_union_align_09.idl,566ca066080e641aafe8feafaa2c23c96176c39b,CVE-2017-7494
484265150,Threekiii/Awesome-Exploit,Samba/CVE-2017-7494/src/source4/torture/rpc/svcctl.c,56728842eafcc73baff3931f149a737de96c083f,CVE-2017-7494
484265150,Threekiii/Awesome-Exploit,Samba/CVE-2017-7494/src/docs-xml/smbdotconf/filename/hidespecialfiles.xml,567a126bb368315f0417a9ad0a79d54e761e5bb2,CVE-2017-7494
484265150,Threekiii/Awesome-Exploit,Samba/CVE-2017-7494/src/source4/setup/slapd.conf,568468bbc18926b4cf72de6d423b81f7ce35978c,CVE-2017-7494
484265150,Threekiii/Awesome-Exploit,Samba/CVE-2017-7494/src/docs-xml/manpages/smbget.1.xml,568f7616c6022a57e8b460be09af726dec46f35b,CVE-2017-7494
484265150,Threekiii/Awesome-Exploit,Samba/CVE-2017-7494/src/docs-xml/manpages/nmblookup.1.xml,56932b8fca3b93f282838ad20735c85f0a267cee,CVE-2017-7494
484265150,Threekiii/Awesome-Exploit,Samba/CVE-2017-7494/src/pidl/README,569f184a100aac14fb3083c19264874f9446eacd,CVE-2017-7494
484265150,Threekiii/Awesome-Exploit,Samba/CVE-2017-7494/src/source4/dsdb/samdb/ldb_modules/vlv_pagination.c,56aa6c3abad556a69b62b99cfe989578677d9055,CVE-2017-7494
484265150,Threekiii/Awesome-Exploit,Samba/CVE-2017-7494/src/docs-xml/Samba3-ByExample/SBE-DomainAppsSupport.xml,56aaabb2014fafe1156e8c2485659dbcb46079d7,CVE-2017-7494
484265150,Threekiii/Awesome-Exploit,Samba/CVE-2017-7494/src/testsuite/nsswitch/longarg_getgrnam.c,56bd0119476e55b76636c520278ed2ecb602d1d8,CVE-2017-7494
484265150,Threekiii/Awesome-Exploit,Samba/CVE-2017-7494/src/docs-xml/smbdotconf/tuning/aiowritebehind.xml,56beb2eb2a0af9901c8193ba8c6970b1d333cdeb,CVE-2017-7494
484265150,Threekiii/Awesome-Exploit,Samba/CVE-2017-7494/src/ctdb/tests/tool/ctdb.reloadnodes.002.sh,56c566bd5923b9f3cc214e81e85d005854168bb1,CVE-2017-7494
484265150,Threekiii/Awesome-Exploit,Samba/CVE-2017-7494/src/ctdb/tests/takeover/README,56c8973ef4dd1338f06ed20169c04ceede824a2c,CVE-2017-7494
484265150,Threekiii/Awesome-Exploit,Samba/CVE-2017-7494/src/source4/dsdb/repl/drepl_out_helpers.c,56ca29af435afeef31ee40116e6c51f24d4c8337,CVE-2017-7494
484265150,Threekiii/Awesome-Exploit,Samba/CVE-2017-7494/src/examples/printing/smbprint.sysv,56cd1bf94188bac1b69b1c80e59e69ec61bcd3b5,CVE-2017-7494
484265150,Threekiii/Awesome-Exploit,Samba/CVE-2017-7494/src/source4/ldap_server/devdocs/rfc4511.txt,56d6bcf6727595b61e5fe1f4a40e7a3b2cf9def3,CVE-2017-7494
484265150,Threekiii/Awesome-Exploit,Samba/CVE-2017-7494/src/source4/.clang_complete,56da78ee56244e23c92f3ff313acdc84e09044bc,CVE-2017-7494
484265150,Threekiii/Awesome-Exploit,Samba/CVE-2017-7494/src/docs-xml/Samba3-ByExample/SBE-glossary.xml,56dba857480b74b41089262358d711cc113c9394,CVE-2017-7494
484265150,Threekiii/Awesome-Exploit,Samba/CVE-2017-7494/src/ctdb/tests/simple/28_zero_eventscripts.sh,56e74fee6163161afbfff9672049f5dd88583342,CVE-2017-7494
484265150,Threekiii/Awesome-Exploit,Samba/CVE-2017-7494/src/libcli/security/security_token.c,56eefb21f6e0df1cbd54a8a637cf1fc7d3a8e656,CVE-2017-7494
484265150,Threekiii/Awesome-Exploit,Samba/CVE-2017-7494/src/testprogs/win32/rpcecho/server.c,56ef73d5c89cb76f7af84fa3b443516815a90742,CVE-2017-7494
484265150,Threekiii/Awesome-Exploit,Samba/CVE-2017-7494/src/ctdb/config/ctdbd_wrapper,570e7c47a836d5bd4b8625f5cdf7dc256f1b2fb6,CVE-2017-7494
484265150,Threekiii/Awesome-Exploit,Samba/CVE-2017-7494/src/third_party/pep8/README.rst,571ab4e27b751f2ff19ece5ce1da051bece4e8fa,CVE-2017-7494
484265150,Threekiii/Awesome-Exploit,Samba/CVE-2017-7494/src/source3/client/client.c,571e714a1c2653ba195c14f40fecf2abe0a3868b,CVE-2017-7494
484265150,Threekiii/Awesome-Exploit,Samba/CVE-2017-7494/src/ctdb/tests/tool/ctdb.stop.003.sh,57234c010ad3e43d2df1c6393b9b79165dde18e2,CVE-2017-7494
484265150,Threekiii/Awesome-Exploit,Samba/CVE-2017-7494/src/source3/exports/modules-darwin.syms,572fed3102d5d545aae4a0dd94093a3db005e480,CVE-2017-7494
484265150,Threekiii/Awesome-Exploit,Samba/CVE-2017-7494/src/source4/libcli/finddc.h,5730045b3c1182ac671e1da0b67b7a5410d95419,CVE-2017-7494
484265150,Threekiii/Awesome-Exploit,Samba/CVE-2017-7494/src/third_party/zlib/zconf.h,5738e3215cee8e2fa5fff7541a3364d81d3e47f5,CVE-2017-7494
484265150,Threekiii/Awesome-Exploit,Samba/CVE-2017-7494/src/source4/libcli/raw/clitransport.c,573a3f4283110f838db7a4b8297af11a6955496e,CVE-2017-7494
484265150,Threekiii/Awesome-Exploit,Samba/CVE-2017-7494/src/source4/libnet/libnet_samsync.h,573fe8fb1e08164d3c262c1c09036097d12f529c,CVE-2017-7494
484265150,Threekiii/Awesome-Exploit,Samba/CVE-2017-7494/src/librpc/ndr/ndr_dcerpc.h,574c489de1f305e19001695968d5f4d3f9a87cc9,CVE-2017-7494
484265150,Threekiii/Awesome-Exploit,Samba/CVE-2017-7494/src/docs-xml/manpages/vfs_commit.8.xml,57568a7d0507986b6fa0a0bb7e1fe890a38b32d9,CVE-2017-7494
484265150,Threekiii/Awesome-Exploit,Samba/CVE-2017-7494/src/docs-xml/smbdotconf/misc/deletereadonly.xml,57587d52188c15200466fc0bdc3b21b10570b7fd,CVE-2017-7494
484265150,Threekiii/Awesome-Exploit,Samba/CVE-2017-7494/src/examples/scripts/printing/cups/smbdelprinter.pl,5775af2c4a08ded3c584cae69e82b83d4223b37f,CVE-2017-7494
484265150,Threekiii/Awesome-Exploit,Samba/CVE-2017-7494/src/pidl/tests/ndr_represent.pl,57781715eb378ce9733dab9ab0945ae01b5b534d,CVE-2017-7494
484265150,Threekiii/Awesome-Exploit,Samba/CVE-2017-7494/src/source3/smbd/durable.c,577a5d8f68d2541a501a312a7e71b95f64db39e4,CVE-2017-7494
484265150,Threekiii/Awesome-Exploit,Samba/CVE-2017-7494/src/source3/torture/test_nttrans_create.c,578b68999cdc356195ecdfff72bdf157dd826b0d,CVE-2017-7494
484265150,Threekiii/Awesome-Exploit,Samba/CVE-2017-7494/src/source4/ntvfs/README,57928e5aba4079dbfef364b611bb666a5840756f,CVE-2017-7494
484265150,Threekiii/Awesome-Exploit,Samba/CVE-2017-7494/src/docs-xml/using_samba/ch08.xml,5798c4fd2063384b8ec55cd8815a2710574a239a,CVE-2017-7494
484265150,Threekiii/Awesome-Exploit,Samba/CVE-2017-7494/src/source3/param/test_lp_load.c,57a941d3e8b1d25b072c271d2d14f92f47da3733,CVE-2017-7494
484265150,Threekiii/Awesome-Exploit,Samba/CVE-2017-7494/src/source4/torture/raw/rename.c,57b867fd3485694601650aec3b7a81d36b5b4b31,CVE-2017-7494
484265150,Threekiii/Awesome-Exploit,Samba/CVE-2017-7494/src/librpc/idl/trkwks.idl,57bc1a40676c97f0c13cc2cd2a00f674c9d35abf,CVE-2017-7494
484265150,Threekiii/Awesome-Exploit,Samba/CVE-2017-7494/src/source4/ntvfs/posix/pvfs_unlink.c,57bd5e17ab31259376e42fead69b425a0ee09b5d,CVE-2017-7494
484265150,Threekiii/Awesome-Exploit,Samba/CVE-2017-7494/src/pidl/tests/cutil.pl,57c234f3a39c8b2548332350885cb8821e80833e,CVE-2017-7494
484265150,Threekiii/Awesome-Exploit,Samba/CVE-2017-7494/src/source4/torture/rpc/autoidl.c,57d6a312954a17b53510ade53989d46f5c66ec46,CVE-2017-7494
484265150,Threekiii/Awesome-Exploit,Samba/CVE-2017-7494/src/source3/libads/disp_sec.c,57dcd0d5b4a8d39da8bd62227986babb9feef7ed,CVE-2017-7494
484265150,Threekiii/Awesome-Exploit,Samba/CVE-2017-7494/src/librpc/ndr/ndr_netlogon.c,57eae1a9a64f21dbd0cde32bd5e5e6a9a8fcbffd,CVE-2017-7494
484265150,Threekiii/Awesome-Exploit,Samba/CVE-2017-7494/src/third_party/zlib/contrib/iostream/zfstream.h,57f03c37ca952cec5e58c827995365c18c728285,CVE-2017-7494
484265150,Threekiii/Awesome-Exploit,Samba/CVE-2017-7494/src/source4/torture/nbench/nbio.c,57f44f80613e55a62cc0807a227471c58412c286,CVE-2017-7494
484265150,Threekiii/Awesome-Exploit,Samba/CVE-2017-7494/src/ctdb/protocol/protocol_control.c,580141511ba553b3c4c50f435968c929805240e1,CVE-2017-7494
484265150,Threekiii/Awesome-Exploit,Samba/CVE-2017-7494/src/selftest/manage-ca/manage-ca.sh,5820c92d62e21b324e2a1bcac11574374b30a4d2,CVE-2017-7494
484265150,Threekiii/Awesome-Exploit,Samba/CVE-2017-7494/src/source4/torture/ntp/ntp_signd.c,58360ceefe9380044af75de2c0462e397e4ca3a8,CVE-2017-7494
484265150,Threekiii/Awesome-Exploit,Samba/CVE-2017-7494/src/libcli/ldap/wscript_build,5841d7daac940febefc2a8e5d8f6495ca97a254b,CVE-2017-7494
484265150,Threekiii/Awesome-Exploit,Samba/CVE-2017-7494/src/source3/utils/smbtree.c,5851c839569fb3d3681b5590b7df14d8d45d7ab1,CVE-2017-7494
484265150,Threekiii/Awesome-Exploit,Samba/CVE-2017-7494/src/source4/nbt_server/register.c,585adace5e1383135ac29f68f6c6fe25e1b7e31e,CVE-2017-7494
484265150,Threekiii/Awesome-Exploit,Samba/CVE-2017-7494/src/docs-xml/smbdotconf/security/usernamemap.xml,586488114406d7d7288fa87504ab9d38c91d0611,CVE-2017-7494
484265150,Threekiii/Awesome-Exploit,Samba/CVE-2017-7494/src/docs/manpages/log2pcap.1,586a12dacb4fb75cf8f1536d975c147e27fec9fa,CVE-2017-7494
484265150,Threekiii/Awesome-Exploit,Samba/CVE-2017-7494/src/source4/torture/local/dbspeed.c,586b842d20c17246f6734bc1aad8ccef6c4aea8c,CVE-2017-7494
484265150,Threekiii/Awesome-Exploit,Samba/CVE-2017-7494/src/third_party/dnspython/tests/tokenizer.py,586c89e508152d30b5231dace708fd78d80e9f99,CVE-2017-7494
484265150,Threekiii/Awesome-Exploit,Samba/CVE-2017-7494/src/pidl/tests/ndr_align.pl,586e81bc06ab3f026bce7cf3406546e5f4875915,CVE-2017-7494
484265150,Threekiii/Awesome-Exploit,Samba/CVE-2017-7494/src/source3/services/svc_winreg.c,587a6e9667702bffee43e12b0d4f824a7263cecf,CVE-2017-7494
484265150,Threekiii/Awesome-Exploit,Samba/CVE-2017-7494/src/source4/torture/smb2/connect.c,5880e55b0569b7cf31dca3c2cfc2d59c1d163761,CVE-2017-7494
484265150,Threekiii/Awesome-Exploit,Samba/CVE-2017-7494/src/source3/smbd/reply.c,5885d17b764fc431ef6e02dbea798c495954b6c5,CVE-2017-7494
484265150,Threekiii/Awesome-Exploit,Samba/CVE-2017-7494/src/wscript_configure_system_mitkrb5,588b8bfbd181799cabeb395337ac249f1abb5aa8,CVE-2017-7494
484265150,Threekiii/Awesome-Exploit,Samba/CVE-2017-7494/src/source3/registry/reg_perfcount.h,58ac19c2668ed60df4a13f615fc8aa04d5e20f84,CVE-2017-7494
484265150,Threekiii/Awesome-Exploit,Samba/CVE-2017-7494/src/nsswitch/libwbclient/wbc_sid.c,58cc629e7c268e8eb672489b7038e6c6584558a3,CVE-2017-7494
484265150,Threekiii/Awesome-Exploit,Samba/CVE-2017-7494/src/third_party/popt/popthelp.c,58cd13c7ce0e18a4da1ae0cf3df40d2845f17822,CVE-2017-7494
484265150,Threekiii/Awesome-Exploit,Samba/CVE-2017-7494/src/ctdb/tests/eventscripts/10.interface.releaseip.011.sh,58ce2a953aff502417c119d27f0f3f60ac199e7f,CVE-2017-7494
484265150,Threekiii/Awesome-Exploit,Samba/CVE-2017-7494/src/docs-xml/manpages/vfs_recycle.8.xml,58cfd32c569e4ed82bb633ca9a9ba023c60cec26,CVE-2017-7494
484265150,Threekiii/Awesome-Exploit,Samba/CVE-2017-7494/src/testprogs/win32/midltests/valid/midltests_union_align_02.txt,58e8761b3a6f3dad0be79715af265d7b9ec9d9ea,CVE-2017-7494
484265150,Threekiii/Awesome-Exploit,Samba/CVE-2017-7494/src/third_party/dnspython/dns/name.py,5902806c101b0b74c8d3e99be9f773f675c893d5,CVE-2017-7494
484265150,Threekiii/Awesome-Exploit,Samba/CVE-2017-7494/src/third_party/zlib/contrib/vstudio/vc8/zlibvc.sln,590639068345c3a95bdd6e6d76fa3680327dd653,CVE-2017-7494
484265150,Threekiii/Awesome-Exploit,Samba/CVE-2017-7494/src/source3/modules/vfs_vxfs.c,5907e0f184c153e739845b19e5463401fefab3a2,CVE-2017-7494
484265150,Threekiii/Awesome-Exploit,Samba/CVE-2017-7494/src/source4/libcli/ldap/ldap_controls.c,590a297bf5983322a3a2da8b9f24b37b2923eb25,CVE-2017-7494
484265150,Threekiii/Awesome-Exploit,Samba/CVE-2017-7494/src/examples/pdb/wscript_build,5922d1db45614efcbca398916198769f7782eb66,CVE-2017-7494
484265150,Threekiii/Awesome-Exploit,Samba/CVE-2017-7494/src/source4/ntvfs/cifs_posix_cli/vfs_cifs_posix.c,5931ed9f0e63956774988847d3ab070ba5f5c556,CVE-2017-7494
484265150,Threekiii/Awesome-Exploit,Samba/CVE-2017-7494/src/pidl/tests/samba3-cli.pl,5938d1ced94d38e3b36ea84ba30d49f700a15622,CVE-2017-7494
484265150,Threekiii/Awesome-Exploit,Samba/CVE-2017-7494/src/source4/torture/raw/unlink.c,59405f7c0f453779afa5b7727cd2efc9a74f9f35,CVE-2017-7494
484265150,Threekiii/Awesome-Exploit,Samba/CVE-2017-7494/src/source4/scripting/devel/drs/revampire_ad.sh,59458bdb31646ddb94845e6971108bf95ca45649,CVE-2017-7494
484265150,Threekiii/Awesome-Exploit,Samba/CVE-2017-7494/src/source4/dsdb/kcc/kcc_connection.c,59542d30bb7dbfb60ea81855a8d22052a6e1dd5f,CVE-2017-7494
484265150,Threekiii/Awesome-Exploit,Weblogic/weblogicScanner/stars/cve_2014_4210.py,5957fcbdcace993eae8f53d4a5c75ade47d263b5,CVE-2014-4210
484265150,Threekiii/Awesome-Exploit,Samba/CVE-2017-7494/src/source3/winbindd/wb_lookupuseraliases.c,595e25579ee0591d9460c02f2909cd4c8d5b47c4,CVE-2017-7494
484265150,Threekiii/Awesome-Exploit,Samba/CVE-2017-7494/src/testprogs/win32/testmailslot/GNUmakefile,596667512f6041cdc2e370cc82911c857af0c262,CVE-2017-7494
484265150,Threekiii/Awesome-Exploit,Samba/CVE-2017-7494/src/ctdb/doc/examples/cluster.conf,596f64cc72520d7f653a4200f4cbae534fa7cad9,CVE-2017-7494
484265150,Threekiii/Awesome-Exploit,Samba/CVE-2017-7494/src/source3/rpc_server/rpc_contexts.h,5978424a2ea1cb3d10a867ec019df112114b0fcd,CVE-2017-7494
484265150,Threekiii/Awesome-Exploit,Samba/CVE-2017-7494/src/third_party/waf/wafadmin/Tools/gob2.py,597bcd1814c5aea46923b8ae71136f3eb278dc9d,CVE-2017-7494
484265150,Threekiii/Awesome-Exploit,Samba/CVE-2017-7494/src/source3/selftest/ktest-secrets.tdb,598c6dd92ae5266ccf6dfae979a01eb9a79b490d,CVE-2017-7494
484265150,Threekiii/Awesome-Exploit,Samba/CVE-2017-7494/src/docs/manpages/vfstest.1,59916c85e2a66356355a272445317cdf20aea301,CVE-2017-7494
484265150,Threekiii/Awesome-Exploit,Samba/CVE-2017-7494/src/docs-xml/smbdotconf/winbind/winbindusedefaultdomain.xml,5999d0220929317efdf0ca82eb681914062519db,CVE-2017-7494
484265150,Threekiii/Awesome-Exploit,Samba/CVE-2017-7494/src/source4/setup/provision_rootdse_modify.ldif,59a02be87f4f1c786db9eb9b544e7c477a2bbc29,CVE-2017-7494
484265150,Threekiii/Awesome-Exploit,Samba/CVE-2017-7494/src/docs-xml/smbdotconf/printing/cupsconnectiontimeout.xml,59a98075fccd74cc8bc3fb18a3c4d5c45ad1213b,CVE-2017-7494
484265150,Threekiii/Awesome-Exploit,Samba/CVE-2017-7494/src/ctdb/config/ctdb.init,59ac8d2e2b13c1c0106237fb04a8751e3bbf7ba8,CVE-2017-7494
484265150,Threekiii/Awesome-Exploit,Samba/CVE-2017-7494/src/source3/passdb/pdb_ipa.h,59b174e9768ebad223c21c9d09cfeca68cd0acf3,CVE-2017-7494
484265150,Threekiii/Awesome-Exploit,Samba/CVE-2017-7494/src/ctdb/tests/takeover/simulation/ip_groups1.py,59bbda18251cf94f92d84177a44524a8d0dcd8d8,CVE-2017-7494
484265150,Threekiii/Awesome-Exploit,Samba/CVE-2017-7494/src/source3/smbd/smbXsrv_tcon.c,59c430ccefe7afb5dccb365391ff2edf90db9482,CVE-2017-7494
484265150,Threekiii/Awesome-Exploit,Samba/CVE-2017-7494/src/docs-xml/smbdotconf/security/rawntlmv2auth.xml,59c7e0372c6a11ba1cb4175f73c1ae84f8808951,CVE-2017-7494
484265150,Threekiii/Awesome-Exploit,Samba/CVE-2017-7494/src/librpc/ABI/ndr-0.0.3.sigs,59da07bc99e3e905217d23a2e794c7767dbde4d1,CVE-2017-7494
484265150,Threekiii/Awesome-Exploit,Samba/CVE-2017-7494/src/source3/modules/vfs_streams_depot.c,59dc24d80f30fe81c7da154335213bcb57cfa732,CVE-2017-7494
484265150,Threekiii/Awesome-Exploit,Samba/CVE-2017-7494/src/docs/manpages/vfs_prealloc.8,59de3ed1b38a003aa98b0835f15e50fdd744dc8b,CVE-2017-7494
484265150,Threekiii/Awesome-Exploit,Samba/CVE-2017-7494/src/librpc/idl/dnsp.idl,59e8234169b2b9a2ca0ab518eaa6d0f2e934bf69,CVE-2017-7494
484265150,Threekiii/Awesome-Exploit,Samba/CVE-2017-7494/src/ctdb/tests/tool/ctdb.ban.003.sh,59f2c04ea04852fefb3571eab83b1a04710d3b56,CVE-2017-7494
484265150,Threekiii/Awesome-Exploit,Samba/CVE-2017-7494/src/examples/ad-bench/time_join.sh,59f65ba81d7156e785df31dde99f90c2b013c75d,CVE-2017-7494
484265150,Threekiii/Awesome-Exploit,Samba/CVE-2017-7494/src/ctdb/tests/eventscripts/00.ctdb.init.006.sh,5a00164223a9e8f7316dab28daaaeace306443cb,CVE-2017-7494
484265150,Threekiii/Awesome-Exploit,Samba/CVE-2017-7494/src/selftest/devel_env.sh,5a06d5a0508cfaeb7203e78c6fb0851be5ef36dd,CVE-2017-7494
484265150,Threekiii/Awesome-Exploit,Samba/CVE-2017-7494/src/source4/scripting/devel/pfm_verify.py,5a147de26d4b985266a06468b0fcdb382701ab67,CVE-2017-7494
484265150,Threekiii/Awesome-Exploit,Samba/CVE-2017-7494/src/docs-xml/smbdotconf/winbind/winbindenumgroups.xml,5a192cbca606c48f69305e5574bde90d4c08fa1f,CVE-2017-7494
484265150,Threekiii/Awesome-Exploit,Samba/CVE-2017-7494/src/ctdb/tests/simple/12_ctdb_getdebug.sh,5a1b65d8b78634e14f8551d8ef9d5a2fdadbfe9b,CVE-2017-7494
484265150,Threekiii/Awesome-Exploit,Samba/CVE-2017-7494/src/source3/passdb/wscript_build,5a23c259b5bb5ce3c19f16f03ad8c09bfea41b66,CVE-2017-7494
484265150,Threekiii/Awesome-Exploit,Samba/CVE-2017-7494/src/pidl/tests/Util.pm,5a260ca85e97bb1252c024084a72a2055598d632,CVE-2017-7494
484265150,Threekiii/Awesome-Exploit,Samba/CVE-2017-7494/src/source4/torture/ndr/dfsblob.c,5a32a2d9ae8336f6b2c0a5e7790788104b0d14dd,CVE-2017-7494
484265150,Threekiii/Awesome-Exploit,Samba/CVE-2017-7494/src/source3/winbindd/winbindd_pam.c,5a3f8b49e8ad13474da4e0066888257c3782cca2,CVE-2017-7494
484265150,Threekiii/Awesome-Exploit,Samba/CVE-2017-7494/src/script/findstatic.pl,5a46f9082ba36024d1d27aa0dd5da464cd0cbaf7,CVE-2017-7494
484265150,Threekiii/Awesome-Exploit,Samba/CVE-2017-7494/src/source3/nmbd/nmbd_incomingrequests.c,5a56bda589b2de4fb0d271120840128d10e0f418,CVE-2017-7494
484265150,Threekiii/Awesome-Exploit,Samba/CVE-2017-7494/src/source4/dsdb/repl/drepl_out_pull.c,5a60d196d246baba192c54dde159346f8d39dd46,CVE-2017-7494
484265150,Threekiii/Awesome-Exploit,Samba/CVE-2017-7494/src/source3/utils/ntlm_auth.c,5a7ba72d2abc07a63bd2760bc9b46d83f8777411,CVE-2017-7494
484265150,Threekiii/Awesome-Exploit,Samba/CVE-2017-7494/src/ctdb/tests/eventscripts/statd-callout.002.sh,5a8d8f728f8e12113e664cd77af22b640a7a1de3,CVE-2017-7494
484265150,Threekiii/Awesome-Exploit,Weblogic/weblogicScanner/stars/__pycache__/cve_2014_4210.cpython-37.pyc,5a93d29fe06843d731a4b9de0e048bf414a75f45,CVE-2014-4210
484265150,Threekiii/Awesome-Exploit,Samba/CVE-2017-7494/src/docs-xml/Samba3-Developers-Guide/internals.xml,5a9619f155c2e7baf4fffc6fb5f9e419f876ceae,CVE-2017-7494
484265150,Threekiii/Awesome-Exploit,Samba/CVE-2017-7494/src/third_party/zlib/contrib/masm686/match.asm,5ab4edc88da9c7c84e39c1fe160a0c3f163644f0,CVE-2017-7494
484265150,Threekiii/Awesome-Exploit,Samba/CVE-2017-7494/src/python/samba/tests/samba_tool/processes.py,5ac17f7fe60fd79be657fb16a40fb868d3fc9670,CVE-2017-7494
484265150,Threekiii/Awesome-Exploit,Samba/CVE-2017-7494/src/ctdb/tests/takeover/nondet.003.sh,5ac22efdeae758c78953c011e148c8077700a42d,CVE-2017-7494
484265150,Threekiii/Awesome-Exploit,Samba/CVE-2017-7494/src/docs-xml/using_samba/ch07.xml,5ac6f40d7fe96d4ea6b79188f49e4b1108151c1c,CVE-2017-7494
484265150,Threekiii/Awesome-Exploit,Samba/CVE-2017-7494/src/source3/passdb/ABI/pdb-0.1.1.sigs,5acdb123e5000716d22ab68dbbb6c34a4ab811e4,CVE-2017-7494
484265150,Threekiii/Awesome-Exploit,Samba/CVE-2017-7494/src/source3/winbindd/winbindd.h,5ad733f57d2ed9bc5c60ddb7fe4bb6b328aa95b0,CVE-2017-7494
484265150,Threekiii/Awesome-Exploit,Samba/CVE-2017-7494/src/examples/VFS/wscript_build,5ae3a2f3e7eb513c428a2d7f500d95dd0240d8d4,CVE-2017-7494
484265150,Threekiii/Awesome-Exploit,Samba/CVE-2017-7494/src/source3/auth/auth_sam.c,5b066fc332fa93f6c8ac006e2eec31c56db2bcee,CVE-2017-7494
484265150,Threekiii/Awesome-Exploit,Weblogic/weblogicScanner/stars/__pycache__/cve_2020_2551.cpython-37.pyc,5b0b1f233443f53ba803b5bc085dcbe66f27ac31,CVE-2020-2551
484265150,Threekiii/Awesome-Exploit,Samba/CVE-2017-7494/src/docs-xml/smbdotconf/misc/valid.xml,5b0b38254b3ec9e23fe0f1a722d7f8e31fe84f86,CVE-2017-7494
484265150,Threekiii/Awesome-Exploit,Samba/CVE-2017-7494/bindshell-samba.h,5b25c3a227ac896719eb47f295c8466662500b36,CVE-2017-7494
484265150,Threekiii/Awesome-Exploit,Samba/CVE-2017-7494/src/third_party/dnspython/dns/rdtypes/ANY/RP.py,5b5745ff0e159d23b5475866c45cc3bc1a5f93ee,CVE-2017-7494
484265150,Threekiii/Awesome-Exploit,Samba/CVE-2017-7494/src/source4/libcli/ldap/ldap_ildap.c,5b5769159620c6bbc340efc21360ab0848832a26,CVE-2017-7494
484265150,Threekiii/Awesome-Exploit,Samba/CVE-2017-7494/src/third_party/waf/wafadmin/Tools/ruby.py,5b60c31da25a4f07ccddc09c78d440ac98eeb041,CVE-2017-7494
484265150,Threekiii/Awesome-Exploit,Samba/CVE-2017-7494/src/ctdb/tests/src/comm_server_test.c,5b61e4f53ed7dbbcc8651b9433a54dd7b96baca8,CVE-2017-7494
484265150,Threekiii/Awesome-Exploit,Samba/CVE-2017-7494/src/source4/librpc/rpc/dcerpc_auth.c,5b7fb629300c84bc58c2d0376103cea1b2561f66,CVE-2017-7494
484265150,Threekiii/Awesome-Exploit,Samba/CVE-2017-7494/src/ctdb/tests/src/rb_test.c,5b82729f535c8d2c6a55a955ef17855055b99d8f,CVE-2017-7494
484265150,Threekiii/Awesome-Exploit,Samba/CVE-2017-7494/src/docs-xml/smbdotconf/misc/dosfiletimeresolution.xml,5b8617a634a79e6e1784fcf3f66880fea4b9af1c,CVE-2017-7494
484265150,Threekiii/Awesome-Exploit,Samba/CVE-2017-7494/src/docs-xml/Samba3-HOWTO/images/browsing1.svg,5b9536c1930ffa7715bfdf42713a159254a882af,CVE-2017-7494
484265150,Threekiii/Awesome-Exploit,Samba/CVE-2017-7494/src/source3/torture/test_ntlm_auth.py,5b97dd50bd996ae6cf178dc4cd545ca276646658,CVE-2017-7494
484265150,Threekiii/Awesome-Exploit,Samba/CVE-2017-7494/src/source4/ldap_server/devdocs/rfc4521.txt,5b9c312de260327b1293eec79c41c5c07fb54dac,CVE-2017-7494
484265150,Threekiii/Awesome-Exploit,Samba/CVE-2017-7494/src/third_party/zlib/contrib/dotzlib/DotZLib/DotZLib.csproj,5bb3d12882a4902db252ae463334e39d63757e45,CVE-2017-7494
484265150,Threekiii/Awesome-Exploit,Samba/CVE-2017-7494/src/docs-xml/smbdotconf/misc/usersharemaxshares.xml,5bb5f2ffbfb28b2656aa2f73871f1000e630d861,CVE-2017-7494
484265150,Threekiii/Awesome-Exploit,Samba/CVE-2017-7494/src/ctdb/server/ctdb_daemon.c,5bb5f64c8d7f07e3edcc12eb88bb54fc19dc9481,CVE-2017-7494
484265150,Threekiii/Awesome-Exploit,Samba/CVE-2017-7494/src/source3/printing/nt_printing_os2.h,5bdb03e575581be6fc1ddf33bb7f4e5a3cfab6fe,CVE-2017-7494
484265150,Threekiii/Awesome-Exploit,Samba/CVE-2017-7494/src/docs-xml/smbdotconf/security/renameuserscript.xml,5bed7bea2d0415b61961dcfc985cb0d490a669da,CVE-2017-7494
484265150,Threekiii/Awesome-Exploit,Samba/CVE-2017-7494/src/source4/dsdb/pydsdb.c,5bf392916bc304e91d0aae35ff52ded77b6779c4,CVE-2017-7494
484265150,Threekiii/Awesome-Exploit,Samba/CVE-2017-7494/src/third_party/pep8/docs/advanced.rst,5c01eba9c0e795f425b7d4e3c3ea33f8f6193fab,CVE-2017-7494
484265150,Threekiii/Awesome-Exploit,Samba/CVE-2017-7494/src/python/samba/netcmd/nettime.py,5c05066c23d80585494abca513e27cb4aaaea356,CVE-2017-7494
484265150,Threekiii/Awesome-Exploit,Samba/CVE-2017-7494/src/source3/winbindd/idmap_rw.c,5c1e0fb43e630994f3ccaae1d7309bae2989c322,CVE-2017-7494
484265150,Threekiii/Awesome-Exploit,Samba/CVE-2017-7494/src/docs-xml/smbdotconf/security/passwordhashgpgkeyids.xml,5c23ff8fa544e95bb50014f7c8ef32435b1641d7,CVE-2017-7494
484265150,Threekiii/Awesome-Exploit,Samba/CVE-2017-7494/src/source3/include/smb.h,5c273c41f9525a5ac55ca9ea2058e12e68554e95,CVE-2017-7494
484265150,Threekiii/Awesome-Exploit,Samba/CVE-2017-7494/src/source3/include/debugparse.h,5c33a393250155bdfc8767856d6880ec6d4db3ce,CVE-2017-7494
484265150,Threekiii/Awesome-Exploit,Samba/CVE-2017-7494/src/source4/torture/smb2/dosmode.c,5c3f2787ddc2b7b2bf7480c9fac06ad8ba3eb6b4,CVE-2017-7494
484265150,Threekiii/Awesome-Exploit,Samba/CVE-2017-7494/src/source4/dsdb/schema/schema_query.c,5c4150928e95b6776bdffedbc9c2ec06ae208931,CVE-2017-7494
484265150,Threekiii/Awesome-Exploit,Samba/CVE-2017-7494/src/docs-xml/smbdotconf/misc/usershareprefixallowlist.xml,5c44dd3999c47ee7e747e779ccd65a0058530e6c,CVE-2017-7494
484265150,Threekiii/Awesome-Exploit,Samba/CVE-2017-7494/src/examples/libsmbclient/testbrowse2.c,5c495e3be069357bb232c1820afd5d9885b5cc94,CVE-2017-7494
484265150,Threekiii/Awesome-Exploit,Samba/CVE-2017-7494/src/third_party/zlib/contrib/minizip/unzip.c,5c4b3c6a1d28d7210a6babfa17ac04632dc2b83e,CVE-2017-7494
484265150,Threekiii/Awesome-Exploit,Samba/CVE-2017-7494/src/docs-xml/smbdotconf/winbind/createkrb5conf.xml,5c6bd8ba0b958612ffcfee8f49898d4a003f9328,CVE-2017-7494
484265150,Threekiii/Awesome-Exploit,Samba/CVE-2017-7494/src/source4/torture/drs/python/fsmo.py,5c783662d5ff0fc16b57c961da43f098e60e83af,CVE-2017-7494
484265150,Threekiii/Awesome-Exploit,Samba/CVE-2017-7494/src/docs-xml/smbdotconf/security/clientntlmv2auth.xml,5c7c652941cc057c0ed7bea5c7b531c00fd1148e,CVE-2016-2111
484265150,Threekiii/Awesome-Exploit,Samba/CVE-2017-7494/src/docs-xml/smbdotconf/security/clientntlmv2auth.xml,5c7c652941cc057c0ed7bea5c7b531c00fd1148e,CVE-2017-7494
484265150,Threekiii/Awesome-Exploit,Samba/CVE-2017-7494/src/source4/auth/kerberos/kerberos-porting-to-mit-notes.txt,5c8cecca2b74b5e61a31a67534dad6d74000e526,CVE-2017-7494
484265150,Threekiii/Awesome-Exploit,Samba/CVE-2017-7494/src/docs-xml/manpages/pam_winbind.8.xml,5c8ef5ef65a9fea0e6c0b10059c0dd6a8313697e,CVE-2017-7494
484265150,Threekiii/Awesome-Exploit,Samba/CVE-2017-7494/src/source3/winbindd/wb_queryuser.c,5cae3c503f1086721f1883e4412231158cee60a6,CVE-2017-7494
484265150,Threekiii/Awesome-Exploit,Samba/CVE-2017-7494/src/docs/manpages/idmap_rfc2307.8,5cb3bb5ceeeb90e494884af6d6864cf9923815eb,CVE-2017-7494
484265150,Threekiii/Awesome-Exploit,Samba/CVE-2017-7494/src/third_party/dnspython/dns/hash.py,5cb956d724574d64403b4bf370a0cca0e706b3d8,CVE-2017-7494
484265150,Threekiii/Awesome-Exploit,Samba/CVE-2017-7494/src/source4/torture/rpc/lsa.c,5cc2e4c0d040e619a1cdaa13517309db6b792890,CVE-2017-7494
484265150,Threekiii/Awesome-Exploit,Samba/CVE-2017-7494/src/docs-xml/smbdotconf/misc/smbdprofilinglevel.xml,5cc80db18123424971c2f612193a38c5d3b1244a,CVE-2017-7494
484265150,Threekiii/Awesome-Exploit,Samba/CVE-2017-7494/src/docs-xml/smbdotconf/protocol/timeserver.xml,5cdbf4e52bf0d247d228cb2b0e4da8472af89c03,CVE-2017-7494
484265150,Threekiii/Awesome-Exploit,Samba/CVE-2017-7494/src/third_party/waf/wafadmin/Tools/icpc.py,5cddc84fda7d9bab866072510009fcafc541417f,CVE-2017-7494
484265150,Threekiii/Awesome-Exploit,Samba/CVE-2017-7494/src/docs-xml/smbdotconf/security/validusers.xml,5cdea284e75205925b3826e0fb98670dfc47725b,CVE-2017-7494
484265150,Threekiii/Awesome-Exploit,Samba/CVE-2017-7494/src/source3/include/msdfs.h,5ce38c02f66d1929608c178abadc683398250373,CVE-2017-7494
484265150,Threekiii/Awesome-Exploit,Samba/CVE-2017-7494/src/third_party/dnspython/tests/Makefile,5cf3a8205d93f8f85d3efdab4751786a52d3d0d8,CVE-2017-7494
484265150,Threekiii/Awesome-Exploit,Samba/CVE-2017-7494/src/testsuite/smbd/Makefile.sec_ctx,5cfbfe0d03cd80abe32f1c0f654d54caa52b271a,CVE-2017-7494
484265150,Threekiii/Awesome-Exploit,Samba/CVE-2017-7494/src/source3/winbindd/wb_lookupusergroups.c,5d11f10e1d4fd125b755f0881bb5b0da63da3274,CVE-2017-7494
484265150,Threekiii/Awesome-Exploit,GitLab/CVE-2021-22205/CVE-2021-22205-poc.py,5d147e8c12d786f2fc96b5ea4f52bd8dfe9da963,CVE-2021-22205
484265150,Threekiii/Awesome-Exploit,Samba/CVE-2017-7494/src/source3/smbd/notifyd/notifyd.c,5d198743a9b8fe78e49a2ebec24a1c02ac73438c,CVE-2017-7494
484265150,Threekiii/Awesome-Exploit,Samba/CVE-2017-7494/src/packaging/NetworkManager/README,5d1ccd3561677b0ea0c56e8009f585d81db8102b,CVE-2017-7494
484265150,Threekiii/Awesome-Exploit,Samba/CVE-2017-7494/src/source3/modules/wscript_build,5d3886b6392d0f307d203d5b20e013d79334b03c,CVE-2017-7494
484265150,Threekiii/Awesome-Exploit,Samba/CVE-2017-7494/src/librpc/ndr/ndr_compression.c,5d4ce34f664b523c203f4d1f741ba63ad471081f,CVE-2017-7494
484265150,Threekiii/Awesome-Exploit,Samba/CVE-2017-7494/src/testsuite/build_farm/basicsmb-remote-pass-change.test,5d50d917d88c2a7f8908bcc69301ec17911d1317,CVE-2017-7494
484265150,Threekiii/Awesome-Exploit,Samba/CVE-2017-7494/src/ctdb/tests/eventscripts/00.ctdb.init.009.sh,5d535b003301a4d576a6a24f2df98f246913adc3,CVE-2017-7494
484265150,Threekiii/Awesome-Exploit,Samba/CVE-2017-7494/src/ctdb/tests/takeover/lcp2.016.sh,5d5deda85588141499846d123ae20b3909369c50,CVE-2017-7494
484265150,Threekiii/Awesome-Exploit,Samba/CVE-2017-7494/src/source3/locale/pam_winbind/it.po,5d7923e40d3ac71897ea152552d1b7243dc0a122,CVE-2017-7494
484265150,Threekiii/Awesome-Exploit,Samba/CVE-2017-7494/src/ctdb/tests/eventscripts/13.per_ip_routing.002.sh,5d7fa91e6e49f8564c7ef0ec5c54a34258b77300,CVE-2017-7494
484265150,Threekiii/Awesome-Exploit,Samba/CVE-2017-7494/src/source4/torture/libnet/libnet_group.c,5d97b01e4fbb0cd4d3dd42aa2aca63b8a55f7c43,CVE-2017-7494
484265150,Threekiii/Awesome-Exploit,Samba/CVE-2017-7494/src/source3/rpc_server/srv_access_check.c,5d9b2861e4f50148f4ec4ee0a1f1d5fa3b5e6fe7,CVE-2017-7494
484265150,Threekiii/Awesome-Exploit,Samba/CVE-2017-7494/src/source3/auth/user_util.c,5da6391bf05d1d966ce382b2a1abfea0faab12b6,CVE-2017-7494
484265150,Threekiii/Awesome-Exploit,Samba/CVE-2017-7494/src/testprogs/win32/wmi/echoprocessor.vbs,5da893d4d2a02e01e6cab2241643b8019835c006,CVE-2017-7494
484265150,Threekiii/Awesome-Exploit,Samba/CVE-2017-7494/src/ctdb/tests/eventscripts/13.per_ip_routing.014.sh,5da8d5e6f4e1e09038772f7d1b4831616f1b67eb,CVE-2017-7494
484265150,Threekiii/Awesome-Exploit,Samba/CVE-2017-7494/src/third_party/zlib/contrib/vstudio/vc7/zlibvc.def,5dc012fbf6cb4a9ffe0bc859e17230326df3f447,CVE-2017-7494
484265150,Threekiii/Awesome-Exploit,Samba/CVE-2017-7494/src/docs/manpages/wbinfo.1,5dc599803ac9b6c8da81ec402cfc019c9062c198,CVE-2017-7494
484265150,Threekiii/Awesome-Exploit,Samba/CVE-2017-7494/src/source4/torture/util_smb.c,5dc75d8b532eff51383550600f81a0e0ec1932cb,CVE-2017-7494
484265150,Threekiii/Awesome-Exploit,Samba/CVE-2017-7494/src/ctdb/tests/eventscripts/49.winbind.monitor.050.sh,5de9df4a0c7e5c8d58d566a85f5060795873970b,CVE-2017-7494
484265150,Threekiii/Awesome-Exploit,Samba/CVE-2017-7494/src/source3/modules/non_posix_acls.h,5dec1ca82026d32c5f1d4e0bf596654c1ca6f5a4,CVE-2017-7494
484265150,Threekiii/Awesome-Exploit,Samba/CVE-2017-7494/src/ctdb/tests/eventscripts/50.samba.monitor.111.sh,5ded378425b7367451014e30cb0615ce9d80d9fd,CVE-2017-7494
484265150,Threekiii/Awesome-Exploit,Samba/CVE-2017-7494/src/source4/ldap_server/wscript_build,5df0b70a76bd8c5eb009f11f56fa5e03ae61aa9d,CVE-2017-7494
484265150,Threekiii/Awesome-Exploit,Samba/CVE-2017-7494/src/source4/smb_server/session.c,5df42f691dff73d3787dd4b0c8f7900c1f26ece8,CVE-2017-7494
484265150,Threekiii/Awesome-Exploit,Samba/CVE-2017-7494/src/docs-xml/manpages/vfs_gpfs.8.xml,5dfdcda22cad6bade27339eddb062047911dbd7c,CVE-2017-7494
484265150,Threekiii/Awesome-Exploit,Samba/CVE-2017-7494/src/testprogs/blackbox/test_ldb_simple.sh,5dfde6de1ff2a3df5bff3aec4f91d6ab86abfe6f,CVE-2017-7494
484265150,Threekiii/Awesome-Exploit,Samba/CVE-2017-7494/src/docs-xml/manpages/vfs_xattr_tdb.8.xml,5e0dffa258d8c69217d0aeb09551df9499b0f44a,CVE-2017-7494
484265150,Threekiii/Awesome-Exploit,Samba/CVE-2017-7494/src/docs-xml/smbdotconf/protocol/unixextensions.xml,5e270f2a003f496780426218d7cc9df4419f8acc,CVE-2017-7494
484265150,Threekiii/Awesome-Exploit,Samba/CVE-2017-7494/src/libds/common/wscript_build,5e28a023d11cf7b1529e5573ebe4a0538e27ac51,CVE-2017-7494
484265150,Threekiii/Awesome-Exploit,Samba/CVE-2017-7494/src/third_party/pep8/testsuite/E27.py,5e566d6c95a105aa298cc0b18a7aad359b8020ce,CVE-2017-7494
484265150,Threekiii/Awesome-Exploit,Samba/CVE-2017-7494/src/libcli/named_pipe_auth/npa_tstream.h,5e6960dd16be756b205aba139a5d5e383d984799,CVE-2017-7494
484265150,Threekiii/Awesome-Exploit,Samba/CVE-2017-7494/src/python/samba/provision/__init__.py,5e77dcd43c23b05a9dfd50291cc023a67dc03618,CVE-2017-7494
484265150,Threekiii/Awesome-Exploit,Samba/CVE-2017-7494/src/docs-xml/smbdotconf/locking/kerneloplocks.xml,5e8af60f24eeca933ef4a95b3202267b9a1d64e0,CVE-2017-7494
484265150,Threekiii/Awesome-Exploit,Samba/CVE-2017-7494/src/ctdb/tests/eventscripts/13.per_ip_routing.018.sh,5e8fef137b101f657313d6a0cbd93caf31ebd4da,CVE-2017-7494
484265150,Threekiii/Awesome-Exploit,Samba/CVE-2017-7494/src/source4/dsdb/samdb/ldb_modules/dns_notify.c,5e908f8ed848ed99fb089f1bb89f86e037073984,CVE-2017-7494
484265150,Threekiii/Awesome-Exploit,Samba/CVE-2017-7494/src/source3/utils/ntlm_auth_diagnostics.c,5eab970c7c33c179c5a6608480b99b59ac7de552,CVE-2017-7494
484265150,Threekiii/Awesome-Exploit,Samba/CVE-2017-7494/src/docs-xml/smbdotconf/winbind/winbindrpconly.xml,5eacd29d3b45ba8604b35b4f8bba836c06ce9fa4,CVE-2017-7494
484265150,Threekiii/Awesome-Exploit,Samba/CVE-2017-7494/src/docs-xml/smbdotconf/logon/deleteuserscript.xml,5eb30df130c053491adb7535f87206f481001780,CVE-2017-7494
484265150,Threekiii/Awesome-Exploit,Samba/CVE-2017-7494/src/source4/ldap_server/devdocs/rfc4532.txt,5eba225c89f288fce1ed2722425b6971416ec0ef,CVE-2017-7494
484265150,Threekiii/Awesome-Exploit,Samba/CVE-2017-7494/src/python/samba/tests/core.py,5eba3842370ca4adf49aadab3bad3e8adc4c1fd1,CVE-2017-7494
484265150,Threekiii/Awesome-Exploit,Samba/CVE-2017-7494/src/libcli/smb/util.c,5ec6274ef59d4e21852a52561b7f46d8326a7b3d,CVE-2017-7494
484265150,Threekiii/Awesome-Exploit,Samba/CVE-2017-7494/src/source3/utils/net_rpc_audit.c,5ee3ddbf18167bc422b53716373eeb9330a29d31,CVE-2017-7494
484265150,Threekiii/Awesome-Exploit,Samba/CVE-2017-7494/src/third_party/zlib/contrib/ada/test.adb,5eebe86bd398dade5340cc4af24685bf02df671f,CVE-2017-7494
484265150,Threekiii/Awesome-Exploit,Samba/CVE-2017-7494/src/ctdb/server/ctdb_mutex_fcntl_helper.c,5ef20dc87bd26e312b23d3037913e3e44b644bf1,CVE-2017-7494
484265150,Threekiii/Awesome-Exploit,Samba/CVE-2017-7494/src/source3/smbd/dmapi.c,5ef21e28f9ca53f70f6e2addef689c9af515e1c5,CVE-2017-7494
484265150,Threekiii/Awesome-Exploit,Samba/CVE-2017-7494/src/source3/libnet/libnet_samsync.h,5f10325db92d79a8a40a71a4a99965aad0ae55f1,CVE-2017-7494
484265150,Threekiii/Awesome-Exploit,Samba/CVE-2017-7494/src/source4/ntvfs/posix/pvfs_flush.c,5f10492e9bada5f40f33d6c7ae3b502480edeac9,CVE-2017-7494
484265150,Threekiii/Awesome-Exploit,Samba/CVE-2017-7494/src/ctdb/tests/takeover/simulation/nondet_path_01.py,5f3721394022d98fb1caf32b9d4e8648dcda17e7,CVE-2017-7494
484265150,Threekiii/Awesome-Exploit,Samba/CVE-2017-7494/src/buildtools/wafsamba/samba_pidl.py,5f3f565d299a16abc9074f0276065c2dd5c64724,CVE-2017-7494
484265150,Threekiii/Awesome-Exploit,Samba/CVE-2017-7494/src/source3/rpc_client/cli_winreg.h,5f415b1732537c3b36d488d6fc31aaf79e03383c,CVE-2017-7494
484265150,Threekiii/Awesome-Exploit,Samba/CVE-2017-7494/src/docs-xml/manpages/net.8.xml,5f451194573e2eef4ca19610fdfd7c0c45a732b7,CVE-2017-7494
484265150,Threekiii/Awesome-Exploit,Samba/CVE-2017-7494/src/source3/registry/reg_backend_smbconf.c,5f485544169a44697e6e1bbb9ddab2eb6a4abfad,CVE-2017-7494
484265150,Threekiii/Awesome-Exploit,Samba/CVE-2017-7494/src/librpc/ndr/ndr_netlogon.h,5f4976a582b91a0753b77145e80b37acbb449447,CVE-2017-7494
484265150,Threekiii/Awesome-Exploit,Samba/CVE-2017-7494/src/testprogs/blackbox/dom_parse.sh,5f5cef94c4d111f48bc1ea862556a4c9781b4659,CVE-2017-7494
484265150,Threekiii/Awesome-Exploit,Samba/CVE-2017-7494/src/libcli/auth/session.c,5f6d48ac22c63b3634e5298a951ddf89636f579a,CVE-2017-7494
484265150,Threekiii/Awesome-Exploit,Samba/CVE-2017-7494/src/source3/libads/sasl_wrapping.c,5f73674822e8dc81c30aa5e2d26a3658ad910e97,CVE-2017-7494
484265150,Threekiii/Awesome-Exploit,Samba/CVE-2017-7494/src/testsuite/build_farm/torture-DIR1.test,5f74e094573a57bb723ee71ff625daa3b7870175,CVE-2017-7494
484265150,Threekiii/Awesome-Exploit,Samba/CVE-2017-7494/src/ctdb/config/events.d/10.interface,5f8dba8af1f567eb9706ba2093a41e47b1248e69,CVE-2017-7494
484265150,Threekiii/Awesome-Exploit,Samba/CVE-2017-7494/src/testprogs/win32/midltests/valid/midltests_union_align_01.txt,5f9edb2390d1d62f19196dbe13ea339aaaee71e5,CVE-2017-7494
484265150,Threekiii/Awesome-Exploit,Samba/CVE-2017-7494/src/source4/torture/libnetapi/libnetapi_user.c,5fa8c6cf8ddaba98fdf38117c2d9e829534ea8d9,CVE-2017-7494
484265150,Threekiii/Awesome-Exploit,Samba/CVE-2017-7494/src/source4/libcli/raw/rawtrans.c,5fa962803b785fec600f6d6e4cd6c1a34898c043,CVE-2017-7494
484265150,Threekiii/Awesome-Exploit,Samba/CVE-2017-7494/src/third_party/zlib/projects/visualc6/zlib.dsp,5fb709a47b468ec52b59731c501de2a7719f27e4,CVE-2017-7494
484265150,Threekiii/Awesome-Exploit,Samba/CVE-2017-7494/src/source3/rpc_client/rpc_transport.h,5fb76aa876b6bf3f2ccca9a76051a59c0a935d9f,CVE-2017-7494
484265150,Threekiii/Awesome-Exploit,Samba/CVE-2017-7494/src/testsuite/nsswitch/groupmem_dom.exp,5fc0a840b7beb51fd4fd819b88546f8d3ed06f67,CVE-2017-7494
484265150,Threekiii/Awesome-Exploit,Samba/CVE-2017-7494/src/source3/utils/regedit_dialog.h,5ffa8831b8f76fa2edea1572a028fc197e827ab7,CVE-2017-7494
484265150,Threekiii/Awesome-Exploit,Samba/CVE-2017-7494/src/docs-xml/smbdotconf/misc/dfreecommand.xml,6017902ca979795eaf64bb55af069b63e588598b,CVE-2017-7494
484265150,Threekiii/Awesome-Exploit,Samba/CVE-2017-7494/src/script/ctdb-import.msg-filter.sh,601ab378976ca34f3b408394775d0521ec65e494,CVE-2017-7494
484265150,Threekiii/Awesome-Exploit,Samba/CVE-2017-7494/src/source3/smbd/smbXsrv_session.c,60419230fbd9b0f5867ac4c02f3a23d1e6d8b769,CVE-2017-7494
484265150,Threekiii/Awesome-Exploit,Samba/CVE-2017-7494/src/source3/torture/test_messaging_read.c,604ac518a0b25a98ba3875b2d2db3a909336e2da,CVE-2017-7494
484265150,Threekiii/Awesome-Exploit,Samba/CVE-2017-7494/src/docs-xml/registry/Win-NT-DeleteRoamingProfile.reg,6064bf6ec7dbf17bcc8fa2f80d077f6f148fa452,CVE-2017-7494
484265150,Threekiii/Awesome-Exploit,Samba/CVE-2017-7494/src/source3/smbd/mangle_hash2.c,606a47fd6c4a2ec46fb4fad4ff5822fa4b5774a5,CVE-2017-7494
484265150,Threekiii/Awesome-Exploit,Samba/CVE-2017-7494/src/source3/utils/net_registry_util.h,606caa8439674a6224079a10853a87a6573bebc2,CVE-2017-7494
484265150,Threekiii/Awesome-Exploit,Samba/CVE-2017-7494/src/source3/modules/vfs_time_audit.c,6076fd4bc460fba00b02e9150b4f0b1b8ac0c8ea,CVE-2017-7494
484265150,Threekiii/Awesome-Exploit,Neo4j/CVE-2021-34371/rhino_gadget/src/main/java/Utils/Reflections.java,607888ec4ffd91e0a92244cff45439b8e3aa3ee5,CVE-2021-34371
484265150,Threekiii/Awesome-Exploit,Samba/CVE-2017-7494/src/source3/libsmb/libsmb_printjob.c,607e3da0a716728fb74f89de936614f07cd11307,CVE-2017-7494
484265150,Threekiii/Awesome-Exploit,Samba/CVE-2017-7494/src/source3/libsmb/clierror.c,6084a312ef1146ca7a65aeee44d5588320116482,CVE-2017-7494
484265150,Threekiii/Awesome-Exploit,Samba/CVE-2017-7494/src/docs-xml/smbdotconf/security/oldpasswordallowedperiod.xml,608961ea1f0538a7edd7260fc8a5e416eaa7290f,CVE-2017-7494
484265150,Threekiii/Awesome-Exploit,Samba/CVE-2017-7494/src/ctdb/utils/pmda/root,609619401fd5ba0bd387e538344e6224e49602d0,CVE-2017-7494
484265150,Threekiii/Awesome-Exploit,Samba/CVE-2017-7494/src/ctdb/tests/eventscripts/11.natgw.041.sh,6098150ad85c777cbe1eed81b17a9e754de00819,CVE-2017-7494
484265150,Threekiii/Awesome-Exploit,Samba/CVE-2017-7494/src/ctdb/ib/ibw_ctdb.h,60a1b0132800a7fa8a18373f4b03d98111061c35,CVE-2017-7494
484265150,Threekiii/Awesome-Exploit,Samba/CVE-2017-7494/src/source4/setup/provision_init.ldif,60b46a44ecdd89b5008c8022d783fc003a35ec41,CVE-2017-7494
484265150,Threekiii/Awesome-Exploit,Samba/CVE-2017-7494/src/ctdb/tests/eventscripts/50.samba.monitor.104.sh,60b5b7d7916c87361191084718d11bbb80785535,CVE-2017-7494
484265150,Threekiii/Awesome-Exploit,Samba/CVE-2017-7494/src/docs-xml/smbdotconf/tuning/usesendfile.xml,60e7056ec63dfcaa9e7b0aaca8d8c92d4bb06758,CVE-2017-7494
484265150,Threekiii/Awesome-Exploit,Samba/CVE-2017-7494/src/testprogs/win32/midltests/midltests_c_m.c,60f6f38d720e0de8f1812e403a5d04c2e5fc203e,CVE-2017-7494
484265150,Threekiii/Awesome-Exploit,Samba/CVE-2017-7494/src/source4/torture/drs/wscript_build,61028a9f725bdaf33fba1add610c19c4d4cf2cee,CVE-2017-7494
484265150,Threekiii/Awesome-Exploit,Samba/CVE-2017-7494/src/source4/torture/smb2/durable_open.c,6105021ad3d6eabb1b4ea828fe375bbf0fccf270,CVE-2017-7494
484265150,Threekiii/Awesome-Exploit,Samba/CVE-2017-7494/src/source4/selftest/win/VMHost.pm,610a47974f31dce484252850e285b4b06a798f35,CVE-2017-7494
484265150,Threekiii/Awesome-Exploit,Samba/CVE-2017-7494/src/docs/manpages/samba-tool.8,610a5c06fbb76fc2a2f70899a3a5a36d6f6a2a70,CVE-2017-7494
484265150,Threekiii/Awesome-Exploit,Samba/CVE-2017-7494/src/ctdb/tests/eventscripts/10.interface.monitor.012.sh,6111b3b04a44cdd2d09ab62f81a9e3e389c1094d,CVE-2017-7494
484265150,Threekiii/Awesome-Exploit,Samba/CVE-2017-7494/src/source3/rpcclient/cmd_ntsvcs.c,611326515acfe1962b122c5bc347eaed3ffbcd04,CVE-2017-7494
484265150,Threekiii/Awesome-Exploit,Samba/CVE-2017-7494/src/source3/libsmb/clidgram.h,61175a4ddc9242ab8cb5a5212ebc1d97659c40b5,CVE-2017-7494
484265150,Threekiii/Awesome-Exploit,Samba/CVE-2017-7494/src/nsswitch/libwbclient/wbc_err_internal.h,611cbe08ab58ca1474b3e9e84af4ad6987ce4179,CVE-2017-7494
484265150,Threekiii/Awesome-Exploit,Samba/CVE-2017-7494/src/source3/script/tests/test_net_rpc_join.sh,61200ef0efc75e98ebcd95afb62bef4b0e7ba1b5,CVE-2017-7494
484265150,Threekiii/Awesome-Exploit,Samba/CVE-2017-7494/src/source3/client/client_proto.h,612e7dc1a602657f16034707c5bf88d1d2c5d925,CVE-2017-7494
484265150,Threekiii/Awesome-Exploit,Samba/CVE-2017-7494/src/selftest/manage-ca/CA-samba.example.com/Users/pkinit@samba.example.com/USER-pkinit@samba.example.com-S04-private.p12,6135c346719eab00aefcbff002fdee0c412876eb,CVE-2017-7494
484265150,Threekiii/Awesome-Exploit,Samba/CVE-2017-7494/src/source3/winbindd/nss_info_template.c,61364d8e5a0f54ef627bcc462421ce4e60876b95,CVE-2017-7494
484265150,Threekiii/Awesome-Exploit,Samba/CVE-2017-7494/src/ctdb/tests/takeover/lcp2.013.sh,613a5c0843bcee5672698b6200f16db07bd0d2e6,CVE-2017-7494
484265150,Threekiii/Awesome-Exploit,Samba/CVE-2017-7494/src/ctdb/common/pidfile.c,613ad215a4a9a086f28e6d64b82ba56445d8b56f,CVE-2017-7494
484265150,Threekiii/Awesome-Exploit,Samba/CVE-2017-7494/src/libcli/nbt/nbtname.c,6146cdca4a803ddbf478905172905dc20500d277,CVE-2017-7494
484265150,Threekiii/Awesome-Exploit,Samba/CVE-2017-7494/src/third_party/zlib/contrib/dotzlib/DotZLib/GZipStream.cs,614c12461d4b358220d3befd52bbd8565f1315dc,CVE-2017-7494
484265150,Threekiii/Awesome-Exploit,Samba/CVE-2017-7494/src/source3/libsmb/samlogon_cache.c,615db0f2b01a4a34bd194d283cdc29294e358113,CVE-2017-7494
484265150,Threekiii/Awesome-Exploit,Samba/CVE-2017-7494/src/source4/setup/provision_well_known_sec_princ.ldif,61628fc0b1d508bb282af852fd1c0eb6eab0913b,CVE-2017-7494
484265150,Threekiii/Awesome-Exploit,Samba/CVE-2017-7494/src/docs-xml/smbdotconf/filename/defaultcase.xml,617354d33427db3868563a62593e96fa9e80a3b8,CVE-2017-7494
484265150,Threekiii/Awesome-Exploit,Samba/CVE-2017-7494/src/WHATSNEW.txt,617b902567e2bf97e82d0e98347347f905d8270c,ZDI-CAN-3995
484265150,Threekiii/Awesome-Exploit,Samba/CVE-2017-7494/src/WHATSNEW.txt,617b902567e2bf97e82d0e98347347f905d8270c,CVE-2017-7494
484265150,Threekiii/Awesome-Exploit,Samba/CVE-2017-7494/src/WHATSNEW.txt,617b902567e2bf97e82d0e98347347f905d8270c,CVE-2016-2126
484265150,Threekiii/Awesome-Exploit,Samba/CVE-2017-7494/src/WHATSNEW.txt,617b902567e2bf97e82d0e98347347f905d8270c,CVE-2016-2125
484265150,Threekiii/Awesome-Exploit,Samba/CVE-2017-7494/src/WHATSNEW.txt,617b902567e2bf97e82d0e98347347f905d8270c,CVE-2017-2619
484265150,Threekiii/Awesome-Exploit,Samba/CVE-2017-7494/src/WHATSNEW.txt,617b902567e2bf97e82d0e98347347f905d8270c,CVE-2016-2123
484265150,Threekiii/Awesome-Exploit,Samba/CVE-2017-7494/src/source3/winbindd/idmap_passdb.c,61a56b23a639267d4dac611e21156ade3ef260eb,CVE-2017-7494
484265150,Threekiii/Awesome-Exploit,Samba/CVE-2017-7494/src/packaging/Example/Packaging-instructions,61a9bc93190c4bbc1a85607dda8e14276d0bfe09,CVE-2017-7494
484265150,Threekiii/Awesome-Exploit,Samba/CVE-2017-7494/src/docs-xml/smbdotconf/security/usernamemapscript.xml,61ac1194c35c2316b601ea970f5569cf85ee0c25,CVE-2017-7494
484265150,Threekiii/Awesome-Exploit,Samba/CVE-2017-7494/src/source3/modules/vfs_hpuxacl.h,61ae170e41bd14c8301f2960db43d6117a3626b9,CVE-2017-7494
484265150,Threekiii/Awesome-Exploit,Samba/CVE-2017-7494/src/third_party/popt/COPYING,61bb7a8ea669080cfc9e7dbf37079eae70b535fb,CVE-2017-7494
484265150,Threekiii/Awesome-Exploit,Samba/CVE-2017-7494/src/libcli/security/secdesc.c,61bda6cc5ce86bb9a19c4faa9053084f2dac4104,CVE-2017-7494
484265150,Threekiii/Awesome-Exploit,Samba/CVE-2017-7494/src/source4/kdc/wdc-samba4.c,61c1bff702d7252cf7ef8080d3c992c15950d5ca,CVE-2017-7494
484265150,Threekiii/Awesome-Exploit,Samba/CVE-2017-7494/src/source4/ldap_server/devdocs/rfc4513.txt,61c5df8ec549e274796cf6fb9eea301396f2d21e,CVE-2017-7494
484265150,Threekiii/Awesome-Exploit,Samba/CVE-2017-7494/src/source4/torture/basic/secleak.c,61cd099c658fc5892c03e32c15a212a07c0fff19,CVE-2017-7494
484265150,Threekiii/Awesome-Exploit,Samba/CVE-2017-7494/src/docs-xml/smbdotconf/logging/debughirestimestamp.xml,61d3e22be8df4baa985890a436d972e392235e14,CVE-2017-7494
484265150,Threekiii/Awesome-Exploit,Samba/CVE-2017-7494/src/source3/rpc_server/rpc_ep_register.h,61dc5dbbc899e2d99b225e6a578a2be70da08a18,CVE-2017-7494
484265150,Threekiii/Awesome-Exploit,Samba/CVE-2017-7494/src/librpc/ndr/ndr_table.c,61e10c22568afdeca9b73f41b9c2fa4015839384,CVE-2017-7494
484265150,Threekiii/Awesome-Exploit,Samba/CVE-2017-7494/src/testsuite/nsswitch/getpwnam.c,61e763a42daeb91be9a5c45fa4d1521ed30d1b49,CVE-2017-7494
484265150,Threekiii/Awesome-Exploit,Samba/CVE-2017-7494/src/third_party/dnspython/examples/ddns.py,61f1ef9ad1686f3d379ec17aa3270f5879bc4334,CVE-2017-7494
484265150,Threekiii/Awesome-Exploit,Samba/CVE-2017-7494/src/selftest/selftest.pl,61f3a2d375876d3b4b5c78be841e77a0ac1158f5,CVE-2017-7494
484265150,Threekiii/Awesome-Exploit,Samba/CVE-2017-7494/src/libcli/auth/pam_errors.h,61f3e74a1ef846628b5e1b3e1d8d283f11dc679b,CVE-2017-7494
484265150,Threekiii/Awesome-Exploit,Samba/CVE-2017-7494/Dockerfile,62016a5748c6213f65c94544445d7533e5aa264c,CVE-2017-7494
484265150,Threekiii/Awesome-Exploit,Samba/CVE-2017-7494/src/source4/kdc/mit-kdb/wscript_build,62025ffe9697007b99110d9ba00a4e8852c87e8b,CVE-2017-7494
484265150,Threekiii/Awesome-Exploit,Samba/CVE-2017-7494/src/source4/rpc_server/dcerpc_server.h,62065fe16b4223196ece1434c433963c285847d1,CVE-2017-7494
484265150,Threekiii/Awesome-Exploit,Samba/CVE-2017-7494/src/third_party/zlib/FAQ,6211ec1222de5270463048edae2a1b0839660f01,CVE-2017-7494
484265150,Threekiii/Awesome-Exploit,Samba/CVE-2017-7494/src/source4/librpc/rpc/dcerpc_smb.c,62211afdb30b83b86bb74f67a732130b714b11cb,CVE-2017-7494
484265150,Threekiii/Awesome-Exploit,Samba/CVE-2017-7494/src/selftest/manage-ca/CA-samba.example.com/Users/pkinit@samba.example.com/USER-pkinit@samba.example.com-S04-key.pem,6221aecb0f7012c30d316ac989966e43a17b5684,CVE-2017-7494
484265150,Threekiii/Awesome-Exploit,Samba/CVE-2017-7494/src/source4/setup/cn=samba.ldif,6228e142911fb2d89bd7bc0ad2276db98d021e94,CVE-2017-7494
484265150,Threekiii/Awesome-Exploit,Samba/CVE-2017-7494/src/source4/torture/rpc/async_bind.c,622d36b3a6f29204956131def1c206f0314c5f0c,CVE-2017-7494
484265150,Threekiii/Awesome-Exploit,Samba/CVE-2017-7494/src/buildtools/wafsamba/samba_abi.py,62497b853800a21d9ffee84c2935771fc1099b8c,CVE-2017-7494
484265150,Threekiii/Awesome-Exploit,Samba/CVE-2017-7494/src/docs-xml/smbdotconf/misc/preexecclose.xml,624bf0d0897a4cf40844653fd20d6f8dc95047bf,CVE-2017-7494
484265150,Threekiii/Awesome-Exploit,Samba/CVE-2017-7494/src/librpc/rpc/dcerpc_error.c,6272627883a0a11403255b19e8f981c4081e8d5c,CVE-2017-7494
484265150,Threekiii/Awesome-Exploit,Samba/CVE-2017-7494/src/simple-dc-steps.sh,628cc085e2caae9c49d9c80eccc1f2dee4ed4a67,CVE-2017-7494
484265150,Threekiii/Awesome-Exploit,Samba/CVE-2017-7494/src/source3/utils/net_rpc_shell.c,62951e957ebf389cc2acd5263edd9e15c8e529ea,CVE-2017-7494
484265150,Threekiii/Awesome-Exploit,Samba/CVE-2017-7494/src/ctdb/tests/simple/35_ctdb_getreclock.sh,62aa4b963357614a8a1c0aa0b01059e480439295,CVE-2017-7494
484265150,Threekiii/Awesome-Exploit,Samba/CVE-2017-7494/src/ctdb/tests/simple/25_dumpmemory.sh,62aa6a6de5c24e88d397eca82a82c71c570bc5b4,CVE-2017-7494
484265150,Threekiii/Awesome-Exploit,Samba/CVE-2017-7494/src/testsuite/build_farm/basicsmb-usersec.test,62b7348815391956cd252607098f55eac593af17,CVE-2017-7494
484265150,Threekiii/Awesome-Exploit,Samba/CVE-2017-7494/src/ctdb/tests/eventscripts/statd-callout.004.sh,62c377c25caf30819b3b18cecec12036bf373658,CVE-2017-7494
484265150,Threekiii/Awesome-Exploit,Samba/CVE-2017-7494/src/libcli/auth/wscript_build,62cbed770597903026e09dbe5de059a6b1026467,CVE-2017-7494
484265150,Threekiii/Awesome-Exploit,Samba/CVE-2017-7494/src/source4/smb_server/smb/sesssetup.c,62cc300346c6c14f6072778734f6a40d31803bfb,CVE-2017-7494
484265150,Threekiii/Awesome-Exploit,Samba/CVE-2017-7494/src/docs-xml/using_samba/ch09.xml,62ccb3078c26a11e7b3d74b8f2378aa29314c0e0,CVE-2017-7494
484265150,Threekiii/Awesome-Exploit,Samba/CVE-2017-7494/src/source4/dns_server/dnsserver_common.c,62d88cad02f252a06b2df75d5b5ccd6b9958549a,CVE-2017-7494
484265150,Threekiii/Awesome-Exploit,Samba/CVE-2017-7494/src/source4/librpc/rpc/dcerpc_roh_channel_in.c,62eb01b5e7bc8eedd31ff54167a3cdc2554a5635,CVE-2017-7494
484265150,Threekiii/Awesome-Exploit,Samba/CVE-2017-7494/src/selftest/testlist.py,62f3300fddc150f57c5c7f4d45f5bed207be4d0a,CVE-2017-7494
484265150,Threekiii/Awesome-Exploit,Samba/CVE-2017-7494/src/third_party/waf/wafadmin/Constants.py,632045e20dfa8f26eb9c22d579e58d195067bfc0,CVE-2017-7494
484265150,Threekiii/Awesome-Exploit,Samba/CVE-2017-7494/src/ctdb/tcp/ctdb_tcp.h,63302f69b726d78291457dbddc043734c29c66f8,CVE-2017-7494
484265150,Threekiii/Awesome-Exploit,Samba/CVE-2017-7494/src/source3/param/loadparm.c,6336333df8ee32aa63d6f1f86bce5fcdb173ded2,CVE-2017-7494
484265150,Threekiii/Awesome-Exploit,Samba/CVE-2017-7494/src/source3/modules/vfs_acl_tdb.c,634811824227e0838b5e2ef1b42bc6f392f55c53,CVE-2017-7494
484265150,Threekiii/Awesome-Exploit,Samba/CVE-2017-7494/src/source4/heimdal/kdc/headers.h,63492af31095512c898421c6ab9e3fe8f1b8473a,CVE-2017-7494
484265150,Threekiii/Awesome-Exploit,Samba/CVE-2017-7494/src/source3/winbindd/winbindd_wins_byname.c,6376ffbded488270f44c71ca2a7e758dfe49e6ec,CVE-2017-7494
484265150,Threekiii/Awesome-Exploit,Samba/CVE-2017-7494/src/librpc/ndr/ndr_sec_helper.c,63770c0e6023f1fb6c282d4bc3d5e576c1115826,CVE-2017-7494
484265150,Threekiii/Awesome-Exploit,Samba/CVE-2017-7494/src/source3/rpc_server/mdssvc/sparql_lexer.l,6379f42355dbe2f14e874adba0eaae274197803b,CVE-2017-7494
484265150,Threekiii/Awesome-Exploit,Samba/CVE-2017-7494/src/docs-xml/Samba3-ByExample/SBE-UpgradingSamba.xml,637e2812a560637c36a41e6677fbf8a4d7d87395,CVE-2017-7494
484265150,Threekiii/Awesome-Exploit,Samba/CVE-2017-7494/src/source4/rpc_server/common/forward.c,638102c92f76a7b5a6a5eb52b3cea996dfce1bb5,CVE-2017-7494
484265150,Threekiii/Awesome-Exploit,Samba/CVE-2017-7494/src/source4/rpc_server/dcesrv_mgmt.c,6382252bdfcdad6385166c626999c901950580fa,CVE-2017-7494
484265150,Threekiii/Awesome-Exploit,Samba/CVE-2017-7494/src/packaging/LSB/README,638baf5bcdbbfdd58e2fb575b0f1270439b888d8,CVE-2017-7494
484265150,Threekiii/Awesome-Exploit,Samba/CVE-2017-7494/src/docs-xml/Samba3-ByExample/SBE-foreword.xml,639ae84eb8db89b764bdc69d0e77afafeaa60c89,CVE-2017-7494
484265150,Threekiii/Awesome-Exploit,Samba/CVE-2017-7494/src/source4/libcli/smb_composite/sesssetup.c,639ca1199b572f40df53575b9e40191517fdfcd8,CVE-2017-7494
484265150,Threekiii/Awesome-Exploit,Samba/CVE-2017-7494/src/docs-xml/Samba3-HOWTO/index.xml,63a091bd3f67aa221ad01d4d8d18c58ccbc383ac,CVE-2017-7494
484265150,Threekiii/Awesome-Exploit,Samba/CVE-2017-7494/src/source4/torture/ndr/README,63a85c5a7a359386ea85990996e2311418538bba,CVE-2017-7494
484265150,Threekiii/Awesome-Exploit,Samba/CVE-2017-7494/src/source3/smbd/smb2_keepalive.c,63b7b6a7cbf4162f37f104bca86707fcbc65037e,CVE-2017-7494
484265150,Threekiii/Awesome-Exploit,Samba/CVE-2017-7494/src/docs-xml/Samba3-ByExample/SBE-TheSmallOffice.xml,63ba287edc899a64bd24a6169b37765de5b4087c,CVE-2017-7494
484265150,Threekiii/Awesome-Exploit,Samba/CVE-2017-7494/src/libgpo/gpo.h,63bb4dc74f2c9d899d888fb654e3fd2c2c61a9fb,CVE-2017-7494
484265150,Threekiii/Awesome-Exploit,Samba/CVE-2017-7494/src/docs-xml/Samba3-HOWTO/images/idmap-groups.svg,63c0125aec7eea7388f45ae51cef3de3d4ff2a99,CVE-2017-7494
484265150,Threekiii/Awesome-Exploit,Samba/CVE-2017-7494/src/docs/manpages/vfs_snapper.8,63c32636fcd63e5f8bfd2f49c13ad517a7c691bb,CVE-2017-7494
484265150,Threekiii/Awesome-Exploit,Samba/CVE-2017-7494/src/libcli/registry/wscript_build,63c55761a82debcf7c76bc0db60c147053452c1b,CVE-2017-7494
484265150,Threekiii/Awesome-Exploit,Samba/CVE-2017-7494/src/testsuite/build_farm/torture-ATTR.test,63d7b6ed41497b33087a454c06daf1f17bb70439,CVE-2017-7494
484265150,Threekiii/Awesome-Exploit,Samba/CVE-2017-7494/src/source4/dsdb/tests/python/sites.py,63e2828f060fa56bf92211112d377f5fd3b881c2,CVE-2017-7494
484265150,Threekiii/Awesome-Exploit,Samba/CVE-2017-7494/src/auth/ntlmssp/gensec_ntlmssp.c,63e914a306553f03cb28b976479cbb97e696c710,CVE-2017-7494
484265150,Threekiii/Awesome-Exploit,Samba/CVE-2017-7494/src/ctdb/tests/eventscripts/91.lvs.monitor.001.sh,63e9a394e37d6e01a7904f70e6942948b0e80fc8,CVE-2017-7494
484265150,Threekiii/Awesome-Exploit,Samba/CVE-2017-7494/src/source3/registry/reg_perfcount.c,63eb41f0b6c5cc06c6b206a2bd255ff44ba9de48,CVE-2017-7494
484265150,Threekiii/Awesome-Exploit,Samba/CVE-2017-7494/src/source4/torture/raw/open.c,63fab3d55470c0901e6b86a5ad8696acc6d6facd,CVE-2017-7494
484265150,Threekiii/Awesome-Exploit,Samba/CVE-2017-7494/src/docs-xml/Samba3-HOWTO/TOSHARG-AdvancedNetworkAdmin.xml,63fe3a5ad5cf7e97154506618a224702109317cf,CVE-2017-7494
484265150,Threekiii/Awesome-Exploit,Samba/CVE-2017-7494/src/source4/kdc/sdb_to_hdb.c,63fe5290e619ef9900ccb13264f18f7b6ddd4c0b,CVE-2017-7494
484265150,Threekiii/Awesome-Exploit,Samba/CVE-2017-7494/src/source3/smbd/smb2_tcon.c,6400575b68f035d2aba2f7b8381cc245bdf130e5,CVE-2017-7494
484265150,Threekiii/Awesome-Exploit,Samba/CVE-2017-7494/src/third_party/dnspython/dns/rdataset.py,641082ca966c247dacb13d28b1873cdc0f1889a2,CVE-2017-7494
484265150,Threekiii/Awesome-Exploit,Samba/CVE-2017-7494/src/source4/dns_server/wscript_build,641a3b47a5cfa85e2d6b0961c3ab63c318f37fa1,CVE-2017-7494
484265150,Threekiii/Awesome-Exploit,Samba/CVE-2017-7494/src/docs-xml/manpages/vfs_netatalk.8.xml,641ab2b2c78505037e36bb63974296ba5631962a,CVE-2017-7494
484265150,Threekiii/Awesome-Exploit,Samba/CVE-2017-7494/src/selftest/gnupg/secring.gpg,64540a22fb722e97bc9cf27e1d4655bdc43daccd,CVE-2017-7494
484265150,Threekiii/Awesome-Exploit,Samba/CVE-2017-7494/src/libcli/nbt/tools/nmblookup.c,6455d8dbee9f3f2f654e4cb77dce342e0a9323b9,CVE-2017-7494
484265150,Threekiii/Awesome-Exploit,Samba/CVE-2017-7494/src/source4/kdc/kdc-server.c,645cfa899011a7435beb41d65789636fc85c15e1,CVE-2017-7494
484265150,Threekiii/Awesome-Exploit,Samba/CVE-2017-7494/src/source4/smbd/process_single.c,645e2df108606c29ef8670249a72b0b413fd9dc6,CVE-2017-7494
484265150,Threekiii/Awesome-Exploit,Samba/CVE-2017-7494/src/source3/winbindd/idmap_hash/mapfile.c,648a8bc1490bfa7bca9045b0a6b25b223812424f,CVE-2017-7494
484265150,Threekiii/Awesome-Exploit,Samba/CVE-2017-7494/src/ctdb/tests/onnode/0001.sh,648e02e2b7dda344e80c08663277bf8d93a93c57,CVE-2017-7494
484265150,Threekiii/Awesome-Exploit,Samba/CVE-2017-7494/src/source3/rpc_client/cli_lsarpc.h,6493bf367f4a92d1babdb9a818e9ea5cc51050a3,CVE-2017-7494
484265150,Threekiii/Awesome-Exploit,Samba/CVE-2017-7494/src/source3/libnet/libnet_dssync_passdb.c,64a1fd23823cfccac8f1e57460842ccdcae45d34,CVE-2017-7494
484265150,Threekiii/Awesome-Exploit,Samba/CVE-2017-7494/src/source4/dsdb/common/util_groups.c,64a753ff9576f71d2d31f4ad67d7022889ff4e92,CVE-2017-7494
484265150,Threekiii/Awesome-Exploit,Samba/CVE-2017-7494/src/docs-xml/smbdotconf/winbind/winbindrequesttimeout.xml,64b2ec24d8bbdab46ba3488dd837e34df33e4a50,CVE-2017-7494
484265150,Threekiii/Awesome-Exploit,Samba/CVE-2017-7494/src/ctdb/tests/tool/ctdb.recmaster.002.sh,64bea84f9e814da1401cc2c4d7da47e91f8ca509,CVE-2017-7494
484265150,Threekiii/Awesome-Exploit,Weblogic/weblogicScanner/stars/_import.py,64c39f7f467178b12ba2086516d7d61323c64da5,CVE-2014-4210
484265150,Threekiii/Awesome-Exploit,Weblogic/weblogicScanner/stars/_import.py,64c39f7f467178b12ba2086516d7d61323c64da5,CVE-2017-10271
484265150,Threekiii/Awesome-Exploit,Weblogic/weblogicScanner/stars/_import.py,64c39f7f467178b12ba2086516d7d61323c64da5,CVE-2019-2888
484265150,Threekiii/Awesome-Exploit,Weblogic/weblogicScanner/stars/_import.py,64c39f7f467178b12ba2086516d7d61323c64da5,CVE-2016-0638
484265150,Threekiii/Awesome-Exploit,Weblogic/weblogicScanner/stars/_import.py,64c39f7f467178b12ba2086516d7d61323c64da5,CVE-2019-2890
484265150,Threekiii/Awesome-Exploit,Weblogic/weblogicScanner/stars/_import.py,64c39f7f467178b12ba2086516d7d61323c64da5,CVE-2019-2725
484265150,Threekiii/Awesome-Exploit,Weblogic/weblogicScanner/stars/_import.py,64c39f7f467178b12ba2086516d7d61323c64da5,CVE-2020-14883
484265150,Threekiii/Awesome-Exploit,Weblogic/weblogicScanner/stars/_import.py,64c39f7f467178b12ba2086516d7d61323c64da5,CVE-2017-3248
484265150,Threekiii/Awesome-Exploit,Weblogic/weblogicScanner/stars/_import.py,64c39f7f467178b12ba2086516d7d61323c64da5,CVE-2018-3191
484265150,Threekiii/Awesome-Exploit,Weblogic/weblogicScanner/stars/_import.py,64c39f7f467178b12ba2086516d7d61323c64da5,CVE-2017-3506
484265150,Threekiii/Awesome-Exploit,Weblogic/weblogicScanner/stars/_import.py,64c39f7f467178b12ba2086516d7d61323c64da5,CVE-2020-2883
484265150,Threekiii/Awesome-Exploit,Weblogic/weblogicScanner/stars/_import.py,64c39f7f467178b12ba2086516d7d61323c64da5,CVE-2018-2894
484265150,Threekiii/Awesome-Exploit,Weblogic/weblogicScanner/stars/_import.py,64c39f7f467178b12ba2086516d7d61323c64da5,CVE-2020-14882
484265150,Threekiii/Awesome-Exploit,Weblogic/weblogicScanner/stars/_import.py,64c39f7f467178b12ba2086516d7d61323c64da5,CVE-2016-3510
484265150,Threekiii/Awesome-Exploit,Weblogic/weblogicScanner/stars/_import.py,64c39f7f467178b12ba2086516d7d61323c64da5,CVE-2018-2628
484265150,Threekiii/Awesome-Exploit,Weblogic/weblogicScanner/stars/_import.py,64c39f7f467178b12ba2086516d7d61323c64da5,CVE-2019-2618
484265150,Threekiii/Awesome-Exploit,Weblogic/weblogicScanner/stars/_import.py,64c39f7f467178b12ba2086516d7d61323c64da5,CVE-2020-2555
484265150,Threekiii/Awesome-Exploit,Weblogic/weblogicScanner/stars/_import.py,64c39f7f467178b12ba2086516d7d61323c64da5,CVE-2018-2893
484265150,Threekiii/Awesome-Exploit,Weblogic/weblogicScanner/stars/_import.py,64c39f7f467178b12ba2086516d7d61323c64da5,CVE-2018-3245
484265150,Threekiii/Awesome-Exploit,Weblogic/weblogicScanner/stars/_import.py,64c39f7f467178b12ba2086516d7d61323c64da5,CVE-2019-2729
484265150,Threekiii/Awesome-Exploit,Weblogic/weblogicScanner/stars/_import.py,64c39f7f467178b12ba2086516d7d61323c64da5,CVE-2020-2551
484265150,Threekiii/Awesome-Exploit,Weblogic/weblogicScanner/stars/_import.py,64c39f7f467178b12ba2086516d7d61323c64da5,CVE-2018-3252
484265150,Threekiii/Awesome-Exploit,Samba/CVE-2017-7494/src/third_party/waf/wafadmin/Scripting.py,64c8439d3170ba0e132c4872a5a3fb6b1d59f816,CVE-2017-7494
484265150,Threekiii/Awesome-Exploit,Samba/CVE-2017-7494/src/docs/manpages/vfs_fileid.8,64c8599c4499d8521ee80af666d567c20ed838a4,CVE-2017-7494
484265150,Threekiii/Awesome-Exploit,Samba/CVE-2017-7494/src/source3/libsmb/reparse_symlink.c,64d3a2f864e02503b8c1b11249c07e28fb69faee,CVE-2017-7494
484265150,Threekiii/Awesome-Exploit,Samba/CVE-2017-7494/src/testprogs/win32/midltests/valid/midltests_union_align_06.idl,64d3fc5b5fb006703566726ac7a7aef902cb03d6,CVE-2017-7494
484265150,Threekiii/Awesome-Exploit,Samba/CVE-2017-7494/src/docs-xml/xslt/manpage-summary.xsl,64d4ab4b392bb1314e76d59f2e965cfd06373a6a,CVE-2017-7494
484265150,Threekiii/Awesome-Exploit,Samba/CVE-2017-7494/src/source4/rpc_server/winreg/rpc_winreg.c,64d7d3e417899260411c2221ad20f9abac3011cd,CVE-2017-7494
484265150,Threekiii/Awesome-Exploit,Samba/CVE-2017-7494/src/docs-xml/smbdotconf/ldap/ldapreplicationsleep.xml,64e725fe8b761a752d8e94d4941ad8cd65bd7196,CVE-2017-7494
484265150,Threekiii/Awesome-Exploit,Samba/CVE-2017-7494/src/source3/smbd/dir.c,64e891a0b34eca93e9a0fa2b7e72e311d4c3dc68,CVE-2017-7494
484265150,Threekiii/Awesome-Exploit,Samba/CVE-2017-7494/src/source4/client/tree.c,64e8c966f3128b437a5e0918e969f47add95ce9e,CVE-2017-7494
484265150,Threekiii/Awesome-Exploit,Samba/CVE-2017-7494/src/source3/libads/cldap.h,64ede2f4dc372822bbe1c3b2ec73fc37b52946e8,CVE-2017-7494
484265150,Threekiii/Awesome-Exploit,Samba/CVE-2017-7494/src/docs-xml/smbdotconf/misc/usersharepath.xml,650b65272fec8757500b0ec96efbfae9fb5031be,CVE-2017-7494
484265150,Threekiii/Awesome-Exploit,Samba/CVE-2017-7494/src/ctdb/server/ctdb_takeover.c,6521f1bdb785873a431869b2fac99fb313ec2727,CVE-2017-7494
484265150,Threekiii/Awesome-Exploit,Samba/CVE-2017-7494/src/ctdb/tests/tool/ctdb.getpid.001.sh,65375b1c871935e86c15c7c992bdda76b5021fec,CVE-2017-7494
484265150,Threekiii/Awesome-Exploit,Samba/CVE-2017-7494/src/ctdb/tests/tool/ctdb.listnodes.001.sh,653c2fdc2a80a355ec3f95fac1ce77f9d59584ca,CVE-2017-7494
484265150,Threekiii/Awesome-Exploit,Samba/CVE-2017-7494/src/source4/smbd/wscript_build,6549ded86f7cf1670e9084bc66d47c3fc910f87c,CVE-2017-7494
484265150,Threekiii/Awesome-Exploit,Samba/CVE-2017-7494/src/source4/setup/tests/blackbox_setpassword.sh,654ad44b369af81025bc870da88fae5ab263012e,CVE-2017-7494
484265150,Threekiii/Awesome-Exploit,Samba/CVE-2017-7494/src/source4/libcli/ldap/libcli_ldap.h,654fb84615c503ac7c7b96de0f7f8c3c57d75ab6,CVE-2017-7494
484265150,Threekiii/Awesome-Exploit,Samba/CVE-2017-7494/src/source3/include/idmap_autorid_tdb.h,65675187750797e8dcda156ca08976f23c71c00c,CVE-2017-7494
484265150,Threekiii/Awesome-Exploit,Samba/CVE-2017-7494/src/ctdb/tests/simple/26_ctdb_config_check_error_on_unreachable_ctdb.sh,6568581efa9829381300b9d14918971aed392cbf,CVE-2017-7494
484265150,Threekiii/Awesome-Exploit,Samba/CVE-2017-7494/src/source3/rpc_client/cli_winreg_int.h,65763505330111188090622c33f00db586da13e5,CVE-2017-7494
484265150,Threekiii/Awesome-Exploit,Samba/CVE-2017-7494/src/source4/dsdb/samdb/ldb_modules/samba3sid.c,658fa3adf86b75e87a4d18373317a3e0f1c91f95,CVE-2017-7494
484265150,Threekiii/Awesome-Exploit,Samba/CVE-2017-7494/src/ctdb/tests/eventscripts/stubs/netstat,65a53841159bf3d38453581a6bc5dd8df7d170b4,CVE-2017-7494
484265150,Threekiii/Awesome-Exploit,Samba/CVE-2017-7494/src/ctdb/tests/cunit/protocol_test_001.sh,65afa06f45fa5609f61a0025e60f81718c119c77,CVE-2017-7494
484265150,Threekiii/Awesome-Exploit,Samba/CVE-2017-7494/src/docs/manpages/nmbd.8,65b25d6f2e7ab630935479ab6c86fb0aacc42474,CVE-2017-7494
484265150,Threekiii/Awesome-Exploit,Samba/CVE-2017-7494/src/source4/libcli/smb2/connect.c,65baf1531e8b9b157f779737f982ed338284d345,CVE-2017-7494
484265150,Threekiii/Awesome-Exploit,Samba/CVE-2017-7494/src/source4/param/share.h,65bb3a8490a58a30090d106c5835a34c10d1fe1b,CVE-2017-7494
484265150,Threekiii/Awesome-Exploit,Samba/CVE-2017-7494/src/python/samba/tests/blackbox/samba_tool_drs.py,65c29092f958708a1e1299a18981fec2541a166e,CVE-2017-7494
484265150,Threekiii/Awesome-Exploit,Samba/CVE-2017-7494/src/ctdb/tests/tool/ctdb.setdbreadonly.002.sh,65c676324e9be8039d1574b832b3018c138ff0ef,CVE-2017-7494
484265150,Threekiii/Awesome-Exploit,Samba/CVE-2017-7494/src/testsuite/build_farm/torture-TRANS2.test,65d077970480b2672b300c46661ef71e7d38f31c,CVE-2017-7494
484265150,Threekiii/Awesome-Exploit,Samba/CVE-2017-7494/src/source4/torture/raw/setfileinfo.c,65d52e62320d61736ab675a80b22fdb50342a067,CVE-2017-7494
484265150,Threekiii/Awesome-Exploit,Samba/CVE-2017-7494/src/python/samba/tests/samba_tool/base.py,65e2d33d8922089a9d5cd7e4a1f99268d96dbd78,CVE-2017-7494
484265150,Threekiii/Awesome-Exploit,Samba/CVE-2017-7494/src/source3/libsmb/clirap.c,65e54927dcdbb09b53cb2d5357cf0535f53e81d2,CVE-2017-7494
484265150,Threekiii/Awesome-Exploit,Samba/CVE-2017-7494/src/selftest/manage-ca/CA-samba.example.com/Private/CA-samba.example.com-serial.txt.old,65e6e002a62d09701223d4f8be3c7a5d9081387b,CVE-2017-7494
484265150,Threekiii/Awesome-Exploit,Samba/CVE-2017-7494/src/source3/groupdb/mapping.h,65fa36728fa80ffb4c10a52470ccfbfdc17e0141,CVE-2017-7494
484265150,Threekiii/Awesome-Exploit,Samba/CVE-2017-7494/src/source4/libcli/security/tests/sddl.c,6605452264f9906b40e97febe2269a7fbda752da,CVE-2017-7494
484265150,Threekiii/Awesome-Exploit,Samba/CVE-2017-7494/src/source3/passdb/secrets.c,66084d521c182e6c1ff515ba59834d31335bc959,CVE-2017-7494
484265150,Threekiii/Awesome-Exploit,Samba/CVE-2017-7494/src/selftest/manage-ca/CA-samba.example.com/Public/CA-samba.example.com-crl.pem,660a0e27816eeabd20c3163d5b16556d2f256612,CVE-2017-7494
484265150,Threekiii/Awesome-Exploit,Samba/CVE-2017-7494/src/ctdb/tests/eventscripts/60.nfs.monitor.143.sh,661699fa93d8446e3afd5e3242bfaa92ca20f63f,CVE-2017-7494
484265150,Threekiii/Awesome-Exploit,Samba/CVE-2017-7494/src/source4/setup/provision_configuration_basedn.ldif,6621ada09fccc7bcf28c54c558d04d03339e02d7,CVE-2017-7494
484265150,Threekiii/Awesome-Exploit,Samba/CVE-2017-7494/src/source4/ntvfs/print/vfs_print.c,662c53897a00d5be8b60a892bb1633c2a87576d5,CVE-2017-7494
484265150,Threekiii/Awesome-Exploit,Samba/CVE-2017-7494/src/dfs_server/dfs_server_ad.h,6635bdbe74a12c2a744f011a2d1a6f5ced22b76d,CVE-2017-7494
484265150,Threekiii/Awesome-Exploit,Samba/CVE-2017-7494/src/ctdb/tests/tool/ctdb.continue.001.sh,663bbf93adb51bb783592cf5977a338b61bcea26,CVE-2017-7494
484265150,Threekiii/Awesome-Exploit,Samba/CVE-2017-7494/src/third_party/waf/wafadmin/py3kfixes.py,664ab1d95c3bb9346b168e7d87a380755893f40c,CVE-2017-7494
484265150,Threekiii/Awesome-Exploit,Samba/CVE-2017-7494/src/libcli/smb/smb2_create_ctx.h,664e4d8e0fc9f2b0aaf9137f4ef0f5d14e66efd0,CVE-2017-7494
484265150,Threekiii/Awesome-Exploit,Samba/CVE-2017-7494/src/source4/torture/rpc/torture_rpc.h,666b99f0bf0cebfbc104cdc112ffeacf9407687a,CVE-2017-7494
484265150,Threekiii/Awesome-Exploit,Samba/CVE-2017-7494/src/third_party/dnspython/dns/rdtypes/ANY/DNSKEY.py,6671fb3f5c5dc6c68d3168cd95031815cd464488,CVE-2017-7494
484265150,Threekiii/Awesome-Exploit,Samba/CVE-2017-7494/src/ctdb/tests/shellcheck/functions.sh,6674173c81cb0a4f8fc00c10155188460e54904b,CVE-2017-7494
484265150,Threekiii/Awesome-Exploit,Samba/CVE-2017-7494/src/source3/winbindd/wb_next_grent.c,66745d71c0392ef7034a604d317917b227088dcd,CVE-2017-7494
484265150,Threekiii/Awesome-Exploit,Samba/CVE-2017-7494/src/source4/heimdal/base/string.c,6680683d94b0dc998efd37e121b987a94ac36e43,CVE-2017-7494
484265150,Threekiii/Awesome-Exploit,Samba/CVE-2017-7494/src/ctdb/tests/tool/ctdb.recover.001.sh,668eec64a28ae8109f570de6b204031d26f41025,CVE-2017-7494
484265150,Threekiii/Awesome-Exploit,Samba/CVE-2017-7494/src/source4/dsdb/samdb/ldb_modules/rootdse.c,6693d577c42cbfc134e3ba802617df71cac8f0b9,CVE-2017-7494
484265150,Threekiii/Awesome-Exploit,Samba/CVE-2017-7494/src/source3/smbd/notifyd/notifyd.h,6697d763e8ea0c0864a1119bc4c798460e3fc06d,CVE-2017-7494
484265150,Threekiii/Awesome-Exploit,Samba/CVE-2017-7494/src/source3/utils/status_profile.h,66a4607a375983127532bdca621bd592e0212894,CVE-2017-7494
484265150,Threekiii/Awesome-Exploit,Samba/CVE-2017-7494/src/source3/include/nameserv.h,66b1d6102759ea4408cd16d9d7e7250dd39478ef,CVE-2017-7494
484265150,Threekiii/Awesome-Exploit,Samba/CVE-2017-7494/src/source3/winbindd/wb_group_members.c,66b574854debb2aa3f93c49ba5a19a1ecc9bbdce,CVE-2017-7494
484265150,Threekiii/Awesome-Exploit,Tomcat/CVE-2020-1938/shell.txt,66b810953cdff10953230a960bf4b56b1685bf53,CVE-2020-1938
484265150,Threekiii/Awesome-Exploit,Samba/CVE-2017-7494/src/third_party/pyiso8601/iso8601/test_iso8601.py,66c2d7b6e6090ee2ed89069c098a14cf12dd17a9,CVE-2017-7494
484265150,Threekiii/Awesome-Exploit,Samba/CVE-2017-7494/src/selftest/gdb_backtrace,66ce274cc0dc915a16e5617981d3447b761b00e9,CVE-2017-7494
484265150,Threekiii/Awesome-Exploit,Samba/CVE-2017-7494/src/source3/utils/regedit_samba3.c,66e93b3551de9c138ddca5ce8a0dd2fbd1025503,CVE-2017-7494
484265150,Threekiii/Awesome-Exploit,Samba/CVE-2017-7494/src/source3/utils/regedit_valuelist.c,66ec0254b5972fa3eda1ec8cef3b63294fb6cf41,CVE-2017-7494
484265150,Threekiii/Awesome-Exploit,Samba/CVE-2017-7494/src/testsuite/smbd/se_access_check_utils.h,66f3204082b9f9beecbeb51368ddc58537638f5c,CVE-2017-7494
484265150,Threekiii/Awesome-Exploit,Samba/CVE-2017-7494/src/source3/script/tests/stream-depot/run.sh,66fa29ebddbddbb5fb5c8442ac21c8721e57c79b,CVE-2017-7494
484265150,Threekiii/Awesome-Exploit,Samba/CVE-2017-7494/src/source4/setup/schema-map-fedora-ds-1.0,6705640789a413ba8e4a37faafde7460f53febd7,CVE-2017-7494
484265150,Threekiii/Awesome-Exploit,Samba/CVE-2017-7494/src/source4/libcli/smb_composite/smb_composite.h,6713b454abdd49e34c02d6f419055dc8317bd007,CVE-2017-7494
484265150,Threekiii/Awesome-Exploit,Samba/CVE-2017-7494/src/docs-xml/smbdotconf/browse/browselist.xml,6729617ff8fa4b6bb255f66516cb15876dcdf95a,CVE-2017-7494
484265150,Threekiii/Awesome-Exploit,Samba/CVE-2017-7494/src/testprogs/win32/npecho/npecho_client.c,672f22045da8f1ac356c57b0aa7a1ac8e85fe510,CVE-2017-7494
484265150,Threekiii/Awesome-Exploit,Samba/CVE-2017-7494/src/librpc/idl/netlogon.idl,674b8d389fce87add410bc04ffc282f7e5818feb,CVE-2017-7494
484265150,Threekiii/Awesome-Exploit,Samba/CVE-2017-7494/src/buildtools/README,674be320f2d5bd6878e2e78a389794734ecd497a,CVE-2017-7494
484265150,Threekiii/Awesome-Exploit,Samba/CVE-2017-7494/src/libcli/security/privileges_private.h,6757afa9264c395c405565f56f0172b0e24aeb60,CVE-2017-7494
484265150,Threekiii/Awesome-Exploit,Samba/CVE-2017-7494/src/ctdb/tests/tool/ctdb.status.002.sh,675c04eeb2640bf5cc6a52d9ea84c6891de6b622,CVE-2017-7494
484265150,Threekiii/Awesome-Exploit,Samba/CVE-2017-7494/src/source4/torture/drs/rpc/dssync.c,6764c098709fa8d66292ac33ab43dd8dbd4114ed,CVE-2017-7494
484265150,Threekiii/Awesome-Exploit,Samba/CVE-2017-7494/src/librpc/ndr/ndr_ntprinting.c,67663fdf5253b47694425d953743e41dac822677,CVE-2017-7494
484265150,Threekiii/Awesome-Exploit,Samba/CVE-2017-7494/src/source3/registry/reg_util_token.c,676c5f32f4a6db6afb1f38644ea270ee2a3ee9c9,CVE-2017-7494
484265150,Threekiii/Awesome-Exploit,Samba/CVE-2017-7494/src/testsuite/build_farm/template/basicsmb.smb.conf.invalidusers,6777ef462d7ad6418e48b30eb4dd3fa85663708e,CVE-2017-7494
484265150,Threekiii/Awesome-Exploit,Samba/CVE-2017-7494/src/source4/librpc/rpc/pyrpc_util.c,6797ab0e4b08228afa546ea308fc0c43e8e3524b,CVE-2017-7494
484265150,Threekiii/Awesome-Exploit,Samba/CVE-2017-7494/src/source4/smb_server/smb_server.h,67999d551d4c5b113c71f4026e5f2ac66c0f9751,CVE-2017-7494
484265150,Threekiii/Awesome-Exploit,Samba/CVE-2017-7494/src/python/samba/netcmd/common.py,67a40df0b1cfd8faaeee39dbed11dfa88bffdb43,CVE-2017-7494
484265150,Threekiii/Awesome-Exploit,Samba/CVE-2017-7494/src/ctdb/common/ctdb_util.c,67a86ac82d4c4d63f7fc25ddc3de0ea2ccc232bc,CVE-2017-7494
484265150,Threekiii/Awesome-Exploit,Samba/CVE-2017-7494/src/source3/winbindd/winbindd_lookupsids.c,67aa05f0037a0dbf0a803046ca20618109eab4a2,CVE-2017-7494
484265150,Threekiii/Awesome-Exploit,Samba/CVE-2017-7494/src/ctdb/.bzrignore,67b136554927526ef87f2e785f9d8fc71c72ef10,CVE-2017-7494
484265150,Threekiii/Awesome-Exploit,Samba/CVE-2017-7494/src/source4/torture/ndr/backupkey.c,67c9f1c7e4e4e94257ae6d067dfc83c94da19099,CVE-2017-7494
484265150,Threekiii/Awesome-Exploit,Samba/CVE-2017-7494/src/source3/nmbd/nmbd_become_lmb.c,67d19035abfbd0bd154962924be96ccaeb992ec3,CVE-2017-7494
484265150,Threekiii/Awesome-Exploit,Samba/CVE-2017-7494/src/examples/printer-accounting/acct-sum,67d1ac3a9571c5c9dd9f0cdca185441a6861bf5e,CVE-2017-7494
484265150,Threekiii/Awesome-Exploit,Samba/CVE-2017-7494/src/libcli/nbt/man/nmblookup4.1.xml,67dd245e15f60f46e76b9ec2dfd2d94e515b95e3,CVE-2017-7494
484265150,Threekiii/Awesome-Exploit,Samba/CVE-2017-7494/src/docs-xml/Samba3-HOWTO/hitlist-content,67eb331cc2eb5ded0cdf648fdc47869ce5d73c41,CVE-2017-7494
484265150,Threekiii/Awesome-Exploit,Samba/CVE-2017-7494/src/source4/torture/ldap/cldap.c,67f244024a07ba01a4d99fc705a94dce47af47fa,CVE-2017-7494
484265150,Threekiii/Awesome-Exploit,Samba/CVE-2017-7494/src/source3/librpc/idl/perfcount.idl,67fa69d1352b552ce0abe1874c2e85a0ce35652b,CVE-2017-7494
484265150,Threekiii/Awesome-Exploit,Samba/CVE-2017-7494/src/source4/torture/raw/lockbench.c,67fc2312a82077930603434a180ca1dbb1fc07a3,CVE-2017-7494
484265150,Threekiii/Awesome-Exploit,Samba/CVE-2017-7494/src/source4/librpc/rpc/dcerpc_schannel.c,68109164dc290a3bd8f0d3d7d6ea81df0085cb70,CVE-2017-7494
484265150,Threekiii/Awesome-Exploit,Samba/CVE-2017-7494/src/ctdb/tests/src/fetch_loop.c,682c0e224685a1ee116a2c76c5a36d90e20d8bbd,CVE-2017-7494
484265150,Threekiii/Awesome-Exploit,Samba/CVE-2017-7494/src/ctdb/doc/ctdb_diagnostics.1.xml,683a92d5568816a8fcd6f9c20f1e8c605b804f84,CVE-2017-7494
484265150,Threekiii/Awesome-Exploit,Samba/CVE-2017-7494/src/ctdb/tests/tool/ctdb.runstate.005.sh,684474adc04f313ba66fed42d086f6daf9d83bc4,CVE-2017-7494
484265150,Threekiii/Awesome-Exploit,Samba/CVE-2017-7494/src/docs-xml/manpages/lmhosts.5.xml,68501f4072948a8108c57ffa1fc0a5fe9b23422b,CVE-2017-7494
484265150,Threekiii/Awesome-Exploit,Samba/CVE-2017-7494/src/docs-xml/Samba3-ByExample/images/UNIX-Samba-and-LDAP.svg,68537dfbe744ef5b3d63dc0a8ee06924e15d47c7,CVE-2017-7494
484265150,Threekiii/Awesome-Exploit,Samba/CVE-2017-7494/src/librpc/ABI/ndr-0.0.8.sigs,6856f21bb9ad811f67a356aca842dd3d9d92a77e,CVE-2017-7494
484265150,Threekiii/Awesome-Exploit,Samba/CVE-2017-7494/src/docs-xml/Samba3-HOWTO/TOSHARG-PDC.xml,68703c6ac27388104c53d38e7143396c02e0eeb2,CVE-2017-7494
484265150,Threekiii/Awesome-Exploit,Samba/CVE-2017-7494/src/testdata/samba3/passdb.tdb,6878c2d74d918c31de1e956d41d52ce91e5c0c1e,CVE-2017-7494
484265150,Threekiii/Awesome-Exploit,Samba/CVE-2017-7494/src/source3/script/findsmb.in,6883dbf734fabe6fc5f100aa5f0fff55d117821e,CVE-2017-7494
484265150,Threekiii/Awesome-Exploit,Samba/CVE-2017-7494/src/third_party/dnspython/dns/rdtypes/IN/AAAA.py,689fd7b7eaf316daf206a01abbc1c46d3409f02c,CVE-2017-7494
484265150,Threekiii/Awesome-Exploit,Samba/CVE-2017-7494/src/source4/torture/rpc/echo.c,68a9898af088e4e9911c577730cf913f16769b35,CVE-2017-7494
484265150,Threekiii/Awesome-Exploit,Samba/CVE-2017-7494/src/source3/profile/profile_dummy.c,68b219ad275bfeb8977b4f1bbdf20fcf24c5576f,CVE-2017-7494
484265150,Threekiii/Awesome-Exploit,Samba/CVE-2017-7494/src/ctdb/common/system.h,68b506afe9df336142285a0f239dfba1ea870e36,CVE-2017-7494
484265150,Threekiii/Awesome-Exploit,Samba/CVE-2017-7494/src/pidl/tests/ndr_alloc.pl,68b9b296d1b76e722ef4ebce8972391db1c5863c,CVE-2017-7494
484265150,Threekiii/Awesome-Exploit,Samba/CVE-2017-7494/src/source3/rpcclient/cmd_srvsvc.c,68bbb6a85248b6897ac87af67e2a21032dfb8c20,CVE-2017-7494
484265150,Threekiii/Awesome-Exploit,Samba/CVE-2017-7494/src/docs-xml/smbdotconf/protocol/writeraw.xml,68bd69f139cf523d27d582b7aa5a94e33806c272,CVE-2017-7494
484265150,Threekiii/Awesome-Exploit,Samba/CVE-2017-7494/src/source4/kdc/mit-kdb/kdb_samba_pac.c,68e8b38702d4a05eb41f297c0665875c0444dc9c,CVE-2017-7494
484265150,Threekiii/Awesome-Exploit,Samba/CVE-2017-7494/src/ctdb/tests/takeover/lcp2.003.sh,68e9316f919333beb906ebe042462b8f0d82456d,CVE-2017-7494
484265150,Threekiii/Awesome-Exploit,Samba/CVE-2017-7494/src/source4/librpc/rpc/dcerpc_roh.h,68ee7a4eaee3c63cef60a38fdef30aea556b22e0,CVE-2017-7494
484265150,Threekiii/Awesome-Exploit,Weblogic/weblogicScanner/stars/__pycache__/cve_2016_3510.cpython-37.pyc,68ee7c4dbeec23999c0752aedddc486b50a433e9,CVE-2016-3510
484265150,Threekiii/Awesome-Exploit,Samba/CVE-2017-7494/src/testsuite/build_farm/template/basicsmb.smb.conf.validusers,69244dd30759f0631503c1cf5549f18a3a527f70,CVE-2017-7494
484265150,Threekiii/Awesome-Exploit,Samba/CVE-2017-7494/src/nsswitch/wb_reqtrans.h,6926a3908fabb327a47a35dffc409cfa97921804,CVE-2017-7494
484265150,Threekiii/Awesome-Exploit,Samba/CVE-2017-7494/src/source3/modules/lib_vxfs.c,692cb33a6106277e0c29930b1b6d5c1543ad2a44,CVE-2017-7494
484265150,Threekiii/Awesome-Exploit,Samba/CVE-2017-7494/src/selftest/manage-ca/CA-samba.example.com/DCs/addc.addom.samba.example.com/DC-addc.addom.samba.example.com-S02-key.pem,692e3a6ca41121ce3cac8f294f6fa39878ff484c,CVE-2017-7494
484265150,Threekiii/Awesome-Exploit,Samba/CVE-2017-7494/src/source4/torture/smb2/ioctl.c,694999c8c06afa09db9bd39c34380706df8fbe8b,CVE-2017-7494
484265150,Threekiii/Awesome-Exploit,Samba/CVE-2017-7494/src/third_party/zlib/old/README,6967642b887ba82a9041bddce73254c42000d4d9,CVE-2017-7494
484265150,Threekiii/Awesome-Exploit,Samba/CVE-2017-7494/src/source4/kdc/hdb-samba4.c,69791ad7a80213decf5ab61012879054f792088e,CVE-2017-7494
484265150,Threekiii/Awesome-Exploit,Samba/CVE-2017-7494/src/source3/modules/perfcount_test.c,69911be936e05ab8a2be5d6a0f6cc95cff73acac,CVE-2017-7494
484265150,Threekiii/Awesome-Exploit,Samba/CVE-2017-7494/src/ctdb/doc/examples/nfs-ganesha-callout,6991ae2332a4a861607952e960ab66dd9d8b3f8c,CVE-2017-7494
484265150,Threekiii/Awesome-Exploit,Samba/CVE-2017-7494/src/source4/dsdb/tests/python/sam.py,6997dc69427b256fe4eca02b17dac451aae845f7,CVE-2017-7494
484265150,Threekiii/Awesome-Exploit,Samba/CVE-2017-7494/src/docs-xml/smbdotconf/domain/spnupdatecommand.xml,699f83200918791571df866b249fc8636b85c87b,CVE-2017-7494
484265150,Threekiii/Awesome-Exploit,Samba/CVE-2017-7494/src/third_party/zlib/contrib/blast/README,69a33e70f88cc1f3520e2154ed38d3f690ee26e5,CVE-2017-7494
484265150,Threekiii/Awesome-Exploit,Samba/CVE-2017-7494/src/source3/passdb/ABI/pdb-0.sigs,69ace3cfc70a8767e4c94c949b1201bc5a3fa9a0,CVE-2017-7494
484265150,Threekiii/Awesome-Exploit,Samba/CVE-2017-7494/src/python/samba/tests/registry.py,69b068be739481c337be308ec0d7f8e26568cfc9,CVE-2017-7494
484265150,Threekiii/Awesome-Exploit,Samba/CVE-2017-7494/src/source3/rpc_server/initshutdown/srv_initshutdown_nt.c,69c09ae5b4e01f025e85a6038498f5d7ab09114e,CVE-2017-7494
484265150,Threekiii/Awesome-Exploit,Samba/CVE-2017-7494/src/python/samba/tests/dcerpc/__init__.py,69d3388819b92aa6e263ce61b4e6cd18d73b343e,CVE-2017-7494
484265150,Threekiii/Awesome-Exploit,Samba/CVE-2017-7494/src/source3/include/fake_file.h,69e47844c29616dc99b459deba0d8716157d3d8f,CVE-2017-7494
484265150,Threekiii/Awesome-Exploit,Samba/CVE-2017-7494/src/source3/rpc_client/init_lsa.c,69f0d99f4d36d9123cffffb085ee00db39ab2824,CVE-2017-7494
484265150,Threekiii/Awesome-Exploit,Samba/CVE-2017-7494/src/python/samba/netcmd/main.py,69f4f07c05c5a3b5d74cd4854c218e98febdce9f,CVE-2017-7494
484265150,Threekiii/Awesome-Exploit,Samba/CVE-2017-7494/src/docs-xml/smbdotconf/logon/deleteuserfromgroupscript.xml,69f598769e1b23e9ac62fc1a816cb9fb8fab2968,CVE-2017-7494
484265150,Threekiii/Awesome-Exploit,Samba/CVE-2017-7494/src/buildtools/wafsamba/tru64cc.py,6a0057542d48ab63f0157d3119f2d481b6208eda,CVE-2017-7494
484265150,Threekiii/Awesome-Exploit,Samba/CVE-2017-7494/src/librpc/idl/witness.idl,6a129f81f131d923101cb3283b226951667fbd3a,CVE-2017-7494
484265150,Threekiii/Awesome-Exploit,Samba/CVE-2017-7494/src/ctdb/client/ctdb_client.c,6a1962e7dc07f13408c065c189fe15d4605b7090,CVE-2017-7494
484265150,Threekiii/Awesome-Exploit,Samba/CVE-2017-7494/src/testsuite/smbd/sec_ctx_flow.c,6a2cb89e6ac58ad19be83db24274d78844b914c0,CVE-2017-7494
484265150,Threekiii/Awesome-Exploit,Samba/CVE-2017-7494/src/source4/rpc_server/srvsvc/dcesrv_srvsvc.c,6a480c60650ef765ca8329dc16705cd460bbde7a,CVE-2017-7494
484265150,Threekiii/Awesome-Exploit,Samba/CVE-2017-7494/src/examples/scripts/shares/python/smbparm.py,6a4fb9dc8163ac218301ef33365bbc62bbfb793d,CVE-2017-7494
484265150,Threekiii/Awesome-Exploit,Samba/CVE-2017-7494/src/ctdb/tests/eventscripts/stubs/pkill,6a5525c94b9784f915045548e608f46042623ce0,CVE-2017-7494
484265150,Threekiii/Awesome-Exploit,Samba/CVE-2017-7494/src/librpc/rpc/binding_handle.c,6a66557768d5f5aa9507d434969c63263e55c513,CVE-2017-7494
484265150,Threekiii/Awesome-Exploit,Samba/CVE-2017-7494/src/source3/torture/proto.h,6a776d77d1a99417aeb2bed796de28125a7af98c,CVE-2017-7494
484265150,Threekiii/Awesome-Exploit,Samba/CVE-2017-7494/src/source4/dns_server/dns_update.c,6a7c2bf83d3c10548c4f3fc78e0cc46b58b233b6,CVE-2017-7494
484265150,Threekiii/Awesome-Exploit,Samba/CVE-2017-7494/src/librpc/idl/dns.idl,6a8e6d70748fe9a128e83a43693f9857afb417d8,CVE-2017-7494
484265150,Threekiii/Awesome-Exploit,Samba/CVE-2017-7494/src/python/samba/provision/backend.py,6a920334614adb67db5c6bfc15f6944ac68c3d4e,CVE-2017-7494
484265150,Threekiii/Awesome-Exploit,Samba/CVE-2017-7494/src/source3/smbd/statvfs.c,6a958559ca7e184f6aa6bf7dceadd5f5ed68edbe,CVE-2017-7494
484265150,Threekiii/Awesome-Exploit,Samba/CVE-2017-7494/src/docs-xml/Samba3-HOWTO/TOSHARG-preface.xml,6aa0a649fd6f185ae992c280bd2c7dfb21cefc93,CVE-2017-7494
484265150,Threekiii/Awesome-Exploit,Samba/CVE-2017-7494/src/source3/rpc_server/rpc_sock_helper.c,6aa751d985346a764c849a18f20e76d2d2bed0ec,CVE-2017-7494
484265150,Threekiii/Awesome-Exploit,Samba/CVE-2017-7494/src/source3/modules/vfs_posixacl.c,6aa8b38cb5bc6dd2239c117aa8788b7a8063c40b,CVE-2017-7494
484265150,Threekiii/Awesome-Exploit,Samba/CVE-2017-7494/src/buildtools/examples/run_on_target.py,6aa92c05cb0c351a007b0af885895b0e3a646e82,CVE-2017-7494
484265150,Threekiii/Awesome-Exploit,Samba/CVE-2017-7494/src/source4/smb_server/management.c,6ab44b799c6b0dbd70c36cc687fb7c322f603f00,CVE-2017-7494
484265150,Threekiii/Awesome-Exploit,Samba/CVE-2017-7494/src/third_party/zlib/trees.h,6ab60a17f700321b61d81fa13d7499b84f1bdc32,CVE-2017-7494
484265150,Threekiii/Awesome-Exploit,Samba/CVE-2017-7494/src/third_party/zlib/contrib/masmx86/gvmat32.asm,6ac6e7ea81f1ef849bdf4162a84ed82561877983,CVE-2017-7494
484265150,Threekiii/Awesome-Exploit,Samba/CVE-2017-7494/src/docs-xml/smbdotconf/locking/strictlocking.xml,6ad50ba92fd342f81387dd3648facc17a103be6a,CVE-2017-7494
484265150,Threekiii/Awesome-Exploit,Samba/CVE-2017-7494/src/selftest/client.py,6ad9056ce55846b9f4967bd060ddab6ccaab3b9f,CVE-2017-7494
484265150,Threekiii/Awesome-Exploit,Samba/CVE-2017-7494/src/third_party/zlib/example.c,6ae0f223545c4de78bb1739fafcfcde11d39b74d,CVE-2017-7494
484265150,Threekiii/Awesome-Exploit,Samba/CVE-2017-7494/src/source4/setup/named.conf,6af6dbf19a2997168f94e20e09b63e51c586dfe5,CVE-2017-7494
484265150,Threekiii/Awesome-Exploit,Samba/CVE-2017-7494/src/source3/libads/ldap_utils.c,6af7a0ccea3bb69d73bd7a7a2fd746bb9d728c73,CVE-2017-7494
484265150,Threekiii/Awesome-Exploit,Samba/CVE-2017-7494/src/testprogs/win32/midltests/valid/midltests_union_align_15.idl,6afe3cbc1d213d9d8d50a9b810a70f9324e4c594,CVE-2017-7494
484265150,Threekiii/Awesome-Exploit,Samba/CVE-2017-7494/src/source4/rpc_server/remote/README,6b0a4cbb175f6805d868d86507010e0642f54835,CVE-2017-7494
484265150,Threekiii/Awesome-Exploit,Samba/CVE-2017-7494/src/source3/smbd/quotas.c,6b0fb6d94f091151f6b3141e75779f88b14a7982,CVE-2017-7494
484265150,Threekiii/Awesome-Exploit,Samba/CVE-2017-7494/src/source3/script/tests/timelimit.c,6b111121856e2e5f932e94e413923c2d302964d7,CVE-2017-7494
484265150,Threekiii/Awesome-Exploit,Samba/CVE-2017-7494/src/third_party/waf/wafadmin/Options.py,6b1f76abacaaf730cc937c32733f96e74d25f9ec,CVE-2017-7494
484265150,Threekiii/Awesome-Exploit,Samba/CVE-2017-7494/src/source3/smbd/seal.c,6b35cd74ecf4ae6d4412c18b5313eafd9ca63f12,CVE-2017-7494
484265150,Threekiii/Awesome-Exploit,Samba/CVE-2017-7494/src/libcli/nbt/libnbt.h,6b3ef41c5ba3c3ad88f28c44d5c301a17c5d46f2,CVE-2017-7494
484265150,Threekiii/Awesome-Exploit,Samba/CVE-2017-7494/src/third_party/zlib/examples/fitblk.c,6b517cdd350148688f1fd11488fb314bd5eec315,CVE-2017-7494
484265150,Threekiii/Awesome-Exploit,Samba/CVE-2017-7494/src/docs-xml/smbdotconf/security/tlsverifypeer.xml,6b5df1753cdb0a4b97741b35829d46b9e5deeb3f,CVE-2017-7494
484265150,Threekiii/Awesome-Exploit,Samba/CVE-2017-7494/src/docs/manpages/vfs_recycle.8,6b66e8e071748288a37b34fb5a1b4ecfeb2c5287,CVE-2017-7494
484265150,Threekiii/Awesome-Exploit,Samba/CVE-2017-7494/src/source4/dsdb/samdb/ldb_modules/local_password.c,6b68616438237e43913e3d9274170b6b0c49d767,CVE-2017-7494
484265150,Threekiii/Awesome-Exploit,Samba/CVE-2017-7494/src/source4/torture/smb2/oplock.c,6b6e2f8ba85eb7d8c919921cb625525f4eb43f1d,CVE-2017-7494
484265150,Threekiii/Awesome-Exploit,Weblogic/CVE-2020-14882/CVE-2020-14882.py,6b704b15d918cb247cfd7f54ef20b82f03b2be58,CVE-2020-14882
484265150,Threekiii/Awesome-Exploit,Samba/CVE-2017-7494/src/source4/kdc/kdc-proxy.h,6b7232fcbd050ee7bf1dfb355d67af66c8c2856b,CVE-2017-7494
484265150,Threekiii/Awesome-Exploit,Samba/CVE-2017-7494/src/source3/rpc_server/eventlog/srv_eventlog_reg.h,6b862fb8ab7dbb4954978e45b5ed23011a91cd3a,CVE-2017-7494
484265150,Threekiii/Awesome-Exploit,Samba/CVE-2017-7494/src/source4/setup/provision.zone,6b8c7f33c62f68fdd97b60138c70b7d725423350,CVE-2017-7494
484265150,Threekiii/Awesome-Exploit,Samba/CVE-2017-7494/src/ctdb/tests/takeover/simulation/README,6b96539c579fefec8a6e7168c30e8bf63956ce0e,CVE-2017-7494
484265150,Threekiii/Awesome-Exploit,Samba/CVE-2017-7494/src/source4/smb_server/smb/srvtime.c,6b9a32939a7dc8e5ec5e73ebad1d4926cdcea261,CVE-2017-7494
484265150,Threekiii/Awesome-Exploit,Samba/CVE-2017-7494/src/source4/libnet/libnet_join.h,6bccb433b9c4ed318215db9184b1a5dbe41489ce,CVE-2017-7494
484265150,Threekiii/Awesome-Exploit,Samba/CVE-2017-7494/src/docs-xml/smbdotconf/filename/mangleprefix.xml,6bcd6a6209ec64f56ba273a4eb5b9f78e934fd98,CVE-2017-7494
484265150,Threekiii/Awesome-Exploit,Samba/CVE-2017-7494/src/source4/libcli/raw/README,6bd128d1cb9bec9e64536e439af4d3bbed628ead,CVE-2017-7494
484265150,Threekiii/Awesome-Exploit,Samba/CVE-2017-7494/src/source4/torture/nbt/nbt.c,6bd4fcc27e814619f415ff061ac578afe09ab720,CVE-2017-7494
484265150,Threekiii/Awesome-Exploit,Samba/CVE-2017-7494/src/buildtools/wafsamba/nothreads.py,6bd615af2fe2e3c3e357984b3dec08cba72ace84,CVE-2017-7494
484265150,Threekiii/Awesome-Exploit,Samba/CVE-2017-7494/src/ctdb/tests/tool/scripts/local.sh,6be12d17064406a92d632c668a8f54374bf21f18,CVE-2017-7494
484265150,Threekiii/Awesome-Exploit,Samba/CVE-2017-7494/src/third_party/dnspython/dns/rdata.py,6be7d6b6ab4c586549b553e55ee3954284780347,CVE-2017-7494
484265150,Threekiii/Awesome-Exploit,Samba/CVE-2017-7494/src/selftest/selftest.py,6beb7324131bb7e20c38754e0ec0022134dc557c,CVE-2017-7494
484265150,Threekiii/Awesome-Exploit,Samba/CVE-2017-7494/src/docs-xml/smbdotconf/misc/asyncsmbechohandler.xml,6bff9422b24ef3ecadec7241b2ddfa36d1286b6e,CVE-2017-7494
484265150,Threekiii/Awesome-Exploit,Samba/CVE-2017-7494/src/ctdb/doc/ltdbtool.1.xml,6c1139baaae40a28f2bb01dcfcf92f9bb0347b54,CVE-2017-7494
484265150,Threekiii/Awesome-Exploit,Samba/CVE-2017-7494/src/ctdb/tests/eventscripts/60.nfs.monitor.132.sh,6c17c77e74dfe84e4c9f617763ffdccb958100fb,CVE-2017-7494
484265150,Threekiii/Awesome-Exploit,Samba/CVE-2017-7494/src/third_party/pyiso8601/docs/index.rst,6c1a6753c7b08dfb291730a45a86eec4a8fa77e2,CVE-2017-7494
484265150,Threekiii/Awesome-Exploit,Samba/CVE-2017-7494/src/source3/torture/torture.c,6c275692ecb57178f5c5f1b360ebc40ef3a660c8,CVE-2017-7494
484265150,Threekiii/Awesome-Exploit,Samba/CVE-2017-7494/src/source4/setup/olc_syncrepl.conf,6c28ba1b1aa4eb5a5527566a0893825e1e768ecf,CVE-2017-7494
484265150,Threekiii/Awesome-Exploit,Samba/CVE-2017-7494/src/ctdb/tests/eventscripts/13.per_ip_routing.021.sh,6c2e8c220cbdc9959cf7a640a6429ce7c11857d6,CVE-2017-7494
484265150,Threekiii/Awesome-Exploit,Samba/CVE-2017-7494/src/third_party/waf/wafadmin/Tools/unittestw.py,6c32f9776794ef2a85d7dab5ba19feeb904c8442,CVE-2017-7494
484265150,Threekiii/Awesome-Exploit,Samba/CVE-2017-7494/src/libcli/echo/libecho.h,6c3d0037d2023d9952b20579cade8a59c2ae6082,CVE-2017-7494
484265150,Threekiii/Awesome-Exploit,Samba/CVE-2017-7494/src/source3/rpc_server/mdssvc/marshalling.h,6c49ffce5e2c44ad2dc02f378baafa6ceeba7706,CVE-2017-7494
484265150,Threekiii/Awesome-Exploit,Samba/CVE-2017-7494/src/packaging/Example/Instructions,6c53a1bf7790d5b63d77f6377085b0b349a3f89c,CVE-2017-7494
484265150,Threekiii/Awesome-Exploit,Samba/CVE-2017-7494/src/docs-xml/Samba3-HOWTO/TOSHARG-Further-Resources.xml,6c6a469531f2ed08d49000c358d225fefc282a8a,CVE-2017-7494
484265150,Threekiii/Awesome-Exploit,Samba/CVE-2017-7494/src/third_party/zlib/adler32.c,6c846adf5592e207f9d622083d50047eabed11c4,CVE-2017-7494
484265150,Threekiii/Awesome-Exploit,Samba/CVE-2017-7494/src/source3/utils/net_time.c,6c84b1d9aa9c54cf2ff8bb63687fdef79af0a487,CVE-2017-7494
484265150,Threekiii/Awesome-Exploit,Samba/CVE-2017-7494/src/docs/manpages/idmap_rid.8,6c8e67831fad52ff6b9364d43070f65773856e84,CVE-2017-7494
484265150,Threekiii/Awesome-Exploit,Samba/CVE-2017-7494/src/libcli/nbt/nameregister.c,6c91473ade8a03d9ad3dd72f330c4165874549af,CVE-2017-7494
484265150,Threekiii/Awesome-Exploit,Samba/CVE-2017-7494/src/source3/nmbd/nmbd_winsproxy.c,6c93c3c9a0bf3d1aaea05e4e27c7c896a419c69f,CVE-2017-7494
484265150,Threekiii/Awesome-Exploit,Samba/CVE-2017-7494/src/docs-xml/manpages/vfs_streams_depot.8.xml,6c9f67ff2d40199a118c72a72a2506fb6dad32a5,CVE-2017-7494
484265150,Threekiii/Awesome-Exploit,Samba/CVE-2017-7494/src/source3/rpcclient/cmd_eventlog.c,6cbd35728522c436bcbc5bb199dd00f570843b84,CVE-2017-7494
484265150,Threekiii/Awesome-Exploit,Samba/CVE-2017-7494/src/ctdb/tests/tool/ctdb.reloadnodes.018.sh,6cc415ff395d24a3624d78ba0ceff760fda6f57d,CVE-2017-7494
484265150,Threekiii/Awesome-Exploit,Samba/CVE-2017-7494/src/source3/include/nss_info.h,6cda27cf2864a79f6bfc7f7408fe0daa5a61e1e8,CVE-2017-7494
484265150,Threekiii/Awesome-Exploit,Samba/CVE-2017-7494/src/third_party/zlib/zutil.h,6ce34791c4b426c4750fea85549290b85c5367d5,CVE-2017-7494
484265150,Threekiii/Awesome-Exploit,Samba/CVE-2017-7494/src/examples/perfcounter/Makefile,6cecc9b6b59278fc1987aac0ea3ef24ffcac4e6f,CVE-2017-7494
484265150,Threekiii/Awesome-Exploit,Samba/CVE-2017-7494/src/libcli/smb/smb2cli_query_directory.c,6cf89d4594f5ea85cbd0862e72a965001f5f669f,CVE-2017-7494
484265150,Threekiii/Awesome-Exploit,Samba/CVE-2017-7494/src/dynconfig/wscript,6d08aecfce9e05191643665dedea133e4dcbf573,CVE-2017-7494
484265150,Threekiii/Awesome-Exploit,Samba/CVE-2017-7494/src/source4/heimdal/base/baselocl.h,6d0c36e6a273dd11812cdc7adedb892a78928403,CVE-2017-7494
484265150,Threekiii/Awesome-Exploit,Samba/CVE-2017-7494/src/librpc/ndr/util.c,6d0daef043cb9c8422fb869f17572234d22f6e14,CVE-2017-7494
484265150,Threekiii/Awesome-Exploit,Samba/CVE-2017-7494/src/docs-xml/smbdotconf/protocol/aclmapfullcontrol.xml,6d1bd34874bba9f17aca3135b91e4a38688da1c4,CVE-2017-7494
484265150,Threekiii/Awesome-Exploit,Samba/CVE-2017-7494/src/source4/libnet/libnet_passwd.h,6d2353637c9c38012925e3cf19f00254348444ef,CVE-2017-7494
484265150,Threekiii/Awesome-Exploit,Samba/CVE-2017-7494/src/source3/smbd/smb2_ioctl_private.h,6d38470282e6e511d51239375a9b5dd0e650d78f,CVE-2017-7494
484265150,Threekiii/Awesome-Exploit,Samba/CVE-2017-7494/src/source3/include/smb_share_modes.h,6d3c6548189af039548b921759cecbe937a5801e,CVE-2017-7494
484265150,Threekiii/Awesome-Exploit,Tomcat/CVE-2020-1938/.CVE-2020-1938-shell.py.un~,6d40cdd587034382df1a80e67caf5dd43e4a6146,CVE-2020-1938
484265150,Threekiii/Awesome-Exploit,Samba/CVE-2017-7494/src/pidl/tests/tdr.pl,6d4465eed94312ea6c937b70b53657fa2bafbac0,CVE-2017-7494
484265150,Threekiii/Awesome-Exploit,Samba/CVE-2017-7494/src/source3/libnet/libnet_dssync_keytab.c,6d46a8cf7b678a70d4fda492d1cf68ea0d9bf055,CVE-2017-7494
484265150,Threekiii/Awesome-Exploit,Samba/CVE-2017-7494/src/ctdb/include/ctdb_protocol.h,6d4e30f42e9fd5b51eeb6271042fc69e998f3dd5,CVE-2017-7494
484265150,Threekiii/Awesome-Exploit,Samba/CVE-2017-7494/src/testprogs/win32/midltests/midltests_simple.c,6d5489b532b2476085d1746f86df00079252fa23,CVE-2017-7494
484265150,Threekiii/Awesome-Exploit,Samba/CVE-2017-7494/src/ctdb/tests/cunit/protocol_test_003.sh,6d5854a763e2072b82ff0ad6d979a9c487f5c384,CVE-2017-7494
484265150,Threekiii/Awesome-Exploit,Samba/CVE-2017-7494/src/testsuite/build_farm/basicsmb-sharelist.test,6d5a073ab72ef0b5c267859f70830b826a50563a,CVE-2017-7494
484265150,Threekiii/Awesome-Exploit,Samba/CVE-2017-7494/src/source4/torture/auth/pac.c,6d631c2903fbc742285d74def86131d964e2f524,CVE-2017-7494
484265150,Threekiii/Awesome-Exploit,Samba/CVE-2017-7494/src/testsuite/build_farm/torture-RENAME.test,6d6630a3de7fa3fe33b52b2046d8b11be2266f2e,CVE-2017-7494
484265150,Threekiii/Awesome-Exploit,Samba/CVE-2017-7494/src/docs-xml/registry/Win98_PlainPassword.reg,6d7c4a62ded26187572e7c6a7e2c3fe086b885f4,CVE-2017-7494
484265150,Threekiii/Awesome-Exploit,Samba/CVE-2017-7494/src/selftest/manage-ca/CA-samba.example.com/Users/pkinit@addom.samba.example.com/USER-pkinit@addom.samba.example.com-S05-key.pem,6d8d064c7218963ab76e0d7551053d7e0377d699,CVE-2017-7494
484265150,Threekiii/Awesome-Exploit,Samba/CVE-2017-7494/src/docs-xml/smbdotconf/logon/adduserscript.xml,6d90ee87621940e29ae4a4168b8c119395a47969,CVE-2017-7494
484265150,Threekiii/Awesome-Exploit,Samba/CVE-2017-7494/src/source4/ntvfs/ipc/ipc_rap.c,6da148e580e3d5e85a5ae9905433aa7b10dbcbd6,CVE-2017-7494
484265150,Threekiii/Awesome-Exploit,Samba/CVE-2017-7494/src/source4/torture/rap/printing.c,6dc08c45246ac6634ef9b03171ff7cf3e022f0b7,CVE-2017-7494
484265150,Threekiii/Awesome-Exploit,Samba/CVE-2017-7494/src/testdata/ldif-utils-test-multisite.ldif,6dc10ab2a8625227ac0a66ea78c0937bae362062,CVE-2017-7494
484265150,Threekiii/Awesome-Exploit,Samba/CVE-2017-7494/src/testsuite/build_farm/template/basicsmb.smb.conf.user,6dde9f1a8ce010730afaa75d769ffc46b3fa8488,CVE-2017-7494
484265150,Threekiii/Awesome-Exploit,Samba/CVE-2017-7494/src/source4/libcli/wbclient/wbclient.h,6de1e172d3de024196722fa12a9603513c90205b,CVE-2017-7494
484265150,Threekiii/Awesome-Exploit,Samba/CVE-2017-7494/src/docs-xml/Samba3-HOWTO/TOSHARG-Support.xml,6de2555b5dc7b7476dcbfb7a6c527ccd75f2c8e3,CVE-2017-7494
484265150,Threekiii/Awesome-Exploit,Samba/CVE-2017-7494/src/source4/libnet/libnet_site.c,6dec77c6097e682a582bf5b0df84048e03227ea2,CVE-2017-7494
484265150,Threekiii/Awesome-Exploit,Samba/CVE-2017-7494/src/auth/credentials/tests/bind.py,6deebbe809e078a85081419d81842deef77e0270,CVE-2017-7494
484265150,Threekiii/Awesome-Exploit,Samba/CVE-2017-7494/src/librpc/ndr/ndr.c,6df439e905ea8d6222a63aa803cdb6e8c160b906,CVE-2017-7494
484265150,Threekiii/Awesome-Exploit,Samba/CVE-2017-7494/src/source3/script/makeunicodecasemap.awk,6df75bbc6543b63ca60a7d9da9c45e881bcca12f,CVE-2017-7494
484265150,Threekiii/Awesome-Exploit,Samba/CVE-2017-7494/src/source3/script/tests/test_smbclient_ntlm.sh,6dfb9c39379bce8a61ca97dfe4b09aed9a9a04d2,CVE-2017-7494
484265150,Threekiii/Awesome-Exploit,Samba/CVE-2017-7494/src/source3/utils/net_user.c,6e15a7a9168e7ad274a3e1431c6f8b3869d0fd53,CVE-2017-7494
484265150,Threekiii/Awesome-Exploit,Samba/CVE-2017-7494/src/third_party/zlib/contrib/dotzlib/DotZLib/DotZLib.cs,6e1d7a693c130e10a0238610fcf9bd74a83a99b1,CVE-2017-7494
484265150,Threekiii/Awesome-Exploit,Samba/CVE-2017-7494/src/source3/rpcclient/cmd_drsuapi.c,6e2041944cb3827e62d99f2a437aaccba3f3192c,CVE-2017-7494
484265150,Threekiii/Awesome-Exploit,Samba/CVE-2017-7494/src/ctdb/tests/tool/ctdb.enable.001.sh,6e2339cd716853a89d05a931e492b80ace2edffb,CVE-2017-7494
484265150,Threekiii/Awesome-Exploit,Samba/CVE-2017-7494/src/third_party/zlib/msdos/Makefile.tc,6e26164366f2fc64d072815dc72a2ba09f106e36,CVE-2017-7494
484265150,Threekiii/Awesome-Exploit,Samba/CVE-2017-7494/src/ctdb/tests/eventscripts/13.per_ip_routing.022.sh,6e36105920e91bd7c526432a9a20c91b7c143838,CVE-2017-7494
484265150,Threekiii/Awesome-Exploit,Samba/CVE-2017-7494/src/packaging/systemd/winbind.service,6e61e68c422e09b2d27d9a5bfe1cdcf176e93eb8,CVE-2017-7494
484265150,Threekiii/Awesome-Exploit,Samba/CVE-2017-7494/src/source3/locale/pam_winbind/pt_BR.po,6e6f7e2b6992803e1ec8debedfa064e34852e83b,CVE-2017-7494
484265150,Threekiii/Awesome-Exploit,Samba/CVE-2017-7494/src/source4/heimdal_build/gssapi-glue.c,6e8725f122ca5d0fbd82fe0392ab903febccf1db,CVE-2017-7494
484265150,Threekiii/Awesome-Exploit,Samba/CVE-2017-7494/src/source3/script/smbchangeshare,6e87d4f7199e47d5399cddf1155e1a38eadfc5a1,CVE-2017-7494
484265150,Threekiii/Awesome-Exploit,Samba/CVE-2017-7494/src/source3/libads/authdata.c,6e89fb330b12a184644c0ca793e428e5c6590398,CVE-2017-7494
484265150,Threekiii/Awesome-Exploit,Samba/CVE-2017-7494/src/source3/utils/net_rpc_rights.c,6e8dbf147b8d04b21bf5600e97a8c1bfa6f09303,CVE-2017-7494
484265150,Threekiii/Awesome-Exploit,Samba/CVE-2017-7494/src/librpc/ndr_nbt.pc.in,6eaeecd34041e86bb585eb02fc28856ead891898,CVE-2017-7494
484265150,Threekiii/Awesome-Exploit,Samba/CVE-2017-7494/src/source4/setup/olc_syncrepl_seed.conf,6ec69f88391ca9e4e50e40150c9e8cd0ff2b6019,CVE-2017-7494
484265150,Threekiii/Awesome-Exploit,Samba/CVE-2017-7494/src/source3/smbd/notify_inotify.c,6ed0648366d24c32a5b518079b2714fe49eda508,CVE-2017-7494
484265150,Threekiii/Awesome-Exploit,Samba/CVE-2017-7494/src/ctdb/tests/tool/ctdb.runstate.002.sh,6edf07c411b81821d9ee1785b0fc4b9429d80762,CVE-2017-7494
484265150,Threekiii/Awesome-Exploit,Samba/CVE-2017-7494/src/ctdb/tcp/tcp_init.c,6ee7ef3c56cc335d1964b754af762bde097e8f2c,CVE-2017-7494
484265150,Threekiii/Awesome-Exploit,Samba/CVE-2017-7494/src/testprogs/win32/midltests/midltests_marshall.h,6eeb3e25768a8593c81c655ccba18d4f00cfe6be,CVE-2017-7494
484265150,Threekiii/Awesome-Exploit,Samba/CVE-2017-7494/src/source4/heimdal/kuser/kinit.c,6ef4c30b180a40c5b5f37da0446d1bd11662ecdc,CVE-2017-7494
484265150,Threekiii/Awesome-Exploit,Samba/CVE-2017-7494/src/librpc/idl/w32time.idl,6efc809637176c4150db205482a1c05b32360e10,CVE-2017-7494
484265150,Threekiii/Awesome-Exploit,Samba/CVE-2017-7494/src/auth/ntlmssp/gensec_ntlmssp_server.c,6f169f1a7a7354261fff75dcdbf0186608d5c4c1,CVE-2017-7494
484265150,Threekiii/Awesome-Exploit,Samba/CVE-2017-7494/src/third_party/dnspython/dns/message.py,6f1c9c3d1de3cf10ff232cffbf83be546b7882cc,CVE-2017-7494
484265150,Threekiii/Awesome-Exploit,Samba/CVE-2017-7494/src/source4/smb_server/smb/request.c,6f2505ff1612c5b05c44fc453ab5d7d86e3087dd,CVE-2017-7494
484265150,Threekiii/Awesome-Exploit,Samba/CVE-2017-7494/src/third_party/dnspython/dns/rrset.py,6f49af24d0a9a4bbd7c4962b592fcc3e15c4d37d,CVE-2017-7494
484265150,Threekiii/Awesome-Exploit,Samba/CVE-2017-7494/src/ctdb/tests/eventscripts/10.interface.monitor.010.sh,6f642692d937ccd45df875c00c32ec45742a88ba,CVE-2017-7494
484265150,Threekiii/Awesome-Exploit,Samba/CVE-2017-7494/src/source3/script/tests/test_preserve_case.sh,6f6b8723ecd88ede66864091ad25c7ed4e2297f1,CVE-2017-7494
484265150,Threekiii/Awesome-Exploit,Samba/CVE-2017-7494/src/source3/libsmb/errormap_wbc.c,6f7699c8b35628bffa89c10161a7f0d98277f557,CVE-2017-7494
484265150,Threekiii/Awesome-Exploit,Samba/CVE-2017-7494/src/docs-xml/manpages/vfs_cap.8.xml,6f793c991e82afeef3c9c38666fe96c3b07acedf,CVE-2017-7494
484265150,Threekiii/Awesome-Exploit,Samba/CVE-2017-7494/src/source3/passdb/pdb_wbc_sam.c,6f7dd940045ab2426ccf4baae1af1aafd9bedcb3,CVE-2017-7494
484265150,Threekiii/Awesome-Exploit,Samba/CVE-2017-7494/src/testprogs/win32/midltests/todo/midltests-pipe-first.idl,6f817be7f1fba84b8350ab078b7d10ec083cafce,CVE-2017-7494
484265150,Threekiii/Awesome-Exploit,Samba/CVE-2017-7494/src/wintest/README,6f927ff012c746436a1d94e67ede81c49e5ac4d3,CVE-2017-7494
484265150,Threekiii/Awesome-Exploit,Samba/CVE-2017-7494/src/libcli/smb/tstream_smbXcli_np.h,6f93d8ea728163dd983566bc84f61c5b2e0d8d67,CVE-2017-7494
484265150,Threekiii/Awesome-Exploit,Samba/CVE-2017-7494/src/ctdb/tests/tool/ctdb.disable.004.sh,6f95210af3d3cb14f3fe99ef9a62375ac16a3044,CVE-2017-7494
484265150,Threekiii/Awesome-Exploit,Samba/CVE-2017-7494/src/source3/modules/vfs_recycle.c,6f9704fffb73016f564d165f45e6daf214fd3b0f,CVE-2017-7494
484265150,Threekiii/Awesome-Exploit,Weblogic/weblogicScanner/stars/__pycache__/cve_2019_2725.cpython-37.pyc,6f978f26375fe9fb6cca78c1e9812706c98753eb,CVE-2019-2725
484265150,Threekiii/Awesome-Exploit,Samba/CVE-2017-7494/src/librpc/ndr/ndr_drsblobs.h,6f9ef3338848aa2ba3954a6066530521002707cf,CVE-2017-7494
484265150,Threekiii/Awesome-Exploit,Samba/CVE-2017-7494/src/ctdb/tests/README,6fa8969efcea33769231ce1d6e1acb60109babfa,CVE-2017-7494
484265150,Threekiii/Awesome-Exploit,Samba/CVE-2017-7494/src/libcli/drsuapi/wscript_build,6fb85d109e7ff26d0c028f4dd3327bf92e10e328,CVE-2017-7494
484265150,Threekiii/Awesome-Exploit,Samba/CVE-2017-7494/src/librpc/idl/fsrvp.idl,6fc48b7ab18ca68c8fade1544edaf6598540bf7c,CVE-2017-7494
484265150,Threekiii/Awesome-Exploit,Samba/CVE-2017-7494/src/source4/cluster/wscript_build,6fd1b7ce0b569add789a072c09a8f4afe3eb5bc9,CVE-2017-7494
484265150,Threekiii/Awesome-Exploit,Samba/CVE-2017-7494/src/source4/torture/drs/rpc/msds_intid.c,6fd7e92037a363217233f309a7caa70b7f8f2a21,CVE-2017-7494
484265150,Threekiii/Awesome-Exploit,Samba/CVE-2017-7494/src/libcli/util/errmap_unix.c,6fec250fe1150f2b157317861974da1139806cb6,CVE-2017-7494
484265150,Threekiii/Awesome-Exploit,Samba/CVE-2017-7494/src/packaging/RHEL-CTDB/setup/smb.conf,6ff756d04bd56a980d725f5284447c30919bd355,CVE-2017-7494
484265150,Threekiii/Awesome-Exploit,Samba/CVE-2017-7494/src/README.cifs-utils,6ff9f40fe2d9747f54be0c27f8de1d5f46340856,CVE-2017-7494
484265150,Threekiii/Awesome-Exploit,Samba/CVE-2017-7494/src/source4/setup/tests/blackbox_s3upgrade.sh,6ffa146ca2cce66a90f3d186e429b50a2cc87f1e,CVE-2017-7494
484265150,Threekiii/Awesome-Exploit,Samba/CVE-2017-7494/src/source4/heimdal_build/hdb-glue.c,6fff905fb3dceebd3d081e0599a435986ee43d14,CVE-2017-7494
484265150,Threekiii/Awesome-Exploit,Samba/CVE-2017-7494/src/packaging/Example/PackageDate,700509e9dc1944dbc557e3eb7a0376b8d85617f5,CVE-2017-7494
484265150,Threekiii/Awesome-Exploit,Samba/CVE-2017-7494/src/python/samba/tests/dcerpc/testrpc.py,701868591625c953bd245e9a00a1e7ee46169ef3,CVE-2017-7494
484265150,Threekiii/Awesome-Exploit,Samba/CVE-2017-7494/src/source4/torture/nbt/winsreplication.c,701e06cd0de937be80978da345cb8b8e58ef928c,CVE-2017-7494
484265150,Threekiii/Awesome-Exploit,Samba/CVE-2017-7494/src/source3/selftest/tests.py,7028ac3e5091e18ead8f010cf40bb7e76831d194,CVE-2017-7494
484265150,Threekiii/Awesome-Exploit,Samba/CVE-2017-7494/src/source3/libsmb/libsmb_misc.c,703a7a5878145a1d1c49a4a2cc19463698f414ef,CVE-2017-7494
484265150,Threekiii/Awesome-Exploit,Samba/CVE-2017-7494/src/source3/nmbd/nmbd.c,703b1cfb5b18909d8bae8986e796271e661f8f4a,CVE-2017-7494
484265150,Threekiii/Awesome-Exploit,Samba/CVE-2017-7494/src/ctdb/tests/complex/31_nfs_tickle.sh,7049c6add5da033c7cbedbfe58fb064a5cd5b5f0,CVE-2017-7494
484265150,Threekiii/Awesome-Exploit,Samba/CVE-2017-7494/src/source4/wrepl_server/wrepl_scavenging.c,7057157c7aba270accdf12d4adb6e5043a4767fb,CVE-2017-7494
484265150,Threekiii/Awesome-Exploit,Samba/CVE-2017-7494/src/source4/dns_server/dlz_minimal.h,7058eed3d1fd862751085b804af8dbd1dd400851,CVE-2017-7494
484265150,Threekiii/Awesome-Exploit,Samba/CVE-2017-7494/src/source3/libsmb/namecache.c,706e8ac4c6555450bf27be61152ba5e5b152a408,CVE-2017-7494
484265150,Threekiii/Awesome-Exploit,Samba/CVE-2017-7494/src/ctdb/tests/src/reqid_test.c,70743539b2ce76c6a11ae1c682d56d4f7ba10f08,CVE-2017-7494
484265150,Threekiii/Awesome-Exploit,Samba/CVE-2017-7494/src/libcli/smb/smb2_lease.h,708c79efb20152dfdbd8af0ebd7343636dfcd766,CVE-2017-7494
484265150,Threekiii/Awesome-Exploit,Samba/CVE-2017-7494/src/source4/dsdb/samdb/ldb_modules/schema_load.c,7099b586ebde2246a3a03c0369d8c878ed540209,CVE-2017-7494
484265150,Threekiii/Awesome-Exploit,Samba/CVE-2017-7494/src/libcli/smb/smb_seal.h,70a51b11c4bb2a389b3e6afecd84aee2ffe98f19,CVE-2017-7494
484265150,Threekiii/Awesome-Exploit,Samba/CVE-2017-7494/src/source3/script/tests/vfstest-acl/vfstest.cmd,70b4170747896fb16537e046907953cd379ed649,CVE-2017-7494
484265150,Threekiii/Awesome-Exploit,Samba/CVE-2017-7494/src/source3/libsmb/nmblib.h,70c21793f346e39b9cddb02ba5077cb796bf5b3c,CVE-2017-7494
484265150,Threekiii/Awesome-Exploit,Log4j/CVE-2021-44228/JNDI/JNDI-1.0-all.jar,70c4ff34e51053740a27991c873ffd82741e2fbf,VU#444
484265150,Threekiii/Awesome-Exploit,Log4j/CVE-2021-44228/JNDI/JNDI-1.0-all.jar,70c4ff34e51053740a27991c873ffd82741e2fbf,CVE-2021-44228
484265150,Threekiii/Awesome-Exploit,Samba/CVE-2017-7494/src/source4/rpc_server/wscript_build,70cb7f8f3adc2c7bb3fd8052d3a23e4579db705b,CVE-2017-7494
484265150,Threekiii/Awesome-Exploit,Samba/CVE-2017-7494/src/source3/utils/netlookup.c,70cfdf60604eec706d52dbd80da45a773b123680,CVE-2017-7494
484265150,Threekiii/Awesome-Exploit,Samba/CVE-2017-7494/src/source3/rpc_server/wscript_build,70ddad680882da20288fdd77001934b889d06cde,CVE-2017-7494
484265150,Threekiii/Awesome-Exploit,Samba/CVE-2017-7494/src/librpc/ndr/ndr_krb5pac.h,70e004fa81a42a82bb5a716d36314d6783212d0f,CVE-2017-7494
484265150,Threekiii/Awesome-Exploit,Samba/CVE-2017-7494/src/source3/param/loadparm_ctx.c,70e2dad76f8a7acefaf79240d0e05aa3d56b248c,CVE-2017-7494
484265150,Threekiii/Awesome-Exploit,Samba/CVE-2017-7494/src/third_party/zlib/contrib/ada/zlib-streams.adb,70f5981b0c3c5de023ea3485ea7e81231a42ce7f,CVE-2017-7494
484265150,Threekiii/Awesome-Exploit,Samba/CVE-2017-7494/src/source3/modules/README-gpfs-acl.txt,70fd0fc5425fd46bb77957ff612a795a9260fb23,CVE-2017-7494
484265150,Threekiii/Awesome-Exploit,Samba/CVE-2017-7494/src/testsuite/build_farm/template/basicsmb.smb.conf.preexec,711d4ce6e8575847b4477d141fffa67592661973,CVE-2017-7494
484265150,Threekiii/Awesome-Exploit,Samba/CVE-2017-7494/src/librpc/ndr/ndr_nbt.h,712a79af121bb7199772ff5197318387a5489379,CVE-2017-7494
484265150,Threekiii/Awesome-Exploit,Samba/CVE-2017-7494/src/ctdb/tests/eventscripts/13.per_ip_routing.024.sh,712cd06963c6c87483070fa8aaa4e2cae0000e38,CVE-2017-7494
484265150,Threekiii/Awesome-Exploit,Samba/CVE-2017-7494/src/third_party/dnspython/dns/rdtypes/mxbase.py,713d6a7c68a7ed7624b8b4b377b40a6519d0d21a,CVE-2017-7494
484265150,Threekiii/Awesome-Exploit,Samba/CVE-2017-7494/docker-compose.yml,714071faa42831fc974deac17da73ace65c4b91a,CVE-2017-7494
484265150,Threekiii/Awesome-Exploit,Samba/CVE-2017-7494/src/librpc/ndr/ndr_xattr.h,714937970b3e8fe602e8e877333f5d39d34cb0c4,CVE-2017-7494
484265150,Threekiii/Awesome-Exploit,Samba/CVE-2017-7494/src/third_party/zlib/contrib/vstudio/vc8/miniunz.vcproj,714b6cb9532f6ff6d9ad96c0499c6de0d052cbe7,CVE-2017-7494
484265150,Threekiii/Awesome-Exploit,Samba/CVE-2017-7494/src/source3/smbd/smbd.h,716c94b0930adcf57d87e438a23592a5efdca334,CVE-2017-7494
484265150,Threekiii/Awesome-Exploit,ColdFusion/CVE-2017-3066/ysoserial-0.0.6-SNAPSHOT-all.jar,7171bf1f05589597c25b09989a85b2dce4fc624c,VU#56
484265150,Threekiii/Awesome-Exploit,ColdFusion/CVE-2017-3066/ysoserial-0.0.6-SNAPSHOT-all.jar,7171bf1f05589597c25b09989a85b2dce4fc624c,CVE-2017-3066
484265150,Threekiii/Awesome-Exploit,ColdFusion/CVE-2017-3066/ysoserial-0.0.6-SNAPSHOT-all.jar,7171bf1f05589597c25b09989a85b2dce4fc624c,VU#38
484265150,Threekiii/Awesome-Exploit,ColdFusion/CVE-2017-3066/ysoserial-0.0.6-SNAPSHOT-all.jar,7171bf1f05589597c25b09989a85b2dce4fc624c,VU#39
484265150,Threekiii/Awesome-Exploit,ColdFusion/CVE-2017-3066/ysoserial-0.0.6-SNAPSHOT-all.jar,7171bf1f05589597c25b09989a85b2dce4fc624c,VU#35
484265150,Threekiii/Awesome-Exploit,ColdFusion/CVE-2017-3066/ysoserial-0.0.6-SNAPSHOT-all.jar,7171bf1f05589597c25b09989a85b2dce4fc624c,VU#26
484265150,Threekiii/Awesome-Exploit,ColdFusion/CVE-2017-3066/ysoserial-0.0.6-SNAPSHOT-all.jar,7171bf1f05589597c25b09989a85b2dce4fc624c,VU#95
484265150,Threekiii/Awesome-Exploit,ColdFusion/CVE-2017-3066/ysoserial-0.0.6-SNAPSHOT-all.jar,7171bf1f05589597c25b09989a85b2dce4fc624c,VU#76
484265150,Threekiii/Awesome-Exploit,ColdFusion/CVE-2017-3066/ysoserial-0.0.6-SNAPSHOT-all.jar,7171bf1f05589597c25b09989a85b2dce4fc624c,VU#03
484265150,Threekiii/Awesome-Exploit,ColdFusion/CVE-2017-3066/ysoserial-0.0.6-SNAPSHOT-all.jar,7171bf1f05589597c25b09989a85b2dce4fc624c,VU#83
484265150,Threekiii/Awesome-Exploit,ColdFusion/CVE-2017-3066/ysoserial-0.0.6-SNAPSHOT-all.jar,7171bf1f05589597c25b09989a85b2dce4fc624c,VU#45
484265150,Threekiii/Awesome-Exploit,ColdFusion/CVE-2017-3066/ysoserial-0.0.6-SNAPSHOT-all.jar,7171bf1f05589597c25b09989a85b2dce4fc624c,VU#37
484265150,Threekiii/Awesome-Exploit,Samba/CVE-2017-7494/src/source3/printing/lpq_parse.c,7191d1e5e866dcde3019976259403f7f1867aad9,CVE-2017-7494
484265150,Threekiii/Awesome-Exploit,Samba/CVE-2017-7494/src/libcli/smb/smb2cli_set_info.c,71ac8a0b19032788334f8372fe57b58b94b814c7,CVE-2017-7494
484265150,Threekiii/Awesome-Exploit,Samba/CVE-2017-7494/src/source4/torture/ldap/schema.c,71bc31a3aa1d23545d2c9ab5ebf0523047593409,CVE-2017-7494
484265150,Threekiii/Awesome-Exploit,Samba/CVE-2017-7494/src/libcli/security/dom_sid.c,71cdc2c73aa5544f1d928b718b93963e7cf1cbd1,CVE-2017-7494
484265150,Threekiii/Awesome-Exploit,Samba/CVE-2017-7494/src/ctdb/tests/eventscripts/11.natgw.003.sh,71d8572cbabb945424fd57f503d2f3bad83b9a48,CVE-2017-7494
484265150,Threekiii/Awesome-Exploit,Weblogic/weblogicScanner/stars/__pycache__/cve_2019_2888.cpython-36.pyc,71da3d4ef298f9cdc1ee8279cc81d55ce1e6245f,CVE-2019-2888
484265150,Threekiii/Awesome-Exploit,Samba/CVE-2017-7494/src/ctdb/tests/tool/ctdb.reloadnodes.012.sh,71db7336822d3ad9d36d6648853f3e2ac040bf7d,CVE-2017-7494
484265150,Threekiii/Awesome-Exploit,Samba/CVE-2017-7494/src/source4/smb_server/smb2/smb2_server.h,71e04b8b148ae13c3c19a4a775766cd7d6e619da,CVE-2017-7494
484265150,Threekiii/Awesome-Exploit,Samba/CVE-2017-7494/src/libcli/security/session.c,71f4eb2b0da7e9c32341f961a78bae8088f22ce3,CVE-2017-7494
484265150,Threekiii/Awesome-Exploit,Samba/CVE-2017-7494/src/testprogs/blackbox/test_net_ads.sh,71ff9dc2328716be87e67eb9fc82275872e35e09,CVE-2017-7494
484265150,Threekiii/Awesome-Exploit,Samba/CVE-2017-7494/src/docs-xml/manpages/eventlogadm.8.xml,7202b95feb862d06aa36929a52dac0d6895b2baf,CVE-2017-7494
484265150,Threekiii/Awesome-Exploit,Samba/CVE-2017-7494/src/testsuite/build_farm/runlist,720d2cf8fb1aa9d027e4126790ccbecef7ae2554,CVE-2017-7494
484265150,Threekiii/Awesome-Exploit,Samba/CVE-2017-7494/src/ctdb/tests/simple/06_ctdb_getpid.sh,7218b100026c8267e6fb06dc844116fab98d2e6c,CVE-2017-7494
484265150,Threekiii/Awesome-Exploit,Samba/CVE-2017-7494/src/source3/utils/passwd_util.c,721b9ba55cf6bed138565fe3a6c6e0be95f4579f,CVE-2017-7494
484265150,Threekiii/Awesome-Exploit,Samba/CVE-2017-7494/src/source4/dsdb/samdb/ldb_modules/dirsync.c,722307601f9b1771b54d8ddcc1133e1de81894ff,CVE-2017-7494
484265150,Threekiii/Awesome-Exploit,Samba/CVE-2017-7494/src/source4/rpc_server/backupkey/dcesrv_backupkey_heimdal.c,7226a4c247aea9ec4552a09f6e78a4d8df34ea84,CVE-2017-7494
484265150,Threekiii/Awesome-Exploit,Samba/CVE-2017-7494/src/examples/scripts/idmap/idmap_nis.sh,72281303816eeab54183a539d72388ee5f933fc3,CVE-2017-7494
484265150,Threekiii/Awesome-Exploit,Samba/CVE-2017-7494/src/docs-xml/manpages/idmap_rfc2307.8.xml,722a72d439aaeba6fc14126a2daa88104cbeb83a,CVE-2017-7494
484265150,Threekiii/Awesome-Exploit,Samba/CVE-2017-7494/src/source4/torture/ndr/spoolss.c,7235ee89af6d4bf353884b836dd8fec26eb0b73f,CVE-2017-7494
484265150,Threekiii/Awesome-Exploit,Samba/CVE-2017-7494/src/source4/torture/ndr/spoolss.c,7235ee89af6d4bf353884b836dd8fec26eb0b73f,BID-0
484265150,Threekiii/Awesome-Exploit,Samba/CVE-2017-7494/src/source3/client/dnsbrowse.c,723f52949293a6c65881dcd67f146dd44a3edddf,CVE-2017-7494
484265150,Threekiii/Awesome-Exploit,Samba/CVE-2017-7494/src/source3/locale/pam_winbind/ar.po,72585a4a88df45a27831097f4eea2f83585a1e82,CVE-2017-7494
484265150,Threekiii/Awesome-Exploit,Samba/CVE-2017-7494/src/libcli/lsarpc/wscript_build,725c15bc5ef6135a84a24d607733b9bf75364106,CVE-2017-7494
484265150,Threekiii/Awesome-Exploit,Weblogic/weblogicScanner/stars/__pycache__/cve_2017_3248.cpython-37.pyc,725c8c842c803693d916c979f9f61e0023e82879,CVE-2017-3248
484265150,Threekiii/Awesome-Exploit,Samba/CVE-2017-7494/src/testprogs/win32/midltests/valid/midltests_union_align_10.idl,726157156cc099d2c83020513dd680626e68620d,CVE-2017-7494
484265150,Threekiii/Awesome-Exploit,Samba/CVE-2017-7494/src/source4/libcli/smb2/write.c,72668e34cdc75248d2479f82e104bc71af213bf9,CVE-2017-7494
484265150,Threekiii/Awesome-Exploit,Samba/CVE-2017-7494/src/source4/heimdal/cf/make-proto.pl,726b5baffbaca4516b1c200b30d3fbb747dce990,CVE-2017-7494
484265150,Threekiii/Awesome-Exploit,Samba/CVE-2017-7494/src/source4/libcli/smb2/lock.c,7271baa9e351e0706e3ffb81bd42fc0f0057a89a,CVE-2017-7494
484265150,Threekiii/Awesome-Exploit,Samba/CVE-2017-7494/src/third_party/zlib/examples/gzjoin.c,7275e983b57dbca5cb0e336441b022e222694609,CVE-2017-7494
484265150,Threekiii/Awesome-Exploit,Samba/CVE-2017-7494/src/docs/manpages/smbcontrol.1,727787a906e20f7dc43cd73192a4320091ec4ee6,CVE-2017-7494
484265150,Threekiii/Awesome-Exploit,Samba/CVE-2017-7494/src/auth/credentials/wscript_build,72a181a5ab1bec630601cd02f1e9b6e47ce8342c,CVE-2017-7494
484265150,Threekiii/Awesome-Exploit,Samba/CVE-2017-7494/src/source4/nbt_server/nbt_server.c,72ab3996f0250a91179314699dd84003211492e6,CVE-2017-7494
484265150,Threekiii/Awesome-Exploit,Samba/CVE-2017-7494/src/packaging/RHEL-CTDB/setup/smbusers,72af345a8ac65cec4700bd993c3f8d8ee6b3b508,CVE-2017-7494
484265150,Threekiii/Awesome-Exploit,Samba/CVE-2017-7494/src/ctdb/tests/simple/53_transaction_loop.sh,72b6a3f190756c6e8d1a15cc337f909ceda39de1,CVE-2017-7494
484265150,Threekiii/Awesome-Exploit,Samba/CVE-2017-7494/src/docs-xml/smbdotconf/security/clientschannel.xml,72c3da78c4fe19e1314e7f7ec83b90f3bb61cdb3,CVE-2017-7494
484265150,Threekiii/Awesome-Exploit,Samba/CVE-2017-7494/src/source3/script/tests/test_smbget.sh,72c8fd2325a77eb0a2364d9661b74a6d3c9e78b8,CVE-2017-7494
484265150,Threekiii/Awesome-Exploit,Samba/CVE-2017-7494/src/docs-xml/smbdotconf/locking/oplockbreakwaittime.xml,72d57943ec38b516a1b4332ccf279fc359085f7e,CVE-2017-7494
484265150,Threekiii/Awesome-Exploit,Samba/CVE-2017-7494/src/ctdb/tests/eventscripts/etc-ctdb/rc.local,72d5a1a46476cdfb0c48e625ef4f73550e085847,CVE-2017-7494
484265150,Threekiii/Awesome-Exploit,Samba/CVE-2017-7494/src/source3/libads/kerberos_keytab.c,72da56bcd58210d2bdf60d5a1a538cd69603166c,CVE-2017-7494
484265150,Threekiii/Awesome-Exploit,Samba/CVE-2017-7494/src/ctdb/tests/onnode/scripts/local.sh,72ea3b128b2981957644170bc1f16a3410f1d901,CVE-2017-7494
484265150,Threekiii/Awesome-Exploit,Samba/CVE-2017-7494/src/source3/modules/vfs_syncops.c,72eb36f8df2bb02ec7f9741057d46ec5f50ac50a,CVE-2017-7494
484265150,Threekiii/Awesome-Exploit,Samba/CVE-2017-7494/src/auth/credentials/credentials_krb5.h,72f52266d517cf68513b4e93080c5025c273b416,CVE-2017-7494
484265150,Threekiii/Awesome-Exploit,Samba/CVE-2017-7494/src/docs/manpages/vfs_streams_depot.8,72f87681d60f9b1151aafab3bbc58847ee1ab1b2,CVE-2017-7494
484265150,Threekiii/Awesome-Exploit,Samba/CVE-2017-7494/src/docs/manpages/vfs_netatalk.8,7315c48787f87c91a0bdf489ea38b7f0d2861fec,CVE-2017-7494
484265150,Threekiii/Awesome-Exploit,Samba/CVE-2017-7494/src/source4/torture/ldb/ldb.c,7321b26445468d703b5d9c4d1c0d202ab097913c,CVE-2017-7494
484265150,Threekiii/Awesome-Exploit,Samba/CVE-2017-7494/src/source3/utils/net_groupmap.c,73243a60b63e3267ccbc3907390f673c24ed400b,CVE-2017-7494
484265150,Threekiii/Awesome-Exploit,Samba/CVE-2017-7494/src/nsswitch/pam_winbind.h,7336ffb5d57bf81bb44a891f1d3b389635b9182b,CVE-2017-7494
484265150,Threekiii/Awesome-Exploit,Samba/CVE-2017-7494/src/examples/tridge/smb.conf.fjall,733fb2d1d01f144cbd723e979734bdf2c57d4dba,CVE-2017-7494
484265150,Threekiii/Awesome-Exploit,Samba/CVE-2017-7494/src/tests/sysquotas.c,73460b5933b940eb70c71d21d09034df366f3aaa,CVE-2017-7494
484265150,Threekiii/Awesome-Exploit,Samba/CVE-2017-7494/src/pidl/tests/header.pl,734a44b363a0795222017caf03879aaeb14adb0b,CVE-2017-7494
484265150,Threekiii/Awesome-Exploit,Samba/CVE-2017-7494/src/docs-xml/smbdotconf/filename/hidefiles.xml,73575852d0779f36144d4c149575b31010d9989d,CVE-2017-7494
484265150,Threekiii/Awesome-Exploit,Samba/CVE-2017-7494/src/source4/libcli/smb2/request.c,73645e585b6bb28d656137d4d401c625715773ac,CVE-2017-7494
484265150,Threekiii/Awesome-Exploit,Samba/CVE-2017-7494/src/source4/torture/rpc/spoolss_win.c,737337b99933d76836b4877abcb6a00fbacc31db,CVE-2017-7494
484265150,Threekiii/Awesome-Exploit,Samba/CVE-2017-7494/src/third_party/zlib/contrib/masmx86/inffas32.asm,737689e9becd4021d6f4d42b4c0a8bf3cfe0cc94,CVE-2017-7494
484265150,Threekiii/Awesome-Exploit,Samba/CVE-2017-7494/src/selftest/manage-ca/CA-samba.example.com/Users/pkinit@samba.example.com/USER-pkinit@samba.example.com-S04-cert.cer,73781274799b2ab1bafbbafd5eaef84dd28f34e0,CVE-2017-7494
484265150,Threekiii/Awesome-Exploit,Samba/CVE-2017-7494/src/source3/winbindd/idmap_util.c,7379d5452730dcf1a67d2d672bd6e5f087af0f0d,CVE-2017-7494
484265150,Threekiii/Awesome-Exploit,Samba/CVE-2017-7494/src/third_party/zlib/contrib/asm686/match.S,738ddcd76385cc6d83cdc57dbfaffec7e69736af,CVE-2017-7494
484265150,Threekiii/Awesome-Exploit,Samba/CVE-2017-7494/src/source4/ldap_server/devdocs/rfc4531.txt,7395bdf31549fa184a2c6814f6c8b598708fa242,CVE-2017-7494
484265150,Threekiii/Awesome-Exploit,Samba/CVE-2017-7494/src/python/samba/tests/netcmd.py,7399c4bbddaa930b72bec5c94d5976b5d579dd77,CVE-2017-7494
484265150,Threekiii/Awesome-Exploit,Samba/CVE-2017-7494/src/source4/ntvfs/posix/pvfs_shortname.c,73a26f18d614435fce84bc88dbfe927717baad29,CVE-2017-7494
484265150,Threekiii/Awesome-Exploit,Samba/CVE-2017-7494/src/source3/rpc_server/mdssvc/dalloc.c,73ae2e89da09e775c4c4c5968b3bbc13138f9fc1,CVE-2017-7494
484265150,Threekiii/Awesome-Exploit,Samba/CVE-2017-7494/src/source3/torture/nbench.c,73b6d69738f0349f8feaf36c9f3e19b9f8d791a5,CVE-2017-7494
484265150,Threekiii/Awesome-Exploit,Samba/CVE-2017-7494/src/testsuite/build_farm/torture-LOCK4.test,73f103b101d44032467e105e3b4faf9493c4c403,CVE-2017-7494
484265150,Threekiii/Awesome-Exploit,Samba/CVE-2017-7494/src/ctdb/tests/tool/ctdb.disablemonitor.001.sh,73f4000c338accc318dcba33825b31e59251434c,CVE-2017-7494
484265150,Threekiii/Awesome-Exploit,Samba/CVE-2017-7494/src/source3/libsmb/libsmb_thread_posix.c,73f95ea2f4f8cae6bd17e15c396afd25886a05bf,CVE-2017-7494
484265150,Threekiii/Awesome-Exploit,Samba/CVE-2017-7494/src/examples/printer-accounting/printcap,74184ba020ad634733bed794eaf32ffc395e0fb5,CVE-2017-7494
484265150,Threekiii/Awesome-Exploit,Samba/CVE-2017-7494/src/ctdb/tests/eventscripts/00.ctdb.init.005.sh,7429e4d97302a0e6a15a766bb55abfc8e30055c7,CVE-2017-7494
484265150,Threekiii/Awesome-Exploit,Samba/CVE-2017-7494/src/ctdb/config/events.d/50.samba,742e93950c46bd9ce904f9a0a7a8c82c8a5ef04a,CVE-2017-7494
484265150,Threekiii/Awesome-Exploit,Samba/CVE-2017-7494/src/ctdb/tests/takeover/lcp2.033.sh,74341982352df3b7f5193dca088b7621da7679e1,CVE-2017-7494
484265150,Threekiii/Awesome-Exploit,Samba/CVE-2017-7494/src/selftest/manage-ca/CA-samba.example.com/Private/CA-samba.example.com-index.txt,747f1b76449803d8bd19426e7d6f65b042be19e2,CVE-2017-7494
484265150,Threekiii/Awesome-Exploit,Samba/CVE-2017-7494/src/source3/smbd/avahi_register.c,7482a2f666090140a96a8bea02ee899382f69537,CVE-2017-7494
484265150,Threekiii/Awesome-Exploit,Samba/CVE-2017-7494/src/source4/selftest/tests.py,74878ec1efe181055dcaf3180e0dbacf291dcd5b,CVE-2017-7494
484265150,Threekiii/Awesome-Exploit,Samba/CVE-2017-7494/src/docs-xml/smbdotconf/browse/administrative_share.xml,74a2cee04a329edbc71b0c7dcc7ab14640a71b72,CVE-2017-7494
484265150,Threekiii/Awesome-Exploit,Samba/CVE-2017-7494/src/docs-xml/xslt/html-common.xsl,74a32914f6e387efe8111586dbc5e1031f2a8460,CVE-2017-7494
484265150,Threekiii/Awesome-Exploit,Samba/CVE-2017-7494/src/source4/rpc_server/drsuapi/addentry.c,74aa0cb08e53ebcb360187d5884006444899d8ac,CVE-2017-7494
484265150,Threekiii/Awesome-Exploit,Samba/CVE-2017-7494/src/librpc/idl/nfs4acl.idl,74af426673620094308cc694e651013d24d3f9e5,CVE-2017-7494
484265150,Threekiii/Awesome-Exploit,Samba/CVE-2017-7494/src/source4/torture/libnet/libnet.c,74cbe8cf5be04352688e452d80804320f1085eb0,CVE-2017-7494
484265150,Threekiii/Awesome-Exploit,Samba/CVE-2017-7494/src/source4/param/tests/share.c,74cbeebb05057ef3f0071d7ae2012f38d4d5af7d,CVE-2017-7494
484265150,Threekiii/Awesome-Exploit,Samba/CVE-2017-7494/src/source3/libsmb/cliconnect.c,74d06d057beb61a6464773dfc7a060e3e1f3dc34,CVE-2017-7494
484265150,Threekiii/Awesome-Exploit,Samba/CVE-2017-7494/src/source4/libnet/libnet_unbecome_dc.h,74da8ed19d6b47639a212c0aa58d64482a9e4bcb,CVE-2017-7494
484265150,Threekiii/Awesome-Exploit,Samba/CVE-2017-7494/src/ctdb/tests/src/ctdb_packet_parse.c,74de4985a5a6e87136818baf606492e089a8a45a,CVE-2017-7494
484265150,Threekiii/Awesome-Exploit,Samba/CVE-2017-7494/src/source4/torture/raw/oplock.c,74fbcbf5c6905a88f2f70aff64fe9b241f9d9d00,CVE-2017-7494
484265150,Threekiii/Awesome-Exploit,Samba/CVE-2017-7494/src/source3/rpc_server/rpc_config.h,7509aaa594e4c57f831545e5a8ae70342f1c8deb,CVE-2017-7494
484265150,Threekiii/Awesome-Exploit,Samba/CVE-2017-7494/src/source4/param/pyparam_util.c,750dc690877391e6c8dc2679352e249c405b1c67,CVE-2017-7494
484265150,Threekiii/Awesome-Exploit,Samba/CVE-2017-7494/src/third_party/popt/findme.h,7519cb267c321bb7c270a0720ddcd8de09ae018b,CVE-2017-7494
484265150,Threekiii/Awesome-Exploit,Samba/CVE-2017-7494/src/source3/passdb/pdb_ldap_util.c,751eca882732e83f4ff57c8f4352368ef682a674,CVE-2017-7494
484265150,Threekiii/Awesome-Exploit,Samba/CVE-2017-7494/src/source4/dsdb/samdb/ldb_modules/resolve_oids.c,752002943425359b2653cfcad72d9ebd3ef0a0d1,CVE-2017-7494
484265150,Threekiii/Awesome-Exploit,Samba/CVE-2017-7494/src/source3/nmbd/nmbd_proto.h,7531a9587a3da07ddac784e2c45874e49c0971ef,CVE-2017-7494
484265150,Threekiii/Awesome-Exploit,Samba/CVE-2017-7494/src/librpc/ndr/ndr_preg.c,753c74b0f86706a776b001e1f0c4eff80fbbc52f,CVE-2017-7494
484265150,Threekiii/Awesome-Exploit,Samba/CVE-2017-7494/src/source4/kdc/ktutil.c,7561e8f81e371ccee943721a4a1c3b08e74a8959,CVE-2017-7494
484265150,Threekiii/Awesome-Exploit,Samba/CVE-2017-7494/src/source3/locale/pam_winbind/zh_CN.po,7563717dc274cef2debe095786e929dda0a90595,CVE-2017-7494
484265150,Threekiii/Awesome-Exploit,Samba/CVE-2017-7494/src/librpc/tools/ndrdump.1.xml,756a650f4f39c6820a5ec232b81b7500262bf55f,CVE-2017-7494
484265150,Threekiii/Awesome-Exploit,Samba/CVE-2017-7494/src/docs-xml/test/index.xml,756da7f7091a99c98f314e81c31d6637d961e73d,CVE-2017-7494
484265150,Threekiii/Awesome-Exploit,Samba/CVE-2017-7494/src/libcli/security/security_token.h,7574e742b86b3e980ce093faeafbebb9d76e4648,CVE-2017-7494
484265150,Threekiii/Awesome-Exploit,Samba/CVE-2017-7494/src/third_party/pep8/testsuite/E72.py,7579f961620c6f23cea84131ddd5589df1b2789c,CVE-2017-7494
484265150,Threekiii/Awesome-Exploit,Samba/CVE-2017-7494/src/docs-xml/Samba3-HOWTO/TOSHARG-CUPS-printing.xml,7579fdd10298cfd173da8f33d61ebf23c79d8476,CVE-2017-7494
484265150,Threekiii/Awesome-Exploit,Samba/CVE-2017-7494/src/ctdb/tests/eventscripts/05.system.monitor.018.sh,7583617da3642b110eb3eca40136fe556bbca18e,CVE-2017-7494
484265150,Threekiii/Awesome-Exploit,Samba/CVE-2017-7494/src/source3/libnet/libnet_dssync.h,758b41902c47577cacc95b176d6256f4284d1b6c,CVE-2017-7494
484265150,Threekiii/Awesome-Exploit,Samba/CVE-2017-7494/src/auth/gensec/gensec.h,75980119ffda7ac67f0929043c02e241498ccca8,CVE-2017-7494
484265150,Threekiii/Awesome-Exploit,Samba/CVE-2017-7494/src/source3/smbd/dnsregister.c,759a07f45205ac2e064f14d4aaedb30a69720d6c,CVE-2017-7494
484265150,Threekiii/Awesome-Exploit,Samba/CVE-2017-7494/src/libcli/security/secace.c,759c2eac36e3287d5e8bc23fa90de22dbf37f940,CVE-2017-7494
484265150,Threekiii/Awesome-Exploit,Samba/CVE-2017-7494/src/source3/include/smb_ldap.h,75a7086e4dc5c95f823824beffc9cf464899e8da,CVE-2017-7494
484265150,Threekiii/Awesome-Exploit,Samba/CVE-2017-7494/src/source4/nbt_server/nbt_server.h,75a9165917b4cd791d03a730b9e58464f1e3176a,CVE-2017-7494
484265150,Threekiii/Awesome-Exploit,Samba/CVE-2017-7494/src/nsswitch/winbind_nss_irix.h,75b4f56132c16772c041c6dac0d4b36ef5dae83f,CVE-2017-7494
484265150,Threekiii/Awesome-Exploit,Samba/CVE-2017-7494/src/ctdb/tests/tool/ctdb.setdebug.002.sh,75b9a108ef4d6a3153be536ec2f04848d80a677f,CVE-2017-7494
484265150,Threekiii/Awesome-Exploit,Samba/CVE-2017-7494/src/librpc/idl/backupkey.idl,75bde0385e12d7ad0f114c2ee4a0c7e5d9ad90ae,CVE-2017-7494
484265150,Threekiii/Awesome-Exploit,Samba/CVE-2017-7494/src/third_party/zlib/contrib/vstudio/vc7/testzlib.vcproj,75c3d352d9dfb402490d82f892816317c9da80aa,CVE-2017-7494
484265150,Threekiii/Awesome-Exploit,Samba/CVE-2017-7494/src/source3/rpc_server/spoolss/srv_spoolss_util.c,75c4d257eecab3901cd66b299e55c2ffe62e8799,CVE-2017-7494
484265150,Threekiii/Awesome-Exploit,Samba/CVE-2017-7494/src/docs-xml/smbdotconf/ldap/ldapfollowreferral.xml,75ccfc963c4af09ebe47b4662d0cfe6673442697,CVE-2017-7494
484265150,Threekiii/Awesome-Exploit,Samba/CVE-2017-7494/src/source3/script/tests/dlopen.sh,75d581837c3efad24aec4a4747536eddbbeb5642,CVE-2017-7494
484265150,Threekiii/Awesome-Exploit,Samba/CVE-2017-7494/src/third_party/dnspython/dns/opcode.py,75d7a4b3229fc65aa74e4a723a23091dca6e98f6,CVE-2017-7494
484265150,Threekiii/Awesome-Exploit,Samba/CVE-2017-7494/src/python/samba/tests/samba_tool/ntacl.py,75db237d0d59722b6e0a614351e9568a4a75fa7a,CVE-2017-7494
484265150,Threekiii/Awesome-Exploit,Samba/CVE-2017-7494/src/source4/dsdb/samdb/ldb_modules/netlogon.c,75e07f2d1aac1dac45a38044999f0afe93e04057,CVE-2017-7494
484265150,Threekiii/Awesome-Exploit,Samba/CVE-2017-7494/src/docs-xml/registry/Win9X-CacheHandling.reg,75f883d56046f2916921339952df31927f0b5471,CVE-2017-7494
484265150,Threekiii/Awesome-Exploit,Samba/CVE-2017-7494/src/libcli/lsarpc/util_lsarpc.h,7615a61a8ea29dbc9835c0a713b2684343933309,CVE-2017-7494
484265150,Threekiii/Awesome-Exploit,Samba/CVE-2017-7494/src/docs-xml/smbdotconf/tuning/writecachesize.xml,761ab51234f6649db902116af8bf99867efc4a20,CVE-2017-7494
484265150,Threekiii/Awesome-Exploit,Samba/CVE-2017-7494/src/source4/torture/smb2/dir.c,762065d7c1b38f02a424fab577df558cf921b83b,CVE-2017-7494
484265150,Threekiii/Awesome-Exploit,Samba/CVE-2017-7494/src/source4/selftest/win/wintest_rpc.sh,7620ec020c7b5062392615d4647a0ad53082265d,CVE-2017-7494
484265150,Threekiii/Awesome-Exploit,Samba/CVE-2017-7494/src/third_party/dnspython/tests/example1.good,762e68349798a31a7309552c3865a64471e13088,CVE-2017-7494
484265150,Threekiii/Awesome-Exploit,Samba/CVE-2017-7494/src/source4/setup/provision_dns_accounts_add.ldif,7630f74d28949ed33b1359bd0c332b1511b2dc2e,CVE-2017-7494
484265150,Threekiii/Awesome-Exploit,Samba/CVE-2017-7494/src/source4/smb_server/smb/trans2.c,7633725d2fa4fb4e98b82a69431b11673742b8db,CVE-2017-7494
484265150,Threekiii/Awesome-Exploit,Samba/CVE-2017-7494/src/ctdb/common/system_gnu.c,764a35b4a881b30e7144d5c921e1828d101f4a7e,CVE-2017-7494
484265150,Threekiii/Awesome-Exploit,Samba/CVE-2017-7494/src/source4/cldap_server/cldap_server.c,765260580e1d36dad39495e79f45114138177ca4,CVE-2017-7494
484265150,Threekiii/Awesome-Exploit,Samba/CVE-2017-7494/src/libcli/security/object_tree.c,7659979c79c80bcdad47911379890bda5c1e417e,CVE-2017-7494
484265150,Threekiii/Awesome-Exploit,Samba/CVE-2017-7494/src/docs-xml/smbdotconf/base/serverstring.xml,765b7c7107576b3227aa32dd6ec6831424b87ea9,CVE-2017-7494
484265150,Threekiii/Awesome-Exploit,Samba/CVE-2017-7494/src/source3/smbd/server_exit.c,76633222cc31b106c7d5916bd689f6b90bfeb7f6,CVE-2017-7494
484265150,Threekiii/Awesome-Exploit,Samba/CVE-2017-7494/src/librpc/ndr/ndr_xattr.c,766497647ca85f12305de2f9a29ce3c4f1c60f44,CVE-2017-7494
484265150,Threekiii/Awesome-Exploit,Samba/CVE-2017-7494/src/source3/script/smbdeleteshare,7666e45f4c13f63cc38211551b3b6c40c293bc9e,CVE-2017-7494
484265150,Threekiii/Awesome-Exploit,Samba/CVE-2017-7494/src/source4/libcli/rap/wscript_build,768a159b5e418f0c3e9bca586d62936e68e52b1a,CVE-2017-7494
484265150,Threekiii/Awesome-Exploit,Samba/CVE-2017-7494/src/docs-xml/smbdotconf/base/path.xml,769d7f128c8e4a0de5af8bada230c796b5a6a7d2,CVE-2017-7494
484265150,Threekiii/Awesome-Exploit,Samba/CVE-2017-7494/src/source4/dsdb/samdb/ldb_modules/update_keytab.c,76b596a2cd5b3d44cafbfb041e3a37e2ddbced62,CVE-2017-7494
484265150,Threekiii/Awesome-Exploit,Samba/CVE-2017-7494/src/source4/dns_server/dns_utils.c,76b97835c70cafe4d4f87be9ad9a444ca1ba591e,CVE-2017-7494
484265150,Threekiii/Awesome-Exploit,Samba/CVE-2017-7494/src/ctdb/config/events.d/41.httpd,76bdea542e3e76f5a18a764a527fe9bcafc7e9c2,CVE-2017-7494
484265150,Threekiii/Awesome-Exploit,Samba/CVE-2017-7494/src/selftest/selftest.pl.1,76c9c0c5b7c51323a35da2bebfe5b6dc0f558648,CVE-2017-7494
484265150,Threekiii/Awesome-Exploit,Samba/CVE-2017-7494/src/source4/torture/unix/unix_info2.c,76cd20daf90b4d623fd8cfe3304a7786d77f6da2,CVE-2017-7494
484265150,Threekiii/Awesome-Exploit,Samba/CVE-2017-7494/src/docs-xml/smbdotconf/printing/forceprintername.xml,76e2e0b1e95ae4daa8953dc559c4c83792e367fe,CVE-2017-7494
484265150,Threekiii/Awesome-Exploit,Samba/CVE-2017-7494/src/testprogs/win32/spoolss/testspoolss.vcproj,7704fcca196307adcf15c785099b3d36df687dcb,CVE-2017-7494
484265150,Threekiii/Awesome-Exploit,Samba/CVE-2017-7494/src/source4/torture/ndr/ndr.c,7706127f2524c37d783691e8ce35e49fd8ebc666,CVE-2017-7494
484265150,Threekiii/Awesome-Exploit,Samba/CVE-2017-7494/src/source3/utils/net_registry.c,7717078396707ca7e0c0c7824dfd061b0dbc04a0,CVE-2017-7494
484265150,Threekiii/Awesome-Exploit,Samba/CVE-2017-7494/src/ctdb/doc/readonlyrecords.txt,7719f1cb79d28ca9810f116059ba7ed769b788e0,CVE-2017-7494
484265150,Threekiii/Awesome-Exploit,Samba/CVE-2017-7494/src/source3/rpc_server/lsa/srv_lsa_nt.c,771b90a2a23611592c5ae6efb580b495e75dac7a,CVE-2017-7494
484265150,Threekiii/Awesome-Exploit,Samba/CVE-2017-7494/src/tests/README,771f89a57f890b7bd897214c1e639ec1411f367f,CVE-2017-7494
484265150,Threekiii/Awesome-Exploit,Samba/CVE-2017-7494/src/docs-xml/Samba3-ByExample/SBE-acknowledgements.xml,77276647eda548f431bfb49395255a864f345e45,CVE-2017-7494
484265150,Threekiii/Awesome-Exploit,Samba/CVE-2017-7494/src/source3/registry/reg_parse_prs.c,77278ab3a61ad7c5707d988f0f3df972e0ff954e,CVE-2017-7494
484265150,Threekiii/Awesome-Exploit,Samba/CVE-2017-7494/src/source3/libnet/libnet_dssync.c,772791c5f50362810fd428f1e48405eb3040f45b,CVE-2017-7494
484265150,Threekiii/Awesome-Exploit,Samba/CVE-2017-7494/src/third_party/dnspython/dns/update.py,772a311b4adb068e934e77cf9bb15115067039f3,CVE-2017-7494
484265150,Threekiii/Awesome-Exploit,Samba/CVE-2017-7494/src/source4/dsdb/repl/drepl_extended.c,772d324445581bd2d36e3c46ac5211ba5a5e2426,CVE-2017-7494
484265150,Threekiii/Awesome-Exploit,Samba/CVE-2017-7494/src/docs-xml/smbdotconf/ldap/ldapusersuffix.xml,7749d307d2cbb27284c2f174a67b93322c69264f,CVE-2017-7494
484265150,Threekiii/Awesome-Exploit,Samba/CVE-2017-7494/src/testprogs/blackbox/common_test_fns.inc,77685ff3655cce844f9fe19618d00b83926ca07a,CVE-2017-7494
484265150,Threekiii/Awesome-Exploit,Samba/CVE-2017-7494/src/source4/libcli/raw/rawfileinfo.c,776d54bdf9eb99c47918b554ca9e3d6b012b14f7,CVE-2017-7494
484265150,Threekiii/Awesome-Exploit,Samba/CVE-2017-7494/src/selftest/manage-ca/manage-ca.templates.d/openssl-USER-template.cnf,77717d88fad958bf2f6d90f693ea0185cbb4d398,CVE-2017-7494
484265150,Threekiii/Awesome-Exploit,Samba/CVE-2017-7494/src/examples/ad-bench/utils.sh,777be35ea7cc96ae6b8a0d792bfcb0bc53af0704,CVE-2017-7494
484265150,Threekiii/Awesome-Exploit,Samba/CVE-2017-7494/src/source3/services/svc_netlogon.c,777c1cb57dc8bf13d01078317a5cf80c587d1487,CVE-2017-7494
484265150,Threekiii/Awesome-Exploit,Samba/CVE-2017-7494/src/python/samba/tests/gensec.py,77939dc5fbe8fcd4384d41eb4302d5a7b5e2fa88,CVE-2017-7494
484265150,Threekiii/Awesome-Exploit,Samba/CVE-2017-7494/src/docs/manpages/nmblookup.1,779d86ed91f1b34834a90012d1a22bf0a34c60ff,CVE-2017-7494
484265150,Threekiii/Awesome-Exploit,Samba/CVE-2017-7494/src/source4/dsdb/samdb/ldb_modules/acl_util.c,77a27acb473d2892e0d5d42d9c5f42172cf15b04,CVE-2017-7494
484265150,Threekiii/Awesome-Exploit,Samba/CVE-2017-7494/src/source3/smbd/close.c,77ac00bb68b369ed6825ec5f906d985a876b5aad,CVE-2017-7494
484265150,Threekiii/Awesome-Exploit,Samba/CVE-2017-7494/src/docs-xml/registry/NT4-Locking.reg,77aee18197de1f660c086981d519d51f1015f6f1,CVE-2017-7494
484265150,Threekiii/Awesome-Exploit,Samba/CVE-2017-7494/src/source3/script/scancvslog.pl,77b2ad9f2737f372afee451e35ba65da70dada0f,CVE-2017-7494
484265150,Threekiii/Awesome-Exploit,Samba/CVE-2017-7494/src/libcli/security/security_descriptor.c,77c28b7eef960c973e9044074dbbfdd93d49768f,CVE-2017-7494
484265150,Threekiii/Awesome-Exploit,Samba/CVE-2017-7494/src/third_party/zlib/contrib/ada/zlib-streams.ads,77c91a52db0963d2947a6e5f6fe4c4c4c93d425f,CVE-2017-7494
484265150,Threekiii/Awesome-Exploit,Samba/CVE-2017-7494/src/ctdb/tests/eventscripts/50.samba.monitor.051.sh,77ddb0f0893ad27c4f8951db6577705b1b070c08,CVE-2017-7494
484265150,Threekiii/Awesome-Exploit,Samba/CVE-2017-7494/src/source4/rpc_server/drsuapi/drsutil.c,77dee6c0022ec74579a3d2ed8dab2105da06099b,CVE-2017-7494
484265150,Threekiii/Awesome-Exploit,Samba/CVE-2017-7494/src/source3/registry/reg_parse_internal.h,77dfc30c55777fa311ef04fffcd452d96aba17bd,CVE-2017-7494
484265150,Threekiii/Awesome-Exploit,Samba/CVE-2017-7494/src/docs-xml/smbdotconf/security/writeable.xml,77e9971936905defc041371da62612d879d4ce3f,CVE-2017-7494
484265150,Threekiii/Awesome-Exploit,Samba/CVE-2017-7494/src/ctdb/tests/takeover/simulation/node_group.py,77f0dcc036d2d20010590688fcfa5df73db4f63d,CVE-2017-7494
484265150,Threekiii/Awesome-Exploit,Samba/CVE-2017-7494/src/source3/registry/reg_init_smbconf.h,77f5947b73f500a6a5c0ba8e25f6205dda5480fc,CVE-2017-7494
484265150,Threekiii/Awesome-Exploit,Samba/CVE-2017-7494/src/source3/printing/print_generic.c,7826ec86b71c0b614693cfb9522ab4da7968ed2d,CVE-2017-7494
484265150,Threekiii/Awesome-Exploit,Samba/CVE-2017-7494/src/python/samba/tests/blackbox/ndrdump.py,78278f5b8bf1c8876da21fc6d657876bc070fb4f,CVE-2017-7494
484265150,Threekiii/Awesome-Exploit,Samba/CVE-2017-7494/src/auth/gensec/gensec_internal.h,78371436e4e233ab0007b1020d1c5d6dfe7bbc9c,CVE-2017-7494
484265150,Threekiii/Awesome-Exploit,Samba/CVE-2017-7494/src/docs-xml/manpages/vfs_aio_pthread.8.xml,7848e0cd7bccfa049c2c3e9b0f5f12c8973976f4,CVE-2017-7494
484265150,Threekiii/Awesome-Exploit,Samba/CVE-2017-7494/src/ctdb/tests/eventscripts/49.winbind.monitor.102.sh,785d53b6925c5d305f07f6cbf460f5011d3692db,CVE-2017-7494
484265150,Threekiii/Awesome-Exploit,Samba/CVE-2017-7494/src/source3/modules/vfs_tru64acl.c,786343870afee2ae3229c1f2934fb519524a7059,CVE-2017-7494
484265150,Threekiii/Awesome-Exploit,Samba/CVE-2017-7494/src/source3/rpc_server/mdssvc/Makefile,78840d3327fb8077ccff293bf5c8610ba713e4e2,CVE-2017-7494
484265150,Threekiii/Awesome-Exploit,Samba/CVE-2017-7494/src/docs-xml/smbdotconf/tuning/hostnamelookups.xml,7890761f27e615cc72b207ac1c52785b8d8617b7,CVE-2017-7494
484265150,Threekiii/Awesome-Exploit,Samba/CVE-2017-7494/src/libcli/dns/wscript_build,789dbbb6b775c19dc53f71c2b1b349e989dec60e,CVE-2017-7494
484265150,Threekiii/Awesome-Exploit,Samba/CVE-2017-7494/src/source3/smbd/smb2_ioctl.c,78a6d7366ab18ade6e76888ce6e407501158641f,CVE-2017-7494
484265150,Threekiii/Awesome-Exploit,Samba/CVE-2017-7494/src/third_party/dnspython/dns/rdtypes/ANY/DS.py,78ab80c80469e214aae6c3dc7849dc90c585ac0d,CVE-2017-7494
484265150,Threekiii/Awesome-Exploit,Samba/CVE-2017-7494/src/buildtools/scripts/autogen-waf.sh,78b04199afcc6ceee941d316b660cc22a474604b,CVE-2017-7494
484265150,Threekiii/Awesome-Exploit,Samba/CVE-2017-7494/src/examples/printing/prtpub.c,78be902b0d6975c4ad0b4f62140054c02ac1d159,CVE-2017-7494
484265150,Threekiii/Awesome-Exploit,Samba/CVE-2017-7494/src/docs-xml/smbdotconf/browse/browseable.xml,78c038217a48a394a8f8b6f03971147fa27f899b,CVE-2017-7494
484265150,Threekiii/Awesome-Exploit,Samba/CVE-2017-7494/src/docs-xml/Samba3-ByExample/SBE-inside-cover.xml,78ce7ee82f909d2ce7ba567e5050de3bd9de9e7f,CVE-2017-7494
484265150,Threekiii/Awesome-Exploit,Samba/CVE-2017-7494/src/source3/passdb/pdb_util.c,78d51491011284b9b3717fe0d3cba8abb4a485b9,CVE-2017-7494
484265150,Threekiii/Awesome-Exploit,Samba/CVE-2017-7494/src/third_party/waf/wafadmin/Tools/qt4.py,78f90721f73d11bffa7e2d7cfb517921841a785a,CVE-2017-7494
484265150,Threekiii/Awesome-Exploit,Samba/CVE-2017-7494/src/third_party/zlib/msdos/Makefile.bor,78feeff9528564412a552165fc3330ea1ce8edea,CVE-2017-7494
484265150,Threekiii/Awesome-Exploit,Samba/CVE-2017-7494/src/source3/modules/vfs_gpfs.c,78ff1076905ab4fbdfb2d560277429ae14a13806,CVE-2017-7494
484265150,Threekiii/Awesome-Exploit,Samba/CVE-2017-7494/src/source4/dsdb/samdb/ldb_modules/acl_read.c,791abf2b0717a3a87446941f9e3a591b3e086318,CVE-2017-7494
484265150,Threekiii/Awesome-Exploit,Samba/CVE-2017-7494/src/source3/winbindd/idmap_hash/idmap_hash.h,791b8f631d0c4251f2572d85816c61884f0fabad,CVE-2017-7494
484265150,Threekiii/Awesome-Exploit,Samba/CVE-2017-7494/src/docs-xml/smbdotconf/protocol/nbtport.xml,792faaf5df3ba6a237a29c309ba646870402814d,CVE-2017-7494
484265150,Threekiii/Awesome-Exploit,Weblogic/WeblogicScan/app/plugins/CVE-2018-2893.py,792fb13a948a3232eb2d87f79414320a4cee8a5a,CVE-2018-2893
484265150,Threekiii/Awesome-Exploit,Samba/CVE-2017-7494/src/source4/include/includes.h,79331e9cc1427bbb51af60a1830665aec7aee127,CVE-2017-7494
484265150,Threekiii/Awesome-Exploit,Samba/CVE-2017-7494/src/source3/librpc/rpc/dcerpc_ep.h,7937f72769233282c4aa63a874b10885f1f158e8,CVE-2017-7494
484265150,Threekiii/Awesome-Exploit,Samba/CVE-2017-7494/src/testprogs/win32/spoolss/testspoolss.h,7942a9801db924d82bc484c80b945f6117e2e0fa,CVE-2017-7494
484265150,Threekiii/Awesome-Exploit,Samba/CVE-2017-7494/src/third_party/dnspython/ChangeLog,7949383568918d648adfc433420842f438a1f271,CVE-2017-7494
484265150,Threekiii/Awesome-Exploit,Samba/CVE-2017-7494/src/source4/rpc_server/drsuapi/dcesrv_drsuapi.c,794a22b366c6b652d41e60f49762a259268eb19a,CVE-2017-7494
484265150,Threekiii/Awesome-Exploit,Samba/CVE-2017-7494/src/docs-xml/xslt/latex.xsl,794f917d7741c16a749f21f50acafb412730405a,CVE-2017-7494
484265150,Threekiii/Awesome-Exploit,Samba/CVE-2017-7494/src/source3/smbd/smb2_ioctl_network_fs.c,79a8d4c91a7738a01c1cfe18cf21f24560e96ea4,CVE-2017-7494
484265150,Threekiii/Awesome-Exploit,Samba/CVE-2017-7494/src/source3/nmbd/nmbd_processlogon.c,79b75415739a941c269d6ea0b11ddabaeb10457b,CVE-2017-7494
484265150,Threekiii/Awesome-Exploit,Samba/CVE-2017-7494/src/source3/torture/test_async_echo.c,79ce63777eaf0b91c40f5105b9efbd5f7a5a0e27,CVE-2017-7494
484265150,Threekiii/Awesome-Exploit,Samba/CVE-2017-7494/src/python/samba/tests/samba_tool/timecmd.py,79db277f4ac3f5e4651853ad3c6492ac8224add2,CVE-2017-7494
484265150,Threekiii/Awesome-Exploit,Samba/CVE-2017-7494/src/source4/torture/ldap/cldapbench.c,79db89d59653e8cc48da7c23956f863ed6101e05,CVE-2017-7494
484265150,Threekiii/Awesome-Exploit,Samba/CVE-2017-7494/src/source4/libnet/userinfo.c,79ead1dd5f4c65d25664f7e9511fec5b6fe0b44d,CVE-2017-7494
484265150,Threekiii/Awesome-Exploit,Samba/CVE-2017-7494/src/examples/scripts/eventlog/parselog.pl,79f32e4d2081fa30b007c287746242a6d2ee483a,CVE-2017-7494
484265150,Threekiii/Awesome-Exploit,Samba/CVE-2017-7494/src/python/samba/tests/dcerpc/string.py,79f3a1d0536e434cab13211cfeda7987be3255d9,CVE-2017-7494
484265150,Threekiii/Awesome-Exploit,Samba/CVE-2017-7494/src/source3/registry/reg_backend_shares.c,79f66a2087acc441e784c75217c019aa6d757e9a,CVE-2017-7494
484265150,Threekiii/Awesome-Exploit,Samba/CVE-2017-7494/src/source4/smb_server/smb2/keepalive.c,79f7be0e2204077fea34f04773cc19efce4fa70e,CVE-2017-7494
484265150,Threekiii/Awesome-Exploit,Samba/CVE-2017-7494/src/source4/dsdb/kcc/kcc_topology.c,7a16ff1eaf15971f1107d12d541c80c2f42b11f9,CVE-2017-7494
484265150,Threekiii/Awesome-Exploit,Samba/CVE-2017-7494/src/source3/smbd/pipes.c,7a1985c3bb99dc8dcf864d4c7890418091feb2c5,CVE-2017-7494
484265150,Threekiii/Awesome-Exploit,Samba/CVE-2017-7494/src/docs-xml/smbdotconf/protocol/unicode.xml,7a1ce003d84feab968d05b771dd6eb8328e32445,CVE-2017-7494
484265150,Threekiii/Awesome-Exploit,Samba/CVE-2017-7494/src/source3/script/smbtar,7a42ddc1ccce1ca61978ac1e37cc98f66bc51a4d,CVE-2017-7494
484265150,Threekiii/Awesome-Exploit,Samba/CVE-2017-7494/src/source4/torture/rpc/netlogon.h,7a47d232c6ae1136c2e51c7fc8957f91860dec03,CVE-2017-7494
484265150,Threekiii/Awesome-Exploit,Samba/CVE-2017-7494/src/source4/torture/ndr/lsa.c,7a4ef84c065c57c3678e0b240c299da6fc698442,CVE-2017-7494
484265150,Threekiii/Awesome-Exploit,Samba/CVE-2017-7494/src/third_party/zlib/contrib/infback9/inffix9.h,7a57a5901d920d1d3fcf4f8d6bedf8c9c68b41a7,CVE-2017-7494
484265150,Threekiii/Awesome-Exploit,Samba/CVE-2017-7494/src/ctdb/tests/complex/43_failover_nfs_basic.sh,7a6b7ef82ebdf88cde08f4ff1d24ddf876ed6d92,CVE-2017-7494
484265150,Threekiii/Awesome-Exploit,Samba/CVE-2017-7494/src/source4/scripting/devel/addlotscontacts,7a6e5ed85ad84ed881f3be5e0afb3adf2517fdf3,CVE-2017-7494
484265150,Threekiii/Awesome-Exploit,Samba/CVE-2017-7494/src/source4/libnet/libnet_unbecome_dc.c,7a6fe6676a3c049ce4182f5aa0f826e619e993db,CVE-2017-7494
484265150,Threekiii/Awesome-Exploit,Samba/CVE-2017-7494/src/examples/pdb/Makefile,7a7d0efebd97fd76cf3fb15eeef7d7c375376011,CVE-2017-7494
484265150,Threekiii/Awesome-Exploit,Samba/CVE-2017-7494/src/selftest/manage-ca/CA-samba.example.com/DCs/addc.addom.samba.example.com/DC-addc.addom.samba.example.com-S02-req.pem,7a7ee9fa30a9c6ef67b0d2ecba100547a79a6dbf,CVE-2017-7494
484265150,Threekiii/Awesome-Exploit,Samba/CVE-2017-7494/src/source4/setup/display-specifiers/DisplaySpecifiers-Win2k3R2.txt,7a8cf7616d4bbabc07966427540272bd6f75c492,CVE-2017-7494
484265150,Threekiii/Awesome-Exploit,Samba/CVE-2017-7494/src/source4/setup/display-specifiers/DisplaySpecifiers-Win2k3R2.txt,7a8cf7616d4bbabc07966427540272bd6f75c492,VU#29
484265150,Threekiii/Awesome-Exploit,Samba/CVE-2017-7494/src/source4/setup/display-specifiers/DisplaySpecifiers-Win2k3R2.txt,7a8cf7616d4bbabc07966427540272bd6f75c492,VU#60
484265150,Threekiii/Awesome-Exploit,Samba/CVE-2017-7494/src/source4/setup/display-specifiers/DisplaySpecifiers-Win2k3R2.txt,7a8cf7616d4bbabc07966427540272bd6f75c492,VU#70
484265150,Threekiii/Awesome-Exploit,Samba/CVE-2017-7494/src/source4/setup/display-specifiers/DisplaySpecifiers-Win2k3R2.txt,7a8cf7616d4bbabc07966427540272bd6f75c492,VU#21
484265150,Threekiii/Awesome-Exploit,Samba/CVE-2017-7494/src/source4/setup/display-specifiers/DisplaySpecifiers-Win2k3R2.txt,7a8cf7616d4bbabc07966427540272bd6f75c492,VU#251
484265150,Threekiii/Awesome-Exploit,Spring/CVE-2022-22947/CVE-2022-22947_POC.py,7a92ededff669a7a9a035f47560871b4c4c3deef,CVE-2022-22947
484265150,Threekiii/Awesome-Exploit,Samba/CVE-2017-7494/src/source4/torture/rpc/spoolss_access.c,7aa24ac83291841b6c31834e18314f04c38bfc11,CVE-2017-7494
484265150,Threekiii/Awesome-Exploit,Samba/CVE-2017-7494/src/ctdb/tests/eventscripts/05.system.monitor.013.sh,7ab1a07b3a00402b7a93f11faeb43dfd2266dc6d,CVE-2017-7494
484265150,Threekiii/Awesome-Exploit,Samba/CVE-2017-7494/src/librpc/idl/wkssvc.idl,7ab6e52a86afa3d73ad4c932aaefd9465dbec6d7,CVE-2017-7494
484265150,Threekiii/Awesome-Exploit,Samba/CVE-2017-7494/src/ctdb/tcp/tcp_connect.c,7abe321014a8045587e318018652790882f29857,CVE-2017-7494
484265150,Threekiii/Awesome-Exploit,Samba/CVE-2017-7494/src/docs-xml/Samba3-ByExample/images/chap7-net2.svg,7ac74b272a06f0190ec359999d1b50599f7b4e98,CVE-2017-7494
484265150,Threekiii/Awesome-Exploit,Samba/CVE-2017-7494/src/librpc/idl/winreg.cnf,7ad2d93106c151e70988820a68472dcc01900b94,CVE-2017-7494
484265150,Threekiii/Awesome-Exploit,Samba/CVE-2017-7494/src/source3/script/creategroup,7ae593e5d7d4b0175804ea8eb67f725d535a5d16,CVE-2017-7494
484265150,Threekiii/Awesome-Exploit,Samba/CVE-2017-7494/src/ctdb/tests/eventscripts/11.natgw.013.sh,7ae68d03bc26d4f817411455a4276196d230010b,CVE-2017-7494
484265150,Threekiii/Awesome-Exploit,Samba/CVE-2017-7494/src/docs-xml/manpages/sharesec.1.xml,7af79e8b9cb3a5957873b388b4ed1562b01da513,CVE-2017-7494
484265150,Threekiii/Awesome-Exploit,Samba/CVE-2017-7494/src/source3/utils/net_ads.c,7afa8ad4f38bd8bb524ea215199440f82fe6617b,CVE-2017-7494
484265150,Threekiii/Awesome-Exploit,Samba/CVE-2017-7494/src/source3/torture/test_dbwrap_watch.c,7b02ba5499be9c0699601b5d86ffb1f84b37712b,CVE-2017-7494
484265150,Threekiii/Awesome-Exploit,Samba/CVE-2017-7494/src/source3/librpc/gen_ndr/README,7b04b153bf452fee4d1959e8a9ef69d9fcc8412d,CVE-2017-7494
484265150,Threekiii/Awesome-Exploit,Samba/CVE-2017-7494/src/docs-xml/smbdotconf/ldap/ldapgroupsuffix.xml,7b143a2e4a946323c872cb0d4d40555adf9676a8,CVE-2017-7494
484265150,Threekiii/Awesome-Exploit,Samba/CVE-2017-7494/src/docs-xml/smbdotconf/security/restrictanonymous.xml,7b1a7f7f688beade83f39d7dce48997366d99c7f,CVE-2017-7494
484265150,Threekiii/Awesome-Exploit,Samba/CVE-2017-7494/src/testsuite/nsswitch/getent_r.sh,7b1ca3cd1b50a33485005d512f653d6238c77e19,CVE-2017-7494
484265150,Threekiii/Awesome-Exploit,Samba/CVE-2017-7494/src/source3/smbd/srvstr.c,7b21712e99360b7660f22415a372384354ade07b,CVE-2017-7494
484265150,Threekiii/Awesome-Exploit,Samba/CVE-2017-7494/src/source4/ldap_server/devdocs/rfc4517.txt,7b28d96de6d64e63a84c4e33a2745c9968c3402e,CVE-2017-7494
484265150,Threekiii/Awesome-Exploit,Samba/CVE-2017-7494/src/source3/modules/vfs_default_quota.c,7b2e1450670ac3e80fd875a5dc7a15c3dffbf09e,CVE-2017-7494
484265150,Threekiii/Awesome-Exploit,Samba/CVE-2017-7494/src/source4/smbd/process_standard.c,7b39db750c60a0a4a8c47ac3773de69c1abeeb43,CVE-2017-7494
484265150,Threekiii/Awesome-Exploit,Samba/CVE-2017-7494/src/python/samba/tests/__init__.py,7b467b4f9780f948a4c0b9979c9135f05902c0b0,CVE-2017-7494
484265150,Threekiii/Awesome-Exploit,Samba/CVE-2017-7494/src/source3/modules/vfs_acl_common.c,7b4c2392ea2dec7807fc0de4d3638de7e0328d49,CVE-2017-7494
484265150,Threekiii/Awesome-Exploit,Samba/CVE-2017-7494/src/source4/nbt_server/interfaces.c,7b51b4d872871b959696690a69585d1dd7edbff3,CVE-2017-7494
484265150,Threekiii/Awesome-Exploit,Samba/CVE-2017-7494/src/ctdb/tests/tool/ctdb.natgw.001.sh,7b59c14d96e3300da3361538b25f0f665f76d2a1,CVE-2017-7494
484265150,Threekiii/Awesome-Exploit,Samba/CVE-2017-7494/src/source4/setup/schema-map-openldap-2.3,7b60f571dc160bc738669555003fa2ff4a2959d2,CVE-2017-7494
484265150,Threekiii/Awesome-Exploit,Samba/CVE-2017-7494/src/auth/wbc_auth_util.c,7b689a118947ef8cd7a87904290c985e1878d038,CVE-2017-7494
484265150,Threekiii/Awesome-Exploit,Samba/CVE-2017-7494/src/source3/smbd/dosmode.c,7b69dcdec3f7bf61e72ef8351cd0f83fb72e2b3e,CVE-2017-7494
484265150,Threekiii/Awesome-Exploit,Samba/CVE-2017-7494/src/source3/modules/developer.c,7b700c7d23652d0b58f4723747f0d223a5c0b81e,CVE-2017-7494
484265150,Threekiii/Awesome-Exploit,Samba/CVE-2017-7494/src/ctdb/tests/src/comm_test.c,7b7aee48629fdae871bbc5e4022a78a906cbdd13,CVE-2017-7494
484265150,Threekiii/Awesome-Exploit,Samba/CVE-2017-7494/src/source4/ntvfs/posix/pvfs_ioctl.c,7b81c126ecd4a514ca6e9118a5bff0736618a2f0,CVE-2017-7494
484265150,Threekiii/Awesome-Exploit,Samba/CVE-2017-7494/src/auth/credentials/tests/simple.c,7b83360cd66dcfc73c19d57be2f1a9bf58435265,CVE-2017-7494
484265150,Threekiii/Awesome-Exploit,Samba/CVE-2017-7494/src/docs-xml/smbdotconf/locking/kernelsharemodes.xml,7b85aeb2c7b1b0f7cd5a5a6330152e436eae140a,CVE-2017-7494
484265150,Threekiii/Awesome-Exploit,Samba/CVE-2017-7494/src/docs-xml/smbdotconf/winbind/idmapcachetime.xml,7b91fea46979ac1bd7d49e977dbe7b2667b10628,CVE-2017-7494
484265150,Threekiii/Awesome-Exploit,Samba/CVE-2017-7494/src/nsswitch/winbind_nss_hpux.h,7bad4565cd0ef3ed0ed321bc8145caf208677fa0,CVE-2017-7494
484265150,Threekiii/Awesome-Exploit,Samba/CVE-2017-7494/src/source4/libcli/raw/clitree.c,7bae1b6362b2c4cae2c0989e403c4395454bc2f2,CVE-2017-7494
484265150,Threekiii/Awesome-Exploit,Samba/CVE-2017-7494/src/testsuite/build_farm/torture-DELETE.test,7bbd6c1c4eb82fcb6d6e6dcc2bdce565edbce3fa,CVE-2017-7494
484265150,Threekiii/Awesome-Exploit,Samba/CVE-2017-7494/src/source3/utils/passwd_proto.h,7bc372c48522c07b227f32425c9bed3a0f64e4dc,CVE-2017-7494
484265150,Threekiii/Awesome-Exploit,Samba/CVE-2017-7494/src/source3/script/tests/test_wbinfo_sids2xids_int.py,7bc86f6ac9344a92519d566fc62726cf21fef41f,CVE-2017-7494
484265150,Threekiii/Awesome-Exploit,Samba/CVE-2017-7494/src/source4/ldap_server/devdocs/draft-armijo-ldap-syntax-00.txt,7bdc2ff04212cad5dc2683cc0b049673d0c9042d,CVE-2017-7494
484265150,Threekiii/Awesome-Exploit,Samba/CVE-2017-7494/src/source3/script/tests/test_wbinfo_sids2xids.sh,7be002f586a180fc8a8118af29474126d5acdfb1,CVE-2017-7494
484265150,Threekiii/Awesome-Exploit,Samba/CVE-2017-7494/src/ctdb/tests/eventscripts/stubs/ipvsadm,7bf3a1311e61c3721a85d2ec3775756e0770cf5c,CVE-2017-7494
484265150,Threekiii/Awesome-Exploit,Samba/CVE-2017-7494/src/testprogs/blackbox/dbcheck-links.sh,7bf3c6609eecbc5bdae06ab3a784d51829fef03a,CVE-2017-7494
484265150,Threekiii/Awesome-Exploit,Samba/CVE-2017-7494/src/source3/utils/regedit_list.c,7bffd2843e72235578a92dc6ce416395bd06cf3c,CVE-2017-7494
484265150,Threekiii/Awesome-Exploit,Samba/CVE-2017-7494/src/librpc/ndr/ndr_witness.h,7bffdb89b20a26802034789bc0b24c4ff3c3b828,CVE-2017-7494
484265150,Threekiii/Awesome-Exploit,Samba/CVE-2017-7494/src/source4/torture/ldap/ldap_sort.c,7c03434e40ee183e603e556d131af490453786a5,CVE-2017-7494
484265150,Threekiii/Awesome-Exploit,Samba/CVE-2017-7494/src/python/samba/netcmd/spn.py,7c158c1a654f95c6451737128973dd969ea6390b,CVE-2017-7494
484265150,Threekiii/Awesome-Exploit,Samba/CVE-2017-7494/src/docs-xml/smbdotconf/misc/usershareprefixdenylist.xml,7c16f3d6e057f768415202cb8acf11d32a77936c,CVE-2017-7494
484265150,Threekiii/Awesome-Exploit,Samba/CVE-2017-7494/src/source3/libsmb/libsmb_path.c,7c221c5467d11bbf14355517487383528e54dfb2,CVE-2017-7494
484265150,Threekiii/Awesome-Exploit,Samba/CVE-2017-7494/src/docs-xml/using_samba/appc.xml,7c22e1f51ff541024530e9ae497dde3110d414d8,CVE-2017-7494
484265150,Threekiii/Awesome-Exploit,Samba/CVE-2017-7494/src/third_party/zlib/contrib/vstudio/vc8/zlibstat.vcproj,7c35e02e420a59ee527f7838c546e529c067076e,CVE-2017-7494
484265150,Threekiii/Awesome-Exploit,Weblogic/weblogicScanner/stars/cve_2020_2883.py,7c426ef2f3f93ec40b5db345ccd19350cd4af5a1,CVE-2020-2883
484265150,Threekiii/Awesome-Exploit,Samba/CVE-2017-7494/src/docs-xml/smbdotconf/misc/auto_services.xml,7c4dbd5880c22b35afd58788531da19aecbcb710,CVE-2017-7494
484265150,Threekiii/Awesome-Exploit,Samba/CVE-2017-7494/src/source4/dsdb/samdb/ldb_modules/extended_dn_out.c,7c519f62d0cc8d5e61026bdd928004dcc3eaedee,CVE-2017-7494
484265150,Threekiii/Awesome-Exploit,Samba/CVE-2017-7494/src/librpc/ndr/ndr_spoolss_buf.c,7c51c6773a8ec65977331b71b03a6b688700e17c,CVE-2017-7494
484265150,Threekiii/Awesome-Exploit,Samba/CVE-2017-7494/src/source4/setup/olc_serverid.conf,7c522959a7c1cff6264fbc36d7c62f13fc3a2c9d,CVE-2017-7494
484265150,Threekiii/Awesome-Exploit,Samba/CVE-2017-7494/src/source3/rpc_client/init_netlogon.c,7c5f4b829b75bdc0d63b1767b1dbc95fc6bcb8a0,CVE-2017-7494
484265150,Threekiii/Awesome-Exploit,Samba/CVE-2017-7494/src/docs-xml/smbdotconf/security/authmethods.xml,7c6449425fedce6ff4f4fb2754e12b82aca3344d,CVE-2017-7494
484265150,Threekiii/Awesome-Exploit,Samba/CVE-2017-7494/src/source3/script/tests/test_failure.sh,7c667544fe322119c987006ae4359365e8cc99a2,CVE-2017-7494
484265150,Threekiii/Awesome-Exploit,Samba/CVE-2017-7494/src/source4/auth/gensec/gensec_krb5_util.h,7c78886ec79457c9e352ab63bbb324c9e6a53810,CVE-2017-7494
484265150,Threekiii/Awesome-Exploit,Samba/CVE-2017-7494/src/ctdb/config/nfs-checks.d/10.status.check,7c93cc7e31f7fe167a5da65b3a8d5f4cba93c5c0,CVE-2017-7494
484265150,Threekiii/Awesome-Exploit,Samba/CVE-2017-7494/src/third_party/zlib/examples/gzlog.c,7cbc3351c61f77a91225b1d6c416e9968f69bbd3,CVE-2017-7494
484265150,Threekiii/Awesome-Exploit,Samba/CVE-2017-7494/src/python/samba/netcmd/processes.py,7cd5dcea172f7d29e77ef3f3eb91195e5c89e1bb,CVE-2017-7494
484265150,Threekiii/Awesome-Exploit,Samba/CVE-2017-7494/src/source4/torture/basic/utable.c,7ce55e9cbaa63d08fc875c9aab3498d1924a87ae,CVE-2017-7494
484265150,Threekiii/Awesome-Exploit,Samba/CVE-2017-7494/src/testprogs/win32/midltests/valid/midltests_strings_array_01.idl,7cf6927a8294751c0747466bd3fd7b69c3d6b547,CVE-2017-7494
484265150,Threekiii/Awesome-Exploit,Samba/CVE-2017-7494/src/ctdb/tests/tool/ctdb.enable.002.sh,7cfac7f4102cf2204a2e48678349a852e36e3071,CVE-2017-7494
484265150,Threekiii/Awesome-Exploit,Samba/CVE-2017-7494/src/docs-xml/smbdotconf/locking/blockinglocks.xml,7d111e888ae8fad1b118da13eaa432cd777c92d4,CVE-2017-7494
484265150,Threekiii/Awesome-Exploit,Samba/CVE-2017-7494/src/ctdb/tests/complex/35_cifs_external_tickle.sh,7d18cc7da0cdf5f6d2f138a659ba825138863beb,CVE-2017-7494
484265150,Threekiii/Awesome-Exploit,Samba/CVE-2017-7494/src/docs-xml/Samba3-ByExample/images/ch7-singleLDAP.svg,7d25304f2bcfff5acc14ef0d166c0db1f9f44f04,CVE-2017-7494
484265150,Threekiii/Awesome-Exploit,Samba/CVE-2017-7494/src/source4/torture/ldap/netlogon.c,7d257d30f8aea06e730d59ae46b4032cad022b95,CVE-2017-7494
484265150,Threekiii/Awesome-Exploit,Samba/CVE-2017-7494/src/ctdb/tests/takeover/simulation/ip_groups3.py,7d347ff2e27d0a4c02473ca2024378a20df681a0,CVE-2017-7494
484265150,Threekiii/Awesome-Exploit,Samba/CVE-2017-7494/src/ctdb/tests/shellcheck/event_scripts.sh,7d38a7356f90dbe03bbb599870199c39e71aa6d0,CVE-2017-7494
484265150,Threekiii/Awesome-Exploit,Samba/CVE-2017-7494/src/pidl/wscript,7d43dfd7df7cab41dbfd6a125fafce3b37309dfa,CVE-2017-7494
484265150,Threekiii/Awesome-Exploit,Samba/CVE-2017-7494/src/source3/utils/net_notify.c,7d468f95b20ae8b64db6de7363bc49392b38686f,CVE-2017-7494
484265150,Threekiii/Awesome-Exploit,Samba/CVE-2017-7494/src/source3/smbd/notifyd/wscript_build,7d509b71298b1731b2a9bbd738b5c9b67c6ee5e7,CVE-2017-7494
484265150,Threekiii/Awesome-Exploit,Samba/CVE-2017-7494/src/examples/auth/wscript_build,7d5a4508d5dd72cd1fa7c08331691506a822bca6,CVE-2017-7494
484265150,Threekiii/Awesome-Exploit,Samba/CVE-2017-7494/src/source4/auth/ntlm/auth.c,7d5d16971169db894fad66159083d5473726466f,CVE-2017-7494
484265150,Threekiii/Awesome-Exploit,Samba/CVE-2017-7494/src/third_party/zlib/gzio.c,7d68cc7e0df89310acfaca0378a001d09bd29a9c,CVE-2017-7494
484265150,Threekiii/Awesome-Exploit,Samba/CVE-2017-7494/src/docs-xml/smbdotconf/protocol/ntaclsupport.xml,7d6bf9d55b5e7f1624bbfb1e3265cd5216fd4f59,CVE-2017-7494
484265150,Threekiii/Awesome-Exploit,Samba/CVE-2017-7494/src/docs-xml/manpages/vfs_default_quota.8.xml,7d6c8403b4069e12b7b3bdd6b0ac60d658c5c2ca,CVE-2017-7494
484265150,Threekiii/Awesome-Exploit,Samba/CVE-2017-7494/src/source4/libcli/ldap/ldap_bind.c,7d7df6d64c75cdf0cd156ee4e7cd705050b90976,CVE-2017-7494
484265150,Threekiii/Awesome-Exploit,Samba/CVE-2017-7494/src/libcli/smb/smb2_create_blob.h,7d854585e1b22af1421af67d8d8b11f488eb891c,CVE-2017-7494
484265150,Threekiii/Awesome-Exploit,Samba/CVE-2017-7494/src/source4/dsdb/kcc/garbage_collect_tombstones.c,7d902e3bdcb781a808a1615028b465e80b893fe7,CVE-2017-7494
484265150,Threekiii/Awesome-Exploit,Samba/CVE-2017-7494/src/testprogs/blackbox/dbcheck.sh,7d93b14d65320675209d7e8d84581ee7f145ce79,CVE-2017-7494
484265150,Threekiii/Awesome-Exploit,Samba/CVE-2017-7494/src/docs-xml/smbdotconf/printing/addprintercommand.xml,7da34e628f6dc24a81005a2601c5e75c1a7028e3,CVE-2017-7494
484265150,Threekiii/Awesome-Exploit,Samba/CVE-2017-7494/src/docs-xml/Samba3-ByExample/SBE-front-matter.xml,7da70e404c9bcfc354c071018747748fcd4cb0f4,CVE-2017-7494
484265150,Threekiii/Awesome-Exploit,Samba/CVE-2017-7494/src/examples/misc/check_multiple_LDAP_entries.pl,7dbca7b808ea4ed8c8b09ce5160768f86c5d6f85,CVE-2017-7494
484265150,Threekiii/Awesome-Exploit,Samba/CVE-2017-7494/src/ctdb/tests/TODO,7dc280a1a3e46ceca78bf4080b5f752a125b2450,CVE-2017-7494
484265150,Threekiii/Awesome-Exploit,Samba/CVE-2017-7494/src/source4/setup/tests/blackbox_provision-backend.sh,7dcda0e75074c7fadae7e71b88379671b9ce810a,CVE-2017-7494
484265150,Threekiii/Awesome-Exploit,Samba/CVE-2017-7494/src/testprogs/blackbox/wintest/wintest.conf,7ddde8e75545ba54209e80c24800fb3c28ccf5c3,CVE-2017-7494
484265150,Threekiii/Awesome-Exploit,Samba/CVE-2017-7494/src/third_party/pep8/testsuite/W39.py,7deb72f4276fdf38f609c0c7b5c122274b327aca,CVE-2017-7494
484265150,Threekiii/Awesome-Exploit,Samba/CVE-2017-7494/src/examples/libsmbclient/testutime.c,7dec71588ee984b6e3ad12bbb78e1ad8f44f9394,CVE-2017-7494
484265150,Threekiii/Awesome-Exploit,Samba/CVE-2017-7494/src/source3/winbindd/nss_info.c,7e03cf9426cfb1d0ccb51909a05ee140508d24dd,CVE-2017-7494
484265150,Threekiii/Awesome-Exploit,Samba/CVE-2017-7494/src/source3/librpc/idl/secrets.idl,7e25bb178c6d0a582739960a601551f990f21a54,CVE-2017-7494
484265150,Threekiii/Awesome-Exploit,Samba/CVE-2017-7494/src/source3/utils/nmblookup.c,7e665ba0556f97c04ce4f33051b01a95f0c89cb5,CVE-2017-7494
484265150,Threekiii/Awesome-Exploit,Samba/CVE-2017-7494/src/docs-xml/smbdotconf/misc/utmp.xml,7e6d8f9724a471c99ab70ff37b865c1f042e2744,CVE-2017-7494
484265150,Threekiii/Awesome-Exploit,Samba/CVE-2017-7494/src/third_party/waf/wafadmin/3rdparty/paranoid.py,7e8711b838ea4bc4c0cb1d1a06452316fce5d7a3,CVE-2017-7494
484265150,Threekiii/Awesome-Exploit,Samba/CVE-2017-7494/src/libcli/auth/credentials.h,7e8bce73fcc510e763a66a4e59d0f5d31ad1e82f,CVE-2017-7494
484265150,Threekiii/Awesome-Exploit,Samba/CVE-2017-7494/src/source4/ntvfs/posix/pvfs_write.c,7ead6d17ede7851b763bfb4430d2ad504657aeb9,CVE-2017-7494
484265150,Threekiii/Awesome-Exploit,Samba/CVE-2017-7494/src/docs-xml/Samba3-Developers-Guide/index.xml,7eb284ec5ba9d7d1fe13e599e0b87e25a166f326,CVE-2017-7494
484265150,Threekiii/Awesome-Exploit,Samba/CVE-2017-7494/src/third_party/pyiso8601/dev-requirements.txt,7ebb80ba9cf4256753f1d69b89e4df912ab45c96,CVE-2017-7494
484265150,Threekiii/Awesome-Exploit,Samba/CVE-2017-7494/src/source4/smb_server/blob.c,7ecae904f9beaaeead3fc755448c6ebff342e371,CVE-2017-7494
484265150,Threekiii/Awesome-Exploit,Samba/CVE-2017-7494/src/source3/libsmb/namequery.c,7ed545887da32fa649947d6efa3a63bc5a9b6513,CVE-2017-7494
484265150,Threekiii/Awesome-Exploit,Samba/CVE-2017-7494/src/ctdb/tests/eventscripts/40.vsftpd.monitor.001.sh,7ed7c63bfb98148d9e49dc308e288751ee0dbf4c,CVE-2017-7494
484265150,Threekiii/Awesome-Exploit,Samba/CVE-2017-7494/src/source4/rpc_server/eventlog/dcesrv_eventlog6.c,7ede0c2731754a9ec41b377cdd6087518312de8f,CVE-2017-7494
484265150,Threekiii/Awesome-Exploit,Samba/CVE-2017-7494/src/source4/wrepl_server/wrepl_out_pull.c,7ee1867a3c27f454cfc55838eb8346a37187f21b,CVE-2017-7494
484265150,Threekiii/Awesome-Exploit,Samba/CVE-2017-7494/src/source3/rpc_server/fssd.c,7f1368341c630b4d17bf13391f2eab307d8603f9,CVE-2017-7494
484265150,Threekiii/Awesome-Exploit,Samba/CVE-2017-7494/src/libcli/auth/netlogon_creds_cli.c,7f13c0fe34a84baec1a996b7fae02e4aa6f17a36,CVE-2017-7494
484265150,Threekiii/Awesome-Exploit,Samba/CVE-2017-7494/src/examples/libsmbclient/testfstatvfs.c,7f16a220e7c20b6e1f61769d78fb70f68faf5f11,CVE-2017-7494
484265150,Threekiii/Awesome-Exploit,Samba/CVE-2017-7494/src/ctdb/tests/takeover/lcp2.027.sh,7f1b9b9e16675c13879131b22ac244f96a189ed4,CVE-2017-7494
484265150,Threekiii/Awesome-Exploit,Samba/CVE-2017-7494/src/source4/torture/smb2/acls.c,7f23901f32ddd0713c7979e5e1ce67801dc3b068,CVE-2017-7494
484265150,Threekiii/Awesome-Exploit,Samba/CVE-2017-7494/src/source3/utils/net_help.c,7f2cc526069db59d9d4017eaa381b70a1ab84d3c,CVE-2017-7494
484265150,Threekiii/Awesome-Exploit,Samba/CVE-2017-7494/src/selftest/slow,7f367154c9dcff2236765497feeb5c6ac9b8de4f,CVE-2017-7494
484265150,Threekiii/Awesome-Exploit,Samba/CVE-2017-7494/src/source3/smbd/share_access.c,7f3f95bd70089e5a0c3d7d4a3796e0d861232a94,CVE-2017-7494
484265150,Threekiii/Awesome-Exploit,Samba/CVE-2017-7494/src/source3/script/count_80_col.pl,7f506635b5b4df3f6c75fa395f1e1cb14a83a8ae,CVE-2017-7494
484265150,Threekiii/Awesome-Exploit,Samba/CVE-2017-7494/src/docs-xml/Samba3-HOWTO/TOSHARG-Compiling.xml,7f5178a89ed3c092109205a685f05b26fed1499d,CVE-2017-7494
484265150,Threekiii/Awesome-Exploit,Samba/CVE-2017-7494/src/testprogs/blackbox/test_kinit_heimdal.sh,7f5c4167dac6ef84024c5e63cd823d5ca12b53b9,CVE-2017-7494
484265150,Threekiii/Awesome-Exploit,Samba/CVE-2017-7494/src/examples/VFS/skel_transparent.c,7f66984e5eb48f5fb26dba1ed80934b0ae27a33d,CVE-2017-7494
484265150,Threekiii/Awesome-Exploit,Samba/CVE-2017-7494/src/ctdb/tests/tool/ctdb.setdbsticky.004.sh,7f6d17b02c7ffd83a701da4aeb2a17cc4e25aee3,CVE-2017-7494
484265150,Threekiii/Awesome-Exploit,Samba/CVE-2017-7494/src/ctdb/tests/tool/ctdb.setdbreadonly.003.sh,7f6e0f9507163a9ccd53399b838558d9c3bbeb1b,CVE-2017-7494
484265150,Threekiii/Awesome-Exploit,Samba/CVE-2017-7494/src/source4/ldap_server/devdocs/rfc4510.txt,7f843d38cc45ddd6c9ab2e8157c934b6b1a29f0c,CVE-2017-7494
484265150,Threekiii/Awesome-Exploit,Samba/CVE-2017-7494/src/third_party/dnspython/dns/rdtypes/ANY/DNAME.py,7f867291ef13139d5bd4574611fef6cbb6f96c6c,CVE-2017-7494
484265150,Threekiii/Awesome-Exploit,Samba/CVE-2017-7494/src/source3/smbd/smb2_glue.c,7f899972c7cbd0fe861c4a32c89084a6521cbc2d,CVE-2017-7494
484265150,Threekiii/Awesome-Exploit,Samba/CVE-2017-7494/src/ctdb/tests/scripts/unit.sh,7f8bb99cd42e333ff4e893b0c6ea2020f3a4da09,CVE-2017-7494
484265150,Threekiii/Awesome-Exploit,Samba/CVE-2017-7494/src/ctdb/tests/eventscripts/60.nfs.monitor.114.sh,7f8e85e5b529b9df07981e4dd05a3ab9efe195cc,CVE-2017-7494
484265150,Threekiii/Awesome-Exploit,Samba/CVE-2017-7494/src/source3/winbindd/winbindd_pam_chng_pswd_auth_crap.c,7f923c185203c6c5afe576468f35b3c173b0abc2,CVE-2017-7494
484265150,Threekiii/Awesome-Exploit,Samba/CVE-2017-7494/src/script/release.sh,7fa5718942bcd0614080e257cfbe9a989926fa89,CVE-2017-7494
484265150,Threekiii/Awesome-Exploit,Samba/CVE-2017-7494/src/third_party/pyiso8601/.hgtags,7fa82cb41c42afd2797abe5ba98ac2749f71a103,CVE-2017-7494
484265150,Threekiii/Awesome-Exploit,Samba/CVE-2017-7494/src/librpc/idl/browser.idl,7fb646b6794f1be3253b77126989f069d74d1658,CVE-2017-7494
484265150,Threekiii/Awesome-Exploit,Samba/CVE-2017-7494/src/source4/ntvfs/common/ntvfs_common.h,7fb98d7bb8f29d1580c6152e81a6f701f30bcdf7,CVE-2017-7494
484265150,Threekiii/Awesome-Exploit,Samba/CVE-2017-7494/src/source4/auth/ntlm/auth_simple.c,7fbef5b61515b0c8de38aec7435a553ee5637c90,CVE-2017-7494
484265150,Threekiii/Awesome-Exploit,Samba/CVE-2017-7494/src/ctdb/tests/takeover/lcp2.006.sh,7fce206f49790328a0525052ed0b695aadeba285,CVE-2017-7494
484265150,Threekiii/Awesome-Exploit,Samba/CVE-2017-7494/src/ctdb/tests/simple/README,7fd2b41feab3d124a5313ea78292aee5a074623a,CVE-2017-7494
484265150,Threekiii/Awesome-Exploit,Samba/CVE-2017-7494/src/docs-xml/smbdotconf/printing/printcommand.xml,7ff2fdd9831ec79e10dc49a97b833e715a6db06c,CVE-2017-7494
484265150,Threekiii/Awesome-Exploit,Weblogic/weblogicScanner/stars/cve_2019_2618.py,800925c22104d93fe4d7acb747e0cc82511f15fb,CVE-2019-2618
484265150,Threekiii/Awesome-Exploit,Weblogic/weblogicScanner/stars/cve_2019_2618.py,800925c22104d93fe4d7acb747e0cc82511f15fb,CVE-2018-2894
484265150,Threekiii/Awesome-Exploit,Samba/CVE-2017-7494/src/source4/auth/ntlm/auth_server_service.c,800af266e47d619c1770cb2a5098be2192dc6422,CVE-2017-7494
484265150,Threekiii/Awesome-Exploit,Samba/CVE-2017-7494/src/source4/ldap_server/devdocs/rfc4518.txt,800ceaa072c963fbb6d06de88dc609cb7025c26b,CVE-2017-7494
484265150,Threekiii/Awesome-Exploit,Samba/CVE-2017-7494/src/source4/heimdal/README,800e2f8d2778f71e44dd3594452dc8da594f54b3,CVE-2017-7494
484265150,Threekiii/Awesome-Exploit,Samba/CVE-2017-7494/src/source4/libcli/smb_composite/savefile.c,800fed9650100dc1e0128bde7de330edc57e721c,CVE-2017-7494
484265150,Threekiii/Awesome-Exploit,Samba/CVE-2017-7494/src/source3/winbindd/winbindd_ping_dc.c,801c89f75eec66a75d2fa234946efaf7fae92cad,CVE-2017-7494
484265150,Threekiii/Awesome-Exploit,Samba/CVE-2017-7494/src/source4/nbt_server/wins/winsdb.h,8024fcccca0968630815beb3a5abeb719c2b2b7a,CVE-2017-7494
484265150,Threekiii/Awesome-Exploit,Samba/CVE-2017-7494/src/auth/gensec/gensec_start.c,802a6029b22b41a707a14ac6b7597813190f87dc,CVE-2017-7494
484265150,Threekiii/Awesome-Exploit,Samba/CVE-2017-7494/src/third_party/zlib/contrib/infback9/inftree9.c,80327b1628cac44084d057f1933b24921c18a0f4,CVE-2017-7494
484265150,Threekiii/Awesome-Exploit,Samba/CVE-2017-7494/src/source3/rpc_server/svcctl/srv_svcctl_reg.c,80340a3c7d16b4439ff1af2b1e5075949353f3f2,CVE-2017-7494
484265150,Threekiii/Awesome-Exploit,Samba/CVE-2017-7494/src/auth/gensec/spnego.c,803c79a3e85a27281b6d3e19d8d39ee8452f986c,CVE-2017-7494
484265150,Threekiii/Awesome-Exploit,Samba/CVE-2017-7494/src/libcli/util/wscript_build,803e3bf93937c91b1586138c6611a7c24c20ebd3,CVE-2017-7494
484265150,Threekiii/Awesome-Exploit,Samba/CVE-2017-7494/src/docs-xml/smbdotconf/security/security.xml,804955f32a76aa32bb48a6d61e2de64e44f12fe7,CVE-2017-7494
484265150,Threekiii/Awesome-Exploit,Samba/CVE-2017-7494/src/source4/dsdb/tests/python/dsdb_schema_info.py,804e155b9e76dbdb963b6baf3e437bd83951545c,CVE-2017-7494
484265150,Threekiii/Awesome-Exploit,Samba/CVE-2017-7494/src/third_party/waf/wafadmin/Tools/config_c.py,804e4314972e935878ebcaa9a0369467cd0dcbbf,CVE-2017-7494
484265150,Threekiii/Awesome-Exploit,Weblogic/weblogicScanner/stars/cve_2019_2890.py,806584388d96adc2f1831f767f6a650d1a69912a,CVE-2019-2890
484265150,Threekiii/Awesome-Exploit,Samba/CVE-2017-7494/src/source3/winbindd/winbindd_samr.c,806fd3dc087062c8ccd36066a4d2f8b106fd3d9b,CVE-2017-7494
484265150,Threekiii/Awesome-Exploit,Samba/CVE-2017-7494/src/packaging/RHEL-CTDB/setup/samba.sysconfig,8072e508f61dedbc48e352d5181531957a3e0cf9,CVE-2017-7494
484265150,Threekiii/Awesome-Exploit,Samba/CVE-2017-7494/src/source3/printing/pcap.c,80732b4a5b58d5aedcdc7b46f6f85a420d2ae05d,CVE-2017-7494
484265150,Threekiii/Awesome-Exploit,Samba/CVE-2017-7494/src/source3/libsmb/errormap_wbc.h,8080bff263d86f45a324d706cfea08996092339a,CVE-2017-7494
484265150,Threekiii/Awesome-Exploit,Samba/CVE-2017-7494/src/source4/ldap_server/devdocs/rfc2696.txt,809b4d8eba055318a61e91acf690286ea7561e58,CVE-2017-7494
484265150,Threekiii/Awesome-Exploit,Samba/CVE-2017-7494/src/source3/smbd/sesssetup.c,80a5f77442dfc411cd76ad02e41f16631811738b,CVE-2017-7494
484265150,Threekiii/Awesome-Exploit,Samba/CVE-2017-7494/src/nsswitch/libwbclient/wbc_pam.c,80ab37cf7fd85e5771a89b771e8567c3db380289,CVE-2017-7494
484265150,Threekiii/Awesome-Exploit,Samba/CVE-2017-7494/src/buildtools/wafsamba/samba_conftests.py,80b096f51d9242e9f6a4cfc3fa2057de6e771eaf,CVE-2017-7494
484265150,Threekiii/Awesome-Exploit,Samba/CVE-2017-7494/src/ctdb/tests/eventscripts/91.lvs.ipreallocated.012.sh,80b10321c47f5339b6023aa506f1ed66206a9492,CVE-2017-7494
484265150,Threekiii/Awesome-Exploit,Weblogic/weblogicScanner/stars/cve_2018_3245.py,80b1aa33a025ccdf2b5762df15f7c9c495df0b70,CVE-2018-3245
484265150,Threekiii/Awesome-Exploit,Samba/CVE-2017-7494/src/source3/services/services.h,80b33617b74b0d6ebea35696bd5550a800464698,CVE-2017-7494
484265150,Threekiii/Awesome-Exploit,Samba/CVE-2017-7494/src/source3/printing/notify.h,80b4115dbaee35750e20dd5f11d09af93bcd0661,CVE-2017-7494
484265150,Threekiii/Awesome-Exploit,Samba/CVE-2017-7494/src/docs-xml/xslt/yodl.xsl,80b8af55dc34eb38b5d0fbdb5f4f465f0c5f9e8c,CVE-2017-7494
484265150,Threekiii/Awesome-Exploit,Samba/CVE-2017-7494/src/python/modules.h,80cac17df1443bf5da944d37aaf8ed2afc22643f,CVE-2017-7494
484265150,Threekiii/Awesome-Exploit,Samba/CVE-2017-7494/src/source4/libnet/libnet_lookup.h,80deb6dcd710b74ac92d681aaa9e4cb99f34ea1f,CVE-2017-7494
484265150,Threekiii/Awesome-Exploit,Samba/CVE-2017-7494/src/third_party/popt/popt.h,80ff3b93496888de16889e88b00f7cce7c0be5da,CVE-2017-7494
484265150,Threekiii/Awesome-Exploit,Samba/CVE-2017-7494/src/source4/libcli/smbc/README,81029c9a4a115e2dbe42b840d2248f97c585c3c6,CVE-2017-7494
484265150,Threekiii/Awesome-Exploit,Samba/CVE-2017-7494/src/docs-xml/Samba3-Developers-Guide/rpc_plugin.xml,811731a1fb901a4007cb099efe0c7803585dbf55,CVE-2017-7494
484265150,Threekiii/Awesome-Exploit,Spring/CVE-2016-4977/CVE-2016-4977.py,812d59be0c36424a73abf94aec83ed70a49e14f0,CVE-2016-4977
484265150,Threekiii/Awesome-Exploit,Samba/CVE-2017-7494/src/third_party/pyiso8601/iso8601/__init__.py,8151d80bb4ef951230d86fb24b9071c2a1b75bf2,CVE-2017-7494
484265150,Threekiii/Awesome-Exploit,Samba/CVE-2017-7494/src/source4/ntvfs/posix/pvfs_seek.c,816736b9ab2674d0ec679b825156b18c7ddc65e2,CVE-2017-7494
484265150,Threekiii/Awesome-Exploit,Samba/CVE-2017-7494/src/docs-xml/xslt/generate-dependencies.xsl,8168c16250fc53f62679c1e83c699d93c46b3f86,CVE-2017-7494
484265150,Threekiii/Awesome-Exploit,Samba/CVE-2017-7494/src/source3/rpc_server/epmapper/srv_epmapper.c,81718634ce0165105c91b8b7ca206885733a0dcd,CVE-2017-7494
484265150,Threekiii/Awesome-Exploit,Samba/CVE-2017-7494/src/ctdb/tests/simple/42_ctdb_continue.sh,81917fbbb042a81d3dd8f31f53d13fd7b73a1505,CVE-2017-7494
484265150,Threekiii/Awesome-Exploit,Samba/CVE-2017-7494/src/source4/ntp_signd/README,819b0c5d9e84284ecb6525bf7fcfabce88e43a47,CVE-2017-7494
484265150,Threekiii/Awesome-Exploit,Samba/CVE-2017-7494/src/third_party/zlib/as400/bndsrc,819c6de2028806f723ccf6bc54036d383fbca568,CVE-2017-7494
484265150,Threekiii/Awesome-Exploit,Samba/CVE-2017-7494/src/docs/manpages/profiles.1,81a0beadea03ff6725b8e7bee59f442f84818725,CVE-2017-7494
484265150,Threekiii/Awesome-Exploit,Samba/CVE-2017-7494/src/source3/script/tests/test_smbclient_encryption_off.sh,81dc7d1ff1ad6130cbc6bcc2c2c0f6ed97e8f873,CVE-2017-7494
484265150,Threekiii/Awesome-Exploit,Samba/CVE-2017-7494/src/ctdb/tests/eventscripts/scripts/local.sh,81ef053969d005b259543ad4a04598ad83bc12a8,CVE-2017-7494
484265150,Threekiii/Awesome-Exploit,Samba/CVE-2017-7494/src/source4/selftest/win/common.exp,81fc1521e67f3a8d943ae646dca636088a0a470f,CVE-2017-7494
484265150,Threekiii/Awesome-Exploit,Samba/CVE-2017-7494/src/third_party/waf/wafadmin/3rdparty/go.py,82062536f5d9b19d1d3714f43e048964e769849c,CVE-2017-7494
484265150,Threekiii/Awesome-Exploit,Samba/CVE-2017-7494/src/source3/include/client.h,820ce9e25c170fbf4fe040e6178a19ebbd722321,CVE-2017-7494
484265150,Threekiii/Awesome-Exploit,Samba/CVE-2017-7494/src/third_party/dnspython/dns/rdtypes/ANY/TXT.py,821be4f8bff2176c488e7eb039111ee38e78b5bc,CVE-2017-7494
484265150,Threekiii/Awesome-Exploit,Samba/CVE-2017-7494/src/packaging/systemd/smb.service,8228935af8b819c7e16ebb4cbf11fe3789b498ad,CVE-2017-7494
484265150,Threekiii/Awesome-Exploit,Samba/CVE-2017-7494/src/source4/libcli/smb2/lease_break.c,8235bfea6572b1bbe41aa76ce3d31627cd2b43a1,CVE-2017-7494
484265150,Threekiii/Awesome-Exploit,Samba/CVE-2017-7494/src/docs-xml/xslt/html/samba.css,824a63ac940e690f2573d5cadb3e5ad6cd4d76e7,CVE-2017-7494
484265150,Threekiii/Awesome-Exploit,Samba/CVE-2017-7494/src/docs-xml/smbdotconf/browse/localmaster.xml,8261eef6fe24a5f17d90934de2716f61f03eb34a,CVE-2017-7494
484265150,Threekiii/Awesome-Exploit,Samba/CVE-2017-7494/src/source4/dsdb/tests/python/token_group.py,826d9cef45e5a7026701181eb4a681863049f906,CVE-2017-7494
484265150,Threekiii/Awesome-Exploit,Samba/CVE-2017-7494/src/ctdb/server/ctdb_lock.c,8274736fe967c4e55673ea7d025087a54753d35c,CVE-2017-7494
484265150,Threekiii/Awesome-Exploit,Samba/CVE-2017-7494/src/source4/utils/tests/test_demote.sh,827e76aef9a7ac07975b627ef8cd4ed5b6f15d30,CVE-2017-7494
484265150,Threekiii/Awesome-Exploit,Samba/CVE-2017-7494/src/ctdb/tests/simple/08_ctdb_isnotrecmaster.sh,82820d479e3237e65a87f5e534ce014f5f019b96,CVE-2017-7494
484265150,Threekiii/Awesome-Exploit,Samba/CVE-2017-7494/src/librpc/ndr/uuid.c,8283d71d00d328ea4cbf2bc8af0ec677e4178cdd,CVE-2017-7494
484265150,Threekiii/Awesome-Exploit,Samba/CVE-2017-7494/src/source4/torture/ndr/ndr.h,829525ab07896747612112fd01d6533f654966e4,CVE-2017-7494
484265150,Threekiii/Awesome-Exploit,Samba/CVE-2017-7494/src/source4/client/cifsdd.c,82b1c71884bf9724eb9f4e51a112468aafcf5b14,CVE-2017-7494
484265150,Threekiii/Awesome-Exploit,Samba/CVE-2017-7494/src/source3/.clang_complete,82b22ef5e85a777c5135fcc6fe78d843067a315a,CVE-2017-7494
484265150,Threekiii/Awesome-Exploit,Samba/CVE-2017-7494/src/source4/ldap_server/ldap_extended.c,82b397f6573362ace04b5046476bc171f60721c5,CVE-2017-7494
484265150,Threekiii/Awesome-Exploit,Samba/CVE-2017-7494/src/source3/locale/pam_winbind/nb.po,82b6f248548bd58c908345c6cf0c1a2175cb4d68,CVE-2017-7494
484265150,Threekiii/Awesome-Exploit,Samba/CVE-2017-7494/src/source4/ldap_server/devdocs/rfc4525.txt,82b7a0533c4c4164d9624733d2df7854a5e17502,CVE-2017-7494
484265150,Threekiii/Awesome-Exploit,Samba/CVE-2017-7494/src/ctdb/tests/tool/ctdb.ifaces.001.sh,82b9d073bb1d3088646aa3ae489473c0aadd06db,CVE-2017-7494
484265150,Threekiii/Awesome-Exploit,Samba/CVE-2017-7494/src/ctdb/tests/eventscripts/91.lvs.ipreallocated.014.sh,82c646799d8e212eea8b54d480318365386b8b48,CVE-2017-7494
484265150,Threekiii/Awesome-Exploit,Samba/CVE-2017-7494/src/python/samba/netcmd/ldapcmp.py,82df48eaac3e759e57ca2b02417602ef84ed7971,CVE-2017-7494
484265150,Threekiii/Awesome-Exploit,Samba/CVE-2017-7494/src/source4/smb_server/smb2/tcon.c,82e6b4153a877b7dac09744afe7d03c00a3caf67,CVE-2017-7494
484265150,Threekiii/Awesome-Exploit,Samba/CVE-2017-7494/src/libcli/echo/echo.c,82f4ab31a13eed6a80d0d29a8b23728519718ac3,CVE-2017-7494
484265150,Threekiii/Awesome-Exploit,Samba/CVE-2017-7494/src/ctdb/tests/onnode/stubs/ctdb,8302c3feb03c9fcec8b6ff611f1dc16d99421aac,CVE-2017-7494
484265150,Threekiii/Awesome-Exploit,Samba/CVE-2017-7494/src/source4/smb_server/smb/signing.c,83089613a549f0a7b71edecac7f49ff2f2be9ae4,CVE-2017-7494
484265150,Threekiii/Awesome-Exploit,Samba/CVE-2017-7494/src/third_party/dnspython/examples/reverse.py,8308bbe8b2ae06a29d51e14c513be74bdc51c35b,CVE-2017-7494
484265150,Threekiii/Awesome-Exploit,Samba/CVE-2017-7494/src/docs-xml/smbdotconf/security/sambakcccommand.xml,8318b0e38355af8b4890ea62dc9368c75a9eb15a,CVE-2017-7494
484265150,Threekiii/Awesome-Exploit,Samba/CVE-2017-7494/src/testsuite/smbd/sec_ctx_stack.c,83281510de7b27e8316f63c14b3bfdba0096010e,CVE-2017-7494
484265150,Threekiii/Awesome-Exploit,Samba/CVE-2017-7494/src/third_party/dnspython/tests/ntoaaton.py,832d9531a6a628df4087d40534aa090df9a538da,CVE-2017-7494
484265150,Threekiii/Awesome-Exploit,Samba/CVE-2017-7494/src/testsuite/build_farm/template/basicsmb.smb.conf.share,832f5c985951deed0f14b90a4895434546701efe,CVE-2017-7494
484265150,Threekiii/Awesome-Exploit,Samba/CVE-2017-7494/src/third_party/waf/wafadmin/Tools/intltool.py,8337c1b57cfa7aca43018b0d1b034930e616a761,CVE-2017-7494
484265150,Threekiii/Awesome-Exploit,Samba/CVE-2017-7494/src/docs-xml/manpages/log2pcap.1.xml,8344aa7acec029f3c191c26e6c369cd9f2e35258,CVE-2017-7494
484265150,Threekiii/Awesome-Exploit,Samba/CVE-2017-7494/src/source3/libsmb/libsmb.h,835097fba627820dcef5480bd3a8ced26243efb9,CVE-2017-7494
484265150,Threekiii/Awesome-Exploit,Samba/CVE-2017-7494/src/docs/manpages/vfs_gpfs.8,8382d821dc7f1f3e78df882284c2a637610242a1,CVE-2017-7494
484265150,Threekiii/Awesome-Exploit,Samba/CVE-2017-7494/src/source3/.indent.pro,838a056a645df8487e83e73106e36687d09e40c1,CVE-2017-7494
484265150,Threekiii/Awesome-Exploit,Samba/CVE-2017-7494/src/nsswitch/libwbclient/ABI/wbclient-0.13.sigs,838beabaaa9bb8f61c37e79dbbfa14d86332b5af,CVE-2017-7494
484265150,Threekiii/Awesome-Exploit,Samba/CVE-2017-7494/src/source3/script/build_env.sh,83a4b745f8296dc8f8f6527cdec8f9f9e210038a,CVE-2017-7494
484265150,Threekiii/Awesome-Exploit,Weblogic/weblogicScanner/stars/__pycache__/cve_2020_2551.cpython-36.pyc,83b66755cef2d2b0bd2a55fa2d9e2ba064094944,CVE-2020-2551
484265150,Threekiii/Awesome-Exploit,Samba/CVE-2017-7494/src/source4/dsdb/samdb/ldb_modules/schema_data.c,83bbf74af629ab9b11ac448ee5cab34a6e5f1469,CVE-2017-7494
484265150,Threekiii/Awesome-Exploit,Samba/CVE-2017-7494/src/source3/winbindd/wb_ping.c,83c259cfd198450435b0fbebeb1659b79ec1ffdb,CVE-2017-7494
484265150,Threekiii/Awesome-Exploit,Samba/CVE-2017-7494/src/source3/smbd/notifyd/notifydd.c,83c50193def5a7610d7afc28fd35de26784546ef,CVE-2017-7494
484265150,Threekiii/Awesome-Exploit,Samba/CVE-2017-7494/src/docs-xml/manpages/vfs_acl_xattr.8.xml,83c9e9404335f22d0f0242954fd57db606945cbb,CVE-2017-7494
484265150,Threekiii/Awesome-Exploit,Samba/CVE-2017-7494/src/third_party/dnspython/dns/rdtypes/IN/KX.py,83d1ffa862b3bac5e472f2d535ae9bfea944d7d8,CVE-2017-7494
484265150,Threekiii/Awesome-Exploit,Samba/CVE-2017-7494/src/docs-xml/smbdotconf/misc/nbtclientsocketaddress.xml,83d3a606d13bd3ff4c19ce72783d3e8a76128e9e,CVE-2017-7494
484265150,Threekiii/Awesome-Exploit,Samba/CVE-2017-7494/src/source4/selftest/win/wintest_2k3_dc.sh,83e76883546dd69e15e246189e742e814e4f690d,CVE-2017-7494
484265150,Threekiii/Awesome-Exploit,Samba/CVE-2017-7494/src/python/samba/tests/upgrade.py,83fc4af0b0e8924ee89c047d7e3d6b2f8f52cd65,CVE-2017-7494
484265150,Threekiii/Awesome-Exploit,Samba/CVE-2017-7494/src/python/samba/tests/source.py,83fc916b73f7d42c895750ab2bdcf29b22858ca2,CVE-2017-7494
484265150,Threekiii/Awesome-Exploit,Samba/CVE-2017-7494/src/source4/torture/smb2/delete-on-close.c,8404265b4c39cca797ecceb2a40dced5cd868c5c,CVE-2017-7494
484265150,Threekiii/Awesome-Exploit,Samba/CVE-2017-7494/src/testsuite/build_farm/torture-TCON1.test,84270d5d1716044cd387e64487e83d679488dc9a,CVE-2017-7494
484265150,Threekiii/Awesome-Exploit,Samba/CVE-2017-7494/src/docs/manpages/findsmb.1,8431844ad5c704aedd37fcf8f51e44f11332ab0b,CVE-2017-7494
484265150,Threekiii/Awesome-Exploit,Samba/CVE-2017-7494/src/source3/librpc/idl/wscript_build,84428c0cebd04b9de0034e4c9dbada8ad7f64d84,CVE-2017-7494
484265150,Threekiii/Awesome-Exploit,Samba/CVE-2017-7494/src/source3/rpcclient/cmd_fss.c,8442959334f905c465054931b33f0acc376c8598,CVE-2017-7494
484265150,Threekiii/Awesome-Exploit,Samba/CVE-2017-7494/src/testprogs/win32/midltests/valid/midltests_strings_array_02.txt,844337fec511b26e4c85949e24545b26c5b2e29c,CVE-2017-7494
484265150,Threekiii/Awesome-Exploit,Samba/CVE-2017-7494/src/source4/torture/local/nss_tests.c,844956c12766dc908214e77d10009f8f27edf07f,CVE-2017-7494
484265150,Threekiii/Awesome-Exploit,Samba/CVE-2017-7494/src/source3/libnet/libnet_keytab.h,84504e53073b1994e20f442767869241299434f9,CVE-2017-7494
484265150,Threekiii/Awesome-Exploit,Samba/CVE-2017-7494/src/source4/dsdb/schema/prefixmap.h,8451e0f6c5e9af1612dad3a1522c459b7bda5b0b,CVE-2017-7494
484265150,Threekiii/Awesome-Exploit,Samba/CVE-2017-7494/src/testdata/samba3/samba3.ldif,84577bbd0be9080a6f810c44e65a454215d4e36a,CVE-2017-7494
484265150,Threekiii/Awesome-Exploit,Samba/CVE-2017-7494/src/source3/winbindd/idmap_tdb_common.h,845b4e41c93256234a7cd94ad0028cdd0d1978da,CVE-2017-7494
484265150,Threekiii/Awesome-Exploit,Samba/CVE-2017-7494/src/testsuite/smbd/se_access_check_printer.c,846658e7a0da260644fdd29f28bf4a98c75eb45f,CVE-2017-7494
484265150,Threekiii/Awesome-Exploit,Samba/CVE-2017-7494/src/source3/exports/libaddns.syms,847af8983543b34744e373c9a6015cd02a663bb8,CVE-2017-7494
484265150,Threekiii/Awesome-Exploit,Samba/CVE-2017-7494/src/source3/utils/net_group.c,84803f4aa2bbb829447c99a852ce77e0199b9a3a,CVE-2017-7494
484265150,Threekiii/Awesome-Exploit,Samba/CVE-2017-7494/src/source4/setup/named.txt,84848d1a680ac0e75d8b74110c4888146c876c28,CVE-2017-7494
484265150,Threekiii/Awesome-Exploit,Samba/CVE-2017-7494/src/docs-xml/Samba3-HOWTO/TOSHARG-ProfileMgmt.xml,848e10b32173537d8aa9faebe11aa6eea87b07a3,CVE-2017-7494
484265150,Threekiii/Awesome-Exploit,Samba/CVE-2017-7494/src/source3/utils/net_lookup.c,84a973da3560e5eb4b18630f531c68d01395362f,CVE-2017-7494
484265150,Threekiii/Awesome-Exploit,Samba/CVE-2017-7494/src/source4/ntvfs/common/opendb_tdb.c,84b16bc52f699d1f6d2d1fe2341bf24e9e00d07d,CVE-2017-7494
484265150,Threekiii/Awesome-Exploit,Samba/CVE-2017-7494/src/docs-xml/smbdotconf/protocol/clientmaxprotocol.xml,84d532c9cdacfb03fc3f5c92c6c80d12b3425125,CVE-2017-7494
484265150,Threekiii/Awesome-Exploit,Samba/CVE-2017-7494/src/source3/utils/net_rpc_conf.c,84ed181f123917d4962f08c3b46aa805bf86a9b6,CVE-2017-7494
484265150,Threekiii/Awesome-Exploit,Samba/CVE-2017-7494/src/source4/libnet/libnet_join.c,850bd58d21fdf4fc3b70263335156142a484c269,CVE-2017-7494
484265150,Threekiii/Awesome-Exploit,Samba/CVE-2017-7494/src/third_party/zlib/contrib/dotzlib/DotZLib/CodecBase.cs,850c43bd46945a8a705a756f4ff27edeb78c9d3d,CVE-2017-7494
484265150,Threekiii/Awesome-Exploit,Samba/CVE-2017-7494/src/libcli/smb/smb_signing.c,8521146f65e0d98af1bc4bf5f2c1a6e2db6d3b3c,CVE-2017-7494
484265150,Threekiii/Awesome-Exploit,Samba/CVE-2017-7494/src/testsuite/build_farm/torture-LOCK2.test,8522824b4276b1dbcd2f333a0279875b28ebd58a,CVE-2017-7494
484265150,Threekiii/Awesome-Exploit,Samba/CVE-2017-7494/src/third_party/dnspython/dns/rcode.py,8522b107ba5f66d82676f8b2c02da836a62b2f84,CVE-2017-7494
484265150,Threekiii/Awesome-Exploit,Samba/CVE-2017-7494/src/source4/ntvfs/cifs_posix_cli/README,852bd1d0415f9dbddddde5a6d40b94862a75b2b2,CVE-2017-7494
484265150,Threekiii/Awesome-Exploit,Samba/CVE-2017-7494/src/libcli/smb/smb2cli_tcon.c,852f974a676dc21387a185632047178e41da9077,CVE-2017-7494
484265150,Threekiii/Awesome-Exploit,Samba/CVE-2017-7494/src/source4/rpc_server/drsuapi/dcesrv_drsuapi.h,853bdf525078334161574d0765fd641ec4befc6b,CVE-2017-7494
484265150,Threekiii/Awesome-Exploit,Samba/CVE-2017-7494/src/source4/ntvfs/posix/xattr_system.c,853e968d3e26fbfd5a0b875c7f021076417b984c,CVE-2017-7494
484265150,Threekiii/Awesome-Exploit,Samba/CVE-2017-7494/src/ctdb/server/ctdb_cluster_mutex.h,85470274d9217c058242477a150d0d5c83c018eb,CVE-2017-7494
484265150,Threekiii/Awesome-Exploit,Samba/CVE-2017-7494/src/source3/script/tests/test_smbclient_posix_large.sh,85560ed51b15ce442b7e9979e33f036cb7d0902b,CVE-2017-7494
484265150,Threekiii/Awesome-Exploit,Samba/CVE-2017-7494/src/ctdb/tests/tool/ctdb.pnn.001.sh,855d47012ff3d2ad587c2aa5e3b01d0ceb20e8ed,CVE-2017-7494
484265150,Threekiii/Awesome-Exploit,Samba/CVE-2017-7494/src/source4/rpc_server/epmapper/rpc_epmapper.c,85783be2527981a0dfac925981a149bdc8356fd4,CVE-2017-7494
484265150,Threekiii/Awesome-Exploit,Samba/CVE-2017-7494/src/testprogs/win32/spoolss/README.win32,857d78a9c11f9278539723ad2968fb3dc38a6307,CVE-2017-7494
484265150,Threekiii/Awesome-Exploit,Samba/CVE-2017-7494/src/docs-xml/smbdotconf/logon/addmachinescript.xml,857fdaad8bae7747647e53d33187c88bc9e7a2dc,CVE-2017-7494
484265150,Threekiii/Awesome-Exploit,Samba/CVE-2017-7494/src/source4/ldap_server/devdocs/ldapext-ldapv3-vlv-04.txt,85a11e6da167c6d28703ec0ce7423f42d01da9d4,CVE-2017-7494
484265150,Threekiii/Awesome-Exploit,Samba/CVE-2017-7494/src/source3/smbd/smb2_setinfo.c,85a54aa5734095ebee105d4c258ad4ec69398554,CVE-2017-7494
484265150,Threekiii/Awesome-Exploit,Samba/CVE-2017-7494/src/docs-xml/smbdotconf/misc/include.xml,85bc94046092706a9ae38a27bfe6e55e28293d4f,CVE-2017-7494
484265150,Threekiii/Awesome-Exploit,Spring/CVE-2018-1270/CVE-2018-1270.py,85ed22c435856188de1f8d5dd5b90a06c55be2cd,CVE-2018-1270
484265150,Threekiii/Awesome-Exploit,Weblogic/weblogicScanner/stars/__pycache__/cve_2019_2618.cpython-36.pyc,85f0a0f2c13a61489adb6c2cc93daf6eeac3f1f5,CVE-2019-2618
484265150,Threekiii/Awesome-Exploit,Weblogic/weblogicScanner/stars/__pycache__/cve_2019_2618.cpython-36.pyc,85f0a0f2c13a61489adb6c2cc93daf6eeac3f1f5,CVE-2018-2894
484265150,Threekiii/Awesome-Exploit,Samba/CVE-2017-7494/src/docs/manpages/vfs_streams_xattr.8,86010b228dedb2e8d9a8a1924fdbca130af02f96,CVE-2017-7494
484265150,Threekiii/Awesome-Exploit,Samba/CVE-2017-7494/src/source3/winbindd/winbindd_show_sequence.c,86196e8ec7a76a17b3d2e8cf6b328e836b0d55e0,CVE-2017-7494
484265150,Threekiii/Awesome-Exploit,Samba/CVE-2017-7494/src/COPYING,8624bcdae55baeef00cd11d5dfcfa60f68710a02,CVE-2017-7494
484265150,Threekiii/Awesome-Exploit,Samba/CVE-2017-7494/src/source4/librpc/rpc/dcerpc.h,862a8c78c438803eb9cde7e98f2fb90ed4b7869e,CVE-2017-7494
484265150,Threekiii/Awesome-Exploit,Samba/CVE-2017-7494/src/examples/pcap2nbench/readandxresponse.hpp,86341a3ee1ce1113eb6fade189d051dd4cfed4bd,CVE-2017-7494
484265150,Threekiii/Awesome-Exploit,Samba/CVE-2017-7494/src/source3/libsmb/nmblib.c,864f2306af637be505f8b798e0b67ed3453f2577,CVE-2017-7494
484265150,Threekiii/Awesome-Exploit,Samba/CVE-2017-7494/src/librpc/idl/idl_types.h,86632be3b20e41153e8b0085ef77e07bcd3ef807,CVE-2017-7494
484265150,Threekiii/Awesome-Exploit,Samba/CVE-2017-7494/src/docs-xml/smbdotconf/winbind/winbindrefreshtickets.xml,867be35a747f613b9f0dc5446b9638a7e78f3e56,CVE-2017-7494
484265150,Threekiii/Awesome-Exploit,Samba/CVE-2017-7494/src/ctdb/tests/eventscripts/10.interface.monitor.016.sh,8688a29a94e92286258db569fedd264d42839715,CVE-2017-7494
484265150,Threekiii/Awesome-Exploit,Samba/CVE-2017-7494/src/python/samba/samba3/__init__.py,8698d205b37f89fab90491a03e5190645eff490e,CVE-2017-7494
484265150,Threekiii/Awesome-Exploit,Samba/CVE-2017-7494/src/docs-xml/smbdotconf/security/adminusers.xml,86a154f59c5f144a094c06f4d8ca32b67f2f81d1,CVE-2017-7494
484265150,Threekiii/Awesome-Exploit,Samba/CVE-2017-7494/src/source3/rpcclient/cmd_lsarpc.c,86aacda9b48df17d4216143d55d114d96bbf8e71,CVE-2017-7494
484265150,Threekiii/Awesome-Exploit,Samba/CVE-2017-7494/src/source4/script/buildtree.pl,86b39137ed91d7dd0ebcb77f79dc07f5cec358b3,CVE-2017-7494
484265150,Threekiii/Awesome-Exploit,Samba/CVE-2017-7494/src/source4/winbind/winbindd.c,86bce5da1f417058f24d2f56962ead02d9300bcc,CVE-2017-7494
484265150,Threekiii/Awesome-Exploit,Samba/CVE-2017-7494/src/librpc/ndr/ndr_frsrpc.h,86ce5696963189e4508422d3db48d11acd9f7236,CVE-2017-7494
484265150,Threekiii/Awesome-Exploit,Samba/CVE-2017-7494/src/packaging/SuSE/README,86d0651a79deb1c1502f6e5212ae6a8ff355bc69,CVE-2017-7494
484265150,Threekiii/Awesome-Exploit,Samba/CVE-2017-7494/src/source4/ntvfs/simple/README,86d8ca14a0199573a5ae08c4053fa59d7c7a2d7d,CVE-2017-7494
484265150,Threekiii/Awesome-Exploit,Samba/CVE-2017-7494/src/ctdb/tests/scripts/common.sh,86deff0b97319991608be0e8c938c1d98ddd64b6,CVE-2017-7494
484265150,Threekiii/Awesome-Exploit,Samba/CVE-2017-7494/src/source4/auth/ntlm/auth_winbind.c,86e42e3841ba844bad80206507b3cceca2469e7e,CVE-2017-7494
484265150,Threekiii/Awesome-Exploit,Samba/CVE-2017-7494/src/source4/ntvfs/common/init.c,86f3236270adf8b5a8ba485705ce08d808c755c3,CVE-2017-7494
484265150,Threekiii/Awesome-Exploit,Samba/CVE-2017-7494/src/ctdb/tests/scripts/integration.bash,86f5166c050333b30fedfe7501918beca2e9ee57,CVE-2017-7494
484265150,Threekiii/Awesome-Exploit,Samba/CVE-2017-7494/src/librpc/ndr/ndr_ntprinting.h,86fe056c0f96ce70a9bbcb97fdf665906db786ad,CVE-2017-7494
484265150,Threekiii/Awesome-Exploit,Samba/CVE-2017-7494/src/auth/ntlmssp/ntlmssp_ndr.h,870f6596a5c44c34b03ef5c7bf3fbb7d681c5d05,CVE-2017-7494
484265150,Threekiii/Awesome-Exploit,Samba/CVE-2017-7494/src/ctdb/tests/eventscripts/00.ctdb.setup.004.sh,871a87e66e32705bf18c5e44b99030061a73e874,CVE-2017-7494
484265150,Threekiii/Awesome-Exploit,Samba/CVE-2017-7494/src/source4/selftest/win/wintest_net.sh,871cdbf7faf4010600be72936b8358c6e45d2d83,CVE-2017-7494
484265150,Threekiii/Awesome-Exploit,Samba/CVE-2017-7494/src/source4/auth/pyauth.c,87212369621d6f1861663dc42e8057dc548bd30c,CVE-2017-7494
484265150,Threekiii/Awesome-Exploit,Samba/CVE-2017-7494/src/source4/kdc/wscript_build,8728ede6b641d25c13313a3f0c3f37f73d78b5c4,CVE-2017-7494
484265150,Threekiii/Awesome-Exploit,Samba/CVE-2017-7494/src/source3/libsmb/cliquota.c,872a5f4bb152898c0891b63f52cdc130486d8feb,CVE-2017-7494
484265150,Threekiii/Awesome-Exploit,Samba/CVE-2017-7494/src/docs/manpages/vfs_full_audit.8,872e53ab6f5aa9dbdd2045d57203c832f186e787,CVE-2017-7494
484265150,Threekiii/Awesome-Exploit,Samba/CVE-2017-7494/src/docs-xml/smbdotconf/protocol/defersharingviolations.xml,87442850e21add30bc7c00920faec30b847f6702,CVE-2017-7494
484265150,Threekiii/Awesome-Exploit,Samba/CVE-2017-7494/src/source4/torture/smb2/scan.c,87453f74c4eb9bd5d6fc19834352ce8b54888a08,CVE-2017-7494
484265150,Threekiii/Awesome-Exploit,Samba/CVE-2017-7494/src/source4/libnet/libnet_rpc.h,874eef4d147b549df861827298b40582b8af6836,CVE-2017-7494
484265150,Threekiii/Awesome-Exploit,Samba/CVE-2017-7494/src/ctdb/tests/simple/24_ctdb_getdbmap.sh,87536c2dbe184123e82d6b2da67400675f960e0c,CVE-2017-7494
484265150,Threekiii/Awesome-Exploit,Samba/CVE-2017-7494/src/ctdb/tests/simple/00_ctdb_onnode.sh,875de380eba977e7c98fc037026be8ce3cdad371,CVE-2017-7494
484265150,Threekiii/Awesome-Exploit,Samba/CVE-2017-7494/src/source4/torture/rpc/fsrvp.c,875e18cfe419e5825c07534c4c06f7da33881b79,CVE-2017-7494
484265150,Threekiii/Awesome-Exploit,Samba/CVE-2017-7494/src/docs-xml/smbdotconf/misc/registryshares.xml,87792c6d11e792dceccd30ca2e8dd859733b6876,CVE-2017-7494
484265150,Threekiii/Awesome-Exploit,Samba/CVE-2017-7494/src/ctdb/config/nfs-checks.d/30.nlockmgr.check,87a4abfa8822e0e9a105ef8e8da60cec2cd040e6,CVE-2017-7494
484265150,Threekiii/Awesome-Exploit,Samba/CVE-2017-7494/src/docs-xml/smbdotconf/filename/mapsystem.xml,87c631f25342b023f0740dceaa2a21103e466391,CVE-2017-7494
484265150,Threekiii/Awesome-Exploit,Samba/CVE-2017-7494/src/ctdb/tests/eventscripts/05.system.monitor.016.sh,87eda3e0e9080d214476aef1f0dbca7ff253905d,CVE-2017-7494
484265150,Threekiii/Awesome-Exploit,Samba/CVE-2017-7494/src/ctdb/tests/takeover/simulation/node_group_simple.py,87f4c8812ad4db59790b38100c3daebf0c5ff4ad,CVE-2017-7494
484265150,Threekiii/Awesome-Exploit,Samba/CVE-2017-7494/src/source4/torture/basic/cxd_known.h,87fc4e5c45ee8d9dbf93ed1e33aa83e477a93392,CVE-2017-7494
484265150,Threekiii/Awesome-Exploit,Samba/CVE-2017-7494/src/source3/nmbd/nmbd_logonnames.c,87feb17753d4e7339daf5368ba55c0000748f8ae,CVE-2017-7494
484265150,Threekiii/Awesome-Exploit,Samba/CVE-2017-7494/src/third_party/dnspython/tests/dnssec.py,880cbcbb6238f5fb507cdc0c05128f52e5e388c8,CVE-2017-7494
484265150,Threekiii/Awesome-Exploit,Samba/CVE-2017-7494/src/source4/torture/man/locktest.1.xml,8818de9065d20d86a9ae210af5214b078c8791d6,CVE-2017-7494
484265150,Threekiii/Awesome-Exploit,Samba/CVE-2017-7494/src/docs-xml/smbdotconf/vfs/msdfsproxy.xml,8838ac59a4a609c1fa0af0bcd00934c22f0903d1,CVE-2017-7494
484265150,Threekiii/Awesome-Exploit,Samba/CVE-2017-7494/src/docs-xml/smbdotconf/security/pampasswordchange.xml,8847db4350d71b6a343d75f3bd95f332053e6e3a,CVE-2017-7494
484265150,Threekiii/Awesome-Exploit,Samba/CVE-2017-7494/src/ctdb/tests/src/fake_ctdbd.c,88566888c7144ce07c670c6abee77a90093dfbd1,CVE-2017-7494
484265150,Threekiii/Awesome-Exploit,Samba/CVE-2017-7494/src/docs-xml/smbdotconf/misc/piddirectory.xml,885ddf57baa0f8d693ee726009a520eed94f9558,CVE-2017-7494
484265150,Threekiii/Awesome-Exploit,Samba/CVE-2017-7494/src/source3/torture/test_smb2.c,88630aeabd5a3435e5aecfdf1bb8be7b814a4fcc,CVE-2017-7494
484265150,Threekiii/Awesome-Exploit,Samba/CVE-2017-7494/src/source4/setup/secrets.ldif,886678395995201f65b55a5ad277c6acd4d83475,CVE-2017-7494
484265150,Threekiii/Awesome-Exploit,Samba/CVE-2017-7494/src/librpc/ndr/ndr_dnsp.h,886cc1fae011944b7d929cc1cb04fad9e3d2cfb9,CVE-2017-7494
484265150,Threekiii/Awesome-Exploit,Samba/CVE-2017-7494/src/source3/rpc_server/spoolss/srv_spoolss_util.h,88742b87bc822b28209ac92b86cfb26b3d43d05d,CVE-2017-7494
484265150,Threekiii/Awesome-Exploit,Samba/CVE-2017-7494/src/source3/torture/wbc_async.h,88a4a66fbd787044d694fd33c1457a53484556e7,CVE-2017-7494
484265150,Threekiii/Awesome-Exploit,Tiki/CVE-2020-15906/CVE-2020-15906.py,88a6bca83ae216a3efcd76152bc28e7df5e3cd97,CVE-2020-15906
484265150,Threekiii/Awesome-Exploit,Tiki/CVE-2020-15906/CVE-2020-15906.py,88a6bca83ae216a3efcd76152bc28e7df5e3cd97,CVE-2021-26119
484265150,Threekiii/Awesome-Exploit,Tiki/CVE-2020-15906/CVE-2020-15906.py,88a6bca83ae216a3efcd76152bc28e7df5e3cd97,CVE-2021-26120
484265150,Threekiii/Awesome-Exploit,Samba/CVE-2017-7494/src/python/samba/upgradehelpers.py,88a75837de134d58b9eac60b6ec7c7f2fd842e7a,CVE-2017-7494
484265150,Threekiii/Awesome-Exploit,Samba/CVE-2017-7494/src/testdata/samba3/winbindd_idmap.tdb,88d51366a5990efe9be8d17527290a06f020c7c4,CVE-2017-7494
484265150,Threekiii/Awesome-Exploit,Samba/CVE-2017-7494/src/docs-xml/smbdotconf/protocol/aclallowexecutealways.xml,88e01f98d24a94a7572f5e3c2e27ced58d98cbd9,CVE-2017-7494
484265150,Threekiii/Awesome-Exploit,Samba/CVE-2017-7494/src/python/samba/tests/provision.py,88f77e472b1649fc08f54fc40ac2c905da5fd58e,CVE-2017-7494
484265150,Threekiii/Awesome-Exploit,Samba/CVE-2017-7494/src/source3/script/tests/test_dfree_quota.sh,890222bcb469b0627faeba8270d7d1fc2965fdad,CVE-2017-7494
484265150,Threekiii/Awesome-Exploit,Samba/CVE-2017-7494/src/source4/ldap_server/ldap_server.c,891da1923b608135b02b6cdcecf95aaba791b6c5,CVE-2017-7494
484265150,Threekiii/Awesome-Exploit,Samba/CVE-2017-7494/src/ctdb/tests/takeover/lcp2.017.sh,892c4c0f19accc48aedd849332e25be35b441dcc,CVE-2017-7494
484265150,Threekiii/Awesome-Exploit,Samba/CVE-2017-7494/src/ctdb/tests/eventscripts/13.per_ip_routing.008.sh,892dae5c96e77bbcab1164a677171ca05451f9ed,CVE-2017-7494
484265150,Threekiii/Awesome-Exploit,Samba/CVE-2017-7494/src/examples/ad-bench/settings.sh,893114fcd245881c6888d25f768ef95a73f69d55,CVE-2017-7494
484265150,Threekiii/Awesome-Exploit,Samba/CVE-2017-7494/src/examples/logon/ntlogon/ntlogon.py,8934281d334192ea6db01e3d826cd615c15ef613,CVE-2017-7494
484265150,Threekiii/Awesome-Exploit,Samba/CVE-2017-7494/src/selftest/manage-ca/CA-samba.example.com/Users/pkinit@addom.samba.example.com/USER-pkinit@addom.samba.example.com-S05-private.p12,8943292d48a2f7b3d68ce67c7596528cbf16ed2c,CVE-2017-7494
484265150,Threekiii/Awesome-Exploit,Samba/CVE-2017-7494/src/source3/torture/denytest.c,89442ff46af715ebc82bbb7cddf4bc6377f2250f,CVE-2017-7494
484265150,Threekiii/Awesome-Exploit,Samba/CVE-2017-7494/src/source3/libsmb/conncache.c,895d67305873f4c3960782d3d418a56f2bf2f432,CVE-2017-7494
484265150,Threekiii/Awesome-Exploit,Samba/CVE-2017-7494/src/source3/smbd/oplock_linux.c,895eaa29d2ebb662aa239c0412598f720f68a5e1,CVE-2017-7494
484265150,Threekiii/Awesome-Exploit,Samba/CVE-2017-7494/src/python/samba/tests/blackbox/samba_dnsupdate.py,897dae29cdc5c15eca5c9341ad670dc343717df9,CVE-2017-7494
484265150,Threekiii/Awesome-Exploit,Samba/CVE-2017-7494/src/ctdb/tests/simple/02_ctdb_listvars.sh,8987d2ea435e14d5885a866adb5843bd2ab87c6f,CVE-2017-7494
484265150,Threekiii/Awesome-Exploit,Samba/CVE-2017-7494/src/auth/gensec/gensec_util.c,89906f4cacb491923bf541df705317efb588a428,CVE-2017-7494
484265150,Threekiii/Awesome-Exploit,Samba/CVE-2017-7494/src/source3/script/tests/test_testparm_s3.sh,89943bacca574e38123af0b831069d69382696fb,CVE-2017-7494
484265150,Threekiii/Awesome-Exploit,Samba/CVE-2017-7494/src/docs/manpages/vfs_linux_xfs_sgid.8,899aa4caca2b539493284a87d8faa1cf9843dba5,CVE-2017-7494
484265150,Threekiii/Awesome-Exploit,Samba/CVE-2017-7494/src/ctdb/tests/eventscripts/01.reclock.monitor.002.sh,89ad43b08957f3df93dd7f452aca1a752299bdf4,CVE-2017-7494
484265150,Threekiii/Awesome-Exploit,Samba/CVE-2017-7494/src/source3/include/transfer_file.h,89af189c0866e518b92816ebc0f1186bdc34a6a2,CVE-2017-7494
484265150,Threekiii/Awesome-Exploit,Samba/CVE-2017-7494/src/examples/printing/readme.prtpub,89b73f06105db63458d510d0f1961ea8c367685e,CVE-2017-7494
484265150,Threekiii/Awesome-Exploit,Samba/CVE-2017-7494/src/source3/printing/nt_printing_migrate_internal.c,89c8518bceefca43fb38d89f9e70835398492c0c,CVE-2017-7494
484265150,Threekiii/Awesome-Exploit,Samba/CVE-2017-7494/src/docs-xml/Samba3-HOWTO/TOSHARG-Bugs.xml,89cb8dec335c255f4ff01207e5a2b4007d456df3,CVE-2017-7494
484265150,Threekiii/Awesome-Exploit,Samba/CVE-2017-7494/src/ctdb/tests/eventscripts/20.multipathd.monitor.003.sh,89de2f41368d7d99f46d9be3a045d59f55be0157,CVE-2017-7494
484265150,Threekiii/Awesome-Exploit,Samba/CVE-2017-7494/src/buildtools/wafsamba/samba_wildcard.py,89e6681d028a4c6358796430c03e41d5609f936f,CVE-2017-7494
484265150,Threekiii/Awesome-Exploit,Samba/CVE-2017-7494/src/docs-xml/Samba3-ByExample/SBE-HighAvailability.xml,89ebfaa0df2ac8b0807870fb82e2669bb4b79780,CVE-2017-7494
484265150,Threekiii/Awesome-Exploit,Samba/CVE-2017-7494/src/source3/libads/sasl.c,89ec930f207f942ca7649ef1bcb8e33abd6490be,CVE-2017-7494
484265150,Threekiii/Awesome-Exploit,Samba/CVE-2017-7494/src/docs-xml/xslt/html.xsl,89eca27d911dfe9d9f3ce86f77208270ac272fe0,CVE-2017-7494
484265150,Threekiii/Awesome-Exploit,Samba/CVE-2017-7494/src/source3/script/tests/printing/modprinter.pl,89ee3c351a9a0d054185a58e1ec38ad6bd1653e5,CVE-2017-7494
484265150,Threekiii/Awesome-Exploit,Samba/CVE-2017-7494/src/pidl/tests/parse_idl.pl,89ee547b5e164e9e08bb66cd0fce366498d8558b,CVE-2017-7494
484265150,Threekiii/Awesome-Exploit,Samba/CVE-2017-7494/src/testprogs/win32/midltests/valid/midltests_union_align_09.txt,89f6b03611ede430b5b3e7a9af39235d7a01432f,CVE-2017-7494
484265150,Threekiii/Awesome-Exploit,Samba/CVE-2017-7494/src/docs-xml/README,89ffe122ef69eb6151c674d2d0b5a560e0521b64,CVE-2017-7494
484265150,Threekiii/Awesome-Exploit,Samba/CVE-2017-7494/src/ctdb/tests/eventscripts/13.per_ip_routing.019.sh,8a1793c4d5b39e1e105515b2f4007bb35dfea9c7,CVE-2017-7494
484265150,Threekiii/Awesome-Exploit,Samba/CVE-2017-7494/src/source3/modules/vfs_readonly.c,8a20b75a6119f6f35a59af5826ec143dd354f994,CVE-2017-7494
484265150,Threekiii/Awesome-Exploit,Samba/CVE-2017-7494/src/selftest/manage-ca/CA-samba.example.com/NewCerts/01.pem,8a21a65edc3c4fe91528bcf222ee25b2dded4c4e,CVE-2017-7494
484265150,Threekiii/Awesome-Exploit,Samba/CVE-2017-7494/src/ctdb/tests/eventscripts/60.nfs.monitor.102.sh,8a27241f2038bc5576c33861317ae69de44ed5f5,CVE-2017-7494
484265150,Threekiii/Awesome-Exploit,Samba/CVE-2017-7494/src/source3/script/tests/test_net_cred_change.sh,8a32ebbe56a7ff1d60dd262715845bb91c5afa31,CVE-2017-7494
484265150,Threekiii/Awesome-Exploit,Samba/CVE-2017-7494/src/source4/ntvfs/posix/python/pyposix_eadb.c,8a3772aa60258c4dc27b059760c3ae9c80491e00,CVE-2017-7494
484265150,Threekiii/Awesome-Exploit,Samba/CVE-2017-7494/src/ctdb/tests/eventscripts/stubs/ethtool,8a3b007bdaaefc33005a28e215d6f26c5c1cea3a,CVE-2017-7494
484265150,Threekiii/Awesome-Exploit,Samba/CVE-2017-7494/src/examples/pcap2nbench/tcp.cpp,8a46880caa841ce29f9d885c95a46450e76134b7,CVE-2017-7494
484265150,Threekiii/Awesome-Exploit,Samba/CVE-2017-7494/src/source3/locking/leases_db.h,8a4e97136af6f845efa86a12392111cbfdf7a840,CVE-2017-7494
484265150,Threekiii/Awesome-Exploit,Samba/CVE-2017-7494/src/examples/ad-bench/time_ldap.sh,8a517a766e8e6555f418ac7b4922df920b0d3a58,CVE-2017-7494
484265150,Threekiii/Awesome-Exploit,Samba/CVE-2017-7494/src/source3/printing/notify.c,8a51b18fdc7d84bf86f684d12cc00df22122c926,CVE-2017-7494
484265150,Threekiii/Awesome-Exploit,Samba/CVE-2017-7494/src/docs-xml/smbdotconf/wins/winsserver.xml,8a648532d4f66af6ad31737795be6db2af79a705,CVE-2017-7494
484265150,Threekiii/Awesome-Exploit,Samba/CVE-2017-7494/src/third_party/pyiso8601/iso8601/iso8601.py,8a72a1f2ccfa97e4a8133613f622ee3ade3e17ac,CVE-2017-7494
484265150,Threekiii/Awesome-Exploit,Samba/CVE-2017-7494/src/packaging/LSB/lsb-samba.spec,8a78dfc2359fb217f329c5339b77b9801d424c74,CVE-2017-7494
484265150,Threekiii/Awesome-Exploit,Samba/CVE-2017-7494/src/selftest/target/Samba4.pm,8a7a5471414dba1acf65df6af411e489b802a9db,CVE-2017-7494
484265150,Threekiii/Awesome-Exploit,Samba/CVE-2017-7494/src/pidl/tests/ndr_deprecations.pl,8a7bd3a4235991fa177c60f24e1a315341b34c60,CVE-2017-7494
484265150,Threekiii/Awesome-Exploit,Samba/CVE-2017-7494/src/testprogs/win32/midltests/valid/midltests_union_align_07.idl,8a8286ea65a1a14abd315db803e323297b2a49b3,CVE-2017-7494
484265150,Threekiii/Awesome-Exploit,Samba/CVE-2017-7494/src/source4/dsdb/repl/drepl_secret.c,8a872700a1ee32468b9e3e50b0096b848adeb3c4,CVE-2017-7494
484265150,Threekiii/Awesome-Exploit,Samba/CVE-2017-7494/src/source3/winbindd/idmap_tdb.c,8a894410fe0ae014f9f6d200a8121067796256a4,CVE-2017-7494
484265150,Threekiii/Awesome-Exploit,Samba/CVE-2017-7494/src/testsuite/nsswitch/getgrgid.exp,8a9f3d4aa1d263683b8382abd4a7cd0642d26196,CVE-2017-7494
484265150,Threekiii/Awesome-Exploit,Samba/CVE-2017-7494/src/docs-xml/smbdotconf/security/mapuntrustedtodomain.xml,8aa17e5cf84d2a2d801c50c4a2380add2649856a,CVE-2017-7494
484265150,Threekiii/Awesome-Exploit,Samba/CVE-2017-7494/src/source3/utils/regedit_hexedit.c,8aa610056aa0c3e3798fd6b33ce9c76f8be2d732,CVE-2017-7494
484265150,Threekiii/Awesome-Exploit,Weblogic/WeblogicScan/app/plugins/CVE-2016-0638.py,8ab36a90222f9244db5c5128ed61a2b890df74da,CVE-2016-0638
484265150,Threekiii/Awesome-Exploit,Samba/CVE-2017-7494/src/ctdb/common/db_hash.h,8ab59b887aa29b5153fea44e6f38537efc5a75c4,CVE-2017-7494
484265150,Threekiii/Awesome-Exploit,Samba/CVE-2017-7494/src/docs/manpages/winbindd.8,8acd9f8b8e1acf1f84c192040ddfd9f54ed69c53,CVE-2017-7494
484265150,Threekiii/Awesome-Exploit,Samba/CVE-2017-7494/src/source4/setup/provision_computers_modify.ldif,8ad0ca25f28ecb512a6551ffb093e2295b46e8cc,CVE-2017-7494
484265150,Threekiii/Awesome-Exploit,Samba/CVE-2017-7494/src/source4/torture/raw/read.c,8ad93034d20c5ff4ef148a22c2abad845b0e1996,CVE-2017-7494
484265150,Threekiii/Awesome-Exploit,Samba/CVE-2017-7494/src/python/samba/tests/kcc/__init__.py,8ae3e2a2a520ee19b10cdd7388f0b3e1f7a3b0da,CVE-2017-7494
484265150,Threekiii/Awesome-Exploit,Samba/CVE-2017-7494/src/source4/torture/libnet/libnet_domain.c,8ae9fcc60df60875c4a056fb3c44a442f3776460,CVE-2017-7494
484265150,Threekiii/Awesome-Exploit,Samba/CVE-2017-7494/src/ctdb/config/events.d/49.winbind,8af26f7c66b6b859ea62379e926ad42edf3881fe,CVE-2017-7494
484265150,Threekiii/Awesome-Exploit,Samba/CVE-2017-7494/src/source4/ntvfs/posix/pvfs_open.c,8af7c365f181a18f04a90f0db759e92e6c05d25f,CVE-2017-7494
484265150,Threekiii/Awesome-Exploit,Samba/CVE-2017-7494/src/source4/setup/dns_update_list,8afafd451b2731d6f99fd74240e242ca031faeaa,CVE-2017-7494
484265150,Threekiii/Awesome-Exploit,Samba/CVE-2017-7494/src/source4/torture/smbtorture.h,8afc2b1ba694fe90dddc5cba47848d2aacbdf992,CVE-2017-7494
484265150,Threekiii/Awesome-Exploit,Samba/CVE-2017-7494/src/source3/rpc_server/srvsvc/srv_srvsvc_nt.c,8b1125b4a0f066e870c01fb40bb6b2d5fc1c4ccd,CVE-2017-7494
484265150,Threekiii/Awesome-Exploit,Samba/CVE-2017-7494/src/ctdb/tests/simple/03_ctdb_getvar.sh,8b2fa5f650fffc8ed8a3b95bc5bc4c5a075cfba1,CVE-2017-7494
484265150,Threekiii/Awesome-Exploit,Samba/CVE-2017-7494/src/python/samba/drs_utils.py,8b5b7bde46ad3dfabfe3f5e7e9b6ad9191720e8b,CVE-2017-7494
484265150,Threekiii/Awesome-Exploit,Samba/CVE-2017-7494/src/ctdb/common/rb_tree.h,8b63f03f45044319128b38533a5a94e7bf5518c2,CVE-2017-7494
484265150,Threekiii/Awesome-Exploit,Samba/CVE-2017-7494/src/source4/scripting/wscript_build,8b74fe0c0ae4a68f49ce7dfdb28a151a2a407352,CVE-2017-7494
484265150,Threekiii/Awesome-Exploit,Samba/CVE-2017-7494/src/testprogs/win32/midltests/valid/midltests_union_align_06.txt,8b76144a5b573283be3e5a7af2fd5d3a1a537c0b,CVE-2017-7494
484265150,Threekiii/Awesome-Exploit,Samba/CVE-2017-7494/src/tests/fcntl_lock.c,8b8cf659c9085a41093d651f00d937cc9d6ad180,CVE-2017-7494
484265150,Threekiii/Awesome-Exploit,Samba/CVE-2017-7494/src/source3/libads/ads_status.c,8b9347f4f08466fb15b251452ef37cb3a7deb382,CVE-2017-7494
484265150,Threekiii/Awesome-Exploit,Samba/CVE-2017-7494/src/testprogs/win32/midltests/valid/midltests-pipe-sync-ndr32-downgrade-02.idl,8b9ab737e65914f6d34865236251b46daf31cd60,CVE-2017-7494
484265150,Threekiii/Awesome-Exploit,Samba/CVE-2017-7494/src/docs/manpages/vfs_unityed_media.8,8b9ffd8607a9b13078215312c911218a33ad2570,CVE-2017-7494
484265150,Threekiii/Awesome-Exploit,Samba/CVE-2017-7494/src/docs-xml/smbdotconf/wins/dnsproxy.xml,8bb1041df382330f609c5df337568632b8676fb7,CVE-2017-7494
484265150,Threekiii/Awesome-Exploit,Samba/CVE-2017-7494/src/third_party/dnspython/dns/rdtypes/IN/__init__.py,8bb262eaeed4939f97c8febb9d2b12872a2d2d56,CVE-2017-7494
484265150,Threekiii/Awesome-Exploit,Samba/CVE-2017-7494/src/source4/dsdb/common/dsdb_access.c,8bb706ddd5e7af0407b36295db3522e992b98502,CVE-2017-7494
484265150,Threekiii/Awesome-Exploit,Samba/CVE-2017-7494/src/source4/torture/libnet/libnet_rpc.c,8bb93dbebc9956dd314c2c818c4879a4980746c0,CVE-2017-7494
484265150,Threekiii/Awesome-Exploit,Samba/CVE-2017-7494/src/librpc/rpc/binding.c,8bcc4ddcc8b68970003eaacfdc0c8a0a61ea8a73,CVE-2017-7494
484265150,Threekiii/Awesome-Exploit,Samba/CVE-2017-7494/src/source3/registry/reg_util_internal.h,8bd0b8fa724b6f2b36b075307f606b1eb3292f07,CVE-2017-7494
484265150,Threekiii/Awesome-Exploit,Samba/CVE-2017-7494/src/source3/winbindd/winbindd_lookupname.c,8be2c1e98bbda941924271af5a3874a31b038acc,CVE-2017-7494
484265150,Threekiii/Awesome-Exploit,Samba/CVE-2017-7494/src/ctdb/tests/takeover/lcp2.024.sh,8bf3c20c7fdef7b357cea685aa8ced9ed45b9e3c,CVE-2017-7494
484265150,Threekiii/Awesome-Exploit,Samba/CVE-2017-7494/src/source3/libsmb/trustdom_cache.c,8bf42eccde6ed2fc30682a9e50c1a2a8fa62aa21,CVE-2017-7494
484265150,Threekiii/Awesome-Exploit,Samba/CVE-2017-7494/src/librpc/ndr/ndr_backupkey.c,8bf7446a073b9389e2dff0973be4363487867c66,CVE-2017-7494
484265150,Threekiii/Awesome-Exploit,Samba/CVE-2017-7494/src/docs-xml/smbdotconf/security/tlsenabled.xml,8c058677fea47268a8da1d680534eafce74cfe3f,CVE-2017-7494
484265150,Threekiii/Awesome-Exploit,Samba/CVE-2017-7494/src/docs-xml/smbdotconf/tuning/maxsmbdprocesses.xml,8c19b84d6ac62ee61aea18c795ac62838e2a75db,CVE-2017-7494
484265150,Threekiii/Awesome-Exploit,Samba/CVE-2017-7494/src/source4/script/minimal_includes.pl,8c36fd42332fbda85d30dc9d62521ab4dfb92349,CVE-2017-7494
484265150,Threekiii/Awesome-Exploit,Samba/CVE-2017-7494/src/docs-xml/manpages/vfs_tsmsm.8.xml,8c3a34c8c22cfe523d78eb0f8f4b8b8aac61572b,CVE-2017-7494
484265150,Threekiii/Awesome-Exploit,Samba/CVE-2017-7494/src/python/modules.c,8c3e653f40bc4eeb2cf7a8869c51dcdb6262840e,CVE-2017-7494
484265150,Threekiii/Awesome-Exploit,Samba/CVE-2017-7494/src/source4/libnet/groupinfo.c,8c4888054478281c38dd0a2142dbe0175c742196,CVE-2017-7494
484265150,Threekiii/Awesome-Exploit,Samba/CVE-2017-7494/src/examples/libsmbclient/testnotify.c,8c51165baf8d1c3225d7eb7339b7eadfd05a4132,CVE-2017-7494
484265150,Threekiii/Awesome-Exploit,Samba/CVE-2017-7494/src/source3/utils/net_rpc_printer.c,8c6db15a9c10751301664e890b6a04925a312acb,CVE-2017-7494
484265150,Threekiii/Awesome-Exploit,Samba/CVE-2017-7494/src/python/samba/sd_utils.py,8c6e7eac35d302cc7ac6636bc0c8be5c3d1a7e57,CVE-2017-7494
484265150,Threekiii/Awesome-Exploit,Samba/CVE-2017-7494/src/source3/rpc_server/srv_pipe.c,8c72ce3b6e50918c754f9e2d89027031e68c17e9,CVE-2017-7494
484265150,Threekiii/Awesome-Exploit,Samba/CVE-2017-7494/src/third_party/zlib/contrib/vstudio/vc8/testzlib.vcproj,8c76c457638de00a294b74d1f597f36f87f351ef,CVE-2017-7494
484265150,Threekiii/Awesome-Exploit,Samba/CVE-2017-7494/src/source4/libnet/libnet_export_keytab.h,8c79922a16c623d088ea35a0f10d4630b2e2cbb2,CVE-2017-7494
484265150,Threekiii/Awesome-Exploit,Samba/CVE-2017-7494/src/ctdb/tests/eventscripts/60.nfs.multi.003.sh,8c88bdc262e9c5f8da895ca85e8f399aa3006403,CVE-2017-7494
484265150,Threekiii/Awesome-Exploit,Samba/CVE-2017-7494/src/docs-xml/smbdotconf/domain/machinepasswordtimeout.xml,8c898a46d01607b2a5a7e1dd6d2e6b376de41a9d,CVE-2017-7494
484265150,Threekiii/Awesome-Exploit,Samba/CVE-2017-7494/src/source4/ntp_signd/ntp-dev-4.2.5p125.diff,8c8bc396be82d0f14294f806e22cebecbacc7cc3,CVE-2017-7494
484265150,Threekiii/Awesome-Exploit,Samba/CVE-2017-7494/src/testprogs/win32/midltests/valid/midltests_strings_array_02.idl,8c8ee39684822ac7dbe91147979e1ceb45a7477c,CVE-2017-7494
484265150,Threekiii/Awesome-Exploit,Samba/CVE-2017-7494/src/source4/kdc/mit-kdb/kdb_samba_common.c,8c900f3b74b2dece7141e696a40c4ba6a31d555e,CVE-2017-7494
484265150,Threekiii/Awesome-Exploit,Samba/CVE-2017-7494/src/install_with_python.sh,8c902682bd76a4feb5b9366fc423bc7305c2e3ce,CVE-2017-7494
484265150,Threekiii/Awesome-Exploit,Samba/CVE-2017-7494/src/nsswitch/wins.c,8ca19c82a614f0c83f132d045ed47afcac7549d9,CVE-2017-7494
484265150,Threekiii/Awesome-Exploit,Weblogic/weblogicScanner/stars/cve_2019_2725.py,8cba69d32092ee97bca838640b5b8a1d8a04ceb2,CVE-2019-2725
484265150,Threekiii/Awesome-Exploit,Samba/CVE-2017-7494/src/docs-xml/Samba3-HOWTO/TOSHARG-RightsAndPriviliges.xml,8cc2d6ff1eaa6949f40b8ecfd800b9cbdc9e0165,CVE-2017-7494
484265150,Threekiii/Awesome-Exploit,Samba/CVE-2017-7494/src/ctdb/tests/eventscripts/stubs/timeout,8cc50d963d0b45dafa707411807e49ac85fb75c3,CVE-2017-7494
484265150,Threekiii/Awesome-Exploit,Samba/CVE-2017-7494/src/source4/setup/secrets_simple_ldap.ldif,8cc8a2092e527d2b8c24c0e436044fbf687e2770,CVE-2017-7494
484265150,Threekiii/Awesome-Exploit,Samba/CVE-2017-7494/src/ctdb/tests/eventscripts/60.nfs.monitor.104.sh,8ced513f896f4aa492c772bf48d23f014d5360de,CVE-2017-7494
484265150,Threekiii/Awesome-Exploit,Samba/CVE-2017-7494/src/selftest/manage-ca/CA-samba.example.com/Private/CA-samba.example.com-index.txt.attr.old,8cf5465a17cdc7391f0f6bb01fa49399996c5217,CVE-2017-7494
484265150,Threekiii/Awesome-Exploit,Samba/CVE-2017-7494/src/ctdb/tests/tool/ctdb.reloadnodes.024.sh,8cf6a5093e512d9e7c4310503346286806c822d9,CVE-2017-7494
484265150,Threekiii/Awesome-Exploit,Samba/CVE-2017-7494/src/source4/ntvfs/common/opendb.c,8d0ad158c4d2b4630a7a3b2f9b1a1308117692c9,CVE-2017-7494
484265150,Threekiii/Awesome-Exploit,Samba/CVE-2017-7494/src/source3/utils/regedit_hexedit.h,8d146bcce7d95130304d661b62f112f9f2639e85,CVE-2017-7494
484265150,Threekiii/Awesome-Exploit,Samba/CVE-2017-7494/src/docs-xml/smbdotconf/locking/fakeoplocks.xml,8d15aceacb7dc838ea611bc1b2a2f5a6de1f0885,CVE-2017-7494
484265150,Threekiii/Awesome-Exploit,Samba/CVE-2017-7494/src/ctdb/tests/eventscripts/13.per_ip_routing.023.sh,8d16110dc92102210df080d9f769c33d461bc996,CVE-2017-7494
484265150,Threekiii/Awesome-Exploit,Samba/CVE-2017-7494/src/source3/script/tests/test_sharesec.sh,8d1d21ecada0690dcde505e57ecbf7e7a575657d,CVE-2017-7494
484265150,Threekiii/Awesome-Exploit,Samba/CVE-2017-7494/src/docs-xml/using_samba/appb.xml,8d1fdab2ef8eb14250b2f3973245a9ee46c4da69,CVE-2017-7494
484265150,Threekiii/Awesome-Exploit,Samba/CVE-2017-7494/src/source3/libnet/libnet_samsync_ldif.c,8d3241bfba219684ca5a77a106485289546b47e2,CVE-2017-7494
484265150,Threekiii/Awesome-Exploit,Samba/CVE-2017-7494/src/examples/scripts/wins_hook/dns_update,8d43e2cad87ff26869a7e69c601bbe7bd99a4844,CVE-2017-7494
484265150,Threekiii/Awesome-Exploit,Samba/CVE-2017-7494/src/ctdb/tests/eventscripts/11.natgw.052.sh,8d59565c7e09403eb90a67c5e12e0cec3b0dab06,CVE-2017-7494
484265150,Threekiii/Awesome-Exploit,Samba/CVE-2017-7494/src/testprogs/win32/midltests/invalid/midltests_pipe_struct_union_01.txt,8d629c4461c93b96b1f780bd9d5d87be20da6980,CVE-2017-7494
484265150,Threekiii/Awesome-Exploit,Weblogic/WeblogicScan/app/plugins/CVE-2014-4210.py,8d6b5ebe49127bda20a81e53370634ca4cd4c6e2,CVE-2014-4210
484265150,Threekiii/Awesome-Exploit,Samba/CVE-2017-7494/src/python/samba/ndr.py,8d7a149018cd473037d04ee62bca5e35aef00a50,CVE-2017-7494
484265150,Threekiii/Awesome-Exploit,Weblogic/weblogicScanner/stars/__pycache__/cve_2018_2893.cpython-36.pyc,8d8bab44d27d298a7ee032673e5b212f12a464ef,CVE-2018-2893
484265150,Threekiii/Awesome-Exploit,Samba/CVE-2017-7494/src/source4/ldap_server/devdocs/rfc4523.txt,8d8ed9d904e4f702c8c0f9a8360721a293c45c32,CVE-2017-7494
484265150,Threekiii/Awesome-Exploit,Samba/CVE-2017-7494/src/source4/torture/ndr/drsblobs.c,8d8febe4db654e916e8db8c88f175c39bf2c0b49,CVE-2017-7494
484265150,Threekiii/Awesome-Exploit,Samba/CVE-2017-7494/src/third_party/pep8/testsuite/E73.py,8d9a842fe98560d7c455f4f29a1b480b6a5ca629,CVE-2017-7494
484265150,Threekiii/Awesome-Exploit,Samba/CVE-2017-7494/src/testsuite/nsswitch/getent.exp,8dac652e259309f28e7247f584ce667c2b852347,CVE-2017-7494
484265150,Threekiii/Awesome-Exploit,Samba/CVE-2017-7494/src/source3/auth/server_info.c,8dadabad06a3dac03f72443cc5b4b80f4e37e911,CVE-2017-7494
484265150,Threekiii/Awesome-Exploit,Samba/CVE-2017-7494/src/docs-xml/manpages/smbcacls.1.xml,8dcb37c8c1b9514f82871956b7fceb193e137355,CVE-2017-7494
484265150,Threekiii/Awesome-Exploit,Samba/CVE-2017-7494/src/source3/script/smbaddshare,8ddb0fef8537db49c14bb78070ff3a8eb692e1f4,CVE-2017-7494
484265150,Threekiii/Awesome-Exploit,Samba/CVE-2017-7494/src/source4/nbt_server/wins/wins_dns_proxy.c,8df05019e34b08538cc8f1e5a28a66ae5f26e3ee,CVE-2017-7494
484265150,Threekiii/Awesome-Exploit,Samba/CVE-2017-7494/src/source4/setup/mmr_syncrepl.conf,8df2cd70074cdb85d1f175a1aec2c57e0e79b6a2,CVE-2017-7494
484265150,Threekiii/Awesome-Exploit,Samba/CVE-2017-7494/src/source4/torture/rpc/lsa_lookup.c,8df3b8a2bb44421fce5aecfd9f9cfd31418aa5c7,CVE-2017-7494
484265150,Threekiii/Awesome-Exploit,Samba/CVE-2017-7494/src/librpc/idl/spoolss.idl,8dfe7a1849c2dfdc756bc03efddece2e4f8c9dbe,CVE-2017-7494
484265150,Threekiii/Awesome-Exploit,Samba/CVE-2017-7494/src/source3/locale/pam_winbind/nl.po,8e239f6e98c4541d74f72de0ac49a8b1abd17727,CVE-2017-7494
484265150,Threekiii/Awesome-Exploit,Samba/CVE-2017-7494/src/librpc/idl/dfsblobs.idl,8e349c2193ddc4304a92cbdc675dc66c4c27953c,CVE-2017-7494
484265150,Threekiii/Awesome-Exploit,Samba/CVE-2017-7494/src/ctdb/tests/tool/ctdb.disable.001.sh,8e356f65190735016f3d6fec08986e45c89fdeb1,CVE-2017-7494
484265150,Threekiii/Awesome-Exploit,Samba/CVE-2017-7494/src/third_party/waf/wafadmin/Tools/misc.py,8e405d0bea0e3aebf6d93f9497d34560cbdb7893,CVE-2017-7494
484265150,Threekiii/Awesome-Exploit,Samba/CVE-2017-7494/src/docs-xml/smbdotconf/misc/postexec.xml,8e4d0fc6a9684ef4055ba453a2c407471a8eb52f,CVE-2017-7494
484265150,Threekiii/Awesome-Exploit,Samba/CVE-2017-7494/src/libcli/drsuapi/drsuapi.h,8e514c7fbec2753b110f150523687b65aa84e8ca,CVE-2017-7494
484265150,Threekiii/Awesome-Exploit,Struts2/Struts2Exploit/Struts2漏洞检查工具2019版 V2.3.exe,8e5fd408d696eb49a53cd0bfb1b23a60f54339ad,CVE-2017-5638
484265150,Threekiii/Awesome-Exploit,Struts2/Struts2Exploit/Struts2漏洞检查工具2019版 V2.3.exe,8e5fd408d696eb49a53cd0bfb1b23a60f54339ad,CVE-2018-11776
484265150,Threekiii/Awesome-Exploit,Struts2/Struts2Exploit/Struts2漏洞检查工具2019版 V2.3.exe,8e5fd408d696eb49a53cd0bfb1b23a60f54339ad,CVE-2016-3081
484265150,Threekiii/Awesome-Exploit,Struts2/Struts2Exploit/Struts2漏洞检查工具2019版 V2.3.exe,8e5fd408d696eb49a53cd0bfb1b23a60f54339ad,CVE-2013-1966
484265150,Threekiii/Awesome-Exploit,Struts2/Struts2Exploit/Struts2漏洞检查工具2019版 V2.3.exe,8e5fd408d696eb49a53cd0bfb1b23a60f54339ad,CVE-2011-3923
484265150,Threekiii/Awesome-Exploit,Struts2/Struts2Exploit/Struts2漏洞检查工具2019版 V2.3.exe,8e5fd408d696eb49a53cd0bfb1b23a60f54339ad,CVE-2013-4316
484265150,Threekiii/Awesome-Exploit,Struts2/Struts2Exploit/Struts2漏洞检查工具2019版 V2.3.exe,8e5fd408d696eb49a53cd0bfb1b23a60f54339ad,CVE-2014-0094
484265150,Threekiii/Awesome-Exploit,Struts2/Struts2Exploit/Struts2漏洞检查工具2019版 V2.3.exe,8e5fd408d696eb49a53cd0bfb1b23a60f54339ad,CVE-2013-2251
484265150,Threekiii/Awesome-Exploit,Struts2/Struts2Exploit/Struts2漏洞检查工具2019版 V2.3.exe,8e5fd408d696eb49a53cd0bfb1b23a60f54339ad,CVE-2010-1870
484265150,Threekiii/Awesome-Exploit,Struts2/Struts2Exploit/Struts2漏洞检查工具2019版 V2.3.exe,8e5fd408d696eb49a53cd0bfb1b23a60f54339ad,CVE-2016-4438
484265150,Threekiii/Awesome-Exploit,Struts2/Struts2Exploit/Struts2漏洞检查工具2019版 V2.3.exe,8e5fd408d696eb49a53cd0bfb1b23a60f54339ad,CVE-2017-9791
484265150,Threekiii/Awesome-Exploit,Samba/CVE-2017-7494/src/buildtools/wafsamba/samba_version.py,8e63a8c514fa8b6dd486f14349d24ad539f6f8e5,CVE-2017-7494
484265150,Threekiii/Awesome-Exploit,Samba/CVE-2017-7494/src/source4/selftest/win/vm_load_snapshot.pl,8e6f9d6c5622065a39954d2aa93e11c6f92ca80a,CVE-2017-7494
484265150,Threekiii/Awesome-Exploit,Samba/CVE-2017-7494/src/examples/perfcounter/perf_writer_disk.c,8e701f833ed04d5d3942020446467b1d4c1b1cff,CVE-2017-7494
484265150,Threekiii/Awesome-Exploit,Samba/CVE-2017-7494/src/source3/registry/reg_init_basic.c,8e7f797cc9e0da08bbf565b6f19c3c1a3cf086a4,CVE-2017-7494
484265150,Threekiii/Awesome-Exploit,Weblogic/weblogicScanner/stars/__pycache__/cve_2018_2628.cpython-37.pyc,8e8d87306f91fac78d00f0bff50521effba47df8,CVE-2018-2628
484265150,Threekiii/Awesome-Exploit,Samba/CVE-2017-7494/src/third_party/zlib/amiga/Makefile.sas,8e93284459aa1cc02bd5ee387ced041e5b714b4e,CVE-2017-7494
484265150,Threekiii/Awesome-Exploit,Samba/CVE-2017-7494/src/pidl/pidl,8ea4a36fb9abcf24f2d9ddf181dc0772128dd967,CVE-2017-7494
484265150,Threekiii/Awesome-Exploit,Neo4j/CVE-2021-34371/rhino_gadget/src/main/java/Utils/Gadgets.java,8eb5ac513a9481012ce82b578bbc4b888ad8c635,CVE-2021-34371
484265150,Threekiii/Awesome-Exploit,Samba/CVE-2017-7494/src/source3/passdb/pdb_interface.c,8eb5b9ae2bc55a56f728f20dd08815d3c77c08c2,CVE-2017-7494
484265150,Threekiii/Awesome-Exploit,Samba/CVE-2017-7494/src/docs-xml/smbdotconf/misc/addsharecommand.xml,8eb660b4720317adadc04f522e246bbda47d6e8e,CVE-2017-7494
484265150,Threekiii/Awesome-Exploit,Samba/CVE-2017-7494/src/docs-xml/manpages/vfs_crossrename.8.xml,8eb77c2a07a0a4043fb1cc9d7d2eec52638ec5d6,CVE-2017-7494
484265150,Threekiii/Awesome-Exploit,Samba/CVE-2017-7494/src/source3/registry/reg_init_full.c,8ec0fbecda80f9c24896a34dca57cccab5e84681,CVE-2017-7494
484265150,Threekiii/Awesome-Exploit,Weblogic/weblogicScanner/stars/__pycache__/cve_2020_14882.cpython-36.pyc,8ed2926e7afd1707cfd33893130a8659c3a07795,CVE-2020-14882
484265150,Threekiii/Awesome-Exploit,Samba/CVE-2017-7494/src/examples/pdb/test.c,8ed8fb73ec4f5fb946f902aeb75fc9be16cfa805,CVE-2017-7494
484265150,Threekiii/Awesome-Exploit,Samba/CVE-2017-7494/src/python/samba/kcc/graph_utils.py,8ee69bcce9739d874bd25ea33db4af17a5c8f2d9,CVE-2017-7494
484265150,Threekiii/Awesome-Exploit,Samba/CVE-2017-7494/src/source3/groupdb/mapping_tdb.h,8ee75ca95cf8ae0dcb6a8cef7f0212e51e90636d,CVE-2017-7494
484265150,Threekiii/Awesome-Exploit,Samba/CVE-2017-7494/src/docs-xml/smbdotconf/misc/rootpostexec.xml,8ef00841b3abd56c9b9a9251b4f841e5bb0e2640,CVE-2017-7494
484265150,Threekiii/Awesome-Exploit,Samba/CVE-2017-7494/src/nsswitch/nsstest.h,8ef56b61a1feea229f94a214af6a8559481adead,CVE-2017-7494
484265150,Threekiii/Awesome-Exploit,Samba/CVE-2017-7494/src/source3/modules/vfs_readahead.c,8ef9aee09f689072fbe800e8dda97fd313f21de1,CVE-2017-7494
484265150,Threekiii/Awesome-Exploit,Samba/CVE-2017-7494/src/source4/heimdal/include/heim_threads.h,8f02c38c35aff1a3a73e7c90df678de7738d644a,CVE-2017-7494
484265150,Threekiii/Awesome-Exploit,Samba/CVE-2017-7494/src/ctdb/tests/takeover/lcp2.025.sh,8f10b1a7163ccc0c042f1dee06f05d83b5021acd,CVE-2017-7494
484265150,Threekiii/Awesome-Exploit,Samba/CVE-2017-7494/src/script/ctdb-import.tree-filter.sh,8f491a5084fdc23b1f2e12e98efb1ccde42d73a8,CVE-2017-7494
484265150,Threekiii/Awesome-Exploit,Samba/CVE-2017-7494/src/source4/heimdal_build/perl_path_wrapper.sh,8f63df65763a75c0fd9b190796b307723c5c93ac,CVE-2017-7494
484265150,Threekiii/Awesome-Exploit,Samba/CVE-2017-7494/src/ctdb/tests/simple/14_ctdb_statistics.sh,8f660d0f5caae24a5fc45f4dddb012a57652ad15,CVE-2017-7494
484265150,Threekiii/Awesome-Exploit,Samba/CVE-2017-7494/src/third_party/zlib/contrib/puff/README,8f68ce02019463af0813a0db20c98bfc8e3c2ef7,CVE-2017-7494
484265150,Threekiii/Awesome-Exploit,Samba/CVE-2017-7494/src/ctdb/ib/README.txt,8f718538ed49e6ebf1f5f0b25cef9439d8c0af9e,CVE-2017-7494
484265150,Threekiii/Awesome-Exploit,Samba/CVE-2017-7494/src/docs-xml/using_samba/copy.xml,8f7605c3bfc55a8ac672a9831ca1d4ac601af53a,CVE-2017-7494
484265150,Threekiii/Awesome-Exploit,Samba/CVE-2017-7494/src/python/samba/provision/common.py,8f7a407fa154c7df8b5eb20ed9de20887e145e79,CVE-2017-7494
484265150,Threekiii/Awesome-Exploit,Samba/CVE-2017-7494/src/docs/manpages/idmap_ldap.8,8f7d378b07a83697a1d40e8ddc95ff3d03c59125,CVE-2017-7494
484265150,Threekiii/Awesome-Exploit,Samba/CVE-2017-7494/src/examples/scripts/shares/python/modify_samba_config.py,8f9a8c83d68c40afc6f1f8a1faf1560178780b69,CVE-2017-7494
484265150,Threekiii/Awesome-Exploit,Samba/CVE-2017-7494/src/librpc/ndr/ndr_nbt.c,8f9e186d051e738665918580abc43358467570d6,CVE-2017-7494
484265150,Threekiii/Awesome-Exploit,Samba/CVE-2017-7494/src/source3/auth/auth_builtin.c,8fa3e7aa92fa812cda83c6eaad983ea355f90005,CVE-2017-7494
484265150,Threekiii/Awesome-Exploit,Spring/CVE-2017-8046/reverse_shell_to_ascii.py,8fb1a2976018c2a8fe4bf536724020688edd2576,CVE-2017-8046
484265150,Threekiii/Awesome-Exploit,Samba/CVE-2017-7494/src/examples/LDAP/samba-schema-netscapeds5.x.README,8fb7d282adfa9ddaaeb5323712790c1a1412bd75,CVE-2017-7494
484265150,Threekiii/Awesome-Exploit,Samba/CVE-2017-7494/src/source4/rpc_server/dnsserver/dcerpc_dnsserver.c,8fc973eb1802db15737f0d8455b4caa528e939f1,CVE-2017-7494
484265150,Threekiii/Awesome-Exploit,Samba/CVE-2017-7494/src/libcli/util/tstream.c,8fcdc666cf03f5a8a5a4bb5db5b908936e53949f,CVE-2017-7494
484265150,Threekiii/Awesome-Exploit,Samba/CVE-2017-7494/src/ctdb/doc/examples/lvs.conf,8feeb6c2b9225816f4d3e11e280582500f436d28,CVE-2017-7494
484265150,Threekiii/Awesome-Exploit,Samba/CVE-2017-7494/src/testprogs/win32/midltests/todo/midltests-string-in-out-ref.idl,8ff93b71b49c1312f4b3f3226922a1b0cd61ebb2,CVE-2017-7494
484265150,Threekiii/Awesome-Exploit,Spring/CVE-2022-22965/test.txt,901e6f0ba0e8f9b0d2dd3c8f160ceb81ade39a82,CVE-2022-22965
484265150,Threekiii/Awesome-Exploit,Samba/CVE-2017-7494/src/packaging/RHEL/setup/smb.init,9030e221b62679e9908f97200b4213aaf3ade2c8,CVE-2017-7494
484265150,Threekiii/Awesome-Exploit,Samba/CVE-2017-7494/src/docs-xml/smbdotconf/printing/lprmcommand.xml,903383fc972725b02025510bd103f416be815c4e,CVE-2017-7494
484265150,Threekiii/Awesome-Exploit,Samba/CVE-2017-7494/src/testsuite/build_farm/backtrace,90368be6c7080eeb3b678ddeef8a0a6bd50490cc,CVE-2017-7494
484265150,Threekiii/Awesome-Exploit,Samba/CVE-2017-7494/src/ctdb/tests/eventscripts/10.interface.init.023.sh,903f1d40b3d034810426065088c28ffb2f5455a3,CVE-2017-7494
484265150,Threekiii/Awesome-Exploit,Samba/CVE-2017-7494/src/ctdb/common/pidfile.h,9047b5036d8587641a947fb080b27344a49c9ebf,CVE-2017-7494
484265150,Threekiii/Awesome-Exploit,Samba/CVE-2017-7494/src/source4/torture/libnet/userman.c,90511665e2353e168a102a4f6e136927c8e94106,CVE-2017-7494
484265150,Threekiii/Awesome-Exploit,Samba/CVE-2017-7494/src/testprogs/win32/midltests/midltests_s_m.c,9065fb320623940a890db04472011e456afc5d0d,CVE-2017-7494
484265150,Threekiii/Awesome-Exploit,Samba/CVE-2017-7494/src/third_party/zlib/contrib/puff/puff.h,906ac3d87d748e036ff6cc65d4d2e4e8ff3cb3c9,CVE-2017-7494
484265150,Threekiii/Awesome-Exploit,Samba/CVE-2017-7494/src/source3/smbd/trans2.c,906c4dee7978623dd9116e34c3d29789fa7e6056,CVE-2017-7494
484265150,Threekiii/Awesome-Exploit,Samba/CVE-2017-7494/src/source3/smbd/smb2_negprot.c,907a0660af93bf2082f8f0f2898f1e52f356e211,CVE-2017-7494
484265150,Threekiii/Awesome-Exploit,Samba/CVE-2017-7494/src/python/samba/netcmd/user.py,9086c0ee615811a6f44dc817d2e8ae7e0f87cca8,CVE-2017-7494
484265150,Threekiii/Awesome-Exploit,Samba/CVE-2017-7494/src/docs-xml/using_samba/ch00.xml,908fb71e17d55d2d87052c28bb90fc911c7b3cce,CVE-2017-7494
484265150,Threekiii/Awesome-Exploit,Samba/CVE-2017-7494/src/source4/setup/fedorads-index.ldif,9099c053597486b4bd842947aa2603477cfe55b4,CVE-2017-7494
484265150,Threekiii/Awesome-Exploit,Samba/CVE-2017-7494/src/docs-xml/smbdotconf/tuning/getwdcache.xml,90a1216ccb107be3c80fc75b02a95b40bd15cf60,CVE-2017-7494
484265150,Threekiii/Awesome-Exploit,Samba/CVE-2017-7494/src/selftest/manage-ca/CA-samba.example.com/Users/administrator@samba.example.com/USER-administrator@samba.example.com-S01-private-key.pem,90adcf76101a583746d8b6086692f55c72dfc497,CVE-2017-7494
484265150,Threekiii/Awesome-Exploit,Struts2/CVE-2017-5638/CVE-2017-5638-s2-046.py,90ba87909630159f22602ef008caa6ae03b0a2b8,CVE-2017-5638
484265150,Threekiii/Awesome-Exploit,Shiro/CVE-2016-4437/ysoserial.jar,90d0cdb1ee917dc74a55d6871efaaad0f09efd58,VU#95
484265150,Threekiii/Awesome-Exploit,Shiro/CVE-2016-4437/ysoserial.jar,90d0cdb1ee917dc74a55d6871efaaad0f09efd58,VU#76
484265150,Threekiii/Awesome-Exploit,Shiro/CVE-2016-4437/ysoserial.jar,90d0cdb1ee917dc74a55d6871efaaad0f09efd58,VU#83
484265150,Threekiii/Awesome-Exploit,Shiro/CVE-2016-4437/ysoserial.jar,90d0cdb1ee917dc74a55d6871efaaad0f09efd58,VU#37
484265150,Threekiii/Awesome-Exploit,Shiro/CVE-2016-4437/ysoserial.jar,90d0cdb1ee917dc74a55d6871efaaad0f09efd58,VU#56
484265150,Threekiii/Awesome-Exploit,Shiro/CVE-2016-4437/ysoserial.jar,90d0cdb1ee917dc74a55d6871efaaad0f09efd58,VU#35
484265150,Threekiii/Awesome-Exploit,Shiro/CVE-2016-4437/ysoserial.jar,90d0cdb1ee917dc74a55d6871efaaad0f09efd58,VU#03
484265150,Threekiii/Awesome-Exploit,Shiro/CVE-2016-4437/ysoserial.jar,90d0cdb1ee917dc74a55d6871efaaad0f09efd58,VU#38
484265150,Threekiii/Awesome-Exploit,Shiro/CVE-2016-4437/ysoserial.jar,90d0cdb1ee917dc74a55d6871efaaad0f09efd58,VU#26
484265150,Threekiii/Awesome-Exploit,Shiro/CVE-2016-4437/ysoserial.jar,90d0cdb1ee917dc74a55d6871efaaad0f09efd58,VU#45
484265150,Threekiii/Awesome-Exploit,Shiro/CVE-2016-4437/ysoserial.jar,90d0cdb1ee917dc74a55d6871efaaad0f09efd58,CVE-2016-4437
484265150,Threekiii/Awesome-Exploit,Shiro/CVE-2016-4437/ysoserial.jar,90d0cdb1ee917dc74a55d6871efaaad0f09efd58,VU#39
484265150,Threekiii/Awesome-Exploit,Samba/CVE-2017-7494/src/docs-xml/smbdotconf/winbind/idmapgid.xml,90de76b899019fc2ea925176a860f56f6e003007,CVE-2017-7494
484265150,Threekiii/Awesome-Exploit,Samba/CVE-2017-7494/src/source3/libnet/libnet_samsync_keytab.c,90e1b3615c4ee8ff2aab6e01f3335c02c210043c,CVE-2017-7494
484265150,Threekiii/Awesome-Exploit,Samba/CVE-2017-7494/src/examples/libsmbclient/teststat2.c,90f4b62ee94538b849d644b22ac63f92a8ca6143,CVE-2017-7494
484265150,Threekiii/Awesome-Exploit,Samba/CVE-2017-7494/src/source3/smbd/smb2_close.c,9111512da0f5ef5939f388db830fbb60bbe2d977,CVE-2017-7494
484265150,Threekiii/Awesome-Exploit,Samba/CVE-2017-7494/src/ctdb/ib/ibw_ctdb_init.c,912a31f9db412461e7a0a1f0f75d23fa1e1c33dc,CVE-2017-7494
484265150,Threekiii/Awesome-Exploit,Samba/CVE-2017-7494/src/docs/manpages/winbind_krb5_locator.7,9130c61cdc01642f5aa3d1e4f175efca17f70ea9,CVE-2017-7494
484265150,Threekiii/Awesome-Exploit,Samba/CVE-2017-7494/src/nsswitch/libwbclient/wbclient.c,913261b34056657ed618800cd5efa66298afe7d1,CVE-2017-7494
484265150,Threekiii/Awesome-Exploit,Samba/CVE-2017-7494/src/source4/auth/kerberos/kerberos_credentials.h,914b061bf863e97ed6f7800b377db9c934c5cad1,CVE-2017-7494
484265150,Threekiii/Awesome-Exploit,Samba/CVE-2017-7494/src/testsuite/smbd/sec_ctx_torture.c,914bc34622b45696537a0bfa73ca9852183602f2,CVE-2017-7494
484265150,Threekiii/Awesome-Exploit,Samba/CVE-2017-7494/src/source3/winbindd/idmap_tdb_common.c,914bd029af6c0b82502002fe5f2bf9e50298f3dd,CVE-2017-7494
484265150,Threekiii/Awesome-Exploit,Samba/CVE-2017-7494/src/ctdb/tests/eventscripts/stubs/df,9158075034ad0d1470ecc3c635d8a1130f445d81,CVE-2017-7494
484265150,Threekiii/Awesome-Exploit,Samba/CVE-2017-7494/src/source4/torture/raw/qfsinfo.c,916cc000bd256e3768247f0cb84acecab29f9077,CVE-2017-7494
484265150,Threekiii/Awesome-Exploit,Samba/CVE-2017-7494/src/libcli/smb/smb2cli_session.c,91870b601d6dff1127a79e0ffdb6b5ba3ebfd876,CVE-2017-7494
484265150,Threekiii/Awesome-Exploit,Samba/CVE-2017-7494/src/source3/rpc_server/dfs/srv_dfs_nt.c,919f5fbc3849f590684d02ba66bc3e16b42d527c,CVE-2017-7494
484265150,Threekiii/Awesome-Exploit,Samba/CVE-2017-7494/src/source4/wrepl_server/wrepl_out_helpers.h,91a27e62b76b7047831ce6b19c62af8fe8506211,CVE-2017-7494
484265150,Threekiii/Awesome-Exploit,Samba/CVE-2017-7494/src/third_party/dnspython/tests/rdtypeandclass.py,91a28210e58450ab5a90f1ecd00668ac6d554e2c,CVE-2017-7494
484265150,Threekiii/Awesome-Exploit,Samba/CVE-2017-7494/src/buildtools/wafsamba/samba_perl.py,91caa071e62df96258b262af44cfd63efaf39c45,CVE-2017-7494
484265150,Threekiii/Awesome-Exploit,Samba/CVE-2017-7494/src/testdata/samba3/provision_samba3sam.ldif,91d2d0b0c41f2d9161e1cd5771dab2cf71e10857,CVE-2017-7494
484265150,Threekiii/Awesome-Exploit,Samba/CVE-2017-7494/src/source4/librpc/idl/ntp_signd.idl,91d3276df1eaa029ad1418db45e9acc5ea674e04,CVE-2017-7494
484265150,Threekiii/Awesome-Exploit,Samba/CVE-2017-7494/src/docs-xml/manpages/vfs_fruit.8.xml,91e9a8a591eb8dd43caccbf42115937a7bf90714,CVE-2017-7494
484265150,Threekiii/Awesome-Exploit,Samba/CVE-2017-7494/src/buildtools/wafsamba/hpuxcc.py,92063e662bfe34839639e015d16869f60482a697,CVE-2017-7494
484265150,Threekiii/Awesome-Exploit,Samba/CVE-2017-7494/src/packaging/README,921f854905f3235dab81ab99d50788b53811d2a1,CVE-2017-7494
484265150,Threekiii/Awesome-Exploit,Samba/CVE-2017-7494/src/ctdb/tests/eventscripts/10.interface.takeip.001.sh,921f8a1f4d67b310aab6b3622fb7bdeb9ff6ed04,CVE-2017-7494
484265150,Threekiii/Awesome-Exploit,Samba/CVE-2017-7494/src/source3/smbd/notify_msg.c,9221d12a2a952a075742a22bc9f1848a6470d671,CVE-2017-7494
484265150,Threekiii/Awesome-Exploit,Samba/CVE-2017-7494/src/source4/setup/tests/blackbox_newuser.sh,92547e51a53ca347138ca52d5ebb97cf102a1d18,CVE-2017-7494
484265150,Threekiii/Awesome-Exploit,Samba/CVE-2017-7494/src/docs-xml/smbdotconf/printing/iprintserver.xml,9272eff40fba69a51aba09939cfe526be3c7a707,CVE-2017-7494
484265150,Threekiii/Awesome-Exploit,Samba/CVE-2017-7494/src/nsswitch/pam_winbind.c,927c171faf40b487e0c904d41f486bdee69177a0,CVE-2017-7494
484265150,Threekiii/Awesome-Exploit,Samba/CVE-2017-7494/src/docs-xml/smbdotconf/tuning/strictrename.xml,927d5286d6147b1679f714fc862c3dc7fa85e746,CVE-2017-7494
484265150,Threekiii/Awesome-Exploit,Samba/CVE-2017-7494/src/ctdb/tests/simple/11_ctdb_ip.sh,92830532f421faac0e27643b54bf34596441aed2,CVE-2017-7494
484265150,Threekiii/Awesome-Exploit,Samba/CVE-2017-7494/src/source3/utils/regedit_treeview.h,92836d2ff244da450da5d7d393836c1a8df3072c,CVE-2017-7494
484265150,Threekiii/Awesome-Exploit,Samba/CVE-2017-7494/src/third_party/zlib/contrib/masmx86/mkasm.bat,92995e99962a4548f435f3ffce0de4d731ad5792,CVE-2017-7494
484265150,Threekiii/Awesome-Exploit,Samba/CVE-2017-7494/src/third_party/pep8/testsuite/E20.py,92a66a873f5c10e8e35ab58fb9bc98fe3d23ca81,CVE-2017-7494
484265150,Threekiii/Awesome-Exploit,Samba/CVE-2017-7494/src/source4/dsdb/tests/python/vlv.py,92b39f177ad990e433bc353b5edd82f0ccac37ff,CVE-2017-7494
484265150,Threekiii/Awesome-Exploit,Samba/CVE-2017-7494/src/source3/printing/print_standard.c,92b7ed1788c94dd861b3c5398b076a842394b19a,CVE-2017-7494
484265150,Threekiii/Awesome-Exploit,Samba/CVE-2017-7494/src/source4/torture/smb2/compound.c,92ba6a905b6f54418b5371b8795f18b09abea465,CVE-2017-7494
484265150,Threekiii/Awesome-Exploit,Samba/CVE-2017-7494/src/source4/setup/provision_basedn.ldif,92bae41763696d988e11364a1acabb97aa9311b6,CVE-2017-7494
484265150,Threekiii/Awesome-Exploit,Samba/CVE-2017-7494/src/testprogs/win32/rpcecho/utils.c,92bbb59e3aeff42f957220c41ca096d018f63c4a,CVE-2017-7494
484265150,Threekiii/Awesome-Exploit,Samba/CVE-2017-7494/src/source3/modules/vfs_commit.c,92bd4a9224239bd8df9bbc4055bd106b7c89e3ae,CVE-2017-7494
484265150,Threekiii/Awesome-Exploit,Samba/CVE-2017-7494/src/ctdb/tests/src/test_options.h,92c23b60839a541a668311b82ceae6069301183c,CVE-2017-7494
484265150,Threekiii/Awesome-Exploit,Samba/CVE-2017-7494/src/source4/setup/provision_users_add.ldif,92d692bc17c4740ceedd96d50d926d5c6930c6f3,CVE-2017-7494
484265150,Threekiii/Awesome-Exploit,Samba/CVE-2017-7494/src/testprogs/win32/midltests/valid/midltests_union_align_05.idl,92d792b5e9ce4d4792c3342af2a72a0bf27b9b03,CVE-2017-7494
484265150,Threekiii/Awesome-Exploit,Samba/CVE-2017-7494/src/ctdb/config/ctdb-crash-cleanup.sh,92dd2229959e2884e099f1aa8400bb28369404d5,CVE-2017-7494
484265150,Threekiii/Awesome-Exploit,Samba/CVE-2017-7494/src/source3/rpc_client/util_netlogon.c,92eb28551a892980abbb0ed5bbaf592404633201,CVE-2017-7494
484265150,Threekiii/Awesome-Exploit,Samba/CVE-2017-7494/src/docs-xml/manpages/smbtree.1.xml,92f0dbb44e8e9e2b2676896ee2768c6c1eb60df9,CVE-2017-7494
484265150,Threekiii/Awesome-Exploit,Samba/CVE-2017-7494/src/source3/torture/rpc_open_tcp.c,92f451fa038e4f9a0c5e459c7104406a9237b152,CVE-2017-7494
484265150,Threekiii/Awesome-Exploit,Samba/CVE-2017-7494/src/source3/winbindd/winbindd_proto.h,9307d2309a0147fb5a5c841ca1cafcf05d16e4e6,CVE-2017-7494
484265150,Threekiii/Awesome-Exploit,Weblogic/weblogicScanner/stars/cve_2020_2551.py,930d5f98b57b536fa0d0f19ddd25f3b99b075698,CVE-2020-2551
484265150,Threekiii/Awesome-Exploit,Samba/CVE-2017-7494/src/ctdb/tests/src/fetch_ring.c,931b1516417665be35f1afa3a380ad73d80428b8,CVE-2017-7494
484265150,Threekiii/Awesome-Exploit,Samba/CVE-2017-7494/src/third_party/zlib/contrib/vstudio/vc7/zlibvc.vcproj,9320e05ae1d99cd9bb6dde452a5b03dc05baffd3,CVE-2017-7494
484265150,Threekiii/Awesome-Exploit,Samba/CVE-2017-7494/src/third_party/pyiso8601/.hgignore,932507e6dfc9aa3d0746c0d7a8ee5368f3643876,CVE-2017-7494
484265150,Threekiii/Awesome-Exploit,Samba/CVE-2017-7494/src/ctdb/common/ctdb_ltdb.c,9328eca68cde12b4d4df89a31f5ee9a6519f36f6,CVE-2017-7494
484265150,Threekiii/Awesome-Exploit,Samba/CVE-2017-7494/src/python/samba/tests/dcerpc/bare.py,932e78994ed42beab365b3beb0722df6b3c78af4,CVE-2017-7494
484265150,Threekiii/Awesome-Exploit,Samba/CVE-2017-7494/src/selftest/manage-ca/CA-samba.example.com/Users/administrator@addom.samba.example.com/USER-administrator@addom.samba.example.com-S03-cert.cer,934bad871bceae2eee857fbfb8af4493c0c79d63,CVE-2017-7494
484265150,Threekiii/Awesome-Exploit,Samba/CVE-2017-7494/src/source4/torture/raw/composite.c,935527f15f32a11ed3f318aac839c287ef890f22,CVE-2017-7494
484265150,Threekiii/Awesome-Exploit,Samba/CVE-2017-7494/src/docs-xml/Samba3-HOWTO/TOSHARG-TheNetCommand.xml,9355f6a8ad05d9e2484b185cd26c5603eabc4d59,CVE-2017-7494
484265150,Threekiii/Awesome-Exploit,Samba/CVE-2017-7494/src/source4/ntvfs/sysdep/sys_notify.h,93602e5cbc821e7fc507fc67cd5db104ab7e7191,CVE-2017-7494
484265150,Threekiii/Awesome-Exploit,Samba/CVE-2017-7494/src/source3/nmbd/nmbd_nodestatus.c,9362e4f175b38a2a4d60838a153159904661cfaf,CVE-2017-7494
484265150,Threekiii/Awesome-Exploit,Samba/CVE-2017-7494/src/docs-xml/Samba3-ByExample/index.xml,936fa5a02e1937575b8913936e02f19af27a9f05,CVE-2017-7494
484265150,Threekiii/Awesome-Exploit,Samba/CVE-2017-7494/src/packaging/systemd/samba.sysconfig,936ff703842da421aff49bbfd64f77c0a5ae2b3c,CVE-2017-7494
484265150,Threekiii/Awesome-Exploit,Samba/CVE-2017-7494/src/docs-xml/smbdotconf/security/encryptpasswords.xml,93765eec745baab312ceb9153267cd3597a9e969,CVE-2017-7494
484265150,Threekiii/Awesome-Exploit,Samba/CVE-2017-7494/src/source3/modules/vfs_prealloc.c,93a662ebf148ba3e9b45f4386b3f189f9565d453,CVE-2017-7494
484265150,Threekiii/Awesome-Exploit,Samba/CVE-2017-7494/src/docs-xml/smbdotconf/printing/printername.xml,93a6c5517613001fe337f883c82bf24618e85c07,CVE-2017-7494
484265150,Threekiii/Awesome-Exploit,Samba/CVE-2017-7494/src/selftest/manage-ca/CA-samba.example.com/DCs/localdc.samba.example.com/DC-localdc.samba.example.com-S00-key.pem,93c1dbe695d3b9d23a2779e8b30ea60fe30b7287,CVE-2017-7494
484265150,Threekiii/Awesome-Exploit,Samba/CVE-2017-7494/src/source4/ntvfs/simple/vfs_simple.c,93c534f1ff80c111defab04deb6fee79e89097b2,CVE-2017-7494
484265150,Threekiii/Awesome-Exploit,Samba/CVE-2017-7494/src/libcli/cldap/cldap.h,93d069819ef5850466c20217330038c9ac751eea,CVE-2017-7494
484265150,Threekiii/Awesome-Exploit,Samba/CVE-2017-7494/src/docs-xml/manpages/samba.8.xml,93dffc496527f4d6c6d548f445abccce57bfc3a2,CVE-2017-7494
484265150,Threekiii/Awesome-Exploit,Samba/CVE-2017-7494/src/ctdb/server/ctdbd.c,940186e3af8b8fe5e816f0e007847639dc1a3f43,CVE-2017-7494
484265150,Threekiii/Awesome-Exploit,Samba/CVE-2017-7494/src/third_party/zlib/old/descrip.mms,940475beeeb76576feb22c2d8b7b97d493ab3d79,CVE-2017-7494
484265150,Threekiii/Awesome-Exploit,Samba/CVE-2017-7494/src/docs-xml/Samba3-HOWTO/TOSHARG-Securing.xml,9408ba2e76a6c5cc8848ed1a8bdfc7a67954d016,CVE-2017-7494
484265150,Threekiii/Awesome-Exploit,Samba/CVE-2017-7494/src/source4/torture/rpc/join.c,940c1b22615b7a68e4d0fba9774056022bc24aef,CVE-2017-7494
484265150,Threekiii/Awesome-Exploit,Samba/CVE-2017-7494/src/source3/nmbd/nmbd_responserecordsdb.c,941f41724ced185b7d0518d64963ecb6446d61c7,CVE-2017-7494
484265150,Threekiii/Awesome-Exploit,Samba/CVE-2017-7494/src/source3/include/nt_printing.h,9421536b7ae0daed0fa2072cca8ae0af0b694ca0,CVE-2017-7494
484265150,Threekiii/Awesome-Exploit,Samba/CVE-2017-7494/src/source3/rpc_server/dssetup/srv_dssetup_nt.c,94228c3779e7de0a4e1866020065602aaa4edc4e,CVE-2017-7494
484265150,Threekiii/Awesome-Exploit,Samba/CVE-2017-7494/src/ctdb/tests/takeover/lcp2.011.sh,9437d72843fd61583f26fea73f6501ba4819de4b,CVE-2017-7494
484265150,Threekiii/Awesome-Exploit,Samba/CVE-2017-7494/src/source4/dsdb/schema/schema_convert_to_ol.c,944007f86bc3d5dece531ce6d9e68f4c9311f50a,CVE-2017-7494
484265150,Threekiii/Awesome-Exploit,Samba/CVE-2017-7494/src/source3/torture/nbio.c,9445154b58dafa23f9d1517381302b36b37aeb20,CVE-2017-7494
484265150,Threekiii/Awesome-Exploit,Samba/CVE-2017-7494/src/libgpo/gpo_ldap.c,9461f7264320eacd1da25330a7bbdcbeb5921631,CVE-2017-7494
484265150,Threekiii/Awesome-Exploit,Samba/CVE-2017-7494/src/selftest/TODO,94639b9280a9f3d133175794a392ebe08032a382,CVE-2017-7494
484265150,Threekiii/Awesome-Exploit,Samba/CVE-2017-7494/src/docs-xml/manpages/smbd.8.xml,9463b427b4ae90663380658342485a939cd1d0ba,CVE-2017-7494
484265150,Threekiii/Awesome-Exploit,Samba/CVE-2017-7494/src/source3/modules/vfs_catia.c,946d89856183c92247a1c3019f02a7889018bdf6,CVE-2017-7494
484265150,Threekiii/Awesome-Exploit,Samba/CVE-2017-7494/src/docs-xml/smbdotconf/generate-context.xsl,948a638efa9a1850bca66a850e8440cc152bd30e,CVE-2017-7494
484265150,Threekiii/Awesome-Exploit,Samba/CVE-2017-7494/src/source3/client/smbspool_krb5_wrapper.c,94a5923885d80cffdd8d565547fb49e03dd36c87,CVE-2017-7494
484265150,Threekiii/Awesome-Exploit,Samba/CVE-2017-7494/src/third_party/dnspython/dns/rdtypes/ANY/PTR.py,94a86d1e1ae843b57da4373bb66d27c61fdbec41,CVE-2017-7494
484265150,Threekiii/Awesome-Exploit,Samba/CVE-2017-7494/src/docs-xml/smbdotconf/misc/deletesharecommand.xml,94ae5b72ee2edb1e04b2f08fcdb8695b64c1778f,CVE-2017-7494
484265150,Threekiii/Awesome-Exploit,Samba/CVE-2017-7494/src/source3/winbindd/winbindd_getgrent.c,94bbdba8ac8ac79f7cdb9a4534e8c8652594df7a,CVE-2017-7494
484265150,Threekiii/Awesome-Exploit,Samba/CVE-2017-7494/src/librpc/ndr/ndr_svcctl.h,94be942e3b333e903e91204732f77a6e6327889b,CVE-2017-7494
484265150,Threekiii/Awesome-Exploit,Samba/CVE-2017-7494/src/docs-xml/smbdotconf/protocol/clientminprotocol.xml,94c7e8017efa3aebcdea988e94862a8e8d544feb,CVE-2017-7494
484265150,Threekiii/Awesome-Exploit,Samba/CVE-2017-7494/src/source3/nmbd/nmbd_winsserver.c,94d62974a4994e34b5c11183ef6222eaeffebf89,CVE-2017-7494
484265150,Threekiii/Awesome-Exploit,Samba/CVE-2017-7494/src/ctdb/tests/complex/45_failover_nfs_kill.sh,94def33d84e1cb009f61c3b3d5475721305be085,CVE-2017-7494
484265150,Threekiii/Awesome-Exploit,Samba/CVE-2017-7494/src/librpc/idl/orpc.idl,94e32e8745c60045181d264e085b7f6542f0c0e6,CVE-2017-7494
484265150,Threekiii/Awesome-Exploit,Samba/CVE-2017-7494/src/python/samba/__init__.py,94eb66c870a8883dea626f9ca336afc6093fa7ed,CVE-2017-7494
484265150,Threekiii/Awesome-Exploit,Samba/CVE-2017-7494/src/python/samba/tests/dcerpc/array.py,94f14b15c1071bf01c3ec31605a00d5cb9177649,CVE-2017-7494
484265150,Threekiii/Awesome-Exploit,Samba/CVE-2017-7494/src/source4/setup/ypServ30.ldif,94f2b76f8a858e0d58f5516fb70204b65bcb5ee6,CVE-2017-7494
484265150,Threekiii/Awesome-Exploit,Samba/CVE-2017-7494/src/ctdb/tests/eventscripts/10.interface.startup.001.sh,94f8264303256617eb602d45ce79f6653c1d41ee,CVE-2017-7494
484265150,Threekiii/Awesome-Exploit,Samba/CVE-2017-7494/src/source4/torture/rpc/samsync.c,94fe35f6d1d2ee7c2cff90be2a4ea0cec6ff4fa9,CVE-2017-7494
484265150,Threekiii/Awesome-Exploit,Samba/CVE-2017-7494/src/testprogs/blackbox/test_passwords.sh,951eb491701ac5ace25badd615468d71eabe5295,CVE-2017-7494
484265150,Threekiii/Awesome-Exploit,Samba/CVE-2017-7494/src/docs-xml/smbdotconf/winbind/winbindseparator.xml,95275ab87605c57c5f6e56153e79f22589295deb,CVE-2017-7494
484265150,Threekiii/Awesome-Exploit,Samba/CVE-2017-7494/src/source3/rpc_server/fss/srv_fss_private.h,952ee7dedc012ad21cfcdb3f282832a33b643c4b,CVE-2017-7494
484265150,Threekiii/Awesome-Exploit,Samba/CVE-2017-7494/src/source3/winbindd/wb_sids2xids.c,954dda21d83e10c4bbd582a904ac13b60cee178f,CVE-2017-7494
484265150,Threekiii/Awesome-Exploit,Samba/CVE-2017-7494/src/source3/registry/reg_import.c,95545d5576018e5d0902c057fead8feccb5ec615,CVE-2017-7494
484265150,Threekiii/Awesome-Exploit,Samba/CVE-2017-7494/src/source4/dsdb/samdb/ldb_modules/proxy.c,955daca2a5737baa28a9f1274446c915bd9c0140,CVE-2017-7494
484265150,Threekiii/Awesome-Exploit,Samba/CVE-2017-7494/src/testprogs/win32/midltests/valid/midltests_strings_array_01.err.txt,956030697c94917954300c40e01c62c90c79936d,CVE-2017-7494
484265150,Threekiii/Awesome-Exploit,Samba/CVE-2017-7494/src/third_party/zlib/win32/zlib1.rc,957ba87b9997caebdc7fa0544a1346bab1496e98,CVE-2017-7494
484265150,Threekiii/Awesome-Exploit,Samba/CVE-2017-7494/src/docs-xml/smbdotconf/security/passdbexpandexplicit.xml,9583d9eb2641f59d700d9e51a8824f55cb8f3b35,CVE-2017-7494
484265150,Threekiii/Awesome-Exploit,Samba/CVE-2017-7494/src/docs-xml/Samba3-ByExample/images/chap6-net.svg,958715e2ca591a80c5a14d8f5a1fd337fbb75049,CVE-2017-7494
484265150,Threekiii/Awesome-Exploit,Samba/CVE-2017-7494/src/source3/winbindd/winbindd_getgrgid.c,9588b2dde62c9bb6f882f6b66dbd9bbdd646fb19,CVE-2017-7494
484265150,Threekiii/Awesome-Exploit,Samba/CVE-2017-7494/src/source4/torture/local/local.c,959a05d845401b9baa5fe230ead68a38d2607817,CVE-2017-7494
484265150,Threekiii/Awesome-Exploit,Samba/CVE-2017-7494/src/source3/torture/test_idmap_tdb_common.c,959f9c5c9f9d701b0341ecd642cf3da860dd19f7,CVE-2017-7494
484265150,Threekiii/Awesome-Exploit,Samba/CVE-2017-7494/src/third_party/waf/wafadmin/Tools/ccroot.py,95b4ad17e6ab4fe657838d42b81ed2fde797a935,CVE-2017-7494
484265150,Threekiii/Awesome-Exploit,Samba/CVE-2017-7494/src/ctdb/tests/tool/ctdb.stop.002.sh,95c75327bd2d12bf36a27b96df952898f8f27dd1,CVE-2017-7494
484265150,Threekiii/Awesome-Exploit,Samba/CVE-2017-7494/src/libcli/nbt/lmhosts.c,95da273a16bcfd9823bf044d834ce45d7328c63e,CVE-2017-7494
484265150,Threekiii/Awesome-Exploit,Samba/CVE-2017-7494/src/source3/script/mksyms.sh,95db7146898f70eb4a6fa17b1444943926dda394,CVE-2017-7494
484265150,Threekiii/Awesome-Exploit,Samba/CVE-2017-7494/src/docs-xml/Samba3-ByExample/SBE-preface.xml,95e8cbe8510aebf6758bab6e45ccd9d6c0c61b0c,CVE-2017-7494
484265150,Threekiii/Awesome-Exploit,Samba/CVE-2017-7494/src/docs-xml/using_samba/ch01.xml,95eae227cb0e2fcc0d5d059f3b24e8f926efdef0,CVE-2017-7494
484265150,Threekiii/Awesome-Exploit,Samba/CVE-2017-7494/src/third_party/zlib/examples/README.examples,95ef358e8e5a68be091493ff365e27ccab9fcae0,CVE-2017-7494
484265150,Threekiii/Awesome-Exploit,Samba/CVE-2017-7494/src/testprogs/win32/spoolss/error.h,960071869b6a15f3f19abc1e1ef16e73edef8c7d,CVE-2017-7494
484265150,Threekiii/Awesome-Exploit,Samba/CVE-2017-7494/src/source4/ntvfs/posix/pvfs_oplock.c,961a101220ef8168c0f3f4d1434be7cf5c1b841a,CVE-2017-7494
484265150,Threekiii/Awesome-Exploit,Samba/CVE-2017-7494/src/source4/cluster/cluster_private.h,962a3571383268b79c51d9aa21dc8a0035c1c96d,CVE-2017-7494
484265150,Threekiii/Awesome-Exploit,Samba/CVE-2017-7494/src/selftest/manage-ca/CA-samba.example.com/Users/pkinit@addom.samba.example.com/USER-pkinit@addom.samba.example.com-S05-private-key.pem,96409cf4eb7f0bf1d8a8fbb61a02a2c736d08fdd,VU#463
484265150,Threekiii/Awesome-Exploit,Samba/CVE-2017-7494/src/selftest/manage-ca/CA-samba.example.com/Users/pkinit@addom.samba.example.com/USER-pkinit@addom.samba.example.com-private-key.pem,96409cf4eb7f0bf1d8a8fbb61a02a2c736d08fdd,CVE-2017-7494
484265150,Threekiii/Awesome-Exploit,Samba/CVE-2017-7494/src/source3/rpc_server/rpc_server.c,9640e1c300900c2f58e710503b7a140fd2a9dadf,CVE-2017-7494
484265150,Threekiii/Awesome-Exploit,Samba/CVE-2017-7494/src/ctdb/tests/eventscripts/13.per_ip_routing.004.sh,964c625f0d0d81bbcdacbb38cd901077af4d7f81,CVE-2017-7494
484265150,Threekiii/Awesome-Exploit,Samba/CVE-2017-7494/src/docs-xml/smbdotconf/printing/printing.xml,9653715b91ea29da9e89dc37789c85c3772538dc,CVE-2017-7494
484265150,Threekiii/Awesome-Exploit,Samba/CVE-2017-7494/src/testdata/samba3/secrets.tdb,965f73682702d40146784d69a018c8cd25e80c23,CVE-2017-7494
484265150,Threekiii/Awesome-Exploit,Samba/CVE-2017-7494/src/source4/libnet/libnet.c,966a71e04d73e2408bc845736a4f4c05803f21f3,CVE-2017-7494
484265150,Threekiii/Awesome-Exploit,Samba/CVE-2017-7494/src/docs-xml/smbdotconf/base/doscharset.xml,96810d5a55eb7cad52591baecbbd9b04c4fb641f,CVE-2017-7494
484265150,Threekiii/Awesome-Exploit,Samba/CVE-2017-7494/src/source4/auth/kerberos/kerberos_util.c,9686939b06db67974977c1761299733faa6d50e4,CVE-2017-7494
484265150,Threekiii/Awesome-Exploit,Samba/CVE-2017-7494/src/ctdb/tests/src/protocol_util_test.c,969cc91161af6fb839df49535da60891fb5fde4f,CVE-2017-7494
484265150,Threekiii/Awesome-Exploit,Samba/CVE-2017-7494/src/source3/script/tests/stream-depot/vfstest.cmd,96ab780a3caa4fb3e967bf8d1ec290a28de4d3e0,CVE-2017-7494
484265150,Threekiii/Awesome-Exploit,Samba/CVE-2017-7494/src/ctdb/common/srvid.c,96b8db39172d409d469ce4b4cfe855751110b367,CVE-2017-7494
484265150,Threekiii/Awesome-Exploit,Samba/CVE-2017-7494/src/source3/nmbd/nmbd_packets.c,96c15d0c16e05ed81a13cd8db8fe8550356e1649,CVE-2017-7494
484265150,Threekiii/Awesome-Exploit,Samba/CVE-2017-7494/src/source4/ntvfs/smb2/vfs_smb2.c,96ca2422da9cb467c353445807ac9e63a78463fc,CVE-2017-7494
484265150,Threekiii/Awesome-Exploit,Samba/CVE-2017-7494/src/source4/setup/provision.ldif,96ce1f59772ea8d6e4a299bc91dcd6d392ae2b7c,CVE-2017-7494
484265150,Threekiii/Awesome-Exploit,Samba/CVE-2017-7494/src/source3/utils/regedit_wrap.c,96d37722b1e5c5f02948e68b5867920c2cbd84bb,CVE-2017-7494
484265150,Threekiii/Awesome-Exploit,Samba/CVE-2017-7494/src/ctdb/configure.rpm,96dac1092f2df91446aa1934364cfcde5ad66798,CVE-2017-7494
484265150,Threekiii/Awesome-Exploit,Samba/CVE-2017-7494/src/source4/libcli/clireadwrite.c,96e8bdb30d883e136bfd06eac0d2dd8326839212,CVE-2017-7494
484265150,Threekiii/Awesome-Exploit,Samba/CVE-2017-7494/src/source3/libsmb/smbclient.pc.in,96ea64d8d905b32b115aa7212e1b7e55510b8a14,CVE-2017-7494
484265150,Threekiii/Awesome-Exploit,Weblogic/weblogicScanner/stars/__pycache__/cve_2020_2883.cpython-37.pyc,96f03ac448d72af50618715427f242f3892e5974,CVE-2020-2883
484265150,Threekiii/Awesome-Exploit,Samba/CVE-2017-7494/src/source4/heimdal_build/wscript_configure,9705242ec93e5aac2eaf437fe022ba294744aca6,CVE-2017-7494
484265150,Threekiii/Awesome-Exploit,Samba/CVE-2017-7494/src/ctdb/tests/complex/scripts/local.bash,9709a8cbbd66943b40c3c97865f289a20bd8a2aa,CVE-2017-7494
484265150,Threekiii/Awesome-Exploit,Weblogic/weblogicScanner/stars/__pycache__/cve_2018_3252.cpython-37.pyc,970a53853c613388791166e4a27668caf939e752,CVE-2018-3252
484265150,Threekiii/Awesome-Exploit,Samba/CVE-2017-7494/src/libcli/samsync/samsync.h,9731f284945f0d84db6b02da1f422e14d088de5b,CVE-2017-7494
484265150,Threekiii/Awesome-Exploit,Samba/CVE-2017-7494/src/third_party/popt/findme.c,9738d8729a14258201db3761e0d71a468b92b613,CVE-2017-7494
484265150,Threekiii/Awesome-Exploit,Samba/CVE-2017-7494/src/source4/torture/gentest.c,973bbb3e7a544f48d171750a668dd28503ac82c3,CVE-2017-7494
484265150,Threekiii/Awesome-Exploit,Samba/CVE-2017-7494/src/libcli/util/tstream.h,973ce92619dc80ff5d55042eb77d57f52dbd3d79,CVE-2017-7494
484265150,Threekiii/Awesome-Exploit,Samba/CVE-2017-7494/src/docs-xml/smbdotconf/misc/available.xml,973e4cf034739a4db6ab4a27c588bb57a261cb8f,CVE-2017-7494
484265150,Threekiii/Awesome-Exploit,Samba/CVE-2017-7494/src/librpc/idl/misc.idl,974b4675e3621514f75beb04da742603a9654e35,CVE-2017-7494
484265150,Threekiii/Awesome-Exploit,Samba/CVE-2017-7494/src/source4/setup/DB_CONFIG,9750f74f88f4a27a98dd19b8a9900af552d599fc,CVE-2017-7494
484265150,Threekiii/Awesome-Exploit,Samba/CVE-2017-7494/src/examples/perfcounter/perf_writer_util.c,9760f1125e9aeb019c74f4e3903e0b1e3b32a580,CVE-2017-7494
484265150,Threekiii/Awesome-Exploit,Samba/CVE-2017-7494/src/third_party/zlib/contrib/masmx64/gvmat64.asm,976c081bfa608d67993d94edeca7eb5ff3c87862,CVE-2017-7494
484265150,Threekiii/Awesome-Exploit,Samba/CVE-2017-7494/src/testprogs/win32/midltests/midltests.idl,976c885a407f47b920dd759c6b718b2455a7bcb1,CVE-2017-7494
484265150,Threekiii/Awesome-Exploit,Samba/CVE-2017-7494/src/script/show_testsuite_time,977420eb7bcf6d0a89185a1b82da55c9cb4139a8,CVE-2017-7494
484265150,Threekiii/Awesome-Exploit,Samba/CVE-2017-7494/src/ctdb/tests/eventscripts/stubs/killall,977558d2715318567451c42ddf983b8a619fe694,CVE-2017-7494
484265150,Threekiii/Awesome-Exploit,Samba/CVE-2017-7494/src/third_party/dnspython/dns/renderer.py,977699fd390dbd6b5db21cc1f028c612a31e7607,CVE-2017-7494
484265150,Threekiii/Awesome-Exploit,Samba/CVE-2017-7494/src/ctdb/config/events.d/31.clamd,9789c180860ae6c60143888fd7b4f76538231641,CVE-2017-7494
484265150,Threekiii/Awesome-Exploit,Samba/CVE-2017-7494/src/examples/logon/mklogon/mklogon.conf,978a893cb6ece5b8079b36969e54769363ee1d89,CVE-2017-7494
484265150,Threekiii/Awesome-Exploit,Samba/CVE-2017-7494/src/docs-xml/smbdotconf/tuning/aiowritesize.xml,9792968180bb4eafde3fc7e65bad162ccfa97454,CVE-2017-7494
484265150,Threekiii/Awesome-Exploit,Samba/CVE-2017-7494/src/source4/selftest/test_win.sh,97a0f5cdcff45000245b9f496525cc8497eb263c,CVE-2017-7494
484265150,Threekiii/Awesome-Exploit,Samba/CVE-2017-7494/src/examples/scripts/printing/cups/smbaddprinter.pl,97b10bf4c0f37be24443b3151351afdf71085f53,CVE-2017-7494
484265150,Threekiii/Awesome-Exploit,Samba/CVE-2017-7494/src/examples/pcap2nbench/ntcreateandxrequest.hpp,97bbf839f64f428d7aa9b1e2dcef49dbdb14ad09,CVE-2017-7494
484265150,Threekiii/Awesome-Exploit,Samba/CVE-2017-7494/src/third_party/waf/wafadmin/Tools/msvc.py,97be2f3bbe5092cd8b5ca2da054dbf68185ab82a,CVE-2017-7494
484265150,Threekiii/Awesome-Exploit,Samba/CVE-2017-7494/src/source3/winbindd/winbindd_list_groups.c,97c797f0b01a71f84cb52712e36d9dd35cf132ee,CVE-2017-7494
484265150,Threekiii/Awesome-Exploit,Samba/CVE-2017-7494/src/source4/ntvfs/ntvfs_interface.c,97ccb334b6cf06793ef4ee014435e49e63f095d7,CVE-2017-7494
484265150,Threekiii/Awesome-Exploit,Samba/CVE-2017-7494/src/source3/winbindd/winbindd_endpwent.c,97cd28a032615a34e3a6196dccca3e2f91a7b942,CVE-2017-7494
484265150,Threekiii/Awesome-Exploit,Samba/CVE-2017-7494/src/auth/gensec/external.c,97e557af9ddaf087149c4e84c41e879732c23a47,CVE-2017-7494
484265150,Threekiii/Awesome-Exploit,Samba/CVE-2017-7494/src/docs-xml/smbdotconf/winbind/winbindmaxdomainconnections.xml,97ef668c47a8a73caaf341137dddb67861442c3a,CVE-2017-7494
484265150,Threekiii/Awesome-Exploit,Samba/CVE-2017-7494/src/ctdb/tests/tool/ctdb.ban.001.sh,97f448ec61746a54d3f96888e7492de93f06bd22,CVE-2017-7494
484265150,Threekiii/Awesome-Exploit,Samba/CVE-2017-7494/src/third_party/zlib/projects/visualc6/example.dsp,97f52e17a364d110b7d29f6dfda04f651e9c1c17,CVE-2017-7494
484265150,Threekiii/Awesome-Exploit,Samba/CVE-2017-7494/src/third_party/pep8/testsuite/test_all.py,980b1705d2b348ed2f03b5e74bd64dec19d9128d,CVE-2017-7494
484265150,Threekiii/Awesome-Exploit,Samba/CVE-2017-7494/src/source4/libcli/composite/composite.c,9811f4001f5e5e8f1bee7099bf561be538943b94,CVE-2017-7494
484265150,Threekiii/Awesome-Exploit,Samba/CVE-2017-7494/src/librpc/idl/file_id.idl,9827b794cc2fe70923e44b2a0a39987c8400647c,CVE-2017-7494
484265150,Threekiii/Awesome-Exploit,Samba/CVE-2017-7494/src/source4/dsdb/repl/drepl_fsmo.c,982e1fdf2666e633c2fc42c31a72e3f06722089d,CVE-2017-7494
484265150,Threekiii/Awesome-Exploit,Samba/CVE-2017-7494/src/source3/include/secrets.h,9839395d2e1eb50d5791f19942d10c532790c020,CVE-2017-7494
484265150,Threekiii/Awesome-Exploit,Samba/CVE-2017-7494/src/source3/auth/token_util.c,983bb63bb858aa0c119af1abd44420de2ad3a422,CVE-2017-7494
484265150,Threekiii/Awesome-Exploit,Samba/CVE-2017-7494/src/testsuite/build_farm/torture_setup.fns,98422263fce7c7b23bc7c84a908176de6728bc4d,CVE-2017-7494
484265150,Threekiii/Awesome-Exploit,Samba/CVE-2017-7494/src/nsswitch/wins_freebsd.c,9847812698375589fcefac9f067c6698f3313f49,CVE-2017-7494
484265150,Threekiii/Awesome-Exploit,Samba/CVE-2017-7494/src/docs-xml/smbdotconf/tuning/blocksize.xml,985f26b463b75de9438c57a9c681d6894c9a1ddd,CVE-2017-7494
484265150,Threekiii/Awesome-Exploit,Samba/CVE-2017-7494/src/source3/utils/status_profile_dummy.c,9865c412ce27641597ebe6e818c2aee4ca133cd5,CVE-2017-7494
484265150,Threekiii/Awesome-Exploit,Samba/CVE-2017-7494/src/source3/utils/regedit_dialog.c,9866af3abfe86efa7309c4cda665ce736787eb07,CVE-2017-7494
484265150,Threekiii/Awesome-Exploit,Samba/CVE-2017-7494/src/third_party/waf/wafadmin/Tools/suncc.py,986fc6ada881bf66d9942df0c24277f1396fb5a8,CVE-2017-7494
484265150,Threekiii/Awesome-Exploit,Samba/CVE-2017-7494/src/third_party/waf/wafadmin/3rdparty/swig.py,987a36caed9827117c9887936b2dff01fb0ffdae,CVE-2017-7494
484265150,Threekiii/Awesome-Exploit,Samba/CVE-2017-7494/src/third_party/pep8/testsuite/E21.py,987f2580efeb1f8aefe00a184fc3bcabf8c8d726,CVE-2017-7494
484265150,Threekiii/Awesome-Exploit,Samba/CVE-2017-7494/src/librpc/ABI/ndr-0.0.6.sigs,98854850c03d1919591e980ffdc46e3ea2d72d1b,CVE-2017-7494
484265150,Threekiii/Awesome-Exploit,Samba/CVE-2017-7494/src/libcli/auth/netlogon_creds_cli.h,98863a81485506a44973668d9c11a8dddda6d6b9,CVE-2017-7494
484265150,Threekiii/Awesome-Exploit,Samba/CVE-2017-7494/src/docs-xml/smbdotconf/misc/magicscript.xml,988d5bbd416d6d48a02cecc5b73a5c7a9a91006d,CVE-2017-7494
484265150,Threekiii/Awesome-Exploit,Samba/CVE-2017-7494/src/libcli/smb/smb2cli_write.c,98b137d2b6c975674eb40d41d0ea13093dee0920,CVE-2017-7494
484265150,Threekiii/Awesome-Exploit,Samba/CVE-2017-7494/src/librpc/idl/eventlog.idl,98b9f527f1da1915eb19f8784a8d94e48a82a66b,CVE-2017-7494
484265150,Threekiii/Awesome-Exploit,Samba/CVE-2017-7494/src/librpc/ndr/ndr_preg.h,98bb0b66cc783bd9ca48123d122d7dd582b005a3,CVE-2017-7494
484265150,Threekiii/Awesome-Exploit,Samba/CVE-2017-7494/src/source3/modules/getdate.h,98bdd5e22ae654f44c8d5936681fb44d0c536d49,CVE-2017-7494
484265150,Threekiii/Awesome-Exploit,Samba/CVE-2017-7494/src/source4/torture/basic/base.c,98cc5a965ab4d3d4098126b94a4878e472c7bdfc,CVE-2017-7494
484265150,Threekiii/Awesome-Exploit,Samba/CVE-2017-7494/src/source4/libnet/libnet_passwd.c,98d0b8874d52026460a400df465060f4a265dd47,CVE-2017-7494
484265150,Threekiii/Awesome-Exploit,Samba/CVE-2017-7494/src/source3/include/ntioctl.h,98dba1ffeb4796c43fdb27c577522ab93751acb7,CVE-2017-7494
484265150,Threekiii/Awesome-Exploit,Samba/CVE-2017-7494/src/selftest/selftesthelpers.py,98dc120f4f209ba0e2dabf4769e988450201a9d9,CVE-2017-7494
484265150,Threekiii/Awesome-Exploit,Samba/CVE-2017-7494/src/third_party/waf/wafadmin/Tools/gas.py,98e45261f0ad8f88c72295dfe81e77f49abc9e2f,CVE-2017-7494
484265150,Threekiii/Awesome-Exploit,Samba/CVE-2017-7494/src/source3/libsmb/libsmb_setget.c,98ee920589d18359f4959b28c140621b2a2fab39,CVE-2017-7494
484265150,Threekiii/Awesome-Exploit,Samba/CVE-2017-7494/src/testprogs/win32/midltests/valid/midltests_union_align_02.idl,98fd8b3288533dbb198a0e90de606a27e48689f0,CVE-2017-7494
484265150,Threekiii/Awesome-Exploit,Samba/CVE-2017-7494/src/ctdb/tests/eventscripts/10.interface.takeip.003.sh,98fdfe8ff96ca04dcefaae146e1f0f33e5b0ea75,CVE-2017-7494
484265150,Threekiii/Awesome-Exploit,Samba/CVE-2017-7494/src/source4/libcli/rap/rap.h,9903c3bd6fab7bff3da400f956e0e8b8a40456fd,CVE-2017-7494
484265150,Threekiii/Awesome-Exploit,Samba/CVE-2017-7494/src/source4/torture/raw/lookuprate.c,99136f82f9d537905666db7827206b549537b16c,CVE-2017-7494
484265150,Threekiii/Awesome-Exploit,Samba/CVE-2017-7494/src/ctdb/server/ctdb_banning.c,991fa9cdd68e299c5d5420035198b927f58d2207,CVE-2017-7494
484265150,Threekiii/Awesome-Exploit,Samba/CVE-2017-7494/src/ctdb/doc/examples/README,992f83a11f46eda5583d783756008a455b1cb14d,CVE-2017-7494
484265150,Threekiii/Awesome-Exploit,Samba/CVE-2017-7494/src/source3/smbd/smb2_lock.c,993b194647e2b7ac3d480e0ab2c9115eefd0f470,CVE-2017-7494
484265150,Threekiii/Awesome-Exploit,Samba/CVE-2017-7494/src/source3/torture/test_nttrans_fsctl.c,99442ba5c67c227bd2865d89c9477fc090e50b14,CVE-2017-7494
484265150,Threekiii/Awesome-Exploit,Samba/CVE-2017-7494/src/libcli/smb/smb2cli_create.c,994ab4eac4ff2770070f9051c70cb68939648b5b,CVE-2017-7494
484265150,Threekiii/Awesome-Exploit,Samba/CVE-2017-7494/src/README.Coding,99551a281822b534995e3cdbf8ee12b9e8541ef4,CVE-2017-7494
484265150,Threekiii/Awesome-Exploit,Samba/CVE-2017-7494/src/third_party/popt/system.h,99565662308abfc6aba224c2fad139ff943aa7f7,CVE-2017-7494
484265150,Threekiii/Awesome-Exploit,Samba/CVE-2017-7494/src/source4/libnet/libnet_lookup.c,995adc3f6c2ddbde99ae83e60901ecaa81fb4e57,CVE-2017-7494
484265150,Threekiii/Awesome-Exploit,Samba/CVE-2017-7494/src/source4/libcli/raw/signing.h,996bf47ca5b7edf0e034897533c37377dadcf9ac,CVE-2017-7494
484265150,Threekiii/Awesome-Exploit,Samba/CVE-2017-7494/src/third_party/dnspython/dns/e164.py,99709fdbd83bda66a1fc28807aebb541716fcdd7,CVE-2017-7494
484265150,Threekiii/Awesome-Exploit,Samba/CVE-2017-7494/src/source3/client/tree.c,997454bd5ee48764e0a240e97ed1f7d9d152901e,CVE-2017-7494
484265150,Threekiii/Awesome-Exploit,Samba/CVE-2017-7494/src/source4/scripting/devel/getncchanges,9977625a5a9ad9337bc94ab6cb5b77c33b175914,CVE-2017-7494
484265150,Threekiii/Awesome-Exploit,Samba/CVE-2017-7494/src/docs-xml/smbdotconf/misc/spotlight.xml,997983bc754c5e6711914b869b6eee8814012268,CVE-2017-7494
484265150,Threekiii/Awesome-Exploit,Samba/CVE-2017-7494/src/source4/libcli/raw/rawsearch.c,99868f4df865f6efb43ab7d0a5569ae6bd6e81d8,CVE-2017-7494
484265150,Threekiii/Awesome-Exploit,Samba/CVE-2017-7494/src/nsswitch/libwbclient/wbclient.pc.in,9988f8a4bde1d4d08ffed653392e9e5b6ff26763,CVE-2017-7494
484265150,Threekiii/Awesome-Exploit,Samba/CVE-2017-7494/src/source3/locale/pam_winbind/genmsg,9997702f28f896757ab9495257a9fe641ea7717a,CVE-2017-7494
484265150,Threekiii/Awesome-Exploit,Weblogic/WeblogicScan/app/plugins/CVE-2019-2618.py,9999cad25fcf24284434b895d56ee557b88ab20e,CVE-2019-2618
484265150,Threekiii/Awesome-Exploit,Samba/CVE-2017-7494/src/source3/registry/reg_api.c,999fbd77f11a557a9b4d071f92aaad5348b06386,CVE-2017-7494
484265150,Threekiii/Awesome-Exploit,Samba/CVE-2017-7494/src/source4/heimdal/base/heimbasepriv.h,99a481647f3a698fe95da619e16d50450e1df8e6,CVE-2017-7494
484265150,Threekiii/Awesome-Exploit,Samba/CVE-2017-7494/src/source4/librpc/rpc/dcerpc_sock.c,99acd183cb6fb5152af4f91a1c90d7a90a6af4ff,CVE-2017-7494
484265150,Threekiii/Awesome-Exploit,Samba/CVE-2017-7494/src/testprogs/blackbox/subunit.sh,99c349c7fbb55443faa1cb4b88202a05b8bf0312,CVE-2017-7494
484265150,Threekiii/Awesome-Exploit,Samba/CVE-2017-7494/src/third_party/dnspython/tests/resolver.py,99c67b02c13fb5e80cfe250bf3afc9cfc1245f35,CVE-2017-7494
484265150,Threekiii/Awesome-Exploit,Samba/CVE-2017-7494/src/third_party/dnspython/tests/namedict.py,99c7b6f2734449d997e0d51e3ce13a191abf35a3,CVE-2017-7494
484265150,Threekiii/Awesome-Exploit,Samba/CVE-2017-7494/src/source3/registry/reg_util_token.h,99ca11c4dff9e97d36f0375be4314e047aa02fb1,CVE-2017-7494
484265150,Threekiii/Awesome-Exploit,Samba/CVE-2017-7494/src/docs-xml/smbdotconf/misc/afstokenlifetime.xml,99ccdde2162c85840ed876d80195c49ded645fb1,CVE-2017-7494
484265150,Threekiii/Awesome-Exploit,Samba/CVE-2017-7494/src/source4/librpc/tests/samr-CreateUser-in.dat,99dde9b28d474561ca690ef57408c2128c9be61e,CVE-2017-7494
484265150,Threekiii/Awesome-Exploit,Samba/CVE-2017-7494/src/docs-xml/manpages/vfs_btrfs.8.xml,99e2b8d6af0c23e80b92736f7ea1f5fc4319fd2c,CVE-2017-7494
484265150,Threekiii/Awesome-Exploit,Samba/CVE-2017-7494/src/third_party/pyiso8601/setup.py,99f1dc6c5838ae5a32e1078b695779ef8e3a8c90,CVE-2017-7494
484265150,Threekiii/Awesome-Exploit,Samba/CVE-2017-7494/src/docs-xml/smbdotconf/logon/enableprivileges.xml,99f51b5b9474c2134bfaacb538b632d4b9bb0e42,CVE-2017-7494
484265150,Threekiii/Awesome-Exploit,Samba/CVE-2017-7494/src/source4/libnet/libnet_group.h,99f8864d896b21a2f94c6c9fb16246c5eb78027f,CVE-2017-7494
484265150,Threekiii/Awesome-Exploit,Samba/CVE-2017-7494/src/source4/dsdb/samdb/samdb.c,9a07e6ed316ca1889af138b893254ce6dc75cc22,CVE-2017-7494
484265150,Threekiii/Awesome-Exploit,Samba/CVE-2017-7494/src/source4/dsdb/samdb/ldb_modules/partition.c,9a0e8e832b60dbe7bf6dde2460989f3323b900bd,CVE-2017-7494
484265150,Threekiii/Awesome-Exploit,Samba/CVE-2017-7494/src/source4/setup/display-specifiers/DisplaySpecifiers-Win2k3.txt,9a16d591d37a743caaff9090e930ba894698696a,VU#29
484265150,Threekiii/Awesome-Exploit,Samba/CVE-2017-7494/src/source4/setup/display-specifiers/DisplaySpecifiers-Win2k3.txt,9a16d591d37a743caaff9090e930ba894698696a,VU#60
484265150,Threekiii/Awesome-Exploit,Samba/CVE-2017-7494/src/source4/setup/display-specifiers/DisplaySpecifiers-Win2k3.txt,9a16d591d37a743caaff9090e930ba894698696a,VU#70
484265150,Threekiii/Awesome-Exploit,Samba/CVE-2017-7494/src/source4/setup/display-specifiers/DisplaySpecifiers-Win2k3.txt,9a16d591d37a743caaff9090e930ba894698696a,VU#21
484265150,Threekiii/Awesome-Exploit,Samba/CVE-2017-7494/src/source4/setup/display-specifiers/DisplaySpecifiers-Win2k3.txt,9a16d591d37a743caaff9090e930ba894698696a,CVE-2017-7494
484265150,Threekiii/Awesome-Exploit,Samba/CVE-2017-7494/src/source4/setup/display-specifiers/DisplaySpecifiers-Win2k3.txt,9a16d591d37a743caaff9090e930ba894698696a,VU#251
484265150,Threekiii/Awesome-Exploit,Samba/CVE-2017-7494/src/source3/printing/nt_printing.c,9a16d7894870f21c667c8e18d75822a542d14ae6,CVE-2017-7494
484265150,Threekiii/Awesome-Exploit,Samba/CVE-2017-7494/src/librpc/ndr/ndr_negoex.c,9a1dd7f6e0b4f74fe8623c1180ab3e1bea50c648,CVE-2017-7494
484265150,Threekiii/Awesome-Exploit,Samba/CVE-2017-7494/src/docs-xml/smbdotconf/misc/changesharecommand.xml,9a1ec6383bde901a3bff96ff4dc512662621c69e,CVE-2017-7494
484265150,Threekiii/Awesome-Exploit,Samba/CVE-2017-7494/src/source3/winbindd/winbindd_reconnect.c,9a23afd4a5a167f720df70912a7951f1c56da2d4,CVE-2017-7494
484265150,Threekiii/Awesome-Exploit,Samba/CVE-2017-7494/src/source4/libcli/smb2/session.c,9a24ae17a729540c848ed61b2439fe27710f6698,CVE-2017-7494
484265150,Threekiii/Awesome-Exploit,Samba/CVE-2017-7494/src/ctdb/doc/ctdbd.1.xml,9a25d400015a62a44f92add295d4ea1ae0bbd0e1,CVE-2017-7494
484265150,Threekiii/Awesome-Exploit,Samba/CVE-2017-7494/src/docs/manpages/vfs_dirsort.8,9a5972d99a4b459c15a8c25627fee036cf29b4a2,CVE-2017-7494
484265150,Threekiii/Awesome-Exploit,Samba/CVE-2017-7494/src/docs-xml/Samba3-HOWTO/TOSHARG-Diagnosis.xml,9a716c498ed06becea792337635401298643c907,CVE-2017-7494
484265150,Threekiii/Awesome-Exploit,Samba/CVE-2017-7494/src/source3/modules/vfs_shell_snap.c,9a7b62fdf537760f700af55754bd2f07afe13b14,CVE-2017-7494
484265150,Threekiii/Awesome-Exploit,Samba/CVE-2017-7494/src/selftest/manage-ca/CA-samba.example.com/NewCerts/04.pem,9a8c720dcd0ac78af9f6d40a5695256774b88567,CVE-2017-7494
484265150,Threekiii/Awesome-Exploit,Samba/CVE-2017-7494/src/selftest/manage-ca/CA-samba.example.com/Users/pkinit@samba.example.com/USER-pkinit@samba.example.com-cert.pem,9a8c720dcd0ac78af9f6d40a5695256774b88567,VU#22
484265150,Threekiii/Awesome-Exploit,Samba/CVE-2017-7494/src/ctdb/tests/tool/ctdb.natgw.005.sh,9aa09903b00270197ab821d8e046b355c9e2514b,CVE-2017-7494
484265150,Threekiii/Awesome-Exploit,Samba/CVE-2017-7494/src/source4/dns_server/dns_server.h,9aa635000fb75b557a7c3532383d2f7377e26b9e,CVE-2017-7494
484265150,Threekiii/Awesome-Exploit,Samba/CVE-2017-7494/src/source4/rpc_server/dcerpc_server.pc.in,9aaa062ca28de83c8858c0a803adb2e049445ad6,CVE-2017-7494
484265150,Threekiii/Awesome-Exploit,Samba/CVE-2017-7494/src/python/samba/getopt.py,9aaa2464c6a594c60c385c66bad0571645c936cc,CVE-2017-7494
484265150,Threekiii/Awesome-Exploit,Samba/CVE-2017-7494/src/ctdb/utils/nagios/README,9ab56212407727f1164c44030d4bf07d14d644c4,CVE-2017-7494
484265150,Threekiii/Awesome-Exploit,Samba/CVE-2017-7494/src/source3/printing/tests/vlp.c,9ad38d7a186dd1742669eba2969e04544d2aabe5,CVE-2017-7494
484265150,Threekiii/Awesome-Exploit,Samba/CVE-2017-7494/src/ctdb/config/gcore_trace.sh,9af7082853d3c64efb337ecea340c44fa2281fc3,CVE-2017-7494
484265150,Threekiii/Awesome-Exploit,Samba/CVE-2017-7494/src/packaging/systemd/samba.service,9b072a122a2e94f24a7e1ab3b755ac9bbb086fdf,CVE-2017-7494
484265150,Threekiii/Awesome-Exploit,Samba/CVE-2017-7494/src/source4/ntvfs/ntvfs_base.c,9b228165e90845426183af6cbac21143715b9547,CVE-2017-7494
484265150,Threekiii/Awesome-Exploit,Samba/CVE-2017-7494/src/ctdb/common/pkt_write.h,9b23ca5ba831031f4ae7298392ad7744221c286e,CVE-2017-7494
484265150,Threekiii/Awesome-Exploit,Samba/CVE-2017-7494/src/ctdb/tests/eventscripts/stubs/nmap,9b24d20fe5527b62964175d885b0df4d598dab2e,CVE-2017-7494
484265150,Threekiii/Awesome-Exploit,Samba/CVE-2017-7494/src/source3/utils/net_registry_util.c,9b271ade66a763a05ac21f98ed899cb556aad8f9,CVE-2017-7494
484265150,Threekiii/Awesome-Exploit,Samba/CVE-2017-7494/src/source3/nmbd/nmbd_browsesync.c,9b3051625fb4263936f0e041bafb5bbb8e5290b6,CVE-2017-7494
484265150,Threekiii/Awesome-Exploit,Samba/CVE-2017-7494/src/python/samba/sites.py,9b3208f819a643f4f9b304ea9997f82d205f452a,CVE-2017-7494
484265150,Threekiii/Awesome-Exploit,Weblogic/weblogicScanner/stars/cve_2019_2888.py,9b3f91008aa2ce623624217ed189542df287fa9f,CVE-2019-2888
484265150,Threekiii/Awesome-Exploit,Samba/CVE-2017-7494/src/third_party/dnspython/examples/reverse_name.py,9b407abba3969dd42bffc38ec7fbc74af87a2ea9,CVE-2017-7494
484265150,Threekiii/Awesome-Exploit,Samba/CVE-2017-7494/src/docs-xml/smbdotconf/printing/lpqcommand.xml,9b4b013a59ec5aefbbe61b9eb99362176dbf36c0,CVE-2017-7494
484265150,Threekiii/Awesome-Exploit,Samba/CVE-2017-7494/src/packaging/Mandrake/README.mandrake,9b5bb7671036c17483577cd59744931178ad5567,CVE-2017-7494
484265150,Threekiii/Awesome-Exploit,Samba/CVE-2017-7494/src/auth/ntlmssp/ntlmssp_private.h,9b5c965c3333dcc95d631ee07c914a923ec99507,CVE-2017-7494
484265150,Threekiii/Awesome-Exploit,Samba/CVE-2017-7494/src/buildtools/wafsamba/samba_headers.py,9b64b7feb1880210a9ab6de96a291cf9a744e166,CVE-2017-7494
484265150,Threekiii/Awesome-Exploit,Samba/CVE-2017-7494/src/source4/libcli/resolve/resolve.h,9b8723b95ddeaa0eb0d12a2f77f4c504d228050f,CVE-2017-7494
484265150,Threekiii/Awesome-Exploit,Samba/CVE-2017-7494/src/ctdb/tests/src/update_record_persistent.c,9b9152f593a8f2f94210ed988651615f9ac49bde,CVE-2017-7494
484265150,Threekiii/Awesome-Exploit,Samba/CVE-2017-7494/src/source3/locale/pam_winbind/ko.po,9b94b09061b4cb9d9b8d1370249e56e33ae6a21d,CVE-2017-7494
484265150,Threekiii/Awesome-Exploit,Samba/CVE-2017-7494/src/source4/ntvfs/posix/posix_eadb.c,9ba70f52edf5aef7e744195d5cd4459471ba6d1a,CVE-2017-7494
484265150,Threekiii/Awesome-Exploit,Samba/CVE-2017-7494/src/source4/heimdal_build/crypto-headers.h,9bb61c0a848ee7af97c898b4cee61c3f5496f6dc,CVE-2017-7494
484265150,Threekiii/Awesome-Exploit,Samba/CVE-2017-7494/src/tests/summary.c,9bb68eaad85b7016155266d228a951046bb33704,CVE-2017-7494
484265150,Threekiii/Awesome-Exploit,Samba/CVE-2017-7494/src/docs-xml/smbdotconf/tuning/namecachetimeout.xml,9bc20a7a957434e80d61db72b4e0d709e0fe0ba5,CVE-2017-7494
484265150,Threekiii/Awesome-Exploit,Samba/CVE-2017-7494/src/source4/ntvfs/posix/pvfs_dirlist.c,9bc5d9b621527cbc8fa025a6d9c8cbd455de13fb,CVE-2017-7494
484265150,Threekiii/Awesome-Exploit,Samba/CVE-2017-7494/src/auth/credentials/credentials_ntlm.c,9bc618d2f19fad8d8b87dce5e04e1959c6ede56b,CVE-2017-7494
484265150,Threekiii/Awesome-Exploit,Samba/CVE-2017-7494/src/source4/ldap_server/devdocs/rfc4526.txt,9bc8de9c907e3ec326628bec2544d57940b2f55e,CVE-2017-7494
484265150,Threekiii/Awesome-Exploit,Samba/CVE-2017-7494/src/source3/rpc_server/dcesrv_auth_generic.c,9bc992578f10ab2bb14e1a6d2dad24b97e2608ef,CVE-2017-7494
484265150,Threekiii/Awesome-Exploit,Samba/CVE-2017-7494/src/source4/torture/dns/internal_dns.c,9bcd23f9b524074861638021415144a59dd1dd94,CVE-2017-7494
484265150,Threekiii/Awesome-Exploit,Samba/CVE-2017-7494/src/source4/setup/provision_configuration_modify.ldif,9bda8cae039e4c53ad49bfcdf2a6951d144bc533,CVE-2017-7494
484265150,Threekiii/Awesome-Exploit,Samba/CVE-2017-7494/src/source3/include/smb_macros.h,9bdc8f1676c00d4dec6154aab4f6f58de87f6f0d,CVE-2017-7494
484265150,Threekiii/Awesome-Exploit,Samba/CVE-2017-7494/src/pidl/TODO,9bdcccf6080891d6b39db962ddd9975bfbe43a62,CVE-2017-7494
484265150,Threekiii/Awesome-Exploit,Samba/CVE-2017-7494/src/ctdb/tests/eventscripts/13.per_ip_routing.001.sh,9be54d53cea393efef18380a382fbd80d8a39c49,CVE-2017-7494
484265150,Threekiii/Awesome-Exploit,Samba/CVE-2017-7494/src/ctdb/tests/src/fetch_readonly.c,9bf420ef81acd361840e97a36d14ee273176054a,CVE-2017-7494
484265150,Threekiii/Awesome-Exploit,Samba/CVE-2017-7494/src/ctdb/tests/eventscripts/60.nfs.monitor.107.sh,9c2b9b93057d95524f57b3a5954dfa3f0e7690b4,CVE-2017-7494
484265150,Threekiii/Awesome-Exploit,Samba/CVE-2017-7494/src/libcli/dns/dns.c,9c4e835a9e4923831ebf1b02f3a3f26affc8e13c,CVE-2017-7494
484265150,Threekiii/Awesome-Exploit,Samba/CVE-2017-7494/src/third_party/zlib/examples/zlib_how.html,9c59aec179e63fc2faa0e0b2af58c295f3cc1506,CVE-2017-7494
484265150,Threekiii/Awesome-Exploit,Samba/CVE-2017-7494/src/testsuite/build_farm/basicsmb-invalidusers.test,9c6555b1636911bef1612eae675d99f7da1ba63c,CVE-2017-7494
484265150,Threekiii/Awesome-Exploit,Samba/CVE-2017-7494/src/source3/web/swat.c,9c8dcbd6bd3ddf5d9db5a55f7212f0c01ba704b2,CVE-2017-7494
484265150,Threekiii/Awesome-Exploit,Samba/CVE-2017-7494/src/source3/include/adt_tree.h,9c9228e5ed92501a0387e9a3a7b3119666c32d67,CVE-2017-7494
484265150,Threekiii/Awesome-Exploit,Samba/CVE-2017-7494/src/source4/torture/rpc/wkssvc.c,9c9b8e56fb75b60492dbe8bb25312f2c4c6f8c86,CVE-2017-7494
484265150,Threekiii/Awesome-Exploit,Samba/CVE-2017-7494/src/docs-xml/smbdotconf/misc/dfreecachetime.xml,9c9c9a54d347176197cda4ca1bff14d00b344f58,CVE-2017-7494
484265150,Threekiii/Awesome-Exploit,Samba/CVE-2017-7494/src/source4/smbd/process_model.h,9c9d2af3b2dbb1610eb012a81e18546bbdf6742c,CVE-2017-7494
484265150,Threekiii/Awesome-Exploit,Samba/CVE-2017-7494/src/source4/smb_server/smb/wscript_build,9ca3b270c7f3ef04c665a53e8442b019dffb6064,CVE-2017-7494
484265150,Threekiii/Awesome-Exploit,Samba/CVE-2017-7494/src/nsswitch/libwbclient/wscript,9ca9619ba9cfa0126ac875b03225029ae53bab8b,CVE-2017-7494
484265150,Threekiii/Awesome-Exploit,Samba/CVE-2017-7494/src/testprogs/win32/midltests/midltests_tcp.c,9cb0ee790e14cd9e9a84cb7e7a1837e73a76b65c,CVE-2017-7494
484265150,Threekiii/Awesome-Exploit,Samba/CVE-2017-7494/src/ctdb/tests/eventscripts/13.per_ip_routing.010.sh,9cbc2c9d4ad18f0e4b1cb557cd639a1b4daf0485,CVE-2017-7494
484265150,Threekiii/Awesome-Exploit,Samba/CVE-2017-7494/src/ctdb/tests/simple/73_tunable_NoIPTakeover.sh,9cc51532a5ce0bae89298576ffc56b37c53dc6d9,CVE-2017-7494
484265150,Threekiii/Awesome-Exploit,Samba/CVE-2017-7494/src/source4/libnet/userinfo.h,9cc64a75e2ae03a55c500930bca879c132104674,CVE-2017-7494
484265150,Threekiii/Awesome-Exploit,Samba/CVE-2017-7494/src/docs-xml/manpages/vfs_linux_xfs_sgid.8.xml,9cd821f20c1fc3f215c71673b33b16346e6a94b4,CVE-2017-7494
484265150,Threekiii/Awesome-Exploit,Samba/CVE-2017-7494/src/docs-xml/Samba3-ByExample/SBE-2000UserNetwork.xml,9cdcdaca248423971fc423aceca2baf5dd469496,CVE-2017-7494
484265150,Threekiii/Awesome-Exploit,Samba/CVE-2017-7494/src/source3/libsmb/clientgen.c,9ced7ad49945a26a2d83c233ad01fada4e896f6a,CVE-2017-7494
484265150,Threekiii/Awesome-Exploit,Samba/CVE-2017-7494/src/docs-xml/Samba3-HOWTO/TOSHARG-TDBFiles.xml,9cede5cecc549f24ed7f610f352e3f6af1ff4d52,CVE-2017-7494
484265150,Threekiii/Awesome-Exploit,Samba/CVE-2017-7494/src/source4/torture/drs/drs_util.c,9cf00adbd184d6e9deda3006772ce199226865c9,CVE-2017-7494
484265150,Threekiii/Awesome-Exploit,Samba/CVE-2017-7494/src/librpc/idl/fscc.idl,9cf437940b12d3e65417a4f381d099d9a3ef96c7,CVE-2017-7494
484265150,Threekiii/Awesome-Exploit,Samba/CVE-2017-7494/src/source4/kdc/db-glue.h,9d04c95846aa0f767d688578ac4cfdabb9dcace7,CVE-2017-7494
484265150,Threekiii/Awesome-Exploit,Samba/CVE-2017-7494/src/source4/dsdb/schema/schema_info_attr.c,9d0f8b64f041c16381bcc8efb54b7f27f4d8bc2d,CVE-2017-7494
484265150,Threekiii/Awesome-Exploit,Samba/CVE-2017-7494/src/source4/libcli/resolve/wins.c,9d15a49ca1803b0009e84336cea57f3b209ad9c3,CVE-2017-7494
484265150,Threekiii/Awesome-Exploit,Samba/CVE-2017-7494/src/ctdb/tests/eventscripts/stubs/pidof,9d1f588cbc223b6136003017970b1cec637de4d9,CVE-2017-7494
484265150,Threekiii/Awesome-Exploit,Samba/CVE-2017-7494/src/ctdb/tools/ctdb.c,9d1ffea1480aab5c80c67102978018d10dc9ed71,CVE-2017-7494
484265150,Threekiii/Awesome-Exploit,Samba/CVE-2017-7494/src/source3/winbindd/winbindd_idmap.c,9d297bf0eeff5f3efd8a3413add0ec4c5a2ac104,CVE-2017-7494
484265150,Threekiii/Awesome-Exploit,Samba/CVE-2017-7494/src/source3/rpcclient/cmd_clusapi.c,9d407071ae6dab5659ae7ed8d5139d9c0f0d3ed9,CVE-2017-7494
484265150,Threekiii/Awesome-Exploit,Samba/CVE-2017-7494/src/docs/manpages/vfs_cacheprime.8,9d47b218b6ec0a9b22b4a476ea15241bc24a1378,CVE-2017-7494
484265150,Threekiii/Awesome-Exploit,Samba/CVE-2017-7494/src/third_party/zlib/README,9d48b9233ee36c2a88c71c17eab69dcb5496b455,CVE-2017-7494
484265150,Threekiii/Awesome-Exploit,Samba/CVE-2017-7494/src/testdata/minschema_classes.txt,9d51a3c6f305446406c6f0462e95d23c99c99f12,CVE-2017-7494
484265150,Threekiii/Awesome-Exploit,Samba/CVE-2017-7494/src/librpc/idl/rap.idl,9d592bc957d907efd7cc161aa54fec207bbbb00c,CVE-2017-7494
484265150,Threekiii/Awesome-Exploit,Samba/CVE-2017-7494/src/ctdb/tests/shellcheck/scripts/local.sh,9d7a3f48882e00fbfa6eda58342a711381f47a93,CVE-2017-7494
484265150,Threekiii/Awesome-Exploit,Samba/CVE-2017-7494/src/python/samba/netcmd/gpo.py,9d85594a1a40c2c4ce078fad23624ea6be44d4eb,CVE-2017-7494
484265150,Threekiii/Awesome-Exploit,Samba/CVE-2017-7494/src/source3/locale/pam_winbind/ru.po,9da7f589acaea979a4fa8a70151d3ebbc129d688,CVE-2017-7494
484265150,Threekiii/Awesome-Exploit,Samba/CVE-2017-7494/src/source3/winbindd/winbindd_getuserdomgroups.c,9dac5d8b15b05f2ca67131b2db2cf3f60ffa307e,CVE-2017-7494
484265150,Threekiii/Awesome-Exploit,Samba/CVE-2017-7494/src/source3/winbindd/wb_getgrsid.c,9e0f6ff08d8485b09964dd4c0c82c8ed002eddea,CVE-2017-7494
484265150,Threekiii/Awesome-Exploit,Samba/CVE-2017-7494/src/source4/param/pyparam.h,9e130d4154e384a54b15d24b997dcdb5817831d8,CVE-2017-7494
484265150,Threekiii/Awesome-Exploit,Samba/CVE-2017-7494/src/source4/torture/ldap/common.c,9e19bf0c7b74a34ec4042a3e6785c391be272e03,CVE-2017-7494
484265150,Threekiii/Awesome-Exploit,Samba/CVE-2017-7494/src/docs-xml/smbdotconf/ldap/ldapsslads.xml,9e248aa38d380341a9c775b0ae466ce4bea54bbd,CVE-2017-7494
484265150,Threekiii/Awesome-Exploit,Samba/CVE-2017-7494/src/ctdb/tests/tool/ctdb.runstate.001.sh,9e2ae8d97504b59bae31a9331537fa89ab8799b0,CVE-2017-7494
484265150,Threekiii/Awesome-Exploit,Samba/CVE-2017-7494/src/source4/setup/tests/blackbox_upgradeprovision.sh,9e2bbe408da11f51db15d06d68897304d6320980,CVE-2017-7494
484265150,Threekiii/Awesome-Exploit,Samba/CVE-2017-7494/src/source3/auth/pampass.c,9e3b0263167ac30bd3920d5e7103230ba74772ab,CVE-2017-7494
484265150,Threekiii/Awesome-Exploit,Samba/CVE-2017-7494/src/ctdb/tests/takeover/simulation/node_group_extra.py,9e3cbc27dd8beb781bb0b5b0d502a82fae770968,CVE-2017-7494
484265150,Threekiii/Awesome-Exploit,Samba/CVE-2017-7494/src/source3/libsmb/cliprint.c,9e4727d261af775ddbb88e8b1c0642d083fbde05,CVE-2017-7494
484265150,Threekiii/Awesome-Exploit,Samba/CVE-2017-7494/src/librpc/idl/dfs.idl,9e48ae292ecce266bdf606a3508af5fe17f4559c,CVE-2017-7494
484265150,Threekiii/Awesome-Exploit,Samba/CVE-2017-7494/src/source4/setup/memberof.conf,9e5b4c9237de24e2182bfbb7094ae0f0167c065c,CVE-2017-7494
484265150,Threekiii/Awesome-Exploit,Samba/CVE-2017-7494/src/third_party/zlib/win32/Makefile.emx,9e5d38cb8e4ea4994764f4e70ac733048f2292ad,CVE-2017-7494
484265150,Threekiii/Awesome-Exploit,Samba/CVE-2017-7494/src/third_party/dnspython/tests/rrset.py,9e626df7a9dead5344a51da31e592a6b519c7a1c,CVE-2017-7494
484265150,Threekiii/Awesome-Exploit,Samba/CVE-2017-7494/src/docs-xml/manpages/samba.7.xml,9e7ca0bf2f6a7ad552ff7484a9602571d12d09ec,CVE-2017-7494
484265150,Threekiii/Awesome-Exploit,Samba/CVE-2017-7494/src/libcli/smbreadline/smbreadline.h,9e82e5ce850e7fd5516004d93ea8e0146e97a0a2,CVE-2017-7494
484265150,Threekiii/Awesome-Exploit,Samba/CVE-2017-7494/src/docs-xml/smbdotconf/security/kpasswdport.xml,9e83f131eb45bb3e4fa3ad8b975f92f9fa838433,CVE-2017-7494
484265150,Threekiii/Awesome-Exploit,Samba/CVE-2017-7494/src/source4/nbt_server/irpc.c,9e8f9a45d5c1acbe3c25c3a21a4bbaf20b2cbf0b,CVE-2017-7494
484265150,Threekiii/Awesome-Exploit,Samba/CVE-2017-7494/src/source3/rpc_client/init_spoolss.c,9e955d597536f1f5fe9600dc3621eb272ea899cd,CVE-2017-7494
484265150,Threekiii/Awesome-Exploit,Samba/CVE-2017-7494/src/source4/dsdb/tests/python/passwords.py,9eb6343396e9c737c46de4c1565cd8217c19bfe6,CVE-2017-7494
484265150,Threekiii/Awesome-Exploit,Samba/CVE-2017-7494/src/source3/include/krb5_env.h,9ecee88a014a26b78429d27c0ff2cc4cbcb1ff06,CVE-2017-7494
484265150,Threekiii/Awesome-Exploit,Samba/CVE-2017-7494/src/source4/libcli/resolve/nbtlist.c,9ecf51f78c4077a8c99ab297e2f4408259cb3d16,CVE-2017-7494
484265150,Threekiii/Awesome-Exploit,Samba/CVE-2017-7494/src/source4/torture/rpc/eventlog.c,9edf52b0726c3ba89050c6c0e8bc16248e5a076b,CVE-2017-7494
484265150,Threekiii/Awesome-Exploit,Samba/CVE-2017-7494/src/source3/smbd/files.c,9ee599d3a5754852fc9d3d8f7977b9a3640125dd,CVE-2017-7494
484265150,Threekiii/Awesome-Exploit,Samba/CVE-2017-7494/src/nsswitch/winbind_struct_protocol.h,9eee8aba9339dd0100f33ad618ca07bd2d7da754,CVE-2017-7494
484265150,Threekiii/Awesome-Exploit,Samba/CVE-2017-7494/src/source4/ntvfs/simple/svfs.h,9f06c783df9d91591be8bcdc75d6b1aada1802c4,CVE-2017-7494
484265150,Threekiii/Awesome-Exploit,Samba/CVE-2017-7494/src/librpc/ndr/ndr_witness.c,9f17756d629b4362525410349dc8ff403c4d0c57,CVE-2017-7494
484265150,Threekiii/Awesome-Exploit,Samba/CVE-2017-7494/src/ctdb/tests/cunit/pkt_read_001.sh,9f1f5d3ea5034a64d9807e80cbc650bfbdaa18f1,CVE-2017-7494
484265150,Threekiii/Awesome-Exploit,Samba/CVE-2017-7494/src/examples/LDAP/README,9f364b75567148beae1ecde4a762af47c2e466a1,CVE-2017-7494
484265150,Threekiii/Awesome-Exploit,Samba/CVE-2017-7494/src/source4/rpc_server/samr/samr_password.c,9f36bf5f730fc4e441f4a91511c13bbc6a2905de,CVE-2017-7494
484265150,Threekiii/Awesome-Exploit,Samba/CVE-2017-7494/src/python/samba/descriptor.py,9f5b0349e582dcb72bc756dc91c6ba975fb1aa9b,CVE-2017-7494
484265150,Threekiii/Awesome-Exploit,Samba/CVE-2017-7494/src/docs-xml/Samba3-HOWTO/TOSHARG-Unicode.xml,9f75b861a216870468210dfa77a80ae59a925737,CVE-2017-7494
484265150,Threekiii/Awesome-Exploit,Samba/CVE-2017-7494/src/source3/include/session.h,9f7c9c7ccee8db057e1f4c244f60e565504943d6,CVE-2017-7494
484265150,Threekiii/Awesome-Exploit,Samba/CVE-2017-7494/src/python/samba/join.py,9f83f1e04767d29444e6f4531c2fb529c140d712,CVE-2017-7494
484265150,Threekiii/Awesome-Exploit,Samba/CVE-2017-7494/src/docs-xml/smbdotconf/security/dedicatedkeytabfile.xml,9fae69be40a03c501d3331140dff0779a79f90e3,CVE-2017-7494
484265150,Threekiii/Awesome-Exploit,Samba/CVE-2017-7494/src/source3/locale/net/de.po,9faec6d5c1c2559b60fd8915e4d9ba52e594afcb,CVE-2017-7494
484265150,Threekiii/Awesome-Exploit,Samba/CVE-2017-7494/src/ctdb/tests/eventscripts/13.per_ip_routing.013.sh,a013f7a76d6dd89b71289b7bec6354fc7043afff,CVE-2017-7494
484265150,Threekiii/Awesome-Exploit,Samba/CVE-2017-7494/src/source4/param/secrets.h,a01848adc1292ed0b52ca64eec39da1caa59590f,CVE-2017-7494
484265150,Threekiii/Awesome-Exploit,Samba/CVE-2017-7494/src/ctdb/tests/simple/18_ctdb_reloadips.sh,a01a03ca1e39c8b3abfea6410149b2e8bc159fcd,CVE-2017-7494
484265150,Threekiii/Awesome-Exploit,Samba/CVE-2017-7494/src/selftest/tests/test_target.py,a03438cf144ec9a22bb9859e214c3d1a0895363b,CVE-2017-7494
484265150,Threekiii/Awesome-Exploit,Samba/CVE-2017-7494/src/docs-xml/Samba3-ByExample/SBE-MigrateNT4Samba3.xml,a03612f516bc7f6448a24db0c6fb862c56027470,CVE-2017-7494
484265150,Threekiii/Awesome-Exploit,Samba/CVE-2017-7494/src/ctdb/common/comm.c,a03d3fe51cbe79546c650e92a56dff5a61c0db6c,CVE-2017-7494
484265150,Threekiii/Awesome-Exploit,Samba/CVE-2017-7494/src/source3/modules/vfs_snapper.c,a057b4eb75d5cb9333fa14327b75df4f7ab669c3,CVE-2017-7494
484265150,Threekiii/Awesome-Exploit,Samba/CVE-2017-7494/src/ctdb/utils/smnotify/smnotify.x,a05ee4c9a70facafef156ffb1e6ac27f0a16f920,CVE-2017-7494
484265150,Threekiii/Awesome-Exploit,Samba/CVE-2017-7494/src/source3/libnet/libnet_samsync.c,a06cf31c54163b20c8a9ac120788cc7d0ef63f2e,CVE-2017-7494
484265150,Threekiii/Awesome-Exploit,Samba/CVE-2017-7494/src/ctdb/protocol/protocol_api.h,a0730dc478e0cdee246149ebf81baf9f92e7b027,CVE-2017-7494
484265150,Threekiii/Awesome-Exploit,Samba/CVE-2017-7494/src/testsuite/nsswitch/getpwuid.c,a076d366bc6a4bb00c47bd1ff9955be977b9ce1d,CVE-2017-7494
484265150,Threekiii/Awesome-Exploit,Samba/CVE-2017-7494/src/python/samba_external/README,a07b5f5d8a87a204faa0b4f98759e81345f98ac6,CVE-2017-7494
484265150,Threekiii/Awesome-Exploit,Samba/CVE-2017-7494/src/source4/ntvfs/posix/pvfs_acl_xattr.c,a0852dcb6e119f0a8b2ee730dd2b7355966c4157,CVE-2017-7494
484265150,Threekiii/Awesome-Exploit,Samba/CVE-2017-7494/src/docs-xml/registry/WinXP_PlainPassword.reg,a08d26e1206fe950dfb3236d0012cd9e80880154,CVE-2017-7494
484265150,Threekiii/Awesome-Exploit,Samba/CVE-2017-7494/src/source3/locale/pam_winbind/hu.po,a098054cfaecae37a27881015032ee862c594554,CVE-2017-7494
484265150,Threekiii/Awesome-Exploit,Neo4j/CVE-2021-34371/rhino_gadget/src/main/java/Neo4jAttacker.java,a09c3088ab26da87ae300c7a003301bc651026c3,CVE-2021-34371
484265150,Threekiii/Awesome-Exploit,Samba/CVE-2017-7494/src/packaging/RHEL/makerpms.git.sh,a09ef6eaa14bc3824b14936f7f56dd455ef7e475,CVE-2017-7494
484265150,Threekiii/Awesome-Exploit,Samba/CVE-2017-7494/src/ctdb/tests/eventscripts/05.system.monitor.004.sh,a0ad86467f2deb706b51c195690d471c23d552ce,CVE-2017-7494
484265150,Threekiii/Awesome-Exploit,Samba/CVE-2017-7494/src/source3/script/tests/test_net_conf.sh,a0ae12656faa48f1b850ecc2e5a06ba44836b8e5,CVE-2017-7494
484265150,Threekiii/Awesome-Exploit,Samba/CVE-2017-7494/src/librpc/ndr/ndr_table.h,a0aeb8e42b578ce2980300ac0b9a6db76cbe14d3,CVE-2017-7494
484265150,Threekiii/Awesome-Exploit,Samba/CVE-2017-7494/src/librpc/rpc/dcerpc_util.c,a0afd509b0640361848a9347fa6249d7535979b7,CVE-2017-7494
484265150,Threekiii/Awesome-Exploit,Samba/CVE-2017-7494/src/source4/libcli/smb2/read.c,a0c5548d4c3745fd0cb05cb5a71f0ba14dbe1490,CVE-2017-7494
484265150,Threekiii/Awesome-Exploit,Samba/CVE-2017-7494/src/source3/include/libsmb_internal.h,a0c694dd2d66c907199cee1fa15f527c7b468606,CVE-2017-7494
484265150,Threekiii/Awesome-Exploit,Samba/CVE-2017-7494/src/source4/dsdb/common/util.h,a0d22cf4066030dbc08cb501c0fc7b6ffc944e33,CVE-2017-7494
484265150,Threekiii/Awesome-Exploit,Samba/CVE-2017-7494/src/source3/passdb/pdb_ldap.h,a0e9871dba910b4ecde0a108b0f74b3b3fd09e79,CVE-2017-7494
484265150,Threekiii/Awesome-Exploit,Samba/CVE-2017-7494/src/source4/torture/basic/locking.c,a0f2577c32deafda6140a90e2f730fe63b5116fe,CVE-2017-7494
484265150,Threekiii/Awesome-Exploit,Samba/CVE-2017-7494/src/docs-xml/manpages/vfs_worm.8.xml,a1002dd1ac78ff49ebd88538daad65e94f7ac5f2,CVE-2017-7494
484265150,Threekiii/Awesome-Exploit,Samba/CVE-2017-7494/src/source4/setup/fedorads-sasl.ldif,a109c2b483e789f7680731ab30ffa0b3a66a4626,CVE-2017-7494
484265150,Threekiii/Awesome-Exploit,Samba/CVE-2017-7494/src/ctdb/client/client_private.h,a10e359f1bfde69e086272f8c4cbc62c47c7acdc,CVE-2017-7494
484265150,Threekiii/Awesome-Exploit,Samba/CVE-2017-7494/src/source4/torture/libnetapi/libnetapi.c,a112f29be0351264ee07a951d00f667ea99358f9,CVE-2017-7494
484265150,Threekiii/Awesome-Exploit,Samba/CVE-2017-7494/src/source3/modules/vfs_expand_msdfs.c,a113461546c01a9a581acd1b611ccc14997e9560,CVE-2017-7494
484265150,Threekiii/Awesome-Exploit,Samba/CVE-2017-7494/src/ctdb/tests/simple/07_ctdb_process_exists.sh,a130ea28e08dbb145b4a4fe58b1b2f20553109d4,CVE-2017-7494
484265150,Threekiii/Awesome-Exploit,Samba/CVE-2017-7494/src/docs-xml/smbdotconf/logon/shutdownscript.xml,a133160af5f0b74f2ae500d3ebb1a83751f5dfc6,CVE-2017-7494
484265150,Threekiii/Awesome-Exploit,Samba/CVE-2017-7494/src/source3/param/util.c,a13a748dab09967dd89553bd54b637c8a0ec62d4,CVE-2017-7494
484265150,Threekiii/Awesome-Exploit,Samba/CVE-2017-7494/src/examples/libsmbclient/testwrite.c,a14e736054a1b3145fd5eb1582747cf9cb8fe0c6,CVE-2017-7494
484265150,Threekiii/Awesome-Exploit,Samba/CVE-2017-7494/src/ctdb/tests/simple/80_ctdb_traverse.sh,a14e76e816d4461129565e617bfbafba82ac8892,CVE-2017-7494
484265150,Threekiii/Awesome-Exploit,Samba/CVE-2017-7494/src/testprogs/win32/midltests/valid/midltests_union_align_14.idl,a152b6bf81d7b376d590c8a512dffd603e917533,CVE-2017-7494
484265150,Threekiii/Awesome-Exploit,Samba/CVE-2017-7494/src/.ycm_extra_conf.py,a1543b0f86c3b8c584465639762f634637f3a126,CVE-2017-7494
484265150,Threekiii/Awesome-Exploit,Samba/CVE-2017-7494/src/source4/rpc_server/backupkey/dcesrv_backupkey.c,a15e4103d8e6ecebea7b1aaa3df74e49887eb350,CVE-2017-7494
484265150,Threekiii/Awesome-Exploit,Samba/CVE-2017-7494/src/third_party/pep8/testsuite/noqa.py,a170afe320597b9bbb3e7a3b08f8c948e4ec8600,CVE-2017-7494
484265150,Threekiii/Awesome-Exploit,Samba/CVE-2017-7494/src/source4/kdc/db-glue.c,a18363842d04516b97a9c4f92398407eb9e8bc10,CVE-2017-7494
484265150,Threekiii/Awesome-Exploit,Samba/CVE-2017-7494/src/ctdb/server/ipalloc.c,a18528ebf7934da86443313131f716770f4dbdec,CVE-2017-7494
484265150,Threekiii/Awesome-Exploit,Weblogic/CVE-2018-2628/CVE-2018-2628.py,a1873b1ec20b632184d3bc0d8860820b105dd96c,CVE-2018-2628
484265150,Threekiii/Awesome-Exploit,Samba/CVE-2017-7494/src/third_party/zlib/contrib/minizip/iowin32.c,a1a26dabb2abb4f389b6f3f0d080291d16a089ea,CVE-2017-7494
484265150,Threekiii/Awesome-Exploit,Samba/CVE-2017-7494/src/testprogs/win32/midltests/valid/midltests_union_align_13.idl,a1a60890f9502664b85a44652e9a3512019daf05,CVE-2017-7494
484265150,Threekiii/Awesome-Exploit,Samba/CVE-2017-7494/src/source3/utils/pdbedit.c,a1b3e70e19acb55e3a4487fc3195d7f4fe4a77ef,CVE-2017-7494
484265150,Threekiii/Awesome-Exploit,Samba/CVE-2017-7494/src/docs-xml/smbdotconf/logon/deletegroupscript.xml,a1b742746396259cacb34851a20fbc8c89944ac0,CVE-2017-7494
484265150,Threekiii/Awesome-Exploit,Samba/CVE-2017-7494/src/docs-xml/smbdotconf/misc/utmpdirectory.xml,a1bc3de7d87721e556b1c3731ee9bd02b5d08afb,CVE-2017-7494
484265150,Threekiii/Awesome-Exploit,Samba/CVE-2017-7494/src/testprogs/win32/midltests/valid/midltests-pipe-sync-ndr32-downgrade-01.txt,a1cb00fd94daba98c6d6fb071c0d2eae40e5d574,CVE-2017-7494
484265150,Threekiii/Awesome-Exploit,Samba/CVE-2017-7494/src/librpc/ndr/ndr_dcerpc.c,a1cc79ae0ccf156c34f440fd666831772589b52f,CVE-2017-7494
484265150,Threekiii/Awesome-Exploit,Samba/CVE-2017-7494/src/source4/client/client.c,a1d58343cb8e9316a3a5521579fb320eb0a3586d,CVE-2017-7494
484265150,Threekiii/Awesome-Exploit,Samba/CVE-2017-7494/src/source3/libads/sitename_cache.h,a1ea2824ad4648fad8e25d2b7baebf7ae7af8420,CVE-2017-7494
484265150,Threekiii/Awesome-Exploit,Samba/CVE-2017-7494/src/ctdb/tests/tool/ctdb.nodestatus.002.sh,a1ed250d63b0578de50b6c9212346cb5498c0de6,CVE-2017-7494
484265150,Threekiii/Awesome-Exploit,Samba/CVE-2017-7494/src/docs-xml/Samba3-HOWTO/TOSHARG-AccessControls.xml,a1f0b0a808712d0731f62d187912cc5fd7afa1f6,CVE-2017-7494
484265150,Threekiii/Awesome-Exploit,Samba/CVE-2017-7494/src/docs-xml/smbdotconf/browse/enhancedbrowsing.xml,a1f4d0bf443ff6965fbaf0de4f3c6e52c64a26ff,CVE-2017-7494
484265150,Threekiii/Awesome-Exploit,Samba/CVE-2017-7494/src/source4/auth/unix_token.c,a2002a474b1f5db53e8e64d561cb2db0c12d8768,CVE-2017-7494
484265150,Threekiii/Awesome-Exploit,Samba/CVE-2017-7494/src/source4/setup/share.ldif,a2082008115f79441f04316d7db30f53121f1af6,CVE-2017-7494
484265150,Threekiii/Awesome-Exploit,Samba/CVE-2017-7494/src/docs-xml/smbdotconf/logon/logonscript.xml,a20cbdd61ba410fa224d351e416e6b8bb7210e55,CVE-2017-7494
484265150,Threekiii/Awesome-Exploit,Samba/CVE-2017-7494/src/third_party/zlib/win32/zlib.def,a2110ac1797116c6a9ac96b1495093ea55796dda,CVE-2017-7494
484265150,Threekiii/Awesome-Exploit,Samba/CVE-2017-7494/src/source3/wscript,a217b17e54dd2298d1db9acf5dae1c3197a7c3a6,CVE-2017-7494
484265150,Threekiii/Awesome-Exploit,Samba/CVE-2017-7494/src/ctdb/tests/eventscripts/60.nfs.monitor.108.sh,a221b035f45a931badd6670de2202f8710e427db,CVE-2017-7494
484265150,Threekiii/Awesome-Exploit,Samba/CVE-2017-7494/src/source3/include/tldap_util.h,a2402eb9d3b910d2e6492e18db1cb14ea405c1b3,CVE-2017-7494
484265150,Threekiii/Awesome-Exploit,Samba/CVE-2017-7494/src/buildtools/wafsamba/wscript,a250dc98ae448bc4f88b22bf0d7386d0a47aed88,CVE-2017-7494
484265150,Threekiii/Awesome-Exploit,Samba/CVE-2017-7494/src/librpc/idl/krb5pac.idl,a25599b3bac744a55eb226577110b922262ed447,CVE-2017-7494
484265150,Threekiii/Awesome-Exploit,Samba/CVE-2017-7494/src/docs-xml/smbdotconf/security/smbpasswdfile.xml,a2603fce71995f4c9d3034bfb1667b6b53e7ac50,CVE-2017-7494
484265150,Threekiii/Awesome-Exploit,Samba/CVE-2017-7494/src/source3/locking/share_mode_lock.c,a27ba9ee11fdc00eca0c715edd4f750a0a8b1b82,CVE-2017-7494
484265150,Threekiii/Awesome-Exploit,Samba/CVE-2017-7494/src/testsuite/build_farm/torture-LOCK1.test,a27d700588925288646e32ab5c6826a7d55797ee,CVE-2017-7494
484265150,Threekiii/Awesome-Exploit,Samba/CVE-2017-7494/src/source4/dsdb/schema/tests/schema_syntax.c,a27eb9092b90f906ee0c67b850ccfbe0e69ad4d4,CVE-2017-7494
484265150,Threekiii/Awesome-Exploit,Samba/CVE-2017-7494/src/source3/passdb/pdb_unixid.c,a287e002c8732b2dfaa6f7f8cbdda44e49e36940,CVE-2017-7494
484265150,Threekiii/Awesome-Exploit,Samba/CVE-2017-7494/src/source4/auth/gensec/gensec_krb5.c,a294d87c7f20a4e852a40025a87afcefff9df0ca,CVE-2017-7494
484265150,Threekiii/Awesome-Exploit,Samba/CVE-2017-7494/src/source4/libcli/wrepl/winsrepl.h,a29861f168ebdb790515d182ddc6253279f57776,CVE-2017-7494
484265150,Threekiii/Awesome-Exploit,Samba/CVE-2017-7494/src/source3/script/tests/test_groupmap.sh,a2990ecb897c33eb7c3f98f7b68f631d1b7db094,CVE-2017-7494
484265150,Threekiii/Awesome-Exploit,Samba/CVE-2017-7494/src/docs-xml/Samba3-ByExample/SBE-MakingHappyUsers.xml,a29c290387ddbd0666adb06eb61108324b6b5e12,CVE-2017-7494
484265150,Threekiii/Awesome-Exploit,Samba/CVE-2017-7494/src/source3/nmbd/nmbd_namerelease.c,a2a6f68c6d425336148f94cdac51f2719c3cbfee,CVE-2017-7494
484265150,Threekiii/Awesome-Exploit,Samba/CVE-2017-7494/src/source3/utils/regedit.h,a2a80ae57e39e36a6a2ec19f3f9ea16c800123c9,CVE-2017-7494
484265150,Threekiii/Awesome-Exploit,Samba/CVE-2017-7494/src/source4/kdc/samba_kdc.h,a2aa093a49712d9ae6a1fbe776dfe9dac40660e6,CVE-2017-7494
484265150,Threekiii/Awesome-Exploit,Samba/CVE-2017-7494/src/source4/libcli/smb2/signing.c,a2b644845bca423b61614ea0f645c227031f5107,CVE-2017-7494
484265150,Threekiii/Awesome-Exploit,Samba/CVE-2017-7494/src/release-scripts/build-docs,a2b679d89742a47ce0a0aa3052ed4e0fa49d091e,CVE-2017-7494
484265150,Threekiii/Awesome-Exploit,Samba/CVE-2017-7494/src/pidl/tests/ndr_array.pl,a2b70a13b2eb92406fa7b2965a95abcfa785f2f5,CVE-2017-7494
484265150,Threekiii/Awesome-Exploit,Samba/CVE-2017-7494/src/source3/printing/print_iprint.c,a2c727d03156c36466f054526cc4978f98a5c7ed,CVE-2017-7494
484265150,Threekiii/Awesome-Exploit,Samba/CVE-2017-7494/src/third_party/waf/wafadmin/3rdparty/print_commands.py,a2d76bb0f2a401348985a91aad6e932a3b9343d1,CVE-2017-7494
484265150,Threekiii/Awesome-Exploit,Samba/CVE-2017-7494/src/ctdb/common/cmdline.h,a2eb34cf21503b578d31c5fafa09dc04ccd7af50,CVE-2017-7494
484265150,Threekiii/Awesome-Exploit,Samba/CVE-2017-7494/src/examples/libsmbclient/teststat.c,a300913e87803294265736586ea59212c0c6c927,CVE-2017-7494
484265150,Threekiii/Awesome-Exploit,Samba/CVE-2017-7494/src/ctdb/tests/shellcheck/ctdb_helpers.sh,a3171cd6b19aa7f9a8226af35e29422b1bee1066,CVE-2017-7494
484265150,Threekiii/Awesome-Exploit,Samba/CVE-2017-7494/src/source4/rpc_server/dcerpc_server.c,a342f5c34e5157511d322ebc711b64aea0d56214,CVE-2017-7494
484265150,Threekiii/Awesome-Exploit,Samba/CVE-2017-7494/src/docs-xml/smbdotconf/vfs/msdfsroot.xml,a344d21a53b8a0b4acb0fe226a5e32905202d420,CVE-2017-7494
484265150,Threekiii/Awesome-Exploit,Samba/CVE-2017-7494/src/testsuite/smbd/se_access_check_allowall.c,a34ecd6be3257b0654e17276d01a302141bbfb8f,CVE-2017-7494
484265150,Threekiii/Awesome-Exploit,Samba/CVE-2017-7494/src/libcli/registry/util_reg.h,a351dee9f33110847dafc16cb2125878c43cd858,CVE-2017-7494
484265150,Threekiii/Awesome-Exploit,Samba/CVE-2017-7494/src/examples/validchars/validchr.com,a35e10410c096ff6f32208bde50c59bf49f4491c,CVE-2017-7494
484265150,Threekiii/Awesome-Exploit,Samba/CVE-2017-7494/src/source3/libads/sitename_cache.c,a3602d947a1e8006d4ca8a9a545a240d29a56410,CVE-2017-7494
484265150,Threekiii/Awesome-Exploit,Samba/CVE-2017-7494/src/ctdb/tests/tool/ctdb.getreclock.002.sh,a36547488b2c701a1003bcec3fb0e9a6c540eca2,CVE-2017-7494
484265150,Threekiii/Awesome-Exploit,Samba/CVE-2017-7494/src/source4/libnet/composite.h,a377ae8053d22eebb7b03102440e402f6d5b1ed6,CVE-2017-7494
484265150,Threekiii/Awesome-Exploit,Samba/CVE-2017-7494/src/source3/script/tests/test_smbclient_netbios_aliases.sh,a37860709896ea7bf91c7ac95b54041891ae168e,CVE-2017-7494
484265150,Threekiii/Awesome-Exploit,Samba/CVE-2017-7494/src/docs/manpages/idmap_hash.8,a38ac45fc8bc7e03b73232975715525f963a4e95,CVE-2017-7494
484265150,Threekiii/Awesome-Exploit,Samba/CVE-2017-7494/src/libcli/samsync/decrypt.c,a38ae388b2142d268b82bf306f02aa5161285615,CVE-2017-7494
484265150,Threekiii/Awesome-Exploit,Samba/CVE-2017-7494/src/docs-xml/using_samba/colo1.xml,a398f15d59043a61c77f837ab795d7535a3791a4,CVE-2017-7494
484265150,Threekiii/Awesome-Exploit,Samba/CVE-2017-7494/src/ctdb/tests/takeover/simulation/mgmt_simple.py,a399bcd3bd900896cd262ba7f2d5b14b8c3f4caf,CVE-2017-7494
484265150,Threekiii/Awesome-Exploit,Samba/CVE-2017-7494/src/source3/libads/ndr.c,a39e199cd3eaeef798a5c7a42ca4bc8d145b480d,CVE-2017-7494
484265150,Threekiii/Awesome-Exploit,Samba/CVE-2017-7494/src/ctdb/ib/ibwrapper.h,a3a0679360697d035cef529e9933ffb40c745868,CVE-2017-7494
484265150,Threekiii/Awesome-Exploit,Samba/CVE-2017-7494/src/third_party/dnspython/dns/inet.py,a3a4bf564c68602039fca08a465cc525f38e9708,CVE-2017-7494
484265150,Threekiii/Awesome-Exploit,Samba/CVE-2017-7494/src/selftest/manage-ca/CA-samba.example.com/Private/CA-samba.example.com-private-key.pem,a3a5805af42389542b856cdc11cef86a50ca7f50,CVE-2017-7494
484265150,Threekiii/Awesome-Exploit,Samba/CVE-2017-7494/src/ctdb/client/client_control_sync.c,a3ae8ddeee074fc425804bb25db20f475fe870d2,CVE-2017-7494
484265150,Threekiii/Awesome-Exploit,Samba/CVE-2017-7494/src/file_server/file_server.h,a3bd50dd9e82aefbcb73bc16910163d10c5fe425,CVE-2017-7494
484265150,Threekiii/Awesome-Exploit,Samba/CVE-2017-7494/src/ctdb/tests/tool/ctdb.setvar.002.sh,a3c1fb04f4ce4f4781212d53784fd320259827f3,CVE-2017-7494
484265150,Threekiii/Awesome-Exploit,Samba/CVE-2017-7494/src/docs-xml/smbdotconf/misc/rootpreexecclose.xml,a3d107b112c8573e826632c59c91be6e2695af6b,CVE-2017-7494
484265150,Threekiii/Awesome-Exploit,Samba/CVE-2017-7494/src/source4/smbd/service_task.c,a3d2f7155cf15331a22f4471b6b8066702d46aef,CVE-2017-7494
484265150,Threekiii/Awesome-Exploit,Samba/CVE-2017-7494/README.md,a3dad54734378c814a8d1c599d7e3d14319edafe,CVE-2017-7494
484265150,Threekiii/Awesome-Exploit,Samba/CVE-2017-7494/src/source4/dsdb/tests/python/ldap_schema.py,a3dc412c4b5249936f179dcb21ef7caa0a1af684,CVE-2017-7494
484265150,Threekiii/Awesome-Exploit,Samba/CVE-2017-7494/src/third_party/dnspython/dns/rdtypes/IN/WKS.py,a3e74ce6607b7a3296edacd7176804d04d7dffb6,CVE-2017-7494
484265150,Threekiii/Awesome-Exploit,Weblogic/WeblogicScan/app/plugins/CVE-2017-3506.py,a4074444e79675f7177df99b6eb0bcf142bd4253,CVE-2017-3506
484265150,Threekiii/Awesome-Exploit,Samba/CVE-2017-7494/src/docs-xml/smbdotconf/printing/deleteprintercommand.xml,a40f38b46c48d516c7adf933ae2bf39a77a8b5d6,CVE-2017-7494
484265150,Threekiii/Awesome-Exploit,Samba/CVE-2017-7494/src/ctdb/tests/eventscripts/00.ctdb.init.004.sh,a4124a60e6f27ffb9a660c35155e50134778abdc,CVE-2017-7494
484265150,Threekiii/Awesome-Exploit,Samba/CVE-2017-7494/src/source4/torture/raw/chkpath.c,a4134461113dd3772bbb916cbb2bdb50b3f1301e,CVE-2017-7494
484265150,Threekiii/Awesome-Exploit,Samba/CVE-2017-7494/src/source3/winbindd/winbindd_getpwnam.c,a417114f9f127778c98d9c3438d8b2465befdbb8,CVE-2017-7494
484265150,Threekiii/Awesome-Exploit,Samba/CVE-2017-7494/src/source4/selftest/win/wintest_base.sh,a44fc55004e25f87b629571a0564bb71a4a5164d,CVE-2017-7494
484265150,Threekiii/Awesome-Exploit,Samba/CVE-2017-7494/src/docs-xml/smbdotconf/misc/fstype.xml,a4505d0e0bc944c1ff1cba7ccebc5d8ac1a62028,CVE-2017-7494
484265150,Threekiii/Awesome-Exploit,Samba/CVE-2017-7494/src/source4/scripting/devel/drs/named.conf.ad.template,a455f58cb01a35e4a62736d42b9dc13de9c2dc76,CVE-2017-7494
484265150,Threekiii/Awesome-Exploit,Samba/CVE-2017-7494/src/selftest/filter-subunit,a4562ffe8c686e327c28db7f8fa711f1694f1bf2,CVE-2017-7494
484265150,Threekiii/Awesome-Exploit,Samba/CVE-2017-7494/src/examples/auth/auth_skel.c,a45d2eb948ae8572eaab7c8e66da8e1ed51349c3,CVE-2017-7494
484265150,Threekiii/Awesome-Exploit,Samba/CVE-2017-7494/src/docs-xml/smbdotconf/winbind/rejectmd5servers.xml,a45e50c8b3bc6ceebd59ddff00cf74726c515624,CVE-2017-7494
484265150,Threekiii/Awesome-Exploit,Samba/CVE-2017-7494/src/ctdb/tests/eventscripts/10.interface.monitor.017.sh,a45f95f8d850537d610e2be866406d54c3050dd4,CVE-2017-7494
484265150,Threekiii/Awesome-Exploit,Samba/CVE-2017-7494/src/ctdb/tests/tool/ctdb.getvar.001.sh,a471401bb6f09c8e1eede266d8a3c09f2d23500a,CVE-2017-7494
484265150,Threekiii/Awesome-Exploit,Samba/CVE-2017-7494/src/docs-xml/smbdotconf/vfs/msdfsshufflereferrals.xml,a4807506145b25357f70cd22fbd79cc15d01e103,CVE-2017-7494
484265150,Threekiii/Awesome-Exploit,Samba/CVE-2017-7494/src/source4/torture/rpc/winreg.c,a489a77063f2ac0cde111a1174bc8b9120bd7683,CVE-2017-7494
484265150,Threekiii/Awesome-Exploit,Samba/CVE-2017-7494/src/python/samba/tests/security.py,a48ab6151e844075eb01c48dceeffdb70ee3c08e,CVE-2017-7494
484265150,Threekiii/Awesome-Exploit,Samba/CVE-2017-7494/src/python/samba/tests/dcerpc/rpcecho.py,a48e7049533d58611157a7f515e0bc76b84c648d,CVE-2017-7494
484265150,Threekiii/Awesome-Exploit,Samba/CVE-2017-7494/src/dynconfig/dynconfig.h,a49974c5a5337966a5cc04a9501931490f9ec1e8,CVE-2017-7494
484265150,Threekiii/Awesome-Exploit,Samba/CVE-2017-7494/src/source4/torture/ndr/clusapi.c,a499f2ff18c5ad03702147b1745874702a436cac,CVE-2017-7494
484265150,Threekiii/Awesome-Exploit,Samba/CVE-2017-7494/src/third_party/dnspython/TODO,a49e0931b38e1660da830dd0d40fe9e399afc3c5,CVE-2017-7494
484265150,Threekiii/Awesome-Exploit,Samba/CVE-2017-7494/src/source4/selftest/win/wintest_client.exp,a4a7588283c28266a9918d940907bcee3777787e,CVE-2017-7494
484265150,Threekiii/Awesome-Exploit,Samba/CVE-2017-7494/src/ctdb/tests/src/comm_client_test.c,a4add3907b77206f58f4120f53afe5dae529649f,CVE-2017-7494
484265150,Threekiii/Awesome-Exploit,Samba/CVE-2017-7494/src/examples/libsmbclient/Makefile.internal.in,a4b0c77190417aa55e2c6afc0fd37c786ba2a187,CVE-2017-7494
484265150,Threekiii/Awesome-Exploit,Samba/CVE-2017-7494/src/source4/selftest/win/vm_get_ip.pl,a4b86f293457b64898d2e48091395ad26132d1ef,CVE-2017-7494
484265150,Threekiii/Awesome-Exploit,Samba/CVE-2017-7494/src/ctdb/tools/ctdb_lvs,a4be7a73697a877c2be9a07f8db258b964026f95,CVE-2017-7494
484265150,Threekiii/Awesome-Exploit,Samba/CVE-2017-7494/src/source4/client/tests/test_cifsdd.sh,a4c9aab8507694ceccd4b4c2f8132c00a8d44e1a,CVE-2017-7494
484265150,Threekiii/Awesome-Exploit,Samba/CVE-2017-7494/src/examples/pdb/README,a4d05a0f7e3a2c4a8dd1a464079168df459994ea,CVE-2017-7494
484265150,Threekiii/Awesome-Exploit,Samba/CVE-2017-7494/src/testprogs/win32/midltests/valid/midltests_union_align_13.txt,a4d497adcba7570f4653a306e9999d97ed9d00ba,CVE-2017-7494
484265150,Threekiii/Awesome-Exploit,Samba/CVE-2017-7494/src/docs/manpages/vfs_cap.8,a50082dc8ff2c8736122777951254f30ce4e88dd,CVE-2017-7494
484265150,Threekiii/Awesome-Exploit,Samba/CVE-2017-7494/src/libcli/auth/schannel.h,a501913a4e8ee82a2ff0ef5144933823b607d6f0,CVE-2017-7494
484265150,Threekiii/Awesome-Exploit,Samba/CVE-2017-7494/src/docs-xml/smbdotconf/security/readlist.xml,a5208653a1e4bc58340c23e0cd22cb91f7cd64f5,CVE-2017-7494
484265150,Threekiii/Awesome-Exploit,Samba/CVE-2017-7494/src/ctdb/doc/recovery-process.txt,a5256697da5c3711331f30a24f9b95e7c695661f,CVE-2017-7494
484265150,Threekiii/Awesome-Exploit,Samba/CVE-2017-7494/src/ctdb/config/nfs-checks.d/README,a528d9c0e1de25cb073ce52064e52e148630f5e7,CVE-2017-7494
484265150,Threekiii/Awesome-Exploit,Samba/CVE-2017-7494/src/source3/winbindd/winbindd_cm.c,a533859053caf12a9a9493e9ffcc26dc61c54559,CVE-2017-7494
484265150,Threekiii/Awesome-Exploit,Samba/CVE-2017-7494/src/selftest/in_screen,a53572efc2c8f8d5f5102d5449545c8d5236b07b,CVE-2017-7494
484265150,Threekiii/Awesome-Exploit,Samba/CVE-2017-7494/src/source4/libcli/libcli.h,a53c67d71267d443c37fd1b75b8e105c5e496221,CVE-2017-7494
484265150,Threekiii/Awesome-Exploit,Samba/CVE-2017-7494/src/source3/selftest/ktest-krb5_ccache-2,a541d16043c75c6e7cdd0cf10b9933908dbbc421,CVE-2017-7494
484265150,Threekiii/Awesome-Exploit,Samba/CVE-2017-7494/src/testprogs/win32/midltests/valid/midltests_union_align_16.idl,a54dec836d9cb8c7a0747e13f7e9c7658ca40f40,CVE-2017-7494
484265150,Threekiii/Awesome-Exploit,Samba/CVE-2017-7494/src/source4/ntvfs/posix/pvfs_search.c,a551b15d6a3622c344e4e36fa10348628c5a3f13,CVE-2017-7494
484265150,Threekiii/Awesome-Exploit,Samba/CVE-2017-7494/src/libcli/smb/tstream_smbXcli_np.c,a564e2a1e682f6844eeaad121c24490fb70d5b84,CVE-2017-7494
484265150,Threekiii/Awesome-Exploit,Samba/CVE-2017-7494/src/examples/pcap2nbench/closerequest.cpp,a567c4703740546f79cea13dd16288e5b51a110d,CVE-2017-7494
484265150,Threekiii/Awesome-Exploit,Samba/CVE-2017-7494/src/source4/dsdb/samdb/cracknames.c,a580595fe71d8b07762e214f06a22b9abf1cd853,CVE-2017-7494
484265150,Threekiii/Awesome-Exploit,Samba/CVE-2017-7494/src/ctdb/tests/scripts/script_install_paths.sh,a585d8e49a9f8caf9fe0e96da817493505e591ee,CVE-2017-7494
484265150,Threekiii/Awesome-Exploit,Samba/CVE-2017-7494/src/source3/utils/debugparse.c,a58ac6013189cc17db83944295e511c2740f711b,CVE-2017-7494
484265150,Threekiii/Awesome-Exploit,Samba/CVE-2017-7494/src/testprogs/win32/midltests/valid/midltests-pipe-sync-ndr32-downgrade-01.idl,a58c0fc1829597cbe992bee6796098d652d25d5c,CVE-2017-7494
484265150,Threekiii/Awesome-Exploit,Samba/CVE-2017-7494/src/docs-xml/manpages/vfs_shadow_copy.8.xml,a59abdb71a8c5ea770e2f56220b99f7df6078d4d,CVE-2017-7494
484265150,Threekiii/Awesome-Exploit,Samba/CVE-2017-7494/src/ctdb/tests/cunit/pidfile_test_001.sh,a59c890f042c17add3f44c66a11865cbe76ced48,CVE-2017-7494
484265150,Threekiii/Awesome-Exploit,Samba/CVE-2017-7494/src/third_party/zlib/contrib/ada/read.adb,a5a6682ef169a7429d9bf9f8acbda6ffb756fec4,CVE-2017-7494
484265150,Threekiii/Awesome-Exploit,Samba/CVE-2017-7494/src/source4/heimdal/base/array.c,a5ad6d6bf2be8867420b6785cc896cfb417a865f,CVE-2017-7494
484265150,Threekiii/Awesome-Exploit,Samba/CVE-2017-7494/src/pidl/MANIFEST,a5ba101cced44013f62d31ab911d74534ca6600d,CVE-2017-7494
484265150,Threekiii/Awesome-Exploit,Samba/CVE-2017-7494/src/source4/libnet/userman.c,a5bd7de005365c2ac1c57b13ad686436f2730ee9,CVE-2017-7494
484265150,Threekiii/Awesome-Exploit,Samba/CVE-2017-7494/src/source4/setup/fedora-ds-init.ldif,a5bed1540e947cb08fb7c485545ec1ac07445d86,CVE-2017-7494
484265150,Threekiii/Awesome-Exploit,Samba/CVE-2017-7494/src/python/samba/tests/dcerpc/raw_protocol.py,a5bfc02bd608eb86f5c484ff629c81efbd7b9e43,CVE-2017-7494
484265150,Threekiii/Awesome-Exploit,Samba/CVE-2017-7494/src/source3/auth/check_samsec.c,a5f5b45f4b90a3ad33f8f0fbae83e0435ac198bd,CVE-2017-7494
484265150,Threekiii/Awesome-Exploit,Samba/CVE-2017-7494/src/ctdb/config/events.d/70.iscsi,a61434df88013d6ba1739a116d4e817e74f1ef6d,CVE-2017-7494
484265150,Threekiii/Awesome-Exploit,Samba/CVE-2017-7494/src/librpc/idl/wzcsvc.idl,a622c9724bd76180160d4dabed46b2d5e83cc192,CVE-2017-7494
484265150,Threekiii/Awesome-Exploit,Samba/CVE-2017-7494/src/libcli/smb/smb1cli_read.c,a64769818b6de45d6ccc1aa7c756f95cb98d38c3,CVE-2017-7494
484265150,Threekiii/Awesome-Exploit,Samba/CVE-2017-7494/src/ctdb/server/ipalloc_nondeterministic.c,a659b1ea0c0305007b114c50d1709ee4d33f98d1,CVE-2017-7494
484265150,Threekiii/Awesome-Exploit,Samba/CVE-2017-7494/src/docs-xml/smbdotconf/misc/statedirectory.xml,a664b22cd526f915131aa990fe4ad4cfa7e860e1,CVE-2017-7494
484265150,Threekiii/Awesome-Exploit,Samba/CVE-2017-7494/src/source4/setup/refint.conf,a673694d079b4d076e617557f3cac0ee2726a20a,CVE-2017-7494
484265150,Threekiii/Awesome-Exploit,Samba/CVE-2017-7494/src/docs-xml/manpages/findsmb.1.xml,a69afcbf5d311d580a88ec9722ee899cf037ad1f,CVE-2017-7494
484265150,Threekiii/Awesome-Exploit,Samba/CVE-2017-7494/src/third_party/dnspython/dns/rdtypes/txtbase.py,a6a2bf6b8ba75a32658ebfc088d9638392a83cb1,CVE-2017-7494
484265150,Threekiii/Awesome-Exploit,Samba/CVE-2017-7494/src/source3/locale/pam_winbind/fr.po,a6afa4cb30aaeff65b5febda4428742f60059300,CVE-2017-7494
484265150,Threekiii/Awesome-Exploit,Samba/CVE-2017-7494/src/python/samba/tests/dns.py,a6c4abc7c76f7e477b7815097acb16aec6c4751f,CVE-2017-7494
484265150,Threekiii/Awesome-Exploit,Samba/CVE-2017-7494/src/third_party/pep8/testsuite/E30not.py,a6c55537eef17e5e95a99a931be749997e66dd7e,CVE-2017-7494
484265150,Threekiii/Awesome-Exploit,Samba/CVE-2017-7494/src/source4/librpc/tests/binding_string.c,a6c9402126ffa874459886ca7905749ef0809b63,CVE-2017-7494
484265150,Threekiii/Awesome-Exploit,Samba/CVE-2017-7494/src/wscript_build,a6cd8d3406b3fcc61518edafde8fc14bdd19bfef,CVE-2017-7494
484265150,Threekiii/Awesome-Exploit,Samba/CVE-2017-7494/src/source4/ntvfs/posix/pvfs_xattr.c,a6d47188c426c5b00e045851e3cd20a4c060f1fe,CVE-2017-7494
484265150,Threekiii/Awesome-Exploit,Samba/CVE-2017-7494/src/source4/torture/smb2/lease.c,a6d99cc425124e0ff77eeb9c08f28bee61023454,CVE-2017-7494
484265150,Threekiii/Awesome-Exploit,Samba/CVE-2017-7494/src/source3/smbd/smb2_getinfo.c,a6e57e8281eef8eebcd09fb500f2b69588f7af99,CVE-2017-7494
484265150,Threekiii/Awesome-Exploit,Samba/CVE-2017-7494/src/source4/setup/provision_dns_add_samba.ldif,a6ee5e71993741c08a62198880b95e70b435528f,CVE-2017-7494
484265150,Threekiii/Awesome-Exploit,Samba/CVE-2017-7494/src/source4/libnet/libnet_vampire.h,a6f2923710f59ed80fbbdf0703e4d3b88c1fdb4e,CVE-2017-7494
484265150,Threekiii/Awesome-Exploit,Samba/CVE-2017-7494/src/librpc/idl/lsa.idl,a6f625534eada5ff9f11800be6ca265bbc9e08fd,CVE-2017-7494
484265150,Threekiii/Awesome-Exploit,Samba/CVE-2017-7494/src/testprogs/blackbox/test_chgdcpass.sh,a6fd4c4356fa4c6928d5525575abd7cd32af2a73,CVE-2017-7494
484265150,Threekiii/Awesome-Exploit,Samba/CVE-2017-7494/src/source4/ldap_server/devdocs/rfc4524.txt,a70c5b8ba0732dc1ed8991804c9e7c3a38d64b95,CVE-2017-7494
484265150,Threekiii/Awesome-Exploit,Samba/CVE-2017-7494/src/source4/dns_server/dns_query.c,a7148761493aa5ec6818b7c6fc78c08a45d4962e,CVE-2017-7494
484265150,Threekiii/Awesome-Exploit,Samba/CVE-2017-7494/src/source4/ldap_server/ldap_bind.c,a754432e43cc73ce403ece2d34d4d07c04f4a452,CVE-2017-7494
484265150,Threekiii/Awesome-Exploit,Samba/CVE-2017-7494/src/selftest/manage-ca/CA-samba.example.com/Users/administrator@samba.example.com/USER-administrator@samba.example.com-S01-openssl.cnf,a7607db0c2fb8efb8a6032a1df1378c38f78916d,CVE-2017-7494
484265150,Threekiii/Awesome-Exploit,Samba/CVE-2017-7494/src/source3/rpc_server/mdssvc/README,a76448f1d9a01f8ae62aab22420ffd76740c73ad,CVE-2017-7494
484265150,Threekiii/Awesome-Exploit,Samba/CVE-2017-7494/src/source4/torture/rpc/countcalls.c,a766b998b6e40cd312ca83a6bb8ff622dbcad552,CVE-2017-7494
484265150,Threekiii/Awesome-Exploit,Samba/CVE-2017-7494/src/docs/manpages/smbd.8,a7691b1676c2e59e2f8f46ebf20995b6bb1b65f5,CVE-2017-7494
484265150,Threekiii/Awesome-Exploit,Samba/CVE-2017-7494/src/testprogs/win32/midltests/valid/midltests_union_align_17.idl,a77130b00d133af904cac90b033b1f4caad15b0a,CVE-2017-7494
484265150,Threekiii/Awesome-Exploit,Samba/CVE-2017-7494/src/source4/torture/smb2/smb2.c,a7939df9e08adf95a87aad5cc4520126817e035f,CVE-2017-7494
484265150,Threekiii/Awesome-Exploit,Samba/CVE-2017-7494/src/source4/setup/ad-schema/MS-AD_Schema_2K8_Classes.txt,a796f5375e714c748ea75d60c6d770ead49030ab,CVE-2017-7494
484265150,Threekiii/Awesome-Exploit,Samba/CVE-2017-7494/src/libcli/security/create_descriptor.c,a7a94c6f7170e06de30f6619bef155a715f790bf,CVE-2017-7494
484265150,Threekiii/Awesome-Exploit,Samba/CVE-2017-7494/src/source3/winbindd/winbindd_getpwuid.c,a7ab6f61b55cd18ccae68c43ae38287cb1216e47,CVE-2017-7494
484265150,Threekiii/Awesome-Exploit,Samba/CVE-2017-7494/src/docs-xml/Samba3-Developers-Guide/debug.xml,a7bfb0e72ab0e61835cb941e0584ee0f4fe1c74b,CVE-2017-7494
484265150,Threekiii/Awesome-Exploit,Samba/CVE-2017-7494/src/third_party/zlib/inffast.c,a7c5e3ceaf3f21bab81bebfc3b55bcde38b6c0e4,CVE-2017-7494
484265150,Threekiii/Awesome-Exploit,Samba/CVE-2017-7494/src/source4/kdc/sdb.h,a7c821a8e87b4d869143a005f85d06e473d3d246,CVE-2017-7494
484265150,Threekiii/Awesome-Exploit,Samba/CVE-2017-7494/src/testprogs/win32/midltests/invalid/midltests_pipe_struct_union_01.idl,a7d885fd6ae8d769fe173083af6be4cc18f04b5e,CVE-2017-7494
484265150,Threekiii/Awesome-Exploit,Samba/CVE-2017-7494/src/source3/printing/nt_printing_tdb.h,a7e25811a4fee01d63df88c3a0364a8564e754dd,CVE-2017-7494
484265150,Threekiii/Awesome-Exploit,Samba/CVE-2017-7494/src/third_party/dnspython/dns/rdtypes/IN/NSAP_PTR.py,a7e2ee438f4d049a308a6b45d9f92d7176235281,CVE-2017-7494
484265150,Threekiii/Awesome-Exploit,Samba/CVE-2017-7494/src/ctdb/tests/takeover/lcp2.002.sh,a7e3ba22e23d5e352ee1aa4be4db748de04fa51b,CVE-2017-7494
484265150,Threekiii/Awesome-Exploit,Samba/CVE-2017-7494/src/testsuite/build_farm/torture-TCON2.test,a7f0588b6c28c88580b3a64324bd8bd47d9c13c2,CVE-2017-7494
484265150,Threekiii/Awesome-Exploit,Samba/CVE-2017-7494/src/libcli/nbt/wscript_build,a7f4eb7a852e543ccc7faa945674efda2733da40,CVE-2017-7494
484265150,Threekiii/Awesome-Exploit,Samba/CVE-2017-7494/src/librpc/idl/clusapi.idl,a7fdeb66996812d72a9cd796814c2a2bcb99a5bb,CVE-2017-7494
484265150,Threekiii/Awesome-Exploit,Samba/CVE-2017-7494/src/source3/utils/regedit.c,a7fed2625300c57d2bcbe3ebb2465135d4d271c0,CVE-2017-7494
484265150,Threekiii/Awesome-Exploit,Samba/CVE-2017-7494/src/ctdb/protocol/protocol_call.c,a80812898078ca2d09783d16325a9b30aabc6f35,CVE-2017-7494
484265150,Threekiii/Awesome-Exploit,Samba/CVE-2017-7494/src/ctdb/tests/cunit/pkt_write_001.sh,a8130c1d4e256cba79828a749c2287f74d23b7ed,CVE-2017-7494
484265150,Threekiii/Awesome-Exploit,Samba/CVE-2017-7494/src/source4/dsdb/samdb/ldb_modules/partition_metadata.c,a821d14c3c530a7ece7332a78295e91479c1ebf7,CVE-2017-7494
484265150,Threekiii/Awesome-Exploit,Samba/CVE-2017-7494/src/source4/dsdb/dns/dns_update.c,a8256ef0566b4665653ec0594bdab845164f5221,CVE-2017-7494
484265150,Threekiii/Awesome-Exploit,Samba/CVE-2017-7494/src/source4/ldap_server/devdocs/rfc2849.txt,a8277d347f4ebf37bec5568324c085a4859c0bdf,CVE-2017-7494
484265150,Threekiii/Awesome-Exploit,Samba/CVE-2017-7494/src/ctdb/client/client_message.c,a8290af7855393139be22bcb2950ddf416b85535,CVE-2017-7494
484265150,Threekiii/Awesome-Exploit,Samba/CVE-2017-7494/src/third_party/pyiso8601/docs/make.bat,a82c80b2ece9160ba0607d262f659d2bd59e0ce6,CVE-2017-7494
484265150,Threekiii/Awesome-Exploit,Samba/CVE-2017-7494/src/source4/dsdb/samdb/ldb_modules/util.c,a837bb1dabaa6959f870a0eee24508e4787a7916,CVE-2017-7494
484265150,Threekiii/Awesome-Exploit,Samba/CVE-2017-7494/src/ctdb/tests/tool/ctdb.ban.002.sh,a8399ac94234e489087780ac785c56479fe2038e,CVE-2017-7494
484265150,Threekiii/Awesome-Exploit,Samba/CVE-2017-7494/src/docs-xml/manpages/testparm.1.xml,a844711235bced8cf5bbc4265858dde556a27229,CVE-2017-7494
484265150,Threekiii/Awesome-Exploit,Samba/CVE-2017-7494/src/source4/kdc/kdc-heimdal.c,a846622cbcb6159d563ce148f99cedc4726a3e45,CVE-2017-7494
484265150,Threekiii/Awesome-Exploit,Samba/CVE-2017-7494/src/docs-xml/smbdotconf/security/directorymask.xml,a855880b5c6634917fba19d154514e154a11c375,CVE-2017-7494
484265150,Threekiii/Awesome-Exploit,Samba/CVE-2017-7494/src/ctdb/utils/pmda/help,a85700f335358cde9a0ece621d46a411b3851be0,CVE-2017-7494
484265150,Threekiii/Awesome-Exploit,Samba/CVE-2017-7494/src/source4/selftest/win/wintest_raw.sh,a8677f1b05ad94bc89f403d0fc56830b680132d6,CVE-2017-7494
484265150,Threekiii/Awesome-Exploit,Samba/CVE-2017-7494/src/third_party/pep8/tox.ini,a86e6d4f5fbc6a87a2afd3b3ac1a55c27144d988,CVE-2017-7494
484265150,Threekiii/Awesome-Exploit,Samba/CVE-2017-7494/src/source3/winbindd/winbindd_list_users.c,a87d55a16b13c1850e5e45e5c00fefca661e5a14,CVE-2017-7494
484265150,Threekiii/Awesome-Exploit,Samba/CVE-2017-7494/src/source4/ldap_server/devdocs/rfc4522.txt,a8942cef52ab59cf732185b8bae6c644a5eb74c1,CVE-2017-7494
484265150,Threekiii/Awesome-Exploit,Samba/CVE-2017-7494/src/source3/winbindd/winbindd_getgroups.c,a896daba37eeb8e9f0a302c44068be79acc8f485,CVE-2017-7494
484265150,Threekiii/Awesome-Exploit,Samba/CVE-2017-7494/src/ctdb/tests/takeover/lcp2.007.sh,a89bf643919538f43574eac77be10714f88423a4,CVE-2017-7494
484265150,Threekiii/Awesome-Exploit,Samba/CVE-2017-7494/src/source4/libcli/smb_composite/connect.c,a89d12a649efce90ab4f2e165d413066f991f59d,CVE-2017-7494
484265150,Threekiii/Awesome-Exploit,Samba/CVE-2017-7494/src/wintest/test-s3.py,a8b92fd203fa3e5c16f361441bbef11f6238d40e,CVE-2017-7494
484265150,Threekiii/Awesome-Exploit,Samba/CVE-2017-7494/src/source3/modules/vfs_aio_fork.c,a8d04d4f176aba31ec28af3f1e30edd031f8e085,CVE-2017-7494
484265150,Threekiii/Awesome-Exploit,Samba/CVE-2017-7494/src/ctdb/tests/eventscripts/50.samba.monitor.105.sh,a8d7d336895028df678ef504fd9882b88c2f71e5,CVE-2017-7494
484265150,Threekiii/Awesome-Exploit,Samba/CVE-2017-7494/src/third_party/zlib/contrib/iostream/zfstream.cpp,a8f677a8e32a4923a8a57c61e60ecb899eca5cab,CVE-2017-7494
484265150,Threekiii/Awesome-Exploit,Samba/CVE-2017-7494/src/examples/printing/VampireDriversFunctions,a90413de852dd2a816458ba754c106fba3b3dbca,CVE-2017-7494
484265150,Threekiii/Awesome-Exploit,Samba/CVE-2017-7494/src/docs-xml/smbdotconf/security/smbencrypt.xml,a9122bbb57dce066e6ee7c7c1da5136f0dcd1505,CVE-2017-7494
484265150,Threekiii/Awesome-Exploit,Samba/CVE-2017-7494/src/source4/dsdb/repl/drepl_service.h,a92c18145c05014e88b56327d4a9e3af39138ba0,CVE-2017-7494
484265150,Threekiii/Awesome-Exploit,Samba/CVE-2017-7494/src/source3/registry/regfio.h,a932b81da870dc6271430be6b4f2190a24770070,CVE-2017-7494
484265150,Threekiii/Awesome-Exploit,Samba/CVE-2017-7494/src/nsswitch/wb_reqtrans.c,a9394b9ddc3da44330181e07aa71069830b852bf,CVE-2017-7494
484265150,Threekiii/Awesome-Exploit,Samba/CVE-2017-7494/src/source4/torture/smb2/wscript_build,a949515101adf3d7649a16f0f72d5c23006a7606,CVE-2017-7494
484265150,Threekiii/Awesome-Exploit,Samba/CVE-2017-7494/src/docs-xml/scripts/indent-smb.conf.pl,a9654677c553b547c747a077e9deb3ac67d2d1a3,CVE-2017-7494
484265150,Threekiii/Awesome-Exploit,Samba/CVE-2017-7494/src/source3/script/tests/test_smbclient_tarmode.pl,a979059688aef5c83c6211e828626663d312ee5b,CVE-2017-7494
484265150,Threekiii/Awesome-Exploit,Samba/CVE-2017-7494/src/libcli/nbt/namequery.c,a97c82db30401f23331f5fb8c794db4f807cfe7b,CVE-2017-7494
484265150,Threekiii/Awesome-Exploit,Samba/CVE-2017-7494/src/source3/rpcclient/cmd_wkssvc.c,a98399ddc9d08368bad599b3c542399dbfd46390,CVE-2017-7494
484265150,Threekiii/Awesome-Exploit,Weblogic/WeblogicScan/app/plugins/CVE-2017-3248.py,a9c01906603ca02cda8b7d58f3d4158ebf21f029,CVE-2017-3248
484265150,Threekiii/Awesome-Exploit,Samba/CVE-2017-7494/src/third_party/waf/wafadmin/Tools/bison.py,a9de611b4e9c049855db2dea584738c677e74860,CVE-2017-7494
484265150,Threekiii/Awesome-Exploit,Samba/CVE-2017-7494/src/source4/utils/wscript_build,a9e06127593299356c1fe73faf0ee3f9a4296cc9,CVE-2017-7494
484265150,Threekiii/Awesome-Exploit,Samba/CVE-2017-7494/src/source4/torture/rpc/scanner.c,a9e2834d1ad2e563c7acfd51afcbfb17e0333467,CVE-2017-7494
484265150,Threekiii/Awesome-Exploit,Samba/CVE-2017-7494/src/docs-xml/Samba3-HOWTO/TOSHARG-Printing.xml,a9eb287fd5ed2ce4c78e80183200d26aa2a75ebf,CVE-2017-7494
484265150,Threekiii/Awesome-Exploit,Samba/CVE-2017-7494/src/source4/libcli/smb2/getinfo.c,a9f4ec1a7906e0728f9528027e4246b4bbbde80b,CVE-2017-7494
484265150,Threekiii/Awesome-Exploit,Samba/CVE-2017-7494/src/docs-xml/manpages/pam_winbind.conf.5.xml,aa0d570c434baed23c3f172f19a71316205027c6,CVE-2017-7494
484265150,Threekiii/Awesome-Exploit,Samba/CVE-2017-7494/src/libcli/registry/util_reg.c,aa158712c23df0ed9f2c0540d64da9e9388109b5,CVE-2017-7494
484265150,Threekiii/Awesome-Exploit,Samba/CVE-2017-7494/src/docs-xml/manpages/vfs_shadow_copy2.8.xml,aa1f91cab013cb1c508ad9fbf2cf5018ce2e2be1,CVE-2017-7494
484265150,Threekiii/Awesome-Exploit,Samba/CVE-2017-7494/src/docs-xml/xslt/html-chunk.xsl,aa258c80084f4988703082d61cb0b7a0fd86df28,CVE-2017-7494
484265150,Threekiii/Awesome-Exploit,Samba/CVE-2017-7494/src/source4/torture/rpc/oxidresolve.c,aa2d90203d45fee1310b8eb7655bd107e0abcd5d,CVE-2017-7494
484265150,Threekiii/Awesome-Exploit,Samba/CVE-2017-7494/src/ctdb/tests/complex/44_failover_nfs_oneway.sh,aa337e144e5a001a31ab99ab6903885bf57f54b3,CVE-2017-7494
484265150,Threekiii/Awesome-Exploit,Samba/CVE-2017-7494/src/selftest/manage-ca/CA-samba.example.com/DCs/addc.addom.samba.example.com/DC-addc.addom.samba.example.com-S02-cert.pem,aa37253807f72567a14c4664e0863c8cc4c1ee83,CVE-2017-7494
484265150,Threekiii/Awesome-Exploit,Samba/CVE-2017-7494/src/ctdb/tests/simple/72_update_record_persistent.sh,aa3ee58afce72f4446a174f980b2fcdbd58fd05c,CVE-2017-7494
484265150,Threekiii/Awesome-Exploit,Samba/CVE-2017-7494/src/selftest/knownfail,aa4c0d1323792c0292968dc54db4b10a018383d9,CVE-2017-7494
484265150,Threekiii/Awesome-Exploit,Samba/CVE-2017-7494/src/source4/libcli/raw/trans2.h,aa524fba2b14d481f39444ea1b2c621d92c5a54d,CVE-2017-7494
484265150,Threekiii/Awesome-Exploit,Samba/CVE-2017-7494/src/libcli/smbreadline/smbreadline.c,aa532bfc40716e6fecd2f804033be4449fe88661,CVE-2017-7494
484265150,Threekiii/Awesome-Exploit,Samba/CVE-2017-7494/src/source3/modules/vfs_solarisacl.h,aa5b1bd6c29b1a0c0f7f7a0b5e058d2c4a029e19,CVE-2017-7494
484265150,Threekiii/Awesome-Exploit,Samba/CVE-2017-7494/src/ctdb/tests/tool/ctdb.setdebug.003.sh,aa69e3ff05057b48b30d6b4dd490aa276fb2fab6,CVE-2017-7494
484265150,Threekiii/Awesome-Exploit,Samba/CVE-2017-7494/src/source3/include/async_smb.h,aa749818c790af0dfec3015c8f8cd3509cd3c0fb,CVE-2017-7494
484265150,Threekiii/Awesome-Exploit,Samba/CVE-2017-7494/src/nsswitch/tests/test_idmap_rfc2307.sh,aa9144749da704a35a926d4c5820f1acb3243983,CVE-2017-7494
484265150,Threekiii/Awesome-Exploit,Samba/CVE-2017-7494/src/docs-xml/smbdotconf/winbind/winbindcachetime.xml,aab42286db3fae5bec03f82f29d75785e807ddc9,CVE-2017-7494
484265150,Threekiii/Awesome-Exploit,Samba/CVE-2017-7494/src/source3/winbindd/winbindd_getusersids.c,aab5104adb7687e76708c56c451b9be9d46cfc7b,CVE-2017-7494
484265150,Threekiii/Awesome-Exploit,Samba/CVE-2017-7494/src/ctdb/config/nfs-checks.d/40.mountd.check,aabcbebd12f13a2271b2d944f95f52bc1350d387,CVE-2017-7494
484265150,Threekiii/Awesome-Exploit,Samba/CVE-2017-7494/src/buildtools/wafsamba/samba_install.py,aacd21ff1b2e7d9a06c55c453e88efdf15bc1db9,CVE-2017-7494
484265150,Threekiii/Awesome-Exploit,Weblogic/weblogicScanner/stars/__pycache__/cve_2016_0638.cpython-36.pyc,aad4c79d26b60b958992e087cd088f17e19fbde6,CVE-2016-0638
484265150,Threekiii/Awesome-Exploit,Samba/CVE-2017-7494/src/third_party/zlib/contrib/vstudio/vc8/zlibvc.vcproj,aada2eb664e4189d5c44be6a25b70085adfc22b6,CVE-2017-7494
484265150,Threekiii/Awesome-Exploit,Samba/CVE-2017-7494/src/docs-xml/smbdotconf/misc/preexec.xml,aaf2fe0ea26069cd0fc36f4ebd90b2aa16f8fb93,CVE-2017-7494
484265150,Threekiii/Awesome-Exploit,Samba/CVE-2017-7494/src/source3/modules/vfs_streams_xattr.c,aafa956d81c4435aac850193e2e25f2601bd97c4,CVE-2017-7494
484265150,Threekiii/Awesome-Exploit,Samba/CVE-2017-7494/src/testsuite/build_farm/template/basicsmb.smb.conf.hostsdeny,ab0e02a6d48ac0c71d07bbd51838a76939371f06,CVE-2017-7494
484265150,Threekiii/Awesome-Exploit,Samba/CVE-2017-7494/src/source4/libnet/libnet_vampire.c,ab0e43d2ec348f11501d09a3cdbb54a90e92f697,CVE-2017-7494
484265150,Threekiii/Awesome-Exploit,Samba/CVE-2017-7494/src/source4/setup/provision_schema_basedn.ldif,ab1655c28dfce1020dc0a26cb016caab2c4ef1b4,CVE-2017-7494
484265150,Threekiii/Awesome-Exploit,Samba/CVE-2017-7494/src/source4/libcli/dgram/browse.c,ab1e14229713617e4d5568069928681a15b460b6,CVE-2017-7494
484265150,Threekiii/Awesome-Exploit,Samba/CVE-2017-7494/src/docs-xml/smbdotconf/security/forcedirectorymode.xml,ab2ae1a04c09d6c6d1132efa24026da18117c0b2,CVE-2017-7494
484265150,Threekiii/Awesome-Exploit,Samba/CVE-2017-7494/src/source4/dsdb/schema/schema_init.c,ab33075295b461f71080481abe1c76aab3b52d3f,CVE-2017-7494
484265150,Threekiii/Awesome-Exploit,Samba/CVE-2017-7494/src/source4/torture/libnet/domain.c,ab3a9d85aef45d0850647a49207d244b47c35694,CVE-2017-7494
484265150,Threekiii/Awesome-Exploit,Samba/CVE-2017-7494/src/source4/dsdb/samdb/ldb_modules/objectclass_attrs.c,ab547a1f7f357022906ee270727fd32bebbca51c,CVE-2017-7494
484265150,Threekiii/Awesome-Exploit,Samba/CVE-2017-7494/src/docs-xml/Samba3-HOWTO/images/cups1.svg,ab5db497eabe610bb42e54c24c0feb740c23cab2,CVE-2017-7494
484265150,Threekiii/Awesome-Exploit,Samba/CVE-2017-7494/src/source4/dsdb/samdb/ldb_modules/acl.c,ab65348659584da0a6cc15848d11e328c387d0f6,CVE-2017-7494
484265150,Threekiii/Awesome-Exploit,Samba/CVE-2017-7494/src/libcli/security/secacl.h,ab73d640d09665d78c81ef38fbf246eb55fd4425,CVE-2017-7494
484265150,Threekiii/Awesome-Exploit,Samba/CVE-2017-7494/src/source3/libsmb/clisymlink.c,ab754cc58943516ed4a83b348c556da7ef46483b,CVE-2017-7494
484265150,Threekiii/Awesome-Exploit,Samba/CVE-2017-7494/src/docs-xml/Samba3-ByExample/SBE-SecureOfficeServer.xml,ab76865aa57e8f015cb594f81d4f348a3440f9d1,CVE-2017-7494
484265150,Threekiii/Awesome-Exploit,Samba/CVE-2017-7494/src/source3/printing/spoolssd.c,ab8762edfc145c9b60d864316b0b4846739d6b78,CVE-2017-7494
484265150,Threekiii/Awesome-Exploit,Samba/CVE-2017-7494/src/docs-xml/smbdotconf/misc/nmbdbindexplicitbroadcast.xml,ab97c931c76ffae2ddb1ff8c87f917e1e11c8d94,CVE-2017-7494
484265150,Threekiii/Awesome-Exploit,Samba/CVE-2017-7494/src/source3/include/ntdomain.h,ab9dfdb040fd5c4a0209412cb240416eac6f8346,CVE-2017-7494
484265150,Threekiii/Awesome-Exploit,Samba/CVE-2017-7494/src/ctdb/tests/eventscripts/91.lvs.startup.002.sh,aba83214caa761cce9730a1c90639234e53c4fdb,CVE-2017-7494
484265150,Threekiii/Awesome-Exploit,Samba/CVE-2017-7494/src/ctdb/tests/tool/ctdb.setdbreadonly.001.sh,abac66331466569d2ab94966d853675311cc53df,CVE-2017-7494
484265150,Threekiii/Awesome-Exploit,Samba/CVE-2017-7494/src/source4/kdc/mit-kdb/kdb_samba_policies.c,abacec559fce6a3bd91947defd466801b3206268,CVE-2017-7494
484265150,Threekiii/Awesome-Exploit,Samba/CVE-2017-7494/src/librpc/ndr/ndr_compression.h,abc4d8b4dd25032cb4f4b9afb647697141239a44,CVE-2017-7494
484265150,Threekiii/Awesome-Exploit,Samba/CVE-2017-7494/src/librpc/idl/eventlog6.idl,abcca4d4565b48d917382a839d02c00fec8c5eb7,CVE-2017-7494
484265150,Threekiii/Awesome-Exploit,Samba/CVE-2017-7494/src/ctdb/tests/simple/58_ctdb_restoredb.sh,abe2a59ca431f9247724a2e5ad9d09d7e262098b,CVE-2017-7494
484265150,Threekiii/Awesome-Exploit,Samba/CVE-2017-7494/src/third_party/waf/wafadmin/Tools/xlc.py,abf956a8472e9def28d8f8dfdba118cb0e0e813c,CVE-2017-7494
484265150,Threekiii/Awesome-Exploit,Samba/CVE-2017-7494/src/ctdb/tests/tool/ctdb.getmonmode.001.sh,abfbb45846d4355aaaf545e2bf9ba4bb92dfde77,CVE-2017-7494
484265150,Threekiii/Awesome-Exploit,Samba/CVE-2017-7494/src/ctdb/tests/eventscripts/60.nfs.monitor.112.sh,ac0022576f1eb8862742ff63885aeb0d1a6ff6d4,CVE-2017-7494
484265150,Threekiii/Awesome-Exploit,Samba/CVE-2017-7494/src/source4/dsdb/samdb/ldb_modules/tombstone_reanimate.c,ac0782ee6f7f6911a4091350ba32fb987eb9895c,CVE-2017-7494
484265150,Threekiii/Awesome-Exploit,Samba/CVE-2017-7494/src/source4/auth/ntlm/auth_sam.c,ac3578637b7aca547615d12671ca38dfe77d4417,CVE-2017-7494
484265150,Threekiii/Awesome-Exploit,Samba/CVE-2017-7494/src/source4/auth/ntlm/auth_sam.c,ac3578637b7aca547615d12671ca38dfe77d4417,CVE-2013-4496
484265150,Threekiii/Awesome-Exploit,Samba/CVE-2017-7494/src/source4/selftest/tests_win.sh,ac3c51a2c61c22e1b19538f9fc9b1354be3d9bbd,CVE-2017-7494
484265150,Threekiii/Awesome-Exploit,Samba/CVE-2017-7494/src/python/samba/tests/kcc/ldif_import_export.py,ac3c8f5c8425d6f22b16c512cf0d43fb3eec7c4b,CVE-2017-7494
484265150,Threekiii/Awesome-Exploit,Samba/CVE-2017-7494/src/source4/ntvfs/sysdep/sys_lease_linux.c,ac4c298067010ee4d68a121e8dfff7ef4b0aa648,CVE-2017-7494
484265150,Threekiii/Awesome-Exploit,Samba/CVE-2017-7494/src/source3/smbd/ntquotas.c,ac4e5267d23461867b7a64cabd68ddea148237fa,CVE-2017-7494
484265150,Threekiii/Awesome-Exploit,Samba/CVE-2017-7494/src/ctdb/common/reqid.c,ac53c6b43b454426692ff483e14ece210560d24e,CVE-2017-7494
484265150,Threekiii/Awesome-Exploit,Samba/CVE-2017-7494/src/source3/torture/test_messaging_fd_passing.c,ac563fd79db76758e4af50aa269fd2710bbdf78c,CVE-2017-7494
484265150,Threekiii/Awesome-Exploit,Samba/CVE-2017-7494/src/source4/kdc/kdc-glue.c,ac5b00bee4751c25f96dbb500c9a1c5a6c19c3bf,CVE-2017-7494
484265150,Threekiii/Awesome-Exploit,Samba/CVE-2017-7494/src/ctdb/tests/complex/30_nfs_tickle_killtcp.sh,ac5d497c51fba53ceb892f53fd0a00cf5f7e6199,CVE-2017-7494
484265150,Threekiii/Awesome-Exploit,Samba/CVE-2017-7494/src/docs-xml/smbdotconf/protocol/minreceivefilesize.xml,ac6202bb121cd2b7a63661cddea60a7566dd973c,CVE-2017-7494
484265150,Threekiii/Awesome-Exploit,Samba/CVE-2017-7494/src/source3/libnet/netapi.pc.in,ac6a25d8f6985ed61896d185fb251c46523af0c9,CVE-2017-7494
484265150,Threekiii/Awesome-Exploit,Samba/CVE-2017-7494/src/source4/torture/drs/python/replica_sync.py,ac6faf3327ac53d71512d29dc0f7527aedd069fc,CVE-2017-7494
484265150,Threekiii/Awesome-Exploit,Samba/CVE-2017-7494/src/docs/manpages/vfs_shell_snap.8,ac70f58cf8daca3a0fcdb49d6138963586d6383e,CVE-2017-7494
484265150,Threekiii/Awesome-Exploit,Samba/CVE-2017-7494/src/source4/kdc/mit_samba.c,ac735c3eaa954026f9a37694e642a94f1b04c13c,CVE-2017-7494
484265150,Threekiii/Awesome-Exploit,Samba/CVE-2017-7494/src/source4/heimdal/kdc/default_config.c,ac8f4b9ca31e809feb7bdf8e5764509d27d6771a,CVE-2017-7494
484265150,Threekiii/Awesome-Exploit,Samba/CVE-2017-7494/src/testsuite/nsswitch/getgrent_r.c,ac9479d51c73ed29793d5d804436a5dde3459b8e,CVE-2017-7494
484265150,Threekiii/Awesome-Exploit,Samba/CVE-2017-7494/src/selftest/manage-ca/CA-samba.example.com/Users/pkinit@addom.samba.example.com/USER-pkinit@addom.samba.example.com-S05-cert.cer,acab8bb9727dfea19ee86cb9800d2b0824895350,CVE-2017-7494
484265150,Threekiii/Awesome-Exploit,Samba/CVE-2017-7494/src/third_party/dnspython/MANIFEST.in,acacb0b4579b5d6ceff67085f4e87df1191b6f4c,CVE-2017-7494
484265150,Threekiii/Awesome-Exploit,Samba/CVE-2017-7494/src/source4/utils/man/oLschema2ldif.1.xml,acbac56ae93136a9019afabd46323156a9661930,CVE-2017-7494
484265150,Threekiii/Awesome-Exploit,Samba/CVE-2017-7494/src/source3/script/tests/wb_pad.sh,acc33f5b19d7e52016691d0c281b7bc5b6c7a6e6,CVE-2017-7494
484265150,Threekiii/Awesome-Exploit,Samba/CVE-2017-7494/src/testprogs/win32/midltests/Makefile,acc5a66c10d1f128bb1da3cb472acee2e40180b5,CVE-2017-7494
484265150,Threekiii/Awesome-Exploit,Samba/CVE-2017-7494/src/source3/utils/net_ads_gpo.c,acd9b4243fec2c068411155f98c4cfd70b8175b7,CVE-2017-7494
484265150,Threekiii/Awesome-Exploit,Samba/CVE-2017-7494/src/ctdb/server/ctdb_uptime.c,ace317da7ab10999ed457f5b5001ac6e2ad5977d,CVE-2017-7494
484265150,Threekiii/Awesome-Exploit,Samba/CVE-2017-7494/src/docs-xml/structure.svg,acf6e8253b3579ed32aa5c50e2cfb6d4a287bb42,CVE-2017-7494
484265150,Threekiii/Awesome-Exploit,Samba/CVE-2017-7494/src/source4/wrepl_server/wrepl_in_call.c,acfae11899268cf9170fc9ae51152d488ca9b511,CVE-2017-7494
484265150,Threekiii/Awesome-Exploit,Samba/CVE-2017-7494/src/examples/printer-accounting/README,acfef7fb1c49e6de72ba3fd9e6ceeb244dad05ce,CVE-2017-7494
484265150,Threekiii/Awesome-Exploit,Samba/CVE-2017-7494/src/source3/rpc_server/rpc_config.c,ad05b20b89a71652439d382698d1d28eb44bde43,CVE-2017-7494
484265150,Threekiii/Awesome-Exploit,Samba/CVE-2017-7494/src/source4/wrepl_server/wscript_build,ad0c8553e4627c808ff4d439c3e5820b2c8b93d3,CVE-2017-7494
484265150,Threekiii/Awesome-Exploit,Samba/CVE-2017-7494/src/source3/include/registry.h,ad1b3568e0d436bbca1208ceb53b77c6d9a09978,CVE-2017-7494
484265150,Threekiii/Awesome-Exploit,Samba/CVE-2017-7494/src/docs-xml/manpages/vfs_streams_xattr.8.xml,ad201483585264451b5e0771832881c48610a311,CVE-2017-7494
484265150,Threekiii/Awesome-Exploit,Samba/CVE-2017-7494/src/source3/script/tests/test_registry_upgrade.sh,ad26d3c61d9f1a6321b7ba056b8a389d6db7fbad,CVE-2017-7494
484265150,Threekiii/Awesome-Exploit,Samba/CVE-2017-7494/src/source3/smbd/smb2_ioctl_named_pipe.c,ad3c289c70f5be3ff9cf128b6268b01bb13274ea,CVE-2017-7494
484265150,Threekiii/Awesome-Exploit,Samba/CVE-2017-7494/src/docs/manpages/pdbedit.8,ad531fdc64faeeab3840071536ce961915f957e7,CVE-2017-7494
484265150,Threekiii/Awesome-Exploit,Samba/CVE-2017-7494/src/source3/nmbd/asyncdns.c,ad58d534e9f9204c997154e3271741a8c6d26c86,CVE-2017-7494
484265150,Threekiii/Awesome-Exploit,Samba/CVE-2017-7494/src/librpc/idl/ntsvcs.idl,ad68e2761831d3ac04743e0caa21aae4ee8753b4,CVE-2017-7494
484265150,Threekiii/Awesome-Exploit,Samba/CVE-2017-7494/src/docs-xml/smbdotconf/misc/usershareowneronly.xml,ad6be52a145d0986e7a8afd7b2dda4a608225a63,CVE-2017-7494
484265150,Threekiii/Awesome-Exploit,Samba/CVE-2017-7494/src/ctdb/protocol/protocol_packet.c,ad743a4d0f95d4ef19b3ec503d062fd82f7d9fd5,CVE-2017-7494
484265150,Threekiii/Awesome-Exploit,Samba/CVE-2017-7494/src/ctdb/tests/eventscripts/49.winbind.monitor.001.sh,ad7df604fd89e2ac8dbae7dc40a0cd8239ddb594,CVE-2017-7494
484265150,Threekiii/Awesome-Exploit,Samba/CVE-2017-7494/src/source4/auth/session.c,adb4c0cbb6d373c9bd3d8a3a2fdd2fcca586f48e,CVE-2017-7494
484265150,Threekiii/Awesome-Exploit,Samba/CVE-2017-7494/src/docs-xml/smbdotconf/security/ntlmauth.xml,adc008d000ff19fd9343c3f7df5aa36cc17ad568,CVE-2017-7494
484265150,Threekiii/Awesome-Exploit,Samba/CVE-2017-7494/src/source4/torture/tests/test_gentest.sh,adc20f7e364e53a368f6726f1e1b86a73b42a2dc,CVE-2017-7494
484265150,Threekiii/Awesome-Exploit,Samba/CVE-2017-7494/src/source3/smbd/nttrans.c,ade96dbacbcdb7d3d27fa30d1f91ea1d5ba89b9c,CVE-2017-7494
484265150,Threekiii/Awesome-Exploit,Samba/CVE-2017-7494/src/source3/rpc_server/mdssvc/sparql_lexer.c,ade9977354a1bc1508b2f3b231ef9843450a0088,CVE-2017-7494
484265150,Threekiii/Awesome-Exploit,Samba/CVE-2017-7494/src/source3/auth/auth_wbc.c,adee0b02165d8b063643691d5224ac66f00424da,CVE-2017-7494
484265150,Threekiii/Awesome-Exploit,Samba/CVE-2017-7494/src/selftest/tests/test_socket_wrapper.py,adf4506a225b0d1a8c982e42427aed163941ee74,CVE-2017-7494
484265150,Threekiii/Awesome-Exploit,Samba/CVE-2017-7494/src/testsuite/nsswitch/getent_grent.c,adfe8969b0464de63a382e85f5688bc57bfa6162,CVE-2017-7494
484265150,Threekiii/Awesome-Exploit,Samba/CVE-2017-7494/src/source4/libcli/smb2/flush.c,ae04094cf1cb50a0c7ecbe76927c1af059ece4e6,CVE-2017-7494
484265150,Threekiii/Awesome-Exploit,Samba/CVE-2017-7494/src/third_party/dnspython/dns/edns.py,ae145e81bc2d0fda075cd5e13e14abf8e13e0fd8,CVE-2017-7494
484265150,Threekiii/Awesome-Exploit,Samba/CVE-2017-7494/src/source4/utils/tests/test_smbclient.sh,ae2c00588bcaf854b3bff700d1a525a3cae57e42,CVE-2017-7494
484265150,Threekiii/Awesome-Exploit,Samba/CVE-2017-7494/src/source4/setup/secrets_init.ldif,ae3e8b59827d50c448c6baf7ddbddec4266c816e,CVE-2017-7494
484265150,Threekiii/Awesome-Exploit,Samba/CVE-2017-7494/src/third_party/popt/poptconfig.c,ae412db8c066a780e8600d98b7a3945dbf14c674,CVE-2017-7494
484265150,Threekiii/Awesome-Exploit,Samba/CVE-2017-7494/src/third_party/pep8/testsuite/W29.py,ae586d35362c22e840650ae8442cb46303ed7d25,CVE-2017-7494
484265150,Threekiii/Awesome-Exploit,Samba/CVE-2017-7494/src/source4/libcli/raw/raweas.c,ae5dcdec258112fd99c4143637f73f0753d74932,CVE-2017-7494
484265150,Threekiii/Awesome-Exploit,Samba/CVE-2017-7494/src/ctdb/tests/tool/ctdb.setifacelink.002.sh,ae5ea72ee3cc8feb49ce559ed2a022f9c7fd8c03,CVE-2017-7494
484265150,Threekiii/Awesome-Exploit,Samba/CVE-2017-7494/src/third_party/dnspython/dns/reversename.py,ae73d49a9b9de0460dcfce8001095177042485f8,CVE-2017-7494
484265150,Threekiii/Awesome-Exploit,Samba/CVE-2017-7494/src/source4/scripting/devel/rebuild_zone.sh,ae7d07e3fd009cfac73c0c506554c33c412ad980,CVE-2017-7494
484265150,Threekiii/Awesome-Exploit,Samba/CVE-2017-7494/src/third_party/zlib/projects/visualc6/README.txt,ae8c6f76f93f4adc7b5ba5c89879f9c2d95341b0,CVE-2017-7494
484265150,Threekiii/Awesome-Exploit,Samba/CVE-2017-7494/src/source4/heimdal_build/replace.c,ae91b60b37427e497cb9b1ef145423aea222c1a1,CVE-2017-7494
484265150,Threekiii/Awesome-Exploit,Samba/CVE-2017-7494/src/libcli/cldap/cldap.c,ae9443c55b6751940a4c1393a11ccedc9a0915c6,CVE-2017-7494
484265150,Threekiii/Awesome-Exploit,Samba/CVE-2017-7494/src/examples/pcap2nbench/ethernet.cpp,ae98d987eb080ccb940e4ea8819bfcaf8c013f69,CVE-2017-7494
484265150,Threekiii/Awesome-Exploit,Samba/CVE-2017-7494/src/source3/printing/load.h,ae9e3003bb86a9b841faaf450b7ba36bc531f353,CVE-2017-7494
484265150,Threekiii/Awesome-Exploit,Samba/CVE-2017-7494/src/pidl/tests/ndr_fullptr.pl,aea289f1e4db65c45280cd01e85e15a35354621f,CVE-2017-7494
484265150,Threekiii/Awesome-Exploit,Samba/CVE-2017-7494/src/source4/nbt_server/dgram/netlogon.c,aeb215d24fa7f9d73893fd4d73c21c91cadca692,CVE-2017-7494
484265150,Threekiii/Awesome-Exploit,Samba/CVE-2017-7494/src/source3/smbd/smbXsrv_open.c,aeb5417149dbe13f09d449fde495292f6d793335,CVE-2017-7494
484265150,Threekiii/Awesome-Exploit,Samba/CVE-2017-7494/src/source4/rpc_server/drsuapi/getncchanges.c,aec237c7ecbd95ed707882fda3851423619677a2,CVE-2017-7494
484265150,Threekiii/Awesome-Exploit,Samba/CVE-2017-7494/src/third_party/zlib/contrib/blast/test.txt,aed9b9fc86b2b47a4c46053df53feb544ecf31ce,CVE-2017-7494
484265150,Threekiii/Awesome-Exploit,Samba/CVE-2017-7494/src/source4/dsdb/schema/dsdb_dn.c,aee0760a92ee420419c4798a87d49d800f13d7b8,CVE-2017-7494
484265150,Threekiii/Awesome-Exploit,Samba/CVE-2017-7494/src/source4/dsdb/samdb/ldb_modules/wscript_build_server,aee7b720b8432a2746f29dbc43e3c76838377b89,CVE-2017-7494
484265150,Threekiii/Awesome-Exploit,Samba/CVE-2017-7494/src/libcli/smb/smb1cli_echo.c,aeef14e4b968a744fdcbe589bad38196259e243b,CVE-2017-7494
484265150,Threekiii/Awesome-Exploit,Samba/CVE-2017-7494/src/ctdb/tests/takeover/lcp2.015.sh,aef0b1043c647cea039d98bf2ee92c5f1a4cc937,CVE-2017-7494
484265150,Threekiii/Awesome-Exploit,Samba/CVE-2017-7494/src/python/samba/tests/samba_tool/__init__.py,af09364a54d76dc6ad924c8b00fb79ea9a01993a,CVE-2017-7494
484265150,Threekiii/Awesome-Exploit,Samba/CVE-2017-7494/src/source4/rpc_server/drsuapi/updaterefs.c,af265b6463c02065783b8f955d27f0a825c7530e,CVE-2017-7494
484265150,Threekiii/Awesome-Exploit,Samba/CVE-2017-7494/src/docs/manpages/vfs_commit.8,af26c924b98ba04cc62e11488df587e5cd0a33ff,CVE-2017-7494
484265150,Threekiii/Awesome-Exploit,Samba/CVE-2017-7494/src/source3/modules/vfs_vxfs.h,af2c216c1e622d67c74f798f0ba8c30c6bcf7a1e,CVE-2017-7494
484265150,Threekiii/Awesome-Exploit,Samba/CVE-2017-7494/src/source4/selftest/tests_win2k3_dc.sh,af2f42b128b9840dcbc50b2566bee786d655d107,CVE-2017-7494
484265150,Threekiii/Awesome-Exploit,Samba/CVE-2017-7494/src/source3/auth/user_info.c,af56e8c665015c5fea06e812f21ce04aae31f033,CVE-2017-7494
484265150,Threekiii/Awesome-Exploit,Samba/CVE-2017-7494/src/testprogs/win32/testmailslot/testmailslot.c,af5c6c4ffaadd1c7b4f5428385d23281c92bb38e,CVE-2017-7494
484265150,Threekiii/Awesome-Exploit,Samba/CVE-2017-7494/src/source4/setup/provision_users_modify.ldif,af66ec4152c4069b01d4de10226e223de5f9e87d,CVE-2017-7494
484265150,Threekiii/Awesome-Exploit,Samba/CVE-2017-7494/src/third_party/waf/wafadmin/Task.py,af6a6fb51952bd32c69165f8672cde74d2a46a42,CVE-2017-7494
484265150,Threekiii/Awesome-Exploit,Samba/CVE-2017-7494/src/source3/rpc_server/svcctl/srv_svcctl_nt.h,af717201e2d04504f8f360ae12648db67e9d15c7,CVE-2017-7494
484265150,Threekiii/Awesome-Exploit,Samba/CVE-2017-7494/src/docs-xml/smbdotconf/logging/syslogonly.xml,af746d31464912e5409825f81e281d0a1c390040,CVE-2017-7494
484265150,Threekiii/Awesome-Exploit,Samba/CVE-2017-7494/src/libcli/dns/dns.h,af8bb87db9d0bf6f729d48e80b57f5dec52059b9,CVE-2017-7494
484265150,Threekiii/Awesome-Exploit,Samba/CVE-2017-7494/src/ctdb/utils/pmda/pmns,afa09f5f7991d7fb989ba445b5dec0ecf0f3ced6,CVE-2017-7494
484265150,Threekiii/Awesome-Exploit,Samba/CVE-2017-7494/src/selftest/manage-ca/CA-samba.example.com/Users/pkinit@samba.example.com/USER-pkinit@samba.example.com-S04-openssl.cnf,afb16010d24f0c96735ab15e87fe898aa82b44b0,CVE-2017-7494
484265150,Threekiii/Awesome-Exploit,Samba/CVE-2017-7494/src/ctdb/server/ipalloc.h,afb48d3a5b51ce262d7496d4bdaf4332db40805b,CVE-2017-7494
484265150,Threekiii/Awesome-Exploit,Samba/CVE-2017-7494/src/docs-xml/smbdotconf/logon/initlogondelay.xml,afb9b81c4c515b437e35660a17f8c775ee40f5fa,CVE-2017-7494
484265150,Threekiii/Awesome-Exploit,Samba/CVE-2017-7494/src/source4/dsdb/tests/python/ldap.py,afbbd19601e348fb5c077241b0b6d636c0244e58,CVE-2017-7494
484265150,Threekiii/Awesome-Exploit,Samba/CVE-2017-7494/src/source3/winbindd/winbindd_sids_to_xids.c,afd55150c45d3c088dc84f2c97f37e02549bae7f,CVE-2017-7494
484265150,Threekiii/Awesome-Exploit,Samba/CVE-2017-7494/src/source3/libsmb/ABI/smbclient-0.2.1.sigs,aff717d5d5bfb9884451992e5009c0931be8cc84,CVE-2017-7494
484265150,Threekiii/Awesome-Exploit,Samba/CVE-2017-7494/src/source3/include/ntquotas.h,b003a434089f2739fd695eb69560c1435b15e457,CVE-2017-7494
484265150,Threekiii/Awesome-Exploit,Samba/CVE-2017-7494/src/source4/dsdb/kcc/kcc_service.c,b009dbda6dcdfd344b6499f00ed1355ad232b2fd,CVE-2017-7494
484265150,Threekiii/Awesome-Exploit,Samba/CVE-2017-7494/src/source3/script/tests/test_valid_users.sh,b00c934790952ecfb1288c5591e360e1fde656a0,CVE-2017-7494
484265150,Threekiii/Awesome-Exploit,Samba/CVE-2017-7494/src/source3/rpc_server/rpc_contexts.c,b00cd06afb39218b6782df0a671578283af04d67,CVE-2017-7494
484265150,Threekiii/Awesome-Exploit,Samba/CVE-2017-7494/src/source4/web_server/web_server.c,b04af3d71d7fc97037b68f846709ccf3651e2002,CVE-2017-7494
484265150,Threekiii/Awesome-Exploit,Samba/CVE-2017-7494/src/libcli/smb/smb2_signing.h,b04f513118bbbae6e8ed53890eab4ba5b323912c,CVE-2017-7494
484265150,Threekiii/Awesome-Exploit,Samba/CVE-2017-7494/src/source4/torture/nbt/winsbench.c,b05085f6e493cd1fd9eae0d643505df94c83c719,CVE-2017-7494
484265150,Threekiii/Awesome-Exploit,Weblogic/WeblogicScan/app/plugins/CVE-2019-2729.py,b0508f879e75081aaa3ae149b6e3fce6b0fc27b6,CVE-2019-2729
484265150,Threekiii/Awesome-Exploit,Samba/CVE-2017-7494/src/nsswitch/tests/test_idmap_rid.sh,b060ad231679cbbcf0876e29bd9221667b1d001d,CVE-2017-7494
484265150,Threekiii/Awesome-Exploit,Samba/CVE-2017-7494/src/third_party/dnspython/dns/rdtypes/ANY/HINFO.py,b0770448291b54819f5f79c08c37b80d5d89692f,CVE-2017-7494
484265150,Threekiii/Awesome-Exploit,Samba/CVE-2017-7494/src/librpc/idl/fsrvp_state.idl,b0887a3201756a5c6aa4626527b0ef064e1b8be9,CVE-2017-7494
484265150,Threekiii/Awesome-Exploit,Samba/CVE-2017-7494/src/docs-xml/smbdotconf/protocol/easupport.xml,b0a38e5131f7164b4bfdff820ab638a2a808f244,CVE-2017-7494
484265150,Threekiii/Awesome-Exploit,Samba/CVE-2017-7494/src/docs-xml/manpages/smbcquotas.1.xml,b0a617067f3980840622d03cde41689af6ce1847,CVE-2017-7494
484265150,Threekiii/Awesome-Exploit,Samba/CVE-2017-7494/src/source3/smbd/filename.c,b0a656ab8b782910e1e52af12051a616b26fa54a,CVE-2017-7494
484265150,Threekiii/Awesome-Exploit,Samba/CVE-2017-7494/src/ctdb/tests/eventscripts/00.ctdb.setup.003.sh,b0c05d6d4090004275e66f67c4a72d6fff47c12f,CVE-2017-7494
484265150,Threekiii/Awesome-Exploit,Samba/CVE-2017-7494/src/testsuite/build_farm/torture-PROPERTIES.test,b0ca41c2198843ebde23c265641e28afb904eab5,CVE-2017-7494
484265150,Threekiii/Awesome-Exploit,Samba/CVE-2017-7494/src/nsswitch/libwbclient/wbc_pwd.c,b0cc80533ef33f77ffa839a53ef305ae4234b7ac,CVE-2017-7494
484265150,Threekiii/Awesome-Exploit,Samba/CVE-2017-7494/src/source3/script/mknissmbpwdtbl.sh,b0cfd0ece91a46e73d9fc315ba719d9136cfe123,CVE-2017-7494
484265150,Threekiii/Awesome-Exploit,Samba/CVE-2017-7494/src/docs-xml/xslt/extract-examples.xsl,b0e2534cc7c02bdbeda1f85c925b1b61c4f0ef0a,CVE-2017-7494
484265150,Threekiii/Awesome-Exploit,Samba/CVE-2017-7494/src/source3/rpc_server/fss/srv_fss_agent.c,b0e8bcb36bf6dbd5e72bf36a9054f75de0a156ab,CVE-2017-7494
484265150,Threekiii/Awesome-Exploit,Samba/CVE-2017-7494/src/third_party/pyiso8601/README.rst,b0fb20f64be53d3ec7ec50db76bd2b7190708460,CVE-2017-7494
484265150,Threekiii/Awesome-Exploit,Samba/CVE-2017-7494/src/source4/heimdal_build/version.c,b10ef66cc620e23ebbacb5d7bcada0cfca04ab7e,CVE-2017-7494
484265150,Threekiii/Awesome-Exploit,Samba/CVE-2017-7494/src/ctdb/common/common.h,b1203527daf25fba90576411497fa262ddb1c6af,CVE-2017-7494
484265150,Threekiii/Awesome-Exploit,Samba/CVE-2017-7494/src/pidl/Makefile.PL,b12e8a5d25cf21ccdff64f77ca5b076771ee016c,CVE-2017-7494
484265150,Threekiii/Awesome-Exploit,Samba/CVE-2017-7494/src/source4/torture/locktest.c,b13d53fb78b062cbd2471beb6d589ca97d63808e,CVE-2017-7494
484265150,Threekiii/Awesome-Exploit,Samba/CVE-2017-7494/src/auth/credentials/credentials.c,b141c9c15d4d097773f7271476bc34a284234691,CVE-2017-7494
484265150,Threekiii/Awesome-Exploit,Samba/CVE-2017-7494/src/source4/param/pyparam.c,b157829e9bf02ef96293d58ec0f079cc9a96a005,CVE-2017-7494
484265150,Threekiii/Awesome-Exploit,Samba/CVE-2017-7494/src/docs/manpages/vfs_default_quota.8,b1705d01c67b32403bf191aa234ab4723994a5c7,CVE-2017-7494
484265150,Threekiii/Awesome-Exploit,Samba/CVE-2017-7494/src/source4/libcli/raw/rawreadwrite.c,b1721bff75bb07a0845e7c83dd8f6700ea23a016,CVE-2017-7494
484265150,Threekiii/Awesome-Exploit,Samba/CVE-2017-7494/src/python/samba/idmap.py,b17d0a6298b55af6f90d7d1fceecefe969ebc138,CVE-2017-7494
484265150,Threekiii/Awesome-Exploit,Samba/CVE-2017-7494/src/source4/torture/raw/write.c,b19ed6ea122226572b1ede552643d18de7788a04,CVE-2017-7494
484265150,Threekiii/Awesome-Exploit,Samba/CVE-2017-7494/src/source3/winbindd/winbindd_cache.c,b1aa6f3d75db99fa5d260d16613e6d5b2f53a438,CVE-2017-7494
484265150,Threekiii/Awesome-Exploit,Samba/CVE-2017-7494/src/source3/winbindd/winbindd_rpc.h,b1b10406abc81abad38b16b37fe423f54e54bfdd,CVE-2017-7494
484265150,Threekiii/Awesome-Exploit,Samba/CVE-2017-7494/src/third_party/zlib/contrib/minizip/Makefile,b1b85a0f99bf296c58326a80bc0bf220080778cd,CVE-2017-7494
484265150,Threekiii/Awesome-Exploit,Samba/CVE-2017-7494/src/source4/torture/ndr/negoex.c,b1c64781821d64b32e3fb959c382ef5e6946d278,CVE-2017-7494
484265150,Threekiii/Awesome-Exploit,Samba/CVE-2017-7494/src/ctdb/server/ctdb_logging_syslog.c,b1d6511e779bb28f92db835c0b76ed306515f5f7,CVE-2017-7494
484265150,Threekiii/Awesome-Exploit,Samba/CVE-2017-7494/src/source4/ntvfs/ntvfs_generic.c,b1df8d5ce11533bae8f9ebe04845635a876ba46c,CVE-2017-7494
484265150,Threekiii/Awesome-Exploit,Samba/CVE-2017-7494/src/source3/libads/cldap.c,b1e39139455648d36b23943b1add68c90533cd52,CVE-2017-7494
484265150,Threekiii/Awesome-Exploit,Samba/CVE-2017-7494/src/librpc/ndr/ndr_drsuapi.h,b1ff46698d8632ca53c59297c6cb6bfc566f2635,CVE-2017-7494
484265150,Threekiii/Awesome-Exploit,Samba/CVE-2017-7494/src/docs-xml/manpages/smbpasswd.8.xml,b1ff7c89bfca1b96cd3e24eca29fe4fb94035dbb,CVE-2017-7494
484265150,Threekiii/Awesome-Exploit,Samba/CVE-2017-7494/src/source4/libcli/cliconnect.c,b207265f766863332a4e1ad53f6c8a23a4c2b083,CVE-2017-7494
484265150,Threekiii/Awesome-Exploit,Samba/CVE-2017-7494/src/source3/utils/net_rpc_service.c,b2089c66ac4c235fcd4270effe35d792f8d2adae,CVE-2017-7494
484265150,Threekiii/Awesome-Exploit,Samba/CVE-2017-7494/src/source3/smbd/conn_msg.c,b21c9adbf9c0bbeb04274af74db06ebe3872bfab,CVE-2017-7494
484265150,Threekiii/Awesome-Exploit,Samba/CVE-2017-7494/src/source4/heimdal/base/heimbase.h,b22f991195ea7f7c6fdda4fe2c10f1fab0c229ae,CVE-2017-7494
484265150,Threekiii/Awesome-Exploit,Samba/CVE-2017-7494/src/source3/rpc_server/rpc_handles.c,b2402685df5a3be52d0a7ad99a671cce623e2a6d,CVE-2017-7494
484265150,Threekiii/Awesome-Exploit,Samba/CVE-2017-7494/src/source4/dsdb/tests/python/urgent_replication.py,b242f2e45f8b3e2672fbfe2e0aa1cd8d50cba091,CVE-2017-7494
484265150,Threekiii/Awesome-Exploit,Samba/CVE-2017-7494/src/source4/ntvfs/posix/pvfs_setfileinfo.c,b245c93e2376727f9d01aff2dd53fea6b3a4c0c2,CVE-2017-7494
484265150,Threekiii/Awesome-Exploit,Samba/CVE-2017-7494/src/python/samba/subunit/__init__.py,b247e2bb2ac1649818bd123f875d3f572136f0cd,CVE-2017-7494
484265150,Threekiii/Awesome-Exploit,Samba/CVE-2017-7494/src/third_party/zlib/contrib/masmx86/readme.txt,b24e08b7bb59c8a49851285d85951c5895a10f5f,CVE-2017-7494
484265150,Threekiii/Awesome-Exploit,Samba/CVE-2017-7494/src/docs-xml/Samba3-HOWTO/TOSHARG-VFS.xml,b257180f22e584daac376860f913dd1e061aaff6,CVE-2017-7494
484265150,Threekiii/Awesome-Exploit,Samba/CVE-2017-7494/src/source3/rpcclient/cmd_echo.c,b2623bd16083fd44216bce21c74ded1967818c71,CVE-2017-7494
484265150,Threekiii/Awesome-Exploit,Samba/CVE-2017-7494/src/source3/smbd/process.c,b26830862659e644f4e2333d1dcfd9d64102137e,CVE-2017-7494
484265150,Threekiii/Awesome-Exploit,Samba/CVE-2017-7494/src/source4/torture/raw/streams.c,b26c025c2dbbe595bdc25888d7a5d6c9ca5a0b28,CVE-2017-7494
484265150,Threekiii/Awesome-Exploit,Samba/CVE-2017-7494/src/ctdb/tests/eventscripts/statd-callout.001.sh,b2759c70783d01ba3843b3b3b8cede0bb927d988,CVE-2017-7494
484265150,Threekiii/Awesome-Exploit,Samba/CVE-2017-7494/src/wscript_build_system_mitkrb5,b2798afea352953365cc4df4f3bfd908c05cbdf8,CVE-2017-7494
484265150,Threekiii/Awesome-Exploit,Samba/CVE-2017-7494/src/third_party/zlib/contrib/dotzlib/DotZLib/Deflater.cs,b27c5a65bfddce650b167d813a2926c8613ff6b4,CVE-2017-7494
484265150,Threekiii/Awesome-Exploit,Samba/CVE-2017-7494/src/libds/common/flag_mapping.c,b28b130e5bd4332cb1743218da34750adf561a82,CVE-2017-7494
484265150,Threekiii/Awesome-Exploit,Samba/CVE-2017-7494/src/source3/rpc_server/rpc_service_setup.h,b2ae30cae8696e096bcc0af927fd62e874876c69,CVE-2017-7494
484265150,Threekiii/Awesome-Exploit,Samba/CVE-2017-7494/src/python/samba/common.py,b2ba2622f98b13dcd2db87fa2f662a1b4f5bf3ff,CVE-2017-7494
484265150,Threekiii/Awesome-Exploit,Samba/CVE-2017-7494/src/docs-xml/wscript_build,b2d70623b3d78b10e0816fd4cec3d8044a058163,CVE-2017-7494
484265150,Threekiii/Awesome-Exploit,Samba/CVE-2017-7494/src/examples/ad-bench/time_user.sh,b2dd897ef9631f06a820191b5628cdcf8b3090d8,CVE-2017-7494
484265150,Threekiii/Awesome-Exploit,Samba/CVE-2017-7494/src/docs-xml/Samba3-ByExample/images/chap7-net-A.svg,b2e65d2c756be96cd9c30d42c5b72defa30165bc,CVE-2017-7494
484265150,Threekiii/Awesome-Exploit,Samba/CVE-2017-7494/src/source4/kdc/kdc-proxy.c,b2f7978ec5d1ca326a80008051a1624e3546e78c,CVE-2017-7494
484265150,Threekiii/Awesome-Exploit,Samba/CVE-2017-7494/src/ctdb/tests/eventscripts/etc/sysconfig/ctdb,b301e9b54279ded3d3f746f2e94af5d1d7c42583,CVE-2017-7494
484265150,Threekiii/Awesome-Exploit,Samba/CVE-2017-7494/src/source3/services/svc_rcinit.c,b3055b2748a8405a5c31a353beb7b0cb517b94df,CVE-2017-7494
484265150,Threekiii/Awesome-Exploit,Samba/CVE-2017-7494/src/examples/perfcounter/perf_writer_mem.c,b305e0f3602de893572084f7ae12461f1dcbbb6c,CVE-2017-7494
484265150,Threekiii/Awesome-Exploit,Samba/CVE-2017-7494/src/third_party/pep8/testsuite/E10.py,b308ebde3aef3d6a036429abbc0541620172bef7,CVE-2017-7494
484265150,Threekiii/Awesome-Exploit,Samba/CVE-2017-7494/src/selftest/manage-ca/CA-samba.example.com/DCs/localdc.samba.example.com/DC-localdc.samba.example.com-S00-req.pem,b318deb97329dc511a869deb37e211d925dcb3dd,CVE-2017-7494
484265150,Threekiii/Awesome-Exploit,Samba/CVE-2017-7494/src/selftest/manage-ca/CA-samba.example.com/DCs/localdc.samba.example.com/DC-localdc.samba.example.com-S00-req.pem,b318deb97329dc511a869deb37e211d925dcb3dd,VU#617
484265150,Threekiii/Awesome-Exploit,Samba/CVE-2017-7494/src/third_party/zlib/contrib/untgz/Makefile,b31cf680ad6e873da3c897c6b123a5fde4cd5151,CVE-2017-7494
484265150,Threekiii/Awesome-Exploit,Samba/CVE-2017-7494/src/selftest/gdb_run,b321718ebd91fcb66f8067b02a522673864559f8,CVE-2017-7494
484265150,Threekiii/Awesome-Exploit,Samba/CVE-2017-7494/src/docs-xml/smbdotconf/printing/spoolssarchitecture.xml,b326080806e8e6ec9446a0129c93ee3671a5bec6,CVE-2017-7494
484265150,Threekiii/Awesome-Exploit,Samba/CVE-2017-7494/src/ctdb/tests/tool/ctdb.lvs.002.sh,b32e022df912b52d7b5c0de4891f4a35954ce1b7,CVE-2017-7494
484265150,Threekiii/Awesome-Exploit,Samba/CVE-2017-7494/src/docs-xml/smbdotconf/winbind/winbindnssinfo.xml,b3323514ebe639377cbb39328493c4cda070495c,CVE-2017-7494
484265150,Threekiii/Awesome-Exploit,Samba/CVE-2017-7494/src/source4/torture/smb2/setinfo.c,b33d2ad13e3e1e8ae32695f2be20dc63096ddf71,CVE-2017-7494
484265150,Threekiii/Awesome-Exploit,Samba/CVE-2017-7494/src/buildtools/wafsamba/samba_third_party.py,b341e1628db43db818f493020a3af1afde191093,CVE-2017-7494
484265150,Threekiii/Awesome-Exploit,Samba/CVE-2017-7494/src/ctdb/tests/eventscripts/statd-callout.005.sh,b3488d96c5a96069c5b98479d367b8133eaed04b,CVE-2017-7494
484265150,Threekiii/Awesome-Exploit,Samba/CVE-2017-7494/src/ctdb/tests/eventscripts/stubs/iptables,b34cac6fc281d24dfd64d9d849167cb6549c787e,CVE-2017-7494
484265150,Threekiii/Awesome-Exploit,Samba/CVE-2017-7494/src/source4/libnet/libnet_samdump.c,b35074b2b5acdddf7eb837c22b6e731663fb44ce,CVE-2017-7494
484265150,Threekiii/Awesome-Exploit,Samba/CVE-2017-7494/src/source4/torture/drs/python/linked_attributes_drs.py,b3574fb579be196693d5a18ce2d57576b5624e61,CVE-2017-7494
484265150,Threekiii/Awesome-Exploit,Samba/CVE-2017-7494/src/source3/auth/auth_ntlmssp.c,b37bb982857f7e70243c8c85e5dff856d4aed57f,CVE-2017-7494
484265150,Threekiii/Awesome-Exploit,Samba/CVE-2017-7494/src/third_party/dnspython/dns/rdtypes/ANY/NSEC.py,b3817d49d23d2ebeda73020ec6cdb8f7d27294d1,CVE-2017-7494
484265150,Threekiii/Awesome-Exploit,Samba/CVE-2017-7494/src/ctdb/tests/simple/19_ip_takeover_noop.sh,b387d0c118079ec5f0a36dff60547f7c92518bd6,CVE-2017-7494
484265150,Threekiii/Awesome-Exploit,Samba/CVE-2017-7494/src/ctdb/tests/eventscripts/13.per_ip_routing.017.sh,b38d51fa9f250d5fb0866aec49a7e8abd613265c,CVE-2017-7494
484265150,Threekiii/Awesome-Exploit,Samba/CVE-2017-7494/src/ctdb/tests/cunit/comm_test_001.sh,b38d6f55a74b1e22a59c78f9a917954165bd9259,CVE-2017-7494
484265150,Threekiii/Awesome-Exploit,Samba/CVE-2017-7494/src/third_party/zlib/contrib/infback9/README,b3905a8a31f7c61114b5fa6e203682b250e029d6,CVE-2017-7494
484265150,Threekiii/Awesome-Exploit,Samba/CVE-2017-7494/src/source4/torture/raw/seek.c,b394a3ea4d43b121f22d9cdd18110a1a98f5ae35,CVE-2017-7494
484265150,Threekiii/Awesome-Exploit,Samba/CVE-2017-7494/src/selftest/manage-ca/CA-samba.example.com/Users/administrator@addom.samba.example.com/USER-administrator@addom.samba.example.com-S03-key.pem,b3954906f4c8258db276a1cf97a19173d849d83e,CVE-2017-7494
484265150,Threekiii/Awesome-Exploit,Samba/CVE-2017-7494/src/docs-xml/Samba3-HOWTO/TOSHARG-Group-Mapping.xml,b3a2690912ac8e9044883bf60841ce85a7eeb66e,CVE-2017-7494
484265150,Threekiii/Awesome-Exploit,Samba/CVE-2017-7494/src/source4/smb_server/smb/service.c,b3b074cec4c50ba436d1cc68c39b81dbf2dbbb50,CVE-2017-7494
484265150,Threekiii/Awesome-Exploit,Samba/CVE-2017-7494/src/third_party/waf/wafadmin/Tools/nasm.py,b3bd0c833ea5314995ad989dd1b8465058484019,CVE-2017-7494
484265150,Threekiii/Awesome-Exploit,Samba/CVE-2017-7494/src/third_party/popt/README,b3d00de360629172c46199f8467d9cb2902fd337,CVE-2017-7494
484265150,Threekiii/Awesome-Exploit,Samba/CVE-2017-7494/src/third_party/waf/wafadmin/Tools/xlcxx.py,b3d873676d1286e6147d5c23329990322fdaeacb,CVE-2017-7494
484265150,Threekiii/Awesome-Exploit,Samba/CVE-2017-7494/src/auth/gensec/gensec.c,b3e95189145442f032f24f1ccbb107369bea163c,CVE-2017-7494
484265150,Threekiii/Awesome-Exploit,Samba/CVE-2017-7494/src/source4/dsdb/repl/drepl_partitions.c,b3eb9600087e6fec3ef4d495f9ba1395f4e89f26,CVE-2017-7494
484265150,Threekiii/Awesome-Exploit,Samba/CVE-2017-7494/src/packaging/RHEL-CTDB/setup/winbind.init,b3fb30d19308e73747e211fe3e6b43b0e12394c4,CVE-2017-7494
484265150,Threekiii/Awesome-Exploit,Samba/CVE-2017-7494/src/docs-xml/Samba3-HOWTO/images/idmap-uid2sid.svg,b40c69ce818071dc0d2797f72ede82b017c23d1b,CVE-2017-7494
484265150,Threekiii/Awesome-Exploit,Samba/CVE-2017-7494/src/ctdb/server/ctdb_recovery_helper.c,b4501e84767ad215daa62a72beaada503062175d,CVE-2017-7494
484265150,Threekiii/Awesome-Exploit,Samba/CVE-2017-7494/src/source3/utils/net_share.c,b45f6795df73d43843f51c97efc4ef3149378e19,CVE-2017-7494
484265150,Threekiii/Awesome-Exploit,Samba/CVE-2017-7494/src/source4/torture/rap/sam.c,b47fa36aaf3bc10a1c2910d813caa1868cadd2c6,CVE-2017-7494
484265150,Threekiii/Awesome-Exploit,Weblogic/WeblogicScan/app/plugins/CVE-2016-3510.py,b48b75b729267daf04068e9ac1b10af26325908e,CVE-2016-3510
484265150,Threekiii/Awesome-Exploit,Samba/CVE-2017-7494/src/source3/registry/reg_backend_current_version.c,b48b77e16e99a615c60232f0fd431b842c6a3a33,CVE-2017-7494
484265150,Threekiii/Awesome-Exploit,Samba/CVE-2017-7494/src/source3/rpc_server/epmapper/srv_epmapper.h,b4a0e501237b8b84353b190095d02841ad2abea5,CVE-2017-7494
484265150,Threekiii/Awesome-Exploit,Samba/CVE-2017-7494/src/docs-xml/smbdotconf/winbind/idmapconfig.xml,b4a6fda6895a03c058c5bcb52635ae23246cf55a,CVE-2017-7494
484265150,Threekiii/Awesome-Exploit,Samba/CVE-2017-7494/src/source3/rpc_client/cli_winreg_spoolss.h,b4b5addb633084c6957378cb2042c6bb22265a03,CVE-2017-7494
484265150,Threekiii/Awesome-Exploit,Samba/CVE-2017-7494/src/docs/manpages/idmap_tdb.8,b4d4629a6964226df7a47ba754182e7da818a33b,CVE-2017-7494
484265150,Threekiii/Awesome-Exploit,Samba/CVE-2017-7494/src/file_server/file_server.c,b4de1adcc0587e2d95e3ba6c25a84b007c31a06e,CVE-2017-7494
484265150,Threekiii/Awesome-Exploit,Samba/CVE-2017-7494/src/docs-xml/Samba3-HOWTO/TOSHARG-ServerType.xml,b4e6d1b6238f3f1da93e693e75a0543cedd090c6,CVE-2017-7494
484265150,Threekiii/Awesome-Exploit,Samba/CVE-2017-7494/src/packaging/RHEL-CTDB/makerpms.sh,b4ef0c5f61cac447c3d1190cbc2b0413234ea405,CVE-2017-7494
484265150,Threekiii/Awesome-Exploit,Samba/CVE-2017-7494/src/docs-xml/smbdotconf/winbind/winbindenumusers.xml,b4efd4bb9fb938ee38917661eb64c7c69ca70312,CVE-2017-7494
484265150,Threekiii/Awesome-Exploit,Samba/CVE-2017-7494/src/docs-xml/smbdotconf/protocol/ntstatussupport.xml,b4fe57318ce9e267f9d057df797836d682e1ea68,CVE-2017-7494
484265150,Threekiii/Awesome-Exploit,Samba/CVE-2017-7494/src/source3/rpcclient/cmd_dssetup.c,b50b6b01ff924082f3fad15ccc70fe16185307c8,CVE-2017-7494
484265150,Threekiii/Awesome-Exploit,Samba/CVE-2017-7494/src/nsswitch/winbind_nss_netbsd.h,b516fed1eb83724ff3ff49df489cd400cabddf74,CVE-2017-7494
484265150,Threekiii/Awesome-Exploit,Samba/CVE-2017-7494/src/source4/torture/rpc/remact.c,b53ae6bbfb8b75de3842922e91a3121c96a001a0,CVE-2017-7494
484265150,Threekiii/Awesome-Exploit,Samba/CVE-2017-7494/src/source4/smb_server/smb/nttrans.c,b5452d4982f3f8a1c2b34f4299c447c7a8018edf,CVE-2017-7494
484265150,Threekiii/Awesome-Exploit,Samba/CVE-2017-7494/src/ctdb/tests/takeover/lcp2.005.sh,b54da471f1d4d4d39701b8f19b4ec57c5fc44bdf,CVE-2017-7494
484265150,Threekiii/Awesome-Exploit,Samba/CVE-2017-7494/src/ctdb/tests/complex/41_failover_ping_discrete.sh,b55a4a269789eab6eb15c9af68a8b6bdb5cbfa5d,CVE-2017-7494
484265150,Threekiii/Awesome-Exploit,Samba/CVE-2017-7494/src/ctdb/tests/tool/ctdb.natgw.003.sh,b57c7b6ca01cc96123970f750e2a519bbc720092,CVE-2017-7494
484265150,Threekiii/Awesome-Exploit,Samba/CVE-2017-7494/src/source3/winbindd/winbindd_allocate_gid.c,b5822a7eaf2325461e50ffb73b73cf25814d6c11,CVE-2017-7494
484265150,Threekiii/Awesome-Exploit,Weblogic/weblogicScanner/stars/__pycache__/cve_2019_2729.cpython-36.pyc,b58f6d816018502d0d22ce8736b9d4e7eaccc2da,CVE-2019-2729
484265150,Threekiii/Awesome-Exploit,Samba/CVE-2017-7494/src/source3/libsmb/libsmb_cache.c,b5a90c4fbad7a2457ba876c0f3e40713cbb232e2,CVE-2017-7494
484265150,Threekiii/Awesome-Exploit,Samba/CVE-2017-7494/src/source3/utils/net_conf.c,b5aabc6217bb9de49e81f0ad7500f17ac44f4965,CVE-2017-7494
484265150,Threekiii/Awesome-Exploit,Samba/CVE-2017-7494/src/source3/librpc/idl/leases_db.idl,b5b3f291a43d99c655ebeb39d41d9d81807ca5ad,CVE-2017-7494
484265150,Threekiii/Awesome-Exploit,Samba/CVE-2017-7494/src/ctdb/server/ctdb_lock_helper.c,b5ba89eef906b4f1e4c89287ce9d06b99e5fd5e5,CVE-2017-7494
484265150,Threekiii/Awesome-Exploit,Samba/CVE-2017-7494/src/testsuite/nsswitch/bigfd.exp,b5c39b2e0f87cdbffbb3f6bf6e4489ba79fc1e0f,CVE-2017-7494
484265150,Threekiii/Awesome-Exploit,Samba/CVE-2017-7494/src/source4/nbt_server/wins/winsclient.c,b5c55efd1c1067d0ba15483667bd7396c3e58353,CVE-2017-7494
484265150,Threekiii/Awesome-Exploit,Samba/CVE-2017-7494/src/source3/rpc_client/cli_winreg.c,b5cc08e9c6bb3a42eeeba3243830c1b925ccbca7,CVE-2017-7494
484265150,Threekiii/Awesome-Exploit,Samba/CVE-2017-7494/src/source3/libsmb/smb_share_modes.c,b5d0cdaf34503a92115d8045f3f64aa25caa74ae,CVE-2017-7494
484265150,Threekiii/Awesome-Exploit,Weblogic/weblogicScanner/stars/__pycache__/cve_2019_2725.cpython-36.pyc,b5d31885f6c4c39fc338d69c20a998d8cfc11854,CVE-2019-2725
484265150,Threekiii/Awesome-Exploit,Samba/CVE-2017-7494/src/ctdb/tests/simple/23_ctdb_moveip.sh,b5d56aeb05ed0173ca5b5429e63080b9fc03f7d4,CVE-2017-7494
484265150,Threekiii/Awesome-Exploit,Samba/CVE-2017-7494/src/docs-xml/smbdotconf/printing/lpresumecommand.xml,b5e7759145929a442d0b50030027fe0c7b9fdb80,CVE-2017-7494
484265150,Threekiii/Awesome-Exploit,Samba/CVE-2017-7494/src/testprogs/win32/midltests/valid/midltests_union_align_12.txt,b5f3efb1e51934710b3a00a47c35c2a914cd02ba,CVE-2017-7494
484265150,Threekiii/Awesome-Exploit,Samba/CVE-2017-7494/src/ctdb/server/ctdb_cluster_mutex.c,b5fa5ffa0f5d40e00fef660bdb031a55373b7513,CVE-2017-7494
484265150,Threekiii/Awesome-Exploit,Samba/CVE-2017-7494/src/librpc/wscript_build,b5fb5c443ab5a39bfc43328ce3c246086234b176,CVE-2017-7494
484265150,Threekiii/Awesome-Exploit,Samba/CVE-2017-7494/src/source3/utils/net_eventlog.c,b5fd64533df3fc28dca3224ec22154c1bc4af0c1,CVE-2017-7494
484265150,Threekiii/Awesome-Exploit,Samba/CVE-2017-7494/src/examples/printer-accounting/lp-acct,b618fa70379364d6646905a7c904e7c1c9c7e559,CVE-2017-7494
484265150,Threekiii/Awesome-Exploit,Samba/CVE-2017-7494/src/third_party/waf/wafadmin/3rdparty/boost.py,b62ea03e1824243651565d59690b7b7ee66bef4d,CVE-2017-7494
484265150,Threekiii/Awesome-Exploit,Samba/CVE-2017-7494/src/third_party/zlib/algorithm.txt,b632011d1ce81633ffc9fbd9f04bc03d668acfe5,CVE-2017-7494
484265150,Threekiii/Awesome-Exploit,Samba/CVE-2017-7494/src/source4/dsdb/samdb/ldb_modules/password_hash.c,b646d07a06af066004350f483df41ede083fdbaa,CVE-2017-7494
484265150,Threekiii/Awesome-Exploit,Samba/CVE-2017-7494/src/selftest/manage-ca/CA-samba.example.com/Private/CA-samba.example.com-serial.txt,b649682b92a811746098e5c91e891e5142a41950,CVE-2017-7494
484265150,Threekiii/Awesome-Exploit,Samba/CVE-2017-7494/src/source3/libsmb/clisecdesc.c,b667585b190f871e2b684dac8118c4f94d9b4419,CVE-2017-7494
484265150,Threekiii/Awesome-Exploit,Samba/CVE-2017-7494/src/source3/libsmb/auth_generic.c,b668520e891275adf0aa72f8cdc589454687d98f,CVE-2017-7494
484265150,Threekiii/Awesome-Exploit,Samba/CVE-2017-7494/src/source4/ntvfs/print/README,b67cf8b311748ecc8c1bb6146910dd1fb24ffd6c,CVE-2017-7494
484265150,Threekiii/Awesome-Exploit,Samba/CVE-2017-7494/src/source4/ntvfs/posix/wscript_build,b67d81e996f2d0c683e1dc678a3a1ef9ebebc3ab,CVE-2017-7494
484265150,Threekiii/Awesome-Exploit,Samba/CVE-2017-7494/src/ctdb/tests/eventscripts/11.natgw.023.sh,b67eaaacf96154989ce84985b40ba8c3ad494879,CVE-2017-7494
484265150,Threekiii/Awesome-Exploit,Samba/CVE-2017-7494/src/source4/ldap_server/devdocs/rfc4533.txt,b689fe7b132b653febdc9e981870ad1e027ca066,CVE-2017-7494
484265150,Threekiii/Awesome-Exploit,Samba/CVE-2017-7494/src/selftest/manage-ca/CA-samba.example.com/DCs/addc.addom.samba.example.com/DC-addc.addom.samba.example.com-private-key.pem,b693630d34fd6615cd66a48015ea63398872faab,CVE-2017-7494
484265150,Threekiii/Awesome-Exploit,Samba/CVE-2017-7494/src/source3/rpc_server/spoolss/srv_spoolss_nt.h,b6958a6aec6c5899bda52dc318d67ada44f8bfcf,CVE-2017-7494
484265150,Threekiii/Awesome-Exploit,OpenSSH/CVE-2018-15473/username.txt,b6a7838c6fbed2cfcadd249fe475c11946d749d4,CVE-2018-15473
484265150,Threekiii/Awesome-Exploit,Samba/CVE-2017-7494/src/third_party/waf/wafadmin/Tools/compiler_cxx.py,b6ac12ceb0b13c723962a1da47685c35ce5a585c,CVE-2017-7494
484265150,Threekiii/Awesome-Exploit,Samba/CVE-2017-7494/src/source3/rpcclient/rpcclient.h,b6b10a718c185d24175ed9c9fbc8874a0133137d,CVE-2017-7494
484265150,Threekiii/Awesome-Exploit,Samba/CVE-2017-7494/src/ctdb/tests/eventscripts/91.lvs.001.sh,b6c5aa817e92852fc38352e413d42de467e3e2db,CVE-2017-7494
484265150,Threekiii/Awesome-Exploit,Samba/CVE-2017-7494/src/selftest/target/Samba3.pm,b6da95cf7bbf70640fc0568d33a73c6279443e32,CVE-2017-7494
484265150,Threekiii/Awesome-Exploit,Samba/CVE-2017-7494/src/source4/ldap_server/devdocs/rfc2891.txt,b6e0adc13af7794f5c499e3a6962aee5abaa1500,CVE-2017-7494
484265150,Threekiii/Awesome-Exploit,Samba/CVE-2017-7494/src/ctdb/tests/simple/20_delip_iface_gc.sh,b6e3ca524845143fc1090cb94444a8302470577f,CVE-2017-7494
484265150,Threekiii/Awesome-Exploit,Samba/CVE-2017-7494/src/nsswitch/winbind_nss_freebsd.c,b6ed44e6f2ce0c2822d02d34362b3168ded5bc8e,CVE-2017-7494
484265150,Threekiii/Awesome-Exploit,Samba/CVE-2017-7494/src/source3/winbindd/winbindd_ndr.c,b6fee3ddfbdbf5e66155e59a710f5571584e4261,CVE-2017-7494
484265150,Threekiii/Awesome-Exploit,Samba/CVE-2017-7494/src/third_party/waf/wafadmin/Tools/gxx.py,b7148c2787a687a268d8047b6b2706ff2ef133bf,CVE-2017-7494
484265150,Threekiii/Awesome-Exploit,Samba/CVE-2017-7494/src/source3/include/ads.h,b717cf80cecdd13d2fb2f00520d52fd18cb49d53,CVE-2017-7494
484265150,Threekiii/Awesome-Exploit,Samba/CVE-2017-7494/src/source4/torture/rpc/browser.c,b720b58501f071baf2599e088ccfd0007a66f64f,CVE-2017-7494
484265150,Threekiii/Awesome-Exploit,Samba/CVE-2017-7494/src/docs-xml/smbdotconf/misc/usershareallowguests.xml,b720f038ae4698657dd342271daab752abd86676,CVE-2017-7494
484265150,Threekiii/Awesome-Exploit,Samba/CVE-2017-7494/src/source3/rpc_server/rpc_sock_helper.h,b74d64394d2337349f1bb7b1fb67f63c8f20130d,CVE-2017-7494
484265150,Threekiii/Awesome-Exploit,Samba/CVE-2017-7494/src/selftest/run.py,b75eb4497a9ac47903e8bc3b9c8e119291f52fde,CVE-2017-7494
484265150,Threekiii/Awesome-Exploit,Samba/CVE-2017-7494/src/source3/rpc_server/srv_pipe_internal.h,b76126752c43725c83e421811d55e0ff1dfe03c7,CVE-2017-7494
484265150,Threekiii/Awesome-Exploit,Samba/CVE-2017-7494/src/source4/ldap_server/devdocs/rfc4515.txt,b76ca6c2419eb61d96e3270ef2b0ecc9f4f137c3,CVE-2017-7494
484265150,Threekiii/Awesome-Exploit,Samba/CVE-2017-7494/src/source4/smbd/service.c,b7792f766f8b7e6bd5902332681a40ae7b3e2213,CVE-2017-7494
484265150,Threekiii/Awesome-Exploit,Samba/CVE-2017-7494/src/ctdb/tests/eventscripts/60.nfs.multi.002.sh,b78fccb233b56630da08bcf4de1c6cc53de7b399,CVE-2017-7494
484265150,Threekiii/Awesome-Exploit,Samba/CVE-2017-7494/src/auth/credentials/credentials_krb5.c,b7993d3257510b9944efe7afa42a20a0182d2e7e,CVE-2017-7494
484265150,Threekiii/Awesome-Exploit,Samba/CVE-2017-7494/src/source4/torture/nbt/query.c,b79af44be309bdf97a79fba5498ee892d285033c,CVE-2017-7494
484265150,Threekiii/Awesome-Exploit,Samba/CVE-2017-7494/src/docs-xml/manpages/idmap_nss.8.xml,b7abfd4c7bd71b38c6805853b3be7ce6409891eb,CVE-2017-7494
484265150,Threekiii/Awesome-Exploit,Samba/CVE-2017-7494/src/libcli/smb/wscript,b7b53ad0fe5f67a297d07631ce89c0dbf0f3e3e2,CVE-2017-7494
484265150,Threekiii/Awesome-Exploit,Samba/CVE-2017-7494/src/ctdb/tests/src/update_record.c,b7b56d1fd4c3c7d3faac583145aca4e1d7184897,CVE-2017-7494
484265150,Threekiii/Awesome-Exploit,Samba/CVE-2017-7494/src/source3/rpcclient/cmd_samr.c,b7c168a666d33210ab0ba0d239f6e4119a6c2d17,CVE-2017-7494
484265150,Threekiii/Awesome-Exploit,Samba/CVE-2017-7494/src/third_party/dnspython/dns/rdtypes/ANY/CNAME.py,b7cf4ac3dea6d1bc3f4edfd791e6bea8dbf9dc47,CVE-2017-7494
484265150,Threekiii/Awesome-Exploit,Samba/CVE-2017-7494/src/librpc/ndr/ndr_ioctl.c,b7d03d08f12114db1c86f4d92a5495a67e8a034c,CVE-2017-7494
484265150,Threekiii/Awesome-Exploit,Samba/CVE-2017-7494/src/source3/winbindd/wscript_build,b7d303140e68372cc22b9455c3539facd248ccad,CVE-2017-7494
484265150,Threekiii/Awesome-Exploit,Samba/CVE-2017-7494/src/libcli/smb/smb_signing.h,b7dc09dbab0ab2f06de76d6fcc1fb55a2687ba2f,CVE-2017-7494
484265150,Threekiii/Awesome-Exploit,Samba/CVE-2017-7494/src/docs-xml/smbdotconf/ldap/ldapadmindn.xml,b7dc9dcacab5270284bc7a1dbfd8afd3c5caa7e7,CVE-2017-7494
484265150,Threekiii/Awesome-Exploit,Samba/CVE-2017-7494/src/auth/credentials/credentials_internal.h,b7dfa600ff245d02fea3f02980538989684dd29f,CVE-2017-7494
484265150,Threekiii/Awesome-Exploit,Samba/CVE-2017-7494/src/third_party/zlib/contrib/iostream3/test.cc,b81342fb774937c210f5718ad5783f1eed13f7a7,CVE-2017-7494
484265150,Threekiii/Awesome-Exploit,Samba/CVE-2017-7494/src/docs/manpages/vfs_catia.8,b816b2e5c0e51351a38b3a1628415c1762956650,CVE-2017-7494
484265150,Threekiii/Awesome-Exploit,Samba/CVE-2017-7494/src/source3/smbd/error.c,b81a504a30399622d6dddcddce3eda94b413e042,CVE-2017-7494
484265150,Threekiii/Awesome-Exploit,Samba/CVE-2017-7494/src/source3/printing/print_svid.c,b81bec1f9721215a9ad770341391e3dba803ba6e,CVE-2017-7494
484265150,Threekiii/Awesome-Exploit,Samba/CVE-2017-7494/src/docs/manpages/vfs_tsmsm.8,b824555e71ed4819fd723143432a09197b3f9fb6,CVE-2017-7494
484265150,Threekiii/Awesome-Exploit,Samba/CVE-2017-7494/src/source3/smbd/pysmbd.c,b82b7924ca22e63f36f55bcfebe3e9780ef7f9b5,CVE-2017-7494
484265150,Threekiii/Awesome-Exploit,Samba/CVE-2017-7494/src/ctdb/tests/cunit/protocol_test_002.sh,b8319b8391ab89032119f4017be6fc0484071296,CVE-2017-7494
484265150,Threekiii/Awesome-Exploit,Samba/CVE-2017-7494/src/source4/kdc/kdc-glue.h,b834ba467f6c954fb677c0e7a79b59f76599c054,CVE-2017-7494
484265150,Threekiii/Awesome-Exploit,Samba/CVE-2017-7494/src/ctdb/tests/eventscripts/10.interface.monitor.007.sh,b840f9cca09ba98dd087ae0d6ac56abe32fcd228,CVE-2017-7494
484265150,Threekiii/Awesome-Exploit,Samba/CVE-2017-7494/src/python/samba/tests/messaging.py,b8477af9c0df9f17863079994dacd8d453e02233,CVE-2017-7494
484265150,Threekiii/Awesome-Exploit,Samba/CVE-2017-7494/src/examples/validchars/msdos70.out,b85cfb771708531dddb1f81f729a622ec2d78a0d,CVE-2017-7494
484265150,Threekiii/Awesome-Exploit,Samba/CVE-2017-7494/src/source3/libsmb/clioplock.c,b87f6cc3b3efe071a9468b62c081390e5b530d6b,CVE-2017-7494
484265150,Threekiii/Awesome-Exploit,Samba/CVE-2017-7494/src/source3/registry/reg_dispatcher.h,b888be9e6fd93f1419c15d316acc36edf0091bc5,CVE-2017-7494
484265150,Threekiii/Awesome-Exploit,Samba/CVE-2017-7494/src/libcli/auth/schannel_state_tdb.c,b890a39caf029116baf61878e7757f7158d05b28,CVE-2017-7494
484265150,Threekiii/Awesome-Exploit,Samba/CVE-2017-7494/src/source4/setup/provision_privilege.ldif,b89821a6d862c20b4d85a6fc73d42a5c515d3645,CVE-2017-7494
484265150,Threekiii/Awesome-Exploit,Samba/CVE-2017-7494/src/source3/libads/ldap_printer.c,b8a495d4f76860a4715a9afad26772a77ec8f4b2,CVE-2017-7494
484265150,Threekiii/Awesome-Exploit,Drupal/CVE-2018-7600/CVE-2018-7600.py,b8ab469b9333bc121876d9711fd823c4ec4686c0,CVE-2018-7600
484265150,Threekiii/Awesome-Exploit,Samba/CVE-2017-7494/src/source4/libcli/raw/clierror.c,b8ad685e9780bdbe8b67ddf471a818099ec8eaaf,CVE-2017-7494
484265150,Threekiii/Awesome-Exploit,Samba/CVE-2017-7494/src/ctdb/client/client_connect.c,b8b1d2ff44e947dd4f0dcca7a24043bdd134291d,CVE-2017-7494
484265150,Threekiii/Awesome-Exploit,Samba/CVE-2017-7494/src/testprogs/win32/midltests/Makefile.simple,b90b108fc190e98c6f5a89e7bef5b2580e83d944,CVE-2017-7494
484265150,Threekiii/Awesome-Exploit,Samba/CVE-2017-7494/src/source3/libsmb/libsmb_server.c,b9154f12598c48b303b410ec7608264ead50caa9,CVE-2017-7494
484265150,Threekiii/Awesome-Exploit,Samba/CVE-2017-7494/src/source3/nmbd/nmbd_workgroupdb.c,b91f6d248e697d3d128bc3a4b9c09cd38bf15077,CVE-2017-7494
484265150,Threekiii/Awesome-Exploit,Samba/CVE-2017-7494/src/third_party/zlib/contrib/minizip/mztools.h,b924b0992fdc3788f60b0c11ea60d9e987728e9e,CVE-2017-7494
484265150,Threekiii/Awesome-Exploit,Samba/CVE-2017-7494/src/source3/smbd/globals.c,b92948e9c39693a7b4220da539e6287b96933ea5,CVE-2017-7494
484265150,Threekiii/Awesome-Exploit,Samba/CVE-2017-7494/src/source3/winbindd/idmap.c,b92aca6b826b5bd9a4bf33d352984cde5b359842,CVE-2017-7494
484265150,Threekiii/Awesome-Exploit,Samba/CVE-2017-7494/src/source3/utils/net_rpc.c,b9433df437bb9959c489824cff5c52afda131768,CVE-2017-7494
484265150,Threekiii/Awesome-Exploit,Samba/CVE-2017-7494/src/libcli/security/secace.h,b949abae69affb4b71641422fd4ac1111d9d0a3a,CVE-2017-7494
484265150,Threekiii/Awesome-Exploit,Samba/CVE-2017-7494/src/source4/libcli/smb2/smb2_calls.h,b94ecf14ea4168e26b4e14304158a1d04430dbd7,CVE-2017-7494
484265150,Threekiii/Awesome-Exploit,Samba/CVE-2017-7494/src/docs-xml/smbdotconf/protocol/maxwinsttl.xml,b95c552c14e0b93772e3ae309c0a48f8b0d55b7d,CVE-2017-7494
484265150,Threekiii/Awesome-Exploit,Samba/CVE-2017-7494/src/tests/shlib.c,b95cae7bb150131130c2d87fdbe9b651befb9756,CVE-2017-7494
484265150,Threekiii/Awesome-Exploit,Samba/CVE-2017-7494/src/source3/rpc_server/mdssvc/sparql_parser.c,b9724068ba8a8ca12e190cabd82affb90f6ae3d8,CVE-2017-7494
484265150,Threekiii/Awesome-Exploit,Samba/CVE-2017-7494/src/script/autobuild.py,b972d78233d06c31fa08174cf4c6745fbb17af72,CVE-2017-7494
484265150,Threekiii/Awesome-Exploit,Samba/CVE-2017-7494/src/source4/libcli/smb2/keepalive.c,b9acce872b3635a07083dfa107c21fd5e72ec9d1,CVE-2017-7494
484265150,Threekiii/Awesome-Exploit,Weblogic/weblogicScanner/stars/__pycache__/cve_2020_14883.cpython-37.pyc,b9bf1999316bc3a3b3e2dd483f2e22a384a583a0,CVE-2020-14883
484265150,Threekiii/Awesome-Exploit,Samba/CVE-2017-7494/src/docs-xml/manpages/idmap_hash.8.xml,b9bf4c4d6bf8b78b635f35809e6bf39287c7abf5,CVE-2017-7494
484265150,Threekiii/Awesome-Exploit,Samba/CVE-2017-7494/src/testprogs/win32/spoolss/torture_proto.h,b9d429e5446098a3c4d01244fde60bc4d256a4cf,CVE-2017-7494
484265150,Threekiii/Awesome-Exploit,Samba/CVE-2017-7494/src/source4/rpc_server/samr/dcesrv_samr.c,b9f3ff68abd9328fc7869db7e21a949935905da1,CVE-2017-7494
484265150,Threekiii/Awesome-Exploit,Samba/CVE-2017-7494/src/docs/manpages/lmhosts.5,ba1910b0f9239df8a612b24180265cc77607920a,CVE-2017-7494
484265150,Threekiii/Awesome-Exploit,Samba/CVE-2017-7494/src/source3/nmbd/nmbd_mynames.c,ba2432886ec6b61ae349acc574d6422a4af5fe57,CVE-2017-7494
484265150,Threekiii/Awesome-Exploit,Samba/CVE-2017-7494/src/ctdb/server/ctdb_server.c,ba24f8c61df23a66609100c72a99792bc5ca09a0,CVE-2017-7494
484265150,Threekiii/Awesome-Exploit,Samba/CVE-2017-7494/src/examples/nss/wbtest.c,ba272b7e2f4fc4c85dc72ab057fe4aa1ec61f2f8,CVE-2017-7494
484265150,Threekiii/Awesome-Exploit,Samba/CVE-2017-7494/src/docs-xml/smbdotconf/tuning/allocationroundupsize.xml,ba280bb715717e51282f1bd3b86181cf5ffba63e,CVE-2017-7494
484265150,Threekiii/Awesome-Exploit,Samba/CVE-2017-7494/src/source4/heimdal_build/wscript_build,ba2b74e8458bf591e460b019061e452f4da511bb,CVE-2017-7494
484265150,Threekiii/Awesome-Exploit,Samba/CVE-2017-7494/src/docs-xml/smbdotconf/protocol/smb2maxcredits.xml,ba2c3deb81a8f90e7f90d3a69c6d3916383f7a56,CVE-2017-7494
484265150,Threekiii/Awesome-Exploit,Samba/CVE-2017-7494/src/tests/ftruncate.c,ba2dd7d8b4904caa18a6d6c3ed52b11b6380e03b,CVE-2017-7494
484265150,Threekiii/Awesome-Exploit,Samba/CVE-2017-7494/src/buildtools/wafsamba/samba_cross.py,ba303908076a4aff9324ce479a11e4240d033614,CVE-2017-7494
484265150,Threekiii/Awesome-Exploit,Samba/CVE-2017-7494/src/source3/smbd/statcache.c,ba36fdce2ac52163885e0c2e5f29ef49969b5c49,CVE-2017-7494
484265150,Threekiii/Awesome-Exploit,Samba/CVE-2017-7494/src/third_party/dnspython/tests/bugs.py,ba3f832a33a1e5037ee7d82a8f4032d9a9e3e665,CVE-2017-7494
484265150,Threekiii/Awesome-Exploit,Samba/CVE-2017-7494/src/ctdb/tests/takeover/nondet.001.sh,ba42a55ddcae04ce5695fc0293950bc8537d8074,CVE-2017-7494
484265150,Threekiii/Awesome-Exploit,Samba/CVE-2017-7494/src/packaging/systemd/samba.conf.tmp,ba46e4c7cb6ef0aeb5f25657d94c30a0ef4815f7,CVE-2017-7494
484265150,Threekiii/Awesome-Exploit,Samba/CVE-2017-7494/src/third_party/zlib/inftrees.h,ba516af840537e244010cd8fc50150475aca5349,CVE-2017-7494
484265150,Threekiii/Awesome-Exploit,Samba/CVE-2017-7494/src/docs-xml/Samba3-Developers-Guide/parsing.xml,ba5af82c8e240f665140c891ff9f9c9a9b9f735f,CVE-2017-7494
484265150,Threekiii/Awesome-Exploit,Samba/CVE-2017-7494/src/librpc/idl/mgmt.idl,ba6822b220e524d1b3bfc014ea652e783bbf8952,CVE-2017-7494
484265150,Threekiii/Awesome-Exploit,Samba/CVE-2017-7494/src/source4/libcli/smb_composite/appendacl.c,ba71baaadf70cd71e733c42c5ac52a0dac09e235,CVE-2017-7494
484265150,Threekiii/Awesome-Exploit,Samba/CVE-2017-7494/src/ctdb/tests/tool/ctdb.enablemonitor.001.sh,ba74792e669fddda249e9e020203f4daafefe0e7,CVE-2017-7494
484265150,Threekiii/Awesome-Exploit,Samba/CVE-2017-7494/src/libcli/nbt/namerefresh.c,ba80ed4321c414e5924e344a9bd26ae091169646,CVE-2017-7494
484265150,Threekiii/Awesome-Exploit,Samba/CVE-2017-7494/src/source3/utils/net_dns.c,ba895274efb986206c76bf2dce398cc90eb3ae45,CVE-2017-7494
484265150,Threekiii/Awesome-Exploit,Samba/CVE-2017-7494/src/examples/libsmbclient/teststatvfs.c,ba9c9d8fffb267473103269566ae52f84725f3f2,CVE-2017-7494
484265150,Threekiii/Awesome-Exploit,Samba/CVE-2017-7494/src/source3/registry/reg_format.c,baa49bc90044af74aabb52ea946216adc9749927,CVE-2017-7494
484265150,Threekiii/Awesome-Exploit,Samba/CVE-2017-7494/src/source4/torture/drs/unit/schemainfo_tests.c,baabdecf79cb6bbe5c339761d406f42ccd010505,CVE-2017-7494
484265150,Threekiii/Awesome-Exploit,Samba/CVE-2017-7494/src/third_party/waf/wafadmin/Tools/dbus.py,bab688a3ce77240540ad790f66fb0f7d0fe9c0a6,CVE-2017-7494
484265150,Threekiii/Awesome-Exploit,Samba/CVE-2017-7494/src/libcli/netlogon/netlogon_proto.h,babe676a6ec0e381478acd441d28a67a5348a323,CVE-2017-7494
484265150,Threekiii/Awesome-Exploit,Samba/CVE-2017-7494/src/source3/registry/reg_cachehook.c,bac12ac0462dd4c1010ac6f312779a237d44b3d1,CVE-2017-7494
484265150,Threekiii/Awesome-Exploit,Samba/CVE-2017-7494/src/ctdb/tests/src/cluster_wait.h,bac1cc4f3b78344c910f0a08c002eff25c61cf82,CVE-2017-7494
484265150,Threekiii/Awesome-Exploit,Samba/CVE-2017-7494/src/source3/rpc_server/eventlog/srv_eventlog_nt.c,bad5a3da449cf1ce723ccd0ebdb51334efeb8133,CVE-2017-7494
484265150,Threekiii/Awesome-Exploit,Weblogic/WeblogicScan/app/plugins/__init__.py,bae2c3e12fd5c7a99775ffaa31898ebc20cfe640,CVE-2019-2725
484265150,Threekiii/Awesome-Exploit,Weblogic/WeblogicScan/app/plugins/__init__.py,bae2c3e12fd5c7a99775ffaa31898ebc20cfe640,CVE-2017-3506
484265150,Threekiii/Awesome-Exploit,Weblogic/WeblogicScan/app/plugins/__init__.py,bae2c3e12fd5c7a99775ffaa31898ebc20cfe640,CVE-2018-2894
484265150,Threekiii/Awesome-Exploit,Weblogic/WeblogicScan/app/plugins/__init__.py,bae2c3e12fd5c7a99775ffaa31898ebc20cfe640,CVE-2019-2618
484265150,Threekiii/Awesome-Exploit,Weblogic/WeblogicScan/app/plugins/__init__.py,bae2c3e12fd5c7a99775ffaa31898ebc20cfe640,CVE-2018-2628
484265150,Threekiii/Awesome-Exploit,Weblogic/WeblogicScan/app/plugins/__init__.py,bae2c3e12fd5c7a99775ffaa31898ebc20cfe640,CVE-2016-0638
484265150,Threekiii/Awesome-Exploit,Weblogic/WeblogicScan/app/plugins/__init__.py,bae2c3e12fd5c7a99775ffaa31898ebc20cfe640,CVE-2014-4210
484265150,Threekiii/Awesome-Exploit,Weblogic/WeblogicScan/app/plugins/__init__.py,bae2c3e12fd5c7a99775ffaa31898ebc20cfe640,CVE-2019-2729
484265150,Threekiii/Awesome-Exploit,Weblogic/WeblogicScan/app/plugins/__init__.py,bae2c3e12fd5c7a99775ffaa31898ebc20cfe640,CVE-2017-3248
484265150,Threekiii/Awesome-Exploit,Weblogic/WeblogicScan/app/plugins/__init__.py,bae2c3e12fd5c7a99775ffaa31898ebc20cfe640,CVE-2017-10271
484265150,Threekiii/Awesome-Exploit,Weblogic/WeblogicScan/app/plugins/__init__.py,bae2c3e12fd5c7a99775ffaa31898ebc20cfe640,CVE-2018-2893
484265150,Threekiii/Awesome-Exploit,Weblogic/WeblogicScan/app/plugins/__init__.py,bae2c3e12fd5c7a99775ffaa31898ebc20cfe640,CVE-2016-3510
484265150,Threekiii/Awesome-Exploit,Samba/CVE-2017-7494/src/ctdb/tests/eventscripts/05.system.monitor.003.sh,baf698bf8255668a828617ee9de5a67c6d8d72fc,CVE-2017-7494
484265150,Threekiii/Awesome-Exploit,Samba/CVE-2017-7494/src/testsuite/smbd/se_access_check.exp,bb07a33752e068c10e630d3ede64a49e8bc81285,CVE-2017-7494
484265150,Threekiii/Awesome-Exploit,Samba/CVE-2017-7494/src/VERSION,bb0fc0d31304b913d0b90b5c69f2422b27ff6c20,CVE-2017-7494
484265150,Threekiii/Awesome-Exploit,Samba/CVE-2017-7494/src/source4/scripting/devel/chgkrbtgtpass,bb1ae3ed63957ed16986f0d2a50927c128314c0a,CVE-2017-7494
484265150,Threekiii/Awesome-Exploit,Samba/CVE-2017-7494/src/python/samba/tests/subunitrun.py,bb1bd32b66fecf5b71c3b3961ae32866716f0604,CVE-2017-7494
484265150,Threekiii/Awesome-Exploit,Samba/CVE-2017-7494/src/testsuite/build_farm/torture-LOCK3.test,bb238bdc19c3e7e8cc3e0533f4ac73a42a6b48e1,CVE-2017-7494
484265150,Threekiii/Awesome-Exploit,Samba/CVE-2017-7494/src/source3/modules/vfs_offline.c,bb32bad560dad2d9f1326083ff1d56bee3f4dab8,CVE-2017-7494
484265150,Threekiii/Awesome-Exploit,Samba/CVE-2017-7494/src/ctdb/server/ipalloc_lcp2.c,bb3809ce6f4ad7228a8cd79e7b7e6d17fb13bd47,CVE-2017-7494
484265150,Threekiii/Awesome-Exploit,Samba/CVE-2017-7494/src/source4/setup/provision_partitions.ldif,bb41969af35095e34088f13ca5a80bf9a17182d6,CVE-2017-7494
484265150,Threekiii/Awesome-Exploit,Samba/CVE-2017-7494/src/ctdb/tests/complex/32_cifs_tickle.sh,bb450a5399493e0c28d8c1ccf445be2c593d3977,CVE-2017-7494
484265150,Threekiii/Awesome-Exploit,Samba/CVE-2017-7494/src/source4/dsdb/schema/schema_set.c,bb6452628ce7e97a1ad60738d5a3b7ec807ba35a,CVE-2017-7494
484265150,Threekiii/Awesome-Exploit,Samba/CVE-2017-7494/src/docs-xml/smbdotconf/protocol/smb2maxtrans.xml,bb6d04f1524ee3120825e5c0a693ae54b494618c,CVE-2017-7494
484265150,Threekiii/Awesome-Exploit,Samba/CVE-2017-7494/src/ctdb/config/debug_locks.sh,bb743a892d7abd001a6538fe1118746a80cd7ec5,CVE-2017-7494
484265150,Threekiii/Awesome-Exploit,Samba/CVE-2017-7494/src/source4/nbt_server/wins/winsdb.c,bb7ccb9eb101a8c4a7807ece14311620db18b34c,CVE-2017-7494
484265150,Threekiii/Awesome-Exploit,Samba/CVE-2017-7494/src/selftest/tests/test_run.py,bba6df90777da53c0ba5213c64e4ead83aa63f7a,CVE-2017-7494
484265150,Threekiii/Awesome-Exploit,Samba/CVE-2017-7494/src/third_party/zlib/contrib/dotzlib/DotZLib/CircularBuffer.cs,bbabe2b7083fa979426433f6df005896d3c45f4b,CVE-2017-7494
484265150,Threekiii/Awesome-Exploit,Samba/CVE-2017-7494/src/source4/libcli/raw/smb.h,bbb4f91d2e657275ead454d537cbfad50e21dcd3,CVE-2017-7494
484265150,Threekiii/Awesome-Exploit,Samba/CVE-2017-7494/src/third_party/zlib/as400/readme.txt,bbba1adb151d3d80d60547ac1f77af02c031c294,CVE-2017-7494
484265150,Threekiii/Awesome-Exploit,Samba/CVE-2017-7494/src/source4/dsdb/samdb/ldb_modules/ridalloc.c,bbc225cd87ecb801c48c077aca6fd32d8a89b05d,CVE-2017-7494
484265150,Threekiii/Awesome-Exploit,Samba/CVE-2017-7494/src/source3/rpc_client/cli_netlogon.h,bbe1a28aa0313364bc716665c179d6502ec03050,CVE-2017-7494
484265150,Threekiii/Awesome-Exploit,Samba/CVE-2017-7494/src/ctdb/tests/eventscripts/91.lvs.ipreallocated.011.sh,bbe32125dae81abbf9f0eec76194ca29e86cd856,CVE-2017-7494
484265150,Threekiii/Awesome-Exploit,Samba/CVE-2017-7494/src/docs-xml/smbdotconf/misc/defaultservice.xml,bbead07022fc0ad5413d54b17595f4edae5e2ba2,CVE-2017-7494
484265150,Threekiii/Awesome-Exploit,Samba/CVE-2017-7494/src/testsuite/nsswitch/getent_pwent.c,bc017b5e3987f6ef51225a19eca1e7f39ec7e666,CVE-2017-7494
484265150,Threekiii/Awesome-Exploit,Samba/CVE-2017-7494/src/docs-xml/manpages/cifsdd.8.xml,bc12adff132c6f233014dc82cf31b89ca73589a5,CVE-2017-7494
484265150,Threekiii/Awesome-Exploit,Samba/CVE-2017-7494/src/ctdb/tests/takeover/lcp2.010.sh,bc14bb701ef91ad627fc85d3f9027324f055bb92,CVE-2017-7494
484265150,Threekiii/Awesome-Exploit,Samba/CVE-2017-7494/src/selftest/tests.py,bc1e9be6a5b993b71016bb57201624afb1bccb8e,CVE-2017-7494
484265150,Threekiii/Awesome-Exploit,Samba/CVE-2017-7494/src/source3/script/wscript_build,bc340c80acec9076e81c6bbf19e64626a59471b2,CVE-2017-7494
484265150,Threekiii/Awesome-Exploit,Samba/CVE-2017-7494/src/testprogs/win32/midltests/todo/midltests-pipe-sync-ndr32-downgrade-02.idl,bc3af857ab78a8e9d3f5c49e1598af7d09133156,CVE-2017-7494
484265150,Threekiii/Awesome-Exploit,Weblogic/weblogicScanner/stars/__pycache__/cve_2018_3252.cpython-36.pyc,bc4921948457dd10342f7b65d8eeda2ae9a52722,CVE-2018-3252
484265150,Threekiii/Awesome-Exploit,Samba/CVE-2017-7494/src/source3/locale/pam_winbind/pl.po,bc66950fe47f827af9aa94f2d6012f8230778d86,CVE-2017-7494
484265150,Threekiii/Awesome-Exploit,Samba/CVE-2017-7494/src/ctdb/tests/onnode/0006.sh,bc82797994b302c673191152c391f14bedca1931,CVE-2017-7494
484265150,Threekiii/Awesome-Exploit,Samba/CVE-2017-7494/src/third_party/waf/wafadmin/Tools/winres.py,bc8538d75ff993d3febdc6d35c146768e68b12e5,CVE-2017-7494
484265150,Threekiii/Awesome-Exploit,Samba/CVE-2017-7494/src/docs-xml/smbdotconf/security/passdbbackend.xml,bc85d94061577a45a2189cbf3d2197e623b7e0ac,CVE-2017-7494
484265150,Threekiii/Awesome-Exploit,Samba/CVE-2017-7494/src/testprogs/win32/spoolss/NMakefile,bc8963161f22d965b3f755f8e56c1d46172f1310,CVE-2017-7494
484265150,Threekiii/Awesome-Exploit,Samba/CVE-2017-7494/src/source4/dsdb/tests/python/acl.py,bc97faa2a91db7257cb4d2292afecfdeb45f929d,CVE-2017-7494
484265150,Threekiii/Awesome-Exploit,Samba/CVE-2017-7494/src/third_party/zlib/as400/zlib.inc,bc9c75cf0c33f7a5c593fa7949c6788524b025b5,CVE-2017-7494
484265150,Threekiii/Awesome-Exploit,Samba/CVE-2017-7494/src/source4/librpc/rpc/pyrpc.h,bc9df1d4d17bff2bf89afcb11dcdff2c40e8e655,CVE-2017-7494
484265150,Threekiii/Awesome-Exploit,Samba/CVE-2017-7494/src/packaging/RHEL-CTDB/setup/filter-requires-samba.sh,bc9ef8f72e1d0dfbeab16f9b403bf07974f2e84c,CVE-2017-7494
484265150,Threekiii/Awesome-Exploit,Samba/CVE-2017-7494/src/docs-xml/smbdotconf/filename/preservecase.xml,bcb3cb20010008c3bb918b3a590c8dac8cb68278,CVE-2017-7494
484265150,Threekiii/Awesome-Exploit,Samba/CVE-2017-7494/src/ctdb/tests/src/transaction_loop.c,bcc403518d38f6bee6c9ac4730825fc3d982df6a,CVE-2017-7494
484265150,Threekiii/Awesome-Exploit,Samba/CVE-2017-7494/src/source4/torture/local/fsrvp_state.c,bcd25a2f3c1751e26eebb1f6dd90f86c37994c55,CVE-2017-7494
484265150,Threekiii/Awesome-Exploit,Samba/CVE-2017-7494/src/packaging/Example/samba.init,bd003f2789ef5284ab6be85ef41ccd2c443aba54,CVE-2017-7494
484265150,Threekiii/Awesome-Exploit,Samba/CVE-2017-7494/src/third_party/zlib/examples/gzlog.h,bd0eb918d5d79ba60a35ad5e78669e61f637cac6,CVE-2017-7494
484265150,Threekiii/Awesome-Exploit,Samba/CVE-2017-7494/src/pidl/tests/ndr_refptr.pl,bd0f430b673154ff1e3be58e29ca5f0bdc2b70a0,CVE-2017-7494
484265150,Threekiii/Awesome-Exploit,Samba/CVE-2017-7494/src/third_party/zlib/contrib/blast/blast.h,bd14c3901040dafbee7b75f54d565fda936b0626,CVE-2017-7494
484265150,Threekiii/Awesome-Exploit,Samba/CVE-2017-7494/src/third_party/zlib/contrib/minizip/unzip.h,bd1cddbeaa0c08323f96fd7f4b29b53b74e5e4e9,CVE-2017-7494
484265150,Threekiii/Awesome-Exploit,Drupal/CVE-2019-6341/CVE-2019-6341.php,bd40fc26abed1f499e63ac4036679cbd42c79d79,ZDI-19-291
484265150,Threekiii/Awesome-Exploit,Drupal/CVE-2019-6341/CVE-2019-6341.php,bd40fc26abed1f499e63ac4036679cbd42c79d79,CVE-2019-6341
484265150,Threekiii/Awesome-Exploit,Samba/CVE-2017-7494/src/docs-xml/smbdotconf/security/allowtrusteddomains.xml,bd458252bc3d1b99c57737edfe72e684fc199a83,CVE-2017-7494
484265150,Threekiii/Awesome-Exploit,Samba/CVE-2017-7494/src/examples/tridge/smb.conf.lapland,bd5a20a9c20b85007c0ee62f665ac05f67e5ecb8,CVE-2017-7494
484265150,Threekiii/Awesome-Exploit,Samba/CVE-2017-7494/src/ctdb/tests/eventscripts/etc/samba/smb.conf,bd5b67892403d428ef7437eaa79a65e90fdd0678,CVE-2017-7494
484265150,Threekiii/Awesome-Exploit,Samba/CVE-2017-7494/src/ctdb/tests/eventscripts/11.natgw.024.sh,bd5b6fd9c4b023a8f48a7fc019a44f7538689fce,CVE-2017-7494
484265150,Threekiii/Awesome-Exploit,Samba/CVE-2017-7494/src/source4/auth/auth.h,bd71491e6843e7788408c05736d636cc9b96612c,CVE-2017-7494
484265150,Threekiii/Awesome-Exploit,OpenSMTPD/CVE-2020-7247/CVE-2020-7247.py,bd7be16a44f93147dd2142cee5ced9eb0fe4615e,CVE-2020-7247
484265150,Threekiii/Awesome-Exploit,Samba/CVE-2017-7494/src/examples/ad-bench/README,bd7cefecc7a9084cabc88ae52ce92c5e4353e498,CVE-2017-7494
484265150,Threekiii/Awesome-Exploit,Samba/CVE-2017-7494/src/docs-xml/smbdotconf/logging/logging.xml,bd81940b248f6539b4d0cbf9fa34adfa6b97bbd3,CVE-2017-7494
484265150,Threekiii/Awesome-Exploit,Samba/CVE-2017-7494/src/examples/misc/adssearch.pl,bd8201ce1cf689c2a644c9a951f079f2c1ea3c3e,CVE-2017-7494
484265150,Threekiii/Awesome-Exploit,Samba/CVE-2017-7494/src/source3/smbd/open.c,bd879ee3f1be8900d78c4890019feb488886ecd7,CVE-2017-7494
484265150,Threekiii/Awesome-Exploit,Samba/CVE-2017-7494/src/docs-xml/smbdotconf/tuning/aiomaxthreads.xml,bd97dbcd4c7af3398c20aa2bd3bf54d9f8cc0397,CVE-2017-7494
484265150,Threekiii/Awesome-Exploit,Samba/CVE-2017-7494/src/source4/smb_server/smb2/negprot.c,bd990d4887373577908263687316e78602fcb029,CVE-2017-7494
484265150,Threekiii/Awesome-Exploit,Samba/CVE-2017-7494/src/libcli/security/secacl.c,bda5c050a693551d84b353819324d6e97bffc013,CVE-2017-7494
484265150,Threekiii/Awesome-Exploit,Samba/CVE-2017-7494/src/source3/utils/net_file.c,bdba2241959c811168b9a7703627e326a437b753,CVE-2017-7494
484265150,Threekiii/Awesome-Exploit,Samba/CVE-2017-7494/src/buildtools/wafsamba/tests/test_utils.py,bdbc66c67bc14aefc0971adf3af5e2487ab9d71e,CVE-2017-7494
484265150,Threekiii/Awesome-Exploit,Samba/CVE-2017-7494/src/source4/auth/ntlm/auth_util.c,bdc681f1cab8dd5d3b9d621cdf3deae4970a39ca,CVE-2017-7494
484265150,Threekiii/Awesome-Exploit,Samba/CVE-2017-7494/src/docs/manpages/smb.conf.5,bdd4a790d2648c528f278267ea7aecf3b0d69457,CVE-2017-7494
484265150,Threekiii/Awesome-Exploit,Samba/CVE-2017-7494/src/docs-xml/smbdotconf/protocol/clientipcmaxprotocol.xml,bdede395948d763bf75eee8a1b7ee580b7f41e53,CVE-2017-7494
484265150,Threekiii/Awesome-Exploit,Samba/CVE-2017-7494/src/docs-xml/xslt/latex/samba.xsl,be09a2c4a7e7ae27567d7fbb0f1d24cf4c5d069d,CVE-2017-7494
484265150,Threekiii/Awesome-Exploit,Samba/CVE-2017-7494/src/docs-xml/smbdotconf/protocol/rpcbigendian.xml,be0c821b6c59f2d6c4483058067cdd999f162e5d,CVE-2017-7494
484265150,Threekiii/Awesome-Exploit,Samba/CVE-2017-7494/src/source3/script/tests/test_dfree_command.sh,be109247f52ba183a13d32d337cdab3e3f6d391e,CVE-2017-7494
484265150,Threekiii/Awesome-Exploit,Samba/CVE-2017-7494/src/source4/smb_server/smb2/fileinfo.c,be1e9602bc0e623e8ca09a2d096a05cb57986a3a,CVE-2017-7494
484265150,Threekiii/Awesome-Exploit,Samba/CVE-2017-7494/src/python/samba/netcmd/__init__.py,be2527f0c2a7dbbd8909eac5fae69c4ea8e42e1e,CVE-2017-7494
484265150,Threekiii/Awesome-Exploit,Samba/CVE-2017-7494/src/wintest/conf/bbaumbach.conf,be3699485ea70367d667f20e0f77ac9715f007c7,CVE-2017-7494
484265150,Threekiii/Awesome-Exploit,Samba/CVE-2017-7494/src/nsswitch/wbinfo.c,be3c80429d44b83bbe68a1eacce69eba9322e3a1,CVE-2017-7494
484265150,Threekiii/Awesome-Exploit,Samba/CVE-2017-7494/src/libcli/smbreadline/wscript_build,be47d93be23173ee01c9711fea4dd2b0f266aa53,CVE-2017-7494
484265150,Threekiii/Awesome-Exploit,Samba/CVE-2017-7494/src/source4/setup/fedorads-samba.ldif,be4ba717731ff511b9f98be34577c169c1679019,CVE-2017-7494
484265150,Threekiii/Awesome-Exploit,Samba/CVE-2017-7494/src/source4/torture/raw/eas.c,be55270556ea67addb1abc46f4dc155e54a4a61d,CVE-2017-7494
484265150,Threekiii/Awesome-Exploit,Samba/CVE-2017-7494/src/third_party/dnspython/dns/set.py,be6631d2a3fd99afc3e5279209bcc5845f7ad0b0,CVE-2017-7494
484265150,Threekiii/Awesome-Exploit,Samba/CVE-2017-7494/src/source3/script/strip_trail_ws.pl,be6b5fde2543ee9499d2aa10895d62e157586651,CVE-2017-7494
484265150,Threekiii/Awesome-Exploit,Samba/CVE-2017-7494/src/ctdb/tests/eventscripts/60.nfs.monitor.111.sh,be78900b64255c84b03169f200b1361168f7d404,CVE-2017-7494
484265150,Threekiii/Awesome-Exploit,Samba/CVE-2017-7494/src/source4/libcli/rap/rap.c,be804c6df8b870143322f18e4cdc3dfb16356174,CVE-2017-7494
484265150,Threekiii/Awesome-Exploit,Samba/CVE-2017-7494/src/docs-xml/smbdotconf/security/guestonly.xml,be83c95f6bc639c489b9adff4dc13531c30d9279,CVE-2017-7494
484265150,Threekiii/Awesome-Exploit,Samba/CVE-2017-7494/src/buildtools/wafsamba/symbols.py,be8b35e850611706b0d8ad4b2c15bb8c611e0b4a,CVE-2017-7494
484265150,Threekiii/Awesome-Exploit,Samba/CVE-2017-7494/src/ctdb/tests/eventscripts/91.lvs.shutdown.002.sh,be8c0204daba8a54077df186c6c98dc865c71662,CVE-2017-7494
484265150,Threekiii/Awesome-Exploit,Samba/CVE-2017-7494/src/ctdb/tests/simple/70_recoverpdbbyseqnum.sh,bea297c5775b665aa94ed08d2b555083dc265657,CVE-2017-7494
484265150,Threekiii/Awesome-Exploit,Samba/CVE-2017-7494/src/testsuite/nsswitch/getgrnam.exp,bea4c74c42e6607846b285fa2689c2f9848a1954,CVE-2017-7494
484265150,Threekiii/Awesome-Exploit,Samba/CVE-2017-7494/src/testsuite/build_farm/basicsmb-preexec.test,bea6c92da70a22e3f9f0fd2dd9c96b18414f7562,CVE-2017-7494
484265150,Threekiii/Awesome-Exploit,Samba/CVE-2017-7494/src/source3/utils/net_rpc_sh_acct.c,beb20196b41e49bc14e3b622d3ecbbdcff7ef18f,CVE-2017-7494
484265150,Threekiii/Awesome-Exploit,Samba/CVE-2017-7494/src/docs-xml/smbdotconf/domain/rndccommand.xml,bec679dfa3b1494a2ec06247e904426a699069fa,CVE-2017-7494
484265150,Threekiii/Awesome-Exploit,Samba/CVE-2017-7494/src/source3/nmbd/nmbd.h,bec88fb78a3fa34a6992f6bb99cc6e9c1e12065e,CVE-2017-7494
484265150,Threekiii/Awesome-Exploit,Samba/CVE-2017-7494/src/third_party/pep8/testsuite/python3.py,becb8bb8bb9ac6685d8e316d154b5758a23c7522,CVE-2017-7494
484265150,Threekiii/Awesome-Exploit,Samba/CVE-2017-7494/src/source3/librpc/rpc/dcerpc_helpers.c,bed84d35e8eef73e8dabcd539e959549fc822d6a,CVE-2017-7494
484265150,Threekiii/Awesome-Exploit,Samba/CVE-2017-7494/src/libcli/named_pipe_auth/wscript_build,bee4dd8afbee3e79cd47093e63309875fb63371e,CVE-2017-7494
484265150,Threekiii/Awesome-Exploit,Samba/CVE-2017-7494/src/ctdb/client/client_message_sync.c,beeb7be70e7e8949cb6e2e3151825df672fe15ac,CVE-2017-7494
484265150,Threekiii/Awesome-Exploit,Samba/CVE-2017-7494/src/source3/winbindd/wb_query_user_list.c,beec090c759e7556f632776e95a53fccb0576d20,CVE-2017-7494
484265150,Threekiii/Awesome-Exploit,Samba/CVE-2017-7494/src/source3/modules/vfs_fake_perms.c,bef009528adac7bc37de2f2355a2c4680720e9d8,CVE-2017-7494
484265150,Threekiii/Awesome-Exploit,Samba/CVE-2017-7494/src/third_party/waf/wafadmin/Logs.py,bef1e5e1c0d52341067ee6f83a4239ef9710b9d4,CVE-2017-7494
484265150,Threekiii/Awesome-Exploit,Samba/CVE-2017-7494/src/librpc/ndr/ndr_string.c,bef798a579f921e999e017e693c9472863ea6da4,CVE-2017-7494
484265150,Threekiii/Awesome-Exploit,Samba/CVE-2017-7494/src/buildtools/wafsamba/README,befcc8d5ba9b56ee7b5f3795d6ab4e6112c1789e,CVE-2017-7494
484265150,Threekiii/Awesome-Exploit,Samba/CVE-2017-7494/src/source4/auth/gensec/gensec_tstream.c,bf08d200fe1c3f5fdc6128a8c64d298eadfe041b,CVE-2017-7494
484265150,Threekiii/Awesome-Exploit,Samba/CVE-2017-7494/src/libcli/auth/ntlm_check.c,bf20300a82d7bf916c2e3c3a651ce20995571afa,CVE-2017-7494
484265150,Threekiii/Awesome-Exploit,Samba/CVE-2017-7494/src/source4/torture/rpc/rpc.c,bf240db9e4178f96e9b5157c372c506790b419fc,CVE-2017-7494
484265150,Threekiii/Awesome-Exploit,Samba/CVE-2017-7494/src/source4/torture/krb5/kdc-mit.c,bf294bded2c802213c5a1dca68325a6e21c43538,CVE-2017-7494
484265150,Threekiii/Awesome-Exploit,Samba/CVE-2017-7494/src/source4/torture/nbt/register.c,bf35edc1d4d6d05c7b41ec77554a4b4184bf8c57,CVE-2017-7494
484265150,Threekiii/Awesome-Exploit,Samba/CVE-2017-7494/src/ctdb/tests/src/protocol_client_test.c,bf3d36aca119a434ae17692368277009545584d8,CVE-2017-7494
484265150,Threekiii/Awesome-Exploit,Samba/CVE-2017-7494/src/libcli/cldap/wscript_build,bf3d884b80d0d019860b27d2f38dcdf97bea7fec,CVE-2017-7494
484265150,Threekiii/Awesome-Exploit,Samba/CVE-2017-7494/src/docs-xml/smbdotconf/logging/debugpid.xml,bf408ce2e81b190f0c45a46e0e49eec870b226ee,CVE-2017-7494
484265150,Threekiii/Awesome-Exploit,Samba/CVE-2017-7494/src/source4/setup/tests/blackbox_provision.sh,bf5313829ab6018d6d460918b0ed7ed4fded91ac,CVE-2017-7494
484265150,Threekiii/Awesome-Exploit,Samba/CVE-2017-7494/src/source4/torture/basic/aliases.c,bf56cf93de5b98687ce40aa770f2501097ee94ba,CVE-2017-7494
484265150,Threekiii/Awesome-Exploit,Samba/CVE-2017-7494/src/source4/dsdb/samdb/ldb_modules/dsdb_notification.c,bf68dda72581c0d9222ea54c4b461abf692cf635,CVE-2017-7494
484265150,Threekiii/Awesome-Exploit,Samba/CVE-2017-7494/src/docs-xml/smbdotconf/domain/allowdnsupdates.xml,bf73eb7a458dac56d1c443f1615bc770ba4eaa18,CVE-2017-7494
484265150,Threekiii/Awesome-Exploit,Samba/CVE-2017-7494/src/source3/passdb/pdb_smbpasswd.h,bf74f304f56186a156ab3ff31ee28fd887d6281f,CVE-2017-7494
484265150,Threekiii/Awesome-Exploit,Samba/CVE-2017-7494/src/third_party/pep8/docs/conf.py,bf84a53cbe144fcdc0a38622c45aa1d1a4df5082,CVE-2017-7494
484265150,Threekiii/Awesome-Exploit,Samba/CVE-2017-7494/src/docs-xml/htmldocs.html,bf937b5e57b415ea2fbbea0629d09ae950c7be00,CVE-2017-7494
484265150,Threekiii/Awesome-Exploit,Weblogic/weblogicScanner/stars/__pycache__/cve_2018_2894.cpython-36.pyc,bfbf25bcced41ba53821b09f3239ffbe6642a360,CVE-2018-2894
484265150,Threekiii/Awesome-Exploit,Samba/CVE-2017-7494/src/source3/modules/vfs_crossrename.c,bfd0f4277463b6576fccdf40e61eb6607fdb4693,CVE-2017-7494
484265150,Threekiii/Awesome-Exploit,Samba/CVE-2017-7494/src/source4/torture/rpc/backupkey_heimdal.c,bfe695d97c7e5cbc16ff45d31f2c8d358bb8237e,CVE-2017-7494
484265150,Threekiii/Awesome-Exploit,Samba/CVE-2017-7494/src/docs-xml/Samba3-ByExample/images/chap7-idresol.svg,bff43217b2fecaf8342517d11befd9622400d162,CVE-2017-7494
484265150,Threekiii/Awesome-Exploit,Samba/CVE-2017-7494/src/source3/rpc_server/netlogon/srv_netlog_nt.c,bffc9985b8c4e0ea75fe473db1c3d35174f7d248,CVE-2017-7494
484265150,Threekiii/Awesome-Exploit,Samba/CVE-2017-7494/src/source4/scripting/devel/tmpfs.sh,c0154ba4081283769777e3ddc11c8d4e44e556fb,CVE-2017-7494
484265150,Threekiii/Awesome-Exploit,Samba/CVE-2017-7494/src/source4/torture/rap/rpc.c,c0216429df513e2862ffdfd98d4712d642df6ba0,CVE-2017-7494
484265150,Threekiii/Awesome-Exploit,Samba/CVE-2017-7494/src/source3/utils/net_idmap_check.h,c02f8743787d501f843c55391dfe1b79213deff0,CVE-2017-7494
484265150,Threekiii/Awesome-Exploit,Samba/CVE-2017-7494/src/ctdb/tests/eventscripts/10.interface.monitor.005.sh,c0359bd2f194c930cae60942725dbbc0d31d2b98,CVE-2017-7494
484265150,Threekiii/Awesome-Exploit,Samba/CVE-2017-7494/src/source4/torture/rpc/bench.c,c04d39c4301cd5b7a809913c5446d94da31cba45,CVE-2017-7494
484265150,Threekiii/Awesome-Exploit,Samba/CVE-2017-7494/src/python/samba/netcmd/rodc.py,c0577cf2ea7194aa6242bdfb22ea5ebcb732524a,CVE-2017-7494
484265150,Threekiii/Awesome-Exploit,Samba/CVE-2017-7494/src/python/samba/tests/samba_tool/fsmo.py,c061974981683e899584939c4bfceea68f7dd94b,CVE-2017-7494
484265150,Threekiii/Awesome-Exploit,Samba/CVE-2017-7494/src/third_party/waf/wafadmin/Tools/libtool.py,c06e5238977b2c26acca5f27d308b9ff16dec904,CVE-2017-7494
484265150,Threekiii/Awesome-Exploit,Samba/CVE-2017-7494/src/source4/torture/rpc/schannel.c,c0883bd9e36c4b3e4dceec170bd9428cf4d4e811,CVE-2017-7494
484265150,Threekiii/Awesome-Exploit,Samba/CVE-2017-7494/src/source3/libads/ads_status.h,c08adaeb79f4608d9c106530c5933a15f6bdbcf3,CVE-2017-7494
484265150,Threekiii/Awesome-Exploit,Samba/CVE-2017-7494/src/source4/libcli/raw/clisession.c,c08d01c466de06530a71c6871909e7e87c888370,CVE-2017-7494
484265150,Threekiii/Awesome-Exploit,Samba/CVE-2017-7494/src/source4/ntvfs/cifs_posix_cli/svfs_util.c,c0ad97dd512627e58c4a68e41edf4ed6b1732eb9,CVE-2017-7494
484265150,Threekiii/Awesome-Exploit,Samba/CVE-2017-7494/src/testsuite/build_farm/template/basicsmb.smb.conf.hostsequiv,c0aed37334788818d8c5b68d849a1caed220be35,CVE-2017-7494
484265150,Threekiii/Awesome-Exploit,Samba/CVE-2017-7494/src/source4/torture/raw/mux.c,c0cfda5ad4996eaa432666c0ab9803dee36dccae,CVE-2017-7494
484265150,Threekiii/Awesome-Exploit,Samba/CVE-2017-7494/src/ctdb/utils/pmda/domain.h,c0dc03ec4154fc15c19aa328b82f58152bdc6f32,CVE-2017-7494
484265150,Threekiii/Awesome-Exploit,Samba/CVE-2017-7494/src/ctdb/protocol/protocol_debug.c,c0f47460bbe14d5f557536d1f5d4eccafd1483e7,CVE-2017-7494
484265150,Threekiii/Awesome-Exploit,Samba/CVE-2017-7494/src/examples/misc/wall.perl,c10240fe611e5bbe4486e0bbe866d69a55389f9e,CVE-2017-7494
484265150,Threekiii/Awesome-Exploit,Samba/CVE-2017-7494/src/ctdb/tests/tool/ctdb.getcapabilities.003.sh,c10fde84dc54ca848f058c40911dd68c52cd2a74,CVE-2017-7494
484265150,Threekiii/Awesome-Exploit,Samba/CVE-2017-7494/src/source4/ntvfs/posix/pvfs_mkdir.c,c122a09ff5437313126168a80ef87efd6d8d5364,CVE-2017-7494
484265150,Threekiii/Awesome-Exploit,Samba/CVE-2017-7494/src/source3/winbindd/winbindd_dsgetdcname.c,c12352d0ede33f4f71669c6f9ede410355677ed7,CVE-2017-7494
484265150,Threekiii/Awesome-Exploit,Samba/CVE-2017-7494/src/examples/pcap2nbench/main.cpp,c12812b5571a8dcc588e65ff03e158e0a22f89dc,CVE-2017-7494
484265150,Threekiii/Awesome-Exploit,Samba/CVE-2017-7494/src/source4/torture/ndr/samr.c,c15526ccc6314bd85004b417993531349de8cc4c,CVE-2017-7494
484265150,Threekiii/Awesome-Exploit,Samba/CVE-2017-7494/src/source4/ntvfs/sysdep/wscript_build,c1564735f1f543609b804ecbf5396770452a546f,CVE-2017-7494
484265150,Threekiii/Awesome-Exploit,Samba/CVE-2017-7494/src/source3/include/smb_krb5.h,c15d86726b02342f1e478592b9f17da00e8b57c7,CVE-2017-7494
484265150,Threekiii/Awesome-Exploit,Samba/CVE-2017-7494/src/source3/include/ctdbd_conn.h,c172a81edafaafd5ee9257ae4802a48b46e43387,CVE-2017-7494
484265150,Threekiii/Awesome-Exploit,Spring/CVE-2022-22947/url.txt,c17d493d4d9ac145a22d7b26ed9d4d8ace21c4a5,CVE-2022-22947
484265150,Threekiii/Awesome-Exploit,Samba/CVE-2017-7494/src/source3/libsmb/smberr.c,c1869472a6572f6afd6f93f8c8702cbf40c89f19,CVE-2017-7494
484265150,Threekiii/Awesome-Exploit,Samba/CVE-2017-7494/src/third_party/zlib/examples/zpipe.c,c188d219b2446117d82aa354d5a534b6afdfdc51,CVE-2017-7494
484265150,Threekiii/Awesome-Exploit,Samba/CVE-2017-7494/src/third_party/zlib/contrib/blast/Makefile,c18cae8b163b2fc351bc59b8efad7a190d1ead78,CVE-2017-7494
484265150,Threekiii/Awesome-Exploit,Samba/CVE-2017-7494/src/source4/ldap_server/devdocs/rfc4527.txt,c19c366fd83ea04292bc90811ea4b6a768b09861,CVE-2017-7494
484265150,Threekiii/Awesome-Exploit,Samba/CVE-2017-7494/src/python/samba/tests/ntacls.py,c1a8a352b7398e2aeeb6bddac40a849d4400f85f,CVE-2017-7494
484265150,Threekiii/Awesome-Exploit,Samba/CVE-2017-7494/src/source4/setup/fedorads-refint-add.ldif,c1aa826fb4abcf68b6e1450fa41a99181d5a6989,CVE-2017-7494
484265150,Threekiii/Awesome-Exploit,Samba/CVE-2017-7494/src/source4/kdc/pac-glue.h,c1b59c52a05b59b887d4ffd5e970217a0a10fdb8,CVE-2017-7494
484265150,Threekiii/Awesome-Exploit,Samba/CVE-2017-7494/src/testprogs/win32/midltests/valid/midltests_DRS_EXTENSIONS.idl,c1cac416e716fb5c50added6e62b3e0c210c69d0,CVE-2017-7494
484265150,Threekiii/Awesome-Exploit,Samba/CVE-2017-7494/src/source3/rpc_client/rpc_transport_sock.c,c1d2da2514a0c6386b07b53d33e8ae0f107748c6,CVE-2017-7494
484265150,Threekiii/Awesome-Exploit,Samba/CVE-2017-7494/src/python/samba/web_server/__init__.py,c1ec2b29827ce33dc867e9a21dcdb6db8bc71ffa,CVE-2017-7494
484265150,Threekiii/Awesome-Exploit,Samba/CVE-2017-7494/src/source4/ntp_signd/wscript_build,c1fcb21d9b39cfc7ff63bdb56b38092b53201834,CVE-2017-7494
484265150,Threekiii/Awesome-Exploit,Samba/CVE-2017-7494/src/packaging/systemd/nmb.service,c20af88b8e690bee614a61c20481b86fa0f9dcdf,CVE-2017-7494
484265150,Threekiii/Awesome-Exploit,Samba/CVE-2017-7494/src/docs-xml/smbdotconf/security/tlscafile.xml,c210c5d5d165f14871ddcb1e7563645198deced3,CVE-2017-7494
484265150,Threekiii/Awesome-Exploit,Samba/CVE-2017-7494/src/source3/utils/debug2html.c,c210d0792b53bf4ccc6205ca83411164911955e7,CVE-2017-7494
484265150,Threekiii/Awesome-Exploit,Samba/CVE-2017-7494/src/ctdb/tests/eventscripts/10.interface.monitor.004.sh,c21a6deb8659bbe14159cf696e77122f45cbed12,CVE-2017-7494
484265150,Threekiii/Awesome-Exploit,Samba/CVE-2017-7494/src/docs/manpages/sharesec.1,c21d0559daf64c4d90cf82a2ca514488f09b8131,CVE-2017-7494
484265150,Threekiii/Awesome-Exploit,Samba/CVE-2017-7494/src/python/samba/tests/blackbox/__init__.py,c23a93a699fce29c603e99efd281dcb5b70ea2b5,CVE-2017-7494
484265150,Threekiii/Awesome-Exploit,Samba/CVE-2017-7494/src/source4/cldap_server/wscript_build,c24e6f6caa4547bb73b961ff10066d9687a3145a,CVE-2017-7494
484265150,Threekiii/Awesome-Exploit,Samba/CVE-2017-7494/src/libcli/security/security_descriptor.h,c27ae49f15c518a174cff6bc36e22654369eeeb1,CVE-2017-7494
484265150,Threekiii/Awesome-Exploit,Samba/CVE-2017-7494/src/testprogs/win32/midltests/valid/midltests_union_align_08.txt,c27ed89d24b41a1a25e4c495cf1797a2cf1a8858,CVE-2017-7494
484265150,Threekiii/Awesome-Exploit,Samba/CVE-2017-7494/src/source3/rpc_server/srv_pipe_hnd.h,c2867c0dd0a900d82089f7c840348884ca750c11,CVE-2017-7494
484265150,Threekiii/Awesome-Exploit,Weblogic/weblogicScanner/stars/__pycache__/_import.cpython-37.pyc,c297b7a212fdac36c2f0c201333da7a7d77b194a,CVE-2020-14883
484265150,Threekiii/Awesome-Exploit,Weblogic/weblogicScanner/stars/__pycache__/_import.cpython-37.pyc,c297b7a212fdac36c2f0c201333da7a7d77b194a,CVE-2018-2893
484265150,Threekiii/Awesome-Exploit,Weblogic/weblogicScanner/stars/__pycache__/_import.cpython-37.pyc,c297b7a212fdac36c2f0c201333da7a7d77b194a,CVE-2020-14882
484265150,Threekiii/Awesome-Exploit,Weblogic/weblogicScanner/stars/__pycache__/_import.cpython-37.pyc,c297b7a212fdac36c2f0c201333da7a7d77b194a,CVE-2020-2883
484265150,Threekiii/Awesome-Exploit,Weblogic/weblogicScanner/stars/__pycache__/_import.cpython-37.pyc,c297b7a212fdac36c2f0c201333da7a7d77b194a,CVE-2014-4210
484265150,Threekiii/Awesome-Exploit,Weblogic/weblogicScanner/stars/__pycache__/_import.cpython-37.pyc,c297b7a212fdac36c2f0c201333da7a7d77b194a,CVE-2020-2555
484265150,Threekiii/Awesome-Exploit,Weblogic/weblogicScanner/stars/__pycache__/_import.cpython-37.pyc,c297b7a212fdac36c2f0c201333da7a7d77b194a,CVE-2016-0638
484265150,Threekiii/Awesome-Exploit,Weblogic/weblogicScanner/stars/__pycache__/_import.cpython-37.pyc,c297b7a212fdac36c2f0c201333da7a7d77b194a,CVE-2017-3506
484265150,Threekiii/Awesome-Exploit,Weblogic/weblogicScanner/stars/__pycache__/_import.cpython-37.pyc,c297b7a212fdac36c2f0c201333da7a7d77b194a,CVE-2019-2618
484265150,Threekiii/Awesome-Exploit,Weblogic/weblogicScanner/stars/__pycache__/_import.cpython-37.pyc,c297b7a212fdac36c2f0c201333da7a7d77b194a,CVE-2019-2725
484265150,Threekiii/Awesome-Exploit,Weblogic/weblogicScanner/stars/__pycache__/_import.cpython-37.pyc,c297b7a212fdac36c2f0c201333da7a7d77b194a,CVE-2018-3191
484265150,Threekiii/Awesome-Exploit,Weblogic/weblogicScanner/stars/__pycache__/_import.cpython-37.pyc,c297b7a212fdac36c2f0c201333da7a7d77b194a,CVE-2019-2890
484265150,Threekiii/Awesome-Exploit,Weblogic/weblogicScanner/stars/__pycache__/_import.cpython-37.pyc,c297b7a212fdac36c2f0c201333da7a7d77b194a,CVE-2017-3248
484265150,Threekiii/Awesome-Exploit,Weblogic/weblogicScanner/stars/__pycache__/_import.cpython-37.pyc,c297b7a212fdac36c2f0c201333da7a7d77b194a,CVE-2019-2729
484265150,Threekiii/Awesome-Exploit,Weblogic/weblogicScanner/stars/__pycache__/_import.cpython-37.pyc,c297b7a212fdac36c2f0c201333da7a7d77b194a,CVE-2018-3252
484265150,Threekiii/Awesome-Exploit,Weblogic/weblogicScanner/stars/__pycache__/_import.cpython-37.pyc,c297b7a212fdac36c2f0c201333da7a7d77b194a,CVE-2020-2551
484265150,Threekiii/Awesome-Exploit,Weblogic/weblogicScanner/stars/__pycache__/_import.cpython-37.pyc,c297b7a212fdac36c2f0c201333da7a7d77b194a,CVE-2018-2894
484265150,Threekiii/Awesome-Exploit,Weblogic/weblogicScanner/stars/__pycache__/_import.cpython-37.pyc,c297b7a212fdac36c2f0c201333da7a7d77b194a,CVE-2018-2628
484265150,Threekiii/Awesome-Exploit,Weblogic/weblogicScanner/stars/__pycache__/_import.cpython-37.pyc,c297b7a212fdac36c2f0c201333da7a7d77b194a,CVE-2017-10271
484265150,Threekiii/Awesome-Exploit,Weblogic/weblogicScanner/stars/__pycache__/_import.cpython-37.pyc,c297b7a212fdac36c2f0c201333da7a7d77b194a,CVE-2016-3510
484265150,Threekiii/Awesome-Exploit,Weblogic/weblogicScanner/stars/__pycache__/_import.cpython-37.pyc,c297b7a212fdac36c2f0c201333da7a7d77b194a,CVE-2019-2888
484265150,Threekiii/Awesome-Exploit,Weblogic/weblogicScanner/stars/__pycache__/_import.cpython-37.pyc,c297b7a212fdac36c2f0c201333da7a7d77b194a,CVE-2018-3245
484265150,Threekiii/Awesome-Exploit,Samba/CVE-2017-7494/src/source4/smb_server/service_smb.c,c29e7f871c89a898a9c509b2d03355f50960c385,CVE-2017-7494
484265150,Threekiii/Awesome-Exploit,Samba/CVE-2017-7494/src/source3/utils/smbcacls.c,c2d19a50aaa764c55f869807387eabe710384056,CVE-2017-7494
484265150,Threekiii/Awesome-Exploit,Samba/CVE-2017-7494/src/third_party/waf/wafadmin/Build.py,c2e45e116368b70c06fa7a5dac68190ac799bf37,CVE-2017-7494
484265150,Threekiii/Awesome-Exploit,Samba/CVE-2017-7494/src/ctdb/doc/ctdbd_wrapper.1.xml,c303a690aa47a9d367f5b3427eecbde64f35886c,CVE-2017-7494
484265150,Threekiii/Awesome-Exploit,Samba/CVE-2017-7494/src/docs-xml/smbdotconf/protocol/servermaxprotocol.xml,c329e901277bdd86e677738f53010f57757bac48,CVE-2017-7494
484265150,Threekiii/Awesome-Exploit,Samba/CVE-2017-7494/src/docs-xml/smbdotconf/protocol/serverminprotocol.xml,c32c550291848ac74b6611430875cf5bd84e8f58,CVE-2017-7494
484265150,Threekiii/Awesome-Exploit,Samba/CVE-2017-7494/src/third_party/waf/wafadmin/pproc.py,c332ec54761b1377b8d8edbc08585fc8fae6ae47,CVE-2017-7494
484265150,Threekiii/Awesome-Exploit,Samba/CVE-2017-7494/src/docs/manpages/vfs_glusterfs.8,c33ad9b32b5f30d032c451ff0f68c04b49ea53fd,CVE-2017-7494
484265150,Threekiii/Awesome-Exploit,Samba/CVE-2017-7494/src/testprogs/win32/npecho/GNUmakefile,c33b125b23bfb242ee6f1bd2b4c6a633188d240d,CVE-2017-7494
484265150,Threekiii/Awesome-Exploit,Samba/CVE-2017-7494/src/docs-xml/smbdotconf/logging/syslog.xml,c350a4962ee2f4d6fbe3d37875e46d552a0236c5,CVE-2017-7494
484265150,Threekiii/Awesome-Exploit,Samba/CVE-2017-7494/src/selftest/gnupg/trustdb.gpg,c365cd4a7b306aa2823ff978a054b2ef6d242f01,CVE-2017-7494
484265150,Threekiii/Awesome-Exploit,Samba/CVE-2017-7494/src/source3/utils/ntlm_auth.h,c369d0d7e84466114affe29733910c3970125ddc,CVE-2017-7494
484265150,Threekiii/Awesome-Exploit,Samba/CVE-2017-7494/src/third_party/zlib/contrib/ada/zlib.gpr,c36c2cf069e930eb81ee0c89bfe70c20c8d0511a,CVE-2017-7494
484265150,Threekiii/Awesome-Exploit,Samba/CVE-2017-7494/src/ctdb/tests/tool/ctdb.reloadnodes.021.sh,c36e7bf28725a4af6638bc2d9b99d523a701fbd9,CVE-2017-7494
484265150,Threekiii/Awesome-Exploit,Samba/CVE-2017-7494/src/source4/script/mkproto.pl,c3793c41b99a2b50ae7bcbc6dddfe9c703e4c7a0,CVE-2017-7494
484265150,Threekiii/Awesome-Exploit,Samba/CVE-2017-7494/src/source4/torture/nbench/nbench.c,c38b6583b1cf0904c140a7ac59d09650cd1e317a,CVE-2017-7494
484265150,Threekiii/Awesome-Exploit,Samba/CVE-2017-7494/src/source4/smb_server/smb_server.c,c39868c30edab51964df1c8fbaf2053648b118e2,CVE-2017-7494
484265150,Threekiii/Awesome-Exploit,Samba/CVE-2017-7494/src/docs-xml/Samba3-HOWTO/images/pdftosocket.svg,c3a0067f39ce464dbe9f86bb7e9c19235170e1e3,CVE-2017-7494
484265150,Threekiii/Awesome-Exploit,Samba/CVE-2017-7494/src/third_party/zlib/contrib/minizip/iowin32.h,c3a5a618ee005c1784c17fc4ad13b99bae6454c1,CVE-2017-7494
484265150,Threekiii/Awesome-Exploit,Samba/CVE-2017-7494/src/libcli/auth/credentials.c,c3a6456b42e7a904e1aa8e37f8e5e8fa1ecfe4ca,CVE-2017-7494
484265150,Threekiii/Awesome-Exploit,Samba/CVE-2017-7494/src/docs-xml/smbdotconf/security/passwdchat.xml,c3a9b77ce03970e3476187722a386e47c17c1cba,CVE-2017-7494
484265150,Threekiii/Awesome-Exploit,Samba/CVE-2017-7494/src/docs-xml/smbdotconf/protocol/smbports.xml,c3afa82f6c170eb8665653db4d95b8af377e63d0,CVE-2017-7494
484265150,Threekiii/Awesome-Exploit,Samba/CVE-2017-7494/src/source3/include/stamp-h.in,c3afd9cefed3e8048941f2dce60ebf50e662d2bf,CVE-2017-7494
484265150,Threekiii/Awesome-Exploit,Samba/CVE-2017-7494/src/source4/dsdb/schema/schema.h,c3bededd2d10545185d37f1acb14c3480e418eee,CVE-2017-7494
484265150,Threekiii/Awesome-Exploit,Samba/CVE-2017-7494/src/source4/utils/tests/test_nmblookup.sh,c3c304af10eee9fe40d902ab5de0bf030486b81e,CVE-2017-7494
484265150,Threekiii/Awesome-Exploit,Samba/CVE-2017-7494/src/docs-xml/smbdotconf/winbind/winbindofflinelogon.xml,c3d75da32d4e086acb1a992eea9e4a8a726f5f5c,CVE-2017-7494
484265150,Threekiii/Awesome-Exploit,Samba/CVE-2017-7494/src/source3/groupdb/mapping.c,c3d7b8928887713ab990591051e15da6d807aabd,CVE-2017-7494
484265150,Threekiii/Awesome-Exploit,Samba/CVE-2017-7494/src/libcli/echo/tests/echo.c,c3d7eaab610403e952d93939038b735aa6c4ded7,CVE-2017-7494
484265150,Threekiii/Awesome-Exploit,Samba/CVE-2017-7494/src/source4/heimdal_build/print_version.h,c3e4229618808b61f24b71a7ac8353ce1191c281,CVE-2017-7494
484265150,Threekiii/Awesome-Exploit,Samba/CVE-2017-7494/src/ctdb/tests/eventscripts/10.interface.init.021.sh,c3fe2f16d54248ba36ce52eaeace469d3d154234,CVE-2017-7494
484265150,Threekiii/Awesome-Exploit,Samba/CVE-2017-7494/src/docs-xml/smbdotconf/protocol/smb2maxwrite.xml,c4083c776122739c7b443548fe01d488f8ba3433,CVE-2017-7494
484265150,Threekiii/Awesome-Exploit,Samba/CVE-2017-7494/src/third_party/zlib/contrib/iostream3/TODO,c40d91b8e4051c4fac646e0213dee173e207bcee,CVE-2017-7494
484265150,Threekiii/Awesome-Exploit,Samba/CVE-2017-7494/src/source4/rpc_server/common/common.h,c4132cad627d7f7b04992af593c0a32920435df7,CVE-2017-7494
484265150,Threekiii/Awesome-Exploit,Samba/CVE-2017-7494/src/docs-xml/Samba3-HOWTO/conventions.xml,c42261f3cfbe5b3e48079a2a812b1aceb91b1ca1,CVE-2017-7494
484265150,Threekiii/Awesome-Exploit,Samba/CVE-2017-7494/src/ctdb/tests/eventscripts/20.multipathd.monitor.001.sh,c43533df7029403d19459beedd818aca76e72d35,CVE-2017-7494
484265150,Threekiii/Awesome-Exploit,Samba/CVE-2017-7494/src/source4/torture/dns/wscript_build,c441b2bc741335ba2a347cb507fc01f5d6eb27eb,CVE-2017-7494
484265150,Threekiii/Awesome-Exploit,Samba/CVE-2017-7494/src/docs-xml/Samba3-ByExample/images/ch7-dual-additive-LDAP.svg,c45e018e58e0e823bfe60a163cb5b1dcdefb141c,CVE-2017-7494
484265150,Threekiii/Awesome-Exploit,Samba/CVE-2017-7494/src/third_party/dnspython/util/COPYRIGHT,c470c73c0e5436eae20ec08dca7a67e3bbc70d17,CVE-2017-7494
484265150,Threekiii/Awesome-Exploit,Samba/CVE-2017-7494/src/third_party/zlib/contrib/pascal/readme.txt,c47cc3ccdb450bd0d3d1d0e6f52746a2c0ca8541,CVE-2017-7494
484265150,Threekiii/Awesome-Exploit,Samba/CVE-2017-7494/src/docs-xml/smbdotconf/misc/afsshare.xml,c485036f64d33f76ddb2f55d5ba5772ed27367cc,CVE-2017-7494
484265150,Threekiii/Awesome-Exploit,Samba/CVE-2017-7494/src/source4/dsdb/repl/drepl_replica.c,c485371b3f6fa944de429841ec047e0a7e6d0107,CVE-2017-7494
484265150,Threekiii/Awesome-Exploit,Samba/CVE-2017-7494/src/source3/libads/krb5_errs.c,c4853805066d45cedb1f24e153c10b1055ea5600,CVE-2017-7494
484265150,Threekiii/Awesome-Exploit,Samba/CVE-2017-7494/src/libcli/util/doserr.h,c48cdd7363e406ad75031a30f05fcbe7bfb375b4,CVE-2017-7494
484265150,Threekiii/Awesome-Exploit,Samba/CVE-2017-7494/src/docs-xml/manpages/vfs_audit.8.xml,c496c430fa8d0349fd2bef4766d17c6a042a179e,CVE-2017-7494
484265150,Threekiii/Awesome-Exploit,Samba/CVE-2017-7494/src/source3/script/tests/vfstest-catia/vfstest1.cmd,c498494b2d4f17b2e689a69b110b48c616d2f51a,CVE-2017-7494
484265150,Threekiii/Awesome-Exploit,Samba/CVE-2017-7494/src/source3/utils/testparm.c,c4ab19ef7b72e62233605a8ed2879c47118a9593,CVE-2017-7494
484265150,Threekiii/Awesome-Exploit,Samba/CVE-2017-7494/src/testsuite/smbd/se_access_check_allowsome.c,c4b20237bce9005e7787eeb955558fdc44b953c1,CVE-2017-7494
484265150,Threekiii/Awesome-Exploit,Samba/CVE-2017-7494/src/ctdb/tests/src/cluster_wait.c,c4b3b4bbf2c9885870733ab24db16fb9ea445433,CVE-2017-7494
484265150,Threekiii/Awesome-Exploit,Samba/CVE-2017-7494/src/testsuite/build_farm/basicsmb-local-pass-change.test,c4bbaceafdaa670851b24924a3670c7f3318c054,CVE-2017-7494
484265150,Threekiii/Awesome-Exploit,Samba/CVE-2017-7494/src/docs-xml/smbdotconf/tuning/minprintspace.xml,c4c9ea4a8c63968c6c380c9273f8f2f2e559806a,CVE-2017-7494
484265150,Threekiii/Awesome-Exploit,Samba/CVE-2017-7494/src/libcli/smb/smbXcli_base.c,c4ccd042e3a294eac5f38fc6627e887f65b3148a,CVE-2017-7494
484265150,Threekiii/Awesome-Exploit,Samba/CVE-2017-7494/src/source4/dsdb/samdb/ldb_modules/partition.h,c4d46bf44a2ad16234a109ec862681e376e703ca,CVE-2017-7494
484265150,Threekiii/Awesome-Exploit,Samba/CVE-2017-7494/src/ctdb/tests/simple/16_ctdb_config_add_ip.sh,c4e8d43de30bc9d574cbdc092a486cb51e161b26,CVE-2017-7494
484265150,Threekiii/Awesome-Exploit,Samba/CVE-2017-7494/src/python/samba/tdb_util.py,c4eda16ea0eb266e4e20e718375856b8e59765c7,CVE-2017-7494
484265150,Threekiii/Awesome-Exploit,Samba/CVE-2017-7494/src/source3/libgpo/gpo_proto.h,c51d6d85650646a1571bd10a0ef5d5352e4166fa,CVE-2017-7494
484265150,Threekiii/Awesome-Exploit,Samba/CVE-2017-7494/src/docs-xml/Samba3-HOWTO/TOSHARG-msdfs.xml,c533e6b53ec5997dfee332ecec81533e16b3dff2,CVE-2017-7494
484265150,Threekiii/Awesome-Exploit,Samba/CVE-2017-7494/src/source3/librpc/crypto/gse.c,c537185479656d01958eec5a8dcba06bf13abf9a,CVE-2017-7494
484265150,Threekiii/Awesome-Exploit,Samba/CVE-2017-7494/src/auth/ntlmssp/ntlmssp.c,c538ab77c9551ad86bc6730d72d625d5f32d1068,CVE-2017-7494
484265150,Threekiii/Awesome-Exploit,Samba/CVE-2017-7494/src/examples/logon/genlogon/genlogon.pl,c53c62da50fcaac26d47ee145addfda7f075c799,CVE-2017-7494
484265150,Threekiii/Awesome-Exploit,Samba/CVE-2017-7494/src/source4/libcli/smb_composite/fsinfo.c,c54f1452cbe8016a67d96b4176ba78c23959a422,CVE-2017-7494
484265150,Threekiii/Awesome-Exploit,Samba/CVE-2017-7494/src/packaging/LSB/samba.xinetd,c57408935f3d7bd7dc82492d6e452124cd6c1497,CVE-2017-7494
484265150,Threekiii/Awesome-Exploit,Samba/CVE-2017-7494/src/docs-xml/xslt/smb.conf-html.xsl,c57e57ea3e9102ef3f703efc5ffbd6a46deea49b,CVE-2017-7494
484265150,Threekiii/Awesome-Exploit,Samba/CVE-2017-7494/src/source4/torture/rpc/testjoin.c,c5bf48496e03841909bfb487d35a33ffffd3a8c6,CVE-2017-7494
484265150,Threekiii/Awesome-Exploit,Samba/CVE-2017-7494/src/libcli/security/util_sid.c,c5c2b1233227eddf73ef393d4aaac4112eb63a77,CVE-2017-7494
484265150,Threekiii/Awesome-Exploit,Samba/CVE-2017-7494/src/examples/scripts/users_and_groups/createdomobj.pl,c5c2b4d572c33aa0f0c995305b902a120cd9de6c,CVE-2017-7494
484265150,Threekiii/Awesome-Exploit,Samba/CVE-2017-7494/src/source3/rpc_server/mdssvc/sparql_mapping.c,c5c7857e93604e8b89f0c0b2ae97f33330ca34c2,CVE-2017-7494
484265150,Threekiii/Awesome-Exploit,Samba/CVE-2017-7494/src/source3/smbd/server.c,c5cb844de525bd3e17b21e4793e03b2de6086d52,CVE-2017-7494
484265150,Threekiii/Awesome-Exploit,Samba/CVE-2017-7494/src/python/samba/tests/unicodenames.py,c5edc58331e3ca4e1525e71d44348d0936f35743,CVE-2017-7494
484265150,Threekiii/Awesome-Exploit,Samba/CVE-2017-7494/src/third_party/zlib/qnx/package.qpg,c6032edac1496dac8afb3578bd17c7f3f02a92a1,CVE-2017-7494
484265150,Threekiii/Awesome-Exploit,Samba/CVE-2017-7494/src/ctdb/tests/eventscripts/00.ctdb.init.003.sh,c60bca3d9e5eea611ebb22027051dfe4420b36ce,CVE-2017-7494
484265150,Threekiii/Awesome-Exploit,Shiro/CVE-2016-4437/shiro_exploit.py,c627feb230db5f4bf56a79988c9b0ec6f0d432ee,CVE-2016-4437
484265150,Threekiii/Awesome-Exploit,Samba/CVE-2017-7494/src/nsswitch/winbind_nss_linux.h,c63a07e486dbc778230a9e2fe52475ab585e61f0,CVE-2017-7494
484265150,Threekiii/Awesome-Exploit,Samba/CVE-2017-7494/src/ctdb/tests/eventscripts/60.nfs.monitor.142.sh,c63f1602df65b71bb352f7fbda445059e1ff1357,CVE-2017-7494
484265150,Threekiii/Awesome-Exploit,Samba/CVE-2017-7494/src/docs-xml/smbdotconf/winbind/winbindreconnectdelay.xml,c6478c0d1c5267f39c8a85002933b370f5bdf670,CVE-2017-7494
484265150,Threekiii/Awesome-Exploit,Samba/CVE-2017-7494/src/source4/heimdal/kdc/kx509.c,c65648aaba832b2aa9aea51df526e77b12b37c2d,CVE-2017-7494
484265150,Threekiii/Awesome-Exploit,Samba/CVE-2017-7494/src/source3/printing/printer_list.c,c6659f42a8f403618437127655f363f4f98f7484,CVE-2017-7494
484265150,Threekiii/Awesome-Exploit,Samba/CVE-2017-7494/src/examples/scripts/users_and_groups/adduserstogroups.pl,c670111cb65f28ab15f7263c9f72822a2fb40865,CVE-2017-7494
484265150,Threekiii/Awesome-Exploit,Samba/CVE-2017-7494/src/source4/dns_server/dns_crypto.c,c67fccb56d265d4819bbcd413d9ac7f88ecba798,CVE-2017-7494
484265150,Threekiii/Awesome-Exploit,Samba/CVE-2017-7494/src/librpc/idl/auth.idl,c6893caa609f15985aaa584fcbbc29ac50149fdf,CVE-2017-7494
484265150,Threekiii/Awesome-Exploit,Samba/CVE-2017-7494/src/docs-xml/Makefile,c68f197b43021ca7251d7e6099c80fca11b12f21,CVE-2017-7494
484265150,Threekiii/Awesome-Exploit,Samba/CVE-2017-7494/src/source3/torture/masktest.c,c6d40c9114a9fcd14251f80bfbd264acbc53c465,CVE-2017-7494
484265150,Threekiii/Awesome-Exploit,Samba/CVE-2017-7494/src/examples/pcap2nbench/ip.hpp,c6de03861948838b8db1e869e54eec330c8b95a3,CVE-2017-7494
484265150,Threekiii/Awesome-Exploit,Samba/CVE-2017-7494/src/pidl/tests/samba3-srv.pl,c71253798e83cb1438b4c38a089c69538acc76bb,CVE-2017-7494
484265150,Threekiii/Awesome-Exploit,Samba/CVE-2017-7494/src/source3/nmbd/nmbd_namelistdb.c,c7266c1ad08b1a7ab14df58abdbd292ae272897d,CVE-2017-7494
484265150,Threekiii/Awesome-Exploit,Samba/CVE-2017-7494/src/ctdb/protocol/protocol_header.c,c748b0b61237f1cb18c995ccff7004bcc97c779a,CVE-2017-7494
484265150,Threekiii/Awesome-Exploit,Weblogic/weblogicScanner/stars/cve_2017_3506.py,c74d7a8205af8459517f8794c6a0107fb05f7ec9,CVE-2017-3506
484265150,Threekiii/Awesome-Exploit,Weblogic/weblogicScanner/stars/cve_2017_3506.py,c74d7a8205af8459517f8794c6a0107fb05f7ec9,CVE-2017-3248
484265150,Threekiii/Awesome-Exploit,Samba/CVE-2017-7494/src/third_party/zlib/contrib/infback9/inflate9.h,c7541490d97f70268010ae1baeb98a10302f3df8,CVE-2017-7494
484265150,Threekiii/Awesome-Exploit,Samba/CVE-2017-7494/src/examples/libsmbclient/testctx.c,c759adb092b4cc28a0fdd167a82a8b008693adbe,CVE-2017-7494
484265150,Threekiii/Awesome-Exploit,Samba/CVE-2017-7494/src/source4/libnet/libnet_domain.h,c759f7c901d69d7293cdef6ff50d8a4d28f5e67c,CVE-2017-7494
484265150,Threekiii/Awesome-Exploit,Samba/CVE-2017-7494/src/source4/torture/ndr/drsuapi.c,c75a960b9e6d405f229eb260eb2c7428d0beb15a,CVE-2017-7494
484265150,Threekiii/Awesome-Exploit,Samba/CVE-2017-7494/src/ctdb/tests/eventscripts/11.natgw.021.sh,c765bd9ba4ee764014ad6c8de8890257057e90f0,CVE-2017-7494
484265150,Threekiii/Awesome-Exploit,Samba/CVE-2017-7494/src/ctdb/config/events.d/01.reclock,c77d916a92db1caed06fb5aa63bd8a020b44179e,CVE-2017-7494
484265150,Threekiii/Awesome-Exploit,Samba/CVE-2017-7494/src/source4/setup/mmr_serverids.conf,c780bf2b0623a261e04146f132558c07d22be9a4,CVE-2017-7494
484265150,Threekiii/Awesome-Exploit,Samba/CVE-2017-7494/src/source3/utils/net_idmap_check.c,c78205cb16c85be4462a95674a3223e77bad2e1a,CVE-2017-7494
484265150,Threekiii/Awesome-Exploit,Samba/CVE-2017-7494/src/source3/modules/vfs_aio_linux.c,c791a8d01b3b2ea4ae5da7693741186a0d589b51,CVE-2017-7494
484265150,Threekiii/Awesome-Exploit,Samba/CVE-2017-7494/src/source3/torture/test_oplock_cancel.c,c7947daa6ded51b48cac77a9c22d1d89c2a858ca,CVE-2017-7494
484265150,Threekiii/Awesome-Exploit,Samba/CVE-2017-7494/src/source4/nbt_server/query.c,c7a9ce22c94d35c236541b9870401914c13ce5e8,CVE-2017-7494
484265150,Threekiii/Awesome-Exploit,Samba/CVE-2017-7494/src/source4/torture/shell.c,c7bae279ff508c030f8d0f00e6755b37a7524bf3,CVE-2017-7494
484265150,Threekiii/Awesome-Exploit,Samba/CVE-2017-7494/src/source3/passdb/pdb_tdb.c,c7c18519d74cba65884b4a2a73d6a56080f4ec37,CVE-2017-7494
484265150,Threekiii/Awesome-Exploit,Samba/CVE-2017-7494/src/source3/passdb/account_pol.c,c7c6620b36cae74e3ab0aa2495e5b74558ebcf5d,CVE-2017-7494
484265150,Threekiii/Awesome-Exploit,Samba/CVE-2017-7494/src/selftest/tests/__init__.py,c7e7b967d3f7f49eeb87129c60b45a9d06ae81c0,CVE-2017-7494
484265150,Threekiii/Awesome-Exploit,Samba/CVE-2017-7494/src/testsuite/smbd/se_access_check_empty.c,c8003e0166009d444953df08c8efbcf40cad051f,CVE-2017-7494
484265150,Threekiii/Awesome-Exploit,Samba/CVE-2017-7494/src/source4/heimdal/base/dict.c,c812450522fab328fb90481d7019d93d90d2df92,CVE-2017-7494
484265150,Threekiii/Awesome-Exploit,Samba/CVE-2017-7494/src/nsswitch/libwbclient/tests/wbclient.c,c817805ff71e46afd423d0e48fea93ab1015cf9d,CVE-2017-7494
484265150,Threekiii/Awesome-Exploit,Samba/CVE-2017-7494/src/source3/utils/net_status.c,c81b67c29f1b176b0d13bbb44de469a5516ccd79,CVE-2017-7494
484265150,Threekiii/Awesome-Exploit,Samba/CVE-2017-7494/src/source3/rpc_client/cli_netlogon.c,c82be6abb5ba9c9a217d9381e5dbde71c43a3db1,CVE-2017-7494
484265150,Threekiii/Awesome-Exploit,Samba/CVE-2017-7494/src/docs-xml/smbdotconf/browse/lmannounce.xml,c858389941ad6d4d1e1eee16c326dbe40bca179a,CVE-2017-7494
484265150,Threekiii/Awesome-Exploit,Samba/CVE-2017-7494/src/selftest/SocketWrapper.pm,c87a9d264f87b92dfd6c5903e85388744e5594ac,CVE-2017-7494
484265150,Threekiii/Awesome-Exploit,Samba/CVE-2017-7494/src/source4/ntvfs/sysdep/sys_lease.c,c87d62cf667706c2ab75d57844369c99c87396c1,CVE-2017-7494
484265150,Threekiii/Awesome-Exploit,Samba/CVE-2017-7494/src/librpc/idl/dbgidl.idl,c87f59e01e8769582ba3f0393ba123e3092329b9,CVE-2017-7494
484265150,Threekiii/Awesome-Exploit,Samba/CVE-2017-7494/src/packaging/printing/smbprint,c8952c4bd06028f1288aaf2ba8a2dc468717c50a,CVE-2017-7494
484265150,Threekiii/Awesome-Exploit,Samba/CVE-2017-7494/src/docs-xml/manpages/vfs_fileid.8.xml,c8a4fa2020ae42823df6ac2b785c242b2348111a,CVE-2017-7494
484265150,Threekiii/Awesome-Exploit,Samba/CVE-2017-7494/src/librpc/idl/rot.idl,c8a6b60e162cf9c2ef54b1bff198e458d22adcaf,CVE-2017-7494
484265150,Threekiii/Awesome-Exploit,Samba/CVE-2017-7494/src/source4/setup/ad-schema/licence.txt,c8a6bfb0b29fc8d3caaf1a4b07689b4afd689c16,CVE-2017-7494
484265150,Threekiii/Awesome-Exploit,Samba/CVE-2017-7494/src/selftest/target/Samba.pm,c8b0d0f2131427835b87a360e3750f6177108546,CVE-2017-7494
484265150,Threekiii/Awesome-Exploit,Samba/CVE-2017-7494/src/testsuite/smbd/se_access_check_denysome.c,c8b1dbd98a96bbb07b371a5275bd44dd0f36d0c5,CVE-2017-7494
484265150,Threekiii/Awesome-Exploit,Samba/CVE-2017-7494/src/ctdb/tests/eventscripts/11.natgw.004.sh,c8e0dde434510e1cf2d273c1046a39a4edc16422,CVE-2017-7494
484265150,Threekiii/Awesome-Exploit,Samba/CVE-2017-7494/src/source4/librpc/scripts/build_idl.sh,c8ee409a14e4420220c20e2b0ad55e75afee5c00,CVE-2017-7494
484265150,Threekiii/Awesome-Exploit,Samba/CVE-2017-7494/src/ctdb/tests/eventscripts/05.system.monitor.014.sh,c8fdb704ede3d35e66eee91b0d484766ec3f3a35,CVE-2017-7494
484265150,Threekiii/Awesome-Exploit,Samba/CVE-2017-7494/src/ctdb/tests/simple/31_ctdb_disable.sh,c8ff11e902486bebfe34437ef7e99bd81d5ee053,CVE-2017-7494
484265150,Threekiii/Awesome-Exploit,Samba/CVE-2017-7494/src/examples/smb.conf.default,c9063120f5f51d474c57a13e616d73c4ae8d9aad,CVE-2017-7494
484265150,Threekiii/Awesome-Exploit,Samba/CVE-2017-7494/src/libcli/util/hresult.h,c908979fa70c703ab4399db557686af4ea9535c5,CVE-2017-7494
484265150,Threekiii/Awesome-Exploit,Samba/CVE-2017-7494/src/source4/libcli/resolve/host.c,c90eaa4bc77c5faf6fbcb8ecb35f8082dcefba33,CVE-2017-7494
484265150,Threekiii/Awesome-Exploit,Samba/CVE-2017-7494/src/docs-xml/Samba3-HOWTO/gpl-3.0.xml,c923d5cb35ef675445bd4fae66ba47aadee493e4,CVE-2017-7494
484265150,Threekiii/Awesome-Exploit,Samba/CVE-2017-7494/src/third_party/waf/wafadmin/Tools/osx.py,c926fc27c3c1388b714a493c061810d5988c5dee,CVE-2017-7494
484265150,Threekiii/Awesome-Exploit,Samba/CVE-2017-7494/src/source4/setup/fedorads.inf,c92993d845461f0a8ee170e2129a6997b1429066,CVE-2017-7494
484265150,Threekiii/Awesome-Exploit,Samba/CVE-2017-7494/src/source3/rpc_server/eventlog/srv_eventlog_reg.c,c933f6b4a7e1bfc3806f8d0a40fc3c1f06cdedc8,CVE-2017-7494
484265150,Threekiii/Awesome-Exploit,Samba/CVE-2017-7494/src/docs-xml/xslt/latex/sambadoc.cls,c9475c6fb0c59b3acc82aa09e89fbfdf80be6bc5,CVE-2017-7494
484265150,Threekiii/Awesome-Exploit,Samba/CVE-2017-7494/src/source3/libads/ldap_schema_oids.h,c95095283c4a07aca95b8d7b0180cbf3a0fd7237,CVE-2017-7494
484265150,Threekiii/Awesome-Exploit,Samba/CVE-2017-7494/src/source4/heimdal/kdc/log.c,c960f5f8720b5113257918fb7894f10fe83e79ed,CVE-2017-7494
484265150,Threekiii/Awesome-Exploit,Samba/CVE-2017-7494/src/selftest/Subunit.pm,c9744a83abcd4dee276f92ebf7cc2bbb8cea22e2,CVE-2017-7494
484265150,Threekiii/Awesome-Exploit,Samba/CVE-2017-7494/src/librpc/ndr/ndr_bkupblobs.c,c991642ea34273f738fee537c20a0231a42be9ae,CVE-2017-7494
484265150,Threekiii/Awesome-Exploit,Samba/CVE-2017-7494/src/source4/torture/util.h,c996e6fabbdc85abd279b718a93fded5b280c441,CVE-2017-7494
484265150,Threekiii/Awesome-Exploit,Samba/CVE-2017-7494/src/docs-xml/Samba3-HOWTO/images/idmap-sid2gid.svg,c9a36efe5e760756505aba1101f6f96b24bea05f,CVE-2017-7494
484265150,Threekiii/Awesome-Exploit,Samba/CVE-2017-7494/src/testdata/samba3/share_info.tdb,c9b31c9ed74c6e0029b14567af52b2ec0895170a,CVE-2017-7494
484265150,Threekiii/Awesome-Exploit,Samba/CVE-2017-7494/src/source3/rpc_client/cli_lsarpc.c,c9c00a99e92ffaf7c38fb67ed3b00517bca85ef9,CVE-2017-7494
484265150,Threekiii/Awesome-Exploit,Samba/CVE-2017-7494/src/ctdb/tests/eventscripts/stubs/tdbtool,c9c7911156478001bc962e216c46dc566bead4a2,CVE-2017-7494
484265150,Threekiii/Awesome-Exploit,Samba/CVE-2017-7494/src/third_party/waf/wafadmin/3rdparty/lru_cache.py,c9dae1834f37666fc673e144a6a80bbd08f767f3,CVE-2017-7494
484265150,Threekiii/Awesome-Exploit,Samba/CVE-2017-7494/src/source3/winbindd/idmap_tdb2.c,c9e428ba9912805a50ce58000a57df994bb29bd2,CVE-2017-7494
484265150,Threekiii/Awesome-Exploit,Samba/CVE-2017-7494/src/source4/dsdb/samdb/ldb_modules/repl_meta_data.c,c9e85d5ce4934b3f4f153ad3c8a6bc9c4e08f56c,CVE-2017-7494
484265150,Threekiii/Awesome-Exploit,Samba/CVE-2017-7494/src/source3/winbindd/winbindd_ads.c,c9f06b8a02397187e93330aa371ad510f0a845ff,CVE-2017-7494
484265150,Threekiii/Awesome-Exploit,Samba/CVE-2017-7494/src/auth/ntlmssp/ntlmssp_ndr.c,ca04331fae47ea5584d68fbfd0e947ac88c77793,CVE-2017-7494
484265150,Threekiii/Awesome-Exploit,Samba/CVE-2017-7494/src/source3/utils/smbget.c,ca050328c4da0cddd6315fe36376fe213676838c,CVE-2017-7494
484265150,Threekiii/Awesome-Exploit,Samba/CVE-2017-7494/src/examples/scripts/idmap/README,ca1d519154884053dfef9dd1f64a8424721cd753,CVE-2017-7494
484265150,Threekiii/Awesome-Exploit,Samba/CVE-2017-7494/src/script/clean-source-tree.sh,ca24375b4d8cbde34707b5421fcebb8db6734ac7,CVE-2017-7494
484265150,Threekiii/Awesome-Exploit,Samba/CVE-2017-7494/src/source4/rpc_server/drsuapi/writespn.c,ca2f6d201c775afd4d8c6f032e7a605fa45280d5,CVE-2017-7494
484265150,Threekiii/Awesome-Exploit,Samba/CVE-2017-7494/src/source3/smbd/smb2_ioctl_dfs.c,ca327ee7880589b21f88824d6891affed8ee4135,CVE-2017-7494
484265150,Threekiii/Awesome-Exploit,Samba/CVE-2017-7494/src/source4/libcli/wscript_build,ca3333558e02fd72d920cdcf4766bd4c71ace281,CVE-2017-7494
484265150,Threekiii/Awesome-Exploit,Samba/CVE-2017-7494/src/docs-xml/Samba3-HOWTO/TOSHARG-SecureLDAP.xml,ca3c1e430754cd9f803b8e922581cf9d894b6a3e,CVE-2017-7494
484265150,Threekiii/Awesome-Exploit,Samba/CVE-2017-7494/src/docs-xml/manpages/smbtar.1.xml,ca4ca93196b14cec3da043c12db4e1cb272992b0,CVE-2017-7494
484265150,Threekiii/Awesome-Exploit,Samba/CVE-2017-7494/src/ctdb/tests/tool/ctdb.natgw.007.sh,ca579164888426e5e1fd939f018b7da7e2f0e8ef,CVE-2017-7494
484265150,Threekiii/Awesome-Exploit,Samba/CVE-2017-7494/src/source4/scripting/devel/rodcdns,ca6a54e055583286a2119286fdc76d990054d4f7,CVE-2017-7494
484265150,Threekiii/Awesome-Exploit,Samba/CVE-2017-7494/src/docs-xml/Samba3-HOWTO/manpages.xml,ca73e945a54bda19b128e81e5ddb99e774a8fdc7,CVE-2017-7494
484265150,Threekiii/Awesome-Exploit,Samba/CVE-2017-7494/src/source4/scripting/devel/drs/unvampire_ad.sh,ca764cba927061ac551631a315f6c425cd6855b7,CVE-2017-7494
484265150,Threekiii/Awesome-Exploit,Samba/CVE-2017-7494/src/ctdb/tests/src/pkt_read_test.c,ca960970e35cd9157834dcfabd0cd69fa04f4557,CVE-2017-7494
484265150,Threekiii/Awesome-Exploit,Samba/CVE-2017-7494/src/third_party/zlib/contrib/dotzlib/readme.txt,ca96fde59549fde7f6061f1741a92f67bb5b4a67,CVE-2017-7494
484265150,Threekiii/Awesome-Exploit,Samba/CVE-2017-7494/src/source3/smbd/server_reload.c,caa28259e362082bc5fd78a9aa3bb3f2171a41c0,CVE-2017-7494
484265150,Threekiii/Awesome-Exploit,Samba/CVE-2017-7494/src/docs/manpages/libsmbclient.7,caaaa0ce077af12b32a810ccb345e9c51307415c,CVE-2017-7494
484265150,Threekiii/Awesome-Exploit,Samba/CVE-2017-7494/src/librpc/ndr/ndr_wmi.c,caaf99a0f4be04e9fcdc16174083e69913988848,CVE-2017-7494
484265150,Threekiii/Awesome-Exploit,Samba/CVE-2017-7494/src/source3/printing/nt_printing_migrate.h,cab0afd6e68314ce22265e3cf5f4e636c232701e,CVE-2017-7494
484265150,Threekiii/Awesome-Exploit,Samba/CVE-2017-7494/src/source4/torture/rpc/drsuapi_w2k8.c,cac017e100ac676d6ee2ed611664441450840e65,CVE-2017-7494
484265150,Threekiii/Awesome-Exploit,Samba/CVE-2017-7494/src/README.contributing,cac7a32d43de6ed910dccbc7107da0ada3ac9cbd,CVE-2017-7494
484265150,Threekiii/Awesome-Exploit,Samba/CVE-2017-7494/src/libcli/security/access_check.h,cad86c79620a86408f9daf473dace1c58a1fdbb0,CVE-2017-7494
484265150,Threekiii/Awesome-Exploit,Samba/CVE-2017-7494/src/docs/manpages/smbtree.1,cad88a578b30ad1407f6b94fdb129cb7a4b4f5fe,CVE-2017-7494
484265150,Threekiii/Awesome-Exploit,Samba/CVE-2017-7494/src/source3/utils/smbpasswd.c,caf38899d9f3410f2827077349b7f7afdad73ad6,CVE-2017-7494
484265150,Threekiii/Awesome-Exploit,Samba/CVE-2017-7494/src/source4/heimdal/base/heimbase.c,cb19aa027a78381646c33aaf108854923aa2faa3,CVE-2017-7494
484265150,Threekiii/Awesome-Exploit,Samba/CVE-2017-7494/src/source4/smb_server/wscript_build,cb1faf7ea8cee756707165fad471b8d25288f16f,CVE-2017-7494
484265150,Threekiii/Awesome-Exploit,Samba/CVE-2017-7494/src/examples/autofs/auto.smb,cb2b496c532cfb6dff2a7f3e8f54f5285d5987df,CVE-2017-7494
484265150,Threekiii/Awesome-Exploit,Samba/CVE-2017-7494/src/source4/rpc_server/srvsvc/srvsvc_ntvfs.c,cb2e5385fda1c0edaafab2ecd898db5f3d75adac,CVE-2017-7494
484265150,Threekiii/Awesome-Exploit,Samba/CVE-2017-7494/src/source3/modules/vfs_tru64acl.h,cb2eb3cf2493bc0a8cc3ed4efe2e1b96d8e6c966,CVE-2017-7494
484265150,Threekiii/Awesome-Exploit,Samba/CVE-2017-7494/src/libcli/netlogon/netlogon.c,cb3058b6e91518e10d15982c450eda4cb2f407b9,CVE-2017-7494
484265150,Threekiii/Awesome-Exploit,Samba/CVE-2017-7494/src/source4/torture/raw/lock.c,cb38e03727947a6734d9096771b2946bff4fbf45,CVE-2017-7494
484265150,Threekiii/Awesome-Exploit,Samba/CVE-2017-7494/src/ctdb/tests/eventscripts/05.system.monitor.015.sh,cb395c0fe73184324cc7b3eff50f1743abfd5f77,CVE-2017-7494
484265150,Threekiii/Awesome-Exploit,Samba/CVE-2017-7494/src/docs-xml/Samba3-HOWTO/TOSHARG-ChangeNotes.xml,cb4b63441419194d60d9067f149eb42d9310dd6c,CVE-2017-7494
484265150,Threekiii/Awesome-Exploit,Samba/CVE-2017-7494/src/ctdb/tests/src/rb_perftest.c,cb4da94e5c9723946e48370294cd3b9a58b59199,CVE-2017-7494
484265150,Threekiii/Awesome-Exploit,Samba/CVE-2017-7494/src/third_party/zlib/deflate.c,cb6a0238bbf49e865da5ac119360105228dd8be5,CVE-2017-7494
484265150,Threekiii/Awesome-Exploit,Samba/CVE-2017-7494/src/ctdb/tests/eventscripts/13.per_ip_routing.012.sh,cb74b5a35add4d24ef5da9b8a115363030d6bbb4,CVE-2017-7494
484265150,Threekiii/Awesome-Exploit,Samba/CVE-2017-7494/src/ctdb/tests/tool/ctdb.lvs.004.sh,cb76c365f7a4c5c25ae7757fd9727b11b00d9260,CVE-2017-7494
484265150,Threekiii/Awesome-Exploit,Samba/CVE-2017-7494/src/source3/winbindd/wb_seqnums.c,cb80c94f3cbb47a577d870239756ac18ac6cb7ac,CVE-2017-7494
484265150,Threekiii/Awesome-Exploit,Samba/CVE-2017-7494/src/ctdb/utils/scsi_io/scsi_io.c,cb82c5354d6dc3f746378fd3dc061dd4c3047820,CVE-2017-7494
484265150,Threekiii/Awesome-Exploit,Samba/CVE-2017-7494/src/source3/utils/dbwrap_tool.c,cb840e3e0726b26f61e14252654ab3efca6a5116,CVE-2017-7494
484265150,Threekiii/Awesome-Exploit,Samba/CVE-2017-7494/src/source3/registry/reg_db.h,cb8b315f29dbeb68861e7d1e480829581774c56f,CVE-2017-7494
484265150,Threekiii/Awesome-Exploit,Samba/CVE-2017-7494/src/source4/setup/ad-schema/MS-AD_Schema_2K8_Attributes.txt,cb8d3d9a6507da246b80577369792715519d8aa1,CVE-2017-7494
484265150,Threekiii/Awesome-Exploit,Samba/CVE-2017-7494/src/packaging/NetworkManager/30-winbind-systemd,cb9881c60486ae77d89e0ad9abbd00c3a7a5c4fa,CVE-2017-7494
484265150,Threekiii/Awesome-Exploit,Samba/CVE-2017-7494/src/source4/libcli/clilist.c,cb9ae5957360d5ed05850f1fbb9c80fccc05adcc,CVE-2017-7494
484265150,Threekiii/Awesome-Exploit,Samba/CVE-2017-7494/src/source4/librpc/idl/winsrepl.idl,cb9b3d05054dbee95ffe61ca2352089602434d17,CVE-2017-7494
484265150,Threekiii/Awesome-Exploit,Samba/CVE-2017-7494/src/source4/scripting/devel/drs/vars,cba411fe0f995889a89652d1195bb28620b1ce22,CVE-2017-7494
484265150,Threekiii/Awesome-Exploit,Samba/CVE-2017-7494/src/source3/torture/test_cleanup.c,cba83e63e5884881a12b07a715ce530429817336,CVE-2017-7494
484265150,Threekiii/Awesome-Exploit,Samba/CVE-2017-7494/src/ctdb/tests/eventscripts/11.natgw.014.sh,cbc9121badbee690f033f03c2b5065fcbdd61789,CVE-2017-7494
484265150,Threekiii/Awesome-Exploit,Samba/CVE-2017-7494/src/source4/ldap_server/devdocs/rfc4520.txt,cbd1fbbfa443207428752f1223832ca049b651ae,CVE-2017-7494
484265150,Threekiii/Awesome-Exploit,Samba/CVE-2017-7494/src/third_party/zlib/contrib/puff/zeros.raw,cbd39d8e3c15062ccf16c7977c5f3726612e7710,CVE-2017-7494
484265150,Threekiii/Awesome-Exploit,Samba/CVE-2017-7494/src/ctdb/tests/takeover/lcp2.008.sh,cbeb44205d21c2aeb05eb89ee4ff64ac03585d73,CVE-2017-7494
484265150,Threekiii/Awesome-Exploit,Samba/CVE-2017-7494/src/buildtools/wafsamba/samba_bundled.py,cbf32c88ec9f214f97d9f3c6bc3cb7032c8e583e,CVE-2017-7494
484265150,Threekiii/Awesome-Exploit,Samba/CVE-2017-7494/src/docs-xml/smbdotconf/misc/followsymlinks.xml,cc10ce49c85d8e829ec0967d5c6e3213d540f7bf,CVE-2017-7494
484265150,Threekiii/Awesome-Exploit,Samba/CVE-2017-7494/src/source4/torture/libnet/libnet_lookup.c,cc12f2f779d4717a484307e580a1db3c77ad0e8e,CVE-2017-7494
484265150,Threekiii/Awesome-Exploit,Samba/CVE-2017-7494/src/third_party/pep8/testsuite/E50.py,cc151401b21600970b3c2d0b71873534c4674a27,CVE-2017-7494
484265150,Threekiii/Awesome-Exploit,Samba/CVE-2017-7494/src/ctdb/tests/tool/ctdb.listnodes.002.sh,cc239595685967ea3ac8550f5659a18b5de39633,CVE-2017-7494
484265150,Threekiii/Awesome-Exploit,Samba/CVE-2017-7494/src/source4/dsdb/common/dsdb_dn.c,cc2d6a837972986b724496d828bff9bf59ff3087,CVE-2017-7494
484265150,Threekiii/Awesome-Exploit,Samba/CVE-2017-7494/src/third_party/zlib/contrib/minizip/ioapi.c,cc35b18fead3f7e617a4f39975c2aaa7ed09414b,CVE-2017-7494
484265150,Threekiii/Awesome-Exploit,Samba/CVE-2017-7494/src/source4/torture/vfs/acl_xattr.c,cc4289d2ef9bdbe66089ff4c5f7ee7c53c8f6dca,CVE-2017-7494
484265150,Threekiii/Awesome-Exploit,Samba/CVE-2017-7494/src/docs-xml/smbdotconf/base/netbiosname.xml,cc49d254f795beb3fa2cf880a5433c255f26ad17,CVE-2017-7494
484265150,Threekiii/Awesome-Exploit,Samba/CVE-2017-7494/src/source4/utils/oLschema2ldif.c,cc5454e9cdfdd6e918028d8c1d62dc2b0ee3e969,CVE-2017-7494
484265150,Threekiii/Awesome-Exploit,Samba/CVE-2017-7494/src/librpc/ndr/ndr_rap.c,cc5e60567edaeaf6bbce947a8d08613ab61f8d51,CVE-2017-7494
484265150,Threekiii/Awesome-Exploit,Samba/CVE-2017-7494/src/ctdb/common/system_util.c,cc677ee31714c832f9da2e7b8be826623be58498,CVE-2017-7494
484265150,Threekiii/Awesome-Exploit,Samba/CVE-2017-7494/src/source4/cldap_server/cldap_server.h,cc7bec3b9f2e1c446ea8da6fa2994c3443ae2999,CVE-2017-7494
484265150,Threekiii/Awesome-Exploit,Samba/CVE-2017-7494/src/source3/smbd/password.c,cc83a9b69d2d46506f3f209952a343cb4e808bfa,CVE-2017-7494
484265150,Threekiii/Awesome-Exploit,Samba/CVE-2017-7494/src/source3/modules/vfs_aixacl_util.h,cc93d75742dd107627eb719fc7638b2d2c917b88,CVE-2017-7494
484265150,Threekiii/Awesome-Exploit,Samba/CVE-2017-7494/src/source4/libcli/raw/request.h,cca0988710807d1d91b95645e83b961810d2e6bf,CVE-2017-7494
484265150,Threekiii/Awesome-Exploit,Samba/CVE-2017-7494/src/ctdb/tests/eventscripts/60.nfs.monitor.113.sh,ccadf81b56d32803970137f7d30439c552ac1abd,CVE-2017-7494
484265150,Threekiii/Awesome-Exploit,Samba/CVE-2017-7494/src/ctdb/tests/eventscripts/11.natgw.022.sh,ccb482e3f7f2d7403e84c27547bc8dbd006fd74a,CVE-2017-7494
484265150,Threekiii/Awesome-Exploit,Samba/CVE-2017-7494/src/source4/torture/rpc/remote_pac.c,ccc7eacebbe553c56d906a784517004ce2619950,CVE-2017-7494
484265150,Threekiii/Awesome-Exploit,Samba/CVE-2017-7494/src/ctdb/tests/eventscripts/00.ctdb.init.007.sh,ccc9184fdbfd46abcee9c2dd2bed33568797cb2b,CVE-2017-7494
484265150,Threekiii/Awesome-Exploit,Samba/CVE-2017-7494/src/packaging/RHEL-CTDB/configure.rpm,cccdcdec7802278fba339699717ca86a2ec21168,CVE-2017-7494
484265150,Threekiii/Awesome-Exploit,Samba/CVE-2017-7494/src/source4/torture/rpc/object_uuid.c,ccded7a8fc5ebabde985beaac19c0848b3e3c4e9,CVE-2017-7494
484265150,Threekiii/Awesome-Exploit,Samba/CVE-2017-7494/src/source3/winbindd/winbindd_domain.c,cce0d978939d32cdcd066a49e62a2f9e9a1496bf,CVE-2017-7494
484265150,Threekiii/Awesome-Exploit,Samba/CVE-2017-7494/src/docs-xml/smbdotconf/locking/lockspintime.xml,cce2d25ec023b0c09073ffb7fa6ab3af881b726c,CVE-2017-7494
484265150,Threekiii/Awesome-Exploit,Samba/CVE-2017-7494/src/buildtools/compare_config_h4.sh,cceceb5adbc07f305c81f21077d199720b490548,CVE-2017-7494
484265150,Threekiii/Awesome-Exploit,Samba/CVE-2017-7494/src/source3/libsmb/proto.h,ccf9302b1294c48a6d14c58f8d281966c2bf2139,CVE-2017-7494
484265150,Threekiii/Awesome-Exploit,Samba/CVE-2017-7494/src/docs-xml/smbdotconf/base/interfaces.xml,ccf9fe6fe1aa661acd70ff0de70a30ddab72a023,CVE-2017-7494
484265150,Threekiii/Awesome-Exploit,Samba/CVE-2017-7494/src/ctdb/tests/eventscripts/60.nfs.monitor.131.sh,cd04190457b7c6f6061a282c82822ed8898714f7,CVE-2017-7494
484265150,Threekiii/Awesome-Exploit,Samba/CVE-2017-7494/src/docs-xml/smbdotconf/protocol/maxxmit.xml,cd0d3b34ba2021ada164b743f12638257fe76b4f,CVE-2017-7494
484265150,Threekiii/Awesome-Exploit,Samba/CVE-2017-7494/src/source4/ntvfs/sysdep/README,cd14f3ec66beecd32cd4d6504901258c0807c052,CVE-2017-7494
484265150,Threekiii/Awesome-Exploit,Samba/CVE-2017-7494/src/source3/libsmb/libsmb_file.c,cd1e8a1c232834978bad848e7ff76118e05e48d6,CVE-2017-7494
484265150,Threekiii/Awesome-Exploit,Samba/CVE-2017-7494/src/source4/utils/man/ad2oLschema.1.xml,cd2a58654e69153bf5d5642f00413932b0ce0f9a,CVE-2017-7494
484265150,Threekiii/Awesome-Exploit,Samba/CVE-2017-7494/src/source3/client/clitar.c,cd4def121c91b259272f23600acd9ebb02281168,CVE-2017-7494
484265150,Threekiii/Awesome-Exploit,Samba/CVE-2017-7494/src/docs-xml/smbdotconf/protocol/maxttl.xml,cd509f424dbbcff14b51f89fd37a324b5926205f,CVE-2017-7494
484265150,Threekiii/Awesome-Exploit,Samba/CVE-2017-7494/src/docs-xml/smbdotconf/filename/manglednames.xml,cd5c8fd948a41b5b10ec8c166ffe0cbf48b51d03,CVE-2017-7494
484265150,Threekiii/Awesome-Exploit,Samba/CVE-2017-7494/src/ctdb/ib/ibwrapper_internal.h,cd715015fef86d7e14b5a5d651131a59bfb48f05,CVE-2017-7494
484265150,Threekiii/Awesome-Exploit,Samba/CVE-2017-7494/src/source4/torture/local/wscript_build,cd74e44434d5a757d03cf387a301b8b686612d83,CVE-2017-7494
484265150,Threekiii/Awesome-Exploit,Samba/CVE-2017-7494/src/third_party/dnspython/dns/rdataclass.py,cd8050fc5b3d9c8c0ff27055bc01a1a9b0e6e8bb,CVE-2017-7494
484265150,Threekiii/Awesome-Exploit,Samba/CVE-2017-7494/src/docs-xml/Samba3-Developers-Guide/contributing.xml,cd815ac269f67aea42f38000444322295bdcabea,CVE-2017-7494
484265150,Threekiii/Awesome-Exploit,Samba/CVE-2017-7494/src/source4/torture/ldap/basic.c,cd8bc70ec13cd27c6c66b247ad750bfcc567b282,CVE-2017-7494
484265150,Threekiii/Awesome-Exploit,Samba/CVE-2017-7494/src/source3/script/tests/test_net_registry_check.sh,cdacbbb492cf769d7e73574cce848d11b9dad9f2,CVE-2017-7494
484265150,Threekiii/Awesome-Exploit,Samba/CVE-2017-7494/src/source3/libsmb/trusts_util.c,cdbfb4fd07396e3fe5f1545fb10b256854b1ca97,CVE-2017-7494
484265150,Threekiii/Awesome-Exploit,Samba/CVE-2017-7494/src/testsuite/smbd/sec_ctx_utils.h,cdcd8ab53fdc81d77c994196e5915868d0f1a388,CVE-2017-7494
484265150,Threekiii/Awesome-Exploit,Samba/CVE-2017-7494/src/libcli/smb/smb2_constants.h,cdd61cb66be8dbd55ded1757d228c2a26bac2e68,CVE-2017-7494
484265150,Threekiii/Awesome-Exploit,Samba/CVE-2017-7494/src/docs-xml/smbdotconf/logon/abortshutdownscript.xml,cddcba24399dae44013b9a21bb3a867c0d377f74,CVE-2017-7494
484265150,Threekiii/Awesome-Exploit,Samba/CVE-2017-7494/src/librpc/idl/ioctl.idl,cdf0a8fbeae4d7457b66ffb10cc0e6f9d3aa47b2,CVE-2017-7494
484265150,Threekiii/Awesome-Exploit,Samba/CVE-2017-7494/src/docs-xml/smbdotconf/vfs/hostmsdfs.xml,cdf926d3c51d2cd5e613a18409f7d6d457b7c52f,CVE-2017-7494
484265150,Threekiii/Awesome-Exploit,Samba/CVE-2017-7494/src/docs-xml/smbdotconf/browse/lminterval.xml,ce05faf42b31789e86c1a2aaea6f28c7998f6936,CVE-2017-7494
484265150,Threekiii/Awesome-Exploit,Samba/CVE-2017-7494/src/source3/libnet/libnet_keytab.c,ce10e348a28c3c54ce3d0c2021f1bf4fcc799acc,CVE-2017-7494
484265150,Threekiii/Awesome-Exploit,Samba/CVE-2017-7494/src/source4/scripting/devel/nmfind,ce1146153c49e2b469288d53cb4b09f8c93de7d6,CVE-2017-7494
484265150,Threekiii/Awesome-Exploit,Samba/CVE-2017-7494/src/source4/ntvfs/common/opendb.h,ce1cdf043f1a0fc4351a7ab410367eac46de2cea,CVE-2017-7494
484265150,Threekiii/Awesome-Exploit,Samba/CVE-2017-7494/src/source4/dsdb/samdb/ldb_modules/objectclass.c,ce1d3db096f87aa63aeb458cc79301f9108a10ac,CVE-2017-7494
484265150,Threekiii/Awesome-Exploit,Samba/CVE-2017-7494/src/ctdb/tests/tool/ctdb.getreclock.001.sh,ce20b33957d248ff0f1edcb0395301471ced4d26,CVE-2017-7494
484265150,Threekiii/Awesome-Exploit,Samba/CVE-2017-7494/src/librpc/tools/wscript_build,ce276dd8e9bfdd55bf49e8cd0cfb1282ae391b18,CVE-2017-7494
484265150,Threekiii/Awesome-Exploit,Samba/CVE-2017-7494/src/source4/smbd/service_stream.h,ce2c83cdf5c8dfc9db479d15d4584c442b26a9c5,CVE-2017-7494
484265150,Threekiii/Awesome-Exploit,Samba/CVE-2017-7494/src/third_party/dnspython/dns/tsigkeyring.py,ce36f31a55a2bf4cdf1cbd73dbda9b987e7cd327,CVE-2017-7494
484265150,Threekiii/Awesome-Exploit,Samba/CVE-2017-7494/src/python/samba/tests/libsmb_samba_internal.py,ce4219449d414f627d36cef203ad12c85be521f4,CVE-2017-7494
484265150,Threekiii/Awesome-Exploit,Samba/CVE-2017-7494/src/buildtools/wafsamba/samba_patterns.py,ce521fdcd91ae80023c8bfc063674032f44039a7,CVE-2017-7494
484265150,Threekiii/Awesome-Exploit,Samba/CVE-2017-7494/src/source4/torture/rpc/frsapi.c,ce56b17f1defeb7a44e6a048557e39acc9ad48c0,CVE-2017-7494
484265150,Threekiii/Awesome-Exploit,Samba/CVE-2017-7494/src/ctdb/tests/eventscripts/10.interface.releaseip.002.sh,ce5ac80a1a93a576900080751f98d8e28425569b,CVE-2017-7494
484265150,Threekiii/Awesome-Exploit,Samba/CVE-2017-7494/src/third_party/zlib/contrib/vstudio/vc7/zlibstat.vcproj,ce6b468ce28587db2f5eead873b973af1f6d56c6,CVE-2017-7494
484265150,Threekiii/Awesome-Exploit,Samba/CVE-2017-7494/src/docs-xml/smbdotconf/base/unixcharset.xml,ce6ca60dd8a95efd8c4229aac49d4de3aebecce8,CVE-2017-7494
484265150,Threekiii/Awesome-Exploit,Samba/CVE-2017-7494/src/source4/libcli/smb_composite/fetchfile.c,ce7ea74d04f6bb7c669f67baf4bdfaf257d32842,CVE-2017-7494
484265150,Threekiii/Awesome-Exploit,Samba/CVE-2017-7494/src/python/examples/dnsserver.py,ce81aeed7f5c6bdd7414908258d1be4a395343d4,CVE-2017-7494
484265150,Threekiii/Awesome-Exploit,Samba/CVE-2017-7494/src/testprogs/win32/spoolss/torture.c,ce8d19e93accf09b51936da9686d8f1ef8217a77,CVE-2017-7494
484265150,Threekiii/Awesome-Exploit,Samba/CVE-2017-7494/src/source4/setup/fedorads-dna.ldif,ce8eefa776dd93a7e646381b83776cc7b6e06647,CVE-2017-7494
484265150,Threekiii/Awesome-Exploit,Samba/CVE-2017-7494/src/libcli/smb/smb_seal.c,ce93c5e8c35aaa7e5f9360827d47afddafa471b1,CVE-2017-7494
484265150,Threekiii/Awesome-Exploit,Samba/CVE-2017-7494/src/selftest/manage-ca/manage-ca.templates.d/openssl-DC-template.cnf,ce948ba636b61b92a913c7a05346daf216bf8857,CVE-2017-7494
484265150,Threekiii/Awesome-Exploit,Samba/CVE-2017-7494/src/source3/libads/ldap_schema.c,ce9a608fa209a8a2b301aad9a13b540b95e9e459,CVE-2017-7494
484265150,Threekiii/Awesome-Exploit,Samba/CVE-2017-7494/src/examples/libsmbclient/testacl.c,ce9c2e90ebbdf140d4921ea681d54984dbcd0937,CVE-2017-7494
484265150,Threekiii/Awesome-Exploit,Samba/CVE-2017-7494/src/ctdb/tests/src/protocol_types_test.c,ceab025d87b61228bf7c35e93268c9c8dac61360,CVE-2017-7494
484265150,Threekiii/Awesome-Exploit,Samba/CVE-2017-7494/src/selftest/README,ceb420369f4958b55fa762a78629ad9388272421,CVE-2017-7494
484265150,Threekiii/Awesome-Exploit,Samba/CVE-2017-7494/src/source4/libcli/smb2/tdis.c,cebf4b2ed9ef90d8cd7c5fbe42f568a6a504edeb,CVE-2017-7494
484265150,Threekiii/Awesome-Exploit,Samba/CVE-2017-7494/src/docs-xml/Samba3-Developers-Guide/wins.xml,cec58e8935870b7faac67485fe4272938ce35b2c,CVE-2017-7494
484265150,Threekiii/Awesome-Exploit,Samba/CVE-2017-7494/src/ctdb/tests/onnode/0072.sh,ced1bee530a4a2be57a3b4f92c472143c8771656,CVE-2017-7494
484265150,Threekiii/Awesome-Exploit,Samba/CVE-2017-7494/src/source4/cluster/cluster.h,ced567b458266bf1d69154efd035facfd2021d1e,CVE-2017-7494
484265150,Threekiii/Awesome-Exploit,Samba/CVE-2017-7494/src/ctdb/tests/tool/ctdb.runstate.003.sh,ceddeccf80b4083b11447baffc0b28eff73379fd,CVE-2017-7494
484265150,Threekiii/Awesome-Exploit,Samba/CVE-2017-7494/src/source3/utils/sharesec.c,cee33aabcb53c540475d77a134ae64d676a09c77,CVE-2017-7494
484265150,Threekiii/Awesome-Exploit,Samba/CVE-2017-7494/src/third_party/dnspython/dns/rdtypes/IN/A.py,cef067461d78762a5afe2ed6870a716648be47cf,CVE-2017-7494
484265150,Threekiii/Awesome-Exploit,Samba/CVE-2017-7494/src/docs-xml/smbdotconf/security/forceunknownacluser.xml,cef4f971b3fddb30c0b045d87e4d0d81a4b54fd9,CVE-2017-7494
484265150,Threekiii/Awesome-Exploit,Samba/CVE-2017-7494/src/ctdb/tests/eventscripts/20.multipathd.monitor.002.sh,cefa3324f24d2270f525dd4389d0b239d16b1169,CVE-2017-7494
484265150,Threekiii/Awesome-Exploit,Samba/CVE-2017-7494/src/source4/setup/provision_self_join_config.ldif,cf03e55a5d6769aef9b8d9f00959345ef64db3ee,CVE-2017-7494
484265150,Threekiii/Awesome-Exploit,Weblogic/weblogicScanner/stars/cve_2018_2893.py,cf04076d26ad276449c2ffba81a6faa29b78ead7,CVE-2018-2893
484265150,Threekiii/Awesome-Exploit,Samba/CVE-2017-7494/src/source3/libads/ldap_user.c,cf20d3bb3c324ca7861a3cae5074130c53753518,CVE-2017-7494
484265150,Threekiii/Awesome-Exploit,Samba/CVE-2017-7494/src/ctdb/tests/cunit/comm_test_002.sh,cf2dc6621c3664572071ca2032d4576a76672d4d,CVE-2017-7494
484265150,Threekiii/Awesome-Exploit,Samba/CVE-2017-7494/src/docs-xml/smbdotconf/security/forcecreatemode.xml,cf3191598340651fa75fbeed9268c0bc93d46c46,CVE-2017-7494
484265150,Threekiii/Awesome-Exploit,Samba/CVE-2017-7494/src/source3/libsmb/libsmb_thread_impl.c,cf3e00afb1c97b9c83b80c30fa42e1475b3179bd,CVE-2017-7494
484265150,Threekiii/Awesome-Exploit,Samba/CVE-2017-7494/src/ctdb/tests/eventscripts/11.natgw.054.sh,cf5d2aed48547dcccb170e67604730b9a3ea1b28,CVE-2017-7494
484265150,Threekiii/Awesome-Exploit,Samba/CVE-2017-7494/src/docs-xml/Samba3-HOWTO/images/idmap.svg,cf6172768a008ca33a33d3b84e4ce31c928bf90c,CVE-2017-7494
484265150,Threekiii/Awesome-Exploit,Samba/CVE-2017-7494/src/ctdb/tests/eventscripts/11.natgw.011.sh,cf6960878b049347d95c009fc1cc01721c9e2971,CVE-2017-7494
484265150,Threekiii/Awesome-Exploit,Samba/CVE-2017-7494/src/examples/VFS/skel_opaque.c,cf6f4a2b9497a7038f97ddc1574aa08f8c606b67,CVE-2017-7494
484265150,Threekiii/Awesome-Exploit,Samba/CVE-2017-7494/src/source4/torture/libnet/libnet_user.c,cf6fc0f9ea6831a8374e621c3bd9ef9a72365647,CVE-2017-7494
484265150,Threekiii/Awesome-Exploit,Samba/CVE-2017-7494/src/source3/winbindd/winbindd_async.c,cf83cb2d85dbda2bc10141def17c58d235b6bb9b,CVE-2017-7494
484265150,Threekiii/Awesome-Exploit,Samba/CVE-2017-7494/src/python/samba/netcmd/dns.py,cf84dfdb0ab95f661475a58bf66dd504ff4168f2,CVE-2017-7494
484265150,Threekiii/Awesome-Exploit,Samba/CVE-2017-7494/src/source3/auth/proto.h,cf8e1687d00b631148ab6f23bcc10715cd31eeca,CVE-2017-7494
484265150,Threekiii/Awesome-Exploit,Samba/CVE-2017-7494/src/source4/libcli/climessage.c,cf95e1f17931649ce97ec7ac36856f1476aae892,CVE-2017-7494
484265150,Threekiii/Awesome-Exploit,Samba/CVE-2017-7494/src/docs/manpages/net.8,cf9d64f65a17ce330ab5364632b012b180afeddc,CVE-2017-7494
484265150,Threekiii/Awesome-Exploit,Samba/CVE-2017-7494/src/source3/modules/non_posix_acls.c,cf9dd878609d3053fa252d8214beafb0def15a76,CVE-2017-7494
484265150,Threekiii/Awesome-Exploit,Samba/CVE-2017-7494/src/source4/torture/winbind/wscript_build,cfa135f8b575e8b1a132a0d546edc81573e4a873,CVE-2017-7494
484265150,Threekiii/Awesome-Exploit,Samba/CVE-2017-7494/src/packaging/RHEL/samba.spec.tmpl,cfab8ad2da21ae39bd78b8f8646d8e4930cade67,CVE-2017-7494
484265150,Threekiii/Awesome-Exploit,Samba/CVE-2017-7494/src/docs-xml/smbdotconf/base/workgroup.xml,cfb2177a4b03af053003d951fc3409e9d4f409fd,CVE-2017-7494
484265150,Threekiii/Awesome-Exploit,Samba/CVE-2017-7494/src/ctdb/tests/onnode/README,cfc603d6a12782431a6025ca2d1879f4221fc95b,CVE-2017-7494
484265150,Threekiii/Awesome-Exploit,Samba/CVE-2017-7494/src/ctdb/tests/eventscripts/50.samba.monitor.101.sh,cfd58d0988a616bb32ac4f01a8c21905f6f4f978,CVE-2017-7494
484265150,Threekiii/Awesome-Exploit,Samba/CVE-2017-7494/src/source3/winbindd/idmap_proto.h,cfe88f8b3a474b82db0250b060d6a08fe254a20d,CVE-2017-7494
484265150,Threekiii/Awesome-Exploit,Samba/CVE-2017-7494/src/.travis.yml,cff86585af51750ec1dd568487739047d2a0bd72,CVE-2017-7494
484265150,Threekiii/Awesome-Exploit,Samba/CVE-2017-7494/src/third_party/dnspython/dns/wiredata.py,d0069885777c5acb45a1ab040a16f8837645e1a1,CVE-2017-7494
484265150,Threekiii/Awesome-Exploit,Samba/CVE-2017-7494/src/source4/auth/ntlm/auth_unix.c,d00f5979a6b9eef95560bf62207e07a71d682c68,CVE-2017-7494
484265150,Threekiii/Awesome-Exploit,Samba/CVE-2017-7494/src/testsuite/nsswitch/wbinfo.exp,d036f1f496034a9583881ee4b8364939b8ba2b3c,CVE-2017-7494
484265150,Threekiii/Awesome-Exploit,Samba/CVE-2017-7494/src/python/samba/upgrade.py,d03b33d2d9e76b79c95b24f6035c6ddaf72ec876,CVE-2017-7494
484265150,Threekiii/Awesome-Exploit,Samba/CVE-2017-7494/src/third_party/zlib/contrib/infback9/infback9.h,d0486a32b558dcaceded5f0746fad62e680a4734,CVE-2017-7494
484265150,Threekiii/Awesome-Exploit,Samba/CVE-2017-7494/src/ctdb/tests/simple/41_ctdb_stop.sh,d0501028d3561941740d15d01932080f82b01c21,CVE-2017-7494
484265150,Threekiii/Awesome-Exploit,Samba/CVE-2017-7494/src/third_party/dnspython/dns/ttl.py,d06b78c64fb748b4b3d02e36496f8e8e09bed378,CVE-2017-7494
484265150,Threekiii/Awesome-Exploit,ActiveMQ/CVE-2015-5254/jmet-0.1.0-all.jar,d06d8ece5ac5221b0851129cfb6faa7e5af97423,VU#57
484265150,Threekiii/Awesome-Exploit,ActiveMQ/CVE-2015-5254/jmet-0.1.0-all.jar,d06d8ece5ac5221b0851129cfb6faa7e5af97423,VU#58
484265150,Threekiii/Awesome-Exploit,ActiveMQ/CVE-2015-5254/jmet-0.1.0-all.jar,d06d8ece5ac5221b0851129cfb6faa7e5af97423,VU#26
484265150,Threekiii/Awesome-Exploit,ActiveMQ/CVE-2015-5254/jmet-0.1.0-all.jar,d06d8ece5ac5221b0851129cfb6faa7e5af97423,CVE-2015-5254
484265150,Threekiii/Awesome-Exploit,ActiveMQ/CVE-2015-5254/jmet-0.1.0-all.jar,d06d8ece5ac5221b0851129cfb6faa7e5af97423,VU#38
484265150,Threekiii/Awesome-Exploit,ActiveMQ/CVE-2015-5254/jmet-0.1.0-all.jar,d06d8ece5ac5221b0851129cfb6faa7e5af97423,VU#03
484265150,Threekiii/Awesome-Exploit,ActiveMQ/CVE-2015-5254/jmet-0.1.0-all.jar,d06d8ece5ac5221b0851129cfb6faa7e5af97423,VU#13
484265150,Threekiii/Awesome-Exploit,ActiveMQ/CVE-2015-5254/jmet-0.1.0-all.jar,d06d8ece5ac5221b0851129cfb6faa7e5af97423,VU#461
484265150,Threekiii/Awesome-Exploit,ActiveMQ/CVE-2015-5254/jmet-0.1.0-all.jar,d06d8ece5ac5221b0851129cfb6faa7e5af97423,VU#78
484265150,Threekiii/Awesome-Exploit,ActiveMQ/CVE-2015-5254/jmet-0.1.0-all.jar,d06d8ece5ac5221b0851129cfb6faa7e5af97423,VU#45
484265150,Threekiii/Awesome-Exploit,ActiveMQ/CVE-2015-5254/jmet-0.1.0-all.jar,d06d8ece5ac5221b0851129cfb6faa7e5af97423,VU#39
484265150,Threekiii/Awesome-Exploit,ActiveMQ/CVE-2015-5254/jmet-0.1.0-all.jar,d06d8ece5ac5221b0851129cfb6faa7e5af97423,VU#37
484265150,Threekiii/Awesome-Exploit,Weblogic/weblogicScanner/stars/__pycache__/cve_2019_2890.cpython-36.pyc,d07b273fbf50aeedc7050a2ab080d8aa48560f30,CVE-2019-2890
484265150,Threekiii/Awesome-Exploit,Samba/CVE-2017-7494/src/source3/modules/vfs_btrfs.c,d07b722e3873b51ae4d5539a8593c31e648993c7,CVE-2017-7494
484265150,Threekiii/Awesome-Exploit,Samba/CVE-2017-7494/src/ctdb/server/ctdb_call.c,d07d8f1667e88570260d777f7684ac6401d49d5a,CVE-2017-7494
484265150,Threekiii/Awesome-Exploit,Samba/CVE-2017-7494/src/ctdb/protocol/protocol_util.c,d0a7a6864a62bec085cb3b6f6c608e5e954ad1c8,CVE-2017-7494
484265150,Threekiii/Awesome-Exploit,Samba/CVE-2017-7494/src/source4/dsdb/samdb/ldb_modules/objectguid.c,d0b10efbbf641cacff83ca653b2eed3a66ccdfc9,CVE-2017-7494
484265150,Threekiii/Awesome-Exploit,Samba/CVE-2017-7494/src/source4/torture/drs/python/drs_base.py,d0b523d0aa30c4f47a1be3195fa96d739ee45e18,CVE-2017-7494
484265150,Threekiii/Awesome-Exploit,Samba/CVE-2017-7494/src/ctdb/tests/eventscripts/13.per_ip_routing.007.sh,d0b676674a6093df3cbf1236f7bd9ebb1e3cfd76,CVE-2017-7494
484265150,Threekiii/Awesome-Exploit,Samba/CVE-2017-7494/src/source3/winbindd/winbindd_getpwent.c,d0b6f64297e54927acd6768a8aa3b014da2569af,CVE-2017-7494
484265150,Threekiii/Awesome-Exploit,Samba/CVE-2017-7494/src/source3/registry/reg_backend_perflib.c,d0bab6ea06139acc8453ef1f1e510dde649ce72f,CVE-2017-7494
484265150,Threekiii/Awesome-Exploit,Samba/CVE-2017-7494/src/source4/smb_server/smb2/find.c,d0bc32315f7d0891d21038e0edca4bdbccb5a976,CVE-2017-7494
484265150,Threekiii/Awesome-Exploit,Samba/CVE-2017-7494/src/ctdb/tests/eventscripts/05.system.monitor.007.sh,d0d11088618ed970c03ecc12235e5e9e48a8702d,CVE-2017-7494
484265150,Threekiii/Awesome-Exploit,Samba/CVE-2017-7494/src/docs-xml/smbdotconf/protocol/eventloglist.xml,d0d5893eac8f597ec36ba4881cea8d7eab557182,CVE-2017-7494
484265150,Threekiii/Awesome-Exploit,Samba/CVE-2017-7494/src/ctdb/server/ctdb_vacuum.c,d0e389324093f0a8696217b8336297d8b1d08728,CVE-2017-7494
484265150,Threekiii/Awesome-Exploit,Samba/CVE-2017-7494/src/ctdb/tests/tool/ctdb.lvs.001.sh,d0e4eda63199b58cdc9928fd202e0c1dfe6ccbd6,CVE-2017-7494
484265150,Threekiii/Awesome-Exploit,Samba/CVE-2017-7494/src/source4/libnet/groupman.h,d0ed6a06ef19c1d9cc3c87f92500542334fb3951,CVE-2017-7494
484265150,Threekiii/Awesome-Exploit,Samba/CVE-2017-7494/src/source4/libnet/libnet_become_dc.h,d1027dc9a50623a601c65402ddc2783b9800caa2,CVE-2017-7494
484265150,Threekiii/Awesome-Exploit,Samba/CVE-2017-7494/src/source4/dsdb/schema/schema_prefixmap.c,d102f21899ee37b213c20ae352d236a5a4c90109,CVE-2017-7494
484265150,Threekiii/Awesome-Exploit,Samba/CVE-2017-7494/src/source4/auth/gensec/gensec_tstream.h,d105485adbb28a729c922e0789f1365ba2f15172,CVE-2017-7494
484265150,Threekiii/Awesome-Exploit,Samba/CVE-2017-7494/src/testprogs/win32/spoolss/printlib.c,d10a6fba3bd638f5d3a96c4ec574a9ffd07f3e8b,CVE-2017-7494
484265150,Threekiii/Awesome-Exploit,Samba/CVE-2017-7494/src/source3/rpc_client/init_samr.h,d10ef73dc055e4535ac78b95a0e47e4c7f010837,CVE-2017-7494
484265150,Threekiii/Awesome-Exploit,Samba/CVE-2017-7494/src/source4/setup/secrets_sasl_ldap.ldif,d10f87b5042f6ef916cc2172e4220cbc268b134a,CVE-2017-7494
484265150,Threekiii/Awesome-Exploit,Samba/CVE-2017-7494/src/python/samba/netcmd/ntacl.py,d1178a9ba6a98ccb4d4c65ec9c1507d67435e3f2,CVE-2017-7494
484265150,Threekiii/Awesome-Exploit,Samba/CVE-2017-7494/src/ctdb/tests/src/lock_tdb.c,d11b8d5fddca3a86b7f51bfeb263c2db91177e05,CVE-2017-7494
484265150,Threekiii/Awesome-Exploit,Samba/CVE-2017-7494/src/docs-xml/smbdotconf/printing/printable.xml,d12115a3b3175c0d868d61624194e6e52ef17efd,CVE-2017-7494
484265150,Threekiii/Awesome-Exploit,Samba/CVE-2017-7494/src/docs-xml/smbdotconf/security/createmask.xml,d12d8c7886874f2889802104bca52d191a668dee,CVE-2017-7494
484265150,Threekiii/Awesome-Exploit,Samba/CVE-2017-7494/src/source3/script/tests/test_net_registry.sh,d13ef0058b3a2ecbd82751473c93391a42bb2342,CVE-2017-7494
484265150,Threekiii/Awesome-Exploit,Samba/CVE-2017-7494/src/source4/torture/libsmbclient/libsmbclient.c,d140f9a9d09d596ad5d9b56fcd04a76000bfd6cc,CVE-2017-7494
484265150,Threekiii/Awesome-Exploit,Samba/CVE-2017-7494/src/script/generate_param.py,d142958fa87843f29ac23bc5ee3fa7eb4f89f280,CVE-2017-7494
484265150,Threekiii/Awesome-Exploit,Samba/CVE-2017-7494/src/librpc/ndr/ndr_dnsp.c,d152b5f8e7a05aafc0d9cd69dbdbb9d162c3236a,CVE-2017-7494
484265150,Threekiii/Awesome-Exploit,Samba/CVE-2017-7494/src/ctdb/tests/simple/71_ctdb_wipedb.sh,d155d4d1dad9d3729c99bb74f4a3632d93f7c3ee,CVE-2017-7494
484265150,Threekiii/Awesome-Exploit,Samba/CVE-2017-7494/src/source4/dsdb/wscript_build,d15c8bcc201629c3b701f5f59096de2e7409a128,CVE-2017-7494
484265150,Threekiii/Awesome-Exploit,Samba/CVE-2017-7494/src/source3/nmbd/nmbd_elections.c,d16580c36b0ccc1c2dd96d3b8f375d8b76952831,CVE-2017-7494
484265150,Threekiii/Awesome-Exploit,Samba/CVE-2017-7494/src/libcli/smb/read_smb.c,d165e7cb41a14b4757d8ca4157d8ec1d7d3b66c8,CVE-2017-7494
484265150,Threekiii/Awesome-Exploit,Samba/CVE-2017-7494/src/source3/printing/print_aix.c,d167704faf403af90a65f76d29895a4b43bcea9b,CVE-2017-7494
484265150,Threekiii/Awesome-Exploit,Samba/CVE-2017-7494/src/wscript_build_embedded_heimdal,d19ee3e93c025dcf6d39b0cd4ca21465c359739a,CVE-2017-7494
484265150,Threekiii/Awesome-Exploit,Samba/CVE-2017-7494/src/libcli/security/dom_sid.h,d1a28fc2d3267317cb37b4f2b6506e98b0362366,CVE-2017-7494
484265150,Threekiii/Awesome-Exploit,Samba/CVE-2017-7494/src/docs-xml/smbdotconf/security/passwdchattimeout.xml,d1c269812c2e0afa85ddb911c2e3eac2bf9db647,CVE-2017-7494
484265150,Threekiii/Awesome-Exploit,Samba/CVE-2017-7494/src/examples/LDAP/samba.schema.at.IBM-DS,d1cf461de083272ab3750998c8a344bb0767cd9a,CVE-2017-7494
484265150,Threekiii/Awesome-Exploit,Samba/CVE-2017-7494/src/source4/libcli/smb_composite/smb2.c,d1d5e957c8a625653d35937175890d43fb3331b5,CVE-2017-7494
484265150,Threekiii/Awesome-Exploit,Samba/CVE-2017-7494/src/docs-xml/Samba3-HOWTO/images/pdftoepsonusb.svg,d20603988ecf9f74d91879b0b02114d989e39d77,CVE-2017-7494
484265150,Threekiii/Awesome-Exploit,Samba/CVE-2017-7494/src/third_party/dnspython/dns/rdtypes/nsbase.py,d2085368e2fa44cfb63257037257b6f250d8b910,CVE-2017-7494
484265150,Threekiii/Awesome-Exploit,Samba/CVE-2017-7494/src/docs-xml/manpages/idmap_ad.8.xml,d20a8bb8f8af9977f3bf85046b98bb832aa0c355,CVE-2017-7494
484265150,Threekiii/Awesome-Exploit,Samba/CVE-2017-7494/src/source3/printing/queue_process.c,d2373a7ed22622cb469cfc70eca49938550456fe,CVE-2017-7494
484265150,Threekiii/Awesome-Exploit,Samba/CVE-2017-7494/src/source4/torture/man/masktest.1.xml,d267a9685ed6b7399bdbf1106a8cf8c2abe54607,CVE-2017-7494
484265150,Threekiii/Awesome-Exploit,Samba/CVE-2017-7494/src/ctdb/tests/tool/ctdb.natgw.006.sh,d27bc564b95e91a67b4c2f8881c5452fc9daec42,CVE-2017-7494
484265150,Threekiii/Awesome-Exploit,Samba/CVE-2017-7494/src/testprogs/win32/midltests/valid/midltests_union_align_18.txt,d28035ef799d036828caff7af29ecf94c28bcd7c,CVE-2017-7494
484265150,Threekiii/Awesome-Exploit,Samba/CVE-2017-7494/src/source3/libsmb/passchange.c,d2857d164cc7a9173848572a92bffa846582e407,CVE-2017-7494
484265150,Threekiii/Awesome-Exploit,Samba/CVE-2017-7494/src/selftest/manage-ca/CA-samba.example.com/DCs/localdc.samba.example.com/DC-localdc.samba.example.com-S00-cert.pem,d2875d1e48699e3217a76c485d922572dfb98a87,CVE-2017-7494
484265150,Threekiii/Awesome-Exploit,Samba/CVE-2017-7494/src/source3/script/tests/test_rpcclient_pw_nt_hash.sh,d29ee85323b5f0a4ee6e20be2f05bf52fd60c241,CVE-2017-7494
484265150,Threekiii/Awesome-Exploit,Samba/CVE-2017-7494/src/source4/rpc_server/browser/dcesrv_browser.c,d2bc9bd7ef7a386315f30ceb699b1e09d228fb0e,CVE-2017-7494
484265150,Threekiii/Awesome-Exploit,Samba/CVE-2017-7494/src/libcli/auth/msrpc_parse.c,d2c3fb642873c9e55c3de775af3da42abffb10b2,CVE-2017-7494
484265150,Threekiii/Awesome-Exploit,Samba/CVE-2017-7494/src/source4/torture/winbind/struct_based.c,d2c440b512fdbc6a2d7300a0b4ba9a17b34a28a3,CVE-2017-7494
484265150,Threekiii/Awesome-Exploit,Samba/CVE-2017-7494/src/source4/dsdb/samdb/ldb_modules/anr.c,d2c4e11f2a4fa3b28b02c93684205b8e86c085d0,CVE-2017-7494
484265150,Threekiii/Awesome-Exploit,Samba/CVE-2017-7494/src/third_party/zlib/contrib/minizip/zip.h,d2d6fdfc7265f32ca0130d139230af94deae7a4c,CVE-2017-7494
484265150,Threekiii/Awesome-Exploit,Samba/CVE-2017-7494/src/docs-xml/Samba3-HOWTO/images/idmap-gid2sid.svg,d2d78214c6deb4976efaecedb55dff2c9a9ca9a5,CVE-2017-7494
484265150,Threekiii/Awesome-Exploit,Samba/CVE-2017-7494/src/docs-xml/configure.ac,d300ec13f84dd54c37a15332e78872d33e6ec31b,CVE-2017-7494
484265150,Threekiii/Awesome-Exploit,Samba/CVE-2017-7494/src/source3/utils/net_g_lock.c,d3114349755f4e4b1f9d4ae0a540cef70aaa1514,CVE-2017-7494
484265150,Threekiii/Awesome-Exploit,Samba/CVE-2017-7494/src/source3/smbd/smb2_read.c,d31f2e70395d2acdebde1657a9ddbb43f93a18d0,CVE-2017-7494
484265150,Threekiii/Awesome-Exploit,Samba/CVE-2017-7494/src/ctdb/tests/cunit/porting_tests_001.sh,d3213b941f2088cf12634239409d46d2aa751be3,CVE-2017-7494
484265150,Threekiii/Awesome-Exploit,Samba/CVE-2017-7494/src/third_party/waf/wafadmin/Tools/perl.py,d3216e16827803c8383fc2582ac7e1a93b5db944,CVE-2017-7494
484265150,Threekiii/Awesome-Exploit,Samba/CVE-2017-7494/src/ctdb/tests/onnode/nodes,d347dad4f33500f9ec1a76e619078c2905c7d028,CVE-2017-7494
484265150,Threekiii/Awesome-Exploit,Samba/CVE-2017-7494/src/source3/printing/queue_process.h,d358d906ccf58ff90aebf152e947f1aa10b21a73,CVE-2017-7494
484265150,Threekiii/Awesome-Exploit,Samba/CVE-2017-7494/src/source4/torture/local/torture.c,d369d4f2a3c1cb984c1c46cdf209a4c7befa3935,CVE-2017-7494
484265150,Threekiii/Awesome-Exploit,Samba/CVE-2017-7494/src/docs-xml/smbdotconf/security/directorysecuritymask.xml,d36e61b4c679cfbe5afaab3d19a3a5b9c1301905,CVE-2017-7494
484265150,Threekiii/Awesome-Exploit,Samba/CVE-2017-7494/src/source4/dns_server/pydns.c,d37d3f327d8d7e71286b401a87ce98c193e22e39,CVE-2017-7494
484265150,Threekiii/Awesome-Exploit,Samba/CVE-2017-7494/src/ctdb/config/nfs-checks.d/20.nfs.check,d38834db3a7813df4ed63c5d914dc2b9a0031124,CVE-2017-7494
484265150,Threekiii/Awesome-Exploit,Samba/CVE-2017-7494/src/source4/torture/raw/context.c,d389be1ad282d05bc028fa89ad5ad1f5d1839f95,CVE-2017-7494
484265150,Threekiii/Awesome-Exploit,Samba/CVE-2017-7494/src/libcli/smb/smb1cli_write.c,d38b46cc694c61a8faf9f50e110b2a4c8af4325d,CVE-2017-7494
484265150,Threekiii/Awesome-Exploit,Samba/CVE-2017-7494/src/ctdb/tests/simple/76_ctdb_pdb_recovery.sh,d394d0ba8e1db2f5e3a3dc11cbef982979f9e668,CVE-2017-7494
484265150,Threekiii/Awesome-Exploit,Samba/CVE-2017-7494/src/source3/smbd/fileio.c,d395e31bd8929208bde513b834f8ef5423a1ced1,CVE-2017-7494
484265150,Threekiii/Awesome-Exploit,Samba/CVE-2017-7494/src/source3/smbd/smb2_create.c,d39e33c2bd786a4d017df5e7934a6d9b4078db31,CVE-2017-7494
484265150,Threekiii/Awesome-Exploit,Samba/CVE-2017-7494/src/source4/torture/libnet/groupinfo.c,d39e4918ca3f90bfda84aae710084dd770d8b46c,CVE-2017-7494
484265150,Threekiii/Awesome-Exploit,Samba/CVE-2017-7494/src/third_party/pep8/testsuite/latin-1.py,d3a5ccd607ffbb8f949c08ae7201cf10a826ef15,CVE-2017-7494
484265150,Threekiii/Awesome-Exploit,Samba/CVE-2017-7494/src/docs-xml/Samba3-HOWTO/TOSHARG-PAM.xml,d3a69b463c0b1b69099c309e81e59d9876fbaabd,CVE-2017-7494
484265150,Threekiii/Awesome-Exploit,Celery/CVE-2020-11981/CVE-2020-11981-exp.py,d3b4f825ce0be4328f70adc7b42e5d427baee52f,CVE-2020-11981
484265150,Threekiii/Awesome-Exploit,Samba/CVE-2017-7494/src/source3/libsmb/async_smb.c,d3c881f76ee0cc4fffaa129b8f72bbe7d429a015,CVE-2017-7494
484265150,Threekiii/Awesome-Exploit,Samba/CVE-2017-7494/src/source4/setup/idmap_init.ldif,d3d51c0b491c713ceb98a5e330c80f37a2641c4d,CVE-2017-7494
484265150,Threekiii/Awesome-Exploit,Samba/CVE-2017-7494/src/source3/modules/vfs_acl_xattr.c,d3f147c0ae9a843c94d034d1ed94ba1f7ad46e0f,CVE-2017-7494
484265150,Threekiii/Awesome-Exploit,Samba/CVE-2017-7494/src/docs-xml/smbdotconf/misc/copy.xml,d3f3e800346d782f2343e79d91d378be27f98fb7,CVE-2017-7494
484265150,Threekiii/Awesome-Exploit,Samba/CVE-2017-7494/src/examples/pcap2nbench/readandxrequest.hpp,d3f699111b39fd688962ab39c7e760cdf7655d3b,CVE-2017-7494
484265150,Threekiii/Awesome-Exploit,Samba/CVE-2017-7494/src/docs-xml/smbdotconf/misc/configfile.xml,d3f72d91880e6aa0e5f9acab3f6bc9e44b1f067c,CVE-2017-7494
484265150,Threekiii/Awesome-Exploit,Samba/CVE-2017-7494/src/docs-xml/smbdotconf/filename/shortpreservecase.xml,d4054f7afe9dd15f2443f1954d3150dcb04f80bf,CVE-2017-7494
484265150,Threekiii/Awesome-Exploit,Drupal/CVE-2018-7602/CVE-2018-7602.py,d407b51d16c840baede60ec2058c13d8ef88c03a,CVE-2018-7602
484265150,Threekiii/Awesome-Exploit,Samba/CVE-2017-7494/src/testprogs/win32/spoolss/torture.h,d4133c2967c8371bc3590cbfc5f23bb44550219d,CVE-2017-7494
484265150,Threekiii/Awesome-Exploit,Samba/CVE-2017-7494/src/docs-xml/Samba3-HOWTO/TOSHARG-Backup.xml,d422d518f46e16f45c4c17199b41516cbdd8b7c8,CVE-2017-7494
484265150,Threekiii/Awesome-Exploit,Samba/CVE-2017-7494/src/source3/nmbd/nmbd_synclists.c,d426250ac0c7b43ff57dad1a900f3e8449df9ac2,CVE-2017-7494
484265150,Threekiii/Awesome-Exploit,Samba/CVE-2017-7494/src/source3/modules/vfs_worm.c,d42ad5f66ff4bb5e398f7075fb21b7ee84aa06a0,CVE-2017-7494
484265150,Threekiii/Awesome-Exploit,Samba/CVE-2017-7494/src/source4/ntvfs/common/brlock.c,d453a102f9aec24b8e978d08419446a7886ab7c9,CVE-2017-7494
484265150,Threekiii/Awesome-Exploit,Samba/CVE-2017-7494/src/source4/ntvfs/common/notify.c,d455192fc8a6c0c790c06715418cd83bc495f2b9,CVE-2017-7494
484265150,Threekiii/Awesome-Exploit,Samba/CVE-2017-7494/src/third_party/dnspython/tests/flags.py,d4551f7ca927b7ef0f966de409dfc8d94f02d260,CVE-2017-7494
484265150,Threekiii/Awesome-Exploit,Samba/CVE-2017-7494/src/third_party/pep8/testsuite/E23.py,d47b5a98359aac96780913a3c91b9d5581802837,CVE-2017-7494
484265150,Threekiii/Awesome-Exploit,Samba/CVE-2017-7494/src/source3/param/wscript_build,d48b236f026e720501ab16af9a77fa26691b8173,CVE-2017-7494
484265150,Threekiii/Awesome-Exploit,Samba/CVE-2017-7494/src/source4/heimdal/kdc/kdc_locl.h,d48b2d7278c90996bd63dfd18219fcab40785c2a,CVE-2017-7494
484265150,Threekiii/Awesome-Exploit,Samba/CVE-2017-7494/src/nsswitch/winbind_nss_netbsd.c,d4a31a060944e2d853d2a7824e027c63d9c47187,CVE-2017-7494
484265150,Threekiii/Awesome-Exploit,Samba/CVE-2017-7494/src/third_party/zlib/contrib/iostream3/README,d4a3dfd7a48721d6e7d12da226855bab19f6e8c1,CVE-2017-7494
484265150,Threekiii/Awesome-Exploit,Samba/CVE-2017-7494/src/third_party/zlib/inflate.h,d4a504fc33da6229a7ab5053385e3dddb3929c09,CVE-2017-7494
484265150,Threekiii/Awesome-Exploit,Samba/CVE-2017-7494/src/source3/torture/msgtest.c,d4a5547d211cfc9c34968f466fc33906a725a2bb,CVE-2017-7494
484265150,Threekiii/Awesome-Exploit,Samba/CVE-2017-7494/src/ctdb/tests/simple/17_ctdb_config_delete_ip.sh,d4c9d61deaec735082e1832e72fa9177e4aed1cd,CVE-2017-7494
484265150,Threekiii/Awesome-Exploit,Samba/CVE-2017-7494/src/selftest/wscript,d4d9d7f99f292dff91d591cc6e55fa732536e2f8,CVE-2017-7494
484265150,Threekiii/Awesome-Exploit,Samba/CVE-2017-7494/src/testsuite/build_farm/torture-LOCK6.test,d4e62bcd5455e24052fa914d5dc8540951c1f589,CVE-2017-7494
484265150,Threekiii/Awesome-Exploit,Samba/CVE-2017-7494/src/docs-xml/smbdotconf/security/guestaccount.xml,d4ecd2c6e3fba352867d85db0f5588690e609356,CVE-2017-7494
484265150,Threekiii/Awesome-Exploit,Samba/CVE-2017-7494/src/ctdb/tests/takeover/lcp2.030.sh,d50438cca677f6999e2e84f55e681014420d39ea,CVE-2017-7494
484265150,Threekiii/Awesome-Exploit,Samba/CVE-2017-7494/src/source3/auth/server_info_sam.c,d504c74e3220ba49a3f6e174f54225816dc19a3d,CVE-2017-7494
484265150,Threekiii/Awesome-Exploit,Samba/CVE-2017-7494/src/examples/pcap2nbench/ethernet.hpp,d50dfd61dd7c78fb2087d379ab02671e328cfe0a,CVE-2017-7494
484265150,Threekiii/Awesome-Exploit,Samba/CVE-2017-7494/src/docs-xml/smbdotconf/winbind/idmapbackend.xml,d54660f007bdd4170d45f6d8b96756829cdd95a3,CVE-2017-7494
484265150,Threekiii/Awesome-Exploit,Samba/CVE-2017-7494/src/ctdb/tests/src/pkt_write_test.c,d546bd4efd79e99ea46e29f0531df33ad4e3c805,CVE-2017-7494
484265150,Threekiii/Awesome-Exploit,Samba/CVE-2017-7494/src/docs-xml/smbdotconf/winbind/winbindnestedgroups.xml,d546fe5922c2dc39d056658edc5af228aafd165d,CVE-2017-7494
484265150,Threekiii/Awesome-Exploit,Samba/CVE-2017-7494/src/source4/torture/raw/mkdir.c,d55cc59475b8b7ee35b24400e3cef9201b23414e,CVE-2017-7494
484265150,Threekiii/Awesome-Exploit,Samba/CVE-2017-7494/src/source3/registry/reg_init_full.h,d56a34579661398891abed1419ce192c58e19545,CVE-2017-7494
484265150,Threekiii/Awesome-Exploit,Samba/CVE-2017-7494/src/source4/setup/fedorads-refint-delete.ldif,d56c1d9fea5fb5a5760aac49a00d8079ddd5a5a8,CVE-2017-7494
484265150,Threekiii/Awesome-Exploit,Samba/CVE-2017-7494/src/docs-xml/Samba3-HOWTO/TOSHARG-IntroSMB.xml,d581fe6a8b9db857a5eec802da102a8f475a2321,CVE-2017-7494
484265150,Threekiii/Awesome-Exploit,Samba/CVE-2017-7494/src/selftest/manage-ca/CA-samba.example.com/DCs/localdc.samba.example.com/DC-localdc.samba.example.com-S00-private-key.pem,d5921a64ff538c1517d2c57cb2efb059433f11ad,CVE-2017-7494
484265150,Threekiii/Awesome-Exploit,Samba/CVE-2017-7494/src/selftest/manage-ca/CA-samba.example.com/Users/pkinit@addom.samba.example.com/USER-pkinit@addom.samba.example.com-cert.pem,d5967e8f370984a2019c9a7655bc7521f263ac75,CVE-2017-7494
484265150,Threekiii/Awesome-Exploit,Samba/CVE-2017-7494/src/third_party/dnspython/dns/rdtypes/ANY/LOC.py,d597768659a71903341befa260c64974d503fe3c,CVE-2017-7494
484265150,Threekiii/Awesome-Exploit,Samba/CVE-2017-7494/src/examples/logon/ntlogon/README,d59f409e0d7f37c0656b5484993bd2f58f2bd19f,CVE-2017-7494
484265150,Threekiii/Awesome-Exploit,Samba/CVE-2017-7494/src/source3/modules/vfs_unityed_media.c,d5a07b180f7de55dad5f0d7be8b7367da9f87a35,CVE-2017-7494
484265150,Threekiii/Awesome-Exploit,Samba/CVE-2017-7494/src/docs-xml/xslt/docbook2pearson.xsl,d5a44f9e84ca8e383a3f053e956a005694a7d417,CVE-2017-7494
484265150,Threekiii/Awesome-Exploit,Samba/CVE-2017-7494/src/docs-xml/smbdotconf/security/serverrole.xml,d5ab3617f78a9430b843ee77bfc41ed59abf5ed3,CVE-2017-7494
484265150,Threekiii/Awesome-Exploit,Samba/CVE-2017-7494/src/docs-xml/smbdotconf/logging/loglevel.xml,d5ab57926bd80498f0930bdab3eadf4a50a9b872,CVE-2017-7494
484265150,Threekiii/Awesome-Exploit,Samba/CVE-2017-7494/src/ctdb/tests/onnode/stubs/ssh,d5ba0361ca22383e3502419f7bb8c88492c9acc6,CVE-2017-7494
484265150,Threekiii/Awesome-Exploit,Samba/CVE-2017-7494/src/third_party/dnspython/examples/xfr.py,d5c00f16af20717ef27c88609c2fa15f40dc1eea,CVE-2017-7494
484265150,Threekiii/Awesome-Exploit,Samba/CVE-2017-7494/src/source4/torture/raw/pingpong.c,d5c390359630394898da8f9ec583033c6ea4c735,CVE-2017-7494
484265150,Threekiii/Awesome-Exploit,Weblogic/weblogicScanner/stars/cve_2016_3510.py,d5e0ab86849400756a9dbab07dff77bfce2079a7,CVE-2016-3510
484265150,Threekiii/Awesome-Exploit,Samba/CVE-2017-7494/src/third_party/dnspython/dns/rdtypes/ANY/DLV.py,d5e77095e5e9427397de87b72dd6bd2e1a9e726e,CVE-2017-7494
484265150,Threekiii/Awesome-Exploit,Samba/CVE-2017-7494/src/docs-xml/smbdotconf/logon/logondrive.xml,d5eada352c193b0dfae3fbd164905d20340bf383,CVE-2017-7494
484265150,Threekiii/Awesome-Exploit,Samba/CVE-2017-7494/src/docs-xml/manpages/vfstest.1.xml,d600fb620bbf525ed2b66d66341fa0da67c0b08c,CVE-2017-7494
484265150,Threekiii/Awesome-Exploit,Samba/CVE-2017-7494/src/libcli/drsuapi/repl_decrypt.c,d60b69e50e2414f1d5d5c33519935b5acc6f580c,CVE-2017-7494
484265150,Threekiii/Awesome-Exploit,Samba/CVE-2017-7494/src/selftest/target/__init__.py,d619f2a1179255cb708fdf25a6f538ebb324c86f,CVE-2017-7494
484265150,Threekiii/Awesome-Exploit,Samba/CVE-2017-7494/src/source3/nmbd/nmbd_sendannounce.c,d62979bdfad0c81f3aee6c6ab10087f593a7d93d,CVE-2017-7494
484265150,Threekiii/Awesome-Exploit,Samba/CVE-2017-7494/src/source4/torture/nbt/wins.c,d64507927207ec3cb59801f979284adf70a70749,CVE-2017-7494
484265150,Threekiii/Awesome-Exploit,Samba/CVE-2017-7494/src/testprogs/win32/spoolss/string.h,d647a81fa40b7f7f21a0164f7ffed45831f170ea,CVE-2017-7494
484265150,Threekiii/Awesome-Exploit,Samba/CVE-2017-7494/src/docs-xml/smbdotconf/base/configbackend.xml,d655a8d0011db84e8267087b2dc6031cf233d5a4,CVE-2017-7494
484265150,Threekiii/Awesome-Exploit,Samba/CVE-2017-7494/src/libcli/security/display_sec.h,d676bf18be0e6ab52c837abec6689372c99058f7,CVE-2017-7494
484265150,Threekiii/Awesome-Exploit,Samba/CVE-2017-7494/src/source4/scripting/devel/selftest-vars.sh,d67fcc292e607a66608e62bf382daad5f5364ceb,CVE-2017-7494
484265150,Threekiii/Awesome-Exploit,Samba/CVE-2017-7494/src/source3/winbindd/winbindd_misc.c,d683a0f7cbbc4819b3bc7114407576cd572077db,CVE-2017-7494
484265150,Threekiii/Awesome-Exploit,Samba/CVE-2017-7494/src/selftest/subunithelper.py,d68af60db029ac1d9b7a3d72b24aa23b10b0088f,CVE-2017-7494
484265150,Threekiii/Awesome-Exploit,Samba/CVE-2017-7494/src/testsuite/nsswitch/login.exp,d68b1dfa3bad041b9c17760f8aa9cb16048c6222,CVE-2017-7494
484265150,Threekiii/Awesome-Exploit,Samba/CVE-2017-7494/src/ctdb/tests/src/ctdb_takeover_tests.c,d69a91d2c40e60d49929d913f99ce31cfdd3f889,CVE-2017-7494
484265150,Threekiii/Awesome-Exploit,Samba/CVE-2017-7494/src/third_party/waf/wafadmin/Tools/icc.py,d69ecec3e30ca30732e26bbf89247f2f6db4ba8c,CVE-2017-7494
484265150,Threekiii/Awesome-Exploit,Weblogic/weblogicScanner/stars/cve_2019_2729.py,d6b96d0f9428875f4e57f6bf36f7b6395d63904e,CVE-2019-2729
484265150,Threekiii/Awesome-Exploit,Samba/CVE-2017-7494/src/source4/setup/fedorads-linked-attributes.ldif,d6ba4fe68c3d6fea234d74a0363b681c80f4055b,CVE-2017-7494
484265150,Threekiii/Awesome-Exploit,Samba/CVE-2017-7494/src/source4/librpc/ndr/py_security.c,d6bbb363715532a5af76b229d64be97b21994880,CVE-2017-7494
484265150,Threekiii/Awesome-Exploit,Samba/CVE-2017-7494/src/source3/modules/vfs_posix_eadb.c,d6be1d26386a89f5736639e7ce0f7d0b2c069a95,CVE-2017-7494
484265150,Threekiii/Awesome-Exploit,Samba/CVE-2017-7494/src/source3/utils/status.c,d6f1ea862bce8403bb0f60e11bc317e2d0dccb10,CVE-2017-7494
484265150,Threekiii/Awesome-Exploit,Samba/CVE-2017-7494/src/docs-xml/smbdotconf/printing/disablespoolss.xml,d6f45d8545d63bf0d41f910f96c841f746ace3eb,CVE-2017-7494
484265150,Threekiii/Awesome-Exploit,Samba/CVE-2017-7494/src/testsuite/nsswitch/pam_winbind_syms.exp,d707b7670c7dd2966e21e5bff9fffb47debc6b98,CVE-2017-7494
484265150,Threekiii/Awesome-Exploit,Weblogic/weblogicScanner/stars/__pycache__/cve_2020_2555.cpython-37.pyc,d7197e345767c2e8effdb892567a60ac981a8e21,CVE-2020-2555
484265150,Threekiii/Awesome-Exploit,Samba/CVE-2017-7494/src/docs-xml/smbdotconf/protocol/readraw.xml,d71e376f9ffa7ae8cc65f75e2a0bc6d7e4847412,CVE-2017-7494
484265150,Threekiii/Awesome-Exploit,Samba/CVE-2017-7494/src/source4/librpc/rpc/pyrpc.c,d72721c945fdb89d8f10dbc3bb5cfa525a436e10,CVE-2017-7494
484265150,Threekiii/Awesome-Exploit,Samba/CVE-2017-7494/src/source3/torture/utable.c,d72e823b43ee0af80721b793c564a3d566e1df43,CVE-2017-7494
484265150,Threekiii/Awesome-Exploit,Weblogic/weblogicScanner/stars/__pycache__/cve_2018_3245.cpython-36.pyc,d75576d16cc3a2a077aed8c72678932b97a7ccb1,CVE-2018-3245
484265150,Threekiii/Awesome-Exploit,Samba/CVE-2017-7494/src/ctdb/tests/eventscripts/10.interface.multi.001.sh,d75912e17a6ed20a3f8224d9f2f13112913670ea,CVE-2017-7494
484265150,Threekiii/Awesome-Exploit,Samba/CVE-2017-7494/src/source4/heimdal/kpasswd/kpasswd_locl.h,d759dee94111e51c46324d1111f1b10329bf567b,CVE-2017-7494
484265150,Threekiii/Awesome-Exploit,Samba/CVE-2017-7494/src/docs/manpages/smbpasswd.8,d774df608cbf4162fb65596d728fc349d25d6986,CVE-2017-7494
484265150,Threekiii/Awesome-Exploit,Samba/CVE-2017-7494/src/source3/rpc_server/mdssvc/sparql_parser.h,d7774b0905e3357fc4535c9aa946e62504bc88a3,CVE-2017-7494
484265150,Threekiii/Awesome-Exploit,Samba/CVE-2017-7494/src/source3/winbindd/winbindd_setgrent.c,d783dbe514551ec2ed3c72e2960501fd3420c780,CVE-2017-7494
484265150,Threekiii/Awesome-Exploit,Samba/CVE-2017-7494/src/docs-xml/smbdotconf/logon/logonhome.xml,d7980b646d9fa773dc279f2b760b666d4d2c9129,CVE-2017-7494
484265150,Threekiii/Awesome-Exploit,Samba/CVE-2017-7494/src/docs-xml/smbdotconf/misc/clusteraddresses.xml,d7a322b0d95861da17fb3ea0ecb382ce2912161a,CVE-2017-7494
484265150,Threekiii/Awesome-Exploit,Samba/CVE-2017-7494/src/wintest/test-s4-howto.py,d7aba7f59f83ed80b953919090265676ee5839b6,CVE-2017-7494
484265150,Threekiii/Awesome-Exploit,Samba/CVE-2017-7494/src/third_party/zlib/contrib/vstudio/vc7/miniunz.vcproj,d7b0951cba3a46b98e342246167697e72cdce44c,CVE-2017-7494
484265150,Threekiii/Awesome-Exploit,Samba/CVE-2017-7494/src/examples/pcap2nbench/ip.cpp,d7b39cb4f09eda8446c47ae8572105fffdbf6397,CVE-2017-7494
484265150,Threekiii/Awesome-Exploit,Samba/CVE-2017-7494/src/docs-xml/using_samba/appf.xml,d7c14d4a03074554f80ef339e6ba60394bf741b4,CVE-2017-7494
484265150,Threekiii/Awesome-Exploit,Samba/CVE-2017-7494/src/source3/utils/net_idmap.c,d7c25e3bfdc017d0301b2f93ea1144a2d86e7a92,CVE-2017-7494
484265150,Threekiii/Awesome-Exploit,Samba/CVE-2017-7494/src/ctdb/tests/tool/ctdb.reloadnodes.013.sh,d7cac38ada9135129b4f544cb063d751f0fb04e8,CVE-2017-7494
484265150,Threekiii/Awesome-Exploit,Samba/CVE-2017-7494/src/ctdb/tests/eventscripts/stubs/tdbdump,d7ceac946b056ec83d8c43afad10f66525996e9a,CVE-2017-7494
484265150,Threekiii/Awesome-Exploit,Samba/CVE-2017-7494/src/source3/rpc_server/spoolss/srv_spoolss_nt.c,d7db7afdb2d0f990fc8ad573b10ef1f59bf22342,CVE-2017-7494
484265150,Threekiii/Awesome-Exploit,Samba/CVE-2017-7494/src/ctdb/config/events.d/91.lvs,d7dfe574e2cc8c2cb4169a9af9a7813ace4e728a,CVE-2017-7494
484265150,Threekiii/Awesome-Exploit,Samba/CVE-2017-7494/src/examples/ad-bench/time_group.sh,d7e7dceff79aca86a3718ee05e2fca82575d9fb2,CVE-2017-7494
484265150,Threekiii/Awesome-Exploit,Samba/CVE-2017-7494/src/python/samba/ms_schema.py,d7e85e60f1cd31989c0b441843b331e2330a1918,CVE-2017-7494
484265150,Threekiii/Awesome-Exploit,Samba/CVE-2017-7494/src/source4/heimdal/base/null.c,d7f01d3a3a3bc6a98871dd72d36c355d7147aad3,CVE-2017-7494
484265150,Threekiii/Awesome-Exploit,Samba/CVE-2017-7494/src/python/samba/tests/dns_forwarder.py,d80343461476c85a01cb2b9ffd85261a9aec8d6c,CVE-2017-7494
484265150,Threekiii/Awesome-Exploit,Samba/CVE-2017-7494/src/docs-xml/manpages/samba-regedit.8.xml,d807d902c29547b71e0987f4bf53fe368d3c9707,CVE-2017-7494
484265150,Threekiii/Awesome-Exploit,Samba/CVE-2017-7494/src/source3/modules/vfs_fake_acls.c,d817fc1d6c17420a89b948048f02f6d0b121d0df,CVE-2017-7494
484265150,Threekiii/Awesome-Exploit,Samba/CVE-2017-7494/src/source3/winbindd/winbindd_rpc.c,d81a457fa31f4a1bf240e7bfbcf8c1174a27c23e,CVE-2017-7494
484265150,Threekiii/Awesome-Exploit,Samba/CVE-2017-7494/src/pidl/tests/ndr.pl,d82eee23b957a02d7d294ac508a4b714f61a0145,CVE-2017-7494
484265150,Threekiii/Awesome-Exploit,Samba/CVE-2017-7494/src/source3/passdb/pdb_samba_dsdb.c,d83c2ae3f778a053a92cde84cd6df574190671d7,CVE-2017-7494
484265150,Threekiii/Awesome-Exploit,Samba/CVE-2017-7494/src/source3/modules/vfs_fruit.c,d84a433d1a8569dba09f32490a88980ac2dd0fa2,CVE-2017-7494
484265150,Threekiii/Awesome-Exploit,Samba/CVE-2017-7494/src/ctdb/tests/eventscripts/13.per_ip_routing.015.sh,d855f52eaeeb8e81216b1967f24887e2bfc075be,CVE-2017-7494
484265150,Threekiii/Awesome-Exploit,Samba/CVE-2017-7494/src/ctdb/tests/eventscripts/05.system.monitor.002.sh,d870dd4b754112bae4917396a90183b8cbfd219e,CVE-2017-7494
484265150,Threekiii/Awesome-Exploit,Samba/CVE-2017-7494/src/docs-xml/smbdotconf/locking/oplockcontentionlimit.xml,d870feb77c62eb730bb90619b83f31abbd101e8a,CVE-2017-7494
484265150,Threekiii/Awesome-Exploit,Samba/CVE-2017-7494/src/source3/torture/test_authinfo_structs.c,d890099dc2fb21646cf3e984091351dee147675b,CVE-2017-7494
484265150,Threekiii/Awesome-Exploit,Samba/CVE-2017-7494/src/source4/param/wscript_build,d8a3eb2d6d0bbacf414fa01d09364822fd150b59,CVE-2017-7494
484265150,Threekiii/Awesome-Exploit,Samba/CVE-2017-7494/src/source3/winbindd/winbindd_locator.c,d8b84fc4206eeaa04725bb2e7adc406b98a1da6f,CVE-2017-7494
484265150,Threekiii/Awesome-Exploit,Samba/CVE-2017-7494/src/librpc/idl/echo.idl,d8bc76c4cc1d082bcb412bca9784e1fd84079949,CVE-2017-7494
484265150,Threekiii/Awesome-Exploit,Samba/CVE-2017-7494/src/ctdb/tests/simple/52_fetch_ring.sh,d8bdaf87a0df09a9ed149a89688c00a84295ee4a,CVE-2017-7494
484265150,Threekiii/Awesome-Exploit,Samba/CVE-2017-7494/src/docs-xml/smbdotconf/printing/defaultdevmode.xml,d8c5a8f94f363838618347d16388b3c98308ea4b,CVE-2017-7494
484265150,Threekiii/Awesome-Exploit,Samba/CVE-2017-7494/src/third_party/pep8/testsuite/E22.py,d8d8c508de8eac0fd7ad52734dd7635b09463751,CVE-2017-7494
484265150,Threekiii/Awesome-Exploit,Samba/CVE-2017-7494/src/testprogs/win32/prepare_dcpromo/prepare_dcpromo.c,d8de99df98871ddc0a049b3d6dc0c56666a98074,CVE-2017-7494
484265150,Threekiii/Awesome-Exploit,Samba/CVE-2017-7494/src/docs-xml/smbdotconf/security/forcedirectorysecuritymode.xml,d8fcfee6af498a7040f02befdc94fc535487a582,CVE-2017-7494
484265150,Threekiii/Awesome-Exploit,Samba/CVE-2017-7494/src/source4/torture/raw/close.c,d909892318c1ba12c2670318aac4caaf5970ec4c,CVE-2017-7494
484265150,Threekiii/Awesome-Exploit,Samba/CVE-2017-7494/src/ctdb/tests/eventscripts/stubs/ctdb,d90b779e258dd6ef30c7516554e655041b7233f3,CVE-2017-7494
484265150,Threekiii/Awesome-Exploit,Samba/CVE-2017-7494/src/docs/manpages/samba-regedit.8,d923857109122587c293ec8f526ae6ea5efb527e,CVE-2017-7494
484265150,Threekiii/Awesome-Exploit,Samba/CVE-2017-7494/src/python/samba/tests/samba_tool/user.py,d92ac8b407dcd853229634fbfc7556f0f632abb5,CVE-2017-7494
484265150,Threekiii/Awesome-Exploit,Samba/CVE-2017-7494/src/source4/setup/provision_dnszones_add.ldif,d9401401d299fdad1402aec682328adde337af0b,CVE-2017-7494
484265150,Threekiii/Awesome-Exploit,Samba/CVE-2017-7494/src/source4/rpc_server/netlogon/dcerpc_netlogon.c,d9462afe0d12295883c77c18d95569a5ff5e6785,CVE-2017-7494
484265150,Threekiii/Awesome-Exploit,Samba/CVE-2017-7494/src/source4/torture/drs/python/repl_move.py,d95458309a316f956d6646b8bd2172a1022ce52c,CVE-2017-7494
484265150,Threekiii/Awesome-Exploit,Samba/CVE-2017-7494/src/docs-xml/smbdotconf/security/serversigning.xml,d95665f2e17148cb7997617612aeab3ad5144590,CVE-2017-7494
484265150,Threekiii/Awesome-Exploit,Samba/CVE-2017-7494/src/third_party/zlib/contrib/minizip/crypt.h,d957f952bd1b908ede6c6f31d3c7e0686545986e,CVE-2017-7494
484265150,Threekiii/Awesome-Exploit,Samba/CVE-2017-7494/src/ctdb/server/ctdb_monitor.c,d9651bfa595e378acf9f0b63b175bd060e1cbecf,CVE-2017-7494
484265150,Threekiii/Awesome-Exploit,Samba/CVE-2017-7494/src/docs-xml/manpages/smbspool.8.xml,d97be5f35f53411d647e2d84e3fcb01efd04124c,CVE-2017-7494
484265150,Threekiii/Awesome-Exploit,Samba/CVE-2017-7494/src/ctdb/tests/eventscripts/50.samba.monitor.107.sh,d988e69244da00d6bbc7ea69d8ab387310105860,CVE-2017-7494
484265150,Threekiii/Awesome-Exploit,Samba/CVE-2017-7494/src/source4/torture/rpc/samba3rpc.c,d98b2df6550925112208e586dd3c519ab254239c,CVE-2017-7494
484265150,Threekiii/Awesome-Exploit,Weblogic/weblogicScanner/stars/cve_2017_10271.py,d993fad0c06dcb470aae268e46be4a6c1b45719e,CVE-2017-10271
484265150,Threekiii/Awesome-Exploit,Samba/CVE-2017-7494/src/ctdb/wscript,d9a9d43f87a23a2702956bc50e17d33aab41ea47,CVE-2017-7494
484265150,Threekiii/Awesome-Exploit,Samba/CVE-2017-7494/src/source3/passdb/py_passdb.c,d9ab6428cc953c2da7b63719594da46e37a19fc6,CVE-2017-7494
484265150,Threekiii/Awesome-Exploit,Samba/CVE-2017-7494/src/python/samba/tests/kcc/kcc_utils.py,d9abf38bb0a47fc3b083dc5d4bdf719f346daebb,CVE-2017-7494
484265150,Threekiii/Awesome-Exploit,Samba/CVE-2017-7494/src/selftest/manage-ca/manage-ca.templates.d/openssl-CA-template.cnf,d9ac3ef3b554433987f0177e93fe23ac535d7860,CVE-2017-7494
484265150,Threekiii/Awesome-Exploit,Samba/CVE-2017-7494/src/source4/selftest/win/README,d9accb1f51ce9a628f23940c152cd01749b60af8,CVE-2017-7494
484265150,Threekiii/Awesome-Exploit,Samba/CVE-2017-7494/src/ctdb/utils/ping_pong/ping_pong.c,d9b9152b954761c0a7f9a9583022e99cfea7a42e,CVE-2017-7494
484265150,Threekiii/Awesome-Exploit,Samba/CVE-2017-7494/src/docs-xml/smbdotconf/browse/oslevel.xml,d9d98b04c1ea53b1dc0772e1ddd9bfd9b6a7ee2e,CVE-2017-7494
484265150,Threekiii/Awesome-Exploit,Samba/CVE-2017-7494/src/docs/manpages/smbgetrc.5,d9f24b78e118a8da5d6327e4b68fd2a81d6b2a28,CVE-2017-7494
484265150,Threekiii/Awesome-Exploit,Samba/CVE-2017-7494/src/third_party/dnspython/tests/name.py,d9f392b8cd1bb2fe9d4a9aa9c88972bafd92ec58,CVE-2017-7494
484265150,Threekiii/Awesome-Exploit,Samba/CVE-2017-7494/src/source3/nmbd/nmbd_incomingdgrams.c,da0bc597b8a86f2852c482d02ed470954f14b186,CVE-2017-7494
484265150,Threekiii/Awesome-Exploit,Samba/CVE-2017-7494/src/docs-xml/smbdotconf/security/passwdprogram.xml,da0ed6e9ac608012fde8606d7284f34b4758ef67,CVE-2017-7494
484265150,Threekiii/Awesome-Exploit,Samba/CVE-2017-7494/src/python/samba/tests/dcerpc/dnsserver.py,da1269586ba3bae5822a9214bd9d3e2fdd357b89,CVE-2017-7494
484265150,Threekiii/Awesome-Exploit,Samba/CVE-2017-7494/src/source4/libnet/prereq_domain.c,da14908c6f47f4c9ea63bef35ac2367e2408693d,CVE-2017-7494
484265150,Threekiii/Awesome-Exploit,Samba/CVE-2017-7494/src/librpc/idl/printcap.idl,da2257bf460e6cf8c98a943f9c7966a978d7b250,CVE-2017-7494
484265150,Threekiii/Awesome-Exploit,Samba/CVE-2017-7494/src/source3/winbindd/idmap_ldap.c,da22b086e06b6647b7767d773809b2a4e562a758,CVE-2017-7494
484265150,Threekiii/Awesome-Exploit,Samba/CVE-2017-7494/src/ctdb/tools/ltdbtool.c,da27385cdb785f11aac4cddb22522949ff18a292,CVE-2017-7494
484265150,Threekiii/Awesome-Exploit,Samba/CVE-2017-7494/src/ctdb/common/tunable.c,da2a43637c229ade8eb913c5de648bbdfcd6fb30,CVE-2017-7494
484265150,Threekiii/Awesome-Exploit,Samba/CVE-2017-7494/src/docs-xml/smbdotconf/misc/changenotify.xml,da2e1db655df8634163a2a078340716263222623,CVE-2017-7494
484265150,Threekiii/Awesome-Exploit,Samba/CVE-2017-7494/src/ctdb/tests/eventscripts/stubs/wbinfo,da352eda256741d973fa1ccaaa81ac4d46c79710,CVE-2017-7494
484265150,Threekiii/Awesome-Exploit,Samba/CVE-2017-7494/src/selftest/__init__.py,da39a3ee5e6b4b0d3255bfef95601890afd80709,CVE-2017-7494
484265150,Threekiii/Awesome-Exploit,Samba/CVE-2017-7494/src/testprogs/blackbox/test_net_ads_dns.sh,da3a2dfe7ac7ef3e27df722595db3300df2d9869,CVE-2017-7494
484265150,Threekiii/Awesome-Exploit,Samba/CVE-2017-7494/src/source3/rpc_server/mdssvc/marshalling.c,da48289ecd34928941c0149227b342e10de511f3,CVE-2017-7494
484265150,Threekiii/Awesome-Exploit,Samba/CVE-2017-7494/src/source3/rpcclient/cmd_test.c,da526517b4e08e8b8f4b79f59bc47e71ea3355f6,CVE-2017-7494
484265150,Threekiii/Awesome-Exploit,Samba/CVE-2017-7494/src/source3/include/vfs.h,da68147de52e2a8e9e0a6c26f484eea7caf09b9f,CVE-2017-7494
484265150,Threekiii/Awesome-Exploit,Samba/CVE-2017-7494/src/source3/libgpo/gpext/scripts.c,da77b68cfa6c74f42cd43a340bc06008da93fc1b,CVE-2017-7494
484265150,Threekiii/Awesome-Exploit,Samba/CVE-2017-7494/src/source3/smbd/aio.c,da85ee2cf8b90e849fd5105d9f712760d8f5dda3,CVE-2017-7494
484265150,Threekiii/Awesome-Exploit,Samba/CVE-2017-7494/src/source4/scripting/devel/config_base,da882ce12e4166ac52685234d8582f9532389c2b,CVE-2017-7494
484265150,Threekiii/Awesome-Exploit,Samba/CVE-2017-7494/src/source3/torture/test_notify.c,da8a076a2354a0ad0fe6b3e96a0cdcc7bd21d8bd,CVE-2017-7494
484265150,Threekiii/Awesome-Exploit,Samba/CVE-2017-7494/src/ctdb/tests/eventscripts/50.samba.monitor.106.sh,da9013d1df6a3d4a71a45b1674689c89f02fd446,CVE-2017-7494
484265150,Threekiii/Awesome-Exploit,Samba/CVE-2017-7494/src/libds/common/flag_mapping.h,daa215486b3fe0cbddcfa43d34fb096675a4f3ac,CVE-2017-7494
484265150,Threekiii/Awesome-Exploit,Samba/CVE-2017-7494/src/source3/utils/net_conf_util.h,daaaef83e1decf32d18037ecb2d9983721be3015,CVE-2017-7494
484265150,Threekiii/Awesome-Exploit,Samba/CVE-2017-7494/src/source4/torture/dfs/domaindfs.c,daad9614c40369bf64caddc7e9d462e5df38ece3,CVE-2017-7494
484265150,Threekiii/Awesome-Exploit,Samba/CVE-2017-7494/src/source3/libsmb/smbsock_connect.c,dab30fea7c4312a814673fcd0bd9412b96d7f729,CVE-2017-7494
484265150,Threekiii/Awesome-Exploit,Samba/CVE-2017-7494/src/third_party/dnspython/dns/rdtypes/ANY/GPOS.py,dab9f6e0c5bd197b4ad2621a1c5b172b4bb5b2bb,CVE-2017-7494
484265150,Threekiii/Awesome-Exploit,Samba/CVE-2017-7494/src/third_party/dnspython/Makefile,dabd993d704ec58205000aa20eea236f59081446,CVE-2017-7494
484265150,Threekiii/Awesome-Exploit,Samba/CVE-2017-7494/src/ctdb/tests/tool/ctdb.setifacelink.001.sh,dad2ce32fcca4141e02df62ccb1f15522e9493fa,CVE-2017-7494
484265150,Threekiii/Awesome-Exploit,Weblogic/weblogicScanner/stars/cve_2018_2628.py,dad40e7e41608e21cfeffa99deb257df37092f35,CVE-2018-2628
484265150,Threekiii/Awesome-Exploit,Samba/CVE-2017-7494/src/ctdb/tests/tool/ctdb.uptime.001.sh,dae09c566fb18457949a93c72bb51aacfd3b16c2,CVE-2017-7494
484265150,Threekiii/Awesome-Exploit,Samba/CVE-2017-7494/src/python/examples/winreg.py,dae751c109bd795c141159b888a6ed47e99517e1,CVE-2017-7494
484265150,Threekiii/Awesome-Exploit,Samba/CVE-2017-7494/src/testprogs/blackbox/test_ldb.sh,daf16f6c5a55e0956ad0fb82f20d1d41c143b477,CVE-2017-7494
484265150,Threekiii/Awesome-Exploit,Samba/CVE-2017-7494/src/source4/smb_server/smb/receive.c,daf44735b74a69bf92a6702d8d1f1632ddbe79d5,CVE-2017-7494
484265150,Threekiii/Awesome-Exploit,Samba/CVE-2017-7494/src/python/samba/ms_display_specifiers.py,db074a7f3959c2410a44207313b51146c802f227,CVE-2017-7494
484265150,Threekiii/Awesome-Exploit,Samba/CVE-2017-7494/src/testsuite/build_farm/basicsmb-shareguest.test,db0d026b97bcb35fafb8845b0d6d6094c2594724,CVE-2017-7494
484265150,Threekiii/Awesome-Exploit,Samba/CVE-2017-7494/src/testprogs/win32/midltests/Makefile.tcp,db0f332dabaefea0657869ae43c2befa166af2f9,CVE-2017-7494
484265150,Threekiii/Awesome-Exploit,Samba/CVE-2017-7494/src/source3/utils/net_afs.c,db113a97d86804129eca94b3ef3f93075ff21095,CVE-2017-7494
484265150,Threekiii/Awesome-Exploit,Samba/CVE-2017-7494/src/docs-xml/smbdotconf/security/tlscrlfile.xml,db1d92f70ade7e232b233b847a894c19a55aba82,CVE-2017-7494
484265150,Threekiii/Awesome-Exploit,Samba/CVE-2017-7494/src/nsswitch/libwbclient/ABI/wbclient-0.9.sigs,db27cd2f97a1d76b14a67c1f67882c4ccf6991be,CVE-2017-7494
484265150,Threekiii/Awesome-Exploit,Samba/CVE-2017-7494/src/source3/rpc_server/epmd.c,db3e62cd528cac0393581e6342cb3d6eada6718d,CVE-2017-7494
484265150,Threekiii/Awesome-Exploit,Zabbix/CVE-2017-2824/CVE-2017-2824.py,db5de699335e060a9705145c7b0318e161060841,CVE-2017-2824
484265150,Threekiii/Awesome-Exploit,Samba/CVE-2017-7494/src/source4/setup/secrets_dns.ldif,db6934cd1ac784f36f5d91989c3c7bc68b76f6e0,CVE-2017-7494
484265150,Threekiii/Awesome-Exploit,Samba/CVE-2017-7494/src/pidl/tests/ndr_tagtype.pl,db69e729d7da1984378ddba86d0827af6182b96f,CVE-2017-7494
484265150,Threekiii/Awesome-Exploit,Samba/CVE-2017-7494/src/source3/auth/wscript_build,db6abc7ee2f35f64c7f8a4ff35079e40bacb4466,CVE-2017-7494
484265150,Threekiii/Awesome-Exploit,Samba/CVE-2017-7494/src/ctdb/server/ctdb_update_record.c,db7739bb3186abe497ced080c35a50f19c58abf5,CVE-2017-7494
484265150,Threekiii/Awesome-Exploit,Samba/CVE-2017-7494/src/testsuite/nsswitch/envvar.exp,db976b5e897fc3835b2312563e15eda120ddd63a,CVE-2017-7494
484265150,Threekiii/Awesome-Exploit,Samba/CVE-2017-7494/src/buildtools/wafsamba/irixcc.py,db9b229e5050a464aaa6b56d9aae11d4d59f9dc9,CVE-2017-7494
484265150,Threekiii/Awesome-Exploit,Samba/CVE-2017-7494/src/source4/setup/provision_configuration_references.ldif,dba7e107a57c7487c43891b40b94b9be99c09b05,CVE-2017-7494
484265150,Threekiii/Awesome-Exploit,Samba/CVE-2017-7494/src/docs-xml/registry/FolderRedir.adm,dbb05218f88f26df54fd9a16ad3d04f484a544bd,CVE-2017-7494
484265150,Threekiii/Awesome-Exploit,Samba/CVE-2017-7494/src/docs/manpages/vfs_xattr_tdb.8,dbb57b44b23c97bbbcf7b7d27d733c92b7881759,CVE-2017-7494
484265150,Threekiii/Awesome-Exploit,Samba/CVE-2017-7494/src/testsuite/nsswitch/nss_winbind_syms.c,dbb80c760066d852b21093883e184e9bb54930fc,CVE-2017-7494
484265150,Threekiii/Awesome-Exploit,Samba/CVE-2017-7494/src/librpc/idl/policyagent.idl,dbcccbe372fbf4fd8dce66061b3bd788060804ce,CVE-2017-7494
484265150,Threekiii/Awesome-Exploit,Samba/CVE-2017-7494/src/source4/torture/smb2/replay.c,dbdb92413b4c12fb63ce440670b526ad1a6d6e40,CVE-2017-7494
484265150,Threekiii/Awesome-Exploit,Samba/CVE-2017-7494/src/auth/kerberos/wscript_build,dbe0f5678d7f714b180f9c22f9e833b95f674682,CVE-2017-7494
484265150,Threekiii/Awesome-Exploit,Samba/CVE-2017-7494/src/source3/include/sysquotas.h,dbea2926c45cf1771c305f931f9ef59e774daf98,CVE-2017-7494
484265150,Threekiii/Awesome-Exploit,Samba/CVE-2017-7494/src/docs-xml/smbdotconf/protocol/cldapport.xml,dc00a203778aa0e7902960b87c7b7fe1a4d13e7b,CVE-2017-7494
484265150,Threekiii/Awesome-Exploit,Samba/CVE-2017-7494/src/source3/script/tests/test_smb2_not_casesensitive.sh,dc2ad38f73b6417f8ef76f492f39c88aba753fd5,CVE-2017-7494
484265150,Threekiii/Awesome-Exploit,Samba/CVE-2017-7494/src/source3/modules/posixacl_xattr.h,dc2f6480140a42beb9e3dfc4c658ac141e8ede8c,CVE-2017-7494
484265150,Threekiii/Awesome-Exploit,Samba/CVE-2017-7494/src/source3/libsmb/dsgetdcname.c,dc3338ed79d0d879b2a4295922c67237ca8f93df,CVE-2017-7494
484265150,Threekiii/Awesome-Exploit,Samba/CVE-2017-7494/src/source4/smb_server/tcon.c,dc3404a90111edaa7d659e5a4307234aa22973f4,CVE-2017-7494
484265150,Threekiii/Awesome-Exploit,Samba/CVE-2017-7494/src/docs-xml/smbdotconf/security/clientlanmanauth.xml,dc3649379b8b7647b396a1f11f8492b6dbbfdce8,CVE-2017-7494
484265150,Threekiii/Awesome-Exploit,Samba/CVE-2017-7494/src/docs-xml/smbdotconf/misc/ctdbdsocket.xml,dc77f9e43e8a3bb627795b15e9275fd20b0dbc45,CVE-2017-7494
484265150,Threekiii/Awesome-Exploit,Samba/CVE-2017-7494/src/docs-xml/smbdotconf/security/aclgroupcontrol.xml,dc859af08a38fe0967bba477861f01bccd6bcaab,CVE-2017-7494
484265150,Threekiii/Awesome-Exploit,Samba/CVE-2017-7494/src/ctdb/common/tunable.h,dc8fb7d2b65fa4730d6db9cab2aaec037df5cef3,CVE-2017-7494
484265150,Threekiii/Awesome-Exploit,Samba/CVE-2017-7494/src/third_party/zlib/contrib/testzlib/testzlib.c,dc9abc483203f8e8116007cc8a0abc6cd256d281,CVE-2017-7494
484265150,Threekiii/Awesome-Exploit,Weblogic/weblogicScanner/stars/__pycache__/cve_2020_2883.cpython-36.pyc,dcc0b2550db9b0eadef4df569dd8f2f41de0ca50,CVE-2020-2883
484265150,Threekiii/Awesome-Exploit,Samba/CVE-2017-7494/src/source3/passdb/ABI/samba-passdb-0.2.0.sigs,dccd20310114c89b91c961b0c59e3932755b0e5d,CVE-2017-7494
484265150,Threekiii/Awesome-Exploit,Samba/CVE-2017-7494/src/source4/torture/rpc/ntsvcs.c,dcd24349a7f0c7c059c075814f916c297a01780f,CVE-2017-7494
484265150,Threekiii/Awesome-Exploit,Samba/CVE-2017-7494/src/source4/dsdb/samdb/ldb_modules/schema_util.c,dcd9f27f0ce3c0882c763a6338cbd9fed03cedc7,CVE-2017-7494
484265150,Threekiii/Awesome-Exploit,Samba/CVE-2017-7494/src/testprogs/blackbox/renamedc.sh,dced0d9d95a3b7740839b4f6ed7ff6f946ca808f,CVE-2017-7494
484265150,Threekiii/Awesome-Exploit,Samba/CVE-2017-7494/src/examples/LDAP/samba.ldif,dd0826b0ccb546b74b9c56dbc2e4d939ec9ec6f5,CVE-2017-7494
484265150,Threekiii/Awesome-Exploit,Samba/CVE-2017-7494/src/source4/torture/rpc/forest_trust.c,dd104aca884772a13eeaacf274992d8c149dc0dc,CVE-2017-7494
484265150,Threekiii/Awesome-Exploit,Samba/CVE-2017-7494/src/third_party/zlib/deflate.h,dd1c71641abfd761b00915e7052ffa85b34e95b0,CVE-2017-7494
484265150,Threekiii/Awesome-Exploit,Samba/CVE-2017-7494/src/source3/utils/net_rpc_trust.c,dd1f03c48d9dba55963a7a455305800c4f68c847,CVE-2017-7494
484265150,Threekiii/Awesome-Exploit,Samba/CVE-2017-7494/src/buildtools/wafsamba/samba_git.py,dd3488360db530516f9a0a6e7bcb4b4eec549d7b,CVE-2017-7494
484265150,Threekiii/Awesome-Exploit,Samba/CVE-2017-7494/src/docs-xml/smbdotconf/security/passwordserver.xml,dd3ca9060aaea2bd31420db59bb3454bcc523170,CVE-2017-7494
484265150,Threekiii/Awesome-Exploit,Samba/CVE-2017-7494/src/testprogs/win32/prepare_dcpromo/NMakefile,dd3f862f77d0031c989f8f06a09027149b5c951b,CVE-2017-7494
484265150,Threekiii/Awesome-Exploit,Samba/CVE-2017-7494/src/nsswitch/winbind_nss_linux.c,dd46ab6282ab1ab04dd5e6eb13e3ce6ac46fc4ab,CVE-2017-7494
484265150,Threekiii/Awesome-Exploit,Samba/CVE-2017-7494/src/source4/torture/raw/notify.c,dd47a6e7c5c6e61701678b7828353f688af6dec6,CVE-2017-7494
484265150,Threekiii/Awesome-Exploit,Samba/CVE-2017-7494/src/source3/include/locking.h,dd553fd7cbb1308448284980473e3205af629b39,CVE-2017-7494
484265150,Threekiii/Awesome-Exploit,Samba/CVE-2017-7494/src/source3/winbindd/idmap_script.c,dd5ca74f6006ee5e95f89aea344e4a04b76a116b,CVE-2017-7494
484265150,Threekiii/Awesome-Exploit,Samba/CVE-2017-7494/src/wintest/conf/abartlet-jesse.conf,dd5dcc01a153bf689a11cd03fa89738df7dc83fd,CVE-2017-7494
484265150,Threekiii/Awesome-Exploit,Samba/CVE-2017-7494/src/source4/librpc/rpc/dcerpc.c,dd738159e646828feacdb9dee6cda21fc7656843,CVE-2017-7494
484265150,Threekiii/Awesome-Exploit,Weblogic/weblogicScanner/stars/__pycache__/_import.cpython-36.pyc,dd73b31b20cac84077db45034e7a80bd21e0d2d6,CVE-2018-3245
484265150,Threekiii/Awesome-Exploit,Weblogic/weblogicScanner/stars/__pycache__/_import.cpython-36.pyc,dd73b31b20cac84077db45034e7a80bd21e0d2d6,CVE-2016-0638
484265150,Threekiii/Awesome-Exploit,Weblogic/weblogicScanner/stars/__pycache__/_import.cpython-36.pyc,dd73b31b20cac84077db45034e7a80bd21e0d2d6,CVE-2019-2888
484265150,Threekiii/Awesome-Exploit,Weblogic/weblogicScanner/stars/__pycache__/_import.cpython-36.pyc,dd73b31b20cac84077db45034e7a80bd21e0d2d6,CVE-2020-2555
484265150,Threekiii/Awesome-Exploit,Weblogic/weblogicScanner/stars/__pycache__/_import.cpython-36.pyc,dd73b31b20cac84077db45034e7a80bd21e0d2d6,CVE-2019-2618
484265150,Threekiii/Awesome-Exploit,Weblogic/weblogicScanner/stars/__pycache__/_import.cpython-36.pyc,dd73b31b20cac84077db45034e7a80bd21e0d2d6,CVE-2017-3248
484265150,Threekiii/Awesome-Exploit,Weblogic/weblogicScanner/stars/__pycache__/_import.cpython-36.pyc,dd73b31b20cac84077db45034e7a80bd21e0d2d6,CVE-2020-14882
484265150,Threekiii/Awesome-Exploit,Weblogic/weblogicScanner/stars/__pycache__/_import.cpython-36.pyc,dd73b31b20cac84077db45034e7a80bd21e0d2d6,CVE-2020-2883
484265150,Threekiii/Awesome-Exploit,Weblogic/weblogicScanner/stars/__pycache__/_import.cpython-36.pyc,dd73b31b20cac84077db45034e7a80bd21e0d2d6,CVE-2018-2628
484265150,Threekiii/Awesome-Exploit,Weblogic/weblogicScanner/stars/__pycache__/_import.cpython-36.pyc,dd73b31b20cac84077db45034e7a80bd21e0d2d6,CVE-2019-2729
484265150,Threekiii/Awesome-Exploit,Weblogic/weblogicScanner/stars/__pycache__/_import.cpython-36.pyc,dd73b31b20cac84077db45034e7a80bd21e0d2d6,CVE-2017-3506
484265150,Threekiii/Awesome-Exploit,Weblogic/weblogicScanner/stars/__pycache__/_import.cpython-36.pyc,dd73b31b20cac84077db45034e7a80bd21e0d2d6,CVE-2019-2890
484265150,Threekiii/Awesome-Exploit,Weblogic/weblogicScanner/stars/__pycache__/_import.cpython-36.pyc,dd73b31b20cac84077db45034e7a80bd21e0d2d6,CVE-2018-3191
484265150,Threekiii/Awesome-Exploit,Weblogic/weblogicScanner/stars/__pycache__/_import.cpython-36.pyc,dd73b31b20cac84077db45034e7a80bd21e0d2d6,CVE-2018-3252
484265150,Threekiii/Awesome-Exploit,Weblogic/weblogicScanner/stars/__pycache__/_import.cpython-36.pyc,dd73b31b20cac84077db45034e7a80bd21e0d2d6,CVE-2019-2725
484265150,Threekiii/Awesome-Exploit,Weblogic/weblogicScanner/stars/__pycache__/_import.cpython-36.pyc,dd73b31b20cac84077db45034e7a80bd21e0d2d6,CVE-2020-14883
484265150,Threekiii/Awesome-Exploit,Weblogic/weblogicScanner/stars/__pycache__/_import.cpython-36.pyc,dd73b31b20cac84077db45034e7a80bd21e0d2d6,CVE-2016-3510
484265150,Threekiii/Awesome-Exploit,Weblogic/weblogicScanner/stars/__pycache__/_import.cpython-36.pyc,dd73b31b20cac84077db45034e7a80bd21e0d2d6,CVE-2020-2551
484265150,Threekiii/Awesome-Exploit,Weblogic/weblogicScanner/stars/__pycache__/_import.cpython-36.pyc,dd73b31b20cac84077db45034e7a80bd21e0d2d6,CVE-2014-4210
484265150,Threekiii/Awesome-Exploit,Weblogic/weblogicScanner/stars/__pycache__/_import.cpython-36.pyc,dd73b31b20cac84077db45034e7a80bd21e0d2d6,CVE-2017-10271
484265150,Threekiii/Awesome-Exploit,Weblogic/weblogicScanner/stars/__pycache__/_import.cpython-36.pyc,dd73b31b20cac84077db45034e7a80bd21e0d2d6,CVE-2018-2894
484265150,Threekiii/Awesome-Exploit,Weblogic/weblogicScanner/stars/__pycache__/_import.cpython-36.pyc,dd73b31b20cac84077db45034e7a80bd21e0d2d6,CVE-2018-2893
484265150,Threekiii/Awesome-Exploit,Samba/CVE-2017-7494/src/examples/README,dd83bacaf9e9f2ea41c87dfd2deadda7c1427576,CVE-2017-7494
484265150,Threekiii/Awesome-Exploit,Samba/CVE-2017-7494/src/source3/locale/pam_winbind/es.po,dd99eccc7acb54553ecddd456028034c0a3ef934,CVE-2017-7494
484265150,Threekiii/Awesome-Exploit,Samba/CVE-2017-7494/src/source4/auth/gensec/pygensec.c,dda71a34a58158954e159b78bf5b31921ec32fba,CVE-2017-7494
484265150,Threekiii/Awesome-Exploit,Samba/CVE-2017-7494/src/source3/smbd/ipc.c,ddbbab62a0eddd0b41d1e988889b7c310df462ee,CVE-2017-7494
484265150,Threekiii/Awesome-Exploit,Samba/CVE-2017-7494/src/librpc/ABI/ndr-0.0.1.sigs,ddbe7dee84c9f056bda7ae9d9639b935402d41be,CVE-2017-7494
484265150,Threekiii/Awesome-Exploit,Samba/CVE-2017-7494/src/selftest/manage-ca/CA-samba.example.com/Users/administrator@samba.example.com/USER-administrator@samba.example.com-S01-private.p12,ddec4ecc6a8bcbe6285c82e230eeabd68bb516c1,CVE-2017-7494
484265150,Threekiii/Awesome-Exploit,Samba/CVE-2017-7494/src/docs-xml/smbdotconf/logging/debuguid.xml,de1f0a82f7a0d828f878682975879729e0f9cc2f,CVE-2017-7494
484265150,Threekiii/Awesome-Exploit,Samba/CVE-2017-7494/src/docs-xml/manpages/vfs_fake_perms.8.xml,de24d0934487ab75a969ba3a758d8a950b37d335,CVE-2017-7494
484265150,Threekiii/Awesome-Exploit,Samba/CVE-2017-7494/src/third_party/zlib/contrib/masmx64/inffas8664.c,de32029308a92293a6086dc854df1b0736ea9e06,CVE-2017-7494
484265150,Threekiii/Awesome-Exploit,Samba/CVE-2017-7494/src/source4/wrepl_server/wrepl_server.h,de42fe3992aafa8cfc6320a3483a87ad70b25bc0,CVE-2017-7494
484265150,Threekiii/Awesome-Exploit,Samba/CVE-2017-7494/src/source4/setup/ad-schema/MS-AD_Schema_2K8_R2_Attributes.txt,de43d31fc7a68cf95282772ecb66277e21e3e8c9,CVE-2017-7494
484265150,Threekiii/Awesome-Exploit,Samba/CVE-2017-7494/src/docs-xml/smbdotconf/logon/setprimarygroupscript.xml,de4cf8b0f0b7644f840a9ad349326c77e08ac6ca,CVE-2017-7494
484265150,Threekiii/Awesome-Exploit,Samba/CVE-2017-7494/src/docs-xml/Samba3-HOWTO/TOSHARG-FastStart.xml,de660d8689071bb29c81255d666728e29a582201,CVE-2017-7494
484265150,Threekiii/Awesome-Exploit,Samba/CVE-2017-7494/src/ctdb/tests/tool/ctdb.lvs.003.sh,de7629aa62ae2ea8a354bf3dd2308a3f1bc4c8db,CVE-2017-7494
484265150,Threekiii/Awesome-Exploit,Samba/CVE-2017-7494/src/docs-xml/Samba3-ByExample/SBE-MigrateNW4Samba3.xml,de7c3fd1b565ec7fe480d084eaf404897ea722c0,CVE-2017-7494
484265150,Threekiii/Awesome-Exploit,Samba/CVE-2017-7494/src/third_party/zlib/as400/compile.clp,de939c70df1a09cfc5d184a305035c3602e717eb,CVE-2017-7494
484265150,Threekiii/Awesome-Exploit,Samba/CVE-2017-7494/src/testsuite/build_farm/template/basicsmb.smb.conf.preexec_cl_fl,dea211d68b3cf40ecb59c0bd9500b3b1cab31050,CVE-2017-7494
484265150,Threekiii/Awesome-Exploit,Samba/CVE-2017-7494/src/ctdb/doc/ctdb.1.xml,dec2ce509d75cf03ea1c728671bcde29434684e5,CVE-2017-7494
484265150,Threekiii/Awesome-Exploit,Samba/CVE-2017-7494/src/docs-xml/smbdotconf/security/usernamelevel.xml,dee6b83071c64056eb504531dc178a686a91de98,CVE-2017-7494
484265150,Threekiii/Awesome-Exploit,Samba/CVE-2017-7494/src/source3/rpc_server/ntsvcs/srv_ntsvcs_nt.c,dee872eec02989df877faadd48c62c6fd30f348d,CVE-2017-7494
484265150,Threekiii/Awesome-Exploit,Samba/CVE-2017-7494/src/source4/libcli/smb2/tcon.c,deed40c57843c1a763761e0562c64a69dec18f67,CVE-2017-7494
484265150,Threekiii/Awesome-Exploit,Samba/CVE-2017-7494/src/docs-xml/Samba3-HOWTO/images/idmap-sid2uid.svg,defca10bacd368e7771518d19e2279531b12703b,CVE-2017-7494
484265150,Threekiii/Awesome-Exploit,Samba/CVE-2017-7494/src/source4/torture/libnet/utils.c,df0e1cc5668222c79580cdd591e21cc6cc313a60,CVE-2017-7494
484265150,Threekiii/Awesome-Exploit,Samba/CVE-2017-7494/src/source3/groupdb/mapping_tdb.c,df256d852efed6d9998c477fa5a293883e97973d,CVE-2017-7494
484265150,Threekiii/Awesome-Exploit,Samba/CVE-2017-7494/src/ctdb/tests/eventscripts/60.nfs.monitor.161.sh,df315fa5fd7a06996861ac7ee317deb72b29ac7c,CVE-2017-7494
484265150,Threekiii/Awesome-Exploit,GitLab/CVE-2016-9086/CVE-2016-9086.tar.gz,df3aaaeef07056f9468af124c096321e7de9bca2,CVE-2016-9086
484265150,Threekiii/Awesome-Exploit,Samba/CVE-2017-7494/src/ctdb/tests/eventscripts/60.nfs.monitor.103.sh,df3c3be0fc03b4ebc7a2aba8bb46c11228ff838f,CVE-2017-7494
484265150,Threekiii/Awesome-Exploit,Samba/CVE-2017-7494/exploit.py,df5887b8cb6087824b8449d0ee2b72863d9491de,CVE-2017-7494
484265150,Threekiii/Awesome-Exploit,Samba/CVE-2017-7494/src/source3/script/tests/vfstest-catia/run.sh,df58ba294bf6611223d58c63dd61da1034beb2a2,CVE-2017-7494
484265150,Threekiii/Awesome-Exploit,Samba/CVE-2017-7494/src/source3/winbindd/idmap_autorid_tdb.c,df694cf01afb3179461a3d6c97a03af0efc9c58f,CVE-2017-7494
484265150,Threekiii/Awesome-Exploit,Samba/CVE-2017-7494/src/buildtools/wafsamba/samba_utils.py,df6a56a7e53a99176df01870e1b7e4f40a09689e,CVE-2017-7494
484265150,Threekiii/Awesome-Exploit,Samba/CVE-2017-7494/src/docs-xml/smbdotconf/misc/widelinks.xml,df748123ab0fa8a1cbae2ba39b91658f34079c8a,CVE-2017-7494
484265150,Threekiii/Awesome-Exploit,Samba/CVE-2017-7494/src/source3/script/tests/test_large_acl.sh,df749596db10bd4ee80cda6eb8a9f18ec1147ff7,CVE-2017-7494
484265150,Threekiii/Awesome-Exploit,Samba/CVE-2017-7494/src/docs-xml/smbdotconf/security/maptoguest.xml,df89659471b1480a1785bfdad9a5440c68c77cbb,CVE-2017-7494
484265150,Threekiii/Awesome-Exploit,Samba/CVE-2017-7494/src/source4/dsdb/samdb/ldb_modules/samba_dsdb.c,dfa78e811c63773f7df3373dd5079d7b673bfcca,CVE-2017-7494
484265150,Threekiii/Awesome-Exploit,Samba/CVE-2017-7494/src/source4/ldap_server/ldap_backend.c,dfb4ddc81c34a31a28c2bbe72fac2ca51a9d8f33,CVE-2017-7494
484265150,Threekiii/Awesome-Exploit,Samba/CVE-2017-7494/src/third_party/pep8/testsuite/E70.py,dfc62c8d6f6f882d1a5c639f18abbc2c6b656dad,CVE-2017-7494
484265150,Threekiii/Awesome-Exploit,Samba/CVE-2017-7494/src/docs-xml/manpages/vfs_readahead.8.xml,dfc6c78d6d6400d602f0401a60342801bfdcdd41,CVE-2017-7494
484265150,Threekiii/Awesome-Exploit,Samba/CVE-2017-7494/src/ctdb/tests/shellcheck/tools.sh,dfcc2614ae5bdbbfa8ae3461891255d3da93c18e,CVE-2017-7494
484265150,Threekiii/Awesome-Exploit,Samba/CVE-2017-7494/src/docs-xml/Samba3-HOWTO/TOSHARG-foreword-cargill.xml,dfd3c3b34b0ce66101816b13e1c42a185bb07d27,CVE-2017-7494
484265150,Threekiii/Awesome-Exploit,Samba/CVE-2017-7494/src/docs-xml/registry/WindowsTerminalServer.reg,dfd62f8f9efb484ee4442c9dd9082429a917846e,CVE-2017-7494
484265150,Threekiii/Awesome-Exploit,Samba/CVE-2017-7494/src/third_party/pep8/setup.cfg,dfe3241ce637e2f05327c6a39a12025f56131e3b,CVE-2017-7494
484265150,Threekiii/Awesome-Exploit,Samba/CVE-2017-7494/src/source3/winbindd/winbindd_reconnect_ads.c,dfe9074aadfd7c748553f552c7ba116fe839ec35,CVE-2017-7494
484265150,Threekiii/Awesome-Exploit,Samba/CVE-2017-7494/src/source4/torture/rpc/dssetup.c,dfec6e3f3343429e779d854b26b8e9a4f82feeb1,CVE-2017-7494
484265150,Threekiii/Awesome-Exploit,Samba/CVE-2017-7494/src/docs-xml/Samba3-HOWTO/images/idmap-store-gid2sid.svg,dff377bd43861d952713f1986dcf55aa22eea62f,CVE-2017-7494
484265150,Threekiii/Awesome-Exploit,Samba/CVE-2017-7494/src/ctdb/common/db_hash.c,e00052fc724e15612d8e4531d5806db0a68049e2,CVE-2017-7494
484265150,Threekiii/Awesome-Exploit,Samba/CVE-2017-7494/src/testsuite/build_farm/template/basicsmb.smb.conf.preexec_close,e0092c3a0cd97455204cc776a902e366ff9dc154,CVE-2017-7494
484265150,Threekiii/Awesome-Exploit,Samba/CVE-2017-7494/src/source3/modules/vfs_zfsacl.c,e011e8d535568a8df4cd8e5aa001317a9a0e3569,CVE-2017-7494
484265150,Threekiii/Awesome-Exploit,Samba/CVE-2017-7494/src/selftest/manage-ca/CA-samba.example.com/Users/pkinit@samba.example.com/USER-pkinit@samba.example.com-private-key.pem,e0150422956e84825e9b0d04a261f274f3fc5105,CVE-2017-7494
484265150,Threekiii/Awesome-Exploit,Samba/CVE-2017-7494/src/source4/kdc/hdb-samba4-plugin.c,e0189a75c41c141798368087cd118ed0b1af1667,CVE-2017-7494
484265150,Threekiii/Awesome-Exploit,Samba/CVE-2017-7494/src/source3/include/smb_acls.h,e0238e5dc16106b4ceccf369ce9c1d4aef11dc7c,CVE-2017-7494
484265150,Threekiii/Awesome-Exploit,Samba/CVE-2017-7494/src/source4/torture/basic/dir.c,e02561b8d73939ad1fd8a817ea83fa7baca97b8e,CVE-2017-7494
484265150,Threekiii/Awesome-Exploit,Samba/CVE-2017-7494/src/source4/smb_server/smb2/wscript_build,e0288da26a2177c3ea7d5ddbdb5209d1fec83e1e,CVE-2017-7494
484265150,Threekiii/Awesome-Exploit,Samba/CVE-2017-7494/src/selftest/tests/test_testlist.py,e02d6871126ebd6a9ca9e01205797773d076f405,CVE-2017-7494
484265150,Threekiii/Awesome-Exploit,Samba/CVE-2017-7494/src/ctdb/doc/examples/natgw.conf,e02d82512cc4cf657da8b292e8db8277a2562451,CVE-2017-7494
484265150,Threekiii/Awesome-Exploit,Samba/CVE-2017-7494/src/docs-xml/smbdotconf/logon/addusertogroupscript.xml,e0374763f8c161b5ab2af91e9f0164616577f335,CVE-2017-7494
484265150,Threekiii/Awesome-Exploit,Samba/CVE-2017-7494/src/packaging/Solaris/r.swat,e048b5ecad00aaea14001603309f4ff7d7de1570,CVE-2017-7494
484265150,Threekiii/Awesome-Exploit,Samba/CVE-2017-7494/src/source4/torture/ndr/dfs.c,e054d90786fd0cab1ad2dbc6404d198e987b53da,CVE-2017-7494
484265150,Threekiii/Awesome-Exploit,Samba/CVE-2017-7494/src/source3/smbd/mangle.c,e05f3fc26722aaecf046b6482924dca72f65f86a,CVE-2017-7494
484265150,Threekiii/Awesome-Exploit,Samba/CVE-2017-7494/src/source3/Doxyfile,e07916c537734da883a1754eddbd30219c3644a0,CVE-2017-7494
484265150,Threekiii/Awesome-Exploit,Samba/CVE-2017-7494/src/docs-xml/manpages/vfs_offline.8.xml,e080657aec29b06b5ad0ab13fa0757127946983f,CVE-2017-7494
484265150,Threekiii/Awesome-Exploit,Samba/CVE-2017-7494/src/docs/manpages/idmap_ad.8,e081b479b7a1d20c43eba6ba8eae7be667518b0f,CVE-2017-7494
484265150,Threekiii/Awesome-Exploit,Samba/CVE-2017-7494/src/examples/libsmbclient/testacl3.c,e08c25f13e9fca0099e484e3fa362c306a5e00be,CVE-2017-7494
484265150,Threekiii/Awesome-Exploit,Samba/CVE-2017-7494/src/source3/registry/reg_parse_prs.h,e09751fb2768c9cc96af85f24bb683141854af5c,CVE-2017-7494
484265150,Threekiii/Awesome-Exploit,Samba/CVE-2017-7494/src/source3/registry/reg_parse.c,e099968d4504226ce4940c986f82dcf06b1270a7,CVE-2017-7494
484265150,Threekiii/Awesome-Exploit,Samba/CVE-2017-7494/src/source4/utils/ntlm_auth.c,e0b8c38cc22d7fcbb1de1922265a61b6e7fba344,CVE-2017-7494
484265150,Threekiii/Awesome-Exploit,Samba/CVE-2017-7494/src/selftest/format-subunit,e0c9e58274735d2925d518ed16fe14d8aa7bba2a,CVE-2017-7494
484265150,Threekiii/Awesome-Exploit,Samba/CVE-2017-7494/src/docs-xml/smbdotconf/printing/cupsencrypt.xml,e0d04f7d95e0c5d716145b698d7c9d28114d512a,CVE-2017-7494
484265150,Threekiii/Awesome-Exploit,Samba/CVE-2017-7494/src/ctdb/tests/tool/ctdb.continue.002.sh,e0d44bf3ed209965cf6391e77934091b44b305b9,CVE-2017-7494
484265150,Threekiii/Awesome-Exploit,Samba/CVE-2017-7494/src/source3/utils/net_dns.h,e0d4ed8bed60c82a662794e457dae7facb894868,CVE-2017-7494
484265150,Threekiii/Awesome-Exploit,Samba/CVE-2017-7494/src/third_party/zlib/contrib/delphi/ZLibConst.pas,e0ff4d3c14a4dcdbf170692ce0fec86939b500d0,CVE-2017-7494
484265150,Threekiii/Awesome-Exploit,Samba/CVE-2017-7494/src/librpc/idl/frstrans.idl,e10f4b6a3760803ee7225a4bc425fca171b38948,CVE-2017-7494
484265150,Threekiii/Awesome-Exploit,Samba/CVE-2017-7494/src/docs-xml/using_samba/ch05.xml,e11e03c30acbcd5172255ca89d834d6586cdaa13,CVE-2017-7494
484265150,Threekiii/Awesome-Exploit,Samba/CVE-2017-7494/src/ctdb/tests/eventscripts/91.lvs.ipreallocated.013.sh,e1268b5cbc40f43d58ec3d753be38d1c254cb8c2,CVE-2017-7494
484265150,Threekiii/Awesome-Exploit,Samba/CVE-2017-7494/src/source4/torture/smb2/durable_v2_open.c,e137f0e043b32dce69aca069b98227d8609b9ed3,CVE-2017-7494
484265150,Threekiii/Awesome-Exploit,Samba/CVE-2017-7494/src/source3/registry/reg_format.h,e139ca18362d61a7cd24f21c56503b466287d051,CVE-2017-7494
484265150,Threekiii/Awesome-Exploit,Samba/CVE-2017-7494/src/ctdb/common/pkt_write.c,e13f18a7c67b57af663793af128017df65e527ee,CVE-2017-7494
484265150,Threekiii/Awesome-Exploit,Samba/CVE-2017-7494/src/python/samba/tests/samba_tool/user_check_password_script.py,e140341098a53795f23311d5621646c279237fe0,CVE-2017-7494
484265150,Threekiii/Awesome-Exploit,Samba/CVE-2017-7494/src/docs/manpages/vfs_shadow_copy2.8,e15e3a7497bafd1c794f89fbe4223d34cc1cf0b9,CVE-2017-7494
484265150,Threekiii/Awesome-Exploit,Samba/CVE-2017-7494/src/docs-xml/smbdotconf/security/kerberosmethod.xml,e15f7718e27cee3379fd07bf0ce2b579da82c1a6,CVE-2017-7494
484265150,Threekiii/Awesome-Exploit,Samba/CVE-2017-7494/src/ctdb/tests/eventscripts/01.reclock.monitor.005.sh,e1758478a4a4483706945859edb2190abdb7d8d9,CVE-2017-7494
484265150,Threekiii/Awesome-Exploit,Samba/CVE-2017-7494/src/third_party/zlib/contrib/iostream2/zstream_test.cpp,e18a6d55cbbd8b832f8d795530553467e5c74fcf,CVE-2017-7494
484265150,Threekiii/Awesome-Exploit,Samba/CVE-2017-7494/src/packaging/Example/skeleton.tar,e193f94e7387623b2c91dab30e6cd51ae45535a3,CVE-2017-7494
484265150,Threekiii/Awesome-Exploit,Samba/CVE-2017-7494/src/source3/registry/reg_import.h,e19f63c3303cdc19e4ee46dcd5a0f7f4d844708a,CVE-2017-7494
484265150,Threekiii/Awesome-Exploit,Samba/CVE-2017-7494/src/source4/dsdb/samdb/ldb_modules/new_partition.c,e1aa3aab030bc75879861fdbb49c737a68de1810,CVE-2017-7494
484265150,Threekiii/Awesome-Exploit,Samba/CVE-2017-7494/src/source3/utils/interact.h,e1b860d91dec6c7302bf3351688577f073556195,CVE-2017-7494
484265150,Threekiii/Awesome-Exploit,Samba/CVE-2017-7494/src/source3/rpc_server/rpc_service_setup.c,e1c374cdca56f95ca0d14d6a7d305ca5269cdbd7,CVE-2017-7494
484265150,Threekiii/Awesome-Exploit,Samba/CVE-2017-7494/src/source4/librpc/ndr/py_misc.c,e1cb18087d6bf1df900713165527003b35118754,CVE-2017-7494
484265150,Threekiii/Awesome-Exploit,Samba/CVE-2017-7494/src/ctdb/tests/eventscripts/README,e1d6d2b5ae572fe5824adb26af8f40c6f0b81e3e,CVE-2017-7494
484265150,Threekiii/Awesome-Exploit,Samba/CVE-2017-7494/src/docs-xml/Samba3-Developers-Guide/packagers.xml,e1fac088b5216da1abb05694a9245376863a784d,CVE-2017-7494
484265150,Threekiii/Awesome-Exploit,Samba/CVE-2017-7494/src/docs-xml/smbdotconf/printing/enablespoolss.xml,e20df096747ab4c37780ca7c6c596cb895d21085,CVE-2017-7494
484265150,Threekiii/Awesome-Exploit,Samba/CVE-2017-7494/src/third_party/zlib/contrib/vstudio/vc8/zlib.rc,e220520ddb96a5c768edd31dff5091c83e8b3273,CVE-2017-7494
484265150,Threekiii/Awesome-Exploit,Samba/CVE-2017-7494/src/source3/libads/ldap.c,e22a1cafdd6cd245967983ca635fb8f3b515e882,CVE-2017-7494
484265150,Threekiii/Awesome-Exploit,Samba/CVE-2017-7494/src/source4/libcli/clideltree.c,e22a7a7e4be523c84ec4d19de350d86e96096d5c,CVE-2017-7494
484265150,Threekiii/Awesome-Exploit,Samba/CVE-2017-7494/src/librpc/ndr/ndr_dns.c,e2416666b65b08b9c569dfee68446cdea71d1ba7,CVE-2017-7494
484265150,Threekiii/Awesome-Exploit,Samba/CVE-2017-7494/src/testsuite/build_farm/template/basicsmb.smb.conf,e24168b067c0c79241a38fc46c193d2ce34f686b,CVE-2017-7494
484265150,Threekiii/Awesome-Exploit,Samba/CVE-2017-7494/src/testsuite/build_farm/basicsmb-domainsec-nt4.test,e2550af71cd6327194734cf0cf66b64db835d5e9,CVE-2017-7494
484265150,Threekiii/Awesome-Exploit,Samba/CVE-2017-7494/src/source4/heimdal/kdc/windc.c,e25f8a841d36ea8193c7c66451e26e01db3a5ff7,CVE-2017-7494
484265150,Threekiii/Awesome-Exploit,Samba/CVE-2017-7494/src/source3/include/auth_info.h,e2617145b8616b11e7bf3cb1d8da54413900b38c,CVE-2017-7494
484265150,Threekiii/Awesome-Exploit,Samba/CVE-2017-7494/src/source3/winbindd/winbindd_ccache_access.c,e261da054279af450f2d9e254e349782a9d34619,CVE-2017-7494
484265150,Threekiii/Awesome-Exploit,Samba/CVE-2017-7494/src/packaging/Solaris/pkginfo.master,e269c8953881a9601abdb6966f2984299d471e54,CVE-2017-7494
484265150,Threekiii/Awesome-Exploit,Samba/CVE-2017-7494/src/third_party/zlib/contrib/vstudio/vc7/zlibvc.sln,e2a74a9e9abd77d4bef907244ea504e01c1d00af,CVE-2017-7494
484265150,Threekiii/Awesome-Exploit,Samba/CVE-2017-7494/src/source3/winbindd/idmap_nss.c,e2bcf031231e93e3b04d4334fcd90c672ca47f28,CVE-2017-7494
484265150,Threekiii/Awesome-Exploit,Samba/CVE-2017-7494/src/source3/services/svc_winreg_glue.h,e2c46b55c4268f5173de7707d7545b16d4055ef3,CVE-2017-7494
484265150,Threekiii/Awesome-Exploit,Samba/CVE-2017-7494/src/third_party/dnspython/dns/rdtypes/IN/DHCID.py,e2d61b14f4f938c9b0f13d6745df1738466d73da,CVE-2017-7494
484265150,Threekiii/Awesome-Exploit,Samba/CVE-2017-7494/src/third_party/pep8/docs/api.rst,e2dff5f7539c6c3130dbc52056ff414838c28d51,CVE-2017-7494
484265150,Threekiii/Awesome-Exploit,Samba/CVE-2017-7494/src/third_party/dnspython/dns/rdtypes/IN/SRV.py,e2f982f6c8116dc02d45da3bb6f1f0d70340f46e,CVE-2017-7494
484265150,Threekiii/Awesome-Exploit,Samba/CVE-2017-7494/src/source3/registry/reg_parse.h,e31f4a69f1b2139d64013d0bd1fa6e8ad6e2ce64,CVE-2017-7494
484265150,Threekiii/Awesome-Exploit,Samba/CVE-2017-7494/src/source4/librpc/idl/winstation.idl,e330eb10a9e3c04e891d19287e5528a23d18f969,CVE-2017-7494
484265150,Threekiii/Awesome-Exploit,Samba/CVE-2017-7494/src/source4/dsdb/samdb/ldb_modules/descriptor.c,e3366fd67aee8a0814a2cc33009619549a949272,CVE-2017-7494
484265150,Threekiii/Awesome-Exploit,Samba/CVE-2017-7494/bindshell-samba.c,e33c7c025915dae1090d3a5fdaa799b9aecd1e68,CVE-2017-7494
484265150,Threekiii/Awesome-Exploit,Samba/CVE-2017-7494/src/docs-xml/smbdotconf/vfs/vfsobjects.xml,e33e90f22e50d3cd1f91ff29fab9747e583b4d31,CVE-2017-7494
484265150,Threekiii/Awesome-Exploit,Weblogic/WeblogicScan/app/plugins/CVE-2018-2628.py,e34193c01daa3c266ec8d0b7bee1be0610f0c489,CVE-2018-2628
484265150,Threekiii/Awesome-Exploit,Samba/CVE-2017-7494/src/examples/LDAP/samba-nds.schema,e34381417eb5336b5e890780f5b4aec0afeb36e5,CVE-2017-7494
484265150,Threekiii/Awesome-Exploit,Samba/CVE-2017-7494/src/ctdb/server/ctdb_event_helper.c,e355d124d62ffb4dba58816ad41f0cdb417f6382,CVE-2017-7494
484265150,Threekiii/Awesome-Exploit,Samba/CVE-2017-7494/src/third_party/dnspython/dns/rdtypes/IN/APL.py,e3674340d85caa6f7b962e96f64faa7c4f38c0fb,CVE-2017-7494
484265150,Threekiii/Awesome-Exploit,Samba/CVE-2017-7494/src/docs-xml/smbdotconf/security/privatedir.xml,e36ec24fcc55e111e4cff68f53f2ff4c7aeef83f,CVE-2017-7494
484265150,Threekiii/Awesome-Exploit,Samba/CVE-2017-7494/src/ctdb/tests/eventscripts/10.interface.monitor.013.sh,e377c0657c34c18c9299bfdc459ed7b9d5909eb3,CVE-2017-7494
484265150,Threekiii/Awesome-Exploit,Samba/CVE-2017-7494/src/ctdb/tests/test_check_tcp_ports.sh,e389c80476d38e29f300482af21223bfa5b886ca,CVE-2017-7494
484265150,Threekiii/Awesome-Exploit,Samba/CVE-2017-7494/src/ctdb/tests/tool/ctdb.nodestatus.001.sh,e38f851544f343e3aef877ec0ec81f218659ba98,CVE-2017-7494
484265150,Threekiii/Awesome-Exploit,Samba/CVE-2017-7494/src/packaging/LSB/samba.sh,e38fcd488d681bab0c3fed5c7aeb0f073e270888,CVE-2017-7494
484265150,Threekiii/Awesome-Exploit,Samba/CVE-2017-7494/src/source4/torture/ndr/epmap.c,e395fa3bea769f4f027224bac7cefb216a5bc23d,CVE-2017-7494
484265150,Threekiii/Awesome-Exploit,Samba/CVE-2017-7494/src/source3/winbindd/winbindd_cred_cache.c,e3ab7281e4a93de3c09a70ee1b2552f89678bcbc,CVE-2017-7494
484265150,Threekiii/Awesome-Exploit,Samba/CVE-2017-7494/src/testsuite/smbd/sec_ctx_current_user.c,e3bce50db6e87a95d29c6fbc393f21270fb9bb55,CVE-2017-7494
484265150,Threekiii/Awesome-Exploit,Samba/CVE-2017-7494/src/ctdb/tests/eventscripts/10.interface.monitor.011.sh,e3c8b790fe463c211ca6295bcbea55a3e2ea1919,CVE-2017-7494
484265150,Threekiii/Awesome-Exploit,Samba/CVE-2017-7494/src/source3/libsmb/ABI/smbclient-0.2.2.sigs,e3d5c89cb1b24a0c305701fb8d21aa4f9674eef1,CVE-2017-7494
484265150,Threekiii/Awesome-Exploit,Samba/CVE-2017-7494/src/third_party/zlib/INDEX,e3e9b6ae640b540c6771ad4e1201ab94a2a1009d,CVE-2017-7494
484265150,Threekiii/Awesome-Exploit,Samba/CVE-2017-7494/src/source3/libsmb/clifile.c,e3ed882ed8af66301b0db044ae99e9e159eb4b2c,CVE-2017-7494
484265150,Threekiii/Awesome-Exploit,Samba/CVE-2017-7494/src/source3/registry/reg_api_util.c,e3ef5bf2de65f4465b089ba5d9fd3787c4585b32,CVE-2017-7494
484265150,Threekiii/Awesome-Exploit,Samba/CVE-2017-7494/src/source3/utils/net_serverid.c,e403a2d772211bab35987abb24e861353c6826bd,CVE-2017-7494
484265150,Threekiii/Awesome-Exploit,Samba/CVE-2017-7494/src/ctdb/tests/eventscripts/05.system.monitor.012.sh,e406c03961fc0592f575603d59f28900e9e44d6b,CVE-2017-7494
484265150,Threekiii/Awesome-Exploit,Samba/CVE-2017-7494/src/docs-xml/smbdotconf/protocol/enableasusupport.xml,e41a3c966d96a9ffefc952dbac60498d1576d205,CVE-2017-7494
484265150,Threekiii/Awesome-Exploit,Samba/CVE-2017-7494/src/ctdb/config/events.d/05.system,e426f4ecba64c38ddfa2d185f045d3943b71448b,CVE-2017-7494
484265150,Threekiii/Awesome-Exploit,Samba/CVE-2017-7494/src/source4/torture/rpc/mgmt.c,e42cb7ce99bd89e7e1f2275f3934dc867f9b4479,CVE-2017-7494
484265150,Threekiii/Awesome-Exploit,Samba/CVE-2017-7494/src/source3/winbindd/winbindd_getgrnam.c,e454915b29eb0fc28d9387dea556e34eebd183eb,CVE-2017-7494
484265150,Threekiii/Awesome-Exploit,Samba/CVE-2017-7494/src/examples/scripts/debugging/linux/backtrace,e459cb0c2e08c783e2f80df9cd87ece5129e31ea,CVE-2017-7494
484265150,Threekiii/Awesome-Exploit,Samba/CVE-2017-7494/src/docs-xml/smbdotconf/tuning/aioreadsize.xml,e479d77cd2ef2b24eb4394755cb7868b3447f3cc,CVE-2017-7494
484265150,Threekiii/Awesome-Exploit,Samba/CVE-2017-7494/src/source4/setup/provision_self_join_modify.ldif,e48651dd4f7c0a1c519a38fd482a40c08c284a61,CVE-2017-7494
484265150,Threekiii/Awesome-Exploit,Samba/CVE-2017-7494/src/python/samba/tests/dsdb.py,e4b0d17ca5c0cb9c78f8ed7778e45e0df05889a0,CVE-2017-7494
484265150,Threekiii/Awesome-Exploit,Samba/CVE-2017-7494/src/source3/passdb/machine_sid.h,e4b67a92863395a074519e043cfff804dbfd2150,CVE-2017-7494
484265150,Threekiii/Awesome-Exploit,Samba/CVE-2017-7494/src/docs-xml/smbdotconf/printing/showaddprinterwizard.xml,e4c29d97f66416f663298835920656a8bc236c7a,CVE-2017-7494
484265150,Threekiii/Awesome-Exploit,Samba/CVE-2017-7494/src/docs-xml/smbdotconf/printing/lppausecommand.xml,e4cd41006607348fc48492bb3ae65c176c11e02b,CVE-2017-7494
484265150,Threekiii/Awesome-Exploit,Samba/CVE-2017-7494/src/docs-xml/smbdotconf/misc/usersharetemplateshare.xml,e4e2f2fdc5b5422f6690f08f5c05f0e50ffacb82,CVE-2017-7494
484265150,Threekiii/Awesome-Exploit,Samba/CVE-2017-7494/src/testprogs/win32/midltests/todo/midltests-array-range.idl,e4e57baa12e36f607bafb95377846d50dd6a1786,CVE-2017-7494
484265150,Threekiii/Awesome-Exploit,Weblogic/weblogicScanner/stars/cve_2018_3191.py,e4ec4a0fd5500b1f1f76d01e55f8023a9d28b491,CVE-2018-3191
484265150,Threekiii/Awesome-Exploit,Samba/CVE-2017-7494/src/python/samba/tests/posixacl.py,e4ff3f936cbbc43f80138514dad1ec1b33809f2e,CVE-2017-7494
484265150,Threekiii/Awesome-Exploit,Samba/CVE-2017-7494/src/pidl/tests/wireshark-ndr.pl,e4ff9641ea54af754823de1a6c3be2430d136480,CVE-2017-7494
484265150,Threekiii/Awesome-Exploit,Samba/CVE-2017-7494/src/librpc/idl/dssetup.idl,e5016bbdfbc8895f09dbb4c87df9030117d014e6,CVE-2017-7494
484265150,Threekiii/Awesome-Exploit,Samba/CVE-2017-7494/src/auth/auth_sam_reply.c,e511ef3c7a71a2c8bc451f86997b8bf698cefb8c,CVE-2017-7494
484265150,Threekiii/Awesome-Exploit,Weblogic/weblogicScanner/stars/__pycache__/cve_2018_2893.cpython-37.pyc,e5238abcb4f39a1f19ad6c5efc1b0fe18114f1cc,CVE-2018-2893
484265150,Threekiii/Awesome-Exploit,Samba/CVE-2017-7494/src/packaging/Example/package-prep,e53e879dd85baee8e50f009ea878dfa9716263c4,CVE-2017-7494
484265150,Threekiii/Awesome-Exploit,Samba/CVE-2017-7494/src/source3/printing/load.c,e5447fbc24c8f272dc3165f5d5e885056eb3c95b,CVE-2017-7494
484265150,Threekiii/Awesome-Exploit,Samba/CVE-2017-7494/src/python/samba/tests/samba_tool/gpo.py,e55092a00045ce938e9d057bd2d9a03909342ac5,CVE-2017-7494
484265150,Threekiii/Awesome-Exploit,Samba/CVE-2017-7494/src/libcli/named_pipe_auth/npa_tstream.c,e55f059c5e6111096f965cc1c47a47a55560bb60,CVE-2017-7494
484265150,Threekiii/Awesome-Exploit,Samba/CVE-2017-7494/src/third_party/pep8/docs/intro.rst,e5647c2932fb3342cafb4e86526bde1b18fcd9e4,CVE-2017-7494
484265150,Threekiii/Awesome-Exploit,Samba/CVE-2017-7494/src/examples/pcap2nbench/Makefile,e57470e5805115fa74e96c546e6fd4498c76012d,CVE-2017-7494
484265150,Threekiii/Awesome-Exploit,Samba/CVE-2017-7494/src/source4/ntvfs/ipc/rap_server.c,e5861cf04292ef1542a3dc0c6845369148d47219,CVE-2017-7494
484265150,Threekiii/Awesome-Exploit,Samba/CVE-2017-7494/src/source4/dsdb/tests/python/password_lockout.py,e58a01c0b42c9c18f84ed13e83370ec5b5693192,CVE-2017-7494
484265150,Threekiii/Awesome-Exploit,Samba/CVE-2017-7494/src/docs-xml/smbdotconf/misc/allowinsecurewidelinks.xml,e58e75693976f018451149674933ae4000aa1b4e,CVE-2017-7494
484265150,Threekiii/Awesome-Exploit,Samba/CVE-2017-7494/src/nsswitch/libwbclient/ABI/wbclient-0.10.sigs,e59839608d7d21bfe7858e36bf0173a2ce9c8af6,CVE-2017-7494
484265150,Threekiii/Awesome-Exploit,Samba/CVE-2017-7494/src/source4/libcli/smb2/find.c,e59befa0cc5bf0dbf34374a6380a1d4607868742,CVE-2017-7494
484265150,Threekiii/Awesome-Exploit,Samba/CVE-2017-7494/src/ctdb/common/system_common.c,e59da5fb16e4c0f9e6ab07c3356381c42562dd28,CVE-2017-7494
484265150,Threekiii/Awesome-Exploit,Samba/CVE-2017-7494/src/testdata/samba3/provision_samba3sam_templates.ldif,e5a0381f347a457f86771887edfd712ffb74672a,CVE-2017-7494
484265150,Threekiii/Awesome-Exploit,Samba/CVE-2017-7494/src/librpc/idl/atsvc.idl,e5a0afcb831a45d45b0207e267f599b13e3922a5,CVE-2017-7494
484265150,Threekiii/Awesome-Exploit,Samba/CVE-2017-7494/src/source3/winbindd/winbindd_group.c,e5bef31267e9fb88835ba0ad20cf631b8da0bbc8,CVE-2017-7494
484265150,Threekiii/Awesome-Exploit,Samba/CVE-2017-7494/src/third_party/zlib/contrib/inflate86/inffast.S,e5c30f2fc07023d7024571c9882383236d2a1cb0,CVE-2017-7494
484265150,Threekiii/Awesome-Exploit,Samba/CVE-2017-7494/src/ctdb/tests/eventscripts/60.nfs.monitor.121.sh,e5c978a02e702bddc0a99def43e5fe0765910384,CVE-2017-7494
484265150,Threekiii/Awesome-Exploit,Samba/CVE-2017-7494/src/source4/torture/libnet/grouptest.h,e5de253b21bd39aeebd7d106f8864ab36b41ee83,CVE-2017-7494
484265150,Threekiii/Awesome-Exploit,Samba/CVE-2017-7494/src/third_party/zlib/win32/VisualC.txt,e5df2e74c999dce787d725694968d9ce63662d82,CVE-2017-7494
484265150,Threekiii/Awesome-Exploit,Samba/CVE-2017-7494/src/selftest/manage-ca/CA-samba.example.com/Private/CA-samba.example.com-index.txt.old,e5e9ecdf684100963b8b71d898bed4edfb56f0db,CVE-2017-7494
484265150,Threekiii/Awesome-Exploit,Samba/CVE-2017-7494/src/source4/auth/gensec/gensec_krb5_util.c,e5ea784efecf7610445f98782cc09c3be6f6e858,CVE-2017-7494
484265150,Threekiii/Awesome-Exploit,Samba/CVE-2017-7494/src/libcli/auth/spnego_parse.c,e5eaac7777f9936ab3377304d44b049ec74ada4a,CVE-2017-7494
484265150,Threekiii/Awesome-Exploit,Samba/CVE-2017-7494/src/source3/modules/README.nfs4acls.txt,e5f044b89f9e74879299befa8640249540e8813e,CVE-2017-7494
484265150,Threekiii/Awesome-Exploit,Samba/CVE-2017-7494/src/source3/rpc_server/srv_pipe_register.c,e5f3217a51e802d59d402cc00afc599f288b51c2,CVE-2017-7494
484265150,Threekiii/Awesome-Exploit,Samba/CVE-2017-7494/src/source3/winbindd/wb_dsgetdcname.c,e5f79baedb3040a8873fde9e707c27f685b80aff,CVE-2017-7494
484265150,Threekiii/Awesome-Exploit,Samba/CVE-2017-7494/src/libgpo/gpo_sec.c,e5ff767ef7e35246c818996f0c1a572b6d4c1994,CVE-2017-7494
484265150,Threekiii/Awesome-Exploit,Samba/CVE-2017-7494/src/packaging/RHEL-CTDB/setup/smb.init,e61c9d8d86a77d89478901c81f5e956ac97fe3d9,CVE-2017-7494
484265150,Threekiii/Awesome-Exploit,Samba/CVE-2017-7494/src/docs-xml/Samba.desktop,e6244ede6f77535361c5d8e62a93417af62b4808,CVE-2017-7494
484265150,Threekiii/Awesome-Exploit,Samba/CVE-2017-7494/src/source4/dsdb/tests/python/linked_attributes.py,e627bec98f58ac94e812c733a8ca941d540ed7a3,CVE-2017-7494
484265150,Threekiii/Awesome-Exploit,Samba/CVE-2017-7494/src/docs-xml/smbdotconf/logon/addgroupscript.xml,e62ae9ef688ad592d5b9d79be0c74bcd41362891,CVE-2017-7494
484265150,Threekiii/Awesome-Exploit,Samba/CVE-2017-7494/src/source3/modules/posixacl_xattr.c,e62b6f65dcb2d53c9fbd9071a4d1648fe9452755,CVE-2017-7494
484265150,Threekiii/Awesome-Exploit,Samba/CVE-2017-7494/src/source4/dsdb/common/dsdb_dn.h,e65385a3fb7e8dd58470779e46847904c76c4bea,CVE-2017-7494
484265150,Threekiii/Awesome-Exploit,Samba/CVE-2017-7494/src/libcli/util/error.h,e65930178840918523850355e63cab4ceddadf66,CVE-2017-7494
484265150,Threekiii/Awesome-Exploit,Samba/CVE-2017-7494/src/source4/heimdal_build/config.h,e65c54f20bbdda4fc14d0e0dd897ed5e27a2d08c,CVE-2017-7494
484265150,Threekiii/Awesome-Exploit,Samba/CVE-2017-7494/src/third_party/zlib/contrib/dotzlib/DotZLib/AssemblyInfo.cs,e65fd06cc3a5035104daa55bf1439bba136930a9,CVE-2017-7494
484265150,Threekiii/Awesome-Exploit,Samba/CVE-2017-7494/src/source3/modules/vfs_preopen.c,e66220d8ae606904dd1f16a54f48e0016e7bf648,CVE-2017-7494
484265150,Threekiii/Awesome-Exploit,Samba/CVE-2017-7494/src/third_party/waf/wafadmin/Tools/dmd.py,e6631e75944f78985fd92f9c6368ca786151bae8,CVE-2017-7494
484265150,Threekiii/Awesome-Exploit,Samba/CVE-2017-7494/src/third_party/zlib/zutil.c,e6748992f8f6768587ee2c5aa27725a3f277ad3c,CVE-2017-7494
484265150,Threekiii/Awesome-Exploit,Samba/CVE-2017-7494/src/auth/ntlmssp/ntlmssp_client.c,e6980ef85ac8faf26ad0485c9bd879391c7312b3,CVE-2017-7494
484265150,Threekiii/Awesome-Exploit,Samba/CVE-2017-7494/src/source4/librpc/rpc/dcerpc_roh.c,e69d9b01c982f135e7db83a80c210c3bf5a6e5b7,CVE-2017-7494
484265150,Threekiii/Awesome-Exploit,Samba/CVE-2017-7494/src/testsuite/nsswitch/getent.c,e6a19a375389971dd3ec5d53fcb2562075a4b05e,CVE-2017-7494
484265150,Threekiii/Awesome-Exploit,Samba/CVE-2017-7494/src/examples/ad-bench/time_kinit.sh,e6bbfe3595ee851f794f36f3a82d321f21858159,CVE-2017-7494
484265150,Threekiii/Awesome-Exploit,Samba/CVE-2017-7494/src/selftest/manage-ca/CA-samba.example.com/Users/administrator@addom.samba.example.com/USER-administrator@addom.samba.example.com-S03-openssl.cnf,e6c0f9013bf865a85eb9a2dee9fc8ccbd8552e93,CVE-2017-7494
484265150,Threekiii/Awesome-Exploit,Samba/CVE-2017-7494/src/source3/librpc/rpc/dcerpc.h,e6c7c3f4400bf424d91952796a7261168dcf67ba,CVE-2017-7494
484265150,Threekiii/Awesome-Exploit,Samba/CVE-2017-7494/src/packaging/Example/Packager,e6d20fe9c53a059f7ec4371c99d2b6273d25cb99,CVE-2017-7494
484265150,Threekiii/Awesome-Exploit,Neo4j/CVE-2021-34371/rhino_gadget/pom.xml,e6dfc9dcf9d7f361f7d235a1e77d8c632e58b1bf,CVE-2021-34371
484265150,Threekiii/Awesome-Exploit,Samba/CVE-2017-7494/src/source4/ntvfs/posix/pvfs_fsinfo.c,e6edbb670330c5b70db230ef0166a091935050b8,CVE-2017-7494
484265150,Threekiii/Awesome-Exploit,Samba/CVE-2017-7494/src/docs-xml/Samba3-HOWTO/TOSHARG-glossary.xml,e71138cd265f9441d2bdbcbb8dcc03f02d00c663,CVE-2017-7494
484265150,Threekiii/Awesome-Exploit,Samba/CVE-2017-7494/src/source4/libcli/raw/rawioctl.c,e711dee3cbdf7ba3610b6cce0c929304ccdefa43,CVE-2017-7494
484265150,Threekiii/Awesome-Exploit,Samba/CVE-2017-7494/src/libcli/nbt/nbtsocket.c,e71a5e6197003ae49651f9ec07e6abc2c815b479,CVE-2017-7494
484265150,Threekiii/Awesome-Exploit,Samba/CVE-2017-7494/src/docs-xml/smbdotconf/winbind/winbindsealedpipes.xml,e71da18755483b250c8bb738a369e54df5a939df,CVE-2017-7494
484265150,Threekiii/Awesome-Exploit,Log4j/CVE-2021-44228/JNDI/config.properties,e7200b4281373e9c7be56f103c3c97eec0df9250,CVE-2021-44228
484265150,Threekiii/Awesome-Exploit,Samba/CVE-2017-7494/src/ctdb/common/logging.h,e7348606cf4895269380a9011bc8b2391a975e8f,CVE-2017-7494
484265150,Threekiii/Awesome-Exploit,Samba/CVE-2017-7494/src/source4/smbd/service_named_pipe.c,e74b1871336430075baa92a7030ca0df720192ed,CVE-2017-7494
484265150,Threekiii/Awesome-Exploit,Samba/CVE-2017-7494/src/source4/libcli/smb2/notify.c,e74f70a7eaac71862ff148d2ab00c7b395f1efcd,CVE-2017-7494
484265150,Threekiii/Awesome-Exploit,Samba/CVE-2017-7494/src/packaging/Solaris/preremove,e76db1feee414596545e8f90161cee041f9a0184,CVE-2017-7494
484265150,Threekiii/Awesome-Exploit,Samba/CVE-2017-7494/src/ctdb/tests/eventscripts/statd-callout.007.sh,e78e17fa36bed40f3a225b52996a6369da13451f,CVE-2017-7494
484265150,Threekiii/Awesome-Exploit,Samba/CVE-2017-7494/src/docs-xml/smbdotconf/protocol/dcerpcendpointservers.xml,e7a8c3025ac848a12a31fac104838d56cf3e2261,CVE-2017-7494
484265150,Threekiii/Awesome-Exploit,Samba/CVE-2017-7494/src/source4/torture/ndr/ntlmssp.c,e7aa69d4aa127a6393565a0cd7e7de6fbb888eac,CVE-2017-7494
484265150,Threekiii/Awesome-Exploit,Samba/CVE-2017-7494/src/examples/misc/cldap.pl,e7b22cfe182b5d3ad3f7b514d7bb7c4f1f528e8e,CVE-2017-7494
484265150,Threekiii/Awesome-Exploit,Samba/CVE-2017-7494/src/third_party/zlib/contrib/dotzlib/DotZLib/UnitTests.cs,e7c0794d02d6698409dd17a51b5803227442dd9a,CVE-2017-7494
484265150,Threekiii/Awesome-Exploit,Samba/CVE-2017-7494/src/source4/librpc/wscript_build,e7ca954aff4df2af3bfc75dcd384daa271974ab8,CVE-2017-7494
484265150,Threekiii/Awesome-Exploit,Samba/CVE-2017-7494/src/source4/auth/kerberos/krb5_init_context.c,e7f7a3be5546451de8e3c832ef605aa0f1c6af47,CVE-2017-7494
484265150,Threekiii/Awesome-Exploit,Samba/CVE-2017-7494/src/packaging/Solaris/copyright,e81336bd7696f50d718142deffea8c26fe455940,CVE-2017-7494
484265150,Threekiii/Awesome-Exploit,Samba/CVE-2017-7494/src/docs-xml/smbdotconf/misc/dosfiletimes.xml,e8136060f8bfd1f295d2f16900ce55a620bec08b,CVE-2017-7494
484265150,Threekiii/Awesome-Exploit,Samba/CVE-2017-7494/src/source3/winbindd/wb_fill_pwent.c,e815b7f5f8b94d784f4650d346647801f6d7dac2,CVE-2017-7494
484265150,Threekiii/Awesome-Exploit,Samba/CVE-2017-7494/src/docs-xml/Samba3-Developers-Guide/cifsntdomain.xml,e81bfd9e24aec0c278b1041ffa44e2023bbd7825,CVE-2017-7494
484265150,Threekiii/Awesome-Exploit,Samba/CVE-2017-7494/src/libcli/smb/smb2_negotiate_context.c,e82397f923ce6fd3a5f84c2d332ce9ee247241a5,CVE-2017-7494
484265150,Threekiii/Awesome-Exploit,Samba/CVE-2017-7494/src/testsuite/build_farm/torture-RANDOMIPC.test,e82a36729efd86d16ddcd5ac6a8dfcd6dffebb7c,CVE-2017-7494
484265150,Threekiii/Awesome-Exploit,Samba/CVE-2017-7494/src/testprogs/win32/midltests/valid/midltests_union_align_07.txt,e82c0fe72b60be70498728011038018e58103d17,CVE-2017-7494
484265150,Threekiii/Awesome-Exploit,Samba/CVE-2017-7494/src/docs-xml/smbdotconf/protocol/sharefakefscaps.xml,e842a32f9dbb16f27710e2a0b2a11d028eb1d366,CVE-2017-7494
484265150,Threekiii/Awesome-Exploit,Samba/CVE-2017-7494/src/ctdb/tcp/tcp_io.c,e847d561aa8540928756ab69cfe0ad6a5c4860b7,CVE-2017-7494
484265150,Threekiii/Awesome-Exploit,Samba/CVE-2017-7494/src/python/samba/hostconfig.py,e8502580c5bdd5d1268d93d796f49c912ba0c4dd,CVE-2017-7494
484265150,Threekiii/Awesome-Exploit,Samba/CVE-2017-7494/src/packaging/RHEL-CTDB/samba.spec.tmpl,e857a1406d52269f47789194f287ffb7f8027a9d,CVE-2017-7494
484265150,Threekiii/Awesome-Exploit,Samba/CVE-2017-7494/src/librpc/ndr_standard.pc.in,e867efc637f1e07af58654d2e82b5eecf582889a,CVE-2017-7494
484265150,Threekiii/Awesome-Exploit,Samba/CVE-2017-7494/src/ctdb/tests/tool/ctdb.reloadnodes.015.sh,e86a4516a880c7244034025c207e3084a4c5ed38,CVE-2017-7494
484265150,Threekiii/Awesome-Exploit,Samba/CVE-2017-7494/src/source4/wrepl_server/wrepl_in_connection.c,e86d77e106aab3baf7beb0b657fdd40b5112ce80,CVE-2017-7494
484265150,Threekiii/Awesome-Exploit,Samba/CVE-2017-7494/src/source3/passdb/ABI/samba-passdb-0.25.0.sigs,e87070979716fb79f5e985f8fd25ec2f738216af,CVE-2017-7494
484265150,Threekiii/Awesome-Exploit,Samba/CVE-2017-7494/src/source3/libsmb/unexpected.c,e8875df5bc87ef11c96e4b9f1ae52bf188c8cfa1,CVE-2017-7494
484265150,Threekiii/Awesome-Exploit,Samba/CVE-2017-7494/src/source3/auth/user_krb5.c,e888c8b3e193a621c87e239d73913452f2193aef,CVE-2017-7494
484265150,Threekiii/Awesome-Exploit,Samba/CVE-2017-7494/src/third_party/pep8/testsuite/E12.py,e88f606df5dace3bf26881e8c29377d86b8537fa,CVE-2017-7494
484265150,Threekiii/Awesome-Exploit,Samba/CVE-2017-7494/src/source4/dsdb/samdb/samdb.h,e891f47a28cdcbab46e1d2fb101be9c5cdd47d53,CVE-2017-7494
484265150,Threekiii/Awesome-Exploit,Samba/CVE-2017-7494/src/source3/torture/vfstest.c,e89fafdec78a1570b9d94dd9dcd8f31ffb0128cc,CVE-2017-7494
484265150,Threekiii/Awesome-Exploit,Samba/CVE-2017-7494/src/ctdb/tests/cunit/db_hash_test_001.sh,e8a433b7195a485ef1a4f0ef1fab86e418c7699f,CVE-2017-7494
484265150,Threekiii/Awesome-Exploit,Samba/CVE-2017-7494/src/third_party/waf/wafadmin/Tools/javaw.py,e8b625d648d3c9490b25e26ff1672057e37b45de,CVE-2017-7494
484265150,Threekiii/Awesome-Exploit,Samba/CVE-2017-7494/src/testsuite/nsswitch/getgrnam.c,e8b8077ca140a212acff9b6700ce51d2dedcd5b5,CVE-2017-7494
484265150,Threekiii/Awesome-Exploit,Samba/CVE-2017-7494/src/source3/smbd/service.c,e8b8f09102eeabaabf0d856bd23642a69fd408c5,CVE-2017-7494
484265150,Threekiii/Awesome-Exploit,Samba/CVE-2017-7494/src/ctdb/protocol/protocol_message.c,e8bcfdab184018ff7ca48158c0316747ba688d6e,CVE-2017-7494
484265150,Threekiii/Awesome-Exploit,Samba/CVE-2017-7494/src/ctdb/tests/eventscripts/10.interface.monitor.008.sh,e8bee41f0d4268f64f669e3221c1c9a294b3dcf5,CVE-2017-7494
484265150,Threekiii/Awesome-Exploit,Samba/CVE-2017-7494/src/python/samba/netcmd/testparm.py,e8c1779d0f952f88e309b1e2b220737c58341526,CVE-2017-7494
484265150,Threekiii/Awesome-Exploit,Samba/CVE-2017-7494/src/ctdb/tests/eventscripts/statd-callout.003.sh,e8c2930cbcc4db845fdffb48b668296c69ca2c90,CVE-2017-7494
484265150,Threekiii/Awesome-Exploit,Samba/CVE-2017-7494/src/source4/librpc/idl/opendb.idl,e8e913c7546d5eb1818e302aaf15f3977e7da19a,CVE-2017-7494
484265150,Threekiii/Awesome-Exploit,Samba/CVE-2017-7494/src/ctdb/tests/eventscripts/10.interface.monitor.003.sh,e8e9ba4255938fe31013d748a59ba9ee6a149b47,CVE-2017-7494
484265150,Threekiii/Awesome-Exploit,Samba/CVE-2017-7494/src/source4/torture/drs/python/getnc_exop.py,e9061ab38fad25845fb7928c0d8b2f8cf07be727,CVE-2017-7494
484265150,Threekiii/Awesome-Exploit,Tomcat/CVE-2020-1938/CVE-2020-1938.py,e906efee224be9c5050db2056a098756fe7ca9ec,CVE-2020-1938
484265150,Threekiii/Awesome-Exploit,Tomcat/CVE-2020-1938/CVE-2020-1938-shell.py~,e906efee224be9c5050db2056a098756fe7ca9ec,CNVD-2020-10487
484265150,Threekiii/Awesome-Exploit,Samba/CVE-2017-7494/src/docs-xml/xslt/strip-references.xsl,e9113f4c2746a0f6dc80d24389a6355e1e9d80d4,CVE-2017-7494
484265150,Threekiii/Awesome-Exploit,Samba/CVE-2017-7494/src/third_party/dnspython/dns/flags.py,e91a99fb3112037f2e7cc3663239f9e1a28211da,CVE-2017-7494
484265150,Threekiii/Awesome-Exploit,Samba/CVE-2017-7494/src/testprogs/win32/midltests/valid/midltests_union_align_19.txt,e930cd8630f8824ef29094da9edc974999e53de5,CVE-2017-7494
484265150,Threekiii/Awesome-Exploit,Samba/CVE-2017-7494/src/source3/modules/vfs_aixacl.c,e93353c740772cd97403a843a7ca851c552e53af,CVE-2017-7494
484265150,Threekiii/Awesome-Exploit,Samba/CVE-2017-7494/src/source3/rpc_server/mdssvc/srv_mdssvc_nt.c,e93ffc4332fccc77a968a24a92f19ea6bb3d94a2,CVE-2017-7494
484265150,Threekiii/Awesome-Exploit,Samba/CVE-2017-7494/src/examples/logon/ntlogon/ntlogon.conf,e9721bb799bf9eb1bcc746dd84e5911a01d4dd40,CVE-2017-7494
484265150,Threekiii/Awesome-Exploit,Samba/CVE-2017-7494/src/source3/include/popt_common.h,e98b23a4bc91080a3a89a2d17b406a45cd1bd569,CVE-2017-7494
484265150,Threekiii/Awesome-Exploit,Samba/CVE-2017-7494/src/ctdb/config/notify.d.README,e990e0e47ad8cd28a74ae6aa1f669193b8731f5d,CVE-2017-7494
484265150,Threekiii/Awesome-Exploit,Samba/CVE-2017-7494/src/selftest/tests/test_samba.py,e99a6f5ef94f4a47cd11d7df5a04509e36b039a4,CVE-2017-7494
484265150,Threekiii/Awesome-Exploit,Samba/CVE-2017-7494/src/librpc/ndr/ndr_dnsserver.h,e9a64e448f7783edcb719734fa487a87b2b060ff,CVE-2017-7494
484265150,Threekiii/Awesome-Exploit,Samba/CVE-2017-7494/src/third_party/pep8/testsuite/E40.py,e9a685f245e3700372aebd39cc8b3d22d9ee06ff,CVE-2017-7494
484265150,Threekiii/Awesome-Exploit,Samba/CVE-2017-7494/src/source3/passdb/pdb_ldap.c,e9b7a5788e38ec8c52d2cee59fdd676e2a277355,CVE-2017-7494
484265150,Threekiii/Awesome-Exploit,Samba/CVE-2017-7494/src/source3/locale/pam_winbind/de.po,e9bbac98c7e1caeb7216660d412bd7131db3fffd,CVE-2017-7494
484265150,Threekiii/Awesome-Exploit,Samba/CVE-2017-7494/src/source4/libcli/raw/smb_signing.c,e9bbd5652cc16511ae07168bfa98b017f4c36ed7,CVE-2017-7494
484265150,Threekiii/Awesome-Exploit,Samba/CVE-2017-7494/src/source3/registry/reg_objects.h,e9bd6967757f214d65122cc7d13deea48ff568bd,CVE-2017-7494
484265150,Threekiii/Awesome-Exploit,Samba/CVE-2017-7494/src/third_party/pep8/testsuite/W60.py,e9bd6de8ea7742dcfd3c6d6959faafcf134cf6c9,CVE-2017-7494
484265150,Threekiii/Awesome-Exploit,Samba/CVE-2017-7494/src/buildtools/wafsamba/samba_autoconf.py,e9beee3bc071aa5fd532d4007d3d9ce6a58a2ed8,CVE-2017-7494
484265150,Threekiii/Awesome-Exploit,Samba/CVE-2017-7494/src/testsuite/build_farm/torture-FDSESS.test,e9d208601dac870eae025f886876b746b3e7ea39,CVE-2017-7494
484265150,Threekiii/Awesome-Exploit,Samba/CVE-2017-7494/src/testprogs/win32/midltests/valid/midltests_union_align_04.txt,e9f228b2dc5104db545f20d9b580e0fb595e5833,CVE-2017-7494
484265150,Threekiii/Awesome-Exploit,Samba/CVE-2017-7494/src/source4/dsdb/tests/python/user_account_control.py,ea122ca6ba145d8e78475c7e54272f095f132dd3,CVE-2017-7494
484265150,Threekiii/Awesome-Exploit,Samba/CVE-2017-7494/src/docs-xml/smbdotconf/ldap/ldappagesize.xml,ea174b4c81c76f20d283e540d2965c00d724745b,CVE-2017-7494
484265150,Threekiii/Awesome-Exploit,Samba/CVE-2017-7494/src/ctdb/tests/eventscripts/49.winbind.monitor.101.sh,ea2fef0fc99c7ea861e2fc70479ca1d917853726,CVE-2017-7494
484265150,Threekiii/Awesome-Exploit,Samba/CVE-2017-7494/src/testprogs/win32/midltests/valid/midltests_union_align_14.txt,ea36205f9cdb0c535e554751a29a8756708e42d4,CVE-2017-7494
484265150,Threekiii/Awesome-Exploit,Samba/CVE-2017-7494/src/source3/include/safe_string.h,ea3e7d915c54bf8b19f885139c6a358d896ab28a,CVE-2017-7494
484265150,Threekiii/Awesome-Exploit,Samba/CVE-2017-7494/src/auth/common_auth.h,ea4c46ea7f32aca55633bc8d1d190b5f6e2c004d,CVE-2017-7494
484265150,Threekiii/Awesome-Exploit,Samba/CVE-2017-7494/src/third_party/zlib/compress.c,ea5789e9ddbe272e604aed8c24f4382b61dd2fa8,CVE-2017-7494
484265150,Threekiii/Awesome-Exploit,Samba/CVE-2017-7494/src/docs-xml/smbdotconf/domain/nsupdatecommand.xml,ea6f0e4831dda26e6704874c959f64e4d01d8362,CVE-2017-7494
484265150,Threekiii/Awesome-Exploit,Samba/CVE-2017-7494/src/examples/LDAP/samba-schema-FDS.ldif,ea74b3ac9cc17cd438c03427445ec73a3a02a73e,CVE-2017-7494
484265150,Threekiii/Awesome-Exploit,Samba/CVE-2017-7494/src/source3/printing/tests/README.vlp,ea809d027c007fbcc532b0cc651819aba7f2601d,CVE-2017-7494
484265150,Threekiii/Awesome-Exploit,Samba/CVE-2017-7494/src/docs-xml/registry/NT4_PlainPassword.reg,ea84e2932c6f3550f15f45a63d7a3f65deb32326,CVE-2017-7494
484265150,Threekiii/Awesome-Exploit,Samba/CVE-2017-7494/src/third_party/zlib/contrib/minizip/ChangeLogUnzip,ea8acb3dfff9f2d9855c2ad01d3c70133f66f02f,CVE-2017-7494
484265150,Threekiii/Awesome-Exploit,Samba/CVE-2017-7494/src/source3/rpc_server/wkssvc/srv_wkssvc_nt.c,ea8fb97f5bbd630576fc90fb06431f9e8a800e50,CVE-2017-7494
484265150,Threekiii/Awesome-Exploit,Samba/CVE-2017-7494/src/docs-xml/smbdotconf/logging/timestamplogs.xml,eaaac8f1ea1f120b385c82ed8aea25b3ea3f8826,CVE-2017-7494
484265150,Threekiii/Awesome-Exploit,Samba/CVE-2017-7494/src/ctdb/client/client_call.c,eaad2de46a442b8b8b303926d3344a773afbf03d,CVE-2017-7494
484265150,Threekiii/Awesome-Exploit,Samba/CVE-2017-7494/src/source4/smb_server/smb2/fileio.c,eaae17ff6d4ef70cf75063c9fc36aaa10ede640f,CVE-2017-7494
484265150,Threekiii/Awesome-Exploit,Samba/CVE-2017-7494/src/source4/setup/modules.conf,eac04fd955aea65753e05d988a767e56f7b4820f,CVE-2017-7494
484265150,Threekiii/Awesome-Exploit,Samba/CVE-2017-7494/src/source4/ntvfs/ntvfs.h,ead622bb63444a4c04775947732387650ec86e3e,CVE-2017-7494
484265150,Threekiii/Awesome-Exploit,Samba/CVE-2017-7494/src/ctdb/tests/tool/ctdb.reloadnodes.014.sh,eadcc06718c1f672692f23616da9171989d10949,CVE-2017-7494
484265150,Threekiii/Awesome-Exploit,Samba/CVE-2017-7494/src/third_party/popt/wscript,eae45bc151e8c625aa8b6e78bfd713099a73622a,CVE-2017-7494
484265150,Threekiii/Awesome-Exploit,Samba/CVE-2017-7494/src/docs-xml/smbdotconf/security/tlsdhparamsfile.xml,eae5035a3b528462bf6bc6288130d920c1fa845d,CVE-2017-7494
484265150,Threekiii/Awesome-Exploit,Samba/CVE-2017-7494/src/source3/rpc_client/cli_winreg_int.c,eae518d79af52df32915efa9ceb38f5a083bd531,CVE-2017-7494
484265150,Threekiii/Awesome-Exploit,Samba/CVE-2017-7494/src/docs-xml/manpages/vfs_cacheprime.8.xml,eae919eb29a639fd4128469e53f3d2e92ef61424,CVE-2017-7494
484265150,Threekiii/Awesome-Exploit,Samba/CVE-2017-7494/src/source3/utils/net_join.c,eaf72606fd448759a0a0c53bd9c715867ee4dbe2,CVE-2017-7494
484265150,Threekiii/Awesome-Exploit,Samba/CVE-2017-7494/src/auth/credentials/credentials_secrets.c,eaff23b9ecad2bc0ad48a0d6676a832ed85e76ac,CVE-2017-7494
484265150,Threekiii/Awesome-Exploit,Samba/CVE-2017-7494/src/docs-xml/smbdotconf/winbind/winbinddsocketdirectory.xml,eb0d08f436ae2fec397ba3b7e4569b5368e0210b,CVE-2017-7494
484265150,Threekiii/Awesome-Exploit,Samba/CVE-2017-7494/src/docs/manpages/samba.8,eb140c1f8a0e3f3624fed8673ba42607b7f5509a,CVE-2017-7494
484265150,Threekiii/Awesome-Exploit,Samba/CVE-2017-7494/src/source4/torture/smb2/maxwrite.c,eb15da318af3cdcb7b5ecce085a38b7b5cd0e43f,CVE-2017-7494
484265150,Threekiii/Awesome-Exploit,Samba/CVE-2017-7494/src/source4/librpc/idl/sasl_helpers.idl,eb2c8403c00723dcb8ec0712269b1ecdd21a66c4,CVE-2017-7494
484265150,Threekiii/Awesome-Exploit,Samba/CVE-2017-7494/src/examples/VFS/shadow_copy_test.c,eb4202405a429a519f735d72146cb1475d9a8f77,CVE-2017-7494
484265150,Threekiii/Awesome-Exploit,Samba/CVE-2017-7494/src/docs/manpages/samba.7,eb441055e7762025135567448b1efe4ba07ada2c,CVE-2017-7494
484265150,Threekiii/Awesome-Exploit,Samba/CVE-2017-7494/src/testprogs/win32/midltests/todo/midltests_pointer_default.idl,eb46683845f58d143036b8ff42e43a6402e14076,CVE-2017-7494
484265150,Threekiii/Awesome-Exploit,Samba/CVE-2017-7494/src/docs-xml/smbdotconf/base/enablecorefiles.xml,eb466ebb829993f85f5047cd111e01645d307f34,CVE-2017-7494
484265150,Threekiii/Awesome-Exploit,Samba/CVE-2017-7494/src/examples/validchars/nwdos70.out,eb5305736c90e28099cbae200fe8910ce27f6b0c,CVE-2017-7494
484265150,Threekiii/Awesome-Exploit,Samba/CVE-2017-7494/src/docs-xml/smbdotconf/printing/useclientdriver.xml,eb6319f2f66ffd8726ff81fc3c0a9000872086ef,CVE-2017-7494
484265150,Threekiii/Awesome-Exploit,Samba/CVE-2017-7494/src/source3/libsmb/clitrans.c,eb76e3139ab31ea3ec29d783e75a157969c7e2c9,CVE-2017-7494
484265150,Threekiii/Awesome-Exploit,Samba/CVE-2017-7494/src/source3/.dmallocrc,eb7f15e2d041e9565bf820737556608e701d378f,CVE-2017-7494
484265150,Threekiii/Awesome-Exploit,Samba/CVE-2017-7494/src/testdata/samba3/registry.tdb,eba4592b8c31fdcecc9cf811d3c07b9d0cdebad5,CVE-2017-7494
484265150,Threekiii/Awesome-Exploit,Samba/CVE-2017-7494/src/source3/rpc_client/cli_pipe.h,eba59dc4e1048a2d57acc6ebb6885b14adf04207,CVE-2017-7494
484265150,Threekiii/Awesome-Exploit,Samba/CVE-2017-7494/src/source4/setup/provision_configuration.ldif,ebaaacc39127b127baf76f57fa8876d0685e8cf4,CVE-2017-7494
484265150,Threekiii/Awesome-Exploit,Samba/CVE-2017-7494/src/third_party/zlib/contrib/asm586/README.586,ebabfb9638a882330cf18434bacc938fbac49a71,CVE-2017-7494
484265150,Threekiii/Awesome-Exploit,Samba/CVE-2017-7494/src/source3/rpc_server/samr/srv_samr_util.c,ebacda79734c7e49c5e8f9497fe117b3155ff175,CVE-2017-7494
484265150,Threekiii/Awesome-Exploit,Samba/CVE-2017-7494/src/source4/auth/gensec/wscript_build,ebb079e3fe50e73e3e37cef835695d98bf3adca9,CVE-2017-7494
484265150,Threekiii/Awesome-Exploit,Samba/CVE-2017-7494/src/ctdb/tests/takeover/lcp2.028.sh,ebb2e65effed0835a28ee259151c43608ce094e5,CVE-2017-7494
484265150,Threekiii/Awesome-Exploit,Samba/CVE-2017-7494/src/third_party/zlib/contrib/minizip/zip.c,ebd189c8bfb93e2f1a9c272d7928e5472b19a828,CVE-2017-7494
484265150,Threekiii/Awesome-Exploit,Samba/CVE-2017-7494/src/source3/winbindd/winbindd_util.c,ebf37726d60ccee0c7be722f500d2d3c191155b7,CVE-2017-7494
484265150,Threekiii/Awesome-Exploit,Samba/CVE-2017-7494/src/source4/torture/raw/session.c,ebfd64b30599a0a84a17b3ce814c9d3e0ae3fb22,CVE-2017-7494
484265150,Threekiii/Awesome-Exploit,Samba/CVE-2017-7494/src/docs-xml/manpages/vfs_ceph.8.xml,ec017d4340557c9a3b55ada960c25d1836998bb6,CVE-2017-7494
484265150,Threekiii/Awesome-Exploit,Samba/CVE-2017-7494/src/third_party/dnspython/dns/rdtypes/ANY/X25.py,ec09ced529b2309ac1d711c3930afb05c0a56502,CVE-2017-7494
484265150,Threekiii/Awesome-Exploit,Samba/CVE-2017-7494/src/source4/torture/rpc/unixinfo.c,ec221b8a6bfd4583cca8f197b0ff2ae925aa559d,CVE-2017-7494
484265150,Threekiii/Awesome-Exploit,Samba/CVE-2017-7494/src/source3/rpc_server/winreg/srv_winreg_nt.c,ec22312114e32720a7e9adb0fc493fc64092247a,CVE-2017-7494
484265150,Threekiii/Awesome-Exploit,Samba/CVE-2017-7494/src/source4/libnet/py_net.h,ec3f3df0ce67af9cd5b30f8fa9441cb6b5d87d9b,CVE-2017-7494
484265150,Threekiii/Awesome-Exploit,Samba/CVE-2017-7494/src/source3/libsmb/clispnego.c,ec3fa9751279d61371f84ef5282be370975fafd9,CVE-2017-7494
484265150,Threekiii/Awesome-Exploit,Samba/CVE-2017-7494/src/source4/ldap_server/devdocs/rfc2307.txt,ec49092d4a62000512afe4d347cf6de046faa78c,CVE-2017-7494
484265150,Threekiii/Awesome-Exploit,Samba/CVE-2017-7494/src/source4/dns_server/TODO,ec53bd79431f049d9758d4242d6201bbba55f01a,CVE-2017-7494
484265150,Threekiii/Awesome-Exploit,Samba/CVE-2017-7494/src/docs-xml/smbdotconf/printing/maxprintjobs.xml,ec585193291f2996416e288574df2600f06bc901,CVE-2017-7494
484265150,Threekiii/Awesome-Exploit,Samba/CVE-2017-7494/src/ctdb/tests/eventscripts/10.interface.init.001.sh,ec62b68165429344839abdf3ebb24418bf7dacc7,CVE-2017-7494
484265150,Threekiii/Awesome-Exploit,Samba/CVE-2017-7494/src/ctdb/tests/tool/ctdb.reloadnodes.003.sh,ec6910ae0ff90cd131cdbb6f7e27aa45065cd410,CVE-2017-7494
484265150,Threekiii/Awesome-Exploit,Samba/CVE-2017-7494/src/ctdb/tests/tool/ctdb.lvs.005.sh,ec69b3190ab506e0a722fa647c77c675f308884c,CVE-2017-7494
484265150,Threekiii/Awesome-Exploit,Samba/CVE-2017-7494/src/python/examples/netbios.py,ec81ab9d75ad05f688bf4e317bd4a3fc41425b19,CVE-2017-7494
484265150,Threekiii/Awesome-Exploit,Samba/CVE-2017-7494/src/source4/ldap_server/devdocs/Index,ec908c9e1814106ca7427511f5f41249f08292a9,CVE-2017-7494
484265150,Threekiii/Awesome-Exploit,Samba/CVE-2017-7494/src/source4/torture/libnetapi/libnetapi_server.c,ec998790e0895524c1e9390722565429fc89353f,CVE-2017-7494
484265150,Threekiii/Awesome-Exploit,Samba/CVE-2017-7494/src/source4/wscript_build,ec99da66a319f420f2272a6e67eac7b99f8b1141,CVE-2017-7494
484265150,Threekiii/Awesome-Exploit,Samba/CVE-2017-7494/src/selftest/manage-ca/CA-samba.example.com/Users/pkinit@addom.samba.example.com/USER-pkinit@addom.samba.example.com-S05-openssl.cnf,eca60bbd2422e65b7bc3909d47f54b9a64fe83a6,CVE-2017-7494
484265150,Threekiii/Awesome-Exploit,Samba/CVE-2017-7494/src/source4/torture/raw/search.c,ecaf253fae21a4b59ec2a9d2bbf43f2a90011798,CVE-2017-7494
484265150,Threekiii/Awesome-Exploit,Samba/CVE-2017-7494/src/python/samba/netcmd/domain.py,ecb1b5cb6235881f6a855babcc9c2af1e698d120,CVE-2017-7494
484265150,Threekiii/Awesome-Exploit,Samba/CVE-2017-7494/src/librpc/idl/mdssvc.idl,ecd26c9d730d7fee1580eaeca2c83dfdb488be99,CVE-2017-7494
484265150,Threekiii/Awesome-Exploit,Samba/CVE-2017-7494/src/source4/torture/rpc/spoolss.c,ecd521985176edea3970b7e505cab2efdeaa4004,CVE-2017-7494
484265150,Threekiii/Awesome-Exploit,Samba/CVE-2017-7494/src/source4/torture/vfs/fruit.c,ecd6b6038531dd352b2b6c37abbe2ad41877a591,CVE-2017-7494
484265150,Threekiii/Awesome-Exploit,Samba/CVE-2017-7494/src/source3/libads/ldap_schema.h,ecdb1035fdd621ae61d3fcf2d778838ebfb98558,CVE-2017-7494
484265150,Threekiii/Awesome-Exploit,Samba/CVE-2017-7494/src/source4/torture/rpc/samr.c,ece5838f14cba155781bc5df87f000a001f98a9d,CVE-2017-7494
484265150,Threekiii/Awesome-Exploit,Samba/CVE-2017-7494/src/source4/dns_server/dlz_bind9.c,ece6fe50cfc965ed421e8dfebec1caaa9fdfeeeb,CVE-2017-7494
484265150,Threekiii/Awesome-Exploit,Samba/CVE-2017-7494/src/testsuite/smbd/sighup.exp,ece85eec0aa26e3b4debe1af29486dc0ae6f9917,CVE-2017-7494
484265150,Threekiii/Awesome-Exploit,Samba/CVE-2017-7494/src/buildtools/wafsamba/samba_optimisation.py,eceba296f7e092b522e9cc4a3dca3fe8be6fb745,CVE-2017-7494
484265150,Threekiii/Awesome-Exploit,Samba/CVE-2017-7494/src/third_party/zlib/contrib/vstudio/vc8/minizip.vcproj,ed0294fbdc21b18a1e394c1420b2a71bd629d835,CVE-2017-7494
484265150,Threekiii/Awesome-Exploit,Samba/CVE-2017-7494/src/libcli/ldap/ldap_message.h,ed037e45c8d12e6f5c217667aa3b2ac0043bba70,CVE-2017-7494
484265150,Threekiii/Awesome-Exploit,Samba/CVE-2017-7494/src/source3/printing/nt_printing_os2.c,ed0ac546c514de12bfe459cc0a58df526ce75752,CVE-2017-7494
484265150,Threekiii/Awesome-Exploit,Liferay/CVE-2020-7961/LifExp.java,ed24411f892adcd59769091cadd4d40384419980,CVE-2020-7961
484265150,Threekiii/Awesome-Exploit,Samba/CVE-2017-7494/src/third_party/pep8/testsuite/E30.py,ed3702c9953c0ce0acaa5f485920925f364d3b09,CVE-2017-7494
484265150,Threekiii/Awesome-Exploit,Samba/CVE-2017-7494/src/third_party/dnspython/dns/rdtypes/ANY/AFSDB.py,ed3928f00859af74ab3fa627615c41fbbc582c7f,CVE-2017-7494
484265150,Threekiii/Awesome-Exploit,Samba/CVE-2017-7494/src/ctdb/tests/tool/ctdb.lvs.008.sh,ed4585a4da4fa4de0e18ecc2d97ecbac0d89ea8f,CVE-2017-7494
484265150,Threekiii/Awesome-Exploit,Samba/CVE-2017-7494/src/nsswitch/tests/test_wbinfo_simple.sh,ed5a1a78f499d05e94c2b9d64bf4fe32bd62cbd1,CVE-2017-7494
484265150,Threekiii/Awesome-Exploit,Samba/CVE-2017-7494/src/docs-xml/smbdotconf/misc/fsssequencetimeout.xml,ed5ec88e0d7900de97cede52ff7d48e7702acdd5,CVE-2017-7494
484265150,Threekiii/Awesome-Exploit,Samba/CVE-2017-7494/src/source4/ntvfs/unixuid/vfs_unixuid.c,ed5faa4373a64d76a6028f38dc744c8a75d51d7f,CVE-2017-7494
484265150,Threekiii/Awesome-Exploit,Samba/CVE-2017-7494/src/docs-xml/smbdotconf/protocol/usespnego.xml,ed74d5c5fc65a51f39fcd4e72c8bc0aeca0eb18e,CVE-2017-7494
484265150,Threekiii/Awesome-Exploit,Samba/CVE-2017-7494/src/docs-xml/Samba3-ByExample/images/chap9-ADSDC.svg,ed78399dc720c9b00cd1dbba6d4bfc3d2dcbb0a2,CVE-2017-7494
484265150,Threekiii/Awesome-Exploit,Samba/CVE-2017-7494/src/ctdb/utils/pmda/README,ed7b443b3598019fd3ab2f314d257fe7b041b5c0,CVE-2017-7494
484265150,Threekiii/Awesome-Exploit,Samba/CVE-2017-7494/src/source4/torture/libnetapi/libnetapi_group.c,ed7bc1e88dbe6a2fed1130fe9e0e8209ac2d2281,CVE-2017-7494
484265150,Threekiii/Awesome-Exploit,Samba/CVE-2017-7494/src/source4/torture/krb5/kdc-canon-heimdal.c,ed7de32b94162a14ccec79c72cf2d2c362184455,CVE-2017-7494
484265150,Threekiii/Awesome-Exploit,Samba/CVE-2017-7494/src/source4/auth/kerberos/krb5_init_context.h,ed8798b626f7fb020688bbdfe113a73ac320b872,CVE-2017-7494
484265150,Threekiii/Awesome-Exploit,Samba/CVE-2017-7494/src/ctdb/tests/tool/ctdb.enable.003.sh,edae441403b28fcd0c0b478dfb7b3a50f0ccae3c,CVE-2017-7494
484265150,Threekiii/Awesome-Exploit,Samba/CVE-2017-7494/src/third_party/waf/wafadmin/3rdparty/valadoc.py,edae834a2b220317652b8ad775683c03821f9ca7,CVE-2017-7494
484265150,Threekiii/Awesome-Exploit,Samba/CVE-2017-7494/src/source4/ntvfs/posix/pvfs_aio.c,edb80a2621308b1860e691e759cdd228bf8b6fec,CVE-2017-7494
484265150,Threekiii/Awesome-Exploit,Samba/CVE-2017-7494/src/docs-xml/smbdotconf/ldap/ldapidmapsuffix.xml,edb958d9003ed08a980c3bef74274b4153662f43,CVE-2017-7494
484265150,Threekiii/Awesome-Exploit,Samba/CVE-2017-7494/src/examples/nss/nss_winbind.h,edcf47da93b217222a0012b9ce8e262573512825,CVE-2017-7494
484265150,Threekiii/Awesome-Exploit,Samba/CVE-2017-7494/src/ctdb/doc/examples/external.conf,edfa4870c6e440adcdc39f1f19125295d188c78a,CVE-2017-7494
484265150,Threekiii/Awesome-Exploit,Samba/CVE-2017-7494/src/third_party/pep8/.travis.yml,edfd6989df204443dbcd461ea00174aa2d8fe19c,CVE-2017-7494
484265150,Threekiii/Awesome-Exploit,Samba/CVE-2017-7494/src/docs/manpages/vfs_time_audit.8,ee01a330680068f62d8d31b33b2f8f8ea6d414fe,CVE-2017-7494
484265150,Threekiii/Awesome-Exploit,Samba/CVE-2017-7494/src/python/samba/tests/dns_forwarder_helpers/server.py,ee137ba9c4a83e84824b798658bd95dda7a72cd5,CVE-2017-7494
484265150,Threekiii/Awesome-Exploit,Samba/CVE-2017-7494/src/docs/manpages/vfs_zfsacl.8,ee1c43813ae407f22533a51c994923e32402de43,CVE-2017-7494
484265150,Threekiii/Awesome-Exploit,Samba/CVE-2017-7494/src/pidl/tests/test_util.pl,ee1fde8a6c302b0f39d34388b83e45377f9578c6,CVE-2017-7494
484265150,Threekiii/Awesome-Exploit,Samba/CVE-2017-7494/src/source4/torture/raw/offline.c,ee207927c361dfb86c8518c2e1b64c325299dcf5,CVE-2017-7494
484265150,Threekiii/Awesome-Exploit,Samba/CVE-2017-7494/src/ctdb/doc/ctdb-statistics.7.xml,ee21edbe90a0036285a656a2a9f1fc4c8c8fa428,CVE-2017-7494
484265150,Threekiii/Awesome-Exploit,Samba/CVE-2017-7494/src/docs-xml/smbdotconf/vfs/setquotacommand.xml,ee2ca88e7ca5a04a15389030ce7a348cdee8a855,CVE-2017-7494
484265150,Threekiii/Awesome-Exploit,Samba/CVE-2017-7494/src/source3/utils/status_profile.c,ee2da6c622c4740f4eaa0f990355b93461d5729c,CVE-2017-7494
484265150,Threekiii/Awesome-Exploit,Samba/CVE-2017-7494/src/python/samba/tests/kcc/graph_utils.py,ee3fc424628df05601f92436a3d89d09ef0c72df,CVE-2017-7494
484265150,Threekiii/Awesome-Exploit,Samba/CVE-2017-7494/src/ctdb/tests/eventscripts/00.ctdb.init.008.sh,ee7833c6ede82a012031723bb5caa32b53c2de92,CVE-2017-7494
484265150,Threekiii/Awesome-Exploit,Samba/CVE-2017-7494/src/docs-xml/Samba3-HOWTO/TOSHARG-inside-cover.xml,ee8177b2a239f00605da5ce48c8b1736fd9fd55e,CVE-2017-7494
484265150,Threekiii/Awesome-Exploit,Samba/CVE-2017-7494/src/docs-xml/smbdotconf/security/checkpasswordscript.xml,ee84a0c9ad287cb6e18157b6c0b890944810075f,CVE-2017-7494
484265150,Threekiii/Awesome-Exploit,Samba/CVE-2017-7494/src/source4/auth/system_session.c,ee8b99eea930596c8a276ae27c71253dea405485,CVE-2017-7494
484265150,Threekiii/Awesome-Exploit,Samba/CVE-2017-7494/src/docs-xml/Samba3-HOWTO/TOSHARG-foreword-tridge.xml,eea7644e79a2d7b1f75da9d56f43dd97772ceaa8,CVE-2017-7494
484265150,Threekiii/Awesome-Exploit,Samba/CVE-2017-7494/src/source4/librpc/idl/wscript_build,eeb5342d7cf6e27e9d3096ed0429d90ecc7dbc1f,CVE-2017-7494
484265150,Threekiii/Awesome-Exploit,Samba/CVE-2017-7494/src/docs-xml/smbdotconf/misc/ctdbtimeout.xml,eeb674d55651246f4f4dce8af32d3d1d3b610aa8,CVE-2017-7494
484265150,Threekiii/Awesome-Exploit,Samba/CVE-2017-7494/src/docs/manpages/vfs_readahead.8,eebfd6eae3c148dac1378ab0d958e3111d0339fb,CVE-2017-7494
484265150,Threekiii/Awesome-Exploit,Samba/CVE-2017-7494/src/source4/smbd/service_stream.c,eec27bc795ad6c6cdb111a16955c5984264dec07,CVE-2017-7494
484265150,Threekiii/Awesome-Exploit,Samba/CVE-2017-7494/src/ctdb/tests/src/message_ring.c,eec694bc1e4ab53dda3195235d81ac9b5dde9d9c,CVE-2017-7494
484265150,Threekiii/Awesome-Exploit,Samba/CVE-2017-7494/src/source3/torture/locktest2.c,eec8763b2d130b7160c6104a1f74616ae126eb21,CVE-2017-7494
484265150,Threekiii/Awesome-Exploit,Samba/CVE-2017-7494/src/source3/smbd/oplock_irix.c,eed3e2e21d9889a618c93cedec35d82ec39ef78f,CVE-2017-7494
484265150,Threekiii/Awesome-Exploit,Samba/CVE-2017-7494/src/ctdb/tests/takeover/lcp2.014.sh,eee39ba2deea1adfc8ea511da82341bec4e3338d,CVE-2017-7494
484265150,Threekiii/Awesome-Exploit,Samba/CVE-2017-7494/src/source3/librpc/crypto/gse.h,eef5409c6534f2fab73c7e5ec5a0ff53c2d43ce5,CVE-2017-7494
484265150,Threekiii/Awesome-Exploit,Samba/CVE-2017-7494/src/source3/services/svc_spoolss.c,ef084876bb49542e3aad02fc289a3bafeba06971,CVE-2017-7494
484265150,Threekiii/Awesome-Exploit,Samba/CVE-2017-7494/src/third_party/zlib/contrib/pascal/zlibd32.mak,ef47a4e52147eeceac536dd4d8703a49d5939507,CVE-2017-7494
484265150,Threekiii/Awesome-Exploit,Samba/CVE-2017-7494/src/docs/manpages/vfs_acl_tdb.8,ef5a0e97a5d941bc5ee84d06dce8551f8d7c46b7,CVE-2017-7494
484265150,Threekiii/Awesome-Exploit,Samba/CVE-2017-7494/src/testsuite/build_farm/torture-OPLOCK1.test,ef5d1690063fd727ac055a537ec4e3ac6d1a5090,CVE-2017-7494
484265150,Threekiii/Awesome-Exploit,Samba/CVE-2017-7494/requirements.txt,ef5e9aac446d3e41407791f0068e6d01bf34abc4,CVE-2017-7494
484265150,Threekiii/Awesome-Exploit,Samba/CVE-2017-7494/src/source3/utils/eventlogadm.c,ef6051658018b06f639f9c5cf27197051a80682b,CVE-2017-7494
484265150,Threekiii/Awesome-Exploit,Samba/CVE-2017-7494/src/auth/gensec/schannel.c,ef621a1ec16009ec251cb6a7265ce54f6d81f7fe,CVE-2017-7494
484265150,Threekiii/Awesome-Exploit,Samba/CVE-2017-7494/src/source3/smbd/blocking.c,ef6c7985aa9efdfa61cc8607c5b111624c38ebb9,CVE-2017-7494
484265150,Threekiii/Awesome-Exploit,Samba/CVE-2017-7494/src/docs-xml/Samba3-ByExample/SBE-Appendix2.xml,ef6e26627478397c6ce587ded5cc623f4cd799be,CVE-2017-7494
484265150,Threekiii/Awesome-Exploit,Samba/CVE-2017-7494/src/source4/torture/ldap/uptodatevector.c,ef7260db70861a735d50f868e8492502f01a028e,CVE-2017-7494
484265150,Threekiii/Awesome-Exploit,Samba/CVE-2017-7494/src/nsswitch/winbind_nss_irix.c,ef7fc11113da82dec3e888b305a4c6710c02f8ad,CVE-2017-7494
484265150,Threekiii/Awesome-Exploit,Samba/CVE-2017-7494/src/source3/auth/auth_script.c,ef9ceb729ac25a9072ab97da80487ece89f08836,CVE-2017-7494
484265150,Threekiii/Awesome-Exploit,Samba/CVE-2017-7494/src/source4/dsdb/tests/python/notification.py,efa0df79c66c61bf4b09e92c4d93074c3d46f0ad,CVE-2017-7494
484265150,Threekiii/Awesome-Exploit,Samba/CVE-2017-7494/src/README,efa12e308309a19140702cfd28bc27bb96e5e172,CVE-2017-7494
484265150,Threekiii/Awesome-Exploit,Samba/CVE-2017-7494/src/examples/LDAP/samba.schema.oc.IBM-DS,efa64b5207daca26405748018fb76f12e6525c08,CVE-2017-7494
484265150,Threekiii/Awesome-Exploit,Samba/CVE-2017-7494/src/source3/passdb/pdb_tdb.h,efb18c91fbb6c6b4b0d0ac5a108e61e9cfcc3c77,CVE-2017-7494
484265150,Threekiii/Awesome-Exploit,Samba/CVE-2017-7494/src/third_party/pep8/testsuite/E25.py,efbfa52ba31456da5ced62689cca364d3336c965,CVE-2017-7494
484265150,Threekiii/Awesome-Exploit,Samba/CVE-2017-7494/src/third_party/waf/wafadmin/Tools/suncxx.py,efc0f74235bd8e1b6e276e7a012629d77d35fd3d,CVE-2017-7494
484265150,Threekiii/Awesome-Exploit,Samba/CVE-2017-7494/src/source4/setup/krb5.conf,efc72d0e3333f726d1cdbf1f4c77658828da523a,CVE-2017-7494
484265150,Threekiii/Awesome-Exploit,Samba/CVE-2017-7494/src/source4/selftest/win/wintest_remove.exp,efd6ce58a25b0e7838c44a51344e4722106496fa,CVE-2017-7494
484265150,Threekiii/Awesome-Exploit,Samba/CVE-2017-7494/src/source3/smbd/smbd_cleanupd.c,efdfd7ab499bde16ac4747de6aec455a98ac33ad,CVE-2017-7494
484265150,Threekiii/Awesome-Exploit,Samba/CVE-2017-7494/src/source4/nbt_server/wins/winsserver.c,efe3fe3d0d55683e3446c67c7714a5dd3ad59b76,CVE-2017-7494
484265150,Threekiii/Awesome-Exploit,Samba/CVE-2017-7494/src/docs-xml/manpages/smbpasswd.5.xml,efe6df0fae18f0da179beec3ec22b45b5842be0a,CVE-2017-7494
484265150,Threekiii/Awesome-Exploit,Samba/CVE-2017-7494/src/pidl/META.yml,eff140160423edc79bbb745c7fafe73edb46615b,CVE-2017-7494
484265150,Threekiii/Awesome-Exploit,Samba/CVE-2017-7494/src/ctdb/server/ipalloc_common.c,eff5fcb7c1b023b583b87fd60514582934a1028c,CVE-2017-7494
484265150,Threekiii/Awesome-Exploit,Samba/CVE-2017-7494/src/source4/torture/smb2/session.c,effba2292a46d7ca6296f15a0734d13ed04212ce,CVE-2017-7494
484265150,Threekiii/Awesome-Exploit,Samba/CVE-2017-7494/src/docs-xml/smbdotconf/filename/deletevetofiles.xml,f00a761c7455642fe6c1ed966748754ece780c80,CVE-2017-7494
484265150,Threekiii/Awesome-Exploit,Samba/CVE-2017-7494/src/source3/include/serverid.h,f00d270aaba07c23bd3c5ab3fc76caabb2166455,CVE-2017-7494
484265150,Threekiii/Awesome-Exploit,Samba/CVE-2017-7494/src/docs-xml/manpages/smbgetrc.5.xml,f0142d0af221e4e27fb62b63c432d7a85a7580e4,CVE-2017-7494
484265150,Threekiii/Awesome-Exploit,Samba/CVE-2017-7494/src/docs-xml/smbdotconf/tuning/strictallocate.xml,f01c38f4b6f2f34330873e715dd658f4a4fdd6b6,CVE-2017-7494
484265150,Threekiii/Awesome-Exploit,Samba/CVE-2017-7494/src/source3/libgpo/gpo_reg.c,f01ebb8c19fa481a440e9cefda5a5e4f9d30bd1f,CVE-2017-7494
484265150,Threekiii/Awesome-Exploit,Samba/CVE-2017-7494/src/docs-xml/manpages/vfs_zfsacl.8.xml,f02448574b75b8b235ff736ad5279619bb92d5be,CVE-2017-7494
484265150,Threekiii/Awesome-Exploit,Samba/CVE-2017-7494/src/ctdb/include/common/srvid.h,f02b3aa9c9c46c61bbb88737d9dc699964b41017,CVE-2017-7494
484265150,Threekiii/Awesome-Exploit,Samba/CVE-2017-7494/src/source4/smb_server/smb/negprot.c,f06dba06e3d68303929d1d0f3676f15f59ee9cbe,CVE-2017-7494
484265150,Threekiii/Awesome-Exploit,Samba/CVE-2017-7494/src/ctdb/server/ctdb_recoverd.c,f07b25b6317acafce47696dc52e949aaa5ced349,CVE-2017-7494
484265150,Threekiii/Awesome-Exploit,Samba/CVE-2017-7494/src/source4/libcli/resolve/dns_ex.c,f08df682b526c637891891b5639145dc10ea6e08,CVE-2017-7494
484265150,Threekiii/Awesome-Exploit,Samba/CVE-2017-7494/src/testprogs/win32/midltests/valid/midltests_DRS_EXTENSIONS.out,f09383b524d24a67b8fb973cdba6ebff2ecd9dd2,CVE-2017-7494
484265150,Threekiii/Awesome-Exploit,Samba/CVE-2017-7494/src/source4/web_server/wscript_build,f0a8059c796e606311abc9c701eae4b436571753,CVE-2017-7494
484265150,Threekiii/Awesome-Exploit,Samba/CVE-2017-7494/src/docs-xml/smbdotconf/security/clientsigning.xml,f0b06bb45ef8a26cc43fa6cd1f995a2ff2663deb,CVE-2017-7494
484265150,Threekiii/Awesome-Exploit,Samba/CVE-2017-7494/src/docs-xml/smbdotconf/locking/cscpolicy.xml,f0c8a5ae35d6a7da59cde483a670769ef7e1c460,CVE-2017-7494
484265150,Threekiii/Awesome-Exploit,Samba/CVE-2017-7494/src/libcli/security/sddl.c,f11b8bad8289348eb02587d3ed77473ab515e7ba,CVE-2017-7494
484265150,Threekiii/Awesome-Exploit,Samba/CVE-2017-7494/src/source3/modules/vfs_fake_dfq.c,f120cd5459caef9bf716626993f8259f1b4d4cf8,CVE-2017-7494
484265150,Threekiii/Awesome-Exploit,Samba/CVE-2017-7494/src/source3/utils/split_tokens.c,f129b2cacf06fb5b06396f676e217829cc4ed77f,CVE-2017-7494
484265150,Threekiii/Awesome-Exploit,Samba/CVE-2017-7494/src/testsuite/build_farm/torture-DENY2.test,f13486699bedc490a8d5783aa0647bbb93b8c058,CVE-2017-7494
484265150,Threekiii/Awesome-Exploit,Samba/CVE-2017-7494/src/librpc/idl/audiosrv.idl,f13c8f8591d7f5a044b5ff0e57bf5f71d991dff8,CVE-2017-7494
484265150,Threekiii/Awesome-Exploit,Samba/CVE-2017-7494/src/third_party/dnspython/dns/rdtypes/ANY/SSHFP.py,f13e6c0f2389149c7175583bd012aa58004575d2,CVE-2017-7494
484265150,Threekiii/Awesome-Exploit,Samba/CVE-2017-7494/src/ctdb/config/nfs-linux-kernel-callout,f15b00729ed052febe9c7460ba6d7a6b28c813d4,CVE-2017-7494
484265150,Threekiii/Awesome-Exploit,Samba/CVE-2017-7494/src/ctdb/tests/takeover/lcp2.032.sh,f1600ab2be3130437ac384fb3aa0e31dcd317f17,CVE-2017-7494
484265150,Threekiii/Awesome-Exploit,Samba/CVE-2017-7494/src/source3/modules/vfs_posixacl.h,f165fa4a40418806efbe279d8692ca698fd2bedb,CVE-2017-7494
484265150,Threekiii/Awesome-Exploit,Samba/CVE-2017-7494/src/source4/dsdb/samdb/ldb_modules/extended_dn_store.c,f16d60e1bae47f3cb163ad8c10e39ae79b09d7e1,CVE-2017-7494
484265150,Threekiii/Awesome-Exploit,Samba/CVE-2017-7494/src/source4/torture/rpc/netlogon.c,f176fa371419d112bd3e9a1b3747dc70e37390be,CVE-2017-7494
484265150,Threekiii/Awesome-Exploit,Samba/CVE-2017-7494/src/docs-xml/smbdotconf/printing/lpqcachetime.xml,f17d0705e5b0b1b13167cdeaf71ebd7a0758e53f,CVE-2017-7494
484265150,Threekiii/Awesome-Exploit,Samba/CVE-2017-7494/src/librpc/idl/idmap.idl,f185a876157aaa5aaa9f60a18e18f99cfa1b5d5b,CVE-2017-7494
484265150,Threekiii/Awesome-Exploit,Samba/CVE-2017-7494/src/source4/smbd/service_task.h,f18a958f8272ff73809b46211279974380824293,CVE-2017-7494
484265150,Threekiii/Awesome-Exploit,Samba/CVE-2017-7494/src/buildtools/wafsamba/configure_file.py,f190aa9fef8a94a05c75a8f367a0afd38005acaa,CVE-2017-7494
484265150,Threekiii/Awesome-Exploit,Samba/CVE-2017-7494/src/third_party/dnspython/tests/example2.good,f190c072554d9aa4a3582dcb2a57697cec224854,CVE-2017-7494
484265150,Threekiii/Awesome-Exploit,Samba/CVE-2017-7494/src/source4/rpc_server/lsa/lsa.h,f195d20cb64b3acd91995a042ea53b4b37f04f1f,CVE-2017-7494
484265150,Threekiii/Awesome-Exploit,Samba/CVE-2017-7494/src/ctdb/tests/tool/ctdb.reloadnodes.020.sh,f1a9d23a9eea0a0613542f91eaa964df6b9b1a8d,CVE-2017-7494
484265150,Threekiii/Awesome-Exploit,Samba/CVE-2017-7494/src/third_party/zlib/examples/zran.c,f1b51022cb6c2285ce8cc8dc456db7363948213f,CVE-2017-7494
484265150,Threekiii/Awesome-Exploit,Samba/CVE-2017-7494/src/source4/torture/smb2/streams.c,f1b6554b863a79573fd8c449d080c6c9be607885,CVE-2017-7494
484265150,Threekiii/Awesome-Exploit,Samba/CVE-2017-7494/src/source3/passdb/login_cache.c,f1b93a115f1e23b2c9bc8d4b5f8d635ba5cebd60,CVE-2017-7494
484265150,Threekiii/Awesome-Exploit,Samba/CVE-2017-7494/src/source3/utils/net_rpc_samsync.c,f1babe2a977f5bd7dd7c63e7009e917c6a4b9dc7,CVE-2017-7494
484265150,Threekiii/Awesome-Exploit,Samba/CVE-2017-7494/src/ctdb/tests/cunit/srvid_test_001.sh,f1bb22237d25b77f02a96d6e9900b7f6f8fd9c21,CVE-2017-7494
484265150,Threekiii/Awesome-Exploit,Samba/CVE-2017-7494/src/third_party/zlib/contrib/ada/mtest.adb,f1c968146ba1a8f07c7070a2af72ab8a84c82e3d,CVE-2017-7494
484265150,Threekiii/Awesome-Exploit,Samba/CVE-2017-7494/src/python/samba/schema.py,f1cc7b9b4fe32cb3553860c98ecf718e16f16dcf,CVE-2017-7494
484265150,Threekiii/Awesome-Exploit,Samba/CVE-2017-7494/src/nsswitch/winbind_nss_solaris.h,f1d503e6ec79db53b0809fe9c1ae22a6d7ff66da,CVE-2017-7494
484265150,Threekiii/Awesome-Exploit,Samba/CVE-2017-7494/src/docs-xml/smbdotconf/base/serverservices.xml,f1d5fc8cb8424bed267e0609de1171638621b414,CVE-2017-7494
484265150,Threekiii/Awesome-Exploit,Samba/CVE-2017-7494/src/source4/ldap_server/devdocs/rfc4530.txt,f1dd49ad4411a58dc604fb61029792770a506f3c,CVE-2017-7494
484265150,Threekiii/Awesome-Exploit,Samba/CVE-2017-7494/src/configure.developer,f1f8111a59782c8440eefc5b7b5f172d5c017bf9,CVE-2017-7494
484265150,Threekiii/Awesome-Exploit,Samba/CVE-2017-7494/src/testprogs/blackbox/test_wintest.sh,f20c6c735059afd2f4193e56a32aa9e5a52b60a8,CVE-2017-7494
484265150,Threekiii/Awesome-Exploit,Samba/CVE-2017-7494/src/source3/rpc_server/mdssvc/sparql_parser_test.c,f21325749af1d8da2d50ef8848e47c902e00cf1e,CVE-2017-7494
484265150,Threekiii/Awesome-Exploit,Samba/CVE-2017-7494/src/source3/smbd/proto.h,f234218dbd8427a03e7b88741edcf88fb3b96256,CVE-2017-7494
484265150,Threekiii/Awesome-Exploit,Samba/CVE-2017-7494/src/source3/smbd/scavenger.c,f23b56493cc90b285f2b13a84c6df6559289d8fd,CVE-2017-7494
484265150,Threekiii/Awesome-Exploit,Samba/CVE-2017-7494/src/librpc/idl/server_id.idl,f24299205a6b122abe5cadaa12a988c8542cebea,CVE-2017-7494
484265150,Threekiii/Awesome-Exploit,Samba/CVE-2017-7494/src/source3/modules/getdate.c,f259cb0128dc603a7bdd92c30faa168c2a30181e,CVE-2017-7494
484265150,Threekiii/Awesome-Exploit,Samba/CVE-2017-7494/src/testsuite/build_farm/torture-DIR.test,f26162db1d9e65f4a40453e6771d4f69757f79d4,CVE-2017-7494
484265150,Threekiii/Awesome-Exploit,Samba/CVE-2017-7494/src/libcli/ldap/ldap_errors.h,f265e577850fb1145348f7048a53578340280c8b,CVE-2017-7494
484265150,Threekiii/Awesome-Exploit,Ntopng/CVE-2021-28073/CVE-2021-28073.py,f279e440c8d399af239f3ca3a76c1002bb6e291d,CVE-2021-28073
484265150,Threekiii/Awesome-Exploit,Samba/CVE-2017-7494/src/examples/VFS/README,f2874a41301bb69ae5ece0bb31dd1513ef853f44,CVE-2017-7494
484265150,Threekiii/Awesome-Exploit,Samba/CVE-2017-7494/src/docs/manpages/vfs_worm.8,f28ca59e0cb2281ba0f2e8727faa9d96761d23db,CVE-2017-7494
484265150,Threekiii/Awesome-Exploit,Samba/CVE-2017-7494/src/source4/ntvfs/ntvfs_util.c,f2958c97dd9ef0c3b3082976f77233a4c6e16b02,CVE-2017-7494
484265150,Threekiii/Awesome-Exploit,Samba/CVE-2017-7494/src/third_party/zlib/projects/README.projects,f29ed57c585c45a7245eac9a03df72116ca6c881,CVE-2017-7494
484265150,Threekiii/Awesome-Exploit,Samba/CVE-2017-7494/src/third_party/pep8/testsuite/support.py,f2a58168774e46c08fefd7a619f6018fec038022,CVE-2017-7494
484265150,Threekiii/Awesome-Exploit,Samba/CVE-2017-7494/src/ctdb/tests/eventscripts/00.ctdb.init.001.sh,f2a9c6a6fd83d0482b4312a80e1778cd60c6903d,CVE-2017-7494
484265150,Threekiii/Awesome-Exploit,Samba/CVE-2017-7494/src/third_party/dnspython/LICENSE,f2b39b1aaa7401684929b93586b8becff457cb99,CVE-2017-7494
484265150,Threekiii/Awesome-Exploit,Samba/CVE-2017-7494/src/source4/setup/prefixMap.txt,f2bc42d072ad53b907157196b31928c89e5e1222,CVE-2017-7494
484265150,Threekiii/Awesome-Exploit,Samba/CVE-2017-7494/src/source3/include/auth_generic.h,f2bc64cfd378d0019690a254b1bb66a576479bc4,CVE-2017-7494
484265150,Threekiii/Awesome-Exploit,Samba/CVE-2017-7494/src/ctdb/tests/eventscripts/stubs/ctdb_natgw,f2bf86edf9ff10dede74ea47dd2ce1cc09cd9b35,CVE-2017-7494
484265150,Threekiii/Awesome-Exploit,Samba/CVE-2017-7494/src/docs/manpages/pam_winbind.8,f2d4e5567e5eee4d1eaf999e4b83e14f01d1fc44,CVE-2017-7494
484265150,Threekiii/Awesome-Exploit,Weblogic/weblogicScanner/stars/cve_2016_0638.py,f2d6b4b4049a4aa9859d7f6345cc0863ba9c00d9,CVE-2016-0638
484265150,Threekiii/Awesome-Exploit,Samba/CVE-2017-7494/src/tests/fcntl_lock_thread.c,f2dcaed7ffa43adadb09b6213686e0749d79f5d8,CVE-2017-7494
484265150,Threekiii/Awesome-Exploit,Samba/CVE-2017-7494/src/librpc/ndr/ndr_svcctl.c,f2e1896aedafbea70ccc160b74fd23c574251765,CVE-2017-7494
484265150,Threekiii/Awesome-Exploit,Samba/CVE-2017-7494/src/python/samba/tests/samba_tool/join.py,f2e490ea50933a3d0676f3603eda6ccd1222b47a,CVE-2017-7494
484265150,Threekiii/Awesome-Exploit,Samba/CVE-2017-7494/src/python/samba/tests/dcerpc/integer.py,f2e903c65d192e00b848d10ff84905904a6a883f,CVE-2017-7494
484265150,Threekiii/Awesome-Exploit,Samba/CVE-2017-7494/src/source4/libcli/resolve/resolve.c,f2ee598d2a704d78e89c2feee1f442a60b18d626,CVE-2017-7494
484265150,Threekiii/Awesome-Exploit,Samba/CVE-2017-7494/src/source4/libnet/libnet_samsync.c,f2f862224047b486a51878e3d2932503d984134d,CVE-2017-7494
484265150,Threekiii/Awesome-Exploit,Samba/CVE-2017-7494/src/docs-xml/smbdotconf/printing/printjobusername.xml,f2fc16f906dfa9115a47a2b0b0913a9b188ecd74,CVE-2017-7494
484265150,Threekiii/Awesome-Exploit,Samba/CVE-2017-7494/src/docs/manpages/smbspool_krb5_wrapper.8,f30ff2cecb30fd6aa6be0d17275846cb38220953,CVE-2017-7494
484265150,Threekiii/Awesome-Exploit,Samba/CVE-2017-7494/src/source4/heimdal/kuser/kgetcred.c,f3135e6fdb87aaef0ae0468be1b49161c1372440,CVE-2017-7494
484265150,Threekiii/Awesome-Exploit,Samba/CVE-2017-7494/src/source4/rpc_server/unixinfo/dcesrv_unixinfo.c,f3139c4a323a1973248f4582fc4d24e27aec6d9b,CVE-2017-7494
484265150,Threekiii/Awesome-Exploit,Samba/CVE-2017-7494/src/source3/script/tests/test_local_s3.sh,f319bbcbd76bd6beb30f5275db734da19fe25718,CVE-2017-7494
484265150,Threekiii/Awesome-Exploit,Samba/CVE-2017-7494/src/docs-xml/Samba3-HOWTO/images/trusts1.svg,f319faeed1f7be391c50ee03d6b36a1660e416d3,CVE-2017-7494
484265150,Threekiii/Awesome-Exploit,Samba/CVE-2017-7494/src/ctdb/tests/eventscripts/stubs/rm,f340c40d612fb4cbd538d087193da1d53d34faf1,CVE-2017-7494
484265150,Threekiii/Awesome-Exploit,Samba/CVE-2017-7494/src/source4/heimdal_build/asn1_compile_wrapper.sh,f34822ddbc0e04238cd803d1a6ad264e36be6cc1,CVE-2017-7494
484265150,Threekiii/Awesome-Exploit,Samba/CVE-2017-7494/src/source4/libcli/smb2/cancel.c,f350e07983c12fc30a6ab921bb5d58974c10104a,CVE-2017-7494
484265150,Threekiii/Awesome-Exploit,Samba/CVE-2017-7494/src/librpc/ndr/ndr_spoolss_buf.h,f353392ad48a42a14b377c110372ea8bf44d233f,CVE-2017-7494
484265150,Threekiii/Awesome-Exploit,Samba/CVE-2017-7494/src/docs/manpages/smbtar.1,f35c09d1a6becfc73368653b36df8a6a2c15a444,CVE-2017-7494
484265150,Threekiii/Awesome-Exploit,Samba/CVE-2017-7494/src/source4/ntvfs/posix/pvfs_lock.c,f35e3528aaf51a4301a9dfec9e67ba05d9b4c894,CVE-2017-7494
484265150,Threekiii/Awesome-Exploit,Samba/CVE-2017-7494/src/source4/torture/rpc/drsuapi.c,f3604cba76daa401356553eb260758e11485406a,CVE-2017-7494
484265150,Threekiii/Awesome-Exploit,Samba/CVE-2017-7494/src/source4/setup/ad-schema/MS-AD_Schema_2K8_R2_Classes.txt,f36c771f96d51a8a4ee83eb8da65d5704c45875c,CVE-2017-7494
484265150,Threekiii/Awesome-Exploit,Samba/CVE-2017-7494/src/docs-xml/smbdotconf/misc/wtmpdirectory.xml,f36f4468d1fad27bc10c37c000fb679a8048dfda,CVE-2017-7494
484265150,Threekiii/Awesome-Exploit,Samba/CVE-2017-7494/src/testprogs/win32/rpcecho/README,f371e8af515040bf90e386ab4ee8db3a82e74116,CVE-2017-7494
484265150,Threekiii/Awesome-Exploit,Samba/CVE-2017-7494/src/testprogs/blackbox/test_export_keytab_heimdal.sh,f395dd585707adb6788cb8959bd91fc46fc6884f,CVE-2017-7494
484265150,Threekiii/Awesome-Exploit,Samba/CVE-2017-7494/src/testsuite/nsswitch/initgroups.exp,f39f97e4c9fd7ff8d47cd10f8fe3fc0577d974b5,CVE-2017-7494
484265150,Threekiii/Awesome-Exploit,Samba/CVE-2017-7494/src/source4/dsdb/kcc/garbage_collect_tombstones.h,f3a2f80eee9c27978fd3cbeb0bfda236b21edb48,CVE-2017-7494
484265150,Threekiii/Awesome-Exploit,Weblogic/weblogicScanner/stars/cve_2017_3248.py,f3b61c7f5da7759bc74822559c00298915330c82,CVE-2017-3248
484265150,Threekiii/Awesome-Exploit,Samba/CVE-2017-7494/src/release-scripts/build-manpages-git,f3d06ef2ace75f5cd62b1243eb24d9b01a3369ba,CVE-2017-7494
484265150,Threekiii/Awesome-Exploit,Samba/CVE-2017-7494/src/source4/torture/smbtorture.c,f3d8056e2b6e07c7eb070cd49ecb2f03763510da,CVE-2017-7494
484265150,Threekiii/Awesome-Exploit,Samba/CVE-2017-7494/src/docs-xml/smbdotconf/security/krb5port.xml,f3d9b92ecfe98d09cc18d2d1f01eb279053ea3db,CVE-2017-7494
484265150,Threekiii/Awesome-Exploit,Samba/CVE-2017-7494/src/source3/script/tests/test_rpcclient_samlogon.sh,f3da272b8f9b3c271ad8782d3e63437ed2cbf971,CVE-2017-7494
484265150,Threekiii/Awesome-Exploit,Samba/CVE-2017-7494/src/source4/torture/rpc/samlogon.c,f3da8d4d2ff654265ae3dbf7aca17d2a36bf46dd,CVE-2017-7494
484265150,Threekiii/Awesome-Exploit,Samba/CVE-2017-7494/src/docs-xml/xslt/latex.overrides.xml,f3dc0e82f2c597e66ecb02184bf2492f8802f8b7,CVE-2017-7494
484265150,Threekiii/Awesome-Exploit,Samba/CVE-2017-7494/src/source4/dsdb/repl/drepl_notify.c,f3dc1e7f3f9baa0aaf45f55fe50adc4974eeb616,CVE-2017-7494
484265150,Threekiii/Awesome-Exploit,Samba/CVE-2017-7494/src/source3/script/tests/test_smbtorture_s3.sh,f3e954613ecb550411b2336fc28a484f31136eab,CVE-2017-7494
484265150,Threekiii/Awesome-Exploit,Samba/CVE-2017-7494/src/docs/manpages/smbclient.1,f41302c871a7e65777f1cf03ae65307dcf82dafb,CVE-2017-7494
484265150,Threekiii/Awesome-Exploit,Samba/CVE-2017-7494/src/source4/libcli/raw/rawfsinfo.c,f413c0d9884cffaba41ac43cf728b912089675dc,CVE-2017-7494
484265150,Threekiii/Awesome-Exploit,Samba/CVE-2017-7494/src/source4/dsdb/repl/replicated_objects.c,f41447cbd64aaae02796ee2891a503e229264609,CVE-2017-7494
484265150,Threekiii/Awesome-Exploit,Samba/CVE-2017-7494/src/libcli/util/werror.h,f41a33aa45a31a9e5296b9ad36635c5cfbb8af78,CVE-2017-7494
484265150,Threekiii/Awesome-Exploit,Samba/CVE-2017-7494/src/docs-xml/smbdotconf/filename/vetooplockfiles.xml,f424371013332b41a2f0fed9b917981e03bc4e50,CVE-2017-7494
484265150,Threekiii/Awesome-Exploit,Weblogic/weblogicScanner/stars/__pycache__/cve_2020_14882.cpython-37.pyc,f427bb7da02003f0ec7898febc635dcbaa10c8f5,CVE-2020-14882
484265150,Threekiii/Awesome-Exploit,Samba/CVE-2017-7494/src/ctdb/tests/eventscripts/11.natgw.002.sh,f42f2537641bf70baaa80c38240464e0aa7c438d,CVE-2017-7494
484265150,Threekiii/Awesome-Exploit,Samba/CVE-2017-7494/src/examples/auth/crackcheck/Makefile,f431f56fbcab337825004145fb6d304b3bfa6cbb,CVE-2017-7494
484265150,Threekiii/Awesome-Exploit,Samba/CVE-2017-7494/src/docs/manpages/vfs_fruit.8,f43364f8ddd0df6ead6ec9417c6415af994cb94d,CVE-2017-7494
484265150,Threekiii/Awesome-Exploit,Samba/CVE-2017-7494/src/docs-xml/manpages/vfs_glusterfs.8.xml,f43959d18f8b1b628ba1bb31939eaa35f852acad,CVE-2017-7494
484265150,Threekiii/Awesome-Exploit,Samba/CVE-2017-7494/src/testprogs/win32/spoolss/error.c,f4436e1682e3030c68a1193e55ce7650cea0a9dc,CVE-2017-7494
484265150,Threekiii/Awesome-Exploit,Samba/CVE-2017-7494/src/source4/libcli/raw/rawnegotiate.c,f44b2446044f84de62c9f64cbc8c9ab66b7af1fa,CVE-2017-7494
484265150,Threekiii/Awesome-Exploit,Samba/CVE-2017-7494/src/source3/include/trans2.h,f45b9304a56b5417c5e96110cdf86cdc2122c964,CVE-2017-7494
484265150,Threekiii/Awesome-Exploit,Samba/CVE-2017-7494/src/source3/rpcclient/rpcclient.c,f47d2917700fa99a7d1aee07f95003dc5e477874,CVE-2017-7494
484265150,Threekiii/Awesome-Exploit,Samba/CVE-2017-7494/src/source3/include/includes.h,f485a44cb92189a04855d15130a221f046a1be7b,CVE-2017-7494
484265150,Threekiii/Awesome-Exploit,Samba/CVE-2017-7494/src/source4/torture/raw/missing.txt,f48a09b7b8922029a20adf065c3cf2129b016100,CVE-2017-7494
484265150,Threekiii/Awesome-Exploit,Samba/CVE-2017-7494/src/ctdb/tests/tool/ctdb.reloadnodes.001.sh,f4a128d438ff8507632d316b3c79369e663f552f,CVE-2017-7494
484265150,Threekiii/Awesome-Exploit,Samba/CVE-2017-7494/src/docs-xml/smbdotconf/protocol/svcctllist.xml,f4a4c8742d10ce85ab441ca8837cbcedce9d8100,CVE-2017-7494
484265150,Threekiii/Awesome-Exploit,Samba/CVE-2017-7494/src/source4/torture/raw/samba3misc.c,f4b3c992e1e421c5b1dbf936492768aa303556aa,CVE-2017-7494
484265150,Threekiii/Awesome-Exploit,Samba/CVE-2017-7494/src/testprogs/win32/midltests/invalid/README.txt,f4b6e0eb5982efcf47f42a19b4ffb55961a57523,CVE-2017-7494
484265150,Threekiii/Awesome-Exploit,Samba/CVE-2017-7494/src/selftest/manage-ca/CA-samba.example.com/Users/administrator@samba.example.com/USER-administrator@samba.example.com-S01-key.pem,f4cb189dba02de37facde4bbdaa79db85352d6ad,CVE-2017-7494
484265150,Threekiii/Awesome-Exploit,Samba/CVE-2017-7494/src/docs-xml/smbdotconf/printing/addportcommand.xml,f4d6a96791a504b2559863af877a7dd82465ed61,CVE-2017-7494
484265150,Threekiii/Awesome-Exploit,Samba/CVE-2017-7494/src/source3/smbadduser.in,f4d7a1c542924f017f1f099e10556f487dcfad21,CVE-2017-7494
484265150,Threekiii/Awesome-Exploit,Weblogic/weblogicScanner/stars/cve_2020_2555.py,f4e4cd16d27a0315acc828cf6520b60892f549d7,CVE-2020-2555
484265150,Threekiii/Awesome-Exploit,Samba/CVE-2017-7494/src/ctdb/tests/eventscripts/50.samba.monitor.110.sh,f50a9706556a63fa25630eed2c713d6f01791af5,CVE-2017-7494
484265150,Threekiii/Awesome-Exploit,Samba/CVE-2017-7494/src/libcli/nbt/namerelease.c,f51a1d53a0505a972ca40c88db37d188a5455105,CVE-2017-7494
484265150,Threekiii/Awesome-Exploit,Samba/CVE-2017-7494/src/source4/ntvfs/sysdep/sys_lease.h,f52118efcd074d4638cb4a6fc1885a78b006a91f,CVE-2017-7494
484265150,Threekiii/Awesome-Exploit,Samba/CVE-2017-7494/src/python/samba/netcmd/delegation.py,f52232f63abf55535697d4c986f0d8d6b74d49e2,CVE-2017-7494
484265150,Threekiii/Awesome-Exploit,Samba/CVE-2017-7494/src/docs-xml/using_samba/appd.xml,f5223b2cdc0307e88c470937dd25114ef5064b79,CVE-2017-7494
484265150,Threekiii/Awesome-Exploit,Samba/CVE-2017-7494/src/third_party/dnspython/tests/set.py,f5274c921a13469ce6142a93bb40dcb5bf80665d,CVE-2017-7494
484265150,Threekiii/Awesome-Exploit,Samba/CVE-2017-7494/src/source4/torture/drs/unit/prefixmap_tests.c,f52b07ea3a4df8a269b24fb2e1947871148edc85,CVE-2017-7494
484265150,Threekiii/Awesome-Exploit,Samba/CVE-2017-7494/src/testprogs/blackbox/nsstest.sh,f531e8981d35496753af8d6cb7014afa60ab1de6,CVE-2017-7494
484265150,Threekiii/Awesome-Exploit,Samba/CVE-2017-7494/src/source4/torture/rap/rap.c,f5423af991e3279b4ba98854634ceadfef551c0e,CVE-2017-7494
484265150,Threekiii/Awesome-Exploit,Samba/CVE-2017-7494/src/source4/client/cifsddio.c,f54274cd8cb9313dcdd1596df694889dbf7f61cb,CVE-2017-7494
484265150,Threekiii/Awesome-Exploit,Samba/CVE-2017-7494/src/source4/torture/basic/misc.c,f54a4a4e1cc1189b94722fd2d05ecc2f25212d07,CVE-2017-7494
484265150,Threekiii/Awesome-Exploit,Samba/CVE-2017-7494/src/source4/ntvfs/posix/pvfs_acl_nfs4.c,f54bf5370cbcbe1e35d8083da2d1d95aff89157b,CVE-2017-7494
484265150,Threekiii/Awesome-Exploit,Samba/CVE-2017-7494/src/source3/smbd/utmp.c,f556c853e070ebc1adce2f60817776c22196af48,CVE-2017-7494
484265150,Threekiii/Awesome-Exploit,Samba/CVE-2017-7494/src/third_party/dnspython/tests/message.py,f55895840e1a1df81cdfd61226b7a6366c84f450,CVE-2017-7494
484265150,Threekiii/Awesome-Exploit,Samba/CVE-2017-7494/src/source3/script/tests/test_rpcclientsrvsvc.sh,f5612ddf65d2ff80597a8fd1df4264fa53241c32,CVE-2017-7494
484265150,Threekiii/Awesome-Exploit,Samba/CVE-2017-7494/src/source3/smbd/dfree.c,f5635ab6041790ba88a7b650d42cc363f4436a6d,CVE-2017-7494
484265150,Threekiii/Awesome-Exploit,Samba/CVE-2017-7494/src/python/wscript_build,f5668c408b358fd9c72ff8179931d8f48a0d9d1e,CVE-2017-7494
484265150,Threekiii/Awesome-Exploit,Samba/CVE-2017-7494/src/tests/oldquotas.c,f56f409160292a70b4a605c97841a06cfcfcde7d,CVE-2017-7494
484265150,Threekiii/Awesome-Exploit,Weblogic/weblogicScanner/README_EN.md,f57276dee7de054a91cf4e217ef93ba56e223cde,CVE-2020-14882
484265150,Threekiii/Awesome-Exploit,Weblogic/weblogicScanner/README_EN.md,f57276dee7de054a91cf4e217ef93ba56e223cde,CVE-2020-2883
484265150,Threekiii/Awesome-Exploit,Weblogic/weblogicScanner/README_EN.md,f57276dee7de054a91cf4e217ef93ba56e223cde,CVE-2019-2725
484265150,Threekiii/Awesome-Exploit,Weblogic/weblogicScanner/README_EN.md,f57276dee7de054a91cf4e217ef93ba56e223cde,CVE-2016-3510
484265150,Threekiii/Awesome-Exploit,Weblogic/weblogicScanner/README_EN.md,f57276dee7de054a91cf4e217ef93ba56e223cde,CVE-2019-2618
484265150,Threekiii/Awesome-Exploit,Weblogic/weblogicScanner/README_EN.md,f57276dee7de054a91cf4e217ef93ba56e223cde,CVE-2017-3248
484265150,Threekiii/Awesome-Exploit,Weblogic/weblogicScanner/README_EN.md,f57276dee7de054a91cf4e217ef93ba56e223cde,CVE-2020-2555
484265150,Threekiii/Awesome-Exploit,Weblogic/weblogicScanner/README_EN.md,f57276dee7de054a91cf4e217ef93ba56e223cde,CVE-2014-4210
484265150,Threekiii/Awesome-Exploit,Weblogic/weblogicScanner/README_EN.md,f57276dee7de054a91cf4e217ef93ba56e223cde,CVE-2018-2893
484265150,Threekiii/Awesome-Exploit,Weblogic/weblogicScanner/README_EN.md,f57276dee7de054a91cf4e217ef93ba56e223cde,CVE-2019-2888
484265150,Threekiii/Awesome-Exploit,Weblogic/weblogicScanner/README_EN.md,f57276dee7de054a91cf4e217ef93ba56e223cde,CVE-2018-3191
484265150,Threekiii/Awesome-Exploit,Weblogic/weblogicScanner/README_EN.md,f57276dee7de054a91cf4e217ef93ba56e223cde,CVE-2018-2894
484265150,Threekiii/Awesome-Exploit,Weblogic/weblogicScanner/README_EN.md,f57276dee7de054a91cf4e217ef93ba56e223cde,CVE-2018-2628
484265150,Threekiii/Awesome-Exploit,Weblogic/weblogicScanner/README_EN.md,f57276dee7de054a91cf4e217ef93ba56e223cde,CVE-2017-3506
484265150,Threekiii/Awesome-Exploit,Weblogic/weblogicScanner/README_EN.md,f57276dee7de054a91cf4e217ef93ba56e223cde,CVE-2019-2890
484265150,Threekiii/Awesome-Exploit,Weblogic/weblogicScanner/README_EN.md,f57276dee7de054a91cf4e217ef93ba56e223cde,CVE-2020-14883
484265150,Threekiii/Awesome-Exploit,Weblogic/weblogicScanner/README_EN.md,f57276dee7de054a91cf4e217ef93ba56e223cde,CVE-2020-2551
484265150,Threekiii/Awesome-Exploit,Weblogic/weblogicScanner/README_EN.md,f57276dee7de054a91cf4e217ef93ba56e223cde,CVE-2016-0638
484265150,Threekiii/Awesome-Exploit,Weblogic/weblogicScanner/README_EN.md,f57276dee7de054a91cf4e217ef93ba56e223cde,CVE-2018-3245
484265150,Threekiii/Awesome-Exploit,Weblogic/weblogicScanner/README_EN.md,f57276dee7de054a91cf4e217ef93ba56e223cde,CVE-2019-2729
484265150,Threekiii/Awesome-Exploit,Weblogic/weblogicScanner/README_EN.md,f57276dee7de054a91cf4e217ef93ba56e223cde,CVE-2018-3252
484265150,Threekiii/Awesome-Exploit,Weblogic/weblogicScanner/README_EN.md,f57276dee7de054a91cf4e217ef93ba56e223cde,CVE-2017-10271
484265150,Threekiii/Awesome-Exploit,Samba/CVE-2017-7494/src/docs-xml/smbdotconf/security/tlscertfile.xml,f582b8cd29c4dd336353e8693be1471bc49b0b7c,CVE-2017-7494
484265150,Threekiii/Awesome-Exploit,Samba/CVE-2017-7494/src/third_party/zlib/win32/Makefile.gcc,f586f1ac33fadb3ba11e8c454d053c2912130e9b,CVE-2017-7494
484265150,Threekiii/Awesome-Exploit,Samba/CVE-2017-7494/src/source4/setup/named.conf.update,f5a3545f9188f1c4f27da1c08b37e74016718ee5,CVE-2017-7494
484265150,Threekiii/Awesome-Exploit,Samba/CVE-2017-7494/src/source3/winbindd/wb_gettoken.c,f5bdb846b51e418cde8ff1b18bac9d3deaee61c0,CVE-2017-7494
484265150,Threekiii/Awesome-Exploit,Samba/CVE-2017-7494/src/source4/torture/smb2/maxfid.c,f5c28de8fbbfd4b3f624bae43aefe28dbb9ea61d,CVE-2017-7494
484265150,Threekiii/Awesome-Exploit,Samba/CVE-2017-7494/src/source3/modules/vfs_full_audit.c,f5c79b4031579abfad543a5af23bce745d844a28,CVE-2017-7494
484265150,Threekiii/Awesome-Exploit,Samba/CVE-2017-7494/src/testprogs/win32/vs2010-metze.cmd,f5daee8dac5d7f918958da583eccea0dcb3d4ee2,CVE-2017-7494
484265150,Threekiii/Awesome-Exploit,Samba/CVE-2017-7494/src/selftest/gnupg/gpg.conf,f5fb1075ea546be609f89b27bd8c4e11db03751c,CVE-2017-7494
484265150,Threekiii/Awesome-Exploit,Samba/CVE-2017-7494/src/docs-xml/smbdotconf/misc/fakedirectorycreatetimes.xml,f5fc068808e6eac51a2a2b91d343626c87a16341,CVE-2017-7494
484265150,Threekiii/Awesome-Exploit,Samba/CVE-2017-7494/src/libcli/dns/libdns.h,f5fc27c13d7bc628491c4e11436fc95669c56eea,CVE-2017-7494
484265150,Threekiii/Awesome-Exploit,Samba/CVE-2017-7494/src/docs-xml/smbdotconf/logging/ldapdebugthreshold.xml,f5fd6446a918be5b2e49354d7475205e6e3eb370,CVE-2017-7494
484265150,Threekiii/Awesome-Exploit,Samba/CVE-2017-7494/src/third_party/zlib/inffixed.h,f6149e8014d67c1e13af202422ee9ff1acad9536,CVE-2017-7494
484265150,Threekiii/Awesome-Exploit,Samba/CVE-2017-7494/src/docs-xml/smbdotconf/printing/printcapcachetime.xml,f625b7c8b372959e39931ecf83bb163229af12b2,CVE-2017-7494
484265150,Threekiii/Awesome-Exploit,Samba/CVE-2017-7494/src/third_party/waf/wafadmin/Tools/gcc.py,f625b8459d5d9ab92697e96829f0d5b3f1ad8b0f,CVE-2017-7494
484265150,Threekiii/Awesome-Exploit,Samba/CVE-2017-7494/src/third_party/zlib/win32/Makefile.bor,f62c311535e4e8658a143cf2c60639b0742526bf,CVE-2017-7494
484265150,Threekiii/Awesome-Exploit,Samba/CVE-2017-7494/src/source3/locking/leases_db.c,f654599def6115796ba3c894270c1e3271e268b5,CVE-2017-7494
484265150,Threekiii/Awesome-Exploit,Samba/CVE-2017-7494/src/ctdb/tests/eventscripts/11.natgw.051.sh,f65e617c1f16fc5e3808ae6405dc5a77eb23df86,CVE-2017-7494
484265150,Threekiii/Awesome-Exploit,Samba/CVE-2017-7494/src/source3/winbindd/wb_lookupsid.c,f665c4f3b2859da5c258305b85100134f8c751d6,CVE-2017-7494
484265150,Threekiii/Awesome-Exploit,Samba/CVE-2017-7494/src/third_party/zlib/trees.c,f671bc8986c729e8bb8b0837820c1d5515a929a5,CVE-2017-7494
484265150,Threekiii/Awesome-Exploit,Samba/CVE-2017-7494/src/source4/setup/wscript_build,f675575fae7079dfa542a3796f777994eef54d14,CVE-2017-7494
484265150,Threekiii/Awesome-Exploit,Samba/CVE-2017-7494/src/source4/rpc_server/remote/dcesrv_remote.c,f68e3bdbfedcc3b78d56700403e4c3d3e6a9826f,CVE-2017-7494
484265150,Threekiii/Awesome-Exploit,Samba/CVE-2017-7494/src/source3/registry/reg_objects.c,f6bf7385c176299258715c643a8eddc1a16ba805,CVE-2017-7494
484265150,Threekiii/Awesome-Exploit,Samba/CVE-2017-7494/src/source3/winbindd/idmap_ad.c,f6c329c69c567c22e1eb38755063081911cd554e,CVE-2017-7494
484265150,Threekiii/Awesome-Exploit,Nacos/CVE-2021-29441/CVE-2021-29441.py,f6c47e370977e26c22bd30d8b6b7ebb8614d81e7,CVE-2021-29441
484265150,Threekiii/Awesome-Exploit,Samba/CVE-2017-7494/src/source3/selftest/ktest-krb5_ccache-3,f6cd04d1b9119527648a9790fc02902242d6edf8,CVE-2017-7494
484265150,Threekiii/Awesome-Exploit,Samba/CVE-2017-7494/src/source4/ntvfs/nbench/README,f6e0fb76391cd44b6ac635569ca89b711c9e602d,CVE-2017-7494
484265150,Threekiii/Awesome-Exploit,Samba/CVE-2017-7494/src/docs-xml/Samba3-ByExample/images/chap4-net.svg,f70cbf68ddcd2e3f5eb72675b3e3ddd3994cc037,CVE-2017-7494
484265150,Threekiii/Awesome-Exploit,Samba/CVE-2017-7494/src/source3/torture/test_smbsock_any_connect.c,f71075101a0d4accfd7f21c04f9b545687ee3fe7,CVE-2017-7494
484265150,Threekiii/Awesome-Exploit,Samba/CVE-2017-7494/src/docs-xml/smbdotconf/printing/enumportscommand.xml,f73aa1855fb0ab976452d4ea3fbe6f5f0999ad82,CVE-2017-7494
484265150,Threekiii/Awesome-Exploit,Weblogic/weblogicScanner/stars/cve_2018_3252.py,f7566addba9f541e33880b56ae6c1df51437f9e6,CVE-2018-3252
484265150,Threekiii/Awesome-Exploit,Samba/CVE-2017-7494/src/source4/libnet/libnet_site.h,f7848ce1ad3a0cddcaa2b39a18decd5bc3d14ca4,CVE-2017-7494
484265150,Threekiii/Awesome-Exploit,Samba/CVE-2017-7494/src/source3/torture/test_buffersize.c,f78eb644177683dec9c06e0352e178e4a1148a81,CVE-2017-7494
484265150,Threekiii/Awesome-Exploit,Samba/CVE-2017-7494/src/source3/locking/proto.h,f7a49efaa3f8b32c62272ba68ef52131f2013067,CVE-2017-7494
484265150,Threekiii/Awesome-Exploit,Samba/CVE-2017-7494/src/examples/libsmbclient/testtruncate.c,f7a87c293367494c27f22ee5a66749c899a5d6fa,CVE-2017-7494
484265150,Threekiii/Awesome-Exploit,Samba/CVE-2017-7494/src/source4/libnet/libnet_user.h,f7ad6698cecff3b0797b40716cba9027bdbee4ed,CVE-2017-7494
484265150,Threekiii/Awesome-Exploit,Samba/CVE-2017-7494/src/librpc/ABI/ndr-0.0.2.sigs,f7b0e15e15f16947505d213e54b1cdf6fe6d6132,CVE-2017-7494
484265150,Threekiii/Awesome-Exploit,Samba/CVE-2017-7494/src/examples/perfcounter/perf_writer.c,f7ba1075ee5f66fdcefc2da22cf4f5663f833819,CVE-2017-7494
484265150,Threekiii/Awesome-Exploit,Samba/CVE-2017-7494/src/source3/utils/smbfilter.c,f7bb30255b6669d970c45cea5fcd99ee83cc1a13,CVE-2017-7494
484265150,Threekiii/Awesome-Exploit,Samba/CVE-2017-7494/src/docs-xml/smbdotconf/ldap/ldapmachinesuffix.xml,f7e20d0dbca3e3fc6f6b5daa8af8082b154ef880,CVE-2017-7494
484265150,Threekiii/Awesome-Exploit,Samba/CVE-2017-7494/src/source4/setup/provision_dnszones_partitions.ldif,f7f3e7fea1786efac61dde7a120732b1af8dedd0,CVE-2017-7494
484265150,Threekiii/Awesome-Exploit,Samba/CVE-2017-7494/src/docs-xml/smbdotconf/logging/debugclass.xml,f80cca70f67b71b67ac2e6b30a0b10093b639bdc,CVE-2017-7494
484265150,Threekiii/Awesome-Exploit,Samba/CVE-2017-7494/src/docs-xml/smbdotconf/winbind/winbindmaxclients.xml,f8195467b3121d73160c1cf3d64404936c884298,CVE-2017-7494
484265150,Threekiii/Awesome-Exploit,Samba/CVE-2017-7494/src/docs-xml/Samba3-HOWTO/TOSHARG-locking.xml,f82b3393771300049aa3e88213ce4d879466885e,CVE-2017-7494
484265150,Threekiii/Awesome-Exploit,Samba/CVE-2017-7494/src/docs-xml/smbdotconf/protocol/disablenetbios.xml,f830f7afe2c7c43209390d8968ab0b84b24fb019,CVE-2017-7494
484265150,Threekiii/Awesome-Exploit,Samba/CVE-2017-7494/src/source4/smbd/server.c,f8330ec3abc2af6f2db58975c83320c76ace6b6d,CVE-2017-7494
484265150,Threekiii/Awesome-Exploit,Samba/CVE-2017-7494/src/ctdb/tests/takeover/lcp2.022.sh,f8372f9a9e3682e274d39874310a2ce4ecfd94d0,CVE-2017-7494
484265150,Threekiii/Awesome-Exploit,Samba/CVE-2017-7494/src/source4/auth/ntlm/auth_anonymous.c,f83b7a6208f1916daf0dff31165aa54b7d6d4659,CVE-2017-7494
484265150,Threekiii/Awesome-Exploit,Samba/CVE-2017-7494/src/docs-xml/smbdotconf/tuning/usemmap.xml,f846d15b03143a16e5da6b44ceed12ae19abcda7,CVE-2017-7494
484265150,Threekiii/Awesome-Exploit,Samba/CVE-2017-7494/src/librpc/idl/scerpc.idl,f862474f39ef6f80d2f850c0942b155911f123e9,CVE-2017-7494
484265150,Threekiii/Awesome-Exploit,Samba/CVE-2017-7494/src/testprogs/win32/midltests/valid/midltests_union_align_03.txt,f872dbf7d06b42a11809d3e7b02e640ad21cdaaa,CVE-2017-7494
484265150,Threekiii/Awesome-Exploit,Samba/CVE-2017-7494/src/source3/smbd/notify_fam.c,f8787a0f0fd04b0770ab6863b634c3ebce61b8a2,CVE-2017-7494
484265150,Threekiii/Awesome-Exploit,Samba/CVE-2017-7494/src/selftest/gdb_backtrace_test.c,f8a0ec23090ce92143d3e427e03cb88d58de29b5,CVE-2017-7494
484265150,Threekiii/Awesome-Exploit,Samba/CVE-2017-7494/src/source4/heimdal/kuser/kuser_locl.h,f8ab29802ffd45a7c60c079263d1a5a8f218697e,CVE-2017-7494
484265150,Threekiii/Awesome-Exploit,Samba/CVE-2017-7494/src/python/samba/tests/dcerpc/registry.py,f8aba7745efb801b3790a1ef2d58ec3f1e6e4a9b,CVE-2017-7494
484265150,Threekiii/Awesome-Exploit,Samba/CVE-2017-7494/src/ctdb/tests/src/db_hash_test.c,f8b4d43f0db3918630544dd8cd603b83a6690022,CVE-2017-7494
484265150,Threekiii/Awesome-Exploit,Samba/CVE-2017-7494/src/source4/heimdal_build/vis.h,f8c460a38b36224f5d17ee6b7178a66b0baafa96,CVE-2017-7494
484265150,Threekiii/Awesome-Exploit,Samba/CVE-2017-7494/src/docs/manpages/eventlogadm.8,f8d88f6cf6597cdf0e94296dbc44f325230a9b1a,CVE-2017-7494
484265150,Threekiii/Awesome-Exploit,Samba/CVE-2017-7494/src/docs/manpages/vfs_fake_perms.8,f8dc56c93dd70a4bedcdab164b3c73072d20c03d,CVE-2017-7494
484265150,Threekiii/Awesome-Exploit,Samba/CVE-2017-7494/src/testsuite/build_farm/basicsmb-hostsequiv.test,f8fea9a77085490ab5bf5f7a7fa1dfddd1c4c5d5,CVE-2017-7494
484265150,Threekiii/Awesome-Exploit,Samba/CVE-2017-7494/src/source4/dsdb/tests/python/tombstone_reanimation.py,f918fb2462eb231d8bd52c2e5c79923df9501fdc,CVE-2017-7494
484265150,Threekiii/Awesome-Exploit,Samba/CVE-2017-7494/src/source4/setup/provision_dnszones_modify.ldif,f92ad127bdcc1ba7ee27ef11b6d2a7a6559f0c0f,CVE-2017-7494
484265150,Threekiii/Awesome-Exploit,Samba/CVE-2017-7494/src/libcli/smb/smb2_lease.c,f93a07657e5906a9796291e3ba5bc282798f1e27,CVE-2017-7494
484265150,Threekiii/Awesome-Exploit,Samba/CVE-2017-7494/src/ctdb/tests/eventscripts/11.natgw.025.sh,f9582aa6f68e72b47bc1ab93a16590a1279d650d,CVE-2017-7494
484265150,Threekiii/Awesome-Exploit,Samba/CVE-2017-7494/src/docs-xml/Samba3-HOWTO/TOSHARG-ConfigSmarts.xml,f96134118c54d5c1a766f85f119212a00627baec,CVE-2017-7494
484265150,Threekiii/Awesome-Exploit,Samba/CVE-2017-7494/src/testprogs/blackbox/demote-saveddb.sh,f962aa1f878f49a9a469250d2a889b7a558c1c0a,CVE-2017-7494
484265150,Threekiii/Awesome-Exploit,Samba/CVE-2017-7494/src/docs-xml/smbdotconf/security/algorithmicridbase.xml,f96fd2ecba567c83846693b1eaf068b3556b5a95,CVE-2017-7494
484265150,Threekiii/Awesome-Exploit,Samba/CVE-2017-7494/src/source4/heimdal_build/krb5-glue.c,f9719e9cf0461f919a1ccf51331c912185dfa71d,CVE-2017-7494
484265150,Threekiii/Awesome-Exploit,Samba/CVE-2017-7494/src/source3/include/idmap.h,f9821be2c373069fab38b8be600396f230d70987,CVE-2017-7494
484265150,Threekiii/Awesome-Exploit,Supervisord/CVE-2017-11610/CVE-2017-11610.py,f987a02237d9beaa22ddeaf223f3c349c3784083,CVE-2017-11610
484265150,Threekiii/Awesome-Exploit,Weblogic/WeblogicScan/app/plugins/CVE-2019-2725.py,f9b2a98c175ab36b304ab378e02be2cd1462c8e0,CVE-2019-2725
484265150,Threekiii/Awesome-Exploit,Samba/CVE-2017-7494/src/docs-xml/smbdotconf/ldap/ldapdeletedn.xml,f9bbcf736e8cb894c304495f4acab4a94f87af1a,CVE-2017-7494
484265150,Threekiii/Awesome-Exploit,Samba/CVE-2017-7494/src/source4/kdc/mit-kdb/kdb_samba.h,f9dc8628809e747bb8925d4d643eab7fa81b0d58,CVE-2017-7494
484265150,Threekiii/Awesome-Exploit,Samba/CVE-2017-7494/src/docs-xml/smbdotconf/security/inheritpermissions.xml,f9e8be69f9560fc908e54403751fbf4c81cab558,CVE-2017-7494
484265150,Threekiii/Awesome-Exploit,Samba/CVE-2017-7494/src/third_party/dnspython/dns/rdtypes/ANY/MX.py,fa01f018237472a2ed3572d121c999f578ed5110,CVE-2017-7494
484265150,Threekiii/Awesome-Exploit,Samba/CVE-2017-7494/src/source4/kdc/kpasswd-heimdal.c,fa0f24bc9a867802218aaa99aff06e5d69d93938,CVE-2017-7494
484265150,Threekiii/Awesome-Exploit,Samba/CVE-2017-7494/src/source4/ntvfs/cifs/README,fa1d89a3a66509e5aa4241eef8b47e1454ec9fbf,CVE-2017-7494
484265150,Threekiii/Awesome-Exploit,Samba/CVE-2017-7494/src/third_party/waf/wafadmin/Tools/lua.py,fa2f0c740dc4b1d67f2b84e96504492e7cfc75f0,CVE-2017-7494
484265150,Threekiii/Awesome-Exploit,Samba/CVE-2017-7494/src/examples/LDAP/get_next_oid,fa5042787377702cd111ae194dda194fa857b974,CVE-2017-7494
484265150,Threekiii/Awesome-Exploit,Samba/CVE-2017-7494/src/source3/passdb/pdb_secrets.h,fa5a7e0bd7120ad20c7e7fdf97636161ec600da8,CVE-2017-7494
484265150,Threekiii/Awesome-Exploit,Samba/CVE-2017-7494/src/docs-xml/manpages/vfs_readonly.8.xml,fa748a3279494938c4aa62be47643c51fa0ab32d,CVE-2017-7494
484265150,Threekiii/Awesome-Exploit,Weblogic/weblogicScanner/stars/__pycache__/cve_2019_2618.cpython-37.pyc,fa8587b3764111dc990f3d3e16bb47e97faf54cf,CVE-2018-2894
484265150,Threekiii/Awesome-Exploit,Weblogic/weblogicScanner/stars/__pycache__/cve_2019_2618.cpython-37.pyc,fa8587b3764111dc990f3d3e16bb47e97faf54cf,CVE-2019-2618
484265150,Threekiii/Awesome-Exploit,Samba/CVE-2017-7494/src/docs-xml/smbdotconf/security/lanmanauth.xml,fa8707718efd2c3c3bb3be4cdb106b7401c5b76f,CVE-2017-7494
484265150,Threekiii/Awesome-Exploit,Samba/CVE-2017-7494/src/source4/libnet/py_net.c,fa873c447a673947a69d02e0306a388bd6f849b7,CVE-2017-7494
484265150,Threekiii/Awesome-Exploit,Samba/CVE-2017-7494/src/source3/winbindd/winbindd_creds.c,fa9ca528220a96d64ae565e4b95f4f1bf5e85787,CVE-2017-7494
484265150,Threekiii/Awesome-Exploit,Samba/CVE-2017-7494/src/docs-xml/smbdotconf/misc/remoteannounce.xml,fa9d0142a093edd75017eb2930533ecd48cea1b7,CVE-2017-7494
484265150,Threekiii/Awesome-Exploit,Samba/CVE-2017-7494/src/tests/shared_mmap.c,fa9e7c63615a0870413234ea5726b004b1f4f8cb,CVE-2017-7494
484265150,Threekiii/Awesome-Exploit,Samba/CVE-2017-7494/src/source3/libsmb/clirap2.c,faa5ed1de6f64427afd92b23706b41c21c9cdacb,CVE-2017-7494
484265150,Threekiii/Awesome-Exploit,Samba/CVE-2017-7494/src/ctdb/tests/complex/11_ctdb_delip_removes_ip.sh,faa6c682b8475ebb85503eaab120e2872692020c,CVE-2017-7494
484265150,Threekiii/Awesome-Exploit,Samba/CVE-2017-7494/src/source3/services/svc_winreg_glue.c,fac154d6d96eade34143e38a78cd5bff92e7763c,CVE-2017-7494
484265150,Threekiii/Awesome-Exploit,Samba/CVE-2017-7494/src/ctdb/client/client_util.c,fad1b7eacd18a5ca26f0b8828121f4bec0101d95,CVE-2017-7494
484265150,Threekiii/Awesome-Exploit,Samba/CVE-2017-7494/src/docs-xml/smbdotconf/filename/maphidden.xml,fad6330765af6ed3d0637619868020cf7180b391,CVE-2017-7494
484265150,Threekiii/Awesome-Exploit,Samba/CVE-2017-7494/src/wintest/conf/tridge.conf,fae8f0dbc826f0b11c55528e1fa32a4577410c98,CVE-2017-7494
484265150,Threekiii/Awesome-Exploit,Samba/CVE-2017-7494/src/testprogs/win32/midltests/valid/midltests_union_align_11.idl,faeef14e739ec74c3b06f98dea60e8c958b72877,CVE-2017-7494
484265150,Threekiii/Awesome-Exploit,Samba/CVE-2017-7494/src/docs/manpages/ntlm_auth.1,faf20ed2774307efbb5155035b0b19f5c0d5ca10,CVE-2017-7494
484265150,Threekiii/Awesome-Exploit,Samba/CVE-2017-7494/src/third_party/zlib/contrib/ada/zlib-thin.ads,faf47e35174e1e76edb85ea602779084e535df69,CVE-2017-7494
484265150,Threekiii/Awesome-Exploit,Samba/CVE-2017-7494/src/ctdb/server/eventscript.c,fb0296937891dacb0578defda64aed75a90315b1,CVE-2017-7494
484265150,Threekiii/Awesome-Exploit,Neo4j/CVE-2021-34371/rhino_gadget/src/main/java/Utils/ClassFiles.java,fb0adf079243fb91fbecbb0da9817adb5cf3c9e5,CVE-2021-34371
484265150,Threekiii/Awesome-Exploit,Samba/CVE-2017-7494/src/source3/auth/auth_util.c,fb19b5963e9652ad8b6e442618fcd9aaacee7b1c,CVE-2017-7494
484265150,Threekiii/Awesome-Exploit,Samba/CVE-2017-7494/src/docs-xml/smbdotconf/misc/ctdblocktimewarnthreshold.xml,fb1d306e2bfcb9014e4870ab9bfc0f77ac639aa3,CVE-2017-7494
484265150,Threekiii/Awesome-Exploit,Samba/CVE-2017-7494/src/ctdb/tests/tool/ctdb.getdbstatus.001.sh,fb221c5844b36843f9343f7bcaba09639362c112,CVE-2017-7494
484265150,Threekiii/Awesome-Exploit,Samba/CVE-2017-7494/src/docs-xml/smbdotconf/filename/maparchive.xml,fb2a52f1f11590aade242ad7989151e0fda05285,CVE-2017-7494
484265150,Threekiii/Awesome-Exploit,Samba/CVE-2017-7494/src/testsuite/build_farm/torture-RW1.test,fb2d79e72ac8208a5b5047e5b2b5634f0f2feeff,CVE-2017-7494
484265150,Threekiii/Awesome-Exploit,Samba/CVE-2017-7494/src/source3/smbd/fake_file.c,fb30e583e2f04c5e5a3577a7e3e7756abd1a0458,CVE-2017-7494
484265150,Threekiii/Awesome-Exploit,Samba/CVE-2017-7494/src/source4/libcli/resolve/bcast.c,fb39601fe61b5cb9a6c93e89511d8ba0f78ee865,CVE-2017-7494
484265150,Threekiii/Awesome-Exploit,Samba/CVE-2017-7494/src/docs-xml/smbdotconf/misc/fssprunestale.xml,fb4aa99ce88d0bf8f7629bbe489ebef189dce9a8,CVE-2017-7494
484265150,Threekiii/Awesome-Exploit,Samba/CVE-2017-7494/src/third_party/dnspython/dns/rdtypes/IN/NAPTR.py,fb4c00ddf6a57dfacc00c8a7a5c6ad2c6502b6b0,CVE-2017-7494
484265150,Threekiii/Awesome-Exploit,Samba/CVE-2017-7494/src/ctdb/tests/takeover/lcp2.019.sh,fb779a65680b7be02ad5904fd79a060d0b843331,CVE-2017-7494
484265150,Threekiii/Awesome-Exploit,Samba/CVE-2017-7494/src/docs-xml/manpages/smbspool_krb5_wrapper.8.xml,fb7f7925650b94fe4e4705bfac0f36b87500381d,CVE-2017-7494
484265150,Threekiii/Awesome-Exploit,Samba/CVE-2017-7494/src/docs-xml/manpages/vfs_shell_snap.8.xml,fb9dba8b6901471ce28d23c417b1dc45c1644f68,CVE-2017-7494
484265150,Threekiii/Awesome-Exploit,Samba/CVE-2017-7494/src/libcli/echo/wscript_build,fb9ede14f9082c76b6b7550ac13a2289f649b9cb,CVE-2017-7494
484265150,Threekiii/Awesome-Exploit,Samba/CVE-2017-7494/src/ctdb/tests/takeover/nondet.002.sh,fba74ca8977cdd9e42b7855b93b32883617d7f4a,CVE-2017-7494
484265150,Threekiii/Awesome-Exploit,Samba/CVE-2017-7494/src/selftest/gnupg/pubring.gpg,fbb560d2351a26c301176084feb1ed607a1abef6,CVE-2017-7494
484265150,Threekiii/Awesome-Exploit,Samba/CVE-2017-7494/src/docs/manpages/idmap_autorid.8,fbb59ec62ebee841506385a42855162f91467dbf,CVE-2017-7494
484265150,Threekiii/Awesome-Exploit,Samba/CVE-2017-7494/src/source3/libsmb/clistr.c,fbbc60bb0b3c77c290c490cd6749281b839911bb,CVE-2017-7494
484265150,Threekiii/Awesome-Exploit,Samba/CVE-2017-7494/src/docs-xml/manpages/vfs_aio_fork.8.xml,fbbfb1792c7a028c86c2b56fac56e1bac98c2311,CVE-2017-7494
484265150,Threekiii/Awesome-Exploit,Samba/CVE-2017-7494/src/examples/pcap2nbench/ntcreateandxresponse.hpp,fbd73058feec4dcd6fc1cda8d92b2aaca42edf26,CVE-2017-7494
484265150,Threekiii/Awesome-Exploit,Samba/CVE-2017-7494/src/ctdb/tests/takeover/lcp2.021.sh,fbe0477fb5a147042edd6970f367573f0633a0bf,CVE-2017-7494
484265150,Threekiii/Awesome-Exploit,Samba/CVE-2017-7494/src/source3/include/mangle.h,fbe6b14d2485f6db15d45c556aea98ae0b250b55,CVE-2017-7494
484265150,Threekiii/Awesome-Exploit,Samba/CVE-2017-7494/src/ctdb/common/reqid.h,fbe6b923033e02ca0734aa6f303973b3fb491745,CVE-2017-7494
484265150,Threekiii/Awesome-Exploit,Samba/CVE-2017-7494/src/python/samba/tests/samba3sam.py,fbee9e6b93d13439b8450fb7991cae19ee55640b,CVE-2017-7494
484265150,Threekiii/Awesome-Exploit,Samba/CVE-2017-7494/src/source4/torture/rpc/samr_priv.c,fbf21934e04c46821b2ce77582b220686d9daeb7,CVE-2017-7494
484265150,Threekiii/Awesome-Exploit,Samba/CVE-2017-7494/src/python/samba/tests/dcerpc/sam.py,fc00e712e771b0d9f04ff1ce5f171fdc535efc26,CVE-2017-7494
484265150,Threekiii/Awesome-Exploit,Samba/CVE-2017-7494/src/ctdb/tests/onnode/0075.sh,fc02405d80977c40c7976e54b9c07d720d4dabda,CVE-2017-7494
484265150,Threekiii/Awesome-Exploit,Samba/CVE-2017-7494/src/docs-xml/xslt/sambadoc2pearson.xsl,fc03a9f060d625425bd09a90db07a94ef7175033,CVE-2017-7494
484265150,Threekiii/Awesome-Exploit,Samba/CVE-2017-7494/src/nsswitch/wb_common.c,fc073334e0e9a8cd03f89212e1ccb960dcccfb29,CVE-2017-7494
484265150,Threekiii/Awesome-Exploit,Samba/CVE-2017-7494/src/ctdb/server/ctdb_persistent.c,fc102deb19f68a21c41147cb90004bbdf715874b,CVE-2017-7494
484265150,Threekiii/Awesome-Exploit,Samba/CVE-2017-7494/src/testprogs/win32/rpcecho/rpcecho.acf,fc16e11997d86bf5f00690448574dd607817955c,CVE-2017-7494
484265150,Threekiii/Awesome-Exploit,Samba/CVE-2017-7494/src/source4/kdc/kpasswd_glue.c,fc259612d3e44bf5a7b21c986930ae54d13254ca,CVE-2017-7494
484265150,Threekiii/Awesome-Exploit,Samba/CVE-2017-7494/src/source3/rpc_server/samr/srv_samr_nt.c,fc263f0c981b9cba84d8fda860a980b18a048c4f,CVE-2017-7494
484265150,Threekiii/Awesome-Exploit,Samba/CVE-2017-7494/src/source4/dsdb/samdb/ldb_modules/simple_dn.c,fc2893fc624d25765838c4905d9c3b04127cb974,CVE-2017-7494
484265150,Threekiii/Awesome-Exploit,Samba/CVE-2017-7494/src/source3/smbd/notify.c,fc32084aa1337d5870dc6f67ba144ced9c7bb092,CVE-2017-7494
484265150,Threekiii/Awesome-Exploit,Samba/CVE-2017-7494/src/testsuite/build_farm/torture-RW2.test,fc33f6dc1b07b3b5be9b86a042f70e08f6e4b7a7,CVE-2017-7494
484265150,Threekiii/Awesome-Exploit,Samba/CVE-2017-7494/src/docs/manpages/smbpasswd.5,fc34368f8b0b3a359972f42e2c736ba228e008a3,CVE-2017-7494
484265150,Threekiii/Awesome-Exploit,Samba/CVE-2017-7494/src/source3/rpcclient/cmd_dfs.c,fc53fd594130cef8c6a7a4655c2b1fd6cecfb367,CVE-2017-7494
484265150,Threekiii/Awesome-Exploit,Samba/CVE-2017-7494/src/source4/scripting/devel/drs/vampire_ad.sh,fc8ead3cbac0235377b7f5362f2456c8de51b676,CVE-2017-7494
484265150,Threekiii/Awesome-Exploit,Samba/CVE-2017-7494/src/source3/libsmb/libsmb_compat.c,fc904b0a642ccd8d8848cb71ddd1378638aa3929,CVE-2017-7494
484265150,Threekiii/Awesome-Exploit,Samba/CVE-2017-7494/src/docs-xml/smbdotconf/base/netbiosscope.xml,fc9412afb8dbd4f4cc19b65f2ac7518e8c2d94e0,CVE-2017-7494
484265150,Threekiii/Awesome-Exploit,Samba/CVE-2017-7494/src/third_party/zlib/contrib/iostream2/zstream.h,fca4540d490fff36bb90fd801cf9cd8fc695bb17,CVE-2017-7494
484265150,Threekiii/Awesome-Exploit,Samba/CVE-2017-7494/src/docs-xml/xslt/expand-sambadoc.xsl,fcad966a95b3b829f3fc5cfd00fc493bfcbe1262,CVE-2017-7494
484265150,Threekiii/Awesome-Exploit,Samba/CVE-2017-7494/src/ctdb/tests/tool/ctdb.getdbstatus.002.sh,fcc783c8e032f033a7d8161e3761ff61a103f1f2,CVE-2017-7494
484265150,Threekiii/Awesome-Exploit,Samba/CVE-2017-7494/src/docs-xml/Samba3-HOWTO/TOSHARG-Problems.xml,fcd5641e9cd5577934978462703f4c58abf2aa2c,CVE-2017-7494
484265150,Threekiii/Awesome-Exploit,Samba/CVE-2017-7494/src/packaging/RHEL-CTDB/setup/swat.desktop,fcd6220d978dcdc0f894902f7d0194e33eef22ba,CVE-2017-7494
484265150,Threekiii/Awesome-Exploit,Weblogic/WeblogicScan/README.md,fcf1b145019f1441d3b25858afffc29ec2f6c209,CVE-2016-0638
484265150,Threekiii/Awesome-Exploit,Weblogic/WeblogicScan/README.md,fcf1b145019f1441d3b25858afffc29ec2f6c209,CVE-2018-2628
484265150,Threekiii/Awesome-Exploit,Weblogic/WeblogicScan/README.md,fcf1b145019f1441d3b25858afffc29ec2f6c209,CVE-2017-3506
484265150,Threekiii/Awesome-Exploit,Weblogic/WeblogicScan/README.md,fcf1b145019f1441d3b25858afffc29ec2f6c209,CVE-2018-2893
484265150,Threekiii/Awesome-Exploit,Weblogic/WeblogicScan/README.md,fcf1b145019f1441d3b25858afffc29ec2f6c209,CVE-2014-4210
484265150,Threekiii/Awesome-Exploit,Weblogic/WeblogicScan/README.md,fcf1b145019f1441d3b25858afffc29ec2f6c209,CVE-2017-3248
484265150,Threekiii/Awesome-Exploit,Weblogic/WeblogicScan/README.md,fcf1b145019f1441d3b25858afffc29ec2f6c209,CVE-2017-10271
484265150,Threekiii/Awesome-Exploit,Weblogic/WeblogicScan/README.md,fcf1b145019f1441d3b25858afffc29ec2f6c209,CVE-2018-2894
484265150,Threekiii/Awesome-Exploit,Weblogic/WeblogicScan/README.md,fcf1b145019f1441d3b25858afffc29ec2f6c209,CVE-2019-2729
484265150,Threekiii/Awesome-Exploit,Weblogic/WeblogicScan/README.md,fcf1b145019f1441d3b25858afffc29ec2f6c209,CVE-2019-2725
484265150,Threekiii/Awesome-Exploit,Weblogic/WeblogicScan/README.md,fcf1b145019f1441d3b25858afffc29ec2f6c209,CVE-2017-3428
484265150,Threekiii/Awesome-Exploit,Weblogic/WeblogicScan/README.md,fcf1b145019f1441d3b25858afffc29ec2f6c209,CVE-2019-2618
484265150,Threekiii/Awesome-Exploit,Weblogic/WeblogicScan/README.md,fcf1b145019f1441d3b25858afffc29ec2f6c209,CVE-2016-3510
484265150,Threekiii/Awesome-Exploit,Samba/CVE-2017-7494/src/libcli/smb/smb1cli_close.c,fcf9abed52a8ba53b2537b516d56173268ed33af,CVE-2017-7494
484265150,Threekiii/Awesome-Exploit,Samba/CVE-2017-7494/src/librpc/idl/smb_acl.idl,fd09db7f7f095279bf3d11f8bc8d7fd4289430f0,CVE-2017-7494
484265150,Threekiii/Awesome-Exploit,Samba/CVE-2017-7494/src/source4/libcli/raw/rawsetfileinfo.c,fd3ab9359f3aece82d164aae0f1028bf924d62d2,CVE-2017-7494
484265150,Threekiii/Awesome-Exploit,Samba/CVE-2017-7494/src/docs-xml/Samba3-Developers-Guide/gencache.xml,fd3ecd6b59aadc80c2806cc26851442f263756d6,CVE-2017-7494
484265150,Threekiii/Awesome-Exploit,Samba/CVE-2017-7494/src/source3/libsmb/wscript,fd484384306e724a9c7114d90afdb4b855c445a1,CVE-2017-7494
484265150,Threekiii/Awesome-Exploit,Samba/CVE-2017-7494/src/ctdb/tests/eventscripts/05.system.monitor.017.sh,fd5c691eccb2e8ce95ce12c0d52e5e2144f12076,CVE-2017-7494
484265150,Threekiii/Awesome-Exploit,Samba/CVE-2017-7494/src/source4/utils/tests/test_samba_tool.sh,fd88c5800d859233269a8bbb4504cb6497329e2a,CVE-2017-7494
484265150,Threekiii/Awesome-Exploit,Samba/CVE-2017-7494/src/docs-xml/registry/Win-2Kx-XPP-ForceLocalProfile.reg,fd8bb86a4be756d82bbf3ebe3dca10129707c5b0,CVE-2017-7494
484265150,Threekiii/Awesome-Exploit,Samba/CVE-2017-7494/src/source4/libcli/resolve/testsuite.c,fd8d67e3332f17dc21f8e6d46a5497ea2b8b1da0,CVE-2017-7494
484265150,Threekiii/Awesome-Exploit,Samba/CVE-2017-7494/src/source4/heimdal/base/heimqueue.h,fd942e68ef0105c91471d1a8b33cd95541fd9434,CVE-2017-7494
484265150,Threekiii/Awesome-Exploit,Samba/CVE-2017-7494/src/wscript,fda9cfe36983918f89af4fcde35b82648b6b83ea,CVE-2017-7494
484265150,Threekiii/Awesome-Exploit,Samba/CVE-2017-7494/src/docs-xml/smbdotconf/domain/dnsforwarder.xml,fdc0303d12be42befa11202dface836912c71686,CVE-2017-7494
484265150,Threekiii/Awesome-Exploit,Samba/CVE-2017-7494/src/ctdb/tests/simple/01_ctdb_version.sh,fdc4d1f217d2be04e6a047df5a002943818cabba,CVE-2017-7494
484265150,Threekiii/Awesome-Exploit,Samba/CVE-2017-7494/src/python/samba/tests/dcerpc/rpc_talloc.py,fdee8862b4adb0b09909716b4ce282066889bc16,CVE-2017-7494
484265150,Threekiii/Awesome-Exploit,Samba/CVE-2017-7494/src/third_party/dnspython/examples/e164.py,fdf0369839765082ddd0f6d7725d0cb874b0ccda,CVE-2017-7494
484265150,Threekiii/Awesome-Exploit,Samba/CVE-2017-7494/src/source3/auth/auth_domain.c,fe0224f29d16129b9d2ff8dcf897362b71ea51ca,CVE-2017-7494
484265150,Threekiii/Awesome-Exploit,Samba/CVE-2017-7494/src/source4/setup/provision_self_join_modify_config.ldif,fe1359e35dd4ed943a9e1db362f7927a753e1b6f,CVE-2017-7494
484265150,Threekiii/Awesome-Exploit,Samba/CVE-2017-7494/src/librpc/idl/wscript_build,fe45816b6f39f5f18ca139ad8894aabf7be02df5,CVE-2017-7494
484265150,Threekiii/Awesome-Exploit,Samba/CVE-2017-7494/src/third_party/dnspython/examples/zonediff.py,fe4d76dca2326b6b3f60098c728ec5d8b2eead69,CVE-2017-7494
484265150,Threekiii/Awesome-Exploit,Samba/CVE-2017-7494/src/ctdb/tests/tool/ctdb.unban.003.sh,fe4db98dc71b0df2dab8164a082aaac7620a5efb,CVE-2017-7494
484265150,Threekiii/Awesome-Exploit,Samba/CVE-2017-7494/src/docs-xml/smbdotconf/locking/level2oplocks.xml,fe5032a6246b03f52157576a1d1defdc0c96e85d,CVE-2017-7494
484265150,Threekiii/Awesome-Exploit,Samba/CVE-2017-7494/src/third_party/waf/wafadmin/Tools/cc.py,fe510d60205ecab3b2e610d8256f9a8733a6ee4e,CVE-2017-7494
484265150,Threekiii/Awesome-Exploit,Samba/CVE-2017-7494/src/source4/libcli/finddcs_nbt.c,fe52549f3921f858c71ec1487447eb8e812102a3,CVE-2017-7494
484265150,Threekiii/Awesome-Exploit,Samba/CVE-2017-7494/src/source3/utils/profiles.c,fe5a78377e351363625f669f2e9d39a47f8956d3,CVE-2017-7494
484265150,Threekiii/Awesome-Exploit,Samba/CVE-2017-7494/src/examples/pcap2nbench/writeandxrequest.cpp,fe61db3eed355aeb5254bd8edee880e810c07b84,CVE-2017-7494
484265150,Threekiii/Awesome-Exploit,Samba/CVE-2017-7494/src/source3/torture/wbc_async.c,fe6a686e45fd9c6e14f7d3a01d14f688f0857d94,CVE-2017-7494
484265150,Threekiii/Awesome-Exploit,Samba/CVE-2017-7494/src/source3/modules/nfs4_acls.h,fe715c9ca13119aa1195d18353e3ad19875a3e35,CVE-2017-7494
484265150,Threekiii/Awesome-Exploit,Samba/CVE-2017-7494/src/librpc/ndr/libndr.h,fe7d27e1629f1a28e9f4e1de97b691fcc5de6a0f,CVE-2017-7494
484265150,Threekiii/Awesome-Exploit,Samba/CVE-2017-7494/src/source4/ntvfs/cifs/vfs_cifs.c,fe9dcbca8a9fb3237665965555c82f2e4e45e77c,CVE-2017-7494
484265150,Threekiii/Awesome-Exploit,Samba/CVE-2017-7494/src/source3/winbindd/winbindd_getsidaliases.c,fea1f9e541e8da40e72958337e26d3db9ecb9660,CVE-2017-7494
484265150,Threekiii/Awesome-Exploit,Samba/CVE-2017-7494/src/ctdb/tests/simple/51_message_ring.sh,febb6a5a8d235d3886f79eb48ff147a82f2c90bb,CVE-2017-7494
484265150,Threekiii/Awesome-Exploit,Samba/CVE-2017-7494/src/libcli/security/sddl.h,fec31036f769510de9528fb659ea37f1a5844a02,CVE-2017-7494
484265150,Threekiii/Awesome-Exploit,Samba/CVE-2017-7494/src/source3/smbd/smbXsrv_client.c,fec7f4c34f5be816be38a3516f70a3e0223fd5c0,CVE-2017-7494
484265150,Threekiii/Awesome-Exploit,Samba/CVE-2017-7494/src/source3/libsmb/cli_smb2_fnum.c,fee9f32bfa9ed13fe8a94f7e3f03b639f2715813,CVE-2017-7494
484265150,Threekiii/Awesome-Exploit,Samba/CVE-2017-7494/src/wscript_build_system_heimdal,feea0aafdafa0390b97a04386e4d24ac33ff6c8f,CVE-2017-7494
484265150,Threekiii/Awesome-Exploit,Samba/CVE-2017-7494/src/ctdb/tests/src/porting_tests.c,fef5e1708d00efc506fb2f64aaaaa0711c976ba2,CVE-2017-7494
484265150,Threekiii/Awesome-Exploit,Samba/CVE-2017-7494/src/nsswitch/libwbclient/ABI/wbclient-0.12.sigs,fefe5171be4a82636c21791949948a911b704c61,CVE-2017-7494
484265150,Threekiii/Awesome-Exploit,Samba/CVE-2017-7494/src/source3/rpc_server/rpc_ncacn_np.h,ff00ebc8c2b9cbd83a8989689d0797bb6d592589,CVE-2017-7494
484265150,Threekiii/Awesome-Exploit,Samba/CVE-2017-7494/src/testdata/samba3/smbpasswd,ff070ff4ae7dcc05f2df2e2f1a04315c049b891c,CVE-2017-7494
484265150,Threekiii/Awesome-Exploit,Samba/CVE-2017-7494/src/docs/manpages/vfs_btrfs.8,ff0f28315b23f69def5bcabe8d030e0bfb3e0f9e,CVE-2017-7494
484265150,Threekiii/Awesome-Exploit,Samba/CVE-2017-7494/src/source4/setup/provision_computers_add.ldif,ff2e1ac5fbe76d0d6afcb87411ba0485c45818be,CVE-2017-7494
484265150,Threekiii/Awesome-Exploit,Samba/CVE-2017-7494/src/librpc/ndr/ndr_schannel.c,ff37205a9ee86b3dce51bad27767d7a5060a0869,CVE-2017-7494
484265150,Threekiii/Awesome-Exploit,Samba/CVE-2017-7494/src/source3/smbd/message.c,ff432a5e554a7de928de508c28ae8af4f0c0782d,CVE-2017-7494
484265150,Threekiii/Awesome-Exploit,Samba/CVE-2017-7494/src/libcli/security/display_sec.c,ff665161761a84bf377fc95e4a9bd50930b5d4b8,CVE-2017-7494
484265150,Threekiii/Awesome-Exploit,Samba/CVE-2017-7494/src/packaging/sysv/samba.init,ff6e56b2d292c70b271d0088d422e36b436751ed,CVE-2017-7494
484265150,Threekiii/Awesome-Exploit,Samba/CVE-2017-7494/src/examples/auth/crackcheck/crackcheck.c,ff78a0241f356b5113de5ce7012f645407c67e4e,CVE-2017-7494
484265150,Threekiii/Awesome-Exploit,Samba/CVE-2017-7494/src/docs/manpages/vfs_media_harmony.8,ff7b20eaf24ee903c1989f68a48e70bc8fc3c6e8,CVE-2017-7494
484265150,Threekiii/Awesome-Exploit,Samba/CVE-2017-7494/src/source4/torture/rpc/bind.c,ff7d15918f30cd63d94b77eddb7f33fff1541d46,CVE-2017-7494
484265150,Threekiii/Awesome-Exploit,Weblogic/weblogicScanner/stars/cve_2018_2894.py,ff7ea9360f13740d9d7ac875565d276dbab393f2,CVE-2018-2894
484265150,Threekiii/Awesome-Exploit,Samba/CVE-2017-7494/src/third_party/zlib/make_vms.com,ff8704600e34e9ebed205190b7882116274cf919,CVE-2017-7494
484265150,Threekiii/Awesome-Exploit,Samba/CVE-2017-7494/src/source3/libgpo/gpo_filesync.c,ff8cee7725313465409df1edfa2069554e6041d5,CVE-2017-7494
484265150,Threekiii/Awesome-Exploit,Samba/CVE-2017-7494/src/file_server/wscript_build,ffa2361468a8d7e57017222c0bd1f140303175cf,CVE-2017-7494
484265150,Threekiii/Awesome-Exploit,Samba/CVE-2017-7494/src/packaging/Solaris/prototype.master,ffb47f07c36ed34b8287cf443fc2e33995c51151,CVE-2017-7494
484265150,Threekiii/Awesome-Exploit,Samba/CVE-2017-7494/src/ctdb/packaging/RPM/ctdb.spec.in,ffb68dbd98cd48c30c63b173704334fafee08cfc,CVE-2017-7494
484265150,Threekiii/Awesome-Exploit,Samba/CVE-2017-7494/src/source4/web_server/web_server.h,ffb7d2c9747958d1ad902cca7b7f6e13ea864e37,CVE-2017-7494
484265150,Threekiii/Awesome-Exploit,Samba/CVE-2017-7494/src/ctdb/tests/eventscripts/11.natgw.015.sh,ffc0c76aadf0df1869d0698124ee098167e3c0a6,CVE-2017-7494
484265150,Threekiii/Awesome-Exploit,Samba/CVE-2017-7494/src/source3/winbindd/wb_xids2sids.c,ffc2eb219915969b133881317906d42ddc33286f,CVE-2017-7494
484265150,Threekiii/Awesome-Exploit,Samba/CVE-2017-7494/src/docs-xml/smbdotconf/locking/oplocks.xml,ffc815c1ae6d347b3f3d4a1dde094f2b6770dda0,CVE-2017-7494
484265150,Threekiii/Awesome-Exploit,Samba/CVE-2017-7494/src/source3/utils/net_registry_check.h,ffd6143a4de3f81c93dcfc2aeb8d347f323db555,CVE-2017-7494
484265150,Threekiii/Awesome-Exploit,Samba/CVE-2017-7494/src/third_party/waf/wafadmin/Tools/flex.py,ffd83c5d0868166ad10edfdef63282d4cdd172aa,CVE-2017-7494
484265150,Threekiii/Awesome-Exploit,Samba/CVE-2017-7494/src/third_party/dnspython/dns/tsig.py,ffd87d72f8a12e98b9cd01a5ffb9061fd1d719f4,CVE-2017-7494
484265150,Threekiii/Awesome-Exploit,Samba/CVE-2017-7494/src/buildtools/compare_install.sh,ffd9de96a9faf694392dbb5428cd68e91779acac,CVE-2017-7494
484265150,Threekiii/Awesome-Exploit,Samba/CVE-2017-7494/src/librpc/ndr_krb5pac.pc.in,fff25ac7224ace1c611dfc393f4a3ada42def856,CVE-2017-7494
