repo_id,repo_full_name,file,file_sha1,match
542105277,Saket-Upadhyay/CS6190-return-oriented-programming,Presentation/assets/DCC1FC04-511C-45C5-8E36-B34F152DF65A/assets/DCC1FC04-511C-45C5-8E36-B34F152DF65A.pdf,2057cd191ada396305d5c97eea646e38030506a5,VU#58
542105277,Saket-Upadhyay/CS6190-return-oriented-programming,Presentation/assets/718ED974-9D90-4FE9-ACB3-13441B9B55AD/assets/718ED974-9D90-4FE9-ACB3-13441B9B55AD.pdf,2860196515db5d0e6e4f4fe428301d741d245167,VU#27
542105277,Saket-Upadhyay/CS6190-return-oriented-programming,Presentation/assets/90ADB134-94A2-4EA4-A1CC-F080724DD5AC/assets/90ADB134-94A2-4EA4-A1CC-F080724DD5AC.pdfp,2ea2ffba5c6f13deac0b581f8ea6dc918a1df3e1,VU#3087
542105277,Saket-Upadhyay/CS6190-return-oriented-programming,Presentation/assets/90ADB134-94A2-4EA4-A1CC-F080724DD5AC/assets/90ADB134-94A2-4EA4-A1CC-F080724DD5AC.pdfp,2ea2ffba5c6f13deac0b581f8ea6dc918a1df3e1,VU#73
542105277,Saket-Upadhyay/CS6190-return-oriented-programming,Presentation/assets/90ADB134-94A2-4EA4-A1CC-F080724DD5AC/assets/90ADB134-94A2-4EA4-A1CC-F080724DD5AC.pdfp,2ea2ffba5c6f13deac0b581f8ea6dc918a1df3e1,VU#13
542105277,Saket-Upadhyay/CS6190-return-oriented-programming,Presentation/assets/90ADB134-94A2-4EA4-A1CC-F080724DD5AC/assets/90ADB134-94A2-4EA4-A1CC-F080724DD5AC.pdfp,2ea2ffba5c6f13deac0b581f8ea6dc918a1df3e1,VU#91
542105277,Saket-Upadhyay/CS6190-return-oriented-programming,Presentation/assets/90ADB134-94A2-4EA4-A1CC-F080724DD5AC/assets/90ADB134-94A2-4EA4-A1CC-F080724DD5AC.pdfp,2ea2ffba5c6f13deac0b581f8ea6dc918a1df3e1,VU#3664
542105277,Saket-Upadhyay/CS6190-return-oriented-programming,Presentation/assets/90ADB134-94A2-4EA4-A1CC-F080724DD5AC/assets/90ADB134-94A2-4EA4-A1CC-F080724DD5AC.pdfp,2ea2ffba5c6f13deac0b581f8ea6dc918a1df3e1,VU#1391
542105277,Saket-Upadhyay/CS6190-return-oriented-programming,Presentation/assets/90ADB134-94A2-4EA4-A1CC-F080724DD5AC/assets/90ADB134-94A2-4EA4-A1CC-F080724DD5AC.pdfp,2ea2ffba5c6f13deac0b581f8ea6dc918a1df3e1,VU#36
542105277,Saket-Upadhyay/CS6190-return-oriented-programming,Presentation/assets/90ADB134-94A2-4EA4-A1CC-F080724DD5AC/assets/90ADB134-94A2-4EA4-A1CC-F080724DD5AC.pdfp,2ea2ffba5c6f13deac0b581f8ea6dc918a1df3e1,VU#37
542105277,Saket-Upadhyay/CS6190-return-oriented-programming,Presentation/assets/90ADB134-94A2-4EA4-A1CC-F080724DD5AC/assets/90ADB134-94A2-4EA4-A1CC-F080724DD5AC.pdfp,2ea2ffba5c6f13deac0b581f8ea6dc918a1df3e1,VU#350
542105277,Saket-Upadhyay/CS6190-return-oriented-programming,Presentation/assets/90ADB134-94A2-4EA4-A1CC-F080724DD5AC/assets/90ADB134-94A2-4EA4-A1CC-F080724DD5AC.pdfp,2ea2ffba5c6f13deac0b581f8ea6dc918a1df3e1,VU#35
542105277,Saket-Upadhyay/CS6190-return-oriented-programming,Presentation/assets/90ADB134-94A2-4EA4-A1CC-F080724DD5AC/assets/90ADB134-94A2-4EA4-A1CC-F080724DD5AC.pdfp,2ea2ffba5c6f13deac0b581f8ea6dc918a1df3e1,VU#346
542105277,Saket-Upadhyay/CS6190-return-oriented-programming,Presentation/assets/90ADB134-94A2-4EA4-A1CC-F080724DD5AC/assets/90ADB134-94A2-4EA4-A1CC-F080724DD5AC.pdfp,2ea2ffba5c6f13deac0b581f8ea6dc918a1df3e1,VU#15
542105277,Saket-Upadhyay/CS6190-return-oriented-programming,Presentation/assets/90ADB134-94A2-4EA4-A1CC-F080724DD5AC/assets/90ADB134-94A2-4EA4-A1CC-F080724DD5AC.pdfp,2ea2ffba5c6f13deac0b581f8ea6dc918a1df3e1,VU#34
542105277,Saket-Upadhyay/CS6190-return-oriented-programming,Presentation/assets/90ADB134-94A2-4EA4-A1CC-F080724DD5AC/assets/90ADB134-94A2-4EA4-A1CC-F080724DD5AC.pdfp,2ea2ffba5c6f13deac0b581f8ea6dc918a1df3e1,VU#745
542105277,Saket-Upadhyay/CS6190-return-oriented-programming,Presentation/assets/90ADB134-94A2-4EA4-A1CC-F080724DD5AC/assets/90ADB134-94A2-4EA4-A1CC-F080724DD5AC.pdfp,2ea2ffba5c6f13deac0b581f8ea6dc918a1df3e1,VU#90
542105277,Saket-Upadhyay/CS6190-return-oriented-programming,Presentation/assets/90ADB134-94A2-4EA4-A1CC-F080724DD5AC/assets/90ADB134-94A2-4EA4-A1CC-F080724DD5AC.pdfp,2ea2ffba5c6f13deac0b581f8ea6dc918a1df3e1,VU#337
542105277,Saket-Upadhyay/CS6190-return-oriented-programming,Presentation/assets/90ADB134-94A2-4EA4-A1CC-F080724DD5AC/assets/90ADB134-94A2-4EA4-A1CC-F080724DD5AC.pdfp,2ea2ffba5c6f13deac0b581f8ea6dc918a1df3e1,VU#33
542105277,Saket-Upadhyay/CS6190-return-oriented-programming,Presentation/assets/90ADB134-94A2-4EA4-A1CC-F080724DD5AC/assets/90ADB134-94A2-4EA4-A1CC-F080724DD5AC.pdfp,2ea2ffba5c6f13deac0b581f8ea6dc918a1df3e1,VU#74
542105277,Saket-Upadhyay/CS6190-return-oriented-programming,Presentation/assets/90ADB134-94A2-4EA4-A1CC-F080724DD5AC/assets/90ADB134-94A2-4EA4-A1CC-F080724DD5AC.pdfp,2ea2ffba5c6f13deac0b581f8ea6dc918a1df3e1,VU#725
542105277,Saket-Upadhyay/CS6190-return-oriented-programming,Presentation/assets/90ADB134-94A2-4EA4-A1CC-F080724DD5AC/assets/90ADB134-94A2-4EA4-A1CC-F080724DD5AC.pdfp,2ea2ffba5c6f13deac0b581f8ea6dc918a1df3e1,VU#72
542105277,Saket-Upadhyay/CS6190-return-oriented-programming,Presentation/assets/90ADB134-94A2-4EA4-A1CC-F080724DD5AC/assets/90ADB134-94A2-4EA4-A1CC-F080724DD5AC.pdfp,2ea2ffba5c6f13deac0b581f8ea6dc918a1df3e1,VU#92
542105277,Saket-Upadhyay/CS6190-return-oriented-programming,Presentation/assets/90ADB134-94A2-4EA4-A1CC-F080724DD5AC/assets/90ADB134-94A2-4EA4-A1CC-F080724DD5AC.pdfp,2ea2ffba5c6f13deac0b581f8ea6dc918a1df3e1,VU#44
542105277,Saket-Upadhyay/CS6190-return-oriented-programming,Presentation/assets/90ADB134-94A2-4EA4-A1CC-F080724DD5AC/assets/90ADB134-94A2-4EA4-A1CC-F080724DD5AC.pdfp,2ea2ffba5c6f13deac0b581f8ea6dc918a1df3e1,VU#932
542105277,Saket-Upadhyay/CS6190-return-oriented-programming,Presentation/assets/90ADB134-94A2-4EA4-A1CC-F080724DD5AC/assets/90ADB134-94A2-4EA4-A1CC-F080724DD5AC.pdfp,2ea2ffba5c6f13deac0b581f8ea6dc918a1df3e1,VU#930
542105277,Saket-Upadhyay/CS6190-return-oriented-programming,Presentation/assets/90ADB134-94A2-4EA4-A1CC-F080724DD5AC/assets/90ADB134-94A2-4EA4-A1CC-F080724DD5AC.pdfp,2ea2ffba5c6f13deac0b581f8ea6dc918a1df3e1,VU#433
542105277,Saket-Upadhyay/CS6190-return-oriented-programming,Presentation/assets/90ADB134-94A2-4EA4-A1CC-F080724DD5AC/assets/90ADB134-94A2-4EA4-A1CC-F080724DD5AC.pdfp,2ea2ffba5c6f13deac0b581f8ea6dc918a1df3e1,VU#93
542105277,Saket-Upadhyay/CS6190-return-oriented-programming,Presentation/assets/90ADB134-94A2-4EA4-A1CC-F080724DD5AC/assets/90ADB134-94A2-4EA4-A1CC-F080724DD5AC.pdfp,2ea2ffba5c6f13deac0b581f8ea6dc918a1df3e1,VU#43
542105277,Saket-Upadhyay/CS6190-return-oriented-programming,Presentation/assets/90ADB134-94A2-4EA4-A1CC-F080724DD5AC/assets/90ADB134-94A2-4EA4-A1CC-F080724DD5AC.pdfp,2ea2ffba5c6f13deac0b581f8ea6dc918a1df3e1,VU#42
542105277,Saket-Upadhyay/CS6190-return-oriented-programming,Presentation/assets/90ADB134-94A2-4EA4-A1CC-F080724DD5AC/assets/90ADB134-94A2-4EA4-A1CC-F080724DD5AC.pdfp,2ea2ffba5c6f13deac0b581f8ea6dc918a1df3e1,VU#70
542105277,Saket-Upadhyay/CS6190-return-oriented-programming,Presentation/assets/90ADB134-94A2-4EA4-A1CC-F080724DD5AC/assets/90ADB134-94A2-4EA4-A1CC-F080724DD5AC.pdfp,2ea2ffba5c6f13deac0b581f8ea6dc918a1df3e1,VU#753
542105277,Saket-Upadhyay/CS6190-return-oriented-programming,Presentation/assets/90ADB134-94A2-4EA4-A1CC-F080724DD5AC/assets/90ADB134-94A2-4EA4-A1CC-F080724DD5AC.pdfp,2ea2ffba5c6f13deac0b581f8ea6dc918a1df3e1,VU#10
542105277,Saket-Upadhyay/CS6190-return-oriented-programming,Presentation/assets/90ADB134-94A2-4EA4-A1CC-F080724DD5AC/assets/90ADB134-94A2-4EA4-A1CC-F080724DD5AC.pdfp,2ea2ffba5c6f13deac0b581f8ea6dc918a1df3e1,VU#71
542105277,Saket-Upadhyay/CS6190-return-oriented-programming,Presentation/assets/90ADB134-94A2-4EA4-A1CC-F080724DD5AC/assets/90ADB134-94A2-4EA4-A1CC-F080724DD5AC.pdfp,2ea2ffba5c6f13deac0b581f8ea6dc918a1df3e1,VU#9297
542105277,Saket-Upadhyay/CS6190-return-oriented-programming,Presentation/assets/90ADB134-94A2-4EA4-A1CC-F080724DD5AC/assets/90ADB134-94A2-4EA4-A1CC-F080724DD5AC.pdfp,2ea2ffba5c6f13deac0b581f8ea6dc918a1df3e1,VU#11
542105277,Saket-Upadhyay/CS6190-return-oriented-programming,Presentation/assets/90ADB134-94A2-4EA4-A1CC-F080724DD5AC/assets/90ADB134-94A2-4EA4-A1CC-F080724DD5AC.pdfp,2ea2ffba5c6f13deac0b581f8ea6dc918a1df3e1,VU#927
542105277,Saket-Upadhyay/CS6190-return-oriented-programming,Presentation/assets/90ADB134-94A2-4EA4-A1CC-F080724DD5AC/assets/90ADB134-94A2-4EA4-A1CC-F080724DD5AC.pdfp,2ea2ffba5c6f13deac0b581f8ea6dc918a1df3e1,VU#229
542105277,Saket-Upadhyay/CS6190-return-oriented-programming,Presentation/assets/90ADB134-94A2-4EA4-A1CC-F080724DD5AC/assets/90ADB134-94A2-4EA4-A1CC-F080724DD5AC.pdfp,2ea2ffba5c6f13deac0b581f8ea6dc918a1df3e1,VU#39
542105277,Saket-Upadhyay/CS6190-return-oriented-programming,Presentation/assets/90ADB134-94A2-4EA4-A1CC-F080724DD5AC/assets/90ADB134-94A2-4EA4-A1CC-F080724DD5AC.pdfp,2ea2ffba5c6f13deac0b581f8ea6dc918a1df3e1,VU#38
542105277,Saket-Upadhyay/CS6190-return-oriented-programming,Presentation/assets/90ADB134-94A2-4EA4-A1CC-F080724DD5AC/assets/90ADB134-94A2-4EA4-A1CC-F080724DD5AC.pdfp,2ea2ffba5c6f13deac0b581f8ea6dc918a1df3e1,VU#12
542105277,Saket-Upadhyay/CS6190-return-oriented-programming,Presentation/assets/90ADB134-94A2-4EA4-A1CC-F080724DD5AC/assets/90ADB134-94A2-4EA4-A1CC-F080724DD5AC.pdfp,2ea2ffba5c6f13deac0b581f8ea6dc918a1df3e1,VU#40
542105277,Saket-Upadhyay/CS6190-return-oriented-programming,Presentation/assets/90ADB134-94A2-4EA4-A1CC-F080724DD5AC/assets/90ADB134-94A2-4EA4-A1CC-F080724DD5AC.pdfp,2ea2ffba5c6f13deac0b581f8ea6dc918a1df3e1,VU#1575
542105277,Saket-Upadhyay/CS6190-return-oriented-programming,Presentation/assets/90ADB134-94A2-4EA4-A1CC-F080724DD5AC/assets/90ADB134-94A2-4EA4-A1CC-F080724DD5AC.pdfp,2ea2ffba5c6f13deac0b581f8ea6dc918a1df3e1,VU#322
542105277,Saket-Upadhyay/CS6190-return-oriented-programming,Presentation/assets/90ADB134-94A2-4EA4-A1CC-F080724DD5AC/assets/90ADB134-94A2-4EA4-A1CC-F080724DD5AC.pdfp,2ea2ffba5c6f13deac0b581f8ea6dc918a1df3e1,VU#16
542105277,Saket-Upadhyay/CS6190-return-oriented-programming,Presentation/assets/90ADB134-94A2-4EA4-A1CC-F080724DD5AC/assets/90ADB134-94A2-4EA4-A1CC-F080724DD5AC.pdfp,2ea2ffba5c6f13deac0b581f8ea6dc918a1df3e1,VU#80
542105277,Saket-Upadhyay/CS6190-return-oriented-programming,Presentation/assets/90ADB134-94A2-4EA4-A1CC-F080724DD5AC/assets/90ADB134-94A2-4EA4-A1CC-F080724DD5AC.pdfp,2ea2ffba5c6f13deac0b581f8ea6dc918a1df3e1,VU#194
542105277,Saket-Upadhyay/CS6190-return-oriented-programming,Presentation/assets/90ADB134-94A2-4EA4-A1CC-F080724DD5AC/assets/90ADB134-94A2-4EA4-A1CC-F080724DD5AC.pdfp,2ea2ffba5c6f13deac0b581f8ea6dc918a1df3e1,VU#198
542105277,Saket-Upadhyay/CS6190-return-oriented-programming,Presentation/assets/90ADB134-94A2-4EA4-A1CC-F080724DD5AC/assets/90ADB134-94A2-4EA4-A1CC-F080724DD5AC.pdfp,2ea2ffba5c6f13deac0b581f8ea6dc918a1df3e1,VU#867
542105277,Saket-Upadhyay/CS6190-return-oriented-programming,Presentation/assets/90ADB134-94A2-4EA4-A1CC-F080724DD5AC/assets/90ADB134-94A2-4EA4-A1CC-F080724DD5AC.pdfp,2ea2ffba5c6f13deac0b581f8ea6dc918a1df3e1,VU#804
542105277,Saket-Upadhyay/CS6190-return-oriented-programming,Presentation/assets/90ADB134-94A2-4EA4-A1CC-F080724DD5AC/assets/90ADB134-94A2-4EA4-A1CC-F080724DD5AC.pdfp,2ea2ffba5c6f13deac0b581f8ea6dc918a1df3e1,VU#864
542105277,Saket-Upadhyay/CS6190-return-oriented-programming,Presentation/assets/90ADB134-94A2-4EA4-A1CC-F080724DD5AC/assets/90ADB134-94A2-4EA4-A1CC-F080724DD5AC.pdfp,2ea2ffba5c6f13deac0b581f8ea6dc918a1df3e1,VU#25
542105277,Saket-Upadhyay/CS6190-return-oriented-programming,Presentation/assets/90ADB134-94A2-4EA4-A1CC-F080724DD5AC/assets/90ADB134-94A2-4EA4-A1CC-F080724DD5AC.pdfp,2ea2ffba5c6f13deac0b581f8ea6dc918a1df3e1,VU#81
542105277,Saket-Upadhyay/CS6190-return-oriented-programming,Presentation/assets/90ADB134-94A2-4EA4-A1CC-F080724DD5AC/assets/90ADB134-94A2-4EA4-A1CC-F080724DD5AC.pdfp,2ea2ffba5c6f13deac0b581f8ea6dc918a1df3e1,VU#20
542105277,Saket-Upadhyay/CS6190-return-oriented-programming,Presentation/assets/90ADB134-94A2-4EA4-A1CC-F080724DD5AC/assets/90ADB134-94A2-4EA4-A1CC-F080724DD5AC.pdfp,2ea2ffba5c6f13deac0b581f8ea6dc918a1df3e1,VU#86
542105277,Saket-Upadhyay/CS6190-return-oriented-programming,Presentation/assets/90ADB134-94A2-4EA4-A1CC-F080724DD5AC/assets/90ADB134-94A2-4EA4-A1CC-F080724DD5AC.pdfp,2ea2ffba5c6f13deac0b581f8ea6dc918a1df3e1,VU#24
542105277,Saket-Upadhyay/CS6190-return-oriented-programming,Presentation/assets/90ADB134-94A2-4EA4-A1CC-F080724DD5AC/assets/90ADB134-94A2-4EA4-A1CC-F080724DD5AC.pdfp,2ea2ffba5c6f13deac0b581f8ea6dc918a1df3e1,VU#859
542105277,Saket-Upadhyay/CS6190-return-oriented-programming,Presentation/assets/90ADB134-94A2-4EA4-A1CC-F080724DD5AC/assets/90ADB134-94A2-4EA4-A1CC-F080724DD5AC.pdfp,2ea2ffba5c6f13deac0b581f8ea6dc918a1df3e1,VU#21
542105277,Saket-Upadhyay/CS6190-return-oriented-programming,Presentation/assets/90ADB134-94A2-4EA4-A1CC-F080724DD5AC/assets/90ADB134-94A2-4EA4-A1CC-F080724DD5AC.pdfp,2ea2ffba5c6f13deac0b581f8ea6dc918a1df3e1,VU#851
542105277,Saket-Upadhyay/CS6190-return-oriented-programming,Presentation/assets/90ADB134-94A2-4EA4-A1CC-F080724DD5AC/assets/90ADB134-94A2-4EA4-A1CC-F080724DD5AC.pdfp,2ea2ffba5c6f13deac0b581f8ea6dc918a1df3e1,VU#83
542105277,Saket-Upadhyay/CS6190-return-oriented-programming,Presentation/assets/90ADB134-94A2-4EA4-A1CC-F080724DD5AC/assets/90ADB134-94A2-4EA4-A1CC-F080724DD5AC.pdfp,2ea2ffba5c6f13deac0b581f8ea6dc918a1df3e1,VU#85
542105277,Saket-Upadhyay/CS6190-return-oriented-programming,Presentation/assets/90ADB134-94A2-4EA4-A1CC-F080724DD5AC/assets/90ADB134-94A2-4EA4-A1CC-F080724DD5AC.pdfp,2ea2ffba5c6f13deac0b581f8ea6dc918a1df3e1,VU#23
542105277,Saket-Upadhyay/CS6190-return-oriented-programming,Presentation/assets/90ADB134-94A2-4EA4-A1CC-F080724DD5AC/assets/90ADB134-94A2-4EA4-A1CC-F080724DD5AC.pdfp,2ea2ffba5c6f13deac0b581f8ea6dc918a1df3e1,VU#26
542105277,Saket-Upadhyay/CS6190-return-oriented-programming,Presentation/assets/90ADB134-94A2-4EA4-A1CC-F080724DD5AC/assets/90ADB134-94A2-4EA4-A1CC-F080724DD5AC.pdfp,2ea2ffba5c6f13deac0b581f8ea6dc918a1df3e1,VU#6968
542105277,Saket-Upadhyay/CS6190-return-oriented-programming,Presentation/assets/90ADB134-94A2-4EA4-A1CC-F080724DD5AC/assets/90ADB134-94A2-4EA4-A1CC-F080724DD5AC.pdfp,2ea2ffba5c6f13deac0b581f8ea6dc918a1df3e1,VU#797
542105277,Saket-Upadhyay/CS6190-return-oriented-programming,Presentation/assets/90ADB134-94A2-4EA4-A1CC-F080724DD5AC/assets/90ADB134-94A2-4EA4-A1CC-F080724DD5AC.pdfp,2ea2ffba5c6f13deac0b581f8ea6dc918a1df3e1,VU#19
542105277,Saket-Upadhyay/CS6190-return-oriented-programming,Presentation/assets/90ADB134-94A2-4EA4-A1CC-F080724DD5AC/assets/90ADB134-94A2-4EA4-A1CC-F080724DD5AC.pdfp,2ea2ffba5c6f13deac0b581f8ea6dc918a1df3e1,VU#32
542105277,Saket-Upadhyay/CS6190-return-oriented-programming,Presentation/assets/90ADB134-94A2-4EA4-A1CC-F080724DD5AC/assets/90ADB134-94A2-4EA4-A1CC-F080724DD5AC.pdfp,2ea2ffba5c6f13deac0b581f8ea6dc918a1df3e1,VU#76
542105277,Saket-Upadhyay/CS6190-return-oriented-programming,Presentation/assets/90ADB134-94A2-4EA4-A1CC-F080724DD5AC/assets/90ADB134-94A2-4EA4-A1CC-F080724DD5AC.pdfp,2ea2ffba5c6f13deac0b581f8ea6dc918a1df3e1,VU#31
542105277,Saket-Upadhyay/CS6190-return-oriented-programming,Presentation/assets/90ADB134-94A2-4EA4-A1CC-F080724DD5AC/assets/90ADB134-94A2-4EA4-A1CC-F080724DD5AC.pdfp,2ea2ffba5c6f13deac0b581f8ea6dc918a1df3e1,VU#89
542105277,Saket-Upadhyay/CS6190-return-oriented-programming,Presentation/assets/90ADB134-94A2-4EA4-A1CC-F080724DD5AC/assets/90ADB134-94A2-4EA4-A1CC-F080724DD5AC.pdfp,2ea2ffba5c6f13deac0b581f8ea6dc918a1df3e1,VU#77
542105277,Saket-Upadhyay/CS6190-return-oriented-programming,Presentation/assets/90ADB134-94A2-4EA4-A1CC-F080724DD5AC/assets/90ADB134-94A2-4EA4-A1CC-F080724DD5AC.pdfp,2ea2ffba5c6f13deac0b581f8ea6dc918a1df3e1,VU#17
542105277,Saket-Upadhyay/CS6190-return-oriented-programming,Presentation/assets/90ADB134-94A2-4EA4-A1CC-F080724DD5AC/assets/90ADB134-94A2-4EA4-A1CC-F080724DD5AC.pdfp,2ea2ffba5c6f13deac0b581f8ea6dc918a1df3e1,VU#30
542105277,Saket-Upadhyay/CS6190-return-oriented-programming,Presentation/assets/90ADB134-94A2-4EA4-A1CC-F080724DD5AC/assets/90ADB134-94A2-4EA4-A1CC-F080724DD5AC.pdfp,2ea2ffba5c6f13deac0b581f8ea6dc918a1df3e1,VU#779
542105277,Saket-Upadhyay/CS6190-return-oriented-programming,Presentation/assets/90ADB134-94A2-4EA4-A1CC-F080724DD5AC/assets/90ADB134-94A2-4EA4-A1CC-F080724DD5AC.pdfp,2ea2ffba5c6f13deac0b581f8ea6dc918a1df3e1,VU#293
542105277,Saket-Upadhyay/CS6190-return-oriented-programming,Presentation/assets/90ADB134-94A2-4EA4-A1CC-F080724DD5AC/assets/90ADB134-94A2-4EA4-A1CC-F080724DD5AC.pdfp,2ea2ffba5c6f13deac0b581f8ea6dc918a1df3e1,VU#29
542105277,Saket-Upadhyay/CS6190-return-oriented-programming,Presentation/assets/90ADB134-94A2-4EA4-A1CC-F080724DD5AC/assets/90ADB134-94A2-4EA4-A1CC-F080724DD5AC.pdfp,2ea2ffba5c6f13deac0b581f8ea6dc918a1df3e1,VU#18
542105277,Saket-Upadhyay/CS6190-return-oriented-programming,Presentation/assets/90ADB134-94A2-4EA4-A1CC-F080724DD5AC/assets/90ADB134-94A2-4EA4-A1CC-F080724DD5AC.pdfp,2ea2ffba5c6f13deac0b581f8ea6dc918a1df3e1,VU#78
542105277,Saket-Upadhyay/CS6190-return-oriented-programming,Presentation/assets/90ADB134-94A2-4EA4-A1CC-F080724DD5AC/assets/90ADB134-94A2-4EA4-A1CC-F080724DD5AC.pdfp,2ea2ffba5c6f13deac0b581f8ea6dc918a1df3e1,VU#88
542105277,Saket-Upadhyay/CS6190-return-oriented-programming,Presentation/assets/90ADB134-94A2-4EA4-A1CC-F080724DD5AC/assets/90ADB134-94A2-4EA4-A1CC-F080724DD5AC.pdfp,2ea2ffba5c6f13deac0b581f8ea6dc918a1df3e1,VU#7859
542105277,Saket-Upadhyay/CS6190-return-oriented-programming,Presentation/assets/90ADB134-94A2-4EA4-A1CC-F080724DD5AC/assets/90ADB134-94A2-4EA4-A1CC-F080724DD5AC.pdfp,2ea2ffba5c6f13deac0b581f8ea6dc918a1df3e1,VU#284
542105277,Saket-Upadhyay/CS6190-return-oriented-programming,Presentation/assets/90ADB134-94A2-4EA4-A1CC-F080724DD5AC/assets/90ADB134-94A2-4EA4-A1CC-F080724DD5AC.pdfp,2ea2ffba5c6f13deac0b581f8ea6dc918a1df3e1,VU#28
542105277,Saket-Upadhyay/CS6190-return-oriented-programming,Presentation/assets/90ADB134-94A2-4EA4-A1CC-F080724DD5AC/assets/90ADB134-94A2-4EA4-A1CC-F080724DD5AC.pdfp,2ea2ffba5c6f13deac0b581f8ea6dc918a1df3e1,VU#87
542105277,Saket-Upadhyay/CS6190-return-oriented-programming,Presentation/assets/90ADB134-94A2-4EA4-A1CC-F080724DD5AC/assets/90ADB134-94A2-4EA4-A1CC-F080724DD5AC.pdfp,2ea2ffba5c6f13deac0b581f8ea6dc918a1df3e1,VU#2641
542105277,Saket-Upadhyay/CS6190-return-oriented-programming,Presentation/assets/90ADB134-94A2-4EA4-A1CC-F080724DD5AC/assets/90ADB134-94A2-4EA4-A1CC-F080724DD5AC.pdfp,2ea2ffba5c6f13deac0b581f8ea6dc918a1df3e1,VU#09
542105277,Saket-Upadhyay/CS6190-return-oriented-programming,Presentation/assets/90ADB134-94A2-4EA4-A1CC-F080724DD5AC/assets/90ADB134-94A2-4EA4-A1CC-F080724DD5AC.pdfp,2ea2ffba5c6f13deac0b581f8ea6dc918a1df3e1,VU#84
542105277,Saket-Upadhyay/CS6190-return-oriented-programming,Presentation/assets/90ADB134-94A2-4EA4-A1CC-F080724DD5AC/assets/90ADB134-94A2-4EA4-A1CC-F080724DD5AC.pdfp,2ea2ffba5c6f13deac0b581f8ea6dc918a1df3e1,VU#618
542105277,Saket-Upadhyay/CS6190-return-oriented-programming,Presentation/assets/90ADB134-94A2-4EA4-A1CC-F080724DD5AC/assets/90ADB134-94A2-4EA4-A1CC-F080724DD5AC.pdfp,2ea2ffba5c6f13deac0b581f8ea6dc918a1df3e1,VU#55
542105277,Saket-Upadhyay/CS6190-return-oriented-programming,Presentation/assets/90ADB134-94A2-4EA4-A1CC-F080724DD5AC/assets/90ADB134-94A2-4EA4-A1CC-F080724DD5AC.pdfp,2ea2ffba5c6f13deac0b581f8ea6dc918a1df3e1,VU#06
542105277,Saket-Upadhyay/CS6190-return-oriented-programming,Presentation/assets/90ADB134-94A2-4EA4-A1CC-F080724DD5AC/assets/90ADB134-94A2-4EA4-A1CC-F080724DD5AC.pdfp,2ea2ffba5c6f13deac0b581f8ea6dc918a1df3e1,VU#5852
542105277,Saket-Upadhyay/CS6190-return-oriented-programming,Presentation/assets/90ADB134-94A2-4EA4-A1CC-F080724DD5AC/assets/90ADB134-94A2-4EA4-A1CC-F080724DD5AC.pdfp,2ea2ffba5c6f13deac0b581f8ea6dc918a1df3e1,VU#97
542105277,Saket-Upadhyay/CS6190-return-oriented-programming,Presentation/assets/90ADB134-94A2-4EA4-A1CC-F080724DD5AC/assets/90ADB134-94A2-4EA4-A1CC-F080724DD5AC.pdfp,2ea2ffba5c6f13deac0b581f8ea6dc918a1df3e1,VU#58
542105277,Saket-Upadhyay/CS6190-return-oriented-programming,Presentation/assets/90ADB134-94A2-4EA4-A1CC-F080724DD5AC/assets/90ADB134-94A2-4EA4-A1CC-F080724DD5AC.pdfp,2ea2ffba5c6f13deac0b581f8ea6dc918a1df3e1,VU#666
542105277,Saket-Upadhyay/CS6190-return-oriented-programming,Presentation/assets/90ADB134-94A2-4EA4-A1CC-F080724DD5AC/assets/90ADB134-94A2-4EA4-A1CC-F080724DD5AC.pdfp,2ea2ffba5c6f13deac0b581f8ea6dc918a1df3e1,VU#9513
542105277,Saket-Upadhyay/CS6190-return-oriented-programming,Presentation/assets/90ADB134-94A2-4EA4-A1CC-F080724DD5AC/assets/90ADB134-94A2-4EA4-A1CC-F080724DD5AC.pdfp,2ea2ffba5c6f13deac0b581f8ea6dc918a1df3e1,VU#48
542105277,Saket-Upadhyay/CS6190-return-oriented-programming,Presentation/assets/90ADB134-94A2-4EA4-A1CC-F080724DD5AC/assets/90ADB134-94A2-4EA4-A1CC-F080724DD5AC.pdfp,2ea2ffba5c6f13deac0b581f8ea6dc918a1df3e1,VU#66
542105277,Saket-Upadhyay/CS6190-return-oriented-programming,Presentation/assets/90ADB134-94A2-4EA4-A1CC-F080724DD5AC/assets/90ADB134-94A2-4EA4-A1CC-F080724DD5AC.pdfp,2ea2ffba5c6f13deac0b581f8ea6dc918a1df3e1,VU#54
542105277,Saket-Upadhyay/CS6190-return-oriented-programming,Presentation/assets/90ADB134-94A2-4EA4-A1CC-F080724DD5AC/assets/90ADB134-94A2-4EA4-A1CC-F080724DD5AC.pdfp,2ea2ffba5c6f13deac0b581f8ea6dc918a1df3e1,VU#483
542105277,Saket-Upadhyay/CS6190-return-oriented-programming,Presentation/assets/90ADB134-94A2-4EA4-A1CC-F080724DD5AC/assets/90ADB134-94A2-4EA4-A1CC-F080724DD5AC.pdfp,2ea2ffba5c6f13deac0b581f8ea6dc918a1df3e1,VU#489
542105277,Saket-Upadhyay/CS6190-return-oriented-programming,Presentation/assets/90ADB134-94A2-4EA4-A1CC-F080724DD5AC/assets/90ADB134-94A2-4EA4-A1CC-F080724DD5AC.pdfp,2ea2ffba5c6f13deac0b581f8ea6dc918a1df3e1,VU#648
542105277,Saket-Upadhyay/CS6190-return-oriented-programming,Presentation/assets/90ADB134-94A2-4EA4-A1CC-F080724DD5AC/assets/90ADB134-94A2-4EA4-A1CC-F080724DD5AC.pdfp,2ea2ffba5c6f13deac0b581f8ea6dc918a1df3e1,VU#573
542105277,Saket-Upadhyay/CS6190-return-oriented-programming,Presentation/assets/90ADB134-94A2-4EA4-A1CC-F080724DD5AC/assets/90ADB134-94A2-4EA4-A1CC-F080724DD5AC.pdfp,2ea2ffba5c6f13deac0b581f8ea6dc918a1df3e1,VU#57
542105277,Saket-Upadhyay/CS6190-return-oriented-programming,Presentation/assets/90ADB134-94A2-4EA4-A1CC-F080724DD5AC/assets/90ADB134-94A2-4EA4-A1CC-F080724DD5AC.pdfp,2ea2ffba5c6f13deac0b581f8ea6dc918a1df3e1,VU#654
542105277,Saket-Upadhyay/CS6190-return-oriented-programming,Presentation/assets/90ADB134-94A2-4EA4-A1CC-F080724DD5AC/assets/90ADB134-94A2-4EA4-A1CC-F080724DD5AC.pdfp,2ea2ffba5c6f13deac0b581f8ea6dc918a1df3e1,VU#49
542105277,Saket-Upadhyay/CS6190-return-oriented-programming,Presentation/assets/90ADB134-94A2-4EA4-A1CC-F080724DD5AC/assets/90ADB134-94A2-4EA4-A1CC-F080724DD5AC.pdfp,2ea2ffba5c6f13deac0b581f8ea6dc918a1df3e1,VU#64
542105277,Saket-Upadhyay/CS6190-return-oriented-programming,Presentation/assets/90ADB134-94A2-4EA4-A1CC-F080724DD5AC/assets/90ADB134-94A2-4EA4-A1CC-F080724DD5AC.pdfp,2ea2ffba5c6f13deac0b581f8ea6dc918a1df3e1,VU#640
542105277,Saket-Upadhyay/CS6190-return-oriented-programming,Presentation/assets/90ADB134-94A2-4EA4-A1CC-F080724DD5AC/assets/90ADB134-94A2-4EA4-A1CC-F080724DD5AC.pdfp,2ea2ffba5c6f13deac0b581f8ea6dc918a1df3e1,VU#496
542105277,Saket-Upadhyay/CS6190-return-oriented-programming,Presentation/assets/90ADB134-94A2-4EA4-A1CC-F080724DD5AC/assets/90ADB134-94A2-4EA4-A1CC-F080724DD5AC.pdfp,2ea2ffba5c6f13deac0b581f8ea6dc918a1df3e1,VU#69
542105277,Saket-Upadhyay/CS6190-return-oriented-programming,Presentation/assets/90ADB134-94A2-4EA4-A1CC-F080724DD5AC/assets/90ADB134-94A2-4EA4-A1CC-F080724DD5AC.pdfp,2ea2ffba5c6f13deac0b581f8ea6dc918a1df3e1,VU#05
542105277,Saket-Upadhyay/CS6190-return-oriented-programming,Presentation/assets/90ADB134-94A2-4EA4-A1CC-F080724DD5AC/assets/90ADB134-94A2-4EA4-A1CC-F080724DD5AC.pdfp,2ea2ffba5c6f13deac0b581f8ea6dc918a1df3e1,VU#56
542105277,Saket-Upadhyay/CS6190-return-oriented-programming,Presentation/assets/90ADB134-94A2-4EA4-A1CC-F080724DD5AC/assets/90ADB134-94A2-4EA4-A1CC-F080724DD5AC.pdfp,2ea2ffba5c6f13deac0b581f8ea6dc918a1df3e1,VU#50
542105277,Saket-Upadhyay/CS6190-return-oriented-programming,Presentation/assets/90ADB134-94A2-4EA4-A1CC-F080724DD5AC/assets/90ADB134-94A2-4EA4-A1CC-F080724DD5AC.pdfp,2ea2ffba5c6f13deac0b581f8ea6dc918a1df3e1,VU#96
542105277,Saket-Upadhyay/CS6190-return-oriented-programming,Presentation/assets/90ADB134-94A2-4EA4-A1CC-F080724DD5AC/assets/90ADB134-94A2-4EA4-A1CC-F080724DD5AC.pdfp,2ea2ffba5c6f13deac0b581f8ea6dc918a1df3e1,VU#503
542105277,Saket-Upadhyay/CS6190-return-oriented-programming,Presentation/assets/90ADB134-94A2-4EA4-A1CC-F080724DD5AC/assets/90ADB134-94A2-4EA4-A1CC-F080724DD5AC.pdfp,2ea2ffba5c6f13deac0b581f8ea6dc918a1df3e1,VU#02
542105277,Saket-Upadhyay/CS6190-return-oriented-programming,Presentation/assets/90ADB134-94A2-4EA4-A1CC-F080724DD5AC/assets/90ADB134-94A2-4EA4-A1CC-F080724DD5AC.pdfp,2ea2ffba5c6f13deac0b581f8ea6dc918a1df3e1,VU#471
542105277,Saket-Upadhyay/CS6190-return-oriented-programming,Presentation/assets/90ADB134-94A2-4EA4-A1CC-F080724DD5AC/assets/90ADB134-94A2-4EA4-A1CC-F080724DD5AC.pdfp,2ea2ffba5c6f13deac0b581f8ea6dc918a1df3e1,VU#52
542105277,Saket-Upadhyay/CS6190-return-oriented-programming,Presentation/assets/90ADB134-94A2-4EA4-A1CC-F080724DD5AC/assets/90ADB134-94A2-4EA4-A1CC-F080724DD5AC.pdfp,2ea2ffba5c6f13deac0b581f8ea6dc918a1df3e1,VU#01
542105277,Saket-Upadhyay/CS6190-return-oriented-programming,Presentation/assets/90ADB134-94A2-4EA4-A1CC-F080724DD5AC/assets/90ADB134-94A2-4EA4-A1CC-F080724DD5AC.pdfp,2ea2ffba5c6f13deac0b581f8ea6dc918a1df3e1,VU#532
542105277,Saket-Upadhyay/CS6190-return-oriented-programming,Presentation/assets/90ADB134-94A2-4EA4-A1CC-F080724DD5AC/assets/90ADB134-94A2-4EA4-A1CC-F080724DD5AC.pdfp,2ea2ffba5c6f13deac0b581f8ea6dc918a1df3e1,VU#03
542105277,Saket-Upadhyay/CS6190-return-oriented-programming,Presentation/assets/90ADB134-94A2-4EA4-A1CC-F080724DD5AC/assets/90ADB134-94A2-4EA4-A1CC-F080724DD5AC.pdfp,2ea2ffba5c6f13deac0b581f8ea6dc918a1df3e1,VU#45
542105277,Saket-Upadhyay/CS6190-return-oriented-programming,Presentation/assets/90ADB134-94A2-4EA4-A1CC-F080724DD5AC/assets/90ADB134-94A2-4EA4-A1CC-F080724DD5AC.pdfp,2ea2ffba5c6f13deac0b581f8ea6dc918a1df3e1,VU#597
542105277,Saket-Upadhyay/CS6190-return-oriented-programming,Presentation/assets/90ADB134-94A2-4EA4-A1CC-F080724DD5AC/assets/90ADB134-94A2-4EA4-A1CC-F080724DD5AC.pdfp,2ea2ffba5c6f13deac0b581f8ea6dc918a1df3e1,VU#60
542105277,Saket-Upadhyay/CS6190-return-oriented-programming,Presentation/assets/90ADB134-94A2-4EA4-A1CC-F080724DD5AC/assets/90ADB134-94A2-4EA4-A1CC-F080724DD5AC.pdfp,2ea2ffba5c6f13deac0b581f8ea6dc918a1df3e1,VU#94
542105277,Saket-Upadhyay/CS6190-return-oriented-programming,Presentation/assets/90ADB134-94A2-4EA4-A1CC-F080724DD5AC/assets/90ADB134-94A2-4EA4-A1CC-F080724DD5AC.pdfp,2ea2ffba5c6f13deac0b581f8ea6dc918a1df3e1,VU#542
542105277,Saket-Upadhyay/CS6190-return-oriented-programming,Presentation/assets/90ADB134-94A2-4EA4-A1CC-F080724DD5AC/assets/90ADB134-94A2-4EA4-A1CC-F080724DD5AC.pdfp,2ea2ffba5c6f13deac0b581f8ea6dc918a1df3e1,VU#68
542105277,Saket-Upadhyay/CS6190-return-oriented-programming,Presentation/assets/90ADB134-94A2-4EA4-A1CC-F080724DD5AC/assets/90ADB134-94A2-4EA4-A1CC-F080724DD5AC.pdfp,2ea2ffba5c6f13deac0b581f8ea6dc918a1df3e1,VU#59
542105277,Saket-Upadhyay/CS6190-return-oriented-programming,Presentation/assets/90ADB134-94A2-4EA4-A1CC-F080724DD5AC/assets/90ADB134-94A2-4EA4-A1CC-F080724DD5AC.pdfp,2ea2ffba5c6f13deac0b581f8ea6dc918a1df3e1,VU#08
542105277,Saket-Upadhyay/CS6190-return-oriented-programming,Presentation/assets/90ADB134-94A2-4EA4-A1CC-F080724DD5AC/assets/90ADB134-94A2-4EA4-A1CC-F080724DD5AC.pdfp,2ea2ffba5c6f13deac0b581f8ea6dc918a1df3e1,VU#46
542105277,Saket-Upadhyay/CS6190-return-oriented-programming,Presentation/assets/90ADB134-94A2-4EA4-A1CC-F080724DD5AC/assets/90ADB134-94A2-4EA4-A1CC-F080724DD5AC.pdfp,2ea2ffba5c6f13deac0b581f8ea6dc918a1df3e1,VU#061
542105277,Saket-Upadhyay/CS6190-return-oriented-programming,Presentation/assets/90ADB134-94A2-4EA4-A1CC-F080724DD5AC/assets/90ADB134-94A2-4EA4-A1CC-F080724DD5AC.pdfp,2ea2ffba5c6f13deac0b581f8ea6dc918a1df3e1,VU#632
542105277,Saket-Upadhyay/CS6190-return-oriented-programming,Presentation/assets/90ADB134-94A2-4EA4-A1CC-F080724DD5AC/assets/90ADB134-94A2-4EA4-A1CC-F080724DD5AC.pdfp,2ea2ffba5c6f13deac0b581f8ea6dc918a1df3e1,VU#98
542105277,Saket-Upadhyay/CS6190-return-oriented-programming,Presentation/assets/90ADB134-94A2-4EA4-A1CC-F080724DD5AC/assets/90ADB134-94A2-4EA4-A1CC-F080724DD5AC.pdfp,2ea2ffba5c6f13deac0b581f8ea6dc918a1df3e1,VU#47
542105277,Saket-Upadhyay/CS6190-return-oriented-programming,Presentation/assets/90ADB134-94A2-4EA4-A1CC-F080724DD5AC/assets/90ADB134-94A2-4EA4-A1CC-F080724DD5AC.pdfp,2ea2ffba5c6f13deac0b581f8ea6dc918a1df3e1,VU#0754
542105277,Saket-Upadhyay/CS6190-return-oriented-programming,Presentation/assets/90ADB134-94A2-4EA4-A1CC-F080724DD5AC/assets/90ADB134-94A2-4EA4-A1CC-F080724DD5AC.pdfp,2ea2ffba5c6f13deac0b581f8ea6dc918a1df3e1,VU#63
542105277,Saket-Upadhyay/CS6190-return-oriented-programming,Presentation/assets/90ADB134-94A2-4EA4-A1CC-F080724DD5AC/assets/90ADB134-94A2-4EA4-A1CC-F080724DD5AC.pdfp,2ea2ffba5c6f13deac0b581f8ea6dc918a1df3e1,VU#036
542105277,Saket-Upadhyay/CS6190-return-oriented-programming,Presentation/assets/90ADB134-94A2-4EA4-A1CC-F080724DD5AC/assets/90ADB134-94A2-4EA4-A1CC-F080724DD5AC.pdfp,2ea2ffba5c6f13deac0b581f8ea6dc918a1df3e1,VU#07
542105277,Saket-Upadhyay/CS6190-return-oriented-programming,Presentation/assets/90ADB134-94A2-4EA4-A1CC-F080724DD5AC/assets/90ADB134-94A2-4EA4-A1CC-F080724DD5AC.pdfp,2ea2ffba5c6f13deac0b581f8ea6dc918a1df3e1,VU#67
542105277,Saket-Upadhyay/CS6190-return-oriented-programming,Presentation/assets/90ADB134-94A2-4EA4-A1CC-F080724DD5AC/assets/90ADB134-94A2-4EA4-A1CC-F080724DD5AC.pdfp,2ea2ffba5c6f13deac0b581f8ea6dc918a1df3e1,VU#606
542105277,Saket-Upadhyay/CS6190-return-oriented-programming,Presentation/assets/90ADB134-94A2-4EA4-A1CC-F080724DD5AC/assets/ROP Experiment.mp4-0.0000-97.0970.mp4,2eb35abf800d5e6fbeee85c49a97e7d8c8eb1ecf,VU#39
542105277,Saket-Upadhyay/CS6190-return-oriented-programming,Presentation/assets/90ADB134-94A2-4EA4-A1CC-F080724DD5AC/assets/ROP Experiment.mp4-0.0000-97.0970.mp4,2eb35abf800d5e6fbeee85c49a97e7d8c8eb1ecf,VU#117
542105277,Saket-Upadhyay/CS6190-return-oriented-programming,Presentation/assets/90ADB134-94A2-4EA4-A1CC-F080724DD5AC/assets/ROP Experiment.mp4-0.0000-97.0970.mp4,2eb35abf800d5e6fbeee85c49a97e7d8c8eb1ecf,VU#77
542105277,Saket-Upadhyay/CS6190-return-oriented-programming,Presentation/assets/90ADB134-94A2-4EA4-A1CC-F080724DD5AC/assets/ROP Experiment.mp4-0.0000-97.0970.mp4,2eb35abf800d5e6fbeee85c49a97e7d8c8eb1ecf,VU#26
542105277,Saket-Upadhyay/CS6190-return-oriented-programming,Presentation/assets/90ADB134-94A2-4EA4-A1CC-F080724DD5AC/assets/ROP Experiment.mp4-0.0000-97.0970.mp4,2eb35abf800d5e6fbeee85c49a97e7d8c8eb1ecf,VU#41
542105277,Saket-Upadhyay/CS6190-return-oriented-programming,Presentation/assets/90ADB134-94A2-4EA4-A1CC-F080724DD5AC/assets/ROP Experiment.mp4-0.0000-97.0970.mp4,2eb35abf800d5e6fbeee85c49a97e7d8c8eb1ecf,VU#59
542105277,Saket-Upadhyay/CS6190-return-oriented-programming,Presentation/assets/90ADB134-94A2-4EA4-A1CC-F080724DD5AC/assets/ROP Experiment.mp4-0.0000-97.0970.mp4,2eb35abf800d5e6fbeee85c49a97e7d8c8eb1ecf,VU#55
542105277,Saket-Upadhyay/CS6190-return-oriented-programming,Presentation/assets/1C200DE8-E315-42C7-830F-CD81C334A035/assets/1C200DE8-E315-42C7-830F-CD81C334A035.pdfp,674615941328bc87f7c67933fd531984cf064561,VU#79
542105277,Saket-Upadhyay/CS6190-return-oriented-programming,Presentation/assets/1C200DE8-E315-42C7-830F-CD81C334A035/assets/1C200DE8-E315-42C7-830F-CD81C334A035.pdfp,674615941328bc87f7c67933fd531984cf064561,VU#782
542105277,Saket-Upadhyay/CS6190-return-oriented-programming,Presentation/assets/1C200DE8-E315-42C7-830F-CD81C334A035/assets/1C200DE8-E315-42C7-830F-CD81C334A035.pdfp,674615941328bc87f7c67933fd531984cf064561,VU#28
542105277,Saket-Upadhyay/CS6190-return-oriented-programming,Presentation/assets/1C200DE8-E315-42C7-830F-CD81C334A035/assets/1C200DE8-E315-42C7-830F-CD81C334A035.pdfp,674615941328bc87f7c67933fd531984cf064561,VU#29
542105277,Saket-Upadhyay/CS6190-return-oriented-programming,Presentation/assets/1C200DE8-E315-42C7-830F-CD81C334A035/assets/1C200DE8-E315-42C7-830F-CD81C334A035.pdfp,674615941328bc87f7c67933fd531984cf064561,VU#449
542105277,Saket-Upadhyay/CS6190-return-oriented-programming,Presentation/assets/1C200DE8-E315-42C7-830F-CD81C334A035/assets/1C200DE8-E315-42C7-830F-CD81C334A035.pdfp,674615941328bc87f7c67933fd531984cf064561,VU#56
542105277,Saket-Upadhyay/CS6190-return-oriented-programming,Presentation/assets/1C200DE8-E315-42C7-830F-CD81C334A035/assets/1C200DE8-E315-42C7-830F-CD81C334A035.pdfp,674615941328bc87f7c67933fd531984cf064561,VU#23
542105277,Saket-Upadhyay/CS6190-return-oriented-programming,Presentation/assets/1C200DE8-E315-42C7-830F-CD81C334A035/assets/1C200DE8-E315-42C7-830F-CD81C334A035.pdfp,674615941328bc87f7c67933fd531984cf064561,VU#84
542105277,Saket-Upadhyay/CS6190-return-oriented-programming,Presentation/assets/1C200DE8-E315-42C7-830F-CD81C334A035/assets/1C200DE8-E315-42C7-830F-CD81C334A035.pdfp,674615941328bc87f7c67933fd531984cf064561,VU#231
542105277,Saket-Upadhyay/CS6190-return-oriented-programming,Presentation/assets/1C200DE8-E315-42C7-830F-CD81C334A035/assets/1C200DE8-E315-42C7-830F-CD81C334A035.pdfp,674615941328bc87f7c67933fd531984cf064561,VU#604
542105277,Saket-Upadhyay/CS6190-return-oriented-programming,Presentation/assets/1C200DE8-E315-42C7-830F-CD81C334A035/assets/1C200DE8-E315-42C7-830F-CD81C334A035.pdfp,674615941328bc87f7c67933fd531984cf064561,VU#237
542105277,Saket-Upadhyay/CS6190-return-oriented-programming,Presentation/assets/1C200DE8-E315-42C7-830F-CD81C334A035/assets/1C200DE8-E315-42C7-830F-CD81C334A035.pdfp,674615941328bc87f7c67933fd531984cf064561,VU#24
542105277,Saket-Upadhyay/CS6190-return-oriented-programming,Presentation/assets/1C200DE8-E315-42C7-830F-CD81C334A035/assets/1C200DE8-E315-42C7-830F-CD81C334A035.pdfp,674615941328bc87f7c67933fd531984cf064561,VU#82
542105277,Saket-Upadhyay/CS6190-return-oriented-programming,Presentation/assets/1C200DE8-E315-42C7-830F-CD81C334A035/assets/1C200DE8-E315-42C7-830F-CD81C334A035.pdfp,674615941328bc87f7c67933fd531984cf064561,VU#817
542105277,Saket-Upadhyay/CS6190-return-oriented-programming,Presentation/assets/1C200DE8-E315-42C7-830F-CD81C334A035/assets/1C200DE8-E315-42C7-830F-CD81C334A035.pdfp,674615941328bc87f7c67933fd531984cf064561,VU#63
542105277,Saket-Upadhyay/CS6190-return-oriented-programming,Presentation/assets/1C200DE8-E315-42C7-830F-CD81C334A035/assets/1C200DE8-E315-42C7-830F-CD81C334A035.pdfp,674615941328bc87f7c67933fd531984cf064561,VU#59
542105277,Saket-Upadhyay/CS6190-return-oriented-programming,Presentation/assets/1C200DE8-E315-42C7-830F-CD81C334A035/assets/1C200DE8-E315-42C7-830F-CD81C334A035.pdfp,674615941328bc87f7c67933fd531984cf064561,VU#25
542105277,Saket-Upadhyay/CS6190-return-oriented-programming,Presentation/assets/1C200DE8-E315-42C7-830F-CD81C334A035/assets/1C200DE8-E315-42C7-830F-CD81C334A035.pdfp,674615941328bc87f7c67933fd531984cf064561,VU#5832
542105277,Saket-Upadhyay/CS6190-return-oriented-programming,Presentation/assets/1C200DE8-E315-42C7-830F-CD81C334A035/assets/1C200DE8-E315-42C7-830F-CD81C334A035.pdfp,674615941328bc87f7c67933fd531984cf064561,VU#58
542105277,Saket-Upadhyay/CS6190-return-oriented-programming,Presentation/assets/1C200DE8-E315-42C7-830F-CD81C334A035/assets/1C200DE8-E315-42C7-830F-CD81C334A035.pdfp,674615941328bc87f7c67933fd531984cf064561,VU#26
542105277,Saket-Upadhyay/CS6190-return-oriented-programming,Presentation/assets/1C200DE8-E315-42C7-830F-CD81C334A035/assets/1C200DE8-E315-42C7-830F-CD81C334A035.pdfp,674615941328bc87f7c67933fd531984cf064561,VU#62
542105277,Saket-Upadhyay/CS6190-return-oriented-programming,Presentation/assets/1C200DE8-E315-42C7-830F-CD81C334A035/assets/1C200DE8-E315-42C7-830F-CD81C334A035.pdfp,674615941328bc87f7c67933fd531984cf064561,VU#80
542105277,Saket-Upadhyay/CS6190-return-oriented-programming,Presentation/assets/1C200DE8-E315-42C7-830F-CD81C334A035/assets/1C200DE8-E315-42C7-830F-CD81C334A035.pdfp,674615941328bc87f7c67933fd531984cf064561,VU#57
542105277,Saket-Upadhyay/CS6190-return-oriented-programming,Presentation/assets/1C200DE8-E315-42C7-830F-CD81C334A035/assets/1C200DE8-E315-42C7-830F-CD81C334A035.pdfp,674615941328bc87f7c67933fd531984cf064561,VU#27
542105277,Saket-Upadhyay/CS6190-return-oriented-programming,Presentation/assets/1C200DE8-E315-42C7-830F-CD81C334A035/assets/1C200DE8-E315-42C7-830F-CD81C334A035.pdfp,674615941328bc87f7c67933fd531984cf064561,VU#61
542105277,Saket-Upadhyay/CS6190-return-oriented-programming,Presentation/assets/1C200DE8-E315-42C7-830F-CD81C334A035/assets/1C200DE8-E315-42C7-830F-CD81C334A035.pdfp,674615941328bc87f7c67933fd531984cf064561,VU#54
542105277,Saket-Upadhyay/CS6190-return-oriented-programming,Presentation/assets/1C200DE8-E315-42C7-830F-CD81C334A035/assets/1C200DE8-E315-42C7-830F-CD81C334A035.pdfp,674615941328bc87f7c67933fd531984cf064561,VU#33
542105277,Saket-Upadhyay/CS6190-return-oriented-programming,Presentation/assets/1C200DE8-E315-42C7-830F-CD81C334A035/assets/1C200DE8-E315-42C7-830F-CD81C334A035.pdfp,674615941328bc87f7c67933fd531984cf064561,VU#2956
542105277,Saket-Upadhyay/CS6190-return-oriented-programming,Presentation/assets/1C200DE8-E315-42C7-830F-CD81C334A035/assets/1C200DE8-E315-42C7-830F-CD81C334A035.pdfp,674615941328bc87f7c67933fd531984cf064561,VU#67
542105277,Saket-Upadhyay/CS6190-return-oriented-programming,Presentation/assets/1C200DE8-E315-42C7-830F-CD81C334A035/assets/1C200DE8-E315-42C7-830F-CD81C334A035.pdfp,674615941328bc87f7c67933fd531984cf064561,VU#48
542105277,Saket-Upadhyay/CS6190-return-oriented-programming,Presentation/assets/1C200DE8-E315-42C7-830F-CD81C334A035/assets/1C200DE8-E315-42C7-830F-CD81C334A035.pdfp,674615941328bc87f7c67933fd531984cf064561,VU#479
542105277,Saket-Upadhyay/CS6190-return-oriented-programming,Presentation/assets/1C200DE8-E315-42C7-830F-CD81C334A035/assets/1C200DE8-E315-42C7-830F-CD81C334A035.pdfp,674615941328bc87f7c67933fd531984cf064561,VU#38
542105277,Saket-Upadhyay/CS6190-return-oriented-programming,Presentation/assets/1C200DE8-E315-42C7-830F-CD81C334A035/assets/1C200DE8-E315-42C7-830F-CD81C334A035.pdfp,674615941328bc87f7c67933fd531984cf064561,VU#72
542105277,Saket-Upadhyay/CS6190-return-oriented-programming,Presentation/assets/1C200DE8-E315-42C7-830F-CD81C334A035/assets/1C200DE8-E315-42C7-830F-CD81C334A035.pdfp,674615941328bc87f7c67933fd531984cf064561,VU#39
542105277,Saket-Upadhyay/CS6190-return-oriented-programming,Presentation/assets/1C200DE8-E315-42C7-830F-CD81C334A035/assets/1C200DE8-E315-42C7-830F-CD81C334A035.pdfp,674615941328bc87f7c67933fd531984cf064561,VU#47
542105277,Saket-Upadhyay/CS6190-return-oriented-programming,Presentation/assets/1C200DE8-E315-42C7-830F-CD81C334A035/assets/1C200DE8-E315-42C7-830F-CD81C334A035.pdfp,674615941328bc87f7c67933fd531984cf064561,VU#677
542105277,Saket-Upadhyay/CS6190-return-oriented-programming,Presentation/assets/1C200DE8-E315-42C7-830F-CD81C334A035/assets/1C200DE8-E315-42C7-830F-CD81C334A035.pdfp,674615941328bc87f7c67933fd531984cf064561,VU#469
542105277,Saket-Upadhyay/CS6190-return-oriented-programming,Presentation/assets/1C200DE8-E315-42C7-830F-CD81C334A035/assets/1C200DE8-E315-42C7-830F-CD81C334A035.pdfp,674615941328bc87f7c67933fd531984cf064561,VU#73
542105277,Saket-Upadhyay/CS6190-return-oriented-programming,Presentation/assets/1C200DE8-E315-42C7-830F-CD81C334A035/assets/1C200DE8-E315-42C7-830F-CD81C334A035.pdfp,674615941328bc87f7c67933fd531984cf064561,VU#40
542105277,Saket-Upadhyay/CS6190-return-oriented-programming,Presentation/assets/1C200DE8-E315-42C7-830F-CD81C334A035/assets/1C200DE8-E315-42C7-830F-CD81C334A035.pdfp,674615941328bc87f7c67933fd531984cf064561,VU#41
542105277,Saket-Upadhyay/CS6190-return-oriented-programming,Presentation/assets/1C200DE8-E315-42C7-830F-CD81C334A035/assets/1C200DE8-E315-42C7-830F-CD81C334A035.pdfp,674615941328bc87f7c67933fd531984cf064561,VU#467
542105277,Saket-Upadhyay/CS6190-return-oriented-programming,Presentation/assets/1C200DE8-E315-42C7-830F-CD81C334A035/assets/1C200DE8-E315-42C7-830F-CD81C334A035.pdfp,674615941328bc87f7c67933fd531984cf064561,VU#46
542105277,Saket-Upadhyay/CS6190-return-oriented-programming,Presentation/assets/1C200DE8-E315-42C7-830F-CD81C334A035/assets/1C200DE8-E315-42C7-830F-CD81C334A035.pdfp,674615941328bc87f7c67933fd531984cf064561,VU#70
542105277,Saket-Upadhyay/CS6190-return-oriented-programming,Presentation/assets/1C200DE8-E315-42C7-830F-CD81C334A035/assets/1C200DE8-E315-42C7-830F-CD81C334A035.pdfp,674615941328bc87f7c67933fd531984cf064561,VU#438
542105277,Saket-Upadhyay/CS6190-return-oriented-programming,Presentation/assets/1C200DE8-E315-42C7-830F-CD81C334A035/assets/1C200DE8-E315-42C7-830F-CD81C334A035.pdfp,674615941328bc87f7c67933fd531984cf064561,VU#680
542105277,Saket-Upadhyay/CS6190-return-oriented-programming,Presentation/assets/1C200DE8-E315-42C7-830F-CD81C334A035/assets/1C200DE8-E315-42C7-830F-CD81C334A035.pdfp,674615941328bc87f7c67933fd531984cf064561,VU#44
542105277,Saket-Upadhyay/CS6190-return-oriented-programming,Presentation/assets/1C200DE8-E315-42C7-830F-CD81C334A035/assets/1C200DE8-E315-42C7-830F-CD81C334A035.pdfp,674615941328bc87f7c67933fd531984cf064561,VU#69
542105277,Saket-Upadhyay/CS6190-return-oriented-programming,Presentation/assets/1C200DE8-E315-42C7-830F-CD81C334A035/assets/1C200DE8-E315-42C7-830F-CD81C334A035.pdfp,674615941328bc87f7c67933fd531984cf064561,VU#45
542105277,Saket-Upadhyay/CS6190-return-oriented-programming,Presentation/assets/1C200DE8-E315-42C7-830F-CD81C334A035/assets/1C200DE8-E315-42C7-830F-CD81C334A035.pdfp,674615941328bc87f7c67933fd531984cf064561,VU#71
542105277,Saket-Upadhyay/CS6190-return-oriented-programming,Presentation/assets/1C200DE8-E315-42C7-830F-CD81C334A035/assets/1C200DE8-E315-42C7-830F-CD81C334A035.pdfp,674615941328bc87f7c67933fd531984cf064561,VU#37
542105277,Saket-Upadhyay/CS6190-return-oriented-programming,Presentation/assets/1C200DE8-E315-42C7-830F-CD81C334A035/assets/1C200DE8-E315-42C7-830F-CD81C334A035.pdfp,674615941328bc87f7c67933fd531984cf064561,VU#731
542105277,Saket-Upadhyay/CS6190-return-oriented-programming,Presentation/assets/1C200DE8-E315-42C7-830F-CD81C334A035/assets/1C200DE8-E315-42C7-830F-CD81C334A035.pdfp,674615941328bc87f7c67933fd531984cf064561,VU#36
542105277,Saket-Upadhyay/CS6190-return-oriented-programming,Presentation/assets/1C200DE8-E315-42C7-830F-CD81C334A035/assets/1C200DE8-E315-42C7-830F-CD81C334A035.pdfp,674615941328bc87f7c67933fd531984cf064561,VU#30
542105277,Saket-Upadhyay/CS6190-return-oriented-programming,Presentation/assets/1C200DE8-E315-42C7-830F-CD81C334A035/assets/1C200DE8-E315-42C7-830F-CD81C334A035.pdfp,674615941328bc87f7c67933fd531984cf064561,VU#77397
542105277,Saket-Upadhyay/CS6190-return-oriented-programming,Presentation/assets/1C200DE8-E315-42C7-830F-CD81C334A035/assets/1C200DE8-E315-42C7-830F-CD81C334A035.pdfp,674615941328bc87f7c67933fd531984cf064561,VU#3087
542105277,Saket-Upadhyay/CS6190-return-oriented-programming,Presentation/assets/1C200DE8-E315-42C7-830F-CD81C334A035/assets/1C200DE8-E315-42C7-830F-CD81C334A035.pdfp,674615941328bc87f7c67933fd531984cf064561,VU#64
542105277,Saket-Upadhyay/CS6190-return-oriented-programming,Presentation/assets/1C200DE8-E315-42C7-830F-CD81C334A035/assets/1C200DE8-E315-42C7-830F-CD81C334A035.pdfp,674615941328bc87f7c67933fd531984cf064561,VU#31
542105277,Saket-Upadhyay/CS6190-return-oriented-programming,Presentation/assets/1C200DE8-E315-42C7-830F-CD81C334A035/assets/1C200DE8-E315-42C7-830F-CD81C334A035.pdfp,674615941328bc87f7c67933fd531984cf064561,VU#52
542105277,Saket-Upadhyay/CS6190-return-oriented-programming,Presentation/assets/1C200DE8-E315-42C7-830F-CD81C334A035/assets/1C200DE8-E315-42C7-830F-CD81C334A035.pdfp,674615941328bc87f7c67933fd531984cf064561,VU#32
542105277,Saket-Upadhyay/CS6190-return-oriented-programming,Presentation/assets/1C200DE8-E315-42C7-830F-CD81C334A035/assets/1C200DE8-E315-42C7-830F-CD81C334A035.pdfp,674615941328bc87f7c67933fd531984cf064561,VU#517
542105277,Saket-Upadhyay/CS6190-return-oriented-programming,Presentation/assets/1C200DE8-E315-42C7-830F-CD81C334A035/assets/1C200DE8-E315-42C7-830F-CD81C334A035.pdfp,674615941328bc87f7c67933fd531984cf064561,VU#76
542105277,Saket-Upadhyay/CS6190-return-oriented-programming,Presentation/assets/1C200DE8-E315-42C7-830F-CD81C334A035/assets/1C200DE8-E315-42C7-830F-CD81C334A035.pdfp,674615941328bc87f7c67933fd531984cf064561,VU#759
542105277,Saket-Upadhyay/CS6190-return-oriented-programming,Presentation/assets/1C200DE8-E315-42C7-830F-CD81C334A035/assets/1C200DE8-E315-42C7-830F-CD81C334A035.pdfp,674615941328bc87f7c67933fd531984cf064561,VU#758
542105277,Saket-Upadhyay/CS6190-return-oriented-programming,Presentation/assets/1C200DE8-E315-42C7-830F-CD81C334A035/assets/1C200DE8-E315-42C7-830F-CD81C334A035.pdfp,674615941328bc87f7c67933fd531984cf064561,VU#51
542105277,Saket-Upadhyay/CS6190-return-oriented-programming,Presentation/assets/1C200DE8-E315-42C7-830F-CD81C334A035/assets/1C200DE8-E315-42C7-830F-CD81C334A035.pdfp,674615941328bc87f7c67933fd531984cf064561,VU#339
542105277,Saket-Upadhyay/CS6190-return-oriented-programming,Presentation/assets/1C200DE8-E315-42C7-830F-CD81C334A035/assets/1C200DE8-E315-42C7-830F-CD81C334A035.pdfp,674615941328bc87f7c67933fd531984cf064561,VU#75
542105277,Saket-Upadhyay/CS6190-return-oriented-programming,Presentation/assets/1C200DE8-E315-42C7-830F-CD81C334A035/assets/1C200DE8-E315-42C7-830F-CD81C334A035.pdfp,674615941328bc87f7c67933fd531984cf064561,VU#34
542105277,Saket-Upadhyay/CS6190-return-oriented-programming,Presentation/assets/1C200DE8-E315-42C7-830F-CD81C334A035/assets/1C200DE8-E315-42C7-830F-CD81C334A035.pdfp,674615941328bc87f7c67933fd531984cf064561,VU#50
542105277,Saket-Upadhyay/CS6190-return-oriented-programming,Presentation/assets/1C200DE8-E315-42C7-830F-CD81C334A035/assets/1C200DE8-E315-42C7-830F-CD81C334A035.pdfp,674615941328bc87f7c67933fd531984cf064561,VU#654
542105277,Saket-Upadhyay/CS6190-return-oriented-programming,Presentation/assets/1C200DE8-E315-42C7-830F-CD81C334A035/assets/1C200DE8-E315-42C7-830F-CD81C334A035.pdfp,674615941328bc87f7c67933fd531984cf064561,VU#745
542105277,Saket-Upadhyay/CS6190-return-oriented-programming,Presentation/assets/1C200DE8-E315-42C7-830F-CD81C334A035/assets/1C200DE8-E315-42C7-830F-CD81C334A035.pdfp,674615941328bc87f7c67933fd531984cf064561,VU#35
542105277,Saket-Upadhyay/CS6190-return-oriented-programming,Presentation/assets/1C200DE8-E315-42C7-830F-CD81C334A035/assets/1C200DE8-E315-42C7-830F-CD81C334A035.pdfp,674615941328bc87f7c67933fd531984cf064561,VU#49
542105277,Saket-Upadhyay/CS6190-return-oriented-programming,Presentation/assets/1C200DE8-E315-42C7-830F-CD81C334A035/assets/1C200DE8-E315-42C7-830F-CD81C334A035.pdfp,674615941328bc87f7c67933fd531984cf064561,VU#74
542105277,Saket-Upadhyay/CS6190-return-oriented-programming,Presentation/assets/1C200DE8-E315-42C7-830F-CD81C334A035/assets/1C200DE8-E315-42C7-830F-CD81C334A035.pdfp,674615941328bc87f7c67933fd531984cf064561,VU#632
542105277,Saket-Upadhyay/CS6190-return-oriented-programming,Presentation/assets/1C200DE8-E315-42C7-830F-CD81C334A035/assets/1C200DE8-E315-42C7-830F-CD81C334A035.pdfp,674615941328bc87f7c67933fd531984cf064561,VU#393
542105277,Saket-Upadhyay/CS6190-return-oriented-programming,Presentation/assets/1C200DE8-E315-42C7-830F-CD81C334A035/assets/1C200DE8-E315-42C7-830F-CD81C334A035.pdfp,674615941328bc87f7c67933fd531984cf064561,VU#60
542105277,Saket-Upadhyay/CS6190-return-oriented-programming,Presentation/assets/1C200DE8-E315-42C7-830F-CD81C334A035/assets/1C200DE8-E315-42C7-830F-CD81C334A035.pdfp,674615941328bc87f7c67933fd531984cf064561,VU#85
542105277,Saket-Upadhyay/CS6190-return-oriented-programming,Presentation/assets/1C200DE8-E315-42C7-830F-CD81C334A035/assets/1C200DE8-E315-42C7-830F-CD81C334A035.pdfp,674615941328bc87f7c67933fd531984cf064561,VU#11
542105277,Saket-Upadhyay/CS6190-return-oriented-programming,Presentation/assets/1C200DE8-E315-42C7-830F-CD81C334A035/assets/1C200DE8-E315-42C7-830F-CD81C334A035.pdfp,674615941328bc87f7c67933fd531984cf064561,VU#1113
542105277,Saket-Upadhyay/CS6190-return-oriented-programming,Presentation/assets/1C200DE8-E315-42C7-830F-CD81C334A035/assets/1C200DE8-E315-42C7-830F-CD81C334A035.pdfp,674615941328bc87f7c67933fd531984cf064561,VU#925
542105277,Saket-Upadhyay/CS6190-return-oriented-programming,Presentation/assets/1C200DE8-E315-42C7-830F-CD81C334A035/assets/1C200DE8-E315-42C7-830F-CD81C334A035.pdfp,674615941328bc87f7c67933fd531984cf064561,VU#91
542105277,Saket-Upadhyay/CS6190-return-oriented-programming,Presentation/assets/1C200DE8-E315-42C7-830F-CD81C334A035/assets/1C200DE8-E315-42C7-830F-CD81C334A035.pdfp,674615941328bc87f7c67933fd531984cf064561,VU#14
542105277,Saket-Upadhyay/CS6190-return-oriented-programming,Presentation/assets/1C200DE8-E315-42C7-830F-CD81C334A035/assets/1C200DE8-E315-42C7-830F-CD81C334A035.pdfp,674615941328bc87f7c67933fd531984cf064561,VU#142
542105277,Saket-Upadhyay/CS6190-return-oriented-programming,Presentation/assets/1C200DE8-E315-42C7-830F-CD81C334A035/assets/1C200DE8-E315-42C7-830F-CD81C334A035.pdfp,674615941328bc87f7c67933fd531984cf064561,VU#15
542105277,Saket-Upadhyay/CS6190-return-oriented-programming,Presentation/assets/1C200DE8-E315-42C7-830F-CD81C334A035/assets/1C200DE8-E315-42C7-830F-CD81C334A035.pdfp,674615941328bc87f7c67933fd531984cf064561,VU#93
542105277,Saket-Upadhyay/CS6190-return-oriented-programming,Presentation/assets/1C200DE8-E315-42C7-830F-CD81C334A035/assets/1C200DE8-E315-42C7-830F-CD81C334A035.pdfp,674615941328bc87f7c67933fd531984cf064561,VU#1537
542105277,Saket-Upadhyay/CS6190-return-oriented-programming,Presentation/assets/1C200DE8-E315-42C7-830F-CD81C334A035/assets/1C200DE8-E315-42C7-830F-CD81C334A035.pdfp,674615941328bc87f7c67933fd531984cf064561,VU#90
542105277,Saket-Upadhyay/CS6190-return-oriented-programming,Presentation/assets/1C200DE8-E315-42C7-830F-CD81C334A035/assets/1C200DE8-E315-42C7-830F-CD81C334A035.pdfp,674615941328bc87f7c67933fd531984cf064561,VU#16
542105277,Saket-Upadhyay/CS6190-return-oriented-programming,Presentation/assets/1C200DE8-E315-42C7-830F-CD81C334A035/assets/1C200DE8-E315-42C7-830F-CD81C334A035.pdfp,674615941328bc87f7c67933fd531984cf064561,VU#166
542105277,Saket-Upadhyay/CS6190-return-oriented-programming,Presentation/assets/1C200DE8-E315-42C7-830F-CD81C334A035/assets/1C200DE8-E315-42C7-830F-CD81C334A035.pdfp,674615941328bc87f7c67933fd531984cf064561,VU#89
542105277,Saket-Upadhyay/CS6190-return-oriented-programming,Presentation/assets/1C200DE8-E315-42C7-830F-CD81C334A035/assets/1C200DE8-E315-42C7-830F-CD81C334A035.pdfp,674615941328bc87f7c67933fd531984cf064561,VU#18
542105277,Saket-Upadhyay/CS6190-return-oriented-programming,Presentation/assets/1C200DE8-E315-42C7-830F-CD81C334A035/assets/1C200DE8-E315-42C7-830F-CD81C334A035.pdfp,674615941328bc87f7c67933fd531984cf064561,VU#88
542105277,Saket-Upadhyay/CS6190-return-oriented-programming,Presentation/assets/1C200DE8-E315-42C7-830F-CD81C334A035/assets/1C200DE8-E315-42C7-830F-CD81C334A035.pdfp,674615941328bc87f7c67933fd531984cf064561,VU#19
542105277,Saket-Upadhyay/CS6190-return-oriented-programming,Presentation/assets/1C200DE8-E315-42C7-830F-CD81C334A035/assets/1C200DE8-E315-42C7-830F-CD81C334A035.pdfp,674615941328bc87f7c67933fd531984cf064561,VU#1575
542105277,Saket-Upadhyay/CS6190-return-oriented-programming,Presentation/assets/1C200DE8-E315-42C7-830F-CD81C334A035/assets/1C200DE8-E315-42C7-830F-CD81C334A035.pdfp,674615941328bc87f7c67933fd531984cf064561,VU#87
542105277,Saket-Upadhyay/CS6190-return-oriented-programming,Presentation/assets/1C200DE8-E315-42C7-830F-CD81C334A035/assets/1C200DE8-E315-42C7-830F-CD81C334A035.pdfp,674615941328bc87f7c67933fd531984cf064561,VU#10
542105277,Saket-Upadhyay/CS6190-return-oriented-programming,Presentation/assets/1C200DE8-E315-42C7-830F-CD81C334A035/assets/1C200DE8-E315-42C7-830F-CD81C334A035.pdfp,674615941328bc87f7c67933fd531984cf064561,VU#08
542105277,Saket-Upadhyay/CS6190-return-oriented-programming,Presentation/assets/1C200DE8-E315-42C7-830F-CD81C334A035/assets/1C200DE8-E315-42C7-830F-CD81C334A035.pdfp,674615941328bc87f7c67933fd531984cf064561,VU#00
542105277,Saket-Upadhyay/CS6190-return-oriented-programming,Presentation/assets/1C200DE8-E315-42C7-830F-CD81C334A035/assets/1C200DE8-E315-42C7-830F-CD81C334A035.pdfp,674615941328bc87f7c67933fd531984cf064561,VU#99
542105277,Saket-Upadhyay/CS6190-return-oriented-programming,Presentation/assets/1C200DE8-E315-42C7-830F-CD81C334A035/assets/1C200DE8-E315-42C7-830F-CD81C334A035.pdfp,674615941328bc87f7c67933fd531984cf064561,VU#01
542105277,Saket-Upadhyay/CS6190-return-oriented-programming,Presentation/assets/1C200DE8-E315-42C7-830F-CD81C334A035/assets/1C200DE8-E315-42C7-830F-CD81C334A035.pdfp,674615941328bc87f7c67933fd531984cf064561,VU#98
542105277,Saket-Upadhyay/CS6190-return-oriented-programming,Presentation/assets/1C200DE8-E315-42C7-830F-CD81C334A035/assets/1C200DE8-E315-42C7-830F-CD81C334A035.pdfp,674615941328bc87f7c67933fd531984cf064561,VU#02
542105277,Saket-Upadhyay/CS6190-return-oriented-programming,Presentation/assets/1C200DE8-E315-42C7-830F-CD81C334A035/assets/1C200DE8-E315-42C7-830F-CD81C334A035.pdfp,674615941328bc87f7c67933fd531984cf064561,VU#03
542105277,Saket-Upadhyay/CS6190-return-oriented-programming,Presentation/assets/1C200DE8-E315-42C7-830F-CD81C334A035/assets/1C200DE8-E315-42C7-830F-CD81C334A035.pdfp,674615941328bc87f7c67933fd531984cf064561,VU#97
542105277,Saket-Upadhyay/CS6190-return-oriented-programming,Presentation/assets/1C200DE8-E315-42C7-830F-CD81C334A035/assets/1C200DE8-E315-42C7-830F-CD81C334A035.pdfp,674615941328bc87f7c67933fd531984cf064561,VU#09
542105277,Saket-Upadhyay/CS6190-return-oriented-programming,Presentation/assets/1C200DE8-E315-42C7-830F-CD81C334A035/assets/1C200DE8-E315-42C7-830F-CD81C334A035.pdfp,674615941328bc87f7c67933fd531984cf064561,VU#037
542105277,Saket-Upadhyay/CS6190-return-oriented-programming,Presentation/assets/1C200DE8-E315-42C7-830F-CD81C334A035/assets/1C200DE8-E315-42C7-830F-CD81C334A035.pdfp,674615941328bc87f7c67933fd531984cf064561,VU#961
542105277,Saket-Upadhyay/CS6190-return-oriented-programming,Presentation/assets/1C200DE8-E315-42C7-830F-CD81C334A035/assets/1C200DE8-E315-42C7-830F-CD81C334A035.pdfp,674615941328bc87f7c67933fd531984cf064561,VU#042
542105277,Saket-Upadhyay/CS6190-return-oriented-programming,Presentation/assets/1C200DE8-E315-42C7-830F-CD81C334A035/assets/1C200DE8-E315-42C7-830F-CD81C334A035.pdfp,674615941328bc87f7c67933fd531984cf064561,VU#058
542105277,Saket-Upadhyay/CS6190-return-oriented-programming,Presentation/assets/1C200DE8-E315-42C7-830F-CD81C334A035/assets/1C200DE8-E315-42C7-830F-CD81C334A035.pdfp,674615941328bc87f7c67933fd531984cf064561,VU#96
542105277,Saket-Upadhyay/CS6190-return-oriented-programming,Presentation/assets/1C200DE8-E315-42C7-830F-CD81C334A035/assets/1C200DE8-E315-42C7-830F-CD81C334A035.pdfp,674615941328bc87f7c67933fd531984cf064561,VU#06
542105277,Saket-Upadhyay/CS6190-return-oriented-programming,Presentation/assets/1C200DE8-E315-42C7-830F-CD81C334A035/assets/1C200DE8-E315-42C7-830F-CD81C334A035.pdfp,674615941328bc87f7c67933fd531984cf064561,VU#9513
542105277,Saket-Upadhyay/CS6190-return-oriented-programming,Presentation/assets/1C200DE8-E315-42C7-830F-CD81C334A035/assets/1C200DE8-E315-42C7-830F-CD81C334A035.pdfp,674615941328bc87f7c67933fd531984cf064561,VU#95
542105277,Saket-Upadhyay/CS6190-return-oriented-programming,Presentation/assets/1C200DE8-E315-42C7-830F-CD81C334A035/assets/1C200DE8-E315-42C7-830F-CD81C334A035.pdfp,674615941328bc87f7c67933fd531984cf064561,VU#04
542105277,Saket-Upadhyay/CS6190-return-oriented-programming,Presentation/assets/1C200DE8-E315-42C7-830F-CD81C334A035/assets/1C200DE8-E315-42C7-830F-CD81C334A035.pdfp,674615941328bc87f7c67933fd531984cf064561,VU#194
542105277,Saket-Upadhyay/CS6190-return-oriented-programming,Presentation/assets/1C200DE8-E315-42C7-830F-CD81C334A035/assets/1C200DE8-E315-42C7-830F-CD81C334A035.pdfp,674615941328bc87f7c67933fd531984cf064561,VU#12
542105277,Saket-Upadhyay/CS6190-return-oriented-programming,Presentation/assets/1C200DE8-E315-42C7-830F-CD81C334A035/assets/1C200DE8-E315-42C7-830F-CD81C334A035.pdfp,674615941328bc87f7c67933fd531984cf064561,VU#86
542105277,Saket-Upadhyay/CS6190-return-oriented-programming,Presentation/assets/1C200DE8-E315-42C7-830F-CD81C334A035/assets/1C200DE8-E315-42C7-830F-CD81C334A035.pdfp,674615941328bc87f7c67933fd531984cf064561,VU#20
542105277,Saket-Upadhyay/CS6190-return-oriented-programming,Presentation/assets/1C200DE8-E315-42C7-830F-CD81C334A035/assets/1C200DE8-E315-42C7-830F-CD81C334A035.pdfp,674615941328bc87f7c67933fd531984cf064561,VU#21
542105277,Saket-Upadhyay/CS6190-return-oriented-programming,Presentation/assets/player/main.js,67b1d9472ca698fc7d76b95ef131b7f659be96ee,VU#53
542105277,Saket-Upadhyay/CS6190-return-oriented-programming,Presentation/assets/player/main.js,67b1d9472ca698fc7d76b95ef131b7f659be96ee,VU#31
542105277,Saket-Upadhyay/CS6190-return-oriented-programming,Presentation/assets/player/main.js,67b1d9472ca698fc7d76b95ef131b7f659be96ee,VU#06
542105277,Saket-Upadhyay/CS6190-return-oriented-programming,Presentation/assets/player/main.js,67b1d9472ca698fc7d76b95ef131b7f659be96ee,VU#08
542105277,Saket-Upadhyay/CS6190-return-oriented-programming,Presentation/assets/player/main.js,67b1d9472ca698fc7d76b95ef131b7f659be96ee,VU#81
542105277,Saket-Upadhyay/CS6190-return-oriented-programming,Presentation/assets/player/main.js,67b1d9472ca698fc7d76b95ef131b7f659be96ee,VU#91
542105277,Saket-Upadhyay/CS6190-return-oriented-programming,Presentation/assets/EC8DC039-5F04-4EBF-8C9C-397A1AAD7DB0/assets/EC8DC039-5F04-4EBF-8C9C-397A1AAD7DB0.pdfp,6c7069fe4aabaf542417540bf51612983e7efb3a,VU#34
542105277,Saket-Upadhyay/CS6190-return-oriented-programming,Presentation/assets/EC8DC039-5F04-4EBF-8C9C-397A1AAD7DB0/assets/EC8DC039-5F04-4EBF-8C9C-397A1AAD7DB0.pdfp,6c7069fe4aabaf542417540bf51612983e7efb3a,VU#63
542105277,Saket-Upadhyay/CS6190-return-oriented-programming,Presentation/assets/EC8DC039-5F04-4EBF-8C9C-397A1AAD7DB0/assets/EC8DC039-5F04-4EBF-8C9C-397A1AAD7DB0.pdfp,6c7069fe4aabaf542417540bf51612983e7efb3a,VU#2530
542105277,Saket-Upadhyay/CS6190-return-oriented-programming,Presentation/assets/EC8DC039-5F04-4EBF-8C9C-397A1AAD7DB0/assets/EC8DC039-5F04-4EBF-8C9C-397A1AAD7DB0.pdfp,6c7069fe4aabaf542417540bf51612983e7efb3a,VU#36
542105277,Saket-Upadhyay/CS6190-return-oriented-programming,Presentation/assets/EC8DC039-5F04-4EBF-8C9C-397A1AAD7DB0/assets/EC8DC039-5F04-4EBF-8C9C-397A1AAD7DB0.pdfp,6c7069fe4aabaf542417540bf51612983e7efb3a,VU#96
542105277,Saket-Upadhyay/CS6190-return-oriented-programming,Presentation/assets/EC8DC039-5F04-4EBF-8C9C-397A1AAD7DB0/assets/EC8DC039-5F04-4EBF-8C9C-397A1AAD7DB0.pdfp,6c7069fe4aabaf542417540bf51612983e7efb3a,VU#640
542105277,Saket-Upadhyay/CS6190-return-oriented-programming,Presentation/assets/EC8DC039-5F04-4EBF-8C9C-397A1AAD7DB0/assets/EC8DC039-5F04-4EBF-8C9C-397A1AAD7DB0.pdfp,6c7069fe4aabaf542417540bf51612983e7efb3a,VU#503
542105277,Saket-Upadhyay/CS6190-return-oriented-programming,Presentation/assets/EC8DC039-5F04-4EBF-8C9C-397A1AAD7DB0/assets/EC8DC039-5F04-4EBF-8C9C-397A1AAD7DB0.pdfp,6c7069fe4aabaf542417540bf51612983e7efb3a,VU#86
542105277,Saket-Upadhyay/CS6190-return-oriented-programming,Presentation/assets/EC8DC039-5F04-4EBF-8C9C-397A1AAD7DB0/assets/EC8DC039-5F04-4EBF-8C9C-397A1AAD7DB0.pdfp,6c7069fe4aabaf542417540bf51612983e7efb3a,VU#82
542105277,Saket-Upadhyay/CS6190-return-oriented-programming,Presentation/assets/EC8DC039-5F04-4EBF-8C9C-397A1AAD7DB0/assets/EC8DC039-5F04-4EBF-8C9C-397A1AAD7DB0.pdfp,6c7069fe4aabaf542417540bf51612983e7efb3a,VU#37
542105277,Saket-Upadhyay/CS6190-return-oriented-programming,Presentation/assets/EC8DC039-5F04-4EBF-8C9C-397A1AAD7DB0/assets/EC8DC039-5F04-4EBF-8C9C-397A1AAD7DB0.pdfp,6c7069fe4aabaf542417540bf51612983e7efb3a,VU#47
542105277,Saket-Upadhyay/CS6190-return-oriented-programming,Presentation/assets/EC8DC039-5F04-4EBF-8C9C-397A1AAD7DB0/assets/EC8DC039-5F04-4EBF-8C9C-397A1AAD7DB0.pdfp,6c7069fe4aabaf542417540bf51612983e7efb3a,VU#81
542105277,Saket-Upadhyay/CS6190-return-oriented-programming,Presentation/assets/EC8DC039-5F04-4EBF-8C9C-397A1AAD7DB0/assets/EC8DC039-5F04-4EBF-8C9C-397A1AAD7DB0.pdfp,6c7069fe4aabaf542417540bf51612983e7efb3a,VU#67
542105277,Saket-Upadhyay/CS6190-return-oriented-programming,Presentation/assets/EC8DC039-5F04-4EBF-8C9C-397A1AAD7DB0/assets/EC8DC039-5F04-4EBF-8C9C-397A1AAD7DB0.pdfp,6c7069fe4aabaf542417540bf51612983e7efb3a,VU#713
542105277,Saket-Upadhyay/CS6190-return-oriented-programming,Presentation/assets/EC8DC039-5F04-4EBF-8C9C-397A1AAD7DB0/assets/EC8DC039-5F04-4EBF-8C9C-397A1AAD7DB0.pdfp,6c7069fe4aabaf542417540bf51612983e7efb3a,VU#46
542105277,Saket-Upadhyay/CS6190-return-oriented-programming,Presentation/assets/EC8DC039-5F04-4EBF-8C9C-397A1AAD7DB0/assets/EC8DC039-5F04-4EBF-8C9C-397A1AAD7DB0.pdfp,6c7069fe4aabaf542417540bf51612983e7efb3a,VU#94
542105277,Saket-Upadhyay/CS6190-return-oriented-programming,Presentation/assets/EC8DC039-5F04-4EBF-8C9C-397A1AAD7DB0/assets/EC8DC039-5F04-4EBF-8C9C-397A1AAD7DB0.pdfp,6c7069fe4aabaf542417540bf51612983e7efb3a,VU#3921
542105277,Saket-Upadhyay/CS6190-return-oriented-programming,Presentation/assets/EC8DC039-5F04-4EBF-8C9C-397A1AAD7DB0/assets/EC8DC039-5F04-4EBF-8C9C-397A1AAD7DB0.pdfp,6c7069fe4aabaf542417540bf51612983e7efb3a,VU#54
542105277,Saket-Upadhyay/CS6190-return-oriented-programming,Presentation/assets/EC8DC039-5F04-4EBF-8C9C-397A1AAD7DB0/assets/EC8DC039-5F04-4EBF-8C9C-397A1AAD7DB0.pdfp,6c7069fe4aabaf542417540bf51612983e7efb3a,VU#75
542105277,Saket-Upadhyay/CS6190-return-oriented-programming,Presentation/assets/EC8DC039-5F04-4EBF-8C9C-397A1AAD7DB0/assets/EC8DC039-5F04-4EBF-8C9C-397A1AAD7DB0.pdfp,6c7069fe4aabaf542417540bf51612983e7efb3a,VU#712
542105277,Saket-Upadhyay/CS6190-return-oriented-programming,Presentation/assets/EC8DC039-5F04-4EBF-8C9C-397A1AAD7DB0/assets/EC8DC039-5F04-4EBF-8C9C-397A1AAD7DB0.pdfp,6c7069fe4aabaf542417540bf51612983e7efb3a,VU#33
542105277,Saket-Upadhyay/CS6190-return-oriented-programming,Presentation/assets/EC8DC039-5F04-4EBF-8C9C-397A1AAD7DB0/assets/EC8DC039-5F04-4EBF-8C9C-397A1AAD7DB0.pdfp,6c7069fe4aabaf542417540bf51612983e7efb3a,VU#93
542105277,Saket-Upadhyay/CS6190-return-oriented-programming,Presentation/assets/EC8DC039-5F04-4EBF-8C9C-397A1AAD7DB0/assets/EC8DC039-5F04-4EBF-8C9C-397A1AAD7DB0.pdfp,6c7069fe4aabaf542417540bf51612983e7efb3a,VU#42
542105277,Saket-Upadhyay/CS6190-return-oriented-programming,Presentation/assets/EC8DC039-5F04-4EBF-8C9C-397A1AAD7DB0/assets/EC8DC039-5F04-4EBF-8C9C-397A1AAD7DB0.pdfp,6c7069fe4aabaf542417540bf51612983e7efb3a,VU#15
542105277,Saket-Upadhyay/CS6190-return-oriented-programming,Presentation/assets/EC8DC039-5F04-4EBF-8C9C-397A1AAD7DB0/assets/EC8DC039-5F04-4EBF-8C9C-397A1AAD7DB0.pdfp,6c7069fe4aabaf542417540bf51612983e7efb3a,VU#10
542105277,Saket-Upadhyay/CS6190-return-oriented-programming,Presentation/assets/EC8DC039-5F04-4EBF-8C9C-397A1AAD7DB0/assets/EC8DC039-5F04-4EBF-8C9C-397A1AAD7DB0.pdfp,6c7069fe4aabaf542417540bf51612983e7efb3a,VU#90
542105277,Saket-Upadhyay/CS6190-return-oriented-programming,Presentation/assets/EC8DC039-5F04-4EBF-8C9C-397A1AAD7DB0/assets/EC8DC039-5F04-4EBF-8C9C-397A1AAD7DB0.pdfp,6c7069fe4aabaf542417540bf51612983e7efb3a,VU#71
542105277,Saket-Upadhyay/CS6190-return-oriented-programming,Presentation/assets/EC8DC039-5F04-4EBF-8C9C-397A1AAD7DB0/assets/EC8DC039-5F04-4EBF-8C9C-397A1AAD7DB0.pdfp,6c7069fe4aabaf542417540bf51612983e7efb3a,VU#29
542105277,Saket-Upadhyay/CS6190-return-oriented-programming,Presentation/assets/EC8DC039-5F04-4EBF-8C9C-397A1AAD7DB0/assets/EC8DC039-5F04-4EBF-8C9C-397A1AAD7DB0.pdfp,6c7069fe4aabaf542417540bf51612983e7efb3a,VU#510
542105277,Saket-Upadhyay/CS6190-return-oriented-programming,Presentation/assets/EC8DC039-5F04-4EBF-8C9C-397A1AAD7DB0/assets/EC8DC039-5F04-4EBF-8C9C-397A1AAD7DB0.pdfp,6c7069fe4aabaf542417540bf51612983e7efb3a,VU#31
542105277,Saket-Upadhyay/CS6190-return-oriented-programming,Presentation/assets/EC8DC039-5F04-4EBF-8C9C-397A1AAD7DB0/assets/EC8DC039-5F04-4EBF-8C9C-397A1AAD7DB0.pdfp,6c7069fe4aabaf542417540bf51612983e7efb3a,VU#62
542105277,Saket-Upadhyay/CS6190-return-oriented-programming,Presentation/assets/EC8DC039-5F04-4EBF-8C9C-397A1AAD7DB0/assets/EC8DC039-5F04-4EBF-8C9C-397A1AAD7DB0.pdfp,6c7069fe4aabaf542417540bf51612983e7efb3a,VU#01
542105277,Saket-Upadhyay/CS6190-return-oriented-programming,Presentation/assets/EC8DC039-5F04-4EBF-8C9C-397A1AAD7DB0/assets/EC8DC039-5F04-4EBF-8C9C-397A1AAD7DB0.pdfp,6c7069fe4aabaf542417540bf51612983e7efb3a,VU#18
542105277,Saket-Upadhyay/CS6190-return-oriented-programming,Presentation/assets/EC8DC039-5F04-4EBF-8C9C-397A1AAD7DB0/assets/EC8DC039-5F04-4EBF-8C9C-397A1AAD7DB0.pdfp,6c7069fe4aabaf542417540bf51612983e7efb3a,VU#78
542105277,Saket-Upadhyay/CS6190-return-oriented-programming,Presentation/assets/EC8DC039-5F04-4EBF-8C9C-397A1AAD7DB0/assets/EC8DC039-5F04-4EBF-8C9C-397A1AAD7DB0.pdfp,6c7069fe4aabaf542417540bf51612983e7efb3a,VU#88
542105277,Saket-Upadhyay/CS6190-return-oriented-programming,Presentation/assets/EC8DC039-5F04-4EBF-8C9C-397A1AAD7DB0/assets/EC8DC039-5F04-4EBF-8C9C-397A1AAD7DB0.pdfp,6c7069fe4aabaf542417540bf51612983e7efb3a,VU#56
542105277,Saket-Upadhyay/CS6190-return-oriented-programming,Presentation/assets/EC8DC039-5F04-4EBF-8C9C-397A1AAD7DB0/assets/EC8DC039-5F04-4EBF-8C9C-397A1AAD7DB0.pdfp,6c7069fe4aabaf542417540bf51612983e7efb3a,VU#97
542105277,Saket-Upadhyay/CS6190-return-oriented-programming,Presentation/assets/EC8DC039-5F04-4EBF-8C9C-397A1AAD7DB0/assets/EC8DC039-5F04-4EBF-8C9C-397A1AAD7DB0.pdfp,6c7069fe4aabaf542417540bf51612983e7efb3a,VU#793
542105277,Saket-Upadhyay/CS6190-return-oriented-programming,Presentation/assets/EC8DC039-5F04-4EBF-8C9C-397A1AAD7DB0/assets/EC8DC039-5F04-4EBF-8C9C-397A1AAD7DB0.pdfp,6c7069fe4aabaf542417540bf51612983e7efb3a,VU#58
542105277,Saket-Upadhyay/CS6190-return-oriented-programming,Presentation/assets/EC8DC039-5F04-4EBF-8C9C-397A1AAD7DB0/assets/EC8DC039-5F04-4EBF-8C9C-397A1AAD7DB0.pdfp,6c7069fe4aabaf542417540bf51612983e7efb3a,VU#27
542105277,Saket-Upadhyay/CS6190-return-oriented-programming,Presentation/assets/EC8DC039-5F04-4EBF-8C9C-397A1AAD7DB0/assets/EC8DC039-5F04-4EBF-8C9C-397A1AAD7DB0.pdfp,6c7069fe4aabaf542417540bf51612983e7efb3a,VU#02
542105277,Saket-Upadhyay/CS6190-return-oriented-programming,Presentation/assets/EC8DC039-5F04-4EBF-8C9C-397A1AAD7DB0/assets/EC8DC039-5F04-4EBF-8C9C-397A1AAD7DB0.pdfp,6c7069fe4aabaf542417540bf51612983e7efb3a,VU#55
542105277,Saket-Upadhyay/CS6190-return-oriented-programming,Presentation/assets/EC8DC039-5F04-4EBF-8C9C-397A1AAD7DB0/assets/EC8DC039-5F04-4EBF-8C9C-397A1AAD7DB0.pdfp,6c7069fe4aabaf542417540bf51612983e7efb3a,VU#57
542105277,Saket-Upadhyay/CS6190-return-oriented-programming,Presentation/assets/EC8DC039-5F04-4EBF-8C9C-397A1AAD7DB0/assets/EC8DC039-5F04-4EBF-8C9C-397A1AAD7DB0.pdfp,6c7069fe4aabaf542417540bf51612983e7efb3a,VU#61
542105277,Saket-Upadhyay/CS6190-return-oriented-programming,Presentation/assets/703FC501-936C-4776-A04D-33ECD5171356/assets/703FC501-936C-4776-A04D-33ECD5171356.pdfp,79209b703f2c06dac798e39be76010dff16eb18d,VU#5837
542105277,Saket-Upadhyay/CS6190-return-oriented-programming,Presentation/assets/703FC501-936C-4776-A04D-33ECD5171356/assets/703FC501-936C-4776-A04D-33ECD5171356.pdfp,79209b703f2c06dac798e39be76010dff16eb18d,VU#41
542105277,Saket-Upadhyay/CS6190-return-oriented-programming,Presentation/assets/703FC501-936C-4776-A04D-33ECD5171356/assets/703FC501-936C-4776-A04D-33ECD5171356.pdfp,79209b703f2c06dac798e39be76010dff16eb18d,VU#61
542105277,Saket-Upadhyay/CS6190-return-oriented-programming,Presentation/assets/703FC501-936C-4776-A04D-33ECD5171356/assets/703FC501-936C-4776-A04D-33ECD5171356.pdfp,79209b703f2c06dac798e39be76010dff16eb18d,VU#80
542105277,Saket-Upadhyay/CS6190-return-oriented-programming,Presentation/assets/703FC501-936C-4776-A04D-33ECD5171356/assets/703FC501-936C-4776-A04D-33ECD5171356.pdfp,79209b703f2c06dac798e39be76010dff16eb18d,VU#58
542105277,Saket-Upadhyay/CS6190-return-oriented-programming,Presentation/assets/703FC501-936C-4776-A04D-33ECD5171356/assets/703FC501-936C-4776-A04D-33ECD5171356.pdfp,79209b703f2c06dac798e39be76010dff16eb18d,VU#410
542105277,Saket-Upadhyay/CS6190-return-oriented-programming,Presentation/assets/703FC501-936C-4776-A04D-33ECD5171356/assets/703FC501-936C-4776-A04D-33ECD5171356.pdfp,79209b703f2c06dac798e39be76010dff16eb18d,VU#106
542105277,Saket-Upadhyay/CS6190-return-oriented-programming,Presentation/assets/703FC501-936C-4776-A04D-33ECD5171356/assets/703FC501-936C-4776-A04D-33ECD5171356.pdfp,79209b703f2c06dac798e39be76010dff16eb18d,VU#10
542105277,Saket-Upadhyay/CS6190-return-oriented-programming,Presentation/assets/703FC501-936C-4776-A04D-33ECD5171356/assets/703FC501-936C-4776-A04D-33ECD5171356.pdfp,79209b703f2c06dac798e39be76010dff16eb18d,VU#70
542105277,Saket-Upadhyay/CS6190-return-oriented-programming,Presentation/assets/703FC501-936C-4776-A04D-33ECD5171356/assets/703FC501-936C-4776-A04D-33ECD5171356.pdfp,79209b703f2c06dac798e39be76010dff16eb18d,VU#019
542105277,Saket-Upadhyay/CS6190-return-oriented-programming,Presentation/assets/703FC501-936C-4776-A04D-33ECD5171356/assets/703FC501-936C-4776-A04D-33ECD5171356.pdfp,79209b703f2c06dac798e39be76010dff16eb18d,VU#43
542105277,Saket-Upadhyay/CS6190-return-oriented-programming,Presentation/assets/703FC501-936C-4776-A04D-33ECD5171356/assets/703FC501-936C-4776-A04D-33ECD5171356.pdfp,79209b703f2c06dac798e39be76010dff16eb18d,VU#42
542105277,Saket-Upadhyay/CS6190-return-oriented-programming,Presentation/assets/703FC501-936C-4776-A04D-33ECD5171356/assets/703FC501-936C-4776-A04D-33ECD5171356.pdfp,79209b703f2c06dac798e39be76010dff16eb18d,VU#98
542105277,Saket-Upadhyay/CS6190-return-oriented-programming,Presentation/assets/703FC501-936C-4776-A04D-33ECD5171356/assets/703FC501-936C-4776-A04D-33ECD5171356.pdfp,79209b703f2c06dac798e39be76010dff16eb18d,VU#40
542105277,Saket-Upadhyay/CS6190-return-oriented-programming,Presentation/assets/703FC501-936C-4776-A04D-33ECD5171356/assets/703FC501-936C-4776-A04D-33ECD5171356.pdfp,79209b703f2c06dac798e39be76010dff16eb18d,VU#22
542105277,Saket-Upadhyay/CS6190-return-oriented-programming,Presentation/assets/703FC501-936C-4776-A04D-33ECD5171356/assets/703FC501-936C-4776-A04D-33ECD5171356.pdfp,79209b703f2c06dac798e39be76010dff16eb18d,VU#600
542105277,Saket-Upadhyay/CS6190-return-oriented-programming,Presentation/assets/703FC501-936C-4776-A04D-33ECD5171356/assets/703FC501-936C-4776-A04D-33ECD5171356.pdfp,79209b703f2c06dac798e39be76010dff16eb18d,VU#13
542105277,Saket-Upadhyay/CS6190-return-oriented-programming,Presentation/assets/703FC501-936C-4776-A04D-33ECD5171356/assets/703FC501-936C-4776-A04D-33ECD5171356.pdfp,79209b703f2c06dac798e39be76010dff16eb18d,VU#37
542105277,Saket-Upadhyay/CS6190-return-oriented-programming,Presentation/assets/703FC501-936C-4776-A04D-33ECD5171356/assets/703FC501-936C-4776-A04D-33ECD5171356.pdfp,79209b703f2c06dac798e39be76010dff16eb18d,VU#84
542105277,Saket-Upadhyay/CS6190-return-oriented-programming,Presentation/assets/703FC501-936C-4776-A04D-33ECD5171356/assets/703FC501-936C-4776-A04D-33ECD5171356.pdfp,79209b703f2c06dac798e39be76010dff16eb18d,VU#371
542105277,Saket-Upadhyay/CS6190-return-oriented-programming,Presentation/assets/703FC501-936C-4776-A04D-33ECD5171356/assets/703FC501-936C-4776-A04D-33ECD5171356.pdfp,79209b703f2c06dac798e39be76010dff16eb18d,VU#92
542105277,Saket-Upadhyay/CS6190-return-oriented-programming,Presentation/assets/703FC501-936C-4776-A04D-33ECD5171356/assets/703FC501-936C-4776-A04D-33ECD5171356.pdfp,79209b703f2c06dac798e39be76010dff16eb18d,VU#989
542105277,Saket-Upadhyay/CS6190-return-oriented-programming,Presentation/assets/703FC501-936C-4776-A04D-33ECD5171356/assets/703FC501-936C-4776-A04D-33ECD5171356.pdfp,79209b703f2c06dac798e39be76010dff16eb18d,VU#72
542105277,Saket-Upadhyay/CS6190-return-oriented-programming,Presentation/assets/703FC501-936C-4776-A04D-33ECD5171356/assets/703FC501-936C-4776-A04D-33ECD5171356.pdfp,79209b703f2c06dac798e39be76010dff16eb18d,VU#38
542105277,Saket-Upadhyay/CS6190-return-oriented-programming,Presentation/assets/703FC501-936C-4776-A04D-33ECD5171356/assets/703FC501-936C-4776-A04D-33ECD5171356.pdfp,79209b703f2c06dac798e39be76010dff16eb18d,VU#12
542105277,Saket-Upadhyay/CS6190-return-oriented-programming,Presentation/assets/703FC501-936C-4776-A04D-33ECD5171356/assets/703FC501-936C-4776-A04D-33ECD5171356.pdfp,79209b703f2c06dac798e39be76010dff16eb18d,VU#385
542105277,Saket-Upadhyay/CS6190-return-oriented-programming,Presentation/assets/703FC501-936C-4776-A04D-33ECD5171356/assets/703FC501-936C-4776-A04D-33ECD5171356.pdfp,79209b703f2c06dac798e39be76010dff16eb18d,VU#717
542105277,Saket-Upadhyay/CS6190-return-oriented-programming,Presentation/assets/703FC501-936C-4776-A04D-33ECD5171356/assets/703FC501-936C-4776-A04D-33ECD5171356.pdfp,79209b703f2c06dac798e39be76010dff16eb18d,VU#39
542105277,Saket-Upadhyay/CS6190-return-oriented-programming,Presentation/assets/703FC501-936C-4776-A04D-33ECD5171356/assets/703FC501-936C-4776-A04D-33ECD5171356.pdfp,79209b703f2c06dac798e39be76010dff16eb18d,VU#844
542105277,Saket-Upadhyay/CS6190-return-oriented-programming,Presentation/assets/703FC501-936C-4776-A04D-33ECD5171356/assets/703FC501-936C-4776-A04D-33ECD5171356.pdfp,79209b703f2c06dac798e39be76010dff16eb18d,VU#7131
542105277,Saket-Upadhyay/CS6190-return-oriented-programming,Presentation/assets/703FC501-936C-4776-A04D-33ECD5171356/assets/703FC501-936C-4776-A04D-33ECD5171356.pdfp,79209b703f2c06dac798e39be76010dff16eb18d,VU#59
542105277,Saket-Upadhyay/CS6190-return-oriented-programming,Presentation/assets/703FC501-936C-4776-A04D-33ECD5171356/assets/703FC501-936C-4776-A04D-33ECD5171356.pdfp,79209b703f2c06dac798e39be76010dff16eb18d,VU#85
542105277,Saket-Upadhyay/CS6190-return-oriented-programming,Presentation/assets/703FC501-936C-4776-A04D-33ECD5171356/assets/703FC501-936C-4776-A04D-33ECD5171356.pdfp,79209b703f2c06dac798e39be76010dff16eb18d,VU#86
542105277,Saket-Upadhyay/CS6190-return-oriented-programming,Presentation/assets/703FC501-936C-4776-A04D-33ECD5171356/assets/703FC501-936C-4776-A04D-33ECD5171356.pdfp,79209b703f2c06dac798e39be76010dff16eb18d,VU#01
542105277,Saket-Upadhyay/CS6190-return-oriented-programming,Presentation/assets/703FC501-936C-4776-A04D-33ECD5171356/assets/703FC501-936C-4776-A04D-33ECD5171356.pdfp,79209b703f2c06dac798e39be76010dff16eb18d,VU#09516
542105277,Saket-Upadhyay/CS6190-return-oriented-programming,Presentation/assets/703FC501-936C-4776-A04D-33ECD5171356/assets/703FC501-936C-4776-A04D-33ECD5171356.pdfp,79209b703f2c06dac798e39be76010dff16eb18d,VU#71
542105277,Saket-Upadhyay/CS6190-return-oriented-programming,Presentation/assets/703FC501-936C-4776-A04D-33ECD5171356/assets/703FC501-936C-4776-A04D-33ECD5171356.pdfp,79209b703f2c06dac798e39be76010dff16eb18d,VU#69
542105277,Saket-Upadhyay/CS6190-return-oriented-programming,Presentation/assets/703FC501-936C-4776-A04D-33ECD5171356/assets/703FC501-936C-4776-A04D-33ECD5171356.pdfp,79209b703f2c06dac798e39be76010dff16eb18d,VU#63
542105277,Saket-Upadhyay/CS6190-return-oriented-programming,Presentation/assets/703FC501-936C-4776-A04D-33ECD5171356/assets/703FC501-936C-4776-A04D-33ECD5171356.pdfp,79209b703f2c06dac798e39be76010dff16eb18d,VU#94
542105277,Saket-Upadhyay/CS6190-return-oriented-programming,Presentation/assets/703FC501-936C-4776-A04D-33ECD5171356/assets/703FC501-936C-4776-A04D-33ECD5171356.pdfp,79209b703f2c06dac798e39be76010dff16eb18d,VU#96
542105277,Saket-Upadhyay/CS6190-return-oriented-programming,Presentation/assets/703FC501-936C-4776-A04D-33ECD5171356/assets/703FC501-936C-4776-A04D-33ECD5171356.pdfp,79209b703f2c06dac798e39be76010dff16eb18d,VU#05
542105277,Saket-Upadhyay/CS6190-return-oriented-programming,Presentation/assets/703FC501-936C-4776-A04D-33ECD5171356/assets/703FC501-936C-4776-A04D-33ECD5171356.pdfp,79209b703f2c06dac798e39be76010dff16eb18d,VU#509
542105277,Saket-Upadhyay/CS6190-return-oriented-programming,Presentation/assets/703FC501-936C-4776-A04D-33ECD5171356/assets/703FC501-936C-4776-A04D-33ECD5171356.pdfp,79209b703f2c06dac798e39be76010dff16eb18d,VU#56
542105277,Saket-Upadhyay/CS6190-return-oriented-programming,Presentation/assets/703FC501-936C-4776-A04D-33ECD5171356/assets/703FC501-936C-4776-A04D-33ECD5171356.pdfp,79209b703f2c06dac798e39be76010dff16eb18d,VU#51
542105277,Saket-Upadhyay/CS6190-return-oriented-programming,Presentation/assets/703FC501-936C-4776-A04D-33ECD5171356/assets/703FC501-936C-4776-A04D-33ECD5171356.pdfp,79209b703f2c06dac798e39be76010dff16eb18d,VU#851
542105277,Saket-Upadhyay/CS6190-return-oriented-programming,Presentation/assets/703FC501-936C-4776-A04D-33ECD5171356/assets/703FC501-936C-4776-A04D-33ECD5171356.pdfp,79209b703f2c06dac798e39be76010dff16eb18d,VU#64
542105277,Saket-Upadhyay/CS6190-return-oriented-programming,Presentation/assets/703FC501-936C-4776-A04D-33ECD5171356/assets/703FC501-936C-4776-A04D-33ECD5171356.pdfp,79209b703f2c06dac798e39be76010dff16eb18d,VU#83
542105277,Saket-Upadhyay/CS6190-return-oriented-programming,Presentation/assets/703FC501-936C-4776-A04D-33ECD5171356/assets/703FC501-936C-4776-A04D-33ECD5171356.pdfp,79209b703f2c06dac798e39be76010dff16eb18d,VU#50
542105277,Saket-Upadhyay/CS6190-return-oriented-programming,Presentation/assets/703FC501-936C-4776-A04D-33ECD5171356/assets/703FC501-936C-4776-A04D-33ECD5171356.pdfp,79209b703f2c06dac798e39be76010dff16eb18d,VU#216
542105277,Saket-Upadhyay/CS6190-return-oriented-programming,Presentation/assets/703FC501-936C-4776-A04D-33ECD5171356/assets/703FC501-936C-4776-A04D-33ECD5171356.pdfp,79209b703f2c06dac798e39be76010dff16eb18d,VU#53
542105277,Saket-Upadhyay/CS6190-return-oriented-programming,Presentation/assets/703FC501-936C-4776-A04D-33ECD5171356/assets/703FC501-936C-4776-A04D-33ECD5171356.pdfp,79209b703f2c06dac798e39be76010dff16eb18d,VU#533
542105277,Saket-Upadhyay/CS6190-return-oriented-programming,Presentation/assets/703FC501-936C-4776-A04D-33ECD5171356/assets/703FC501-936C-4776-A04D-33ECD5171356.pdfp,79209b703f2c06dac798e39be76010dff16eb18d,VU#537
542105277,Saket-Upadhyay/CS6190-return-oriented-programming,Presentation/assets/703FC501-936C-4776-A04D-33ECD5171356/assets/703FC501-936C-4776-A04D-33ECD5171356.pdfp,79209b703f2c06dac798e39be76010dff16eb18d,VU#538
542105277,Saket-Upadhyay/CS6190-return-oriented-programming,Presentation/assets/703FC501-936C-4776-A04D-33ECD5171356/assets/703FC501-936C-4776-A04D-33ECD5171356.pdfp,79209b703f2c06dac798e39be76010dff16eb18d,VU#03
542105277,Saket-Upadhyay/CS6190-return-oriented-programming,Presentation/assets/703FC501-936C-4776-A04D-33ECD5171356/assets/703FC501-936C-4776-A04D-33ECD5171356.pdfp,79209b703f2c06dac798e39be76010dff16eb18d,VU#54
542105277,Saket-Upadhyay/CS6190-return-oriented-programming,Presentation/assets/703FC501-936C-4776-A04D-33ECD5171356/assets/703FC501-936C-4776-A04D-33ECD5171356.pdfp,79209b703f2c06dac798e39be76010dff16eb18d,VU#97
542105277,Saket-Upadhyay/CS6190-return-oriented-programming,Presentation/assets/703FC501-936C-4776-A04D-33ECD5171356/assets/703FC501-936C-4776-A04D-33ECD5171356.pdfp,79209b703f2c06dac798e39be76010dff16eb18d,VU#55
542105277,Saket-Upadhyay/CS6190-return-oriented-programming,Presentation/assets/703FC501-936C-4776-A04D-33ECD5171356/assets/703FC501-936C-4776-A04D-33ECD5171356.pdfp,79209b703f2c06dac798e39be76010dff16eb18d,VU#52
542105277,Saket-Upadhyay/CS6190-return-oriented-programming,Presentation/assets/703FC501-936C-4776-A04D-33ECD5171356/assets/703FC501-936C-4776-A04D-33ECD5171356.pdfp,79209b703f2c06dac798e39be76010dff16eb18d,VU#65
542105277,Saket-Upadhyay/CS6190-return-oriented-programming,Presentation/assets/703FC501-936C-4776-A04D-33ECD5171356/assets/703FC501-936C-4776-A04D-33ECD5171356.pdfp,79209b703f2c06dac798e39be76010dff16eb18d,VU#050
542105277,Saket-Upadhyay/CS6190-return-oriented-programming,Presentation/assets/703FC501-936C-4776-A04D-33ECD5171356/assets/703FC501-936C-4776-A04D-33ECD5171356.pdfp,79209b703f2c06dac798e39be76010dff16eb18d,VU#054
542105277,Saket-Upadhyay/CS6190-return-oriented-programming,Presentation/assets/703FC501-936C-4776-A04D-33ECD5171356/assets/703FC501-936C-4776-A04D-33ECD5171356.pdfp,79209b703f2c06dac798e39be76010dff16eb18d,VU#45
542105277,Saket-Upadhyay/CS6190-return-oriented-programming,Presentation/assets/703FC501-936C-4776-A04D-33ECD5171356/assets/703FC501-936C-4776-A04D-33ECD5171356.pdfp,79209b703f2c06dac798e39be76010dff16eb18d,VU#611
542105277,Saket-Upadhyay/CS6190-return-oriented-programming,Presentation/assets/703FC501-936C-4776-A04D-33ECD5171356/assets/703FC501-936C-4776-A04D-33ECD5171356.pdfp,79209b703f2c06dac798e39be76010dff16eb18d,VU#46
542105277,Saket-Upadhyay/CS6190-return-oriented-programming,Presentation/assets/703FC501-936C-4776-A04D-33ECD5171356/assets/703FC501-936C-4776-A04D-33ECD5171356.pdfp,79209b703f2c06dac798e39be76010dff16eb18d,VU#68
542105277,Saket-Upadhyay/CS6190-return-oriented-programming,Presentation/assets/703FC501-936C-4776-A04D-33ECD5171356/assets/703FC501-936C-4776-A04D-33ECD5171356.pdfp,79209b703f2c06dac798e39be76010dff16eb18d,VU#08
542105277,Saket-Upadhyay/CS6190-return-oriented-programming,Presentation/assets/703FC501-936C-4776-A04D-33ECD5171356/assets/703FC501-936C-4776-A04D-33ECD5171356.pdfp,79209b703f2c06dac798e39be76010dff16eb18d,VU#619
542105277,Saket-Upadhyay/CS6190-return-oriented-programming,Presentation/assets/703FC501-936C-4776-A04D-33ECD5171356/assets/703FC501-936C-4776-A04D-33ECD5171356.pdfp,79209b703f2c06dac798e39be76010dff16eb18d,VU#57
542105277,Saket-Upadhyay/CS6190-return-oriented-programming,Presentation/assets/703FC501-936C-4776-A04D-33ECD5171356/assets/703FC501-936C-4776-A04D-33ECD5171356.pdfp,79209b703f2c06dac798e39be76010dff16eb18d,VU#945
542105277,Saket-Upadhyay/CS6190-return-oriented-programming,Presentation/assets/703FC501-936C-4776-A04D-33ECD5171356/assets/703FC501-936C-4776-A04D-33ECD5171356.pdfp,79209b703f2c06dac798e39be76010dff16eb18d,VU#62
542105277,Saket-Upadhyay/CS6190-return-oriented-programming,Presentation/assets/703FC501-936C-4776-A04D-33ECD5171356/assets/703FC501-936C-4776-A04D-33ECD5171356.pdfp,79209b703f2c06dac798e39be76010dff16eb18d,VU#068
542105277,Saket-Upadhyay/CS6190-return-oriented-programming,Presentation/assets/703FC501-936C-4776-A04D-33ECD5171356/assets/703FC501-936C-4776-A04D-33ECD5171356.pdfp,79209b703f2c06dac798e39be76010dff16eb18d,VU#47
542105277,Saket-Upadhyay/CS6190-return-oriented-programming,Presentation/assets/703FC501-936C-4776-A04D-33ECD5171356/assets/703FC501-936C-4776-A04D-33ECD5171356.pdfp,79209b703f2c06dac798e39be76010dff16eb18d,VU#02
542105277,Saket-Upadhyay/CS6190-return-oriented-programming,Presentation/assets/703FC501-936C-4776-A04D-33ECD5171356/assets/703FC501-936C-4776-A04D-33ECD5171356.pdfp,79209b703f2c06dac798e39be76010dff16eb18d,VU#4797
542105277,Saket-Upadhyay/CS6190-return-oriented-programming,Presentation/assets/703FC501-936C-4776-A04D-33ECD5171356/assets/703FC501-936C-4776-A04D-33ECD5171356.pdfp,79209b703f2c06dac798e39be76010dff16eb18d,VU#67
542105277,Saket-Upadhyay/CS6190-return-oriented-programming,Presentation/assets/703FC501-936C-4776-A04D-33ECD5171356/assets/703FC501-936C-4776-A04D-33ECD5171356.pdfp,79209b703f2c06dac798e39be76010dff16eb18d,VU#06
542105277,Saket-Upadhyay/CS6190-return-oriented-programming,Presentation/assets/703FC501-936C-4776-A04D-33ECD5171356/assets/703FC501-936C-4776-A04D-33ECD5171356.pdfp,79209b703f2c06dac798e39be76010dff16eb18d,VU#21
542105277,Saket-Upadhyay/CS6190-return-oriented-programming,Presentation/assets/703FC501-936C-4776-A04D-33ECD5171356/assets/703FC501-936C-4776-A04D-33ECD5171356.pdfp,79209b703f2c06dac798e39be76010dff16eb18d,VU#73
542105277,Saket-Upadhyay/CS6190-return-oriented-programming,Presentation/assets/703FC501-936C-4776-A04D-33ECD5171356/assets/703FC501-936C-4776-A04D-33ECD5171356.pdfp,79209b703f2c06dac798e39be76010dff16eb18d,VU#058
542105277,Saket-Upadhyay/CS6190-return-oriented-programming,Presentation/assets/703FC501-936C-4776-A04D-33ECD5171356/assets/703FC501-936C-4776-A04D-33ECD5171356.pdfp,79209b703f2c06dac798e39be76010dff16eb18d,VU#49
542105277,Saket-Upadhyay/CS6190-return-oriented-programming,Presentation/assets/703FC501-936C-4776-A04D-33ECD5171356/assets/703FC501-936C-4776-A04D-33ECD5171356.pdfp,79209b703f2c06dac798e39be76010dff16eb18d,VU#09
542105277,Saket-Upadhyay/CS6190-return-oriented-programming,Presentation/assets/703FC501-936C-4776-A04D-33ECD5171356/assets/703FC501-936C-4776-A04D-33ECD5171356.pdfp,79209b703f2c06dac798e39be76010dff16eb18d,VU#979
542105277,Saket-Upadhyay/CS6190-return-oriented-programming,Presentation/assets/703FC501-936C-4776-A04D-33ECD5171356/assets/703FC501-936C-4776-A04D-33ECD5171356.pdfp,79209b703f2c06dac798e39be76010dff16eb18d,VU#26
542105277,Saket-Upadhyay/CS6190-return-oriented-programming,Presentation/assets/703FC501-936C-4776-A04D-33ECD5171356/assets/703FC501-936C-4776-A04D-33ECD5171356.pdfp,79209b703f2c06dac798e39be76010dff16eb18d,VU#24
542105277,Saket-Upadhyay/CS6190-return-oriented-programming,Presentation/assets/703FC501-936C-4776-A04D-33ECD5171356/assets/703FC501-936C-4776-A04D-33ECD5171356.pdfp,79209b703f2c06dac798e39be76010dff16eb18d,VU#88
542105277,Saket-Upadhyay/CS6190-return-oriented-programming,Presentation/assets/703FC501-936C-4776-A04D-33ECD5171356/assets/703FC501-936C-4776-A04D-33ECD5171356.pdfp,79209b703f2c06dac798e39be76010dff16eb18d,VU#75
542105277,Saket-Upadhyay/CS6190-return-oriented-programming,Presentation/assets/703FC501-936C-4776-A04D-33ECD5171356/assets/703FC501-936C-4776-A04D-33ECD5171356.pdfp,79209b703f2c06dac798e39be76010dff16eb18d,VU#29
542105277,Saket-Upadhyay/CS6190-return-oriented-programming,Presentation/assets/703FC501-936C-4776-A04D-33ECD5171356/assets/703FC501-936C-4776-A04D-33ECD5171356.pdfp,79209b703f2c06dac798e39be76010dff16eb18d,VU#18
542105277,Saket-Upadhyay/CS6190-return-oriented-programming,Presentation/assets/703FC501-936C-4776-A04D-33ECD5171356/assets/703FC501-936C-4776-A04D-33ECD5171356.pdfp,79209b703f2c06dac798e39be76010dff16eb18d,VU#78
542105277,Saket-Upadhyay/CS6190-return-oriented-programming,Presentation/assets/703FC501-936C-4776-A04D-33ECD5171356/assets/703FC501-936C-4776-A04D-33ECD5171356.pdfp,79209b703f2c06dac798e39be76010dff16eb18d,VU#35
542105277,Saket-Upadhyay/CS6190-return-oriented-programming,Presentation/assets/703FC501-936C-4776-A04D-33ECD5171356/assets/703FC501-936C-4776-A04D-33ECD5171356.pdfp,79209b703f2c06dac798e39be76010dff16eb18d,VU#863
542105277,Saket-Upadhyay/CS6190-return-oriented-programming,Presentation/assets/703FC501-936C-4776-A04D-33ECD5171356/assets/703FC501-936C-4776-A04D-33ECD5171356.pdfp,79209b703f2c06dac798e39be76010dff16eb18d,VU#291
542105277,Saket-Upadhyay/CS6190-return-oriented-programming,Presentation/assets/703FC501-936C-4776-A04D-33ECD5171356/assets/703FC501-936C-4776-A04D-33ECD5171356.pdfp,79209b703f2c06dac798e39be76010dff16eb18d,VU#907
542105277,Saket-Upadhyay/CS6190-return-oriented-programming,Presentation/assets/703FC501-936C-4776-A04D-33ECD5171356/assets/703FC501-936C-4776-A04D-33ECD5171356.pdfp,79209b703f2c06dac798e39be76010dff16eb18d,VU#81
542105277,Saket-Upadhyay/CS6190-return-oriented-programming,Presentation/assets/703FC501-936C-4776-A04D-33ECD5171356/assets/703FC501-936C-4776-A04D-33ECD5171356.pdfp,79209b703f2c06dac798e39be76010dff16eb18d,VU#295
542105277,Saket-Upadhyay/CS6190-return-oriented-programming,Presentation/assets/703FC501-936C-4776-A04D-33ECD5171356/assets/703FC501-936C-4776-A04D-33ECD5171356.pdfp,79209b703f2c06dac798e39be76010dff16eb18d,VU#16
542105277,Saket-Upadhyay/CS6190-return-oriented-programming,Presentation/assets/703FC501-936C-4776-A04D-33ECD5171356/assets/703FC501-936C-4776-A04D-33ECD5171356.pdfp,79209b703f2c06dac798e39be76010dff16eb18d,VU#77
542105277,Saket-Upadhyay/CS6190-return-oriented-programming,Presentation/assets/703FC501-936C-4776-A04D-33ECD5171356/assets/703FC501-936C-4776-A04D-33ECD5171356.pdfp,79209b703f2c06dac798e39be76010dff16eb18d,VU#90
542105277,Saket-Upadhyay/CS6190-return-oriented-programming,Presentation/assets/703FC501-936C-4776-A04D-33ECD5171356/assets/703FC501-936C-4776-A04D-33ECD5171356.pdfp,79209b703f2c06dac798e39be76010dff16eb18d,VU#60
542105277,Saket-Upadhyay/CS6190-return-oriented-programming,Presentation/assets/703FC501-936C-4776-A04D-33ECD5171356/assets/703FC501-936C-4776-A04D-33ECD5171356.pdfp,79209b703f2c06dac798e39be76010dff16eb18d,VU#15
542105277,Saket-Upadhyay/CS6190-return-oriented-programming,Presentation/assets/703FC501-936C-4776-A04D-33ECD5171356/assets/703FC501-936C-4776-A04D-33ECD5171356.pdfp,79209b703f2c06dac798e39be76010dff16eb18d,VU#30
542105277,Saket-Upadhyay/CS6190-return-oriented-programming,Presentation/assets/703FC501-936C-4776-A04D-33ECD5171356/assets/703FC501-936C-4776-A04D-33ECD5171356.pdfp,79209b703f2c06dac798e39be76010dff16eb18d,VU#89
542105277,Saket-Upadhyay/CS6190-return-oriented-programming,Presentation/assets/703FC501-936C-4776-A04D-33ECD5171356/assets/703FC501-936C-4776-A04D-33ECD5171356.pdfp,79209b703f2c06dac798e39be76010dff16eb18d,VU#34
542105277,Saket-Upadhyay/CS6190-return-oriented-programming,Presentation/assets/703FC501-936C-4776-A04D-33ECD5171356/assets/703FC501-936C-4776-A04D-33ECD5171356.pdfp,79209b703f2c06dac798e39be76010dff16eb18d,VU#31
542105277,Saket-Upadhyay/CS6190-return-oriented-programming,Presentation/assets/703FC501-936C-4776-A04D-33ECD5171356/assets/703FC501-936C-4776-A04D-33ECD5171356.pdfp,79209b703f2c06dac798e39be76010dff16eb18d,VU#74
542105277,Saket-Upadhyay/CS6190-return-oriented-programming,Presentation/assets/703FC501-936C-4776-A04D-33ECD5171356/assets/703FC501-936C-4776-A04D-33ECD5171356.pdfp,79209b703f2c06dac798e39be76010dff16eb18d,VU#20
542105277,Saket-Upadhyay/CS6190-return-oriented-programming,Presentation/assets/703FC501-936C-4776-A04D-33ECD5171356/assets/703FC501-936C-4776-A04D-33ECD5171356.pdfp,79209b703f2c06dac798e39be76010dff16eb18d,VU#76
542105277,Saket-Upadhyay/CS6190-return-oriented-programming,Presentation/assets/703FC501-936C-4776-A04D-33ECD5171356/assets/703FC501-936C-4776-A04D-33ECD5171356.pdfp,79209b703f2c06dac798e39be76010dff16eb18d,VU#91
542105277,Saket-Upadhyay/CS6190-return-oriented-programming,Presentation/assets/703FC501-936C-4776-A04D-33ECD5171356/assets/703FC501-936C-4776-A04D-33ECD5171356.pdfp,79209b703f2c06dac798e39be76010dff16eb18d,VU#325
542105277,Saket-Upadhyay/CS6190-return-oriented-programming,Presentation/assets/703FC501-936C-4776-A04D-33ECD5171356/assets/703FC501-936C-4776-A04D-33ECD5171356.pdfp,79209b703f2c06dac798e39be76010dff16eb18d,VU#33
542105277,Saket-Upadhyay/CS6190-return-oriented-programming,Presentation/assets/703FC501-936C-4776-A04D-33ECD5171356/assets/703FC501-936C-4776-A04D-33ECD5171356.pdfp,79209b703f2c06dac798e39be76010dff16eb18d,VU#736
542105277,Saket-Upadhyay/CS6190-return-oriented-programming,Presentation/assets/703FC501-936C-4776-A04D-33ECD5171356/assets/703FC501-936C-4776-A04D-33ECD5171356.pdfp,79209b703f2c06dac798e39be76010dff16eb18d,VU#32
542105277,Saket-Upadhyay/CS6190-return-oriented-programming,Presentation/assets/703FC501-936C-4776-A04D-33ECD5171356/assets/703FC501-936C-4776-A04D-33ECD5171356.pdfp,79209b703f2c06dac798e39be76010dff16eb18d,VU#791
542105277,Saket-Upadhyay/CS6190-return-oriented-programming,Presentation/assets/703FC501-936C-4776-A04D-33ECD5171356/assets/703FC501-936C-4776-A04D-33ECD5171356.pdfp,79209b703f2c06dac798e39be76010dff16eb18d,VU#19
542105277,Saket-Upadhyay/CS6190-return-oriented-programming,Presentation/assets/703FC501-936C-4776-A04D-33ECD5171356/assets/703FC501-936C-4776-A04D-33ECD5171356.pdfp,79209b703f2c06dac798e39be76010dff16eb18d,VU#79
542105277,Saket-Upadhyay/CS6190-return-oriented-programming,Presentation/assets/703FC501-936C-4776-A04D-33ECD5171356/assets/703FC501-936C-4776-A04D-33ECD5171356.pdfp,79209b703f2c06dac798e39be76010dff16eb18d,VU#36
542105277,Saket-Upadhyay/CS6190-return-oriented-programming,Presentation/assets/703FC501-936C-4776-A04D-33ECD5171356/assets/703FC501-936C-4776-A04D-33ECD5171356.pdfp,79209b703f2c06dac798e39be76010dff16eb18d,VU#17
542105277,Saket-Upadhyay/CS6190-return-oriented-programming,Presentation/assets/703FC501-936C-4776-A04D-33ECD5171356/assets/703FC501-936C-4776-A04D-33ECD5171356.pdfp,79209b703f2c06dac798e39be76010dff16eb18d,VU#28
542105277,Saket-Upadhyay/CS6190-return-oriented-programming,Presentation/assets/703FC501-936C-4776-A04D-33ECD5171356/assets/703FC501-936C-4776-A04D-33ECD5171356.pdfp,79209b703f2c06dac798e39be76010dff16eb18d,VU#8000
542105277,Saket-Upadhyay/CS6190-return-oriented-programming,Presentation/assets/703FC501-936C-4776-A04D-33ECD5171356/assets/703FC501-936C-4776-A04D-33ECD5171356.pdfp,79209b703f2c06dac798e39be76010dff16eb18d,VU#14
542105277,Saket-Upadhyay/CS6190-return-oriented-programming,Presentation/assets/1D3203CA-0A6A-40FF-947B-957D5B3E9ADF/assets/1D3203CA-0A6A-40FF-947B-957D5B3E9ADF.pdf,84d7cdfb4109749063c4de208676885345e1056c,VU#27
542105277,Saket-Upadhyay/CS6190-return-oriented-programming,Presentation/assets/20CD1C23-CD66-49F2-8DE4-B63E70C48027/assets/20CD1C23-CD66-49F2-8DE4-B63E70C48027.pdfp,889ba76547092db5353713d351de1a740d78a91c,VU#96
542105277,Saket-Upadhyay/CS6190-return-oriented-programming,Presentation/assets/20CD1C23-CD66-49F2-8DE4-B63E70C48027/assets/20CD1C23-CD66-49F2-8DE4-B63E70C48027.pdfp,889ba76547092db5353713d351de1a740d78a91c,VU#17
542105277,Saket-Upadhyay/CS6190-return-oriented-programming,Presentation/assets/20CD1C23-CD66-49F2-8DE4-B63E70C48027/assets/20CD1C23-CD66-49F2-8DE4-B63E70C48027.pdfp,889ba76547092db5353713d351de1a740d78a91c,VU#51
542105277,Saket-Upadhyay/CS6190-return-oriented-programming,Presentation/assets/20CD1C23-CD66-49F2-8DE4-B63E70C48027/assets/20CD1C23-CD66-49F2-8DE4-B63E70C48027.pdfp,889ba76547092db5353713d351de1a740d78a91c,VU#05
542105277,Saket-Upadhyay/CS6190-return-oriented-programming,Presentation/assets/20CD1C23-CD66-49F2-8DE4-B63E70C48027/assets/20CD1C23-CD66-49F2-8DE4-B63E70C48027.pdfp,889ba76547092db5353713d351de1a740d78a91c,VU#510
542105277,Saket-Upadhyay/CS6190-return-oriented-programming,Presentation/assets/20CD1C23-CD66-49F2-8DE4-B63E70C48027/assets/20CD1C23-CD66-49F2-8DE4-B63E70C48027.pdfp,889ba76547092db5353713d351de1a740d78a91c,VU#21
542105277,Saket-Upadhyay/CS6190-return-oriented-programming,Presentation/assets/20CD1C23-CD66-49F2-8DE4-B63E70C48027/assets/20CD1C23-CD66-49F2-8DE4-B63E70C48027.pdfp,889ba76547092db5353713d351de1a740d78a91c,VU#31
542105277,Saket-Upadhyay/CS6190-return-oriented-programming,Presentation/assets/20CD1C23-CD66-49F2-8DE4-B63E70C48027/assets/20CD1C23-CD66-49F2-8DE4-B63E70C48027.pdfp,889ba76547092db5353713d351de1a740d78a91c,VU#163
542105277,Saket-Upadhyay/CS6190-return-oriented-programming,Presentation/assets/20CD1C23-CD66-49F2-8DE4-B63E70C48027/assets/20CD1C23-CD66-49F2-8DE4-B63E70C48027.pdfp,889ba76547092db5353713d351de1a740d78a91c,VU#8988
542105277,Saket-Upadhyay/CS6190-return-oriented-programming,Presentation/assets/20CD1C23-CD66-49F2-8DE4-B63E70C48027/assets/20CD1C23-CD66-49F2-8DE4-B63E70C48027.pdfp,889ba76547092db5353713d351de1a740d78a91c,VU#49
542105277,Saket-Upadhyay/CS6190-return-oriented-programming,Presentation/assets/20CD1C23-CD66-49F2-8DE4-B63E70C48027/assets/20CD1C23-CD66-49F2-8DE4-B63E70C48027.pdfp,889ba76547092db5353713d351de1a740d78a91c,VU#76
542105277,Saket-Upadhyay/CS6190-return-oriented-programming,Presentation/assets/20CD1C23-CD66-49F2-8DE4-B63E70C48027/assets/20CD1C23-CD66-49F2-8DE4-B63E70C48027.pdfp,889ba76547092db5353713d351de1a740d78a91c,VU#77
542105277,Saket-Upadhyay/CS6190-return-oriented-programming,Presentation/assets/20CD1C23-CD66-49F2-8DE4-B63E70C48027/assets/20CD1C23-CD66-49F2-8DE4-B63E70C48027.pdfp,889ba76547092db5353713d351de1a740d78a91c,VU#32
542105277,Saket-Upadhyay/CS6190-return-oriented-programming,Presentation/assets/20CD1C23-CD66-49F2-8DE4-B63E70C48027/assets/20CD1C23-CD66-49F2-8DE4-B63E70C48027.pdfp,889ba76547092db5353713d351de1a740d78a91c,VU#47
542105277,Saket-Upadhyay/CS6190-return-oriented-programming,Presentation/assets/20CD1C23-CD66-49F2-8DE4-B63E70C48027/assets/20CD1C23-CD66-49F2-8DE4-B63E70C48027.pdfp,889ba76547092db5353713d351de1a740d78a91c,VU#48
542105277,Saket-Upadhyay/CS6190-return-oriented-programming,Presentation/assets/20CD1C23-CD66-49F2-8DE4-B63E70C48027/assets/20CD1C23-CD66-49F2-8DE4-B63E70C48027.pdfp,889ba76547092db5353713d351de1a740d78a91c,VU#884
542105277,Saket-Upadhyay/CS6190-return-oriented-programming,Presentation/assets/20CD1C23-CD66-49F2-8DE4-B63E70C48027/assets/20CD1C23-CD66-49F2-8DE4-B63E70C48027.pdfp,889ba76547092db5353713d351de1a740d78a91c,VU#52
542105277,Saket-Upadhyay/CS6190-return-oriented-programming,Presentation/assets/20CD1C23-CD66-49F2-8DE4-B63E70C48027/assets/20CD1C23-CD66-49F2-8DE4-B63E70C48027.pdfp,889ba76547092db5353713d351de1a740d78a91c,VU#99
542105277,Saket-Upadhyay/CS6190-return-oriented-programming,Presentation/assets/20CD1C23-CD66-49F2-8DE4-B63E70C48027/assets/20CD1C23-CD66-49F2-8DE4-B63E70C48027.pdfp,889ba76547092db5353713d351de1a740d78a91c,VU#80
542105277,Saket-Upadhyay/CS6190-return-oriented-programming,Presentation/assets/20CD1C23-CD66-49F2-8DE4-B63E70C48027/assets/20CD1C23-CD66-49F2-8DE4-B63E70C48027.pdfp,889ba76547092db5353713d351de1a740d78a91c,VU#00
542105277,Saket-Upadhyay/CS6190-return-oriented-programming,Presentation/assets/20CD1C23-CD66-49F2-8DE4-B63E70C48027/assets/20CD1C23-CD66-49F2-8DE4-B63E70C48027.pdfp,889ba76547092db5353713d351de1a740d78a91c,VU#59
542105277,Saket-Upadhyay/CS6190-return-oriented-programming,Presentation/assets/20CD1C23-CD66-49F2-8DE4-B63E70C48027/assets/20CD1C23-CD66-49F2-8DE4-B63E70C48027.pdfp,889ba76547092db5353713d351de1a740d78a91c,VU#87
542105277,Saket-Upadhyay/CS6190-return-oriented-programming,Presentation/assets/20CD1C23-CD66-49F2-8DE4-B63E70C48027/assets/20CD1C23-CD66-49F2-8DE4-B63E70C48027.pdfp,889ba76547092db5353713d351de1a740d78a91c,VU#61
542105277,Saket-Upadhyay/CS6190-return-oriented-programming,Presentation/assets/20CD1C23-CD66-49F2-8DE4-B63E70C48027/assets/20CD1C23-CD66-49F2-8DE4-B63E70C48027.pdfp,889ba76547092db5353713d351de1a740d78a91c,VU#27
542105277,Saket-Upadhyay/CS6190-return-oriented-programming,Presentation/assets/20CD1C23-CD66-49F2-8DE4-B63E70C48027/assets/20CD1C23-CD66-49F2-8DE4-B63E70C48027.pdfp,889ba76547092db5353713d351de1a740d78a91c,VU#22
542105277,Saket-Upadhyay/CS6190-return-oriented-programming,Presentation/assets/20CD1C23-CD66-49F2-8DE4-B63E70C48027/assets/20CD1C23-CD66-49F2-8DE4-B63E70C48027.pdfp,889ba76547092db5353713d351de1a740d78a91c,VU#58
542105277,Saket-Upadhyay/CS6190-return-oriented-programming,Presentation/assets/20CD1C23-CD66-49F2-8DE4-B63E70C48027/assets/20CD1C23-CD66-49F2-8DE4-B63E70C48027.pdfp,889ba76547092db5353713d351de1a740d78a91c,VU#28
542105277,Saket-Upadhyay/CS6190-return-oriented-programming,Presentation/assets/20CD1C23-CD66-49F2-8DE4-B63E70C48027/assets/20CD1C23-CD66-49F2-8DE4-B63E70C48027.pdfp,889ba76547092db5353713d351de1a740d78a91c,VU#02
542105277,Saket-Upadhyay/CS6190-return-oriented-programming,Presentation/assets/20CD1C23-CD66-49F2-8DE4-B63E70C48027/assets/20CD1C23-CD66-49F2-8DE4-B63E70C48027.pdfp,889ba76547092db5353713d351de1a740d78a91c,VU#64
542105277,Saket-Upadhyay/CS6190-return-oriented-programming,Presentation/assets/20CD1C23-CD66-49F2-8DE4-B63E70C48027/assets/20CD1C23-CD66-49F2-8DE4-B63E70C48027.pdfp,889ba76547092db5353713d351de1a740d78a91c,VU#57
542105277,Saket-Upadhyay/CS6190-return-oriented-programming,Presentation/assets/20CD1C23-CD66-49F2-8DE4-B63E70C48027/assets/20CD1C23-CD66-49F2-8DE4-B63E70C48027.pdfp,889ba76547092db5353713d351de1a740d78a91c,VU#62
542105277,Saket-Upadhyay/CS6190-return-oriented-programming,Presentation/assets/20CD1C23-CD66-49F2-8DE4-B63E70C48027/assets/20CD1C23-CD66-49F2-8DE4-B63E70C48027.pdfp,889ba76547092db5353713d351de1a740d78a91c,VU#29
542105277,Saket-Upadhyay/CS6190-return-oriented-programming,Presentation/assets/20CD1C23-CD66-49F2-8DE4-B63E70C48027/assets/20CD1C23-CD66-49F2-8DE4-B63E70C48027.pdfp,889ba76547092db5353713d351de1a740d78a91c,VU#56
542105277,Saket-Upadhyay/CS6190-return-oriented-programming,Presentation/assets/20CD1C23-CD66-49F2-8DE4-B63E70C48027/assets/20CD1C23-CD66-49F2-8DE4-B63E70C48027.pdfp,889ba76547092db5353713d351de1a740d78a91c,VU#55
542105277,Saket-Upadhyay/CS6190-return-oriented-programming,Presentation/assets/20CD1C23-CD66-49F2-8DE4-B63E70C48027/assets/20CD1C23-CD66-49F2-8DE4-B63E70C48027.pdfp,889ba76547092db5353713d351de1a740d78a91c,VU#78
542105277,Saket-Upadhyay/CS6190-return-oriented-programming,Presentation/assets/20CD1C23-CD66-49F2-8DE4-B63E70C48027/assets/20CD1C23-CD66-49F2-8DE4-B63E70C48027.pdfp,889ba76547092db5353713d351de1a740d78a91c,VU#18
542105277,Saket-Upadhyay/CS6190-return-oriented-programming,Presentation/assets/20CD1C23-CD66-49F2-8DE4-B63E70C48027/assets/20CD1C23-CD66-49F2-8DE4-B63E70C48027.pdfp,889ba76547092db5353713d351de1a740d78a91c,VU#54
542105277,Saket-Upadhyay/CS6190-return-oriented-programming,Presentation/assets/20CD1C23-CD66-49F2-8DE4-B63E70C48027/assets/20CD1C23-CD66-49F2-8DE4-B63E70C48027.pdfp,889ba76547092db5353713d351de1a740d78a91c,VU#30
542105277,Saket-Upadhyay/CS6190-return-oriented-programming,Presentation/assets/20CD1C23-CD66-49F2-8DE4-B63E70C48027/assets/20CD1C23-CD66-49F2-8DE4-B63E70C48027.pdfp,889ba76547092db5353713d351de1a740d78a91c,VU#53732
542105277,Saket-Upadhyay/CS6190-return-oriented-programming,Presentation/assets/20CD1C23-CD66-49F2-8DE4-B63E70C48027/assets/20CD1C23-CD66-49F2-8DE4-B63E70C48027.pdfp,889ba76547092db5353713d351de1a740d78a91c,VU#778
542105277,Saket-Upadhyay/CS6190-return-oriented-programming,Presentation/assets/20CD1C23-CD66-49F2-8DE4-B63E70C48027/assets/20CD1C23-CD66-49F2-8DE4-B63E70C48027.pdfp,889ba76547092db5353713d351de1a740d78a91c,VU#89
542105277,Saket-Upadhyay/CS6190-return-oriented-programming,Presentation/assets/20CD1C23-CD66-49F2-8DE4-B63E70C48027/assets/20CD1C23-CD66-49F2-8DE4-B63E70C48027.pdfp,889ba76547092db5353713d351de1a740d78a91c,VU#973
542105277,Saket-Upadhyay/CS6190-return-oriented-programming,Presentation/assets/20CD1C23-CD66-49F2-8DE4-B63E70C48027/assets/20CD1C23-CD66-49F2-8DE4-B63E70C48027.pdfp,889ba76547092db5353713d351de1a740d78a91c,VU#46
542105277,Saket-Upadhyay/CS6190-return-oriented-programming,Presentation/assets/20CD1C23-CD66-49F2-8DE4-B63E70C48027/assets/20CD1C23-CD66-49F2-8DE4-B63E70C48027.pdfp,889ba76547092db5353713d351de1a740d78a91c,VU#8957
542105277,Saket-Upadhyay/CS6190-return-oriented-programming,Presentation/assets/20CD1C23-CD66-49F2-8DE4-B63E70C48027/assets/20CD1C23-CD66-49F2-8DE4-B63E70C48027.pdfp,889ba76547092db5353713d351de1a740d78a91c,VU#11
542105277,Saket-Upadhyay/CS6190-return-oriented-programming,Presentation/assets/20CD1C23-CD66-49F2-8DE4-B63E70C48027/assets/20CD1C23-CD66-49F2-8DE4-B63E70C48027.pdfp,889ba76547092db5353713d351de1a740d78a91c,VU#926
542105277,Saket-Upadhyay/CS6190-return-oriented-programming,Presentation/assets/20CD1C23-CD66-49F2-8DE4-B63E70C48027/assets/20CD1C23-CD66-49F2-8DE4-B63E70C48027.pdfp,889ba76547092db5353713d351de1a740d78a91c,VU#74
542105277,Saket-Upadhyay/CS6190-return-oriented-programming,Presentation/assets/20CD1C23-CD66-49F2-8DE4-B63E70C48027/assets/20CD1C23-CD66-49F2-8DE4-B63E70C48027.pdfp,889ba76547092db5353713d351de1a740d78a91c,VU#72
542105277,Saket-Upadhyay/CS6190-return-oriented-programming,Presentation/assets/20CD1C23-CD66-49F2-8DE4-B63E70C48027/assets/20CD1C23-CD66-49F2-8DE4-B63E70C48027.pdfp,889ba76547092db5353713d351de1a740d78a91c,VU#93
542105277,Saket-Upadhyay/CS6190-return-oriented-programming,Presentation/assets/20CD1C23-CD66-49F2-8DE4-B63E70C48027/assets/20CD1C23-CD66-49F2-8DE4-B63E70C48027.pdfp,889ba76547092db5353713d351de1a740d78a91c,VU#75
542105277,Saket-Upadhyay/CS6190-return-oriented-programming,Presentation/assets/20CD1C23-CD66-49F2-8DE4-B63E70C48027/assets/20CD1C23-CD66-49F2-8DE4-B63E70C48027.pdfp,889ba76547092db5353713d351de1a740d78a91c,VU#70
542105277,Saket-Upadhyay/CS6190-return-oriented-programming,Presentation/assets/20CD1C23-CD66-49F2-8DE4-B63E70C48027/assets/20CD1C23-CD66-49F2-8DE4-B63E70C48027.pdfp,889ba76547092db5353713d351de1a740d78a91c,VU#90
542105277,Saket-Upadhyay/CS6190-return-oriented-programming,Presentation/assets/20CD1C23-CD66-49F2-8DE4-B63E70C48027/assets/20CD1C23-CD66-49F2-8DE4-B63E70C48027.pdfp,889ba76547092db5353713d351de1a740d78a91c,VU#35
542105277,Saket-Upadhyay/CS6190-return-oriented-programming,Presentation/assets/20CD1C23-CD66-49F2-8DE4-B63E70C48027/assets/20CD1C23-CD66-49F2-8DE4-B63E70C48027.pdfp,889ba76547092db5353713d351de1a740d78a91c,VU#394
542105277,Saket-Upadhyay/CS6190-return-oriented-programming,Presentation/assets/20CD1C23-CD66-49F2-8DE4-B63E70C48027/assets/20CD1C23-CD66-49F2-8DE4-B63E70C48027.pdfp,889ba76547092db5353713d351de1a740d78a91c,VU#25
542105277,Saket-Upadhyay/CS6190-return-oriented-programming,Presentation/assets/20CD1C23-CD66-49F2-8DE4-B63E70C48027/assets/20CD1C23-CD66-49F2-8DE4-B63E70C48027.pdfp,889ba76547092db5353713d351de1a740d78a91c,VU#091
542105277,Saket-Upadhyay/CS6190-return-oriented-programming,Presentation/assets/20CD1C23-CD66-49F2-8DE4-B63E70C48027/assets/20CD1C23-CD66-49F2-8DE4-B63E70C48027.pdfp,889ba76547092db5353713d351de1a740d78a91c,VU#14
542105277,Saket-Upadhyay/CS6190-return-oriented-programming,Presentation/assets/20CD1C23-CD66-49F2-8DE4-B63E70C48027/assets/20CD1C23-CD66-49F2-8DE4-B63E70C48027.pdfp,889ba76547092db5353713d351de1a740d78a91c,VU#39
542105277,Saket-Upadhyay/CS6190-return-oriented-programming,Presentation/assets/20CD1C23-CD66-49F2-8DE4-B63E70C48027/assets/20CD1C23-CD66-49F2-8DE4-B63E70C48027.pdfp,889ba76547092db5353713d351de1a740d78a91c,VU#36
542105277,Saket-Upadhyay/CS6190-return-oriented-programming,Presentation/assets/20CD1C23-CD66-49F2-8DE4-B63E70C48027/assets/20CD1C23-CD66-49F2-8DE4-B63E70C48027.pdfp,889ba76547092db5353713d351de1a740d78a91c,VU#13
542105277,Saket-Upadhyay/CS6190-return-oriented-programming,Presentation/assets/20CD1C23-CD66-49F2-8DE4-B63E70C48027/assets/20CD1C23-CD66-49F2-8DE4-B63E70C48027.pdfp,889ba76547092db5353713d351de1a740d78a91c,VU#12
542105277,Saket-Upadhyay/CS6190-return-oriented-programming,Presentation/assets/20CD1C23-CD66-49F2-8DE4-B63E70C48027/assets/20CD1C23-CD66-49F2-8DE4-B63E70C48027.pdfp,889ba76547092db5353713d351de1a740d78a91c,VU#81
542105277,Saket-Upadhyay/CS6190-return-oriented-programming,Presentation/assets/20CD1C23-CD66-49F2-8DE4-B63E70C48027/assets/20CD1C23-CD66-49F2-8DE4-B63E70C48027.pdfp,889ba76547092db5353713d351de1a740d78a91c,VU#700
542105277,Saket-Upadhyay/CS6190-return-oriented-programming,Presentation/assets/20CD1C23-CD66-49F2-8DE4-B63E70C48027/assets/20CD1C23-CD66-49F2-8DE4-B63E70C48027.pdfp,889ba76547092db5353713d351de1a740d78a91c,VU#94
542105277,Saket-Upadhyay/CS6190-return-oriented-programming,Presentation/assets/20CD1C23-CD66-49F2-8DE4-B63E70C48027/assets/20CD1C23-CD66-49F2-8DE4-B63E70C48027.pdfp,889ba76547092db5353713d351de1a740d78a91c,VU#73
542105277,Saket-Upadhyay/CS6190-return-oriented-programming,Presentation/assets/20CD1C23-CD66-49F2-8DE4-B63E70C48027/assets/20CD1C23-CD66-49F2-8DE4-B63E70C48027.pdfp,889ba76547092db5353713d351de1a740d78a91c,VU#15
542105277,Saket-Upadhyay/CS6190-return-oriented-programming,Presentation/assets/20CD1C23-CD66-49F2-8DE4-B63E70C48027/assets/20CD1C23-CD66-49F2-8DE4-B63E70C48027.pdfp,889ba76547092db5353713d351de1a740d78a91c,VU#34
542105277,Saket-Upadhyay/CS6190-return-oriented-programming,Presentation/assets/20CD1C23-CD66-49F2-8DE4-B63E70C48027/assets/20CD1C23-CD66-49F2-8DE4-B63E70C48027.pdfp,889ba76547092db5353713d351de1a740d78a91c,VU#756
542105277,Saket-Upadhyay/CS6190-return-oriented-programming,Presentation/assets/20CD1C23-CD66-49F2-8DE4-B63E70C48027/assets/20CD1C23-CD66-49F2-8DE4-B63E70C48027.pdfp,889ba76547092db5353713d351de1a740d78a91c,VU#33
542105277,Saket-Upadhyay/CS6190-return-oriented-programming,Presentation/assets/20CD1C23-CD66-49F2-8DE4-B63E70C48027/assets/20CD1C23-CD66-49F2-8DE4-B63E70C48027.pdfp,889ba76547092db5353713d351de1a740d78a91c,VU#37
542105277,Saket-Upadhyay/CS6190-return-oriented-programming,Presentation/assets/20CD1C23-CD66-49F2-8DE4-B63E70C48027/assets/20CD1C23-CD66-49F2-8DE4-B63E70C48027.pdfp,889ba76547092db5353713d351de1a740d78a91c,VU#71
542105277,Saket-Upadhyay/CS6190-return-oriented-programming,Presentation/assets/841B7F02-0AD1-4229-A975-AD3A21DEA7B6/assets/841B7F02-0AD1-4229-A975-AD3A21DEA7B6.pdfp,98063fca2669666520b9f26f9a5201e9c1e6cd2d,VU#02
542105277,Saket-Upadhyay/CS6190-return-oriented-programming,Presentation/assets/841B7F02-0AD1-4229-A975-AD3A21DEA7B6/assets/841B7F02-0AD1-4229-A975-AD3A21DEA7B6.pdfp,98063fca2669666520b9f26f9a5201e9c1e6cd2d,VU#97
542105277,Saket-Upadhyay/CS6190-return-oriented-programming,Presentation/assets/841B7F02-0AD1-4229-A975-AD3A21DEA7B6/assets/841B7F02-0AD1-4229-A975-AD3A21DEA7B6.pdfp,98063fca2669666520b9f26f9a5201e9c1e6cd2d,VU#63
542105277,Saket-Upadhyay/CS6190-return-oriented-programming,Presentation/assets/841B7F02-0AD1-4229-A975-AD3A21DEA7B6/assets/841B7F02-0AD1-4229-A975-AD3A21DEA7B6.pdfp,98063fca2669666520b9f26f9a5201e9c1e6cd2d,VU#85
542105277,Saket-Upadhyay/CS6190-return-oriented-programming,Presentation/assets/841B7F02-0AD1-4229-A975-AD3A21DEA7B6/assets/841B7F02-0AD1-4229-A975-AD3A21DEA7B6.pdfp,98063fca2669666520b9f26f9a5201e9c1e6cd2d,VU#40
542105277,Saket-Upadhyay/CS6190-return-oriented-programming,Presentation/assets/841B7F02-0AD1-4229-A975-AD3A21DEA7B6/assets/841B7F02-0AD1-4229-A975-AD3A21DEA7B6.pdfp,98063fca2669666520b9f26f9a5201e9c1e6cd2d,VU#64
542105277,Saket-Upadhyay/CS6190-return-oriented-programming,Presentation/assets/841B7F02-0AD1-4229-A975-AD3A21DEA7B6/assets/841B7F02-0AD1-4229-A975-AD3A21DEA7B6.pdfp,98063fca2669666520b9f26f9a5201e9c1e6cd2d,VU#70
542105277,Saket-Upadhyay/CS6190-return-oriented-programming,Presentation/assets/841B7F02-0AD1-4229-A975-AD3A21DEA7B6/assets/841B7F02-0AD1-4229-A975-AD3A21DEA7B6.pdfp,98063fca2669666520b9f26f9a5201e9c1e6cd2d,VU#24
542105277,Saket-Upadhyay/CS6190-return-oriented-programming,Presentation/assets/841B7F02-0AD1-4229-A975-AD3A21DEA7B6/assets/841B7F02-0AD1-4229-A975-AD3A21DEA7B6.pdfp,98063fca2669666520b9f26f9a5201e9c1e6cd2d,VU#3087
542105277,Saket-Upadhyay/CS6190-return-oriented-programming,Presentation/assets/841B7F02-0AD1-4229-A975-AD3A21DEA7B6/assets/841B7F02-0AD1-4229-A975-AD3A21DEA7B6.pdfp,98063fca2669666520b9f26f9a5201e9c1e6cd2d,VU#10
542105277,Saket-Upadhyay/CS6190-return-oriented-programming,Presentation/assets/841B7F02-0AD1-4229-A975-AD3A21DEA7B6/assets/841B7F02-0AD1-4229-A975-AD3A21DEA7B6.pdfp,98063fca2669666520b9f26f9a5201e9c1e6cd2d,VU#632
542105277,Saket-Upadhyay/CS6190-return-oriented-programming,Presentation/assets/841B7F02-0AD1-4229-A975-AD3A21DEA7B6/assets/841B7F02-0AD1-4229-A975-AD3A21DEA7B6.pdfp,98063fca2669666520b9f26f9a5201e9c1e6cd2d,VU#1575
542105277,Saket-Upadhyay/CS6190-return-oriented-programming,Presentation/assets/841B7F02-0AD1-4229-A975-AD3A21DEA7B6/assets/841B7F02-0AD1-4229-A975-AD3A21DEA7B6.pdfp,98063fca2669666520b9f26f9a5201e9c1e6cd2d,VU#76
542105277,Saket-Upadhyay/CS6190-return-oriented-programming,Presentation/assets/841B7F02-0AD1-4229-A975-AD3A21DEA7B6/assets/841B7F02-0AD1-4229-A975-AD3A21DEA7B6.pdfp,98063fca2669666520b9f26f9a5201e9c1e6cd2d,VU#745
542105277,Saket-Upadhyay/CS6190-return-oriented-programming,Presentation/assets/841B7F02-0AD1-4229-A975-AD3A21DEA7B6/assets/841B7F02-0AD1-4229-A975-AD3A21DEA7B6.pdfp,98063fca2669666520b9f26f9a5201e9c1e6cd2d,VU#88
542105277,Saket-Upadhyay/CS6190-return-oriented-programming,Presentation/assets/841B7F02-0AD1-4229-A975-AD3A21DEA7B6/assets/841B7F02-0AD1-4229-A975-AD3A21DEA7B6.pdfp,98063fca2669666520b9f26f9a5201e9c1e6cd2d,VU#06
542105277,Saket-Upadhyay/CS6190-return-oriented-programming,Presentation/assets/841B7F02-0AD1-4229-A975-AD3A21DEA7B6/assets/841B7F02-0AD1-4229-A975-AD3A21DEA7B6.pdfp,98063fca2669666520b9f26f9a5201e9c1e6cd2d,VU#9513
542105277,Saket-Upadhyay/CS6190-return-oriented-programming,Presentation/assets/841B7F02-0AD1-4229-A975-AD3A21DEA7B6/assets/841B7F02-0AD1-4229-A975-AD3A21DEA7B6.pdfp,98063fca2669666520b9f26f9a5201e9c1e6cd2d,VU#72
542105277,Saket-Upadhyay/CS6190-return-oriented-programming,Presentation/assets/841B7F02-0AD1-4229-A975-AD3A21DEA7B6/assets/841B7F02-0AD1-4229-A975-AD3A21DEA7B6.pdfp,98063fca2669666520b9f26f9a5201e9c1e6cd2d,VU#09
542105277,Saket-Upadhyay/CS6190-return-oriented-programming,Presentation/assets/841B7F02-0AD1-4229-A975-AD3A21DEA7B6/assets/841B7F02-0AD1-4229-A975-AD3A21DEA7B6.pdfp,98063fca2669666520b9f26f9a5201e9c1e6cd2d,VU#37
542105277,Saket-Upadhyay/CS6190-return-oriented-programming,Presentation/assets/841B7F02-0AD1-4229-A975-AD3A21DEA7B6/assets/841B7F02-0AD1-4229-A975-AD3A21DEA7B6.pdfp,98063fca2669666520b9f26f9a5201e9c1e6cd2d,VU#194
542105277,Saket-Upadhyay/CS6190-return-oriented-programming,Presentation/assets/841B7F02-0AD1-4229-A975-AD3A21DEA7B6/assets/841B7F02-0AD1-4229-A975-AD3A21DEA7B6.pdfp,98063fca2669666520b9f26f9a5201e9c1e6cd2d,VU#48
542105277,Saket-Upadhyay/CS6190-return-oriented-programming,Presentation/assets/841B7F02-0AD1-4229-A975-AD3A21DEA7B6/assets/841B7F02-0AD1-4229-A975-AD3A21DEA7B6.pdfp,98063fca2669666520b9f26f9a5201e9c1e6cd2d,VU#38
542105277,Saket-Upadhyay/CS6190-return-oriented-programming,Presentation/assets/841B7F02-0AD1-4229-A975-AD3A21DEA7B6/assets/841B7F02-0AD1-4229-A975-AD3A21DEA7B6.pdfp,98063fca2669666520b9f26f9a5201e9c1e6cd2d,VU#59
542105277,Saket-Upadhyay/CS6190-return-oriented-programming,Presentation/assets/841B7F02-0AD1-4229-A975-AD3A21DEA7B6/assets/841B7F02-0AD1-4229-A975-AD3A21DEA7B6.pdfp,98063fca2669666520b9f26f9a5201e9c1e6cd2d,VU#25
542105277,Saket-Upadhyay/CS6190-return-oriented-programming,Presentation/assets/841B7F02-0AD1-4229-A975-AD3A21DEA7B6/assets/841B7F02-0AD1-4229-A975-AD3A21DEA7B6.pdfp,98063fca2669666520b9f26f9a5201e9c1e6cd2d,VU#654
542105277,Saket-Upadhyay/CS6190-return-oriented-programming,Presentation/assets/841B7F02-0AD1-4229-A975-AD3A21DEA7B6/assets/841B7F02-0AD1-4229-A975-AD3A21DEA7B6.pdfp,98063fca2669666520b9f26f9a5201e9c1e6cd2d,VU#33
542105277,Saket-Upadhyay/CS6190-return-oriented-programming,Presentation/assets/16D71E66-F1AB-48D2-9BF2-1E0ED9FE89B0/assets/16D71E66-F1AB-48D2-9BF2-1E0ED9FE89B0.pdfp,abd0f3a149a88aa0b98ff986fc0421d93db2de83,VU#194
542105277,Saket-Upadhyay/CS6190-return-oriented-programming,Presentation/assets/16D71E66-F1AB-48D2-9BF2-1E0ED9FE89B0/assets/16D71E66-F1AB-48D2-9BF2-1E0ED9FE89B0.pdfp,abd0f3a149a88aa0b98ff986fc0421d93db2de83,VU#87
542105277,Saket-Upadhyay/CS6190-return-oriented-programming,Presentation/assets/16D71E66-F1AB-48D2-9BF2-1E0ED9FE89B0/assets/16D71E66-F1AB-48D2-9BF2-1E0ED9FE89B0.pdfp,abd0f3a149a88aa0b98ff986fc0421d93db2de83,VU#59
542105277,Saket-Upadhyay/CS6190-return-oriented-programming,Presentation/assets/16D71E66-F1AB-48D2-9BF2-1E0ED9FE89B0/assets/16D71E66-F1AB-48D2-9BF2-1E0ED9FE89B0.pdfp,abd0f3a149a88aa0b98ff986fc0421d93db2de83,VU#81
542105277,Saket-Upadhyay/CS6190-return-oriented-programming,Presentation/assets/16D71E66-F1AB-48D2-9BF2-1E0ED9FE89B0/assets/16D71E66-F1AB-48D2-9BF2-1E0ED9FE89B0.pdfp,abd0f3a149a88aa0b98ff986fc0421d93db2de83,VU#92
542105277,Saket-Upadhyay/CS6190-return-oriented-programming,Presentation/assets/16D71E66-F1AB-48D2-9BF2-1E0ED9FE89B0/assets/16D71E66-F1AB-48D2-9BF2-1E0ED9FE89B0.pdfp,abd0f3a149a88aa0b98ff986fc0421d93db2de83,VU#73
542105277,Saket-Upadhyay/CS6190-return-oriented-programming,Presentation/assets/16D71E66-F1AB-48D2-9BF2-1E0ED9FE89B0/assets/16D71E66-F1AB-48D2-9BF2-1E0ED9FE89B0.pdfp,abd0f3a149a88aa0b98ff986fc0421d93db2de83,VU#25
542105277,Saket-Upadhyay/CS6190-return-oriented-programming,Presentation/assets/16D71E66-F1AB-48D2-9BF2-1E0ED9FE89B0/assets/16D71E66-F1AB-48D2-9BF2-1E0ED9FE89B0.pdfp,abd0f3a149a88aa0b98ff986fc0421d93db2de83,VU#88
542105277,Saket-Upadhyay/CS6190-return-oriented-programming,Presentation/assets/16D71E66-F1AB-48D2-9BF2-1E0ED9FE89B0/assets/16D71E66-F1AB-48D2-9BF2-1E0ED9FE89B0.pdfp,abd0f3a149a88aa0b98ff986fc0421d93db2de83,VU#745
542105277,Saket-Upadhyay/CS6190-return-oriented-programming,Presentation/assets/16D71E66-F1AB-48D2-9BF2-1E0ED9FE89B0/assets/16D71E66-F1AB-48D2-9BF2-1E0ED9FE89B0.pdfp,abd0f3a149a88aa0b98ff986fc0421d93db2de83,VU#02
542105277,Saket-Upadhyay/CS6190-return-oriented-programming,Presentation/assets/16D71E66-F1AB-48D2-9BF2-1E0ED9FE89B0/assets/16D71E66-F1AB-48D2-9BF2-1E0ED9FE89B0.pdfp,abd0f3a149a88aa0b98ff986fc0421d93db2de83,VU#35
542105277,Saket-Upadhyay/CS6190-return-oriented-programming,Presentation/assets/16D71E66-F1AB-48D2-9BF2-1E0ED9FE89B0/assets/16D71E66-F1AB-48D2-9BF2-1E0ED9FE89B0.pdfp,abd0f3a149a88aa0b98ff986fc0421d93db2de83,VU#38
542105277,Saket-Upadhyay/CS6190-return-oriented-programming,Presentation/assets/16D71E66-F1AB-48D2-9BF2-1E0ED9FE89B0/assets/16D71E66-F1AB-48D2-9BF2-1E0ED9FE89B0.pdfp,abd0f3a149a88aa0b98ff986fc0421d93db2de83,VU#84
542105277,Saket-Upadhyay/CS6190-return-oriented-programming,Presentation/assets/16D71E66-F1AB-48D2-9BF2-1E0ED9FE89B0/assets/16D71E66-F1AB-48D2-9BF2-1E0ED9FE89B0.pdfp,abd0f3a149a88aa0b98ff986fc0421d93db2de83,VU#545
542105277,Saket-Upadhyay/CS6190-return-oriented-programming,Presentation/assets/16D71E66-F1AB-48D2-9BF2-1E0ED9FE89B0/assets/16D71E66-F1AB-48D2-9BF2-1E0ED9FE89B0.pdfp,abd0f3a149a88aa0b98ff986fc0421d93db2de83,VU#72
542105277,Saket-Upadhyay/CS6190-return-oriented-programming,Presentation/assets/16D71E66-F1AB-48D2-9BF2-1E0ED9FE89B0/assets/16D71E66-F1AB-48D2-9BF2-1E0ED9FE89B0.pdfp,abd0f3a149a88aa0b98ff986fc0421d93db2de83,VU#97
542105277,Saket-Upadhyay/CS6190-return-oriented-programming,Presentation/assets/16D71E66-F1AB-48D2-9BF2-1E0ED9FE89B0/assets/16D71E66-F1AB-48D2-9BF2-1E0ED9FE89B0.pdfp,abd0f3a149a88aa0b98ff986fc0421d93db2de83,VU#63
542105277,Saket-Upadhyay/CS6190-return-oriented-programming,Presentation/assets/16D71E66-F1AB-48D2-9BF2-1E0ED9FE89B0/assets/16D71E66-F1AB-48D2-9BF2-1E0ED9FE89B0.pdfp,abd0f3a149a88aa0b98ff986fc0421d93db2de83,VU#15
542105277,Saket-Upadhyay/CS6190-return-oriented-programming,Presentation/assets/16D71E66-F1AB-48D2-9BF2-1E0ED9FE89B0/assets/16D71E66-F1AB-48D2-9BF2-1E0ED9FE89B0.pdfp,abd0f3a149a88aa0b98ff986fc0421d93db2de83,VU#632
542105277,Saket-Upadhyay/CS6190-return-oriented-programming,Presentation/assets/16D71E66-F1AB-48D2-9BF2-1E0ED9FE89B0/assets/16D71E66-F1AB-48D2-9BF2-1E0ED9FE89B0.pdfp,abd0f3a149a88aa0b98ff986fc0421d93db2de83,VU#3759
542105277,Saket-Upadhyay/CS6190-return-oriented-programming,Presentation/assets/16D71E66-F1AB-48D2-9BF2-1E0ED9FE89B0/assets/16D71E66-F1AB-48D2-9BF2-1E0ED9FE89B0.pdfp,abd0f3a149a88aa0b98ff986fc0421d93db2de83,VU#37
542105277,Saket-Upadhyay/CS6190-return-oriented-programming,Presentation/assets/16D71E66-F1AB-48D2-9BF2-1E0ED9FE89B0/assets/16D71E66-F1AB-48D2-9BF2-1E0ED9FE89B0.pdfp,abd0f3a149a88aa0b98ff986fc0421d93db2de83,VU#7616
542105277,Saket-Upadhyay/CS6190-return-oriented-programming,Presentation/assets/16D71E66-F1AB-48D2-9BF2-1E0ED9FE89B0/assets/16D71E66-F1AB-48D2-9BF2-1E0ED9FE89B0.pdfp,abd0f3a149a88aa0b98ff986fc0421d93db2de83,VU#83
542105277,Saket-Upadhyay/CS6190-return-oriented-programming,Presentation/assets/16D71E66-F1AB-48D2-9BF2-1E0ED9FE89B0/assets/16D71E66-F1AB-48D2-9BF2-1E0ED9FE89B0.pdfp,abd0f3a149a88aa0b98ff986fc0421d93db2de83,VU#64
542105277,Saket-Upadhyay/CS6190-return-oriented-programming,Presentation/assets/16D71E66-F1AB-48D2-9BF2-1E0ED9FE89B0/assets/16D71E66-F1AB-48D2-9BF2-1E0ED9FE89B0.pdfp,abd0f3a149a88aa0b98ff986fc0421d93db2de83,VU#70
542105277,Saket-Upadhyay/CS6190-return-oriented-programming,Presentation/assets/16D71E66-F1AB-48D2-9BF2-1E0ED9FE89B0/assets/16D71E66-F1AB-48D2-9BF2-1E0ED9FE89B0.pdfp,abd0f3a149a88aa0b98ff986fc0421d93db2de83,VU#10
542105277,Saket-Upadhyay/CS6190-return-oriented-programming,Presentation/assets/16D71E66-F1AB-48D2-9BF2-1E0ED9FE89B0/assets/16D71E66-F1AB-48D2-9BF2-1E0ED9FE89B0.pdfp,abd0f3a149a88aa0b98ff986fc0421d93db2de83,VU#1575
542105277,Saket-Upadhyay/CS6190-return-oriented-programming,Presentation/assets/16D71E66-F1AB-48D2-9BF2-1E0ED9FE89B0/assets/16D71E66-F1AB-48D2-9BF2-1E0ED9FE89B0.pdfp,abd0f3a149a88aa0b98ff986fc0421d93db2de83,VU#96
542105277,Saket-Upadhyay/CS6190-return-oriented-programming,Presentation/assets/16D71E66-F1AB-48D2-9BF2-1E0ED9FE89B0/assets/16D71E66-F1AB-48D2-9BF2-1E0ED9FE89B0.pdfp,abd0f3a149a88aa0b98ff986fc0421d93db2de83,VU#654
542105277,Saket-Upadhyay/CS6190-return-oriented-programming,Presentation/assets/16D71E66-F1AB-48D2-9BF2-1E0ED9FE89B0/assets/16D71E66-F1AB-48D2-9BF2-1E0ED9FE89B0.pdfp,abd0f3a149a88aa0b98ff986fc0421d93db2de83,VU#06
542105277,Saket-Upadhyay/CS6190-return-oriented-programming,Presentation/assets/16D71E66-F1AB-48D2-9BF2-1E0ED9FE89B0/assets/16D71E66-F1AB-48D2-9BF2-1E0ED9FE89B0.pdfp,abd0f3a149a88aa0b98ff986fc0421d93db2de83,VU#09
542105277,Saket-Upadhyay/CS6190-return-oriented-programming,Presentation/assets/16D71E66-F1AB-48D2-9BF2-1E0ED9FE89B0/assets/16D71E66-F1AB-48D2-9BF2-1E0ED9FE89B0.pdfp,abd0f3a149a88aa0b98ff986fc0421d93db2de83,VU#33
542105277,Saket-Upadhyay/CS6190-return-oriented-programming,Presentation/assets/16D71E66-F1AB-48D2-9BF2-1E0ED9FE89B0/assets/16D71E66-F1AB-48D2-9BF2-1E0ED9FE89B0.pdfp,abd0f3a149a88aa0b98ff986fc0421d93db2de83,VU#3087
542105277,Saket-Upadhyay/CS6190-return-oriented-programming,Presentation/assets/16D71E66-F1AB-48D2-9BF2-1E0ED9FE89B0/assets/16D71E66-F1AB-48D2-9BF2-1E0ED9FE89B0.pdfp,abd0f3a149a88aa0b98ff986fc0421d93db2de83,VU#9513
542105277,Saket-Upadhyay/CS6190-return-oriented-programming,Presentation/assets/16D71E66-F1AB-48D2-9BF2-1E0ED9FE89B0/assets/16D71E66-F1AB-48D2-9BF2-1E0ED9FE89B0.pdfp,abd0f3a149a88aa0b98ff986fc0421d93db2de83,VU#48
542105277,Saket-Upadhyay/CS6190-return-oriented-programming,Presentation/assets/16D71E66-F1AB-48D2-9BF2-1E0ED9FE89B0/assets/16D71E66-F1AB-48D2-9BF2-1E0ED9FE89B0.pdfp,abd0f3a149a88aa0b98ff986fc0421d93db2de83,VU#24
542105277,Saket-Upadhyay/CS6190-return-oriented-programming,Presentation/assets/16D71E66-F1AB-48D2-9BF2-1E0ED9FE89B0/assets/16D71E66-F1AB-48D2-9BF2-1E0ED9FE89B0.pdfp,abd0f3a149a88aa0b98ff986fc0421d93db2de83,VU#76
542105277,Saket-Upadhyay/CS6190-return-oriented-programming,Presentation/assets/718ED974-9D90-4FE9-ACB3-13441B9B55AD/assets/718ED974-9D90-4FE9-ACB3-13441B9B55AD.pdfp,aea647eda4b7622bfcb0076883b3471edbbfcb50,VU#33
542105277,Saket-Upadhyay/CS6190-return-oriented-programming,Presentation/assets/718ED974-9D90-4FE9-ACB3-13441B9B55AD/assets/718ED974-9D90-4FE9-ACB3-13441B9B55AD.pdfp,aea647eda4b7622bfcb0076883b3471edbbfcb50,VU#163
542105277,Saket-Upadhyay/CS6190-return-oriented-programming,Presentation/assets/718ED974-9D90-4FE9-ACB3-13441B9B55AD/assets/718ED974-9D90-4FE9-ACB3-13441B9B55AD.pdfp,aea647eda4b7622bfcb0076883b3471edbbfcb50,VU#56
542105277,Saket-Upadhyay/CS6190-return-oriented-programming,Presentation/assets/718ED974-9D90-4FE9-ACB3-13441B9B55AD/assets/718ED974-9D90-4FE9-ACB3-13441B9B55AD.pdfp,aea647eda4b7622bfcb0076883b3471edbbfcb50,VU#49
542105277,Saket-Upadhyay/CS6190-return-oriented-programming,Presentation/assets/718ED974-9D90-4FE9-ACB3-13441B9B55AD/assets/718ED974-9D90-4FE9-ACB3-13441B9B55AD.pdfp,aea647eda4b7622bfcb0076883b3471edbbfcb50,VU#62
542105277,Saket-Upadhyay/CS6190-return-oriented-programming,Presentation/assets/718ED974-9D90-4FE9-ACB3-13441B9B55AD/assets/718ED974-9D90-4FE9-ACB3-13441B9B55AD.pdfp,aea647eda4b7622bfcb0076883b3471edbbfcb50,VU#73
542105277,Saket-Upadhyay/CS6190-return-oriented-programming,Presentation/assets/718ED974-9D90-4FE9-ACB3-13441B9B55AD/assets/718ED974-9D90-4FE9-ACB3-13441B9B55AD.pdfp,aea647eda4b7622bfcb0076883b3471edbbfcb50,VU#87
542105277,Saket-Upadhyay/CS6190-return-oriented-programming,Presentation/assets/718ED974-9D90-4FE9-ACB3-13441B9B55AD/assets/718ED974-9D90-4FE9-ACB3-13441B9B55AD.pdfp,aea647eda4b7622bfcb0076883b3471edbbfcb50,VU#311771
542105277,Saket-Upadhyay/CS6190-return-oriented-programming,Presentation/assets/718ED974-9D90-4FE9-ACB3-13441B9B55AD/assets/718ED974-9D90-4FE9-ACB3-13441B9B55AD.pdfp,aea647eda4b7622bfcb0076883b3471edbbfcb50,VU#66
542105277,Saket-Upadhyay/CS6190-return-oriented-programming,Presentation/assets/718ED974-9D90-4FE9-ACB3-13441B9B55AD/assets/718ED974-9D90-4FE9-ACB3-13441B9B55AD.pdfp,aea647eda4b7622bfcb0076883b3471edbbfcb50,VU#38
542105277,Saket-Upadhyay/CS6190-return-oriented-programming,Presentation/assets/718ED974-9D90-4FE9-ACB3-13441B9B55AD/assets/718ED974-9D90-4FE9-ACB3-13441B9B55AD.pdfp,aea647eda4b7622bfcb0076883b3471edbbfcb50,VU#58
542105277,Saket-Upadhyay/CS6190-return-oriented-programming,Presentation/assets/718ED974-9D90-4FE9-ACB3-13441B9B55AD/assets/718ED974-9D90-4FE9-ACB3-13441B9B55AD.pdfp,aea647eda4b7622bfcb0076883b3471edbbfcb50,VU#27
542105277,Saket-Upadhyay/CS6190-return-oriented-programming,Presentation/assets/718ED974-9D90-4FE9-ACB3-13441B9B55AD/assets/718ED974-9D90-4FE9-ACB3-13441B9B55AD.pdfp,aea647eda4b7622bfcb0076883b3471edbbfcb50,VU#79
542105277,Saket-Upadhyay/CS6190-return-oriented-programming,Presentation/assets/718ED974-9D90-4FE9-ACB3-13441B9B55AD/assets/718ED974-9D90-4FE9-ACB3-13441B9B55AD.pdfp,aea647eda4b7622bfcb0076883b3471edbbfcb50,VU#311773
542105277,Saket-Upadhyay/CS6190-return-oriented-programming,Presentation/assets/718ED974-9D90-4FE9-ACB3-13441B9B55AD/assets/718ED974-9D90-4FE9-ACB3-13441B9B55AD.pdfp,aea647eda4b7622bfcb0076883b3471edbbfcb50,VU#61
542105277,Saket-Upadhyay/CS6190-return-oriented-programming,Presentation/assets/718ED974-9D90-4FE9-ACB3-13441B9B55AD/assets/718ED974-9D90-4FE9-ACB3-13441B9B55AD.pdfp,aea647eda4b7622bfcb0076883b3471edbbfcb50,VU#02
542105277,Saket-Upadhyay/CS6190-return-oriented-programming,Presentation/assets/718ED974-9D90-4FE9-ACB3-13441B9B55AD/assets/718ED974-9D90-4FE9-ACB3-13441B9B55AD.pdfp,aea647eda4b7622bfcb0076883b3471edbbfcb50,VU#03
542105277,Saket-Upadhyay/CS6190-return-oriented-programming,Presentation/assets/718ED974-9D90-4FE9-ACB3-13441B9B55AD/assets/718ED974-9D90-4FE9-ACB3-13441B9B55AD.pdfp,aea647eda4b7622bfcb0076883b3471edbbfcb50,VU#29
542105277,Saket-Upadhyay/CS6190-return-oriented-programming,Presentation/assets/718ED974-9D90-4FE9-ACB3-13441B9B55AD/assets/718ED974-9D90-4FE9-ACB3-13441B9B55AD.pdfp,aea647eda4b7622bfcb0076883b3471edbbfcb50,VU#13
542105277,Saket-Upadhyay/CS6190-return-oriented-programming,Presentation/assets/718ED974-9D90-4FE9-ACB3-13441B9B55AD/assets/718ED974-9D90-4FE9-ACB3-13441B9B55AD.pdfp,aea647eda4b7622bfcb0076883b3471edbbfcb50,VU#26
542105277,Saket-Upadhyay/CS6190-return-oriented-programming,Presentation/assets/718ED974-9D90-4FE9-ACB3-13441B9B55AD/assets/718ED974-9D90-4FE9-ACB3-13441B9B55AD.pdfp,aea647eda4b7622bfcb0076883b3471edbbfcb50,VU#30
542105277,Saket-Upadhyay/CS6190-return-oriented-programming,Presentation/assets/718ED974-9D90-4FE9-ACB3-13441B9B55AD/assets/718ED974-9D90-4FE9-ACB3-13441B9B55AD.pdfp,aea647eda4b7622bfcb0076883b3471edbbfcb50,VU#34
542105277,Saket-Upadhyay/CS6190-return-oriented-programming,Presentation/assets/718ED974-9D90-4FE9-ACB3-13441B9B55AD/assets/718ED974-9D90-4FE9-ACB3-13441B9B55AD.pdfp,aea647eda4b7622bfcb0076883b3471edbbfcb50,VU#68
542105277,Saket-Upadhyay/CS6190-return-oriented-programming,Presentation/assets/718ED974-9D90-4FE9-ACB3-13441B9B55AD/assets/718ED974-9D90-4FE9-ACB3-13441B9B55AD.pdfp,aea647eda4b7622bfcb0076883b3471edbbfcb50,VU#778
542105277,Saket-Upadhyay/CS6190-return-oriented-programming,Presentation/assets/718ED974-9D90-4FE9-ACB3-13441B9B55AD/assets/718ED974-9D90-4FE9-ACB3-13441B9B55AD.pdfp,aea647eda4b7622bfcb0076883b3471edbbfcb50,VU#997
542105277,Saket-Upadhyay/CS6190-return-oriented-programming,Presentation/assets/718ED974-9D90-4FE9-ACB3-13441B9B55AD/assets/718ED974-9D90-4FE9-ACB3-13441B9B55AD.pdfp,aea647eda4b7622bfcb0076883b3471edbbfcb50,VU#510
542105277,Saket-Upadhyay/CS6190-return-oriented-programming,Presentation/assets/718ED974-9D90-4FE9-ACB3-13441B9B55AD/assets/718ED974-9D90-4FE9-ACB3-13441B9B55AD.pdfp,aea647eda4b7622bfcb0076883b3471edbbfcb50,VU#46
542105277,Saket-Upadhyay/CS6190-return-oriented-programming,Presentation/assets/718ED974-9D90-4FE9-ACB3-13441B9B55AD/assets/718ED974-9D90-4FE9-ACB3-13441B9B55AD.pdfp,aea647eda4b7622bfcb0076883b3471edbbfcb50,VU#89
542105277,Saket-Upadhyay/CS6190-return-oriented-programming,Presentation/assets/718ED974-9D90-4FE9-ACB3-13441B9B55AD/assets/718ED974-9D90-4FE9-ACB3-13441B9B55AD.pdfp,aea647eda4b7622bfcb0076883b3471edbbfcb50,VU#77
542105277,Saket-Upadhyay/CS6190-return-oriented-programming,Presentation/assets/718ED974-9D90-4FE9-ACB3-13441B9B55AD/assets/718ED974-9D90-4FE9-ACB3-13441B9B55AD.pdfp,aea647eda4b7622bfcb0076883b3471edbbfcb50,VU#54
542105277,Saket-Upadhyay/CS6190-return-oriented-programming,Presentation/assets/718ED974-9D90-4FE9-ACB3-13441B9B55AD/assets/718ED974-9D90-4FE9-ACB3-13441B9B55AD.pdfp,aea647eda4b7622bfcb0076883b3471edbbfcb50,VU#47
542105277,Saket-Upadhyay/CS6190-return-oriented-programming,Presentation/assets/718ED974-9D90-4FE9-ACB3-13441B9B55AD/assets/718ED974-9D90-4FE9-ACB3-13441B9B55AD.pdfp,aea647eda4b7622bfcb0076883b3471edbbfcb50,VU#505
542105277,Saket-Upadhyay/CS6190-return-oriented-programming,Presentation/assets/718ED974-9D90-4FE9-ACB3-13441B9B55AD/assets/718ED974-9D90-4FE9-ACB3-13441B9B55AD.pdfp,aea647eda4b7622bfcb0076883b3471edbbfcb50,VU#96
542105277,Saket-Upadhyay/CS6190-return-oriented-programming,Presentation/assets/718ED974-9D90-4FE9-ACB3-13441B9B55AD/assets/718ED974-9D90-4FE9-ACB3-13441B9B55AD.pdfp,aea647eda4b7622bfcb0076883b3471edbbfcb50,VU#35
542105277,Saket-Upadhyay/CS6190-return-oriented-programming,Presentation/assets/718ED974-9D90-4FE9-ACB3-13441B9B55AD/assets/718ED974-9D90-4FE9-ACB3-13441B9B55AD.pdfp,aea647eda4b7622bfcb0076883b3471edbbfcb50,VU#78
542105277,Saket-Upadhyay/CS6190-return-oriented-programming,Presentation/assets/718ED974-9D90-4FE9-ACB3-13441B9B55AD/assets/718ED974-9D90-4FE9-ACB3-13441B9B55AD.pdfp,aea647eda4b7622bfcb0076883b3471edbbfcb50,VU#499
542105277,Saket-Upadhyay/CS6190-return-oriented-programming,Presentation/assets/718ED974-9D90-4FE9-ACB3-13441B9B55AD/assets/718ED974-9D90-4FE9-ACB3-13441B9B55AD.pdfp,aea647eda4b7622bfcb0076883b3471edbbfcb50,VU#55
542105277,Saket-Upadhyay/CS6190-return-oriented-programming,Presentation/assets/718ED974-9D90-4FE9-ACB3-13441B9B55AD/assets/718ED974-9D90-4FE9-ACB3-13441B9B55AD.pdfp,aea647eda4b7622bfcb0076883b3471edbbfcb50,VU#81
542105277,Saket-Upadhyay/CS6190-return-oriented-programming,Presentation/assets/718ED974-9D90-4FE9-ACB3-13441B9B55AD/assets/718ED974-9D90-4FE9-ACB3-13441B9B55AD.pdfp,aea647eda4b7622bfcb0076883b3471edbbfcb50,VU#926
542105277,Saket-Upadhyay/CS6190-return-oriented-programming,Presentation/assets/718ED974-9D90-4FE9-ACB3-13441B9B55AD/assets/718ED974-9D90-4FE9-ACB3-13441B9B55AD.pdfp,aea647eda4b7622bfcb0076883b3471edbbfcb50,VU#8957
542105277,Saket-Upadhyay/CS6190-return-oriented-programming,Presentation/assets/718ED974-9D90-4FE9-ACB3-13441B9B55AD/assets/718ED974-9D90-4FE9-ACB3-13441B9B55AD.pdfp,aea647eda4b7622bfcb0076883b3471edbbfcb50,VU#75
542105277,Saket-Upadhyay/CS6190-return-oriented-programming,Presentation/assets/718ED974-9D90-4FE9-ACB3-13441B9B55AD/assets/718ED974-9D90-4FE9-ACB3-13441B9B55AD.pdfp,aea647eda4b7622bfcb0076883b3471edbbfcb50,VU#23
542105277,Saket-Upadhyay/CS6190-return-oriented-programming,Presentation/assets/718ED974-9D90-4FE9-ACB3-13441B9B55AD/assets/718ED974-9D90-4FE9-ACB3-13441B9B55AD.pdfp,aea647eda4b7622bfcb0076883b3471edbbfcb50,VU#63
542105277,Saket-Upadhyay/CS6190-return-oriented-programming,Presentation/assets/09972E20-17F2-444A-BDA9-B0B05ADFDF1E/assets/09972E20-17F2-444A-BDA9-B0B05ADFDF1E.pdfp,bc19528c86f2c9b692df57a7b8f6dcd0a7399a47,VU#9513
542105277,Saket-Upadhyay/CS6190-return-oriented-programming,Presentation/assets/09972E20-17F2-444A-BDA9-B0B05ADFDF1E/assets/09972E20-17F2-444A-BDA9-B0B05ADFDF1E.pdfp,bc19528c86f2c9b692df57a7b8f6dcd0a7399a47,VU#61
542105277,Saket-Upadhyay/CS6190-return-oriented-programming,Presentation/assets/09972E20-17F2-444A-BDA9-B0B05ADFDF1E/assets/09972E20-17F2-444A-BDA9-B0B05ADFDF1E.pdfp,bc19528c86f2c9b692df57a7b8f6dcd0a7399a47,VU#87
542105277,Saket-Upadhyay/CS6190-return-oriented-programming,Presentation/assets/09972E20-17F2-444A-BDA9-B0B05ADFDF1E/assets/09972E20-17F2-444A-BDA9-B0B05ADFDF1E.pdfp,bc19528c86f2c9b692df57a7b8f6dcd0a7399a47,VU#68
542105277,Saket-Upadhyay/CS6190-return-oriented-programming,Presentation/assets/09972E20-17F2-444A-BDA9-B0B05ADFDF1E/assets/09972E20-17F2-444A-BDA9-B0B05ADFDF1E.pdfp,bc19528c86f2c9b692df57a7b8f6dcd0a7399a47,VU#90
542105277,Saket-Upadhyay/CS6190-return-oriented-programming,Presentation/assets/09972E20-17F2-444A-BDA9-B0B05ADFDF1E/assets/09972E20-17F2-444A-BDA9-B0B05ADFDF1E.pdfp,bc19528c86f2c9b692df57a7b8f6dcd0a7399a47,VU#80
542105277,Saket-Upadhyay/CS6190-return-oriented-programming,Presentation/assets/09972E20-17F2-444A-BDA9-B0B05ADFDF1E/assets/09972E20-17F2-444A-BDA9-B0B05ADFDF1E.pdfp,bc19528c86f2c9b692df57a7b8f6dcd0a7399a47,VU#76
542105277,Saket-Upadhyay/CS6190-return-oriented-programming,Presentation/assets/09972E20-17F2-444A-BDA9-B0B05ADFDF1E/assets/09972E20-17F2-444A-BDA9-B0B05ADFDF1E.pdfp,bc19528c86f2c9b692df57a7b8f6dcd0a7399a47,VU#64
542105277,Saket-Upadhyay/CS6190-return-oriented-programming,Presentation/assets/09972E20-17F2-444A-BDA9-B0B05ADFDF1E/assets/09972E20-17F2-444A-BDA9-B0B05ADFDF1E.pdfp,bc19528c86f2c9b692df57a7b8f6dcd0a7399a47,VU#70
542105277,Saket-Upadhyay/CS6190-return-oriented-programming,Presentation/assets/09972E20-17F2-444A-BDA9-B0B05ADFDF1E/assets/09972E20-17F2-444A-BDA9-B0B05ADFDF1E.pdfp,bc19528c86f2c9b692df57a7b8f6dcd0a7399a47,VU#97
542105277,Saket-Upadhyay/CS6190-return-oriented-programming,Presentation/assets/09972E20-17F2-444A-BDA9-B0B05ADFDF1E/assets/09972E20-17F2-444A-BDA9-B0B05ADFDF1E.pdfp,bc19528c86f2c9b692df57a7b8f6dcd0a7399a47,VU#93
542105277,Saket-Upadhyay/CS6190-return-oriented-programming,Presentation/assets/09972E20-17F2-444A-BDA9-B0B05ADFDF1E/assets/09972E20-17F2-444A-BDA9-B0B05ADFDF1E.pdfp,bc19528c86f2c9b692df57a7b8f6dcd0a7399a47,VU#71
542105277,Saket-Upadhyay/CS6190-return-oriented-programming,Presentation/assets/09972E20-17F2-444A-BDA9-B0B05ADFDF1E/assets/09972E20-17F2-444A-BDA9-B0B05ADFDF1E.pdfp,bc19528c86f2c9b692df57a7b8f6dcd0a7399a47,VU#84
542105277,Saket-Upadhyay/CS6190-return-oriented-programming,Presentation/assets/09972E20-17F2-444A-BDA9-B0B05ADFDF1E/assets/09972E20-17F2-444A-BDA9-B0B05ADFDF1E.pdfp,bc19528c86f2c9b692df57a7b8f6dcd0a7399a47,VU#75
542105277,Saket-Upadhyay/CS6190-return-oriented-programming,Presentation/assets/09972E20-17F2-444A-BDA9-B0B05ADFDF1E/assets/09972E20-17F2-444A-BDA9-B0B05ADFDF1E.pdfp,bc19528c86f2c9b692df57a7b8f6dcd0a7399a47,VU#632
542105277,Saket-Upadhyay/CS6190-return-oriented-programming,Presentation/assets/09972E20-17F2-444A-BDA9-B0B05ADFDF1E/assets/09972E20-17F2-444A-BDA9-B0B05ADFDF1E.pdfp,bc19528c86f2c9b692df57a7b8f6dcd0a7399a47,VU#94
542105277,Saket-Upadhyay/CS6190-return-oriented-programming,Presentation/assets/09972E20-17F2-444A-BDA9-B0B05ADFDF1E/assets/09972E20-17F2-444A-BDA9-B0B05ADFDF1E.pdfp,bc19528c86f2c9b692df57a7b8f6dcd0a7399a47,VU#745
542105277,Saket-Upadhyay/CS6190-return-oriented-programming,Presentation/assets/09972E20-17F2-444A-BDA9-B0B05ADFDF1E/assets/09972E20-17F2-444A-BDA9-B0B05ADFDF1E.pdfp,bc19528c86f2c9b692df57a7b8f6dcd0a7399a47,VU#63
542105277,Saket-Upadhyay/CS6190-return-oriented-programming,Presentation/assets/09972E20-17F2-444A-BDA9-B0B05ADFDF1E/assets/09972E20-17F2-444A-BDA9-B0B05ADFDF1E.pdfp,bc19528c86f2c9b692df57a7b8f6dcd0a7399a47,VU#88
542105277,Saket-Upadhyay/CS6190-return-oriented-programming,Presentation/assets/09972E20-17F2-444A-BDA9-B0B05ADFDF1E/assets/09972E20-17F2-444A-BDA9-B0B05ADFDF1E.pdfp,bc19528c86f2c9b692df57a7b8f6dcd0a7399a47,VU#9733
542105277,Saket-Upadhyay/CS6190-return-oriented-programming,Presentation/assets/09972E20-17F2-444A-BDA9-B0B05ADFDF1E/assets/09972E20-17F2-444A-BDA9-B0B05ADFDF1E.pdfp,bc19528c86f2c9b692df57a7b8f6dcd0a7399a47,VU#74
542105277,Saket-Upadhyay/CS6190-return-oriented-programming,Presentation/assets/09972E20-17F2-444A-BDA9-B0B05ADFDF1E/assets/09972E20-17F2-444A-BDA9-B0B05ADFDF1E.pdfp,bc19528c86f2c9b692df57a7b8f6dcd0a7399a47,VU#98
542105277,Saket-Upadhyay/CS6190-return-oriented-programming,Presentation/assets/09972E20-17F2-444A-BDA9-B0B05ADFDF1E/assets/09972E20-17F2-444A-BDA9-B0B05ADFDF1E.pdfp,bc19528c86f2c9b692df57a7b8f6dcd0a7399a47,VU#96
542105277,Saket-Upadhyay/CS6190-return-oriented-programming,Presentation/assets/09972E20-17F2-444A-BDA9-B0B05ADFDF1E/assets/09972E20-17F2-444A-BDA9-B0B05ADFDF1E.pdfp,bc19528c86f2c9b692df57a7b8f6dcd0a7399a47,VU#654
542105277,Saket-Upadhyay/CS6190-return-oriented-programming,Presentation/assets/09972E20-17F2-444A-BDA9-B0B05ADFDF1E/assets/09972E20-17F2-444A-BDA9-B0B05ADFDF1E.pdfp,bc19528c86f2c9b692df57a7b8f6dcd0a7399a47,VU#72
542105277,Saket-Upadhyay/CS6190-return-oriented-programming,Presentation/assets/09972E20-17F2-444A-BDA9-B0B05ADFDF1E/assets/09972E20-17F2-444A-BDA9-B0B05ADFDF1E.pdfp,bc19528c86f2c9b692df57a7b8f6dcd0a7399a47,VU#00
542105277,Saket-Upadhyay/CS6190-return-oriented-programming,Presentation/assets/09972E20-17F2-444A-BDA9-B0B05ADFDF1E/assets/09972E20-17F2-444A-BDA9-B0B05ADFDF1E.pdfp,bc19528c86f2c9b692df57a7b8f6dcd0a7399a47,VU#1575
542105277,Saket-Upadhyay/CS6190-return-oriented-programming,Presentation/assets/09972E20-17F2-444A-BDA9-B0B05ADFDF1E/assets/09972E20-17F2-444A-BDA9-B0B05ADFDF1E.pdfp,bc19528c86f2c9b692df57a7b8f6dcd0a7399a47,VU#194
542105277,Saket-Upadhyay/CS6190-return-oriented-programming,Presentation/assets/09972E20-17F2-444A-BDA9-B0B05ADFDF1E/assets/09972E20-17F2-444A-BDA9-B0B05ADFDF1E.pdfp,bc19528c86f2c9b692df57a7b8f6dcd0a7399a47,VU#42
542105277,Saket-Upadhyay/CS6190-return-oriented-programming,Presentation/assets/09972E20-17F2-444A-BDA9-B0B05ADFDF1E/assets/09972E20-17F2-444A-BDA9-B0B05ADFDF1E.pdfp,bc19528c86f2c9b692df57a7b8f6dcd0a7399a47,VU#3087
542105277,Saket-Upadhyay/CS6190-return-oriented-programming,Presentation/assets/09972E20-17F2-444A-BDA9-B0B05ADFDF1E/assets/09972E20-17F2-444A-BDA9-B0B05ADFDF1E.pdfp,bc19528c86f2c9b692df57a7b8f6dcd0a7399a47,VU#19
542105277,Saket-Upadhyay/CS6190-return-oriented-programming,Presentation/assets/09972E20-17F2-444A-BDA9-B0B05ADFDF1E/assets/09972E20-17F2-444A-BDA9-B0B05ADFDF1E.pdfp,bc19528c86f2c9b692df57a7b8f6dcd0a7399a47,VU#09
542105277,Saket-Upadhyay/CS6190-return-oriented-programming,Presentation/assets/09972E20-17F2-444A-BDA9-B0B05ADFDF1E/assets/09972E20-17F2-444A-BDA9-B0B05ADFDF1E.pdfp,bc19528c86f2c9b692df57a7b8f6dcd0a7399a47,VU#38
542105277,Saket-Upadhyay/CS6190-return-oriented-programming,Presentation/assets/09972E20-17F2-444A-BDA9-B0B05ADFDF1E/assets/09972E20-17F2-444A-BDA9-B0B05ADFDF1E.pdfp,bc19528c86f2c9b692df57a7b8f6dcd0a7399a47,VU#48
542105277,Saket-Upadhyay/CS6190-return-oriented-programming,Presentation/assets/09972E20-17F2-444A-BDA9-B0B05ADFDF1E/assets/09972E20-17F2-444A-BDA9-B0B05ADFDF1E.pdfp,bc19528c86f2c9b692df57a7b8f6dcd0a7399a47,VU#02
542105277,Saket-Upadhyay/CS6190-return-oriented-programming,Presentation/assets/09972E20-17F2-444A-BDA9-B0B05ADFDF1E/assets/09972E20-17F2-444A-BDA9-B0B05ADFDF1E.pdfp,bc19528c86f2c9b692df57a7b8f6dcd0a7399a47,VU#46
542105277,Saket-Upadhyay/CS6190-return-oriented-programming,Presentation/assets/09972E20-17F2-444A-BDA9-B0B05ADFDF1E/assets/09972E20-17F2-444A-BDA9-B0B05ADFDF1E.pdfp,bc19528c86f2c9b692df57a7b8f6dcd0a7399a47,VU#25
542105277,Saket-Upadhyay/CS6190-return-oriented-programming,Presentation/assets/09972E20-17F2-444A-BDA9-B0B05ADFDF1E/assets/09972E20-17F2-444A-BDA9-B0B05ADFDF1E.pdfp,bc19528c86f2c9b692df57a7b8f6dcd0a7399a47,VU#37
542105277,Saket-Upadhyay/CS6190-return-oriented-programming,Presentation/assets/09972E20-17F2-444A-BDA9-B0B05ADFDF1E/assets/09972E20-17F2-444A-BDA9-B0B05ADFDF1E.pdfp,bc19528c86f2c9b692df57a7b8f6dcd0a7399a47,VU#10
542105277,Saket-Upadhyay/CS6190-return-oriented-programming,Presentation/assets/09972E20-17F2-444A-BDA9-B0B05ADFDF1E/assets/09972E20-17F2-444A-BDA9-B0B05ADFDF1E.pdfp,bc19528c86f2c9b692df57a7b8f6dcd0a7399a47,VU#06
542105277,Saket-Upadhyay/CS6190-return-oriented-programming,Presentation/assets/09972E20-17F2-444A-BDA9-B0B05ADFDF1E/assets/09972E20-17F2-444A-BDA9-B0B05ADFDF1E.pdfp,bc19528c86f2c9b692df57a7b8f6dcd0a7399a47,VU#33
542105277,Saket-Upadhyay/CS6190-return-oriented-programming,Presentation/assets/09972E20-17F2-444A-BDA9-B0B05ADFDF1E/assets/09972E20-17F2-444A-BDA9-B0B05ADFDF1E.pdfp,bc19528c86f2c9b692df57a7b8f6dcd0a7399a47,VU#59
542105277,Saket-Upadhyay/CS6190-return-oriented-programming,Presentation/assets/09972E20-17F2-444A-BDA9-B0B05ADFDF1E/assets/09972E20-17F2-444A-BDA9-B0B05ADFDF1E.pdfp,bc19528c86f2c9b692df57a7b8f6dcd0a7399a47,VU#24
542105277,Saket-Upadhyay/CS6190-return-oriented-programming,Presentation/assets/09972E20-17F2-444A-BDA9-B0B05ADFDF1E/assets/09972E20-17F2-444A-BDA9-B0B05ADFDF1E.pdfp,bc19528c86f2c9b692df57a7b8f6dcd0a7399a47,VU#34
542105277,Saket-Upadhyay/CS6190-return-oriented-programming,Presentation/assets/09972E20-17F2-444A-BDA9-B0B05ADFDF1E/assets/09972E20-17F2-444A-BDA9-B0B05ADFDF1E.pdfp,bc19528c86f2c9b692df57a7b8f6dcd0a7399a47,VU#49
542105277,Saket-Upadhyay/CS6190-return-oriented-programming,Presentation/assets/1D3203CA-0A6A-40FF-947B-957D5B3E9ADF/assets/1D3203CA-0A6A-40FF-947B-957D5B3E9ADF.pdfp,c84578ae6f277fa98131a6969fcc4216f1356a4d,VU#30
542105277,Saket-Upadhyay/CS6190-return-oriented-programming,Presentation/assets/1D3203CA-0A6A-40FF-947B-957D5B3E9ADF/assets/1D3203CA-0A6A-40FF-947B-957D5B3E9ADF.pdfp,c84578ae6f277fa98131a6969fcc4216f1356a4d,VU#27
542105277,Saket-Upadhyay/CS6190-return-oriented-programming,Presentation/assets/1D3203CA-0A6A-40FF-947B-957D5B3E9ADF/assets/1D3203CA-0A6A-40FF-947B-957D5B3E9ADF.pdfp,c84578ae6f277fa98131a6969fcc4216f1356a4d,VU#20
542105277,Saket-Upadhyay/CS6190-return-oriented-programming,Presentation/assets/1D3203CA-0A6A-40FF-947B-957D5B3E9ADF/assets/1D3203CA-0A6A-40FF-947B-957D5B3E9ADF.pdfp,c84578ae6f277fa98131a6969fcc4216f1356a4d,VU#78
542105277,Saket-Upadhyay/CS6190-return-oriented-programming,Presentation/assets/1D3203CA-0A6A-40FF-947B-957D5B3E9ADF/assets/1D3203CA-0A6A-40FF-947B-957D5B3E9ADF.pdfp,c84578ae6f277fa98131a6969fcc4216f1356a4d,VU#654
542105277,Saket-Upadhyay/CS6190-return-oriented-programming,Presentation/assets/1D3203CA-0A6A-40FF-947B-957D5B3E9ADF/assets/1D3203CA-0A6A-40FF-947B-957D5B3E9ADF.pdfp,c84578ae6f277fa98131a6969fcc4216f1356a4d,VU#06
542105277,Saket-Upadhyay/CS6190-return-oriented-programming,Presentation/assets/1D3203CA-0A6A-40FF-947B-957D5B3E9ADF/assets/1D3203CA-0A6A-40FF-947B-957D5B3E9ADF.pdfp,c84578ae6f277fa98131a6969fcc4216f1356a4d,VU#65
542105277,Saket-Upadhyay/CS6190-return-oriented-programming,Presentation/assets/1D3203CA-0A6A-40FF-947B-957D5B3E9ADF/assets/1D3203CA-0A6A-40FF-947B-957D5B3E9ADF.pdfp,c84578ae6f277fa98131a6969fcc4216f1356a4d,VU#48
542105277,Saket-Upadhyay/CS6190-return-oriented-programming,Presentation/assets/1D3203CA-0A6A-40FF-947B-957D5B3E9ADF/assets/1D3203CA-0A6A-40FF-947B-957D5B3E9ADF.pdfp,c84578ae6f277fa98131a6969fcc4216f1356a4d,VU#29
542105277,Saket-Upadhyay/CS6190-return-oriented-programming,Presentation/assets/1D3203CA-0A6A-40FF-947B-957D5B3E9ADF/assets/1D3203CA-0A6A-40FF-947B-957D5B3E9ADF.pdfp,c84578ae6f277fa98131a6969fcc4216f1356a4d,VU#95
542105277,Saket-Upadhyay/CS6190-return-oriented-programming,Presentation/assets/1D3203CA-0A6A-40FF-947B-957D5B3E9ADF/assets/1D3203CA-0A6A-40FF-947B-957D5B3E9ADF.pdfp,c84578ae6f277fa98131a6969fcc4216f1356a4d,VU#9513
542105277,Saket-Upadhyay/CS6190-return-oriented-programming,Presentation/assets/1D3203CA-0A6A-40FF-947B-957D5B3E9ADF/assets/1D3203CA-0A6A-40FF-947B-957D5B3E9ADF.pdfp,c84578ae6f277fa98131a6969fcc4216f1356a4d,VU#51
542105277,Saket-Upadhyay/CS6190-return-oriented-programming,Presentation/assets/1D3203CA-0A6A-40FF-947B-957D5B3E9ADF/assets/1D3203CA-0A6A-40FF-947B-957D5B3E9ADF.pdfp,c84578ae6f277fa98131a6969fcc4216f1356a4d,VU#72
542105277,Saket-Upadhyay/CS6190-return-oriented-programming,Presentation/assets/1D3203CA-0A6A-40FF-947B-957D5B3E9ADF/assets/1D3203CA-0A6A-40FF-947B-957D5B3E9ADF.pdfp,c84578ae6f277fa98131a6969fcc4216f1356a4d,VU#3087
542105277,Saket-Upadhyay/CS6190-return-oriented-programming,Presentation/assets/1D3203CA-0A6A-40FF-947B-957D5B3E9ADF/assets/1D3203CA-0A6A-40FF-947B-957D5B3E9ADF.pdfp,c84578ae6f277fa98131a6969fcc4216f1356a4d,VU#70
542105277,Saket-Upadhyay/CS6190-return-oriented-programming,Presentation/assets/1D3203CA-0A6A-40FF-947B-957D5B3E9ADF/assets/1D3203CA-0A6A-40FF-947B-957D5B3E9ADF.pdfp,c84578ae6f277fa98131a6969fcc4216f1356a4d,VU#89
542105277,Saket-Upadhyay/CS6190-return-oriented-programming,Presentation/assets/1D3203CA-0A6A-40FF-947B-957D5B3E9ADF/assets/1D3203CA-0A6A-40FF-947B-957D5B3E9ADF.pdfp,c84578ae6f277fa98131a6969fcc4216f1356a4d,VU#34
542105277,Saket-Upadhyay/CS6190-return-oriented-programming,Presentation/assets/1D3203CA-0A6A-40FF-947B-957D5B3E9ADF/assets/1D3203CA-0A6A-40FF-947B-957D5B3E9ADF.pdfp,c84578ae6f277fa98131a6969fcc4216f1356a4d,VU#748
542105277,Saket-Upadhyay/CS6190-return-oriented-programming,Presentation/assets/1D3203CA-0A6A-40FF-947B-957D5B3E9ADF/assets/1D3203CA-0A6A-40FF-947B-957D5B3E9ADF.pdfp,c84578ae6f277fa98131a6969fcc4216f1356a4d,VU#745
542105277,Saket-Upadhyay/CS6190-return-oriented-programming,Presentation/assets/1D3203CA-0A6A-40FF-947B-957D5B3E9ADF/assets/1D3203CA-0A6A-40FF-947B-957D5B3E9ADF.pdfp,c84578ae6f277fa98131a6969fcc4216f1356a4d,VU#17
542105277,Saket-Upadhyay/CS6190-return-oriented-programming,Presentation/assets/1D3203CA-0A6A-40FF-947B-957D5B3E9ADF/assets/1D3203CA-0A6A-40FF-947B-957D5B3E9ADF.pdfp,c84578ae6f277fa98131a6969fcc4216f1356a4d,VU#33
542105277,Saket-Upadhyay/CS6190-return-oriented-programming,Presentation/assets/1D3203CA-0A6A-40FF-947B-957D5B3E9ADF/assets/1D3203CA-0A6A-40FF-947B-957D5B3E9ADF.pdfp,c84578ae6f277fa98131a6969fcc4216f1356a4d,VU#90
542105277,Saket-Upadhyay/CS6190-return-oriented-programming,Presentation/assets/1D3203CA-0A6A-40FF-947B-957D5B3E9ADF/assets/1D3203CA-0A6A-40FF-947B-957D5B3E9ADF.pdfp,c84578ae6f277fa98131a6969fcc4216f1356a4d,VU#10
542105277,Saket-Upadhyay/CS6190-return-oriented-programming,Presentation/assets/1D3203CA-0A6A-40FF-947B-957D5B3E9ADF/assets/1D3203CA-0A6A-40FF-947B-957D5B3E9ADF.pdfp,c84578ae6f277fa98131a6969fcc4216f1356a4d,VU#1575
542105277,Saket-Upadhyay/CS6190-return-oriented-programming,Presentation/assets/1D3203CA-0A6A-40FF-947B-957D5B3E9ADF/assets/1D3203CA-0A6A-40FF-947B-957D5B3E9ADF.pdfp,c84578ae6f277fa98131a6969fcc4216f1356a4d,VU#88
542105277,Saket-Upadhyay/CS6190-return-oriented-programming,Presentation/assets/1D3203CA-0A6A-40FF-947B-957D5B3E9ADF/assets/1D3203CA-0A6A-40FF-947B-957D5B3E9ADF.pdfp,c84578ae6f277fa98131a6969fcc4216f1356a4d,VU#76
542105277,Saket-Upadhyay/CS6190-return-oriented-programming,Presentation/assets/1D3203CA-0A6A-40FF-947B-957D5B3E9ADF/assets/1D3203CA-0A6A-40FF-947B-957D5B3E9ADF.pdfp,c84578ae6f277fa98131a6969fcc4216f1356a4d,VU#15
542105277,Saket-Upadhyay/CS6190-return-oriented-programming,Presentation/assets/1D3203CA-0A6A-40FF-947B-957D5B3E9ADF/assets/1D3203CA-0A6A-40FF-947B-957D5B3E9ADF.pdfp,c84578ae6f277fa98131a6969fcc4216f1356a4d,VU#38
542105277,Saket-Upadhyay/CS6190-return-oriented-programming,Presentation/assets/1D3203CA-0A6A-40FF-947B-957D5B3E9ADF/assets/1D3203CA-0A6A-40FF-947B-957D5B3E9ADF.pdfp,c84578ae6f277fa98131a6969fcc4216f1356a4d,VU#71
542105277,Saket-Upadhyay/CS6190-return-oriented-programming,Presentation/assets/1D3203CA-0A6A-40FF-947B-957D5B3E9ADF/assets/1D3203CA-0A6A-40FF-947B-957D5B3E9ADF.pdfp,c84578ae6f277fa98131a6969fcc4216f1356a4d,VU#22
542105277,Saket-Upadhyay/CS6190-return-oriented-programming,Presentation/assets/1D3203CA-0A6A-40FF-947B-957D5B3E9ADF/assets/1D3203CA-0A6A-40FF-947B-957D5B3E9ADF.pdfp,c84578ae6f277fa98131a6969fcc4216f1356a4d,VU#194
542105277,Saket-Upadhyay/CS6190-return-oriented-programming,Presentation/assets/1D3203CA-0A6A-40FF-947B-957D5B3E9ADF/assets/1D3203CA-0A6A-40FF-947B-957D5B3E9ADF.pdfp,c84578ae6f277fa98131a6969fcc4216f1356a4d,VU#37
542105277,Saket-Upadhyay/CS6190-return-oriented-programming,Presentation/assets/1D3203CA-0A6A-40FF-947B-957D5B3E9ADF/assets/1D3203CA-0A6A-40FF-947B-957D5B3E9ADF.pdfp,c84578ae6f277fa98131a6969fcc4216f1356a4d,VU#64
542105277,Saket-Upadhyay/CS6190-return-oriented-programming,Presentation/assets/1D3203CA-0A6A-40FF-947B-957D5B3E9ADF/assets/1D3203CA-0A6A-40FF-947B-957D5B3E9ADF.pdfp,c84578ae6f277fa98131a6969fcc4216f1356a4d,VU#09
542105277,Saket-Upadhyay/CS6190-return-oriented-programming,Presentation/assets/1D3203CA-0A6A-40FF-947B-957D5B3E9ADF/assets/1D3203CA-0A6A-40FF-947B-957D5B3E9ADF.pdfp,c84578ae6f277fa98131a6969fcc4216f1356a4d,VU#25
542105277,Saket-Upadhyay/CS6190-return-oriented-programming,Presentation/assets/1D3203CA-0A6A-40FF-947B-957D5B3E9ADF/assets/1D3203CA-0A6A-40FF-947B-957D5B3E9ADF.pdfp,c84578ae6f277fa98131a6969fcc4216f1356a4d,VU#26
542105277,Saket-Upadhyay/CS6190-return-oriented-programming,Presentation/assets/1D3203CA-0A6A-40FF-947B-957D5B3E9ADF/assets/1D3203CA-0A6A-40FF-947B-957D5B3E9ADF.pdfp,c84578ae6f277fa98131a6969fcc4216f1356a4d,VU#632
542105277,Saket-Upadhyay/CS6190-return-oriented-programming,Presentation/assets/1D3203CA-0A6A-40FF-947B-957D5B3E9ADF/assets/1D3203CA-0A6A-40FF-947B-957D5B3E9ADF.pdfp,c84578ae6f277fa98131a6969fcc4216f1356a4d,VU#98
542105277,Saket-Upadhyay/CS6190-return-oriented-programming,Presentation/assets/1D3203CA-0A6A-40FF-947B-957D5B3E9ADF/assets/1D3203CA-0A6A-40FF-947B-957D5B3E9ADF.pdfp,c84578ae6f277fa98131a6969fcc4216f1356a4d,VU#23
542105277,Saket-Upadhyay/CS6190-return-oriented-programming,Presentation/assets/1D3203CA-0A6A-40FF-947B-957D5B3E9ADF/assets/1D3203CA-0A6A-40FF-947B-957D5B3E9ADF.pdfp,c84578ae6f277fa98131a6969fcc4216f1356a4d,VU#85
542105277,Saket-Upadhyay/CS6190-return-oriented-programming,Presentation/assets/1D3203CA-0A6A-40FF-947B-957D5B3E9ADF/assets/1D3203CA-0A6A-40FF-947B-957D5B3E9ADF.pdfp,c84578ae6f277fa98131a6969fcc4216f1356a4d,VU#02
542105277,Saket-Upadhyay/CS6190-return-oriented-programming,Presentation/assets/1D3203CA-0A6A-40FF-947B-957D5B3E9ADF/assets/1D3203CA-0A6A-40FF-947B-957D5B3E9ADF.pdfp,c84578ae6f277fa98131a6969fcc4216f1356a4d,VU#97
542105277,Saket-Upadhyay/CS6190-return-oriented-programming,Presentation/assets/1D3203CA-0A6A-40FF-947B-957D5B3E9ADF/assets/1D3203CA-0A6A-40FF-947B-957D5B3E9ADF.pdfp,c84578ae6f277fa98131a6969fcc4216f1356a4d,VU#05
542105277,Saket-Upadhyay/CS6190-return-oriented-programming,Presentation/assets/1D3203CA-0A6A-40FF-947B-957D5B3E9ADF/assets/1D3203CA-0A6A-40FF-947B-957D5B3E9ADF.pdfp,c84578ae6f277fa98131a6969fcc4216f1356a4d,VU#543
542105277,Saket-Upadhyay/CS6190-return-oriented-programming,Presentation/assets/1D3203CA-0A6A-40FF-947B-957D5B3E9ADF/assets/1D3203CA-0A6A-40FF-947B-957D5B3E9ADF.pdfp,c84578ae6f277fa98131a6969fcc4216f1356a4d,VU#59
542105277,Saket-Upadhyay/CS6190-return-oriented-programming,Presentation/assets/1D3203CA-0A6A-40FF-947B-957D5B3E9ADF/assets/1D3203CA-0A6A-40FF-947B-957D5B3E9ADF.pdfp,c84578ae6f277fa98131a6969fcc4216f1356a4d,VU#24
542105277,Saket-Upadhyay/CS6190-return-oriented-programming,Presentation/assets/1D3203CA-0A6A-40FF-947B-957D5B3E9ADF/assets/1D3203CA-0A6A-40FF-947B-957D5B3E9ADF.pdfp,c84578ae6f277fa98131a6969fcc4216f1356a4d,VU#63
542105277,Saket-Upadhyay/CS6190-return-oriented-programming,Presentation/assets/1D3203CA-0A6A-40FF-947B-957D5B3E9ADF/assets/1D3203CA-0A6A-40FF-947B-957D5B3E9ADF.pdfp,c84578ae6f277fa98131a6969fcc4216f1356a4d,VU#2588
542105277,Saket-Upadhyay/CS6190-return-oriented-programming,Presentation/assets/1C200DE8-E315-42C7-830F-CD81C334A035/assets/1C200DE8-E315-42C7-830F-CD81C334A035.pdf,d19de1fbc7b27113428c826b339d4a63681420ba,VU#58
542105277,Saket-Upadhyay/CS6190-return-oriented-programming,Presentation/assets/6190A5E4-283B-4783-8D96-26C107F9BD20/assets/6190A5E4-283B-4783-8D96-26C107F9BD20.pdfp,d40efd17585f89479897a57505af524ddf7d1ab7,VU#81
542105277,Saket-Upadhyay/CS6190-return-oriented-programming,Presentation/assets/6190A5E4-283B-4783-8D96-26C107F9BD20/assets/6190A5E4-283B-4783-8D96-26C107F9BD20.pdfp,d40efd17585f89479897a57505af524ddf7d1ab7,VU#10
542105277,Saket-Upadhyay/CS6190-return-oriented-programming,Presentation/assets/6190A5E4-283B-4783-8D96-26C107F9BD20/assets/6190A5E4-283B-4783-8D96-26C107F9BD20.pdfp,d40efd17585f89479897a57505af524ddf7d1ab7,VU#926
542105277,Saket-Upadhyay/CS6190-return-oriented-programming,Presentation/assets/6190A5E4-283B-4783-8D96-26C107F9BD20/assets/6190A5E4-283B-4783-8D96-26C107F9BD20.pdfp,d40efd17585f89479897a57505af524ddf7d1ab7,VU#778
542105277,Saket-Upadhyay/CS6190-return-oriented-programming,Presentation/assets/6190A5E4-283B-4783-8D96-26C107F9BD20/assets/6190A5E4-283B-4783-8D96-26C107F9BD20.pdfp,d40efd17585f89479897a57505af524ddf7d1ab7,VU#77
542105277,Saket-Upadhyay/CS6190-return-oriented-programming,Presentation/assets/6190A5E4-283B-4783-8D96-26C107F9BD20/assets/6190A5E4-283B-4783-8D96-26C107F9BD20.pdfp,d40efd17585f89479897a57505af524ddf7d1ab7,VU#13
542105277,Saket-Upadhyay/CS6190-return-oriented-programming,Presentation/assets/6190A5E4-283B-4783-8D96-26C107F9BD20/assets/6190A5E4-283B-4783-8D96-26C107F9BD20.pdfp,d40efd17585f89479897a57505af524ddf7d1ab7,VU#69
542105277,Saket-Upadhyay/CS6190-return-oriented-programming,Presentation/assets/6190A5E4-283B-4783-8D96-26C107F9BD20/assets/6190A5E4-283B-4783-8D96-26C107F9BD20.pdfp,d40efd17585f89479897a57505af524ddf7d1ab7,VU#87
542105277,Saket-Upadhyay/CS6190-return-oriented-programming,Presentation/assets/6190A5E4-283B-4783-8D96-26C107F9BD20/assets/6190A5E4-283B-4783-8D96-26C107F9BD20.pdfp,d40efd17585f89479897a57505af524ddf7d1ab7,VU#62
542105277,Saket-Upadhyay/CS6190-return-oriented-programming,Presentation/assets/6190A5E4-283B-4783-8D96-26C107F9BD20/assets/6190A5E4-283B-4783-8D96-26C107F9BD20.pdfp,d40efd17585f89479897a57505af524ddf7d1ab7,VU#56
542105277,Saket-Upadhyay/CS6190-return-oriented-programming,Presentation/assets/6190A5E4-283B-4783-8D96-26C107F9BD20/assets/6190A5E4-283B-4783-8D96-26C107F9BD20.pdfp,d40efd17585f89479897a57505af524ddf7d1ab7,VU#76
542105277,Saket-Upadhyay/CS6190-return-oriented-programming,Presentation/assets/6190A5E4-283B-4783-8D96-26C107F9BD20/assets/6190A5E4-283B-4783-8D96-26C107F9BD20.pdfp,d40efd17585f89479897a57505af524ddf7d1ab7,VU#85
542105277,Saket-Upadhyay/CS6190-return-oriented-programming,Presentation/assets/6190A5E4-283B-4783-8D96-26C107F9BD20/assets/6190A5E4-283B-4783-8D96-26C107F9BD20.pdfp,d40efd17585f89479897a57505af524ddf7d1ab7,VU#902
542105277,Saket-Upadhyay/CS6190-return-oriented-programming,Presentation/assets/6190A5E4-283B-4783-8D96-26C107F9BD20/assets/6190A5E4-283B-4783-8D96-26C107F9BD20.pdfp,d40efd17585f89479897a57505af524ddf7d1ab7,VU#75
542105277,Saket-Upadhyay/CS6190-return-oriented-programming,Presentation/assets/6190A5E4-283B-4783-8D96-26C107F9BD20/assets/6190A5E4-283B-4783-8D96-26C107F9BD20.pdfp,d40efd17585f89479897a57505af524ddf7d1ab7,VU#23
542105277,Saket-Upadhyay/CS6190-return-oriented-programming,Presentation/assets/6190A5E4-283B-4783-8D96-26C107F9BD20/assets/6190A5E4-283B-4783-8D96-26C107F9BD20.pdfp,d40efd17585f89479897a57505af524ddf7d1ab7,VU#34
542105277,Saket-Upadhyay/CS6190-return-oriented-programming,Presentation/assets/6190A5E4-283B-4783-8D96-26C107F9BD20/assets/6190A5E4-283B-4783-8D96-26C107F9BD20.pdfp,d40efd17585f89479897a57505af524ddf7d1ab7,VU#89
542105277,Saket-Upadhyay/CS6190-return-oriented-programming,Presentation/assets/6190A5E4-283B-4783-8D96-26C107F9BD20/assets/6190A5E4-283B-4783-8D96-26C107F9BD20.pdfp,d40efd17585f89479897a57505af524ddf7d1ab7,VU#33
542105277,Saket-Upadhyay/CS6190-return-oriented-programming,Presentation/assets/6190A5E4-283B-4783-8D96-26C107F9BD20/assets/6190A5E4-283B-4783-8D96-26C107F9BD20.pdfp,d40efd17585f89479897a57505af524ddf7d1ab7,VU#35
542105277,Saket-Upadhyay/CS6190-return-oriented-programming,Presentation/assets/6190A5E4-283B-4783-8D96-26C107F9BD20/assets/6190A5E4-283B-4783-8D96-26C107F9BD20.pdfp,d40efd17585f89479897a57505af524ddf7d1ab7,VU#131
542105277,Saket-Upadhyay/CS6190-return-oriented-programming,Presentation/assets/6190A5E4-283B-4783-8D96-26C107F9BD20/assets/6190A5E4-283B-4783-8D96-26C107F9BD20.pdfp,d40efd17585f89479897a57505af524ddf7d1ab7,VU#163
542105277,Saket-Upadhyay/CS6190-return-oriented-programming,Presentation/assets/6190A5E4-283B-4783-8D96-26C107F9BD20/assets/6190A5E4-283B-4783-8D96-26C107F9BD20.pdfp,d40efd17585f89479897a57505af524ddf7d1ab7,VU#357
542105277,Saket-Upadhyay/CS6190-return-oriented-programming,Presentation/assets/6190A5E4-283B-4783-8D96-26C107F9BD20/assets/6190A5E4-283B-4783-8D96-26C107F9BD20.pdfp,d40efd17585f89479897a57505af524ddf7d1ab7,VU#24
542105277,Saket-Upadhyay/CS6190-return-oriented-programming,Presentation/assets/6190A5E4-283B-4783-8D96-26C107F9BD20/assets/6190A5E4-283B-4783-8D96-26C107F9BD20.pdfp,d40efd17585f89479897a57505af524ddf7d1ab7,VU#61
542105277,Saket-Upadhyay/CS6190-return-oriented-programming,Presentation/assets/6190A5E4-283B-4783-8D96-26C107F9BD20/assets/6190A5E4-283B-4783-8D96-26C107F9BD20.pdfp,d40efd17585f89479897a57505af524ddf7d1ab7,VU#73
542105277,Saket-Upadhyay/CS6190-return-oriented-programming,Presentation/assets/6190A5E4-283B-4783-8D96-26C107F9BD20/assets/6190A5E4-283B-4783-8D96-26C107F9BD20.pdfp,d40efd17585f89479897a57505af524ddf7d1ab7,VU#58
542105277,Saket-Upadhyay/CS6190-return-oriented-programming,Presentation/assets/6190A5E4-283B-4783-8D96-26C107F9BD20/assets/6190A5E4-283B-4783-8D96-26C107F9BD20.pdfp,d40efd17585f89479897a57505af524ddf7d1ab7,VU#45
542105277,Saket-Upadhyay/CS6190-return-oriented-programming,Presentation/assets/6190A5E4-283B-4783-8D96-26C107F9BD20/assets/6190A5E4-283B-4783-8D96-26C107F9BD20.pdfp,d40efd17585f89479897a57505af524ddf7d1ab7,VU#8957
542105277,Saket-Upadhyay/CS6190-return-oriented-programming,Presentation/assets/6190A5E4-283B-4783-8D96-26C107F9BD20/assets/6190A5E4-283B-4783-8D96-26C107F9BD20.pdfp,d40efd17585f89479897a57505af524ddf7d1ab7,VU#30
542105277,Saket-Upadhyay/CS6190-return-oriented-programming,Presentation/assets/6190A5E4-283B-4783-8D96-26C107F9BD20/assets/6190A5E4-283B-4783-8D96-26C107F9BD20.pdfp,d40efd17585f89479897a57505af524ddf7d1ab7,VU#02
542105277,Saket-Upadhyay/CS6190-return-oriented-programming,Presentation/assets/6190A5E4-283B-4783-8D96-26C107F9BD20/assets/6190A5E4-283B-4783-8D96-26C107F9BD20.pdfp,d40efd17585f89479897a57505af524ddf7d1ab7,VU#96
542105277,Saket-Upadhyay/CS6190-return-oriented-programming,Presentation/assets/6190A5E4-283B-4783-8D96-26C107F9BD20/assets/6190A5E4-283B-4783-8D96-26C107F9BD20.pdfp,d40efd17585f89479897a57505af524ddf7d1ab7,VU#65
542105277,Saket-Upadhyay/CS6190-return-oriented-programming,Presentation/assets/6190A5E4-283B-4783-8D96-26C107F9BD20/assets/6190A5E4-283B-4783-8D96-26C107F9BD20.pdfp,d40efd17585f89479897a57505af524ddf7d1ab7,VU#47
542105277,Saket-Upadhyay/CS6190-return-oriented-programming,Presentation/assets/6190A5E4-283B-4783-8D96-26C107F9BD20/assets/6190A5E4-283B-4783-8D96-26C107F9BD20.pdfp,d40efd17585f89479897a57505af524ddf7d1ab7,VU#03
542105277,Saket-Upadhyay/CS6190-return-oriented-programming,Presentation/assets/6190A5E4-283B-4783-8D96-26C107F9BD20/assets/6190A5E4-283B-4783-8D96-26C107F9BD20.pdfp,d40efd17585f89479897a57505af524ddf7d1ab7,VU#547
542105277,Saket-Upadhyay/CS6190-return-oriented-programming,Presentation/assets/6190A5E4-283B-4783-8D96-26C107F9BD20/assets/6190A5E4-283B-4783-8D96-26C107F9BD20.pdfp,d40efd17585f89479897a57505af524ddf7d1ab7,VU#20
542105277,Saket-Upadhyay/CS6190-return-oriented-programming,Presentation/assets/6190A5E4-283B-4783-8D96-26C107F9BD20/assets/6190A5E4-283B-4783-8D96-26C107F9BD20.pdfp,d40efd17585f89479897a57505af524ddf7d1ab7,VU#510
542105277,Saket-Upadhyay/CS6190-return-oriented-programming,Presentation/assets/6190A5E4-283B-4783-8D96-26C107F9BD20/assets/6190A5E4-283B-4783-8D96-26C107F9BD20.pdfp,d40efd17585f89479897a57505af524ddf7d1ab7,VU#64
542105277,Saket-Upadhyay/CS6190-return-oriented-programming,Presentation/assets/6190A5E4-283B-4783-8D96-26C107F9BD20/assets/6190A5E4-283B-4783-8D96-26C107F9BD20.pdfp,d40efd17585f89479897a57505af524ddf7d1ab7,VU#78
542105277,Saket-Upadhyay/CS6190-return-oriented-programming,Presentation/assets/6190A5E4-283B-4783-8D96-26C107F9BD20/assets/6190A5E4-283B-4783-8D96-26C107F9BD20.pdfp,d40efd17585f89479897a57505af524ddf7d1ab7,VU#29
542105277,Saket-Upadhyay/CS6190-return-oriented-programming,Presentation/assets/6190A5E4-283B-4783-8D96-26C107F9BD20/assets/6190A5E4-283B-4783-8D96-26C107F9BD20.pdfp,d40efd17585f89479897a57505af524ddf7d1ab7,VU#97
542105277,Saket-Upadhyay/CS6190-return-oriented-programming,Presentation/assets/6190A5E4-283B-4783-8D96-26C107F9BD20/assets/6190A5E4-283B-4783-8D96-26C107F9BD20.pdfp,d40efd17585f89479897a57505af524ddf7d1ab7,VU#54
542105277,Saket-Upadhyay/CS6190-return-oriented-programming,Presentation/assets/6190A5E4-283B-4783-8D96-26C107F9BD20/assets/6190A5E4-283B-4783-8D96-26C107F9BD20.pdfp,d40efd17585f89479897a57505af524ddf7d1ab7,VU#46
542105277,Saket-Upadhyay/CS6190-return-oriented-programming,Presentation/assets/6190A5E4-283B-4783-8D96-26C107F9BD20/assets/6190A5E4-283B-4783-8D96-26C107F9BD20.pdfp,d40efd17585f89479897a57505af524ddf7d1ab7,VU#55
542105277,Saket-Upadhyay/CS6190-return-oriented-programming,Presentation/assets/6190A5E4-283B-4783-8D96-26C107F9BD20/assets/6190A5E4-283B-4783-8D96-26C107F9BD20.pdfp,d40efd17585f89479897a57505af524ddf7d1ab7,VU#49
542105277,Saket-Upadhyay/CS6190-return-oriented-programming,Presentation/assets/80351680-1C81-44B1-B715-9E4B94BFC507/assets/80351680-1C81-44B1-B715-9E4B94BFC507.pdfp,d5c9912782ad7ae951e9c61e71666556a42cc9dd,VU#65
542105277,Saket-Upadhyay/CS6190-return-oriented-programming,Presentation/assets/80351680-1C81-44B1-B715-9E4B94BFC507/assets/80351680-1C81-44B1-B715-9E4B94BFC507.pdfp,d5c9912782ad7ae951e9c61e71666556a42cc9dd,VU#06
542105277,Saket-Upadhyay/CS6190-return-oriented-programming,Presentation/assets/80351680-1C81-44B1-B715-9E4B94BFC507/assets/80351680-1C81-44B1-B715-9E4B94BFC507.pdfp,d5c9912782ad7ae951e9c61e71666556a42cc9dd,VU#20
542105277,Saket-Upadhyay/CS6190-return-oriented-programming,Presentation/assets/80351680-1C81-44B1-B715-9E4B94BFC507/assets/80351680-1C81-44B1-B715-9E4B94BFC507.pdfp,d5c9912782ad7ae951e9c61e71666556a42cc9dd,VU#54
542105277,Saket-Upadhyay/CS6190-return-oriented-programming,Presentation/assets/80351680-1C81-44B1-B715-9E4B94BFC507/assets/80351680-1C81-44B1-B715-9E4B94BFC507.pdfp,d5c9912782ad7ae951e9c61e71666556a42cc9dd,VU#84
542105277,Saket-Upadhyay/CS6190-return-oriented-programming,Presentation/assets/80351680-1C81-44B1-B715-9E4B94BFC507/assets/80351680-1C81-44B1-B715-9E4B94BFC507.pdfp,d5c9912782ad7ae951e9c61e71666556a42cc9dd,VU#73
542105277,Saket-Upadhyay/CS6190-return-oriented-programming,Presentation/assets/80351680-1C81-44B1-B715-9E4B94BFC507/assets/80351680-1C81-44B1-B715-9E4B94BFC507.pdfp,d5c9912782ad7ae951e9c61e71666556a42cc9dd,VU#88
542105277,Saket-Upadhyay/CS6190-return-oriented-programming,Presentation/assets/80351680-1C81-44B1-B715-9E4B94BFC507/assets/80351680-1C81-44B1-B715-9E4B94BFC507.pdfp,d5c9912782ad7ae951e9c61e71666556a42cc9dd,VU#802
542105277,Saket-Upadhyay/CS6190-return-oriented-programming,Presentation/assets/80351680-1C81-44B1-B715-9E4B94BFC507/assets/80351680-1C81-44B1-B715-9E4B94BFC507.pdfp,d5c9912782ad7ae951e9c61e71666556a42cc9dd,VU#758
542105277,Saket-Upadhyay/CS6190-return-oriented-programming,Presentation/assets/80351680-1C81-44B1-B715-9E4B94BFC507/assets/80351680-1C81-44B1-B715-9E4B94BFC507.pdfp,d5c9912782ad7ae951e9c61e71666556a42cc9dd,VU#79
542105277,Saket-Upadhyay/CS6190-return-oriented-programming,Presentation/assets/80351680-1C81-44B1-B715-9E4B94BFC507/assets/80351680-1C81-44B1-B715-9E4B94BFC507.pdfp,d5c9912782ad7ae951e9c61e71666556a42cc9dd,VU#16
542105277,Saket-Upadhyay/CS6190-return-oriented-programming,Presentation/assets/80351680-1C81-44B1-B715-9E4B94BFC507/assets/80351680-1C81-44B1-B715-9E4B94BFC507.pdfp,d5c9912782ad7ae951e9c61e71666556a42cc9dd,VU#57
542105277,Saket-Upadhyay/CS6190-return-oriented-programming,Presentation/assets/80351680-1C81-44B1-B715-9E4B94BFC507/assets/80351680-1C81-44B1-B715-9E4B94BFC507.pdfp,d5c9912782ad7ae951e9c61e71666556a42cc9dd,VU#80
542105277,Saket-Upadhyay/CS6190-return-oriented-programming,Presentation/assets/80351680-1C81-44B1-B715-9E4B94BFC507/assets/80351680-1C81-44B1-B715-9E4B94BFC507.pdfp,d5c9912782ad7ae951e9c61e71666556a42cc9dd,VU#74
542105277,Saket-Upadhyay/CS6190-return-oriented-programming,Presentation/assets/80351680-1C81-44B1-B715-9E4B94BFC507/assets/80351680-1C81-44B1-B715-9E4B94BFC507.pdfp,d5c9912782ad7ae951e9c61e71666556a42cc9dd,VU#53
542105277,Saket-Upadhyay/CS6190-return-oriented-programming,Presentation/assets/80351680-1C81-44B1-B715-9E4B94BFC507/assets/80351680-1C81-44B1-B715-9E4B94BFC507.pdfp,d5c9912782ad7ae951e9c61e71666556a42cc9dd,VU#34959
542105277,Saket-Upadhyay/CS6190-return-oriented-programming,Presentation/assets/80351680-1C81-44B1-B715-9E4B94BFC507/assets/80351680-1C81-44B1-B715-9E4B94BFC507.pdfp,d5c9912782ad7ae951e9c61e71666556a42cc9dd,VU#05
542105277,Saket-Upadhyay/CS6190-return-oriented-programming,Presentation/assets/80351680-1C81-44B1-B715-9E4B94BFC507/assets/80351680-1C81-44B1-B715-9E4B94BFC507.pdfp,d5c9912782ad7ae951e9c61e71666556a42cc9dd,VU#26
542105277,Saket-Upadhyay/CS6190-return-oriented-programming,Presentation/assets/80351680-1C81-44B1-B715-9E4B94BFC507/assets/80351680-1C81-44B1-B715-9E4B94BFC507.pdfp,d5c9912782ad7ae951e9c61e71666556a42cc9dd,VU#23
542105277,Saket-Upadhyay/CS6190-return-oriented-programming,Presentation/assets/80351680-1C81-44B1-B715-9E4B94BFC507/assets/80351680-1C81-44B1-B715-9E4B94BFC507.pdfp,d5c9912782ad7ae951e9c61e71666556a42cc9dd,VU#59
542105277,Saket-Upadhyay/CS6190-return-oriented-programming,Presentation/assets/80351680-1C81-44B1-B715-9E4B94BFC507/assets/80351680-1C81-44B1-B715-9E4B94BFC507.pdfp,d5c9912782ad7ae951e9c61e71666556a42cc9dd,VU#33
542105277,Saket-Upadhyay/CS6190-return-oriented-programming,Presentation/assets/80351680-1C81-44B1-B715-9E4B94BFC507/assets/80351680-1C81-44B1-B715-9E4B94BFC507.pdfp,d5c9912782ad7ae951e9c61e71666556a42cc9dd,VU#231
542105277,Saket-Upadhyay/CS6190-return-oriented-programming,Presentation/assets/80351680-1C81-44B1-B715-9E4B94BFC507/assets/80351680-1C81-44B1-B715-9E4B94BFC507.pdfp,d5c9912782ad7ae951e9c61e71666556a42cc9dd,VU#36
542105277,Saket-Upadhyay/CS6190-return-oriented-programming,Presentation/assets/80351680-1C81-44B1-B715-9E4B94BFC507/assets/80351680-1C81-44B1-B715-9E4B94BFC507.pdfp,d5c9912782ad7ae951e9c61e71666556a42cc9dd,VU#934
542105277,Saket-Upadhyay/CS6190-return-oriented-programming,Presentation/assets/80351680-1C81-44B1-B715-9E4B94BFC507/assets/80351680-1C81-44B1-B715-9E4B94BFC507.pdfp,d5c9912782ad7ae951e9c61e71666556a42cc9dd,VU#75
542105277,Saket-Upadhyay/CS6190-return-oriented-programming,Presentation/assets/80351680-1C81-44B1-B715-9E4B94BFC507/assets/80351680-1C81-44B1-B715-9E4B94BFC507.pdfp,d5c9912782ad7ae951e9c61e71666556a42cc9dd,VU#77
542105277,Saket-Upadhyay/CS6190-return-oriented-programming,Presentation/assets/80351680-1C81-44B1-B715-9E4B94BFC507/assets/80351680-1C81-44B1-B715-9E4B94BFC507.pdfp,d5c9912782ad7ae951e9c61e71666556a42cc9dd,VU#93
542105277,Saket-Upadhyay/CS6190-return-oriented-programming,Presentation/assets/80351680-1C81-44B1-B715-9E4B94BFC507/assets/80351680-1C81-44B1-B715-9E4B94BFC507.pdfp,d5c9912782ad7ae951e9c61e71666556a42cc9dd,VU#435
542105277,Saket-Upadhyay/CS6190-return-oriented-programming,Presentation/assets/80351680-1C81-44B1-B715-9E4B94BFC507/assets/80351680-1C81-44B1-B715-9E4B94BFC507.pdfp,d5c9912782ad7ae951e9c61e71666556a42cc9dd,VU#56
542105277,Saket-Upadhyay/CS6190-return-oriented-programming,Presentation/assets/80351680-1C81-44B1-B715-9E4B94BFC507/assets/80351680-1C81-44B1-B715-9E4B94BFC507.pdfp,d5c9912782ad7ae951e9c61e71666556a42cc9dd,VU#02
542105277,Saket-Upadhyay/CS6190-return-oriented-programming,Presentation/assets/80351680-1C81-44B1-B715-9E4B94BFC507/assets/80351680-1C81-44B1-B715-9E4B94BFC507.pdfp,d5c9912782ad7ae951e9c61e71666556a42cc9dd,VU#62
542105277,Saket-Upadhyay/CS6190-return-oriented-programming,Presentation/assets/80351680-1C81-44B1-B715-9E4B94BFC507/assets/80351680-1C81-44B1-B715-9E4B94BFC507.pdfp,d5c9912782ad7ae951e9c61e71666556a42cc9dd,VU#11
542105277,Saket-Upadhyay/CS6190-return-oriented-programming,Presentation/assets/80351680-1C81-44B1-B715-9E4B94BFC507/assets/80351680-1C81-44B1-B715-9E4B94BFC507.pdfp,d5c9912782ad7ae951e9c61e71666556a42cc9dd,VU#44
542105277,Saket-Upadhyay/CS6190-return-oriented-programming,Presentation/assets/80351680-1C81-44B1-B715-9E4B94BFC507/assets/80351680-1C81-44B1-B715-9E4B94BFC507.pdfp,d5c9912782ad7ae951e9c61e71666556a42cc9dd,VU#78
542105277,Saket-Upadhyay/CS6190-return-oriented-programming,Presentation/assets/80351680-1C81-44B1-B715-9E4B94BFC507/assets/80351680-1C81-44B1-B715-9E4B94BFC507.pdfp,d5c9912782ad7ae951e9c61e71666556a42cc9dd,VU#41
542105277,Saket-Upadhyay/CS6190-return-oriented-programming,Presentation/assets/80351680-1C81-44B1-B715-9E4B94BFC507/assets/80351680-1C81-44B1-B715-9E4B94BFC507.pdfp,d5c9912782ad7ae951e9c61e71666556a42cc9dd,VU#67
542105277,Saket-Upadhyay/CS6190-return-oriented-programming,Presentation/assets/80351680-1C81-44B1-B715-9E4B94BFC507/assets/80351680-1C81-44B1-B715-9E4B94BFC507.pdfp,d5c9912782ad7ae951e9c61e71666556a42cc9dd,VU#863
542105277,Saket-Upadhyay/CS6190-return-oriented-programming,Presentation/assets/80351680-1C81-44B1-B715-9E4B94BFC507/assets/80351680-1C81-44B1-B715-9E4B94BFC507.pdfp,d5c9912782ad7ae951e9c61e71666556a42cc9dd,VU#30
542105277,Saket-Upadhyay/CS6190-return-oriented-programming,Presentation/assets/80351680-1C81-44B1-B715-9E4B94BFC507/assets/80351680-1C81-44B1-B715-9E4B94BFC507.pdfp,d5c9912782ad7ae951e9c61e71666556a42cc9dd,VU#180
542105277,Saket-Upadhyay/CS6190-return-oriented-programming,Presentation/assets/80351680-1C81-44B1-B715-9E4B94BFC507/assets/80351680-1C81-44B1-B715-9E4B94BFC507.pdfp,d5c9912782ad7ae951e9c61e71666556a42cc9dd,VU#40
542105277,Saket-Upadhyay/CS6190-return-oriented-programming,Presentation/assets/80351680-1C81-44B1-B715-9E4B94BFC507/assets/80351680-1C81-44B1-B715-9E4B94BFC507.pdfp,d5c9912782ad7ae951e9c61e71666556a42cc9dd,VU#22
542105277,Saket-Upadhyay/CS6190-return-oriented-programming,Presentation/assets/80351680-1C81-44B1-B715-9E4B94BFC507/assets/80351680-1C81-44B1-B715-9E4B94BFC507.pdfp,d5c9912782ad7ae951e9c61e71666556a42cc9dd,VU#129
542105277,Saket-Upadhyay/CS6190-return-oriented-programming,Presentation/assets/80351680-1C81-44B1-B715-9E4B94BFC507/assets/80351680-1C81-44B1-B715-9E4B94BFC507.pdfp,d5c9912782ad7ae951e9c61e71666556a42cc9dd,VU#63
542105277,Saket-Upadhyay/CS6190-return-oriented-programming,Presentation/assets/80351680-1C81-44B1-B715-9E4B94BFC507/assets/80351680-1C81-44B1-B715-9E4B94BFC507.pdfp,d5c9912782ad7ae951e9c61e71666556a42cc9dd,VU#92
542105277,Saket-Upadhyay/CS6190-return-oriented-programming,Presentation/assets/80351680-1C81-44B1-B715-9E4B94BFC507/assets/80351680-1C81-44B1-B715-9E4B94BFC507.pdfp,d5c9912782ad7ae951e9c61e71666556a42cc9dd,VU#29
542105277,Saket-Upadhyay/CS6190-return-oriented-programming,Presentation/assets/80351680-1C81-44B1-B715-9E4B94BFC507/assets/80351680-1C81-44B1-B715-9E4B94BFC507.pdfp,d5c9912782ad7ae951e9c61e71666556a42cc9dd,VU#46
542105277,Saket-Upadhyay/CS6190-return-oriented-programming,Presentation/assets/80351680-1C81-44B1-B715-9E4B94BFC507/assets/80351680-1C81-44B1-B715-9E4B94BFC507.pdfp,d5c9912782ad7ae951e9c61e71666556a42cc9dd,VU#31
542105277,Saket-Upadhyay/CS6190-return-oriented-programming,Presentation/assets/80351680-1C81-44B1-B715-9E4B94BFC507/assets/80351680-1C81-44B1-B715-9E4B94BFC507.pdfp,d5c9912782ad7ae951e9c61e71666556a42cc9dd,VU#13
542105277,Saket-Upadhyay/CS6190-return-oriented-programming,Presentation/assets/80351680-1C81-44B1-B715-9E4B94BFC507/assets/80351680-1C81-44B1-B715-9E4B94BFC507.pdfp,d5c9912782ad7ae951e9c61e71666556a42cc9dd,VU#19
542105277,Saket-Upadhyay/CS6190-return-oriented-programming,Presentation/assets/80351680-1C81-44B1-B715-9E4B94BFC507/assets/80351680-1C81-44B1-B715-9E4B94BFC507.pdfp,d5c9912782ad7ae951e9c61e71666556a42cc9dd,VU#95
542105277,Saket-Upadhyay/CS6190-return-oriented-programming,Presentation/assets/80351680-1C81-44B1-B715-9E4B94BFC507/assets/80351680-1C81-44B1-B715-9E4B94BFC507.pdfp,d5c9912782ad7ae951e9c61e71666556a42cc9dd,VU#76
542105277,Saket-Upadhyay/CS6190-return-oriented-programming,Presentation/assets/80351680-1C81-44B1-B715-9E4B94BFC507/assets/80351680-1C81-44B1-B715-9E4B94BFC507.pdfp,d5c9912782ad7ae951e9c61e71666556a42cc9dd,VU#71
542105277,Saket-Upadhyay/CS6190-return-oriented-programming,Presentation/assets/80351680-1C81-44B1-B715-9E4B94BFC507/assets/80351680-1C81-44B1-B715-9E4B94BFC507.pdfp,d5c9912782ad7ae951e9c61e71666556a42cc9dd,VU#25
542105277,Saket-Upadhyay/CS6190-return-oriented-programming,Presentation/assets/321F86F3-512B-4C11-937B-C4C870F3363A/assets/321F86F3-512B-4C11-937B-C4C870F3363A.pdfp,d9320dd31fe34764e39ec7ec4d057532ff2d6f80,VU#78
542105277,Saket-Upadhyay/CS6190-return-oriented-programming,Presentation/assets/321F86F3-512B-4C11-937B-C4C870F3363A/assets/321F86F3-512B-4C11-937B-C4C870F3363A.pdfp,d9320dd31fe34764e39ec7ec4d057532ff2d6f80,VU#194
542105277,Saket-Upadhyay/CS6190-return-oriented-programming,Presentation/assets/321F86F3-512B-4C11-937B-C4C870F3363A/assets/321F86F3-512B-4C11-937B-C4C870F3363A.pdfp,d9320dd31fe34764e39ec7ec4d057532ff2d6f80,VU#22
542105277,Saket-Upadhyay/CS6190-return-oriented-programming,Presentation/assets/321F86F3-512B-4C11-937B-C4C870F3363A/assets/321F86F3-512B-4C11-937B-C4C870F3363A.pdfp,d9320dd31fe34764e39ec7ec4d057532ff2d6f80,VU#76
542105277,Saket-Upadhyay/CS6190-return-oriented-programming,Presentation/assets/321F86F3-512B-4C11-937B-C4C870F3363A/assets/321F86F3-512B-4C11-937B-C4C870F3363A.pdfp,d9320dd31fe34764e39ec7ec4d057532ff2d6f80,VU#33
542105277,Saket-Upadhyay/CS6190-return-oriented-programming,Presentation/assets/321F86F3-512B-4C11-937B-C4C870F3363A/assets/321F86F3-512B-4C11-937B-C4C870F3363A.pdfp,d9320dd31fe34764e39ec7ec4d057532ff2d6f80,VU#24
542105277,Saket-Upadhyay/CS6190-return-oriented-programming,Presentation/assets/321F86F3-512B-4C11-937B-C4C870F3363A/assets/321F86F3-512B-4C11-937B-C4C870F3363A.pdfp,d9320dd31fe34764e39ec7ec4d057532ff2d6f80,VU#3087
542105277,Saket-Upadhyay/CS6190-return-oriented-programming,Presentation/assets/321F86F3-512B-4C11-937B-C4C870F3363A/assets/321F86F3-512B-4C11-937B-C4C870F3363A.pdfp,d9320dd31fe34764e39ec7ec4d057532ff2d6f80,VU#21
542105277,Saket-Upadhyay/CS6190-return-oriented-programming,Presentation/assets/321F86F3-512B-4C11-937B-C4C870F3363A/assets/321F86F3-512B-4C11-937B-C4C870F3363A.pdfp,d9320dd31fe34764e39ec7ec4d057532ff2d6f80,VU#31
542105277,Saket-Upadhyay/CS6190-return-oriented-programming,Presentation/assets/321F86F3-512B-4C11-937B-C4C870F3363A/assets/321F86F3-512B-4C11-937B-C4C870F3363A.pdfp,d9320dd31fe34764e39ec7ec4d057532ff2d6f80,VU#87
542105277,Saket-Upadhyay/CS6190-return-oriented-programming,Presentation/assets/321F86F3-512B-4C11-937B-C4C870F3363A/assets/321F86F3-512B-4C11-937B-C4C870F3363A.pdfp,d9320dd31fe34764e39ec7ec4d057532ff2d6f80,VU#88
542105277,Saket-Upadhyay/CS6190-return-oriented-programming,Presentation/assets/321F86F3-512B-4C11-937B-C4C870F3363A/assets/321F86F3-512B-4C11-937B-C4C870F3363A.pdfp,d9320dd31fe34764e39ec7ec4d057532ff2d6f80,VU#29
542105277,Saket-Upadhyay/CS6190-return-oriented-programming,Presentation/assets/321F86F3-512B-4C11-937B-C4C870F3363A/assets/321F86F3-512B-4C11-937B-C4C870F3363A.pdfp,d9320dd31fe34764e39ec7ec4d057532ff2d6f80,VU#32
542105277,Saket-Upadhyay/CS6190-return-oriented-programming,Presentation/assets/321F86F3-512B-4C11-937B-C4C870F3363A/assets/321F86F3-512B-4C11-937B-C4C870F3363A.pdfp,d9320dd31fe34764e39ec7ec4d057532ff2d6f80,VU#26
542105277,Saket-Upadhyay/CS6190-return-oriented-programming,Presentation/assets/321F86F3-512B-4C11-937B-C4C870F3363A/assets/321F86F3-512B-4C11-937B-C4C870F3363A.pdfp,d9320dd31fe34764e39ec7ec4d057532ff2d6f80,VU#25
542105277,Saket-Upadhyay/CS6190-return-oriented-programming,Presentation/assets/321F86F3-512B-4C11-937B-C4C870F3363A/assets/321F86F3-512B-4C11-937B-C4C870F3363A.pdfp,d9320dd31fe34764e39ec7ec4d057532ff2d6f80,VU#83
542105277,Saket-Upadhyay/CS6190-return-oriented-programming,Presentation/assets/321F86F3-512B-4C11-937B-C4C870F3363A/assets/321F86F3-512B-4C11-937B-C4C870F3363A.pdfp,d9320dd31fe34764e39ec7ec4d057532ff2d6f80,VU#50
542105277,Saket-Upadhyay/CS6190-return-oriented-programming,Presentation/assets/321F86F3-512B-4C11-937B-C4C870F3363A/assets/321F86F3-512B-4C11-937B-C4C870F3363A.pdfp,d9320dd31fe34764e39ec7ec4d057532ff2d6f80,VU#58
542105277,Saket-Upadhyay/CS6190-return-oriented-programming,Presentation/assets/321F86F3-512B-4C11-937B-C4C870F3363A/assets/321F86F3-512B-4C11-937B-C4C870F3363A.pdfp,d9320dd31fe34764e39ec7ec4d057532ff2d6f80,VU#39
542105277,Saket-Upadhyay/CS6190-return-oriented-programming,Presentation/assets/321F86F3-512B-4C11-937B-C4C870F3363A/assets/321F86F3-512B-4C11-937B-C4C870F3363A.pdfp,d9320dd31fe34764e39ec7ec4d057532ff2d6f80,VU#654
542105277,Saket-Upadhyay/CS6190-return-oriented-programming,Presentation/assets/321F86F3-512B-4C11-937B-C4C870F3363A/assets/321F86F3-512B-4C11-937B-C4C870F3363A.pdfp,d9320dd31fe34764e39ec7ec4d057532ff2d6f80,VU#975537
542105277,Saket-Upadhyay/CS6190-return-oriented-programming,Presentation/assets/321F86F3-512B-4C11-937B-C4C870F3363A/assets/321F86F3-512B-4C11-937B-C4C870F3363A.pdfp,d9320dd31fe34764e39ec7ec4d057532ff2d6f80,VU#12
542105277,Saket-Upadhyay/CS6190-return-oriented-programming,Presentation/assets/321F86F3-512B-4C11-937B-C4C870F3363A/assets/321F86F3-512B-4C11-937B-C4C870F3363A.pdfp,d9320dd31fe34764e39ec7ec4d057532ff2d6f80,VU#71
542105277,Saket-Upadhyay/CS6190-return-oriented-programming,Presentation/assets/321F86F3-512B-4C11-937B-C4C870F3363A/assets/321F86F3-512B-4C11-937B-C4C870F3363A.pdfp,d9320dd31fe34764e39ec7ec4d057532ff2d6f80,VU#02
542105277,Saket-Upadhyay/CS6190-return-oriented-programming,Presentation/assets/321F86F3-512B-4C11-937B-C4C870F3363A/assets/321F86F3-512B-4C11-937B-C4C870F3363A.pdfp,d9320dd31fe34764e39ec7ec4d057532ff2d6f80,VU#98
542105277,Saket-Upadhyay/CS6190-return-oriented-programming,Presentation/assets/321F86F3-512B-4C11-937B-C4C870F3363A/assets/321F86F3-512B-4C11-937B-C4C870F3363A.pdfp,d9320dd31fe34764e39ec7ec4d057532ff2d6f80,VU#49
542105277,Saket-Upadhyay/CS6190-return-oriented-programming,Presentation/assets/321F86F3-512B-4C11-937B-C4C870F3363A/assets/321F86F3-512B-4C11-937B-C4C870F3363A.pdfp,d9320dd31fe34764e39ec7ec4d057532ff2d6f80,VU#47
542105277,Saket-Upadhyay/CS6190-return-oriented-programming,Presentation/assets/321F86F3-512B-4C11-937B-C4C870F3363A/assets/321F86F3-512B-4C11-937B-C4C870F3363A.pdfp,d9320dd31fe34764e39ec7ec4d057532ff2d6f80,VU#632
542105277,Saket-Upadhyay/CS6190-return-oriented-programming,Presentation/assets/321F86F3-512B-4C11-937B-C4C870F3363A/assets/321F86F3-512B-4C11-937B-C4C870F3363A.pdfp,d9320dd31fe34764e39ec7ec4d057532ff2d6f80,VU#09
542105277,Saket-Upadhyay/CS6190-return-oriented-programming,Presentation/assets/321F86F3-512B-4C11-937B-C4C870F3363A/assets/321F86F3-512B-4C11-937B-C4C870F3363A.pdfp,d9320dd31fe34764e39ec7ec4d057532ff2d6f80,VU#97
542105277,Saket-Upadhyay/CS6190-return-oriented-programming,Presentation/assets/321F86F3-512B-4C11-937B-C4C870F3363A/assets/321F86F3-512B-4C11-937B-C4C870F3363A.pdfp,d9320dd31fe34764e39ec7ec4d057532ff2d6f80,VU#70
542105277,Saket-Upadhyay/CS6190-return-oriented-programming,Presentation/assets/321F86F3-512B-4C11-937B-C4C870F3363A/assets/321F86F3-512B-4C11-937B-C4C870F3363A.pdfp,d9320dd31fe34764e39ec7ec4d057532ff2d6f80,VU#10
542105277,Saket-Upadhyay/CS6190-return-oriented-programming,Presentation/assets/321F86F3-512B-4C11-937B-C4C870F3363A/assets/321F86F3-512B-4C11-937B-C4C870F3363A.pdfp,d9320dd31fe34764e39ec7ec4d057532ff2d6f80,VU#63
542105277,Saket-Upadhyay/CS6190-return-oriented-programming,Presentation/assets/321F86F3-512B-4C11-937B-C4C870F3363A/assets/321F86F3-512B-4C11-937B-C4C870F3363A.pdfp,d9320dd31fe34764e39ec7ec4d057532ff2d6f80,VU#48
542105277,Saket-Upadhyay/CS6190-return-oriented-programming,Presentation/assets/321F86F3-512B-4C11-937B-C4C870F3363A/assets/321F86F3-512B-4C11-937B-C4C870F3363A.pdfp,d9320dd31fe34764e39ec7ec4d057532ff2d6f80,VU#9513
542105277,Saket-Upadhyay/CS6190-return-oriented-programming,Presentation/assets/321F86F3-512B-4C11-937B-C4C870F3363A/assets/321F86F3-512B-4C11-937B-C4C870F3363A.pdfp,d9320dd31fe34764e39ec7ec4d057532ff2d6f80,VU#06
542105277,Saket-Upadhyay/CS6190-return-oriented-programming,Presentation/assets/321F86F3-512B-4C11-937B-C4C870F3363A/assets/321F86F3-512B-4C11-937B-C4C870F3363A.pdfp,d9320dd31fe34764e39ec7ec4d057532ff2d6f80,VU#01
542105277,Saket-Upadhyay/CS6190-return-oriented-programming,Presentation/assets/321F86F3-512B-4C11-937B-C4C870F3363A/assets/321F86F3-512B-4C11-937B-C4C870F3363A.pdfp,d9320dd31fe34764e39ec7ec4d057532ff2d6f80,VU#1741
542105277,Saket-Upadhyay/CS6190-return-oriented-programming,Presentation/assets/321F86F3-512B-4C11-937B-C4C870F3363A/assets/321F86F3-512B-4C11-937B-C4C870F3363A.pdfp,d9320dd31fe34764e39ec7ec4d057532ff2d6f80,VU#51
542105277,Saket-Upadhyay/CS6190-return-oriented-programming,Presentation/assets/321F86F3-512B-4C11-937B-C4C870F3363A/assets/321F86F3-512B-4C11-937B-C4C870F3363A.pdfp,d9320dd31fe34764e39ec7ec4d057532ff2d6f80,VU#745
542105277,Saket-Upadhyay/CS6190-return-oriented-programming,Presentation/assets/321F86F3-512B-4C11-937B-C4C870F3363A/assets/321F86F3-512B-4C11-937B-C4C870F3363A.pdfp,d9320dd31fe34764e39ec7ec4d057532ff2d6f80,VU#99
542105277,Saket-Upadhyay/CS6190-return-oriented-programming,Presentation/assets/321F86F3-512B-4C11-937B-C4C870F3363A/assets/321F86F3-512B-4C11-937B-C4C870F3363A.pdfp,d9320dd31fe34764e39ec7ec4d057532ff2d6f80,VU#74
542105277,Saket-Upadhyay/CS6190-return-oriented-programming,Presentation/assets/321F86F3-512B-4C11-937B-C4C870F3363A/assets/321F86F3-512B-4C11-937B-C4C870F3363A.pdfp,d9320dd31fe34764e39ec7ec4d057532ff2d6f80,VU#64
542105277,Saket-Upadhyay/CS6190-return-oriented-programming,Presentation/assets/321F86F3-512B-4C11-937B-C4C870F3363A/assets/321F86F3-512B-4C11-937B-C4C870F3363A.pdfp,d9320dd31fe34764e39ec7ec4d057532ff2d6f80,VU#59
542105277,Saket-Upadhyay/CS6190-return-oriented-programming,Presentation/assets/321F86F3-512B-4C11-937B-C4C870F3363A/assets/321F86F3-512B-4C11-937B-C4C870F3363A.pdfp,d9320dd31fe34764e39ec7ec4d057532ff2d6f80,VU#1575
542105277,Saket-Upadhyay/CS6190-return-oriented-programming,Presentation/assets/321F86F3-512B-4C11-937B-C4C870F3363A/assets/321F86F3-512B-4C11-937B-C4C870F3363A.pdfp,d9320dd31fe34764e39ec7ec4d057532ff2d6f80,VU#90
542105277,Saket-Upadhyay/CS6190-return-oriented-programming,Presentation/assets/321F86F3-512B-4C11-937B-C4C870F3363A/assets/321F86F3-512B-4C11-937B-C4C870F3363A.pdfp,d9320dd31fe34764e39ec7ec4d057532ff2d6f80,VU#73
542105277,Saket-Upadhyay/CS6190-return-oriented-programming,Presentation/assets/321F86F3-512B-4C11-937B-C4C870F3363A/assets/321F86F3-512B-4C11-937B-C4C870F3363A.pdfp,d9320dd31fe34764e39ec7ec4d057532ff2d6f80,VU#37
542105277,Saket-Upadhyay/CS6190-return-oriented-programming,Presentation/assets/321F86F3-512B-4C11-937B-C4C870F3363A/assets/321F86F3-512B-4C11-937B-C4C870F3363A.pdfp,d9320dd31fe34764e39ec7ec4d057532ff2d6f80,VU#157
542105277,Saket-Upadhyay/CS6190-return-oriented-programming,Presentation/assets/321F86F3-512B-4C11-937B-C4C870F3363A/assets/321F86F3-512B-4C11-937B-C4C870F3363A.pdfp,d9320dd31fe34764e39ec7ec4d057532ff2d6f80,VU#05
542105277,Saket-Upadhyay/CS6190-return-oriented-programming,Presentation/assets/321F86F3-512B-4C11-937B-C4C870F3363A/assets/321F86F3-512B-4C11-937B-C4C870F3363A.pdfp,d9320dd31fe34764e39ec7ec4d057532ff2d6f80,VU#72
542105277,Saket-Upadhyay/CS6190-return-oriented-programming,Presentation/assets/321F86F3-512B-4C11-937B-C4C870F3363A/assets/321F86F3-512B-4C11-937B-C4C870F3363A.pdfp,d9320dd31fe34764e39ec7ec4d057532ff2d6f80,VU#38
542105277,Saket-Upadhyay/CS6190-return-oriented-programming,Presentation/assets/321F86F3-512B-4C11-937B-C4C870F3363A/assets/321F86F3-512B-4C11-937B-C4C870F3363A.pdfp,d9320dd31fe34764e39ec7ec4d057532ff2d6f80,VU#61
542105277,Saket-Upadhyay/CS6190-return-oriented-programming,Presentation/assets/321F86F3-512B-4C11-937B-C4C870F3363A/assets/321F86F3-512B-4C11-937B-C4C870F3363A.pdfp,d9320dd31fe34764e39ec7ec4d057532ff2d6f80,VU#447
542105277,Saket-Upadhyay/CS6190-return-oriented-programming,Presentation/assets/321F86F3-512B-4C11-937B-C4C870F3363A/assets/321F86F3-512B-4C11-937B-C4C870F3363A.pdfp,d9320dd31fe34764e39ec7ec4d057532ff2d6f80,VU#03
542105277,Saket-Upadhyay/CS6190-return-oriented-programming,Video/ROP Experiment.mp4,da4ec05250b1f21b7630985fe5b78d98306454c7,VU#26
542105277,Saket-Upadhyay/CS6190-return-oriented-programming,Video/ROP Experiment.mp4,da4ec05250b1f21b7630985fe5b78d98306454c7,VU#59
542105277,Saket-Upadhyay/CS6190-return-oriented-programming,Video/ROP Experiment.mp4,da4ec05250b1f21b7630985fe5b78d98306454c7,VU#77
542105277,Saket-Upadhyay/CS6190-return-oriented-programming,Video/ROP Experiment.mp4,da4ec05250b1f21b7630985fe5b78d98306454c7,VU#39
542105277,Saket-Upadhyay/CS6190-return-oriented-programming,Video/ROP Experiment.mp4,da4ec05250b1f21b7630985fe5b78d98306454c7,VU#117
542105277,Saket-Upadhyay/CS6190-return-oriented-programming,Video/ROP Experiment.mp4,da4ec05250b1f21b7630985fe5b78d98306454c7,VU#55
542105277,Saket-Upadhyay/CS6190-return-oriented-programming,Video/ROP Experiment.mp4,da4ec05250b1f21b7630985fe5b78d98306454c7,VU#41
542105277,Saket-Upadhyay/CS6190-return-oriented-programming,Presentation/assets/DCC1FC04-511C-45C5-8E36-B34F152DF65A/assets/DCC1FC04-511C-45C5-8E36-B34F152DF65A.pdfp,e71770de6742d196e55bbdaa01895738721c6b3e,VU#22
542105277,Saket-Upadhyay/CS6190-return-oriented-programming,Presentation/assets/DCC1FC04-511C-45C5-8E36-B34F152DF65A/assets/DCC1FC04-511C-45C5-8E36-B34F152DF65A.pdfp,e71770de6742d196e55bbdaa01895738721c6b3e,VU#03
542105277,Saket-Upadhyay/CS6190-return-oriented-programming,Presentation/assets/DCC1FC04-511C-45C5-8E36-B34F152DF65A/assets/DCC1FC04-511C-45C5-8E36-B34F152DF65A.pdfp,e71770de6742d196e55bbdaa01895738721c6b3e,VU#04
542105277,Saket-Upadhyay/CS6190-return-oriented-programming,Presentation/assets/DCC1FC04-511C-45C5-8E36-B34F152DF65A/assets/DCC1FC04-511C-45C5-8E36-B34F152DF65A.pdfp,e71770de6742d196e55bbdaa01895738721c6b3e,VU#97
542105277,Saket-Upadhyay/CS6190-return-oriented-programming,Presentation/assets/DCC1FC04-511C-45C5-8E36-B34F152DF65A/assets/DCC1FC04-511C-45C5-8E36-B34F152DF65A.pdfp,e71770de6742d196e55bbdaa01895738721c6b3e,VU#96
542105277,Saket-Upadhyay/CS6190-return-oriented-programming,Presentation/assets/DCC1FC04-511C-45C5-8E36-B34F152DF65A/assets/DCC1FC04-511C-45C5-8E36-B34F152DF65A.pdfp,e71770de6742d196e55bbdaa01895738721c6b3e,VU#02
542105277,Saket-Upadhyay/CS6190-return-oriented-programming,Presentation/assets/DCC1FC04-511C-45C5-8E36-B34F152DF65A/assets/DCC1FC04-511C-45C5-8E36-B34F152DF65A.pdfp,e71770de6742d196e55bbdaa01895738721c6b3e,VU#84
542105277,Saket-Upadhyay/CS6190-return-oriented-programming,Presentation/assets/DCC1FC04-511C-45C5-8E36-B34F152DF65A/assets/DCC1FC04-511C-45C5-8E36-B34F152DF65A.pdfp,e71770de6742d196e55bbdaa01895738721c6b3e,VU#01
542105277,Saket-Upadhyay/CS6190-return-oriented-programming,Presentation/assets/DCC1FC04-511C-45C5-8E36-B34F152DF65A/assets/DCC1FC04-511C-45C5-8E36-B34F152DF65A.pdfp,e71770de6742d196e55bbdaa01895738721c6b3e,VU#98
542105277,Saket-Upadhyay/CS6190-return-oriented-programming,Presentation/assets/DCC1FC04-511C-45C5-8E36-B34F152DF65A/assets/DCC1FC04-511C-45C5-8E36-B34F152DF65A.pdfp,e71770de6742d196e55bbdaa01895738721c6b3e,VU#001
542105277,Saket-Upadhyay/CS6190-return-oriented-programming,Presentation/assets/DCC1FC04-511C-45C5-8E36-B34F152DF65A/assets/DCC1FC04-511C-45C5-8E36-B34F152DF65A.pdfp,e71770de6742d196e55bbdaa01895738721c6b3e,VU#00
542105277,Saket-Upadhyay/CS6190-return-oriented-programming,Presentation/assets/DCC1FC04-511C-45C5-8E36-B34F152DF65A/assets/DCC1FC04-511C-45C5-8E36-B34F152DF65A.pdfp,e71770de6742d196e55bbdaa01895738721c6b3e,VU#99
542105277,Saket-Upadhyay/CS6190-return-oriented-programming,Presentation/assets/DCC1FC04-511C-45C5-8E36-B34F152DF65A/assets/DCC1FC04-511C-45C5-8E36-B34F152DF65A.pdfp,e71770de6742d196e55bbdaa01895738721c6b3e,VU#21
542105277,Saket-Upadhyay/CS6190-return-oriented-programming,Presentation/assets/DCC1FC04-511C-45C5-8E36-B34F152DF65A/assets/DCC1FC04-511C-45C5-8E36-B34F152DF65A.pdfp,e71770de6742d196e55bbdaa01895738721c6b3e,VU#88
542105277,Saket-Upadhyay/CS6190-return-oriented-programming,Presentation/assets/DCC1FC04-511C-45C5-8E36-B34F152DF65A/assets/DCC1FC04-511C-45C5-8E36-B34F152DF65A.pdfp,e71770de6742d196e55bbdaa01895738721c6b3e,VU#958
542105277,Saket-Upadhyay/CS6190-return-oriented-programming,Presentation/assets/DCC1FC04-511C-45C5-8E36-B34F152DF65A/assets/DCC1FC04-511C-45C5-8E36-B34F152DF65A.pdfp,e71770de6742d196e55bbdaa01895738721c6b3e,VU#17
542105277,Saket-Upadhyay/CS6190-return-oriented-programming,Presentation/assets/DCC1FC04-511C-45C5-8E36-B34F152DF65A/assets/DCC1FC04-511C-45C5-8E36-B34F152DF65A.pdfp,e71770de6742d196e55bbdaa01895738721c6b3e,VU#89
542105277,Saket-Upadhyay/CS6190-return-oriented-programming,Presentation/assets/DCC1FC04-511C-45C5-8E36-B34F152DF65A/assets/DCC1FC04-511C-45C5-8E36-B34F152DF65A.pdfp,e71770de6742d196e55bbdaa01895738721c6b3e,VU#180
542105277,Saket-Upadhyay/CS6190-return-oriented-programming,Presentation/assets/DCC1FC04-511C-45C5-8E36-B34F152DF65A/assets/DCC1FC04-511C-45C5-8E36-B34F152DF65A.pdfp,e71770de6742d196e55bbdaa01895738721c6b3e,VU#16
542105277,Saket-Upadhyay/CS6190-return-oriented-programming,Presentation/assets/DCC1FC04-511C-45C5-8E36-B34F152DF65A/assets/DCC1FC04-511C-45C5-8E36-B34F152DF65A.pdfp,e71770de6742d196e55bbdaa01895738721c6b3e,VU#90
542105277,Saket-Upadhyay/CS6190-return-oriented-programming,Presentation/assets/DCC1FC04-511C-45C5-8E36-B34F152DF65A/assets/DCC1FC04-511C-45C5-8E36-B34F152DF65A.pdfp,e71770de6742d196e55bbdaa01895738721c6b3e,VU#186
542105277,Saket-Upadhyay/CS6190-return-oriented-programming,Presentation/assets/DCC1FC04-511C-45C5-8E36-B34F152DF65A/assets/DCC1FC04-511C-45C5-8E36-B34F152DF65A.pdfp,e71770de6742d196e55bbdaa01895738721c6b3e,VU#83
542105277,Saket-Upadhyay/CS6190-return-oriented-programming,Presentation/assets/DCC1FC04-511C-45C5-8E36-B34F152DF65A/assets/DCC1FC04-511C-45C5-8E36-B34F152DF65A.pdfp,e71770de6742d196e55bbdaa01895738721c6b3e,VU#187
542105277,Saket-Upadhyay/CS6190-return-oriented-programming,Presentation/assets/DCC1FC04-511C-45C5-8E36-B34F152DF65A/assets/DCC1FC04-511C-45C5-8E36-B34F152DF65A.pdfp,e71770de6742d196e55bbdaa01895738721c6b3e,VU#13
542105277,Saket-Upadhyay/CS6190-return-oriented-programming,Presentation/assets/DCC1FC04-511C-45C5-8E36-B34F152DF65A/assets/DCC1FC04-511C-45C5-8E36-B34F152DF65A.pdfp,e71770de6742d196e55bbdaa01895738721c6b3e,VU#877
542105277,Saket-Upadhyay/CS6190-return-oriented-programming,Presentation/assets/DCC1FC04-511C-45C5-8E36-B34F152DF65A/assets/DCC1FC04-511C-45C5-8E36-B34F152DF65A.pdfp,e71770de6742d196e55bbdaa01895738721c6b3e,VU#87
542105277,Saket-Upadhyay/CS6190-return-oriented-programming,Presentation/assets/DCC1FC04-511C-45C5-8E36-B34F152DF65A/assets/DCC1FC04-511C-45C5-8E36-B34F152DF65A.pdfp,e71770de6742d196e55bbdaa01895738721c6b3e,VU#91
542105277,Saket-Upadhyay/CS6190-return-oriented-programming,Presentation/assets/DCC1FC04-511C-45C5-8E36-B34F152DF65A/assets/DCC1FC04-511C-45C5-8E36-B34F152DF65A.pdfp,e71770de6742d196e55bbdaa01895738721c6b3e,VU#92
542105277,Saket-Upadhyay/CS6190-return-oriented-programming,Presentation/assets/DCC1FC04-511C-45C5-8E36-B34F152DF65A/assets/DCC1FC04-511C-45C5-8E36-B34F152DF65A.pdfp,e71770de6742d196e55bbdaa01895738721c6b3e,VU#19
542105277,Saket-Upadhyay/CS6190-return-oriented-programming,Presentation/assets/DCC1FC04-511C-45C5-8E36-B34F152DF65A/assets/DCC1FC04-511C-45C5-8E36-B34F152DF65A.pdfp,e71770de6742d196e55bbdaa01895738721c6b3e,VU#11
542105277,Saket-Upadhyay/CS6190-return-oriented-programming,Presentation/assets/DCC1FC04-511C-45C5-8E36-B34F152DF65A/assets/DCC1FC04-511C-45C5-8E36-B34F152DF65A.pdfp,e71770de6742d196e55bbdaa01895738721c6b3e,VU#104
542105277,Saket-Upadhyay/CS6190-return-oriented-programming,Presentation/assets/DCC1FC04-511C-45C5-8E36-B34F152DF65A/assets/DCC1FC04-511C-45C5-8E36-B34F152DF65A.pdfp,e71770de6742d196e55bbdaa01895738721c6b3e,VU#10
542105277,Saket-Upadhyay/CS6190-return-oriented-programming,Presentation/assets/DCC1FC04-511C-45C5-8E36-B34F152DF65A/assets/DCC1FC04-511C-45C5-8E36-B34F152DF65A.pdfp,e71770de6742d196e55bbdaa01895738721c6b3e,VU#93
542105277,Saket-Upadhyay/CS6190-return-oriented-programming,Presentation/assets/DCC1FC04-511C-45C5-8E36-B34F152DF65A/assets/DCC1FC04-511C-45C5-8E36-B34F152DF65A.pdfp,e71770de6742d196e55bbdaa01895738721c6b3e,VU#093
542105277,Saket-Upadhyay/CS6190-return-oriented-programming,Presentation/assets/DCC1FC04-511C-45C5-8E36-B34F152DF65A/assets/DCC1FC04-511C-45C5-8E36-B34F152DF65A.pdfp,e71770de6742d196e55bbdaa01895738721c6b3e,VU#934
542105277,Saket-Upadhyay/CS6190-return-oriented-programming,Presentation/assets/DCC1FC04-511C-45C5-8E36-B34F152DF65A/assets/DCC1FC04-511C-45C5-8E36-B34F152DF65A.pdfp,e71770de6742d196e55bbdaa01895738721c6b3e,VU#09
542105277,Saket-Upadhyay/CS6190-return-oriented-programming,Presentation/assets/DCC1FC04-511C-45C5-8E36-B34F152DF65A/assets/DCC1FC04-511C-45C5-8E36-B34F152DF65A.pdfp,e71770de6742d196e55bbdaa01895738721c6b3e,VU#863
542105277,Saket-Upadhyay/CS6190-return-oriented-programming,Presentation/assets/DCC1FC04-511C-45C5-8E36-B34F152DF65A/assets/DCC1FC04-511C-45C5-8E36-B34F152DF65A.pdfp,e71770de6742d196e55bbdaa01895738721c6b3e,VU#18
542105277,Saket-Upadhyay/CS6190-return-oriented-programming,Presentation/assets/DCC1FC04-511C-45C5-8E36-B34F152DF65A/assets/DCC1FC04-511C-45C5-8E36-B34F152DF65A.pdfp,e71770de6742d196e55bbdaa01895738721c6b3e,VU#07
542105277,Saket-Upadhyay/CS6190-return-oriented-programming,Presentation/assets/DCC1FC04-511C-45C5-8E36-B34F152DF65A/assets/DCC1FC04-511C-45C5-8E36-B34F152DF65A.pdfp,e71770de6742d196e55bbdaa01895738721c6b3e,VU#95
542105277,Saket-Upadhyay/CS6190-return-oriented-programming,Presentation/assets/DCC1FC04-511C-45C5-8E36-B34F152DF65A/assets/DCC1FC04-511C-45C5-8E36-B34F152DF65A.pdfp,e71770de6742d196e55bbdaa01895738721c6b3e,VU#860
542105277,Saket-Upadhyay/CS6190-return-oriented-programming,Presentation/assets/DCC1FC04-511C-45C5-8E36-B34F152DF65A/assets/DCC1FC04-511C-45C5-8E36-B34F152DF65A.pdfp,e71770de6742d196e55bbdaa01895738721c6b3e,VU#9577
542105277,Saket-Upadhyay/CS6190-return-oriented-programming,Presentation/assets/DCC1FC04-511C-45C5-8E36-B34F152DF65A/assets/DCC1FC04-511C-45C5-8E36-B34F152DF65A.pdfp,e71770de6742d196e55bbdaa01895738721c6b3e,VU#86
542105277,Saket-Upadhyay/CS6190-return-oriented-programming,Presentation/assets/DCC1FC04-511C-45C5-8E36-B34F152DF65A/assets/DCC1FC04-511C-45C5-8E36-B34F152DF65A.pdfp,e71770de6742d196e55bbdaa01895738721c6b3e,VU#20
542105277,Saket-Upadhyay/CS6190-return-oriented-programming,Presentation/assets/DCC1FC04-511C-45C5-8E36-B34F152DF65A/assets/DCC1FC04-511C-45C5-8E36-B34F152DF65A.pdfp,e71770de6742d196e55bbdaa01895738721c6b3e,VU#8584
542105277,Saket-Upadhyay/CS6190-return-oriented-programming,Presentation/assets/DCC1FC04-511C-45C5-8E36-B34F152DF65A/assets/DCC1FC04-511C-45C5-8E36-B34F152DF65A.pdfp,e71770de6742d196e55bbdaa01895738721c6b3e,VU#94
542105277,Saket-Upadhyay/CS6190-return-oriented-programming,Presentation/assets/DCC1FC04-511C-45C5-8E36-B34F152DF65A/assets/DCC1FC04-511C-45C5-8E36-B34F152DF65A.pdfp,e71770de6742d196e55bbdaa01895738721c6b3e,VU#29
542105277,Saket-Upadhyay/CS6190-return-oriented-programming,Presentation/assets/DCC1FC04-511C-45C5-8E36-B34F152DF65A/assets/DCC1FC04-511C-45C5-8E36-B34F152DF65A.pdfp,e71770de6742d196e55bbdaa01895738721c6b3e,VU#997
542105277,Saket-Upadhyay/CS6190-return-oriented-programming,Presentation/assets/DCC1FC04-511C-45C5-8E36-B34F152DF65A/assets/DCC1FC04-511C-45C5-8E36-B34F152DF65A.pdfp,e71770de6742d196e55bbdaa01895738721c6b3e,VU#35
542105277,Saket-Upadhyay/CS6190-return-oriented-programming,Presentation/assets/DCC1FC04-511C-45C5-8E36-B34F152DF65A/assets/DCC1FC04-511C-45C5-8E36-B34F152DF65A.pdfp,e71770de6742d196e55bbdaa01895738721c6b3e,VU#74
542105277,Saket-Upadhyay/CS6190-return-oriented-programming,Presentation/assets/DCC1FC04-511C-45C5-8E36-B34F152DF65A/assets/DCC1FC04-511C-45C5-8E36-B34F152DF65A.pdfp,e71770de6742d196e55bbdaa01895738721c6b3e,VU#34959
542105277,Saket-Upadhyay/CS6190-return-oriented-programming,Presentation/assets/DCC1FC04-511C-45C5-8E36-B34F152DF65A/assets/DCC1FC04-511C-45C5-8E36-B34F152DF65A.pdfp,e71770de6742d196e55bbdaa01895738721c6b3e,VU#48
542105277,Saket-Upadhyay/CS6190-return-oriented-programming,Presentation/assets/DCC1FC04-511C-45C5-8E36-B34F152DF65A/assets/DCC1FC04-511C-45C5-8E36-B34F152DF65A.pdfp,e71770de6742d196e55bbdaa01895738721c6b3e,VU#34
542105277,Saket-Upadhyay/CS6190-return-oriented-programming,Presentation/assets/DCC1FC04-511C-45C5-8E36-B34F152DF65A/assets/DCC1FC04-511C-45C5-8E36-B34F152DF65A.pdfp,e71770de6742d196e55bbdaa01895738721c6b3e,VU#332
542105277,Saket-Upadhyay/CS6190-return-oriented-programming,Presentation/assets/DCC1FC04-511C-45C5-8E36-B34F152DF65A/assets/DCC1FC04-511C-45C5-8E36-B34F152DF65A.pdfp,e71770de6742d196e55bbdaa01895738721c6b3e,VU#330
542105277,Saket-Upadhyay/CS6190-return-oriented-programming,Presentation/assets/DCC1FC04-511C-45C5-8E36-B34F152DF65A/assets/DCC1FC04-511C-45C5-8E36-B34F152DF65A.pdfp,e71770de6742d196e55bbdaa01895738721c6b3e,VU#33
542105277,Saket-Upadhyay/CS6190-return-oriented-programming,Presentation/assets/DCC1FC04-511C-45C5-8E36-B34F152DF65A/assets/DCC1FC04-511C-45C5-8E36-B34F152DF65A.pdfp,e71770de6742d196e55bbdaa01895738721c6b3e,VU#75
542105277,Saket-Upadhyay/CS6190-return-oriented-programming,Presentation/assets/DCC1FC04-511C-45C5-8E36-B34F152DF65A/assets/DCC1FC04-511C-45C5-8E36-B34F152DF65A.pdfp,e71770de6742d196e55bbdaa01895738721c6b3e,VU#65
542105277,Saket-Upadhyay/CS6190-return-oriented-programming,Presentation/assets/DCC1FC04-511C-45C5-8E36-B34F152DF65A/assets/DCC1FC04-511C-45C5-8E36-B34F152DF65A.pdfp,e71770de6742d196e55bbdaa01895738721c6b3e,VU#758
542105277,Saket-Upadhyay/CS6190-return-oriented-programming,Presentation/assets/DCC1FC04-511C-45C5-8E36-B34F152DF65A/assets/DCC1FC04-511C-45C5-8E36-B34F152DF65A.pdfp,e71770de6742d196e55bbdaa01895738721c6b3e,VU#32
542105277,Saket-Upadhyay/CS6190-return-oriented-programming,Presentation/assets/DCC1FC04-511C-45C5-8E36-B34F152DF65A/assets/DCC1FC04-511C-45C5-8E36-B34F152DF65A.pdfp,e71770de6742d196e55bbdaa01895738721c6b3e,VU#40
542105277,Saket-Upadhyay/CS6190-return-oriented-programming,Presentation/assets/DCC1FC04-511C-45C5-8E36-B34F152DF65A/assets/DCC1FC04-511C-45C5-8E36-B34F152DF65A.pdfp,e71770de6742d196e55bbdaa01895738721c6b3e,VU#51
542105277,Saket-Upadhyay/CS6190-return-oriented-programming,Presentation/assets/DCC1FC04-511C-45C5-8E36-B34F152DF65A/assets/DCC1FC04-511C-45C5-8E36-B34F152DF65A.pdfp,e71770de6742d196e55bbdaa01895738721c6b3e,VU#31
542105277,Saket-Upadhyay/CS6190-return-oriented-programming,Presentation/assets/DCC1FC04-511C-45C5-8E36-B34F152DF65A/assets/DCC1FC04-511C-45C5-8E36-B34F152DF65A.pdfp,e71770de6742d196e55bbdaa01895738721c6b3e,VU#66
542105277,Saket-Upadhyay/CS6190-return-oriented-programming,Presentation/assets/DCC1FC04-511C-45C5-8E36-B34F152DF65A/assets/DCC1FC04-511C-45C5-8E36-B34F152DF65A.pdfp,e71770de6742d196e55bbdaa01895738721c6b3e,VU#36
542105277,Saket-Upadhyay/CS6190-return-oriented-programming,Presentation/assets/DCC1FC04-511C-45C5-8E36-B34F152DF65A/assets/DCC1FC04-511C-45C5-8E36-B34F152DF65A.pdfp,e71770de6742d196e55bbdaa01895738721c6b3e,VU#73
542105277,Saket-Upadhyay/CS6190-return-oriented-programming,Presentation/assets/DCC1FC04-511C-45C5-8E36-B34F152DF65A/assets/DCC1FC04-511C-45C5-8E36-B34F152DF65A.pdfp,e71770de6742d196e55bbdaa01895738721c6b3e,VU#3698
542105277,Saket-Upadhyay/CS6190-return-oriented-programming,Presentation/assets/DCC1FC04-511C-45C5-8E36-B34F152DF65A/assets/DCC1FC04-511C-45C5-8E36-B34F152DF65A.pdfp,e71770de6742d196e55bbdaa01895738721c6b3e,VU#70
542105277,Saket-Upadhyay/CS6190-return-oriented-programming,Presentation/assets/DCC1FC04-511C-45C5-8E36-B34F152DF65A/assets/DCC1FC04-511C-45C5-8E36-B34F152DF65A.pdfp,e71770de6742d196e55bbdaa01895738721c6b3e,VU#42
542105277,Saket-Upadhyay/CS6190-return-oriented-programming,Presentation/assets/DCC1FC04-511C-45C5-8E36-B34F152DF65A/assets/DCC1FC04-511C-45C5-8E36-B34F152DF65A.pdfp,e71770de6742d196e55bbdaa01895738721c6b3e,VU#427
542105277,Saket-Upadhyay/CS6190-return-oriented-programming,Presentation/assets/DCC1FC04-511C-45C5-8E36-B34F152DF65A/assets/DCC1FC04-511C-45C5-8E36-B34F152DF65A.pdfp,e71770de6742d196e55bbdaa01895738721c6b3e,VU#71
542105277,Saket-Upadhyay/CS6190-return-oriented-programming,Presentation/assets/DCC1FC04-511C-45C5-8E36-B34F152DF65A/assets/DCC1FC04-511C-45C5-8E36-B34F152DF65A.pdfp,e71770de6742d196e55bbdaa01895738721c6b3e,VU#23
542105277,Saket-Upadhyay/CS6190-return-oriented-programming,Presentation/assets/DCC1FC04-511C-45C5-8E36-B34F152DF65A/assets/DCC1FC04-511C-45C5-8E36-B34F152DF65A.pdfp,e71770de6742d196e55bbdaa01895738721c6b3e,VU#43
542105277,Saket-Upadhyay/CS6190-return-oriented-programming,Presentation/assets/DCC1FC04-511C-45C5-8E36-B34F152DF65A/assets/DCC1FC04-511C-45C5-8E36-B34F152DF65A.pdfp,e71770de6742d196e55bbdaa01895738721c6b3e,VU#69
542105277,Saket-Upadhyay/CS6190-return-oriented-programming,Presentation/assets/DCC1FC04-511C-45C5-8E36-B34F152DF65A/assets/DCC1FC04-511C-45C5-8E36-B34F152DF65A.pdfp,e71770de6742d196e55bbdaa01895738721c6b3e,VU#76
542105277,Saket-Upadhyay/CS6190-return-oriented-programming,Presentation/assets/DCC1FC04-511C-45C5-8E36-B34F152DF65A/assets/DCC1FC04-511C-45C5-8E36-B34F152DF65A.pdfp,e71770de6742d196e55bbdaa01895738721c6b3e,VU#388
542105277,Saket-Upadhyay/CS6190-return-oriented-programming,Presentation/assets/DCC1FC04-511C-45C5-8E36-B34F152DF65A/assets/DCC1FC04-511C-45C5-8E36-B34F152DF65A.pdfp,e71770de6742d196e55bbdaa01895738721c6b3e,VU#44
542105277,Saket-Upadhyay/CS6190-return-oriented-programming,Presentation/assets/DCC1FC04-511C-45C5-8E36-B34F152DF65A/assets/DCC1FC04-511C-45C5-8E36-B34F152DF65A.pdfp,e71770de6742d196e55bbdaa01895738721c6b3e,VU#68
542105277,Saket-Upadhyay/CS6190-return-oriented-programming,Presentation/assets/DCC1FC04-511C-45C5-8E36-B34F152DF65A/assets/DCC1FC04-511C-45C5-8E36-B34F152DF65A.pdfp,e71770de6742d196e55bbdaa01895738721c6b3e,VU#46
542105277,Saket-Upadhyay/CS6190-return-oriented-programming,Presentation/assets/DCC1FC04-511C-45C5-8E36-B34F152DF65A/assets/DCC1FC04-511C-45C5-8E36-B34F152DF65A.pdfp,e71770de6742d196e55bbdaa01895738721c6b3e,VU#67
542105277,Saket-Upadhyay/CS6190-return-oriented-programming,Presentation/assets/DCC1FC04-511C-45C5-8E36-B34F152DF65A/assets/DCC1FC04-511C-45C5-8E36-B34F152DF65A.pdfp,e71770de6742d196e55bbdaa01895738721c6b3e,VU#72
542105277,Saket-Upadhyay/CS6190-return-oriented-programming,Presentation/assets/DCC1FC04-511C-45C5-8E36-B34F152DF65A/assets/DCC1FC04-511C-45C5-8E36-B34F152DF65A.pdfp,e71770de6742d196e55bbdaa01895738721c6b3e,VU#37
542105277,Saket-Upadhyay/CS6190-return-oriented-programming,Presentation/assets/DCC1FC04-511C-45C5-8E36-B34F152DF65A/assets/DCC1FC04-511C-45C5-8E36-B34F152DF65A.pdfp,e71770de6742d196e55bbdaa01895738721c6b3e,VU#666
542105277,Saket-Upadhyay/CS6190-return-oriented-programming,Presentation/assets/DCC1FC04-511C-45C5-8E36-B34F152DF65A/assets/DCC1FC04-511C-45C5-8E36-B34F152DF65A.pdfp,e71770de6742d196e55bbdaa01895738721c6b3e,VU#38
542105277,Saket-Upadhyay/CS6190-return-oriented-programming,Presentation/assets/DCC1FC04-511C-45C5-8E36-B34F152DF65A/assets/DCC1FC04-511C-45C5-8E36-B34F152DF65A.pdfp,e71770de6742d196e55bbdaa01895738721c6b3e,VU#52
542105277,Saket-Upadhyay/CS6190-return-oriented-programming,Presentation/assets/DCC1FC04-511C-45C5-8E36-B34F152DF65A/assets/DCC1FC04-511C-45C5-8E36-B34F152DF65A.pdfp,e71770de6742d196e55bbdaa01895738721c6b3e,VU#41
542105277,Saket-Upadhyay/CS6190-return-oriented-programming,Presentation/assets/DCC1FC04-511C-45C5-8E36-B34F152DF65A/assets/DCC1FC04-511C-45C5-8E36-B34F152DF65A.pdfp,e71770de6742d196e55bbdaa01895738721c6b3e,VU#609
542105277,Saket-Upadhyay/CS6190-return-oriented-programming,Presentation/assets/DCC1FC04-511C-45C5-8E36-B34F152DF65A/assets/DCC1FC04-511C-45C5-8E36-B34F152DF65A.pdfp,e71770de6742d196e55bbdaa01895738721c6b3e,VU#79
542105277,Saket-Upadhyay/CS6190-return-oriented-programming,Presentation/assets/DCC1FC04-511C-45C5-8E36-B34F152DF65A/assets/DCC1FC04-511C-45C5-8E36-B34F152DF65A.pdfp,e71770de6742d196e55bbdaa01895738721c6b3e,VU#269
542105277,Saket-Upadhyay/CS6190-return-oriented-programming,Presentation/assets/DCC1FC04-511C-45C5-8E36-B34F152DF65A/assets/DCC1FC04-511C-45C5-8E36-B34F152DF65A.pdfp,e71770de6742d196e55bbdaa01895738721c6b3e,VU#27
542105277,Saket-Upadhyay/CS6190-return-oriented-programming,Presentation/assets/DCC1FC04-511C-45C5-8E36-B34F152DF65A/assets/DCC1FC04-511C-45C5-8E36-B34F152DF65A.pdfp,e71770de6742d196e55bbdaa01895738721c6b3e,VU#61
542105277,Saket-Upadhyay/CS6190-return-oriented-programming,Presentation/assets/DCC1FC04-511C-45C5-8E36-B34F152DF65A/assets/DCC1FC04-511C-45C5-8E36-B34F152DF65A.pdfp,e71770de6742d196e55bbdaa01895738721c6b3e,VU#5832
542105277,Saket-Upadhyay/CS6190-return-oriented-programming,Presentation/assets/DCC1FC04-511C-45C5-8E36-B34F152DF65A/assets/DCC1FC04-511C-45C5-8E36-B34F152DF65A.pdfp,e71770de6742d196e55bbdaa01895738721c6b3e,VU#760
542105277,Saket-Upadhyay/CS6190-return-oriented-programming,Presentation/assets/DCC1FC04-511C-45C5-8E36-B34F152DF65A/assets/DCC1FC04-511C-45C5-8E36-B34F152DF65A.pdfp,e71770de6742d196e55bbdaa01895738721c6b3e,VU#615
542105277,Saket-Upadhyay/CS6190-return-oriented-programming,Presentation/assets/DCC1FC04-511C-45C5-8E36-B34F152DF65A/assets/DCC1FC04-511C-45C5-8E36-B34F152DF65A.pdfp,e71770de6742d196e55bbdaa01895738721c6b3e,VU#26
542105277,Saket-Upadhyay/CS6190-return-oriented-programming,Presentation/assets/DCC1FC04-511C-45C5-8E36-B34F152DF65A/assets/DCC1FC04-511C-45C5-8E36-B34F152DF65A.pdfp,e71770de6742d196e55bbdaa01895738721c6b3e,VU#57
542105277,Saket-Upadhyay/CS6190-return-oriented-programming,Presentation/assets/DCC1FC04-511C-45C5-8E36-B34F152DF65A/assets/DCC1FC04-511C-45C5-8E36-B34F152DF65A.pdfp,e71770de6742d196e55bbdaa01895738721c6b3e,VU#80
542105277,Saket-Upadhyay/CS6190-return-oriented-programming,Presentation/assets/DCC1FC04-511C-45C5-8E36-B34F152DF65A/assets/DCC1FC04-511C-45C5-8E36-B34F152DF65A.pdfp,e71770de6742d196e55bbdaa01895738721c6b3e,VU#789
542105277,Saket-Upadhyay/CS6190-return-oriented-programming,Presentation/assets/DCC1FC04-511C-45C5-8E36-B34F152DF65A/assets/DCC1FC04-511C-45C5-8E36-B34F152DF65A.pdfp,e71770de6742d196e55bbdaa01895738721c6b3e,VU#56
542105277,Saket-Upadhyay/CS6190-return-oriented-programming,Presentation/assets/DCC1FC04-511C-45C5-8E36-B34F152DF65A/assets/DCC1FC04-511C-45C5-8E36-B34F152DF65A.pdfp,e71770de6742d196e55bbdaa01895738721c6b3e,VU#25
542105277,Saket-Upadhyay/CS6190-return-oriented-programming,Presentation/assets/DCC1FC04-511C-45C5-8E36-B34F152DF65A/assets/DCC1FC04-511C-45C5-8E36-B34F152DF65A.pdfp,e71770de6742d196e55bbdaa01895738721c6b3e,VU#781
542105277,Saket-Upadhyay/CS6190-return-oriented-programming,Presentation/assets/DCC1FC04-511C-45C5-8E36-B34F152DF65A/assets/DCC1FC04-511C-45C5-8E36-B34F152DF65A.pdfp,e71770de6742d196e55bbdaa01895738721c6b3e,VU#63
542105277,Saket-Upadhyay/CS6190-return-oriented-programming,Presentation/assets/DCC1FC04-511C-45C5-8E36-B34F152DF65A/assets/DCC1FC04-511C-45C5-8E36-B34F152DF65A.pdfp,e71770de6742d196e55bbdaa01895738721c6b3e,VU#58
542105277,Saket-Upadhyay/CS6190-return-oriented-programming,Presentation/assets/DCC1FC04-511C-45C5-8E36-B34F152DF65A/assets/DCC1FC04-511C-45C5-8E36-B34F152DF65A.pdfp,e71770de6742d196e55bbdaa01895738721c6b3e,VU#24
542105277,Saket-Upadhyay/CS6190-return-oriented-programming,Presentation/assets/DCC1FC04-511C-45C5-8E36-B34F152DF65A/assets/DCC1FC04-511C-45C5-8E36-B34F152DF65A.pdfp,e71770de6742d196e55bbdaa01895738721c6b3e,VU#761
542105277,Saket-Upadhyay/CS6190-return-oriented-programming,Presentation/assets/DCC1FC04-511C-45C5-8E36-B34F152DF65A/assets/DCC1FC04-511C-45C5-8E36-B34F152DF65A.pdfp,e71770de6742d196e55bbdaa01895738721c6b3e,VU#54
542105277,Saket-Upadhyay/CS6190-return-oriented-programming,Presentation/assets/DCC1FC04-511C-45C5-8E36-B34F152DF65A/assets/DCC1FC04-511C-45C5-8E36-B34F152DF65A.pdfp,e71770de6742d196e55bbdaa01895738721c6b3e,VU#53
542105277,Saket-Upadhyay/CS6190-return-oriented-programming,Presentation/assets/DCC1FC04-511C-45C5-8E36-B34F152DF65A/assets/DCC1FC04-511C-45C5-8E36-B34F152DF65A.pdfp,e71770de6742d196e55bbdaa01895738721c6b3e,VU#30
542105277,Saket-Upadhyay/CS6190-return-oriented-programming,Presentation/assets/DCC1FC04-511C-45C5-8E36-B34F152DF65A/assets/DCC1FC04-511C-45C5-8E36-B34F152DF65A.pdfp,e71770de6742d196e55bbdaa01895738721c6b3e,VU#60
542105277,Saket-Upadhyay/CS6190-return-oriented-programming,Presentation/assets/DCC1FC04-511C-45C5-8E36-B34F152DF65A/assets/DCC1FC04-511C-45C5-8E36-B34F152DF65A.pdfp,e71770de6742d196e55bbdaa01895738721c6b3e,VU#81
542105277,Saket-Upadhyay/CS6190-return-oriented-programming,Presentation/assets/DCC1FC04-511C-45C5-8E36-B34F152DF65A/assets/DCC1FC04-511C-45C5-8E36-B34F152DF65A.pdfp,e71770de6742d196e55bbdaa01895738721c6b3e,VU#59
542105277,Saket-Upadhyay/CS6190-return-oriented-programming,Presentation/assets/DCC1FC04-511C-45C5-8E36-B34F152DF65A/assets/DCC1FC04-511C-45C5-8E36-B34F152DF65A.pdfp,e71770de6742d196e55bbdaa01895738721c6b3e,VU#77
542105277,Saket-Upadhyay/CS6190-return-oriented-programming,Presentation/assets/DCC1FC04-511C-45C5-8E36-B34F152DF65A/assets/DCC1FC04-511C-45C5-8E36-B34F152DF65A.pdfp,e71770de6742d196e55bbdaa01895738721c6b3e,VU#605
542105277,Saket-Upadhyay/CS6190-return-oriented-programming,Presentation/assets/DCC1FC04-511C-45C5-8E36-B34F152DF65A/assets/DCC1FC04-511C-45C5-8E36-B34F152DF65A.pdfp,e71770de6742d196e55bbdaa01895738721c6b3e,VU#82
542105277,Saket-Upadhyay/CS6190-return-oriented-programming,Presentation/assets/DCC1FC04-511C-45C5-8E36-B34F152DF65A/assets/DCC1FC04-511C-45C5-8E36-B34F152DF65A.pdfp,e71770de6742d196e55bbdaa01895738721c6b3e,VU#633
542105277,Saket-Upadhyay/CS6190-return-oriented-programming,Presentation/assets/D011D887-A13C-4D0B-AF1D-5AA714ECE702/assets/D011D887-A13C-4D0B-AF1D-5AA714ECE702.pdfp,eee396c449c0f7b29df9f942c174bc7aed0fdfcc,VU#70
542105277,Saket-Upadhyay/CS6190-return-oriented-programming,Presentation/assets/D011D887-A13C-4D0B-AF1D-5AA714ECE702/assets/D011D887-A13C-4D0B-AF1D-5AA714ECE702.pdfp,eee396c449c0f7b29df9f942c174bc7aed0fdfcc,VU#94
542105277,Saket-Upadhyay/CS6190-return-oriented-programming,Presentation/assets/D011D887-A13C-4D0B-AF1D-5AA714ECE702/assets/D011D887-A13C-4D0B-AF1D-5AA714ECE702.pdfp,eee396c449c0f7b29df9f942c174bc7aed0fdfcc,VU#99
542105277,Saket-Upadhyay/CS6190-return-oriented-programming,Presentation/assets/D011D887-A13C-4D0B-AF1D-5AA714ECE702/assets/D011D887-A13C-4D0B-AF1D-5AA714ECE702.pdfp,eee396c449c0f7b29df9f942c174bc7aed0fdfcc,VU#98
542105277,Saket-Upadhyay/CS6190-return-oriented-programming,Presentation/assets/D011D887-A13C-4D0B-AF1D-5AA714ECE702/assets/D011D887-A13C-4D0B-AF1D-5AA714ECE702.pdfp,eee396c449c0f7b29df9f942c174bc7aed0fdfcc,VU#44
542105277,Saket-Upadhyay/CS6190-return-oriented-programming,Presentation/assets/D011D887-A13C-4D0B-AF1D-5AA714ECE702/assets/D011D887-A13C-4D0B-AF1D-5AA714ECE702.pdfp,eee396c449c0f7b29df9f942c174bc7aed0fdfcc,VU#67
542105277,Saket-Upadhyay/CS6190-return-oriented-programming,Presentation/assets/D011D887-A13C-4D0B-AF1D-5AA714ECE702/assets/D011D887-A13C-4D0B-AF1D-5AA714ECE702.pdfp,eee396c449c0f7b29df9f942c174bc7aed0fdfcc,VU#961
542105277,Saket-Upadhyay/CS6190-return-oriented-programming,Presentation/assets/D011D887-A13C-4D0B-AF1D-5AA714ECE702/assets/D011D887-A13C-4D0B-AF1D-5AA714ECE702.pdfp,eee396c449c0f7b29df9f942c174bc7aed0fdfcc,VU#95
542105277,Saket-Upadhyay/CS6190-return-oriented-programming,Presentation/assets/D011D887-A13C-4D0B-AF1D-5AA714ECE702/assets/D011D887-A13C-4D0B-AF1D-5AA714ECE702.pdfp,eee396c449c0f7b29df9f942c174bc7aed0fdfcc,VU#61
542105277,Saket-Upadhyay/CS6190-return-oriented-programming,Presentation/assets/D011D887-A13C-4D0B-AF1D-5AA714ECE702/assets/D011D887-A13C-4D0B-AF1D-5AA714ECE702.pdfp,eee396c449c0f7b29df9f942c174bc7aed0fdfcc,VU#042
542105277,Saket-Upadhyay/CS6190-return-oriented-programming,Presentation/assets/D011D887-A13C-4D0B-AF1D-5AA714ECE702/assets/D011D887-A13C-4D0B-AF1D-5AA714ECE702.pdfp,eee396c449c0f7b29df9f942c174bc7aed0fdfcc,VU#52
542105277,Saket-Upadhyay/CS6190-return-oriented-programming,Presentation/assets/D011D887-A13C-4D0B-AF1D-5AA714ECE702/assets/D011D887-A13C-4D0B-AF1D-5AA714ECE702.pdfp,eee396c449c0f7b29df9f942c174bc7aed0fdfcc,VU#03
542105277,Saket-Upadhyay/CS6190-return-oriented-programming,Presentation/assets/D011D887-A13C-4D0B-AF1D-5AA714ECE702/assets/D011D887-A13C-4D0B-AF1D-5AA714ECE702.pdfp,eee396c449c0f7b29df9f942c174bc7aed0fdfcc,VU#51
542105277,Saket-Upadhyay/CS6190-return-oriented-programming,Presentation/assets/D011D887-A13C-4D0B-AF1D-5AA714ECE702/assets/D011D887-A13C-4D0B-AF1D-5AA714ECE702.pdfp,eee396c449c0f7b29df9f942c174bc7aed0fdfcc,VU#05
542105277,Saket-Upadhyay/CS6190-return-oriented-programming,Presentation/assets/D011D887-A13C-4D0B-AF1D-5AA714ECE702/assets/D011D887-A13C-4D0B-AF1D-5AA714ECE702.pdfp,eee396c449c0f7b29df9f942c174bc7aed0fdfcc,VU#65
542105277,Saket-Upadhyay/CS6190-return-oriented-programming,Presentation/assets/D011D887-A13C-4D0B-AF1D-5AA714ECE702/assets/D011D887-A13C-4D0B-AF1D-5AA714ECE702.pdfp,eee396c449c0f7b29df9f942c174bc7aed0fdfcc,VU#53
542105277,Saket-Upadhyay/CS6190-return-oriented-programming,Presentation/assets/D011D887-A13C-4D0B-AF1D-5AA714ECE702/assets/D011D887-A13C-4D0B-AF1D-5AA714ECE702.pdfp,eee396c449c0f7b29df9f942c174bc7aed0fdfcc,VU#08
542105277,Saket-Upadhyay/CS6190-return-oriented-programming,Presentation/assets/D011D887-A13C-4D0B-AF1D-5AA714ECE702/assets/D011D887-A13C-4D0B-AF1D-5AA714ECE702.pdfp,eee396c449c0f7b29df9f942c174bc7aed0fdfcc,VU#957
542105277,Saket-Upadhyay/CS6190-return-oriented-programming,Presentation/assets/D011D887-A13C-4D0B-AF1D-5AA714ECE702/assets/D011D887-A13C-4D0B-AF1D-5AA714ECE702.pdfp,eee396c449c0f7b29df9f942c174bc7aed0fdfcc,VU#02
542105277,Saket-Upadhyay/CS6190-return-oriented-programming,Presentation/assets/D011D887-A13C-4D0B-AF1D-5AA714ECE702/assets/D011D887-A13C-4D0B-AF1D-5AA714ECE702.pdfp,eee396c449c0f7b29df9f942c174bc7aed0fdfcc,VU#62
542105277,Saket-Upadhyay/CS6190-return-oriented-programming,Presentation/assets/D011D887-A13C-4D0B-AF1D-5AA714ECE702/assets/D011D887-A13C-4D0B-AF1D-5AA714ECE702.pdfp,eee396c449c0f7b29df9f942c174bc7aed0fdfcc,VU#06
542105277,Saket-Upadhyay/CS6190-return-oriented-programming,Presentation/assets/D011D887-A13C-4D0B-AF1D-5AA714ECE702/assets/D011D887-A13C-4D0B-AF1D-5AA714ECE702.pdfp,eee396c449c0f7b29df9f942c174bc7aed0fdfcc,VU#569
542105277,Saket-Upadhyay/CS6190-return-oriented-programming,Presentation/assets/D011D887-A13C-4D0B-AF1D-5AA714ECE702/assets/D011D887-A13C-4D0B-AF1D-5AA714ECE702.pdfp,eee396c449c0f7b29df9f942c174bc7aed0fdfcc,VU#0619
542105277,Saket-Upadhyay/CS6190-return-oriented-programming,Presentation/assets/D011D887-A13C-4D0B-AF1D-5AA714ECE702/assets/D011D887-A13C-4D0B-AF1D-5AA714ECE702.pdfp,eee396c449c0f7b29df9f942c174bc7aed0fdfcc,VU#661956
542105277,Saket-Upadhyay/CS6190-return-oriented-programming,Presentation/assets/D011D887-A13C-4D0B-AF1D-5AA714ECE702/assets/D011D887-A13C-4D0B-AF1D-5AA714ECE702.pdfp,eee396c449c0f7b29df9f942c174bc7aed0fdfcc,VU#07
542105277,Saket-Upadhyay/CS6190-return-oriented-programming,Presentation/assets/D011D887-A13C-4D0B-AF1D-5AA714ECE702/assets/D011D887-A13C-4D0B-AF1D-5AA714ECE702.pdfp,eee396c449c0f7b29df9f942c174bc7aed0fdfcc,VU#49
542105277,Saket-Upadhyay/CS6190-return-oriented-programming,Presentation/assets/D011D887-A13C-4D0B-AF1D-5AA714ECE702/assets/D011D887-A13C-4D0B-AF1D-5AA714ECE702.pdfp,eee396c449c0f7b29df9f942c174bc7aed0fdfcc,VU#058
542105277,Saket-Upadhyay/CS6190-return-oriented-programming,Presentation/assets/D011D887-A13C-4D0B-AF1D-5AA714ECE702/assets/D011D887-A13C-4D0B-AF1D-5AA714ECE702.pdfp,eee396c449c0f7b29df9f942c174bc7aed0fdfcc,VU#23
542105277,Saket-Upadhyay/CS6190-return-oriented-programming,Presentation/assets/D011D887-A13C-4D0B-AF1D-5AA714ECE702/assets/D011D887-A13C-4D0B-AF1D-5AA714ECE702.pdfp,eee396c449c0f7b29df9f942c174bc7aed0fdfcc,VU#399
542105277,Saket-Upadhyay/CS6190-return-oriented-programming,Presentation/assets/D011D887-A13C-4D0B-AF1D-5AA714ECE702/assets/D011D887-A13C-4D0B-AF1D-5AA714ECE702.pdfp,eee396c449c0f7b29df9f942c174bc7aed0fdfcc,VU#17
542105277,Saket-Upadhyay/CS6190-return-oriented-programming,Presentation/assets/D011D887-A13C-4D0B-AF1D-5AA714ECE702/assets/D011D887-A13C-4D0B-AF1D-5AA714ECE702.pdfp,eee396c449c0f7b29df9f942c174bc7aed0fdfcc,VU#75
542105277,Saket-Upadhyay/CS6190-return-oriented-programming,Presentation/assets/D011D887-A13C-4D0B-AF1D-5AA714ECE702/assets/D011D887-A13C-4D0B-AF1D-5AA714ECE702.pdfp,eee396c449c0f7b29df9f942c174bc7aed0fdfcc,VU#33
542105277,Saket-Upadhyay/CS6190-return-oriented-programming,Presentation/assets/D011D887-A13C-4D0B-AF1D-5AA714ECE702/assets/D011D887-A13C-4D0B-AF1D-5AA714ECE702.pdfp,eee396c449c0f7b29df9f942c174bc7aed0fdfcc,VU#182
542105277,Saket-Upadhyay/CS6190-return-oriented-programming,Presentation/assets/D011D887-A13C-4D0B-AF1D-5AA714ECE702/assets/D011D887-A13C-4D0B-AF1D-5AA714ECE702.pdfp,eee396c449c0f7b29df9f942c174bc7aed0fdfcc,VU#40
542105277,Saket-Upadhyay/CS6190-return-oriented-programming,Presentation/assets/D011D887-A13C-4D0B-AF1D-5AA714ECE702/assets/D011D887-A13C-4D0B-AF1D-5AA714ECE702.pdfp,eee396c449c0f7b29df9f942c174bc7aed0fdfcc,VU#312
542105277,Saket-Upadhyay/CS6190-return-oriented-programming,Presentation/assets/D011D887-A13C-4D0B-AF1D-5AA714ECE702/assets/D011D887-A13C-4D0B-AF1D-5AA714ECE702.pdfp,eee396c449c0f7b29df9f942c174bc7aed0fdfcc,VU#31
542105277,Saket-Upadhyay/CS6190-return-oriented-programming,Presentation/assets/D011D887-A13C-4D0B-AF1D-5AA714ECE702/assets/D011D887-A13C-4D0B-AF1D-5AA714ECE702.pdfp,eee396c449c0f7b29df9f942c174bc7aed0fdfcc,VU#76
542105277,Saket-Upadhyay/CS6190-return-oriented-programming,Presentation/assets/D011D887-A13C-4D0B-AF1D-5AA714ECE702/assets/D011D887-A13C-4D0B-AF1D-5AA714ECE702.pdfp,eee396c449c0f7b29df9f942c174bc7aed0fdfcc,VU#87
542105277,Saket-Upadhyay/CS6190-return-oriented-programming,Presentation/assets/D011D887-A13C-4D0B-AF1D-5AA714ECE702/assets/D011D887-A13C-4D0B-AF1D-5AA714ECE702.pdfp,eee396c449c0f7b29df9f942c174bc7aed0fdfcc,VU#19
542105277,Saket-Upadhyay/CS6190-return-oriented-programming,Presentation/assets/D011D887-A13C-4D0B-AF1D-5AA714ECE702/assets/D011D887-A13C-4D0B-AF1D-5AA714ECE702.pdfp,eee396c449c0f7b29df9f942c174bc7aed0fdfcc,VU#7717
542105277,Saket-Upadhyay/CS6190-return-oriented-programming,Presentation/assets/D011D887-A13C-4D0B-AF1D-5AA714ECE702/assets/D011D887-A13C-4D0B-AF1D-5AA714ECE702.pdfp,eee396c449c0f7b29df9f942c174bc7aed0fdfcc,VU#1995433
542105277,Saket-Upadhyay/CS6190-return-oriented-programming,Presentation/assets/D011D887-A13C-4D0B-AF1D-5AA714ECE702/assets/D011D887-A13C-4D0B-AF1D-5AA714ECE702.pdfp,eee396c449c0f7b29df9f942c174bc7aed0fdfcc,VU#29
542105277,Saket-Upadhyay/CS6190-return-oriented-programming,Presentation/assets/D011D887-A13C-4D0B-AF1D-5AA714ECE702/assets/D011D887-A13C-4D0B-AF1D-5AA714ECE702.pdfp,eee396c449c0f7b29df9f942c174bc7aed0fdfcc,VU#787
542105277,Saket-Upadhyay/CS6190-return-oriented-programming,Presentation/assets/D011D887-A13C-4D0B-AF1D-5AA714ECE702/assets/D011D887-A13C-4D0B-AF1D-5AA714ECE702.pdfp,eee396c449c0f7b29df9f942c174bc7aed0fdfcc,VU#20
542105277,Saket-Upadhyay/CS6190-return-oriented-programming,Presentation/assets/D011D887-A13C-4D0B-AF1D-5AA714ECE702/assets/D011D887-A13C-4D0B-AF1D-5AA714ECE702.pdfp,eee396c449c0f7b29df9f942c174bc7aed0fdfcc,VU#21
542105277,Saket-Upadhyay/CS6190-return-oriented-programming,Presentation/assets/D011D887-A13C-4D0B-AF1D-5AA714ECE702/assets/D011D887-A13C-4D0B-AF1D-5AA714ECE702.pdfp,eee396c449c0f7b29df9f942c174bc7aed0fdfcc,VU#264
542105277,Saket-Upadhyay/CS6190-return-oriented-programming,Presentation/assets/D011D887-A13C-4D0B-AF1D-5AA714ECE702/assets/D011D887-A13C-4D0B-AF1D-5AA714ECE702.pdfp,eee396c449c0f7b29df9f942c174bc7aed0fdfcc,VU#257
542105277,Saket-Upadhyay/CS6190-return-oriented-programming,Presentation/assets/D011D887-A13C-4D0B-AF1D-5AA714ECE702/assets/D011D887-A13C-4D0B-AF1D-5AA714ECE702.pdfp,eee396c449c0f7b29df9f942c174bc7aed0fdfcc,VU#81
542105277,Saket-Upadhyay/CS6190-return-oriented-programming,Presentation/assets/D011D887-A13C-4D0B-AF1D-5AA714ECE702/assets/D011D887-A13C-4D0B-AF1D-5AA714ECE702.pdfp,eee396c449c0f7b29df9f942c174bc7aed0fdfcc,VU#229
542105277,Saket-Upadhyay/CS6190-return-oriented-programming,Presentation/assets/D011D887-A13C-4D0B-AF1D-5AA714ECE702/assets/D011D887-A13C-4D0B-AF1D-5AA714ECE702.pdfp,eee396c449c0f7b29df9f942c174bc7aed0fdfcc,VU#82
542105277,Saket-Upadhyay/CS6190-return-oriented-programming,Presentation/assets/D011D887-A13C-4D0B-AF1D-5AA714ECE702/assets/D011D887-A13C-4D0B-AF1D-5AA714ECE702.pdfp,eee396c449c0f7b29df9f942c174bc7aed0fdfcc,VU#166
542105277,Saket-Upadhyay/CS6190-return-oriented-programming,Presentation/assets/D011D887-A13C-4D0B-AF1D-5AA714ECE702/assets/D011D887-A13C-4D0B-AF1D-5AA714ECE702.pdfp,eee396c449c0f7b29df9f942c174bc7aed0fdfcc,VU#354
542105277,Saket-Upadhyay/CS6190-return-oriented-programming,Presentation/assets/D011D887-A13C-4D0B-AF1D-5AA714ECE702/assets/D011D887-A13C-4D0B-AF1D-5AA714ECE702.pdfp,eee396c449c0f7b29df9f942c174bc7aed0fdfcc,VU#32
542105277,Saket-Upadhyay/CS6190-return-oriented-programming,Presentation/assets/D011D887-A13C-4D0B-AF1D-5AA714ECE702/assets/D011D887-A13C-4D0B-AF1D-5AA714ECE702.pdfp,eee396c449c0f7b29df9f942c174bc7aed0fdfcc,VU#38
542105277,Saket-Upadhyay/CS6190-return-oriented-programming,Presentation/assets/D011D887-A13C-4D0B-AF1D-5AA714ECE702/assets/D011D887-A13C-4D0B-AF1D-5AA714ECE702.pdfp,eee396c449c0f7b29df9f942c174bc7aed0fdfcc,VU#16
542105277,Saket-Upadhyay/CS6190-return-oriented-programming,Presentation/assets/D011D887-A13C-4D0B-AF1D-5AA714ECE702/assets/D011D887-A13C-4D0B-AF1D-5AA714ECE702.pdfp,eee396c449c0f7b29df9f942c174bc7aed0fdfcc,VU#13
542105277,Saket-Upadhyay/CS6190-return-oriented-programming,Presentation/assets/D011D887-A13C-4D0B-AF1D-5AA714ECE702/assets/D011D887-A13C-4D0B-AF1D-5AA714ECE702.pdfp,eee396c449c0f7b29df9f942c174bc7aed0fdfcc,VU#376
542105277,Saket-Upadhyay/CS6190-return-oriented-programming,Presentation/assets/D011D887-A13C-4D0B-AF1D-5AA714ECE702/assets/D011D887-A13C-4D0B-AF1D-5AA714ECE702.pdfp,eee396c449c0f7b29df9f942c174bc7aed0fdfcc,VU#392
542105277,Saket-Upadhyay/CS6190-return-oriented-programming,Presentation/assets/D011D887-A13C-4D0B-AF1D-5AA714ECE702/assets/D011D887-A13C-4D0B-AF1D-5AA714ECE702.pdfp,eee396c449c0f7b29df9f942c174bc7aed0fdfcc,VU#72
542105277,Saket-Upadhyay/CS6190-return-oriented-programming,Presentation/assets/D011D887-A13C-4D0B-AF1D-5AA714ECE702/assets/D011D887-A13C-4D0B-AF1D-5AA714ECE702.pdfp,eee396c449c0f7b29df9f942c174bc7aed0fdfcc,VU#394
542105277,Saket-Upadhyay/CS6190-return-oriented-programming,Presentation/assets/D011D887-A13C-4D0B-AF1D-5AA714ECE702/assets/D011D887-A13C-4D0B-AF1D-5AA714ECE702.pdfp,eee396c449c0f7b29df9f942c174bc7aed0fdfcc,VU#37
542105277,Saket-Upadhyay/CS6190-return-oriented-programming,Presentation/assets/D011D887-A13C-4D0B-AF1D-5AA714ECE702/assets/D011D887-A13C-4D0B-AF1D-5AA714ECE702.pdfp,eee396c449c0f7b29df9f942c174bc7aed0fdfcc,VU#15
542105277,Saket-Upadhyay/CS6190-return-oriented-programming,Presentation/assets/D011D887-A13C-4D0B-AF1D-5AA714ECE702/assets/D011D887-A13C-4D0B-AF1D-5AA714ECE702.pdfp,eee396c449c0f7b29df9f942c174bc7aed0fdfcc,VU#123
542105277,Saket-Upadhyay/CS6190-return-oriented-programming,Presentation/assets/player/pdfjs/bcmaps.js,fa5b38cabc44f5ccf3849487360083c2e24dad9c,VU#92
542105277,Saket-Upadhyay/CS6190-return-oriented-programming,Presentation/assets/player/pdfjs/bcmaps.js,fa5b38cabc44f5ccf3849487360083c2e24dad9c,VU#69
542105277,Saket-Upadhyay/CS6190-return-oriented-programming,Presentation/assets/player/pdfjs/bcmaps.js,fa5b38cabc44f5ccf3849487360083c2e24dad9c,VU#28
542105277,Saket-Upadhyay/CS6190-return-oriented-programming,Presentation/assets/player/pdfjs/bcmaps.js,fa5b38cabc44f5ccf3849487360083c2e24dad9c,VU#49
542105277,Saket-Upadhyay/CS6190-return-oriented-programming,Presentation/assets/1894153E-5788-46E9-A239-368E5553A904/assets/1894153E-5788-46E9-A239-368E5553A904.pdfp,fb8ee32b799c316b119521c091ec7aeb45e09a7b,VU#13
542105277,Saket-Upadhyay/CS6190-return-oriented-programming,Presentation/assets/1894153E-5788-46E9-A239-368E5553A904/assets/1894153E-5788-46E9-A239-368E5553A904.pdfp,fb8ee32b799c316b119521c091ec7aeb45e09a7b,VU#83
542105277,Saket-Upadhyay/CS6190-return-oriented-programming,Presentation/assets/1894153E-5788-46E9-A239-368E5553A904/assets/1894153E-5788-46E9-A239-368E5553A904.pdfp,fb8ee32b799c316b119521c091ec7aeb45e09a7b,VU#69
542105277,Saket-Upadhyay/CS6190-return-oriented-programming,Presentation/assets/1894153E-5788-46E9-A239-368E5553A904/assets/1894153E-5788-46E9-A239-368E5553A904.pdfp,fb8ee32b799c316b119521c091ec7aeb45e09a7b,VU#56
542105277,Saket-Upadhyay/CS6190-return-oriented-programming,Presentation/assets/1894153E-5788-46E9-A239-368E5553A904/assets/1894153E-5788-46E9-A239-368E5553A904.pdfp,fb8ee32b799c316b119521c091ec7aeb45e09a7b,VU#29
542105277,Saket-Upadhyay/CS6190-return-oriented-programming,Presentation/assets/1894153E-5788-46E9-A239-368E5553A904/assets/1894153E-5788-46E9-A239-368E5553A904.pdfp,fb8ee32b799c316b119521c091ec7aeb45e09a7b,VU#93
542105277,Saket-Upadhyay/CS6190-return-oriented-programming,Presentation/assets/1894153E-5788-46E9-A239-368E5553A904/assets/1894153E-5788-46E9-A239-368E5553A904.pdfp,fb8ee32b799c316b119521c091ec7aeb45e09a7b,VU#22
542105277,Saket-Upadhyay/CS6190-return-oriented-programming,Presentation/assets/1894153E-5788-46E9-A239-368E5553A904/assets/1894153E-5788-46E9-A239-368E5553A904.pdfp,fb8ee32b799c316b119521c091ec7aeb45e09a7b,VU#561
542105277,Saket-Upadhyay/CS6190-return-oriented-programming,Presentation/assets/1894153E-5788-46E9-A239-368E5553A904/assets/1894153E-5788-46E9-A239-368E5553A904.pdfp,fb8ee32b799c316b119521c091ec7aeb45e09a7b,VU#59
542105277,Saket-Upadhyay/CS6190-return-oriented-programming,Presentation/assets/1894153E-5788-46E9-A239-368E5553A904/assets/1894153E-5788-46E9-A239-368E5553A904.pdfp,fb8ee32b799c316b119521c091ec7aeb45e09a7b,VU#02
542105277,Saket-Upadhyay/CS6190-return-oriented-programming,Presentation/assets/1894153E-5788-46E9-A239-368E5553A904/assets/1894153E-5788-46E9-A239-368E5553A904.pdfp,fb8ee32b799c316b119521c091ec7aeb45e09a7b,VU#21
542105277,Saket-Upadhyay/CS6190-return-oriented-programming,Presentation/assets/1894153E-5788-46E9-A239-368E5553A904/assets/1894153E-5788-46E9-A239-368E5553A904.pdfp,fb8ee32b799c316b119521c091ec7aeb45e09a7b,VU#279
542105277,Saket-Upadhyay/CS6190-return-oriented-programming,Presentation/assets/1894153E-5788-46E9-A239-368E5553A904/assets/1894153E-5788-46E9-A239-368E5553A904.pdfp,fb8ee32b799c316b119521c091ec7aeb45e09a7b,VU#222
542105277,Saket-Upadhyay/CS6190-return-oriented-programming,Presentation/assets/1894153E-5788-46E9-A239-368E5553A904/assets/1894153E-5788-46E9-A239-368E5553A904.pdfp,fb8ee32b799c316b119521c091ec7aeb45e09a7b,VU#55
542105277,Saket-Upadhyay/CS6190-return-oriented-programming,Presentation/assets/1894153E-5788-46E9-A239-368E5553A904/assets/1894153E-5788-46E9-A239-368E5553A904.pdfp,fb8ee32b799c316b119521c091ec7aeb45e09a7b,VU#00
542105277,Saket-Upadhyay/CS6190-return-oriented-programming,Presentation/assets/1894153E-5788-46E9-A239-368E5553A904/assets/1894153E-5788-46E9-A239-368E5553A904.pdfp,fb8ee32b799c316b119521c091ec7aeb45e09a7b,VU#60
542105277,Saket-Upadhyay/CS6190-return-oriented-programming,Presentation/assets/1894153E-5788-46E9-A239-368E5553A904/assets/1894153E-5788-46E9-A239-368E5553A904.pdfp,fb8ee32b799c316b119521c091ec7aeb45e09a7b,VU#661
542105277,Saket-Upadhyay/CS6190-return-oriented-programming,Presentation/assets/1894153E-5788-46E9-A239-368E5553A904/assets/1894153E-5788-46E9-A239-368E5553A904.pdfp,fb8ee32b799c316b119521c091ec7aeb45e09a7b,VU#54
542105277,Saket-Upadhyay/CS6190-return-oriented-programming,Presentation/assets/1894153E-5788-46E9-A239-368E5553A904/assets/1894153E-5788-46E9-A239-368E5553A904.pdfp,fb8ee32b799c316b119521c091ec7aeb45e09a7b,VU#07
542105277,Saket-Upadhyay/CS6190-return-oriented-programming,Presentation/assets/1894153E-5788-46E9-A239-368E5553A904/assets/1894153E-5788-46E9-A239-368E5553A904.pdfp,fb8ee32b799c316b119521c091ec7aeb45e09a7b,VU#3529
542105277,Saket-Upadhyay/CS6190-return-oriented-programming,Presentation/assets/1894153E-5788-46E9-A239-368E5553A904/assets/1894153E-5788-46E9-A239-368E5553A904.pdfp,fb8ee32b799c316b119521c091ec7aeb45e09a7b,VU#74
542105277,Saket-Upadhyay/CS6190-return-oriented-programming,Presentation/assets/1894153E-5788-46E9-A239-368E5553A904/assets/1894153E-5788-46E9-A239-368E5553A904.pdfp,fb8ee32b799c316b119521c091ec7aeb45e09a7b,VU#36
542105277,Saket-Upadhyay/CS6190-return-oriented-programming,Presentation/assets/1894153E-5788-46E9-A239-368E5553A904/assets/1894153E-5788-46E9-A239-368E5553A904.pdfp,fb8ee32b799c316b119521c091ec7aeb45e09a7b,VU#18
542105277,Saket-Upadhyay/CS6190-return-oriented-programming,Presentation/assets/1894153E-5788-46E9-A239-368E5553A904/assets/1894153E-5788-46E9-A239-368E5553A904.pdfp,fb8ee32b799c316b119521c091ec7aeb45e09a7b,VU#50
542105277,Saket-Upadhyay/CS6190-return-oriented-programming,Presentation/assets/1894153E-5788-46E9-A239-368E5553A904/assets/1894153E-5788-46E9-A239-368E5553A904.pdfp,fb8ee32b799c316b119521c091ec7aeb45e09a7b,VU#37
542105277,Saket-Upadhyay/CS6190-return-oriented-programming,Presentation/assets/1894153E-5788-46E9-A239-368E5553A904/assets/1894153E-5788-46E9-A239-368E5553A904.pdfp,fb8ee32b799c316b119521c091ec7aeb45e09a7b,VU#67
542105277,Saket-Upadhyay/CS6190-return-oriented-programming,Presentation/assets/1894153E-5788-46E9-A239-368E5553A904/assets/1894153E-5788-46E9-A239-368E5553A904.pdfp,fb8ee32b799c316b119521c091ec7aeb45e09a7b,VU#51
542105277,Saket-Upadhyay/CS6190-return-oriented-programming,Presentation/assets/1894153E-5788-46E9-A239-368E5553A904/assets/1894153E-5788-46E9-A239-368E5553A904.pdfp,fb8ee32b799c316b119521c091ec7aeb45e09a7b,VU#647
542105277,Saket-Upadhyay/CS6190-return-oriented-programming,Presentation/assets/1894153E-5788-46E9-A239-368E5553A904/assets/1894153E-5788-46E9-A239-368E5553A904.pdfp,fb8ee32b799c316b119521c091ec7aeb45e09a7b,VU#76
542105277,Saket-Upadhyay/CS6190-return-oriented-programming,Presentation/assets/1894153E-5788-46E9-A239-368E5553A904/assets/1894153E-5788-46E9-A239-368E5553A904.pdfp,fb8ee32b799c316b119521c091ec7aeb45e09a7b,VU#88
542105277,Saket-Upadhyay/CS6190-return-oriented-programming,Presentation/assets/1894153E-5788-46E9-A239-368E5553A904/assets/1894153E-5788-46E9-A239-368E5553A904.pdfp,fb8ee32b799c316b119521c091ec7aeb45e09a7b,VU#52
542105277,Saket-Upadhyay/CS6190-return-oriented-programming,Presentation/assets/1894153E-5788-46E9-A239-368E5553A904/assets/1894153E-5788-46E9-A239-368E5553A904.pdfp,fb8ee32b799c316b119521c091ec7aeb45e09a7b,VU#91
542105277,Saket-Upadhyay/CS6190-return-oriented-programming,Presentation/assets/1894153E-5788-46E9-A239-368E5553A904/assets/1894153E-5788-46E9-A239-368E5553A904.pdfp,fb8ee32b799c316b119521c091ec7aeb45e09a7b,VU#64
542105277,Saket-Upadhyay/CS6190-return-oriented-programming,Presentation/assets/1894153E-5788-46E9-A239-368E5553A904/assets/1894153E-5788-46E9-A239-368E5553A904.pdfp,fb8ee32b799c316b119521c091ec7aeb45e09a7b,VU#47
542105277,Saket-Upadhyay/CS6190-return-oriented-programming,Presentation/assets/1894153E-5788-46E9-A239-368E5553A904/assets/1894153E-5788-46E9-A239-368E5553A904.pdfp,fb8ee32b799c316b119521c091ec7aeb45e09a7b,VU#94
542105277,Saket-Upadhyay/CS6190-return-oriented-programming,Presentation/assets/1894153E-5788-46E9-A239-368E5553A904/assets/1894153E-5788-46E9-A239-368E5553A904.pdfp,fb8ee32b799c316b119521c091ec7aeb45e09a7b,VU#77
542105277,Saket-Upadhyay/CS6190-return-oriented-programming,Presentation/assets/1894153E-5788-46E9-A239-368E5553A904/assets/1894153E-5788-46E9-A239-368E5553A904.pdfp,fb8ee32b799c316b119521c091ec7aeb45e09a7b,VU#31
542105277,Saket-Upadhyay/CS6190-return-oriented-programming,Presentation/assets/1894153E-5788-46E9-A239-368E5553A904/assets/1894153E-5788-46E9-A239-368E5553A904.pdfp,fb8ee32b799c316b119521c091ec7aeb45e09a7b,VU#97
542105277,Saket-Upadhyay/CS6190-return-oriented-programming,Presentation/assets/1894153E-5788-46E9-A239-368E5553A904/assets/1894153E-5788-46E9-A239-368E5553A904.pdfp,fb8ee32b799c316b119521c091ec7aeb45e09a7b,VU#46
542105277,Saket-Upadhyay/CS6190-return-oriented-programming,Presentation/assets/1894153E-5788-46E9-A239-368E5553A904/assets/1894153E-5788-46E9-A239-368E5553A904.pdfp,fb8ee32b799c316b119521c091ec7aeb45e09a7b,VU#78
542105277,Saket-Upadhyay/CS6190-return-oriented-programming,Presentation/assets/1894153E-5788-46E9-A239-368E5553A904/assets/1894153E-5788-46E9-A239-368E5553A904.pdfp,fb8ee32b799c316b119521c091ec7aeb45e09a7b,VU#39853
