repo_id,repo_full_name,file,file_sha1,match
477905329,ibojanova/BF,CWEBF/XML/cwec_v4.6.xml,a3d603fad3b585a1d3ec36690a04b631f8bcdf0a,BID-10155
477905329,ibojanova/BF,CWEBF/XML/cwec_v4.6.xml,a3d603fad3b585a1d3ec36690a04b631f8bcdf0a,CVE-2007-5794
477905329,ibojanova/BF,CWEBF/XML/cwec_v4.6.xml,a3d603fad3b585a1d3ec36690a04b631f8bcdf0a,CVE-2007-5778
477905329,ibojanova/BF,CWEBF/XML/cwec_v4.6.xml,a3d603fad3b585a1d3ec36690a04b631f8bcdf0a,CVE-2007-5756
477905329,ibojanova/BF,CWEBF/XML/cwec_v4.6.xml,a3d603fad3b585a1d3ec36690a04b631f8bcdf0a,CVE-2007-5741
477905329,ibojanova/BF,CWEBF/XML/cwec_v4.6.xml,a3d603fad3b585a1d3ec36690a04b631f8bcdf0a,CVE-2007-5727
477905329,ibojanova/BF,CWEBF/XML/cwec_v4.6.xml,a3d603fad3b585a1d3ec36690a04b631f8bcdf0a,CVE-2007-5657
477905329,ibojanova/BF,CWEBF/XML/cwec_v4.6.xml,a3d603fad3b585a1d3ec36690a04b631f8bcdf0a,CVE-2007-5655
477905329,ibojanova/BF,CWEBF/XML/cwec_v4.6.xml,a3d603fad3b585a1d3ec36690a04b631f8bcdf0a,CVE-2007-5626
477905329,ibojanova/BF,CWEBF/XML/cwec_v4.6.xml,a3d603fad3b585a1d3ec36690a04b631f8bcdf0a,CVE-2007-5578
477905329,ibojanova/BF,CWEBF/XML/cwec_v4.6.xml,a3d603fad3b585a1d3ec36690a04b631f8bcdf0a,CVE-2007-5544
477905329,ibojanova/BF,CWEBF/XML/cwec_v4.6.xml,a3d603fad3b585a1d3ec36690a04b631f8bcdf0a,CVE-2007-5460
477905329,ibojanova/BF,CWEBF/XML/cwec_v4.6.xml,a3d603fad3b585a1d3ec36690a04b631f8bcdf0a,CVE-2007-5893
477905329,ibojanova/BF,CWEBF/XML/cwec_v4.6.xml,a3d603fad3b585a1d3ec36690a04b631f8bcdf0a,CVE-2007-5277
477905329,ibojanova/BF,CWEBF/XML/cwec_v4.6.xml,a3d603fad3b585a1d3ec36690a04b631f8bcdf0a,CVE-2007-5172
477905329,ibojanova/BF,CWEBF/XML/cwec_v4.6.xml,a3d603fad3b585a1d3ec36690a04b631f8bcdf0a,CVE-2007-5159
477905329,ibojanova/BF,CWEBF/XML/cwec_v4.6.xml,a3d603fad3b585a1d3ec36690a04b631f8bcdf0a,CVE-2007-5101
477905329,ibojanova/BF,CWEBF/XML/cwec_v4.6.xml,a3d603fad3b585a1d3ec36690a04b631f8bcdf0a,CVE-2007-4988
477905329,ibojanova/BF,CWEBF/XML/cwec_v4.6.xml,a3d603fad3b585a1d3ec36690a04b631f8bcdf0a,CVE-2007-4961
477905329,ibojanova/BF,CWEBF/XML/cwec_v4.6.xml,a3d603fad3b585a1d3ec36690a04b631f8bcdf0a,CVE-2007-4932
477905329,ibojanova/BF,CWEBF/XML/cwec_v4.6.xml,a3d603fad3b585a1d3ec36690a04b631f8bcdf0a,CVE-2007-4786
477905329,ibojanova/BF,CWEBF/XML/cwec_v4.6.xml,a3d603fad3b585a1d3ec36690a04b631f8bcdf0a,CVE-2007-4682
477905329,ibojanova/BF,CWEBF/XML/cwec_v4.6.xml,a3d603fad3b585a1d3ec36690a04b631f8bcdf0a,CVE-2007-4639
477905329,ibojanova/BF,CWEBF/XML/cwec_v4.6.xml,a3d603fad3b585a1d3ec36690a04b631f8bcdf0a,CVE-2007-4580
477905329,ibojanova/BF,CWEBF/XML/cwec_v4.6.xml,a3d603fad3b585a1d3ec36690a04b631f8bcdf0a,CVE-2007-4432
477905329,ibojanova/BF,CWEBF/XML/cwec_v4.6.xml,a3d603fad3b585a1d3ec36690a04b631f8bcdf0a,CVE-2007-5191
477905329,ibojanova/BF,CWEBF/XML/cwec_v4.6.xml,a3d603fad3b585a1d3ec36690a04b631f8bcdf0a,CVE-2007-4277
477905329,ibojanova/BF,CWEBF/XML/cwec_v4.6.xml,a3d603fad3b585a1d3ec36690a04b631f8bcdf0a,CVE-2007-6013
477905329,ibojanova/BF,CWEBF/XML/cwec_v4.6.xml,a3d603fad3b585a1d3ec36690a04b631f8bcdf0a,CVE-2007-6067
477905329,ibojanova/BF,CWEBF/XML/cwec_v4.6.xml,a3d603fad3b585a1d3ec36690a04b631f8bcdf0a,CVE-2008-0306
477905329,ibojanova/BF,CWEBF/XML/cwec_v4.6.xml,a3d603fad3b585a1d3ec36690a04b631f8bcdf0a,CVE-2008-0294
477905329,ibojanova/BF,CWEBF/XML/cwec_v4.6.xml,a3d603fad3b585a1d3ec36690a04b631f8bcdf0a,CVE-2008-0174
477905329,ibojanova/BF,CWEBF/XML/cwec_v4.6.xml,a3d603fad3b585a1d3ec36690a04b631f8bcdf0a,CVE-2008-0166
477905329,ibojanova/BF,CWEBF/XML/cwec_v4.6.xml,a3d603fad3b585a1d3ec36690a04b631f8bcdf0a,CVE-2008-0162
477905329,ibojanova/BF,CWEBF/XML/cwec_v4.6.xml,a3d603fad3b585a1d3ec36690a04b631f8bcdf0a,CVE-2008-0141
477905329,ibojanova/BF,CWEBF/XML/cwec_v4.6.xml,a3d603fad3b585a1d3ec36690a04b631f8bcdf0a,CVE-2008-0128
477905329,ibojanova/BF,CWEBF/XML/cwec_v4.6.xml,a3d603fad3b585a1d3ec36690a04b631f8bcdf0a,CVE-2008-0087
477905329,ibojanova/BF,CWEBF/XML/cwec_v4.6.xml,a3d603fad3b585a1d3ec36690a04b631f8bcdf0a,CVE-2008-0081
477905329,ibojanova/BF,CWEBF/XML/cwec_v4.6.xml,a3d603fad3b585a1d3ec36690a04b631f8bcdf0a,CVE-2008-0077
477905329,ibojanova/BF,CWEBF/XML/cwec_v4.6.xml,a3d603fad3b585a1d3ec36690a04b631f8bcdf0a,CVE-2008-0063
477905329,ibojanova/BF,CWEBF/XML/cwec_v4.6.xml,a3d603fad3b585a1d3ec36690a04b631f8bcdf0a,CVE-2007-6033
477905329,ibojanova/BF,CWEBF/XML/cwec_v4.6.xml,a3d603fad3b585a1d3ec36690a04b631f8bcdf0a,CVE-2008-0062
477905329,ibojanova/BF,CWEBF/XML/cwec_v4.6.xml,a3d603fad3b585a1d3ec36690a04b631f8bcdf0a,CVE-2008-0005
477905329,ibojanova/BF,CWEBF/XML/cwec_v4.6.xml,a3d603fad3b585a1d3ec36690a04b631f8bcdf0a,CVE-2007-6755
477905329,ibojanova/BF,CWEBF/XML/cwec_v4.6.xml,a3d603fad3b585a1d3ec36690a04b631f8bcdf0a,CVE-2007-6652
477905329,ibojanova/BF,CWEBF/XML/cwec_v4.6.xml,a3d603fad3b585a1d3ec36690a04b631f8bcdf0a,CVE-2007-6644
477905329,ibojanova/BF,CWEBF/XML/cwec_v4.6.xml,a3d603fad3b585a1d3ec36690a04b631f8bcdf0a,CVE-2007-6602
477905329,ibojanova/BF,CWEBF/XML/cwec_v4.6.xml,a3d603fad3b585a1d3ec36690a04b631f8bcdf0a,CVE-2007-6599
477905329,ibojanova/BF,CWEBF/XML/cwec_v4.6.xml,a3d603fad3b585a1d3ec36690a04b631f8bcdf0a,CVE-2007-6479
477905329,ibojanova/BF,CWEBF/XML/cwec_v4.6.xml,a3d603fad3b585a1d3ec36690a04b631f8bcdf0a,CVE-2007-6382
477905329,ibojanova/BF,CWEBF/XML/cwec_v4.6.xml,a3d603fad3b585a1d3ec36690a04b631f8bcdf0a,CVE-2007-6243
477905329,ibojanova/BF,CWEBF/XML/cwec_v4.6.xml,a3d603fad3b585a1d3ec36690a04b631f8bcdf0a,CVE-2007-6197
477905329,ibojanova/BF,CWEBF/XML/cwec_v4.6.xml,a3d603fad3b585a1d3ec36690a04b631f8bcdf0a,CVE-2007-6180
477905329,ibojanova/BF,CWEBF/XML/cwec_v4.6.xml,a3d603fad3b585a1d3ec36690a04b631f8bcdf0a,CVE-2008-0058
477905329,ibojanova/BF,CWEBF/XML/cwec_v4.6.xml,a3d603fad3b585a1d3ec36690a04b631f8bcdf0a,CVE-2008-0322
477905329,ibojanova/BF,CWEBF/XML/cwec_v4.6.xml,a3d603fad3b585a1d3ec36690a04b631f8bcdf0a,CVE-2007-4268
477905329,ibojanova/BF,CWEBF/XML/cwec_v4.6.xml,a3d603fad3b585a1d3ec36690a04b631f8bcdf0a,CVE-2007-4217
477905329,ibojanova/BF,CWEBF/XML/cwec_v4.6.xml,a3d603fad3b585a1d3ec36690a04b631f8bcdf0a,CVE-2007-1588
477905329,ibojanova/BF,CWEBF/XML/cwec_v4.6.xml,a3d603fad3b585a1d3ec36690a04b631f8bcdf0a,CVE-2007-1584
477905329,ibojanova/BF,CWEBF/XML/cwec_v4.6.xml,a3d603fad3b585a1d3ec36690a04b631f8bcdf0a,CVE-2007-1552
477905329,ibojanova/BF,CWEBF/XML/cwec_v4.6.xml,a3d603fad3b585a1d3ec36690a04b631f8bcdf0a,CVE-2007-1470
477905329,ibojanova/BF,CWEBF/XML/cwec_v4.6.xml,a3d603fad3b585a1d3ec36690a04b631f8bcdf0a,CVE-2007-1409
477905329,ibojanova/BF,CWEBF/XML/cwec_v4.6.xml,a3d603fad3b585a1d3ec36690a04b631f8bcdf0a,CVE-2007-1400
477905329,ibojanova/BF,CWEBF/XML/cwec_v4.6.xml,a3d603fad3b585a1d3ec36690a04b631f8bcdf0a,CVE-2007-1383
477905329,ibojanova/BF,CWEBF/XML/cwec_v4.6.xml,a3d603fad3b585a1d3ec36690a04b631f8bcdf0a,CVE-2007-1376
477905329,ibojanova/BF,CWEBF/XML/cwec_v4.6.xml,a3d603fad3b585a1d3ec36690a04b631f8bcdf0a,CVE-2007-1343
477905329,ibojanova/BF,CWEBF/XML/cwec_v4.6.xml,a3d603fad3b585a1d3ec36690a04b631f8bcdf0a,CVE-2007-1285
477905329,ibojanova/BF,CWEBF/XML/cwec_v4.6.xml,a3d603fad3b585a1d3ec36690a04b631f8bcdf0a,CVE-2007-1253
477905329,ibojanova/BF,CWEBF/XML/cwec_v4.6.xml,a3d603fad3b585a1d3ec36690a04b631f8bcdf0a,CVE-2007-1700
477905329,ibojanova/BF,CWEBF/XML/cwec_v4.6.xml,a3d603fad3b585a1d3ec36690a04b631f8bcdf0a,CVE-2007-1225
477905329,ibojanova/BF,CWEBF/XML/cwec_v4.6.xml,a3d603fad3b585a1d3ec36690a04b631f8bcdf0a,CVE-2007-1213
477905329,ibojanova/BF,CWEBF/XML/cwec_v4.6.xml,a3d603fad3b585a1d3ec36690a04b631f8bcdf0a,CVE-2007-1211
477905329,ibojanova/BF,CWEBF/XML/cwec_v4.6.xml,a3d603fad3b585a1d3ec36690a04b631f8bcdf0a,CVE-2007-1120
477905329,ibojanova/BF,CWEBF/XML/cwec_v4.6.xml,a3d603fad3b585a1d3ec36690a04b631f8bcdf0a,CVE-2007-1112
477905329,ibojanova/BF,CWEBF/XML/cwec_v4.6.xml,a3d603fad3b585a1d3ec36690a04b631f8bcdf0a,CVE-2007-1099
477905329,ibojanova/BF,CWEBF/XML/cwec_v4.6.xml,a3d603fad3b585a1d3ec36690a04b631f8bcdf0a,CVE-2007-0897
477905329,ibojanova/BF,CWEBF/XML/cwec_v4.6.xml,a3d603fad3b585a1d3ec36690a04b631f8bcdf0a,CVE-2007-0886
477905329,ibojanova/BF,CWEBF/XML/cwec_v4.6.xml,a3d603fad3b585a1d3ec36690a04b631f8bcdf0a,CVE-2007-0882
477905329,ibojanova/BF,CWEBF/XML/cwec_v4.6.xml,a3d603fad3b585a1d3ec36690a04b631f8bcdf0a,CVE-2007-0708
477905329,ibojanova/BF,CWEBF/XML/cwec_v4.6.xml,a3d603fad3b585a1d3ec36690a04b631f8bcdf0a,CVE-2007-0681
477905329,ibojanova/BF,CWEBF/XML/cwec_v4.6.xml,a3d603fad3b585a1d3ec36690a04b631f8bcdf0a,CVE-2007-0649
477905329,ibojanova/BF,CWEBF/XML/cwec_v4.6.xml,a3d603fad3b585a1d3ec36690a04b631f8bcdf0a,CVE-2007-1220
477905329,ibojanova/BF,CWEBF/XML/cwec_v4.6.xml,a3d603fad3b585a1d3ec36690a04b631f8bcdf0a,CVE-2007-4238
477905329,ibojanova/BF,CWEBF/XML/cwec_v4.6.xml,a3d603fad3b585a1d3ec36690a04b631f8bcdf0a,CVE-2007-1716
477905329,ibojanova/BF,CWEBF/XML/cwec_v4.6.xml,a3d603fad3b585a1d3ec36690a04b631f8bcdf0a,CVE-2007-2237
477905329,ibojanova/BF,CWEBF/XML/cwec_v4.6.xml,a3d603fad3b585a1d3ec36690a04b631f8bcdf0a,CVE-2007-4150
477905329,ibojanova/BF,CWEBF/XML/cwec_v4.6.xml,a3d603fad3b585a1d3ec36690a04b631f8bcdf0a,CVE-2007-4103
477905329,ibojanova/BF,CWEBF/XML/cwec_v4.6.xml,a3d603fad3b585a1d3ec36690a04b631f8bcdf0a,CVE-2007-4072
477905329,ibojanova/BF,CWEBF/XML/cwec_v4.6.xml,a3d603fad3b585a1d3ec36690a04b631f8bcdf0a,CVE-2007-4000
477905329,ibojanova/BF,CWEBF/XML/cwec_v4.6.xml,a3d603fad3b585a1d3ec36690a04b631f8bcdf0a,CVE-2007-3970
477905329,ibojanova/BF,CWEBF/XML/cwec_v4.6.xml,a3d603fad3b585a1d3ec36690a04b631f8bcdf0a,CVE-2007-3931
477905329,ibojanova/BF,CWEBF/XML/cwec_v4.6.xml,a3d603fad3b585a1d3ec36690a04b631f8bcdf0a,CVE-2007-3798
477905329,ibojanova/BF,CWEBF/XML/cwec_v4.6.xml,a3d603fad3b585a1d3ec36690a04b631f8bcdf0a,CVE-2007-3749
477905329,ibojanova/BF,CWEBF/XML/cwec_v4.6.xml,a3d603fad3b585a1d3ec36690a04b631f8bcdf0a,CVE-2007-3730
477905329,ibojanova/BF,CWEBF/XML/cwec_v4.6.xml,a3d603fad3b585a1d3ec36690a04b631f8bcdf0a,CVE-2007-3572
477905329,ibojanova/BF,CWEBF/XML/cwec_v4.6.xml,a3d603fad3b585a1d3ec36690a04b631f8bcdf0a,CVE-2007-3528
477905329,ibojanova/BF,CWEBF/XML/cwec_v4.6.xml,a3d603fad3b585a1d3ec36690a04b631f8bcdf0a,CVE-2007-2027
477905329,ibojanova/BF,CWEBF/XML/cwec_v4.6.xml,a3d603fad3b585a1d3ec36690a04b631f8bcdf0a,CVE-2007-3468
477905329,ibojanova/BF,CWEBF/XML/cwec_v4.6.xml,a3d603fad3b585a1d3ec36690a04b631f8bcdf0a,CVE-2007-3365
477905329,ibojanova/BF,CWEBF/XML/cwec_v4.6.xml,a3d603fad3b585a1d3ec36690a04b631f8bcdf0a,CVE-2007-3268
477905329,ibojanova/BF,CWEBF/XML/cwec_v4.6.xml,a3d603fad3b585a1d3ec36690a04b631f8bcdf0a,CVE-2007-3260
477905329,ibojanova/BF,CWEBF/XML/cwec_v4.6.xml,a3d603fad3b585a1d3ec36690a04b631f8bcdf0a,CVE-2007-3012
477905329,ibojanova/BF,CWEBF/XML/cwec_v4.6.xml,a3d603fad3b585a1d3ec36690a04b631f8bcdf0a,CVE-2007-2925
477905329,ibojanova/BF,CWEBF/XML/cwec_v4.6.xml,a3d603fad3b585a1d3ec36690a04b631f8bcdf0a,CVE-2007-2728
477905329,ibojanova/BF,CWEBF/XML/cwec_v4.6.xml,a3d603fad3b585a1d3ec36690a04b631f8bcdf0a,CVE-2007-2723
477905329,ibojanova/BF,CWEBF/XML/cwec_v4.6.xml,a3d603fad3b585a1d3ec36690a04b631f8bcdf0a,CVE-2007-2713
477905329,ibojanova/BF,CWEBF/XML/cwec_v4.6.xml,a3d603fad3b585a1d3ec36690a04b631f8bcdf0a,CVE-2007-2500
477905329,ibojanova/BF,CWEBF/XML/cwec_v4.6.xml,a3d603fad3b585a1d3ec36690a04b631f8bcdf0a,CVE-2007-2442
477905329,ibojanova/BF,CWEBF/XML/cwec_v4.6.xml,a3d603fad3b585a1d3ec36690a04b631f8bcdf0a,CVE-2007-2431
477905329,ibojanova/BF,CWEBF/XML/cwec_v4.6.xml,a3d603fad3b585a1d3ec36690a04b631f8bcdf0a,CVE-2007-3409
477905329,ibojanova/BF,CWEBF/XML/cwec_v4.6.xml,a3d603fad3b585a1d3ec36690a04b631f8bcdf0a,CVE-2008-0368
477905329,ibojanova/BF,CWEBF/XML/cwec_v4.6.xml,a3d603fad3b585a1d3ec36690a04b631f8bcdf0a,CVE-2008-0374
477905329,ibojanova/BF,CWEBF/XML/cwec_v4.6.xml,a3d603fad3b585a1d3ec36690a04b631f8bcdf0a,CVE-2008-0379
477905329,ibojanova/BF,CWEBF/XML/cwec_v4.6.xml,a3d603fad3b585a1d3ec36690a04b631f8bcdf0a,CVE-2008-3812
477905329,ibojanova/BF,CWEBF/XML/cwec_v4.6.xml,a3d603fad3b585a1d3ec36690a04b631f8bcdf0a,CVE-2008-3775
477905329,ibojanova/BF,CWEBF/XML/cwec_v4.6.xml,a3d603fad3b585a1d3ec36690a04b631f8bcdf0a,CVE-2008-3773
477905329,ibojanova/BF,CWEBF/XML/cwec_v4.6.xml,a3d603fad3b585a1d3ec36690a04b631f8bcdf0a,CVE-2008-3688
477905329,ibojanova/BF,CWEBF/XML/cwec_v4.6.xml,a3d603fad3b585a1d3ec36690a04b631f8bcdf0a,CVE-2008-3680
477905329,ibojanova/BF,CWEBF/XML/cwec_v4.6.xml,a3d603fad3b585a1d3ec36690a04b631f8bcdf0a,CVE-2008-3663
477905329,ibojanova/BF,CWEBF/XML/cwec_v4.6.xml,a3d603fad3b585a1d3ec36690a04b631f8bcdf0a,CVE-2008-3662
477905329,ibojanova/BF,CWEBF/XML/cwec_v4.6.xml,a3d603fad3b585a1d3ec36690a04b631f8bcdf0a,CVE-2008-3660
477905329,ibojanova/BF,CWEBF/XML/cwec_v4.6.xml,a3d603fad3b585a1d3ec36690a04b631f8bcdf0a,CVE-2008-3637
477905329,ibojanova/BF,CWEBF/XML/cwec_v4.6.xml,a3d603fad3b585a1d3ec36690a04b631f8bcdf0a,CVE-2008-3612
477905329,ibojanova/BF,CWEBF/XML/cwec_v4.6.xml,a3d603fad3b585a1d3ec36690a04b631f8bcdf0a,CVE-2008-3597
477905329,ibojanova/BF,CWEBF/XML/cwec_v4.6.xml,a3d603fad3b585a1d3ec36690a04b631f8bcdf0a,CVE-2008-3831
477905329,ibojanova/BF,CWEBF/XML/cwec_v4.6.xml,a3d603fad3b585a1d3ec36690a04b631f8bcdf0a,CVE-2008-3571
477905329,ibojanova/BF,CWEBF/XML/cwec_v4.6.xml,a3d603fad3b585a1d3ec36690a04b631f8bcdf0a,CVE-2008-3494
477905329,ibojanova/BF,CWEBF/XML/cwec_v4.6.xml,a3d603fad3b585a1d3ec36690a04b631f8bcdf0a,CVE-2008-3485
477905329,ibojanova/BF,CWEBF/XML/cwec_v4.6.xml,a3d603fad3b585a1d3ec36690a04b631f8bcdf0a,CVE-2008-3477
477905329,ibojanova/BF,CWEBF/XML/cwec_v4.6.xml,a3d603fad3b585a1d3ec36690a04b631f8bcdf0a,CVE-2008-3475
477905329,ibojanova/BF,CWEBF/XML/cwec_v4.6.xml,a3d603fad3b585a1d3ec36690a04b631f8bcdf0a,CVE-2008-3464
477905329,ibojanova/BF,CWEBF/XML/cwec_v4.6.xml,a3d603fad3b585a1d3ec36690a04b631f8bcdf0a,CVE-2008-3438
477905329,ibojanova/BF,CWEBF/XML/cwec_v4.6.xml,a3d603fad3b585a1d3ec36690a04b631f8bcdf0a,CVE-2008-3424
477905329,ibojanova/BF,CWEBF/XML/cwec_v4.6.xml,a3d603fad3b585a1d3ec36690a04b631f8bcdf0a,CVE-2008-3324
477905329,ibojanova/BF,CWEBF/XML/cwec_v4.6.xml,a3d603fad3b585a1d3ec36690a04b631f8bcdf0a,CVE-2008-3289
477905329,ibojanova/BF,CWEBF/XML/cwec_v4.6.xml,a3d603fad3b585a1d3ec36690a04b631f8bcdf0a,CVE-2008-3282
477905329,ibojanova/BF,CWEBF/XML/cwec_v4.6.xml,a3d603fad3b585a1d3ec36690a04b631f8bcdf0a,CVE-2008-3281
477905329,ibojanova/BF,CWEBF/XML/cwec_v4.6.xml,a3d603fad3b585a1d3ec36690a04b631f8bcdf0a,CVE-2008-3525
477905329,ibojanova/BF,CWEBF/XML/cwec_v4.6.xml,a3d603fad3b585a1d3ec36690a04b631f8bcdf0a,CVE-2008-3188
477905329,ibojanova/BF,CWEBF/XML/cwec_v4.6.xml,a3d603fad3b585a1d3ec36690a04b631f8bcdf0a,CVE-2008-3843
477905329,ibojanova/BF,CWEBF/XML/cwec_v4.6.xml,a3d603fad3b585a1d3ec36690a04b631f8bcdf0a,CVE-2008-4113
477905329,ibojanova/BF,CWEBF/XML/cwec_v4.6.xml,a3d603fad3b585a1d3ec36690a04b631f8bcdf0a,CVE-2008-5038
477905329,ibojanova/BF,CWEBF/XML/cwec_v4.6.xml,a3d603fad3b585a1d3ec36690a04b631f8bcdf0a,CVE-2008-5027
477905329,ibojanova/BF,CWEBF/XML/cwec_v4.6.xml,a3d603fad3b585a1d3ec36690a04b631f8bcdf0a,CVE-2008-5021
477905329,ibojanova/BF,CWEBF/XML/cwec_v4.6.xml,a3d603fad3b585a1d3ec36690a04b631f8bcdf0a,CVE-2008-5013
477905329,ibojanova/BF,CWEBF/XML/cwec_v4.6.xml,a3d603fad3b585a1d3ec36690a04b631f8bcdf0a,CVE-2008-5005
477905329,ibojanova/BF,CWEBF/XML/cwec_v4.6.xml,a3d603fad3b585a1d3ec36690a04b631f8bcdf0a,CVE-2008-4989
477905329,ibojanova/BF,CWEBF/XML/cwec_v4.6.xml,a3d603fad3b585a1d3ec36690a04b631f8bcdf0a,CVE-2008-4929
477905329,ibojanova/BF,CWEBF/XML/cwec_v4.6.xml,a3d603fad3b585a1d3ec36690a04b631f8bcdf0a,CVE-2008-4905
477905329,ibojanova/BF,CWEBF/XML/cwec_v4.6.xml,a3d603fad3b585a1d3ec36690a04b631f8bcdf0a,CVE-2008-4822
477905329,ibojanova/BF,CWEBF/XML/cwec_v4.6.xml,a3d603fad3b585a1d3ec36690a04b631f8bcdf0a,CVE-2008-4796
477905329,ibojanova/BF,CWEBF/XML/cwec_v4.6.xml,a3d603fad3b585a1d3ec36690a04b631f8bcdf0a,CVE-2008-4752
477905329,ibojanova/BF,CWEBF/XML/cwec_v4.6.xml,a3d603fad3b585a1d3ec36690a04b631f8bcdf0a,CVE-2008-4109
477905329,ibojanova/BF,CWEBF/XML/cwec_v4.6.xml,a3d603fad3b585a1d3ec36690a04b631f8bcdf0a,CVE-2008-4730
477905329,ibojanova/BF,CWEBF/XML/cwec_v4.6.xml,a3d603fad3b585a1d3ec36690a04b631f8bcdf0a,CVE-2008-4638
477905329,ibojanova/BF,CWEBF/XML/cwec_v4.6.xml,a3d603fad3b585a1d3ec36690a04b631f8bcdf0a,CVE-2008-4636
477905329,ibojanova/BF,CWEBF/XML/cwec_v4.6.xml,a3d603fad3b585a1d3ec36690a04b631f8bcdf0a,CVE-2008-4577
477905329,ibojanova/BF,CWEBF/XML/cwec_v4.6.xml,a3d603fad3b585a1d3ec36690a04b631f8bcdf0a,CVE-2008-4558
477905329,ibojanova/BF,CWEBF/XML/cwec_v4.6.xml,a3d603fad3b585a1d3ec36690a04b631f8bcdf0a,CVE-2008-4390
477905329,ibojanova/BF,CWEBF/XML/cwec_v4.6.xml,a3d603fad3b585a1d3ec36690a04b631f8bcdf0a,CVE-2008-4315
477905329,ibojanova/BF,CWEBF/XML/cwec_v4.6.xml,a3d603fad3b585a1d3ec36690a04b631f8bcdf0a,CVE-2008-4304
477905329,ibojanova/BF,CWEBF/XML/cwec_v4.6.xml,a3d603fad3b585a1d3ec36690a04b631f8bcdf0a,CVE-2008-4302
477905329,ibojanova/BF,CWEBF/XML/cwec_v4.6.xml,a3d603fad3b585a1d3ec36690a04b631f8bcdf0a,CVE-2008-4197
477905329,ibojanova/BF,CWEBF/XML/cwec_v4.6.xml,a3d603fad3b585a1d3ec36690a04b631f8bcdf0a,CVE-2008-4122
477905329,ibojanova/BF,CWEBF/XML/cwec_v4.6.xml,a3d603fad3b585a1d3ec36690a04b631f8bcdf0a,CVE-2008-4114
477905329,ibojanova/BF,CWEBF/XML/cwec_v4.6.xml,a3d603fad3b585a1d3ec36690a04b631f8bcdf0a,CVE-2008-4679
477905329,ibojanova/BF,CWEBF/XML/cwec_v4.6.xml,a3d603fad3b585a1d3ec36690a04b631f8bcdf0a,CVE-2008-3177
477905329,ibojanova/BF,CWEBF/XML/cwec_v4.6.xml,a3d603fad3b585a1d3ec36690a04b631f8bcdf0a,CVE-2008-3174
477905329,ibojanova/BF,CWEBF/XML/cwec_v4.6.xml,a3d603fad3b585a1d3ec36690a04b631f8bcdf0a,CVE-2008-3060
477905329,ibojanova/BF,CWEBF/XML/cwec_v4.6.xml,a3d603fad3b585a1d3ec36690a04b631f8bcdf0a,CVE-2008-1700
477905329,ibojanova/BF,CWEBF/XML/cwec_v4.6.xml,a3d603fad3b585a1d3ec36690a04b631f8bcdf0a,CVE-2008-1686
477905329,ibojanova/BF,CWEBF/XML/cwec_v4.6.xml,a3d603fad3b585a1d3ec36690a04b631f8bcdf0a,CVE-2008-1685
477905329,ibojanova/BF,CWEBF/XML/cwec_v4.6.xml,a3d603fad3b585a1d3ec36690a04b631f8bcdf0a,CVE-2008-1625
477905329,ibojanova/BF,CWEBF/XML/cwec_v4.6.xml,a3d603fad3b585a1d3ec36690a04b631f8bcdf0a,CVE-2008-1579
477905329,ibojanova/BF,CWEBF/XML/cwec_v4.6.xml,a3d603fad3b585a1d3ec36690a04b631f8bcdf0a,CVE-2008-1570
477905329,ibojanova/BF,CWEBF/XML/cwec_v4.6.xml,a3d603fad3b585a1d3ec36690a04b631f8bcdf0a,CVE-2008-1567
477905329,ibojanova/BF,CWEBF/XML/cwec_v4.6.xml,a3d603fad3b585a1d3ec36690a04b631f8bcdf0a,CVE-2008-1526
477905329,ibojanova/BF,CWEBF/XML/cwec_v4.6.xml,a3d603fad3b585a1d3ec36690a04b631f8bcdf0a,CVE-2008-1440
477905329,ibojanova/BF,CWEBF/XML/cwec_v4.6.xml,a3d603fad3b585a1d3ec36690a04b631f8bcdf0a,CVE-2008-1319
477905329,ibojanova/BF,CWEBF/XML/cwec_v4.6.xml,a3d603fad3b585a1d3ec36690a04b631f8bcdf0a,CVE-2008-1303
477905329,ibojanova/BF,CWEBF/XML/cwec_v4.6.xml,a3d603fad3b585a1d3ec36690a04b631f8bcdf0a,CVE-2008-1708
477905329,ibojanova/BF,CWEBF/XML/cwec_v4.6.xml,a3d603fad3b585a1d3ec36690a04b631f8bcdf0a,CVE-2008-1284
477905329,ibojanova/BF,CWEBF/XML/cwec_v4.6.xml,a3d603fad3b585a1d3ec36690a04b631f8bcdf0a,CVE-2008-1160
477905329,ibojanova/BF,CWEBF/XML/cwec_v4.6.xml,a3d603fad3b585a1d3ec36690a04b631f8bcdf0a,CVE-2008-1052
477905329,ibojanova/BF,CWEBF/XML/cwec_v4.6.xml,a3d603fad3b585a1d3ec36690a04b631f8bcdf0a,CVE-2008-1013
477905329,ibojanova/BF,CWEBF/XML/cwec_v4.6.xml,a3d603fad3b585a1d3ec36690a04b631f8bcdf0a,CVE-2008-0977
477905329,ibojanova/BF,CWEBF/XML/cwec_v4.6.xml,a3d603fad3b585a1d3ec36690a04b631f8bcdf0a,CVE-2008-0971
477905329,ibojanova/BF,CWEBF/XML/cwec_v4.6.xml,a3d603fad3b585a1d3ec36690a04b631f8bcdf0a,CVE-2008-0961
477905329,ibojanova/BF,CWEBF/XML/cwec_v4.6.xml,a3d603fad3b585a1d3ec36690a04b631f8bcdf0a,CVE-2008-0769
477905329,ibojanova/BF,CWEBF/XML/cwec_v4.6.xml,a3d603fad3b585a1d3ec36690a04b631f8bcdf0a,CVE-2008-0757
477905329,ibojanova/BF,CWEBF/XML/cwec_v4.6.xml,a3d603fad3b585a1d3ec36690a04b631f8bcdf0a,CVE-2008-0662
477905329,ibojanova/BF,CWEBF/XML/cwec_v4.6.xml,a3d603fad3b585a1d3ec36690a04b631f8bcdf0a,CVE-2008-0600
477905329,ibojanova/BF,CWEBF/XML/cwec_v4.6.xml,a3d603fad3b585a1d3ec36690a04b631f8bcdf0a,CVE-2008-0599
477905329,ibojanova/BF,CWEBF/XML/cwec_v4.6.xml,a3d603fad3b585a1d3ec36690a04b631f8bcdf0a,CVE-2008-1203
477905329,ibojanova/BF,CWEBF/XML/cwec_v4.6.xml,a3d603fad3b585a1d3ec36690a04b631f8bcdf0a,CVE-2008-1737
477905329,ibojanova/BF,CWEBF/XML/cwec_v4.6.xml,a3d603fad3b585a1d3ec36690a04b631f8bcdf0a,CVE-2008-1738
477905329,ibojanova/BF,CWEBF/XML/cwec_v4.6.xml,a3d603fad3b585a1d3ec36690a04b631f8bcdf0a,CVE-2008-1807
477905329,ibojanova/BF,CWEBF/XML/cwec_v4.6.xml,a3d603fad3b585a1d3ec36690a04b631f8bcdf0a,CVE-2008-2958
477905329,ibojanova/BF,CWEBF/XML/cwec_v4.6.xml,a3d603fad3b585a1d3ec36690a04b631f8bcdf0a,CVE-2008-2951
477905329,ibojanova/BF,CWEBF/XML/cwec_v4.6.xml,a3d603fad3b585a1d3ec36690a04b631f8bcdf0a,CVE-2008-2934
477905329,ibojanova/BF,CWEBF/XML/cwec_v4.6.xml,a3d603fad3b585a1d3ec36690a04b631f8bcdf0a,CVE-2008-2790
477905329,ibojanova/BF,CWEBF/XML/cwec_v4.6.xml,a3d603fad3b585a1d3ec36690a04b631f8bcdf0a,CVE-2008-2785
477905329,ibojanova/BF,CWEBF/XML/cwec_v4.6.xml,a3d603fad3b585a1d3ec36690a04b631f8bcdf0a,CVE-2008-2613
477905329,ibojanova/BF,CWEBF/XML/cwec_v4.6.xml,a3d603fad3b585a1d3ec36690a04b631f8bcdf0a,CVE-2008-2575
477905329,ibojanova/BF,CWEBF/XML/cwec_v4.6.xml,a3d603fad3b585a1d3ec36690a04b631f8bcdf0a,CVE-2008-2516
477905329,ibojanova/BF,CWEBF/XML/cwec_v4.6.xml,a3d603fad3b585a1d3ec36690a04b631f8bcdf0a,CVE-2008-2433
477905329,ibojanova/BF,CWEBF/XML/cwec_v4.6.xml,a3d603fad3b585a1d3ec36690a04b631f8bcdf0a,CVE-2008-2380
477905329,ibojanova/BF,CWEBF/XML/cwec_v4.6.xml,a3d603fad3b585a1d3ec36690a04b631f8bcdf0a,CVE-2008-2374
477905329,ibojanova/BF,CWEBF/XML/cwec_v4.6.xml,a3d603fad3b585a1d3ec36690a04b631f8bcdf0a,CVE-2008-2369
477905329,ibojanova/BF,CWEBF/XML/cwec_v4.6.xml,a3d603fad3b585a1d3ec36690a04b631f8bcdf0a,CVE-2008-2309
477905329,ibojanova/BF,CWEBF/XML/cwec_v4.6.xml,a3d603fad3b585a1d3ec36690a04b631f8bcdf0a,CVE-2008-2252
477905329,ibojanova/BF,CWEBF/XML/cwec_v4.6.xml,a3d603fad3b585a1d3ec36690a04b631f8bcdf0a,CVE-2008-2223
477905329,ibojanova/BF,CWEBF/XML/cwec_v4.6.xml,a3d603fad3b585a1d3ec36690a04b631f8bcdf0a,CVE-2008-2136
477905329,ibojanova/BF,CWEBF/XML/cwec_v4.6.xml,a3d603fad3b585a1d3ec36690a04b631f8bcdf0a,CVE-2008-2122
477905329,ibojanova/BF,CWEBF/XML/cwec_v4.6.xml,a3d603fad3b585a1d3ec36690a04b631f8bcdf0a,CVE-2008-2121
477905329,ibojanova/BF,CWEBF/XML/cwec_v4.6.xml,a3d603fad3b585a1d3ec36690a04b631f8bcdf0a,CVE-2008-2108
477905329,ibojanova/BF,CWEBF/XML/cwec_v4.6.xml,a3d603fad3b585a1d3ec36690a04b631f8bcdf0a,CVE-2008-2052
477905329,ibojanova/BF,CWEBF/XML/cwec_v4.6.xml,a3d603fad3b585a1d3ec36690a04b631f8bcdf0a,CVE-2008-2049
477905329,ibojanova/BF,CWEBF/XML/cwec_v4.6.xml,a3d603fad3b585a1d3ec36690a04b631f8bcdf0a,CVE-2008-2020
477905329,ibojanova/BF,CWEBF/XML/cwec_v4.6.xml,a3d603fad3b585a1d3ec36690a04b631f8bcdf0a,CVE-2008-2018
477905329,ibojanova/BF,CWEBF/XML/cwec_v4.6.xml,a3d603fad3b585a1d3ec36690a04b631f8bcdf0a,CVE-2008-1877
477905329,ibojanova/BF,CWEBF/XML/cwec_v4.6.xml,a3d603fad3b585a1d3ec36690a04b631f8bcdf0a,CVE-2008-1810
477905329,ibojanova/BF,CWEBF/XML/cwec_v4.6.xml,a3d603fad3b585a1d3ec36690a04b631f8bcdf0a,CVE-2007-0617
477905329,ibojanova/BF,CWEBF/XML/cwec_v4.6.xml,a3d603fad3b585a1d3ec36690a04b631f8bcdf0a,CVE-2007-0421
477905329,ibojanova/BF,CWEBF/XML/cwec_v4.6.xml,a3d603fad3b585a1d3ec36690a04b631f8bcdf0a,CVE-2007-0408
477905329,ibojanova/BF,CWEBF/XML/cwec_v4.6.xml,a3d603fad3b585a1d3ec36690a04b631f8bcdf0a,CVE-2007-0321
477905329,ibojanova/BF,CWEBF/XML/cwec_v4.6.xml,a3d603fad3b585a1d3ec36690a04b631f8bcdf0a,CVE-2005-2946
477905329,ibojanova/BF,CWEBF/XML/cwec_v4.6.xml,a3d603fad3b585a1d3ec36690a04b631f8bcdf0a,CVE-2005-2938
477905329,ibojanova/BF,CWEBF/XML/cwec_v4.6.xml,a3d603fad3b585a1d3ec36690a04b631f8bcdf0a,CVE-2005-2933
477905329,ibojanova/BF,CWEBF/XML/cwec_v4.6.xml,a3d603fad3b585a1d3ec36690a04b631f8bcdf0a,CVE-2005-2875
477905329,ibojanova/BF,CWEBF/XML/cwec_v4.6.xml,a3d603fad3b585a1d3ec36690a04b631f8bcdf0a,CVE-2005-2837
477905329,ibojanova/BF,CWEBF/XML/cwec_v4.6.xml,a3d603fad3b585a1d3ec36690a04b631f8bcdf0a,CVE-2005-2801
477905329,ibojanova/BF,CWEBF/XML/cwec_v4.6.xml,a3d603fad3b585a1d3ec36690a04b631f8bcdf0a,CVE-2005-2782
477905329,ibojanova/BF,CWEBF/XML/cwec_v4.6.xml,a3d603fad3b585a1d3ec36690a04b631f8bcdf0a,CVE-2005-2753
477905329,ibojanova/BF,CWEBF/XML/cwec_v4.6.xml,a3d603fad3b585a1d3ec36690a04b631f8bcdf0a,CVE-2005-2741
477905329,ibojanova/BF,CWEBF/XML/cwec_v4.6.xml,a3d603fad3b585a1d3ec36690a04b631f8bcdf0a,CVE-2005-2553
477905329,ibojanova/BF,CWEBF/XML/cwec_v4.6.xml,a3d603fad3b585a1d3ec36690a04b631f8bcdf0a,CVE-2005-2548
477905329,ibojanova/BF,CWEBF/XML/cwec_v4.6.xml,a3d603fad3b585a1d3ec36690a04b631f8bcdf0a,CVE-2005-2959
477905329,ibojanova/BF,CWEBF/XML/cwec_v4.6.xml,a3d603fad3b585a1d3ec36690a04b631f8bcdf0a,CVE-2005-2526
477905329,ibojanova/BF,CWEBF/XML/cwec_v4.6.xml,a3d603fad3b585a1d3ec36690a04b631f8bcdf0a,CVE-2005-2498
477905329,ibojanova/BF,CWEBF/XML/cwec_v4.6.xml,a3d603fad3b585a1d3ec36690a04b631f8bcdf0a,CVE-2005-2496
477905329,ibojanova/BF,CWEBF/XML/cwec_v4.6.xml,a3d603fad3b585a1d3ec36690a04b631f8bcdf0a,CVE-2005-2475
477905329,ibojanova/BF,CWEBF/XML/cwec_v4.6.xml,a3d603fad3b585a1d3ec36690a04b631f8bcdf0a,CVE-2005-2459
477905329,ibojanova/BF,CWEBF/XML/cwec_v4.6.xml,a3d603fad3b585a1d3ec36690a04b631f8bcdf0a,CVE-2005-2456
477905329,ibojanova/BF,CWEBF/XML/cwec_v4.6.xml,a3d603fad3b585a1d3ec36690a04b631f8bcdf0a,CVE-2005-2428
477905329,ibojanova/BF,CWEBF/XML/cwec_v4.6.xml,a3d603fad3b585a1d3ec36690a04b631f8bcdf0a,CVE-2005-2314
477905329,ibojanova/BF,CWEBF/XML/cwec_v4.6.xml,a3d603fad3b585a1d3ec36690a04b631f8bcdf0a,CVE-2005-2301
477905329,ibojanova/BF,CWEBF/XML/cwec_v4.6.xml,a3d603fad3b585a1d3ec36690a04b631f8bcdf0a,CVE-2005-2298
477905329,ibojanova/BF,CWEBF/XML/cwec_v4.6.xml,a3d603fad3b585a1d3ec36690a04b631f8bcdf0a,CVE-2005-2293
477905329,ibojanova/BF,CWEBF/XML/cwec_v4.6.xml,a3d603fad3b585a1d3ec36690a04b631f8bcdf0a,CVE-2005-2291
477905329,ibojanova/BF,CWEBF/XML/cwec_v4.6.xml,a3d603fad3b585a1d3ec36690a04b631f8bcdf0a,CVE-2005-2506
477905329,ibojanova/BF,CWEBF/XML/cwec_v4.6.xml,a3d603fad3b585a1d3ec36690a04b631f8bcdf0a,CVE-2005-2281
477905329,ibojanova/BF,CWEBF/XML/cwec_v4.6.xml,a3d603fad3b585a1d3ec36690a04b631f8bcdf0a,CVE-2005-2969
477905329,ibojanova/BF,CWEBF/XML/cwec_v4.6.xml,a3d603fad3b585a1d3ec36690a04b631f8bcdf0a,CVE-2005-3106
477905329,ibojanova/BF,CWEBF/XML/cwec_v4.6.xml,a3d603fad3b585a1d3ec36690a04b631f8bcdf0a,CVE-2005-3420
477905329,ibojanova/BF,CWEBF/XML/cwec_v4.6.xml,a3d603fad3b585a1d3ec36690a04b631f8bcdf0a,CVE-2005-3335
477905329,ibojanova/BF,CWEBF/XML/cwec_v4.6.xml,a3d603fad3b585a1d3ec36690a04b631f8bcdf0a,CVE-2005-3327
477905329,ibojanova/BF,CWEBF/XML/cwec_v4.6.xml,a3d603fad3b585a1d3ec36690a04b631f8bcdf0a,CVE-2005-3310
477905329,ibojanova/BF,CWEBF/XML/cwec_v4.6.xml,a3d603fad3b585a1d3ec36690a04b631f8bcdf0a,CVE-2005-3302
477905329,ibojanova/BF,CWEBF/XML/cwec_v4.6.xml,a3d603fad3b585a1d3ec36690a04b631f8bcdf0a,CVE-2005-3296
477905329,ibojanova/BF,CWEBF/XML/cwec_v4.6.xml,a3d603fad3b585a1d3ec36690a04b631f8bcdf0a,CVE-2005-3293
477905329,ibojanova/BF,CWEBF/XML/cwec_v4.6.xml,a3d603fad3b585a1d3ec36690a04b631f8bcdf0a,CVE-2005-3288
477905329,ibojanova/BF,CWEBF/XML/cwec_v4.6.xml,a3d603fad3b585a1d3ec36690a04b631f8bcdf0a,CVE-2005-3287
477905329,ibojanova/BF,CWEBF/XML/cwec_v4.6.xml,a3d603fad3b585a1d3ec36690a04b631f8bcdf0a,CVE-2005-3286
477905329,ibojanova/BF,CWEBF/XML/cwec_v4.6.xml,a3d603fad3b585a1d3ec36690a04b631f8bcdf0a,CVE-2005-3276
477905329,ibojanova/BF,CWEBF/XML/cwec_v4.6.xml,a3d603fad3b585a1d3ec36690a04b631f8bcdf0a,CVE-2005-2978
477905329,ibojanova/BF,CWEBF/XML/cwec_v4.6.xml,a3d603fad3b585a1d3ec36690a04b631f8bcdf0a,CVE-2005-3274
477905329,ibojanova/BF,CWEBF/XML/cwec_v4.6.xml,a3d603fad3b585a1d3ec36690a04b631f8bcdf0a,CVE-2005-3184
477905329,ibojanova/BF,CWEBF/XML/cwec_v4.6.xml,a3d603fad3b585a1d3ec36690a04b631f8bcdf0a,CVE-2005-3181
477905329,ibojanova/BF,CWEBF/XML/cwec_v4.6.xml,a3d603fad3b585a1d3ec36690a04b631f8bcdf0a,CVE-2005-3180
477905329,ibojanova/BF,CWEBF/XML/cwec_v4.6.xml,a3d603fad3b585a1d3ec36690a04b631f8bcdf0a,CVE-2005-3177
477905329,ibojanova/BF,CWEBF/XML/cwec_v4.6.xml,a3d603fad3b585a1d3ec36690a04b631f8bcdf0a,CVE-2005-3170
477905329,ibojanova/BF,CWEBF/XML/cwec_v4.6.xml,a3d603fad3b585a1d3ec36690a04b631f8bcdf0a,CVE-2005-3153
477905329,ibojanova/BF,CWEBF/XML/cwec_v4.6.xml,a3d603fad3b585a1d3ec36690a04b631f8bcdf0a,CVE-2005-3148
477905329,ibojanova/BF,CWEBF/XML/cwec_v4.6.xml,a3d603fad3b585a1d3ec36690a04b631f8bcdf0a,CVE-2005-3140
477905329,ibojanova/BF,CWEBF/XML/cwec_v4.6.xml,a3d603fad3b585a1d3ec36690a04b631f8bcdf0a,CVE-2005-3123
477905329,ibojanova/BF,CWEBF/XML/cwec_v4.6.xml,a3d603fad3b585a1d3ec36690a04b631f8bcdf0a,CVE-2005-3120
477905329,ibojanova/BF,CWEBF/XML/cwec_v4.6.xml,a3d603fad3b585a1d3ec36690a04b631f8bcdf0a,CVE-2005-3119
477905329,ibojanova/BF,CWEBF/XML/cwec_v4.6.xml,a3d603fad3b585a1d3ec36690a04b631f8bcdf0a,CVE-2005-3265
477905329,ibojanova/BF,CWEBF/XML/cwec_v4.6.xml,a3d603fad3b585a1d3ec36690a04b631f8bcdf0a,CVE-2005-2276
477905329,ibojanova/BF,CWEBF/XML/cwec_v4.6.xml,a3d603fad3b585a1d3ec36690a04b631f8bcdf0a,CVE-2005-2274
477905329,ibojanova/BF,CWEBF/XML/cwec_v4.6.xml,a3d603fad3b585a1d3ec36690a04b631f8bcdf0a,CVE-2005-2273
477905329,ibojanova/BF,CWEBF/XML/cwec_v4.6.xml,a3d603fad3b585a1d3ec36690a04b631f8bcdf0a,CVE-2005-2093
477905329,ibojanova/BF,CWEBF/XML/cwec_v4.6.xml,a3d603fad3b585a1d3ec36690a04b631f8bcdf0a,CVE-2005-2092
477905329,ibojanova/BF,CWEBF/XML/cwec_v4.6.xml,a3d603fad3b585a1d3ec36690a04b631f8bcdf0a,CVE-2005-2091
477905329,ibojanova/BF,CWEBF/XML/cwec_v4.6.xml,a3d603fad3b585a1d3ec36690a04b631f8bcdf0a,CVE-2005-2090
477905329,ibojanova/BF,CWEBF/XML/cwec_v4.6.xml,a3d603fad3b585a1d3ec36690a04b631f8bcdf0a,CVE-2005-2089
477905329,ibojanova/BF,CWEBF/XML/cwec_v4.6.xml,a3d603fad3b585a1d3ec36690a04b631f8bcdf0a,CVE-2005-2088
477905329,ibojanova/BF,CWEBF/XML/cwec_v4.6.xml,a3d603fad3b585a1d3ec36690a04b631f8bcdf0a,CVE-2005-2086
477905329,ibojanova/BF,CWEBF/XML/cwec_v4.6.xml,a3d603fad3b585a1d3ec36690a04b631f8bcdf0a,CVE-2005-2072
477905329,ibojanova/BF,CWEBF/XML/cwec_v4.6.xml,a3d603fad3b585a1d3ec36690a04b631f8bcdf0a,CVE-2005-2065
477905329,ibojanova/BF,CWEBF/XML/cwec_v4.6.xml,a3d603fad3b585a1d3ec36690a04b631f8bcdf0a,CVE-2005-2061
477905329,ibojanova/BF,CWEBF/XML/cwec_v4.6.xml,a3d603fad3b585a1d3ec36690a04b631f8bcdf0a,CVE-2005-2060
477905329,ibojanova/BF,CWEBF/XML/cwec_v4.6.xml,a3d603fad3b585a1d3ec36690a04b631f8bcdf0a,CVE-2005-2094
477905329,ibojanova/BF,CWEBF/XML/cwec_v4.6.xml,a3d603fad3b585a1d3ec36690a04b631f8bcdf0a,CVE-2005-2059
477905329,ibojanova/BF,CWEBF/XML/cwec_v4.6.xml,a3d603fad3b585a1d3ec36690a04b631f8bcdf0a,CVE-2005-2029
477905329,ibojanova/BF,CWEBF/XML/cwec_v4.6.xml,a3d603fad3b585a1d3ec36690a04b631f8bcdf0a,CVE-2005-2027
477905329,ibojanova/BF,CWEBF/XML/cwec_v4.6.xml,a3d603fad3b585a1d3ec36690a04b631f8bcdf0a,CVE-2005-2025
477905329,ibojanova/BF,CWEBF/XML/cwec_v4.6.xml,a3d603fad3b585a1d3ec36690a04b631f8bcdf0a,CVE-2005-2008
477905329,ibojanova/BF,CWEBF/XML/cwec_v4.6.xml,a3d603fad3b585a1d3ec36690a04b631f8bcdf0a,CVE-2005-1973
477905329,ibojanova/BF,CWEBF/XML/cwec_v4.6.xml,a3d603fad3b585a1d3ec36690a04b631f8bcdf0a,CVE-2005-1971
477905329,ibojanova/BF,CWEBF/XML/cwec_v4.6.xml,a3d603fad3b585a1d3ec36690a04b631f8bcdf0a,CVE-2005-1969
477905329,ibojanova/BF,CWEBF/XML/cwec_v4.6.xml,a3d603fad3b585a1d3ec36690a04b631f8bcdf0a,CVE-2005-1964
477905329,ibojanova/BF,CWEBF/XML/cwec_v4.6.xml,a3d603fad3b585a1d3ec36690a04b631f8bcdf0a,CVE-2005-1951
477905329,ibojanova/BF,CWEBF/XML/cwec_v4.6.xml,a3d603fad3b585a1d3ec36690a04b631f8bcdf0a,CVE-2005-1949
477905329,ibojanova/BF,CWEBF/XML/cwec_v4.6.xml,a3d603fad3b585a1d3ec36690a04b631f8bcdf0a,CVE-2005-1947
477905329,ibojanova/BF,CWEBF/XML/cwec_v4.6.xml,a3d603fad3b585a1d3ec36690a04b631f8bcdf0a,CVE-2005-2053
477905329,ibojanova/BF,CWEBF/XML/cwec_v4.6.xml,a3d603fad3b585a1d3ec36690a04b631f8bcdf0a,CVE-2005-2103
477905329,ibojanova/BF,CWEBF/XML/cwec_v4.6.xml,a3d603fad3b585a1d3ec36690a04b631f8bcdf0a,CVE-2005-2109
477905329,ibojanova/BF,CWEBF/XML/cwec_v4.6.xml,a3d603fad3b585a1d3ec36690a04b631f8bcdf0a,CVE-2005-2142
477905329,ibojanova/BF,CWEBF/XML/cwec_v4.6.xml,a3d603fad3b585a1d3ec36690a04b631f8bcdf0a,CVE-2005-2272
477905329,ibojanova/BF,CWEBF/XML/cwec_v4.6.xml,a3d603fad3b585a1d3ec36690a04b631f8bcdf0a,CVE-2005-2271
477905329,ibojanova/BF,CWEBF/XML/cwec_v4.6.xml,a3d603fad3b585a1d3ec36690a04b631f8bcdf0a,CVE-2005-2263
477905329,ibojanova/BF,CWEBF/XML/cwec_v4.6.xml,a3d603fad3b585a1d3ec36690a04b631f8bcdf0a,CVE-2005-2260
477905329,ibojanova/BF,CWEBF/XML/cwec_v4.6.xml,a3d603fad3b585a1d3ec36690a04b631f8bcdf0a,CVE-2005-2256
477905329,ibojanova/BF,CWEBF/XML/cwec_v4.6.xml,a3d603fad3b585a1d3ec36690a04b631f8bcdf0a,CVE-2005-2227
477905329,ibojanova/BF,CWEBF/XML/cwec_v4.6.xml,a3d603fad3b585a1d3ec36690a04b631f8bcdf0a,CVE-2005-2225
477905329,ibojanova/BF,CWEBF/XML/cwec_v4.6.xml,a3d603fad3b585a1d3ec36690a04b631f8bcdf0a,CVE-2005-2217
477905329,ibojanova/BF,CWEBF/XML/cwec_v4.6.xml,a3d603fad3b585a1d3ec36690a04b631f8bcdf0a,CVE-2005-2209
477905329,ibojanova/BF,CWEBF/XML/cwec_v4.6.xml,a3d603fad3b585a1d3ec36690a04b631f8bcdf0a,CVE-2005-2198
477905329,ibojanova/BF,CWEBF/XML/cwec_v4.6.xml,a3d603fad3b585a1d3ec36690a04b631f8bcdf0a,CVE-2005-2195
477905329,ibojanova/BF,CWEBF/XML/cwec_v4.6.xml,a3d603fad3b585a1d3ec36690a04b631f8bcdf0a,CVE-2005-2193
477905329,ibojanova/BF,CWEBF/XML/cwec_v4.6.xml,a3d603fad3b585a1d3ec36690a04b631f8bcdf0a,CVE-2005-2188
477905329,ibojanova/BF,CWEBF/XML/cwec_v4.6.xml,a3d603fad3b585a1d3ec36690a04b631f8bcdf0a,CVE-2005-2184
477905329,ibojanova/BF,CWEBF/XML/cwec_v4.6.xml,a3d603fad3b585a1d3ec36690a04b631f8bcdf0a,CVE-2005-2182
477905329,ibojanova/BF,CWEBF/XML/cwec_v4.6.xml,a3d603fad3b585a1d3ec36690a04b631f8bcdf0a,CVE-2005-2181
477905329,ibojanova/BF,CWEBF/XML/cwec_v4.6.xml,a3d603fad3b585a1d3ec36690a04b631f8bcdf0a,CVE-2005-2174
477905329,ibojanova/BF,CWEBF/XML/cwec_v4.6.xml,a3d603fad3b585a1d3ec36690a04b631f8bcdf0a,CVE-2005-2173
477905329,ibojanova/BF,CWEBF/XML/cwec_v4.6.xml,a3d603fad3b585a1d3ec36690a04b631f8bcdf0a,CVE-2005-2169
477905329,ibojanova/BF,CWEBF/XML/cwec_v4.6.xml,a3d603fad3b585a1d3ec36690a04b631f8bcdf0a,CVE-2005-2162
477905329,ibojanova/BF,CWEBF/XML/cwec_v4.6.xml,a3d603fad3b585a1d3ec36690a04b631f8bcdf0a,CVE-2005-2160
477905329,ibojanova/BF,CWEBF/XML/cwec_v4.6.xml,a3d603fad3b585a1d3ec36690a04b631f8bcdf0a,CVE-2005-2157
477905329,ibojanova/BF,CWEBF/XML/cwec_v4.6.xml,a3d603fad3b585a1d3ec36690a04b631f8bcdf0a,CVE-2005-2154
477905329,ibojanova/BF,CWEBF/XML/cwec_v4.6.xml,a3d603fad3b585a1d3ec36690a04b631f8bcdf0a,CVE-2005-2148
477905329,ibojanova/BF,CWEBF/XML/cwec_v4.6.xml,a3d603fad3b585a1d3ec36690a04b631f8bcdf0a,CVE-2005-2147
477905329,ibojanova/BF,CWEBF/XML/cwec_v4.6.xml,a3d603fad3b585a1d3ec36690a04b631f8bcdf0a,CVE-2005-3435
477905329,ibojanova/BF,CWEBF/XML/cwec_v4.6.xml,a3d603fad3b585a1d3ec36690a04b631f8bcdf0a,CVE-2008-5044
477905329,ibojanova/BF,CWEBF/XML/cwec_v4.6.xml,a3d603fad3b585a1d3ec36690a04b631f8bcdf0a,CVE-2005-3623
477905329,ibojanova/BF,CWEBF/XML/cwec_v4.6.xml,a3d603fad3b585a1d3ec36690a04b631f8bcdf0a,CVE-2005-3803
477905329,ibojanova/BF,CWEBF/XML/cwec_v4.6.xml,a3d603fad3b585a1d3ec36690a04b631f8bcdf0a,CVE-2006-6143
477905329,ibojanova/BF,CWEBF/XML/cwec_v4.6.xml,a3d603fad3b585a1d3ec36690a04b631f8bcdf0a,CVE-2006-5779
477905329,ibojanova/BF,CWEBF/XML/cwec_v4.6.xml,a3d603fad3b585a1d3ec36690a04b631f8bcdf0a,CVE-2006-5525
477905329,ibojanova/BF,CWEBF/XML/cwec_v4.6.xml,a3d603fad3b585a1d3ec36690a04b631f8bcdf0a,CVE-2006-5462
477905329,ibojanova/BF,CWEBF/XML/cwec_v4.6.xml,a3d603fad3b585a1d3ec36690a04b631f8bcdf0a,CVE-2006-5397
477905329,ibojanova/BF,CWEBF/XML/cwec_v4.6.xml,a3d603fad3b585a1d3ec36690a04b631f8bcdf0a,CVE-2006-5214
477905329,ibojanova/BF,CWEBF/XML/cwec_v4.6.xml,a3d603fad3b585a1d3ec36690a04b631f8bcdf0a,CVE-2006-5158
477905329,ibojanova/BF,CWEBF/XML/cwec_v4.6.xml,a3d603fad3b585a1d3ec36690a04b631f8bcdf0a,CVE-2006-5051
477905329,ibojanova/BF,CWEBF/XML/cwec_v4.6.xml,a3d603fad3b585a1d3ec36690a04b631f8bcdf0a,CVE-2006-4997
477905329,ibojanova/BF,CWEBF/XML/cwec_v4.6.xml,a3d603fad3b585a1d3ec36690a04b631f8bcdf0a,CVE-2006-4926
477905329,ibojanova/BF,CWEBF/XML/cwec_v4.6.xml,a3d603fad3b585a1d3ec36690a04b631f8bcdf0a,CVE-2006-4904
477905329,ibojanova/BF,CWEBF/XML/cwec_v4.6.xml,a3d603fad3b585a1d3ec36690a04b631f8bcdf0a,CVE-2006-6171
477905329,ibojanova/BF,CWEBF/XML/cwec_v4.6.xml,a3d603fad3b585a1d3ec36690a04b631f8bcdf0a,CVE-2006-4692
477905329,ibojanova/BF,CWEBF/XML/cwec_v4.6.xml,a3d603fad3b585a1d3ec36690a04b631f8bcdf0a,CVE-2006-4574
477905329,ibojanova/BF,CWEBF/XML/cwec_v4.6.xml,a3d603fad3b585a1d3ec36690a04b631f8bcdf0a,CVE-2006-4558
477905329,ibojanova/BF,CWEBF/XML/cwec_v4.6.xml,a3d603fad3b585a1d3ec36690a04b631f8bcdf0a,CVE-2006-4541
477905329,ibojanova/BF,CWEBF/XML/cwec_v4.6.xml,a3d603fad3b585a1d3ec36690a04b631f8bcdf0a,CVE-2006-4527
477905329,ibojanova/BF,CWEBF/XML/cwec_v4.6.xml,a3d603fad3b585a1d3ec36690a04b631f8bcdf0a,CVE-2006-4447
477905329,ibojanova/BF,CWEBF/XML/cwec_v4.6.xml,a3d603fad3b585a1d3ec36690a04b631f8bcdf0a,CVE-2006-4434
477905329,ibojanova/BF,CWEBF/XML/cwec_v4.6.xml,a3d603fad3b585a1d3ec36690a04b631f8bcdf0a,CVE-2006-4410
477905329,ibojanova/BF,CWEBF/XML/cwec_v4.6.xml,a3d603fad3b585a1d3ec36690a04b631f8bcdf0a,CVE-2006-4409
477905329,ibojanova/BF,CWEBF/XML/cwec_v4.6.xml,a3d603fad3b585a1d3ec36690a04b631f8bcdf0a,CVE-2006-4407
477905329,ibojanova/BF,CWEBF/XML/cwec_v4.6.xml,a3d603fad3b585a1d3ec36690a04b631f8bcdf0a,CVE-2006-4342
477905329,ibojanova/BF,CWEBF/XML/cwec_v4.6.xml,a3d603fad3b585a1d3ec36690a04b631f8bcdf0a,CVE-2006-4339
477905329,ibojanova/BF,CWEBF/XML/cwec_v4.6.xml,a3d603fad3b585a1d3ec36690a04b631f8bcdf0a,CVE-2006-4624
477905329,ibojanova/BF,CWEBF/XML/cwec_v4.6.xml,a3d603fad3b585a1d3ec36690a04b631f8bcdf0a,CVE-2006-4308
477905329,ibojanova/BF,CWEBF/XML/cwec_v4.6.xml,a3d603fad3b585a1d3ec36690a04b631f8bcdf0a,CVE-2006-6227
477905329,ibojanova/BF,CWEBF/XML/cwec_v4.6.xml,a3d603fad3b585a1d3ec36690a04b631f8bcdf0a,CVE-2006-6510
477905329,ibojanova/BF,CWEBF/XML/cwec_v4.6.xml,a3d603fad3b585a1d3ec36690a04b631f8bcdf0a,CVE-2007-0219
477905329,ibojanova/BF,CWEBF/XML/cwec_v4.6.xml,a3d603fad3b585a1d3ec36690a04b631f8bcdf0a,CVE-2007-0164
477905329,ibojanova/BF,CWEBF/XML/cwec_v4.6.xml,a3d603fad3b585a1d3ec36690a04b631f8bcdf0a,CVE-2007-0163
477905329,ibojanova/BF,CWEBF/XML/cwec_v4.6.xml,a3d603fad3b585a1d3ec36690a04b631f8bcdf0a,CVE-2007-0100
477905329,ibojanova/BF,CWEBF/XML/cwec_v4.6.xml,a3d603fad3b585a1d3ec36690a04b631f8bcdf0a,CVE-2006-7191
477905329,ibojanova/BF,CWEBF/XML/cwec_v4.6.xml,a3d603fad3b585a1d3ec36690a04b631f8bcdf0a,CVE-2006-7160
477905329,ibojanova/BF,CWEBF/XML/cwec_v4.6.xml,a3d603fad3b585a1d3ec36690a04b631f8bcdf0a,CVE-2006-7142
477905329,ibojanova/BF,CWEBF/XML/cwec_v4.6.xml,a3d603fad3b585a1d3ec36690a04b631f8bcdf0a,CVE-2006-7140
477905329,ibojanova/BF,CWEBF/XML/cwec_v4.6.xml,a3d603fad3b585a1d3ec36690a04b631f8bcdf0a,CVE-2006-7135
477905329,ibojanova/BF,CWEBF/XML/cwec_v4.6.xml,a3d603fad3b585a1d3ec36690a04b631f8bcdf0a,CVE-2006-7079
477905329,ibojanova/BF,CWEBF/XML/cwec_v4.6.xml,a3d603fad3b585a1d3ec36690a04b631f8bcdf0a,CVE-2006-7049
477905329,ibojanova/BF,CWEBF/XML/cwec_v4.6.xml,a3d603fad3b585a1d3ec36690a04b631f8bcdf0a,CVE-2006-6499
477905329,ibojanova/BF,CWEBF/XML/cwec_v4.6.xml,a3d603fad3b585a1d3ec36690a04b631f8bcdf0a,CVE-2006-6994
477905329,ibojanova/BF,CWEBF/XML/cwec_v4.6.xml,a3d603fad3b585a1d3ec36690a04b631f8bcdf0a,CVE-2006-6870
477905329,ibojanova/BF,CWEBF/XML/cwec_v4.6.xml,a3d603fad3b585a1d3ec36690a04b631f8bcdf0a,CVE-2006-6838
477905329,ibojanova/BF,CWEBF/XML/cwec_v4.6.xml,a3d603fad3b585a1d3ec36690a04b631f8bcdf0a,CVE-2006-6811
477905329,ibojanova/BF,CWEBF/XML/cwec_v4.6.xml,a3d603fad3b585a1d3ec36690a04b631f8bcdf0a,CVE-2006-6767
477905329,ibojanova/BF,CWEBF/XML/cwec_v4.6.xml,a3d603fad3b585a1d3ec36690a04b631f8bcdf0a,CVE-2006-6679
477905329,ibojanova/BF,CWEBF/XML/cwec_v4.6.xml,a3d603fad3b585a1d3ec36690a04b631f8bcdf0a,CVE-2006-6661
477905329,ibojanova/BF,CWEBF/XML/cwec_v4.6.xml,a3d603fad3b585a1d3ec36690a04b631f8bcdf0a,CVE-2006-6658
477905329,ibojanova/BF,CWEBF/XML/cwec_v4.6.xml,a3d603fad3b585a1d3ec36690a04b631f8bcdf0a,CVE-2006-6629
477905329,ibojanova/BF,CWEBF/XML/cwec_v4.6.xml,a3d603fad3b585a1d3ec36690a04b631f8bcdf0a,CVE-2006-6597
477905329,ibojanova/BF,CWEBF/XML/cwec_v4.6.xml,a3d603fad3b585a1d3ec36690a04b631f8bcdf0a,CVE-2006-6588
477905329,ibojanova/BF,CWEBF/XML/cwec_v4.6.xml,a3d603fad3b585a1d3ec36690a04b631f8bcdf0a,CVE-2006-6511
477905329,ibojanova/BF,CWEBF/XML/cwec_v4.6.xml,a3d603fad3b585a1d3ec36690a04b631f8bcdf0a,CVE-2006-6931
477905329,ibojanova/BF,CWEBF/XML/cwec_v4.6.xml,a3d603fad3b585a1d3ec36690a04b631f8bcdf0a,CVE-2006-4302
477905329,ibojanova/BF,CWEBF/XML/cwec_v4.6.xml,a3d603fad3b585a1d3ec36690a04b631f8bcdf0a,CVE-2006-4175
477905329,ibojanova/BF,CWEBF/XML/cwec_v4.6.xml,a3d603fad3b585a1d3ec36690a04b631f8bcdf0a,CVE-2006-4095
477905329,ibojanova/BF,CWEBF/XML/cwec_v4.6.xml,a3d603fad3b585a1d3ec36690a04b631f8bcdf0a,CVE-2006-2056
477905329,ibojanova/BF,CWEBF/XML/cwec_v4.6.xml,a3d603fad3b585a1d3ec36690a04b631f8bcdf0a,CVE-2006-1902
477905329,ibojanova/BF,CWEBF/XML/cwec_v4.6.xml,a3d603fad3b585a1d3ec36690a04b631f8bcdf0a,CVE-2006-1895
477905329,ibojanova/BF,CWEBF/XML/cwec_v4.6.xml,a3d603fad3b585a1d3ec36690a04b631f8bcdf0a,CVE-2006-1865
477905329,ibojanova/BF,CWEBF/XML/cwec_v4.6.xml,a3d603fad3b585a1d3ec36690a04b631f8bcdf0a,CVE-2006-1834
477905329,ibojanova/BF,CWEBF/XML/cwec_v4.6.xml,a3d603fad3b585a1d3ec36690a04b631f8bcdf0a,CVE-2006-1173
477905329,ibojanova/BF,CWEBF/XML/cwec_v4.6.xml,a3d603fad3b585a1d3ec36690a04b631f8bcdf0a,CVE-2006-1126
477905329,ibojanova/BF,CWEBF/XML/cwec_v4.6.xml,a3d603fad3b585a1d3ec36690a04b631f8bcdf0a,CVE-2006-1058
477905329,ibojanova/BF,CWEBF/XML/cwec_v4.6.xml,a3d603fad3b585a1d3ec36690a04b631f8bcdf0a,CVE-2006-0963
477905329,ibojanova/BF,CWEBF/XML/cwec_v4.6.xml,a3d603fad3b585a1d3ec36690a04b631f8bcdf0a,CVE-2006-0230
477905329,ibojanova/BF,CWEBF/XML/cwec_v4.6.xml,a3d603fad3b585a1d3ec36690a04b631f8bcdf0a,CVE-2006-0054
477905329,ibojanova/BF,CWEBF/XML/cwec_v4.6.xml,a3d603fad3b585a1d3ec36690a04b631f8bcdf0a,CVE-2006-2057
477905329,ibojanova/BF,CWEBF/XML/cwec_v4.6.xml,a3d603fad3b585a1d3ec36690a04b631f8bcdf0a,CVE-2005-4900
477905329,ibojanova/BF,CWEBF/XML/cwec_v4.6.xml,a3d603fad3b585a1d3ec36690a04b631f8bcdf0a,CVE-2005-4860
477905329,ibojanova/BF,CWEBF/XML/cwec_v4.6.xml,a3d603fad3b585a1d3ec36690a04b631f8bcdf0a,CVE-2005-4699
477905329,ibojanova/BF,CWEBF/XML/cwec_v4.6.xml,a3d603fad3b585a1d3ec36690a04b631f8bcdf0a,CVE-2005-4650
477905329,ibojanova/BF,CWEBF/XML/cwec_v4.6.xml,a3d603fad3b585a1d3ec36690a04b631f8bcdf0a,CVE-2005-4509
477905329,ibojanova/BF,CWEBF/XML/cwec_v4.6.xml,a3d603fad3b585a1d3ec36690a04b631f8bcdf0a,CVE-2005-4260
477905329,ibojanova/BF,CWEBF/XML/cwec_v4.6.xml,a3d603fad3b585a1d3ec36690a04b631f8bcdf0a,CVE-2005-4206
477905329,ibojanova/BF,CWEBF/XML/cwec_v4.6.xml,a3d603fad3b585a1d3ec36690a04b631f8bcdf0a,CVE-2005-4155
477905329,ibojanova/BF,CWEBF/XML/cwec_v4.6.xml,a3d603fad3b585a1d3ec36690a04b631f8bcdf0a,CVE-2005-4080
477905329,ibojanova/BF,CWEBF/XML/cwec_v4.6.xml,a3d603fad3b585a1d3ec36690a04b631f8bcdf0a,CVE-2005-4051
477905329,ibojanova/BF,CWEBF/XML/cwec_v4.6.xml,a3d603fad3b585a1d3ec36690a04b631f8bcdf0a,CVE-2005-4002
477905329,ibojanova/BF,CWEBF/XML/cwec_v4.6.xml,a3d603fad3b585a1d3ec36690a04b631f8bcdf0a,CVE-2005-3847
477905329,ibojanova/BF,CWEBF/XML/cwec_v4.6.xml,a3d603fad3b585a1d3ec36690a04b631f8bcdf0a,CVE-2005-4868
477905329,ibojanova/BF,CWEBF/XML/cwec_v4.6.xml,a3d603fad3b585a1d3ec36690a04b631f8bcdf0a,CVE-2006-2058
477905329,ibojanova/BF,CWEBF/XML/cwec_v4.6.xml,a3d603fad3b585a1d3ec36690a04b631f8bcdf0a,CVE-2006-2059
477905329,ibojanova/BF,CWEBF/XML/cwec_v4.6.xml,a3d603fad3b585a1d3ec36690a04b631f8bcdf0a,CVE-2006-2114
477905329,ibojanova/BF,CWEBF/XML/cwec_v4.6.xml,a3d603fad3b585a1d3ec36690a04b631f8bcdf0a,CVE-2006-4068
477905329,ibojanova/BF,CWEBF/XML/cwec_v4.6.xml,a3d603fad3b585a1d3ec36690a04b631f8bcdf0a,CVE-2006-4024
477905329,ibojanova/BF,CWEBF/XML/cwec_v4.6.xml,a3d603fad3b585a1d3ec36690a04b631f8bcdf0a,CVE-2006-4019
477905329,ibojanova/BF,CWEBF/XML/cwec_v4.6.xml,a3d603fad3b585a1d3ec36690a04b631f8bcdf0a,CVE-2006-3918
477905329,ibojanova/BF,CWEBF/XML/cwec_v4.6.xml,a3d603fad3b585a1d3ec36690a04b631f8bcdf0a,CVE-2006-3791
477905329,ibojanova/BF,CWEBF/XML/cwec_v4.6.xml,a3d603fad3b585a1d3ec36690a04b631f8bcdf0a,CVE-2006-3790
477905329,ibojanova/BF,CWEBF/XML/cwec_v4.6.xml,a3d603fad3b585a1d3ec36690a04b631f8bcdf0a,CVE-2006-3741
477905329,ibojanova/BF,CWEBF/XML/cwec_v4.6.xml,a3d603fad3b585a1d3ec36690a04b631f8bcdf0a,CVE-2006-3617
477905329,ibojanova/BF,CWEBF/XML/cwec_v4.6.xml,a3d603fad3b585a1d3ec36690a04b631f8bcdf0a,CVE-2006-3568
477905329,ibojanova/BF,CWEBF/XML/cwec_v4.6.xml,a3d603fad3b585a1d3ec36690a04b631f8bcdf0a,CVE-2006-3380
477905329,ibojanova/BF,CWEBF/XML/cwec_v4.6.xml,a3d603fad3b585a1d3ec36690a04b631f8bcdf0a,CVE-2006-3379
477905329,ibojanova/BF,CWEBF/XML/cwec_v4.6.xml,a3d603fad3b585a1d3ec36690a04b631f8bcdf0a,CVE-2006-3295
477905329,ibojanova/BF,CWEBF/XML/cwec_v4.6.xml,a3d603fad3b585a1d3ec36690a04b631f8bcdf0a,CVE-2006-3211
477905329,ibojanova/BF,CWEBF/XML/cwec_v4.6.xml,a3d603fad3b585a1d3ec36690a04b631f8bcdf0a,CVE-2006-3015
477905329,ibojanova/BF,CWEBF/XML/cwec_v4.6.xml,a3d603fad3b585a1d3ec36690a04b631f8bcdf0a,CVE-2006-2916
477905329,ibojanova/BF,CWEBF/XML/cwec_v4.6.xml,a3d603fad3b585a1d3ec36690a04b631f8bcdf0a,CVE-2006-2908
477905329,ibojanova/BF,CWEBF/XML/cwec_v4.6.xml,a3d603fad3b585a1d3ec36690a04b631f8bcdf0a,CVE-2006-2878
477905329,ibojanova/BF,CWEBF/XML/cwec_v4.6.xml,a3d603fad3b585a1d3ec36690a04b631f8bcdf0a,CVE-2006-2828
477905329,ibojanova/BF,CWEBF/XML/cwec_v4.6.xml,a3d603fad3b585a1d3ec36690a04b631f8bcdf0a,CVE-2006-2555
477905329,ibojanova/BF,CWEBF/XML/cwec_v4.6.xml,a3d603fad3b585a1d3ec36690a04b631f8bcdf0a,CVE-2006-2480
477905329,ibojanova/BF,CWEBF/XML/cwec_v4.6.xml,a3d603fad3b585a1d3ec36690a04b631f8bcdf0a,CVE-2006-2428
477905329,ibojanova/BF,CWEBF/XML/cwec_v4.6.xml,a3d603fad3b585a1d3ec36690a04b631f8bcdf0a,CVE-2006-2374
477905329,ibojanova/BF,CWEBF/XML/cwec_v4.6.xml,a3d603fad3b585a1d3ec36690a04b631f8bcdf0a,CVE-2006-2373
477905329,ibojanova/BF,CWEBF/XML/cwec_v4.6.xml,a3d603fad3b585a1d3ec36690a04b631f8bcdf0a,CVE-2006-2312
477905329,ibojanova/BF,CWEBF/XML/cwec_v4.6.xml,a3d603fad3b585a1d3ec36690a04b631f8bcdf0a,CVE-2006-2275
477905329,ibojanova/BF,CWEBF/XML/cwec_v4.6.xml,a3d603fad3b585a1d3ec36690a04b631f8bcdf0a,CVE-2005-3716
477905329,ibojanova/BF,CWEBF/XML/cwec_v4.6.xml,a3d603fad3b585a1d3ec36690a04b631f8bcdf0a,CVE-2005-1945
477905329,ibojanova/BF,CWEBF/XML/cwec_v4.6.xml,a3d603fad3b585a1d3ec36690a04b631f8bcdf0a,CVE-2008-5065
477905329,ibojanova/BF,CWEBF/XML/cwec_v4.6.xml,a3d603fad3b585a1d3ec36690a04b631f8bcdf0a,CVE-2008-5080
477905329,ibojanova/BF,CWEBF/XML/cwec_v4.6.xml,a3d603fad3b585a1d3ec36690a04b631f8bcdf0a,CVE-2014-2503
477905329,ibojanova/BF,CWEBF/XML/cwec_v4.6.xml,a3d603fad3b585a1d3ec36690a04b631f8bcdf0a,CVE-2014-2049
477905329,ibojanova/BF,CWEBF/XML/cwec_v4.6.xml,a3d603fad3b585a1d3ec36690a04b631f8bcdf0a,CVE-2014-1772
477905329,ibojanova/BF,CWEBF/XML/cwec_v4.6.xml,a3d603fad3b585a1d3ec36690a04b631f8bcdf0a,CVE-2014-1266
477905329,ibojanova/BF,CWEBF/XML/cwec_v4.6.xml,a3d603fad3b585a1d3ec36690a04b631f8bcdf0a,CVE-2014-0984
477905329,ibojanova/BF,CWEBF/XML/cwec_v4.6.xml,a3d603fad3b585a1d3ec36690a04b631f8bcdf0a,CVE-2014-0160
477905329,ibojanova/BF,CWEBF/XML/cwec_v4.6.xml,a3d603fad3b585a1d3ec36690a04b631f8bcdf0a,CVE-2013-7236
477905329,ibojanova/BF,CWEBF/XML/cwec_v4.6.xml,a3d603fad3b585a1d3ec36690a04b631f8bcdf0a,CVE-2013-5726
477905329,ibojanova/BF,CWEBF/XML/cwec_v4.6.xml,a3d603fad3b585a1d3ec36690a04b631f8bcdf0a,CVE-2013-5725
477905329,ibojanova/BF,CWEBF/XML/cwec_v4.6.xml,a3d603fad3b585a1d3ec36690a04b631f8bcdf0a,CVE-2013-5211
477905329,ibojanova/BF,CWEBF/XML/cwec_v4.6.xml,a3d603fad3b585a1d3ec36690a04b631f8bcdf0a,CVE-2013-4787
477905329,ibojanova/BF,CWEBF/XML/cwec_v4.6.xml,a3d603fad3b585a1d3ec36690a04b631f8bcdf0a,CVE-2014-2508
477905329,ibojanova/BF,CWEBF/XML/cwec_v4.6.xml,a3d603fad3b585a1d3ec36690a04b631f8bcdf0a,CVE-2013-4576
477905329,ibojanova/BF,CWEBF/XML/cwec_v4.6.xml,a3d603fad3b585a1d3ec36690a04b631f8bcdf0a,CVE-2013-1591
477905329,ibojanova/BF,CWEBF/XML/cwec_v4.6.xml,a3d603fad3b585a1d3ec36690a04b631f8bcdf0a,CVE-2013-1465
477905329,ibojanova/BF,CWEBF/XML/cwec_v4.6.xml,a3d603fad3b585a1d3ec36690a04b631f8bcdf0a,CVE-2013-1402
477905329,ibojanova/BF,CWEBF/XML/cwec_v4.6.xml,a3d603fad3b585a1d3ec36690a04b631f8bcdf0a,CVE-2013-0277
477905329,ibojanova/BF,CWEBF/XML/cwec_v4.6.xml,a3d603fad3b585a1d3ec36690a04b631f8bcdf0a,CVE-2012-6707
477905329,ibojanova/BF,CWEBF/XML/cwec_v4.6.xml,a3d603fad3b585a1d3ec36690a04b631f8bcdf0a,CVE-2012-5824
477905329,ibojanova/BF,CWEBF/XML/cwec_v4.6.xml,a3d603fad3b585a1d3ec36690a04b631f8bcdf0a,CVE-2012-5822
477905329,ibojanova/BF,CWEBF/XML/cwec_v4.6.xml,a3d603fad3b585a1d3ec36690a04b631f8bcdf0a,CVE-2012-5821
477905329,ibojanova/BF,CWEBF/XML/cwec_v4.6.xml,a3d603fad3b585a1d3ec36690a04b631f8bcdf0a,CVE-2012-5819
477905329,ibojanova/BF,CWEBF/XML/cwec_v4.6.xml,a3d603fad3b585a1d3ec36690a04b631f8bcdf0a,CVE-2012-5817
477905329,ibojanova/BF,CWEBF/XML/cwec_v4.6.xml,a3d603fad3b585a1d3ec36690a04b631f8bcdf0a,CVE-2012-5811
477905329,ibojanova/BF,CWEBF/XML/cwec_v4.6.xml,a3d603fad3b585a1d3ec36690a04b631f8bcdf0a,CVE-2013-4206
477905329,ibojanova/BF,CWEBF/XML/cwec_v4.6.xml,a3d603fad3b585a1d3ec36690a04b631f8bcdf0a,CVE-2012-5810
477905329,ibojanova/BF,CWEBF/XML/cwec_v4.6.xml,a3d603fad3b585a1d3ec36690a04b631f8bcdf0a,CVE-2014-2915
477905329,ibojanova/BF,CWEBF/XML/cwec_v4.6.xml,a3d603fad3b585a1d3ec36690a04b631f8bcdf0a,CVE-2014-4192
477905329,ibojanova/BF,CWEBF/XML/cwec_v4.6.xml,a3d603fad3b585a1d3ec36690a04b631f8bcdf0a,CVE-2017-1000095
477905329,ibojanova/BF,CWEBF/XML/cwec_v4.6.xml,a3d603fad3b585a1d3ec36690a04b631f8bcdf0a,CVE-2017-0492
477905329,ibojanova/BF,CWEBF/XML/cwec_v4.6.xml,a3d603fad3b585a1d3ec36690a04b631f8bcdf0a,CVE-2016-9842
477905329,ibojanova/BF,CWEBF/XML/cwec_v4.6.xml,a3d603fad3b585a1d3ec36690a04b631f8bcdf0a,CVE-2016-6485
477905329,ibojanova/BF,CWEBF/XML/cwec_v4.6.xml,a3d603fad3b585a1d3ec36690a04b631f8bcdf0a,CVE-2016-3627
477905329,ibojanova/BF,CWEBF/XML/cwec_v4.6.xml,a3d603fad3b585a1d3ec36690a04b631f8bcdf0a,CVE-2016-2496
477905329,ibojanova/BF,CWEBF/XML/cwec_v4.6.xml,a3d603fad3b585a1d3ec36690a04b631f8bcdf0a,CVE-2016-2402
477905329,ibojanova/BF,CWEBF/XML/cwec_v4.6.xml,a3d603fad3b585a1d3ec36690a04b631f8bcdf0a,CVE-2016-10707
477905329,ibojanova/BF,CWEBF/XML/cwec_v4.6.xml,a3d603fad3b585a1d3ec36690a04b631f8bcdf0a,CVE-2016-10180
477905329,ibojanova/BF,CWEBF/XML/cwec_v4.6.xml,a3d603fad3b585a1d3ec36690a04b631f8bcdf0a,CVE-2016-10003
477905329,ibojanova/BF,CWEBF/XML/cwec_v4.6.xml,a3d603fad3b585a1d3ec36690a04b631f8bcdf0a,CVE-2015-8854
477905329,ibojanova/BF,CWEBF/XML/cwec_v4.6.xml,a3d603fad3b585a1d3ec36690a04b631f8bcdf0a,CVE-2014-3852
477905329,ibojanova/BF,CWEBF/XML/cwec_v4.6.xml,a3d603fad3b585a1d3ec36690a04b631f8bcdf0a,CVE-2015-8315
477905329,ibojanova/BF,CWEBF/XML/cwec_v4.6.xml,a3d603fad3b585a1d3ec36690a04b631f8bcdf0a,CVE-2015-4852
477905329,ibojanova/BF,CWEBF/XML/cwec_v4.6.xml,a3d603fad3b585a1d3ec36690a04b631f8bcdf0a,CVE-2015-4138
477905329,ibojanova/BF,CWEBF/XML/cwec_v4.6.xml,a3d603fad3b585a1d3ec36690a04b631f8bcdf0a,CVE-2015-2150
477905329,ibojanova/BF,CWEBF/XML/cwec_v4.6.xml,a3d603fad3b585a1d3ec36690a04b631f8bcdf0a,CVE-2015-1607
477905329,ibojanova/BF,CWEBF/XML/cwec_v4.6.xml,a3d603fad3b585a1d3ec36690a04b631f8bcdf0a,CVE-2015-1241
477905329,ibojanova/BF,CWEBF/XML/cwec_v4.6.xml,a3d603fad3b585a1d3ec36690a04b631f8bcdf0a,CVE-2015-0565
477905329,ibojanova/BF,CWEBF/XML/cwec_v4.6.xml,a3d603fad3b585a1d3ec36690a04b631f8bcdf0a,CVE-2014-8958
477905329,ibojanova/BF,CWEBF/XML/cwec_v4.6.xml,a3d603fad3b585a1d3ec36690a04b631f8bcdf0a,CVE-2014-8273
477905329,ibojanova/BF,CWEBF/XML/cwec_v4.6.xml,a3d603fad3b585a1d3ec36690a04b631f8bcdf0a,CVE-2014-6394
477905329,ibojanova/BF,CWEBF/XML/cwec_v4.6.xml,a3d603fad3b585a1d3ec36690a04b631f8bcdf0a,CVE-2014-5386
477905329,ibojanova/BF,CWEBF/XML/cwec_v4.6.xml,a3d603fad3b585a1d3ec36690a04b631f8bcdf0a,CVE-2014-5198
477905329,ibojanova/BF,CWEBF/XML/cwec_v4.6.xml,a3d603fad3b585a1d3ec36690a04b631f8bcdf0a,CVE-2015-8103
477905329,ibojanova/BF,CWEBF/XML/cwec_v4.6.xml,a3d603fad3b585a1d3ec36690a04b631f8bcdf0a,CVE-2017-1000121
477905329,ibojanova/BF,CWEBF/XML/cwec_v4.6.xml,a3d603fad3b585a1d3ec36690a04b631f8bcdf0a,CVE-2012-5807
477905329,ibojanova/BF,CWEBF/XML/cwec_v4.6.xml,a3d603fad3b585a1d3ec36690a04b631f8bcdf0a,CVE-2012-5804
477905329,ibojanova/BF,CWEBF/XML/cwec_v4.6.xml,a3d603fad3b585a1d3ec36690a04b631f8bcdf0a,CVE-2011-2730
477905329,ibojanova/BF,CWEBF/XML/cwec_v4.6.xml,a3d603fad3b585a1d3ec36690a04b631f8bcdf0a,CVE-2011-2701
477905329,ibojanova/BF,CWEBF/XML/cwec_v4.6.xml,a3d603fad3b585a1d3ec36690a04b631f8bcdf0a,CVE-2011-2520
477905329,ibojanova/BF,CWEBF/XML/cwec_v4.6.xml,a3d603fad3b585a1d3ec36690a04b631f8bcdf0a,CVE-2011-2014
477905329,ibojanova/BF,CWEBF/XML/cwec_v4.6.xml,a3d603fad3b585a1d3ec36690a04b631f8bcdf0a,CVE-2011-1959
477905329,ibojanova/BF,CWEBF/XML/cwec_v4.6.xml,a3d603fad3b585a1d3ec36690a04b631f8bcdf0a,CVE-2011-1848
477905329,ibojanova/BF,CWEBF/XML/cwec_v4.6.xml,a3d603fad3b585a1d3ec36690a04b631f8bcdf0a,CVE-2011-1755
477905329,ibojanova/BF,CWEBF/XML/cwec_v4.6.xml,a3d603fad3b585a1d3ec36690a04b631f8bcdf0a,CVE-2011-1551
477905329,ibojanova/BF,CWEBF/XML/cwec_v4.6.xml,a3d603fad3b585a1d3ec36690a04b631f8bcdf0a,CVE-2011-1142
477905329,ibojanova/BF,CWEBF/XML/cwec_v4.6.xml,a3d603fad3b585a1d3ec36690a04b631f8bcdf0a,CVE-2011-1027
477905329,ibojanova/BF,CWEBF/XML/cwec_v4.6.xml,a3d603fad3b585a1d3ec36690a04b631f8bcdf0a,CVE-2011-1002
477905329,ibojanova/BF,CWEBF/XML/cwec_v4.6.xml,a3d603fad3b585a1d3ec36690a04b631f8bcdf0a,CVE-2011-2894
477905329,ibojanova/BF,CWEBF/XML/cwec_v4.6.xml,a3d603fad3b585a1d3ec36690a04b631f8bcdf0a,CVE-2011-0935
477905329,ibojanova/BF,CWEBF/XML/cwec_v4.6.xml,a3d603fad3b585a1d3ec36690a04b631f8bcdf0a,CVE-2011-0695
477905329,ibojanova/BF,CWEBF/XML/cwec_v4.6.xml,a3d603fad3b585a1d3ec36690a04b631f8bcdf0a,CVE-2011-0651
477905329,ibojanova/BF,CWEBF/XML/cwec_v4.6.xml,a3d603fad3b585a1d3ec36690a04b631f8bcdf0a,CVE-2011-0611
477905329,ibojanova/BF,CWEBF/XML/cwec_v4.6.xml,a3d603fad3b585a1d3ec36690a04b631f8bcdf0a,CVE-2011-0606
477905329,ibojanova/BF,CWEBF/XML/cwec_v4.6.xml,a3d603fad3b585a1d3ec36690a04b631f8bcdf0a,CVE-2011-0521
477905329,ibojanova/BF,CWEBF/XML/cwec_v4.6.xml,a3d603fad3b585a1d3ec36690a04b631f8bcdf0a,CVE-2011-0348
477905329,ibojanova/BF,CWEBF/XML/cwec_v4.6.xml,a3d603fad3b585a1d3ec36690a04b631f8bcdf0a,CVE-2011-0199
477905329,ibojanova/BF,CWEBF/XML/cwec_v4.6.xml,a3d603fad3b585a1d3ec36690a04b631f8bcdf0a,CVE-2011-0105
477905329,ibojanova/BF,CWEBF/XML/cwec_v4.6.xml,a3d603fad3b585a1d3ec36690a04b631f8bcdf0a,CVE-2010-5185
477905329,ibojanova/BF,CWEBF/XML/cwec_v4.6.xml,a3d603fad3b585a1d3ec36690a04b631f8bcdf0a,CVE-2010-4645
477905329,ibojanova/BF,CWEBF/XML/cwec_v4.6.xml,a3d603fad3b585a1d3ec36690a04b631f8bcdf0a,CVE-2010-4624
477905329,ibojanova/BF,CWEBF/XML/cwec_v4.6.xml,a3d603fad3b585a1d3ec36690a04b631f8bcdf0a,CVE-2011-0712
477905329,ibojanova/BF,CWEBF/XML/cwec_v4.6.xml,a3d603fad3b585a1d3ec36690a04b631f8bcdf0a,CVE-2012-5806
477905329,ibojanova/BF,CWEBF/XML/cwec_v4.6.xml,a3d603fad3b585a1d3ec36690a04b631f8bcdf0a,CVE-2011-3288
477905329,ibojanova/BF,CWEBF/XML/cwec_v4.6.xml,a3d603fad3b585a1d3ec36690a04b631f8bcdf0a,CVE-2011-4107
477905329,ibojanova/BF,CWEBF/XML/cwec_v4.6.xml,a3d603fad3b585a1d3ec36690a04b631f8bcdf0a,CVE-2012-5784
477905329,ibojanova/BF,CWEBF/XML/cwec_v4.6.xml,a3d603fad3b585a1d3ec36690a04b631f8bcdf0a,CVE-2012-5782
477905329,ibojanova/BF,CWEBF/XML/cwec_v4.6.xml,a3d603fad3b585a1d3ec36690a04b631f8bcdf0a,CVE-2012-5780
477905329,ibojanova/BF,CWEBF/XML/cwec_v4.6.xml,a3d603fad3b585a1d3ec36690a04b631f8bcdf0a,CVE-2012-5656
477905329,ibojanova/BF,CWEBF/XML/cwec_v4.6.xml,a3d603fad3b585a1d3ec36690a04b631f8bcdf0a,CVE-2012-4787
477905329,ibojanova/BF,CWEBF/XML/cwec_v4.6.xml,a3d603fad3b585a1d3ec36690a04b631f8bcdf0a,CVE-2012-4406
477905329,ibojanova/BF,CWEBF/XML/cwec_v4.6.xml,a3d603fad3b585a1d3ec36690a04b631f8bcdf0a,CVE-2012-4399
477905329,ibojanova/BF,CWEBF/XML/cwec_v4.6.xml,a3d603fad3b585a1d3ec36690a04b631f8bcdf0a,CVE-2012-3527
477905329,ibojanova/BF,CWEBF/XML/cwec_v4.6.xml,a3d603fad3b585a1d3ec36690a04b631f8bcdf0a,CVE-2012-3489
477905329,ibojanova/BF,CWEBF/XML/cwec_v4.6.xml,a3d603fad3b585a1d3ec36690a04b631f8bcdf0a,CVE-2012-3446
477905329,ibojanova/BF,CWEBF/XML/cwec_v4.6.xml,a3d603fad3b585a1d3ec36690a04b631f8bcdf0a,CVE-2012-3363
477905329,ibojanova/BF,CWEBF/XML/cwec_v4.6.xml,a3d603fad3b585a1d3ec36690a04b631f8bcdf0a,CVE-2011-3389
477905329,ibojanova/BF,CWEBF/XML/cwec_v4.6.xml,a3d603fad3b585a1d3ec36690a04b631f8bcdf0a,CVE-2012-2993
477905329,ibojanova/BF,CWEBF/XML/cwec_v4.6.xml,a3d603fad3b585a1d3ec36690a04b631f8bcdf0a,CVE-2012-2239
477905329,ibojanova/BF,CWEBF/XML/cwec_v4.6.xml,a3d603fad3b585a1d3ec36690a04b631f8bcdf0a,CVE-2012-2100
477905329,ibojanova/BF,CWEBF/XML/cwec_v4.6.xml,a3d603fad3b585a1d3ec36690a04b631f8bcdf0a,CVE-2012-2055
477905329,ibojanova/BF,CWEBF/XML/cwec_v4.6.xml,a3d603fad3b585a1d3ec36690a04b631f8bcdf0a,CVE-2012-2054
477905329,ibojanova/BF,CWEBF/XML/cwec_v4.6.xml,a3d603fad3b585a1d3ec36690a04b631f8bcdf0a,CVE-2012-1988
477905329,ibojanova/BF,CWEBF/XML/cwec_v4.6.xml,a3d603fad3b585a1d3ec36690a04b631f8bcdf0a,CVE-2012-1833
477905329,ibojanova/BF,CWEBF/XML/cwec_v4.6.xml,a3d603fad3b585a1d3ec36690a04b631f8bcdf0a,CVE-2012-0911
477905329,ibojanova/BF,CWEBF/XML/cwec_v4.6.xml,a3d603fad3b585a1d3ec36690a04b631f8bcdf0a,CVE-2012-0867
477905329,ibojanova/BF,CWEBF/XML/cwec_v4.6.xml,a3d603fad3b585a1d3ec36690a04b631f8bcdf0a,CVE-2012-0584
477905329,ibojanova/BF,CWEBF/XML/cwec_v4.6.xml,a3d603fad3b585a1d3ec36690a04b631f8bcdf0a,CVE-2012-0037
477905329,ibojanova/BF,CWEBF/XML/cwec_v4.6.xml,a3d603fad3b585a1d3ec36690a04b631f8bcdf0a,CVE-2011-4962
477905329,ibojanova/BF,CWEBF/XML/cwec_v4.6.xml,a3d603fad3b585a1d3ec36690a04b631f8bcdf0a,CVE-2012-2292
477905329,ibojanova/BF,CWEBF/XML/cwec_v4.6.xml,a3d603fad3b585a1d3ec36690a04b631f8bcdf0a,CVE-2017-11133
477905329,ibojanova/BF,CWEBF/XML/cwec_v4.6.xml,a3d603fad3b585a1d3ec36690a04b631f8bcdf0a,CVE-2017-11508
477905329,ibojanova/BF,CWEBF/XML/cwec_v4.6.xml,a3d603fad3b585a1d3ec36690a04b631f8bcdf0a,CVE-2017-15999
477905329,ibojanova/BF,CWEBF/XML/cwec_v4.6.xml,a3d603fad3b585a1d3ec36690a04b631f8bcdf0a,CVE-2020-1472
477905329,ibojanova/BF,CWEBF/XML/cwec_v4.6.xml,a3d603fad3b585a1d3ec36690a04b631f8bcdf0a,CVE-2020-14254
477905329,ibojanova/BF,CWEBF/XML/cwec_v4.6.xml,a3d603fad3b585a1d3ec36690a04b631f8bcdf0a,CVE-2020-12926
477905329,ibojanova/BF,CWEBF/XML/cwec_v4.6.xml,a3d603fad3b585a1d3ec36690a04b631f8bcdf0a,CVE-2020-12912
477905329,ibojanova/BF,CWEBF/XML/cwec_v4.6.xml,a3d603fad3b585a1d3ec36690a04b631f8bcdf0a,CVE-2020-12790
477905329,ibojanova/BF,CWEBF/XML/cwec_v4.6.xml,a3d603fad3b585a1d3ec36690a04b631f8bcdf0a,CVE-2020-12788
477905329,ibojanova/BF,CWEBF/XML/cwec_v4.6.xml,a3d603fad3b585a1d3ec36690a04b631f8bcdf0a,CVE-2020-12446
477905329,ibojanova/BF,CWEBF/XML/cwec_v4.6.xml,a3d603fad3b585a1d3ec36690a04b631f8bcdf0a,CVE-2020-11698
477905329,ibojanova/BF,CWEBF/XML/cwec_v4.6.xml,a3d603fad3b585a1d3ec36690a04b631f8bcdf0a,CVE-2020-0551
477905329,ibojanova/BF,CWEBF/XML/cwec_v4.6.xml,a3d603fad3b585a1d3ec36690a04b631f8bcdf0a,CVE-2020-0022
477905329,ibojanova/BF,CWEBF/XML/cwec_v4.6.xml,a3d603fad3b585a1d3ec36690a04b631f8bcdf0a,CVE-2019-9805
477905329,ibojanova/BF,CWEBF/XML/cwec_v4.6.xml,a3d603fad3b585a1d3ec36690a04b631f8bcdf0a,CVE-2020-15100
477905329,ibojanova/BF,CWEBF/XML/cwec_v4.6.xml,a3d603fad3b585a1d3ec36690a04b631f8bcdf0a,CVE-2019-9534
477905329,ibojanova/BF,CWEBF/XML/cwec_v4.6.xml,a3d603fad3b585a1d3ec36690a04b631f8bcdf0a,CVE-2019-6785
477905329,ibojanova/BF,CWEBF/XML/cwec_v4.6.xml,a3d603fad3b585a1d3ec36690a04b631f8bcdf0a,CVE-2019-6260
477905329,ibojanova/BF,CWEBF/XML/cwec_v4.6.xml,a3d603fad3b585a1d3ec36690a04b631f8bcdf0a,CVE-2019-4521
477905329,ibojanova/BF,CWEBF/XML/cwec_v4.6.xml,a3d603fad3b585a1d3ec36690a04b631f8bcdf0a,CVE-2019-3907
477905329,ibojanova/BF,CWEBF/XML/cwec_v4.6.xml,a3d603fad3b585a1d3ec36690a04b631f8bcdf0a,CVE-2019-2267
477905329,ibojanova/BF,CWEBF/XML/cwec_v4.6.xml,a3d603fad3b585a1d3ec36690a04b631f8bcdf0a,CVE-2019-20176
477905329,ibojanova/BF,CWEBF/XML/cwec_v4.6.xml,a3d603fad3b585a1d3ec36690a04b631f8bcdf0a,CVE-2019-19999
477905329,ibojanova/BF,CWEBF/XML/cwec_v4.6.xml,a3d603fad3b585a1d3ec36690a04b631f8bcdf0a,CVE-2019-18827
477905329,ibojanova/BF,CWEBF/XML/cwec_v4.6.xml,a3d603fad3b585a1d3ec36690a04b631f8bcdf0a,CVE-2019-18673
477905329,ibojanova/BF,CWEBF/XML/cwec_v4.6.xml,a3d603fad3b585a1d3ec36690a04b631f8bcdf0a,CVE-2019-17661
477905329,ibojanova/BF,CWEBF/XML/cwec_v4.6.xml,a3d603fad3b585a1d3ec36690a04b631f8bcdf0a,CVE-2019-17391
477905329,ibojanova/BF,CWEBF/XML/cwec_v4.6.xml,a3d603fad3b585a1d3ec36690a04b631f8bcdf0a,CVE-2019-8575
477905329,ibojanova/BF,CWEBF/XML/cwec_v4.6.xml,a3d603fad3b585a1d3ec36690a04b631f8bcdf0a,CVE-2019-1715
477905329,ibojanova/BF,CWEBF/XML/cwec_v4.6.xml,a3d603fad3b585a1d3ec36690a04b631f8bcdf0a,CVE-2020-15483
477905329,ibojanova/BF,CWEBF/XML/cwec_v4.6.xml,a3d603fad3b585a1d3ec36690a04b631f8bcdf0a,CVE-2020-17533
477905329,ibojanova/BF,CWEBF/XML/cwec_v4.6.xml,a3d603fad3b585a1d3ec36690a04b631f8bcdf0a,CVE-2021-34687
477905329,ibojanova/BF,CWEBF/XML/cwec_v4.6.xml,a3d603fad3b585a1d3ec36690a04b631f8bcdf0a,CVE-2021-3011
477905329,ibojanova/BF,CWEBF/XML/cwec_v4.6.xml,a3d603fad3b585a1d3ec36690a04b631f8bcdf0a,CVE-2021-29529
477905329,ibojanova/BF,CWEBF/XML/cwec_v4.6.xml,a3d603fad3b585a1d3ec36690a04b631f8bcdf0a,CVE-2021-24018
477905329,ibojanova/BF,CWEBF/XML/cwec_v4.6.xml,a3d603fad3b585a1d3ec36690a04b631f8bcdf0a,CVE-2021-22909
477905329,ibojanova/BF,CWEBF/XML/cwec_v4.6.xml,a3d603fad3b585a1d3ec36690a04b631f8bcdf0a,CVE-2021-21244
477905329,ibojanova/BF,CWEBF/XML/cwec_v4.6.xml,a3d603fad3b585a1d3ec36690a04b631f8bcdf0a,CVE-2020-9437
477905329,ibojanova/BF,CWEBF/XML/cwec_v4.6.xml,a3d603fad3b585a1d3ec36690a04b631f8bcdf0a,CVE-2020-9054
477905329,ibojanova/BF,CWEBF/XML/cwec_v4.6.xml,a3d603fad3b585a1d3ec36690a04b631f8bcdf0a,CVE-2020-8835
477905329,ibojanova/BF,CWEBF/XML/cwec_v4.6.xml,a3d603fad3b585a1d3ec36690a04b631f8bcdf0a,CVE-2020-8695
477905329,ibojanova/BF,CWEBF/XML/cwec_v4.6.xml,a3d603fad3b585a1d3ec36690a04b631f8bcdf0a,CVE-2020-8694
477905329,ibojanova/BF,CWEBF/XML/cwec_v4.6.xml,a3d603fad3b585a1d3ec36690a04b631f8bcdf0a,CVE-2020-15708
477905329,ibojanova/BF,CWEBF/XML/cwec_v4.6.xml,a3d603fad3b585a1d3ec36690a04b631f8bcdf0a,CVE-2020-8203
477905329,ibojanova/BF,CWEBF/XML/cwec_v4.6.xml,a3d603fad3b585a1d3ec36690a04b631f8bcdf0a,CVE-2020-6078
477905329,ibojanova/BF,CWEBF/XML/cwec_v4.6.xml,a3d603fad3b585a1d3ec36690a04b631f8bcdf0a,CVE-2020-5408
477905329,ibojanova/BF,CWEBF/XML/cwec_v4.6.xml,a3d603fad3b585a1d3ec36690a04b631f8bcdf0a,CVE-2020-4778
477905329,ibojanova/BF,CWEBF/XML/cwec_v4.6.xml,a3d603fad3b585a1d3ec36690a04b631f8bcdf0a,CVE-2020-4027
477905329,ibojanova/BF,CWEBF/XML/cwec_v4.6.xml,a3d603fad3b585a1d3ec36690a04b631f8bcdf0a,CVE-2020-36049
477905329,ibojanova/BF,CWEBF/XML/cwec_v4.6.xml,a3d603fad3b585a1d3ec36690a04b631f8bcdf0a,CVE-2020-28368
477905329,ibojanova/BF,CWEBF/XML/cwec_v4.6.xml,a3d603fad3b585a1d3ec36690a04b631f8bcdf0a,CVE-2020-26282
477905329,ibojanova/BF,CWEBF/XML/cwec_v4.6.xml,a3d603fad3b585a1d3ec36690a04b631f8bcdf0a,CVE-2020-25685
477905329,ibojanova/BF,CWEBF/XML/cwec_v4.6.xml,a3d603fad3b585a1d3ec36690a04b631f8bcdf0a,CVE-2020-20739
477905329,ibojanova/BF,CWEBF/XML/cwec_v4.6.xml,a3d603fad3b585a1d3ec36690a04b631f8bcdf0a,CVE-2020-1961
477905329,ibojanova/BF,CWEBF/XML/cwec_v4.6.xml,a3d603fad3b585a1d3ec36690a04b631f8bcdf0a,CVE-2020-1791
477905329,ibojanova/BF,CWEBF/XML/cwec_v4.6.xml,a3d603fad3b585a1d3ec36690a04b631f8bcdf0a,CVE-2020-6616
477905329,ibojanova/BF,CWEBF/XML/cwec_v4.6.xml,a3d603fad3b585a1d3ec36690a04b631f8bcdf0a,CVE-2019-16215
477905329,ibojanova/BF,CWEBF/XML/cwec_v4.6.xml,a3d603fad3b585a1d3ec36690a04b631f8bcdf0a,CVE-2019-15900
477905329,ibojanova/BF,CWEBF/XML/cwec_v4.6.xml,a3d603fad3b585a1d3ec36690a04b631f8bcdf0a,CVE-2019-15894
477905329,ibojanova/BF,CWEBF/XML/cwec_v4.6.xml,a3d603fad3b585a1d3ec36690a04b631f8bcdf0a,CVE-2018-12520
477905329,ibojanova/BF,CWEBF/XML/cwec_v4.6.xml,a3d603fad3b585a1d3ec36690a04b631f8bcdf0a,CVE-2018-10887
477905329,ibojanova/BF,CWEBF/XML/cwec_v4.6.xml,a3d603fad3b585a1d3ec36690a04b631f8bcdf0a,CVE-2017-9764
477905329,ibojanova/BF,CWEBF/XML/cwec_v4.6.xml,a3d603fad3b585a1d3ec36690a04b631f8bcdf0a,CVE-2017-9615
477905329,ibojanova/BF,CWEBF/XML/cwec_v4.6.xml,a3d603fad3b585a1d3ec36690a04b631f8bcdf0a,CVE-2017-9267
477905329,ibojanova/BF,CWEBF/XML/cwec_v4.6.xml,a3d603fad3b585a1d3ec36690a04b631f8bcdf0a,CVE-2017-8252
477905329,ibojanova/BF,CWEBF/XML/cwec_v4.6.xml,a3d603fad3b585a1d3ec36690a04b631f8bcdf0a,CVE-2017-7971
477905329,ibojanova/BF,CWEBF/XML/cwec_v4.6.xml,a3d603fad3b585a1d3ec36690a04b631f8bcdf0a,CVE-2017-7619
477905329,ibojanova/BF,CWEBF/XML/cwec_v4.6.xml,a3d603fad3b585a1d3ec36690a04b631f8bcdf0a,CVE-2017-7440
477905329,ibojanova/BF,CWEBF/XML/cwec_v4.6.xml,a3d603fad3b585a1d3ec36690a04b631f8bcdf0a,CVE-2017-6964
477905329,ibojanova/BF,CWEBF/XML/cwec_v4.6.xml,a3d603fad3b585a1d3ec36690a04b631f8bcdf0a,CVE-2017-6283
477905329,ibojanova/BF,CWEBF/XML/cwec_v4.6.xml,a3d603fad3b585a1d3ec36690a04b631f8bcdf0a,CVE-2018-16069
477905329,ibojanova/BF,CWEBF/XML/cwec_v4.6.xml,a3d603fad3b585a1d3ec36690a04b631f8bcdf0a,CVE-2017-5754
477905329,ibojanova/BF,CWEBF/XML/cwec_v4.6.xml,a3d603fad3b585a1d3ec36690a04b631f8bcdf0a,CVE-2017-5715
477905329,ibojanova/BF,CWEBF/XML/cwec_v4.6.xml,a3d603fad3b585a1d3ec36690a04b631f8bcdf0a,CVE-2017-5697
477905329,ibojanova/BF,CWEBF/XML/cwec_v4.6.xml,a3d603fad3b585a1d3ec36690a04b631f8bcdf0a,CVE-2017-5015
477905329,ibojanova/BF,CWEBF/XML/cwec_v4.6.xml,a3d603fad3b585a1d3ec36690a04b631f8bcdf0a,CVE-2017-4015
477905329,ibojanova/BF,CWEBF/XML/cwec_v4.6.xml,a3d603fad3b585a1d3ec36690a04b631f8bcdf0a,CVE-2017-3225
477905329,ibojanova/BF,CWEBF/XML/cwec_v4.6.xml,a3d603fad3b585a1d3ec36690a04b631f8bcdf0a,CVE-2017-18347
477905329,ibojanova/BF,CWEBF/XML/cwec_v4.6.xml,a3d603fad3b585a1d3ec36690a04b631f8bcdf0a,CVE-2017-18326
477905329,ibojanova/BF,CWEBF/XML/cwec_v4.6.xml,a3d603fad3b585a1d3ec36690a04b631f8bcdf0a,CVE-2017-18293
477905329,ibojanova/BF,CWEBF/XML/cwec_v4.6.xml,a3d603fad3b585a1d3ec36690a04b631f8bcdf0a,CVE-2017-17704
477905329,ibojanova/BF,CWEBF/XML/cwec_v4.6.xml,a3d603fad3b585a1d3ec36690a04b631f8bcdf0a,CVE-2017-16783
477905329,ibojanova/BF,CWEBF/XML/cwec_v4.6.xml,a3d603fad3b585a1d3ec36690a04b631f8bcdf0a,CVE-2017-16021
477905329,ibojanova/BF,CWEBF/XML/cwec_v4.6.xml,a3d603fad3b585a1d3ec36690a04b631f8bcdf0a,CVE-2017-5753
477905329,ibojanova/BF,CWEBF/XML/cwec_v4.6.xml,a3d603fad3b585a1d3ec36690a04b631f8bcdf0a,CVE-2018-16733
477905329,ibojanova/BF,CWEBF/XML/cwec_v4.6.xml,a3d603fad3b585a1d3ec36690a04b631f8bcdf0a,CVE-2018-18445
477905329,ibojanova/BF,CWEBF/XML/cwec_v4.6.xml,a3d603fad3b585a1d3ec36690a04b631f8bcdf0a,CVE-2018-1999036
477905329,ibojanova/BF,CWEBF/XML/cwec_v4.6.xml,a3d603fad3b585a1d3ec36690a04b631f8bcdf0a,CVE-2019-1543
477905329,ibojanova/BF,CWEBF/XML/cwec_v4.6.xml,a3d603fad3b585a1d3ec36690a04b631f8bcdf0a,CVE-2019-15118
477905329,ibojanova/BF,CWEBF/XML/cwec_v4.6.xml,a3d603fad3b585a1d3ec36690a04b631f8bcdf0a,CVE-2019-14855
477905329,ibojanova/BF,CWEBF/XML/cwec_v4.6.xml,a3d603fad3b585a1d3ec36690a04b631f8bcdf0a,CVE-2019-13945
477905329,ibojanova/BF,CWEBF/XML/cwec_v4.6.xml,a3d603fad3b585a1d3ec36690a04b631f8bcdf0a,CVE-2019-13475
477905329,ibojanova/BF,CWEBF/XML/cwec_v4.6.xml,a3d603fad3b585a1d3ec36690a04b631f8bcdf0a,CVE-2019-13351
477905329,ibojanova/BF,CWEBF/XML/cwec_v4.6.xml,a3d603fad3b585a1d3ec36690a04b631f8bcdf0a,CVE-2019-12921
477905329,ibojanova/BF,CWEBF/XML/cwec_v4.6.xml,a3d603fad3b585a1d3ec36690a04b631f8bcdf0a,CVE-2019-12799
477905329,ibojanova/BF,CWEBF/XML/cwec_v4.6.xml,a3d603fad3b585a1d3ec36690a04b631f8bcdf0a,CVE-2019-12134
477905329,ibojanova/BF,CWEBF/XML/cwec_v4.6.xml,a3d603fad3b585a1d3ec36690a04b631f8bcdf0a,CVE-2019-12041
477905329,ibojanova/BF,CWEBF/XML/cwec_v4.6.xml,a3d603fad3b585a1d3ec36690a04b631f8bcdf0a,CVE-2019-11930
477905329,ibojanova/BF,CWEBF/XML/cwec_v4.6.xml,a3d603fad3b585a1d3ec36690a04b631f8bcdf0a,CVE-2019-11495
477905329,ibojanova/BF,CWEBF/XML/cwec_v4.6.xml,a3d603fad3b585a1d3ec36690a04b631f8bcdf0a,CVE-2019-11358
477905329,ibojanova/BF,CWEBF/XML/cwec_v4.6.xml,a3d603fad3b585a1d3ec36690a04b631f8bcdf0a,CVE-2019-11157
477905329,ibojanova/BF,CWEBF/XML/cwec_v4.6.xml,a3d603fad3b585a1d3ec36690a04b631f8bcdf0a,CVE-2019-10908
477905329,ibojanova/BF,CWEBF/XML/cwec_v4.6.xml,a3d603fad3b585a1d3ec36690a04b631f8bcdf0a,CVE-2019-10744
477905329,ibojanova/BF,CWEBF/XML/cwec_v4.6.xml,a3d603fad3b585a1d3ec36690a04b631f8bcdf0a,CVE-2019-10458
477905329,ibojanova/BF,CWEBF/XML/cwec_v4.6.xml,a3d603fad3b585a1d3ec36690a04b631f8bcdf0a,CVE-2019-1010006
477905329,ibojanova/BF,CWEBF/XML/cwec_v4.6.xml,a3d603fad3b585a1d3ec36690a04b631f8bcdf0a,CVE-2018-9085
477905329,ibojanova/BF,CWEBF/XML/cwec_v4.6.xml,a3d603fad3b585a1d3ec36690a04b631f8bcdf0a,CVE-2018-9057
477905329,ibojanova/BF,CWEBF/XML/cwec_v4.6.xml,a3d603fad3b585a1d3ec36690a04b631f8bcdf0a,CVE-2018-8174
477905329,ibojanova/BF,CWEBF/XML/cwec_v4.6.xml,a3d603fad3b585a1d3ec36690a04b631f8bcdf0a,CVE-2018-4251
477905329,ibojanova/BF,CWEBF/XML/cwec_v4.6.xml,a3d603fad3b585a1d3ec36690a04b631f8bcdf0a,CVE-2018-3721
477905329,ibojanova/BF,CWEBF/XML/cwec_v4.6.xml,a3d603fad3b585a1d3ec36690a04b631f8bcdf0a,CVE-2018-20788
477905329,ibojanova/BF,CWEBF/XML/cwec_v4.6.xml,a3d603fad3b585a1d3ec36690a04b631f8bcdf0a,CVE-2018-20465
477905329,ibojanova/BF,CWEBF/XML/cwec_v4.6.xml,a3d603fad3b585a1d3ec36690a04b631f8bcdf0a,CVE-2010-4593
477905329,ibojanova/BF,CWEBF/XML/cwec_v4.6.xml,a3d603fad3b585a1d3ec36690a04b631f8bcdf0a,CVE-2010-4577
477905329,ibojanova/BF,CWEBF/XML/cwec_v4.6.xml,a3d603fad3b585a1d3ec36690a04b631f8bcdf0a,CVE-2010-4476
477905329,ibojanova/BF,CWEBF/XML/cwec_v4.6.xml,a3d603fad3b585a1d3ec36690a04b631f8bcdf0a,CVE-2010-4210
477905329,ibojanova/BF,CWEBF/XML/cwec_v4.6.xml,a3d603fad3b585a1d3ec36690a04b631f8bcdf0a,CVE-2009-1709
477905329,ibojanova/BF,CWEBF/XML/cwec_v4.6.xml,a3d603fad3b585a1d3ec36690a04b631f8bcdf0a,CVE-2009-1699
477905329,ibojanova/BF,CWEBF/XML/cwec_v4.6.xml,a3d603fad3b585a1d3ec36690a04b631f8bcdf0a,CVE-2009-1619
477905329,ibojanova/BF,CWEBF/XML/cwec_v4.6.xml,a3d603fad3b585a1d3ec36690a04b631f8bcdf0a,CVE-2009-1603
477905329,ibojanova/BF,CWEBF/XML/cwec_v4.6.xml,a3d603fad3b585a1d3ec36690a04b631f8bcdf0a,CVE-2009-1596
477905329,ibojanova/BF,CWEBF/XML/cwec_v4.6.xml,a3d603fad3b585a1d3ec36690a04b631f8bcdf0a,CVE-2009-1549
477905329,ibojanova/BF,CWEBF/XML/cwec_v4.6.xml,a3d603fad3b585a1d3ec36690a04b631f8bcdf0a,CVE-2009-1532
477905329,ibojanova/BF,CWEBF/XML/cwec_v4.6.xml,a3d603fad3b585a1d3ec36690a04b631f8bcdf0a,CVE-2009-1528
477905329,ibojanova/BF,CWEBF/XML/cwec_v4.6.xml,a3d603fad3b585a1d3ec36690a04b631f8bcdf0a,CVE-2009-1466
477905329,ibojanova/BF,CWEBF/XML/cwec_v4.6.xml,a3d603fad3b585a1d3ec36690a04b631f8bcdf0a,CVE-2009-1415
477905329,ibojanova/BF,CWEBF/XML/cwec_v4.6.xml,a3d603fad3b585a1d3ec36690a04b631f8bcdf0a,CVE-2009-1388
477905329,ibojanova/BF,CWEBF/XML/cwec_v4.6.xml,a3d603fad3b585a1d3ec36690a04b631f8bcdf0a,CVE-2009-1719
477905329,ibojanova/BF,CWEBF/XML/cwec_v4.6.xml,a3d603fad3b585a1d3ec36690a04b631f8bcdf0a,CVE-2009-1358
477905329,ibojanova/BF,CWEBF/XML/cwec_v4.6.xml,a3d603fad3b585a1d3ec36690a04b631f8bcdf0a,CVE-2009-1283
477905329,ibojanova/BF,CWEBF/XML/cwec_v4.6.xml,a3d603fad3b585a1d3ec36690a04b631f8bcdf0a,CVE-2009-1282
477905329,ibojanova/BF,CWEBF/XML/cwec_v4.6.xml,a3d603fad3b585a1d3ec36690a04b631f8bcdf0a,CVE-2009-1250
477905329,ibojanova/BF,CWEBF/XML/cwec_v4.6.xml,a3d603fad3b585a1d3ec36690a04b631f8bcdf0a,CVE-2009-1243
477905329,ibojanova/BF,CWEBF/XML/cwec_v4.6.xml,a3d603fad3b585a1d3ec36690a04b631f8bcdf0a,CVE-2009-1099
477905329,ibojanova/BF,CWEBF/XML/cwec_v4.6.xml,a3d603fad3b585a1d3ec36690a04b631f8bcdf0a,CVE-2009-1097
477905329,ibojanova/BF,CWEBF/XML/cwec_v4.6.xml,a3d603fad3b585a1d3ec36690a04b631f8bcdf0a,CVE-2009-1073
477905329,ibojanova/BF,CWEBF/XML/cwec_v4.6.xml,a3d603fad3b585a1d3ec36690a04b631f8bcdf0a,CVE-2009-1048
477905329,ibojanova/BF,CWEBF/XML/cwec_v4.6.xml,a3d603fad3b585a1d3ec36690a04b631f8bcdf0a,CVE-2009-0964
477905329,ibojanova/BF,CWEBF/XML/cwec_v4.6.xml,a3d603fad3b585a1d3ec36690a04b631f8bcdf0a,CVE-2009-0949
477905329,ibojanova/BF,CWEBF/XML/cwec_v4.6.xml,a3d603fad3b585a1d3ec36690a04b631f8bcdf0a,CVE-2009-0935
477905329,ibojanova/BF,CWEBF/XML/cwec_v4.6.xml,a3d603fad3b585a1d3ec36690a04b631f8bcdf0a,CVE-2009-1350
477905329,ibojanova/BF,CWEBF/XML/cwec_v4.6.xml,a3d603fad3b585a1d3ec36690a04b631f8bcdf0a,CVE-2009-0864
477905329,ibojanova/BF,CWEBF/XML/cwec_v4.6.xml,a3d603fad3b585a1d3ec36690a04b631f8bcdf0a,CVE-2009-1721
477905329,ibojanova/BF,CWEBF/XML/cwec_v4.6.xml,a3d603fad3b585a1d3ec36690a04b631f8bcdf0a,CVE-2009-1928
477905329,ibojanova/BF,CWEBF/XML/cwec_v4.6.xml,a3d603fad3b585a1d3ec36690a04b631f8bcdf0a,CVE-2009-2692
477905329,ibojanova/BF,CWEBF/XML/cwec_v4.6.xml,a3d603fad3b585a1d3ec36690a04b631f8bcdf0a,CVE-2009-2687
477905329,ibojanova/BF,CWEBF/XML/cwec_v4.6.xml,a3d603fad3b585a1d3ec36690a04b631f8bcdf0a,CVE-2009-2550
477905329,ibojanova/BF,CWEBF/XML/cwec_v4.6.xml,a3d603fad3b585a1d3ec36690a04b631f8bcdf0a,CVE-2009-2540
477905329,ibojanova/BF,CWEBF/XML/cwec_v4.6.xml,a3d603fad3b585a1d3ec36690a04b631f8bcdf0a,CVE-2009-2523
477905329,ibojanova/BF,CWEBF/XML/cwec_v4.6.xml,a3d603fad3b585a1d3ec36690a04b631f8bcdf0a,CVE-2009-2431
477905329,ibojanova/BF,CWEBF/XML/cwec_v4.6.xml,a3d603fad3b585a1d3ec36690a04b631f8bcdf0a,CVE-2009-2422
477905329,ibojanova/BF,CWEBF/XML/cwec_v4.6.xml,a3d603fad3b585a1d3ec36690a04b631f8bcdf0a,CVE-2009-2416
477905329,ibojanova/BF,CWEBF/XML/cwec_v4.6.xml,a3d603fad3b585a1d3ec36690a04b631f8bcdf0a,CVE-2009-2408
477905329,ibojanova/BF,CWEBF/XML/cwec_v4.6.xml,a3d603fad3b585a1d3ec36690a04b631f8bcdf0a,CVE-2009-2403
477905329,ibojanova/BF,CWEBF/XML/cwec_v4.6.xml,a3d603fad3b585a1d3ec36690a04b631f8bcdf0a,CVE-2009-2382
477905329,ibojanova/BF,CWEBF/XML/cwec_v4.6.xml,a3d603fad3b585a1d3ec36690a04b631f8bcdf0a,CVE-2009-1837
477905329,ibojanova/BF,CWEBF/XML/cwec_v4.6.xml,a3d603fad3b585a1d3ec36690a04b631f8bcdf0a,CVE-2009-2367
477905329,ibojanova/BF,CWEBF/XML/cwec_v4.6.xml,a3d603fad3b585a1d3ec36690a04b631f8bcdf0a,CVE-2009-2299
477905329,ibojanova/BF,CWEBF/XML/cwec_v4.6.xml,a3d603fad3b585a1d3ec36690a04b631f8bcdf0a,CVE-2009-2282
477905329,ibojanova/BF,CWEBF/XML/cwec_v4.6.xml,a3d603fad3b585a1d3ec36690a04b631f8bcdf0a,CVE-2009-2272
477905329,ibojanova/BF,CWEBF/XML/cwec_v4.6.xml,a3d603fad3b585a1d3ec36690a04b631f8bcdf0a,CVE-2009-2213
477905329,ibojanova/BF,CWEBF/XML/cwec_v4.6.xml,a3d603fad3b585a1d3ec36690a04b631f8bcdf0a,CVE-2009-2208
477905329,ibojanova/BF,CWEBF/XML/cwec_v4.6.xml,a3d603fad3b585a1d3ec36690a04b631f8bcdf0a,CVE-2009-2168
477905329,ibojanova/BF,CWEBF/XML/cwec_v4.6.xml,a3d603fad3b585a1d3ec36690a04b631f8bcdf0a,CVE-2009-2158
477905329,ibojanova/BF,CWEBF/XML/cwec_v4.6.xml,a3d603fad3b585a1d3ec36690a04b631f8bcdf0a,CVE-2009-2054
477905329,ibojanova/BF,CWEBF/XML/cwec_v4.6.xml,a3d603fad3b585a1d3ec36690a04b631f8bcdf0a,CVE-2009-1961
477905329,ibojanova/BF,CWEBF/XML/cwec_v4.6.xml,a3d603fad3b585a1d3ec36690a04b631f8bcdf0a,CVE-2009-1955
477905329,ibojanova/BF,CWEBF/XML/cwec_v4.6.xml,a3d603fad3b585a1d3ec36690a04b631f8bcdf0a,CVE-2009-1936
477905329,ibojanova/BF,CWEBF/XML/cwec_v4.6.xml,a3d603fad3b585a1d3ec36690a04b631f8bcdf0a,CVE-2009-2346
477905329,ibojanova/BF,CWEBF/XML/cwec_v4.6.xml,a3d603fad3b585a1d3ec36690a04b631f8bcdf0a,CVE-2009-0846
477905329,ibojanova/BF,CWEBF/XML/cwec_v4.6.xml,a3d603fad3b585a1d3ec36690a04b631f8bcdf0a,CVE-2009-0824
477905329,ibojanova/BF,CWEBF/XML/cwec_v4.6.xml,a3d603fad3b585a1d3ec36690a04b631f8bcdf0a,CVE-2009-0749
477905329,ibojanova/BF,CWEBF/XML/cwec_v4.6.xml,a3d603fad3b585a1d3ec36690a04b631f8bcdf0a,CVE-2008-6393
477905329,ibojanova/BF,CWEBF/XML/cwec_v4.6.xml,a3d603fad3b585a1d3ec36690a04b631f8bcdf0a,CVE-2008-6291
477905329,ibojanova/BF,CWEBF/XML/cwec_v4.6.xml,a3d603fad3b585a1d3ec36690a04b631f8bcdf0a,CVE-2008-6157
477905329,ibojanova/BF,CWEBF/XML/cwec_v4.6.xml,a3d603fad3b585a1d3ec36690a04b631f8bcdf0a,CVE-2008-6123
477905329,ibojanova/BF,CWEBF/XML/cwec_v4.6.xml,a3d603fad3b585a1d3ec36690a04b631f8bcdf0a,CVE-2008-5817
477905329,ibojanova/BF,CWEBF/XML/cwec_v4.6.xml,a3d603fad3b585a1d3ec36690a04b631f8bcdf0a,CVE-2008-5784
477905329,ibojanova/BF,CWEBF/XML/cwec_v4.6.xml,a3d603fad3b585a1d3ec36690a04b631f8bcdf0a,CVE-2008-5770
477905329,ibojanova/BF,CWEBF/XML/cwec_v4.6.xml,a3d603fad3b585a1d3ec36690a04b631f8bcdf0a,CVE-2008-5764
477905329,ibojanova/BF,CWEBF/XML/cwec_v4.6.xml,a3d603fad3b585a1d3ec36690a04b631f8bcdf0a,CVE-2008-5748
477905329,ibojanova/BF,CWEBF/XML/cwec_v4.6.xml,a3d603fad3b585a1d3ec36690a04b631f8bcdf0a,CVE-2008-5738
477905329,ibojanova/BF,CWEBF/XML/cwec_v4.6.xml,a3d603fad3b585a1d3ec36690a04b631f8bcdf0a,CVE-2008-5734
477905329,ibojanova/BF,CWEBF/XML/cwec_v4.6.xml,a3d603fad3b585a1d3ec36690a04b631f8bcdf0a,CVE-2008-6548
477905329,ibojanova/BF,CWEBF/XML/cwec_v4.6.xml,a3d603fad3b585a1d3ec36690a04b631f8bcdf0a,CVE-2008-5724
477905329,ibojanova/BF,CWEBF/XML/cwec_v4.6.xml,a3d603fad3b585a1d3ec36690a04b631f8bcdf0a,CVE-2008-5573
477905329,ibojanova/BF,CWEBF/XML/cwec_v4.6.xml,a3d603fad3b585a1d3ec36690a04b631f8bcdf0a,CVE-2008-5563
477905329,ibojanova/BF,CWEBF/XML/cwec_v4.6.xml,a3d603fad3b585a1d3ec36690a04b631f8bcdf0a,CVE-2008-5410
477905329,ibojanova/BF,CWEBF/XML/cwec_v4.6.xml,a3d603fad3b585a1d3ec36690a04b631f8bcdf0a,CVE-2008-5397
477905329,ibojanova/BF,CWEBF/XML/cwec_v4.6.xml,a3d603fad3b585a1d3ec36690a04b631f8bcdf0a,CVE-2008-5305
477905329,ibojanova/BF,CWEBF/XML/cwec_v4.6.xml,a3d603fad3b585a1d3ec36690a04b631f8bcdf0a,CVE-2008-5285
477905329,ibojanova/BF,CWEBF/XML/cwec_v4.6.xml,a3d603fad3b585a1d3ec36690a04b631f8bcdf0a,CVE-2008-5249
477905329,ibojanova/BF,CWEBF/XML/cwec_v4.6.xml,a3d603fad3b585a1d3ec36690a04b631f8bcdf0a,CVE-2008-5183
477905329,ibojanova/BF,CWEBF/XML/cwec_v4.6.xml,a3d603fad3b585a1d3ec36690a04b631f8bcdf0a,CVE-2008-5180
477905329,ibojanova/BF,CWEBF/XML/cwec_v4.6.xml,a3d603fad3b585a1d3ec36690a04b631f8bcdf0a,CVE-2008-5162
477905329,ibojanova/BF,CWEBF/XML/cwec_v4.6.xml,a3d603fad3b585a1d3ec36690a04b631f8bcdf0a,CVE-2008-5125
477905329,ibojanova/BF,CWEBF/XML/cwec_v4.6.xml,a3d603fad3b585a1d3ec36690a04b631f8bcdf0a,CVE-2008-5642
477905329,ibojanova/BF,CWEBF/XML/cwec_v4.6.xml,a3d603fad3b585a1d3ec36690a04b631f8bcdf0a,CVE-2008-6827
477905329,ibojanova/BF,CWEBF/XML/cwec_v4.6.xml,a3d603fad3b585a1d3ec36690a04b631f8bcdf0a,CVE-2008-6828
477905329,ibojanova/BF,CWEBF/XML/cwec_v4.6.xml,a3d603fad3b585a1d3ec36690a04b631f8bcdf0a,CVE-2008-7096
477905329,ibojanova/BF,CWEBF/XML/cwec_v4.6.xml,a3d603fad3b585a1d3ec36690a04b631f8bcdf0a,CVE-2009-0690
477905329,ibojanova/BF,CWEBF/XML/cwec_v4.6.xml,a3d603fad3b585a1d3ec36690a04b631f8bcdf0a,CVE-2009-0689
477905329,ibojanova/BF,CWEBF/XML/cwec_v4.6.xml,a3d603fad3b585a1d3ec36690a04b631f8bcdf0a,CVE-2009-0686
477905329,ibojanova/BF,CWEBF/XML/cwec_v4.6.xml,a3d603fad3b585a1d3ec36690a04b631f8bcdf0a,CVE-2009-0652
477905329,ibojanova/BF,CWEBF/XML/cwec_v4.6.xml,a3d603fad3b585a1d3ec36690a04b631f8bcdf0a,CVE-2009-0642
477905329,ibojanova/BF,CWEBF/XML/cwec_v4.6.xml,a3d603fad3b585a1d3ec36690a04b631f8bcdf0a,CVE-2009-0566
477905329,ibojanova/BF,CWEBF/XML/cwec_v4.6.xml,a3d603fad3b585a1d3ec36690a04b631f8bcdf0a,CVE-2009-0558
477905329,ibojanova/BF,CWEBF/XML/cwec_v4.6.xml,a3d603fad3b585a1d3ec36690a04b631f8bcdf0a,CVE-2009-0422
477905329,ibojanova/BF,CWEBF/XML/cwec_v4.6.xml,a3d603fad3b585a1d3ec36690a04b631f8bcdf0a,CVE-2009-0311
477905329,ibojanova/BF,CWEBF/XML/cwec_v4.6.xml,a3d603fad3b585a1d3ec36690a04b631f8bcdf0a,CVE-2009-0269
477905329,ibojanova/BF,CWEBF/XML/cwec_v4.6.xml,a3d603fad3b585a1d3ec36690a04b631f8bcdf0a,CVE-2009-0265
477905329,ibojanova/BF,CWEBF/XML/cwec_v4.6.xml,a3d603fad3b585a1d3ec36690a04b631f8bcdf0a,CVE-2009-0255
477905329,ibojanova/BF,CWEBF/XML/cwec_v4.6.xml,a3d603fad3b585a1d3ec36690a04b631f8bcdf0a,CVE-2009-0244
477905329,ibojanova/BF,CWEBF/XML/cwec_v4.6.xml,a3d603fad3b585a1d3ec36690a04b631f8bcdf0a,CVE-2009-0231
477905329,ibojanova/BF,CWEBF/XML/cwec_v4.6.xml,a3d603fad3b585a1d3ec36690a04b631f8bcdf0a,CVE-2009-0191
477905329,ibojanova/BF,CWEBF/XML/cwec_v4.6.xml,a3d603fad3b585a1d3ec36690a04b631f8bcdf0a,CVE-2009-0161
477905329,ibojanova/BF,CWEBF/XML/cwec_v4.6.xml,a3d603fad3b585a1d3ec36690a04b631f8bcdf0a,CVE-2009-0152
477905329,ibojanova/BF,CWEBF/XML/cwec_v4.6.xml,a3d603fad3b585a1d3ec36690a04b631f8bcdf0a,CVE-2009-0141
477905329,ibojanova/BF,CWEBF/XML/cwec_v4.6.xml,a3d603fad3b585a1d3ec36690a04b631f8bcdf0a,CVE-2009-0124
477905329,ibojanova/BF,CWEBF/XML/cwec_v4.6.xml,a3d603fad3b585a1d3ec36690a04b631f8bcdf0a,CVE-2009-0115
477905329,ibojanova/BF,CWEBF/XML/cwec_v4.6.xml,a3d603fad3b585a1d3ec36690a04b631f8bcdf0a,CVE-2009-0040
477905329,ibojanova/BF,CWEBF/XML/cwec_v4.6.xml,a3d603fad3b585a1d3ec36690a04b631f8bcdf0a,CVE-2009-0037
477905329,ibojanova/BF,CWEBF/XML/cwec_v4.6.xml,a3d603fad3b585a1d3ec36690a04b631f8bcdf0a,CVE-2009-0034
477905329,ibojanova/BF,CWEBF/XML/cwec_v4.6.xml,a3d603fad3b585a1d3ec36690a04b631f8bcdf0a,CVE-2008-7310
477905329,ibojanova/BF,CWEBF/XML/cwec_v4.6.xml,a3d603fad3b585a1d3ec36690a04b631f8bcdf0a,CVE-2008-7109
477905329,ibojanova/BF,CWEBF/XML/cwec_v4.6.xml,a3d603fad3b585a1d3ec36690a04b631f8bcdf0a,CVE-2009-2694
477905329,ibojanova/BF,CWEBF/XML/cwec_v4.6.xml,a3d603fad3b585a1d3ec36690a04b631f8bcdf0a,CVE-2008-5071
477905329,ibojanova/BF,CWEBF/XML/cwec_v4.6.xml,a3d603fad3b585a1d3ec36690a04b631f8bcdf0a,CVE-2009-2698
477905329,ibojanova/BF,CWEBF/XML/cwec_v4.6.xml,a3d603fad3b585a1d3ec36690a04b631f8bcdf0a,CVE-2009-2726
477905329,ibojanova/BF,CWEBF/XML/cwec_v4.6.xml,a3d603fad3b585a1d3ec36690a04b631f8bcdf0a,CVE-2010-2549
477905329,ibojanova/BF,CWEBF/XML/cwec_v4.6.xml,a3d603fad3b585a1d3ec36690a04b631f8bcdf0a,CVE-2010-2547
477905329,ibojanova/BF,CWEBF/XML/cwec_v4.6.xml,a3d603fad3b585a1d3ec36690a04b631f8bcdf0a,CVE-2010-2534
477905329,ibojanova/BF,CWEBF/XML/cwec_v4.6.xml,a3d603fad3b585a1d3ec36690a04b631f8bcdf0a,CVE-2010-2530
477905329,ibojanova/BF,CWEBF/XML/cwec_v4.6.xml,a3d603fad3b585a1d3ec36690a04b631f8bcdf0a,CVE-2010-2299
477905329,ibojanova/BF,CWEBF/XML/cwec_v4.6.xml,a3d603fad3b585a1d3ec36690a04b631f8bcdf0a,CVE-2010-2160
477905329,ibojanova/BF,CWEBF/XML/cwec_v4.6.xml,a3d603fad3b585a1d3ec36690a04b631f8bcdf0a,CVE-2010-2076
477905329,ibojanova/BF,CWEBF/XML/cwec_v4.6.xml,a3d603fad3b585a1d3ec36690a04b631f8bcdf0a,CVE-2010-2074
477905329,ibojanova/BF,CWEBF/XML/cwec_v4.6.xml,a3d603fad3b585a1d3ec36690a04b631f8bcdf0a,CVE-2010-2073
477905329,ibojanova/BF,CWEBF/XML/cwec_v4.6.xml,a3d603fad3b585a1d3ec36690a04b631f8bcdf0a,CVE-2010-1866
477905329,ibojanova/BF,CWEBF/XML/cwec_v4.6.xml,a3d603fad3b585a1d3ec36690a04b631f8bcdf0a,CVE-2010-1818
477905329,ibojanova/BF,CWEBF/XML/cwec_v4.6.xml,a3d603fad3b585a1d3ec36690a04b631f8bcdf0a,CVE-2010-2620
477905329,ibojanova/BF,CWEBF/XML/cwec_v4.6.xml,a3d603fad3b585a1d3ec36690a04b631f8bcdf0a,CVE-2010-1795
477905329,ibojanova/BF,CWEBF/XML/cwec_v4.6.xml,a3d603fad3b585a1d3ec36690a04b631f8bcdf0a,CVE-2010-1637
477905329,ibojanova/BF,CWEBF/XML/cwec_v4.6.xml,a3d603fad3b585a1d3ec36690a04b631f8bcdf0a,CVE-2010-1573
477905329,ibojanova/BF,CWEBF/XML/cwec_v4.6.xml,a3d603fad3b585a1d3ec36690a04b631f8bcdf0a,CVE-2010-1437
477905329,ibojanova/BF,CWEBF/XML/cwec_v4.6.xml,a3d603fad3b585a1d3ec36690a04b631f8bcdf0a,CVE-2010-1378
477905329,ibojanova/BF,CWEBF/XML/cwec_v4.6.xml,a3d603fad3b585a1d3ec36690a04b631f8bcdf0a,CVE-2010-1281
477905329,ibojanova/BF,CWEBF/XML/cwec_v4.6.xml,a3d603fad3b585a1d3ec36690a04b631f8bcdf0a,CVE-2010-1253
477905329,ibojanova/BF,CWEBF/XML/cwec_v4.6.xml,a3d603fad3b585a1d3ec36690a04b631f8bcdf0a,CVE-2010-1208
477905329,ibojanova/BF,CWEBF/XML/cwec_v4.6.xml,a3d603fad3b585a1d3ec36690a04b631f8bcdf0a,CVE-2010-0629
477905329,ibojanova/BF,CWEBF/XML/cwec_v4.6.xml,a3d603fad3b585a1d3ec36690a04b631f8bcdf0a,CVE-2010-0623
477905329,ibojanova/BF,CWEBF/XML/cwec_v4.6.xml,a3d603fad3b585a1d3ec36690a04b631f8bcdf0a,CVE-2010-0467
477905329,ibojanova/BF,CWEBF/XML/cwec_v4.6.xml,a3d603fad3b585a1d3ec36690a04b631f8bcdf0a,CVE-2010-0378
477905329,ibojanova/BF,CWEBF/XML/cwec_v4.6.xml,a3d603fad3b585a1d3ec36690a04b631f8bcdf0a,CVE-2010-1772
477905329,ibojanova/BF,CWEBF/XML/cwec_v4.6.xml,a3d603fad3b585a1d3ec36690a04b631f8bcdf0a,CVE-2010-0302
477905329,ibojanova/BF,CWEBF/XML/cwec_v4.6.xml,a3d603fad3b585a1d3ec36690a04b631f8bcdf0a,CVE-2010-2753
477905329,ibojanova/BF,CWEBF/XML/cwec_v4.6.xml,a3d603fad3b585a1d3ec36690a04b631f8bcdf0a,CVE-2010-2866
477905329,ibojanova/BF,CWEBF/XML/cwec_v4.6.xml,a3d603fad3b585a1d3ec36690a04b631f8bcdf0a,CVE-2010-4168
477905329,ibojanova/BF,CWEBF/XML/cwec_v4.6.xml,a3d603fad3b585a1d3ec36690a04b631f8bcdf0a,CVE-2010-4156
477905329,ibojanova/BF,CWEBF/XML/cwec_v4.6.xml,a3d603fad3b585a1d3ec36690a04b631f8bcdf0a,CVE-2010-3860
477905329,ibojanova/BF,CWEBF/XML/cwec_v4.6.xml,a3d603fad3b585a1d3ec36690a04b631f8bcdf0a,CVE-2010-3716
477905329,ibojanova/BF,CWEBF/XML/cwec_v4.6.xml,a3d603fad3b585a1d3ec36690a04b631f8bcdf0a,CVE-2010-3704
477905329,ibojanova/BF,CWEBF/XML/cwec_v4.6.xml,a3d603fad3b585a1d3ec36690a04b631f8bcdf0a,CVE-2010-3701
477905329,ibojanova/BF,CWEBF/XML/cwec_v4.6.xml,a3d603fad3b585a1d3ec36690a04b631f8bcdf0a,CVE-2010-3636
477905329,ibojanova/BF,CWEBF/XML/cwec_v4.6.xml,a3d603fad3b585a1d3ec36690a04b631f8bcdf0a,CVE-2010-3402
477905329,ibojanova/BF,CWEBF/XML/cwec_v4.6.xml,a3d603fad3b585a1d3ec36690a04b631f8bcdf0a,CVE-2010-3397
477905329,ibojanova/BF,CWEBF/XML/cwec_v4.6.xml,a3d603fad3b585a1d3ec36690a04b631f8bcdf0a,CVE-2010-3328
477905329,ibojanova/BF,CWEBF/XML/cwec_v4.6.xml,a3d603fad3b585a1d3ec36690a04b631f8bcdf0a,CVE-2010-3322
477905329,ibojanova/BF,CWEBF/XML/cwec_v4.6.xml,a3d603fad3b585a1d3ec36690a04b631f8bcdf0a,CVE-2010-2772
477905329,ibojanova/BF,CWEBF/XML/cwec_v4.6.xml,a3d603fad3b585a1d3ec36690a04b631f8bcdf0a,CVE-2010-3258
477905329,ibojanova/BF,CWEBF/XML/cwec_v4.6.xml,a3d603fad3b585a1d3ec36690a04b631f8bcdf0a,CVE-2010-3189
477905329,ibojanova/BF,CWEBF/XML/cwec_v4.6.xml,a3d603fad3b585a1d3ec36690a04b631f8bcdf0a,CVE-2010-3152
477905329,ibojanova/BF,CWEBF/XML/cwec_v4.6.xml,a3d603fad3b585a1d3ec36690a04b631f8bcdf0a,CVE-2010-3147
477905329,ibojanova/BF,CWEBF/XML/cwec_v4.6.xml,a3d603fad3b585a1d3ec36690a04b631f8bcdf0a,CVE-2010-3138
477905329,ibojanova/BF,CWEBF/XML/cwec_v4.6.xml,a3d603fad3b585a1d3ec36690a04b631f8bcdf0a,CVE-2010-3135
477905329,ibojanova/BF,CWEBF/XML/cwec_v4.6.xml,a3d603fad3b585a1d3ec36690a04b631f8bcdf0a,CVE-2010-3131
477905329,ibojanova/BF,CWEBF/XML/cwec_v4.6.xml,a3d603fad3b585a1d3ec36690a04b631f8bcdf0a,CVE-2010-2941
477905329,ibojanova/BF,CWEBF/XML/cwec_v4.6.xml,a3d603fad3b585a1d3ec36690a04b631f8bcdf0a,CVE-2010-2878
477905329,ibojanova/BF,CWEBF/XML/cwec_v4.6.xml,a3d603fad3b585a1d3ec36690a04b631f8bcdf0a,CVE-2010-2873
477905329,ibojanova/BF,CWEBF/XML/cwec_v4.6.xml,a3d603fad3b585a1d3ec36690a04b631f8bcdf0a,CVE-2010-2872
477905329,ibojanova/BF,CWEBF/XML/cwec_v4.6.xml,a3d603fad3b585a1d3ec36690a04b631f8bcdf0a,CVE-2010-2867
477905329,ibojanova/BF,CWEBF/XML/cwec_v4.6.xml,a3d603fad3b585a1d3ec36690a04b631f8bcdf0a,CVE-2010-3257
477905329,ibojanova/BF,CWEBF/XML/cwec_v4.6.xml,a3d603fad3b585a1d3ec36690a04b631f8bcdf0a,CVE-2010-0258
477905329,ibojanova/BF,CWEBF/XML/cwec_v4.6.xml,a3d603fad3b585a1d3ec36690a04b631f8bcdf0a,CVE-2010-0249
477905329,ibojanova/BF,CWEBF/XML/cwec_v4.6.xml,a3d603fad3b585a1d3ec36690a04b631f8bcdf0a,CVE-2010-0211
477905329,ibojanova/BF,CWEBF/XML/cwec_v4.6.xml,a3d603fad3b585a1d3ec36690a04b631f8bcdf0a,CVE-2009-3553
477905329,ibojanova/BF,CWEBF/XML/cwec_v4.6.xml,a3d603fad3b585a1d3ec36690a04b631f8bcdf0a,CVE-2009-3547
477905329,ibojanova/BF,CWEBF/XML/cwec_v4.6.xml,a3d603fad3b585a1d3ec36690a04b631f8bcdf0a,CVE-2009-3520
477905329,ibojanova/BF,CWEBF/XML/cwec_v4.6.xml,a3d603fad3b585a1d3ec36690a04b631f8bcdf0a,CVE-2009-3489
477905329,ibojanova/BF,CWEBF/XML/cwec_v4.6.xml,a3d603fad3b585a1d3ec36690a04b631f8bcdf0a,CVE-2009-3482
477905329,ibojanova/BF,CWEBF/XML/cwec_v4.6.xml,a3d603fad3b585a1d3ec36690a04b631f8bcdf0a,CVE-2009-3421
477905329,ibojanova/BF,CWEBF/XML/cwec_v4.6.xml,a3d603fad3b585a1d3ec36690a04b631f8bcdf0a,CVE-2009-3289
477905329,ibojanova/BF,CWEBF/XML/cwec_v4.6.xml,a3d603fad3b585a1d3ec36690a04b631f8bcdf0a,CVE-2009-3278
477905329,ibojanova/BF,CWEBF/XML/cwec_v4.6.xml,a3d603fad3b585a1d3ec36690a04b631f8bcdf0a,CVE-2009-3238
477905329,ibojanova/BF,CWEBF/XML/cwec_v4.6.xml,a3d603fad3b585a1d3ec36690a04b631f8bcdf0a,CVE-2009-3232
477905329,ibojanova/BF,CWEBF/XML/cwec_v4.6.xml,a3d603fad3b585a1d3ec36690a04b631f8bcdf0a,CVE-2009-3231
477905329,ibojanova/BF,CWEBF/XML/cwec_v4.6.xml,a3d603fad3b585a1d3ec36690a04b631f8bcdf0a,CVE-2009-3597
477905329,ibojanova/BF,CWEBF/XML/cwec_v4.6.xml,a3d603fad3b585a1d3ec36690a04b631f8bcdf0a,CVE-2009-3230
477905329,ibojanova/BF,CWEBF/XML/cwec_v4.6.xml,a3d603fad3b585a1d3ec36690a04b631f8bcdf0a,CVE-2009-3129
477905329,ibojanova/BF,CWEBF/XML/cwec_v4.6.xml,a3d603fad3b585a1d3ec36690a04b631f8bcdf0a,CVE-2009-3107
477905329,ibojanova/BF,CWEBF/XML/cwec_v4.6.xml,a3d603fad3b585a1d3ec36690a04b631f8bcdf0a,CVE-2009-3080
477905329,ibojanova/BF,CWEBF/XML/cwec_v4.6.xml,a3d603fad3b585a1d3ec36690a04b631f8bcdf0a,CVE-2009-3046
477905329,ibojanova/BF,CWEBF/XML/cwec_v4.6.xml,a3d603fad3b585a1d3ec36690a04b631f8bcdf0a,CVE-2009-3022
477905329,ibojanova/BF,CWEBF/XML/cwec_v4.6.xml,a3d603fad3b585a1d3ec36690a04b631f8bcdf0a,CVE-2009-2960
477905329,ibojanova/BF,CWEBF/XML/cwec_v4.6.xml,a3d603fad3b585a1d3ec36690a04b631f8bcdf0a,CVE-2009-2874
477905329,ibojanova/BF,CWEBF/XML/cwec_v4.6.xml,a3d603fad3b585a1d3ec36690a04b631f8bcdf0a,CVE-2009-2858
477905329,ibojanova/BF,CWEBF/XML/cwec_v4.6.xml,a3d603fad3b585a1d3ec36690a04b631f8bcdf0a,CVE-2009-2857
477905329,ibojanova/BF,CWEBF/XML/cwec_v4.6.xml,a3d603fad3b585a1d3ec36690a04b631f8bcdf0a,CVE-2009-2814
477905329,ibojanova/BF,CWEBF/XML/cwec_v4.6.xml,a3d603fad3b585a1d3ec36690a04b631f8bcdf0a,CVE-2009-2768
477905329,ibojanova/BF,CWEBF/XML/cwec_v4.6.xml,a3d603fad3b585a1d3ec36690a04b631f8bcdf0a,CVE-2009-3168
477905329,ibojanova/BF,CWEBF/XML/cwec_v4.6.xml,a3d603fad3b585a1d3ec36690a04b631f8bcdf0a,CVE-2009-3611
477905329,ibojanova/BF,CWEBF/XML/cwec_v4.6.xml,a3d603fad3b585a1d3ec36690a04b631f8bcdf0a,CVE-2009-3616
477905329,ibojanova/BF,CWEBF/XML/cwec_v4.6.xml,a3d603fad3b585a1d3ec36690a04b631f8bcdf0a,CVE-2009-3620
477905329,ibojanova/BF,CWEBF/XML/cwec_v4.6.xml,a3d603fad3b585a1d3ec36690a04b631f8bcdf0a,CVE-2010-0176
477905329,ibojanova/BF,CWEBF/XML/cwec_v4.6.xml,a3d603fad3b585a1d3ec36690a04b631f8bcdf0a,CVE-2010-0050
477905329,ibojanova/BF,CWEBF/XML/cwec_v4.6.xml,a3d603fad3b585a1d3ec36690a04b631f8bcdf0a,CVE-2010-0013
477905329,ibojanova/BF,CWEBF/XML/cwec_v4.6.xml,a3d603fad3b585a1d3ec36690a04b631f8bcdf0a,CVE-2010-0012
477905329,ibojanova/BF,CWEBF/XML/cwec_v4.6.xml,a3d603fad3b585a1d3ec36690a04b631f8bcdf0a,CVE-2009-5056
477905329,ibojanova/BF,CWEBF/XML/cwec_v4.6.xml,a3d603fad3b585a1d3ec36690a04b631f8bcdf0a,CVE-2009-4895
477905329,ibojanova/BF,CWEBF/XML/cwec_v4.6.xml,a3d603fad3b585a1d3ec36690a04b631f8bcdf0a,CVE-2009-4581
477905329,ibojanova/BF,CWEBF/XML/cwec_v4.6.xml,a3d603fad3b585a1d3ec36690a04b631f8bcdf0a,CVE-2009-4565
477905329,ibojanova/BF,CWEBF/XML/cwec_v4.6.xml,a3d603fad3b585a1d3ec36690a04b631f8bcdf0a,CVE-2009-4449
477905329,ibojanova/BF,CWEBF/XML/cwec_v4.6.xml,a3d603fad3b585a1d3ec36690a04b631f8bcdf0a,CVE-2009-4419
477905329,ibojanova/BF,CWEBF/XML/cwec_v4.6.xml,a3d603fad3b585a1d3ec36690a04b631f8bcdf0a,CVE-2009-4307
477905329,ibojanova/BF,CWEBF/XML/cwec_v4.6.xml,a3d603fad3b585a1d3ec36690a04b631f8bcdf0a,CVE-2009-4272
477905329,ibojanova/BF,CWEBF/XML/cwec_v4.6.xml,a3d603fad3b585a1d3ec36690a04b631f8bcdf0a,CVE-2009-4194
477905329,ibojanova/BF,CWEBF/XML/cwec_v4.6.xml,a3d603fad3b585a1d3ec36690a04b631f8bcdf0a,CVE-2009-4137
477905329,ibojanova/BF,CWEBF/XML/cwec_v4.6.xml,a3d603fad3b585a1d3ec36690a04b631f8bcdf0a,CVE-2009-4053
477905329,ibojanova/BF,CWEBF/XML/cwec_v4.6.xml,a3d603fad3b585a1d3ec36690a04b631f8bcdf0a,CVE-2009-4017
477905329,ibojanova/BF,CWEBF/XML/cwec_v4.6.xml,a3d603fad3b585a1d3ec36690a04b631f8bcdf0a,CVE-2009-4013
477905329,ibojanova/BF,CWEBF/XML/cwec_v4.6.xml,a3d603fad3b585a1d3ec36690a04b631f8bcdf0a,CVE-2009-3939
477905329,ibojanova/BF,CWEBF/XML/cwec_v4.6.xml,a3d603fad3b585a1d3ec36690a04b631f8bcdf0a,CVE-2009-3897
477905329,ibojanova/BF,CWEBF/XML/cwec_v4.6.xml,a3d603fad3b585a1d3ec36690a04b631f8bcdf0a,CVE-2009-3849
477905329,ibojanova/BF,CWEBF/XML/cwec_v4.6.xml,a3d603fad3b585a1d3ec36690a04b631f8bcdf0a,CVE-2009-3781
477905329,ibojanova/BF,CWEBF/XML/cwec_v4.6.xml,a3d603fad3b585a1d3ec36690a04b631f8bcdf0a,CVE-2009-3767
477905329,ibojanova/BF,CWEBF/XML/cwec_v4.6.xml,a3d603fad3b585a1d3ec36690a04b631f8bcdf0a,CVE-2009-3759
477905329,ibojanova/BF,CWEBF/XML/cwec_v4.6.xml,a3d603fad3b585a1d3ec36690a04b631f8bcdf0a,CVE-2009-3658
477905329,ibojanova/BF,CWEBF/XML/cwec_v4.6.xml,a3d603fad3b585a1d3ec36690a04b631f8bcdf0a,CVE-2009-3624
477905329,ibojanova/BF,CWEBF/XML/cwec_v4.6.xml,a3d603fad3b585a1d3ec36690a04b631f8bcdf0a,CVE-2009-2699
477905329,ibojanova/BF,CWEBF/XML/cwec_v4.6.xml,a3d603fad3b585a1d3ec36690a04b631f8bcdf0a,MS08-014
477905329,ibojanova/BF,CWEBF/XML/cwec_v4.6.xml,a3d603fad3b585a1d3ec36690a04b631f8bcdf0a,CVE-2005-1941
477905329,ibojanova/BF,CWEBF/XML/cwec_v4.6.xml,a3d603fad3b585a1d3ec36690a04b631f8bcdf0a,CVE-2005-1920
477905329,ibojanova/BF,CWEBF/XML/cwec_v4.6.xml,a3d603fad3b585a1d3ec36690a04b631f8bcdf0a,CVE-2002-0514
477905329,ibojanova/BF,CWEBF/XML/cwec_v4.6.xml,a3d603fad3b585a1d3ec36690a04b631f8bcdf0a,CVE-2002-0499
477905329,ibojanova/BF,CWEBF/XML/cwec_v4.6.xml,a3d603fad3b585a1d3ec36690a04b631f8bcdf0a,CVE-2002-0495
477905329,ibojanova/BF,CWEBF/XML/cwec_v4.6.xml,a3d603fad3b585a1d3ec36690a04b631f8bcdf0a,CVE-2002-0485
477905329,ibojanova/BF,CWEBF/XML/cwec_v4.6.xml,a3d603fad3b585a1d3ec36690a04b631f8bcdf0a,CVE-2002-0466
477905329,ibojanova/BF,CWEBF/XML/cwec_v4.6.xml,a3d603fad3b585a1d3ec36690a04b631f8bcdf0a,CVE-2002-0433
477905329,ibojanova/BF,CWEBF/XML/cwec_v4.6.xml,a3d603fad3b585a1d3ec36690a04b631f8bcdf0a,CVE-2002-0422
477905329,ibojanova/BF,CWEBF/XML/cwec_v4.6.xml,a3d603fad3b585a1d3ec36690a04b631f8bcdf0a,CVE-2002-0406
477905329,ibojanova/BF,CWEBF/XML/cwec_v4.6.xml,a3d603fad3b585a1d3ec36690a04b631f8bcdf0a,CVE-2002-0401
477905329,ibojanova/BF,CWEBF/XML/cwec_v4.6.xml,a3d603fad3b585a1d3ec36690a04b631f8bcdf0a,CVE-2002-0391
477905329,ibojanova/BF,CWEBF/XML/cwec_v4.6.xml,a3d603fad3b585a1d3ec36690a04b631f8bcdf0a,CVE-2002-0389
477905329,ibojanova/BF,CWEBF/XML/cwec_v4.6.xml,a3d603fad3b585a1d3ec36690a04b631f8bcdf0a,CVE-2002-0515
477905329,ibojanova/BF,CWEBF/XML/cwec_v4.6.xml,a3d603fad3b585a1d3ec36690a04b631f8bcdf0a,CVE-2002-0367
477905329,ibojanova/BF,CWEBF/XML/cwec_v4.6.xml,a3d603fad3b585a1d3ec36690a04b631f8bcdf0a,CVE-2002-0304
477905329,ibojanova/BF,CWEBF/XML/cwec_v4.6.xml,a3d603fad3b585a1d3ec36690a04b631f8bcdf0a,CVE-2002-0298
477905329,ibojanova/BF,CWEBF/XML/cwec_v4.6.xml,a3d603fad3b585a1d3ec36690a04b631f8bcdf0a,CVE-2002-0288
477905329,ibojanova/BF,CWEBF/XML/cwec_v4.6.xml,a3d603fad3b585a1d3ec36690a04b631f8bcdf0a,CVE-2002-0275
477905329,ibojanova/BF,CWEBF/XML/cwec_v4.6.xml,a3d603fad3b585a1d3ec36690a04b631f8bcdf0a,CVE-2002-0267
477905329,ibojanova/BF,CWEBF/XML/cwec_v4.6.xml,a3d603fad3b585a1d3ec36690a04b631f8bcdf0a,CVE-2002-0265
477905329,ibojanova/BF,CWEBF/XML/cwec_v4.6.xml,a3d603fad3b585a1d3ec36690a04b631f8bcdf0a,CVE-2002-0253
477905329,ibojanova/BF,CWEBF/XML/cwec_v4.6.xml,a3d603fad3b585a1d3ec36690a04b631f8bcdf0a,CVE-2002-0216
477905329,ibojanova/BF,CWEBF/XML/cwec_v4.6.xml,a3d603fad3b585a1d3ec36690a04b631f8bcdf0a,CVE-2002-0208
477905329,ibojanova/BF,CWEBF/XML/cwec_v4.6.xml,a3d603fad3b585a1d3ec36690a04b631f8bcdf0a,CVE-2002-0200
477905329,ibojanova/BF,CWEBF/XML/cwec_v4.6.xml,a3d603fad3b585a1d3ec36690a04b631f8bcdf0a,CVE-2002-0197
477905329,ibojanova/BF,CWEBF/XML/cwec_v4.6.xml,a3d603fad3b585a1d3ec36690a04b631f8bcdf0a,CVE-2002-0325
477905329,ibojanova/BF,CWEBF/XML/cwec_v4.6.xml,a3d603fad3b585a1d3ec36690a04b631f8bcdf0a,CVE-2002-0184
477905329,ibojanova/BF,CWEBF/XML/cwec_v4.6.xml,a3d603fad3b585a1d3ec36690a04b631f8bcdf0a,CVE-2002-0542
477905329,ibojanova/BF,CWEBF/XML/cwec_v4.6.xml,a3d603fad3b585a1d3ec36690a04b631f8bcdf0a,CVE-2002-0573
477905329,ibojanova/BF,CWEBF/XML/cwec_v4.6.xml,a3d603fad3b585a1d3ec36690a04b631f8bcdf0a,CVE-2002-0804
477905329,ibojanova/BF,CWEBF/XML/cwec_v4.6.xml,a3d603fad3b585a1d3ec36690a04b631f8bcdf0a,CVE-2002-0802
477905329,ibojanova/BF,CWEBF/XML/cwec_v4.6.xml,a3d603fad3b585a1d3ec36690a04b631f8bcdf0a,CVE-2002-0793
477905329,ibojanova/BF,CWEBF/XML/cwec_v4.6.xml,a3d603fad3b585a1d3ec36690a04b631f8bcdf0a,CVE-2002-0788
477905329,ibojanova/BF,CWEBF/XML/cwec_v4.6.xml,a3d603fad3b585a1d3ec36690a04b631f8bcdf0a,CVE-2002-0784
477905329,ibojanova/BF,CWEBF/XML/cwec_v4.6.xml,a3d603fad3b585a1d3ec36690a04b631f8bcdf0a,CVE-2002-0770
477905329,ibojanova/BF,CWEBF/XML/cwec_v4.6.xml,a3d603fad3b585a1d3ec36690a04b631f8bcdf0a,CVE-2002-0764
477905329,ibojanova/BF,CWEBF/XML/cwec_v4.6.xml,a3d603fad3b585a1d3ec36690a04b631f8bcdf0a,CVE-2002-0760
477905329,ibojanova/BF,CWEBF/XML/cwec_v4.6.xml,a3d603fad3b585a1d3ec36690a04b631f8bcdf0a,CVE-2002-0738
477905329,ibojanova/BF,CWEBF/XML/cwec_v4.6.xml,a3d603fad3b585a1d3ec36690a04b631f8bcdf0a,CVE-2002-0729
477905329,ibojanova/BF,CWEBF/XML/cwec_v4.6.xml,a3d603fad3b585a1d3ec36690a04b631f8bcdf0a,CVE-2002-0725
477905329,ibojanova/BF,CWEBF/XML/cwec_v4.6.xml,a3d603fad3b585a1d3ec36690a04b631f8bcdf0a,CVE-2002-0567
477905329,ibojanova/BF,CWEBF/XML/cwec_v4.6.xml,a3d603fad3b585a1d3ec36690a04b631f8bcdf0a,CVE-2002-0722
477905329,ibojanova/BF,CWEBF/XML/cwec_v4.6.xml,a3d603fad3b585a1d3ec36690a04b631f8bcdf0a,CVE-2002-0671
477905329,ibojanova/BF,CWEBF/XML/cwec_v4.6.xml,a3d603fad3b585a1d3ec36690a04b631f8bcdf0a,CVE-2002-0661
477905329,ibojanova/BF,CWEBF/XML/cwec_v4.6.xml,a3d603fad3b585a1d3ec36690a04b631f8bcdf0a,CVE-2002-0653
477905329,ibojanova/BF,CWEBF/XML/cwec_v4.6.xml,a3d603fad3b585a1d3ec36690a04b631f8bcdf0a,CVE-2002-0639
477905329,ibojanova/BF,CWEBF/XML/cwec_v4.6.xml,a3d603fad3b585a1d3ec36690a04b631f8bcdf0a,CVE-2002-0638
477905329,ibojanova/BF,CWEBF/XML/cwec_v4.6.xml,a3d603fad3b585a1d3ec36690a04b631f8bcdf0a,CVE-2002-0637
477905329,ibojanova/BF,CWEBF/XML/cwec_v4.6.xml,a3d603fad3b585a1d3ec36690a04b631f8bcdf0a,CVE-2002-0628
477905329,ibojanova/BF,CWEBF/XML/cwec_v4.6.xml,a3d603fad3b585a1d3ec36690a04b631f8bcdf0a,CVE-2002-0614
477905329,ibojanova/BF,CWEBF/XML/cwec_v4.6.xml,a3d603fad3b585a1d3ec36690a04b631f8bcdf0a,CVE-2002-0596
477905329,ibojanova/BF,CWEBF/XML/cwec_v4.6.xml,a3d603fad3b585a1d3ec36690a04b631f8bcdf0a,CVE-2002-0583
477905329,ibojanova/BF,CWEBF/XML/cwec_v4.6.xml,a3d603fad3b585a1d3ec36690a04b631f8bcdf0a,CVE-2002-0574
477905329,ibojanova/BF,CWEBF/XML/cwec_v4.6.xml,a3d603fad3b585a1d3ec36690a04b631f8bcdf0a,CVE-2002-0704
477905329,ibojanova/BF,CWEBF/XML/cwec_v4.6.xml,a3d603fad3b585a1d3ec36690a04b631f8bcdf0a,CVE-2002-0840
477905329,ibojanova/BF,CWEBF/XML/cwec_v4.6.xml,a3d603fad3b585a1d3ec36690a04b631f8bcdf0a,CVE-2002-0160
477905329,ibojanova/BF,CWEBF/XML/cwec_v4.6.xml,a3d603fad3b585a1d3ec36690a04b631f8bcdf0a,CVE-2002-0117
477905329,ibojanova/BF,CWEBF/XML/cwec_v4.6.xml,a3d603fad3b585a1d3ec36690a04b631f8bcdf0a,CVE-2001-1515
477905329,ibojanova/BF,CWEBF/XML/cwec_v4.6.xml,a3d603fad3b585a1d3ec36690a04b631f8bcdf0a,CVE-2001-1514
477905329,ibojanova/BF,CWEBF/XML/cwec_v4.6.xml,a3d603fad3b585a1d3ec36690a04b631f8bcdf0a,CVE-2001-1509
477905329,ibojanova/BF,CWEBF/XML/cwec_v4.6.xml,a3d603fad3b585a1d3ec36690a04b631f8bcdf0a,CVE-2001-1501
477905329,ibojanova/BF,CWEBF/XML/cwec_v4.6.xml,a3d603fad3b585a1d3ec36690a04b631f8bcdf0a,CVE-2001-1500
477905329,ibojanova/BF,CWEBF/XML/cwec_v4.6.xml,a3d603fad3b585a1d3ec36690a04b631f8bcdf0a,CVE-2001-1497
477905329,ibojanova/BF,CWEBF/XML/cwec_v4.6.xml,a3d603fad3b585a1d3ec36690a04b631f8bcdf0a,CVE-2001-1496
477905329,ibojanova/BF,CWEBF/XML/cwec_v4.6.xml,a3d603fad3b585a1d3ec36690a04b631f8bcdf0a,CVE-2001-1494
477905329,ibojanova/BF,CWEBF/XML/cwec_v4.6.xml,a3d603fad3b585a1d3ec36690a04b631f8bcdf0a,CVE-2001-1488
477905329,ibojanova/BF,CWEBF/XML/cwec_v4.6.xml,a3d603fad3b585a1d3ec36690a04b631f8bcdf0a,CVE-2001-1484
477905329,ibojanova/BF,CWEBF/XML/cwec_v4.6.xml,a3d603fad3b585a1d3ec36690a04b631f8bcdf0a,CVE-2001-1483
477905329,ibojanova/BF,CWEBF/XML/cwec_v4.6.xml,a3d603fad3b585a1d3ec36690a04b631f8bcdf0a,CVE-2001-1517
477905329,ibojanova/BF,CWEBF/XML/cwec_v4.6.xml,a3d603fad3b585a1d3ec36690a04b631f8bcdf0a,CVE-2001-1481
477905329,ibojanova/BF,CWEBF/XML/cwec_v4.6.xml,a3d603fad3b585a1d3ec36690a04b631f8bcdf0a,CVE-2001-1471
477905329,ibojanova/BF,CWEBF/XML/cwec_v4.6.xml,a3d603fad3b585a1d3ec36690a04b631f8bcdf0a,CVE-2001-1452
477905329,ibojanova/BF,CWEBF/XML/cwec_v4.6.xml,a3d603fad3b585a1d3ec36690a04b631f8bcdf0a,CVE-2001-1444
477905329,ibojanova/BF,CWEBF/XML/cwec_v4.6.xml,a3d603fad3b585a1d3ec36690a04b631f8bcdf0a,CVE-2001-1410
477905329,ibojanova/BF,CWEBF/XML/cwec_v4.6.xml,a3d603fad3b585a1d3ec36690a04b631f8bcdf0a,CVE-2001-1391
477905329,ibojanova/BF,CWEBF/XML/cwec_v4.6.xml,a3d603fad3b585a1d3ec36690a04b631f8bcdf0a,CVE-2001-1389
477905329,ibojanova/BF,CWEBF/XML/cwec_v4.6.xml,a3d603fad3b585a1d3ec36690a04b631f8bcdf0a,CVE-2001-1387
477905329,ibojanova/BF,CWEBF/XML/cwec_v4.6.xml,a3d603fad3b585a1d3ec36690a04b631f8bcdf0a,CVE-2001-1386
477905329,ibojanova/BF,CWEBF/XML/cwec_v4.6.xml,a3d603fad3b585a1d3ec36690a04b631f8bcdf0a,CVE-2001-1349
477905329,ibojanova/BF,CWEBF/XML/cwec_v4.6.xml,a3d603fad3b585a1d3ec36690a04b631f8bcdf0a,CVE-2001-1340
477905329,ibojanova/BF,CWEBF/XML/cwec_v4.6.xml,a3d603fad3b585a1d3ec36690a04b631f8bcdf0a,CVE-2001-1339
477905329,ibojanova/BF,CWEBF/XML/cwec_v4.6.xml,a3d603fad3b585a1d3ec36690a04b631f8bcdf0a,CVE-2001-1480
477905329,ibojanova/BF,CWEBF/XML/cwec_v4.6.xml,a3d603fad3b585a1d3ec36690a04b631f8bcdf0a,CVE-2002-0118
477905329,ibojanova/BF,CWEBF/XML/cwec_v4.6.xml,a3d603fad3b585a1d3ec36690a04b631f8bcdf0a,CVE-2001-1527
477905329,ibojanova/BF,CWEBF/XML/cwec_v4.6.xml,a3d603fad3b585a1d3ec36690a04b631f8bcdf0a,CVE-2001-1536
477905329,ibojanova/BF,CWEBF/XML/cwec_v4.6.xml,a3d603fad3b585a1d3ec36690a04b631f8bcdf0a,CVE-2002-0112
477905329,ibojanova/BF,CWEBF/XML/cwec_v4.6.xml,a3d603fad3b585a1d3ec36690a04b631f8bcdf0a,CVE-2002-0108
477905329,ibojanova/BF,CWEBF/XML/cwec_v4.6.xml,a3d603fad3b585a1d3ec36690a04b631f8bcdf0a,CVE-2002-0107
477905329,ibojanova/BF,CWEBF/XML/cwec_v4.6.xml,a3d603fad3b585a1d3ec36690a04b631f8bcdf0a,CVE-2002-0106
477905329,ibojanova/BF,CWEBF/XML/cwec_v4.6.xml,a3d603fad3b585a1d3ec36690a04b631f8bcdf0a,CVE-2002-0083
477905329,ibojanova/BF,CWEBF/XML/cwec_v4.6.xml,a3d603fad3b585a1d3ec36690a04b631f8bcdf0a,CVE-2002-0080
477905329,ibojanova/BF,CWEBF/XML/cwec_v4.6.xml,a3d603fad3b585a1d3ec36690a04b631f8bcdf0a,CVE-2002-0066
477905329,ibojanova/BF,CWEBF/XML/cwec_v4.6.xml,a3d603fad3b585a1d3ec36690a04b631f8bcdf0a,CVE-2002-0061
477905329,ibojanova/BF,CWEBF/XML/cwec_v4.6.xml,a3d603fad3b585a1d3ec36690a04b631f8bcdf0a,CVE-2002-0059
477905329,ibojanova/BF,CWEBF/XML/cwec_v4.6.xml,a3d603fad3b585a1d3ec36690a04b631f8bcdf0a,CVE-2002-0051
477905329,ibojanova/BF,CWEBF/XML/cwec_v4.6.xml,a3d603fad3b585a1d3ec36690a04b631f8bcdf0a,CVE-2002-0025
477905329,ibojanova/BF,CWEBF/XML/cwec_v4.6.xml,a3d603fad3b585a1d3ec36690a04b631f8bcdf0a,CVE-2001-1528
477905329,ibojanova/BF,CWEBF/XML/cwec_v4.6.xml,a3d603fad3b585a1d3ec36690a04b631f8bcdf0a,CVE-2002-0018
477905329,ibojanova/BF,CWEBF/XML/cwec_v4.6.xml,a3d603fad3b585a1d3ec36690a04b631f8bcdf0a,CVE-2001-1585
477905329,ibojanova/BF,CWEBF/XML/cwec_v4.6.xml,a3d603fad3b585a1d3ec36690a04b631f8bcdf0a,CVE-2001-1567
477905329,ibojanova/BF,CWEBF/XML/cwec_v4.6.xml,a3d603fad3b585a1d3ec36690a04b631f8bcdf0a,CVE-2001-1565
477905329,ibojanova/BF,CWEBF/XML/cwec_v4.6.xml,a3d603fad3b585a1d3ec36690a04b631f8bcdf0a,CVE-2001-1564
477905329,ibojanova/BF,CWEBF/XML/cwec_v4.6.xml,a3d603fad3b585a1d3ec36690a04b631f8bcdf0a,CVE-2001-1559
477905329,ibojanova/BF,CWEBF/XML/cwec_v4.6.xml,a3d603fad3b585a1d3ec36690a04b631f8bcdf0a,CVE-2001-1556
477905329,ibojanova/BF,CWEBF/XML/cwec_v4.6.xml,a3d603fad3b585a1d3ec36690a04b631f8bcdf0a,CVE-2001-1555
477905329,ibojanova/BF,CWEBF/XML/cwec_v4.6.xml,a3d603fad3b585a1d3ec36690a04b631f8bcdf0a,CVE-2001-1551
477905329,ibojanova/BF,CWEBF/XML/cwec_v4.6.xml,a3d603fad3b585a1d3ec36690a04b631f8bcdf0a,CVE-2001-1550
477905329,ibojanova/BF,CWEBF/XML/cwec_v4.6.xml,a3d603fad3b585a1d3ec36690a04b631f8bcdf0a,CVE-2001-1546
477905329,ibojanova/BF,CWEBF/XML/cwec_v4.6.xml,a3d603fad3b585a1d3ec36690a04b631f8bcdf0a,CVE-2001-1537
477905329,ibojanova/BF,CWEBF/XML/cwec_v4.6.xml,a3d603fad3b585a1d3ec36690a04b631f8bcdf0a,CVE-2002-0001
477905329,ibojanova/BF,CWEBF/XML/cwec_v4.6.xml,a3d603fad3b585a1d3ec36690a04b631f8bcdf0a,CVE-2002-0844
477905329,ibojanova/BF,CWEBF/XML/cwec_v4.6.xml,a3d603fad3b585a1d3ec36690a04b631f8bcdf0a,CVE-2002-0862
477905329,ibojanova/BF,CWEBF/XML/cwec_v4.6.xml,a3d603fad3b585a1d3ec36690a04b631f8bcdf0a,CVE-2002-0870
477905329,ibojanova/BF,CWEBF/XML/cwec_v4.6.xml,a3d603fad3b585a1d3ec36690a04b631f8bcdf0a,CVE-2002-1725
477905329,ibojanova/BF,CWEBF/XML/cwec_v4.6.xml,a3d603fad3b585a1d3ec36690a04b631f8bcdf0a,CVE-2002-1721
477905329,ibojanova/BF,CWEBF/XML/cwec_v4.6.xml,a3d603fad3b585a1d3ec36690a04b631f8bcdf0a,CVE-2002-1713
477905329,ibojanova/BF,CWEBF/XML/cwec_v4.6.xml,a3d603fad3b585a1d3ec36690a04b631f8bcdf0a,CVE-2002-1711
477905329,ibojanova/BF,CWEBF/XML/cwec_v4.6.xml,a3d603fad3b585a1d3ec36690a04b631f8bcdf0a,CVE-2002-1710
477905329,ibojanova/BF,CWEBF/XML/cwec_v4.6.xml,a3d603fad3b585a1d3ec36690a04b631f8bcdf0a,CVE-2002-1707
477905329,ibojanova/BF,CWEBF/XML/cwec_v4.6.xml,a3d603fad3b585a1d3ec36690a04b631f8bcdf0a,CVE-2002-1706
477905329,ibojanova/BF,CWEBF/XML/cwec_v4.6.xml,a3d603fad3b585a1d3ec36690a04b631f8bcdf0a,CVE-2002-1704
477905329,ibojanova/BF,CWEBF/XML/cwec_v4.6.xml,a3d603fad3b585a1d3ec36690a04b631f8bcdf0a,CVE-2002-1700
477905329,ibojanova/BF,CWEBF/XML/cwec_v4.6.xml,a3d603fad3b585a1d3ec36690a04b631f8bcdf0a,CVE-2002-1697
477905329,ibojanova/BF,CWEBF/XML/cwec_v4.6.xml,a3d603fad3b585a1d3ec36690a04b631f8bcdf0a,CVE-2002-1696
477905329,ibojanova/BF,CWEBF/XML/cwec_v4.6.xml,a3d603fad3b585a1d3ec36690a04b631f8bcdf0a,CVE-2002-1730
477905329,ibojanova/BF,CWEBF/XML/cwec_v4.6.xml,a3d603fad3b585a1d3ec36690a04b631f8bcdf0a,CVE-2002-1694
477905329,ibojanova/BF,CWEBF/XML/cwec_v4.6.xml,a3d603fad3b585a1d3ec36690a04b631f8bcdf0a,CVE-2002-1682
477905329,ibojanova/BF,CWEBF/XML/cwec_v4.6.xml,a3d603fad3b585a1d3ec36690a04b631f8bcdf0a,CVE-2002-1681
477905329,ibojanova/BF,CWEBF/XML/cwec_v4.6.xml,a3d603fad3b585a1d3ec36690a04b631f8bcdf0a,CVE-2002-1671
477905329,ibojanova/BF,CWEBF/XML/cwec_v4.6.xml,a3d603fad3b585a1d3ec36690a04b631f8bcdf0a,CVE-2002-1657
477905329,ibojanova/BF,CWEBF/XML/cwec_v4.6.xml,a3d603fad3b585a1d3ec36690a04b631f8bcdf0a,CVE-2002-1649
477905329,ibojanova/BF,CWEBF/XML/cwec_v4.6.xml,a3d603fad3b585a1d3ec36690a04b631f8bcdf0a,CVE-2002-1646
477905329,ibojanova/BF,CWEBF/XML/cwec_v4.6.xml,a3d603fad3b585a1d3ec36690a04b631f8bcdf0a,CVE-2002-1603
477905329,ibojanova/BF,CWEBF/XML/cwec_v4.6.xml,a3d603fad3b585a1d3ec36690a04b631f8bcdf0a,CVE-2002-1578
477905329,ibojanova/BF,CWEBF/XML/cwec_v4.6.xml,a3d603fad3b585a1d3ec36690a04b631f8bcdf0a,CVE-2002-1576
477905329,ibojanova/BF,CWEBF/XML/cwec_v4.6.xml,a3d603fad3b585a1d3ec36690a04b631f8bcdf0a,CVE-2002-1575
477905329,ibojanova/BF,CWEBF/XML/cwec_v4.6.xml,a3d603fad3b585a1d3ec36690a04b631f8bcdf0a,CVE-2002-1563
477905329,ibojanova/BF,CWEBF/XML/cwec_v4.6.xml,a3d603fad3b585a1d3ec36690a04b631f8bcdf0a,CVE-2002-1688
477905329,ibojanova/BF,CWEBF/XML/cwec_v4.6.xml,a3d603fad3b585a1d3ec36690a04b631f8bcdf0a,CVE-2002-1532
477905329,ibojanova/BF,CWEBF/XML/cwec_v4.6.xml,a3d603fad3b585a1d3ec36690a04b631f8bcdf0a,CVE-2002-1734
477905329,ibojanova/BF,CWEBF/XML/cwec_v4.6.xml,a3d603fad3b585a1d3ec36690a04b631f8bcdf0a,CVE-2002-1742
477905329,ibojanova/BF,CWEBF/XML/cwec_v4.6.xml,a3d603fad3b585a1d3ec36690a04b631f8bcdf0a,CVE-2002-1810
477905329,ibojanova/BF,CWEBF/XML/cwec_v4.6.xml,a3d603fad3b585a1d3ec36690a04b631f8bcdf0a,CVE-2002-1808
477905329,ibojanova/BF,CWEBF/XML/cwec_v4.6.xml,a3d603fad3b585a1d3ec36690a04b631f8bcdf0a,CVE-2002-1807
477905329,ibojanova/BF,CWEBF/XML/cwec_v4.6.xml,a3d603fad3b585a1d3ec36690a04b631f8bcdf0a,CVE-2002-1806
477905329,ibojanova/BF,CWEBF/XML/cwec_v4.6.xml,a3d603fad3b585a1d3ec36690a04b631f8bcdf0a,CVE-2002-1805
477905329,ibojanova/BF,CWEBF/XML/cwec_v4.6.xml,a3d603fad3b585a1d3ec36690a04b631f8bcdf0a,CVE-2002-1804
477905329,ibojanova/BF,CWEBF/XML/cwec_v4.6.xml,a3d603fad3b585a1d3ec36690a04b631f8bcdf0a,CVE-2002-1803
477905329,ibojanova/BF,CWEBF/XML/cwec_v4.6.xml,a3d603fad3b585a1d3ec36690a04b631f8bcdf0a,CVE-2002-1800
477905329,ibojanova/BF,CWEBF/XML/cwec_v4.6.xml,a3d603fad3b585a1d3ec36690a04b631f8bcdf0a,CVE-2002-1798
477905329,ibojanova/BF,CWEBF/XML/cwec_v4.6.xml,a3d603fad3b585a1d3ec36690a04b631f8bcdf0a,CVE-2002-1796
477905329,ibojanova/BF,CWEBF/XML/cwec_v4.6.xml,a3d603fad3b585a1d3ec36690a04b631f8bcdf0a,CVE-2002-1788
477905329,ibojanova/BF,CWEBF/XML/cwec_v4.6.xml,a3d603fad3b585a1d3ec36690a04b631f8bcdf0a,CVE-2002-1739
477905329,ibojanova/BF,CWEBF/XML/cwec_v4.6.xml,a3d603fad3b585a1d3ec36690a04b631f8bcdf0a,CVE-2002-1786
477905329,ibojanova/BF,CWEBF/XML/cwec_v4.6.xml,a3d603fad3b585a1d3ec36690a04b631f8bcdf0a,CVE-2002-1777
477905329,ibojanova/BF,CWEBF/XML/cwec_v4.6.xml,a3d603fad3b585a1d3ec36690a04b631f8bcdf0a,CVE-2002-1774
477905329,ibojanova/BF,CWEBF/XML/cwec_v4.6.xml,a3d603fad3b585a1d3ec36690a04b631f8bcdf0a,CVE-2002-1772
477905329,ibojanova/BF,CWEBF/XML/cwec_v4.6.xml,a3d603fad3b585a1d3ec36690a04b631f8bcdf0a,CVE-2002-1771
477905329,ibojanova/BF,CWEBF/XML/cwec_v4.6.xml,a3d603fad3b585a1d3ec36690a04b631f8bcdf0a,CVE-2002-1770
477905329,ibojanova/BF,CWEBF/XML/cwec_v4.6.xml,a3d603fad3b585a1d3ec36690a04b631f8bcdf0a,CVE-2002-1759
477905329,ibojanova/BF,CWEBF/XML/cwec_v4.6.xml,a3d603fad3b585a1d3ec36690a04b631f8bcdf0a,CVE-2002-1757
477905329,ibojanova/BF,CWEBF/XML/cwec_v4.6.xml,a3d603fad3b585a1d3ec36690a04b631f8bcdf0a,CVE-2002-1753
477905329,ibojanova/BF,CWEBF/XML/cwec_v4.6.xml,a3d603fad3b585a1d3ec36690a04b631f8bcdf0a,CVE-2002-1752
477905329,ibojanova/BF,CWEBF/XML/cwec_v4.6.xml,a3d603fad3b585a1d3ec36690a04b631f8bcdf0a,CVE-2002-1750
477905329,ibojanova/BF,CWEBF/XML/cwec_v4.6.xml,a3d603fad3b585a1d3ec36690a04b631f8bcdf0a,CVE-2002-1745
477905329,ibojanova/BF,CWEBF/XML/cwec_v4.6.xml,a3d603fad3b585a1d3ec36690a04b631f8bcdf0a,CVE-2002-1783
477905329,ibojanova/BF,CWEBF/XML/cwec_v4.6.xml,a3d603fad3b585a1d3ec36690a04b631f8bcdf0a,CVE-2002-1531
477905329,ibojanova/BF,CWEBF/XML/cwec_v4.6.xml,a3d603fad3b585a1d3ec36690a04b631f8bcdf0a,CVE-2002-1527
477905329,ibojanova/BF,CWEBF/XML/cwec_v4.6.xml,a3d603fad3b585a1d3ec36690a04b631f8bcdf0a,CVE-2002-1525
477905329,ibojanova/BF,CWEBF/XML/cwec_v4.6.xml,a3d603fad3b585a1d3ec36690a04b631f8bcdf0a,CVE-2002-1154
477905329,ibojanova/BF,CWEBF/XML/cwec_v4.6.xml,a3d603fad3b585a1d3ec36690a04b631f8bcdf0a,CVE-2002-1145
477905329,ibojanova/BF,CWEBF/XML/cwec_v4.6.xml,a3d603fad3b585a1d3ec36690a04b631f8bcdf0a,CVE-2002-1078
477905329,ibojanova/BF,CWEBF/XML/cwec_v4.6.xml,a3d603fad3b585a1d3ec36690a04b631f8bcdf0a,CVE-2002-1077
477905329,ibojanova/BF,CWEBF/XML/cwec_v4.6.xml,a3d603fad3b585a1d3ec36690a04b631f8bcdf0a,CVE-2002-1053
477905329,ibojanova/BF,CWEBF/XML/cwec_v4.6.xml,a3d603fad3b585a1d3ec36690a04b631f8bcdf0a,CVE-2002-1052
477905329,ibojanova/BF,CWEBF/XML/cwec_v4.6.xml,a3d603fad3b585a1d3ec36690a04b631f8bcdf0a,CVE-2002-1042
477905329,ibojanova/BF,CWEBF/XML/cwec_v4.6.xml,a3d603fad3b585a1d3ec36690a04b631f8bcdf0a,CVE-2002-1031
477905329,ibojanova/BF,CWEBF/XML/cwec_v4.6.xml,a3d603fad3b585a1d3ec36690a04b631f8bcdf0a,CVE-2002-1025
477905329,ibojanova/BF,CWEBF/XML/cwec_v4.6.xml,a3d603fad3b585a1d3ec36690a04b631f8bcdf0a,CVE-2002-1023
477905329,ibojanova/BF,CWEBF/XML/cwec_v4.6.xml,a3d603fad3b585a1d3ec36690a04b631f8bcdf0a,CVE-2002-1018
477905329,ibojanova/BF,CWEBF/XML/cwec_v4.6.xml,a3d603fad3b585a1d3ec36690a04b631f8bcdf0a,CVE-2002-1169
477905329,ibojanova/BF,CWEBF/XML/cwec_v4.6.xml,a3d603fad3b585a1d3ec36690a04b631f8bcdf0a,CVE-2002-1010
477905329,ibojanova/BF,CWEBF/XML/cwec_v4.6.xml,a3d603fad3b585a1d3ec36690a04b631f8bcdf0a,CVE-2002-0985
477905329,ibojanova/BF,CWEBF/XML/cwec_v4.6.xml,a3d603fad3b585a1d3ec36690a04b631f8bcdf0a,CVE-2002-0980
477905329,ibojanova/BF,CWEBF/XML/cwec_v4.6.xml,a3d603fad3b585a1d3ec36690a04b631f8bcdf0a,CVE-2002-0971
477905329,ibojanova/BF,CWEBF/XML/cwec_v4.6.xml,a3d603fad3b585a1d3ec36690a04b631f8bcdf0a,CVE-2002-0970
477905329,ibojanova/BF,CWEBF/XML/cwec_v4.6.xml,a3d603fad3b585a1d3ec36690a04b631f8bcdf0a,CVE-2002-0969
477905329,ibojanova/BF,CWEBF/XML/cwec_v4.6.xml,a3d603fad3b585a1d3ec36690a04b631f8bcdf0a,CVE-2002-0946
477905329,ibojanova/BF,CWEBF/XML/cwec_v4.6.xml,a3d603fad3b585a1d3ec36690a04b631f8bcdf0a,CVE-2002-0943
477905329,ibojanova/BF,CWEBF/XML/cwec_v4.6.xml,a3d603fad3b585a1d3ec36690a04b631f8bcdf0a,CVE-2002-0938
477905329,ibojanova/BF,CWEBF/XML/cwec_v4.6.xml,a3d603fad3b585a1d3ec36690a04b631f8bcdf0a,CVE-2002-0934
477905329,ibojanova/BF,CWEBF/XML/cwec_v4.6.xml,a3d603fad3b585a1d3ec36690a04b631f8bcdf0a,CVE-2002-0918
477905329,ibojanova/BF,CWEBF/XML/cwec_v4.6.xml,a3d603fad3b585a1d3ec36690a04b631f8bcdf0a,CVE-2002-0903
477905329,ibojanova/BF,CWEBF/XML/cwec_v4.6.xml,a3d603fad3b585a1d3ec36690a04b631f8bcdf0a,CVE-2002-0986
477905329,ibojanova/BF,CWEBF/XML/cwec_v4.6.xml,a3d603fad3b585a1d3ec36690a04b631f8bcdf0a,CVE-2002-1178
477905329,ibojanova/BF,CWEBF/XML/cwec_v4.6.xml,a3d603fad3b585a1d3ec36690a04b631f8bcdf0a,CVE-2002-1203
477905329,ibojanova/BF,CWEBF/XML/cwec_v4.6.xml,a3d603fad3b585a1d3ec36690a04b631f8bcdf0a,CVE-2002-1209
477905329,ibojanova/BF,CWEBF/XML/cwec_v4.6.xml,a3d603fad3b585a1d3ec36690a04b631f8bcdf0a,CVE-2002-1495
477905329,ibojanova/BF,CWEBF/XML/cwec_v4.6.xml,a3d603fad3b585a1d3ec36690a04b631f8bcdf0a,CVE-2002-1493
477905329,ibojanova/BF,CWEBF/XML/cwec_v4.6.xml,a3d603fad3b585a1d3ec36690a04b631f8bcdf0a,CVE-2002-1488
477905329,ibojanova/BF,CWEBF/XML/cwec_v4.6.xml,a3d603fad3b585a1d3ec36690a04b631f8bcdf0a,CVE-2002-1484
477905329,ibojanova/BF,CWEBF/XML/cwec_v4.6.xml,a3d603fad3b585a1d3ec36690a04b631f8bcdf0a,CVE-2002-1483
477905329,ibojanova/BF,CWEBF/XML/cwec_v4.6.xml,a3d603fad3b585a1d3ec36690a04b631f8bcdf0a,CVE-2002-1463
477905329,ibojanova/BF,CWEBF/XML/cwec_v4.6.xml,a3d603fad3b585a1d3ec36690a04b631f8bcdf0a,CVE-2002-1460
477905329,ibojanova/BF,CWEBF/XML/cwec_v4.6.xml,a3d603fad3b585a1d3ec36690a04b631f8bcdf0a,CVE-2002-1451
477905329,ibojanova/BF,CWEBF/XML/cwec_v4.6.xml,a3d603fad3b585a1d3ec36690a04b631f8bcdf0a,CVE-2002-1449
477905329,ibojanova/BF,CWEBF/XML/cwec_v4.6.xml,a3d603fad3b585a1d3ec36690a04b631f8bcdf0a,CVE-2002-1446
477905329,ibojanova/BF,CWEBF/XML/cwec_v4.6.xml,a3d603fad3b585a1d3ec36690a04b631f8bcdf0a,CVE-2002-1407
477905329,ibojanova/BF,CWEBF/XML/cwec_v4.6.xml,a3d603fad3b585a1d3ec36690a04b631f8bcdf0a,CVE-2002-1374
477905329,ibojanova/BF,CWEBF/XML/cwec_v4.6.xml,a3d603fad3b585a1d3ec36690a04b631f8bcdf0a,CVE-2002-1372
477905329,ibojanova/BF,CWEBF/XML/cwec_v4.6.xml,a3d603fad3b585a1d3ec36690a04b631f8bcdf0a,CVE-2002-1362
477905329,ibojanova/BF,CWEBF/XML/cwec_v4.6.xml,a3d603fad3b585a1d3ec36690a04b631f8bcdf0a,CVE-2002-1358
477905329,ibojanova/BF,CWEBF/XML/cwec_v4.6.xml,a3d603fad3b585a1d3ec36690a04b631f8bcdf0a,CVE-2002-1357
477905329,ibojanova/BF,CWEBF/XML/cwec_v4.6.xml,a3d603fad3b585a1d3ec36690a04b631f8bcdf0a,CVE-2002-1347
477905329,ibojanova/BF,CWEBF/XML/cwec_v4.6.xml,a3d603fad3b585a1d3ec36690a04b631f8bcdf0a,CVE-2002-1345
477905329,ibojanova/BF,CWEBF/XML/cwec_v4.6.xml,a3d603fad3b585a1d3ec36690a04b631f8bcdf0a,CVE-2002-1337
477905329,ibojanova/BF,CWEBF/XML/cwec_v4.6.xml,a3d603fad3b585a1d3ec36690a04b631f8bcdf0a,CVE-2002-1291
477905329,ibojanova/BF,CWEBF/XML/cwec_v4.6.xml,a3d603fad3b585a1d3ec36690a04b631f8bcdf0a,CVE-2002-1238
477905329,ibojanova/BF,CWEBF/XML/cwec_v4.6.xml,a3d603fad3b585a1d3ec36690a04b631f8bcdf0a,CVE-2002-1236
477905329,ibojanova/BF,CWEBF/XML/cwec_v4.6.xml,a3d603fad3b585a1d3ec36690a04b631f8bcdf0a,CVE-2002-1235
477905329,ibojanova/BF,CWEBF/XML/cwec_v4.6.xml,a3d603fad3b585a1d3ec36690a04b631f8bcdf0a,CVE-2002-1230
477905329,ibojanova/BF,CWEBF/XML/cwec_v4.6.xml,a3d603fad3b585a1d3ec36690a04b631f8bcdf0a,CVE-2002-1213
477905329,ibojanova/BF,CWEBF/XML/cwec_v4.6.xml,a3d603fad3b585a1d3ec36690a04b631f8bcdf0a,CVE-2001-1291
477905329,ibojanova/BF,CWEBF/XML/cwec_v4.6.xml,a3d603fad3b585a1d3ec36690a04b631f8bcdf0a,CVE-2001-1269
477905329,ibojanova/BF,CWEBF/XML/cwec_v4.6.xml,a3d603fad3b585a1d3ec36690a04b631f8bcdf0a,CVE-2001-1248
477905329,ibojanova/BF,CWEBF/XML/cwec_v4.6.xml,a3d603fad3b585a1d3ec36690a04b631f8bcdf0a,CVE-2001-1246
477905329,ibojanova/BF,CWEBF/XML/cwec_v4.6.xml,a3d603fad3b585a1d3ec36690a04b631f8bcdf0a,CVE-2000-0506
477905329,ibojanova/BF,CWEBF/XML/cwec_v4.6.xml,a3d603fad3b585a1d3ec36690a04b631f8bcdf0a,CVE-2000-0499
477905329,ibojanova/BF,CWEBF/XML/cwec_v4.6.xml,a3d603fad3b585a1d3ec36690a04b631f8bcdf0a,CVE-2000-0498
477905329,ibojanova/BF,CWEBF/XML/cwec_v4.6.xml,a3d603fad3b585a1d3ec36690a04b631f8bcdf0a,CVE-2000-0497
477905329,ibojanova/BF,CWEBF/XML/cwec_v4.6.xml,a3d603fad3b585a1d3ec36690a04b631f8bcdf0a,CVE-2000-0476
477905329,ibojanova/BF,CWEBF/XML/cwec_v4.6.xml,a3d603fad3b585a1d3ec36690a04b631f8bcdf0a,CVE-2000-0342
477905329,ibojanova/BF,CWEBF/XML/cwec_v4.6.xml,a3d603fad3b585a1d3ec36690a04b631f8bcdf0a,CVE-2000-0338
477905329,ibojanova/BF,CWEBF/XML/cwec_v4.6.xml,a3d603fad3b585a1d3ec36690a04b631f8bcdf0a,CVE-2000-0335
477905329,ibojanova/BF,CWEBF/XML/cwec_v4.6.xml,a3d603fad3b585a1d3ec36690a04b631f8bcdf0a,CVE-2000-0328
477905329,ibojanova/BF,CWEBF/XML/cwec_v4.6.xml,a3d603fad3b585a1d3ec36690a04b631f8bcdf0a,CVE-2000-0320
477905329,ibojanova/BF,CWEBF/XML/cwec_v4.6.xml,a3d603fad3b585a1d3ec36690a04b631f8bcdf0a,CVE-2000-0319
477905329,ibojanova/BF,CWEBF/XML/cwec_v4.6.xml,a3d603fad3b585a1d3ec36690a04b631f8bcdf0a,CVE-2000-0517
477905329,ibojanova/BF,CWEBF/XML/cwec_v4.6.xml,a3d603fad3b585a1d3ec36690a04b631f8bcdf0a,CVE-2000-0315
477905329,ibojanova/BF,CWEBF/XML/cwec_v4.6.xml,a3d603fad3b585a1d3ec36690a04b631f8bcdf0a,CVE-2000-0293
477905329,ibojanova/BF,CWEBF/XML/cwec_v4.6.xml,a3d603fad3b585a1d3ec36690a04b631f8bcdf0a,CVE-2000-0277
477905329,ibojanova/BF,CWEBF/XML/cwec_v4.6.xml,a3d603fad3b585a1d3ec36690a04b631f8bcdf0a,CVE-2000-0254
477905329,ibojanova/BF,CWEBF/XML/cwec_v4.6.xml,a3d603fad3b585a1d3ec36690a04b631f8bcdf0a,CVE-2000-0253
477905329,ibojanova/BF,CWEBF/XML/cwec_v4.6.xml,a3d603fad3b585a1d3ec36690a04b631f8bcdf0a,CVE-2000-0240
477905329,ibojanova/BF,CWEBF/XML/cwec_v4.6.xml,a3d603fad3b585a1d3ec36690a04b631f8bcdf0a,CVE-2000-0191
477905329,ibojanova/BF,CWEBF/XML/cwec_v4.6.xml,a3d603fad3b585a1d3ec36690a04b631f8bcdf0a,CVE-2000-0172
477905329,ibojanova/BF,CWEBF/XML/cwec_v4.6.xml,a3d603fad3b585a1d3ec36690a04b631f8bcdf0a,CVE-2000-0168
477905329,ibojanova/BF,CWEBF/XML/cwec_v4.6.xml,a3d603fad3b585a1d3ec36690a04b631f8bcdf0a,CVE-2000-0149
477905329,ibojanova/BF,CWEBF/XML/cwec_v4.6.xml,a3d603fad3b585a1d3ec36690a04b631f8bcdf0a,CVE-2000-0127
477905329,ibojanova/BF,CWEBF/XML/cwec_v4.6.xml,a3d603fad3b585a1d3ec36690a04b631f8bcdf0a,CVE-2000-0116
477905329,ibojanova/BF,CWEBF/XML/cwec_v4.6.xml,a3d603fad3b585a1d3ec36690a04b631f8bcdf0a,CVE-2000-0312
477905329,ibojanova/BF,CWEBF/XML/cwec_v4.6.xml,a3d603fad3b585a1d3ec36690a04b631f8bcdf0a,CVE-2000-0115
477905329,ibojanova/BF,CWEBF/XML/cwec_v4.6.xml,a3d603fad3b585a1d3ec36690a04b631f8bcdf0a,CVE-2000-0521
477905329,ibojanova/BF,CWEBF/XML/cwec_v4.6.xml,a3d603fad3b585a1d3ec36690a04b631f8bcdf0a,CVE-2000-0542
477905329,ibojanova/BF,CWEBF/XML/cwec_v4.6.xml,a3d603fad3b585a1d3ec36690a04b631f8bcdf0a,CVE-2000-1114
477905329,ibojanova/BF,CWEBF/XML/cwec_v4.6.xml,a3d603fad3b585a1d3ec36690a04b631f8bcdf0a,CVE-2000-1094
477905329,ibojanova/BF,CWEBF/XML/cwec_v4.6.xml,a3d603fad3b585a1d3ec36690a04b631f8bcdf0a,CVE-2000-1052
477905329,ibojanova/BF,CWEBF/XML/cwec_v4.6.xml,a3d603fad3b585a1d3ec36690a04b631f8bcdf0a,CVE-2000-1050
477905329,ibojanova/BF,CWEBF/XML/cwec_v4.6.xml,a3d603fad3b585a1d3ec36690a04b631f8bcdf0a,CVE-2000-1006
477905329,ibojanova/BF,CWEBF/XML/cwec_v4.6.xml,a3d603fad3b585a1d3ec36690a04b631f8bcdf0a,CVE-2000-1003
477905329,ibojanova/BF,CWEBF/XML/cwec_v4.6.xml,a3d603fad3b585a1d3ec36690a04b631f8bcdf0a,CVE-2000-0979
477905329,ibojanova/BF,CWEBF/XML/cwec_v4.6.xml,a3d603fad3b585a1d3ec36690a04b631f8bcdf0a,CVE-2000-0972
477905329,ibojanova/BF,CWEBF/XML/cwec_v4.6.xml,a3d603fad3b585a1d3ec36690a04b631f8bcdf0a,CVE-2000-0959
477905329,ibojanova/BF,CWEBF/XML/cwec_v4.6.xml,a3d603fad3b585a1d3ec36690a04b631f8bcdf0a,CVE-2000-0944
477905329,ibojanova/BF,CWEBF/XML/cwec_v4.6.xml,a3d603fad3b585a1d3ec36690a04b631f8bcdf0a,CVE-2000-0927
477905329,ibojanova/BF,CWEBF/XML/cwec_v4.6.xml,a3d603fad3b585a1d3ec36690a04b631f8bcdf0a,CVE-2000-0536
477905329,ibojanova/BF,CWEBF/XML/cwec_v4.6.xml,a3d603fad3b585a1d3ec36690a04b631f8bcdf0a,CVE-2000-0926
477905329,ibojanova/BF,CWEBF/XML/cwec_v4.6.xml,a3d603fad3b585a1d3ec36690a04b631f8bcdf0a,CVE-2000-0900
477905329,ibojanova/BF,CWEBF/XML/cwec_v4.6.xml,a3d603fad3b585a1d3ec36690a04b631f8bcdf0a,CVE-2000-0884
477905329,ibojanova/BF,CWEBF/XML/cwec_v4.6.xml,a3d603fad3b585a1d3ec36690a04b631f8bcdf0a,CVE-2000-0860
477905329,ibojanova/BF,CWEBF/XML/cwec_v4.6.xml,a3d603fad3b585a1d3ec36690a04b631f8bcdf0a,CVE-2000-0854
477905329,ibojanova/BF,CWEBF/XML/cwec_v4.6.xml,a3d603fad3b585a1d3ec36690a04b631f8bcdf0a,CVE-2000-0773
477905329,ibojanova/BF,CWEBF/XML/cwec_v4.6.xml,a3d603fad3b585a1d3ec36690a04b631f8bcdf0a,CVE-2000-0758
477905329,ibojanova/BF,CWEBF/XML/cwec_v4.6.xml,a3d603fad3b585a1d3ec36690a04b631f8bcdf0a,CVE-2000-0703
477905329,ibojanova/BF,CWEBF/XML/cwec_v4.6.xml,a3d603fad3b585a1d3ec36690a04b631f8bcdf0a,CVE-2000-0671
477905329,ibojanova/BF,CWEBF/XML/cwec_v4.6.xml,a3d603fad3b585a1d3ec36690a04b631f8bcdf0a,CVE-2000-0655
477905329,ibojanova/BF,CWEBF/XML/cwec_v4.6.xml,a3d603fad3b585a1d3ec36690a04b631f8bcdf0a,CVE-2000-0614
477905329,ibojanova/BF,CWEBF/XML/cwec_v4.6.xml,a3d603fad3b585a1d3ec36690a04b631f8bcdf0a,CVE-2000-0552
477905329,ibojanova/BF,CWEBF/XML/cwec_v4.6.xml,a3d603fad3b585a1d3ec36690a04b631f8bcdf0a,CVE-2000-0916
477905329,ibojanova/BF,CWEBF/XML/cwec_v4.6.xml,a3d603fad3b585a1d3ec36690a04b631f8bcdf0a,CVE-2000-0102
477905329,ibojanova/BF,CWEBF/XML/cwec_v4.6.xml,a3d603fad3b585a1d3ec36690a04b631f8bcdf0a,CVE-2000-0101
477905329,ibojanova/BF,CWEBF/XML/cwec_v4.6.xml,a3d603fad3b585a1d3ec36690a04b631f8bcdf0a,CVE-2000-0094
477905329,ibojanova/BF,CWEBF/XML/cwec_v4.6.xml,a3d603fad3b585a1d3ec36690a04b631f8bcdf0a,CVE-1999-0813
477905329,ibojanova/BF,CWEBF/XML/cwec_v4.6.xml,a3d603fad3b585a1d3ec36690a04b631f8bcdf0a,CVE-1999-0794
477905329,ibojanova/BF,CWEBF/XML/cwec_v4.6.xml,a3d603fad3b585a1d3ec36690a04b631f8bcdf0a,CVE-1999-0783
477905329,ibojanova/BF,CWEBF/XML/cwec_v4.6.xml,a3d603fad3b585a1d3ec36690a04b631f8bcdf0a,CVE-1999-0728
477905329,ibojanova/BF,CWEBF/XML/cwec_v4.6.xml,a3d603fad3b585a1d3ec36690a04b631f8bcdf0a,CVE-1999-0690
477905329,ibojanova/BF,CWEBF/XML/cwec_v4.6.xml,a3d603fad3b585a1d3ec36690a04b631f8bcdf0a,CVE-1999-0513
477905329,ibojanova/BF,CWEBF/XML/cwec_v4.6.xml,a3d603fad3b585a1d3ec36690a04b631f8bcdf0a,CVE-1999-0426
477905329,ibojanova/BF,CWEBF/XML/cwec_v4.6.xml,a3d603fad3b585a1d3ec36690a04b631f8bcdf0a,CVE-1999-0351
477905329,ibojanova/BF,CWEBF/XML/cwec_v4.6.xml,a3d603fad3b585a1d3ec36690a04b631f8bcdf0a,CVE-1999-0278
477905329,ibojanova/BF,CWEBF/XML/cwec_v4.6.xml,a3d603fad3b585a1d3ec36690a04b631f8bcdf0a,CVE-1999-0239
477905329,ibojanova/BF,CWEBF/XML/cwec_v4.6.xml,a3d603fad3b585a1d3ec36690a04b631f8bcdf0a,CVE-1999-0234
477905329,ibojanova/BF,CWEBF/XML/cwec_v4.6.xml,a3d603fad3b585a1d3ec36690a04b631f8bcdf0a,CVE-1999-1029
477905329,ibojanova/BF,CWEBF/XML/cwec_v4.6.xml,a3d603fad3b585a1d3ec36690a04b631f8bcdf0a,CVE-1999-0168
477905329,ibojanova/BF,CWEBF/XML/cwec_v4.6.xml,a3d603fad3b585a1d3ec36690a04b631f8bcdf0a,CVE-1999-0077
477905329,ibojanova/BF,CWEBF/XML/cwec_v4.6.xml,a3d603fad3b585a1d3ec36690a04b631f8bcdf0a,CVE-1999-0074
477905329,ibojanova/BF,CWEBF/XML/cwec_v4.6.xml,a3d603fad3b585a1d3ec36690a04b631f8bcdf0a,CVE-1999-0073
477905329,ibojanova/BF,CWEBF/XML/cwec_v4.6.xml,a3d603fad3b585a1d3ec36690a04b631f8bcdf0a,CVE-1999-0067
477905329,ibojanova/BF,CWEBF/XML/cwec_v4.6.xml,a3d603fad3b585a1d3ec36690a04b631f8bcdf0a,CVE-1999-0046
477905329,ibojanova/BF,CWEBF/XML/cwec_v4.6.xml,a3d603fad3b585a1d3ec36690a04b631f8bcdf0a,CVE-1999-0035
477905329,ibojanova/BF,CWEBF/XML/cwec_v4.6.xml,a3d603fad3b585a1d3ec36690a04b631f8bcdf0a,CVE-1999-0017
477905329,ibojanova/BF,CWEBF/XML/cwec_v4.6.xml,a3d603fad3b585a1d3ec36690a04b631f8bcdf0a,CVE-1999-0012
477905329,ibojanova/BF,CWEBF/XML/cwec_v4.6.xml,a3d603fad3b585a1d3ec36690a04b631f8bcdf0a,BID-6042
477905329,ibojanova/BF,CWEBF/XML/cwec_v4.6.xml,a3d603fad3b585a1d3ec36690a04b631f8bcdf0a,BID-3518
477905329,ibojanova/BF,CWEBF/XML/cwec_v4.6.xml,a3d603fad3b585a1d3ec36690a04b631f8bcdf0a,BID-15326
477905329,ibojanova/BF,CWEBF/XML/cwec_v4.6.xml,a3d603fad3b585a1d3ec36690a04b631f8bcdf0a,CVE-1999-0113
477905329,ibojanova/BF,CWEBF/XML/cwec_v4.6.xml,a3d603fad3b585a1d3ec36690a04b631f8bcdf0a,CVE-1999-1055
477905329,ibojanova/BF,CWEBF/XML/cwec_v4.6.xml,a3d603fad3b585a1d3ec36690a04b631f8bcdf0a,CVE-1999-1066
477905329,ibojanova/BF,CWEBF/XML/cwec_v4.6.xml,a3d603fad3b585a1d3ec36690a04b631f8bcdf0a,CVE-1999-1077
477905329,ibojanova/BF,CWEBF/XML/cwec_v4.6.xml,a3d603fad3b585a1d3ec36690a04b631f8bcdf0a,CVE-2000-0041
477905329,ibojanova/BF,CWEBF/XML/cwec_v4.6.xml,a3d603fad3b585a1d3ec36690a04b631f8bcdf0a,CVE-2000-0004
477905329,ibojanova/BF,CWEBF/XML/cwec_v4.6.xml,a3d603fad3b585a1d3ec36690a04b631f8bcdf0a,CVE-1999-1568
477905329,ibojanova/BF,CWEBF/XML/cwec_v4.6.xml,a3d603fad3b585a1d3ec36690a04b631f8bcdf0a,CVE-1999-1549
477905329,ibojanova/BF,CWEBF/XML/cwec_v4.6.xml,a3d603fad3b585a1d3ec36690a04b631f8bcdf0a,CVE-1999-1476
477905329,ibojanova/BF,CWEBF/XML/cwec_v4.6.xml,a3d603fad3b585a1d3ec36690a04b631f8bcdf0a,CVE-1999-1461
477905329,ibojanova/BF,CWEBF/XML/cwec_v4.6.xml,a3d603fad3b585a1d3ec36690a04b631f8bcdf0a,CVE-1999-1456
477905329,ibojanova/BF,CWEBF/XML/cwec_v4.6.xml,a3d603fad3b585a1d3ec36690a04b631f8bcdf0a,CVE-1999-1454
477905329,ibojanova/BF,CWEBF/XML/cwec_v4.6.xml,a3d603fad3b585a1d3ec36690a04b631f8bcdf0a,CVE-1999-1446
477905329,ibojanova/BF,CWEBF/XML/cwec_v4.6.xml,a3d603fad3b585a1d3ec36690a04b631f8bcdf0a,CVE-1999-1386
477905329,ibojanova/BF,CWEBF/XML/cwec_v4.6.xml,a3d603fad3b585a1d3ec36690a04b631f8bcdf0a,CVE-1999-1379
477905329,ibojanova/BF,CWEBF/XML/cwec_v4.6.xml,a3d603fad3b585a1d3ec36690a04b631f8bcdf0a,CVE-1999-1363
477905329,ibojanova/BF,CWEBF/XML/cwec_v4.6.xml,a3d603fad3b585a1d3ec36690a04b631f8bcdf0a,CVE-1999-1326
477905329,ibojanova/BF,CWEBF/XML/cwec_v4.6.xml,a3d603fad3b585a1d3ec36690a04b631f8bcdf0a,CVE-1999-1324
477905329,ibojanova/BF,CWEBF/XML/cwec_v4.6.xml,a3d603fad3b585a1d3ec36690a04b631f8bcdf0a,CVE-1999-1318
477905329,ibojanova/BF,CWEBF/XML/cwec_v4.6.xml,a3d603fad3b585a1d3ec36690a04b631f8bcdf0a,CVE-1999-1270
477905329,ibojanova/BF,CWEBF/XML/cwec_v4.6.xml,a3d603fad3b585a1d3ec36690a04b631f8bcdf0a,CVE-1999-1263
477905329,ibojanova/BF,CWEBF/XML/cwec_v4.6.xml,a3d603fad3b585a1d3ec36690a04b631f8bcdf0a,CVE-1999-1193
477905329,ibojanova/BF,CWEBF/XML/cwec_v4.6.xml,a3d603fad3b585a1d3ec36690a04b631f8bcdf0a,CVE-1999-1156
477905329,ibojanova/BF,CWEBF/XML/cwec_v4.6.xml,a3d603fad3b585a1d3ec36690a04b631f8bcdf0a,CVE-1999-1152
477905329,ibojanova/BF,CWEBF/XML/cwec_v4.6.xml,a3d603fad3b585a1d3ec36690a04b631f8bcdf0a,CVE-1999-1127
477905329,ibojanova/BF,CWEBF/XML/cwec_v4.6.xml,a3d603fad3b585a1d3ec36690a04b631f8bcdf0a,CVE-1999-1125
477905329,ibojanova/BF,CWEBF/XML/cwec_v4.6.xml,a3d603fad3b585a1d3ec36690a04b631f8bcdf0a,CVE-1999-1120
477905329,ibojanova/BF,CWEBF/XML/cwec_v4.6.xml,a3d603fad3b585a1d3ec36690a04b631f8bcdf0a,CVE-1999-1083
477905329,ibojanova/BF,CWEBF/XML/cwec_v4.6.xml,a3d603fad3b585a1d3ec36690a04b631f8bcdf0a,CVE-1999-1082
477905329,ibojanova/BF,CWEBF/XML/cwec_v4.6.xml,a3d603fad3b585a1d3ec36690a04b631f8bcdf0a,CVE-2000-1117
477905329,ibojanova/BF,CWEBF/XML/cwec_v4.6.xml,a3d603fad3b585a1d3ec36690a04b631f8bcdf0a,CVE-2002-1816
477905329,ibojanova/BF,CWEBF/XML/cwec_v4.6.xml,a3d603fad3b585a1d3ec36690a04b631f8bcdf0a,CVE-2000-1128
477905329,ibojanova/BF,CWEBF/XML/cwec_v4.6.xml,a3d603fad3b585a1d3ec36690a04b631f8bcdf0a,CVE-2000-1142
477905329,ibojanova/BF,CWEBF/XML/cwec_v4.6.xml,a3d603fad3b585a1d3ec36690a04b631f8bcdf0a,CVE-2001-0905
477905329,ibojanova/BF,CWEBF/XML/cwec_v4.6.xml,a3d603fad3b585a1d3ec36690a04b631f8bcdf0a,CVE-2001-0901
477905329,ibojanova/BF,CWEBF/XML/cwec_v4.6.xml,a3d603fad3b585a1d3ec36690a04b631f8bcdf0a,CVE-2001-0893
477905329,ibojanova/BF,CWEBF/XML/cwec_v4.6.xml,a3d603fad3b585a1d3ec36690a04b631f8bcdf0a,CVE-2001-0892
477905329,ibojanova/BF,CWEBF/XML/cwec_v4.6.xml,a3d603fad3b585a1d3ec36690a04b631f8bcdf0a,CVE-2001-0872
477905329,ibojanova/BF,CWEBF/XML/cwec_v4.6.xml,a3d603fad3b585a1d3ec36690a04b631f8bcdf0a,CVE-2001-0865
477905329,ibojanova/BF,CWEBF/XML/cwec_v4.6.xml,a3d603fad3b585a1d3ec36690a04b631f8bcdf0a,CVE-2001-0863
477905329,ibojanova/BF,CWEBF/XML/cwec_v4.6.xml,a3d603fad3b585a1d3ec36690a04b631f8bcdf0a,CVE-2001-0860
477905329,ibojanova/BF,CWEBF/XML/cwec_v4.6.xml,a3d603fad3b585a1d3ec36690a04b631f8bcdf0a,CVE-2001-0854
477905329,ibojanova/BF,CWEBF/XML/cwec_v4.6.xml,a3d603fad3b585a1d3ec36690a04b631f8bcdf0a,CVE-2001-0830
477905329,ibojanova/BF,CWEBF/XML/cwec_v4.6.xml,a3d603fad3b585a1d3ec36690a04b631f8bcdf0a,CVE-2001-0825
477905329,ibojanova/BF,CWEBF/XML/cwec_v4.6.xml,a3d603fad3b585a1d3ec36690a04b631f8bcdf0a,CVE-2001-0908
477905329,ibojanova/BF,CWEBF/XML/cwec_v4.6.xml,a3d603fad3b585a1d3ec36690a04b631f8bcdf0a,CVE-2001-0795
477905329,ibojanova/BF,CWEBF/XML/cwec_v4.6.xml,a3d603fad3b585a1d3ec36690a04b631f8bcdf0a,CVE-2001-0778
477905329,ibojanova/BF,CWEBF/XML/cwec_v4.6.xml,a3d603fad3b585a1d3ec36690a04b631f8bcdf0a,CVE-2001-0766
477905329,ibojanova/BF,CWEBF/XML/cwec_v4.6.xml,a3d603fad3b585a1d3ec36690a04b631f8bcdf0a,CVE-2001-0751
477905329,ibojanova/BF,CWEBF/XML/cwec_v4.6.xml,a3d603fad3b585a1d3ec36690a04b631f8bcdf0a,CVE-2001-0738
477905329,ibojanova/BF,CWEBF/XML/cwec_v4.6.xml,a3d603fad3b585a1d3ec36690a04b631f8bcdf0a,CVE-2001-0717
477905329,ibojanova/BF,CWEBF/XML/cwec_v4.6.xml,a3d603fad3b585a1d3ec36690a04b631f8bcdf0a,CVE-2001-0709
477905329,ibojanova/BF,CWEBF/XML/cwec_v4.6.xml,a3d603fad3b585a1d3ec36690a04b631f8bcdf0a,CVE-2001-0693
477905329,ibojanova/BF,CWEBF/XML/cwec_v4.6.xml,a3d603fad3b585a1d3ec36690a04b631f8bcdf0a,CVE-2001-0687
477905329,ibojanova/BF,CWEBF/XML/cwec_v4.6.xml,a3d603fad3b585a1d3ec36690a04b631f8bcdf0a,CVE-2001-0682
477905329,ibojanova/BF,CWEBF/XML/cwec_v4.6.xml,a3d603fad3b585a1d3ec36690a04b631f8bcdf0a,CVE-2001-0677
477905329,ibojanova/BF,CWEBF/XML/cwec_v4.6.xml,a3d603fad3b585a1d3ec36690a04b631f8bcdf0a,CVE-2001-0669
477905329,ibojanova/BF,CWEBF/XML/cwec_v4.6.xml,a3d603fad3b585a1d3ec36690a04b631f8bcdf0a,CVE-2001-0787
477905329,ibojanova/BF,CWEBF/XML/cwec_v4.6.xml,a3d603fad3b585a1d3ec36690a04b631f8bcdf0a,CVE-2001-0667
477905329,ibojanova/BF,CWEBF/XML/cwec_v4.6.xml,a3d603fad3b585a1d3ec36690a04b631f8bcdf0a,CVE-2001-0910
477905329,ibojanova/BF,CWEBF/XML/cwec_v4.6.xml,a3d603fad3b585a1d3ec36690a04b631f8bcdf0a,CVE-2001-0933
477905329,ibojanova/BF,CWEBF/XML/cwec_v4.6.xml,a3d603fad3b585a1d3ec36690a04b631f8bcdf0a,CVE-2001-1238
477905329,ibojanova/BF,CWEBF/XML/cwec_v4.6.xml,a3d603fad3b585a1d3ec36690a04b631f8bcdf0a,CVE-2001-1193
477905329,ibojanova/BF,CWEBF/XML/cwec_v4.6.xml,a3d603fad3b585a1d3ec36690a04b631f8bcdf0a,CVE-2001-1186
477905329,ibojanova/BF,CWEBF/XML/cwec_v4.6.xml,a3d603fad3b585a1d3ec36690a04b631f8bcdf0a,CVE-2001-1166
477905329,ibojanova/BF,CWEBF/XML/cwec_v4.6.xml,a3d603fad3b585a1d3ec36690a04b631f8bcdf0a,CVE-2001-1157
477905329,ibojanova/BF,CWEBF/XML/cwec_v4.6.xml,a3d603fad3b585a1d3ec36690a04b631f8bcdf0a,CVE-2001-1155
477905329,ibojanova/BF,CWEBF/XML/cwec_v4.6.xml,a3d603fad3b585a1d3ec36690a04b631f8bcdf0a,CVE-2001-1152
477905329,ibojanova/BF,CWEBF/XML/cwec_v4.6.xml,a3d603fad3b585a1d3ec36690a04b631f8bcdf0a,CVE-2001-1141
477905329,ibojanova/BF,CWEBF/XML/cwec_v4.6.xml,a3d603fad3b585a1d3ec36690a04b631f8bcdf0a,CVE-2001-1140
477905329,ibojanova/BF,CWEBF/XML/cwec_v4.6.xml,a3d603fad3b585a1d3ec36690a04b631f8bcdf0a,CVE-2001-1131
477905329,ibojanova/BF,CWEBF/XML/cwec_v4.6.xml,a3d603fad3b585a1d3ec36690a04b631f8bcdf0a,CVE-2001-1125
477905329,ibojanova/BF,CWEBF/XML/cwec_v4.6.xml,a3d603fad3b585a1d3ec36690a04b631f8bcdf0a,CVE-2001-0912
477905329,ibojanova/BF,CWEBF/XML/cwec_v4.6.xml,a3d603fad3b585a1d3ec36690a04b631f8bcdf0a,CVE-2001-1072
477905329,ibojanova/BF,CWEBF/XML/cwec_v4.6.xml,a3d603fad3b585a1d3ec36690a04b631f8bcdf0a,CVE-2001-1042
477905329,ibojanova/BF,CWEBF/XML/cwec_v4.6.xml,a3d603fad3b585a1d3ec36690a04b631f8bcdf0a,CVE-2001-1029
477905329,ibojanova/BF,CWEBF/XML/cwec_v4.6.xml,a3d603fad3b585a1d3ec36690a04b631f8bcdf0a,CVE-2001-1025
477905329,ibojanova/BF,CWEBF/XML/cwec_v4.6.xml,a3d603fad3b585a1d3ec36690a04b631f8bcdf0a,CVE-2001-1009
477905329,ibojanova/BF,CWEBF/XML/cwec_v4.6.xml,a3d603fad3b585a1d3ec36690a04b631f8bcdf0a,CVE-2001-0996
477905329,ibojanova/BF,CWEBF/XML/cwec_v4.6.xml,a3d603fad3b585a1d3ec36690a04b631f8bcdf0a,CVE-2001-0984
477905329,ibojanova/BF,CWEBF/XML/cwec_v4.6.xml,a3d603fad3b585a1d3ec36690a04b631f8bcdf0a,CVE-2001-0967
477905329,ibojanova/BF,CWEBF/XML/cwec_v4.6.xml,a3d603fad3b585a1d3ec36690a04b631f8bcdf0a,CVE-2001-0963
477905329,ibojanova/BF,CWEBF/XML/cwec_v4.6.xml,a3d603fad3b585a1d3ec36690a04b631f8bcdf0a,CVE-2001-0950
477905329,ibojanova/BF,CWEBF/XML/cwec_v4.6.xml,a3d603fad3b585a1d3ec36690a04b631f8bcdf0a,CVE-2001-0943
477905329,ibojanova/BF,CWEBF/XML/cwec_v4.6.xml,a3d603fad3b585a1d3ec36690a04b631f8bcdf0a,CVE-2001-0942
477905329,ibojanova/BF,CWEBF/XML/cwec_v4.6.xml,a3d603fad3b585a1d3ec36690a04b631f8bcdf0a,CVE-2001-1043
477905329,ibojanova/BF,CWEBF/XML/cwec_v4.6.xml,a3d603fad3b585a1d3ec36690a04b631f8bcdf0a,CVE-2001-0650
477905329,ibojanova/BF,CWEBF/XML/cwec_v4.6.xml,a3d603fad3b585a1d3ec36690a04b631f8bcdf0a,CVE-2001-0643
477905329,ibojanova/BF,CWEBF/XML/cwec_v4.6.xml,a3d603fad3b585a1d3ec36690a04b631f8bcdf0a,CVE-2001-0615
477905329,ibojanova/BF,CWEBF/XML/cwec_v4.6.xml,a3d603fad3b585a1d3ec36690a04b631f8bcdf0a,CVE-2001-0162
477905329,ibojanova/BF,CWEBF/XML/cwec_v4.6.xml,a3d603fad3b585a1d3ec36690a04b631f8bcdf0a,CVE-2001-0161
477905329,ibojanova/BF,CWEBF/XML/cwec_v4.6.xml,a3d603fad3b585a1d3ec36690a04b631f8bcdf0a,CVE-2001-0160
477905329,ibojanova/BF,CWEBF/XML/cwec_v4.6.xml,a3d603fad3b585a1d3ec36690a04b631f8bcdf0a,CVE-2001-0150
477905329,ibojanova/BF,CWEBF/XML/cwec_v4.6.xml,a3d603fad3b585a1d3ec36690a04b631f8bcdf0a,CVE-2001-0136
477905329,ibojanova/BF,CWEBF/XML/cwec_v4.6.xml,a3d603fad3b585a1d3ec36690a04b631f8bcdf0a,CVE-2001-0128
477905329,ibojanova/BF,CWEBF/XML/cwec_v4.6.xml,a3d603fad3b585a1d3ec36690a04b631f8bcdf0a,CVE-2001-0088
477905329,ibojanova/BF,CWEBF/XML/cwec_v4.6.xml,a3d603fad3b585a1d3ec36690a04b631f8bcdf0a,CVE-2001-0084
477905329,ibojanova/BF,CWEBF/XML/cwec_v4.6.xml,a3d603fad3b585a1d3ec36690a04b631f8bcdf0a,CVE-2001-0081
477905329,ibojanova/BF,CWEBF/XML/cwec_v4.6.xml,a3d603fad3b585a1d3ec36690a04b631f8bcdf0a,CVE-2001-0054
477905329,ibojanova/BF,CWEBF/XML/cwec_v4.6.xml,a3d603fad3b585a1d3ec36690a04b631f8bcdf0a,CVE-2001-0038
477905329,ibojanova/BF,CWEBF/XML/cwec_v4.6.xml,a3d603fad3b585a1d3ec36690a04b631f8bcdf0a,CVE-2001-0163
477905329,ibojanova/BF,CWEBF/XML/cwec_v4.6.xml,a3d603fad3b585a1d3ec36690a04b631f8bcdf0a,CVE-2001-0033
477905329,ibojanova/BF,CWEBF/XML/cwec_v4.6.xml,a3d603fad3b585a1d3ec36690a04b631f8bcdf0a,CVE-2001-0004
477905329,ibojanova/BF,CWEBF/XML/cwec_v4.6.xml,a3d603fad3b585a1d3ec36690a04b631f8bcdf0a,CVE-2001-0003
477905329,ibojanova/BF,CWEBF/XML/cwec_v4.6.xml,a3d603fad3b585a1d3ec36690a04b631f8bcdf0a,CVE-2000-1234
477905329,ibojanova/BF,CWEBF/XML/cwec_v4.6.xml,a3d603fad3b585a1d3ec36690a04b631f8bcdf0a,CVE-2000-1221
477905329,ibojanova/BF,CWEBF/XML/cwec_v4.6.xml,a3d603fad3b585a1d3ec36690a04b631f8bcdf0a,CVE-2000-1218
477905329,ibojanova/BF,CWEBF/XML/cwec_v4.6.xml,a3d603fad3b585a1d3ec36690a04b631f8bcdf0a,CVE-2000-1213
477905329,ibojanova/BF,CWEBF/XML/cwec_v4.6.xml,a3d603fad3b585a1d3ec36690a04b631f8bcdf0a,CVE-2000-1212
477905329,ibojanova/BF,CWEBF/XML/cwec_v4.6.xml,a3d603fad3b585a1d3ec36690a04b631f8bcdf0a,CVE-2000-1198
477905329,ibojanova/BF,CWEBF/XML/cwec_v4.6.xml,a3d603fad3b585a1d3ec36690a04b631f8bcdf0a,CVE-2000-1179
477905329,ibojanova/BF,CWEBF/XML/cwec_v4.6.xml,a3d603fad3b585a1d3ec36690a04b631f8bcdf0a,CVE-2000-1178
477905329,ibojanova/BF,CWEBF/XML/cwec_v4.6.xml,a3d603fad3b585a1d3ec36690a04b631f8bcdf0a,CVE-2000-1165
477905329,ibojanova/BF,CWEBF/XML/cwec_v4.6.xml,a3d603fad3b585a1d3ec36690a04b631f8bcdf0a,CVE-2001-0006
477905329,ibojanova/BF,CWEBF/XML/cwec_v4.6.xml,a3d603fad3b585a1d3ec36690a04b631f8bcdf0a,CVE-2001-0178
477905329,ibojanova/BF,CWEBF/XML/cwec_v4.6.xml,a3d603fad3b585a1d3ec36690a04b631f8bcdf0a,CVE-2001-0191
477905329,ibojanova/BF,CWEBF/XML/cwec_v4.6.xml,a3d603fad3b585a1d3ec36690a04b631f8bcdf0a,CVE-2001-0195
477905329,ibojanova/BF,CWEBF/XML/cwec_v4.6.xml,a3d603fad3b585a1d3ec36690a04b631f8bcdf0a,CVE-2001-0609
477905329,ibojanova/BF,CWEBF/XML/cwec_v4.6.xml,a3d603fad3b585a1d3ec36690a04b631f8bcdf0a,CVE-2001-0590
477905329,ibojanova/BF,CWEBF/XML/cwec_v4.6.xml,a3d603fad3b585a1d3ec36690a04b631f8bcdf0a,CVE-2001-0559
477905329,ibojanova/BF,CWEBF/XML/cwec_v4.6.xml,a3d603fad3b585a1d3ec36690a04b631f8bcdf0a,CVE-2001-0558
477905329,ibojanova/BF,CWEBF/XML/cwec_v4.6.xml,a3d603fad3b585a1d3ec36690a04b631f8bcdf0a,CVE-2001-0527
477905329,ibojanova/BF,CWEBF/XML/cwec_v4.6.xml,a3d603fad3b585a1d3ec36690a04b631f8bcdf0a,CVE-2001-0520
477905329,ibojanova/BF,CWEBF/XML/cwec_v4.6.xml,a3d603fad3b585a1d3ec36690a04b631f8bcdf0a,CVE-2001-0507
477905329,ibojanova/BF,CWEBF/XML/cwec_v4.6.xml,a3d603fad3b585a1d3ec36690a04b631f8bcdf0a,CVE-2001-0497
477905329,ibojanova/BF,CWEBF/XML/cwec_v4.6.xml,a3d603fad3b585a1d3ec36690a04b631f8bcdf0a,CVE-2001-0493
477905329,ibojanova/BF,CWEBF/XML/cwec_v4.6.xml,a3d603fad3b585a1d3ec36690a04b631f8bcdf0a,CVE-2001-0492
477905329,ibojanova/BF,CWEBF/XML/cwec_v4.6.xml,a3d603fad3b585a1d3ec36690a04b631f8bcdf0a,CVE-2001-0491
477905329,ibojanova/BF,CWEBF/XML/cwec_v4.6.xml,a3d603fad3b585a1d3ec36690a04b631f8bcdf0a,CVE-2001-0480
477905329,ibojanova/BF,CWEBF/XML/cwec_v4.6.xml,a3d603fad3b585a1d3ec36690a04b631f8bcdf0a,CVE-2001-0467
477905329,ibojanova/BF,CWEBF/XML/cwec_v4.6.xml,a3d603fad3b585a1d3ec36690a04b631f8bcdf0a,CVE-2001-0446
477905329,ibojanova/BF,CWEBF/XML/cwec_v4.6.xml,a3d603fad3b585a1d3ec36690a04b631f8bcdf0a,CVE-2001-0398
477905329,ibojanova/BF,CWEBF/XML/cwec_v4.6.xml,a3d603fad3b585a1d3ec36690a04b631f8bcdf0a,CVE-2001-0395
477905329,ibojanova/BF,CWEBF/XML/cwec_v4.6.xml,a3d603fad3b585a1d3ec36690a04b631f8bcdf0a,CVE-2001-0334
477905329,ibojanova/BF,CWEBF/XML/cwec_v4.6.xml,a3d603fad3b585a1d3ec36690a04b631f8bcdf0a,CVE-2001-0333
477905329,ibojanova/BF,CWEBF/XML/cwec_v4.6.xml,a3d603fad3b585a1d3ec36690a04b631f8bcdf0a,CVE-2001-0330
477905329,ibojanova/BF,CWEBF/XML/cwec_v4.6.xml,a3d603fad3b585a1d3ec36690a04b631f8bcdf0a,CVE-2001-0328
477905329,ibojanova/BF,CWEBF/XML/cwec_v4.6.xml,a3d603fad3b585a1d3ec36690a04b631f8bcdf0a,CVE-2001-0289
477905329,ibojanova/BF,CWEBF/XML/cwec_v4.6.xml,a3d603fad3b585a1d3ec36690a04b631f8bcdf0a,CVE-2001-0288
477905329,ibojanova/BF,CWEBF/XML/cwec_v4.6.xml,a3d603fad3b585a1d3ec36690a04b631f8bcdf0a,CVE-2001-0255
477905329,ibojanova/BF,CWEBF/XML/cwec_v4.6.xml,a3d603fad3b585a1d3ec36690a04b631f8bcdf0a,CVE-2001-0249
477905329,ibojanova/BF,CWEBF/XML/cwec_v4.6.xml,a3d603fad3b585a1d3ec36690a04b631f8bcdf0a,CVE-2001-0248
477905329,ibojanova/BF,CWEBF/XML/cwec_v4.6.xml,a3d603fad3b585a1d3ec36690a04b631f8bcdf0a,CVE-2000-1133
477905329,ibojanova/BF,CWEBF/XML/cwec_v4.6.xml,a3d603fad3b585a1d3ec36690a04b631f8bcdf0a,CVE-2005-1921
477905329,ibojanova/BF,CWEBF/XML/cwec_v4.6.xml,a3d603fad3b585a1d3ec36690a04b631f8bcdf0a,CVE-2002-1818
477905329,ibojanova/BF,CWEBF/XML/cwec_v4.6.xml,a3d603fad3b585a1d3ec36690a04b631f8bcdf0a,CVE-2002-1825
477905329,ibojanova/BF,CWEBF/XML/cwec_v4.6.xml,a3d603fad3b585a1d3ec36690a04b631f8bcdf0a,CVE-2004-2219
477905329,ibojanova/BF,CWEBF/XML/cwec_v4.6.xml,a3d603fad3b585a1d3ec36690a04b631f8bcdf0a,CVE-2004-2215
477905329,ibojanova/BF,CWEBF/XML/cwec_v4.6.xml,a3d603fad3b585a1d3ec36690a04b631f8bcdf0a,CVE-2004-2214
477905329,ibojanova/BF,CWEBF/XML/cwec_v4.6.xml,a3d603fad3b585a1d3ec36690a04b631f8bcdf0a,CVE-2004-2213
477905329,ibojanova/BF,CWEBF/XML/cwec_v4.6.xml,a3d603fad3b585a1d3ec36690a04b631f8bcdf0a,CVE-2004-2204
477905329,ibojanova/BF,CWEBF/XML/cwec_v4.6.xml,a3d603fad3b585a1d3ec36690a04b631f8bcdf0a,CVE-2004-2172
477905329,ibojanova/BF,CWEBF/XML/cwec_v4.6.xml,a3d603fad3b585a1d3ec36690a04b631f8bcdf0a,CVE-2004-2171
477905329,ibojanova/BF,CWEBF/XML/cwec_v4.6.xml,a3d603fad3b585a1d3ec36690a04b631f8bcdf0a,CVE-2004-2164
477905329,ibojanova/BF,CWEBF/XML/cwec_v4.6.xml,a3d603fad3b585a1d3ec36690a04b631f8bcdf0a,CVE-2004-2163
477905329,ibojanova/BF,CWEBF/XML/cwec_v4.6.xml,a3d603fad3b585a1d3ec36690a04b631f8bcdf0a,CVE-2004-2154
477905329,ibojanova/BF,CWEBF/XML/cwec_v4.6.xml,a3d603fad3b585a1d3ec36690a04b631f8bcdf0a,CVE-2004-2150
477905329,ibojanova/BF,CWEBF/XML/cwec_v4.6.xml,a3d603fad3b585a1d3ec36690a04b631f8bcdf0a,CVE-2004-2227
477905329,ibojanova/BF,CWEBF/XML/cwec_v4.6.xml,a3d603fad3b585a1d3ec36690a04b631f8bcdf0a,CVE-2004-2146
477905329,ibojanova/BF,CWEBF/XML/cwec_v4.6.xml,a3d603fad3b585a1d3ec36690a04b631f8bcdf0a,CVE-2004-2121
477905329,ibojanova/BF,CWEBF/XML/cwec_v4.6.xml,a3d603fad3b585a1d3ec36690a04b631f8bcdf0a,CVE-2004-2070
477905329,ibojanova/BF,CWEBF/XML/cwec_v4.6.xml,a3d603fad3b585a1d3ec36690a04b631f8bcdf0a,CVE-2004-2061
477905329,ibojanova/BF,CWEBF/XML/cwec_v4.6.xml,a3d603fad3b585a1d3ec36690a04b631f8bcdf0a,CVE-2004-2032
477905329,ibojanova/BF,CWEBF/XML/cwec_v4.6.xml,a3d603fad3b585a1d3ec36690a04b631f8bcdf0a,CVE-2004-2013
477905329,ibojanova/BF,CWEBF/XML/cwec_v4.6.xml,a3d603fad3b585a1d3ec36690a04b631f8bcdf0a,CVE-2004-2012
477905329,ibojanova/BF,CWEBF/XML/cwec_v4.6.xml,a3d603fad3b585a1d3ec36690a04b631f8bcdf0a,CVE-2004-1995
477905329,ibojanova/BF,CWEBF/XML/cwec_v4.6.xml,a3d603fad3b585a1d3ec36690a04b631f8bcdf0a,CVE-2004-1982
477905329,ibojanova/BF,CWEBF/XML/cwec_v4.6.xml,a3d603fad3b585a1d3ec36690a04b631f8bcdf0a,CVE-2004-1967
477905329,ibojanova/BF,CWEBF/XML/cwec_v4.6.xml,a3d603fad3b585a1d3ec36690a04b631f8bcdf0a,CVE-2004-1962
477905329,ibojanova/BF,CWEBF/XML/cwec_v4.6.xml,a3d603fad3b585a1d3ec36690a04b631f8bcdf0a,CVE-2004-1950
477905329,ibojanova/BF,CWEBF/XML/cwec_v4.6.xml,a3d603fad3b585a1d3ec36690a04b631f8bcdf0a,CVE-2004-2144
477905329,ibojanova/BF,CWEBF/XML/cwec_v4.6.xml,a3d603fad3b585a1d3ec36690a04b631f8bcdf0a,CVE-2004-1948
477905329,ibojanova/BF,CWEBF/XML/cwec_v4.6.xml,a3d603fad3b585a1d3ec36690a04b631f8bcdf0a,CVE-2004-2252
477905329,ibojanova/BF,CWEBF/XML/cwec_v4.6.xml,a3d603fad3b585a1d3ec36690a04b631f8bcdf0a,CVE-2004-2258
477905329,ibojanova/BF,CWEBF/XML/cwec_v4.6.xml,a3d603fad3b585a1d3ec36690a04b631f8bcdf0a,CVE-2005-0129
477905329,ibojanova/BF,CWEBF/XML/cwec_v4.6.xml,a3d603fad3b585a1d3ec36690a04b631f8bcdf0a,CVE-2005-0102
477905329,ibojanova/BF,CWEBF/XML/cwec_v4.6.xml,a3d603fad3b585a1d3ec36690a04b631f8bcdf0a,CVE-2005-0064
477905329,ibojanova/BF,CWEBF/XML/cwec_v4.6.xml,a3d603fad3b585a1d3ec36690a04b631f8bcdf0a,CVE-2005-0054
477905329,ibojanova/BF,CWEBF/XML/cwec_v4.6.xml,a3d603fad3b585a1d3ec36690a04b631f8bcdf0a,CVE-2005-0039
477905329,ibojanova/BF,CWEBF/XML/cwec_v4.6.xml,a3d603fad3b585a1d3ec36690a04b631f8bcdf0a,CVE-2004-2620
477905329,ibojanova/BF,CWEBF/XML/cwec_v4.6.xml,a3d603fad3b585a1d3ec36690a04b631f8bcdf0a,CVE-2004-2589
477905329,ibojanova/BF,CWEBF/XML/cwec_v4.6.xml,a3d603fad3b585a1d3ec36690a04b631f8bcdf0a,CVE-2004-2530
477905329,ibojanova/BF,CWEBF/XML/cwec_v4.6.xml,a3d603fad3b585a1d3ec36690a04b631f8bcdf0a,CVE-2004-2527
477905329,ibojanova/BF,CWEBF/XML/cwec_v4.6.xml,a3d603fad3b585a1d3ec36690a04b631f8bcdf0a,CVE-2004-2512
477905329,ibojanova/BF,CWEBF/XML/cwec_v4.6.xml,a3d603fad3b585a1d3ec36690a04b631f8bcdf0a,CVE-2004-2504
477905329,ibojanova/BF,CWEBF/XML/cwec_v4.6.xml,a3d603fad3b585a1d3ec36690a04b631f8bcdf0a,CVE-2004-2257
477905329,ibojanova/BF,CWEBF/XML/cwec_v4.6.xml,a3d603fad3b585a1d3ec36690a04b631f8bcdf0a,CVE-2004-2491
477905329,ibojanova/BF,CWEBF/XML/cwec_v4.6.xml,a3d603fad3b585a1d3ec36690a04b631f8bcdf0a,CVE-2004-2458
477905329,ibojanova/BF,CWEBF/XML/cwec_v4.6.xml,a3d603fad3b585a1d3ec36690a04b631f8bcdf0a,CVE-2004-2397
477905329,ibojanova/BF,CWEBF/XML/cwec_v4.6.xml,a3d603fad3b585a1d3ec36690a04b631f8bcdf0a,CVE-2004-2371
477905329,ibojanova/BF,CWEBF/XML/cwec_v4.6.xml,a3d603fad3b585a1d3ec36690a04b631f8bcdf0a,CVE-2004-2363
477905329,ibojanova/BF,CWEBF/XML/cwec_v4.6.xml,a3d603fad3b585a1d3ec36690a04b631f8bcdf0a,CVE-2004-2353
477905329,ibojanova/BF,CWEBF/XML/cwec_v4.6.xml,a3d603fad3b585a1d3ec36690a04b631f8bcdf0a,CVE-2004-2351
477905329,ibojanova/BF,CWEBF/XML/cwec_v4.6.xml,a3d603fad3b585a1d3ec36690a04b631f8bcdf0a,CVE-2004-2331
477905329,ibojanova/BF,CWEBF/XML/cwec_v4.6.xml,a3d603fad3b585a1d3ec36690a04b631f8bcdf0a,CVE-2004-2268
477905329,ibojanova/BF,CWEBF/XML/cwec_v4.6.xml,a3d603fad3b585a1d3ec36690a04b631f8bcdf0a,CVE-2004-2262
477905329,ibojanova/BF,CWEBF/XML/cwec_v4.6.xml,a3d603fad3b585a1d3ec36690a04b631f8bcdf0a,CVE-2004-2260
477905329,ibojanova/BF,CWEBF/XML/cwec_v4.6.xml,a3d603fad3b585a1d3ec36690a04b631f8bcdf0a,CVE-2004-2259
477905329,ibojanova/BF,CWEBF/XML/cwec_v4.6.xml,a3d603fad3b585a1d3ec36690a04b631f8bcdf0a,CVE-2004-2488
477905329,ibojanova/BF,CWEBF/XML/cwec_v4.6.xml,a3d603fad3b585a1d3ec36690a04b631f8bcdf0a,CVE-2004-1940
477905329,ibojanova/BF,CWEBF/XML/cwec_v4.6.xml,a3d603fad3b585a1d3ec36690a04b631f8bcdf0a,CVE-2004-1939
477905329,ibojanova/BF,CWEBF/XML/cwec_v4.6.xml,a3d603fad3b585a1d3ec36690a04b631f8bcdf0a,CVE-2004-1938
477905329,ibojanova/BF,CWEBF/XML/cwec_v4.6.xml,a3d603fad3b585a1d3ec36690a04b631f8bcdf0a,CVE-2004-1104
477905329,ibojanova/BF,CWEBF/XML/cwec_v4.6.xml,a3d603fad3b585a1d3ec36690a04b631f8bcdf0a,CVE-2004-1101
477905329,ibojanova/BF,CWEBF/XML/cwec_v4.6.xml,a3d603fad3b585a1d3ec36690a04b631f8bcdf0a,CVE-2004-1084
477905329,ibojanova/BF,CWEBF/XML/cwec_v4.6.xml,a3d603fad3b585a1d3ec36690a04b631f8bcdf0a,CVE-2004-1083
477905329,ibojanova/BF,CWEBF/XML/cwec_v4.6.xml,a3d603fad3b585a1d3ec36690a04b631f8bcdf0a,CVE-2004-1072
477905329,ibojanova/BF,CWEBF/XML/cwec_v4.6.xml,a3d603fad3b585a1d3ec36690a04b631f8bcdf0a,CVE-2004-1058
477905329,ibojanova/BF,CWEBF/XML/cwec_v4.6.xml,a3d603fad3b585a1d3ec36690a04b631f8bcdf0a,CVE-2004-1056
477905329,ibojanova/BF,CWEBF/XML/cwec_v4.6.xml,a3d603fad3b585a1d3ec36690a04b631f8bcdf0a,CVE-2004-1033
477905329,ibojanova/BF,CWEBF/XML/cwec_v4.6.xml,a3d603fad3b585a1d3ec36690a04b631f8bcdf0a,CVE-2004-1032
477905329,ibojanova/BF,CWEBF/XML/cwec_v4.6.xml,a3d603fad3b585a1d3ec36690a04b631f8bcdf0a,CVE-2004-1012
477905329,ibojanova/BF,CWEBF/XML/cwec_v4.6.xml,a3d603fad3b585a1d3ec36690a04b631f8bcdf0a,CVE-2004-1002
477905329,ibojanova/BF,CWEBF/XML/cwec_v4.6.xml,a3d603fad3b585a1d3ec36690a04b631f8bcdf0a,CVE-2004-1189
477905329,ibojanova/BF,CWEBF/XML/cwec_v4.6.xml,a3d603fad3b585a1d3ec36690a04b631f8bcdf0a,CVE-2004-0989
477905329,ibojanova/BF,CWEBF/XML/cwec_v4.6.xml,a3d603fad3b585a1d3ec36690a04b631f8bcdf0a,CVE-2004-0956
477905329,ibojanova/BF,CWEBF/XML/cwec_v4.6.xml,a3d603fad3b585a1d3ec36690a04b631f8bcdf0a,CVE-2004-0942
477905329,ibojanova/BF,CWEBF/XML/cwec_v4.6.xml,a3d603fad3b585a1d3ec36690a04b631f8bcdf0a,CVE-2004-0940
477905329,ibojanova/BF,CWEBF/XML/cwec_v4.6.xml,a3d603fad3b585a1d3ec36690a04b631f8bcdf0a,CVE-2004-0892
477905329,ibojanova/BF,CWEBF/XML/cwec_v4.6.xml,a3d603fad3b585a1d3ec36690a04b631f8bcdf0a,CVE-2004-0847
477905329,ibojanova/BF,CWEBF/XML/cwec_v4.6.xml,a3d603fad3b585a1d3ec36690a04b631f8bcdf0a,CVE-2004-0829
477905329,ibojanova/BF,CWEBF/XML/cwec_v4.6.xml,a3d603fad3b585a1d3ec36690a04b631f8bcdf0a,CVE-2004-0828
477905329,ibojanova/BF,CWEBF/XML/cwec_v4.6.xml,a3d603fad3b585a1d3ec36690a04b631f8bcdf0a,CVE-2004-0826
477905329,ibojanova/BF,CWEBF/XML/cwec_v4.6.xml,a3d603fad3b585a1d3ec36690a04b631f8bcdf0a,CVE-2004-0816
477905329,ibojanova/BF,CWEBF/XML/cwec_v4.6.xml,a3d603fad3b585a1d3ec36690a04b631f8bcdf0a,CVE-2004-0815
477905329,ibojanova/BF,CWEBF/XML/cwec_v4.6.xml,a3d603fad3b585a1d3ec36690a04b631f8bcdf0a,CVE-2004-0808
477905329,ibojanova/BF,CWEBF/XML/cwec_v4.6.xml,a3d603fad3b585a1d3ec36690a04b631f8bcdf0a,CVE-2004-0979
477905329,ibojanova/BF,CWEBF/XML/cwec_v4.6.xml,a3d603fad3b585a1d3ec36690a04b631f8bcdf0a,CVE-2004-1315
477905329,ibojanova/BF,CWEBF/XML/cwec_v4.6.xml,a3d603fad3b585a1d3ec36690a04b631f8bcdf0a,CVE-2004-1363
477905329,ibojanova/BF,CWEBF/XML/cwec_v4.6.xml,a3d603fad3b585a1d3ec36690a04b631f8bcdf0a,CVE-2004-1395
477905329,ibojanova/BF,CWEBF/XML/cwec_v4.6.xml,a3d603fad3b585a1d3ec36690a04b631f8bcdf0a,CVE-2004-1935
477905329,ibojanova/BF,CWEBF/XML/cwec_v4.6.xml,a3d603fad3b585a1d3ec36690a04b631f8bcdf0a,CVE-2004-1901
477905329,ibojanova/BF,CWEBF/XML/cwec_v4.6.xml,a3d603fad3b585a1d3ec36690a04b631f8bcdf0a,CVE-2004-1878
477905329,ibojanova/BF,CWEBF/XML/cwec_v4.6.xml,a3d603fad3b585a1d3ec36690a04b631f8bcdf0a,CVE-2004-1852
477905329,ibojanova/BF,CWEBF/XML/cwec_v4.6.xml,a3d603fad3b585a1d3ec36690a04b631f8bcdf0a,CVE-2004-1842
477905329,ibojanova/BF,CWEBF/XML/cwec_v4.6.xml,a3d603fad3b585a1d3ec36690a04b631f8bcdf0a,CVE-2004-1814
477905329,ibojanova/BF,CWEBF/XML/cwec_v4.6.xml,a3d603fad3b585a1d3ec36690a04b631f8bcdf0a,CVE-2004-1714
477905329,ibojanova/BF,CWEBF/XML/cwec_v4.6.xml,a3d603fad3b585a1d3ec36690a04b631f8bcdf0a,CVE-2004-1703
477905329,ibojanova/BF,CWEBF/XML/cwec_v4.6.xml,a3d603fad3b585a1d3ec36690a04b631f8bcdf0a,CVE-2004-1687
477905329,ibojanova/BF,CWEBF/XML/cwec_v4.6.xml,a3d603fad3b585a1d3ec36690a04b631f8bcdf0a,CVE-2004-1686
477905329,ibojanova/BF,CWEBF/XML/cwec_v4.6.xml,a3d603fad3b585a1d3ec36690a04b631f8bcdf0a,CVE-2004-1670
477905329,ibojanova/BF,CWEBF/XML/cwec_v4.6.xml,a3d603fad3b585a1d3ec36690a04b631f8bcdf0a,CVE-2004-1656
477905329,ibojanova/BF,CWEBF/XML/cwec_v4.6.xml,a3d603fad3b585a1d3ec36690a04b631f8bcdf0a,CVE-2004-1620
477905329,ibojanova/BF,CWEBF/XML/cwec_v4.6.xml,a3d603fad3b585a1d3ec36690a04b631f8bcdf0a,CVE-2004-1611
477905329,ibojanova/BF,CWEBF/XML/cwec_v4.6.xml,a3d603fad3b585a1d3ec36690a04b631f8bcdf0a,CVE-2004-1603
477905329,ibojanova/BF,CWEBF/XML/cwec_v4.6.xml,a3d603fad3b585a1d3ec36690a04b631f8bcdf0a,CVE-2004-1602
477905329,ibojanova/BF,CWEBF/XML/cwec_v4.6.xml,a3d603fad3b585a1d3ec36690a04b631f8bcdf0a,CVE-2004-1590
477905329,ibojanova/BF,CWEBF/XML/cwec_v4.6.xml,a3d603fad3b585a1d3ec36690a04b631f8bcdf0a,CVE-2004-1581
477905329,ibojanova/BF,CWEBF/XML/cwec_v4.6.xml,a3d603fad3b585a1d3ec36690a04b631f8bcdf0a,CVE-2004-1579
477905329,ibojanova/BF,CWEBF/XML/cwec_v4.6.xml,a3d603fad3b585a1d3ec36690a04b631f8bcdf0a,CVE-2004-1513
477905329,ibojanova/BF,CWEBF/XML/cwec_v4.6.xml,a3d603fad3b585a1d3ec36690a04b631f8bcdf0a,CVE-2004-1504
477905329,ibojanova/BF,CWEBF/XML/cwec_v4.6.xml,a3d603fad3b585a1d3ec36690a04b631f8bcdf0a,CVE-2004-1461
477905329,ibojanova/BF,CWEBF/XML/cwec_v4.6.xml,a3d603fad3b585a1d3ec36690a04b631f8bcdf0a,CVE-2004-1451
477905329,ibojanova/BF,CWEBF/XML/cwec_v4.6.xml,a3d603fad3b585a1d3ec36690a04b631f8bcdf0a,CVE-2004-1428
477905329,ibojanova/BF,CWEBF/XML/cwec_v4.6.xml,a3d603fad3b585a1d3ec36690a04b631f8bcdf0a,CVE-2004-1422
477905329,ibojanova/BF,CWEBF/XML/cwec_v4.6.xml,a3d603fad3b585a1d3ec36690a04b631f8bcdf0a,CVE-2005-0143
477905329,ibojanova/BF,CWEBF/XML/cwec_v4.6.xml,a3d603fad3b585a1d3ec36690a04b631f8bcdf0a,CVE-2004-0806
477905329,ibojanova/BF,CWEBF/XML/cwec_v4.6.xml,a3d603fad3b585a1d3ec36690a04b631f8bcdf0a,CVE-2005-0144
477905329,ibojanova/BF,CWEBF/XML/cwec_v4.6.xml,a3d603fad3b585a1d3ec36690a04b631f8bcdf0a,CVE-2005-0199
477905329,ibojanova/BF,CWEBF/XML/cwec_v4.6.xml,a3d603fad3b585a1d3ec36690a04b631f8bcdf0a,CVE-2005-1742
477905329,ibojanova/BF,CWEBF/XML/cwec_v4.6.xml,a3d603fad3b585a1d3ec36690a04b631f8bcdf0a,CVE-2005-1736
477905329,ibojanova/BF,CWEBF/XML/cwec_v4.6.xml,a3d603fad3b585a1d3ec36690a04b631f8bcdf0a,CVE-2005-1724
477905329,ibojanova/BF,CWEBF/XML/cwec_v4.6.xml,a3d603fad3b585a1d3ec36690a04b631f8bcdf0a,CVE-2005-1711
477905329,ibojanova/BF,CWEBF/XML/cwec_v4.6.xml,a3d603fad3b585a1d3ec36690a04b631f8bcdf0a,CVE-2005-1708
477905329,ibojanova/BF,CWEBF/XML/cwec_v4.6.xml,a3d603fad3b585a1d3ec36690a04b631f8bcdf0a,CVE-2005-1705
477905329,ibojanova/BF,CWEBF/XML/cwec_v4.6.xml,a3d603fad3b585a1d3ec36690a04b631f8bcdf0a,CVE-2005-1698
477905329,ibojanova/BF,CWEBF/XML/cwec_v4.6.xml,a3d603fad3b585a1d3ec36690a04b631f8bcdf0a,CVE-2005-1697
477905329,ibojanova/BF,CWEBF/XML/cwec_v4.6.xml,a3d603fad3b585a1d3ec36690a04b631f8bcdf0a,CVE-2005-1689
477905329,ibojanova/BF,CWEBF/XML/cwec_v4.6.xml,a3d603fad3b585a1d3ec36690a04b631f8bcdf0a,CVE-2005-1688
477905329,ibojanova/BF,CWEBF/XML/cwec_v4.6.xml,a3d603fad3b585a1d3ec36690a04b631f8bcdf0a,CVE-2005-1685
477905329,ibojanova/BF,CWEBF/XML/cwec_v4.6.xml,a3d603fad3b585a1d3ec36690a04b631f8bcdf0a,CVE-2005-1744
477905329,ibojanova/BF,CWEBF/XML/cwec_v4.6.xml,a3d603fad3b585a1d3ec36690a04b631f8bcdf0a,CVE-2005-1682
477905329,ibojanova/BF,CWEBF/XML/cwec_v4.6.xml,a3d603fad3b585a1d3ec36690a04b631f8bcdf0a,CVE-2005-1678
477905329,ibojanova/BF,CWEBF/XML/cwec_v4.6.xml,a3d603fad3b585a1d3ec36690a04b631f8bcdf0a,CVE-2005-1674
477905329,ibojanova/BF,CWEBF/XML/cwec_v4.6.xml,a3d603fad3b585a1d3ec36690a04b631f8bcdf0a,CVE-2005-1668
477905329,ibojanova/BF,CWEBF/XML/cwec_v4.6.xml,a3d603fad3b585a1d3ec36690a04b631f8bcdf0a,CVE-2005-1658
477905329,ibojanova/BF,CWEBF/XML/cwec_v4.6.xml,a3d603fad3b585a1d3ec36690a04b631f8bcdf0a,CVE-2005-1656
477905329,ibojanova/BF,CWEBF/XML/cwec_v4.6.xml,a3d603fad3b585a1d3ec36690a04b631f8bcdf0a,CVE-2005-1654
477905329,ibojanova/BF,CWEBF/XML/cwec_v4.6.xml,a3d603fad3b585a1d3ec36690a04b631f8bcdf0a,CVE-2005-1652
477905329,ibojanova/BF,CWEBF/XML/cwec_v4.6.xml,a3d603fad3b585a1d3ec36690a04b631f8bcdf0a,CVE-2005-1650
477905329,ibojanova/BF,CWEBF/XML/cwec_v4.6.xml,a3d603fad3b585a1d3ec36690a04b631f8bcdf0a,CVE-2005-1645
477905329,ibojanova/BF,CWEBF/XML/cwec_v4.6.xml,a3d603fad3b585a1d3ec36690a04b631f8bcdf0a,CVE-2005-1641
477905329,ibojanova/BF,CWEBF/XML/cwec_v4.6.xml,a3d603fad3b585a1d3ec36690a04b631f8bcdf0a,CVE-2005-1636
477905329,ibojanova/BF,CWEBF/XML/cwec_v4.6.xml,a3d603fad3b585a1d3ec36690a04b631f8bcdf0a,CVE-2005-1681
477905329,ibojanova/BF,CWEBF/XML/cwec_v4.6.xml,a3d603fad3b585a1d3ec36690a04b631f8bcdf0a,CVE-2005-1632
477905329,ibojanova/BF,CWEBF/XML/cwec_v4.6.xml,a3d603fad3b585a1d3ec36690a04b631f8bcdf0a,CVE-2005-1745
477905329,ibojanova/BF,CWEBF/XML/cwec_v4.6.xml,a3d603fad3b585a1d3ec36690a04b631f8bcdf0a,CVE-2005-1787
477905329,ibojanova/BF,CWEBF/XML/cwec_v4.6.xml,a3d603fad3b585a1d3ec36690a04b631f8bcdf0a,CVE-2005-1916
477905329,ibojanova/BF,CWEBF/XML/cwec_v4.6.xml,a3d603fad3b585a1d3ec36690a04b631f8bcdf0a,CVE-2005-1909
477905329,ibojanova/BF,CWEBF/XML/cwec_v4.6.xml,a3d603fad3b585a1d3ec36690a04b631f8bcdf0a,CVE-2005-1905
477905329,ibojanova/BF,CWEBF/XML/cwec_v4.6.xml,a3d603fad3b585a1d3ec36690a04b631f8bcdf0a,CVE-2005-1894
477905329,ibojanova/BF,CWEBF/XML/cwec_v4.6.xml,a3d603fad3b585a1d3ec36690a04b631f8bcdf0a,CVE-2005-1892
477905329,ibojanova/BF,CWEBF/XML/cwec_v4.6.xml,a3d603fad3b585a1d3ec36690a04b631f8bcdf0a,CVE-2005-1891
477905329,ibojanova/BF,CWEBF/XML/cwec_v4.6.xml,a3d603fad3b585a1d3ec36690a04b631f8bcdf0a,CVE-2005-1881
477905329,ibojanova/BF,CWEBF/XML/cwec_v4.6.xml,a3d603fad3b585a1d3ec36690a04b631f8bcdf0a,CVE-2005-1880
477905329,ibojanova/BF,CWEBF/XML/cwec_v4.6.xml,a3d603fad3b585a1d3ec36690a04b631f8bcdf0a,CVE-2005-1879
477905329,ibojanova/BF,CWEBF/XML/cwec_v4.6.xml,a3d603fad3b585a1d3ec36690a04b631f8bcdf0a,CVE-2005-1876
477905329,ibojanova/BF,CWEBF/XML/cwec_v4.6.xml,a3d603fad3b585a1d3ec36690a04b631f8bcdf0a,CVE-2005-1870
477905329,ibojanova/BF,CWEBF/XML/cwec_v4.6.xml,a3d603fad3b585a1d3ec36690a04b631f8bcdf0a,CVE-2005-1784
477905329,ibojanova/BF,CWEBF/XML/cwec_v4.6.xml,a3d603fad3b585a1d3ec36690a04b631f8bcdf0a,CVE-2005-1869
477905329,ibojanova/BF,CWEBF/XML/cwec_v4.6.xml,a3d603fad3b585a1d3ec36690a04b631f8bcdf0a,CVE-2005-1864
477905329,ibojanova/BF,CWEBF/XML/cwec_v4.6.xml,a3d603fad3b585a1d3ec36690a04b631f8bcdf0a,CVE-2005-1858
477905329,ibojanova/BF,CWEBF/XML/cwec_v4.6.xml,a3d603fad3b585a1d3ec36690a04b631f8bcdf0a,CVE-2005-1841
477905329,ibojanova/BF,CWEBF/XML/cwec_v4.6.xml,a3d603fad3b585a1d3ec36690a04b631f8bcdf0a,CVE-2005-1835
477905329,ibojanova/BF,CWEBF/XML/cwec_v4.6.xml,a3d603fad3b585a1d3ec36690a04b631f8bcdf0a,CVE-2005-1828
477905329,ibojanova/BF,CWEBF/XML/cwec_v4.6.xml,a3d603fad3b585a1d3ec36690a04b631f8bcdf0a,CVE-2005-1827
477905329,ibojanova/BF,CWEBF/XML/cwec_v4.6.xml,a3d603fad3b585a1d3ec36690a04b631f8bcdf0a,CVE-2005-1824
477905329,ibojanova/BF,CWEBF/XML/cwec_v4.6.xml,a3d603fad3b585a1d3ec36690a04b631f8bcdf0a,CVE-2005-1820
477905329,ibojanova/BF,CWEBF/XML/cwec_v4.6.xml,a3d603fad3b585a1d3ec36690a04b631f8bcdf0a,CVE-2005-1816
477905329,ibojanova/BF,CWEBF/XML/cwec_v4.6.xml,a3d603fad3b585a1d3ec36690a04b631f8bcdf0a,CVE-2005-1794
477905329,ibojanova/BF,CWEBF/XML/cwec_v4.6.xml,a3d603fad3b585a1d3ec36690a04b631f8bcdf0a,CVE-2005-1792
477905329,ibojanova/BF,CWEBF/XML/cwec_v4.6.xml,a3d603fad3b585a1d3ec36690a04b631f8bcdf0a,CVE-2005-1868
477905329,ibojanova/BF,CWEBF/XML/cwec_v4.6.xml,a3d603fad3b585a1d3ec36690a04b631f8bcdf0a,CVE-2005-1604
477905329,ibojanova/BF,CWEBF/XML/cwec_v4.6.xml,a3d603fad3b585a1d3ec36690a04b631f8bcdf0a,CVE-2005-1575
477905329,ibojanova/BF,CWEBF/XML/cwec_v4.6.xml,a3d603fad3b585a1d3ec36690a04b631f8bcdf0a,CVE-2005-1527
477905329,ibojanova/BF,CWEBF/XML/cwec_v4.6.xml,a3d603fad3b585a1d3ec36690a04b631f8bcdf0a,CVE-2005-0593
477905329,ibojanova/BF,CWEBF/XML/cwec_v4.6.xml,a3d603fad3b585a1d3ec36690a04b631f8bcdf0a,CVE-2005-0590
477905329,ibojanova/BF,CWEBF/XML/cwec_v4.6.xml,a3d603fad3b585a1d3ec36690a04b631f8bcdf0a,CVE-2005-0587
477905329,ibojanova/BF,CWEBF/XML/cwec_v4.6.xml,a3d603fad3b585a1d3ec36690a04b631f8bcdf0a,CVE-2005-0585
477905329,ibojanova/BF,CWEBF/XML/cwec_v4.6.xml,a3d603fad3b585a1d3ec36690a04b631f8bcdf0a,CVE-2005-0563
477905329,ibojanova/BF,CWEBF/XML/cwec_v4.6.xml,a3d603fad3b585a1d3ec36690a04b631f8bcdf0a,CVE-2005-0496
477905329,ibojanova/BF,CWEBF/XML/cwec_v4.6.xml,a3d603fad3b585a1d3ec36690a04b631f8bcdf0a,CVE-2005-0490
477905329,ibojanova/BF,CWEBF/XML/cwec_v4.6.xml,a3d603fad3b585a1d3ec36690a04b631f8bcdf0a,CVE-2005-0488
477905329,ibojanova/BF,CWEBF/XML/cwec_v4.6.xml,a3d603fad3b585a1d3ec36690a04b631f8bcdf0a,CVE-2005-0471
477905329,ibojanova/BF,CWEBF/XML/cwec_v4.6.xml,a3d603fad3b585a1d3ec36690a04b631f8bcdf0a,CVE-2005-0459
477905329,ibojanova/BF,CWEBF/XML/cwec_v4.6.xml,a3d603fad3b585a1d3ec36690a04b631f8bcdf0a,CVE-2005-0443
477905329,ibojanova/BF,CWEBF/XML/cwec_v4.6.xml,a3d603fad3b585a1d3ec36690a04b631f8bcdf0a,CVE-2005-0602
477905329,ibojanova/BF,CWEBF/XML/cwec_v4.6.xml,a3d603fad3b585a1d3ec36690a04b631f8bcdf0a,CVE-2005-0433
477905329,ibojanova/BF,CWEBF/XML/cwec_v4.6.xml,a3d603fad3b585a1d3ec36690a04b631f8bcdf0a,CVE-2005-0406
477905329,ibojanova/BF,CWEBF/XML/cwec_v4.6.xml,a3d603fad3b585a1d3ec36690a04b631f8bcdf0a,CVE-2005-0369
477905329,ibojanova/BF,CWEBF/XML/cwec_v4.6.xml,a3d603fad3b585a1d3ec36690a04b631f8bcdf0a,CVE-2005-0342
477905329,ibojanova/BF,CWEBF/XML/cwec_v4.6.xml,a3d603fad3b585a1d3ec36690a04b631f8bcdf0a,CVE-2005-0315
477905329,ibojanova/BF,CWEBF/XML/cwec_v4.6.xml,a3d603fad3b585a1d3ec36690a04b631f8bcdf0a,CVE-2005-0269
477905329,ibojanova/BF,CWEBF/XML/cwec_v4.6.xml,a3d603fad3b585a1d3ec36690a04b631f8bcdf0a,CVE-2005-0254
477905329,ibojanova/BF,CWEBF/XML/cwec_v4.6.xml,a3d603fad3b585a1d3ec36690a04b631f8bcdf0a,CVE-2005-0243
477905329,ibojanova/BF,CWEBF/XML/cwec_v4.6.xml,a3d603fad3b585a1d3ec36690a04b631f8bcdf0a,CVE-2005-0235
477905329,ibojanova/BF,CWEBF/XML/cwec_v4.6.xml,a3d603fad3b585a1d3ec36690a04b631f8bcdf0a,CVE-2005-0234
477905329,ibojanova/BF,CWEBF/XML/cwec_v4.6.xml,a3d603fad3b585a1d3ec36690a04b631f8bcdf0a,CVE-2005-0233
477905329,ibojanova/BF,CWEBF/XML/cwec_v4.6.xml,a3d603fad3b585a1d3ec36690a04b631f8bcdf0a,CVE-2005-0202
477905329,ibojanova/BF,CWEBF/XML/cwec_v4.6.xml,a3d603fad3b585a1d3ec36690a04b631f8bcdf0a,CVE-2005-0408
477905329,ibojanova/BF,CWEBF/XML/cwec_v4.6.xml,a3d603fad3b585a1d3ec36690a04b631f8bcdf0a,CVE-2005-0603
477905329,ibojanova/BF,CWEBF/XML/cwec_v4.6.xml,a3d603fad3b585a1d3ec36690a04b631f8bcdf0a,CVE-2005-0622
477905329,ibojanova/BF,CWEBF/XML/cwec_v4.6.xml,a3d603fad3b585a1d3ec36690a04b631f8bcdf0a,CVE-2005-0692
477905329,ibojanova/BF,CWEBF/XML/cwec_v4.6.xml,a3d603fad3b585a1d3ec36690a04b631f8bcdf0a,CVE-2005-1513
477905329,ibojanova/BF,CWEBF/XML/cwec_v4.6.xml,a3d603fad3b585a1d3ec36690a04b631f8bcdf0a,CVE-2005-1406
477905329,ibojanova/BF,CWEBF/XML/cwec_v4.6.xml,a3d603fad3b585a1d3ec36690a04b631f8bcdf0a,CVE-2005-1387
477905329,ibojanova/BF,CWEBF/XML/cwec_v4.6.xml,a3d603fad3b585a1d3ec36690a04b631f8bcdf0a,CVE-2005-1366
477905329,ibojanova/BF,CWEBF/XML/cwec_v4.6.xml,a3d603fad3b585a1d3ec36690a04b631f8bcdf0a,CVE-2005-1365
477905329,ibojanova/BF,CWEBF/XML/cwec_v4.6.xml,a3d603fad3b585a1d3ec36690a04b631f8bcdf0a,CVE-2005-1345
477905329,ibojanova/BF,CWEBF/XML/cwec_v4.6.xml,a3d603fad3b585a1d3ec36690a04b631f8bcdf0a,CVE-2005-1307
477905329,ibojanova/BF,CWEBF/XML/cwec_v4.6.xml,a3d603fad3b585a1d3ec36690a04b631f8bcdf0a,CVE-2005-1306
477905329,ibojanova/BF,CWEBF/XML/cwec_v4.6.xml,a3d603fad3b585a1d3ec36690a04b631f8bcdf0a,CVE-2005-1267
477905329,ibojanova/BF,CWEBF/XML/cwec_v4.6.xml,a3d603fad3b585a1d3ec36690a04b631f8bcdf0a,CVE-2005-1215
477905329,ibojanova/BF,CWEBF/XML/cwec_v4.6.xml,a3d603fad3b585a1d3ec36690a04b631f8bcdf0a,CVE-2005-1205
477905329,ibojanova/BF,CWEBF/XML/cwec_v4.6.xml,a3d603fad3b585a1d3ec36690a04b631f8bcdf0a,CVE-2005-1185
477905329,ibojanova/BF,CWEBF/XML/cwec_v4.6.xml,a3d603fad3b585a1d3ec36690a04b631f8bcdf0a,CVE-2005-1141
477905329,ibojanova/BF,CWEBF/XML/cwec_v4.6.xml,a3d603fad3b585a1d3ec36690a04b631f8bcdf0a,CVE-2005-1111
477905329,ibojanova/BF,CWEBF/XML/cwec_v4.6.xml,a3d603fad3b585a1d3ec36690a04b631f8bcdf0a,CVE-2005-1064
477905329,ibojanova/BF,CWEBF/XML/cwec_v4.6.xml,a3d603fad3b585a1d3ec36690a04b631f8bcdf0a,CVE-2005-1061
477905329,ibojanova/BF,CWEBF/XML/cwec_v4.6.xml,a3d603fad3b585a1d3ec36690a04b631f8bcdf0a,CVE-2005-1036
477905329,ibojanova/BF,CWEBF/XML/cwec_v4.6.xml,a3d603fad3b585a1d3ec36690a04b631f8bcdf0a,CVE-2005-0945
477905329,ibojanova/BF,CWEBF/XML/cwec_v4.6.xml,a3d603fad3b585a1d3ec36690a04b631f8bcdf0a,CVE-2005-0918
477905329,ibojanova/BF,CWEBF/XML/cwec_v4.6.xml,a3d603fad3b585a1d3ec36690a04b631f8bcdf0a,CVE-2005-0893
477905329,ibojanova/BF,CWEBF/XML/cwec_v4.6.xml,a3d603fad3b585a1d3ec36690a04b631f8bcdf0a,CVE-2005-0891
477905329,ibojanova/BF,CWEBF/XML/cwec_v4.6.xml,a3d603fad3b585a1d3ec36690a04b631f8bcdf0a,CVE-2005-0877
477905329,ibojanova/BF,CWEBF/XML/cwec_v4.6.xml,a3d603fad3b585a1d3ec36690a04b631f8bcdf0a,CVE-2005-0831
477905329,ibojanova/BF,CWEBF/XML/cwec_v4.6.xml,a3d603fad3b585a1d3ec36690a04b631f8bcdf0a,CVE-2005-0824
477905329,ibojanova/BF,CWEBF/XML/cwec_v4.6.xml,a3d603fad3b585a1d3ec36690a04b631f8bcdf0a,CVE-2005-0772
477905329,ibojanova/BF,CWEBF/XML/cwec_v4.6.xml,a3d603fad3b585a1d3ec36690a04b631f8bcdf0a,CVE-2005-0198
477905329,ibojanova/BF,CWEBF/XML/cwec_v4.6.xml,a3d603fad3b585a1d3ec36690a04b631f8bcdf0a,CVE-2002-1820
477905329,ibojanova/BF,CWEBF/XML/cwec_v4.6.xml,a3d603fad3b585a1d3ec36690a04b631f8bcdf0a,CVE-2004-0794
477905329,ibojanova/BF,CWEBF/XML/cwec_v4.6.xml,a3d603fad3b585a1d3ec36690a04b631f8bcdf0a,CVE-2004-0774
477905329,ibojanova/BF,CWEBF/XML/cwec_v4.6.xml,a3d603fad3b585a1d3ec36690a04b631f8bcdf0a,CVE-2003-0345
477905329,ibojanova/BF,CWEBF/XML/cwec_v4.6.xml,a3d603fad3b585a1d3ec36690a04b631f8bcdf0a,CVE-2003-0332
477905329,ibojanova/BF,CWEBF/XML/cwec_v4.6.xml,a3d603fad3b585a1d3ec36690a04b631f8bcdf0a,CVE-2003-0327
477905329,ibojanova/BF,CWEBF/XML/cwec_v4.6.xml,a3d603fad3b585a1d3ec36690a04b631f8bcdf0a,CVE-2003-0317
477905329,ibojanova/BF,CWEBF/XML/cwec_v4.6.xml,a3d603fad3b585a1d3ec36690a04b631f8bcdf0a,CVE-2003-0313
477905329,ibojanova/BF,CWEBF/XML/cwec_v4.6.xml,a3d603fad3b585a1d3ec36690a04b631f8bcdf0a,CVE-2003-0307
477905329,ibojanova/BF,CWEBF/XML/cwec_v4.6.xml,a3d603fad3b585a1d3ec36690a04b631f8bcdf0a,CVE-2003-0304
477905329,ibojanova/BF,CWEBF/XML/cwec_v4.6.xml,a3d603fad3b585a1d3ec36690a04b631f8bcdf0a,CVE-2003-0291
477905329,ibojanova/BF,CWEBF/XML/cwec_v4.6.xml,a3d603fad3b585a1d3ec36690a04b631f8bcdf0a,CVE-2003-0282
477905329,ibojanova/BF,CWEBF/XML/cwec_v4.6.xml,a3d603fad3b585a1d3ec36690a04b631f8bcdf0a,CVE-2003-0265
477905329,ibojanova/BF,CWEBF/XML/cwec_v4.6.xml,a3d603fad3b585a1d3ec36690a04b631f8bcdf0a,CVE-2003-0252
477905329,ibojanova/BF,CWEBF/XML/cwec_v4.6.xml,a3d603fad3b585a1d3ec36690a04b631f8bcdf0a,CVE-2003-0350
477905329,ibojanova/BF,CWEBF/XML/cwec_v4.6.xml,a3d603fad3b585a1d3ec36690a04b631f8bcdf0a,CVE-2003-0244
477905329,ibojanova/BF,CWEBF/XML/cwec_v4.6.xml,a3d603fad3b585a1d3ec36690a04b631f8bcdf0a,CVE-2003-0230
477905329,ibojanova/BF,CWEBF/XML/cwec_v4.6.xml,a3d603fad3b585a1d3ec36690a04b631f8bcdf0a,CVE-2003-0195
477905329,ibojanova/BF,CWEBF/XML/cwec_v4.6.xml,a3d603fad3b585a1d3ec36690a04b631f8bcdf0a,CVE-2003-0190
477905329,ibojanova/BF,CWEBF/XML/cwec_v4.6.xml,a3d603fad3b585a1d3ec36690a04b631f8bcdf0a,CVE-2003-0187
477905329,ibojanova/BF,CWEBF/XML/cwec_v4.6.xml,a3d603fad3b585a1d3ec36690a04b631f8bcdf0a,CVE-2003-0174
477905329,ibojanova/BF,CWEBF/XML/cwec_v4.6.xml,a3d603fad3b585a1d3ec36690a04b631f8bcdf0a,CVE-2003-0161
477905329,ibojanova/BF,CWEBF/XML/cwec_v4.6.xml,a3d603fad3b585a1d3ec36690a04b631f8bcdf0a,CVE-2003-0143
477905329,ibojanova/BF,CWEBF/XML/cwec_v4.6.xml,a3d603fad3b585a1d3ec36690a04b631f8bcdf0a,CVE-2003-0083
477905329,ibojanova/BF,CWEBF/XML/cwec_v4.6.xml,a3d603fad3b585a1d3ec36690a04b631f8bcdf0a,CVE-2003-0078
477905329,ibojanova/BF,CWEBF/XML/cwec_v4.6.xml,a3d603fad3b585a1d3ec36690a04b631f8bcdf0a,CVE-2003-0063
477905329,ibojanova/BF,CWEBF/XML/cwec_v4.6.xml,a3d603fad3b585a1d3ec36690a04b631f8bcdf0a,CVE-2003-0041
477905329,ibojanova/BF,CWEBF/XML/cwec_v4.6.xml,a3d603fad3b585a1d3ec36690a04b631f8bcdf0a,CVE-2003-0239
477905329,ibojanova/BF,CWEBF/XML/cwec_v4.6.xml,a3d603fad3b585a1d3ec36690a04b631f8bcdf0a,CVE-2003-0023
477905329,ibojanova/BF,CWEBF/XML/cwec_v4.6.xml,a3d603fad3b585a1d3ec36690a04b631f8bcdf0a,CVE-2003-0355
477905329,ibojanova/BF,CWEBF/XML/cwec_v4.6.xml,a3d603fad3b585a1d3ec36690a04b631f8bcdf0a,CVE-2003-0364
477905329,ibojanova/BF,CWEBF/XML/cwec_v4.6.xml,a3d603fad3b585a1d3ec36690a04b631f8bcdf0a,CVE-2003-0721
477905329,ibojanova/BF,CWEBF/XML/cwec_v4.6.xml,a3d603fad3b585a1d3ec36690a04b631f8bcdf0a,CVE-2003-0645
477905329,ibojanova/BF,CWEBF/XML/cwec_v4.6.xml,a3d603fad3b585a1d3ec36690a04b631f8bcdf0a,CVE-2003-0640
477905329,ibojanova/BF,CWEBF/XML/cwec_v4.6.xml,a3d603fad3b585a1d3ec36690a04b631f8bcdf0a,CVE-2003-0637
477905329,ibojanova/BF,CWEBF/XML/cwec_v4.6.xml,a3d603fad3b585a1d3ec36690a04b631f8bcdf0a,CVE-2003-0625
477905329,ibojanova/BF,CWEBF/XML/cwec_v4.6.xml,a3d603fad3b585a1d3ec36690a04b631f8bcdf0a,CVE-2003-0595
477905329,ibojanova/BF,CWEBF/XML/cwec_v4.6.xml,a3d603fad3b585a1d3ec36690a04b631f8bcdf0a,CVE-2003-0579
477905329,ibojanova/BF,CWEBF/XML/cwec_v4.6.xml,a3d603fad3b585a1d3ec36690a04b631f8bcdf0a,CVE-2003-0578
477905329,ibojanova/BF,CWEBF/XML/cwec_v4.6.xml,a3d603fad3b585a1d3ec36690a04b631f8bcdf0a,CVE-2003-0545
477905329,ibojanova/BF,CWEBF/XML/cwec_v4.6.xml,a3d603fad3b585a1d3ec36690a04b631f8bcdf0a,CVE-2003-0542
477905329,ibojanova/BF,CWEBF/XML/cwec_v4.6.xml,a3d603fad3b585a1d3ec36690a04b631f8bcdf0a,CVE-2003-0517
477905329,ibojanova/BF,CWEBF/XML/cwec_v4.6.xml,a3d603fad3b585a1d3ec36690a04b631f8bcdf0a,CVE-2003-0356
477905329,ibojanova/BF,CWEBF/XML/cwec_v4.6.xml,a3d603fad3b585a1d3ec36690a04b631f8bcdf0a,CVE-2003-0501
477905329,ibojanova/BF,CWEBF/XML/cwec_v4.6.xml,a3d603fad3b585a1d3ec36690a04b631f8bcdf0a,CVE-2003-0477
477905329,ibojanova/BF,CWEBF/XML/cwec_v4.6.xml,a3d603fad3b585a1d3ec36690a04b631f8bcdf0a,CVE-2003-0466
477905329,ibojanova/BF,CWEBF/XML/cwec_v4.6.xml,a3d603fad3b585a1d3ec36690a04b631f8bcdf0a,CVE-2003-0465
477905329,ibojanova/BF,CWEBF/XML/cwec_v4.6.xml,a3d603fad3b585a1d3ec36690a04b631f8bcdf0a,CVE-2003-0429
477905329,ibojanova/BF,CWEBF/XML/cwec_v4.6.xml,a3d603fad3b585a1d3ec36690a04b631f8bcdf0a,CVE-2003-0424
477905329,ibojanova/BF,CWEBF/XML/cwec_v4.6.xml,a3d603fad3b585a1d3ec36690a04b631f8bcdf0a,CVE-2003-0422
477905329,ibojanova/BF,CWEBF/XML/cwec_v4.6.xml,a3d603fad3b585a1d3ec36690a04b631f8bcdf0a,CVE-2003-0412
477905329,ibojanova/BF,CWEBF/XML/cwec_v4.6.xml,a3d603fad3b585a1d3ec36690a04b631f8bcdf0a,CVE-2003-0411
477905329,ibojanova/BF,CWEBF/XML/cwec_v4.6.xml,a3d603fad3b585a1d3ec36690a04b631f8bcdf0a,CVE-2003-0400
477905329,ibojanova/BF,CWEBF/XML/cwec_v4.6.xml,a3d603fad3b585a1d3ec36690a04b631f8bcdf0a,CVE-2003-0395
477905329,ibojanova/BF,CWEBF/XML/cwec_v4.6.xml,a3d603fad3b585a1d3ec36690a04b631f8bcdf0a,CVE-2003-0377
477905329,ibojanova/BF,CWEBF/XML/cwec_v4.6.xml,a3d603fad3b585a1d3ec36690a04b631f8bcdf0a,CVE-2003-0489
477905329,ibojanova/BF,CWEBF/XML/cwec_v4.6.xml,a3d603fad3b585a1d3ec36690a04b631f8bcdf0a,CVE-2003-0022
477905329,ibojanova/BF,CWEBF/XML/cwec_v4.6.xml,a3d603fad3b585a1d3ec36690a04b631f8bcdf0a,CVE-2003-0021
477905329,ibojanova/BF,CWEBF/XML/cwec_v4.6.xml,a3d603fad3b585a1d3ec36690a04b631f8bcdf0a,CVE-2003-0020
477905329,ibojanova/BF,CWEBF/XML/cwec_v4.6.xml,a3d603fad3b585a1d3ec36690a04b631f8bcdf0a,CVE-2002-1976
477905329,ibojanova/BF,CWEBF/XML/cwec_v4.6.xml,a3d603fad3b585a1d3ec36690a04b631f8bcdf0a,CVE-2002-1975
477905329,ibojanova/BF,CWEBF/XML/cwec_v4.6.xml,a3d603fad3b585a1d3ec36690a04b631f8bcdf0a,CVE-2002-1965
477905329,ibojanova/BF,CWEBF/XML/cwec_v4.6.xml,a3d603fad3b585a1d3ec36690a04b631f8bcdf0a,CVE-2002-1949
477905329,ibojanova/BF,CWEBF/XML/cwec_v4.6.xml,a3d603fad3b585a1d3ec36690a04b631f8bcdf0a,CVE-2002-1946
477905329,ibojanova/BF,CWEBF/XML/cwec_v4.6.xml,a3d603fad3b585a1d3ec36690a04b631f8bcdf0a,CVE-2002-1915
477905329,ibojanova/BF,CWEBF/XML/cwec_v4.6.xml,a3d603fad3b585a1d3ec36690a04b631f8bcdf0a,CVE-2002-1914
477905329,ibojanova/BF,CWEBF/XML/cwec_v4.6.xml,a3d603fad3b585a1d3ec36690a04b631f8bcdf0a,CVE-2002-1913
477905329,ibojanova/BF,CWEBF/XML/cwec_v4.6.xml,a3d603fad3b585a1d3ec36690a04b631f8bcdf0a,CVE-2002-1912
477905329,ibojanova/BF,CWEBF/XML/cwec_v4.6.xml,a3d603fad3b585a1d3ec36690a04b631f8bcdf0a,CVE-2002-1910
477905329,ibojanova/BF,CWEBF/XML/cwec_v4.6.xml,a3d603fad3b585a1d3ec36690a04b631f8bcdf0a,CVE-2002-1906
477905329,ibojanova/BF,CWEBF/XML/cwec_v4.6.xml,a3d603fad3b585a1d3ec36690a04b631f8bcdf0a,CVE-2002-1977
477905329,ibojanova/BF,CWEBF/XML/cwec_v4.6.xml,a3d603fad3b585a1d3ec36690a04b631f8bcdf0a,CVE-2002-1898
477905329,ibojanova/BF,CWEBF/XML/cwec_v4.6.xml,a3d603fad3b585a1d3ec36690a04b631f8bcdf0a,CVE-2002-1880
477905329,ibojanova/BF,CWEBF/XML/cwec_v4.6.xml,a3d603fad3b585a1d3ec36690a04b631f8bcdf0a,CVE-2002-1876
477905329,ibojanova/BF,CWEBF/XML/cwec_v4.6.xml,a3d603fad3b585a1d3ec36690a04b631f8bcdf0a,CVE-2002-1872
477905329,ibojanova/BF,CWEBF/XML/cwec_v4.6.xml,a3d603fad3b585a1d3ec36690a04b631f8bcdf0a,CVE-2002-1869
477905329,ibojanova/BF,CWEBF/XML/cwec_v4.6.xml,a3d603fad3b585a1d3ec36690a04b631f8bcdf0a,CVE-2002-1863
477905329,ibojanova/BF,CWEBF/XML/cwec_v4.6.xml,a3d603fad3b585a1d3ec36690a04b631f8bcdf0a,CVE-2002-1850
477905329,ibojanova/BF,CWEBF/XML/cwec_v4.6.xml,a3d603fad3b585a1d3ec36690a04b631f8bcdf0a,CVE-2002-1848
477905329,ibojanova/BF,CWEBF/XML/cwec_v4.6.xml,a3d603fad3b585a1d3ec36690a04b631f8bcdf0a,CVE-2002-1844
477905329,ibojanova/BF,CWEBF/XML/cwec_v4.6.xml,a3d603fad3b585a1d3ec36690a04b631f8bcdf0a,CVE-2002-1841
477905329,ibojanova/BF,CWEBF/XML/cwec_v4.6.xml,a3d603fad3b585a1d3ec36690a04b631f8bcdf0a,CVE-2002-1839
477905329,ibojanova/BF,CWEBF/XML/cwec_v4.6.xml,a3d603fad3b585a1d3ec36690a04b631f8bcdf0a,CVE-2002-1831
477905329,ibojanova/BF,CWEBF/XML/cwec_v4.6.xml,a3d603fad3b585a1d3ec36690a04b631f8bcdf0a,CVE-2002-1886
477905329,ibojanova/BF,CWEBF/XML/cwec_v4.6.xml,a3d603fad3b585a1d3ec36690a04b631f8bcdf0a,CVE-2002-1978
477905329,ibojanova/BF,CWEBF/XML/cwec_v4.6.xml,a3d603fad3b585a1d3ec36690a04b631f8bcdf0a,CVE-2002-1979
477905329,ibojanova/BF,CWEBF/XML/cwec_v4.6.xml,a3d603fad3b585a1d3ec36690a04b631f8bcdf0a,CVE-2002-1981
477905329,ibojanova/BF,CWEBF/XML/cwec_v4.6.xml,a3d603fad3b585a1d3ec36690a04b631f8bcdf0a,CVE-2003-0001
477905329,ibojanova/BF,CWEBF/XML/cwec_v4.6.xml,a3d603fad3b585a1d3ec36690a04b631f8bcdf0a,CVE-2002-2323
477905329,ibojanova/BF,CWEBF/XML/cwec_v4.6.xml,a3d603fad3b585a1d3ec36690a04b631f8bcdf0a,CVE-2002-2227
477905329,ibojanova/BF,CWEBF/XML/cwec_v4.6.xml,a3d603fad3b585a1d3ec36690a04b631f8bcdf0a,CVE-2002-2175
477905329,ibojanova/BF,CWEBF/XML/cwec_v4.6.xml,a3d603fad3b585a1d3ec36690a04b631f8bcdf0a,CVE-2002-2124
477905329,ibojanova/BF,CWEBF/XML/cwec_v4.6.xml,a3d603fad3b585a1d3ec36690a04b631f8bcdf0a,CVE-2002-2119
477905329,ibojanova/BF,CWEBF/XML/cwec_v4.6.xml,a3d603fad3b585a1d3ec36690a04b631f8bcdf0a,CVE-2002-2109
477905329,ibojanova/BF,CWEBF/XML/cwec_v4.6.xml,a3d603fad3b585a1d3ec36690a04b631f8bcdf0a,CVE-2002-2094
477905329,ibojanova/BF,CWEBF/XML/cwec_v4.6.xml,a3d603fad3b585a1d3ec36690a04b631f8bcdf0a,CVE-2002-2086
477905329,ibojanova/BF,CWEBF/XML/cwec_v4.6.xml,a3d603fad3b585a1d3ec36690a04b631f8bcdf0a,CVE-2002-2077
477905329,ibojanova/BF,CWEBF/XML/cwec_v4.6.xml,a3d603fad3b585a1d3ec36690a04b631f8bcdf0a,CVE-2002-2070
477905329,ibojanova/BF,CWEBF/XML/cwec_v4.6.xml,a3d603fad3b585a1d3ec36690a04b631f8bcdf0a,CVE-2002-2069
477905329,ibojanova/BF,CWEBF/XML/cwec_v4.6.xml,a3d603fad3b585a1d3ec36690a04b631f8bcdf0a,CVE-2002-2068
477905329,ibojanova/BF,CWEBF/XML/cwec_v4.6.xml,a3d603fad3b585a1d3ec36690a04b631f8bcdf0a,CVE-2002-2067
477905329,ibojanova/BF,CWEBF/XML/cwec_v4.6.xml,a3d603fad3b585a1d3ec36690a04b631f8bcdf0a,CVE-2002-2066
477905329,ibojanova/BF,CWEBF/XML/cwec_v4.6.xml,a3d603fad3b585a1d3ec36690a04b631f8bcdf0a,CVE-2002-2065
477905329,ibojanova/BF,CWEBF/XML/cwec_v4.6.xml,a3d603fad3b585a1d3ec36690a04b631f8bcdf0a,CVE-2002-2064
477905329,ibojanova/BF,CWEBF/XML/cwec_v4.6.xml,a3d603fad3b585a1d3ec36690a04b631f8bcdf0a,CVE-2002-2058
477905329,ibojanova/BF,CWEBF/XML/cwec_v4.6.xml,a3d603fad3b585a1d3ec36690a04b631f8bcdf0a,CVE-2002-2054
477905329,ibojanova/BF,CWEBF/XML/cwec_v4.6.xml,a3d603fad3b585a1d3ec36690a04b631f8bcdf0a,CVE-2002-2042
477905329,ibojanova/BF,CWEBF/XML/cwec_v4.6.xml,a3d603fad3b585a1d3ec36690a04b631f8bcdf0a,CVE-2002-2040
477905329,ibojanova/BF,CWEBF/XML/cwec_v4.6.xml,a3d603fad3b585a1d3ec36690a04b631f8bcdf0a,CVE-2002-2031
477905329,ibojanova/BF,CWEBF/XML/cwec_v4.6.xml,a3d603fad3b585a1d3ec36690a04b631f8bcdf0a,CVE-2002-2017
477905329,ibojanova/BF,CWEBF/XML/cwec_v4.6.xml,a3d603fad3b585a1d3ec36690a04b631f8bcdf0a,CVE-2002-1987
477905329,ibojanova/BF,CWEBF/XML/cwec_v4.6.xml,a3d603fad3b585a1d3ec36690a04b631f8bcdf0a,CVE-2002-1986
477905329,ibojanova/BF,CWEBF/XML/cwec_v4.6.xml,a3d603fad3b585a1d3ec36690a04b631f8bcdf0a,CVE-2003-0740
477905329,ibojanova/BF,CWEBF/XML/cwec_v4.6.xml,a3d603fad3b585a1d3ec36690a04b631f8bcdf0a,CVE-2003-0750
477905329,ibojanova/BF,CWEBF/XML/cwec_v4.6.xml,a3d603fad3b585a1d3ec36690a04b631f8bcdf0a,CVE-2003-0753
477905329,ibojanova/BF,CWEBF/XML/cwec_v4.6.xml,a3d603fad3b585a1d3ec36690a04b631f8bcdf0a,CVE-2003-0754
477905329,ibojanova/BF,CWEBF/XML/cwec_v4.6.xml,a3d603fad3b585a1d3ec36690a04b631f8bcdf0a,CVE-2004-0380
477905329,ibojanova/BF,CWEBF/XML/cwec_v4.6.xml,a3d603fad3b585a1d3ec36690a04b631f8bcdf0a,CVE-2004-0366
477905329,ibojanova/BF,CWEBF/XML/cwec_v4.6.xml,a3d603fad3b585a1d3ec36690a04b631f8bcdf0a,CVE-2004-0365
477905329,ibojanova/BF,CWEBF/XML/cwec_v4.6.xml,a3d603fad3b585a1d3ec36690a04b631f8bcdf0a,CVE-2004-0346
477905329,ibojanova/BF,CWEBF/XML/cwec_v4.6.xml,a3d603fad3b585a1d3ec36690a04b631f8bcdf0a,CVE-2004-0342
477905329,ibojanova/BF,CWEBF/XML/cwec_v4.6.xml,a3d603fad3b585a1d3ec36690a04b631f8bcdf0a,CVE-2004-0334
477905329,ibojanova/BF,CWEBF/XML/cwec_v4.6.xml,a3d603fad3b585a1d3ec36690a04b631f8bcdf0a,CVE-2004-0325
477905329,ibojanova/BF,CWEBF/XML/cwec_v4.6.xml,a3d603fad3b585a1d3ec36690a04b631f8bcdf0a,CVE-2004-0294
477905329,ibojanova/BF,CWEBF/XML/cwec_v4.6.xml,a3d603fad3b585a1d3ec36690a04b631f8bcdf0a,CVE-2004-0285
477905329,ibojanova/BF,CWEBF/XML/cwec_v4.6.xml,a3d603fad3b585a1d3ec36690a04b631f8bcdf0a,CVE-2004-0281
477905329,ibojanova/BF,CWEBF/XML/cwec_v4.6.xml,a3d603fad3b585a1d3ec36690a04b631f8bcdf0a,CVE-2004-0280
477905329,ibojanova/BF,CWEBF/XML/cwec_v4.6.xml,a3d603fad3b585a1d3ec36690a04b631f8bcdf0a,CVE-2004-0389
477905329,ibojanova/BF,CWEBF/XML/cwec_v4.6.xml,a3d603fad3b585a1d3ec36690a04b631f8bcdf0a,CVE-2004-0276
477905329,ibojanova/BF,CWEBF/XML/cwec_v4.6.xml,a3d603fad3b585a1d3ec36690a04b631f8bcdf0a,CVE-2004-0270
477905329,ibojanova/BF,CWEBF/XML/cwec_v4.6.xml,a3d603fad3b585a1d3ec36690a04b631f8bcdf0a,CVE-2004-0261
477905329,ibojanova/BF,CWEBF/XML/cwec_v4.6.xml,a3d603fad3b585a1d3ec36690a04b631f8bcdf0a,CVE-2004-0243
477905329,ibojanova/BF,CWEBF/XML/cwec_v4.6.xml,a3d603fad3b585a1d3ec36690a04b631f8bcdf0a,CVE-2004-0235
477905329,ibojanova/BF,CWEBF/XML/cwec_v4.6.xml,a3d603fad3b585a1d3ec36690a04b631f8bcdf0a,CVE-2004-0230
477905329,ibojanova/BF,CWEBF/XML/cwec_v4.6.xml,a3d603fad3b585a1d3ec36690a04b631f8bcdf0a,CVE-2004-0222
477905329,ibojanova/BF,CWEBF/XML/cwec_v4.6.xml,a3d603fad3b585a1d3ec36690a04b631f8bcdf0a,CVE-2004-0221
477905329,ibojanova/BF,CWEBF/XML/cwec_v4.6.xml,a3d603fad3b585a1d3ec36690a04b631f8bcdf0a,CVE-2004-0217
477905329,ibojanova/BF,CWEBF/XML/cwec_v4.6.xml,a3d603fad3b585a1d3ec36690a04b631f8bcdf0a,CVE-2004-0213
477905329,ibojanova/BF,CWEBF/XML/cwec_v4.6.xml,a3d603fad3b585a1d3ec36690a04b631f8bcdf0a,CVE-2004-0207
477905329,ibojanova/BF,CWEBF/XML/cwec_v4.6.xml,a3d603fad3b585a1d3ec36690a04b631f8bcdf0a,CVE-2004-0201
477905329,ibojanova/BF,CWEBF/XML/cwec_v4.6.xml,a3d603fad3b585a1d3ec36690a04b631f8bcdf0a,CVE-2004-0274
477905329,ibojanova/BF,CWEBF/XML/cwec_v4.6.xml,a3d603fad3b585a1d3ec36690a04b631f8bcdf0a,CVE-2004-0411
477905329,ibojanova/BF,CWEBF/XML/cwec_v4.6.xml,a3d603fad3b585a1d3ec36690a04b631f8bcdf0a,CVE-2004-0413
477905329,ibojanova/BF,CWEBF/XML/cwec_v4.6.xml,a3d603fad3b585a1d3ec36690a04b631f8bcdf0a,CVE-2004-0421
477905329,ibojanova/BF,CWEBF/XML/cwec_v4.6.xml,a3d603fad3b585a1d3ec36690a04b631f8bcdf0a,CVE-2004-0772
477905329,ibojanova/BF,CWEBF/XML/cwec_v4.6.xml,a3d603fad3b585a1d3ec36690a04b631f8bcdf0a,CVE-2004-0765
477905329,ibojanova/BF,CWEBF/XML/cwec_v4.6.xml,a3d603fad3b585a1d3ec36690a04b631f8bcdf0a,CVE-2004-0761
477905329,ibojanova/BF,CWEBF/XML/cwec_v4.6.xml,a3d603fad3b585a1d3ec36690a04b631f8bcdf0a,CVE-2004-0760
477905329,ibojanova/BF,CWEBF/XML/cwec_v4.6.xml,a3d603fad3b585a1d3ec36690a04b631f8bcdf0a,CVE-2004-0747
477905329,ibojanova/BF,CWEBF/XML/cwec_v4.6.xml,a3d603fad3b585a1d3ec36690a04b631f8bcdf0a,CVE-2004-0696
477905329,ibojanova/BF,CWEBF/XML/cwec_v4.6.xml,a3d603fad3b585a1d3ec36690a04b631f8bcdf0a,CVE-2004-0689
477905329,ibojanova/BF,CWEBF/XML/cwec_v4.6.xml,a3d603fad3b585a1d3ec36690a04b631f8bcdf0a,CVE-2004-0642
477905329,ibojanova/BF,CWEBF/XML/cwec_v4.6.xml,a3d603fad3b585a1d3ec36690a04b631f8bcdf0a,CVE-2004-0641
477905329,ibojanova/BF,CWEBF/XML/cwec_v4.6.xml,a3d603fad3b585a1d3ec36690a04b631f8bcdf0a,CVE-2004-0595
477905329,ibojanova/BF,CWEBF/XML/cwec_v4.6.xml,a3d603fad3b585a1d3ec36690a04b631f8bcdf0a,CVE-2004-0594
477905329,ibojanova/BF,CWEBF/XML/cwec_v4.6.xml,a3d603fad3b585a1d3ec36690a04b631f8bcdf0a,CVE-2004-0578
477905329,ibojanova/BF,CWEBF/XML/cwec_v4.6.xml,a3d603fad3b585a1d3ec36690a04b631f8bcdf0a,CVE-2004-0568
477905329,ibojanova/BF,CWEBF/XML/cwec_v4.6.xml,a3d603fad3b585a1d3ec36690a04b631f8bcdf0a,CVE-2004-0552
477905329,ibojanova/BF,CWEBF/XML/cwec_v4.6.xml,a3d603fad3b585a1d3ec36690a04b631f8bcdf0a,CVE-2004-0542
477905329,ibojanova/BF,CWEBF/XML/cwec_v4.6.xml,a3d603fad3b585a1d3ec36690a04b631f8bcdf0a,CVE-2004-0537
477905329,ibojanova/BF,CWEBF/XML/cwec_v4.6.xml,a3d603fad3b585a1d3ec36690a04b631f8bcdf0a,CVE-2004-0492
477905329,ibojanova/BF,CWEBF/XML/cwec_v4.6.xml,a3d603fad3b585a1d3ec36690a04b631f8bcdf0a,CVE-2004-0489
477905329,ibojanova/BF,CWEBF/XML/cwec_v4.6.xml,a3d603fad3b585a1d3ec36690a04b631f8bcdf0a,CVE-2004-0480
477905329,ibojanova/BF,CWEBF/XML/cwec_v4.6.xml,a3d603fad3b585a1d3ec36690a04b631f8bcdf0a,CVE-2004-0473
477905329,ibojanova/BF,CWEBF/XML/cwec_v4.6.xml,a3d603fad3b585a1d3ec36690a04b631f8bcdf0a,CVE-2004-0462
477905329,ibojanova/BF,CWEBF/XML/cwec_v4.6.xml,a3d603fad3b585a1d3ec36690a04b631f8bcdf0a,CVE-2004-0458
477905329,ibojanova/BF,CWEBF/XML/cwec_v4.6.xml,a3d603fad3b585a1d3ec36690a04b631f8bcdf0a,CVE-2004-0434
477905329,ibojanova/BF,CWEBF/XML/cwec_v4.6.xml,a3d603fad3b585a1d3ec36690a04b631f8bcdf0a,CVE-2004-0430
477905329,ibojanova/BF,CWEBF/XML/cwec_v4.6.xml,a3d603fad3b585a1d3ec36690a04b631f8bcdf0a,CVE-2004-0427
477905329,ibojanova/BF,CWEBF/XML/cwec_v4.6.xml,a3d603fad3b585a1d3ec36690a04b631f8bcdf0a,CVE-2004-0191
477905329,ibojanova/BF,CWEBF/XML/cwec_v4.6.xml,a3d603fad3b585a1d3ec36690a04b631f8bcdf0a,CVE-2004-0778
477905329,ibojanova/BF,CWEBF/XML/cwec_v4.6.xml,a3d603fad3b585a1d3ec36690a04b631f8bcdf0a,CVE-2004-0189
477905329,ibojanova/BF,CWEBF/XML/cwec_v4.6.xml,a3d603fad3b585a1d3ec36690a04b631f8bcdf0a,CVE-2004-0183
477905329,ibojanova/BF,CWEBF/XML/cwec_v4.6.xml,a3d603fad3b585a1d3ec36690a04b631f8bcdf0a,CVE-2003-1078
477905329,ibojanova/BF,CWEBF/XML/cwec_v4.6.xml,a3d603fad3b585a1d3ec36690a04b631f8bcdf0a,CVE-2003-1054
477905329,ibojanova/BF,CWEBF/XML/cwec_v4.6.xml,a3d603fad3b585a1d3ec36690a04b631f8bcdf0a,CVE-2003-1048
477905329,ibojanova/BF,CWEBF/XML/cwec_v4.6.xml,a3d603fad3b585a1d3ec36690a04b631f8bcdf0a,CVE-2003-1038
477905329,ibojanova/BF,CWEBF/XML/cwec_v4.6.xml,a3d603fad3b585a1d3ec36690a04b631f8bcdf0a,CVE-2003-1035
477905329,ibojanova/BF,CWEBF/XML/cwec_v4.6.xml,a3d603fad3b585a1d3ec36690a04b631f8bcdf0a,CVE-2003-1026
477905329,ibojanova/BF,CWEBF/XML/cwec_v4.6.xml,a3d603fad3b585a1d3ec36690a04b631f8bcdf0a,CVE-2003-1025
477905329,ibojanova/BF,CWEBF/XML/cwec_v4.6.xml,a3d603fad3b585a1d3ec36690a04b631f8bcdf0a,CVE-2003-1016
477905329,ibojanova/BF,CWEBF/XML/cwec_v4.6.xml,a3d603fad3b585a1d3ec36690a04b631f8bcdf0a,CVE-2003-1015
477905329,ibojanova/BF,CWEBF/XML/cwec_v4.6.xml,a3d603fad3b585a1d3ec36690a04b631f8bcdf0a,CVE-2003-1014
477905329,ibojanova/BF,CWEBF/XML/cwec_v4.6.xml,a3d603fad3b585a1d3ec36690a04b631f8bcdf0a,CVE-2003-1013
477905329,ibojanova/BF,CWEBF/XML/cwec_v4.6.xml,a3d603fad3b585a1d3ec36690a04b631f8bcdf0a,CVE-2003-1132
477905329,ibojanova/BF,CWEBF/XML/cwec_v4.6.xml,a3d603fad3b585a1d3ec36690a04b631f8bcdf0a,CVE-2003-1000
477905329,ibojanova/BF,CWEBF/XML/cwec_v4.6.xml,a3d603fad3b585a1d3ec36690a04b631f8bcdf0a,CVE-2003-0937
477905329,ibojanova/BF,CWEBF/XML/cwec_v4.6.xml,a3d603fad3b585a1d3ec36690a04b631f8bcdf0a,CVE-2003-0908
477905329,ibojanova/BF,CWEBF/XML/cwec_v4.6.xml,a3d603fad3b585a1d3ec36690a04b631f8bcdf0a,CVE-2003-0907
477905329,ibojanova/BF,CWEBF/XML/cwec_v4.6.xml,a3d603fad3b585a1d3ec36690a04b631f8bcdf0a,CVE-2003-0899
477905329,ibojanova/BF,CWEBF/XML/cwec_v4.6.xml,a3d603fad3b585a1d3ec36690a04b631f8bcdf0a,CVE-2003-0876
477905329,ibojanova/BF,CWEBF/XML/cwec_v4.6.xml,a3d603fad3b585a1d3ec36690a04b631f8bcdf0a,CVE-2003-0844
477905329,ibojanova/BF,CWEBF/XML/cwec_v4.6.xml,a3d603fad3b585a1d3ec36690a04b631f8bcdf0a,CVE-2003-0825
477905329,ibojanova/BF,CWEBF/XML/cwec_v4.6.xml,a3d603fad3b585a1d3ec36690a04b631f8bcdf0a,CVE-2003-0813
477905329,ibojanova/BF,CWEBF/XML/cwec_v4.6.xml,a3d603fad3b585a1d3ec36690a04b631f8bcdf0a,CVE-2003-0791
477905329,ibojanova/BF,CWEBF/XML/cwec_v4.6.xml,a3d603fad3b585a1d3ec36690a04b631f8bcdf0a,CVE-2003-0777
477905329,ibojanova/BF,CWEBF/XML/cwec_v4.6.xml,a3d603fad3b585a1d3ec36690a04b631f8bcdf0a,CVE-2003-0768
477905329,ibojanova/BF,CWEBF/XML/cwec_v4.6.xml,a3d603fad3b585a1d3ec36690a04b631f8bcdf0a,CVE-2003-0981
477905329,ibojanova/BF,CWEBF/XML/cwec_v4.6.xml,a3d603fad3b585a1d3ec36690a04b631f8bcdf0a,CVE-2003-1136
477905329,ibojanova/BF,CWEBF/XML/cwec_v4.6.xml,a3d603fad3b585a1d3ec36690a04b631f8bcdf0a,CVE-2003-1181
477905329,ibojanova/BF,CWEBF/XML/cwec_v4.6.xml,a3d603fad3b585a1d3ec36690a04b631f8bcdf0a,CVE-2003-1201
477905329,ibojanova/BF,CWEBF/XML/cwec_v4.6.xml,a3d603fad3b585a1d3ec36690a04b631f8bcdf0a,CVE-2004-0174
477905329,ibojanova/BF,CWEBF/XML/cwec_v4.6.xml,a3d603fad3b585a1d3ec36690a04b631f8bcdf0a,CVE-2004-0162
477905329,ibojanova/BF,CWEBF/XML/cwec_v4.6.xml,a3d603fad3b585a1d3ec36690a04b631f8bcdf0a,CVE-2004-0148
477905329,ibojanova/BF,CWEBF/XML/cwec_v4.6.xml,a3d603fad3b585a1d3ec36690a04b631f8bcdf0a,CVE-2004-0128
477905329,ibojanova/BF,CWEBF/XML/cwec_v4.6.xml,a3d603fad3b585a1d3ec36690a04b631f8bcdf0a,CVE-2004-0127
477905329,ibojanova/BF,CWEBF/XML/cwec_v4.6.xml,a3d603fad3b585a1d3ec36690a04b631f8bcdf0a,CVE-2004-0121
477905329,ibojanova/BF,CWEBF/XML/cwec_v4.6.xml,a3d603fad3b585a1d3ec36690a04b631f8bcdf0a,CVE-2004-0119
477905329,ibojanova/BF,CWEBF/XML/cwec_v4.6.xml,a3d603fad3b585a1d3ec36690a04b631f8bcdf0a,CVE-2004-0114
477905329,ibojanova/BF,CWEBF/XML/cwec_v4.6.xml,a3d603fad3b585a1d3ec36690a04b631f8bcdf0a,CVE-2004-0112
477905329,ibojanova/BF,CWEBF/XML/cwec_v4.6.xml,a3d603fad3b585a1d3ec36690a04b631f8bcdf0a,CVE-2004-0095
477905329,ibojanova/BF,CWEBF/XML/cwec_v4.6.xml,a3d603fad3b585a1d3ec36690a04b631f8bcdf0a,CVE-2004-0079
477905329,ibojanova/BF,CWEBF/XML/cwec_v4.6.xml,a3d603fad3b585a1d3ec36690a04b631f8bcdf0a,CVE-2004-0072
477905329,ibojanova/BF,CWEBF/XML/cwec_v4.6.xml,a3d603fad3b585a1d3ec36690a04b631f8bcdf0a,CVE-2004-0068
477905329,ibojanova/BF,CWEBF/XML/cwec_v4.6.xml,a3d603fad3b585a1d3ec36690a04b631f8bcdf0a,CVE-2004-0063
477905329,ibojanova/BF,CWEBF/XML/cwec_v4.6.xml,a3d603fad3b585a1d3ec36690a04b631f8bcdf0a,CVE-2004-0061
477905329,ibojanova/BF,CWEBF/XML/cwec_v4.6.xml,a3d603fad3b585a1d3ec36690a04b631f8bcdf0a,CVE-2004-0033
477905329,ibojanova/BF,CWEBF/XML/cwec_v4.6.xml,a3d603fad3b585a1d3ec36690a04b631f8bcdf0a,CVE-2004-0030
477905329,ibojanova/BF,CWEBF/XML/cwec_v4.6.xml,a3d603fad3b585a1d3ec36690a04b631f8bcdf0a,CVE-2004-0005
477905329,ibojanova/BF,CWEBF/XML/cwec_v4.6.xml,a3d603fad3b585a1d3ec36690a04b631f8bcdf0a,CVE-2003-1566
477905329,ibojanova/BF,CWEBF/XML/cwec_v4.6.xml,a3d603fad3b585a1d3ec36690a04b631f8bcdf0a,CVE-2003-1564
477905329,ibojanova/BF,CWEBF/XML/cwec_v4.6.xml,a3d603fad3b585a1d3ec36690a04b631f8bcdf0a,CVE-2003-1433
477905329,ibojanova/BF,CWEBF/XML/cwec_v4.6.xml,a3d603fad3b585a1d3ec36690a04b631f8bcdf0a,CVE-2003-1233
477905329,ibojanova/BF,CWEBF/XML/cwec_v4.6.xml,a3d603fad3b585a1d3ec36690a04b631f8bcdf0a,CVE-2003-1230
477905329,ibojanova/BF,CWEBF/XML/cwec_v4.6.xml,a3d603fad3b585a1d3ec36690a04b631f8bcdf0a,CVE-2003-1229
477905329,ibojanova/BF,CWEBF/XML/cwec_v4.6.xml,a3d603fad3b585a1d3ec36690a04b631f8bcdf0a,CVE-2004-0184
477905329,ibojanova/BF,CWEBF/XML/cwec_v4.6.xml,a3d603fad3b585a1d3ec36690a04b631f8bcdf0a,VU#766164
477905329,ibojanova/BF,BFCVEDB/DB/CVE-2014-0160 - Heartbleed Buffer Overflow.bfcve,d56f92f57b52d1f881929ce1fc518fdebeca3a13,CVE-2014-0160
