repo_id,repo_full_name,file,file_sha1,match
816421644,SecG3ek/2024_CVEs,cveId.txt,c4c155311d194016fb66162458ab08154742b926,CVE-2024-27521
816421644,SecG3ek/2024_CVEs,cveId.txt,c4c155311d194016fb66162458ab08154742b926,CVE-2024-33877
816421644,SecG3ek/2024_CVEs,cveId.txt,c4c155311d194016fb66162458ab08154742b926,CVE-2024-33883
816421644,SecG3ek/2024_CVEs,cveId.txt,c4c155311d194016fb66162458ab08154742b926,CVE-2024-33891
816421644,SecG3ek/2024_CVEs,cveId.txt,c4c155311d194016fb66162458ab08154742b926,CVE-2024-33899
816421644,SecG3ek/2024_CVEs,cveId.txt,c4c155311d194016fb66162458ab08154742b926,CVE-2024-33900
816421644,SecG3ek/2024_CVEs,cveId.txt,c4c155311d194016fb66162458ab08154742b926,CVE-2024-33901
816421644,SecG3ek/2024_CVEs,cveId.txt,c4c155311d194016fb66162458ab08154742b926,CVE-2024-33903
816421644,SecG3ek/2024_CVEs,cveId.txt,c4c155311d194016fb66162458ab08154742b926,CVE-2024-33904
816421644,SecG3ek/2024_CVEs,cveId.txt,c4c155311d194016fb66162458ab08154742b926,CVE-2024-33905
816421644,SecG3ek/2024_CVEs,cveId.txt,c4c155311d194016fb66162458ab08154742b926,CVE-2024-33907
816421644,SecG3ek/2024_CVEs,cveId.txt,c4c155311d194016fb66162458ab08154742b926,CVE-2024-33908
816421644,SecG3ek/2024_CVEs,cveId.txt,c4c155311d194016fb66162458ab08154742b926,CVE-2024-33910
816421644,SecG3ek/2024_CVEs,cveId.txt,c4c155311d194016fb66162458ab08154742b926,CVE-2024-33911
816421644,SecG3ek/2024_CVEs,cveId.txt,c4c155311d194016fb66162458ab08154742b926,CVE-2024-33912
816421644,SecG3ek/2024_CVEs,cveId.txt,c4c155311d194016fb66162458ab08154742b926,CVE-2024-33913
816421644,SecG3ek/2024_CVEs,cveId.txt,c4c155311d194016fb66162458ab08154742b926,CVE-2024-33914
816421644,SecG3ek/2024_CVEs,cveId.txt,c4c155311d194016fb66162458ab08154742b926,CVE-2024-33915
816421644,SecG3ek/2024_CVEs,cveId.txt,c4c155311d194016fb66162458ab08154742b926,CVE-2024-33916
816421644,SecG3ek/2024_CVEs,cveId.txt,c4c155311d194016fb66162458ab08154742b926,CVE-2024-33917
816421644,SecG3ek/2024_CVEs,cveId.txt,c4c155311d194016fb66162458ab08154742b926,CVE-2024-33918
816421644,SecG3ek/2024_CVEs,cveId.txt,c4c155311d194016fb66162458ab08154742b926,CVE-2024-33919
816421644,SecG3ek/2024_CVEs,cveId.txt,c4c155311d194016fb66162458ab08154742b926,CVE-2024-33920
816421644,SecG3ek/2024_CVEs,cveId.txt,c4c155311d194016fb66162458ab08154742b926,CVE-2024-33921
816421644,SecG3ek/2024_CVEs,cveId.txt,c4c155311d194016fb66162458ab08154742b926,CVE-2024-33922
816421644,SecG3ek/2024_CVEs,cveId.txt,c4c155311d194016fb66162458ab08154742b926,CVE-2024-33923
816421644,SecG3ek/2024_CVEs,cveId.txt,c4c155311d194016fb66162458ab08154742b926,CVE-2024-33924
816421644,SecG3ek/2024_CVEs,cveId.txt,c4c155311d194016fb66162458ab08154742b926,CVE-2024-33925
816421644,SecG3ek/2024_CVEs,cveId.txt,c4c155311d194016fb66162458ab08154742b926,CVE-2024-33926
816421644,SecG3ek/2024_CVEs,cveId.txt,c4c155311d194016fb66162458ab08154742b926,CVE-2024-33927
816421644,SecG3ek/2024_CVEs,cveId.txt,c4c155311d194016fb66162458ab08154742b926,CVE-2024-33876
816421644,SecG3ek/2024_CVEs,cveId.txt,c4c155311d194016fb66162458ab08154742b926,CVE-2024-33875
816421644,SecG3ek/2024_CVEs,cveId.txt,c4c155311d194016fb66162458ab08154742b926,CVE-2024-33874
816421644,SecG3ek/2024_CVEs,cveId.txt,c4c155311d194016fb66162458ab08154742b926,CVE-2024-33873
816421644,SecG3ek/2024_CVEs,cveId.txt,c4c155311d194016fb66162458ab08154742b926,CVE-2024-33803
816421644,SecG3ek/2024_CVEs,cveId.txt,c4c155311d194016fb66162458ab08154742b926,CVE-2024-33804
816421644,SecG3ek/2024_CVEs,cveId.txt,c4c155311d194016fb66162458ab08154742b926,CVE-2024-33805
816421644,SecG3ek/2024_CVEs,cveId.txt,c4c155311d194016fb66162458ab08154742b926,CVE-2024-33806
816421644,SecG3ek/2024_CVEs,cveId.txt,c4c155311d194016fb66162458ab08154742b926,CVE-2024-33807
816421644,SecG3ek/2024_CVEs,cveId.txt,c4c155311d194016fb66162458ab08154742b926,CVE-2024-33808
816421644,SecG3ek/2024_CVEs,cveId.txt,c4c155311d194016fb66162458ab08154742b926,CVE-2024-33809
816421644,SecG3ek/2024_CVEs,cveId.txt,c4c155311d194016fb66162458ab08154742b926,CVE-2024-33818
816421644,SecG3ek/2024_CVEs,cveId.txt,c4c155311d194016fb66162458ab08154742b926,CVE-2024-33819
816421644,SecG3ek/2024_CVEs,cveId.txt,c4c155311d194016fb66162458ab08154742b926,CVE-2024-33820
816421644,SecG3ek/2024_CVEs,cveId.txt,c4c155311d194016fb66162458ab08154742b926,CVE-2024-33829
816421644,SecG3ek/2024_CVEs,cveId.txt,c4c155311d194016fb66162458ab08154742b926,CVE-2024-33830
816421644,SecG3ek/2024_CVEs,cveId.txt,c4c155311d194016fb66162458ab08154742b926,CVE-2024-33831
816421644,SecG3ek/2024_CVEs,cveId.txt,c4c155311d194016fb66162458ab08154742b926,CVE-2024-33832
816421644,SecG3ek/2024_CVEs,cveId.txt,c4c155311d194016fb66162458ab08154742b926,CVE-2024-33928
816421644,SecG3ek/2024_CVEs,cveId.txt,c4c155311d194016fb66162458ab08154742b926,CVE-2024-33835
816421644,SecG3ek/2024_CVEs,cveId.txt,c4c155311d194016fb66162458ab08154742b926,CVE-2024-33849
816421644,SecG3ek/2024_CVEs,cveId.txt,c4c155311d194016fb66162458ab08154742b926,CVE-2024-33850
816421644,SecG3ek/2024_CVEs,cveId.txt,c4c155311d194016fb66162458ab08154742b926,CVE-2024-33851
816421644,SecG3ek/2024_CVEs,cveId.txt,c4c155311d194016fb66162458ab08154742b926,CVE-2024-33856
816421644,SecG3ek/2024_CVEs,cveId.txt,c4c155311d194016fb66162458ab08154742b926,CVE-2024-33857
816421644,SecG3ek/2024_CVEs,cveId.txt,c4c155311d194016fb66162458ab08154742b926,CVE-2024-33858
816421644,SecG3ek/2024_CVEs,cveId.txt,c4c155311d194016fb66162458ab08154742b926,CVE-2024-33859
816421644,SecG3ek/2024_CVEs,cveId.txt,c4c155311d194016fb66162458ab08154742b926,CVE-2024-33860
816421644,SecG3ek/2024_CVEs,cveId.txt,c4c155311d194016fb66162458ab08154742b926,CVE-2024-33863
816421644,SecG3ek/2024_CVEs,cveId.txt,c4c155311d194016fb66162458ab08154742b926,CVE-2024-33864
816421644,SecG3ek/2024_CVEs,cveId.txt,c4c155311d194016fb66162458ab08154742b926,CVE-2024-33865
816421644,SecG3ek/2024_CVEs,cveId.txt,c4c155311d194016fb66162458ab08154742b926,CVE-2024-33866
816421644,SecG3ek/2024_CVEs,cveId.txt,c4c155311d194016fb66162458ab08154742b926,CVE-2024-33867
816421644,SecG3ek/2024_CVEs,cveId.txt,c4c155311d194016fb66162458ab08154742b926,CVE-2024-33868
816421644,SecG3ek/2024_CVEs,cveId.txt,c4c155311d194016fb66162458ab08154742b926,CVE-2024-33844
816421644,SecG3ek/2024_CVEs,cveId.txt,c4c155311d194016fb66162458ab08154742b926,CVE-2024-33929
816421644,SecG3ek/2024_CVEs,cveId.txt,c4c155311d194016fb66162458ab08154742b926,CVE-2024-33930
816421644,SecG3ek/2024_CVEs,cveId.txt,c4c155311d194016fb66162458ab08154742b926,CVE-2024-33931
816421644,SecG3ek/2024_CVEs,cveId.txt,c4c155311d194016fb66162458ab08154742b926,CVE-2024-34007
816421644,SecG3ek/2024_CVEs,cveId.txt,c4c155311d194016fb66162458ab08154742b926,CVE-2024-34008
816421644,SecG3ek/2024_CVEs,cveId.txt,c4c155311d194016fb66162458ab08154742b926,CVE-2024-34009
816421644,SecG3ek/2024_CVEs,cveId.txt,c4c155311d194016fb66162458ab08154742b926,CVE-2024-34010
816421644,SecG3ek/2024_CVEs,cveId.txt,c4c155311d194016fb66162458ab08154742b926,CVE-2024-34011
816421644,SecG3ek/2024_CVEs,cveId.txt,c4c155311d194016fb66162458ab08154742b926,CVE-2024-34012
816421644,SecG3ek/2024_CVEs,cveId.txt,c4c155311d194016fb66162458ab08154742b926,CVE-2024-34020
816421644,SecG3ek/2024_CVEs,cveId.txt,c4c155311d194016fb66162458ab08154742b926,CVE-2024-34025
816421644,SecG3ek/2024_CVEs,cveId.txt,c4c155311d194016fb66162458ab08154742b926,CVE-2024-34031
816421644,SecG3ek/2024_CVEs,cveId.txt,c4c155311d194016fb66162458ab08154742b926,CVE-2024-34032
816421644,SecG3ek/2024_CVEs,cveId.txt,c4c155311d194016fb66162458ab08154742b926,CVE-2024-34033
816421644,SecG3ek/2024_CVEs,cveId.txt,c4c155311d194016fb66162458ab08154742b926,CVE-2024-34043
816421644,SecG3ek/2024_CVEs,cveId.txt,c4c155311d194016fb66162458ab08154742b926,CVE-2024-34044
816421644,SecG3ek/2024_CVEs,cveId.txt,c4c155311d194016fb66162458ab08154742b926,CVE-2024-34045
816421644,SecG3ek/2024_CVEs,cveId.txt,c4c155311d194016fb66162458ab08154742b926,CVE-2024-34006
816421644,SecG3ek/2024_CVEs,cveId.txt,c4c155311d194016fb66162458ab08154742b926,CVE-2024-34046
816421644,SecG3ek/2024_CVEs,cveId.txt,c4c155311d194016fb66162458ab08154742b926,CVE-2024-34048
816421644,SecG3ek/2024_CVEs,cveId.txt,c4c155311d194016fb66162458ab08154742b926,CVE-2024-34049
816421644,SecG3ek/2024_CVEs,cveId.txt,c4c155311d194016fb66162458ab08154742b926,CVE-2024-34050
816421644,SecG3ek/2024_CVEs,cveId.txt,c4c155311d194016fb66162458ab08154742b926,CVE-2024-34051
816421644,SecG3ek/2024_CVEs,cveId.txt,c4c155311d194016fb66162458ab08154742b926,CVE-2024-34055
816421644,SecG3ek/2024_CVEs,cveId.txt,c4c155311d194016fb66162458ab08154742b926,CVE-2024-34058
816421644,SecG3ek/2024_CVEs,cveId.txt,c4c155311d194016fb66162458ab08154742b926,CVE-2024-34085
816421644,SecG3ek/2024_CVEs,cveId.txt,c4c155311d194016fb66162458ab08154742b926,CVE-2024-34086
816421644,SecG3ek/2024_CVEs,cveId.txt,c4c155311d194016fb66162458ab08154742b926,CVE-2024-34088
816421644,SecG3ek/2024_CVEs,cveId.txt,c4c155311d194016fb66162458ab08154742b926,CVE-2024-34089
816421644,SecG3ek/2024_CVEs,cveId.txt,c4c155311d194016fb66162458ab08154742b926,CVE-2024-34090
816421644,SecG3ek/2024_CVEs,cveId.txt,c4c155311d194016fb66162458ab08154742b926,CVE-2024-34091
816421644,SecG3ek/2024_CVEs,cveId.txt,c4c155311d194016fb66162458ab08154742b926,CVE-2024-34092
816421644,SecG3ek/2024_CVEs,cveId.txt,c4c155311d194016fb66162458ab08154742b926,CVE-2024-34093
816421644,SecG3ek/2024_CVEs,cveId.txt,c4c155311d194016fb66162458ab08154742b926,CVE-2024-34047
816421644,SecG3ek/2024_CVEs,cveId.txt,c4c155311d194016fb66162458ab08154742b926,CVE-2024-33802
816421644,SecG3ek/2024_CVEs,cveId.txt,c4c155311d194016fb66162458ab08154742b926,CVE-2024-34005
816421644,SecG3ek/2024_CVEs,cveId.txt,c4c155311d194016fb66162458ab08154742b926,CVE-2024-34003
816421644,SecG3ek/2024_CVEs,cveId.txt,c4c155311d194016fb66162458ab08154742b926,CVE-2024-33932
816421644,SecG3ek/2024_CVEs,cveId.txt,c4c155311d194016fb66162458ab08154742b926,CVE-2024-33934
816421644,SecG3ek/2024_CVEs,cveId.txt,c4c155311d194016fb66162458ab08154742b926,CVE-2024-33935
816421644,SecG3ek/2024_CVEs,cveId.txt,c4c155311d194016fb66162458ab08154742b926,CVE-2024-33936
816421644,SecG3ek/2024_CVEs,cveId.txt,c4c155311d194016fb66162458ab08154742b926,CVE-2024-33937
816421644,SecG3ek/2024_CVEs,cveId.txt,c4c155311d194016fb66162458ab08154742b926,CVE-2024-33938
816421644,SecG3ek/2024_CVEs,cveId.txt,c4c155311d194016fb66162458ab08154742b926,CVE-2024-33940
816421644,SecG3ek/2024_CVEs,cveId.txt,c4c155311d194016fb66162458ab08154742b926,CVE-2024-33941
816421644,SecG3ek/2024_CVEs,cveId.txt,c4c155311d194016fb66162458ab08154742b926,CVE-2024-33942
816421644,SecG3ek/2024_CVEs,cveId.txt,c4c155311d194016fb66162458ab08154742b926,CVE-2024-33943
816421644,SecG3ek/2024_CVEs,cveId.txt,c4c155311d194016fb66162458ab08154742b926,CVE-2024-33944
816421644,SecG3ek/2024_CVEs,cveId.txt,c4c155311d194016fb66162458ab08154742b926,CVE-2024-33945
816421644,SecG3ek/2024_CVEs,cveId.txt,c4c155311d194016fb66162458ab08154742b926,CVE-2024-33946
816421644,SecG3ek/2024_CVEs,cveId.txt,c4c155311d194016fb66162458ab08154742b926,CVE-2024-33947
816421644,SecG3ek/2024_CVEs,cveId.txt,c4c155311d194016fb66162458ab08154742b926,CVE-2024-34004
816421644,SecG3ek/2024_CVEs,cveId.txt,c4c155311d194016fb66162458ab08154742b926,CVE-2024-33948
816421644,SecG3ek/2024_CVEs,cveId.txt,c4c155311d194016fb66162458ab08154742b926,CVE-2024-33950
816421644,SecG3ek/2024_CVEs,cveId.txt,c4c155311d194016fb66162458ab08154742b926,CVE-2024-33951
816421644,SecG3ek/2024_CVEs,cveId.txt,c4c155311d194016fb66162458ab08154742b926,CVE-2024-33952
816421644,SecG3ek/2024_CVEs,cveId.txt,c4c155311d194016fb66162458ab08154742b926,CVE-2024-33953
816421644,SecG3ek/2024_CVEs,cveId.txt,c4c155311d194016fb66162458ab08154742b926,CVE-2024-33954
816421644,SecG3ek/2024_CVEs,cveId.txt,c4c155311d194016fb66162458ab08154742b926,CVE-2024-33955
816421644,SecG3ek/2024_CVEs,cveId.txt,c4c155311d194016fb66162458ab08154742b926,CVE-2024-33956
816421644,SecG3ek/2024_CVEs,cveId.txt,c4c155311d194016fb66162458ab08154742b926,CVE-2024-33996
816421644,SecG3ek/2024_CVEs,cveId.txt,c4c155311d194016fb66162458ab08154742b926,CVE-2024-33997
816421644,SecG3ek/2024_CVEs,cveId.txt,c4c155311d194016fb66162458ab08154742b926,CVE-2024-33998
816421644,SecG3ek/2024_CVEs,cveId.txt,c4c155311d194016fb66162458ab08154742b926,CVE-2024-33999
816421644,SecG3ek/2024_CVEs,cveId.txt,c4c155311d194016fb66162458ab08154742b926,CVE-2024-34000
816421644,SecG3ek/2024_CVEs,cveId.txt,c4c155311d194016fb66162458ab08154742b926,CVE-2024-34001
816421644,SecG3ek/2024_CVEs,cveId.txt,c4c155311d194016fb66162458ab08154742b926,CVE-2024-34002
816421644,SecG3ek/2024_CVEs,cveId.txt,c4c155311d194016fb66162458ab08154742b926,CVE-2024-33949
816421644,SecG3ek/2024_CVEs,cveId.txt,c4c155311d194016fb66162458ab08154742b926,CVE-2024-34094
816421644,SecG3ek/2024_CVEs,cveId.txt,c4c155311d194016fb66162458ab08154742b926,CVE-2024-33801
816421644,SecG3ek/2024_CVEs,cveId.txt,c4c155311d194016fb66162458ab08154742b926,CVE-2024-33799
816421644,SecG3ek/2024_CVEs,cveId.txt,c4c155311d194016fb66162458ab08154742b926,CVE-2024-33595
816421644,SecG3ek/2024_CVEs,cveId.txt,c4c155311d194016fb66162458ab08154742b926,CVE-2024-33596
816421644,SecG3ek/2024_CVEs,cveId.txt,c4c155311d194016fb66162458ab08154742b926,CVE-2024-33597
816421644,SecG3ek/2024_CVEs,cveId.txt,c4c155311d194016fb66162458ab08154742b926,CVE-2024-33598
816421644,SecG3ek/2024_CVEs,cveId.txt,c4c155311d194016fb66162458ab08154742b926,CVE-2024-33599
816421644,SecG3ek/2024_CVEs,cveId.txt,c4c155311d194016fb66162458ab08154742b926,CVE-2024-33600
816421644,SecG3ek/2024_CVEs,cveId.txt,c4c155311d194016fb66162458ab08154742b926,CVE-2024-33601
816421644,SecG3ek/2024_CVEs,cveId.txt,c4c155311d194016fb66162458ab08154742b926,CVE-2024-33602
816421644,SecG3ek/2024_CVEs,cveId.txt,c4c155311d194016fb66162458ab08154742b926,CVE-2024-33604
816421644,SecG3ek/2024_CVEs,cveId.txt,c4c155311d194016fb66162458ab08154742b926,CVE-2024-33606
816421644,SecG3ek/2024_CVEs,cveId.txt,c4c155311d194016fb66162458ab08154742b926,CVE-2024-33608
816421644,SecG3ek/2024_CVEs,cveId.txt,c4c155311d194016fb66162458ab08154742b926,CVE-2024-33612
816421644,SecG3ek/2024_CVEs,cveId.txt,c4c155311d194016fb66162458ab08154742b926,CVE-2024-33615
816421644,SecG3ek/2024_CVEs,cveId.txt,c4c155311d194016fb66162458ab08154742b926,CVE-2024-33625
816421644,SecG3ek/2024_CVEs,cveId.txt,c4c155311d194016fb66162458ab08154742b926,CVE-2024-33627
816421644,SecG3ek/2024_CVEs,cveId.txt,c4c155311d194016fb66162458ab08154742b926,CVE-2024-33628
816421644,SecG3ek/2024_CVEs,cveId.txt,c4c155311d194016fb66162458ab08154742b926,CVE-2024-33629
816421644,SecG3ek/2024_CVEs,cveId.txt,c4c155311d194016fb66162458ab08154742b926,CVE-2024-33630
816421644,SecG3ek/2024_CVEs,cveId.txt,c4c155311d194016fb66162458ab08154742b926,CVE-2024-33631
816421644,SecG3ek/2024_CVEs,cveId.txt,c4c155311d194016fb66162458ab08154742b926,CVE-2024-33632
816421644,SecG3ek/2024_CVEs,cveId.txt,c4c155311d194016fb66162458ab08154742b926,CVE-2024-33633
816421644,SecG3ek/2024_CVEs,cveId.txt,c4c155311d194016fb66162458ab08154742b926,CVE-2024-33634
816421644,SecG3ek/2024_CVEs,cveId.txt,c4c155311d194016fb66162458ab08154742b926,CVE-2024-33635
816421644,SecG3ek/2024_CVEs,cveId.txt,c4c155311d194016fb66162458ab08154742b926,CVE-2024-33636
816421644,SecG3ek/2024_CVEs,cveId.txt,c4c155311d194016fb66162458ab08154742b926,CVE-2024-33637
816421644,SecG3ek/2024_CVEs,cveId.txt,c4c155311d194016fb66162458ab08154742b926,CVE-2024-33638
816421644,SecG3ek/2024_CVEs,cveId.txt,c4c155311d194016fb66162458ab08154742b926,CVE-2024-33639
816421644,SecG3ek/2024_CVEs,cveId.txt,c4c155311d194016fb66162458ab08154742b926,CVE-2024-33640
816421644,SecG3ek/2024_CVEs,cveId.txt,c4c155311d194016fb66162458ab08154742b926,CVE-2024-33641
816421644,SecG3ek/2024_CVEs,cveId.txt,c4c155311d194016fb66162458ab08154742b926,CVE-2024-33594
816421644,SecG3ek/2024_CVEs,cveId.txt,c4c155311d194016fb66162458ab08154742b926,CVE-2024-33593
816421644,SecG3ek/2024_CVEs,cveId.txt,c4c155311d194016fb66162458ab08154742b926,CVE-2024-33592
816421644,SecG3ek/2024_CVEs,cveId.txt,c4c155311d194016fb66162458ab08154742b926,CVE-2024-33591
816421644,SecG3ek/2024_CVEs,cveId.txt,c4c155311d194016fb66162458ab08154742b926,CVE-2024-33556
816421644,SecG3ek/2024_CVEs,cveId.txt,c4c155311d194016fb66162458ab08154742b926,CVE-2024-33557
816421644,SecG3ek/2024_CVEs,cveId.txt,c4c155311d194016fb66162458ab08154742b926,CVE-2024-33558
816421644,SecG3ek/2024_CVEs,cveId.txt,c4c155311d194016fb66162458ab08154742b926,CVE-2024-33559
816421644,SecG3ek/2024_CVEs,cveId.txt,c4c155311d194016fb66162458ab08154742b926,CVE-2024-33560
816421644,SecG3ek/2024_CVEs,cveId.txt,c4c155311d194016fb66162458ab08154742b926,CVE-2024-33561
816421644,SecG3ek/2024_CVEs,cveId.txt,c4c155311d194016fb66162458ab08154742b926,CVE-2024-33562
816421644,SecG3ek/2024_CVEs,cveId.txt,c4c155311d194016fb66162458ab08154742b926,CVE-2024-33563
816421644,SecG3ek/2024_CVEs,cveId.txt,c4c155311d194016fb66162458ab08154742b926,CVE-2024-33564
816421644,SecG3ek/2024_CVEs,cveId.txt,c4c155311d194016fb66162458ab08154742b926,CVE-2024-33565
816421644,SecG3ek/2024_CVEs,cveId.txt,c4c155311d194016fb66162458ab08154742b926,CVE-2024-33566
816421644,SecG3ek/2024_CVEs,cveId.txt,c4c155311d194016fb66162458ab08154742b926,CVE-2024-33567
816421644,SecG3ek/2024_CVEs,cveId.txt,c4c155311d194016fb66162458ab08154742b926,CVE-2024-33568
816421644,SecG3ek/2024_CVEs,cveId.txt,c4c155311d194016fb66162458ab08154742b926,CVE-2024-33569
816421644,SecG3ek/2024_CVEs,cveId.txt,c4c155311d194016fb66162458ab08154742b926,CVE-2024-33642
816421644,SecG3ek/2024_CVEs,cveId.txt,c4c155311d194016fb66162458ab08154742b926,CVE-2024-33570
816421644,SecG3ek/2024_CVEs,cveId.txt,c4c155311d194016fb66162458ab08154742b926,CVE-2024-33572
816421644,SecG3ek/2024_CVEs,cveId.txt,c4c155311d194016fb66162458ab08154742b926,CVE-2024-33573
816421644,SecG3ek/2024_CVEs,cveId.txt,c4c155311d194016fb66162458ab08154742b926,CVE-2024-33574
816421644,SecG3ek/2024_CVEs,cveId.txt,c4c155311d194016fb66162458ab08154742b926,CVE-2024-33575
816421644,SecG3ek/2024_CVEs,cveId.txt,c4c155311d194016fb66162458ab08154742b926,CVE-2024-33576
816421644,SecG3ek/2024_CVEs,cveId.txt,c4c155311d194016fb66162458ab08154742b926,CVE-2024-33577
816421644,SecG3ek/2024_CVEs,cveId.txt,c4c155311d194016fb66162458ab08154742b926,CVE-2024-33583
816421644,SecG3ek/2024_CVEs,cveId.txt,c4c155311d194016fb66162458ab08154742b926,CVE-2024-33584
816421644,SecG3ek/2024_CVEs,cveId.txt,c4c155311d194016fb66162458ab08154742b926,CVE-2024-33585
816421644,SecG3ek/2024_CVEs,cveId.txt,c4c155311d194016fb66162458ab08154742b926,CVE-2024-33586
816421644,SecG3ek/2024_CVEs,cveId.txt,c4c155311d194016fb66162458ab08154742b926,CVE-2024-33587
816421644,SecG3ek/2024_CVEs,cveId.txt,c4c155311d194016fb66162458ab08154742b926,CVE-2024-33588
816421644,SecG3ek/2024_CVEs,cveId.txt,c4c155311d194016fb66162458ab08154742b926,CVE-2024-33589
816421644,SecG3ek/2024_CVEs,cveId.txt,c4c155311d194016fb66162458ab08154742b926,CVE-2024-33590
816421644,SecG3ek/2024_CVEs,cveId.txt,c4c155311d194016fb66162458ab08154742b926,CVE-2024-33571
816421644,SecG3ek/2024_CVEs,cveId.txt,c4c155311d194016fb66162458ab08154742b926,CVE-2024-33643
816421644,SecG3ek/2024_CVEs,cveId.txt,c4c155311d194016fb66162458ab08154742b926,CVE-2024-33644
816421644,SecG3ek/2024_CVEs,cveId.txt,c4c155311d194016fb66162458ab08154742b926,CVE-2024-33645
816421644,SecG3ek/2024_CVEs,cveId.txt,c4c155311d194016fb66162458ab08154742b926,CVE-2024-33693
816421644,SecG3ek/2024_CVEs,cveId.txt,c4c155311d194016fb66162458ab08154742b926,CVE-2024-33694
816421644,SecG3ek/2024_CVEs,cveId.txt,c4c155311d194016fb66162458ab08154742b926,CVE-2024-33695
816421644,SecG3ek/2024_CVEs,cveId.txt,c4c155311d194016fb66162458ab08154742b926,CVE-2024-33696
816421644,SecG3ek/2024_CVEs,cveId.txt,c4c155311d194016fb66162458ab08154742b926,CVE-2024-33697
816421644,SecG3ek/2024_CVEs,cveId.txt,c4c155311d194016fb66162458ab08154742b926,CVE-2024-33748
816421644,SecG3ek/2024_CVEs,cveId.txt,c4c155311d194016fb66162458ab08154742b926,CVE-2024-33749
816421644,SecG3ek/2024_CVEs,cveId.txt,c4c155311d194016fb66162458ab08154742b926,CVE-2024-33752
816421644,SecG3ek/2024_CVEs,cveId.txt,c4c155311d194016fb66162458ab08154742b926,CVE-2024-33753
816421644,SecG3ek/2024_CVEs,cveId.txt,c4c155311d194016fb66162458ab08154742b926,CVE-2024-33763
816421644,SecG3ek/2024_CVEs,cveId.txt,c4c155311d194016fb66162458ab08154742b926,CVE-2024-33764
816421644,SecG3ek/2024_CVEs,cveId.txt,c4c155311d194016fb66162458ab08154742b926,CVE-2024-33766
816421644,SecG3ek/2024_CVEs,cveId.txt,c4c155311d194016fb66162458ab08154742b926,CVE-2024-33767
816421644,SecG3ek/2024_CVEs,cveId.txt,c4c155311d194016fb66162458ab08154742b926,CVE-2024-33768
816421644,SecG3ek/2024_CVEs,cveId.txt,c4c155311d194016fb66162458ab08154742b926,CVE-2024-33692
816421644,SecG3ek/2024_CVEs,cveId.txt,c4c155311d194016fb66162458ab08154742b926,CVE-2024-33771
816421644,SecG3ek/2024_CVEs,cveId.txt,c4c155311d194016fb66162458ab08154742b926,CVE-2024-33773
816421644,SecG3ek/2024_CVEs,cveId.txt,c4c155311d194016fb66162458ab08154742b926,CVE-2024-33774
816421644,SecG3ek/2024_CVEs,cveId.txt,c4c155311d194016fb66162458ab08154742b926,CVE-2024-33775
816421644,SecG3ek/2024_CVEs,cveId.txt,c4c155311d194016fb66162458ab08154742b926,CVE-2024-33780
816421644,SecG3ek/2024_CVEs,cveId.txt,c4c155311d194016fb66162458ab08154742b926,CVE-2024-33781
816421644,SecG3ek/2024_CVEs,cveId.txt,c4c155311d194016fb66162458ab08154742b926,CVE-2024-33782
816421644,SecG3ek/2024_CVEs,cveId.txt,c4c155311d194016fb66162458ab08154742b926,CVE-2024-33783
816421644,SecG3ek/2024_CVEs,cveId.txt,c4c155311d194016fb66162458ab08154742b926,CVE-2024-33786
816421644,SecG3ek/2024_CVEs,cveId.txt,c4c155311d194016fb66162458ab08154742b926,CVE-2024-33787
816421644,SecG3ek/2024_CVEs,cveId.txt,c4c155311d194016fb66162458ab08154742b926,CVE-2024-33788
816421644,SecG3ek/2024_CVEs,cveId.txt,c4c155311d194016fb66162458ab08154742b926,CVE-2024-33789
816421644,SecG3ek/2024_CVEs,cveId.txt,c4c155311d194016fb66162458ab08154742b926,CVE-2024-33791
816421644,SecG3ek/2024_CVEs,cveId.txt,c4c155311d194016fb66162458ab08154742b926,CVE-2024-33792
816421644,SecG3ek/2024_CVEs,cveId.txt,c4c155311d194016fb66162458ab08154742b926,CVE-2024-33793
816421644,SecG3ek/2024_CVEs,cveId.txt,c4c155311d194016fb66162458ab08154742b926,CVE-2024-33772
816421644,SecG3ek/2024_CVEs,cveId.txt,c4c155311d194016fb66162458ab08154742b926,CVE-2024-33800
816421644,SecG3ek/2024_CVEs,cveId.txt,c4c155311d194016fb66162458ab08154742b926,CVE-2024-33691
816421644,SecG3ek/2024_CVEs,cveId.txt,c4c155311d194016fb66162458ab08154742b926,CVE-2024-33689
816421644,SecG3ek/2024_CVEs,cveId.txt,c4c155311d194016fb66162458ab08154742b926,CVE-2024-33646
816421644,SecG3ek/2024_CVEs,cveId.txt,c4c155311d194016fb66162458ab08154742b926,CVE-2024-33647
816421644,SecG3ek/2024_CVEs,cveId.txt,c4c155311d194016fb66162458ab08154742b926,CVE-2024-33648
816421644,SecG3ek/2024_CVEs,cveId.txt,c4c155311d194016fb66162458ab08154742b926,CVE-2024-33649
816421644,SecG3ek/2024_CVEs,cveId.txt,c4c155311d194016fb66162458ab08154742b926,CVE-2024-33650
816421644,SecG3ek/2024_CVEs,cveId.txt,c4c155311d194016fb66162458ab08154742b926,CVE-2024-33651
816421644,SecG3ek/2024_CVEs,cveId.txt,c4c155311d194016fb66162458ab08154742b926,CVE-2024-33652
816421644,SecG3ek/2024_CVEs,cveId.txt,c4c155311d194016fb66162458ab08154742b926,CVE-2024-33655
816421644,SecG3ek/2024_CVEs,cveId.txt,c4c155311d194016fb66162458ab08154742b926,CVE-2024-33661
816421644,SecG3ek/2024_CVEs,cveId.txt,c4c155311d194016fb66162458ab08154742b926,CVE-2024-33663
816421644,SecG3ek/2024_CVEs,cveId.txt,c4c155311d194016fb66162458ab08154742b926,CVE-2024-33664
816421644,SecG3ek/2024_CVEs,cveId.txt,c4c155311d194016fb66162458ab08154742b926,CVE-2024-33665
816421644,SecG3ek/2024_CVEs,cveId.txt,c4c155311d194016fb66162458ab08154742b926,CVE-2024-33666
816421644,SecG3ek/2024_CVEs,cveId.txt,c4c155311d194016fb66162458ab08154742b926,CVE-2024-33667
816421644,SecG3ek/2024_CVEs,cveId.txt,c4c155311d194016fb66162458ab08154742b926,CVE-2024-33690
816421644,SecG3ek/2024_CVEs,cveId.txt,c4c155311d194016fb66162458ab08154742b926,CVE-2024-33668
816421644,SecG3ek/2024_CVEs,cveId.txt,c4c155311d194016fb66162458ab08154742b926,CVE-2024-33670
816421644,SecG3ek/2024_CVEs,cveId.txt,c4c155311d194016fb66162458ab08154742b926,CVE-2024-33671
816421644,SecG3ek/2024_CVEs,cveId.txt,c4c155311d194016fb66162458ab08154742b926,CVE-2024-33672
816421644,SecG3ek/2024_CVEs,cveId.txt,c4c155311d194016fb66162458ab08154742b926,CVE-2024-33673
816421644,SecG3ek/2024_CVEs,cveId.txt,c4c155311d194016fb66162458ab08154742b926,CVE-2024-33677
816421644,SecG3ek/2024_CVEs,cveId.txt,c4c155311d194016fb66162458ab08154742b926,CVE-2024-33678
816421644,SecG3ek/2024_CVEs,cveId.txt,c4c155311d194016fb66162458ab08154742b926,CVE-2024-33679
816421644,SecG3ek/2024_CVEs,cveId.txt,c4c155311d194016fb66162458ab08154742b926,CVE-2024-33680
816421644,SecG3ek/2024_CVEs,cveId.txt,c4c155311d194016fb66162458ab08154742b926,CVE-2024-33681
816421644,SecG3ek/2024_CVEs,cveId.txt,c4c155311d194016fb66162458ab08154742b926,CVE-2024-33682
816421644,SecG3ek/2024_CVEs,cveId.txt,c4c155311d194016fb66162458ab08154742b926,CVE-2024-33683
816421644,SecG3ek/2024_CVEs,cveId.txt,c4c155311d194016fb66162458ab08154742b926,CVE-2024-33684
816421644,SecG3ek/2024_CVEs,cveId.txt,c4c155311d194016fb66162458ab08154742b926,CVE-2024-33686
816421644,SecG3ek/2024_CVEs,cveId.txt,c4c155311d194016fb66162458ab08154742b926,CVE-2024-33688
816421644,SecG3ek/2024_CVEs,cveId.txt,c4c155311d194016fb66162458ab08154742b926,CVE-2024-33669
816421644,SecG3ek/2024_CVEs,cveId.txt,c4c155311d194016fb66162458ab08154742b926,CVE-2024-34095
816421644,SecG3ek/2024_CVEs,cveId.txt,c4c155311d194016fb66162458ab08154742b926,CVE-2024-34096
816421644,SecG3ek/2024_CVEs,cveId.txt,c4c155311d194016fb66162458ab08154742b926,CVE-2024-34097
816421644,SecG3ek/2024_CVEs,cveId.txt,c4c155311d194016fb66162458ab08154742b926,CVE-2024-34474
816421644,SecG3ek/2024_CVEs,cveId.txt,c4c155311d194016fb66162458ab08154742b926,CVE-2024-34475
816421644,SecG3ek/2024_CVEs,cveId.txt,c4c155311d194016fb66162458ab08154742b926,CVE-2024-34476
816421644,SecG3ek/2024_CVEs,cveId.txt,c4c155311d194016fb66162458ab08154742b926,CVE-2024-34477
816421644,SecG3ek/2024_CVEs,cveId.txt,c4c155311d194016fb66162458ab08154742b926,CVE-2024-34478
816421644,SecG3ek/2024_CVEs,cveId.txt,c4c155311d194016fb66162458ab08154742b926,CVE-2024-34483
816421644,SecG3ek/2024_CVEs,cveId.txt,c4c155311d194016fb66162458ab08154742b926,CVE-2024-34484
816421644,SecG3ek/2024_CVEs,cveId.txt,c4c155311d194016fb66162458ab08154742b926,CVE-2024-34486
816421644,SecG3ek/2024_CVEs,cveId.txt,c4c155311d194016fb66162458ab08154742b926,CVE-2024-34487
816421644,SecG3ek/2024_CVEs,cveId.txt,c4c155311d194016fb66162458ab08154742b926,CVE-2024-34488
816421644,SecG3ek/2024_CVEs,cveId.txt,c4c155311d194016fb66162458ab08154742b926,CVE-2024-34489
816421644,SecG3ek/2024_CVEs,cveId.txt,c4c155311d194016fb66162458ab08154742b926,CVE-2024-34490
816421644,SecG3ek/2024_CVEs,cveId.txt,c4c155311d194016fb66162458ab08154742b926,CVE-2024-34500
816421644,SecG3ek/2024_CVEs,cveId.txt,c4c155311d194016fb66162458ab08154742b926,CVE-2024-34502
816421644,SecG3ek/2024_CVEs,cveId.txt,c4c155311d194016fb66162458ab08154742b926,CVE-2024-34506
816421644,SecG3ek/2024_CVEs,cveId.txt,c4c155311d194016fb66162458ab08154742b926,CVE-2024-34507
816421644,SecG3ek/2024_CVEs,cveId.txt,c4c155311d194016fb66162458ab08154742b926,CVE-2024-34508
816421644,SecG3ek/2024_CVEs,cveId.txt,c4c155311d194016fb66162458ab08154742b926,CVE-2024-34509
816421644,SecG3ek/2024_CVEs,cveId.txt,c4c155311d194016fb66162458ab08154742b926,CVE-2024-34510
816421644,SecG3ek/2024_CVEs,cveId.txt,c4c155311d194016fb66162458ab08154742b926,CVE-2024-34511
816421644,SecG3ek/2024_CVEs,cveId.txt,c4c155311d194016fb66162458ab08154742b926,CVE-2024-34515
816421644,SecG3ek/2024_CVEs,cveId.txt,c4c155311d194016fb66162458ab08154742b926,CVE-2024-34517
816421644,SecG3ek/2024_CVEs,cveId.txt,c4c155311d194016fb66162458ab08154742b926,CVE-2024-34519
816421644,SecG3ek/2024_CVEs,cveId.txt,c4c155311d194016fb66162458ab08154742b926,CVE-2024-34523
816421644,SecG3ek/2024_CVEs,cveId.txt,c4c155311d194016fb66162458ab08154742b926,CVE-2024-34524
816421644,SecG3ek/2024_CVEs,cveId.txt,c4c155311d194016fb66162458ab08154742b926,CVE-2024-34525
816421644,SecG3ek/2024_CVEs,cveId.txt,c4c155311d194016fb66162458ab08154742b926,CVE-2024-34527
816421644,SecG3ek/2024_CVEs,cveId.txt,c4c155311d194016fb66162458ab08154742b926,CVE-2024-34528
816421644,SecG3ek/2024_CVEs,cveId.txt,c4c155311d194016fb66162458ab08154742b926,CVE-2024-34529
816421644,SecG3ek/2024_CVEs,cveId.txt,c4c155311d194016fb66162458ab08154742b926,CVE-2024-34473
816421644,SecG3ek/2024_CVEs,cveId.txt,c4c155311d194016fb66162458ab08154742b926,CVE-2024-34472
816421644,SecG3ek/2024_CVEs,cveId.txt,c4c155311d194016fb66162458ab08154742b926,CVE-2024-34471
816421644,SecG3ek/2024_CVEs,cveId.txt,c4c155311d194016fb66162458ab08154742b926,CVE-2024-34470
816421644,SecG3ek/2024_CVEs,cveId.txt,c4c155311d194016fb66162458ab08154742b926,CVE-2024-34428
816421644,SecG3ek/2024_CVEs,cveId.txt,c4c155311d194016fb66162458ab08154742b926,CVE-2024-34429
816421644,SecG3ek/2024_CVEs,cveId.txt,c4c155311d194016fb66162458ab08154742b926,CVE-2024-34430
816421644,SecG3ek/2024_CVEs,cveId.txt,c4c155311d194016fb66162458ab08154742b926,CVE-2024-34431
816421644,SecG3ek/2024_CVEs,cveId.txt,c4c155311d194016fb66162458ab08154742b926,CVE-2024-34432
816421644,SecG3ek/2024_CVEs,cveId.txt,c4c155311d194016fb66162458ab08154742b926,CVE-2024-34433
816421644,SecG3ek/2024_CVEs,cveId.txt,c4c155311d194016fb66162458ab08154742b926,CVE-2024-34434
816421644,SecG3ek/2024_CVEs,cveId.txt,c4c155311d194016fb66162458ab08154742b926,CVE-2024-34435
816421644,SecG3ek/2024_CVEs,cveId.txt,c4c155311d194016fb66162458ab08154742b926,CVE-2024-34436
816421644,SecG3ek/2024_CVEs,cveId.txt,c4c155311d194016fb66162458ab08154742b926,CVE-2024-34437
816421644,SecG3ek/2024_CVEs,cveId.txt,c4c155311d194016fb66162458ab08154742b926,CVE-2024-34439
816421644,SecG3ek/2024_CVEs,cveId.txt,c4c155311d194016fb66162458ab08154742b926,CVE-2024-34440
816421644,SecG3ek/2024_CVEs,cveId.txt,c4c155311d194016fb66162458ab08154742b926,CVE-2024-34441
816421644,SecG3ek/2024_CVEs,cveId.txt,c4c155311d194016fb66162458ab08154742b926,CVE-2024-34442
816421644,SecG3ek/2024_CVEs,cveId.txt,c4c155311d194016fb66162458ab08154742b926,CVE-2024-34532
816421644,SecG3ek/2024_CVEs,cveId.txt,c4c155311d194016fb66162458ab08154742b926,CVE-2024-34445
816421644,SecG3ek/2024_CVEs,cveId.txt,c4c155311d194016fb66162458ab08154742b926,CVE-2024-34447
816421644,SecG3ek/2024_CVEs,cveId.txt,c4c155311d194016fb66162458ab08154742b926,CVE-2024-34448
816421644,SecG3ek/2024_CVEs,cveId.txt,c4c155311d194016fb66162458ab08154742b926,CVE-2024-34449
816421644,SecG3ek/2024_CVEs,cveId.txt,c4c155311d194016fb66162458ab08154742b926,CVE-2024-34451
816421644,SecG3ek/2024_CVEs,cveId.txt,c4c155311d194016fb66162458ab08154742b926,CVE-2024-34453
816421644,SecG3ek/2024_CVEs,cveId.txt,c4c155311d194016fb66162458ab08154742b926,CVE-2024-34454
816421644,SecG3ek/2024_CVEs,cveId.txt,c4c155311d194016fb66162458ab08154742b926,CVE-2024-34455
816421644,SecG3ek/2024_CVEs,cveId.txt,c4c155311d194016fb66162458ab08154742b926,CVE-2024-34459
816421644,SecG3ek/2024_CVEs,cveId.txt,c4c155311d194016fb66162458ab08154742b926,CVE-2024-34460
816421644,SecG3ek/2024_CVEs,cveId.txt,c4c155311d194016fb66162458ab08154742b926,CVE-2024-34461
816421644,SecG3ek/2024_CVEs,cveId.txt,c4c155311d194016fb66162458ab08154742b926,CVE-2024-34462
816421644,SecG3ek/2024_CVEs,cveId.txt,c4c155311d194016fb66162458ab08154742b926,CVE-2024-34467
816421644,SecG3ek/2024_CVEs,cveId.txt,c4c155311d194016fb66162458ab08154742b926,CVE-2024-34468
816421644,SecG3ek/2024_CVEs,cveId.txt,c4c155311d194016fb66162458ab08154742b926,CVE-2024-34469
816421644,SecG3ek/2024_CVEs,cveId.txt,c4c155311d194016fb66162458ab08154742b926,CVE-2024-34446
816421644,SecG3ek/2024_CVEs,cveId.txt,c4c155311d194016fb66162458ab08154742b926,CVE-2024-34533
816421644,SecG3ek/2024_CVEs,cveId.txt,c4c155311d194016fb66162458ab08154742b926,CVE-2024-34534
816421644,SecG3ek/2024_CVEs,cveId.txt,c4c155311d194016fb66162458ab08154742b926,CVE-2024-34538
816421644,SecG3ek/2024_CVEs,cveId.txt,c4c155311d194016fb66162458ab08154742b926,CVE-2024-34686
816421644,SecG3ek/2024_CVEs,cveId.txt,c4c155311d194016fb66162458ab08154742b926,CVE-2024-34687
816421644,SecG3ek/2024_CVEs,cveId.txt,c4c155311d194016fb66162458ab08154742b926,CVE-2024-34688
816421644,SecG3ek/2024_CVEs,cveId.txt,c4c155311d194016fb66162458ab08154742b926,CVE-2024-34690
816421644,SecG3ek/2024_CVEs,cveId.txt,c4c155311d194016fb66162458ab08154742b926,CVE-2024-34691
816421644,SecG3ek/2024_CVEs,cveId.txt,c4c155311d194016fb66162458ab08154742b926,CVE-2024-34749
816421644,SecG3ek/2024_CVEs,cveId.txt,c4c155311d194016fb66162458ab08154742b926,CVE-2024-34751
816421644,SecG3ek/2024_CVEs,cveId.txt,c4c155311d194016fb66162458ab08154742b926,CVE-2024-34752
816421644,SecG3ek/2024_CVEs,cveId.txt,c4c155311d194016fb66162458ab08154742b926,CVE-2024-34753
816421644,SecG3ek/2024_CVEs,cveId.txt,c4c155311d194016fb66162458ab08154742b926,CVE-2024-34754
816421644,SecG3ek/2024_CVEs,cveId.txt,c4c155311d194016fb66162458ab08154742b926,CVE-2024-34755
816421644,SecG3ek/2024_CVEs,cveId.txt,c4c155311d194016fb66162458ab08154742b926,CVE-2024-34756
816421644,SecG3ek/2024_CVEs,cveId.txt,c4c155311d194016fb66162458ab08154742b926,CVE-2024-34757
816421644,SecG3ek/2024_CVEs,cveId.txt,c4c155311d194016fb66162458ab08154742b926,CVE-2024-34758
816421644,SecG3ek/2024_CVEs,cveId.txt,c4c155311d194016fb66162458ab08154742b926,CVE-2024-34684
816421644,SecG3ek/2024_CVEs,cveId.txt,c4c155311d194016fb66162458ab08154742b926,CVE-2024-34759
816421644,SecG3ek/2024_CVEs,cveId.txt,c4c155311d194016fb66162458ab08154742b926,CVE-2024-34761
816421644,SecG3ek/2024_CVEs,cveId.txt,c4c155311d194016fb66162458ab08154742b926,CVE-2024-34762
816421644,SecG3ek/2024_CVEs,cveId.txt,c4c155311d194016fb66162458ab08154742b926,CVE-2024-34763
816421644,SecG3ek/2024_CVEs,cveId.txt,c4c155311d194016fb66162458ab08154742b926,CVE-2024-34764
816421644,SecG3ek/2024_CVEs,cveId.txt,c4c155311d194016fb66162458ab08154742b926,CVE-2024-34765
816421644,SecG3ek/2024_CVEs,cveId.txt,c4c155311d194016fb66162458ab08154742b926,CVE-2024-34766
816421644,SecG3ek/2024_CVEs,cveId.txt,c4c155311d194016fb66162458ab08154742b926,CVE-2024-34767
816421644,SecG3ek/2024_CVEs,cveId.txt,c4c155311d194016fb66162458ab08154742b926,CVE-2024-34768
816421644,SecG3ek/2024_CVEs,cveId.txt,c4c155311d194016fb66162458ab08154742b926,CVE-2024-34769
816421644,SecG3ek/2024_CVEs,cveId.txt,c4c155311d194016fb66162458ab08154742b926,CVE-2024-34770
816421644,SecG3ek/2024_CVEs,cveId.txt,c4c155311d194016fb66162458ab08154742b926,CVE-2024-34771
816421644,SecG3ek/2024_CVEs,cveId.txt,c4c155311d194016fb66162458ab08154742b926,CVE-2024-34772
816421644,SecG3ek/2024_CVEs,cveId.txt,c4c155311d194016fb66162458ab08154742b926,CVE-2024-34773
816421644,SecG3ek/2024_CVEs,cveId.txt,c4c155311d194016fb66162458ab08154742b926,CVE-2024-34789
816421644,SecG3ek/2024_CVEs,cveId.txt,c4c155311d194016fb66162458ab08154742b926,CVE-2024-34760
816421644,SecG3ek/2024_CVEs,cveId.txt,c4c155311d194016fb66162458ab08154742b926,CVE-2024-34427
816421644,SecG3ek/2024_CVEs,cveId.txt,c4c155311d194016fb66162458ab08154742b926,CVE-2024-34683
816421644,SecG3ek/2024_CVEs,cveId.txt,c4c155311d194016fb66162458ab08154742b926,CVE-2024-34575
816421644,SecG3ek/2024_CVEs,cveId.txt,c4c155311d194016fb66162458ab08154742b926,CVE-2024-34539
816421644,SecG3ek/2024_CVEs,cveId.txt,c4c155311d194016fb66162458ab08154742b926,CVE-2024-34546
816421644,SecG3ek/2024_CVEs,cveId.txt,c4c155311d194016fb66162458ab08154742b926,CVE-2024-34547
816421644,SecG3ek/2024_CVEs,cveId.txt,c4c155311d194016fb66162458ab08154742b926,CVE-2024-34548
816421644,SecG3ek/2024_CVEs,cveId.txt,c4c155311d194016fb66162458ab08154742b926,CVE-2024-34549
816421644,SecG3ek/2024_CVEs,cveId.txt,c4c155311d194016fb66162458ab08154742b926,CVE-2024-34550
816421644,SecG3ek/2024_CVEs,cveId.txt,c4c155311d194016fb66162458ab08154742b926,CVE-2024-34551
816421644,SecG3ek/2024_CVEs,cveId.txt,c4c155311d194016fb66162458ab08154742b926,CVE-2024-34552
816421644,SecG3ek/2024_CVEs,cveId.txt,c4c155311d194016fb66162458ab08154742b926,CVE-2024-34553
816421644,SecG3ek/2024_CVEs,cveId.txt,c4c155311d194016fb66162458ab08154742b926,CVE-2024-34554
816421644,SecG3ek/2024_CVEs,cveId.txt,c4c155311d194016fb66162458ab08154742b926,CVE-2024-34555
816421644,SecG3ek/2024_CVEs,cveId.txt,c4c155311d194016fb66162458ab08154742b926,CVE-2024-34556
816421644,SecG3ek/2024_CVEs,cveId.txt,c4c155311d194016fb66162458ab08154742b926,CVE-2024-34557
816421644,SecG3ek/2024_CVEs,cveId.txt,c4c155311d194016fb66162458ab08154742b926,CVE-2024-34558
816421644,SecG3ek/2024_CVEs,cveId.txt,c4c155311d194016fb66162458ab08154742b926,CVE-2024-34582
816421644,SecG3ek/2024_CVEs,cveId.txt,c4c155311d194016fb66162458ab08154742b926,CVE-2024-34559
816421644,SecG3ek/2024_CVEs,cveId.txt,c4c155311d194016fb66162458ab08154742b926,CVE-2024-34561
816421644,SecG3ek/2024_CVEs,cveId.txt,c4c155311d194016fb66162458ab08154742b926,CVE-2024-34562
816421644,SecG3ek/2024_CVEs,cveId.txt,c4c155311d194016fb66162458ab08154742b926,CVE-2024-34563
816421644,SecG3ek/2024_CVEs,cveId.txt,c4c155311d194016fb66162458ab08154742b926,CVE-2024-34564
816421644,SecG3ek/2024_CVEs,cveId.txt,c4c155311d194016fb66162458ab08154742b926,CVE-2024-34565
816421644,SecG3ek/2024_CVEs,cveId.txt,c4c155311d194016fb66162458ab08154742b926,CVE-2024-34566
816421644,SecG3ek/2024_CVEs,cveId.txt,c4c155311d194016fb66162458ab08154742b926,CVE-2024-34567
816421644,SecG3ek/2024_CVEs,cveId.txt,c4c155311d194016fb66162458ab08154742b926,CVE-2024-34568
816421644,SecG3ek/2024_CVEs,cveId.txt,c4c155311d194016fb66162458ab08154742b926,CVE-2024-34569
816421644,SecG3ek/2024_CVEs,cveId.txt,c4c155311d194016fb66162458ab08154742b926,CVE-2024-34570
816421644,SecG3ek/2024_CVEs,cveId.txt,c4c155311d194016fb66162458ab08154742b926,CVE-2024-34571
816421644,SecG3ek/2024_CVEs,cveId.txt,c4c155311d194016fb66162458ab08154742b926,CVE-2024-34572
816421644,SecG3ek/2024_CVEs,cveId.txt,c4c155311d194016fb66162458ab08154742b926,CVE-2024-34573
816421644,SecG3ek/2024_CVEs,cveId.txt,c4c155311d194016fb66162458ab08154742b926,CVE-2024-34574
816421644,SecG3ek/2024_CVEs,cveId.txt,c4c155311d194016fb66162458ab08154742b926,CVE-2024-34560
816421644,SecG3ek/2024_CVEs,cveId.txt,c4c155311d194016fb66162458ab08154742b926,CVE-2024-34426
816421644,SecG3ek/2024_CVEs,cveId.txt,c4c155311d194016fb66162458ab08154742b926,CVE-2024-34425
816421644,SecG3ek/2024_CVEs,cveId.txt,c4c155311d194016fb66162458ab08154742b926,CVE-2024-34424
816421644,SecG3ek/2024_CVEs,cveId.txt,c4c155311d194016fb66162458ab08154742b926,CVE-2024-34200
816421644,SecG3ek/2024_CVEs,cveId.txt,c4c155311d194016fb66162458ab08154742b926,CVE-2024-34201
816421644,SecG3ek/2024_CVEs,cveId.txt,c4c155311d194016fb66162458ab08154742b926,CVE-2024-34202
816421644,SecG3ek/2024_CVEs,cveId.txt,c4c155311d194016fb66162458ab08154742b926,CVE-2024-34203
816421644,SecG3ek/2024_CVEs,cveId.txt,c4c155311d194016fb66162458ab08154742b926,CVE-2024-34204
816421644,SecG3ek/2024_CVEs,cveId.txt,c4c155311d194016fb66162458ab08154742b926,CVE-2024-34205
816421644,SecG3ek/2024_CVEs,cveId.txt,c4c155311d194016fb66162458ab08154742b926,CVE-2024-34206
816421644,SecG3ek/2024_CVEs,cveId.txt,c4c155311d194016fb66162458ab08154742b926,CVE-2024-34207
816421644,SecG3ek/2024_CVEs,cveId.txt,c4c155311d194016fb66162458ab08154742b926,CVE-2024-34209
816421644,SecG3ek/2024_CVEs,cveId.txt,c4c155311d194016fb66162458ab08154742b926,CVE-2024-34210
816421644,SecG3ek/2024_CVEs,cveId.txt,c4c155311d194016fb66162458ab08154742b926,CVE-2024-34211
816421644,SecG3ek/2024_CVEs,cveId.txt,c4c155311d194016fb66162458ab08154742b926,CVE-2024-34212
816421644,SecG3ek/2024_CVEs,cveId.txt,c4c155311d194016fb66162458ab08154742b926,CVE-2024-34213
816421644,SecG3ek/2024_CVEs,cveId.txt,c4c155311d194016fb66162458ab08154742b926,CVE-2024-34215
816421644,SecG3ek/2024_CVEs,cveId.txt,c4c155311d194016fb66162458ab08154742b926,CVE-2024-34199
816421644,SecG3ek/2024_CVEs,cveId.txt,c4c155311d194016fb66162458ab08154742b926,CVE-2024-34217
816421644,SecG3ek/2024_CVEs,cveId.txt,c4c155311d194016fb66162458ab08154742b926,CVE-2024-34219
816421644,SecG3ek/2024_CVEs,cveId.txt,c4c155311d194016fb66162458ab08154742b926,CVE-2024-34220
816421644,SecG3ek/2024_CVEs,cveId.txt,c4c155311d194016fb66162458ab08154742b926,CVE-2024-34221
816421644,SecG3ek/2024_CVEs,cveId.txt,c4c155311d194016fb66162458ab08154742b926,CVE-2024-34222
816421644,SecG3ek/2024_CVEs,cveId.txt,c4c155311d194016fb66162458ab08154742b926,CVE-2024-34223
816421644,SecG3ek/2024_CVEs,cveId.txt,c4c155311d194016fb66162458ab08154742b926,CVE-2024-34224
816421644,SecG3ek/2024_CVEs,cveId.txt,c4c155311d194016fb66162458ab08154742b926,CVE-2024-34225
816421644,SecG3ek/2024_CVEs,cveId.txt,c4c155311d194016fb66162458ab08154742b926,CVE-2024-34226
816421644,SecG3ek/2024_CVEs,cveId.txt,c4c155311d194016fb66162458ab08154742b926,CVE-2024-34230
816421644,SecG3ek/2024_CVEs,cveId.txt,c4c155311d194016fb66162458ab08154742b926,CVE-2024-34231
816421644,SecG3ek/2024_CVEs,cveId.txt,c4c155311d194016fb66162458ab08154742b926,CVE-2024-34240
816421644,SecG3ek/2024_CVEs,cveId.txt,c4c155311d194016fb66162458ab08154742b926,CVE-2024-34241
816421644,SecG3ek/2024_CVEs,cveId.txt,c4c155311d194016fb66162458ab08154742b926,CVE-2024-34243
816421644,SecG3ek/2024_CVEs,cveId.txt,c4c155311d194016fb66162458ab08154742b926,CVE-2024-34244
816421644,SecG3ek/2024_CVEs,cveId.txt,c4c155311d194016fb66162458ab08154742b926,CVE-2024-34218
816421644,SecG3ek/2024_CVEs,cveId.txt,c4c155311d194016fb66162458ab08154742b926,CVE-2024-34245
816421644,SecG3ek/2024_CVEs,cveId.txt,c4c155311d194016fb66162458ab08154742b926,CVE-2024-34196
816421644,SecG3ek/2024_CVEs,cveId.txt,c4c155311d194016fb66162458ab08154742b926,CVE-2024-34191
816421644,SecG3ek/2024_CVEs,cveId.txt,c4c155311d194016fb66162458ab08154742b926,CVE-2024-34098
816421644,SecG3ek/2024_CVEs,cveId.txt,c4c155311d194016fb66162458ab08154742b926,CVE-2024-34099
816421644,SecG3ek/2024_CVEs,cveId.txt,c4c155311d194016fb66162458ab08154742b926,CVE-2024-34100
816421644,SecG3ek/2024_CVEs,cveId.txt,c4c155311d194016fb66162458ab08154742b926,CVE-2024-34101
816421644,SecG3ek/2024_CVEs,cveId.txt,c4c155311d194016fb66162458ab08154742b926,CVE-2024-34102
816421644,SecG3ek/2024_CVEs,cveId.txt,c4c155311d194016fb66162458ab08154742b926,CVE-2024-34103
816421644,SecG3ek/2024_CVEs,cveId.txt,c4c155311d194016fb66162458ab08154742b926,CVE-2024-34104
816421644,SecG3ek/2024_CVEs,cveId.txt,c4c155311d194016fb66162458ab08154742b926,CVE-2024-34105
816421644,SecG3ek/2024_CVEs,cveId.txt,c4c155311d194016fb66162458ab08154742b926,CVE-2024-34106
816421644,SecG3ek/2024_CVEs,cveId.txt,c4c155311d194016fb66162458ab08154742b926,CVE-2024-34107
816421644,SecG3ek/2024_CVEs,cveId.txt,c4c155311d194016fb66162458ab08154742b926,CVE-2024-34108
816421644,SecG3ek/2024_CVEs,cveId.txt,c4c155311d194016fb66162458ab08154742b926,CVE-2024-34109
816421644,SecG3ek/2024_CVEs,cveId.txt,c4c155311d194016fb66162458ab08154742b926,CVE-2024-34110
816421644,SecG3ek/2024_CVEs,cveId.txt,c4c155311d194016fb66162458ab08154742b926,CVE-2024-34111
816421644,SecG3ek/2024_CVEs,cveId.txt,c4c155311d194016fb66162458ab08154742b926,CVE-2024-34193
816421644,SecG3ek/2024_CVEs,cveId.txt,c4c155311d194016fb66162458ab08154742b926,CVE-2024-34112
816421644,SecG3ek/2024_CVEs,cveId.txt,c4c155311d194016fb66162458ab08154742b926,CVE-2024-34115
816421644,SecG3ek/2024_CVEs,cveId.txt,c4c155311d194016fb66162458ab08154742b926,CVE-2024-34116
816421644,SecG3ek/2024_CVEs,cveId.txt,c4c155311d194016fb66162458ab08154742b926,CVE-2024-34119
816421644,SecG3ek/2024_CVEs,cveId.txt,c4c155311d194016fb66162458ab08154742b926,CVE-2024-34120
816421644,SecG3ek/2024_CVEs,cveId.txt,c4c155311d194016fb66162458ab08154742b926,CVE-2024-34129
816421644,SecG3ek/2024_CVEs,cveId.txt,c4c155311d194016fb66162458ab08154742b926,CVE-2024-34130
816421644,SecG3ek/2024_CVEs,cveId.txt,c4c155311d194016fb66162458ab08154742b926,CVE-2024-34144
816421644,SecG3ek/2024_CVEs,cveId.txt,c4c155311d194016fb66162458ab08154742b926,CVE-2024-34145
816421644,SecG3ek/2024_CVEs,cveId.txt,c4c155311d194016fb66162458ab08154742b926,CVE-2024-34146
816421644,SecG3ek/2024_CVEs,cveId.txt,c4c155311d194016fb66162458ab08154742b926,CVE-2024-34147
816421644,SecG3ek/2024_CVEs,cveId.txt,c4c155311d194016fb66162458ab08154742b926,CVE-2024-34148
816421644,SecG3ek/2024_CVEs,cveId.txt,c4c155311d194016fb66162458ab08154742b926,CVE-2024-34149
816421644,SecG3ek/2024_CVEs,cveId.txt,c4c155311d194016fb66162458ab08154742b926,CVE-2024-34161
816421644,SecG3ek/2024_CVEs,cveId.txt,c4c155311d194016fb66162458ab08154742b926,CVE-2024-34171
816421644,SecG3ek/2024_CVEs,cveId.txt,c4c155311d194016fb66162458ab08154742b926,CVE-2024-34113
816421644,SecG3ek/2024_CVEs,cveId.txt,c4c155311d194016fb66162458ab08154742b926,CVE-2024-33555
816421644,SecG3ek/2024_CVEs,cveId.txt,c4c155311d194016fb66162458ab08154742b926,CVE-2024-34246
816421644,SecG3ek/2024_CVEs,cveId.txt,c4c155311d194016fb66162458ab08154742b926,CVE-2024-34250
816421644,SecG3ek/2024_CVEs,cveId.txt,c4c155311d194016fb66162458ab08154742b926,CVE-2024-34386
816421644,SecG3ek/2024_CVEs,cveId.txt,c4c155311d194016fb66162458ab08154742b926,CVE-2024-34387
816421644,SecG3ek/2024_CVEs,cveId.txt,c4c155311d194016fb66162458ab08154742b926,CVE-2024-34388
816421644,SecG3ek/2024_CVEs,cveId.txt,c4c155311d194016fb66162458ab08154742b926,CVE-2024-34389
816421644,SecG3ek/2024_CVEs,cveId.txt,c4c155311d194016fb66162458ab08154742b926,CVE-2024-34390
816421644,SecG3ek/2024_CVEs,cveId.txt,c4c155311d194016fb66162458ab08154742b926,CVE-2024-34391
816421644,SecG3ek/2024_CVEs,cveId.txt,c4c155311d194016fb66162458ab08154742b926,CVE-2024-34392
816421644,SecG3ek/2024_CVEs,cveId.txt,c4c155311d194016fb66162458ab08154742b926,CVE-2024-34393
816421644,SecG3ek/2024_CVEs,cveId.txt,c4c155311d194016fb66162458ab08154742b926,CVE-2024-34394
816421644,SecG3ek/2024_CVEs,cveId.txt,c4c155311d194016fb66162458ab08154742b926,CVE-2024-34397
816421644,SecG3ek/2024_CVEs,cveId.txt,c4c155311d194016fb66162458ab08154742b926,CVE-2024-34401
816421644,SecG3ek/2024_CVEs,cveId.txt,c4c155311d194016fb66162458ab08154742b926,CVE-2024-34402
816421644,SecG3ek/2024_CVEs,cveId.txt,c4c155311d194016fb66162458ab08154742b926,CVE-2024-34403
816421644,SecG3ek/2024_CVEs,cveId.txt,c4c155311d194016fb66162458ab08154742b926,CVE-2024-34404
816421644,SecG3ek/2024_CVEs,cveId.txt,c4c155311d194016fb66162458ab08154742b926,CVE-2024-34385
816421644,SecG3ek/2024_CVEs,cveId.txt,c4c155311d194016fb66162458ab08154742b926,CVE-2024-34405
816421644,SecG3ek/2024_CVEs,cveId.txt,c4c155311d194016fb66162458ab08154742b926,CVE-2024-34408
816421644,SecG3ek/2024_CVEs,cveId.txt,c4c155311d194016fb66162458ab08154742b926,CVE-2024-34411
816421644,SecG3ek/2024_CVEs,cveId.txt,c4c155311d194016fb66162458ab08154742b926,CVE-2024-34412
816421644,SecG3ek/2024_CVEs,cveId.txt,c4c155311d194016fb66162458ab08154742b926,CVE-2024-34413
816421644,SecG3ek/2024_CVEs,cveId.txt,c4c155311d194016fb66162458ab08154742b926,CVE-2024-34414
816421644,SecG3ek/2024_CVEs,cveId.txt,c4c155311d194016fb66162458ab08154742b926,CVE-2024-34415
816421644,SecG3ek/2024_CVEs,cveId.txt,c4c155311d194016fb66162458ab08154742b926,CVE-2024-34416
816421644,SecG3ek/2024_CVEs,cveId.txt,c4c155311d194016fb66162458ab08154742b926,CVE-2024-34417
816421644,SecG3ek/2024_CVEs,cveId.txt,c4c155311d194016fb66162458ab08154742b926,CVE-2024-34418
816421644,SecG3ek/2024_CVEs,cveId.txt,c4c155311d194016fb66162458ab08154742b926,CVE-2024-34419
816421644,SecG3ek/2024_CVEs,cveId.txt,c4c155311d194016fb66162458ab08154742b926,CVE-2024-34420
816421644,SecG3ek/2024_CVEs,cveId.txt,c4c155311d194016fb66162458ab08154742b926,CVE-2024-34421
816421644,SecG3ek/2024_CVEs,cveId.txt,c4c155311d194016fb66162458ab08154742b926,CVE-2024-34422
816421644,SecG3ek/2024_CVEs,cveId.txt,c4c155311d194016fb66162458ab08154742b926,CVE-2024-34423
816421644,SecG3ek/2024_CVEs,cveId.txt,c4c155311d194016fb66162458ab08154742b926,CVE-2024-34406
816421644,SecG3ek/2024_CVEs,cveId.txt,c4c155311d194016fb66162458ab08154742b926,CVE-2024-34249
816421644,SecG3ek/2024_CVEs,cveId.txt,c4c155311d194016fb66162458ab08154742b926,CVE-2024-34384
816421644,SecG3ek/2024_CVEs,cveId.txt,c4c155311d194016fb66162458ab08154742b926,CVE-2024-34382
816421644,SecG3ek/2024_CVEs,cveId.txt,c4c155311d194016fb66162458ab08154742b926,CVE-2024-34251
816421644,SecG3ek/2024_CVEs,cveId.txt,c4c155311d194016fb66162458ab08154742b926,CVE-2024-34252
816421644,SecG3ek/2024_CVEs,cveId.txt,c4c155311d194016fb66162458ab08154742b926,CVE-2024-34255
816421644,SecG3ek/2024_CVEs,cveId.txt,c4c155311d194016fb66162458ab08154742b926,CVE-2024-34256
816421644,SecG3ek/2024_CVEs,cveId.txt,c4c155311d194016fb66162458ab08154742b926,CVE-2024-34257
816421644,SecG3ek/2024_CVEs,cveId.txt,c4c155311d194016fb66162458ab08154742b926,CVE-2024-34273
816421644,SecG3ek/2024_CVEs,cveId.txt,c4c155311d194016fb66162458ab08154742b926,CVE-2024-34274
816421644,SecG3ek/2024_CVEs,cveId.txt,c4c155311d194016fb66162458ab08154742b926,CVE-2024-34308
816421644,SecG3ek/2024_CVEs,cveId.txt,c4c155311d194016fb66162458ab08154742b926,CVE-2024-34310
816421644,SecG3ek/2024_CVEs,cveId.txt,c4c155311d194016fb66162458ab08154742b926,CVE-2024-34314
816421644,SecG3ek/2024_CVEs,cveId.txt,c4c155311d194016fb66162458ab08154742b926,CVE-2024-34315
816421644,SecG3ek/2024_CVEs,cveId.txt,c4c155311d194016fb66162458ab08154742b926,CVE-2024-34332
816421644,SecG3ek/2024_CVEs,cveId.txt,c4c155311d194016fb66162458ab08154742b926,CVE-2024-34338
816421644,SecG3ek/2024_CVEs,cveId.txt,c4c155311d194016fb66162458ab08154742b926,CVE-2024-34365
816421644,SecG3ek/2024_CVEs,cveId.txt,c4c155311d194016fb66162458ab08154742b926,CVE-2024-34383
816421644,SecG3ek/2024_CVEs,cveId.txt,c4c155311d194016fb66162458ab08154742b926,CVE-2024-34366
816421644,SecG3ek/2024_CVEs,cveId.txt,c4c155311d194016fb66162458ab08154742b926,CVE-2024-34368
816421644,SecG3ek/2024_CVEs,cveId.txt,c4c155311d194016fb66162458ab08154742b926,CVE-2024-34369
816421644,SecG3ek/2024_CVEs,cveId.txt,c4c155311d194016fb66162458ab08154742b926,CVE-2024-34370
816421644,SecG3ek/2024_CVEs,cveId.txt,c4c155311d194016fb66162458ab08154742b926,CVE-2024-34371
816421644,SecG3ek/2024_CVEs,cveId.txt,c4c155311d194016fb66162458ab08154742b926,CVE-2024-34372
816421644,SecG3ek/2024_CVEs,cveId.txt,c4c155311d194016fb66162458ab08154742b926,CVE-2024-34373
816421644,SecG3ek/2024_CVEs,cveId.txt,c4c155311d194016fb66162458ab08154742b926,CVE-2024-34374
816421644,SecG3ek/2024_CVEs,cveId.txt,c4c155311d194016fb66162458ab08154742b926,CVE-2024-34375
816421644,SecG3ek/2024_CVEs,cveId.txt,c4c155311d194016fb66162458ab08154742b926,CVE-2024-34376
816421644,SecG3ek/2024_CVEs,cveId.txt,c4c155311d194016fb66162458ab08154742b926,CVE-2024-34377
816421644,SecG3ek/2024_CVEs,cveId.txt,c4c155311d194016fb66162458ab08154742b926,CVE-2024-34378
816421644,SecG3ek/2024_CVEs,cveId.txt,c4c155311d194016fb66162458ab08154742b926,CVE-2024-34379
816421644,SecG3ek/2024_CVEs,cveId.txt,c4c155311d194016fb66162458ab08154742b926,CVE-2024-34380
816421644,SecG3ek/2024_CVEs,cveId.txt,c4c155311d194016fb66162458ab08154742b926,CVE-2024-34381
816421644,SecG3ek/2024_CVEs,cveId.txt,c4c155311d194016fb66162458ab08154742b926,CVE-2024-34367
816421644,SecG3ek/2024_CVEs,cveId.txt,c4c155311d194016fb66162458ab08154742b926,CVE-2024-33554
816421644,SecG3ek/2024_CVEs,cveId.txt,c4c155311d194016fb66162458ab08154742b926,CVE-2024-33553
816421644,SecG3ek/2024_CVEs,cveId.txt,c4c155311d194016fb66162458ab08154742b926,CVE-2024-33552
816421644,SecG3ek/2024_CVEs,cveId.txt,c4c155311d194016fb66162458ab08154742b926,CVE-2024-32682
816421644,SecG3ek/2024_CVEs,cveId.txt,c4c155311d194016fb66162458ab08154742b926,CVE-2024-32683
816421644,SecG3ek/2024_CVEs,cveId.txt,c4c155311d194016fb66162458ab08154742b926,CVE-2024-32684
816421644,SecG3ek/2024_CVEs,cveId.txt,c4c155311d194016fb66162458ab08154742b926,CVE-2024-32685
816421644,SecG3ek/2024_CVEs,cveId.txt,c4c155311d194016fb66162458ab08154742b926,CVE-2024-32686
816421644,SecG3ek/2024_CVEs,cveId.txt,c4c155311d194016fb66162458ab08154742b926,CVE-2024-32687
816421644,SecG3ek/2024_CVEs,cveId.txt,c4c155311d194016fb66162458ab08154742b926,CVE-2024-32688
816421644,SecG3ek/2024_CVEs,cveId.txt,c4c155311d194016fb66162458ab08154742b926,CVE-2024-32689
816421644,SecG3ek/2024_CVEs,cveId.txt,c4c155311d194016fb66162458ab08154742b926,CVE-2024-32690
816421644,SecG3ek/2024_CVEs,cveId.txt,c4c155311d194016fb66162458ab08154742b926,CVE-2024-32691
816421644,SecG3ek/2024_CVEs,cveId.txt,c4c155311d194016fb66162458ab08154742b926,CVE-2024-32692
816421644,SecG3ek/2024_CVEs,cveId.txt,c4c155311d194016fb66162458ab08154742b926,CVE-2024-32693
816421644,SecG3ek/2024_CVEs,cveId.txt,c4c155311d194016fb66162458ab08154742b926,CVE-2024-32694
816421644,SecG3ek/2024_CVEs,cveId.txt,c4c155311d194016fb66162458ab08154742b926,CVE-2024-32695
816421644,SecG3ek/2024_CVEs,cveId.txt,c4c155311d194016fb66162458ab08154742b926,CVE-2024-32696
816421644,SecG3ek/2024_CVEs,cveId.txt,c4c155311d194016fb66162458ab08154742b926,CVE-2024-32697
816421644,SecG3ek/2024_CVEs,cveId.txt,c4c155311d194016fb66162458ab08154742b926,CVE-2024-32698
816421644,SecG3ek/2024_CVEs,cveId.txt,c4c155311d194016fb66162458ab08154742b926,CVE-2024-32699
816421644,SecG3ek/2024_CVEs,cveId.txt,c4c155311d194016fb66162458ab08154742b926,CVE-2024-32700
816421644,SecG3ek/2024_CVEs,cveId.txt,c4c155311d194016fb66162458ab08154742b926,CVE-2024-32701
816421644,SecG3ek/2024_CVEs,cveId.txt,c4c155311d194016fb66162458ab08154742b926,CVE-2024-32702
816421644,SecG3ek/2024_CVEs,cveId.txt,c4c155311d194016fb66162458ab08154742b926,CVE-2024-32703
816421644,SecG3ek/2024_CVEs,cveId.txt,c4c155311d194016fb66162458ab08154742b926,CVE-2024-32704
816421644,SecG3ek/2024_CVEs,cveId.txt,c4c155311d194016fb66162458ab08154742b926,CVE-2024-32705
816421644,SecG3ek/2024_CVEs,cveId.txt,c4c155311d194016fb66162458ab08154742b926,CVE-2024-32706
816421644,SecG3ek/2024_CVEs,cveId.txt,c4c155311d194016fb66162458ab08154742b926,CVE-2024-32707
816421644,SecG3ek/2024_CVEs,cveId.txt,c4c155311d194016fb66162458ab08154742b926,CVE-2024-32708
816421644,SecG3ek/2024_CVEs,cveId.txt,c4c155311d194016fb66162458ab08154742b926,CVE-2024-32709
816421644,SecG3ek/2024_CVEs,cveId.txt,c4c155311d194016fb66162458ab08154742b926,CVE-2024-32710
816421644,SecG3ek/2024_CVEs,cveId.txt,c4c155311d194016fb66162458ab08154742b926,CVE-2024-32681
816421644,SecG3ek/2024_CVEs,cveId.txt,c4c155311d194016fb66162458ab08154742b926,CVE-2024-32680
816421644,SecG3ek/2024_CVEs,cveId.txt,c4c155311d194016fb66162458ab08154742b926,CVE-2024-32679
816421644,SecG3ek/2024_CVEs,cveId.txt,c4c155311d194016fb66162458ab08154742b926,CVE-2024-32678
816421644,SecG3ek/2024_CVEs,cveId.txt,c4c155311d194016fb66162458ab08154742b926,CVE-2024-32611
816421644,SecG3ek/2024_CVEs,cveId.txt,c4c155311d194016fb66162458ab08154742b926,CVE-2024-32612
816421644,SecG3ek/2024_CVEs,cveId.txt,c4c155311d194016fb66162458ab08154742b926,CVE-2024-32613
816421644,SecG3ek/2024_CVEs,cveId.txt,c4c155311d194016fb66162458ab08154742b926,CVE-2024-32614
816421644,SecG3ek/2024_CVEs,cveId.txt,c4c155311d194016fb66162458ab08154742b926,CVE-2024-32615
816421644,SecG3ek/2024_CVEs,cveId.txt,c4c155311d194016fb66162458ab08154742b926,CVE-2024-32616
816421644,SecG3ek/2024_CVEs,cveId.txt,c4c155311d194016fb66162458ab08154742b926,CVE-2024-32617
816421644,SecG3ek/2024_CVEs,cveId.txt,c4c155311d194016fb66162458ab08154742b926,CVE-2024-32618
816421644,SecG3ek/2024_CVEs,cveId.txt,c4c155311d194016fb66162458ab08154742b926,CVE-2024-32619
816421644,SecG3ek/2024_CVEs,cveId.txt,c4c155311d194016fb66162458ab08154742b926,CVE-2024-32620
816421644,SecG3ek/2024_CVEs,cveId.txt,c4c155311d194016fb66162458ab08154742b926,CVE-2024-32621
816421644,SecG3ek/2024_CVEs,cveId.txt,c4c155311d194016fb66162458ab08154742b926,CVE-2024-32622
816421644,SecG3ek/2024_CVEs,cveId.txt,c4c155311d194016fb66162458ab08154742b926,CVE-2024-32623
816421644,SecG3ek/2024_CVEs,cveId.txt,c4c155311d194016fb66162458ab08154742b926,CVE-2024-32624
816421644,SecG3ek/2024_CVEs,cveId.txt,c4c155311d194016fb66162458ab08154742b926,CVE-2024-32711
816421644,SecG3ek/2024_CVEs,cveId.txt,c4c155311d194016fb66162458ab08154742b926,CVE-2024-32625
816421644,SecG3ek/2024_CVEs,cveId.txt,c4c155311d194016fb66162458ab08154742b926,CVE-2024-32632
816421644,SecG3ek/2024_CVEs,cveId.txt,c4c155311d194016fb66162458ab08154742b926,CVE-2024-32633
816421644,SecG3ek/2024_CVEs,cveId.txt,c4c155311d194016fb66162458ab08154742b926,CVE-2024-32634
816421644,SecG3ek/2024_CVEs,cveId.txt,c4c155311d194016fb66162458ab08154742b926,CVE-2024-32635
816421644,SecG3ek/2024_CVEs,cveId.txt,c4c155311d194016fb66162458ab08154742b926,CVE-2024-32636
816421644,SecG3ek/2024_CVEs,cveId.txt,c4c155311d194016fb66162458ab08154742b926,CVE-2024-32637
816421644,SecG3ek/2024_CVEs,cveId.txt,c4c155311d194016fb66162458ab08154742b926,CVE-2024-32638
816421644,SecG3ek/2024_CVEs,cveId.txt,c4c155311d194016fb66162458ab08154742b926,CVE-2024-32639
816421644,SecG3ek/2024_CVEs,cveId.txt,c4c155311d194016fb66162458ab08154742b926,CVE-2024-32669
816421644,SecG3ek/2024_CVEs,cveId.txt,c4c155311d194016fb66162458ab08154742b926,CVE-2024-32672
816421644,SecG3ek/2024_CVEs,cveId.txt,c4c155311d194016fb66162458ab08154742b926,CVE-2024-32674
816421644,SecG3ek/2024_CVEs,cveId.txt,c4c155311d194016fb66162458ab08154742b926,CVE-2024-32675
816421644,SecG3ek/2024_CVEs,cveId.txt,c4c155311d194016fb66162458ab08154742b926,CVE-2024-32676
816421644,SecG3ek/2024_CVEs,cveId.txt,c4c155311d194016fb66162458ab08154742b926,CVE-2024-32677
816421644,SecG3ek/2024_CVEs,cveId.txt,c4c155311d194016fb66162458ab08154742b926,CVE-2024-32631
816421644,SecG3ek/2024_CVEs,cveId.txt,c4c155311d194016fb66162458ab08154742b926,CVE-2024-32712
816421644,SecG3ek/2024_CVEs,cveId.txt,c4c155311d194016fb66162458ab08154742b926,CVE-2024-32713
816421644,SecG3ek/2024_CVEs,cveId.txt,c4c155311d194016fb66162458ab08154742b926,CVE-2024-32714
816421644,SecG3ek/2024_CVEs,cveId.txt,c4c155311d194016fb66162458ab08154742b926,CVE-2024-32779
816421644,SecG3ek/2024_CVEs,cveId.txt,c4c155311d194016fb66162458ab08154742b926,CVE-2024-32780
816421644,SecG3ek/2024_CVEs,cveId.txt,c4c155311d194016fb66162458ab08154742b926,CVE-2024-32781
816421644,SecG3ek/2024_CVEs,cveId.txt,c4c155311d194016fb66162458ab08154742b926,CVE-2024-32782
816421644,SecG3ek/2024_CVEs,cveId.txt,c4c155311d194016fb66162458ab08154742b926,CVE-2024-32783
816421644,SecG3ek/2024_CVEs,cveId.txt,c4c155311d194016fb66162458ab08154742b926,CVE-2024-32784
816421644,SecG3ek/2024_CVEs,cveId.txt,c4c155311d194016fb66162458ab08154742b926,CVE-2024-32785
816421644,SecG3ek/2024_CVEs,cveId.txt,c4c155311d194016fb66162458ab08154742b926,CVE-2024-32786
816421644,SecG3ek/2024_CVEs,cveId.txt,c4c155311d194016fb66162458ab08154742b926,CVE-2024-32787
816421644,SecG3ek/2024_CVEs,cveId.txt,c4c155311d194016fb66162458ab08154742b926,CVE-2024-32788
816421644,SecG3ek/2024_CVEs,cveId.txt,c4c155311d194016fb66162458ab08154742b926,CVE-2024-32789
816421644,SecG3ek/2024_CVEs,cveId.txt,c4c155311d194016fb66162458ab08154742b926,CVE-2024-32790
816421644,SecG3ek/2024_CVEs,cveId.txt,c4c155311d194016fb66162458ab08154742b926,CVE-2024-32791
816421644,SecG3ek/2024_CVEs,cveId.txt,c4c155311d194016fb66162458ab08154742b926,CVE-2024-32792
816421644,SecG3ek/2024_CVEs,cveId.txt,c4c155311d194016fb66162458ab08154742b926,CVE-2024-32778
816421644,SecG3ek/2024_CVEs,cveId.txt,c4c155311d194016fb66162458ab08154742b926,CVE-2024-32793
816421644,SecG3ek/2024_CVEs,cveId.txt,c4c155311d194016fb66162458ab08154742b926,CVE-2024-32795
816421644,SecG3ek/2024_CVEs,cveId.txt,c4c155311d194016fb66162458ab08154742b926,CVE-2024-32796
816421644,SecG3ek/2024_CVEs,cveId.txt,c4c155311d194016fb66162458ab08154742b926,CVE-2024-32797
816421644,SecG3ek/2024_CVEs,cveId.txt,c4c155311d194016fb66162458ab08154742b926,CVE-2024-32798
816421644,SecG3ek/2024_CVEs,cveId.txt,c4c155311d194016fb66162458ab08154742b926,CVE-2024-32799
816421644,SecG3ek/2024_CVEs,cveId.txt,c4c155311d194016fb66162458ab08154742b926,CVE-2024-32800
816421644,SecG3ek/2024_CVEs,cveId.txt,c4c155311d194016fb66162458ab08154742b926,CVE-2024-32801
816421644,SecG3ek/2024_CVEs,cveId.txt,c4c155311d194016fb66162458ab08154742b926,CVE-2024-32802
816421644,SecG3ek/2024_CVEs,cveId.txt,c4c155311d194016fb66162458ab08154742b926,CVE-2024-32803
816421644,SecG3ek/2024_CVEs,cveId.txt,c4c155311d194016fb66162458ab08154742b926,CVE-2024-32804
816421644,SecG3ek/2024_CVEs,cveId.txt,c4c155311d194016fb66162458ab08154742b926,CVE-2024-32805
816421644,SecG3ek/2024_CVEs,cveId.txt,c4c155311d194016fb66162458ab08154742b926,CVE-2024-32806
816421644,SecG3ek/2024_CVEs,cveId.txt,c4c155311d194016fb66162458ab08154742b926,CVE-2024-32807
816421644,SecG3ek/2024_CVEs,cveId.txt,c4c155311d194016fb66162458ab08154742b926,CVE-2024-32808
816421644,SecG3ek/2024_CVEs,cveId.txt,c4c155311d194016fb66162458ab08154742b926,CVE-2024-32794
816421644,SecG3ek/2024_CVEs,cveId.txt,c4c155311d194016fb66162458ab08154742b926,CVE-2024-32610
816421644,SecG3ek/2024_CVEs,cveId.txt,c4c155311d194016fb66162458ab08154742b926,CVE-2024-32777
816421644,SecG3ek/2024_CVEs,cveId.txt,c4c155311d194016fb66162458ab08154742b926,CVE-2024-32775
816421644,SecG3ek/2024_CVEs,cveId.txt,c4c155311d194016fb66162458ab08154742b926,CVE-2024-32715
816421644,SecG3ek/2024_CVEs,cveId.txt,c4c155311d194016fb66162458ab08154742b926,CVE-2024-32716
816421644,SecG3ek/2024_CVEs,cveId.txt,c4c155311d194016fb66162458ab08154742b926,CVE-2024-32717
816421644,SecG3ek/2024_CVEs,cveId.txt,c4c155311d194016fb66162458ab08154742b926,CVE-2024-32718
816421644,SecG3ek/2024_CVEs,cveId.txt,c4c155311d194016fb66162458ab08154742b926,CVE-2024-32719
816421644,SecG3ek/2024_CVEs,cveId.txt,c4c155311d194016fb66162458ab08154742b926,CVE-2024-32720
816421644,SecG3ek/2024_CVEs,cveId.txt,c4c155311d194016fb66162458ab08154742b926,CVE-2024-32721
816421644,SecG3ek/2024_CVEs,cveId.txt,c4c155311d194016fb66162458ab08154742b926,CVE-2024-32722
816421644,SecG3ek/2024_CVEs,cveId.txt,c4c155311d194016fb66162458ab08154742b926,CVE-2024-32723
816421644,SecG3ek/2024_CVEs,cveId.txt,c4c155311d194016fb66162458ab08154742b926,CVE-2024-32724
816421644,SecG3ek/2024_CVEs,cveId.txt,c4c155311d194016fb66162458ab08154742b926,CVE-2024-32725
816421644,SecG3ek/2024_CVEs,cveId.txt,c4c155311d194016fb66162458ab08154742b926,CVE-2024-32726
816421644,SecG3ek/2024_CVEs,cveId.txt,c4c155311d194016fb66162458ab08154742b926,CVE-2024-32727
816421644,SecG3ek/2024_CVEs,cveId.txt,c4c155311d194016fb66162458ab08154742b926,CVE-2024-32728
816421644,SecG3ek/2024_CVEs,cveId.txt,c4c155311d194016fb66162458ab08154742b926,CVE-2024-32776
816421644,SecG3ek/2024_CVEs,cveId.txt,c4c155311d194016fb66162458ab08154742b926,CVE-2024-32730
816421644,SecG3ek/2024_CVEs,cveId.txt,c4c155311d194016fb66162458ab08154742b926,CVE-2024-32733
816421644,SecG3ek/2024_CVEs,cveId.txt,c4c155311d194016fb66162458ab08154742b926,CVE-2024-32740
816421644,SecG3ek/2024_CVEs,cveId.txt,c4c155311d194016fb66162458ab08154742b926,CVE-2024-32741
816421644,SecG3ek/2024_CVEs,cveId.txt,c4c155311d194016fb66162458ab08154742b926,CVE-2024-32742
816421644,SecG3ek/2024_CVEs,cveId.txt,c4c155311d194016fb66162458ab08154742b926,CVE-2024-32743
816421644,SecG3ek/2024_CVEs,cveId.txt,c4c155311d194016fb66162458ab08154742b926,CVE-2024-32744
816421644,SecG3ek/2024_CVEs,cveId.txt,c4c155311d194016fb66162458ab08154742b926,CVE-2024-32745
816421644,SecG3ek/2024_CVEs,cveId.txt,c4c155311d194016fb66162458ab08154742b926,CVE-2024-32746
816421644,SecG3ek/2024_CVEs,cveId.txt,c4c155311d194016fb66162458ab08154742b926,CVE-2024-32752
816421644,SecG3ek/2024_CVEs,cveId.txt,c4c155311d194016fb66162458ab08154742b926,CVE-2024-32760
816421644,SecG3ek/2024_CVEs,cveId.txt,c4c155311d194016fb66162458ab08154742b926,CVE-2024-32761
816421644,SecG3ek/2024_CVEs,cveId.txt,c4c155311d194016fb66162458ab08154742b926,CVE-2024-32772
816421644,SecG3ek/2024_CVEs,cveId.txt,c4c155311d194016fb66162458ab08154742b926,CVE-2024-32773
816421644,SecG3ek/2024_CVEs,cveId.txt,c4c155311d194016fb66162458ab08154742b926,CVE-2024-32774
816421644,SecG3ek/2024_CVEs,cveId.txt,c4c155311d194016fb66162458ab08154742b926,CVE-2024-32731
816421644,SecG3ek/2024_CVEs,cveId.txt,c4c155311d194016fb66162458ab08154742b926,CVE-2024-32609
816421644,SecG3ek/2024_CVEs,cveId.txt,c4c155311d194016fb66162458ab08154742b926,CVE-2024-32607
816421644,SecG3ek/2024_CVEs,cveId.txt,c4c155311d194016fb66162458ab08154742b926,CVE-2024-32606
816421644,SecG3ek/2024_CVEs,cveId.txt,c4c155311d194016fb66162458ab08154742b926,CVE-2024-32505
816421644,SecG3ek/2024_CVEs,cveId.txt,c4c155311d194016fb66162458ab08154742b926,CVE-2024-32506
816421644,SecG3ek/2024_CVEs,cveId.txt,c4c155311d194016fb66162458ab08154742b926,CVE-2024-32507
816421644,SecG3ek/2024_CVEs,cveId.txt,c4c155311d194016fb66162458ab08154742b926,CVE-2024-32508
816421644,SecG3ek/2024_CVEs,cveId.txt,c4c155311d194016fb66162458ab08154742b926,CVE-2024-32509
816421644,SecG3ek/2024_CVEs,cveId.txt,c4c155311d194016fb66162458ab08154742b926,CVE-2024-32510
816421644,SecG3ek/2024_CVEs,cveId.txt,c4c155311d194016fb66162458ab08154742b926,CVE-2024-32511
816421644,SecG3ek/2024_CVEs,cveId.txt,c4c155311d194016fb66162458ab08154742b926,CVE-2024-32512
816421644,SecG3ek/2024_CVEs,cveId.txt,c4c155311d194016fb66162458ab08154742b926,CVE-2024-32513
816421644,SecG3ek/2024_CVEs,cveId.txt,c4c155311d194016fb66162458ab08154742b926,CVE-2024-32514
816421644,SecG3ek/2024_CVEs,cveId.txt,c4c155311d194016fb66162458ab08154742b926,CVE-2024-32515
816421644,SecG3ek/2024_CVEs,cveId.txt,c4c155311d194016fb66162458ab08154742b926,CVE-2024-32516
816421644,SecG3ek/2024_CVEs,cveId.txt,c4c155311d194016fb66162458ab08154742b926,CVE-2024-32517
816421644,SecG3ek/2024_CVEs,cveId.txt,c4c155311d194016fb66162458ab08154742b926,CVE-2024-32518
816421644,SecG3ek/2024_CVEs,cveId.txt,c4c155311d194016fb66162458ab08154742b926,CVE-2024-32504
816421644,SecG3ek/2024_CVEs,cveId.txt,c4c155311d194016fb66162458ab08154742b926,CVE-2024-32519
816421644,SecG3ek/2024_CVEs,cveId.txt,c4c155311d194016fb66162458ab08154742b926,CVE-2024-32521
816421644,SecG3ek/2024_CVEs,cveId.txt,c4c155311d194016fb66162458ab08154742b926,CVE-2024-32522
816421644,SecG3ek/2024_CVEs,cveId.txt,c4c155311d194016fb66162458ab08154742b926,CVE-2024-32523
816421644,SecG3ek/2024_CVEs,cveId.txt,c4c155311d194016fb66162458ab08154742b926,CVE-2024-32524
816421644,SecG3ek/2024_CVEs,cveId.txt,c4c155311d194016fb66162458ab08154742b926,CVE-2024-32525
816421644,SecG3ek/2024_CVEs,cveId.txt,c4c155311d194016fb66162458ab08154742b926,CVE-2024-32526
816421644,SecG3ek/2024_CVEs,cveId.txt,c4c155311d194016fb66162458ab08154742b926,CVE-2024-32527
816421644,SecG3ek/2024_CVEs,cveId.txt,c4c155311d194016fb66162458ab08154742b926,CVE-2024-32528
816421644,SecG3ek/2024_CVEs,cveId.txt,c4c155311d194016fb66162458ab08154742b926,CVE-2024-32529
816421644,SecG3ek/2024_CVEs,cveId.txt,c4c155311d194016fb66162458ab08154742b926,CVE-2024-32530
816421644,SecG3ek/2024_CVEs,cveId.txt,c4c155311d194016fb66162458ab08154742b926,CVE-2024-32531
816421644,SecG3ek/2024_CVEs,cveId.txt,c4c155311d194016fb66162458ab08154742b926,CVE-2024-32532
816421644,SecG3ek/2024_CVEs,cveId.txt,c4c155311d194016fb66162458ab08154742b926,CVE-2024-32533
816421644,SecG3ek/2024_CVEs,cveId.txt,c4c155311d194016fb66162458ab08154742b926,CVE-2024-32534
816421644,SecG3ek/2024_CVEs,cveId.txt,c4c155311d194016fb66162458ab08154742b926,CVE-2024-32520
816421644,SecG3ek/2024_CVEs,cveId.txt,c4c155311d194016fb66162458ab08154742b926,CVE-2024-32535
816421644,SecG3ek/2024_CVEs,cveId.txt,c4c155311d194016fb66162458ab08154742b926,CVE-2024-32503
816421644,SecG3ek/2024_CVEs,cveId.txt,c4c155311d194016fb66162458ab08154742b926,CVE-2024-32493
816421644,SecG3ek/2024_CVEs,cveId.txt,c4c155311d194016fb66162458ab08154742b926,CVE-2024-32432
816421644,SecG3ek/2024_CVEs,cveId.txt,c4c155311d194016fb66162458ab08154742b926,CVE-2024-32433
816421644,SecG3ek/2024_CVEs,cveId.txt,c4c155311d194016fb66162458ab08154742b926,CVE-2024-32434
816421644,SecG3ek/2024_CVEs,cveId.txt,c4c155311d194016fb66162458ab08154742b926,CVE-2024-32435
816421644,SecG3ek/2024_CVEs,cveId.txt,c4c155311d194016fb66162458ab08154742b926,CVE-2024-32436
816421644,SecG3ek/2024_CVEs,cveId.txt,c4c155311d194016fb66162458ab08154742b926,CVE-2024-32437
816421644,SecG3ek/2024_CVEs,cveId.txt,c4c155311d194016fb66162458ab08154742b926,CVE-2024-32438
816421644,SecG3ek/2024_CVEs,cveId.txt,c4c155311d194016fb66162458ab08154742b926,CVE-2024-32439
816421644,SecG3ek/2024_CVEs,cveId.txt,c4c155311d194016fb66162458ab08154742b926,CVE-2024-32440
816421644,SecG3ek/2024_CVEs,cveId.txt,c4c155311d194016fb66162458ab08154742b926,CVE-2024-32441
816421644,SecG3ek/2024_CVEs,cveId.txt,c4c155311d194016fb66162458ab08154742b926,CVE-2024-32442
816421644,SecG3ek/2024_CVEs,cveId.txt,c4c155311d194016fb66162458ab08154742b926,CVE-2024-32443
816421644,SecG3ek/2024_CVEs,cveId.txt,c4c155311d194016fb66162458ab08154742b926,CVE-2024-32445
816421644,SecG3ek/2024_CVEs,cveId.txt,c4c155311d194016fb66162458ab08154742b926,CVE-2024-32446
816421644,SecG3ek/2024_CVEs,cveId.txt,c4c155311d194016fb66162458ab08154742b926,CVE-2024-32502
816421644,SecG3ek/2024_CVEs,cveId.txt,c4c155311d194016fb66162458ab08154742b926,CVE-2024-32447
816421644,SecG3ek/2024_CVEs,cveId.txt,c4c155311d194016fb66162458ab08154742b926,CVE-2024-32449
816421644,SecG3ek/2024_CVEs,cveId.txt,c4c155311d194016fb66162458ab08154742b926,CVE-2024-32450
816421644,SecG3ek/2024_CVEs,cveId.txt,c4c155311d194016fb66162458ab08154742b926,CVE-2024-32451
816421644,SecG3ek/2024_CVEs,cveId.txt,c4c155311d194016fb66162458ab08154742b926,CVE-2024-32452
816421644,SecG3ek/2024_CVEs,cveId.txt,c4c155311d194016fb66162458ab08154742b926,CVE-2024-32453
816421644,SecG3ek/2024_CVEs,cveId.txt,c4c155311d194016fb66162458ab08154742b926,CVE-2024-32454
816421644,SecG3ek/2024_CVEs,cveId.txt,c4c155311d194016fb66162458ab08154742b926,CVE-2024-32455
816421644,SecG3ek/2024_CVEs,cveId.txt,c4c155311d194016fb66162458ab08154742b926,CVE-2024-32456
816421644,SecG3ek/2024_CVEs,cveId.txt,c4c155311d194016fb66162458ab08154742b926,CVE-2024-32457
816421644,SecG3ek/2024_CVEs,cveId.txt,c4c155311d194016fb66162458ab08154742b926,CVE-2024-32487
816421644,SecG3ek/2024_CVEs,cveId.txt,c4c155311d194016fb66162458ab08154742b926,CVE-2024-32488
816421644,SecG3ek/2024_CVEs,cveId.txt,c4c155311d194016fb66162458ab08154742b926,CVE-2024-32489
816421644,SecG3ek/2024_CVEs,cveId.txt,c4c155311d194016fb66162458ab08154742b926,CVE-2024-32491
816421644,SecG3ek/2024_CVEs,cveId.txt,c4c155311d194016fb66162458ab08154742b926,CVE-2024-32492
816421644,SecG3ek/2024_CVEs,cveId.txt,c4c155311d194016fb66162458ab08154742b926,CVE-2024-32448
816421644,SecG3ek/2024_CVEs,cveId.txt,c4c155311d194016fb66162458ab08154742b926,CVE-2024-32809
816421644,SecG3ek/2024_CVEs,cveId.txt,c4c155311d194016fb66162458ab08154742b926,CVE-2024-32536
816421644,SecG3ek/2024_CVEs,cveId.txt,c4c155311d194016fb66162458ab08154742b926,CVE-2024-32539
816421644,SecG3ek/2024_CVEs,cveId.txt,c4c155311d194016fb66162458ab08154742b926,CVE-2024-32575
816421644,SecG3ek/2024_CVEs,cveId.txt,c4c155311d194016fb66162458ab08154742b926,CVE-2024-32576
816421644,SecG3ek/2024_CVEs,cveId.txt,c4c155311d194016fb66162458ab08154742b926,CVE-2024-32577
816421644,SecG3ek/2024_CVEs,cveId.txt,c4c155311d194016fb66162458ab08154742b926,CVE-2024-32578
816421644,SecG3ek/2024_CVEs,cveId.txt,c4c155311d194016fb66162458ab08154742b926,CVE-2024-32579
816421644,SecG3ek/2024_CVEs,cveId.txt,c4c155311d194016fb66162458ab08154742b926,CVE-2024-32580
816421644,SecG3ek/2024_CVEs,cveId.txt,c4c155311d194016fb66162458ab08154742b926,CVE-2024-32581
816421644,SecG3ek/2024_CVEs,cveId.txt,c4c155311d194016fb66162458ab08154742b926,CVE-2024-32582
816421644,SecG3ek/2024_CVEs,cveId.txt,c4c155311d194016fb66162458ab08154742b926,CVE-2024-32583
816421644,SecG3ek/2024_CVEs,cveId.txt,c4c155311d194016fb66162458ab08154742b926,CVE-2024-32584
816421644,SecG3ek/2024_CVEs,cveId.txt,c4c155311d194016fb66162458ab08154742b926,CVE-2024-32585
816421644,SecG3ek/2024_CVEs,cveId.txt,c4c155311d194016fb66162458ab08154742b926,CVE-2024-32586
816421644,SecG3ek/2024_CVEs,cveId.txt,c4c155311d194016fb66162458ab08154742b926,CVE-2024-32587
816421644,SecG3ek/2024_CVEs,cveId.txt,c4c155311d194016fb66162458ab08154742b926,CVE-2024-32588
816421644,SecG3ek/2024_CVEs,cveId.txt,c4c155311d194016fb66162458ab08154742b926,CVE-2024-32574
816421644,SecG3ek/2024_CVEs,cveId.txt,c4c155311d194016fb66162458ab08154742b926,CVE-2024-32590
816421644,SecG3ek/2024_CVEs,cveId.txt,c4c155311d194016fb66162458ab08154742b926,CVE-2024-32592
816421644,SecG3ek/2024_CVEs,cveId.txt,c4c155311d194016fb66162458ab08154742b926,CVE-2024-32593
816421644,SecG3ek/2024_CVEs,cveId.txt,c4c155311d194016fb66162458ab08154742b926,CVE-2024-32594
816421644,SecG3ek/2024_CVEs,cveId.txt,c4c155311d194016fb66162458ab08154742b926,CVE-2024-32595
816421644,SecG3ek/2024_CVEs,cveId.txt,c4c155311d194016fb66162458ab08154742b926,CVE-2024-32596
816421644,SecG3ek/2024_CVEs,cveId.txt,c4c155311d194016fb66162458ab08154742b926,CVE-2024-32597
816421644,SecG3ek/2024_CVEs,cveId.txt,c4c155311d194016fb66162458ab08154742b926,CVE-2024-32598
816421644,SecG3ek/2024_CVEs,cveId.txt,c4c155311d194016fb66162458ab08154742b926,CVE-2024-32599
816421644,SecG3ek/2024_CVEs,cveId.txt,c4c155311d194016fb66162458ab08154742b926,CVE-2024-32600
816421644,SecG3ek/2024_CVEs,cveId.txt,c4c155311d194016fb66162458ab08154742b926,CVE-2024-32601
816421644,SecG3ek/2024_CVEs,cveId.txt,c4c155311d194016fb66162458ab08154742b926,CVE-2024-32602
816421644,SecG3ek/2024_CVEs,cveId.txt,c4c155311d194016fb66162458ab08154742b926,CVE-2024-32603
816421644,SecG3ek/2024_CVEs,cveId.txt,c4c155311d194016fb66162458ab08154742b926,CVE-2024-32604
816421644,SecG3ek/2024_CVEs,cveId.txt,c4c155311d194016fb66162458ab08154742b926,CVE-2024-32605
816421644,SecG3ek/2024_CVEs,cveId.txt,c4c155311d194016fb66162458ab08154742b926,CVE-2024-32591
816421644,SecG3ek/2024_CVEs,cveId.txt,c4c155311d194016fb66162458ab08154742b926,CVE-2024-32538
816421644,SecG3ek/2024_CVEs,cveId.txt,c4c155311d194016fb66162458ab08154742b926,CVE-2024-32573
816421644,SecG3ek/2024_CVEs,cveId.txt,c4c155311d194016fb66162458ab08154742b926,CVE-2024-32571
816421644,SecG3ek/2024_CVEs,cveId.txt,c4c155311d194016fb66162458ab08154742b926,CVE-2024-32540
816421644,SecG3ek/2024_CVEs,cveId.txt,c4c155311d194016fb66162458ab08154742b926,CVE-2024-32541
816421644,SecG3ek/2024_CVEs,cveId.txt,c4c155311d194016fb66162458ab08154742b926,CVE-2024-32542
816421644,SecG3ek/2024_CVEs,cveId.txt,c4c155311d194016fb66162458ab08154742b926,CVE-2024-32543
816421644,SecG3ek/2024_CVEs,cveId.txt,c4c155311d194016fb66162458ab08154742b926,CVE-2024-32544
816421644,SecG3ek/2024_CVEs,cveId.txt,c4c155311d194016fb66162458ab08154742b926,CVE-2024-32545
816421644,SecG3ek/2024_CVEs,cveId.txt,c4c155311d194016fb66162458ab08154742b926,CVE-2024-32546
816421644,SecG3ek/2024_CVEs,cveId.txt,c4c155311d194016fb66162458ab08154742b926,CVE-2024-32547
816421644,SecG3ek/2024_CVEs,cveId.txt,c4c155311d194016fb66162458ab08154742b926,CVE-2024-32548
816421644,SecG3ek/2024_CVEs,cveId.txt,c4c155311d194016fb66162458ab08154742b926,CVE-2024-32549
816421644,SecG3ek/2024_CVEs,cveId.txt,c4c155311d194016fb66162458ab08154742b926,CVE-2024-32550
816421644,SecG3ek/2024_CVEs,cveId.txt,c4c155311d194016fb66162458ab08154742b926,CVE-2024-32551
816421644,SecG3ek/2024_CVEs,cveId.txt,c4c155311d194016fb66162458ab08154742b926,CVE-2024-32552
816421644,SecG3ek/2024_CVEs,cveId.txt,c4c155311d194016fb66162458ab08154742b926,CVE-2024-32553
816421644,SecG3ek/2024_CVEs,cveId.txt,c4c155311d194016fb66162458ab08154742b926,CVE-2024-32572
816421644,SecG3ek/2024_CVEs,cveId.txt,c4c155311d194016fb66162458ab08154742b926,CVE-2024-32554
816421644,SecG3ek/2024_CVEs,cveId.txt,c4c155311d194016fb66162458ab08154742b926,CVE-2024-32557
816421644,SecG3ek/2024_CVEs,cveId.txt,c4c155311d194016fb66162458ab08154742b926,CVE-2024-32558
816421644,SecG3ek/2024_CVEs,cveId.txt,c4c155311d194016fb66162458ab08154742b926,CVE-2024-32559
816421644,SecG3ek/2024_CVEs,cveId.txt,c4c155311d194016fb66162458ab08154742b926,CVE-2024-32560
816421644,SecG3ek/2024_CVEs,cveId.txt,c4c155311d194016fb66162458ab08154742b926,CVE-2024-32561
816421644,SecG3ek/2024_CVEs,cveId.txt,c4c155311d194016fb66162458ab08154742b926,CVE-2024-32562
816421644,SecG3ek/2024_CVEs,cveId.txt,c4c155311d194016fb66162458ab08154742b926,CVE-2024-32563
816421644,SecG3ek/2024_CVEs,cveId.txt,c4c155311d194016fb66162458ab08154742b926,CVE-2024-32564
816421644,SecG3ek/2024_CVEs,cveId.txt,c4c155311d194016fb66162458ab08154742b926,CVE-2024-32565
816421644,SecG3ek/2024_CVEs,cveId.txt,c4c155311d194016fb66162458ab08154742b926,CVE-2024-32566
816421644,SecG3ek/2024_CVEs,cveId.txt,c4c155311d194016fb66162458ab08154742b926,CVE-2024-32567
816421644,SecG3ek/2024_CVEs,cveId.txt,c4c155311d194016fb66162458ab08154742b926,CVE-2024-32568
816421644,SecG3ek/2024_CVEs,cveId.txt,c4c155311d194016fb66162458ab08154742b926,CVE-2024-32569
816421644,SecG3ek/2024_CVEs,cveId.txt,c4c155311d194016fb66162458ab08154742b926,CVE-2024-32570
816421644,SecG3ek/2024_CVEs,cveId.txt,c4c155311d194016fb66162458ab08154742b926,CVE-2024-32556
816421644,SecG3ek/2024_CVEs,cveId.txt,c4c155311d194016fb66162458ab08154742b926,CVE-2024-34790
816421644,SecG3ek/2024_CVEs,cveId.txt,c4c155311d194016fb66162458ab08154742b926,CVE-2024-32810
816421644,SecG3ek/2024_CVEs,cveId.txt,c4c155311d194016fb66162458ab08154742b926,CVE-2024-32812
816421644,SecG3ek/2024_CVEs,cveId.txt,c4c155311d194016fb66162458ab08154742b926,CVE-2024-33309
816421644,SecG3ek/2024_CVEs,cveId.txt,c4c155311d194016fb66162458ab08154742b926,CVE-2024-33332
816421644,SecG3ek/2024_CVEs,cveId.txt,c4c155311d194016fb66162458ab08154742b926,CVE-2024-33338
816421644,SecG3ek/2024_CVEs,cveId.txt,c4c155311d194016fb66162458ab08154742b926,CVE-2024-33342
816421644,SecG3ek/2024_CVEs,cveId.txt,c4c155311d194016fb66162458ab08154742b926,CVE-2024-33343
816421644,SecG3ek/2024_CVEs,cveId.txt,c4c155311d194016fb66162458ab08154742b926,CVE-2024-33344
816421644,SecG3ek/2024_CVEs,cveId.txt,c4c155311d194016fb66162458ab08154742b926,CVE-2024-33345
816421644,SecG3ek/2024_CVEs,cveId.txt,c4c155311d194016fb66162458ab08154742b926,CVE-2024-33350
816421644,SecG3ek/2024_CVEs,cveId.txt,c4c155311d194016fb66162458ab08154742b926,CVE-2024-33371
816421644,SecG3ek/2024_CVEs,cveId.txt,c4c155311d194016fb66162458ab08154742b926,CVE-2024-33373
816421644,SecG3ek/2024_CVEs,cveId.txt,c4c155311d194016fb66162458ab08154742b926,CVE-2024-33374
816421644,SecG3ek/2024_CVEs,cveId.txt,c4c155311d194016fb66162458ab08154742b926,CVE-2024-33375
816421644,SecG3ek/2024_CVEs,cveId.txt,c4c155311d194016fb66162458ab08154742b926,CVE-2024-33377
816421644,SecG3ek/2024_CVEs,cveId.txt,c4c155311d194016fb66162458ab08154742b926,CVE-2024-33382
816421644,SecG3ek/2024_CVEs,cveId.txt,c4c155311d194016fb66162458ab08154742b926,CVE-2024-33383
816421644,SecG3ek/2024_CVEs,cveId.txt,c4c155311d194016fb66162458ab08154742b926,CVE-2024-33386
816421644,SecG3ek/2024_CVEs,cveId.txt,c4c155311d194016fb66162458ab08154742b926,CVE-2024-33393
816421644,SecG3ek/2024_CVEs,cveId.txt,c4c155311d194016fb66162458ab08154742b926,CVE-2024-33394
816421644,SecG3ek/2024_CVEs,cveId.txt,c4c155311d194016fb66162458ab08154742b926,CVE-2024-33396
816421644,SecG3ek/2024_CVEs,cveId.txt,c4c155311d194016fb66162458ab08154742b926,CVE-2024-33398
816421644,SecG3ek/2024_CVEs,cveId.txt,c4c155311d194016fb66162458ab08154742b926,CVE-2024-33401
816421644,SecG3ek/2024_CVEs,cveId.txt,c4c155311d194016fb66162458ab08154742b926,CVE-2024-33402
816421644,SecG3ek/2024_CVEs,cveId.txt,c4c155311d194016fb66162458ab08154742b926,CVE-2024-33403
816421644,SecG3ek/2024_CVEs,cveId.txt,c4c155311d194016fb66162458ab08154742b926,CVE-2024-33404
816421644,SecG3ek/2024_CVEs,cveId.txt,c4c155311d194016fb66162458ab08154742b926,CVE-2024-33405
816421644,SecG3ek/2024_CVEs,cveId.txt,c4c155311d194016fb66162458ab08154742b926,CVE-2024-33406
816421644,SecG3ek/2024_CVEs,cveId.txt,c4c155311d194016fb66162458ab08154742b926,CVE-2024-33407
816421644,SecG3ek/2024_CVEs,cveId.txt,c4c155311d194016fb66162458ab08154742b926,CVE-2024-33408
816421644,SecG3ek/2024_CVEs,cveId.txt,c4c155311d194016fb66162458ab08154742b926,CVE-2024-33409
816421644,SecG3ek/2024_CVEs,cveId.txt,c4c155311d194016fb66162458ab08154742b926,CVE-2024-33308
816421644,SecG3ek/2024_CVEs,cveId.txt,c4c155311d194016fb66162458ab08154742b926,CVE-2024-33307
816421644,SecG3ek/2024_CVEs,cveId.txt,c4c155311d194016fb66162458ab08154742b926,CVE-2024-33306
816421644,SecG3ek/2024_CVEs,cveId.txt,c4c155311d194016fb66162458ab08154742b926,CVE-2024-33305
816421644,SecG3ek/2024_CVEs,cveId.txt,c4c155311d194016fb66162458ab08154742b926,CVE-2024-33224
816421644,SecG3ek/2024_CVEs,cveId.txt,c4c155311d194016fb66162458ab08154742b926,CVE-2024-33225
816421644,SecG3ek/2024_CVEs,cveId.txt,c4c155311d194016fb66162458ab08154742b926,CVE-2024-33226
816421644,SecG3ek/2024_CVEs,cveId.txt,c4c155311d194016fb66162458ab08154742b926,CVE-2024-33227
816421644,SecG3ek/2024_CVEs,cveId.txt,c4c155311d194016fb66162458ab08154742b926,CVE-2024-33228
816421644,SecG3ek/2024_CVEs,cveId.txt,c4c155311d194016fb66162458ab08154742b926,CVE-2024-33247
816421644,SecG3ek/2024_CVEs,cveId.txt,c4c155311d194016fb66162458ab08154742b926,CVE-2024-33250
816421644,SecG3ek/2024_CVEs,cveId.txt,c4c155311d194016fb66162458ab08154742b926,CVE-2024-33253
816421644,SecG3ek/2024_CVEs,cveId.txt,c4c155311d194016fb66162458ab08154742b926,CVE-2024-33255
816421644,SecG3ek/2024_CVEs,cveId.txt,c4c155311d194016fb66162458ab08154742b926,CVE-2024-33258
816421644,SecG3ek/2024_CVEs,cveId.txt,c4c155311d194016fb66162458ab08154742b926,CVE-2024-33259
816421644,SecG3ek/2024_CVEs,cveId.txt,c4c155311d194016fb66162458ab08154742b926,CVE-2024-33260
816421644,SecG3ek/2024_CVEs,cveId.txt,c4c155311d194016fb66162458ab08154742b926,CVE-2024-33263
816421644,SecG3ek/2024_CVEs,cveId.txt,c4c155311d194016fb66162458ab08154742b926,CVE-2024-33266
816421644,SecG3ek/2024_CVEs,cveId.txt,c4c155311d194016fb66162458ab08154742b926,CVE-2024-33410
816421644,SecG3ek/2024_CVEs,cveId.txt,c4c155311d194016fb66162458ab08154742b926,CVE-2024-33267
816421644,SecG3ek/2024_CVEs,cveId.txt,c4c155311d194016fb66162458ab08154742b926,CVE-2024-33269
816421644,SecG3ek/2024_CVEs,cveId.txt,c4c155311d194016fb66162458ab08154742b926,CVE-2024-33270
816421644,SecG3ek/2024_CVEs,cveId.txt,c4c155311d194016fb66162458ab08154742b926,CVE-2024-33271
816421644,SecG3ek/2024_CVEs,cveId.txt,c4c155311d194016fb66162458ab08154742b926,CVE-2024-33272
816421644,SecG3ek/2024_CVEs,cveId.txt,c4c155311d194016fb66162458ab08154742b926,CVE-2024-33273
816421644,SecG3ek/2024_CVEs,cveId.txt,c4c155311d194016fb66162458ab08154742b926,CVE-2024-33274
816421644,SecG3ek/2024_CVEs,cveId.txt,c4c155311d194016fb66162458ab08154742b926,CVE-2024-33275
816421644,SecG3ek/2024_CVEs,cveId.txt,c4c155311d194016fb66162458ab08154742b926,CVE-2024-33276
816421644,SecG3ek/2024_CVEs,cveId.txt,c4c155311d194016fb66162458ab08154742b926,CVE-2024-33292
816421644,SecG3ek/2024_CVEs,cveId.txt,c4c155311d194016fb66162458ab08154742b926,CVE-2024-33294
816421644,SecG3ek/2024_CVEs,cveId.txt,c4c155311d194016fb66162458ab08154742b926,CVE-2024-33300
816421644,SecG3ek/2024_CVEs,cveId.txt,c4c155311d194016fb66162458ab08154742b926,CVE-2024-33302
816421644,SecG3ek/2024_CVEs,cveId.txt,c4c155311d194016fb66162458ab08154742b926,CVE-2024-33303
816421644,SecG3ek/2024_CVEs,cveId.txt,c4c155311d194016fb66162458ab08154742b926,CVE-2024-33304
816421644,SecG3ek/2024_CVEs,cveId.txt,c4c155311d194016fb66162458ab08154742b926,CVE-2024-33268
816421644,SecG3ek/2024_CVEs,cveId.txt,c4c155311d194016fb66162458ab08154742b926,CVE-2024-33411
816421644,SecG3ek/2024_CVEs,cveId.txt,c4c155311d194016fb66162458ab08154742b926,CVE-2024-33423
816421644,SecG3ek/2024_CVEs,cveId.txt,c4c155311d194016fb66162458ab08154742b926,CVE-2024-33424
816421644,SecG3ek/2024_CVEs,cveId.txt,c4c155311d194016fb66162458ab08154742b926,CVE-2024-33511
816421644,SecG3ek/2024_CVEs,cveId.txt,c4c155311d194016fb66162458ab08154742b926,CVE-2024-33512
816421644,SecG3ek/2024_CVEs,cveId.txt,c4c155311d194016fb66162458ab08154742b926,CVE-2024-33513
816421644,SecG3ek/2024_CVEs,cveId.txt,c4c155311d194016fb66162458ab08154742b926,CVE-2024-33514
816421644,SecG3ek/2024_CVEs,cveId.txt,c4c155311d194016fb66162458ab08154742b926,CVE-2024-33515
816421644,SecG3ek/2024_CVEs,cveId.txt,c4c155311d194016fb66162458ab08154742b926,CVE-2024-33516
816421644,SecG3ek/2024_CVEs,cveId.txt,c4c155311d194016fb66162458ab08154742b926,CVE-2024-33517
816421644,SecG3ek/2024_CVEs,cveId.txt,c4c155311d194016fb66162458ab08154742b926,CVE-2024-33518
816421644,SecG3ek/2024_CVEs,cveId.txt,c4c155311d194016fb66162458ab08154742b926,CVE-2024-33525
816421644,SecG3ek/2024_CVEs,cveId.txt,c4c155311d194016fb66162458ab08154742b926,CVE-2024-33526
816421644,SecG3ek/2024_CVEs,cveId.txt,c4c155311d194016fb66162458ab08154742b926,CVE-2024-33527
816421644,SecG3ek/2024_CVEs,cveId.txt,c4c155311d194016fb66162458ab08154742b926,CVE-2024-33528
816421644,SecG3ek/2024_CVEs,cveId.txt,c4c155311d194016fb66162458ab08154742b926,CVE-2024-33529
816421644,SecG3ek/2024_CVEs,cveId.txt,c4c155311d194016fb66162458ab08154742b926,CVE-2024-33530
816421644,SecG3ek/2024_CVEs,cveId.txt,c4c155311d194016fb66162458ab08154742b926,CVE-2024-33500
816421644,SecG3ek/2024_CVEs,cveId.txt,c4c155311d194016fb66162458ab08154742b926,CVE-2024-33531
816421644,SecG3ek/2024_CVEs,cveId.txt,c4c155311d194016fb66162458ab08154742b926,CVE-2024-33538
816421644,SecG3ek/2024_CVEs,cveId.txt,c4c155311d194016fb66162458ab08154742b926,CVE-2024-33539
816421644,SecG3ek/2024_CVEs,cveId.txt,c4c155311d194016fb66162458ab08154742b926,CVE-2024-33540
816421644,SecG3ek/2024_CVEs,cveId.txt,c4c155311d194016fb66162458ab08154742b926,CVE-2024-33541
816421644,SecG3ek/2024_CVEs,cveId.txt,c4c155311d194016fb66162458ab08154742b926,CVE-2024-33542
816421644,SecG3ek/2024_CVEs,cveId.txt,c4c155311d194016fb66162458ab08154742b926,CVE-2024-33543
816421644,SecG3ek/2024_CVEs,cveId.txt,c4c155311d194016fb66162458ab08154742b926,CVE-2024-33544
816421644,SecG3ek/2024_CVEs,cveId.txt,c4c155311d194016fb66162458ab08154742b926,CVE-2024-33545
816421644,SecG3ek/2024_CVEs,cveId.txt,c4c155311d194016fb66162458ab08154742b926,CVE-2024-33546
816421644,SecG3ek/2024_CVEs,cveId.txt,c4c155311d194016fb66162458ab08154742b926,CVE-2024-33547
816421644,SecG3ek/2024_CVEs,cveId.txt,c4c155311d194016fb66162458ab08154742b926,CVE-2024-33548
816421644,SecG3ek/2024_CVEs,cveId.txt,c4c155311d194016fb66162458ab08154742b926,CVE-2024-33549
816421644,SecG3ek/2024_CVEs,cveId.txt,c4c155311d194016fb66162458ab08154742b926,CVE-2024-33550
816421644,SecG3ek/2024_CVEs,cveId.txt,c4c155311d194016fb66162458ab08154742b926,CVE-2024-33551
816421644,SecG3ek/2024_CVEs,cveId.txt,c4c155311d194016fb66162458ab08154742b926,CVE-2024-33537
816421644,SecG3ek/2024_CVEs,cveId.txt,c4c155311d194016fb66162458ab08154742b926,CVE-2024-33223
816421644,SecG3ek/2024_CVEs,cveId.txt,c4c155311d194016fb66162458ab08154742b926,CVE-2024-33499
816421644,SecG3ek/2024_CVEs,cveId.txt,c4c155311d194016fb66162458ab08154742b926,CVE-2024-33497
816421644,SecG3ek/2024_CVEs,cveId.txt,c4c155311d194016fb66162458ab08154742b926,CVE-2024-33427
816421644,SecG3ek/2024_CVEs,cveId.txt,c4c155311d194016fb66162458ab08154742b926,CVE-2024-33428
816421644,SecG3ek/2024_CVEs,cveId.txt,c4c155311d194016fb66162458ab08154742b926,CVE-2024-33429
816421644,SecG3ek/2024_CVEs,cveId.txt,c4c155311d194016fb66162458ab08154742b926,CVE-2024-33430
816421644,SecG3ek/2024_CVEs,cveId.txt,c4c155311d194016fb66162458ab08154742b926,CVE-2024-33431
816421644,SecG3ek/2024_CVEs,cveId.txt,c4c155311d194016fb66162458ab08154742b926,CVE-2024-33433
816421644,SecG3ek/2024_CVEs,cveId.txt,c4c155311d194016fb66162458ab08154742b926,CVE-2024-33434
816421644,SecG3ek/2024_CVEs,cveId.txt,c4c155311d194016fb66162458ab08154742b926,CVE-2024-33435
816421644,SecG3ek/2024_CVEs,cveId.txt,c4c155311d194016fb66162458ab08154742b926,CVE-2024-33436
816421644,SecG3ek/2024_CVEs,cveId.txt,c4c155311d194016fb66162458ab08154742b926,CVE-2024-33437
816421644,SecG3ek/2024_CVEs,cveId.txt,c4c155311d194016fb66162458ab08154742b926,CVE-2024-33438
816421644,SecG3ek/2024_CVEs,cveId.txt,c4c155311d194016fb66162458ab08154742b926,CVE-2024-33442
816421644,SecG3ek/2024_CVEs,cveId.txt,c4c155311d194016fb66162458ab08154742b926,CVE-2024-33443
816421644,SecG3ek/2024_CVEs,cveId.txt,c4c155311d194016fb66162458ab08154742b926,CVE-2024-33444
816421644,SecG3ek/2024_CVEs,cveId.txt,c4c155311d194016fb66162458ab08154742b926,CVE-2024-33498
816421644,SecG3ek/2024_CVEs,cveId.txt,c4c155311d194016fb66162458ab08154742b926,CVE-2024-33445
816421644,SecG3ek/2024_CVEs,cveId.txt,c4c155311d194016fb66162458ab08154742b926,CVE-2024-33450
816421644,SecG3ek/2024_CVEs,cveId.txt,c4c155311d194016fb66162458ab08154742b926,CVE-2024-33454
816421644,SecG3ek/2024_CVEs,cveId.txt,c4c155311d194016fb66162458ab08154742b926,CVE-2024-33465
816421644,SecG3ek/2024_CVEs,cveId.txt,c4c155311d194016fb66162458ab08154742b926,CVE-2024-33470
816421644,SecG3ek/2024_CVEs,cveId.txt,c4c155311d194016fb66162458ab08154742b926,CVE-2024-33471
816421644,SecG3ek/2024_CVEs,cveId.txt,c4c155311d194016fb66162458ab08154742b926,CVE-2024-33485
816421644,SecG3ek/2024_CVEs,cveId.txt,c4c155311d194016fb66162458ab08154742b926,CVE-2024-33489
816421644,SecG3ek/2024_CVEs,cveId.txt,c4c155311d194016fb66162458ab08154742b926,CVE-2024-33490
816421644,SecG3ek/2024_CVEs,cveId.txt,c4c155311d194016fb66162458ab08154742b926,CVE-2024-33491
816421644,SecG3ek/2024_CVEs,cveId.txt,c4c155311d194016fb66162458ab08154742b926,CVE-2024-33492
816421644,SecG3ek/2024_CVEs,cveId.txt,c4c155311d194016fb66162458ab08154742b926,CVE-2024-33493
816421644,SecG3ek/2024_CVEs,cveId.txt,c4c155311d194016fb66162458ab08154742b926,CVE-2024-33494
816421644,SecG3ek/2024_CVEs,cveId.txt,c4c155311d194016fb66162458ab08154742b926,CVE-2024-33495
816421644,SecG3ek/2024_CVEs,cveId.txt,c4c155311d194016fb66162458ab08154742b926,CVE-2024-33496
816421644,SecG3ek/2024_CVEs,cveId.txt,c4c155311d194016fb66162458ab08154742b926,CVE-2024-33449
816421644,SecG3ek/2024_CVEs,cveId.txt,c4c155311d194016fb66162458ab08154742b926,CVE-2024-33222
816421644,SecG3ek/2024_CVEs,cveId.txt,c4c155311d194016fb66162458ab08154742b926,CVE-2024-33221
816421644,SecG3ek/2024_CVEs,cveId.txt,c4c155311d194016fb66162458ab08154742b926,CVE-2024-33220
816421644,SecG3ek/2024_CVEs,cveId.txt,c4c155311d194016fb66162458ab08154742b926,CVE-2024-32897
816421644,SecG3ek/2024_CVEs,cveId.txt,c4c155311d194016fb66162458ab08154742b926,CVE-2024-32898
816421644,SecG3ek/2024_CVEs,cveId.txt,c4c155311d194016fb66162458ab08154742b926,CVE-2024-32899
816421644,SecG3ek/2024_CVEs,cveId.txt,c4c155311d194016fb66162458ab08154742b926,CVE-2024-32900
816421644,SecG3ek/2024_CVEs,cveId.txt,c4c155311d194016fb66162458ab08154742b926,CVE-2024-32901
816421644,SecG3ek/2024_CVEs,cveId.txt,c4c155311d194016fb66162458ab08154742b926,CVE-2024-32902
816421644,SecG3ek/2024_CVEs,cveId.txt,c4c155311d194016fb66162458ab08154742b926,CVE-2024-32903
816421644,SecG3ek/2024_CVEs,cveId.txt,c4c155311d194016fb66162458ab08154742b926,CVE-2024-32904
816421644,SecG3ek/2024_CVEs,cveId.txt,c4c155311d194016fb66162458ab08154742b926,CVE-2024-32905
816421644,SecG3ek/2024_CVEs,cveId.txt,c4c155311d194016fb66162458ab08154742b926,CVE-2024-32906
816421644,SecG3ek/2024_CVEs,cveId.txt,c4c155311d194016fb66162458ab08154742b926,CVE-2024-32907
816421644,SecG3ek/2024_CVEs,cveId.txt,c4c155311d194016fb66162458ab08154742b926,CVE-2024-32908
816421644,SecG3ek/2024_CVEs,cveId.txt,c4c155311d194016fb66162458ab08154742b926,CVE-2024-32909
816421644,SecG3ek/2024_CVEs,cveId.txt,c4c155311d194016fb66162458ab08154742b926,CVE-2024-32910
816421644,SecG3ek/2024_CVEs,cveId.txt,c4c155311d194016fb66162458ab08154742b926,CVE-2024-32896
816421644,SecG3ek/2024_CVEs,cveId.txt,c4c155311d194016fb66162458ab08154742b926,CVE-2024-32911
816421644,SecG3ek/2024_CVEs,cveId.txt,c4c155311d194016fb66162458ab08154742b926,CVE-2024-32913
816421644,SecG3ek/2024_CVEs,cveId.txt,c4c155311d194016fb66162458ab08154742b926,CVE-2024-32914
816421644,SecG3ek/2024_CVEs,cveId.txt,c4c155311d194016fb66162458ab08154742b926,CVE-2024-32915
816421644,SecG3ek/2024_CVEs,cveId.txt,c4c155311d194016fb66162458ab08154742b926,CVE-2024-32916
816421644,SecG3ek/2024_CVEs,cveId.txt,c4c155311d194016fb66162458ab08154742b926,CVE-2024-32917
816421644,SecG3ek/2024_CVEs,cveId.txt,c4c155311d194016fb66162458ab08154742b926,CVE-2024-32918
816421644,SecG3ek/2024_CVEs,cveId.txt,c4c155311d194016fb66162458ab08154742b926,CVE-2024-32919
816421644,SecG3ek/2024_CVEs,cveId.txt,c4c155311d194016fb66162458ab08154742b926,CVE-2024-32920
816421644,SecG3ek/2024_CVEs,cveId.txt,c4c155311d194016fb66162458ab08154742b926,CVE-2024-32921
816421644,SecG3ek/2024_CVEs,cveId.txt,c4c155311d194016fb66162458ab08154742b926,CVE-2024-32922
816421644,SecG3ek/2024_CVEs,cveId.txt,c4c155311d194016fb66162458ab08154742b926,CVE-2024-32923
816421644,SecG3ek/2024_CVEs,cveId.txt,c4c155311d194016fb66162458ab08154742b926,CVE-2024-32924
816421644,SecG3ek/2024_CVEs,cveId.txt,c4c155311d194016fb66162458ab08154742b926,CVE-2024-32925
816421644,SecG3ek/2024_CVEs,cveId.txt,c4c155311d194016fb66162458ab08154742b926,CVE-2024-32926
816421644,SecG3ek/2024_CVEs,cveId.txt,c4c155311d194016fb66162458ab08154742b926,CVE-2024-32912
816421644,SecG3ek/2024_CVEs,cveId.txt,c4c155311d194016fb66162458ab08154742b926,CVE-2024-32929
816421644,SecG3ek/2024_CVEs,cveId.txt,c4c155311d194016fb66162458ab08154742b926,CVE-2024-32895
816421644,SecG3ek/2024_CVEs,cveId.txt,c4c155311d194016fb66162458ab08154742b926,CVE-2024-32893
816421644,SecG3ek/2024_CVEs,cveId.txt,c4c155311d194016fb66162458ab08154742b926,CVE-2024-32813
816421644,SecG3ek/2024_CVEs,cveId.txt,c4c155311d194016fb66162458ab08154742b926,CVE-2024-32814
816421644,SecG3ek/2024_CVEs,cveId.txt,c4c155311d194016fb66162458ab08154742b926,CVE-2024-32815
816421644,SecG3ek/2024_CVEs,cveId.txt,c4c155311d194016fb66162458ab08154742b926,CVE-2024-32816
816421644,SecG3ek/2024_CVEs,cveId.txt,c4c155311d194016fb66162458ab08154742b926,CVE-2024-32817
816421644,SecG3ek/2024_CVEs,cveId.txt,c4c155311d194016fb66162458ab08154742b926,CVE-2024-32818
816421644,SecG3ek/2024_CVEs,cveId.txt,c4c155311d194016fb66162458ab08154742b926,CVE-2024-32819
816421644,SecG3ek/2024_CVEs,cveId.txt,c4c155311d194016fb66162458ab08154742b926,CVE-2024-32820
816421644,SecG3ek/2024_CVEs,cveId.txt,c4c155311d194016fb66162458ab08154742b926,CVE-2024-32821
816421644,SecG3ek/2024_CVEs,cveId.txt,c4c155311d194016fb66162458ab08154742b926,CVE-2024-32822
816421644,SecG3ek/2024_CVEs,cveId.txt,c4c155311d194016fb66162458ab08154742b926,CVE-2024-32823
816421644,SecG3ek/2024_CVEs,cveId.txt,c4c155311d194016fb66162458ab08154742b926,CVE-2024-32824
816421644,SecG3ek/2024_CVEs,cveId.txt,c4c155311d194016fb66162458ab08154742b926,CVE-2024-32825
816421644,SecG3ek/2024_CVEs,cveId.txt,c4c155311d194016fb66162458ab08154742b926,CVE-2024-32826
816421644,SecG3ek/2024_CVEs,cveId.txt,c4c155311d194016fb66162458ab08154742b926,CVE-2024-32894
816421644,SecG3ek/2024_CVEs,cveId.txt,c4c155311d194016fb66162458ab08154742b926,CVE-2024-32827
816421644,SecG3ek/2024_CVEs,cveId.txt,c4c155311d194016fb66162458ab08154742b926,CVE-2024-32829
816421644,SecG3ek/2024_CVEs,cveId.txt,c4c155311d194016fb66162458ab08154742b926,CVE-2024-32830
816421644,SecG3ek/2024_CVEs,cveId.txt,c4c155311d194016fb66162458ab08154742b926,CVE-2024-32831
816421644,SecG3ek/2024_CVEs,cveId.txt,c4c155311d194016fb66162458ab08154742b926,CVE-2024-32833
816421644,SecG3ek/2024_CVEs,cveId.txt,c4c155311d194016fb66162458ab08154742b926,CVE-2024-32834
816421644,SecG3ek/2024_CVEs,cveId.txt,c4c155311d194016fb66162458ab08154742b926,CVE-2024-32835
816421644,SecG3ek/2024_CVEs,cveId.txt,c4c155311d194016fb66162458ab08154742b926,CVE-2024-32836
816421644,SecG3ek/2024_CVEs,cveId.txt,c4c155311d194016fb66162458ab08154742b926,CVE-2024-32850
816421644,SecG3ek/2024_CVEs,cveId.txt,c4c155311d194016fb66162458ab08154742b926,CVE-2024-32856
816421644,SecG3ek/2024_CVEs,cveId.txt,c4c155311d194016fb66162458ab08154742b926,CVE-2024-32858
816421644,SecG3ek/2024_CVEs,cveId.txt,c4c155311d194016fb66162458ab08154742b926,CVE-2024-32859
816421644,SecG3ek/2024_CVEs,cveId.txt,c4c155311d194016fb66162458ab08154742b926,CVE-2024-32860
816421644,SecG3ek/2024_CVEs,cveId.txt,c4c155311d194016fb66162458ab08154742b926,CVE-2024-32891
816421644,SecG3ek/2024_CVEs,cveId.txt,c4c155311d194016fb66162458ab08154742b926,CVE-2024-32892
816421644,SecG3ek/2024_CVEs,cveId.txt,c4c155311d194016fb66162458ab08154742b926,CVE-2024-32828
816421644,SecG3ek/2024_CVEs,cveId.txt,c4c155311d194016fb66162458ab08154742b926,CVE-2024-32811
816421644,SecG3ek/2024_CVEs,cveId.txt,c4c155311d194016fb66162458ab08154742b926,CVE-2024-32930
816421644,SecG3ek/2024_CVEs,cveId.txt,c4c155311d194016fb66162458ab08154742b926,CVE-2024-32947
816421644,SecG3ek/2024_CVEs,cveId.txt,c4c155311d194016fb66162458ab08154742b926,CVE-2024-33102
816421644,SecG3ek/2024_CVEs,cveId.txt,c4c155311d194016fb66162458ab08154742b926,CVE-2024-33103
816421644,SecG3ek/2024_CVEs,cveId.txt,c4c155311d194016fb66162458ab08154742b926,CVE-2024-33110
816421644,SecG3ek/2024_CVEs,cveId.txt,c4c155311d194016fb66162458ab08154742b926,CVE-2024-33111
816421644,SecG3ek/2024_CVEs,cveId.txt,c4c155311d194016fb66162458ab08154742b926,CVE-2024-33112
816421644,SecG3ek/2024_CVEs,cveId.txt,c4c155311d194016fb66162458ab08154742b926,CVE-2024-33113
816421644,SecG3ek/2024_CVEs,cveId.txt,c4c155311d194016fb66162458ab08154742b926,CVE-2024-33117
816421644,SecG3ek/2024_CVEs,cveId.txt,c4c155311d194016fb66162458ab08154742b926,CVE-2024-33118
816421644,SecG3ek/2024_CVEs,cveId.txt,c4c155311d194016fb66162458ab08154742b926,CVE-2024-33120
816421644,SecG3ek/2024_CVEs,cveId.txt,c4c155311d194016fb66162458ab08154742b926,CVE-2024-33121
816421644,SecG3ek/2024_CVEs,cveId.txt,c4c155311d194016fb66162458ab08154742b926,CVE-2024-33122
816421644,SecG3ek/2024_CVEs,cveId.txt,c4c155311d194016fb66162458ab08154742b926,CVE-2024-33124
816421644,SecG3ek/2024_CVEs,cveId.txt,c4c155311d194016fb66162458ab08154742b926,CVE-2024-33139
816421644,SecG3ek/2024_CVEs,cveId.txt,c4c155311d194016fb66162458ab08154742b926,CVE-2024-33144
816421644,SecG3ek/2024_CVEs,cveId.txt,c4c155311d194016fb66162458ab08154742b926,CVE-2024-33101
816421644,SecG3ek/2024_CVEs,cveId.txt,c4c155311d194016fb66162458ab08154742b926,CVE-2024-33146
816421644,SecG3ek/2024_CVEs,cveId.txt,c4c155311d194016fb66162458ab08154742b926,CVE-2024-33148
816421644,SecG3ek/2024_CVEs,cveId.txt,c4c155311d194016fb66162458ab08154742b926,CVE-2024-33149
816421644,SecG3ek/2024_CVEs,cveId.txt,c4c155311d194016fb66162458ab08154742b926,CVE-2024-33153
816421644,SecG3ek/2024_CVEs,cveId.txt,c4c155311d194016fb66162458ab08154742b926,CVE-2024-33155
816421644,SecG3ek/2024_CVEs,cveId.txt,c4c155311d194016fb66162458ab08154742b926,CVE-2024-33161
816421644,SecG3ek/2024_CVEs,cveId.txt,c4c155311d194016fb66162458ab08154742b926,CVE-2024-33164
816421644,SecG3ek/2024_CVEs,cveId.txt,c4c155311d194016fb66162458ab08154742b926,CVE-2024-33211
816421644,SecG3ek/2024_CVEs,cveId.txt,c4c155311d194016fb66162458ab08154742b926,CVE-2024-33212
816421644,SecG3ek/2024_CVEs,cveId.txt,c4c155311d194016fb66162458ab08154742b926,CVE-2024-33213
816421644,SecG3ek/2024_CVEs,cveId.txt,c4c155311d194016fb66162458ab08154742b926,CVE-2024-33214
816421644,SecG3ek/2024_CVEs,cveId.txt,c4c155311d194016fb66162458ab08154742b926,CVE-2024-33215
816421644,SecG3ek/2024_CVEs,cveId.txt,c4c155311d194016fb66162458ab08154742b926,CVE-2024-33217
816421644,SecG3ek/2024_CVEs,cveId.txt,c4c155311d194016fb66162458ab08154742b926,CVE-2024-33218
816421644,SecG3ek/2024_CVEs,cveId.txt,c4c155311d194016fb66162458ab08154742b926,CVE-2024-33219
816421644,SecG3ek/2024_CVEs,cveId.txt,c4c155311d194016fb66162458ab08154742b926,CVE-2024-33147
816421644,SecG3ek/2024_CVEs,cveId.txt,c4c155311d194016fb66162458ab08154742b926,CVE-2024-32944
816421644,SecG3ek/2024_CVEs,cveId.txt,c4c155311d194016fb66162458ab08154742b926,CVE-2024-33078
816421644,SecG3ek/2024_CVEs,cveId.txt,c4c155311d194016fb66162458ab08154742b926,CVE-2024-33008
816421644,SecG3ek/2024_CVEs,cveId.txt,c4c155311d194016fb66162458ab08154742b926,CVE-2024-32948
816421644,SecG3ek/2024_CVEs,cveId.txt,c4c155311d194016fb66162458ab08154742b926,CVE-2024-32950
816421644,SecG3ek/2024_CVEs,cveId.txt,c4c155311d194016fb66162458ab08154742b926,CVE-2024-32951
816421644,SecG3ek/2024_CVEs,cveId.txt,c4c155311d194016fb66162458ab08154742b926,CVE-2024-32952
816421644,SecG3ek/2024_CVEs,cveId.txt,c4c155311d194016fb66162458ab08154742b926,CVE-2024-32953
816421644,SecG3ek/2024_CVEs,cveId.txt,c4c155311d194016fb66162458ab08154742b926,CVE-2024-32954
816421644,SecG3ek/2024_CVEs,cveId.txt,c4c155311d194016fb66162458ab08154742b926,CVE-2024-32955
816421644,SecG3ek/2024_CVEs,cveId.txt,c4c155311d194016fb66162458ab08154742b926,CVE-2024-32956
816421644,SecG3ek/2024_CVEs,cveId.txt,c4c155311d194016fb66162458ab08154742b926,CVE-2024-32957
816421644,SecG3ek/2024_CVEs,cveId.txt,c4c155311d194016fb66162458ab08154742b926,CVE-2024-32958
816421644,SecG3ek/2024_CVEs,cveId.txt,c4c155311d194016fb66162458ab08154742b926,CVE-2024-32959
816421644,SecG3ek/2024_CVEs,cveId.txt,c4c155311d194016fb66162458ab08154742b926,CVE-2024-32960
816421644,SecG3ek/2024_CVEs,cveId.txt,c4c155311d194016fb66162458ab08154742b926,CVE-2024-32961
816421644,SecG3ek/2024_CVEs,cveId.txt,c4c155311d194016fb66162458ab08154742b926,CVE-2024-32988
816421644,SecG3ek/2024_CVEs,cveId.txt,c4c155311d194016fb66162458ab08154742b926,CVE-2024-33009
816421644,SecG3ek/2024_CVEs,cveId.txt,c4c155311d194016fb66162458ab08154742b926,CVE-2024-32989
816421644,SecG3ek/2024_CVEs,cveId.txt,c4c155311d194016fb66162458ab08154742b926,CVE-2024-32991
816421644,SecG3ek/2024_CVEs,cveId.txt,c4c155311d194016fb66162458ab08154742b926,CVE-2024-32992
816421644,SecG3ek/2024_CVEs,cveId.txt,c4c155311d194016fb66162458ab08154742b926,CVE-2024-32993
816421644,SecG3ek/2024_CVEs,cveId.txt,c4c155311d194016fb66162458ab08154742b926,CVE-2024-32995
816421644,SecG3ek/2024_CVEs,cveId.txt,c4c155311d194016fb66162458ab08154742b926,CVE-2024-32996
816421644,SecG3ek/2024_CVEs,cveId.txt,c4c155311d194016fb66162458ab08154742b926,CVE-2024-32997
816421644,SecG3ek/2024_CVEs,cveId.txt,c4c155311d194016fb66162458ab08154742b926,CVE-2024-32998
816421644,SecG3ek/2024_CVEs,cveId.txt,c4c155311d194016fb66162458ab08154742b926,CVE-2024-32999
816421644,SecG3ek/2024_CVEs,cveId.txt,c4c155311d194016fb66162458ab08154742b926,CVE-2024-33000
816421644,SecG3ek/2024_CVEs,cveId.txt,c4c155311d194016fb66162458ab08154742b926,CVE-2024-33001
816421644,SecG3ek/2024_CVEs,cveId.txt,c4c155311d194016fb66162458ab08154742b926,CVE-2024-33002
816421644,SecG3ek/2024_CVEs,cveId.txt,c4c155311d194016fb66162458ab08154742b926,CVE-2024-33004
816421644,SecG3ek/2024_CVEs,cveId.txt,c4c155311d194016fb66162458ab08154742b926,CVE-2024-33006
816421644,SecG3ek/2024_CVEs,cveId.txt,c4c155311d194016fb66162458ab08154742b926,CVE-2024-33007
816421644,SecG3ek/2024_CVEs,cveId.txt,c4c155311d194016fb66162458ab08154742b926,CVE-2024-32990
816421644,SecG3ek/2024_CVEs,cveId.txt,c4c155311d194016fb66162458ab08154742b926,CVE-2024-34791
816421644,SecG3ek/2024_CVEs,cveId.txt,c4c155311d194016fb66162458ab08154742b926,CVE-2024-34792
816421644,SecG3ek/2024_CVEs,cveId.txt,c4c155311d194016fb66162458ab08154742b926,CVE-2024-34793
816421644,SecG3ek/2024_CVEs,cveId.txt,c4c155311d194016fb66162458ab08154742b926,CVE-2024-36211
816421644,SecG3ek/2024_CVEs,cveId.txt,c4c155311d194016fb66162458ab08154742b926,CVE-2024-36212
816421644,SecG3ek/2024_CVEs,cveId.txt,c4c155311d194016fb66162458ab08154742b926,CVE-2024-36213
816421644,SecG3ek/2024_CVEs,cveId.txt,c4c155311d194016fb66162458ab08154742b926,CVE-2024-36214
816421644,SecG3ek/2024_CVEs,cveId.txt,c4c155311d194016fb66162458ab08154742b926,CVE-2024-36215
816421644,SecG3ek/2024_CVEs,cveId.txt,c4c155311d194016fb66162458ab08154742b926,CVE-2024-36216
816421644,SecG3ek/2024_CVEs,cveId.txt,c4c155311d194016fb66162458ab08154742b926,CVE-2024-36217
816421644,SecG3ek/2024_CVEs,cveId.txt,c4c155311d194016fb66162458ab08154742b926,CVE-2024-36218
816421644,SecG3ek/2024_CVEs,cveId.txt,c4c155311d194016fb66162458ab08154742b926,CVE-2024-36219
816421644,SecG3ek/2024_CVEs,cveId.txt,c4c155311d194016fb66162458ab08154742b926,CVE-2024-36220
816421644,SecG3ek/2024_CVEs,cveId.txt,c4c155311d194016fb66162458ab08154742b926,CVE-2024-36221
816421644,SecG3ek/2024_CVEs,cveId.txt,c4c155311d194016fb66162458ab08154742b926,CVE-2024-36222
816421644,SecG3ek/2024_CVEs,cveId.txt,c4c155311d194016fb66162458ab08154742b926,CVE-2024-36224
816421644,SecG3ek/2024_CVEs,cveId.txt,c4c155311d194016fb66162458ab08154742b926,CVE-2024-36225
816421644,SecG3ek/2024_CVEs,cveId.txt,c4c155311d194016fb66162458ab08154742b926,CVE-2024-36226
816421644,SecG3ek/2024_CVEs,cveId.txt,c4c155311d194016fb66162458ab08154742b926,CVE-2024-36227
816421644,SecG3ek/2024_CVEs,cveId.txt,c4c155311d194016fb66162458ab08154742b926,CVE-2024-36228
816421644,SecG3ek/2024_CVEs,cveId.txt,c4c155311d194016fb66162458ab08154742b926,CVE-2024-36229
816421644,SecG3ek/2024_CVEs,cveId.txt,c4c155311d194016fb66162458ab08154742b926,CVE-2024-36230
816421644,SecG3ek/2024_CVEs,cveId.txt,c4c155311d194016fb66162458ab08154742b926,CVE-2024-36231
816421644,SecG3ek/2024_CVEs,cveId.txt,c4c155311d194016fb66162458ab08154742b926,CVE-2024-36232
816421644,SecG3ek/2024_CVEs,cveId.txt,c4c155311d194016fb66162458ab08154742b926,CVE-2024-36233
816421644,SecG3ek/2024_CVEs,cveId.txt,c4c155311d194016fb66162458ab08154742b926,CVE-2024-36234
816421644,SecG3ek/2024_CVEs,cveId.txt,c4c155311d194016fb66162458ab08154742b926,CVE-2024-36235
816421644,SecG3ek/2024_CVEs,cveId.txt,c4c155311d194016fb66162458ab08154742b926,CVE-2024-36236
816421644,SecG3ek/2024_CVEs,cveId.txt,c4c155311d194016fb66162458ab08154742b926,CVE-2024-36238
816421644,SecG3ek/2024_CVEs,cveId.txt,c4c155311d194016fb66162458ab08154742b926,CVE-2024-36239
816421644,SecG3ek/2024_CVEs,cveId.txt,c4c155311d194016fb66162458ab08154742b926,CVE-2024-36246
816421644,SecG3ek/2024_CVEs,cveId.txt,c4c155311d194016fb66162458ab08154742b926,CVE-2024-36263
816421644,SecG3ek/2024_CVEs,cveId.txt,c4c155311d194016fb66162458ab08154742b926,CVE-2024-36210
816421644,SecG3ek/2024_CVEs,cveId.txt,c4c155311d194016fb66162458ab08154742b926,CVE-2024-36209
816421644,SecG3ek/2024_CVEs,cveId.txt,c4c155311d194016fb66162458ab08154742b926,CVE-2024-36208
816421644,SecG3ek/2024_CVEs,cveId.txt,c4c155311d194016fb66162458ab08154742b926,CVE-2024-36207
816421644,SecG3ek/2024_CVEs,cveId.txt,c4c155311d194016fb66162458ab08154742b926,CVE-2024-36177
816421644,SecG3ek/2024_CVEs,cveId.txt,c4c155311d194016fb66162458ab08154742b926,CVE-2024-36178
816421644,SecG3ek/2024_CVEs,cveId.txt,c4c155311d194016fb66162458ab08154742b926,CVE-2024-36179
816421644,SecG3ek/2024_CVEs,cveId.txt,c4c155311d194016fb66162458ab08154742b926,CVE-2024-36180
816421644,SecG3ek/2024_CVEs,cveId.txt,c4c155311d194016fb66162458ab08154742b926,CVE-2024-36181
816421644,SecG3ek/2024_CVEs,cveId.txt,c4c155311d194016fb66162458ab08154742b926,CVE-2024-36182
816421644,SecG3ek/2024_CVEs,cveId.txt,c4c155311d194016fb66162458ab08154742b926,CVE-2024-36183
816421644,SecG3ek/2024_CVEs,cveId.txt,c4c155311d194016fb66162458ab08154742b926,CVE-2024-36184
816421644,SecG3ek/2024_CVEs,cveId.txt,c4c155311d194016fb66162458ab08154742b926,CVE-2024-36185
816421644,SecG3ek/2024_CVEs,cveId.txt,c4c155311d194016fb66162458ab08154742b926,CVE-2024-36186
816421644,SecG3ek/2024_CVEs,cveId.txt,c4c155311d194016fb66162458ab08154742b926,CVE-2024-36187
816421644,SecG3ek/2024_CVEs,cveId.txt,c4c155311d194016fb66162458ab08154742b926,CVE-2024-36188
816421644,SecG3ek/2024_CVEs,cveId.txt,c4c155311d194016fb66162458ab08154742b926,CVE-2024-36189
816421644,SecG3ek/2024_CVEs,cveId.txt,c4c155311d194016fb66162458ab08154742b926,CVE-2024-36190
816421644,SecG3ek/2024_CVEs,cveId.txt,c4c155311d194016fb66162458ab08154742b926,CVE-2024-36264
816421644,SecG3ek/2024_CVEs,cveId.txt,c4c155311d194016fb66162458ab08154742b926,CVE-2024-36191
816421644,SecG3ek/2024_CVEs,cveId.txt,c4c155311d194016fb66162458ab08154742b926,CVE-2024-36193
816421644,SecG3ek/2024_CVEs,cveId.txt,c4c155311d194016fb66162458ab08154742b926,CVE-2024-36194
816421644,SecG3ek/2024_CVEs,cveId.txt,c4c155311d194016fb66162458ab08154742b926,CVE-2024-36195
816421644,SecG3ek/2024_CVEs,cveId.txt,c4c155311d194016fb66162458ab08154742b926,CVE-2024-36196
816421644,SecG3ek/2024_CVEs,cveId.txt,c4c155311d194016fb66162458ab08154742b926,CVE-2024-36197
816421644,SecG3ek/2024_CVEs,cveId.txt,c4c155311d194016fb66162458ab08154742b926,CVE-2024-36198
816421644,SecG3ek/2024_CVEs,cveId.txt,c4c155311d194016fb66162458ab08154742b926,CVE-2024-36199
816421644,SecG3ek/2024_CVEs,cveId.txt,c4c155311d194016fb66162458ab08154742b926,CVE-2024-36200
816421644,SecG3ek/2024_CVEs,cveId.txt,c4c155311d194016fb66162458ab08154742b926,CVE-2024-36201
816421644,SecG3ek/2024_CVEs,cveId.txt,c4c155311d194016fb66162458ab08154742b926,CVE-2024-36202
816421644,SecG3ek/2024_CVEs,cveId.txt,c4c155311d194016fb66162458ab08154742b926,CVE-2024-36203
816421644,SecG3ek/2024_CVEs,cveId.txt,c4c155311d194016fb66162458ab08154742b926,CVE-2024-36204
816421644,SecG3ek/2024_CVEs,cveId.txt,c4c155311d194016fb66162458ab08154742b926,CVE-2024-36205
816421644,SecG3ek/2024_CVEs,cveId.txt,c4c155311d194016fb66162458ab08154742b926,CVE-2024-36206
816421644,SecG3ek/2024_CVEs,cveId.txt,c4c155311d194016fb66162458ab08154742b926,CVE-2024-36192
816421644,SecG3ek/2024_CVEs,cveId.txt,c4c155311d194016fb66162458ab08154742b926,CVE-2024-36265
816421644,SecG3ek/2024_CVEs,cveId.txt,c4c155311d194016fb66162458ab08154742b926,CVE-2024-36266
816421644,SecG3ek/2024_CVEs,cveId.txt,c4c155311d194016fb66162458ab08154742b926,CVE-2024-36267
816421644,SecG3ek/2024_CVEs,cveId.txt,c4c155311d194016fb66162458ab08154742b926,CVE-2024-36426
816421644,SecG3ek/2024_CVEs,cveId.txt,c4c155311d194016fb66162458ab08154742b926,CVE-2024-36427
816421644,SecG3ek/2024_CVEs,cveId.txt,c4c155311d194016fb66162458ab08154742b926,CVE-2024-36428
816421644,SecG3ek/2024_CVEs,cveId.txt,c4c155311d194016fb66162458ab08154742b926,CVE-2024-36454
816421644,SecG3ek/2024_CVEs,cveId.txt,c4c155311d194016fb66162458ab08154742b926,CVE-2024-36459
816421644,SecG3ek/2024_CVEs,cveId.txt,c4c155311d194016fb66162458ab08154742b926,CVE-2024-36470
816421644,SecG3ek/2024_CVEs,cveId.txt,c4c155311d194016fb66162458ab08154742b926,CVE-2024-36471
816421644,SecG3ek/2024_CVEs,cveId.txt,c4c155311d194016fb66162458ab08154742b926,CVE-2024-36472
816421644,SecG3ek/2024_CVEs,cveId.txt,c4c155311d194016fb66162458ab08154742b926,CVE-2024-36499
816421644,SecG3ek/2024_CVEs,cveId.txt,c4c155311d194016fb66162458ab08154742b926,CVE-2024-36500
816421644,SecG3ek/2024_CVEs,cveId.txt,c4c155311d194016fb66162458ab08154742b926,CVE-2024-36501
816421644,SecG3ek/2024_CVEs,cveId.txt,c4c155311d194016fb66162458ab08154742b926,CVE-2024-36502
816421644,SecG3ek/2024_CVEs,cveId.txt,c4c155311d194016fb66162458ab08154742b926,CVE-2024-36503
816421644,SecG3ek/2024_CVEs,cveId.txt,c4c155311d194016fb66162458ab08154742b926,CVE-2024-36523
816421644,SecG3ek/2024_CVEs,cveId.txt,c4c155311d194016fb66162458ab08154742b926,CVE-2024-36397
816421644,SecG3ek/2024_CVEs,cveId.txt,c4c155311d194016fb66162458ab08154742b926,CVE-2024-36528
816421644,SecG3ek/2024_CVEs,cveId.txt,c4c155311d194016fb66162458ab08154742b926,CVE-2024-36547
816421644,SecG3ek/2024_CVEs,cveId.txt,c4c155311d194016fb66162458ab08154742b926,CVE-2024-36548
816421644,SecG3ek/2024_CVEs,cveId.txt,c4c155311d194016fb66162458ab08154742b926,CVE-2024-36549
816421644,SecG3ek/2024_CVEs,cveId.txt,c4c155311d194016fb66162458ab08154742b926,CVE-2024-36550
816421644,SecG3ek/2024_CVEs,cveId.txt,c4c155311d194016fb66162458ab08154742b926,CVE-2024-36568
816421644,SecG3ek/2024_CVEs,cveId.txt,c4c155311d194016fb66162458ab08154742b926,CVE-2024-36569
816421644,SecG3ek/2024_CVEs,cveId.txt,c4c155311d194016fb66162458ab08154742b926,CVE-2024-36573
816421644,SecG3ek/2024_CVEs,cveId.txt,c4c155311d194016fb66162458ab08154742b926,CVE-2024-36574
816421644,SecG3ek/2024_CVEs,cveId.txt,c4c155311d194016fb66162458ab08154742b926,CVE-2024-36575
816421644,SecG3ek/2024_CVEs,cveId.txt,c4c155311d194016fb66162458ab08154742b926,CVE-2024-36577
816421644,SecG3ek/2024_CVEs,cveId.txt,c4c155311d194016fb66162458ab08154742b926,CVE-2024-36578
816421644,SecG3ek/2024_CVEs,cveId.txt,c4c155311d194016fb66162458ab08154742b926,CVE-2024-36580
816421644,SecG3ek/2024_CVEs,cveId.txt,c4c155311d194016fb66162458ab08154742b926,CVE-2024-36581
816421644,SecG3ek/2024_CVEs,cveId.txt,c4c155311d194016fb66162458ab08154742b926,CVE-2024-36582
816421644,SecG3ek/2024_CVEs,cveId.txt,c4c155311d194016fb66162458ab08154742b926,CVE-2024-36531
816421644,SecG3ek/2024_CVEs,cveId.txt,c4c155311d194016fb66162458ab08154742b926,CVE-2024-36176
816421644,SecG3ek/2024_CVEs,cveId.txt,c4c155311d194016fb66162458ab08154742b926,CVE-2024-36396
816421644,SecG3ek/2024_CVEs,cveId.txt,c4c155311d194016fb66162458ab08154742b926,CVE-2024-36394
816421644,SecG3ek/2024_CVEs,cveId.txt,c4c155311d194016fb66162458ab08154742b926,CVE-2024-36277
816421644,SecG3ek/2024_CVEs,cveId.txt,c4c155311d194016fb66162458ab08154742b926,CVE-2024-36279
816421644,SecG3ek/2024_CVEs,cveId.txt,c4c155311d194016fb66162458ab08154742b926,CVE-2024-36289
816421644,SecG3ek/2024_CVEs,cveId.txt,c4c155311d194016fb66162458ab08154742b926,CVE-2024-36360
816421644,SecG3ek/2024_CVEs,cveId.txt,c4c155311d194016fb66162458ab08154742b926,CVE-2024-36361
816421644,SecG3ek/2024_CVEs,cveId.txt,c4c155311d194016fb66162458ab08154742b926,CVE-2024-36362
816421644,SecG3ek/2024_CVEs,cveId.txt,c4c155311d194016fb66162458ab08154742b926,CVE-2024-36363
816421644,SecG3ek/2024_CVEs,cveId.txt,c4c155311d194016fb66162458ab08154742b926,CVE-2024-36364
816421644,SecG3ek/2024_CVEs,cveId.txt,c4c155311d194016fb66162458ab08154742b926,CVE-2024-36365
816421644,SecG3ek/2024_CVEs,cveId.txt,c4c155311d194016fb66162458ab08154742b926,CVE-2024-36366
816421644,SecG3ek/2024_CVEs,cveId.txt,c4c155311d194016fb66162458ab08154742b926,CVE-2024-36367
816421644,SecG3ek/2024_CVEs,cveId.txt,c4c155311d194016fb66162458ab08154742b926,CVE-2024-36368
816421644,SecG3ek/2024_CVEs,cveId.txt,c4c155311d194016fb66162458ab08154742b926,CVE-2024-36369
816421644,SecG3ek/2024_CVEs,cveId.txt,c4c155311d194016fb66162458ab08154742b926,CVE-2024-36370
816421644,SecG3ek/2024_CVEs,cveId.txt,c4c155311d194016fb66162458ab08154742b926,CVE-2024-36395
816421644,SecG3ek/2024_CVEs,cveId.txt,c4c155311d194016fb66162458ab08154742b926,CVE-2024-36371
816421644,SecG3ek/2024_CVEs,cveId.txt,c4c155311d194016fb66162458ab08154742b926,CVE-2024-36373
816421644,SecG3ek/2024_CVEs,cveId.txt,c4c155311d194016fb66162458ab08154742b926,CVE-2024-36374
816421644,SecG3ek/2024_CVEs,cveId.txt,c4c155311d194016fb66162458ab08154742b926,CVE-2024-36375
816421644,SecG3ek/2024_CVEs,cveId.txt,c4c155311d194016fb66162458ab08154742b926,CVE-2024-36376
816421644,SecG3ek/2024_CVEs,cveId.txt,c4c155311d194016fb66162458ab08154742b926,CVE-2024-36377
816421644,SecG3ek/2024_CVEs,cveId.txt,c4c155311d194016fb66162458ab08154742b926,CVE-2024-36378
816421644,SecG3ek/2024_CVEs,cveId.txt,c4c155311d194016fb66162458ab08154742b926,CVE-2024-36383
816421644,SecG3ek/2024_CVEs,cveId.txt,c4c155311d194016fb66162458ab08154742b926,CVE-2024-36384
816421644,SecG3ek/2024_CVEs,cveId.txt,c4c155311d194016fb66162458ab08154742b926,CVE-2024-36388
816421644,SecG3ek/2024_CVEs,cveId.txt,c4c155311d194016fb66162458ab08154742b926,CVE-2024-36389
816421644,SecG3ek/2024_CVEs,cveId.txt,c4c155311d194016fb66162458ab08154742b926,CVE-2024-36390
816421644,SecG3ek/2024_CVEs,cveId.txt,c4c155311d194016fb66162458ab08154742b926,CVE-2024-36391
816421644,SecG3ek/2024_CVEs,cveId.txt,c4c155311d194016fb66162458ab08154742b926,CVE-2024-36392
816421644,SecG3ek/2024_CVEs,cveId.txt,c4c155311d194016fb66162458ab08154742b926,CVE-2024-36393
816421644,SecG3ek/2024_CVEs,cveId.txt,c4c155311d194016fb66162458ab08154742b926,CVE-2024-36372
816421644,SecG3ek/2024_CVEs,cveId.txt,c4c155311d194016fb66162458ab08154742b926,CVE-2024-36175
816421644,SecG3ek/2024_CVEs,cveId.txt,c4c155311d194016fb66162458ab08154742b926,CVE-2024-36174
816421644,SecG3ek/2024_CVEs,cveId.txt,c4c155311d194016fb66162458ab08154742b926,CVE-2024-36173
816421644,SecG3ek/2024_CVEs,cveId.txt,c4c155311d194016fb66162458ab08154742b926,CVE-2024-35990
816421644,SecG3ek/2024_CVEs,cveId.txt,c4c155311d194016fb66162458ab08154742b926,CVE-2024-35991
816421644,SecG3ek/2024_CVEs,cveId.txt,c4c155311d194016fb66162458ab08154742b926,CVE-2024-35992
816421644,SecG3ek/2024_CVEs,cveId.txt,c4c155311d194016fb66162458ab08154742b926,CVE-2024-35993
816421644,SecG3ek/2024_CVEs,cveId.txt,c4c155311d194016fb66162458ab08154742b926,CVE-2024-35994
816421644,SecG3ek/2024_CVEs,cveId.txt,c4c155311d194016fb66162458ab08154742b926,CVE-2024-35995
816421644,SecG3ek/2024_CVEs,cveId.txt,c4c155311d194016fb66162458ab08154742b926,CVE-2024-35996
816421644,SecG3ek/2024_CVEs,cveId.txt,c4c155311d194016fb66162458ab08154742b926,CVE-2024-35997
816421644,SecG3ek/2024_CVEs,cveId.txt,c4c155311d194016fb66162458ab08154742b926,CVE-2024-35998
816421644,SecG3ek/2024_CVEs,cveId.txt,c4c155311d194016fb66162458ab08154742b926,CVE-2024-35999
816421644,SecG3ek/2024_CVEs,cveId.txt,c4c155311d194016fb66162458ab08154742b926,CVE-2024-36000
816421644,SecG3ek/2024_CVEs,cveId.txt,c4c155311d194016fb66162458ab08154742b926,CVE-2024-36001
816421644,SecG3ek/2024_CVEs,cveId.txt,c4c155311d194016fb66162458ab08154742b926,CVE-2024-36002
816421644,SecG3ek/2024_CVEs,cveId.txt,c4c155311d194016fb66162458ab08154742b926,CVE-2024-36003
816421644,SecG3ek/2024_CVEs,cveId.txt,c4c155311d194016fb66162458ab08154742b926,CVE-2024-35989
816421644,SecG3ek/2024_CVEs,cveId.txt,c4c155311d194016fb66162458ab08154742b926,CVE-2024-36004
816421644,SecG3ek/2024_CVEs,cveId.txt,c4c155311d194016fb66162458ab08154742b926,CVE-2024-36006
816421644,SecG3ek/2024_CVEs,cveId.txt,c4c155311d194016fb66162458ab08154742b926,CVE-2024-36007
816421644,SecG3ek/2024_CVEs,cveId.txt,c4c155311d194016fb66162458ab08154742b926,CVE-2024-36008
816421644,SecG3ek/2024_CVEs,cveId.txt,c4c155311d194016fb66162458ab08154742b926,CVE-2024-36009
816421644,SecG3ek/2024_CVEs,cveId.txt,c4c155311d194016fb66162458ab08154742b926,CVE-2024-36010
816421644,SecG3ek/2024_CVEs,cveId.txt,c4c155311d194016fb66162458ab08154742b926,CVE-2024-36011
816421644,SecG3ek/2024_CVEs,cveId.txt,c4c155311d194016fb66162458ab08154742b926,CVE-2024-36012
816421644,SecG3ek/2024_CVEs,cveId.txt,c4c155311d194016fb66162458ab08154742b926,CVE-2024-36013
816421644,SecG3ek/2024_CVEs,cveId.txt,c4c155311d194016fb66162458ab08154742b926,CVE-2024-36014
816421644,SecG3ek/2024_CVEs,cveId.txt,c4c155311d194016fb66162458ab08154742b926,CVE-2024-36015
816421644,SecG3ek/2024_CVEs,cveId.txt,c4c155311d194016fb66162458ab08154742b926,CVE-2024-36016
816421644,SecG3ek/2024_CVEs,cveId.txt,c4c155311d194016fb66162458ab08154742b926,CVE-2024-36017
816421644,SecG3ek/2024_CVEs,cveId.txt,c4c155311d194016fb66162458ab08154742b926,CVE-2024-36018
816421644,SecG3ek/2024_CVEs,cveId.txt,c4c155311d194016fb66162458ab08154742b926,CVE-2024-36019
816421644,SecG3ek/2024_CVEs,cveId.txt,c4c155311d194016fb66162458ab08154742b926,CVE-2024-36005
816421644,SecG3ek/2024_CVEs,cveId.txt,c4c155311d194016fb66162458ab08154742b926,CVE-2024-36020
816421644,SecG3ek/2024_CVEs,cveId.txt,c4c155311d194016fb66162458ab08154742b926,CVE-2024-35988
816421644,SecG3ek/2024_CVEs,cveId.txt,c4c155311d194016fb66162458ab08154742b926,CVE-2024-35986
816421644,SecG3ek/2024_CVEs,cveId.txt,c4c155311d194016fb66162458ab08154742b926,CVE-2024-35956
816421644,SecG3ek/2024_CVEs,cveId.txt,c4c155311d194016fb66162458ab08154742b926,CVE-2024-35957
816421644,SecG3ek/2024_CVEs,cveId.txt,c4c155311d194016fb66162458ab08154742b926,CVE-2024-35958
816421644,SecG3ek/2024_CVEs,cveId.txt,c4c155311d194016fb66162458ab08154742b926,CVE-2024-35959
816421644,SecG3ek/2024_CVEs,cveId.txt,c4c155311d194016fb66162458ab08154742b926,CVE-2024-35960
816421644,SecG3ek/2024_CVEs,cveId.txt,c4c155311d194016fb66162458ab08154742b926,CVE-2024-35961
816421644,SecG3ek/2024_CVEs,cveId.txt,c4c155311d194016fb66162458ab08154742b926,CVE-2024-35962
816421644,SecG3ek/2024_CVEs,cveId.txt,c4c155311d194016fb66162458ab08154742b926,CVE-2024-35963
816421644,SecG3ek/2024_CVEs,cveId.txt,c4c155311d194016fb66162458ab08154742b926,CVE-2024-35964
816421644,SecG3ek/2024_CVEs,cveId.txt,c4c155311d194016fb66162458ab08154742b926,CVE-2024-35965
816421644,SecG3ek/2024_CVEs,cveId.txt,c4c155311d194016fb66162458ab08154742b926,CVE-2024-35966
816421644,SecG3ek/2024_CVEs,cveId.txt,c4c155311d194016fb66162458ab08154742b926,CVE-2024-35967
816421644,SecG3ek/2024_CVEs,cveId.txt,c4c155311d194016fb66162458ab08154742b926,CVE-2024-35968
816421644,SecG3ek/2024_CVEs,cveId.txt,c4c155311d194016fb66162458ab08154742b926,CVE-2024-35969
816421644,SecG3ek/2024_CVEs,cveId.txt,c4c155311d194016fb66162458ab08154742b926,CVE-2024-35987
816421644,SecG3ek/2024_CVEs,cveId.txt,c4c155311d194016fb66162458ab08154742b926,CVE-2024-35970
816421644,SecG3ek/2024_CVEs,cveId.txt,c4c155311d194016fb66162458ab08154742b926,CVE-2024-35972
816421644,SecG3ek/2024_CVEs,cveId.txt,c4c155311d194016fb66162458ab08154742b926,CVE-2024-35973
816421644,SecG3ek/2024_CVEs,cveId.txt,c4c155311d194016fb66162458ab08154742b926,CVE-2024-35974
816421644,SecG3ek/2024_CVEs,cveId.txt,c4c155311d194016fb66162458ab08154742b926,CVE-2024-35975
816421644,SecG3ek/2024_CVEs,cveId.txt,c4c155311d194016fb66162458ab08154742b926,CVE-2024-35976
816421644,SecG3ek/2024_CVEs,cveId.txt,c4c155311d194016fb66162458ab08154742b926,CVE-2024-35977
816421644,SecG3ek/2024_CVEs,cveId.txt,c4c155311d194016fb66162458ab08154742b926,CVE-2024-35978
816421644,SecG3ek/2024_CVEs,cveId.txt,c4c155311d194016fb66162458ab08154742b926,CVE-2024-35979
816421644,SecG3ek/2024_CVEs,cveId.txt,c4c155311d194016fb66162458ab08154742b926,CVE-2024-35980
816421644,SecG3ek/2024_CVEs,cveId.txt,c4c155311d194016fb66162458ab08154742b926,CVE-2024-35981
816421644,SecG3ek/2024_CVEs,cveId.txt,c4c155311d194016fb66162458ab08154742b926,CVE-2024-35982
816421644,SecG3ek/2024_CVEs,cveId.txt,c4c155311d194016fb66162458ab08154742b926,CVE-2024-35983
816421644,SecG3ek/2024_CVEs,cveId.txt,c4c155311d194016fb66162458ab08154742b926,CVE-2024-35984
816421644,SecG3ek/2024_CVEs,cveId.txt,c4c155311d194016fb66162458ab08154742b926,CVE-2024-35985
816421644,SecG3ek/2024_CVEs,cveId.txt,c4c155311d194016fb66162458ab08154742b926,CVE-2024-35971
816421644,SecG3ek/2024_CVEs,cveId.txt,c4c155311d194016fb66162458ab08154742b926,CVE-2024-36583
816421644,SecG3ek/2024_CVEs,cveId.txt,c4c155311d194016fb66162458ab08154742b926,CVE-2024-36021
816421644,SecG3ek/2024_CVEs,cveId.txt,c4c155311d194016fb66162458ab08154742b926,CVE-2024-36023
816421644,SecG3ek/2024_CVEs,cveId.txt,c4c155311d194016fb66162458ab08154742b926,CVE-2024-36142
816421644,SecG3ek/2024_CVEs,cveId.txt,c4c155311d194016fb66162458ab08154742b926,CVE-2024-36143
816421644,SecG3ek/2024_CVEs,cveId.txt,c4c155311d194016fb66162458ab08154742b926,CVE-2024-36144
816421644,SecG3ek/2024_CVEs,cveId.txt,c4c155311d194016fb66162458ab08154742b926,CVE-2024-36146
816421644,SecG3ek/2024_CVEs,cveId.txt,c4c155311d194016fb66162458ab08154742b926,CVE-2024-36147
816421644,SecG3ek/2024_CVEs,cveId.txt,c4c155311d194016fb66162458ab08154742b926,CVE-2024-36148
816421644,SecG3ek/2024_CVEs,cveId.txt,c4c155311d194016fb66162458ab08154742b926,CVE-2024-36149
816421644,SecG3ek/2024_CVEs,cveId.txt,c4c155311d194016fb66162458ab08154742b926,CVE-2024-36150
816421644,SecG3ek/2024_CVEs,cveId.txt,c4c155311d194016fb66162458ab08154742b926,CVE-2024-36151
816421644,SecG3ek/2024_CVEs,cveId.txt,c4c155311d194016fb66162458ab08154742b926,CVE-2024-36152
816421644,SecG3ek/2024_CVEs,cveId.txt,c4c155311d194016fb66162458ab08154742b926,CVE-2024-36153
816421644,SecG3ek/2024_CVEs,cveId.txt,c4c155311d194016fb66162458ab08154742b926,CVE-2024-36154
816421644,SecG3ek/2024_CVEs,cveId.txt,c4c155311d194016fb66162458ab08154742b926,CVE-2024-36155
816421644,SecG3ek/2024_CVEs,cveId.txt,c4c155311d194016fb66162458ab08154742b926,CVE-2024-36156
816421644,SecG3ek/2024_CVEs,cveId.txt,c4c155311d194016fb66162458ab08154742b926,CVE-2024-36141
816421644,SecG3ek/2024_CVEs,cveId.txt,c4c155311d194016fb66162458ab08154742b926,CVE-2024-36157
816421644,SecG3ek/2024_CVEs,cveId.txt,c4c155311d194016fb66162458ab08154742b926,CVE-2024-36159
816421644,SecG3ek/2024_CVEs,cveId.txt,c4c155311d194016fb66162458ab08154742b926,CVE-2024-36160
816421644,SecG3ek/2024_CVEs,cveId.txt,c4c155311d194016fb66162458ab08154742b926,CVE-2024-36161
816421644,SecG3ek/2024_CVEs,cveId.txt,c4c155311d194016fb66162458ab08154742b926,CVE-2024-36162
816421644,SecG3ek/2024_CVEs,cveId.txt,c4c155311d194016fb66162458ab08154742b926,CVE-2024-36163
816421644,SecG3ek/2024_CVEs,cveId.txt,c4c155311d194016fb66162458ab08154742b926,CVE-2024-36164
816421644,SecG3ek/2024_CVEs,cveId.txt,c4c155311d194016fb66162458ab08154742b926,CVE-2024-36165
816421644,SecG3ek/2024_CVEs,cveId.txt,c4c155311d194016fb66162458ab08154742b926,CVE-2024-36166
816421644,SecG3ek/2024_CVEs,cveId.txt,c4c155311d194016fb66162458ab08154742b926,CVE-2024-36167
816421644,SecG3ek/2024_CVEs,cveId.txt,c4c155311d194016fb66162458ab08154742b926,CVE-2024-36168
816421644,SecG3ek/2024_CVEs,cveId.txt,c4c155311d194016fb66162458ab08154742b926,CVE-2024-36169
816421644,SecG3ek/2024_CVEs,cveId.txt,c4c155311d194016fb66162458ab08154742b926,CVE-2024-36170
816421644,SecG3ek/2024_CVEs,cveId.txt,c4c155311d194016fb66162458ab08154742b926,CVE-2024-36171
816421644,SecG3ek/2024_CVEs,cveId.txt,c4c155311d194016fb66162458ab08154742b926,CVE-2024-36172
816421644,SecG3ek/2024_CVEs,cveId.txt,c4c155311d194016fb66162458ab08154742b926,CVE-2024-36158
816421644,SecG3ek/2024_CVEs,cveId.txt,c4c155311d194016fb66162458ab08154742b926,CVE-2024-36022
816421644,SecG3ek/2024_CVEs,cveId.txt,c4c155311d194016fb66162458ab08154742b926,CVE-2024-36104
816421644,SecG3ek/2024_CVEs,cveId.txt,c4c155311d194016fb66162458ab08154742b926,CVE-2024-36082
816421644,SecG3ek/2024_CVEs,cveId.txt,c4c155311d194016fb66162458ab08154742b926,CVE-2024-36024
816421644,SecG3ek/2024_CVEs,cveId.txt,c4c155311d194016fb66162458ab08154742b926,CVE-2024-36025
816421644,SecG3ek/2024_CVEs,cveId.txt,c4c155311d194016fb66162458ab08154742b926,CVE-2024-36026
816421644,SecG3ek/2024_CVEs,cveId.txt,c4c155311d194016fb66162458ab08154742b926,CVE-2024-36027
816421644,SecG3ek/2024_CVEs,cveId.txt,c4c155311d194016fb66162458ab08154742b926,CVE-2024-36028
816421644,SecG3ek/2024_CVEs,cveId.txt,c4c155311d194016fb66162458ab08154742b926,CVE-2024-36029
816421644,SecG3ek/2024_CVEs,cveId.txt,c4c155311d194016fb66162458ab08154742b926,CVE-2024-36030
816421644,SecG3ek/2024_CVEs,cveId.txt,c4c155311d194016fb66162458ab08154742b926,CVE-2024-36031
816421644,SecG3ek/2024_CVEs,cveId.txt,c4c155311d194016fb66162458ab08154742b926,CVE-2024-36032
816421644,SecG3ek/2024_CVEs,cveId.txt,c4c155311d194016fb66162458ab08154742b926,CVE-2024-36033
816421644,SecG3ek/2024_CVEs,cveId.txt,c4c155311d194016fb66162458ab08154742b926,CVE-2024-36036
816421644,SecG3ek/2024_CVEs,cveId.txt,c4c155311d194016fb66162458ab08154742b926,CVE-2024-36037
816421644,SecG3ek/2024_CVEs,cveId.txt,c4c155311d194016fb66162458ab08154742b926,CVE-2024-36039
816421644,SecG3ek/2024_CVEs,cveId.txt,c4c155311d194016fb66162458ab08154742b926,CVE-2024-36042
816421644,SecG3ek/2024_CVEs,cveId.txt,c4c155311d194016fb66162458ab08154742b926,CVE-2024-36103
816421644,SecG3ek/2024_CVEs,cveId.txt,c4c155311d194016fb66162458ab08154742b926,CVE-2024-36043
816421644,SecG3ek/2024_CVEs,cveId.txt,c4c155311d194016fb66162458ab08154742b926,CVE-2024-36049
816421644,SecG3ek/2024_CVEs,cveId.txt,c4c155311d194016fb66162458ab08154742b926,CVE-2024-36050
816421644,SecG3ek/2024_CVEs,cveId.txt,c4c155311d194016fb66162458ab08154742b926,CVE-2024-36052
816421644,SecG3ek/2024_CVEs,cveId.txt,c4c155311d194016fb66162458ab08154742b926,CVE-2024-36053
816421644,SecG3ek/2024_CVEs,cveId.txt,c4c155311d194016fb66162458ab08154742b926,CVE-2024-36054
816421644,SecG3ek/2024_CVEs,cveId.txt,c4c155311d194016fb66162458ab08154742b926,CVE-2024-36055
816421644,SecG3ek/2024_CVEs,cveId.txt,c4c155311d194016fb66162458ab08154742b926,CVE-2024-36056
816421644,SecG3ek/2024_CVEs,cveId.txt,c4c155311d194016fb66162458ab08154742b926,CVE-2024-36070
816421644,SecG3ek/2024_CVEs,cveId.txt,c4c155311d194016fb66162458ab08154742b926,CVE-2024-36076
816421644,SecG3ek/2024_CVEs,cveId.txt,c4c155311d194016fb66162458ab08154742b926,CVE-2024-36077
816421644,SecG3ek/2024_CVEs,cveId.txt,c4c155311d194016fb66162458ab08154742b926,CVE-2024-36078
816421644,SecG3ek/2024_CVEs,cveId.txt,c4c155311d194016fb66162458ab08154742b926,CVE-2024-36079
816421644,SecG3ek/2024_CVEs,cveId.txt,c4c155311d194016fb66162458ab08154742b926,CVE-2024-36080
816421644,SecG3ek/2024_CVEs,cveId.txt,c4c155311d194016fb66162458ab08154742b926,CVE-2024-36081
816421644,SecG3ek/2024_CVEs,cveId.txt,c4c155311d194016fb66162458ab08154742b926,CVE-2024-36048
816421644,SecG3ek/2024_CVEs,cveId.txt,c4c155311d194016fb66162458ab08154742b926,CVE-2024-35955
816421644,SecG3ek/2024_CVEs,cveId.txt,c4c155311d194016fb66162458ab08154742b926,CVE-2024-36586
816421644,SecG3ek/2024_CVEs,cveId.txt,c4c155311d194016fb66162458ab08154742b926,CVE-2024-36588
816421644,SecG3ek/2024_CVEs,cveId.txt,c4c155311d194016fb66162458ab08154742b926,CVE-2024-37056
816421644,SecG3ek/2024_CVEs,cveId.txt,c4c155311d194016fb66162458ab08154742b926,CVE-2024-37057
816421644,SecG3ek/2024_CVEs,cveId.txt,c4c155311d194016fb66162458ab08154742b926,CVE-2024-37058
816421644,SecG3ek/2024_CVEs,cveId.txt,c4c155311d194016fb66162458ab08154742b926,CVE-2024-37059
816421644,SecG3ek/2024_CVEs,cveId.txt,c4c155311d194016fb66162458ab08154742b926,CVE-2024-37060
816421644,SecG3ek/2024_CVEs,cveId.txt,c4c155311d194016fb66162458ab08154742b926,CVE-2024-37061
816421644,SecG3ek/2024_CVEs,cveId.txt,c4c155311d194016fb66162458ab08154742b926,CVE-2024-37062
816421644,SecG3ek/2024_CVEs,cveId.txt,c4c155311d194016fb66162458ab08154742b926,CVE-2024-37063
816421644,SecG3ek/2024_CVEs,cveId.txt,c4c155311d194016fb66162458ab08154742b926,CVE-2024-37064
816421644,SecG3ek/2024_CVEs,cveId.txt,c4c155311d194016fb66162458ab08154742b926,CVE-2024-37065
816421644,SecG3ek/2024_CVEs,cveId.txt,c4c155311d194016fb66162458ab08154742b926,CVE-2024-37130
816421644,SecG3ek/2024_CVEs,cveId.txt,c4c155311d194016fb66162458ab08154742b926,CVE-2024-37131
816421644,SecG3ek/2024_CVEs,cveId.txt,c4c155311d194016fb66162458ab08154742b926,CVE-2024-37176
816421644,SecG3ek/2024_CVEs,cveId.txt,c4c155311d194016fb66162458ab08154742b926,CVE-2024-37177
816421644,SecG3ek/2024_CVEs,cveId.txt,c4c155311d194016fb66162458ab08154742b926,CVE-2024-37178
816421644,SecG3ek/2024_CVEs,cveId.txt,c4c155311d194016fb66162458ab08154742b926,CVE-2024-37273
816421644,SecG3ek/2024_CVEs,cveId.txt,c4c155311d194016fb66162458ab08154742b926,CVE-2024-37279
816421644,SecG3ek/2024_CVEs,cveId.txt,c4c155311d194016fb66162458ab08154742b926,CVE-2024-37280
816421644,SecG3ek/2024_CVEs,cveId.txt,c4c155311d194016fb66162458ab08154742b926,CVE-2024-37325
816421644,SecG3ek/2024_CVEs,cveId.txt,c4c155311d194016fb66162458ab08154742b926,CVE-2024-37364
816421644,SecG3ek/2024_CVEs,cveId.txt,c4c155311d194016fb66162458ab08154742b926,CVE-2024-37367
816421644,SecG3ek/2024_CVEs,cveId.txt,c4c155311d194016fb66162458ab08154742b926,CVE-2024-37368
816421644,SecG3ek/2024_CVEs,cveId.txt,c4c155311d194016fb66162458ab08154742b926,CVE-2024-37369
816421644,SecG3ek/2024_CVEs,cveId.txt,c4c155311d194016fb66162458ab08154742b926,CVE-2024-37383
816421644,SecG3ek/2024_CVEs,cveId.txt,c4c155311d194016fb66162458ab08154742b926,CVE-2024-37384
816421644,SecG3ek/2024_CVEs,cveId.txt,c4c155311d194016fb66162458ab08154742b926,CVE-2024-37385
816421644,SecG3ek/2024_CVEs,cveId.txt,c4c155311d194016fb66162458ab08154742b926,CVE-2024-37388
816421644,SecG3ek/2024_CVEs,cveId.txt,c4c155311d194016fb66162458ab08154742b926,CVE-2024-37393
816421644,SecG3ek/2024_CVEs,cveId.txt,c4c155311d194016fb66162458ab08154742b926,CVE-2024-37407
816421644,SecG3ek/2024_CVEs,cveId.txt,c4c155311d194016fb66162458ab08154742b926,CVE-2024-37055
816421644,SecG3ek/2024_CVEs,cveId.txt,c4c155311d194016fb66162458ab08154742b926,CVE-2024-37054
816421644,SecG3ek/2024_CVEs,cveId.txt,c4c155311d194016fb66162458ab08154742b926,CVE-2024-37053
816421644,SecG3ek/2024_CVEs,cveId.txt,c4c155311d194016fb66162458ab08154742b926,CVE-2024-37052
816421644,SecG3ek/2024_CVEs,cveId.txt,c4c155311d194016fb66162458ab08154742b926,CVE-2024-36957
816421644,SecG3ek/2024_CVEs,cveId.txt,c4c155311d194016fb66162458ab08154742b926,CVE-2024-36958
816421644,SecG3ek/2024_CVEs,cveId.txt,c4c155311d194016fb66162458ab08154742b926,CVE-2024-36959
816421644,SecG3ek/2024_CVEs,cveId.txt,c4c155311d194016fb66162458ab08154742b926,CVE-2024-36960
816421644,SecG3ek/2024_CVEs,cveId.txt,c4c155311d194016fb66162458ab08154742b926,CVE-2024-36961
816421644,SecG3ek/2024_CVEs,cveId.txt,c4c155311d194016fb66162458ab08154742b926,CVE-2024-36962
816421644,SecG3ek/2024_CVEs,cveId.txt,c4c155311d194016fb66162458ab08154742b926,CVE-2024-36963
816421644,SecG3ek/2024_CVEs,cveId.txt,c4c155311d194016fb66162458ab08154742b926,CVE-2024-36964
816421644,SecG3ek/2024_CVEs,cveId.txt,c4c155311d194016fb66162458ab08154742b926,CVE-2024-36965
816421644,SecG3ek/2024_CVEs,cveId.txt,c4c155311d194016fb66162458ab08154742b926,CVE-2024-36966
816421644,SecG3ek/2024_CVEs,cveId.txt,c4c155311d194016fb66162458ab08154742b926,CVE-2024-36967
816421644,SecG3ek/2024_CVEs,cveId.txt,c4c155311d194016fb66162458ab08154742b926,CVE-2024-36968
816421644,SecG3ek/2024_CVEs,cveId.txt,c4c155311d194016fb66162458ab08154742b926,CVE-2024-36969
816421644,SecG3ek/2024_CVEs,cveId.txt,c4c155311d194016fb66162458ab08154742b926,CVE-2024-36970
816421644,SecG3ek/2024_CVEs,cveId.txt,c4c155311d194016fb66162458ab08154742b926,CVE-2024-37408
816421644,SecG3ek/2024_CVEs,cveId.txt,c4c155311d194016fb66162458ab08154742b926,CVE-2024-36971
816421644,SecG3ek/2024_CVEs,cveId.txt,c4c155311d194016fb66162458ab08154742b926,CVE-2024-37014
816421644,SecG3ek/2024_CVEs,cveId.txt,c4c155311d194016fb66162458ab08154742b926,CVE-2024-37017
816421644,SecG3ek/2024_CVEs,cveId.txt,c4c155311d194016fb66162458ab08154742b926,CVE-2024-37018
816421644,SecG3ek/2024_CVEs,cveId.txt,c4c155311d194016fb66162458ab08154742b926,CVE-2024-37019
816421644,SecG3ek/2024_CVEs,cveId.txt,c4c155311d194016fb66162458ab08154742b926,CVE-2024-37022
816421644,SecG3ek/2024_CVEs,cveId.txt,c4c155311d194016fb66162458ab08154742b926,CVE-2024-37029
816421644,SecG3ek/2024_CVEs,cveId.txt,c4c155311d194016fb66162458ab08154742b926,CVE-2024-37031
816421644,SecG3ek/2024_CVEs,cveId.txt,c4c155311d194016fb66162458ab08154742b926,CVE-2024-37032
816421644,SecG3ek/2024_CVEs,cveId.txt,c4c155311d194016fb66162458ab08154742b926,CVE-2024-37036
816421644,SecG3ek/2024_CVEs,cveId.txt,c4c155311d194016fb66162458ab08154742b926,CVE-2024-37037
816421644,SecG3ek/2024_CVEs,cveId.txt,c4c155311d194016fb66162458ab08154742b926,CVE-2024-37038
816421644,SecG3ek/2024_CVEs,cveId.txt,c4c155311d194016fb66162458ab08154742b926,CVE-2024-37039
816421644,SecG3ek/2024_CVEs,cveId.txt,c4c155311d194016fb66162458ab08154742b926,CVE-2024-37040
816421644,SecG3ek/2024_CVEs,cveId.txt,c4c155311d194016fb66162458ab08154742b926,CVE-2024-37051
816421644,SecG3ek/2024_CVEs,cveId.txt,c4c155311d194016fb66162458ab08154742b926,CVE-2024-36972
816421644,SecG3ek/2024_CVEs,cveId.txt,c4c155311d194016fb66162458ab08154742b926,CVE-2024-37535
816421644,SecG3ek/2024_CVEs,cveId.txt,c4c155311d194016fb66162458ab08154742b926,CVE-2024-37568
816421644,SecG3ek/2024_CVEs,cveId.txt,c4c155311d194016fb66162458ab08154742b926,CVE-2024-37569
816421644,SecG3ek/2024_CVEs,cveId.txt,c4c155311d194016fb66162458ab08154742b926,CVE-2024-38282
816421644,SecG3ek/2024_CVEs,cveId.txt,c4c155311d194016fb66162458ab08154742b926,CVE-2024-38283
816421644,SecG3ek/2024_CVEs,cveId.txt,c4c155311d194016fb66162458ab08154742b926,CVE-2024-38284
816421644,SecG3ek/2024_CVEs,cveId.txt,c4c155311d194016fb66162458ab08154742b926,CVE-2024-38285
816421644,SecG3ek/2024_CVEs,cveId.txt,c4c155311d194016fb66162458ab08154742b926,CVE-2024-38293
816421644,SecG3ek/2024_CVEs,cveId.txt,c4c155311d194016fb66162458ab08154742b926,CVE-2024-38294
816421644,SecG3ek/2024_CVEs,cveId.txt,c4c155311d194016fb66162458ab08154742b926,CVE-2024-38295
816421644,SecG3ek/2024_CVEs,cveId.txt,c4c155311d194016fb66162458ab08154742b926,CVE-2024-38312
816421644,SecG3ek/2024_CVEs,cveId.txt,c4c155311d194016fb66162458ab08154742b926,CVE-2024-38313
816421644,SecG3ek/2024_CVEs,cveId.txt,c4c155311d194016fb66162458ab08154742b926,CVE-2024-38394
816421644,SecG3ek/2024_CVEs,cveId.txt,c4c155311d194016fb66162458ab08154742b926,CVE-2024-38395
816421644,SecG3ek/2024_CVEs,cveId.txt,c4c155311d194016fb66162458ab08154742b926,CVE-2024-38396
816421644,SecG3ek/2024_CVEs,cveId.txt,c4c155311d194016fb66162458ab08154742b926,CVE-2024-38427
816421644,SecG3ek/2024_CVEs,cveId.txt,c4c155311d194016fb66162458ab08154742b926,CVE-2024-38428
816421644,SecG3ek/2024_CVEs,cveId.txt,c4c155311d194016fb66162458ab08154742b926,CVE-2024-38281
816421644,SecG3ek/2024_CVEs,cveId.txt,c4c155311d194016fb66162458ab08154742b926,CVE-2024-38439
816421644,SecG3ek/2024_CVEs,cveId.txt,c4c155311d194016fb66162458ab08154742b926,CVE-2024-38441
816421644,SecG3ek/2024_CVEs,cveId.txt,c4c155311d194016fb66162458ab08154742b926,CVE-2024-38443
816421644,SecG3ek/2024_CVEs,cveId.txt,c4c155311d194016fb66162458ab08154742b926,CVE-2024-38448
816421644,SecG3ek/2024_CVEs,cveId.txt,c4c155311d194016fb66162458ab08154742b926,CVE-2024-38454
816421644,SecG3ek/2024_CVEs,cveId.txt,c4c155311d194016fb66162458ab08154742b926,CVE-2024-38457
816421644,SecG3ek/2024_CVEs,cveId.txt,c4c155311d194016fb66162458ab08154742b926,CVE-2024-38458
816421644,SecG3ek/2024_CVEs,cveId.txt,c4c155311d194016fb66162458ab08154742b926,CVE-2024-38459
816421644,SecG3ek/2024_CVEs,cveId.txt,c4c155311d194016fb66162458ab08154742b926,CVE-2024-38460
816421644,SecG3ek/2024_CVEs,cveId.txt,c4c155311d194016fb66162458ab08154742b926,CVE-2024-38461
816421644,SecG3ek/2024_CVEs,cveId.txt,c4c155311d194016fb66162458ab08154742b926,CVE-2024-38462
816421644,SecG3ek/2024_CVEs,cveId.txt,c4c155311d194016fb66162458ab08154742b926,CVE-2024-38465
816421644,SecG3ek/2024_CVEs,cveId.txt,c4c155311d194016fb66162458ab08154742b926,CVE-2024-38466
816421644,SecG3ek/2024_CVEs,cveId.txt,c4c155311d194016fb66162458ab08154742b926,CVE-2024-38467
816421644,SecG3ek/2024_CVEs,cveId.txt,c4c155311d194016fb66162458ab08154742b926,CVE-2024-38468
816421644,SecG3ek/2024_CVEs,cveId.txt,c4c155311d194016fb66162458ab08154742b926,CVE-2024-38440
816421644,SecG3ek/2024_CVEs,cveId.txt,c4c155311d194016fb66162458ab08154742b926,CVE-2024-36956
816421644,SecG3ek/2024_CVEs,cveId.txt,c4c155311d194016fb66162458ab08154742b926,CVE-2024-38280
816421644,SecG3ek/2024_CVEs,cveId.txt,c4c155311d194016fb66162458ab08154742b926,CVE-2024-38083
816421644,SecG3ek/2024_CVEs,cveId.txt,c4c155311d194016fb66162458ab08154742b926,CVE-2024-37570
816421644,SecG3ek/2024_CVEs,cveId.txt,c4c155311d194016fb66162458ab08154742b926,CVE-2024-37619
816421644,SecG3ek/2024_CVEs,cveId.txt,c4c155311d194016fb66162458ab08154742b926,CVE-2024-37620
816421644,SecG3ek/2024_CVEs,cveId.txt,c4c155311d194016fb66162458ab08154742b926,CVE-2024-37621
816421644,SecG3ek/2024_CVEs,cveId.txt,c4c155311d194016fb66162458ab08154742b926,CVE-2024-37622
816421644,SecG3ek/2024_CVEs,cveId.txt,c4c155311d194016fb66162458ab08154742b926,CVE-2024-37623
816421644,SecG3ek/2024_CVEs,cveId.txt,c4c155311d194016fb66162458ab08154742b926,CVE-2024-37624
816421644,SecG3ek/2024_CVEs,cveId.txt,c4c155311d194016fb66162458ab08154742b926,CVE-2024-37625
816421644,SecG3ek/2024_CVEs,cveId.txt,c4c155311d194016fb66162458ab08154742b926,CVE-2024-37629
816421644,SecG3ek/2024_CVEs,cveId.txt,c4c155311d194016fb66162458ab08154742b926,CVE-2024-37630
816421644,SecG3ek/2024_CVEs,cveId.txt,c4c155311d194016fb66162458ab08154742b926,CVE-2024-37631
816421644,SecG3ek/2024_CVEs,cveId.txt,c4c155311d194016fb66162458ab08154742b926,CVE-2024-37632
816421644,SecG3ek/2024_CVEs,cveId.txt,c4c155311d194016fb66162458ab08154742b926,CVE-2024-37633
816421644,SecG3ek/2024_CVEs,cveId.txt,c4c155311d194016fb66162458ab08154742b926,CVE-2024-37634
816421644,SecG3ek/2024_CVEs,cveId.txt,c4c155311d194016fb66162458ab08154742b926,CVE-2024-38279
816421644,SecG3ek/2024_CVEs,cveId.txt,c4c155311d194016fb66162458ab08154742b926,CVE-2024-37635
816421644,SecG3ek/2024_CVEs,cveId.txt,c4c155311d194016fb66162458ab08154742b926,CVE-2024-37639
816421644,SecG3ek/2024_CVEs,cveId.txt,c4c155311d194016fb66162458ab08154742b926,CVE-2024-37640
816421644,SecG3ek/2024_CVEs,cveId.txt,c4c155311d194016fb66162458ab08154742b926,CVE-2024-37641
816421644,SecG3ek/2024_CVEs,cveId.txt,c4c155311d194016fb66162458ab08154742b926,CVE-2024-37642
816421644,SecG3ek/2024_CVEs,cveId.txt,c4c155311d194016fb66162458ab08154742b926,CVE-2024-37643
816421644,SecG3ek/2024_CVEs,cveId.txt,c4c155311d194016fb66162458ab08154742b926,CVE-2024-37644
816421644,SecG3ek/2024_CVEs,cveId.txt,c4c155311d194016fb66162458ab08154742b926,CVE-2024-37645
816421644,SecG3ek/2024_CVEs,cveId.txt,c4c155311d194016fb66162458ab08154742b926,CVE-2024-37665
816421644,SecG3ek/2024_CVEs,cveId.txt,c4c155311d194016fb66162458ab08154742b926,CVE-2024-37831
816421644,SecG3ek/2024_CVEs,cveId.txt,c4c155311d194016fb66162458ab08154742b926,CVE-2024-37848
816421644,SecG3ek/2024_CVEs,cveId.txt,c4c155311d194016fb66162458ab08154742b926,CVE-2024-37849
816421644,SecG3ek/2024_CVEs,cveId.txt,c4c155311d194016fb66162458ab08154742b926,CVE-2024-37877
816421644,SecG3ek/2024_CVEs,cveId.txt,c4c155311d194016fb66162458ab08154742b926,CVE-2024-37878
816421644,SecG3ek/2024_CVEs,cveId.txt,c4c155311d194016fb66162458ab08154742b926,CVE-2024-37880
816421644,SecG3ek/2024_CVEs,cveId.txt,c4c155311d194016fb66162458ab08154742b926,CVE-2024-37637
816421644,SecG3ek/2024_CVEs,cveId.txt,c4c155311d194016fb66162458ab08154742b926,CVE-2024-36955
816421644,SecG3ek/2024_CVEs,cveId.txt,c4c155311d194016fb66162458ab08154742b926,CVE-2024-36954
816421644,SecG3ek/2024_CVEs,cveId.txt,c4c155311d194016fb66162458ab08154742b926,CVE-2024-36953
816421644,SecG3ek/2024_CVEs,cveId.txt,c4c155311d194016fb66162458ab08154742b926,CVE-2024-36774
816421644,SecG3ek/2024_CVEs,cveId.txt,c4c155311d194016fb66162458ab08154742b926,CVE-2024-36775
816421644,SecG3ek/2024_CVEs,cveId.txt,c4c155311d194016fb66162458ab08154742b926,CVE-2024-36779
816421644,SecG3ek/2024_CVEs,cveId.txt,c4c155311d194016fb66162458ab08154742b926,CVE-2024-36782
816421644,SecG3ek/2024_CVEs,cveId.txt,c4c155311d194016fb66162458ab08154742b926,CVE-2024-36783
816421644,SecG3ek/2024_CVEs,cveId.txt,c4c155311d194016fb66162458ab08154742b926,CVE-2024-36787
816421644,SecG3ek/2024_CVEs,cveId.txt,c4c155311d194016fb66162458ab08154742b926,CVE-2024-36788
816421644,SecG3ek/2024_CVEs,cveId.txt,c4c155311d194016fb66162458ab08154742b926,CVE-2024-36789
816421644,SecG3ek/2024_CVEs,cveId.txt,c4c155311d194016fb66162458ab08154742b926,CVE-2024-36790
816421644,SecG3ek/2024_CVEs,cveId.txt,c4c155311d194016fb66162458ab08154742b926,CVE-2024-36792
816421644,SecG3ek/2024_CVEs,cveId.txt,c4c155311d194016fb66162458ab08154742b926,CVE-2024-36795
816421644,SecG3ek/2024_CVEs,cveId.txt,c4c155311d194016fb66162458ab08154742b926,CVE-2024-36800
816421644,SecG3ek/2024_CVEs,cveId.txt,c4c155311d194016fb66162458ab08154742b926,CVE-2024-36801
816421644,SecG3ek/2024_CVEs,cveId.txt,c4c155311d194016fb66162458ab08154742b926,CVE-2024-36811
816421644,SecG3ek/2024_CVEs,cveId.txt,c4c155311d194016fb66162458ab08154742b926,CVE-2024-36773
816421644,SecG3ek/2024_CVEs,cveId.txt,c4c155311d194016fb66162458ab08154742b926,CVE-2024-36821
816421644,SecG3ek/2024_CVEs,cveId.txt,c4c155311d194016fb66162458ab08154742b926,CVE-2024-36827
816421644,SecG3ek/2024_CVEs,cveId.txt,c4c155311d194016fb66162458ab08154742b926,CVE-2024-36837
816421644,SecG3ek/2024_CVEs,cveId.txt,c4c155311d194016fb66162458ab08154742b926,CVE-2024-36840
816421644,SecG3ek/2024_CVEs,cveId.txt,c4c155311d194016fb66162458ab08154742b926,CVE-2024-36843
816421644,SecG3ek/2024_CVEs,cveId.txt,c4c155311d194016fb66162458ab08154742b926,CVE-2024-36844
816421644,SecG3ek/2024_CVEs,cveId.txt,c4c155311d194016fb66162458ab08154742b926,CVE-2024-36845
816421644,SecG3ek/2024_CVEs,cveId.txt,c4c155311d194016fb66162458ab08154742b926,CVE-2024-36856
816421644,SecG3ek/2024_CVEs,cveId.txt,c4c155311d194016fb66162458ab08154742b926,CVE-2024-36857
816421644,SecG3ek/2024_CVEs,cveId.txt,c4c155311d194016fb66162458ab08154742b926,CVE-2024-36858
816421644,SecG3ek/2024_CVEs,cveId.txt,c4c155311d194016fb66162458ab08154742b926,CVE-2024-36880
816421644,SecG3ek/2024_CVEs,cveId.txt,c4c155311d194016fb66162458ab08154742b926,CVE-2024-36881
816421644,SecG3ek/2024_CVEs,cveId.txt,c4c155311d194016fb66162458ab08154742b926,CVE-2024-36882
816421644,SecG3ek/2024_CVEs,cveId.txt,c4c155311d194016fb66162458ab08154742b926,CVE-2024-36883
816421644,SecG3ek/2024_CVEs,cveId.txt,c4c155311d194016fb66162458ab08154742b926,CVE-2024-36884
816421644,SecG3ek/2024_CVEs,cveId.txt,c4c155311d194016fb66162458ab08154742b926,CVE-2024-36823
816421644,SecG3ek/2024_CVEs,cveId.txt,c4c155311d194016fb66162458ab08154742b926,CVE-2024-36885
816421644,SecG3ek/2024_CVEs,cveId.txt,c4c155311d194016fb66162458ab08154742b926,CVE-2024-36761
816421644,SecG3ek/2024_CVEs,cveId.txt,c4c155311d194016fb66162458ab08154742b926,CVE-2024-36745
816421644,SecG3ek/2024_CVEs,cveId.txt,c4c155311d194016fb66162458ab08154742b926,CVE-2024-36589
816421644,SecG3ek/2024_CVEs,cveId.txt,c4c155311d194016fb66162458ab08154742b926,CVE-2024-36597
816421644,SecG3ek/2024_CVEs,cveId.txt,c4c155311d194016fb66162458ab08154742b926,CVE-2024-36598
816421644,SecG3ek/2024_CVEs,cveId.txt,c4c155311d194016fb66162458ab08154742b926,CVE-2024-36599
816421644,SecG3ek/2024_CVEs,cveId.txt,c4c155311d194016fb66162458ab08154742b926,CVE-2024-36600
816421644,SecG3ek/2024_CVEs,cveId.txt,c4c155311d194016fb66162458ab08154742b926,CVE-2024-36604
816421644,SecG3ek/2024_CVEs,cveId.txt,c4c155311d194016fb66162458ab08154742b926,CVE-2024-36647
816421644,SecG3ek/2024_CVEs,cveId.txt,c4c155311d194016fb66162458ab08154742b926,CVE-2024-36650
816421644,SecG3ek/2024_CVEs,cveId.txt,c4c155311d194016fb66162458ab08154742b926,CVE-2024-36656
816421644,SecG3ek/2024_CVEs,cveId.txt,c4c155311d194016fb66162458ab08154742b926,CVE-2024-36667
816421644,SecG3ek/2024_CVEs,cveId.txt,c4c155311d194016fb66162458ab08154742b926,CVE-2024-36668
816421644,SecG3ek/2024_CVEs,cveId.txt,c4c155311d194016fb66162458ab08154742b926,CVE-2024-36669
816421644,SecG3ek/2024_CVEs,cveId.txt,c4c155311d194016fb66162458ab08154742b926,CVE-2024-36670
816421644,SecG3ek/2024_CVEs,cveId.txt,c4c155311d194016fb66162458ab08154742b926,CVE-2024-36673
816421644,SecG3ek/2024_CVEs,cveId.txt,c4c155311d194016fb66162458ab08154742b926,CVE-2024-36760
816421644,SecG3ek/2024_CVEs,cveId.txt,c4c155311d194016fb66162458ab08154742b926,CVE-2024-36674
816421644,SecG3ek/2024_CVEs,cveId.txt,c4c155311d194016fb66162458ab08154742b926,CVE-2024-36691
816421644,SecG3ek/2024_CVEs,cveId.txt,c4c155311d194016fb66162458ab08154742b926,CVE-2024-36699
816421644,SecG3ek/2024_CVEs,cveId.txt,c4c155311d194016fb66162458ab08154742b926,CVE-2024-36702
816421644,SecG3ek/2024_CVEs,cveId.txt,c4c155311d194016fb66162458ab08154742b926,CVE-2024-36728
816421644,SecG3ek/2024_CVEs,cveId.txt,c4c155311d194016fb66162458ab08154742b926,CVE-2024-36729
816421644,SecG3ek/2024_CVEs,cveId.txt,c4c155311d194016fb66162458ab08154742b926,CVE-2024-36730
816421644,SecG3ek/2024_CVEs,cveId.txt,c4c155311d194016fb66162458ab08154742b926,CVE-2024-36732
816421644,SecG3ek/2024_CVEs,cveId.txt,c4c155311d194016fb66162458ab08154742b926,CVE-2024-36734
816421644,SecG3ek/2024_CVEs,cveId.txt,c4c155311d194016fb66162458ab08154742b926,CVE-2024-36735
816421644,SecG3ek/2024_CVEs,cveId.txt,c4c155311d194016fb66162458ab08154742b926,CVE-2024-36736
816421644,SecG3ek/2024_CVEs,cveId.txt,c4c155311d194016fb66162458ab08154742b926,CVE-2024-36737
816421644,SecG3ek/2024_CVEs,cveId.txt,c4c155311d194016fb66162458ab08154742b926,CVE-2024-36740
816421644,SecG3ek/2024_CVEs,cveId.txt,c4c155311d194016fb66162458ab08154742b926,CVE-2024-36742
816421644,SecG3ek/2024_CVEs,cveId.txt,c4c155311d194016fb66162458ab08154742b926,CVE-2024-36743
816421644,SecG3ek/2024_CVEs,cveId.txt,c4c155311d194016fb66162458ab08154742b926,CVE-2024-36675
816421644,SecG3ek/2024_CVEs,cveId.txt,c4c155311d194016fb66162458ab08154742b926,CVE-2024-36587
816421644,SecG3ek/2024_CVEs,cveId.txt,c4c155311d194016fb66162458ab08154742b926,CVE-2024-36886
816421644,SecG3ek/2024_CVEs,cveId.txt,c4c155311d194016fb66162458ab08154742b926,CVE-2024-36888
816421644,SecG3ek/2024_CVEs,cveId.txt,c4c155311d194016fb66162458ab08154742b926,CVE-2024-36923
816421644,SecG3ek/2024_CVEs,cveId.txt,c4c155311d194016fb66162458ab08154742b926,CVE-2024-36924
816421644,SecG3ek/2024_CVEs,cveId.txt,c4c155311d194016fb66162458ab08154742b926,CVE-2024-36925
816421644,SecG3ek/2024_CVEs,cveId.txt,c4c155311d194016fb66162458ab08154742b926,CVE-2024-36926
816421644,SecG3ek/2024_CVEs,cveId.txt,c4c155311d194016fb66162458ab08154742b926,CVE-2024-36927
816421644,SecG3ek/2024_CVEs,cveId.txt,c4c155311d194016fb66162458ab08154742b926,CVE-2024-36928
816421644,SecG3ek/2024_CVEs,cveId.txt,c4c155311d194016fb66162458ab08154742b926,CVE-2024-36929
816421644,SecG3ek/2024_CVEs,cveId.txt,c4c155311d194016fb66162458ab08154742b926,CVE-2024-36930
816421644,SecG3ek/2024_CVEs,cveId.txt,c4c155311d194016fb66162458ab08154742b926,CVE-2024-36931
816421644,SecG3ek/2024_CVEs,cveId.txt,c4c155311d194016fb66162458ab08154742b926,CVE-2024-36932
816421644,SecG3ek/2024_CVEs,cveId.txt,c4c155311d194016fb66162458ab08154742b926,CVE-2024-36933
816421644,SecG3ek/2024_CVEs,cveId.txt,c4c155311d194016fb66162458ab08154742b926,CVE-2024-36934
816421644,SecG3ek/2024_CVEs,cveId.txt,c4c155311d194016fb66162458ab08154742b926,CVE-2024-36935
816421644,SecG3ek/2024_CVEs,cveId.txt,c4c155311d194016fb66162458ab08154742b926,CVE-2024-36936
816421644,SecG3ek/2024_CVEs,cveId.txt,c4c155311d194016fb66162458ab08154742b926,CVE-2024-36922
816421644,SecG3ek/2024_CVEs,cveId.txt,c4c155311d194016fb66162458ab08154742b926,CVE-2024-36937
816421644,SecG3ek/2024_CVEs,cveId.txt,c4c155311d194016fb66162458ab08154742b926,CVE-2024-36939
816421644,SecG3ek/2024_CVEs,cveId.txt,c4c155311d194016fb66162458ab08154742b926,CVE-2024-36940
816421644,SecG3ek/2024_CVEs,cveId.txt,c4c155311d194016fb66162458ab08154742b926,CVE-2024-36941
816421644,SecG3ek/2024_CVEs,cveId.txt,c4c155311d194016fb66162458ab08154742b926,CVE-2024-36942
816421644,SecG3ek/2024_CVEs,cveId.txt,c4c155311d194016fb66162458ab08154742b926,CVE-2024-36943
816421644,SecG3ek/2024_CVEs,cveId.txt,c4c155311d194016fb66162458ab08154742b926,CVE-2024-36944
816421644,SecG3ek/2024_CVEs,cveId.txt,c4c155311d194016fb66162458ab08154742b926,CVE-2024-36945
816421644,SecG3ek/2024_CVEs,cveId.txt,c4c155311d194016fb66162458ab08154742b926,CVE-2024-36946
816421644,SecG3ek/2024_CVEs,cveId.txt,c4c155311d194016fb66162458ab08154742b926,CVE-2024-36947
816421644,SecG3ek/2024_CVEs,cveId.txt,c4c155311d194016fb66162458ab08154742b926,CVE-2024-36948
816421644,SecG3ek/2024_CVEs,cveId.txt,c4c155311d194016fb66162458ab08154742b926,CVE-2024-36949
816421644,SecG3ek/2024_CVEs,cveId.txt,c4c155311d194016fb66162458ab08154742b926,CVE-2024-36950
816421644,SecG3ek/2024_CVEs,cveId.txt,c4c155311d194016fb66162458ab08154742b926,CVE-2024-36951
816421644,SecG3ek/2024_CVEs,cveId.txt,c4c155311d194016fb66162458ab08154742b926,CVE-2024-36952
816421644,SecG3ek/2024_CVEs,cveId.txt,c4c155311d194016fb66162458ab08154742b926,CVE-2024-36938
816421644,SecG3ek/2024_CVEs,cveId.txt,c4c155311d194016fb66162458ab08154742b926,CVE-2024-36887
816421644,SecG3ek/2024_CVEs,cveId.txt,c4c155311d194016fb66162458ab08154742b926,CVE-2024-36921
816421644,SecG3ek/2024_CVEs,cveId.txt,c4c155311d194016fb66162458ab08154742b926,CVE-2024-36919
816421644,SecG3ek/2024_CVEs,cveId.txt,c4c155311d194016fb66162458ab08154742b926,CVE-2024-36889
816421644,SecG3ek/2024_CVEs,cveId.txt,c4c155311d194016fb66162458ab08154742b926,CVE-2024-36890
816421644,SecG3ek/2024_CVEs,cveId.txt,c4c155311d194016fb66162458ab08154742b926,CVE-2024-36891
816421644,SecG3ek/2024_CVEs,cveId.txt,c4c155311d194016fb66162458ab08154742b926,CVE-2024-36892
816421644,SecG3ek/2024_CVEs,cveId.txt,c4c155311d194016fb66162458ab08154742b926,CVE-2024-36893
816421644,SecG3ek/2024_CVEs,cveId.txt,c4c155311d194016fb66162458ab08154742b926,CVE-2024-36894
816421644,SecG3ek/2024_CVEs,cveId.txt,c4c155311d194016fb66162458ab08154742b926,CVE-2024-36895
816421644,SecG3ek/2024_CVEs,cveId.txt,c4c155311d194016fb66162458ab08154742b926,CVE-2024-36896
816421644,SecG3ek/2024_CVEs,cveId.txt,c4c155311d194016fb66162458ab08154742b926,CVE-2024-36897
816421644,SecG3ek/2024_CVEs,cveId.txt,c4c155311d194016fb66162458ab08154742b926,CVE-2024-36898
816421644,SecG3ek/2024_CVEs,cveId.txt,c4c155311d194016fb66162458ab08154742b926,CVE-2024-36899
816421644,SecG3ek/2024_CVEs,cveId.txt,c4c155311d194016fb66162458ab08154742b926,CVE-2024-36900
816421644,SecG3ek/2024_CVEs,cveId.txt,c4c155311d194016fb66162458ab08154742b926,CVE-2024-36901
816421644,SecG3ek/2024_CVEs,cveId.txt,c4c155311d194016fb66162458ab08154742b926,CVE-2024-36902
816421644,SecG3ek/2024_CVEs,cveId.txt,c4c155311d194016fb66162458ab08154742b926,CVE-2024-36920
816421644,SecG3ek/2024_CVEs,cveId.txt,c4c155311d194016fb66162458ab08154742b926,CVE-2024-36903
816421644,SecG3ek/2024_CVEs,cveId.txt,c4c155311d194016fb66162458ab08154742b926,CVE-2024-36905
816421644,SecG3ek/2024_CVEs,cveId.txt,c4c155311d194016fb66162458ab08154742b926,CVE-2024-36906
816421644,SecG3ek/2024_CVEs,cveId.txt,c4c155311d194016fb66162458ab08154742b926,CVE-2024-36907
816421644,SecG3ek/2024_CVEs,cveId.txt,c4c155311d194016fb66162458ab08154742b926,CVE-2024-36908
816421644,SecG3ek/2024_CVEs,cveId.txt,c4c155311d194016fb66162458ab08154742b926,CVE-2024-36909
816421644,SecG3ek/2024_CVEs,cveId.txt,c4c155311d194016fb66162458ab08154742b926,CVE-2024-36910
816421644,SecG3ek/2024_CVEs,cveId.txt,c4c155311d194016fb66162458ab08154742b926,CVE-2024-36911
816421644,SecG3ek/2024_CVEs,cveId.txt,c4c155311d194016fb66162458ab08154742b926,CVE-2024-36912
816421644,SecG3ek/2024_CVEs,cveId.txt,c4c155311d194016fb66162458ab08154742b926,CVE-2024-36913
816421644,SecG3ek/2024_CVEs,cveId.txt,c4c155311d194016fb66162458ab08154742b926,CVE-2024-36914
816421644,SecG3ek/2024_CVEs,cveId.txt,c4c155311d194016fb66162458ab08154742b926,CVE-2024-36915
816421644,SecG3ek/2024_CVEs,cveId.txt,c4c155311d194016fb66162458ab08154742b926,CVE-2024-36916
816421644,SecG3ek/2024_CVEs,cveId.txt,c4c155311d194016fb66162458ab08154742b926,CVE-2024-36917
816421644,SecG3ek/2024_CVEs,cveId.txt,c4c155311d194016fb66162458ab08154742b926,CVE-2024-36918
816421644,SecG3ek/2024_CVEs,cveId.txt,c4c155311d194016fb66162458ab08154742b926,CVE-2024-36904
816421644,SecG3ek/2024_CVEs,cveId.txt,c4c155311d194016fb66162458ab08154742b926,CVE-2024-32431
816421644,SecG3ek/2024_CVEs,cveId.txt,c4c155311d194016fb66162458ab08154742b926,CVE-2024-35954
816421644,SecG3ek/2024_CVEs,cveId.txt,c4c155311d194016fb66162458ab08154742b926,CVE-2024-35952
816421644,SecG3ek/2024_CVEs,cveId.txt,c4c155311d194016fb66162458ab08154742b926,CVE-2024-35350
816421644,SecG3ek/2024_CVEs,cveId.txt,c4c155311d194016fb66162458ab08154742b926,CVE-2024-35351
816421644,SecG3ek/2024_CVEs,cveId.txt,c4c155311d194016fb66162458ab08154742b926,CVE-2024-35352
816421644,SecG3ek/2024_CVEs,cveId.txt,c4c155311d194016fb66162458ab08154742b926,CVE-2024-35353
816421644,SecG3ek/2024_CVEs,cveId.txt,c4c155311d194016fb66162458ab08154742b926,CVE-2024-35354
816421644,SecG3ek/2024_CVEs,cveId.txt,c4c155311d194016fb66162458ab08154742b926,CVE-2024-35355
816421644,SecG3ek/2024_CVEs,cveId.txt,c4c155311d194016fb66162458ab08154742b926,CVE-2024-35356
816421644,SecG3ek/2024_CVEs,cveId.txt,c4c155311d194016fb66162458ab08154742b926,CVE-2024-35357
816421644,SecG3ek/2024_CVEs,cveId.txt,c4c155311d194016fb66162458ab08154742b926,CVE-2024-35358
816421644,SecG3ek/2024_CVEs,cveId.txt,c4c155311d194016fb66162458ab08154742b926,CVE-2024-35359
816421644,SecG3ek/2024_CVEs,cveId.txt,c4c155311d194016fb66162458ab08154742b926,CVE-2024-35361
816421644,SecG3ek/2024_CVEs,cveId.txt,c4c155311d194016fb66162458ab08154742b926,CVE-2024-35362
816421644,SecG3ek/2024_CVEs,cveId.txt,c4c155311d194016fb66162458ab08154742b926,CVE-2024-35373
816421644,SecG3ek/2024_CVEs,cveId.txt,c4c155311d194016fb66162458ab08154742b926,CVE-2024-35374
816421644,SecG3ek/2024_CVEs,cveId.txt,c4c155311d194016fb66162458ab08154742b926,CVE-2024-35375
816421644,SecG3ek/2024_CVEs,cveId.txt,c4c155311d194016fb66162458ab08154742b926,CVE-2024-35384
816421644,SecG3ek/2024_CVEs,cveId.txt,c4c155311d194016fb66162458ab08154742b926,CVE-2024-35385
816421644,SecG3ek/2024_CVEs,cveId.txt,c4c155311d194016fb66162458ab08154742b926,CVE-2024-35386
816421644,SecG3ek/2024_CVEs,cveId.txt,c4c155311d194016fb66162458ab08154742b926,CVE-2024-35387
816421644,SecG3ek/2024_CVEs,cveId.txt,c4c155311d194016fb66162458ab08154742b926,CVE-2024-35388
816421644,SecG3ek/2024_CVEs,cveId.txt,c4c155311d194016fb66162458ab08154742b926,CVE-2024-35395
816421644,SecG3ek/2024_CVEs,cveId.txt,c4c155311d194016fb66162458ab08154742b926,CVE-2024-35396
816421644,SecG3ek/2024_CVEs,cveId.txt,c4c155311d194016fb66162458ab08154742b926,CVE-2024-35397
816421644,SecG3ek/2024_CVEs,cveId.txt,c4c155311d194016fb66162458ab08154742b926,CVE-2024-35398
816421644,SecG3ek/2024_CVEs,cveId.txt,c4c155311d194016fb66162458ab08154742b926,CVE-2024-35399
816421644,SecG3ek/2024_CVEs,cveId.txt,c4c155311d194016fb66162458ab08154742b926,CVE-2024-35400
816421644,SecG3ek/2024_CVEs,cveId.txt,c4c155311d194016fb66162458ab08154742b926,CVE-2024-35401
816421644,SecG3ek/2024_CVEs,cveId.txt,c4c155311d194016fb66162458ab08154742b926,CVE-2024-35403
816421644,SecG3ek/2024_CVEs,cveId.txt,c4c155311d194016fb66162458ab08154742b926,CVE-2024-35409
816421644,SecG3ek/2024_CVEs,cveId.txt,c4c155311d194016fb66162458ab08154742b926,CVE-2024-35349
816421644,SecG3ek/2024_CVEs,cveId.txt,c4c155311d194016fb66162458ab08154742b926,CVE-2024-35345
816421644,SecG3ek/2024_CVEs,cveId.txt,c4c155311d194016fb66162458ab08154742b926,CVE-2024-35344
816421644,SecG3ek/2024_CVEs,cveId.txt,c4c155311d194016fb66162458ab08154742b926,CVE-2024-35343
816421644,SecG3ek/2024_CVEs,cveId.txt,c4c155311d194016fb66162458ab08154742b926,CVE-2024-35255
816421644,SecG3ek/2024_CVEs,cveId.txt,c4c155311d194016fb66162458ab08154742b926,CVE-2024-35263
816421644,SecG3ek/2024_CVEs,cveId.txt,c4c155311d194016fb66162458ab08154742b926,CVE-2024-35265
816421644,SecG3ek/2024_CVEs,cveId.txt,c4c155311d194016fb66162458ab08154742b926,CVE-2024-35283
816421644,SecG3ek/2024_CVEs,cveId.txt,c4c155311d194016fb66162458ab08154742b926,CVE-2024-35284
816421644,SecG3ek/2024_CVEs,cveId.txt,c4c155311d194016fb66162458ab08154742b926,CVE-2024-35291
816421644,SecG3ek/2024_CVEs,cveId.txt,c4c155311d194016fb66162458ab08154742b926,CVE-2024-35292
816421644,SecG3ek/2024_CVEs,cveId.txt,c4c155311d194016fb66162458ab08154742b926,CVE-2024-35297
816421644,SecG3ek/2024_CVEs,cveId.txt,c4c155311d194016fb66162458ab08154742b926,CVE-2024-35299
816421644,SecG3ek/2024_CVEs,cveId.txt,c4c155311d194016fb66162458ab08154742b926,CVE-2024-35300
816421644,SecG3ek/2024_CVEs,cveId.txt,c4c155311d194016fb66162458ab08154742b926,CVE-2024-35301
816421644,SecG3ek/2024_CVEs,cveId.txt,c4c155311d194016fb66162458ab08154742b926,CVE-2024-35302
816421644,SecG3ek/2024_CVEs,cveId.txt,c4c155311d194016fb66162458ab08154742b926,CVE-2024-35303
816421644,SecG3ek/2024_CVEs,cveId.txt,c4c155311d194016fb66162458ab08154742b926,CVE-2024-35304
816421644,SecG3ek/2024_CVEs,cveId.txt,c4c155311d194016fb66162458ab08154742b926,CVE-2024-35428
816421644,SecG3ek/2024_CVEs,cveId.txt,c4c155311d194016fb66162458ab08154742b926,CVE-2024-35305
816421644,SecG3ek/2024_CVEs,cveId.txt,c4c155311d194016fb66162458ab08154742b926,CVE-2024-35307
816421644,SecG3ek/2024_CVEs,cveId.txt,c4c155311d194016fb66162458ab08154742b926,CVE-2024-35311
816421644,SecG3ek/2024_CVEs,cveId.txt,c4c155311d194016fb66162458ab08154742b926,CVE-2024-35312
816421644,SecG3ek/2024_CVEs,cveId.txt,c4c155311d194016fb66162458ab08154742b926,CVE-2024-35313
816421644,SecG3ek/2024_CVEs,cveId.txt,c4c155311d194016fb66162458ab08154742b926,CVE-2024-35324
816421644,SecG3ek/2024_CVEs,cveId.txt,c4c155311d194016fb66162458ab08154742b926,CVE-2024-35325
816421644,SecG3ek/2024_CVEs,cveId.txt,c4c155311d194016fb66162458ab08154742b926,CVE-2024-35326
816421644,SecG3ek/2024_CVEs,cveId.txt,c4c155311d194016fb66162458ab08154742b926,CVE-2024-35328
816421644,SecG3ek/2024_CVEs,cveId.txt,c4c155311d194016fb66162458ab08154742b926,CVE-2024-35329
816421644,SecG3ek/2024_CVEs,cveId.txt,c4c155311d194016fb66162458ab08154742b926,CVE-2024-35333
816421644,SecG3ek/2024_CVEs,cveId.txt,c4c155311d194016fb66162458ab08154742b926,CVE-2024-35339
816421644,SecG3ek/2024_CVEs,cveId.txt,c4c155311d194016fb66162458ab08154742b926,CVE-2024-35340
816421644,SecG3ek/2024_CVEs,cveId.txt,c4c155311d194016fb66162458ab08154742b926,CVE-2024-35341
816421644,SecG3ek/2024_CVEs,cveId.txt,c4c155311d194016fb66162458ab08154742b926,CVE-2024-35342
816421644,SecG3ek/2024_CVEs,cveId.txt,c4c155311d194016fb66162458ab08154742b926,CVE-2024-35306
816421644,SecG3ek/2024_CVEs,cveId.txt,c4c155311d194016fb66162458ab08154742b926,CVE-2024-35429
816421644,SecG3ek/2024_CVEs,cveId.txt,c4c155311d194016fb66162458ab08154742b926,CVE-2024-35430
816421644,SecG3ek/2024_CVEs,cveId.txt,c4c155311d194016fb66162458ab08154742b926,CVE-2024-35431
816421644,SecG3ek/2024_CVEs,cveId.txt,c4c155311d194016fb66162458ab08154742b926,CVE-2024-35583
816421644,SecG3ek/2024_CVEs,cveId.txt,c4c155311d194016fb66162458ab08154742b926,CVE-2024-35591
816421644,SecG3ek/2024_CVEs,cveId.txt,c4c155311d194016fb66162458ab08154742b926,CVE-2024-35592
816421644,SecG3ek/2024_CVEs,cveId.txt,c4c155311d194016fb66162458ab08154742b926,CVE-2024-35593
816421644,SecG3ek/2024_CVEs,cveId.txt,c4c155311d194016fb66162458ab08154742b926,CVE-2024-35595
816421644,SecG3ek/2024_CVEs,cveId.txt,c4c155311d194016fb66162458ab08154742b926,CVE-2024-35618
816421644,SecG3ek/2024_CVEs,cveId.txt,c4c155311d194016fb66162458ab08154742b926,CVE-2024-35621
816421644,SecG3ek/2024_CVEs,cveId.txt,c4c155311d194016fb66162458ab08154742b926,CVE-2024-35627
816421644,SecG3ek/2024_CVEs,cveId.txt,c4c155311d194016fb66162458ab08154742b926,CVE-2024-35628
816421644,SecG3ek/2024_CVEs,cveId.txt,c4c155311d194016fb66162458ab08154742b926,CVE-2024-35629
816421644,SecG3ek/2024_CVEs,cveId.txt,c4c155311d194016fb66162458ab08154742b926,CVE-2024-35630
816421644,SecG3ek/2024_CVEs,cveId.txt,c4c155311d194016fb66162458ab08154742b926,CVE-2024-35631
816421644,SecG3ek/2024_CVEs,cveId.txt,c4c155311d194016fb66162458ab08154742b926,CVE-2024-35632
816421644,SecG3ek/2024_CVEs,cveId.txt,c4c155311d194016fb66162458ab08154742b926,CVE-2024-35633
816421644,SecG3ek/2024_CVEs,cveId.txt,c4c155311d194016fb66162458ab08154742b926,CVE-2024-35582
816421644,SecG3ek/2024_CVEs,cveId.txt,c4c155311d194016fb66162458ab08154742b926,CVE-2024-35634
816421644,SecG3ek/2024_CVEs,cveId.txt,c4c155311d194016fb66162458ab08154742b926,CVE-2024-35636
816421644,SecG3ek/2024_CVEs,cveId.txt,c4c155311d194016fb66162458ab08154742b926,CVE-2024-35637
816421644,SecG3ek/2024_CVEs,cveId.txt,c4c155311d194016fb66162458ab08154742b926,CVE-2024-35638
816421644,SecG3ek/2024_CVEs,cveId.txt,c4c155311d194016fb66162458ab08154742b926,CVE-2024-35639
816421644,SecG3ek/2024_CVEs,cveId.txt,c4c155311d194016fb66162458ab08154742b926,CVE-2024-35640
816421644,SecG3ek/2024_CVEs,cveId.txt,c4c155311d194016fb66162458ab08154742b926,CVE-2024-35641
816421644,SecG3ek/2024_CVEs,cveId.txt,c4c155311d194016fb66162458ab08154742b926,CVE-2024-35642
816421644,SecG3ek/2024_CVEs,cveId.txt,c4c155311d194016fb66162458ab08154742b926,CVE-2024-35643
816421644,SecG3ek/2024_CVEs,cveId.txt,c4c155311d194016fb66162458ab08154742b926,CVE-2024-35645
816421644,SecG3ek/2024_CVEs,cveId.txt,c4c155311d194016fb66162458ab08154742b926,CVE-2024-35646
816421644,SecG3ek/2024_CVEs,cveId.txt,c4c155311d194016fb66162458ab08154742b926,CVE-2024-35647
816421644,SecG3ek/2024_CVEs,cveId.txt,c4c155311d194016fb66162458ab08154742b926,CVE-2024-35649
816421644,SecG3ek/2024_CVEs,cveId.txt,c4c155311d194016fb66162458ab08154742b926,CVE-2024-35650
816421644,SecG3ek/2024_CVEs,cveId.txt,c4c155311d194016fb66162458ab08154742b926,CVE-2024-35651
816421644,SecG3ek/2024_CVEs,cveId.txt,c4c155311d194016fb66162458ab08154742b926,CVE-2024-35635
816421644,SecG3ek/2024_CVEs,cveId.txt,c4c155311d194016fb66162458ab08154742b926,CVE-2024-35254
816421644,SecG3ek/2024_CVEs,cveId.txt,c4c155311d194016fb66162458ab08154742b926,CVE-2024-35581
816421644,SecG3ek/2024_CVEs,cveId.txt,c4c155311d194016fb66162458ab08154742b926,CVE-2024-35579
816421644,SecG3ek/2024_CVEs,cveId.txt,c4c155311d194016fb66162458ab08154742b926,CVE-2024-35432
816421644,SecG3ek/2024_CVEs,cveId.txt,c4c155311d194016fb66162458ab08154742b926,CVE-2024-35433
816421644,SecG3ek/2024_CVEs,cveId.txt,c4c155311d194016fb66162458ab08154742b926,CVE-2024-35434
816421644,SecG3ek/2024_CVEs,cveId.txt,c4c155311d194016fb66162458ab08154742b926,CVE-2024-35468
816421644,SecG3ek/2024_CVEs,cveId.txt,c4c155311d194016fb66162458ab08154742b926,CVE-2024-35469
816421644,SecG3ek/2024_CVEs,cveId.txt,c4c155311d194016fb66162458ab08154742b926,CVE-2024-35474
816421644,SecG3ek/2024_CVEs,cveId.txt,c4c155311d194016fb66162458ab08154742b926,CVE-2024-35475
816421644,SecG3ek/2024_CVEs,cveId.txt,c4c155311d194016fb66162458ab08154742b926,CVE-2024-35492
816421644,SecG3ek/2024_CVEs,cveId.txt,c4c155311d194016fb66162458ab08154742b926,CVE-2024-35504
816421644,SecG3ek/2024_CVEs,cveId.txt,c4c155311d194016fb66162458ab08154742b926,CVE-2024-35510
816421644,SecG3ek/2024_CVEs,cveId.txt,c4c155311d194016fb66162458ab08154742b926,CVE-2024-35511
816421644,SecG3ek/2024_CVEs,cveId.txt,c4c155311d194016fb66162458ab08154742b926,CVE-2024-35512
816421644,SecG3ek/2024_CVEs,cveId.txt,c4c155311d194016fb66162458ab08154742b926,CVE-2024-35548
816421644,SecG3ek/2024_CVEs,cveId.txt,c4c155311d194016fb66162458ab08154742b926,CVE-2024-35550
816421644,SecG3ek/2024_CVEs,cveId.txt,c4c155311d194016fb66162458ab08154742b926,CVE-2024-35580
816421644,SecG3ek/2024_CVEs,cveId.txt,c4c155311d194016fb66162458ab08154742b926,CVE-2024-35551
816421644,SecG3ek/2024_CVEs,cveId.txt,c4c155311d194016fb66162458ab08154742b926,CVE-2024-35553
816421644,SecG3ek/2024_CVEs,cveId.txt,c4c155311d194016fb66162458ab08154742b926,CVE-2024-35554
816421644,SecG3ek/2024_CVEs,cveId.txt,c4c155311d194016fb66162458ab08154742b926,CVE-2024-35555
816421644,SecG3ek/2024_CVEs,cveId.txt,c4c155311d194016fb66162458ab08154742b926,CVE-2024-35556
816421644,SecG3ek/2024_CVEs,cveId.txt,c4c155311d194016fb66162458ab08154742b926,CVE-2024-35557
816421644,SecG3ek/2024_CVEs,cveId.txt,c4c155311d194016fb66162458ab08154742b926,CVE-2024-35558
816421644,SecG3ek/2024_CVEs,cveId.txt,c4c155311d194016fb66162458ab08154742b926,CVE-2024-35559
816421644,SecG3ek/2024_CVEs,cveId.txt,c4c155311d194016fb66162458ab08154742b926,CVE-2024-35560
816421644,SecG3ek/2024_CVEs,cveId.txt,c4c155311d194016fb66162458ab08154742b926,CVE-2024-35561
816421644,SecG3ek/2024_CVEs,cveId.txt,c4c155311d194016fb66162458ab08154742b926,CVE-2024-35563
816421644,SecG3ek/2024_CVEs,cveId.txt,c4c155311d194016fb66162458ab08154742b926,CVE-2024-35570
816421644,SecG3ek/2024_CVEs,cveId.txt,c4c155311d194016fb66162458ab08154742b926,CVE-2024-35571
816421644,SecG3ek/2024_CVEs,cveId.txt,c4c155311d194016fb66162458ab08154742b926,CVE-2024-35576
816421644,SecG3ek/2024_CVEs,cveId.txt,c4c155311d194016fb66162458ab08154742b926,CVE-2024-35578
816421644,SecG3ek/2024_CVEs,cveId.txt,c4c155311d194016fb66162458ab08154742b926,CVE-2024-35552
816421644,SecG3ek/2024_CVEs,cveId.txt,c4c155311d194016fb66162458ab08154742b926,CVE-2024-35253
816421644,SecG3ek/2024_CVEs,cveId.txt,c4c155311d194016fb66162458ab08154742b926,CVE-2024-35252
816421644,SecG3ek/2024_CVEs,cveId.txt,c4c155311d194016fb66162458ab08154742b926,CVE-2024-35250
816421644,SecG3ek/2024_CVEs,cveId.txt,c4c155311d194016fb66162458ab08154742b926,CVE-2024-34832
816421644,SecG3ek/2024_CVEs,cveId.txt,c4c155311d194016fb66162458ab08154742b926,CVE-2024-34852
816421644,SecG3ek/2024_CVEs,cveId.txt,c4c155311d194016fb66162458ab08154742b926,CVE-2024-34854
816421644,SecG3ek/2024_CVEs,cveId.txt,c4c155311d194016fb66162458ab08154742b926,CVE-2024-34899
816421644,SecG3ek/2024_CVEs,cveId.txt,c4c155311d194016fb66162458ab08154742b926,CVE-2024-34905
816421644,SecG3ek/2024_CVEs,cveId.txt,c4c155311d194016fb66162458ab08154742b926,CVE-2024-34906
816421644,SecG3ek/2024_CVEs,cveId.txt,c4c155311d194016fb66162458ab08154742b926,CVE-2024-34909
816421644,SecG3ek/2024_CVEs,cveId.txt,c4c155311d194016fb66162458ab08154742b926,CVE-2024-34913
816421644,SecG3ek/2024_CVEs,cveId.txt,c4c155311d194016fb66162458ab08154742b926,CVE-2024-34914
816421644,SecG3ek/2024_CVEs,cveId.txt,c4c155311d194016fb66162458ab08154742b926,CVE-2024-34919
816421644,SecG3ek/2024_CVEs,cveId.txt,c4c155311d194016fb66162458ab08154742b926,CVE-2024-34921
816421644,SecG3ek/2024_CVEs,cveId.txt,c4c155311d194016fb66162458ab08154742b926,CVE-2024-34923
816421644,SecG3ek/2024_CVEs,cveId.txt,c4c155311d194016fb66162458ab08154742b926,CVE-2024-34927
816421644,SecG3ek/2024_CVEs,cveId.txt,c4c155311d194016fb66162458ab08154742b926,CVE-2024-34928
816421644,SecG3ek/2024_CVEs,cveId.txt,c4c155311d194016fb66162458ab08154742b926,CVE-2024-34828
816421644,SecG3ek/2024_CVEs,cveId.txt,c4c155311d194016fb66162458ab08154742b926,CVE-2024-34929
816421644,SecG3ek/2024_CVEs,cveId.txt,c4c155311d194016fb66162458ab08154742b926,CVE-2024-34931
816421644,SecG3ek/2024_CVEs,cveId.txt,c4c155311d194016fb66162458ab08154742b926,CVE-2024-34932
816421644,SecG3ek/2024_CVEs,cveId.txt,c4c155311d194016fb66162458ab08154742b926,CVE-2024-34933
816421644,SecG3ek/2024_CVEs,cveId.txt,c4c155311d194016fb66162458ab08154742b926,CVE-2024-34934
816421644,SecG3ek/2024_CVEs,cveId.txt,c4c155311d194016fb66162458ab08154742b926,CVE-2024-34935
816421644,SecG3ek/2024_CVEs,cveId.txt,c4c155311d194016fb66162458ab08154742b926,CVE-2024-34936
816421644,SecG3ek/2024_CVEs,cveId.txt,c4c155311d194016fb66162458ab08154742b926,CVE-2024-34942
816421644,SecG3ek/2024_CVEs,cveId.txt,c4c155311d194016fb66162458ab08154742b926,CVE-2024-34943
816421644,SecG3ek/2024_CVEs,cveId.txt,c4c155311d194016fb66162458ab08154742b926,CVE-2024-34944
816421644,SecG3ek/2024_CVEs,cveId.txt,c4c155311d194016fb66162458ab08154742b926,CVE-2024-34945
816421644,SecG3ek/2024_CVEs,cveId.txt,c4c155311d194016fb66162458ab08154742b926,CVE-2024-34946
816421644,SecG3ek/2024_CVEs,cveId.txt,c4c155311d194016fb66162458ab08154742b926,CVE-2024-34947
816421644,SecG3ek/2024_CVEs,cveId.txt,c4c155311d194016fb66162458ab08154742b926,CVE-2024-34948
816421644,SecG3ek/2024_CVEs,cveId.txt,c4c155311d194016fb66162458ab08154742b926,CVE-2024-34949
816421644,SecG3ek/2024_CVEs,cveId.txt,c4c155311d194016fb66162458ab08154742b926,CVE-2024-34930
816421644,SecG3ek/2024_CVEs,cveId.txt,c4c155311d194016fb66162458ab08154742b926,CVE-2024-34950
816421644,SecG3ek/2024_CVEs,cveId.txt,c4c155311d194016fb66162458ab08154742b926,CVE-2024-34827
816421644,SecG3ek/2024_CVEs,cveId.txt,c4c155311d194016fb66162458ab08154742b926,CVE-2024-34825
816421644,SecG3ek/2024_CVEs,cveId.txt,c4c155311d194016fb66162458ab08154742b926,CVE-2024-34794
816421644,SecG3ek/2024_CVEs,cveId.txt,c4c155311d194016fb66162458ab08154742b926,CVE-2024-34795
816421644,SecG3ek/2024_CVEs,cveId.txt,c4c155311d194016fb66162458ab08154742b926,CVE-2024-34796
816421644,SecG3ek/2024_CVEs,cveId.txt,c4c155311d194016fb66162458ab08154742b926,CVE-2024-34797
816421644,SecG3ek/2024_CVEs,cveId.txt,c4c155311d194016fb66162458ab08154742b926,CVE-2024-34798
816421644,SecG3ek/2024_CVEs,cveId.txt,c4c155311d194016fb66162458ab08154742b926,CVE-2024-34799
816421644,SecG3ek/2024_CVEs,cveId.txt,c4c155311d194016fb66162458ab08154742b926,CVE-2024-34800
816421644,SecG3ek/2024_CVEs,cveId.txt,c4c155311d194016fb66162458ab08154742b926,CVE-2024-34801
816421644,SecG3ek/2024_CVEs,cveId.txt,c4c155311d194016fb66162458ab08154742b926,CVE-2024-34802
816421644,SecG3ek/2024_CVEs,cveId.txt,c4c155311d194016fb66162458ab08154742b926,CVE-2024-34803
816421644,SecG3ek/2024_CVEs,cveId.txt,c4c155311d194016fb66162458ab08154742b926,CVE-2024-34804
816421644,SecG3ek/2024_CVEs,cveId.txt,c4c155311d194016fb66162458ab08154742b926,CVE-2024-34805
816421644,SecG3ek/2024_CVEs,cveId.txt,c4c155311d194016fb66162458ab08154742b926,CVE-2024-34806
816421644,SecG3ek/2024_CVEs,cveId.txt,c4c155311d194016fb66162458ab08154742b926,CVE-2024-34807
816421644,SecG3ek/2024_CVEs,cveId.txt,c4c155311d194016fb66162458ab08154742b926,CVE-2024-34826
816421644,SecG3ek/2024_CVEs,cveId.txt,c4c155311d194016fb66162458ab08154742b926,CVE-2024-34808
816421644,SecG3ek/2024_CVEs,cveId.txt,c4c155311d194016fb66162458ab08154742b926,CVE-2024-34811
816421644,SecG3ek/2024_CVEs,cveId.txt,c4c155311d194016fb66162458ab08154742b926,CVE-2024-34812
816421644,SecG3ek/2024_CVEs,cveId.txt,c4c155311d194016fb66162458ab08154742b926,CVE-2024-34813
816421644,SecG3ek/2024_CVEs,cveId.txt,c4c155311d194016fb66162458ab08154742b926,CVE-2024-34814
816421644,SecG3ek/2024_CVEs,cveId.txt,c4c155311d194016fb66162458ab08154742b926,CVE-2024-34815
816421644,SecG3ek/2024_CVEs,cveId.txt,c4c155311d194016fb66162458ab08154742b926,CVE-2024-34816
816421644,SecG3ek/2024_CVEs,cveId.txt,c4c155311d194016fb66162458ab08154742b926,CVE-2024-34817
816421644,SecG3ek/2024_CVEs,cveId.txt,c4c155311d194016fb66162458ab08154742b926,CVE-2024-34818
816421644,SecG3ek/2024_CVEs,cveId.txt,c4c155311d194016fb66162458ab08154742b926,CVE-2024-34819
816421644,SecG3ek/2024_CVEs,cveId.txt,c4c155311d194016fb66162458ab08154742b926,CVE-2024-34820
816421644,SecG3ek/2024_CVEs,cveId.txt,c4c155311d194016fb66162458ab08154742b926,CVE-2024-34821
816421644,SecG3ek/2024_CVEs,cveId.txt,c4c155311d194016fb66162458ab08154742b926,CVE-2024-34822
816421644,SecG3ek/2024_CVEs,cveId.txt,c4c155311d194016fb66162458ab08154742b926,CVE-2024-34823
816421644,SecG3ek/2024_CVEs,cveId.txt,c4c155311d194016fb66162458ab08154742b926,CVE-2024-34824
816421644,SecG3ek/2024_CVEs,cveId.txt,c4c155311d194016fb66162458ab08154742b926,CVE-2024-34809
816421644,SecG3ek/2024_CVEs,cveId.txt,c4c155311d194016fb66162458ab08154742b926,CVE-2024-35652
816421644,SecG3ek/2024_CVEs,cveId.txt,c4c155311d194016fb66162458ab08154742b926,CVE-2024-34952
816421644,SecG3ek/2024_CVEs,cveId.txt,c4c155311d194016fb66162458ab08154742b926,CVE-2024-34954
816421644,SecG3ek/2024_CVEs,cveId.txt,c4c155311d194016fb66162458ab08154742b926,CVE-2024-35102
816421644,SecG3ek/2024_CVEs,cveId.txt,c4c155311d194016fb66162458ab08154742b926,CVE-2024-35108
816421644,SecG3ek/2024_CVEs,cveId.txt,c4c155311d194016fb66162458ab08154742b926,CVE-2024-35109
816421644,SecG3ek/2024_CVEs,cveId.txt,c4c155311d194016fb66162458ab08154742b926,CVE-2024-35110
816421644,SecG3ek/2024_CVEs,cveId.txt,c4c155311d194016fb66162458ab08154742b926,CVE-2024-35140
816421644,SecG3ek/2024_CVEs,cveId.txt,c4c155311d194016fb66162458ab08154742b926,CVE-2024-35142
816421644,SecG3ek/2024_CVEs,cveId.txt,c4c155311d194016fb66162458ab08154742b926,CVE-2024-35162
816421644,SecG3ek/2024_CVEs,cveId.txt,c4c155311d194016fb66162458ab08154742b926,CVE-2024-35165
816421644,SecG3ek/2024_CVEs,cveId.txt,c4c155311d194016fb66162458ab08154742b926,CVE-2024-35166
816421644,SecG3ek/2024_CVEs,cveId.txt,c4c155311d194016fb66162458ab08154742b926,CVE-2024-35167
816421644,SecG3ek/2024_CVEs,cveId.txt,c4c155311d194016fb66162458ab08154742b926,CVE-2024-35168
816421644,SecG3ek/2024_CVEs,cveId.txt,c4c155311d194016fb66162458ab08154742b926,CVE-2024-35169
816421644,SecG3ek/2024_CVEs,cveId.txt,c4c155311d194016fb66162458ab08154742b926,CVE-2024-35170
816421644,SecG3ek/2024_CVEs,cveId.txt,c4c155311d194016fb66162458ab08154742b926,CVE-2024-35171
816421644,SecG3ek/2024_CVEs,cveId.txt,c4c155311d194016fb66162458ab08154742b926,CVE-2024-35099
816421644,SecG3ek/2024_CVEs,cveId.txt,c4c155311d194016fb66162458ab08154742b926,CVE-2024-35172
816421644,SecG3ek/2024_CVEs,cveId.txt,c4c155311d194016fb66162458ab08154742b926,CVE-2024-35174
816421644,SecG3ek/2024_CVEs,cveId.txt,c4c155311d194016fb66162458ab08154742b926,CVE-2024-35200
816421644,SecG3ek/2024_CVEs,cveId.txt,c4c155311d194016fb66162458ab08154742b926,CVE-2024-35204
816421644,SecG3ek/2024_CVEs,cveId.txt,c4c155311d194016fb66162458ab08154742b926,CVE-2024-35205
816421644,SecG3ek/2024_CVEs,cveId.txt,c4c155311d194016fb66162458ab08154742b926,CVE-2024-35206
816421644,SecG3ek/2024_CVEs,cveId.txt,c4c155311d194016fb66162458ab08154742b926,CVE-2024-35207
816421644,SecG3ek/2024_CVEs,cveId.txt,c4c155311d194016fb66162458ab08154742b926,CVE-2024-35208
816421644,SecG3ek/2024_CVEs,cveId.txt,c4c155311d194016fb66162458ab08154742b926,CVE-2024-35209
816421644,SecG3ek/2024_CVEs,cveId.txt,c4c155311d194016fb66162458ab08154742b926,CVE-2024-35210
816421644,SecG3ek/2024_CVEs,cveId.txt,c4c155311d194016fb66162458ab08154742b926,CVE-2024-35211
816421644,SecG3ek/2024_CVEs,cveId.txt,c4c155311d194016fb66162458ab08154742b926,CVE-2024-35212
816421644,SecG3ek/2024_CVEs,cveId.txt,c4c155311d194016fb66162458ab08154742b926,CVE-2024-35213
816421644,SecG3ek/2024_CVEs,cveId.txt,c4c155311d194016fb66162458ab08154742b926,CVE-2024-35248
816421644,SecG3ek/2024_CVEs,cveId.txt,c4c155311d194016fb66162458ab08154742b926,CVE-2024-35249
816421644,SecG3ek/2024_CVEs,cveId.txt,c4c155311d194016fb66162458ab08154742b926,CVE-2024-35173
816421644,SecG3ek/2024_CVEs,cveId.txt,c4c155311d194016fb66162458ab08154742b926,CVE-2024-34953
816421644,SecG3ek/2024_CVEs,cveId.txt,c4c155311d194016fb66162458ab08154742b926,CVE-2024-35091
816421644,SecG3ek/2024_CVEs,cveId.txt,c4c155311d194016fb66162458ab08154742b926,CVE-2024-35086
816421644,SecG3ek/2024_CVEs,cveId.txt,c4c155311d194016fb66162458ab08154742b926,CVE-2024-34955
816421644,SecG3ek/2024_CVEs,cveId.txt,c4c155311d194016fb66162458ab08154742b926,CVE-2024-34957
816421644,SecG3ek/2024_CVEs,cveId.txt,c4c155311d194016fb66162458ab08154742b926,CVE-2024-34958
816421644,SecG3ek/2024_CVEs,cveId.txt,c4c155311d194016fb66162458ab08154742b926,CVE-2024-34959
816421644,SecG3ek/2024_CVEs,cveId.txt,c4c155311d194016fb66162458ab08154742b926,CVE-2024-34974
816421644,SecG3ek/2024_CVEs,cveId.txt,c4c155311d194016fb66162458ab08154742b926,CVE-2024-34982
816421644,SecG3ek/2024_CVEs,cveId.txt,c4c155311d194016fb66162458ab08154742b926,CVE-2024-34987
816421644,SecG3ek/2024_CVEs,cveId.txt,c4c155311d194016fb66162458ab08154742b926,CVE-2024-34995
816421644,SecG3ek/2024_CVEs,cveId.txt,c4c155311d194016fb66162458ab08154742b926,CVE-2024-34997
816421644,SecG3ek/2024_CVEs,cveId.txt,c4c155311d194016fb66162458ab08154742b926,CVE-2024-35009
816421644,SecG3ek/2024_CVEs,cveId.txt,c4c155311d194016fb66162458ab08154742b926,CVE-2024-35010
816421644,SecG3ek/2024_CVEs,cveId.txt,c4c155311d194016fb66162458ab08154742b926,CVE-2024-35011
816421644,SecG3ek/2024_CVEs,cveId.txt,c4c155311d194016fb66162458ab08154742b926,CVE-2024-35012
816421644,SecG3ek/2024_CVEs,cveId.txt,c4c155311d194016fb66162458ab08154742b926,CVE-2024-35039
816421644,SecG3ek/2024_CVEs,cveId.txt,c4c155311d194016fb66162458ab08154742b926,CVE-2024-35090
816421644,SecG3ek/2024_CVEs,cveId.txt,c4c155311d194016fb66162458ab08154742b926,CVE-2024-35048
816421644,SecG3ek/2024_CVEs,cveId.txt,c4c155311d194016fb66162458ab08154742b926,CVE-2024-35050
816421644,SecG3ek/2024_CVEs,cveId.txt,c4c155311d194016fb66162458ab08154742b926,CVE-2024-35056
816421644,SecG3ek/2024_CVEs,cveId.txt,c4c155311d194016fb66162458ab08154742b926,CVE-2024-35057
816421644,SecG3ek/2024_CVEs,cveId.txt,c4c155311d194016fb66162458ab08154742b926,CVE-2024-35058
816421644,SecG3ek/2024_CVEs,cveId.txt,c4c155311d194016fb66162458ab08154742b926,CVE-2024-35059
816421644,SecG3ek/2024_CVEs,cveId.txt,c4c155311d194016fb66162458ab08154742b926,CVE-2024-35060
816421644,SecG3ek/2024_CVEs,cveId.txt,c4c155311d194016fb66162458ab08154742b926,CVE-2024-35061
816421644,SecG3ek/2024_CVEs,cveId.txt,c4c155311d194016fb66162458ab08154742b926,CVE-2024-35079
816421644,SecG3ek/2024_CVEs,cveId.txt,c4c155311d194016fb66162458ab08154742b926,CVE-2024-35080
816421644,SecG3ek/2024_CVEs,cveId.txt,c4c155311d194016fb66162458ab08154742b926,CVE-2024-35081
816421644,SecG3ek/2024_CVEs,cveId.txt,c4c155311d194016fb66162458ab08154742b926,CVE-2024-35082
816421644,SecG3ek/2024_CVEs,cveId.txt,c4c155311d194016fb66162458ab08154742b926,CVE-2024-35083
816421644,SecG3ek/2024_CVEs,cveId.txt,c4c155311d194016fb66162458ab08154742b926,CVE-2024-35084
816421644,SecG3ek/2024_CVEs,cveId.txt,c4c155311d194016fb66162458ab08154742b926,CVE-2024-35085
816421644,SecG3ek/2024_CVEs,cveId.txt,c4c155311d194016fb66162458ab08154742b926,CVE-2024-35049
816421644,SecG3ek/2024_CVEs,cveId.txt,c4c155311d194016fb66162458ab08154742b926,CVE-2024-35953
816421644,SecG3ek/2024_CVEs,cveId.txt,c4c155311d194016fb66162458ab08154742b926,CVE-2024-35653
816421644,SecG3ek/2024_CVEs,cveId.txt,c4c155311d194016fb66162458ab08154742b926,CVE-2024-35655
816421644,SecG3ek/2024_CVEs,cveId.txt,c4c155311d194016fb66162458ab08154742b926,CVE-2024-35855
816421644,SecG3ek/2024_CVEs,cveId.txt,c4c155311d194016fb66162458ab08154742b926,CVE-2024-35856
816421644,SecG3ek/2024_CVEs,cveId.txt,c4c155311d194016fb66162458ab08154742b926,CVE-2024-35857
816421644,SecG3ek/2024_CVEs,cveId.txt,c4c155311d194016fb66162458ab08154742b926,CVE-2024-35858
816421644,SecG3ek/2024_CVEs,cveId.txt,c4c155311d194016fb66162458ab08154742b926,CVE-2024-35859
816421644,SecG3ek/2024_CVEs,cveId.txt,c4c155311d194016fb66162458ab08154742b926,CVE-2024-35860
816421644,SecG3ek/2024_CVEs,cveId.txt,c4c155311d194016fb66162458ab08154742b926,CVE-2024-35861
816421644,SecG3ek/2024_CVEs,cveId.txt,c4c155311d194016fb66162458ab08154742b926,CVE-2024-35862
816421644,SecG3ek/2024_CVEs,cveId.txt,c4c155311d194016fb66162458ab08154742b926,CVE-2024-35863
816421644,SecG3ek/2024_CVEs,cveId.txt,c4c155311d194016fb66162458ab08154742b926,CVE-2024-35864
816421644,SecG3ek/2024_CVEs,cveId.txt,c4c155311d194016fb66162458ab08154742b926,CVE-2024-35865
816421644,SecG3ek/2024_CVEs,cveId.txt,c4c155311d194016fb66162458ab08154742b926,CVE-2024-35866
816421644,SecG3ek/2024_CVEs,cveId.txt,c4c155311d194016fb66162458ab08154742b926,CVE-2024-35867
816421644,SecG3ek/2024_CVEs,cveId.txt,c4c155311d194016fb66162458ab08154742b926,CVE-2024-35868
816421644,SecG3ek/2024_CVEs,cveId.txt,c4c155311d194016fb66162458ab08154742b926,CVE-2024-35869
816421644,SecG3ek/2024_CVEs,cveId.txt,c4c155311d194016fb66162458ab08154742b926,CVE-2024-35870
816421644,SecG3ek/2024_CVEs,cveId.txt,c4c155311d194016fb66162458ab08154742b926,CVE-2024-35871
816421644,SecG3ek/2024_CVEs,cveId.txt,c4c155311d194016fb66162458ab08154742b926,CVE-2024-35872
816421644,SecG3ek/2024_CVEs,cveId.txt,c4c155311d194016fb66162458ab08154742b926,CVE-2024-35873
816421644,SecG3ek/2024_CVEs,cveId.txt,c4c155311d194016fb66162458ab08154742b926,CVE-2024-35874
816421644,SecG3ek/2024_CVEs,cveId.txt,c4c155311d194016fb66162458ab08154742b926,CVE-2024-35875
816421644,SecG3ek/2024_CVEs,cveId.txt,c4c155311d194016fb66162458ab08154742b926,CVE-2024-35876
816421644,SecG3ek/2024_CVEs,cveId.txt,c4c155311d194016fb66162458ab08154742b926,CVE-2024-35877
816421644,SecG3ek/2024_CVEs,cveId.txt,c4c155311d194016fb66162458ab08154742b926,CVE-2024-35878
816421644,SecG3ek/2024_CVEs,cveId.txt,c4c155311d194016fb66162458ab08154742b926,CVE-2024-35879
816421644,SecG3ek/2024_CVEs,cveId.txt,c4c155311d194016fb66162458ab08154742b926,CVE-2024-35880
816421644,SecG3ek/2024_CVEs,cveId.txt,c4c155311d194016fb66162458ab08154742b926,CVE-2024-35881
816421644,SecG3ek/2024_CVEs,cveId.txt,c4c155311d194016fb66162458ab08154742b926,CVE-2024-35882
816421644,SecG3ek/2024_CVEs,cveId.txt,c4c155311d194016fb66162458ab08154742b926,CVE-2024-35883
816421644,SecG3ek/2024_CVEs,cveId.txt,c4c155311d194016fb66162458ab08154742b926,CVE-2024-35854
816421644,SecG3ek/2024_CVEs,cveId.txt,c4c155311d194016fb66162458ab08154742b926,CVE-2024-35853
816421644,SecG3ek/2024_CVEs,cveId.txt,c4c155311d194016fb66162458ab08154742b926,CVE-2024-35852
816421644,SecG3ek/2024_CVEs,cveId.txt,c4c155311d194016fb66162458ab08154742b926,CVE-2024-35851
816421644,SecG3ek/2024_CVEs,cveId.txt,c4c155311d194016fb66162458ab08154742b926,CVE-2024-35821
816421644,SecG3ek/2024_CVEs,cveId.txt,c4c155311d194016fb66162458ab08154742b926,CVE-2024-35822
816421644,SecG3ek/2024_CVEs,cveId.txt,c4c155311d194016fb66162458ab08154742b926,CVE-2024-35823
816421644,SecG3ek/2024_CVEs,cveId.txt,c4c155311d194016fb66162458ab08154742b926,CVE-2024-35824
816421644,SecG3ek/2024_CVEs,cveId.txt,c4c155311d194016fb66162458ab08154742b926,CVE-2024-35825
816421644,SecG3ek/2024_CVEs,cveId.txt,c4c155311d194016fb66162458ab08154742b926,CVE-2024-35826
816421644,SecG3ek/2024_CVEs,cveId.txt,c4c155311d194016fb66162458ab08154742b926,CVE-2024-35827
816421644,SecG3ek/2024_CVEs,cveId.txt,c4c155311d194016fb66162458ab08154742b926,CVE-2024-35828
816421644,SecG3ek/2024_CVEs,cveId.txt,c4c155311d194016fb66162458ab08154742b926,CVE-2024-35829
816421644,SecG3ek/2024_CVEs,cveId.txt,c4c155311d194016fb66162458ab08154742b926,CVE-2024-35830
816421644,SecG3ek/2024_CVEs,cveId.txt,c4c155311d194016fb66162458ab08154742b926,CVE-2024-35831
816421644,SecG3ek/2024_CVEs,cveId.txt,c4c155311d194016fb66162458ab08154742b926,CVE-2024-35832
816421644,SecG3ek/2024_CVEs,cveId.txt,c4c155311d194016fb66162458ab08154742b926,CVE-2024-35833
816421644,SecG3ek/2024_CVEs,cveId.txt,c4c155311d194016fb66162458ab08154742b926,CVE-2024-35834
816421644,SecG3ek/2024_CVEs,cveId.txt,c4c155311d194016fb66162458ab08154742b926,CVE-2024-35884
816421644,SecG3ek/2024_CVEs,cveId.txt,c4c155311d194016fb66162458ab08154742b926,CVE-2024-35835
816421644,SecG3ek/2024_CVEs,cveId.txt,c4c155311d194016fb66162458ab08154742b926,CVE-2024-35837
816421644,SecG3ek/2024_CVEs,cveId.txt,c4c155311d194016fb66162458ab08154742b926,CVE-2024-35838
816421644,SecG3ek/2024_CVEs,cveId.txt,c4c155311d194016fb66162458ab08154742b926,CVE-2024-35839
816421644,SecG3ek/2024_CVEs,cveId.txt,c4c155311d194016fb66162458ab08154742b926,CVE-2024-35840
816421644,SecG3ek/2024_CVEs,cveId.txt,c4c155311d194016fb66162458ab08154742b926,CVE-2024-35841
816421644,SecG3ek/2024_CVEs,cveId.txt,c4c155311d194016fb66162458ab08154742b926,CVE-2024-35842
816421644,SecG3ek/2024_CVEs,cveId.txt,c4c155311d194016fb66162458ab08154742b926,CVE-2024-35843
816421644,SecG3ek/2024_CVEs,cveId.txt,c4c155311d194016fb66162458ab08154742b926,CVE-2024-35844
816421644,SecG3ek/2024_CVEs,cveId.txt,c4c155311d194016fb66162458ab08154742b926,CVE-2024-35845
816421644,SecG3ek/2024_CVEs,cveId.txt,c4c155311d194016fb66162458ab08154742b926,CVE-2024-35846
816421644,SecG3ek/2024_CVEs,cveId.txt,c4c155311d194016fb66162458ab08154742b926,CVE-2024-35847
816421644,SecG3ek/2024_CVEs,cveId.txt,c4c155311d194016fb66162458ab08154742b926,CVE-2024-35848
816421644,SecG3ek/2024_CVEs,cveId.txt,c4c155311d194016fb66162458ab08154742b926,CVE-2024-35849
816421644,SecG3ek/2024_CVEs,cveId.txt,c4c155311d194016fb66162458ab08154742b926,CVE-2024-35850
816421644,SecG3ek/2024_CVEs,cveId.txt,c4c155311d194016fb66162458ab08154742b926,CVE-2024-35836
816421644,SecG3ek/2024_CVEs,cveId.txt,c4c155311d194016fb66162458ab08154742b926,CVE-2024-35885
816421644,SecG3ek/2024_CVEs,cveId.txt,c4c155311d194016fb66162458ab08154742b926,CVE-2024-35886
816421644,SecG3ek/2024_CVEs,cveId.txt,c4c155311d194016fb66162458ab08154742b926,CVE-2024-35887
816421644,SecG3ek/2024_CVEs,cveId.txt,c4c155311d194016fb66162458ab08154742b926,CVE-2024-35922
816421644,SecG3ek/2024_CVEs,cveId.txt,c4c155311d194016fb66162458ab08154742b926,CVE-2024-35923
816421644,SecG3ek/2024_CVEs,cveId.txt,c4c155311d194016fb66162458ab08154742b926,CVE-2024-35924
816421644,SecG3ek/2024_CVEs,cveId.txt,c4c155311d194016fb66162458ab08154742b926,CVE-2024-35925
816421644,SecG3ek/2024_CVEs,cveId.txt,c4c155311d194016fb66162458ab08154742b926,CVE-2024-35926
816421644,SecG3ek/2024_CVEs,cveId.txt,c4c155311d194016fb66162458ab08154742b926,CVE-2024-35927
816421644,SecG3ek/2024_CVEs,cveId.txt,c4c155311d194016fb66162458ab08154742b926,CVE-2024-35928
816421644,SecG3ek/2024_CVEs,cveId.txt,c4c155311d194016fb66162458ab08154742b926,CVE-2024-35929
816421644,SecG3ek/2024_CVEs,cveId.txt,c4c155311d194016fb66162458ab08154742b926,CVE-2024-35930
816421644,SecG3ek/2024_CVEs,cveId.txt,c4c155311d194016fb66162458ab08154742b926,CVE-2024-35931
816421644,SecG3ek/2024_CVEs,cveId.txt,c4c155311d194016fb66162458ab08154742b926,CVE-2024-35932
816421644,SecG3ek/2024_CVEs,cveId.txt,c4c155311d194016fb66162458ab08154742b926,CVE-2024-35933
816421644,SecG3ek/2024_CVEs,cveId.txt,c4c155311d194016fb66162458ab08154742b926,CVE-2024-35934
816421644,SecG3ek/2024_CVEs,cveId.txt,c4c155311d194016fb66162458ab08154742b926,CVE-2024-35935
816421644,SecG3ek/2024_CVEs,cveId.txt,c4c155311d194016fb66162458ab08154742b926,CVE-2024-35921
816421644,SecG3ek/2024_CVEs,cveId.txt,c4c155311d194016fb66162458ab08154742b926,CVE-2024-35936
816421644,SecG3ek/2024_CVEs,cveId.txt,c4c155311d194016fb66162458ab08154742b926,CVE-2024-35938
816421644,SecG3ek/2024_CVEs,cveId.txt,c4c155311d194016fb66162458ab08154742b926,CVE-2024-35939
816421644,SecG3ek/2024_CVEs,cveId.txt,c4c155311d194016fb66162458ab08154742b926,CVE-2024-35940
816421644,SecG3ek/2024_CVEs,cveId.txt,c4c155311d194016fb66162458ab08154742b926,CVE-2024-35941
816421644,SecG3ek/2024_CVEs,cveId.txt,c4c155311d194016fb66162458ab08154742b926,CVE-2024-35942
816421644,SecG3ek/2024_CVEs,cveId.txt,c4c155311d194016fb66162458ab08154742b926,CVE-2024-35943
816421644,SecG3ek/2024_CVEs,cveId.txt,c4c155311d194016fb66162458ab08154742b926,CVE-2024-35944
816421644,SecG3ek/2024_CVEs,cveId.txt,c4c155311d194016fb66162458ab08154742b926,CVE-2024-35945
816421644,SecG3ek/2024_CVEs,cveId.txt,c4c155311d194016fb66162458ab08154742b926,CVE-2024-35946
816421644,SecG3ek/2024_CVEs,cveId.txt,c4c155311d194016fb66162458ab08154742b926,CVE-2024-35947
816421644,SecG3ek/2024_CVEs,cveId.txt,c4c155311d194016fb66162458ab08154742b926,CVE-2024-35948
816421644,SecG3ek/2024_CVEs,cveId.txt,c4c155311d194016fb66162458ab08154742b926,CVE-2024-35949
816421644,SecG3ek/2024_CVEs,cveId.txt,c4c155311d194016fb66162458ab08154742b926,CVE-2024-35950
816421644,SecG3ek/2024_CVEs,cveId.txt,c4c155311d194016fb66162458ab08154742b926,CVE-2024-35951
816421644,SecG3ek/2024_CVEs,cveId.txt,c4c155311d194016fb66162458ab08154742b926,CVE-2024-35937
816421644,SecG3ek/2024_CVEs,cveId.txt,c4c155311d194016fb66162458ab08154742b926,CVE-2024-35820
816421644,SecG3ek/2024_CVEs,cveId.txt,c4c155311d194016fb66162458ab08154742b926,CVE-2024-35920
816421644,SecG3ek/2024_CVEs,cveId.txt,c4c155311d194016fb66162458ab08154742b926,CVE-2024-35918
816421644,SecG3ek/2024_CVEs,cveId.txt,c4c155311d194016fb66162458ab08154742b926,CVE-2024-35888
816421644,SecG3ek/2024_CVEs,cveId.txt,c4c155311d194016fb66162458ab08154742b926,CVE-2024-35889
816421644,SecG3ek/2024_CVEs,cveId.txt,c4c155311d194016fb66162458ab08154742b926,CVE-2024-35890
816421644,SecG3ek/2024_CVEs,cveId.txt,c4c155311d194016fb66162458ab08154742b926,CVE-2024-35891
816421644,SecG3ek/2024_CVEs,cveId.txt,c4c155311d194016fb66162458ab08154742b926,CVE-2024-35892
816421644,SecG3ek/2024_CVEs,cveId.txt,c4c155311d194016fb66162458ab08154742b926,CVE-2024-35893
816421644,SecG3ek/2024_CVEs,cveId.txt,c4c155311d194016fb66162458ab08154742b926,CVE-2024-35894
816421644,SecG3ek/2024_CVEs,cveId.txt,c4c155311d194016fb66162458ab08154742b926,CVE-2024-35895
816421644,SecG3ek/2024_CVEs,cveId.txt,c4c155311d194016fb66162458ab08154742b926,CVE-2024-35896
816421644,SecG3ek/2024_CVEs,cveId.txt,c4c155311d194016fb66162458ab08154742b926,CVE-2024-35897
816421644,SecG3ek/2024_CVEs,cveId.txt,c4c155311d194016fb66162458ab08154742b926,CVE-2024-35898
816421644,SecG3ek/2024_CVEs,cveId.txt,c4c155311d194016fb66162458ab08154742b926,CVE-2024-35899
816421644,SecG3ek/2024_CVEs,cveId.txt,c4c155311d194016fb66162458ab08154742b926,CVE-2024-35900
816421644,SecG3ek/2024_CVEs,cveId.txt,c4c155311d194016fb66162458ab08154742b926,CVE-2024-35901
816421644,SecG3ek/2024_CVEs,cveId.txt,c4c155311d194016fb66162458ab08154742b926,CVE-2024-35919
816421644,SecG3ek/2024_CVEs,cveId.txt,c4c155311d194016fb66162458ab08154742b926,CVE-2024-35902
816421644,SecG3ek/2024_CVEs,cveId.txt,c4c155311d194016fb66162458ab08154742b926,CVE-2024-35904
816421644,SecG3ek/2024_CVEs,cveId.txt,c4c155311d194016fb66162458ab08154742b926,CVE-2024-35905
816421644,SecG3ek/2024_CVEs,cveId.txt,c4c155311d194016fb66162458ab08154742b926,CVE-2024-35906
816421644,SecG3ek/2024_CVEs,cveId.txt,c4c155311d194016fb66162458ab08154742b926,CVE-2024-35907
816421644,SecG3ek/2024_CVEs,cveId.txt,c4c155311d194016fb66162458ab08154742b926,CVE-2024-35908
816421644,SecG3ek/2024_CVEs,cveId.txt,c4c155311d194016fb66162458ab08154742b926,CVE-2024-35909
816421644,SecG3ek/2024_CVEs,cveId.txt,c4c155311d194016fb66162458ab08154742b926,CVE-2024-35910
816421644,SecG3ek/2024_CVEs,cveId.txt,c4c155311d194016fb66162458ab08154742b926,CVE-2024-35911
816421644,SecG3ek/2024_CVEs,cveId.txt,c4c155311d194016fb66162458ab08154742b926,CVE-2024-35912
816421644,SecG3ek/2024_CVEs,cveId.txt,c4c155311d194016fb66162458ab08154742b926,CVE-2024-35913
816421644,SecG3ek/2024_CVEs,cveId.txt,c4c155311d194016fb66162458ab08154742b926,CVE-2024-35914
816421644,SecG3ek/2024_CVEs,cveId.txt,c4c155311d194016fb66162458ab08154742b926,CVE-2024-35915
816421644,SecG3ek/2024_CVEs,cveId.txt,c4c155311d194016fb66162458ab08154742b926,CVE-2024-35916
816421644,SecG3ek/2024_CVEs,cveId.txt,c4c155311d194016fb66162458ab08154742b926,CVE-2024-35917
816421644,SecG3ek/2024_CVEs,cveId.txt,c4c155311d194016fb66162458ab08154742b926,CVE-2024-35903
816421644,SecG3ek/2024_CVEs,cveId.txt,c4c155311d194016fb66162458ab08154742b926,CVE-2024-35819
816421644,SecG3ek/2024_CVEs,cveId.txt,c4c155311d194016fb66162458ab08154742b926,CVE-2024-35818
816421644,SecG3ek/2024_CVEs,cveId.txt,c4c155311d194016fb66162458ab08154742b926,CVE-2024-35817
816421644,SecG3ek/2024_CVEs,cveId.txt,c4c155311d194016fb66162458ab08154742b926,CVE-2024-35693
816421644,SecG3ek/2024_CVEs,cveId.txt,c4c155311d194016fb66162458ab08154742b926,CVE-2024-35694
816421644,SecG3ek/2024_CVEs,cveId.txt,c4c155311d194016fb66162458ab08154742b926,CVE-2024-35695
816421644,SecG3ek/2024_CVEs,cveId.txt,c4c155311d194016fb66162458ab08154742b926,CVE-2024-35696
816421644,SecG3ek/2024_CVEs,cveId.txt,c4c155311d194016fb66162458ab08154742b926,CVE-2024-35697
816421644,SecG3ek/2024_CVEs,cveId.txt,c4c155311d194016fb66162458ab08154742b926,CVE-2024-35698
816421644,SecG3ek/2024_CVEs,cveId.txt,c4c155311d194016fb66162458ab08154742b926,CVE-2024-35699
816421644,SecG3ek/2024_CVEs,cveId.txt,c4c155311d194016fb66162458ab08154742b926,CVE-2024-35700
816421644,SecG3ek/2024_CVEs,cveId.txt,c4c155311d194016fb66162458ab08154742b926,CVE-2024-35701
816421644,SecG3ek/2024_CVEs,cveId.txt,c4c155311d194016fb66162458ab08154742b926,CVE-2024-35702
816421644,SecG3ek/2024_CVEs,cveId.txt,c4c155311d194016fb66162458ab08154742b926,CVE-2024-35703
816421644,SecG3ek/2024_CVEs,cveId.txt,c4c155311d194016fb66162458ab08154742b926,CVE-2024-35704
816421644,SecG3ek/2024_CVEs,cveId.txt,c4c155311d194016fb66162458ab08154742b926,CVE-2024-35705
816421644,SecG3ek/2024_CVEs,cveId.txt,c4c155311d194016fb66162458ab08154742b926,CVE-2024-35706
816421644,SecG3ek/2024_CVEs,cveId.txt,c4c155311d194016fb66162458ab08154742b926,CVE-2024-35692
816421644,SecG3ek/2024_CVEs,cveId.txt,c4c155311d194016fb66162458ab08154742b926,CVE-2024-35707
816421644,SecG3ek/2024_CVEs,cveId.txt,c4c155311d194016fb66162458ab08154742b926,CVE-2024-35709
816421644,SecG3ek/2024_CVEs,cveId.txt,c4c155311d194016fb66162458ab08154742b926,CVE-2024-35710
816421644,SecG3ek/2024_CVEs,cveId.txt,c4c155311d194016fb66162458ab08154742b926,CVE-2024-35711
816421644,SecG3ek/2024_CVEs,cveId.txt,c4c155311d194016fb66162458ab08154742b926,CVE-2024-35712
816421644,SecG3ek/2024_CVEs,cveId.txt,c4c155311d194016fb66162458ab08154742b926,CVE-2024-35713
816421644,SecG3ek/2024_CVEs,cveId.txt,c4c155311d194016fb66162458ab08154742b926,CVE-2024-35714
816421644,SecG3ek/2024_CVEs,cveId.txt,c4c155311d194016fb66162458ab08154742b926,CVE-2024-35715
816421644,SecG3ek/2024_CVEs,cveId.txt,c4c155311d194016fb66162458ab08154742b926,CVE-2024-35716
816421644,SecG3ek/2024_CVEs,cveId.txt,c4c155311d194016fb66162458ab08154742b926,CVE-2024-35717
816421644,SecG3ek/2024_CVEs,cveId.txt,c4c155311d194016fb66162458ab08154742b926,CVE-2024-35718
816421644,SecG3ek/2024_CVEs,cveId.txt,c4c155311d194016fb66162458ab08154742b926,CVE-2024-35719
816421644,SecG3ek/2024_CVEs,cveId.txt,c4c155311d194016fb66162458ab08154742b926,CVE-2024-35720
816421644,SecG3ek/2024_CVEs,cveId.txt,c4c155311d194016fb66162458ab08154742b926,CVE-2024-35721
816421644,SecG3ek/2024_CVEs,cveId.txt,c4c155311d194016fb66162458ab08154742b926,CVE-2024-35722
816421644,SecG3ek/2024_CVEs,cveId.txt,c4c155311d194016fb66162458ab08154742b926,CVE-2024-35708
816421644,SecG3ek/2024_CVEs,cveId.txt,c4c155311d194016fb66162458ab08154742b926,CVE-2024-35723
816421644,SecG3ek/2024_CVEs,cveId.txt,c4c155311d194016fb66162458ab08154742b926,CVE-2024-35691
816421644,SecG3ek/2024_CVEs,cveId.txt,c4c155311d194016fb66162458ab08154742b926,CVE-2024-35688
816421644,SecG3ek/2024_CVEs,cveId.txt,c4c155311d194016fb66162458ab08154742b926,CVE-2024-35657
816421644,SecG3ek/2024_CVEs,cveId.txt,c4c155311d194016fb66162458ab08154742b926,CVE-2024-35658
816421644,SecG3ek/2024_CVEs,cveId.txt,c4c155311d194016fb66162458ab08154742b926,CVE-2024-35659
816421644,SecG3ek/2024_CVEs,cveId.txt,c4c155311d194016fb66162458ab08154742b926,CVE-2024-35660
816421644,SecG3ek/2024_CVEs,cveId.txt,c4c155311d194016fb66162458ab08154742b926,CVE-2024-35661
816421644,SecG3ek/2024_CVEs,cveId.txt,c4c155311d194016fb66162458ab08154742b926,CVE-2024-35662
816421644,SecG3ek/2024_CVEs,cveId.txt,c4c155311d194016fb66162458ab08154742b926,CVE-2024-35663
816421644,SecG3ek/2024_CVEs,cveId.txt,c4c155311d194016fb66162458ab08154742b926,CVE-2024-35664
816421644,SecG3ek/2024_CVEs,cveId.txt,c4c155311d194016fb66162458ab08154742b926,CVE-2024-35665
816421644,SecG3ek/2024_CVEs,cveId.txt,c4c155311d194016fb66162458ab08154742b926,CVE-2024-35666
816421644,SecG3ek/2024_CVEs,cveId.txt,c4c155311d194016fb66162458ab08154742b926,CVE-2024-35667
816421644,SecG3ek/2024_CVEs,cveId.txt,c4c155311d194016fb66162458ab08154742b926,CVE-2024-35668
816421644,SecG3ek/2024_CVEs,cveId.txt,c4c155311d194016fb66162458ab08154742b926,CVE-2024-35669
816421644,SecG3ek/2024_CVEs,cveId.txt,c4c155311d194016fb66162458ab08154742b926,CVE-2024-35670
816421644,SecG3ek/2024_CVEs,cveId.txt,c4c155311d194016fb66162458ab08154742b926,CVE-2024-35689
816421644,SecG3ek/2024_CVEs,cveId.txt,c4c155311d194016fb66162458ab08154742b926,CVE-2024-35671
816421644,SecG3ek/2024_CVEs,cveId.txt,c4c155311d194016fb66162458ab08154742b926,CVE-2024-35673
816421644,SecG3ek/2024_CVEs,cveId.txt,c4c155311d194016fb66162458ab08154742b926,CVE-2024-35674
816421644,SecG3ek/2024_CVEs,cveId.txt,c4c155311d194016fb66162458ab08154742b926,CVE-2024-35675
816421644,SecG3ek/2024_CVEs,cveId.txt,c4c155311d194016fb66162458ab08154742b926,CVE-2024-35676
816421644,SecG3ek/2024_CVEs,cveId.txt,c4c155311d194016fb66162458ab08154742b926,CVE-2024-35677
816421644,SecG3ek/2024_CVEs,cveId.txt,c4c155311d194016fb66162458ab08154742b926,CVE-2024-35678
816421644,SecG3ek/2024_CVEs,cveId.txt,c4c155311d194016fb66162458ab08154742b926,CVE-2024-35679
816421644,SecG3ek/2024_CVEs,cveId.txt,c4c155311d194016fb66162458ab08154742b926,CVE-2024-35680
816421644,SecG3ek/2024_CVEs,cveId.txt,c4c155311d194016fb66162458ab08154742b926,CVE-2024-35681
816421644,SecG3ek/2024_CVEs,cveId.txt,c4c155311d194016fb66162458ab08154742b926,CVE-2024-35682
816421644,SecG3ek/2024_CVEs,cveId.txt,c4c155311d194016fb66162458ab08154742b926,CVE-2024-35683
816421644,SecG3ek/2024_CVEs,cveId.txt,c4c155311d194016fb66162458ab08154742b926,CVE-2024-35684
816421644,SecG3ek/2024_CVEs,cveId.txt,c4c155311d194016fb66162458ab08154742b926,CVE-2024-35685
816421644,SecG3ek/2024_CVEs,cveId.txt,c4c155311d194016fb66162458ab08154742b926,CVE-2024-35687
816421644,SecG3ek/2024_CVEs,cveId.txt,c4c155311d194016fb66162458ab08154742b926,CVE-2024-35672
816421644,SecG3ek/2024_CVEs,cveId.txt,c4c155311d194016fb66162458ab08154742b926,CVE-2024-35654
816421644,SecG3ek/2024_CVEs,cveId.txt,c4c155311d194016fb66162458ab08154742b926,CVE-2024-35724
816421644,SecG3ek/2024_CVEs,cveId.txt,c4c155311d194016fb66162458ab08154742b926,CVE-2024-35726
816421644,SecG3ek/2024_CVEs,cveId.txt,c4c155311d194016fb66162458ab08154742b926,CVE-2024-35787
816421644,SecG3ek/2024_CVEs,cveId.txt,c4c155311d194016fb66162458ab08154742b926,CVE-2024-35788
816421644,SecG3ek/2024_CVEs,cveId.txt,c4c155311d194016fb66162458ab08154742b926,CVE-2024-35789
816421644,SecG3ek/2024_CVEs,cveId.txt,c4c155311d194016fb66162458ab08154742b926,CVE-2024-35790
816421644,SecG3ek/2024_CVEs,cveId.txt,c4c155311d194016fb66162458ab08154742b926,CVE-2024-35791
816421644,SecG3ek/2024_CVEs,cveId.txt,c4c155311d194016fb66162458ab08154742b926,CVE-2024-35792
816421644,SecG3ek/2024_CVEs,cveId.txt,c4c155311d194016fb66162458ab08154742b926,CVE-2024-35793
816421644,SecG3ek/2024_CVEs,cveId.txt,c4c155311d194016fb66162458ab08154742b926,CVE-2024-35794
816421644,SecG3ek/2024_CVEs,cveId.txt,c4c155311d194016fb66162458ab08154742b926,CVE-2024-35795
816421644,SecG3ek/2024_CVEs,cveId.txt,c4c155311d194016fb66162458ab08154742b926,CVE-2024-35796
816421644,SecG3ek/2024_CVEs,cveId.txt,c4c155311d194016fb66162458ab08154742b926,CVE-2024-35797
816421644,SecG3ek/2024_CVEs,cveId.txt,c4c155311d194016fb66162458ab08154742b926,CVE-2024-35798
816421644,SecG3ek/2024_CVEs,cveId.txt,c4c155311d194016fb66162458ab08154742b926,CVE-2024-35799
816421644,SecG3ek/2024_CVEs,cveId.txt,c4c155311d194016fb66162458ab08154742b926,CVE-2024-35800
816421644,SecG3ek/2024_CVEs,cveId.txt,c4c155311d194016fb66162458ab08154742b926,CVE-2024-35786
816421644,SecG3ek/2024_CVEs,cveId.txt,c4c155311d194016fb66162458ab08154742b926,CVE-2024-35801
816421644,SecG3ek/2024_CVEs,cveId.txt,c4c155311d194016fb66162458ab08154742b926,CVE-2024-35803
816421644,SecG3ek/2024_CVEs,cveId.txt,c4c155311d194016fb66162458ab08154742b926,CVE-2024-35804
816421644,SecG3ek/2024_CVEs,cveId.txt,c4c155311d194016fb66162458ab08154742b926,CVE-2024-35805
816421644,SecG3ek/2024_CVEs,cveId.txt,c4c155311d194016fb66162458ab08154742b926,CVE-2024-35806
816421644,SecG3ek/2024_CVEs,cveId.txt,c4c155311d194016fb66162458ab08154742b926,CVE-2024-35807
816421644,SecG3ek/2024_CVEs,cveId.txt,c4c155311d194016fb66162458ab08154742b926,CVE-2024-35808
816421644,SecG3ek/2024_CVEs,cveId.txt,c4c155311d194016fb66162458ab08154742b926,CVE-2024-35809
816421644,SecG3ek/2024_CVEs,cveId.txt,c4c155311d194016fb66162458ab08154742b926,CVE-2024-35810
816421644,SecG3ek/2024_CVEs,cveId.txt,c4c155311d194016fb66162458ab08154742b926,CVE-2024-35811
816421644,SecG3ek/2024_CVEs,cveId.txt,c4c155311d194016fb66162458ab08154742b926,CVE-2024-35812
816421644,SecG3ek/2024_CVEs,cveId.txt,c4c155311d194016fb66162458ab08154742b926,CVE-2024-35813
816421644,SecG3ek/2024_CVEs,cveId.txt,c4c155311d194016fb66162458ab08154742b926,CVE-2024-35814
816421644,SecG3ek/2024_CVEs,cveId.txt,c4c155311d194016fb66162458ab08154742b926,CVE-2024-35815
816421644,SecG3ek/2024_CVEs,cveId.txt,c4c155311d194016fb66162458ab08154742b926,CVE-2024-35816
816421644,SecG3ek/2024_CVEs,cveId.txt,c4c155311d194016fb66162458ab08154742b926,CVE-2024-35802
816421644,SecG3ek/2024_CVEs,cveId.txt,c4c155311d194016fb66162458ab08154742b926,CVE-2024-35725
816421644,SecG3ek/2024_CVEs,cveId.txt,c4c155311d194016fb66162458ab08154742b926,CVE-2024-35785
816421644,SecG3ek/2024_CVEs,cveId.txt,c4c155311d194016fb66162458ab08154742b926,CVE-2024-35782
816421644,SecG3ek/2024_CVEs,cveId.txt,c4c155311d194016fb66162458ab08154742b926,CVE-2024-35727
816421644,SecG3ek/2024_CVEs,cveId.txt,c4c155311d194016fb66162458ab08154742b926,CVE-2024-35728
816421644,SecG3ek/2024_CVEs,cveId.txt,c4c155311d194016fb66162458ab08154742b926,CVE-2024-35729
816421644,SecG3ek/2024_CVEs,cveId.txt,c4c155311d194016fb66162458ab08154742b926,CVE-2024-35730
816421644,SecG3ek/2024_CVEs,cveId.txt,c4c155311d194016fb66162458ab08154742b926,CVE-2024-35731
816421644,SecG3ek/2024_CVEs,cveId.txt,c4c155311d194016fb66162458ab08154742b926,CVE-2024-35732
816421644,SecG3ek/2024_CVEs,cveId.txt,c4c155311d194016fb66162458ab08154742b926,CVE-2024-35733
816421644,SecG3ek/2024_CVEs,cveId.txt,c4c155311d194016fb66162458ab08154742b926,CVE-2024-35734
816421644,SecG3ek/2024_CVEs,cveId.txt,c4c155311d194016fb66162458ab08154742b926,CVE-2024-35735
816421644,SecG3ek/2024_CVEs,cveId.txt,c4c155311d194016fb66162458ab08154742b926,CVE-2024-35736
816421644,SecG3ek/2024_CVEs,cveId.txt,c4c155311d194016fb66162458ab08154742b926,CVE-2024-35737
816421644,SecG3ek/2024_CVEs,cveId.txt,c4c155311d194016fb66162458ab08154742b926,CVE-2024-35738
816421644,SecG3ek/2024_CVEs,cveId.txt,c4c155311d194016fb66162458ab08154742b926,CVE-2024-35739
816421644,SecG3ek/2024_CVEs,cveId.txt,c4c155311d194016fb66162458ab08154742b926,CVE-2024-35740
816421644,SecG3ek/2024_CVEs,cveId.txt,c4c155311d194016fb66162458ab08154742b926,CVE-2024-35784
816421644,SecG3ek/2024_CVEs,cveId.txt,c4c155311d194016fb66162458ab08154742b926,CVE-2024-35741
816421644,SecG3ek/2024_CVEs,cveId.txt,c4c155311d194016fb66162458ab08154742b926,CVE-2024-35743
816421644,SecG3ek/2024_CVEs,cveId.txt,c4c155311d194016fb66162458ab08154742b926,CVE-2024-35744
816421644,SecG3ek/2024_CVEs,cveId.txt,c4c155311d194016fb66162458ab08154742b926,CVE-2024-35745
816421644,SecG3ek/2024_CVEs,cveId.txt,c4c155311d194016fb66162458ab08154742b926,CVE-2024-35746
816421644,SecG3ek/2024_CVEs,cveId.txt,c4c155311d194016fb66162458ab08154742b926,CVE-2024-35747
816421644,SecG3ek/2024_CVEs,cveId.txt,c4c155311d194016fb66162458ab08154742b926,CVE-2024-35748
816421644,SecG3ek/2024_CVEs,cveId.txt,c4c155311d194016fb66162458ab08154742b926,CVE-2024-35749
816421644,SecG3ek/2024_CVEs,cveId.txt,c4c155311d194016fb66162458ab08154742b926,CVE-2024-35750
816421644,SecG3ek/2024_CVEs,cveId.txt,c4c155311d194016fb66162458ab08154742b926,CVE-2024-35751
816421644,SecG3ek/2024_CVEs,cveId.txt,c4c155311d194016fb66162458ab08154742b926,CVE-2024-35752
816421644,SecG3ek/2024_CVEs,cveId.txt,c4c155311d194016fb66162458ab08154742b926,CVE-2024-35753
816421644,SecG3ek/2024_CVEs,cveId.txt,c4c155311d194016fb66162458ab08154742b926,CVE-2024-35754
816421644,SecG3ek/2024_CVEs,cveId.txt,c4c155311d194016fb66162458ab08154742b926,CVE-2024-35755
816421644,SecG3ek/2024_CVEs,cveId.txt,c4c155311d194016fb66162458ab08154742b926,CVE-2024-35756
816421644,SecG3ek/2024_CVEs,cveId.txt,c4c155311d194016fb66162458ab08154742b926,CVE-2024-35742
816421644,SecG3ek/2024_CVEs,cveId.txt,c4c155311d194016fb66162458ab08154742b926,CVE-2024-32430
816421644,SecG3ek/2024_CVEs,cveId.txt,c4c155311d194016fb66162458ab08154742b926,CVE-2024-32429
816421644,SecG3ek/2024_CVEs,cveId.txt,c4c155311d194016fb66162458ab08154742b926,CVE-2024-32428
816421644,SecG3ek/2024_CVEs,cveId.txt,c4c155311d194016fb66162458ab08154742b926,CVE-2024-29275
816421644,SecG3ek/2024_CVEs,cveId.txt,c4c155311d194016fb66162458ab08154742b926,CVE-2024-29276
816421644,SecG3ek/2024_CVEs,cveId.txt,c4c155311d194016fb66162458ab08154742b926,CVE-2024-29278
816421644,SecG3ek/2024_CVEs,cveId.txt,c4c155311d194016fb66162458ab08154742b926,CVE-2024-29291
816421644,SecG3ek/2024_CVEs,cveId.txt,c4c155311d194016fb66162458ab08154742b926,CVE-2024-29296
816421644,SecG3ek/2024_CVEs,cveId.txt,c4c155311d194016fb66162458ab08154742b926,CVE-2024-29301
816421644,SecG3ek/2024_CVEs,cveId.txt,c4c155311d194016fb66162458ab08154742b926,CVE-2024-29302
816421644,SecG3ek/2024_CVEs,cveId.txt,c4c155311d194016fb66162458ab08154742b926,CVE-2024-29303
816421644,SecG3ek/2024_CVEs,cveId.txt,c4c155311d194016fb66162458ab08154742b926,CVE-2024-29309
816421644,SecG3ek/2024_CVEs,cveId.txt,c4c155311d194016fb66162458ab08154742b926,CVE-2024-29316
816421644,SecG3ek/2024_CVEs,cveId.txt,c4c155311d194016fb66162458ab08154742b926,CVE-2024-29320
816421644,SecG3ek/2024_CVEs,cveId.txt,c4c155311d194016fb66162458ab08154742b926,CVE-2024-29338
816421644,SecG3ek/2024_CVEs,cveId.txt,c4c155311d194016fb66162458ab08154742b926,CVE-2024-29366
816421644,SecG3ek/2024_CVEs,cveId.txt,c4c155311d194016fb66162458ab08154742b926,CVE-2024-29368
816421644,SecG3ek/2024_CVEs,cveId.txt,c4c155311d194016fb66162458ab08154742b926,CVE-2024-29374
816421644,SecG3ek/2024_CVEs,cveId.txt,c4c155311d194016fb66162458ab08154742b926,CVE-2024-29375
816421644,SecG3ek/2024_CVEs,cveId.txt,c4c155311d194016fb66162458ab08154742b926,CVE-2024-29376
816421644,SecG3ek/2024_CVEs,cveId.txt,c4c155311d194016fb66162458ab08154742b926,CVE-2024-29384
816421644,SecG3ek/2024_CVEs,cveId.txt,c4c155311d194016fb66162458ab08154742b926,CVE-2024-29385
816421644,SecG3ek/2024_CVEs,cveId.txt,c4c155311d194016fb66162458ab08154742b926,CVE-2024-29386
816421644,SecG3ek/2024_CVEs,cveId.txt,c4c155311d194016fb66162458ab08154742b926,CVE-2024-29387
816421644,SecG3ek/2024_CVEs,cveId.txt,c4c155311d194016fb66162458ab08154742b926,CVE-2024-29392
816421644,SecG3ek/2024_CVEs,cveId.txt,c4c155311d194016fb66162458ab08154742b926,CVE-2024-29399
816421644,SecG3ek/2024_CVEs,cveId.txt,c4c155311d194016fb66162458ab08154742b926,CVE-2024-29400
816421644,SecG3ek/2024_CVEs,cveId.txt,c4c155311d194016fb66162458ab08154742b926,CVE-2024-29401
816421644,SecG3ek/2024_CVEs,cveId.txt,c4c155311d194016fb66162458ab08154742b926,CVE-2024-29402
816421644,SecG3ek/2024_CVEs,cveId.txt,c4c155311d194016fb66162458ab08154742b926,CVE-2024-29413
816421644,SecG3ek/2024_CVEs,cveId.txt,c4c155311d194016fb66162458ab08154742b926,CVE-2024-29415
816421644,SecG3ek/2024_CVEs,cveId.txt,c4c155311d194016fb66162458ab08154742b926,CVE-2024-29417
816421644,SecG3ek/2024_CVEs,cveId.txt,c4c155311d194016fb66162458ab08154742b926,CVE-2024-29273
816421644,SecG3ek/2024_CVEs,cveId.txt,c4c155311d194016fb66162458ab08154742b926,CVE-2024-29272
816421644,SecG3ek/2024_CVEs,cveId.txt,c4c155311d194016fb66162458ab08154742b926,CVE-2024-29271
816421644,SecG3ek/2024_CVEs,cveId.txt,c4c155311d194016fb66162458ab08154742b926,CVE-2024-29269
816421644,SecG3ek/2024_CVEs,cveId.txt,c4c155311d194016fb66162458ab08154742b926,CVE-2024-29205
816421644,SecG3ek/2024_CVEs,cveId.txt,c4c155311d194016fb66162458ab08154742b926,CVE-2024-29206
816421644,SecG3ek/2024_CVEs,cveId.txt,c4c155311d194016fb66162458ab08154742b926,CVE-2024-29207
816421644,SecG3ek/2024_CVEs,cveId.txt,c4c155311d194016fb66162458ab08154742b926,CVE-2024-29208
816421644,SecG3ek/2024_CVEs,cveId.txt,c4c155311d194016fb66162458ab08154742b926,CVE-2024-29209
816421644,SecG3ek/2024_CVEs,cveId.txt,c4c155311d194016fb66162458ab08154742b926,CVE-2024-29210
816421644,SecG3ek/2024_CVEs,cveId.txt,c4c155311d194016fb66162458ab08154742b926,CVE-2024-29212
816421644,SecG3ek/2024_CVEs,cveId.txt,c4c155311d194016fb66162458ab08154742b926,CVE-2024-29216
816421644,SecG3ek/2024_CVEs,cveId.txt,c4c155311d194016fb66162458ab08154742b926,CVE-2024-29217
816421644,SecG3ek/2024_CVEs,cveId.txt,c4c155311d194016fb66162458ab08154742b926,CVE-2024-29218
816421644,SecG3ek/2024_CVEs,cveId.txt,c4c155311d194016fb66162458ab08154742b926,CVE-2024-29219
816421644,SecG3ek/2024_CVEs,cveId.txt,c4c155311d194016fb66162458ab08154742b926,CVE-2024-29220
816421644,SecG3ek/2024_CVEs,cveId.txt,c4c155311d194016fb66162458ab08154742b926,CVE-2024-29225
816421644,SecG3ek/2024_CVEs,cveId.txt,c4c155311d194016fb66162458ab08154742b926,CVE-2024-29227
816421644,SecG3ek/2024_CVEs,cveId.txt,c4c155311d194016fb66162458ab08154742b926,CVE-2024-29419
816421644,SecG3ek/2024_CVEs,cveId.txt,c4c155311d194016fb66162458ab08154742b926,CVE-2024-29228
816421644,SecG3ek/2024_CVEs,cveId.txt,c4c155311d194016fb66162458ab08154742b926,CVE-2024-29230
816421644,SecG3ek/2024_CVEs,cveId.txt,c4c155311d194016fb66162458ab08154742b926,CVE-2024-29231
816421644,SecG3ek/2024_CVEs,cveId.txt,c4c155311d194016fb66162458ab08154742b926,CVE-2024-29232
816421644,SecG3ek/2024_CVEs,cveId.txt,c4c155311d194016fb66162458ab08154742b926,CVE-2024-29233
816421644,SecG3ek/2024_CVEs,cveId.txt,c4c155311d194016fb66162458ab08154742b926,CVE-2024-29234
816421644,SecG3ek/2024_CVEs,cveId.txt,c4c155311d194016fb66162458ab08154742b926,CVE-2024-29235
816421644,SecG3ek/2024_CVEs,cveId.txt,c4c155311d194016fb66162458ab08154742b926,CVE-2024-29236
816421644,SecG3ek/2024_CVEs,cveId.txt,c4c155311d194016fb66162458ab08154742b926,CVE-2024-29237
816421644,SecG3ek/2024_CVEs,cveId.txt,c4c155311d194016fb66162458ab08154742b926,CVE-2024-29238
816421644,SecG3ek/2024_CVEs,cveId.txt,c4c155311d194016fb66162458ab08154742b926,CVE-2024-29239
816421644,SecG3ek/2024_CVEs,cveId.txt,c4c155311d194016fb66162458ab08154742b926,CVE-2024-29240
816421644,SecG3ek/2024_CVEs,cveId.txt,c4c155311d194016fb66162458ab08154742b926,CVE-2024-29241
816421644,SecG3ek/2024_CVEs,cveId.txt,c4c155311d194016fb66162458ab08154742b926,CVE-2024-29243
816421644,SecG3ek/2024_CVEs,cveId.txt,c4c155311d194016fb66162458ab08154742b926,CVE-2024-29244
816421644,SecG3ek/2024_CVEs,cveId.txt,c4c155311d194016fb66162458ab08154742b926,CVE-2024-29229
816421644,SecG3ek/2024_CVEs,cveId.txt,c4c155311d194016fb66162458ab08154742b926,CVE-2024-29421
816421644,SecG3ek/2024_CVEs,cveId.txt,c4c155311d194016fb66162458ab08154742b926,CVE-2024-29432
816421644,SecG3ek/2024_CVEs,cveId.txt,c4c155311d194016fb66162458ab08154742b926,CVE-2024-29433
816421644,SecG3ek/2024_CVEs,cveId.txt,c4c155311d194016fb66162458ab08154742b926,CVE-2024-29640
816421644,SecG3ek/2024_CVEs,cveId.txt,c4c155311d194016fb66162458ab08154742b926,CVE-2024-29644
816421644,SecG3ek/2024_CVEs,cveId.txt,c4c155311d194016fb66162458ab08154742b926,CVE-2024-29650
816421644,SecG3ek/2024_CVEs,cveId.txt,c4c155311d194016fb66162458ab08154742b926,CVE-2024-29651
816421644,SecG3ek/2024_CVEs,cveId.txt,c4c155311d194016fb66162458ab08154742b926,CVE-2024-29660
816421644,SecG3ek/2024_CVEs,cveId.txt,c4c155311d194016fb66162458ab08154742b926,CVE-2024-29661
816421644,SecG3ek/2024_CVEs,cveId.txt,c4c155311d194016fb66162458ab08154742b926,CVE-2024-29666
816421644,SecG3ek/2024_CVEs,cveId.txt,c4c155311d194016fb66162458ab08154742b926,CVE-2024-29667
816421644,SecG3ek/2024_CVEs,cveId.txt,c4c155311d194016fb66162458ab08154742b926,CVE-2024-29672
816421644,SecG3ek/2024_CVEs,cveId.txt,c4c155311d194016fb66162458ab08154742b926,CVE-2024-29684
816421644,SecG3ek/2024_CVEs,cveId.txt,c4c155311d194016fb66162458ab08154742b926,CVE-2024-29686
816421644,SecG3ek/2024_CVEs,cveId.txt,c4c155311d194016fb66162458ab08154742b926,CVE-2024-29733
816421644,SecG3ek/2024_CVEs,cveId.txt,c4c155311d194016fb66162458ab08154742b926,CVE-2024-29734
816421644,SecG3ek/2024_CVEs,cveId.txt,c4c155311d194016fb66162458ab08154742b926,CVE-2024-29735
816421644,SecG3ek/2024_CVEs,cveId.txt,c4c155311d194016fb66162458ab08154742b926,CVE-2024-29515
816421644,SecG3ek/2024_CVEs,cveId.txt,c4c155311d194016fb66162458ab08154742b926,CVE-2024-29738
816421644,SecG3ek/2024_CVEs,cveId.txt,c4c155311d194016fb66162458ab08154742b926,CVE-2024-29740
816421644,SecG3ek/2024_CVEs,cveId.txt,c4c155311d194016fb66162458ab08154742b926,CVE-2024-29741
816421644,SecG3ek/2024_CVEs,cveId.txt,c4c155311d194016fb66162458ab08154742b926,CVE-2024-29742
816421644,SecG3ek/2024_CVEs,cveId.txt,c4c155311d194016fb66162458ab08154742b926,CVE-2024-29743
816421644,SecG3ek/2024_CVEs,cveId.txt,c4c155311d194016fb66162458ab08154742b926,CVE-2024-29744
816421644,SecG3ek/2024_CVEs,cveId.txt,c4c155311d194016fb66162458ab08154742b926,CVE-2024-29745
816421644,SecG3ek/2024_CVEs,cveId.txt,c4c155311d194016fb66162458ab08154742b926,CVE-2024-29746
816421644,SecG3ek/2024_CVEs,cveId.txt,c4c155311d194016fb66162458ab08154742b926,CVE-2024-29747
816421644,SecG3ek/2024_CVEs,cveId.txt,c4c155311d194016fb66162458ab08154742b926,CVE-2024-29748
816421644,SecG3ek/2024_CVEs,cveId.txt,c4c155311d194016fb66162458ab08154742b926,CVE-2024-29749
816421644,SecG3ek/2024_CVEs,cveId.txt,c4c155311d194016fb66162458ab08154742b926,CVE-2024-29750
816421644,SecG3ek/2024_CVEs,cveId.txt,c4c155311d194016fb66162458ab08154742b926,CVE-2024-29751
816421644,SecG3ek/2024_CVEs,cveId.txt,c4c155311d194016fb66162458ab08154742b926,CVE-2024-29752
816421644,SecG3ek/2024_CVEs,cveId.txt,c4c155311d194016fb66162458ab08154742b926,CVE-2024-29753
816421644,SecG3ek/2024_CVEs,cveId.txt,c4c155311d194016fb66162458ab08154742b926,CVE-2024-29739
816421644,SecG3ek/2024_CVEs,cveId.txt,c4c155311d194016fb66162458ab08154742b926,CVE-2024-29204
816421644,SecG3ek/2024_CVEs,cveId.txt,c4c155311d194016fb66162458ab08154742b926,CVE-2024-29514
816421644,SecG3ek/2024_CVEs,cveId.txt,c4c155311d194016fb66162458ab08154742b926,CVE-2024-29504
816421644,SecG3ek/2024_CVEs,cveId.txt,c4c155311d194016fb66162458ab08154742b926,CVE-2024-29434
816421644,SecG3ek/2024_CVEs,cveId.txt,c4c155311d194016fb66162458ab08154742b926,CVE-2024-29435
816421644,SecG3ek/2024_CVEs,cveId.txt,c4c155311d194016fb66162458ab08154742b926,CVE-2024-29439
816421644,SecG3ek/2024_CVEs,cveId.txt,c4c155311d194016fb66162458ab08154742b926,CVE-2024-29440
816421644,SecG3ek/2024_CVEs,cveId.txt,c4c155311d194016fb66162458ab08154742b926,CVE-2024-29441
816421644,SecG3ek/2024_CVEs,cveId.txt,c4c155311d194016fb66162458ab08154742b926,CVE-2024-29442
816421644,SecG3ek/2024_CVEs,cveId.txt,c4c155311d194016fb66162458ab08154742b926,CVE-2024-29443
816421644,SecG3ek/2024_CVEs,cveId.txt,c4c155311d194016fb66162458ab08154742b926,CVE-2024-29444
816421644,SecG3ek/2024_CVEs,cveId.txt,c4c155311d194016fb66162458ab08154742b926,CVE-2024-29445
816421644,SecG3ek/2024_CVEs,cveId.txt,c4c155311d194016fb66162458ab08154742b926,CVE-2024-29447
816421644,SecG3ek/2024_CVEs,cveId.txt,c4c155311d194016fb66162458ab08154742b926,CVE-2024-29448
816421644,SecG3ek/2024_CVEs,cveId.txt,c4c155311d194016fb66162458ab08154742b926,CVE-2024-29449
816421644,SecG3ek/2024_CVEs,cveId.txt,c4c155311d194016fb66162458ab08154742b926,CVE-2024-29450
816421644,SecG3ek/2024_CVEs,cveId.txt,c4c155311d194016fb66162458ab08154742b926,CVE-2024-29452
816421644,SecG3ek/2024_CVEs,cveId.txt,c4c155311d194016fb66162458ab08154742b926,CVE-2024-29513
816421644,SecG3ek/2024_CVEs,cveId.txt,c4c155311d194016fb66162458ab08154742b926,CVE-2024-29454
816421644,SecG3ek/2024_CVEs,cveId.txt,c4c155311d194016fb66162458ab08154742b926,CVE-2024-29460
816421644,SecG3ek/2024_CVEs,cveId.txt,c4c155311d194016fb66162458ab08154742b926,CVE-2024-29461
816421644,SecG3ek/2024_CVEs,cveId.txt,c4c155311d194016fb66162458ab08154742b926,CVE-2024-29466
816421644,SecG3ek/2024_CVEs,cveId.txt,c4c155311d194016fb66162458ab08154742b926,CVE-2024-29469
816421644,SecG3ek/2024_CVEs,cveId.txt,c4c155311d194016fb66162458ab08154742b926,CVE-2024-29470
816421644,SecG3ek/2024_CVEs,cveId.txt,c4c155311d194016fb66162458ab08154742b926,CVE-2024-29471
816421644,SecG3ek/2024_CVEs,cveId.txt,c4c155311d194016fb66162458ab08154742b926,CVE-2024-29472
816421644,SecG3ek/2024_CVEs,cveId.txt,c4c155311d194016fb66162458ab08154742b926,CVE-2024-29473
816421644,SecG3ek/2024_CVEs,cveId.txt,c4c155311d194016fb66162458ab08154742b926,CVE-2024-29474
816421644,SecG3ek/2024_CVEs,cveId.txt,c4c155311d194016fb66162458ab08154742b926,CVE-2024-29477
816421644,SecG3ek/2024_CVEs,cveId.txt,c4c155311d194016fb66162458ab08154742b926,CVE-2024-29489
816421644,SecG3ek/2024_CVEs,cveId.txt,c4c155311d194016fb66162458ab08154742b926,CVE-2024-29499
816421644,SecG3ek/2024_CVEs,cveId.txt,c4c155311d194016fb66162458ab08154742b926,CVE-2024-29500
816421644,SecG3ek/2024_CVEs,cveId.txt,c4c155311d194016fb66162458ab08154742b926,CVE-2024-29502
816421644,SecG3ek/2024_CVEs,cveId.txt,c4c155311d194016fb66162458ab08154742b926,CVE-2024-29455
816421644,SecG3ek/2024_CVEs,cveId.txt,c4c155311d194016fb66162458ab08154742b926,CVE-2024-29170
816421644,SecG3ek/2024_CVEs,cveId.txt,c4c155311d194016fb66162458ab08154742b926,CVE-2024-29169
816421644,SecG3ek/2024_CVEs,cveId.txt,c4c155311d194016fb66162458ab08154742b926,CVE-2024-29168
816421644,SecG3ek/2024_CVEs,cveId.txt,c4c155311d194016fb66162458ab08154742b926,CVE-2024-29007
816421644,SecG3ek/2024_CVEs,cveId.txt,c4c155311d194016fb66162458ab08154742b926,CVE-2024-29008
816421644,SecG3ek/2024_CVEs,cveId.txt,c4c155311d194016fb66162458ab08154742b926,CVE-2024-29009
816421644,SecG3ek/2024_CVEs,cveId.txt,c4c155311d194016fb66162458ab08154742b926,CVE-2024-29043
816421644,SecG3ek/2024_CVEs,cveId.txt,c4c155311d194016fb66162458ab08154742b926,CVE-2024-29044
816421644,SecG3ek/2024_CVEs,cveId.txt,c4c155311d194016fb66162458ab08154742b926,CVE-2024-29045
816421644,SecG3ek/2024_CVEs,cveId.txt,c4c155311d194016fb66162458ab08154742b926,CVE-2024-29046
816421644,SecG3ek/2024_CVEs,cveId.txt,c4c155311d194016fb66162458ab08154742b926,CVE-2024-29047
816421644,SecG3ek/2024_CVEs,cveId.txt,c4c155311d194016fb66162458ab08154742b926,CVE-2024-29048
816421644,SecG3ek/2024_CVEs,cveId.txt,c4c155311d194016fb66162458ab08154742b926,CVE-2024-29049
816421644,SecG3ek/2024_CVEs,cveId.txt,c4c155311d194016fb66162458ab08154742b926,CVE-2024-29050
816421644,SecG3ek/2024_CVEs,cveId.txt,c4c155311d194016fb66162458ab08154742b926,CVE-2024-29052
816421644,SecG3ek/2024_CVEs,cveId.txt,c4c155311d194016fb66162458ab08154742b926,CVE-2024-29053
816421644,SecG3ek/2024_CVEs,cveId.txt,c4c155311d194016fb66162458ab08154742b926,CVE-2024-29054
816421644,SecG3ek/2024_CVEs,cveId.txt,c4c155311d194016fb66162458ab08154742b926,CVE-2024-29006
816421644,SecG3ek/2024_CVEs,cveId.txt,c4c155311d194016fb66162458ab08154742b926,CVE-2024-29055
816421644,SecG3ek/2024_CVEs,cveId.txt,c4c155311d194016fb66162458ab08154742b926,CVE-2024-29057
816421644,SecG3ek/2024_CVEs,cveId.txt,c4c155311d194016fb66162458ab08154742b926,CVE-2024-29059
816421644,SecG3ek/2024_CVEs,cveId.txt,c4c155311d194016fb66162458ab08154742b926,CVE-2024-29060
816421644,SecG3ek/2024_CVEs,cveId.txt,c4c155311d194016fb66162458ab08154742b926,CVE-2024-29061
816421644,SecG3ek/2024_CVEs,cveId.txt,c4c155311d194016fb66162458ab08154742b926,CVE-2024-29062
816421644,SecG3ek/2024_CVEs,cveId.txt,c4c155311d194016fb66162458ab08154742b926,CVE-2024-29063
816421644,SecG3ek/2024_CVEs,cveId.txt,c4c155311d194016fb66162458ab08154742b926,CVE-2024-29064
816421644,SecG3ek/2024_CVEs,cveId.txt,c4c155311d194016fb66162458ab08154742b926,CVE-2024-29066
816421644,SecG3ek/2024_CVEs,cveId.txt,c4c155311d194016fb66162458ab08154742b926,CVE-2024-29071
816421644,SecG3ek/2024_CVEs,cveId.txt,c4c155311d194016fb66162458ab08154742b926,CVE-2024-29072
816421644,SecG3ek/2024_CVEs,cveId.txt,c4c155311d194016fb66162458ab08154742b926,CVE-2024-29074
816421644,SecG3ek/2024_CVEs,cveId.txt,c4c155311d194016fb66162458ab08154742b926,CVE-2024-29078
816421644,SecG3ek/2024_CVEs,cveId.txt,c4c155311d194016fb66162458ab08154742b926,CVE-2024-29086
816421644,SecG3ek/2024_CVEs,cveId.txt,c4c155311d194016fb66162458ab08154742b926,CVE-2024-29089
816421644,SecG3ek/2024_CVEs,cveId.txt,c4c155311d194016fb66162458ab08154742b926,CVE-2024-29056
816421644,SecG3ek/2024_CVEs,cveId.txt,c4c155311d194016fb66162458ab08154742b926,CVE-2024-29090
816421644,SecG3ek/2024_CVEs,cveId.txt,c4c155311d194016fb66162458ab08154742b926,CVE-2024-29004
816421644,SecG3ek/2024_CVEs,cveId.txt,c4c155311d194016fb66162458ab08154742b926,CVE-2024-29001
816421644,SecG3ek/2024_CVEs,cveId.txt,c4c155311d194016fb66162458ab08154742b926,CVE-2024-28938
816421644,SecG3ek/2024_CVEs,cveId.txt,c4c155311d194016fb66162458ab08154742b926,CVE-2024-28939
816421644,SecG3ek/2024_CVEs,cveId.txt,c4c155311d194016fb66162458ab08154742b926,CVE-2024-28940
816421644,SecG3ek/2024_CVEs,cveId.txt,c4c155311d194016fb66162458ab08154742b926,CVE-2024-28941
816421644,SecG3ek/2024_CVEs,cveId.txt,c4c155311d194016fb66162458ab08154742b926,CVE-2024-28942
816421644,SecG3ek/2024_CVEs,cveId.txt,c4c155311d194016fb66162458ab08154742b926,CVE-2024-28943
816421644,SecG3ek/2024_CVEs,cveId.txt,c4c155311d194016fb66162458ab08154742b926,CVE-2024-28944
816421644,SecG3ek/2024_CVEs,cveId.txt,c4c155311d194016fb66162458ab08154742b926,CVE-2024-28945
816421644,SecG3ek/2024_CVEs,cveId.txt,c4c155311d194016fb66162458ab08154742b926,CVE-2024-28951
816421644,SecG3ek/2024_CVEs,cveId.txt,c4c155311d194016fb66162458ab08154742b926,CVE-2024-28957
816421644,SecG3ek/2024_CVEs,cveId.txt,c4c155311d194016fb66162458ab08154742b926,CVE-2024-28960
816421644,SecG3ek/2024_CVEs,cveId.txt,c4c155311d194016fb66162458ab08154742b926,CVE-2024-28961
816421644,SecG3ek/2024_CVEs,cveId.txt,c4c155311d194016fb66162458ab08154742b926,CVE-2024-28963
816421644,SecG3ek/2024_CVEs,cveId.txt,c4c155311d194016fb66162458ab08154742b926,CVE-2024-28964
816421644,SecG3ek/2024_CVEs,cveId.txt,c4c155311d194016fb66162458ab08154742b926,CVE-2024-29003
816421644,SecG3ek/2024_CVEs,cveId.txt,c4c155311d194016fb66162458ab08154742b926,CVE-2024-28965
816421644,SecG3ek/2024_CVEs,cveId.txt,c4c155311d194016fb66162458ab08154742b926,CVE-2024-28967
816421644,SecG3ek/2024_CVEs,cveId.txt,c4c155311d194016fb66162458ab08154742b926,CVE-2024-28968
816421644,SecG3ek/2024_CVEs,cveId.txt,c4c155311d194016fb66162458ab08154742b926,CVE-2024-28969
816421644,SecG3ek/2024_CVEs,cveId.txt,c4c155311d194016fb66162458ab08154742b926,CVE-2024-28970
816421644,SecG3ek/2024_CVEs,cveId.txt,c4c155311d194016fb66162458ab08154742b926,CVE-2024-28971
816421644,SecG3ek/2024_CVEs,cveId.txt,c4c155311d194016fb66162458ab08154742b926,CVE-2024-28974
816421644,SecG3ek/2024_CVEs,cveId.txt,c4c155311d194016fb66162458ab08154742b926,CVE-2024-28976
816421644,SecG3ek/2024_CVEs,cveId.txt,c4c155311d194016fb66162458ab08154742b926,CVE-2024-28977
816421644,SecG3ek/2024_CVEs,cveId.txt,c4c155311d194016fb66162458ab08154742b926,CVE-2024-28978
816421644,SecG3ek/2024_CVEs,cveId.txt,c4c155311d194016fb66162458ab08154742b926,CVE-2024-28979
816421644,SecG3ek/2024_CVEs,cveId.txt,c4c155311d194016fb66162458ab08154742b926,CVE-2024-28995
816421644,SecG3ek/2024_CVEs,cveId.txt,c4c155311d194016fb66162458ab08154742b926,CVE-2024-28996
816421644,SecG3ek/2024_CVEs,cveId.txt,c4c155311d194016fb66162458ab08154742b926,CVE-2024-28999
816421644,SecG3ek/2024_CVEs,cveId.txt,c4c155311d194016fb66162458ab08154742b926,CVE-2024-29000
816421644,SecG3ek/2024_CVEs,cveId.txt,c4c155311d194016fb66162458ab08154742b926,CVE-2024-28966
816421644,SecG3ek/2024_CVEs,cveId.txt,c4c155311d194016fb66162458ab08154742b926,CVE-2024-29754
816421644,SecG3ek/2024_CVEs,cveId.txt,c4c155311d194016fb66162458ab08154742b926,CVE-2024-29091
816421644,SecG3ek/2024_CVEs,cveId.txt,c4c155311d194016fb66162458ab08154742b926,CVE-2024-29093
816421644,SecG3ek/2024_CVEs,cveId.txt,c4c155311d194016fb66162458ab08154742b926,CVE-2024-29130
816421644,SecG3ek/2024_CVEs,cveId.txt,c4c155311d194016fb66162458ab08154742b926,CVE-2024-29131
816421644,SecG3ek/2024_CVEs,cveId.txt,c4c155311d194016fb66162458ab08154742b926,CVE-2024-29133
816421644,SecG3ek/2024_CVEs,cveId.txt,c4c155311d194016fb66162458ab08154742b926,CVE-2024-29134
816421644,SecG3ek/2024_CVEs,cveId.txt,c4c155311d194016fb66162458ab08154742b926,CVE-2024-29135
816421644,SecG3ek/2024_CVEs,cveId.txt,c4c155311d194016fb66162458ab08154742b926,CVE-2024-29136
816421644,SecG3ek/2024_CVEs,cveId.txt,c4c155311d194016fb66162458ab08154742b926,CVE-2024-29137
816421644,SecG3ek/2024_CVEs,cveId.txt,c4c155311d194016fb66162458ab08154742b926,CVE-2024-29138
816421644,SecG3ek/2024_CVEs,cveId.txt,c4c155311d194016fb66162458ab08154742b926,CVE-2024-29139
816421644,SecG3ek/2024_CVEs,cveId.txt,c4c155311d194016fb66162458ab08154742b926,CVE-2024-29140
816421644,SecG3ek/2024_CVEs,cveId.txt,c4c155311d194016fb66162458ab08154742b926,CVE-2024-29141
816421644,SecG3ek/2024_CVEs,cveId.txt,c4c155311d194016fb66162458ab08154742b926,CVE-2024-29142
816421644,SecG3ek/2024_CVEs,cveId.txt,c4c155311d194016fb66162458ab08154742b926,CVE-2024-29143
816421644,SecG3ek/2024_CVEs,cveId.txt,c4c155311d194016fb66162458ab08154742b926,CVE-2024-29149
816421644,SecG3ek/2024_CVEs,cveId.txt,c4c155311d194016fb66162458ab08154742b926,CVE-2024-29129
816421644,SecG3ek/2024_CVEs,cveId.txt,c4c155311d194016fb66162458ab08154742b926,CVE-2024-29150
816421644,SecG3ek/2024_CVEs,cveId.txt,c4c155311d194016fb66162458ab08154742b926,CVE-2024-29152
816421644,SecG3ek/2024_CVEs,cveId.txt,c4c155311d194016fb66162458ab08154742b926,CVE-2024-29154
816421644,SecG3ek/2024_CVEs,cveId.txt,c4c155311d194016fb66162458ab08154742b926,CVE-2024-29156
816421644,SecG3ek/2024_CVEs,cveId.txt,c4c155311d194016fb66162458ab08154742b926,CVE-2024-29157
816421644,SecG3ek/2024_CVEs,cveId.txt,c4c155311d194016fb66162458ab08154742b926,CVE-2024-29158
816421644,SecG3ek/2024_CVEs,cveId.txt,c4c155311d194016fb66162458ab08154742b926,CVE-2024-29159
816421644,SecG3ek/2024_CVEs,cveId.txt,c4c155311d194016fb66162458ab08154742b926,CVE-2024-29160
816421644,SecG3ek/2024_CVEs,cveId.txt,c4c155311d194016fb66162458ab08154742b926,CVE-2024-29161
816421644,SecG3ek/2024_CVEs,cveId.txt,c4c155311d194016fb66162458ab08154742b926,CVE-2024-29162
816421644,SecG3ek/2024_CVEs,cveId.txt,c4c155311d194016fb66162458ab08154742b926,CVE-2024-29163
816421644,SecG3ek/2024_CVEs,cveId.txt,c4c155311d194016fb66162458ab08154742b926,CVE-2024-29164
816421644,SecG3ek/2024_CVEs,cveId.txt,c4c155311d194016fb66162458ab08154742b926,CVE-2024-29165
816421644,SecG3ek/2024_CVEs,cveId.txt,c4c155311d194016fb66162458ab08154742b926,CVE-2024-29166
816421644,SecG3ek/2024_CVEs,cveId.txt,c4c155311d194016fb66162458ab08154742b926,CVE-2024-29167
816421644,SecG3ek/2024_CVEs,cveId.txt,c4c155311d194016fb66162458ab08154742b926,CVE-2024-29151
816421644,SecG3ek/2024_CVEs,cveId.txt,c4c155311d194016fb66162458ab08154742b926,CVE-2024-29092
816421644,SecG3ek/2024_CVEs,cveId.txt,c4c155311d194016fb66162458ab08154742b926,CVE-2024-29128
816421644,SecG3ek/2024_CVEs,cveId.txt,c4c155311d194016fb66162458ab08154742b926,CVE-2024-29126
816421644,SecG3ek/2024_CVEs,cveId.txt,c4c155311d194016fb66162458ab08154742b926,CVE-2024-29094
816421644,SecG3ek/2024_CVEs,cveId.txt,c4c155311d194016fb66162458ab08154742b926,CVE-2024-29095
816421644,SecG3ek/2024_CVEs,cveId.txt,c4c155311d194016fb66162458ab08154742b926,CVE-2024-29096
816421644,SecG3ek/2024_CVEs,cveId.txt,c4c155311d194016fb66162458ab08154742b926,CVE-2024-29097
816421644,SecG3ek/2024_CVEs,cveId.txt,c4c155311d194016fb66162458ab08154742b926,CVE-2024-29098
816421644,SecG3ek/2024_CVEs,cveId.txt,c4c155311d194016fb66162458ab08154742b926,CVE-2024-29099
816421644,SecG3ek/2024_CVEs,cveId.txt,c4c155311d194016fb66162458ab08154742b926,CVE-2024-29100
816421644,SecG3ek/2024_CVEs,cveId.txt,c4c155311d194016fb66162458ab08154742b926,CVE-2024-29101
816421644,SecG3ek/2024_CVEs,cveId.txt,c4c155311d194016fb66162458ab08154742b926,CVE-2024-29102
816421644,SecG3ek/2024_CVEs,cveId.txt,c4c155311d194016fb66162458ab08154742b926,CVE-2024-29103
816421644,SecG3ek/2024_CVEs,cveId.txt,c4c155311d194016fb66162458ab08154742b926,CVE-2024-29104
816421644,SecG3ek/2024_CVEs,cveId.txt,c4c155311d194016fb66162458ab08154742b926,CVE-2024-29105
816421644,SecG3ek/2024_CVEs,cveId.txt,c4c155311d194016fb66162458ab08154742b926,CVE-2024-29106
816421644,SecG3ek/2024_CVEs,cveId.txt,c4c155311d194016fb66162458ab08154742b926,CVE-2024-29107
816421644,SecG3ek/2024_CVEs,cveId.txt,c4c155311d194016fb66162458ab08154742b926,CVE-2024-29127
816421644,SecG3ek/2024_CVEs,cveId.txt,c4c155311d194016fb66162458ab08154742b926,CVE-2024-29108
816421644,SecG3ek/2024_CVEs,cveId.txt,c4c155311d194016fb66162458ab08154742b926,CVE-2024-29110
816421644,SecG3ek/2024_CVEs,cveId.txt,c4c155311d194016fb66162458ab08154742b926,CVE-2024-29111
816421644,SecG3ek/2024_CVEs,cveId.txt,c4c155311d194016fb66162458ab08154742b926,CVE-2024-29112
816421644,SecG3ek/2024_CVEs,cveId.txt,c4c155311d194016fb66162458ab08154742b926,CVE-2024-29113
816421644,SecG3ek/2024_CVEs,cveId.txt,c4c155311d194016fb66162458ab08154742b926,CVE-2024-29114
816421644,SecG3ek/2024_CVEs,cveId.txt,c4c155311d194016fb66162458ab08154742b926,CVE-2024-29115
816421644,SecG3ek/2024_CVEs,cveId.txt,c4c155311d194016fb66162458ab08154742b926,CVE-2024-29116
816421644,SecG3ek/2024_CVEs,cveId.txt,c4c155311d194016fb66162458ab08154742b926,CVE-2024-29117
816421644,SecG3ek/2024_CVEs,cveId.txt,c4c155311d194016fb66162458ab08154742b926,CVE-2024-29118
816421644,SecG3ek/2024_CVEs,cveId.txt,c4c155311d194016fb66162458ab08154742b926,CVE-2024-29121
816421644,SecG3ek/2024_CVEs,cveId.txt,c4c155311d194016fb66162458ab08154742b926,CVE-2024-29122
816421644,SecG3ek/2024_CVEs,cveId.txt,c4c155311d194016fb66162458ab08154742b926,CVE-2024-29123
816421644,SecG3ek/2024_CVEs,cveId.txt,c4c155311d194016fb66162458ab08154742b926,CVE-2024-29124
816421644,SecG3ek/2024_CVEs,cveId.txt,c4c155311d194016fb66162458ab08154742b926,CVE-2024-29125
816421644,SecG3ek/2024_CVEs,cveId.txt,c4c155311d194016fb66162458ab08154742b926,CVE-2024-29109
816421644,SecG3ek/2024_CVEs,cveId.txt,c4c155311d194016fb66162458ab08154742b926,CVE-2024-28937
816421644,SecG3ek/2024_CVEs,cveId.txt,c4c155311d194016fb66162458ab08154742b926,CVE-2024-29755
816421644,SecG3ek/2024_CVEs,cveId.txt,c4c155311d194016fb66162458ab08154742b926,CVE-2024-29757
816421644,SecG3ek/2024_CVEs,cveId.txt,c4c155311d194016fb66162458ab08154742b926,CVE-2024-30010
816421644,SecG3ek/2024_CVEs,cveId.txt,c4c155311d194016fb66162458ab08154742b926,CVE-2024-30011
816421644,SecG3ek/2024_CVEs,cveId.txt,c4c155311d194016fb66162458ab08154742b926,CVE-2024-30012
816421644,SecG3ek/2024_CVEs,cveId.txt,c4c155311d194016fb66162458ab08154742b926,CVE-2024-30014
816421644,SecG3ek/2024_CVEs,cveId.txt,c4c155311d194016fb66162458ab08154742b926,CVE-2024-30015
816421644,SecG3ek/2024_CVEs,cveId.txt,c4c155311d194016fb66162458ab08154742b926,CVE-2024-30016
816421644,SecG3ek/2024_CVEs,cveId.txt,c4c155311d194016fb66162458ab08154742b926,CVE-2024-30017
816421644,SecG3ek/2024_CVEs,cveId.txt,c4c155311d194016fb66162458ab08154742b926,CVE-2024-30018
816421644,SecG3ek/2024_CVEs,cveId.txt,c4c155311d194016fb66162458ab08154742b926,CVE-2024-30019
816421644,SecG3ek/2024_CVEs,cveId.txt,c4c155311d194016fb66162458ab08154742b926,CVE-2024-30020
816421644,SecG3ek/2024_CVEs,cveId.txt,c4c155311d194016fb66162458ab08154742b926,CVE-2024-30021
816421644,SecG3ek/2024_CVEs,cveId.txt,c4c155311d194016fb66162458ab08154742b926,CVE-2024-30022
816421644,SecG3ek/2024_CVEs,cveId.txt,c4c155311d194016fb66162458ab08154742b926,CVE-2024-30023
816421644,SecG3ek/2024_CVEs,cveId.txt,c4c155311d194016fb66162458ab08154742b926,CVE-2024-30024
816421644,SecG3ek/2024_CVEs,cveId.txt,c4c155311d194016fb66162458ab08154742b926,CVE-2024-30025
816421644,SecG3ek/2024_CVEs,cveId.txt,c4c155311d194016fb66162458ab08154742b926,CVE-2024-30027
816421644,SecG3ek/2024_CVEs,cveId.txt,c4c155311d194016fb66162458ab08154742b926,CVE-2024-30028
816421644,SecG3ek/2024_CVEs,cveId.txt,c4c155311d194016fb66162458ab08154742b926,CVE-2024-30029
816421644,SecG3ek/2024_CVEs,cveId.txt,c4c155311d194016fb66162458ab08154742b926,CVE-2024-30030
816421644,SecG3ek/2024_CVEs,cveId.txt,c4c155311d194016fb66162458ab08154742b926,CVE-2024-30031
816421644,SecG3ek/2024_CVEs,cveId.txt,c4c155311d194016fb66162458ab08154742b926,CVE-2024-30032
816421644,SecG3ek/2024_CVEs,cveId.txt,c4c155311d194016fb66162458ab08154742b926,CVE-2024-30033
816421644,SecG3ek/2024_CVEs,cveId.txt,c4c155311d194016fb66162458ab08154742b926,CVE-2024-30034
816421644,SecG3ek/2024_CVEs,cveId.txt,c4c155311d194016fb66162458ab08154742b926,CVE-2024-30035
816421644,SecG3ek/2024_CVEs,cveId.txt,c4c155311d194016fb66162458ab08154742b926,CVE-2024-30036
816421644,SecG3ek/2024_CVEs,cveId.txt,c4c155311d194016fb66162458ab08154742b926,CVE-2024-30037
816421644,SecG3ek/2024_CVEs,cveId.txt,c4c155311d194016fb66162458ab08154742b926,CVE-2024-30038
816421644,SecG3ek/2024_CVEs,cveId.txt,c4c155311d194016fb66162458ab08154742b926,CVE-2024-30039
816421644,SecG3ek/2024_CVEs,cveId.txt,c4c155311d194016fb66162458ab08154742b926,CVE-2024-30040
816421644,SecG3ek/2024_CVEs,cveId.txt,c4c155311d194016fb66162458ab08154742b926,CVE-2024-30009
816421644,SecG3ek/2024_CVEs,cveId.txt,c4c155311d194016fb66162458ab08154742b926,CVE-2024-30008
816421644,SecG3ek/2024_CVEs,cveId.txt,c4c155311d194016fb66162458ab08154742b926,CVE-2024-30007
816421644,SecG3ek/2024_CVEs,cveId.txt,c4c155311d194016fb66162458ab08154742b926,CVE-2024-30006
816421644,SecG3ek/2024_CVEs,cveId.txt,c4c155311d194016fb66162458ab08154742b926,CVE-2024-29946
816421644,SecG3ek/2024_CVEs,cveId.txt,c4c155311d194016fb66162458ab08154742b926,CVE-2024-29972
816421644,SecG3ek/2024_CVEs,cveId.txt,c4c155311d194016fb66162458ab08154742b926,CVE-2024-29973
816421644,SecG3ek/2024_CVEs,cveId.txt,c4c155311d194016fb66162458ab08154742b926,CVE-2024-29974
816421644,SecG3ek/2024_CVEs,cveId.txt,c4c155311d194016fb66162458ab08154742b926,CVE-2024-29975
816421644,SecG3ek/2024_CVEs,cveId.txt,c4c155311d194016fb66162458ab08154742b926,CVE-2024-29976
816421644,SecG3ek/2024_CVEs,cveId.txt,c4c155311d194016fb66162458ab08154742b926,CVE-2024-29981
816421644,SecG3ek/2024_CVEs,cveId.txt,c4c155311d194016fb66162458ab08154742b926,CVE-2024-29982
816421644,SecG3ek/2024_CVEs,cveId.txt,c4c155311d194016fb66162458ab08154742b926,CVE-2024-29983
816421644,SecG3ek/2024_CVEs,cveId.txt,c4c155311d194016fb66162458ab08154742b926,CVE-2024-29984
816421644,SecG3ek/2024_CVEs,cveId.txt,c4c155311d194016fb66162458ab08154742b926,CVE-2024-29985
816421644,SecG3ek/2024_CVEs,cveId.txt,c4c155311d194016fb66162458ab08154742b926,CVE-2024-29986
816421644,SecG3ek/2024_CVEs,cveId.txt,c4c155311d194016fb66162458ab08154742b926,CVE-2024-29987
816421644,SecG3ek/2024_CVEs,cveId.txt,c4c155311d194016fb66162458ab08154742b926,CVE-2024-29988
816421644,SecG3ek/2024_CVEs,cveId.txt,c4c155311d194016fb66162458ab08154742b926,CVE-2024-30041
816421644,SecG3ek/2024_CVEs,cveId.txt,c4c155311d194016fb66162458ab08154742b926,CVE-2024-29989
816421644,SecG3ek/2024_CVEs,cveId.txt,c4c155311d194016fb66162458ab08154742b926,CVE-2024-29991
816421644,SecG3ek/2024_CVEs,cveId.txt,c4c155311d194016fb66162458ab08154742b926,CVE-2024-29992
816421644,SecG3ek/2024_CVEs,cveId.txt,c4c155311d194016fb66162458ab08154742b926,CVE-2024-29993
816421644,SecG3ek/2024_CVEs,cveId.txt,c4c155311d194016fb66162458ab08154742b926,CVE-2024-29994
816421644,SecG3ek/2024_CVEs,cveId.txt,c4c155311d194016fb66162458ab08154742b926,CVE-2024-29996
816421644,SecG3ek/2024_CVEs,cveId.txt,c4c155311d194016fb66162458ab08154742b926,CVE-2024-29997
816421644,SecG3ek/2024_CVEs,cveId.txt,c4c155311d194016fb66162458ab08154742b926,CVE-2024-29998
816421644,SecG3ek/2024_CVEs,cveId.txt,c4c155311d194016fb66162458ab08154742b926,CVE-2024-29999
816421644,SecG3ek/2024_CVEs,cveId.txt,c4c155311d194016fb66162458ab08154742b926,CVE-2024-30000
816421644,SecG3ek/2024_CVEs,cveId.txt,c4c155311d194016fb66162458ab08154742b926,CVE-2024-30001
816421644,SecG3ek/2024_CVEs,cveId.txt,c4c155311d194016fb66162458ab08154742b926,CVE-2024-30002
816421644,SecG3ek/2024_CVEs,cveId.txt,c4c155311d194016fb66162458ab08154742b926,CVE-2024-30003
816421644,SecG3ek/2024_CVEs,cveId.txt,c4c155311d194016fb66162458ab08154742b926,CVE-2024-30004
816421644,SecG3ek/2024_CVEs,cveId.txt,c4c155311d194016fb66162458ab08154742b926,CVE-2024-30005
816421644,SecG3ek/2024_CVEs,cveId.txt,c4c155311d194016fb66162458ab08154742b926,CVE-2024-29990
816421644,SecG3ek/2024_CVEs,cveId.txt,c4c155311d194016fb66162458ab08154742b926,CVE-2024-30042
816421644,SecG3ek/2024_CVEs,cveId.txt,c4c155311d194016fb66162458ab08154742b926,CVE-2024-30043
816421644,SecG3ek/2024_CVEs,cveId.txt,c4c155311d194016fb66162458ab08154742b926,CVE-2024-30044
816421644,SecG3ek/2024_CVEs,cveId.txt,c4c155311d194016fb66162458ab08154742b926,CVE-2024-30084
816421644,SecG3ek/2024_CVEs,cveId.txt,c4c155311d194016fb66162458ab08154742b926,CVE-2024-30085
816421644,SecG3ek/2024_CVEs,cveId.txt,c4c155311d194016fb66162458ab08154742b926,CVE-2024-30086
816421644,SecG3ek/2024_CVEs,cveId.txt,c4c155311d194016fb66162458ab08154742b926,CVE-2024-30087
816421644,SecG3ek/2024_CVEs,cveId.txt,c4c155311d194016fb66162458ab08154742b926,CVE-2024-30088
816421644,SecG3ek/2024_CVEs,cveId.txt,c4c155311d194016fb66162458ab08154742b926,CVE-2024-30089
816421644,SecG3ek/2024_CVEs,cveId.txt,c4c155311d194016fb66162458ab08154742b926,CVE-2024-30090
816421644,SecG3ek/2024_CVEs,cveId.txt,c4c155311d194016fb66162458ab08154742b926,CVE-2024-30091
816421644,SecG3ek/2024_CVEs,cveId.txt,c4c155311d194016fb66162458ab08154742b926,CVE-2024-30093
816421644,SecG3ek/2024_CVEs,cveId.txt,c4c155311d194016fb66162458ab08154742b926,CVE-2024-30094
816421644,SecG3ek/2024_CVEs,cveId.txt,c4c155311d194016fb66162458ab08154742b926,CVE-2024-30095
816421644,SecG3ek/2024_CVEs,cveId.txt,c4c155311d194016fb66162458ab08154742b926,CVE-2024-30096
816421644,SecG3ek/2024_CVEs,cveId.txt,c4c155311d194016fb66162458ab08154742b926,CVE-2024-30097
816421644,SecG3ek/2024_CVEs,cveId.txt,c4c155311d194016fb66162458ab08154742b926,CVE-2024-30099
816421644,SecG3ek/2024_CVEs,cveId.txt,c4c155311d194016fb66162458ab08154742b926,CVE-2024-30083
816421644,SecG3ek/2024_CVEs,cveId.txt,c4c155311d194016fb66162458ab08154742b926,CVE-2024-30100
816421644,SecG3ek/2024_CVEs,cveId.txt,c4c155311d194016fb66162458ab08154742b926,CVE-2024-30102
816421644,SecG3ek/2024_CVEs,cveId.txt,c4c155311d194016fb66162458ab08154742b926,CVE-2024-30103
816421644,SecG3ek/2024_CVEs,cveId.txt,c4c155311d194016fb66162458ab08154742b926,CVE-2024-30104
816421644,SecG3ek/2024_CVEs,cveId.txt,c4c155311d194016fb66162458ab08154742b926,CVE-2024-30107
816421644,SecG3ek/2024_CVEs,cveId.txt,c4c155311d194016fb66162458ab08154742b926,CVE-2024-30119
816421644,SecG3ek/2024_CVEs,cveId.txt,c4c155311d194016fb66162458ab08154742b926,CVE-2024-30120
816421644,SecG3ek/2024_CVEs,cveId.txt,c4c155311d194016fb66162458ab08154742b926,CVE-2024-30156
816421644,SecG3ek/2024_CVEs,cveId.txt,c4c155311d194016fb66162458ab08154742b926,CVE-2024-30161
816421644,SecG3ek/2024_CVEs,cveId.txt,c4c155311d194016fb66162458ab08154742b926,CVE-2024-30162
816421644,SecG3ek/2024_CVEs,cveId.txt,c4c155311d194016fb66162458ab08154742b926,CVE-2024-30163
816421644,SecG3ek/2024_CVEs,cveId.txt,c4c155311d194016fb66162458ab08154742b926,CVE-2024-30164
816421644,SecG3ek/2024_CVEs,cveId.txt,c4c155311d194016fb66162458ab08154742b926,CVE-2024-30165
816421644,SecG3ek/2024_CVEs,cveId.txt,c4c155311d194016fb66162458ab08154742b926,CVE-2024-30166
816421644,SecG3ek/2024_CVEs,cveId.txt,c4c155311d194016fb66162458ab08154742b926,CVE-2024-30171
816421644,SecG3ek/2024_CVEs,cveId.txt,c4c155311d194016fb66162458ab08154742b926,CVE-2024-30101
816421644,SecG3ek/2024_CVEs,cveId.txt,c4c155311d194016fb66162458ab08154742b926,CVE-2024-29945
816421644,SecG3ek/2024_CVEs,cveId.txt,c4c155311d194016fb66162458ab08154742b926,CVE-2024-30082
816421644,SecG3ek/2024_CVEs,cveId.txt,c4c155311d194016fb66162458ab08154742b926,CVE-2024-30078
816421644,SecG3ek/2024_CVEs,cveId.txt,c4c155311d194016fb66162458ab08154742b926,CVE-2024-30045
816421644,SecG3ek/2024_CVEs,cveId.txt,c4c155311d194016fb66162458ab08154742b926,CVE-2024-30046
816421644,SecG3ek/2024_CVEs,cveId.txt,c4c155311d194016fb66162458ab08154742b926,CVE-2024-30047
816421644,SecG3ek/2024_CVEs,cveId.txt,c4c155311d194016fb66162458ab08154742b926,CVE-2024-30048
816421644,SecG3ek/2024_CVEs,cveId.txt,c4c155311d194016fb66162458ab08154742b926,CVE-2024-30049
816421644,SecG3ek/2024_CVEs,cveId.txt,c4c155311d194016fb66162458ab08154742b926,CVE-2024-30050
816421644,SecG3ek/2024_CVEs,cveId.txt,c4c155311d194016fb66162458ab08154742b926,CVE-2024-30051
816421644,SecG3ek/2024_CVEs,cveId.txt,c4c155311d194016fb66162458ab08154742b926,CVE-2024-30052
816421644,SecG3ek/2024_CVEs,cveId.txt,c4c155311d194016fb66162458ab08154742b926,CVE-2024-30053
816421644,SecG3ek/2024_CVEs,cveId.txt,c4c155311d194016fb66162458ab08154742b926,CVE-2024-30054
816421644,SecG3ek/2024_CVEs,cveId.txt,c4c155311d194016fb66162458ab08154742b926,CVE-2024-30055
816421644,SecG3ek/2024_CVEs,cveId.txt,c4c155311d194016fb66162458ab08154742b926,CVE-2024-30056
816421644,SecG3ek/2024_CVEs,cveId.txt,c4c155311d194016fb66162458ab08154742b926,CVE-2024-30057
816421644,SecG3ek/2024_CVEs,cveId.txt,c4c155311d194016fb66162458ab08154742b926,CVE-2024-30058
816421644,SecG3ek/2024_CVEs,cveId.txt,c4c155311d194016fb66162458ab08154742b926,CVE-2024-30080
816421644,SecG3ek/2024_CVEs,cveId.txt,c4c155311d194016fb66162458ab08154742b926,CVE-2024-30059
816421644,SecG3ek/2024_CVEs,cveId.txt,c4c155311d194016fb66162458ab08154742b926,CVE-2024-30062
816421644,SecG3ek/2024_CVEs,cveId.txt,c4c155311d194016fb66162458ab08154742b926,CVE-2024-30063
816421644,SecG3ek/2024_CVEs,cveId.txt,c4c155311d194016fb66162458ab08154742b926,CVE-2024-30064
816421644,SecG3ek/2024_CVEs,cveId.txt,c4c155311d194016fb66162458ab08154742b926,CVE-2024-30065
816421644,SecG3ek/2024_CVEs,cveId.txt,c4c155311d194016fb66162458ab08154742b926,CVE-2024-30066
816421644,SecG3ek/2024_CVEs,cveId.txt,c4c155311d194016fb66162458ab08154742b926,CVE-2024-30067
816421644,SecG3ek/2024_CVEs,cveId.txt,c4c155311d194016fb66162458ab08154742b926,CVE-2024-30068
816421644,SecG3ek/2024_CVEs,cveId.txt,c4c155311d194016fb66162458ab08154742b926,CVE-2024-30069
816421644,SecG3ek/2024_CVEs,cveId.txt,c4c155311d194016fb66162458ab08154742b926,CVE-2024-30070
816421644,SecG3ek/2024_CVEs,cveId.txt,c4c155311d194016fb66162458ab08154742b926,CVE-2024-30072
816421644,SecG3ek/2024_CVEs,cveId.txt,c4c155311d194016fb66162458ab08154742b926,CVE-2024-30074
816421644,SecG3ek/2024_CVEs,cveId.txt,c4c155311d194016fb66162458ab08154742b926,CVE-2024-30075
816421644,SecG3ek/2024_CVEs,cveId.txt,c4c155311d194016fb66162458ab08154742b926,CVE-2024-30076
816421644,SecG3ek/2024_CVEs,cveId.txt,c4c155311d194016fb66162458ab08154742b926,CVE-2024-30077
816421644,SecG3ek/2024_CVEs,cveId.txt,c4c155311d194016fb66162458ab08154742b926,CVE-2024-30060
816421644,SecG3ek/2024_CVEs,cveId.txt,c4c155311d194016fb66162458ab08154742b926,CVE-2024-29944
816421644,SecG3ek/2024_CVEs,cveId.txt,c4c155311d194016fb66162458ab08154742b926,CVE-2024-29943
816421644,SecG3ek/2024_CVEs,cveId.txt,c4c155311d194016fb66162458ab08154742b926,CVE-2024-29941
816421644,SecG3ek/2024_CVEs,cveId.txt,c4c155311d194016fb66162458ab08154742b926,CVE-2024-29793
816421644,SecG3ek/2024_CVEs,cveId.txt,c4c155311d194016fb66162458ab08154742b926,CVE-2024-29794
816421644,SecG3ek/2024_CVEs,cveId.txt,c4c155311d194016fb66162458ab08154742b926,CVE-2024-29795
816421644,SecG3ek/2024_CVEs,cveId.txt,c4c155311d194016fb66162458ab08154742b926,CVE-2024-29796
816421644,SecG3ek/2024_CVEs,cveId.txt,c4c155311d194016fb66162458ab08154742b926,CVE-2024-29797
816421644,SecG3ek/2024_CVEs,cveId.txt,c4c155311d194016fb66162458ab08154742b926,CVE-2024-29798
816421644,SecG3ek/2024_CVEs,cveId.txt,c4c155311d194016fb66162458ab08154742b926,CVE-2024-29799
816421644,SecG3ek/2024_CVEs,cveId.txt,c4c155311d194016fb66162458ab08154742b926,CVE-2024-29800
816421644,SecG3ek/2024_CVEs,cveId.txt,c4c155311d194016fb66162458ab08154742b926,CVE-2024-29801
816421644,SecG3ek/2024_CVEs,cveId.txt,c4c155311d194016fb66162458ab08154742b926,CVE-2024-29802
816421644,SecG3ek/2024_CVEs,cveId.txt,c4c155311d194016fb66162458ab08154742b926,CVE-2024-29803
816421644,SecG3ek/2024_CVEs,cveId.txt,c4c155311d194016fb66162458ab08154742b926,CVE-2024-29804
816421644,SecG3ek/2024_CVEs,cveId.txt,c4c155311d194016fb66162458ab08154742b926,CVE-2024-29805
816421644,SecG3ek/2024_CVEs,cveId.txt,c4c155311d194016fb66162458ab08154742b926,CVE-2024-29806
816421644,SecG3ek/2024_CVEs,cveId.txt,c4c155311d194016fb66162458ab08154742b926,CVE-2024-29792
816421644,SecG3ek/2024_CVEs,cveId.txt,c4c155311d194016fb66162458ab08154742b926,CVE-2024-29807
816421644,SecG3ek/2024_CVEs,cveId.txt,c4c155311d194016fb66162458ab08154742b926,CVE-2024-29809
816421644,SecG3ek/2024_CVEs,cveId.txt,c4c155311d194016fb66162458ab08154742b926,CVE-2024-29810
816421644,SecG3ek/2024_CVEs,cveId.txt,c4c155311d194016fb66162458ab08154742b926,CVE-2024-29811
816421644,SecG3ek/2024_CVEs,cveId.txt,c4c155311d194016fb66162458ab08154742b926,CVE-2024-29812
816421644,SecG3ek/2024_CVEs,cveId.txt,c4c155311d194016fb66162458ab08154742b926,CVE-2024-29813
816421644,SecG3ek/2024_CVEs,cveId.txt,c4c155311d194016fb66162458ab08154742b926,CVE-2024-29814
816421644,SecG3ek/2024_CVEs,cveId.txt,c4c155311d194016fb66162458ab08154742b926,CVE-2024-29815
816421644,SecG3ek/2024_CVEs,cveId.txt,c4c155311d194016fb66162458ab08154742b926,CVE-2024-29816
816421644,SecG3ek/2024_CVEs,cveId.txt,c4c155311d194016fb66162458ab08154742b926,CVE-2024-29817
816421644,SecG3ek/2024_CVEs,cveId.txt,c4c155311d194016fb66162458ab08154742b926,CVE-2024-29818
816421644,SecG3ek/2024_CVEs,cveId.txt,c4c155311d194016fb66162458ab08154742b926,CVE-2024-29819
816421644,SecG3ek/2024_CVEs,cveId.txt,c4c155311d194016fb66162458ab08154742b926,CVE-2024-29820
816421644,SecG3ek/2024_CVEs,cveId.txt,c4c155311d194016fb66162458ab08154742b926,CVE-2024-29822
816421644,SecG3ek/2024_CVEs,cveId.txt,c4c155311d194016fb66162458ab08154742b926,CVE-2024-29823
816421644,SecG3ek/2024_CVEs,cveId.txt,c4c155311d194016fb66162458ab08154742b926,CVE-2024-29808
816421644,SecG3ek/2024_CVEs,cveId.txt,c4c155311d194016fb66162458ab08154742b926,CVE-2024-29824
816421644,SecG3ek/2024_CVEs,cveId.txt,c4c155311d194016fb66162458ab08154742b926,CVE-2024-29791
816421644,SecG3ek/2024_CVEs,cveId.txt,c4c155311d194016fb66162458ab08154742b926,CVE-2024-29789
816421644,SecG3ek/2024_CVEs,cveId.txt,c4c155311d194016fb66162458ab08154742b926,CVE-2024-29758
816421644,SecG3ek/2024_CVEs,cveId.txt,c4c155311d194016fb66162458ab08154742b926,CVE-2024-29759
816421644,SecG3ek/2024_CVEs,cveId.txt,c4c155311d194016fb66162458ab08154742b926,CVE-2024-29760
816421644,SecG3ek/2024_CVEs,cveId.txt,c4c155311d194016fb66162458ab08154742b926,CVE-2024-29761
816421644,SecG3ek/2024_CVEs,cveId.txt,c4c155311d194016fb66162458ab08154742b926,CVE-2024-29762
816421644,SecG3ek/2024_CVEs,cveId.txt,c4c155311d194016fb66162458ab08154742b926,CVE-2024-29763
816421644,SecG3ek/2024_CVEs,cveId.txt,c4c155311d194016fb66162458ab08154742b926,CVE-2024-29764
816421644,SecG3ek/2024_CVEs,cveId.txt,c4c155311d194016fb66162458ab08154742b926,CVE-2024-29765
816421644,SecG3ek/2024_CVEs,cveId.txt,c4c155311d194016fb66162458ab08154742b926,CVE-2024-29766
816421644,SecG3ek/2024_CVEs,cveId.txt,c4c155311d194016fb66162458ab08154742b926,CVE-2024-29767
816421644,SecG3ek/2024_CVEs,cveId.txt,c4c155311d194016fb66162458ab08154742b926,CVE-2024-29768
816421644,SecG3ek/2024_CVEs,cveId.txt,c4c155311d194016fb66162458ab08154742b926,CVE-2024-29769
816421644,SecG3ek/2024_CVEs,cveId.txt,c4c155311d194016fb66162458ab08154742b926,CVE-2024-29770
816421644,SecG3ek/2024_CVEs,cveId.txt,c4c155311d194016fb66162458ab08154742b926,CVE-2024-29771
816421644,SecG3ek/2024_CVEs,cveId.txt,c4c155311d194016fb66162458ab08154742b926,CVE-2024-29790
816421644,SecG3ek/2024_CVEs,cveId.txt,c4c155311d194016fb66162458ab08154742b926,CVE-2024-29772
816421644,SecG3ek/2024_CVEs,cveId.txt,c4c155311d194016fb66162458ab08154742b926,CVE-2024-29774
816421644,SecG3ek/2024_CVEs,cveId.txt,c4c155311d194016fb66162458ab08154742b926,CVE-2024-29775
816421644,SecG3ek/2024_CVEs,cveId.txt,c4c155311d194016fb66162458ab08154742b926,CVE-2024-29776
816421644,SecG3ek/2024_CVEs,cveId.txt,c4c155311d194016fb66162458ab08154742b926,CVE-2024-29777
816421644,SecG3ek/2024_CVEs,cveId.txt,c4c155311d194016fb66162458ab08154742b926,CVE-2024-29778
816421644,SecG3ek/2024_CVEs,cveId.txt,c4c155311d194016fb66162458ab08154742b926,CVE-2024-29780
816421644,SecG3ek/2024_CVEs,cveId.txt,c4c155311d194016fb66162458ab08154742b926,CVE-2024-29781
816421644,SecG3ek/2024_CVEs,cveId.txt,c4c155311d194016fb66162458ab08154742b926,CVE-2024-29782
816421644,SecG3ek/2024_CVEs,cveId.txt,c4c155311d194016fb66162458ab08154742b926,CVE-2024-29783
816421644,SecG3ek/2024_CVEs,cveId.txt,c4c155311d194016fb66162458ab08154742b926,CVE-2024-29784
816421644,SecG3ek/2024_CVEs,cveId.txt,c4c155311d194016fb66162458ab08154742b926,CVE-2024-29785
816421644,SecG3ek/2024_CVEs,cveId.txt,c4c155311d194016fb66162458ab08154742b926,CVE-2024-29786
816421644,SecG3ek/2024_CVEs,cveId.txt,c4c155311d194016fb66162458ab08154742b926,CVE-2024-29787
816421644,SecG3ek/2024_CVEs,cveId.txt,c4c155311d194016fb66162458ab08154742b926,CVE-2024-29788
816421644,SecG3ek/2024_CVEs,cveId.txt,c4c155311d194016fb66162458ab08154742b926,CVE-2024-29773
816421644,SecG3ek/2024_CVEs,cveId.txt,c4c155311d194016fb66162458ab08154742b926,CVE-2024-29756
816421644,SecG3ek/2024_CVEs,cveId.txt,c4c155311d194016fb66162458ab08154742b926,CVE-2024-29825
816421644,SecG3ek/2024_CVEs,cveId.txt,c4c155311d194016fb66162458ab08154742b926,CVE-2024-29827
816421644,SecG3ek/2024_CVEs,cveId.txt,c4c155311d194016fb66162458ab08154742b926,CVE-2024-29908
816421644,SecG3ek/2024_CVEs,cveId.txt,c4c155311d194016fb66162458ab08154742b926,CVE-2024-29909
816421644,SecG3ek/2024_CVEs,cveId.txt,c4c155311d194016fb66162458ab08154742b926,CVE-2024-29910
816421644,SecG3ek/2024_CVEs,cveId.txt,c4c155311d194016fb66162458ab08154742b926,CVE-2024-29911
816421644,SecG3ek/2024_CVEs,cveId.txt,c4c155311d194016fb66162458ab08154742b926,CVE-2024-29912
816421644,SecG3ek/2024_CVEs,cveId.txt,c4c155311d194016fb66162458ab08154742b926,CVE-2024-29913
816421644,SecG3ek/2024_CVEs,cveId.txt,c4c155311d194016fb66162458ab08154742b926,CVE-2024-29914
816421644,SecG3ek/2024_CVEs,cveId.txt,c4c155311d194016fb66162458ab08154742b926,CVE-2024-29915
816421644,SecG3ek/2024_CVEs,cveId.txt,c4c155311d194016fb66162458ab08154742b926,CVE-2024-29916
816421644,SecG3ek/2024_CVEs,cveId.txt,c4c155311d194016fb66162458ab08154742b926,CVE-2024-29917
816421644,SecG3ek/2024_CVEs,cveId.txt,c4c155311d194016fb66162458ab08154742b926,CVE-2024-29918
816421644,SecG3ek/2024_CVEs,cveId.txt,c4c155311d194016fb66162458ab08154742b926,CVE-2024-29919
816421644,SecG3ek/2024_CVEs,cveId.txt,c4c155311d194016fb66162458ab08154742b926,CVE-2024-29920
816421644,SecG3ek/2024_CVEs,cveId.txt,c4c155311d194016fb66162458ab08154742b926,CVE-2024-29921
816421644,SecG3ek/2024_CVEs,cveId.txt,c4c155311d194016fb66162458ab08154742b926,CVE-2024-29907
816421644,SecG3ek/2024_CVEs,cveId.txt,c4c155311d194016fb66162458ab08154742b926,CVE-2024-29922
816421644,SecG3ek/2024_CVEs,cveId.txt,c4c155311d194016fb66162458ab08154742b926,CVE-2024-29924
816421644,SecG3ek/2024_CVEs,cveId.txt,c4c155311d194016fb66162458ab08154742b926,CVE-2024-29925
816421644,SecG3ek/2024_CVEs,cveId.txt,c4c155311d194016fb66162458ab08154742b926,CVE-2024-29926
816421644,SecG3ek/2024_CVEs,cveId.txt,c4c155311d194016fb66162458ab08154742b926,CVE-2024-29927
816421644,SecG3ek/2024_CVEs,cveId.txt,c4c155311d194016fb66162458ab08154742b926,CVE-2024-29928
816421644,SecG3ek/2024_CVEs,cveId.txt,c4c155311d194016fb66162458ab08154742b926,CVE-2024-29929
816421644,SecG3ek/2024_CVEs,cveId.txt,c4c155311d194016fb66162458ab08154742b926,CVE-2024-29930
816421644,SecG3ek/2024_CVEs,cveId.txt,c4c155311d194016fb66162458ab08154742b926,CVE-2024-29931
816421644,SecG3ek/2024_CVEs,cveId.txt,c4c155311d194016fb66162458ab08154742b926,CVE-2024-29932
816421644,SecG3ek/2024_CVEs,cveId.txt,c4c155311d194016fb66162458ab08154742b926,CVE-2024-29933
816421644,SecG3ek/2024_CVEs,cveId.txt,c4c155311d194016fb66162458ab08154742b926,CVE-2024-29934
816421644,SecG3ek/2024_CVEs,cveId.txt,c4c155311d194016fb66162458ab08154742b926,CVE-2024-29935
816421644,SecG3ek/2024_CVEs,cveId.txt,c4c155311d194016fb66162458ab08154742b926,CVE-2024-29936
816421644,SecG3ek/2024_CVEs,cveId.txt,c4c155311d194016fb66162458ab08154742b926,CVE-2024-29937
816421644,SecG3ek/2024_CVEs,cveId.txt,c4c155311d194016fb66162458ab08154742b926,CVE-2024-29923
816421644,SecG3ek/2024_CVEs,cveId.txt,c4c155311d194016fb66162458ab08154742b926,CVE-2024-29826
816421644,SecG3ek/2024_CVEs,cveId.txt,c4c155311d194016fb66162458ab08154742b926,CVE-2024-29906
816421644,SecG3ek/2024_CVEs,cveId.txt,c4c155311d194016fb66162458ab08154742b926,CVE-2024-29866
816421644,SecG3ek/2024_CVEs,cveId.txt,c4c155311d194016fb66162458ab08154742b926,CVE-2024-29828
816421644,SecG3ek/2024_CVEs,cveId.txt,c4c155311d194016fb66162458ab08154742b926,CVE-2024-29829
816421644,SecG3ek/2024_CVEs,cveId.txt,c4c155311d194016fb66162458ab08154742b926,CVE-2024-29830
816421644,SecG3ek/2024_CVEs,cveId.txt,c4c155311d194016fb66162458ab08154742b926,CVE-2024-29832
816421644,SecG3ek/2024_CVEs,cveId.txt,c4c155311d194016fb66162458ab08154742b926,CVE-2024-29833
816421644,SecG3ek/2024_CVEs,cveId.txt,c4c155311d194016fb66162458ab08154742b926,CVE-2024-29834
816421644,SecG3ek/2024_CVEs,cveId.txt,c4c155311d194016fb66162458ab08154742b926,CVE-2024-29836
816421644,SecG3ek/2024_CVEs,cveId.txt,c4c155311d194016fb66162458ab08154742b926,CVE-2024-29837
816421644,SecG3ek/2024_CVEs,cveId.txt,c4c155311d194016fb66162458ab08154742b926,CVE-2024-29838
816421644,SecG3ek/2024_CVEs,cveId.txt,c4c155311d194016fb66162458ab08154742b926,CVE-2024-29839
816421644,SecG3ek/2024_CVEs,cveId.txt,c4c155311d194016fb66162458ab08154742b926,CVE-2024-29840
816421644,SecG3ek/2024_CVEs,cveId.txt,c4c155311d194016fb66162458ab08154742b926,CVE-2024-29841
816421644,SecG3ek/2024_CVEs,cveId.txt,c4c155311d194016fb66162458ab08154742b926,CVE-2024-29842
816421644,SecG3ek/2024_CVEs,cveId.txt,c4c155311d194016fb66162458ab08154742b926,CVE-2024-29843
816421644,SecG3ek/2024_CVEs,cveId.txt,c4c155311d194016fb66162458ab08154742b926,CVE-2024-29880
816421644,SecG3ek/2024_CVEs,cveId.txt,c4c155311d194016fb66162458ab08154742b926,CVE-2024-29844
816421644,SecG3ek/2024_CVEs,cveId.txt,c4c155311d194016fb66162458ab08154742b926,CVE-2024-29848
816421644,SecG3ek/2024_CVEs,cveId.txt,c4c155311d194016fb66162458ab08154742b926,CVE-2024-29849
816421644,SecG3ek/2024_CVEs,cveId.txt,c4c155311d194016fb66162458ab08154742b926,CVE-2024-29850
816421644,SecG3ek/2024_CVEs,cveId.txt,c4c155311d194016fb66162458ab08154742b926,CVE-2024-29851
816421644,SecG3ek/2024_CVEs,cveId.txt,c4c155311d194016fb66162458ab08154742b926,CVE-2024-29852
816421644,SecG3ek/2024_CVEs,cveId.txt,c4c155311d194016fb66162458ab08154742b926,CVE-2024-29853
816421644,SecG3ek/2024_CVEs,cveId.txt,c4c155311d194016fb66162458ab08154742b926,CVE-2024-29855
816421644,SecG3ek/2024_CVEs,cveId.txt,c4c155311d194016fb66162458ab08154742b926,CVE-2024-29857
816421644,SecG3ek/2024_CVEs,cveId.txt,c4c155311d194016fb66162458ab08154742b926,CVE-2024-29858
816421644,SecG3ek/2024_CVEs,cveId.txt,c4c155311d194016fb66162458ab08154742b926,CVE-2024-29859
816421644,SecG3ek/2024_CVEs,cveId.txt,c4c155311d194016fb66162458ab08154742b926,CVE-2024-29862
816421644,SecG3ek/2024_CVEs,cveId.txt,c4c155311d194016fb66162458ab08154742b926,CVE-2024-29863
816421644,SecG3ek/2024_CVEs,cveId.txt,c4c155311d194016fb66162458ab08154742b926,CVE-2024-29864
816421644,SecG3ek/2024_CVEs,cveId.txt,c4c155311d194016fb66162458ab08154742b926,CVE-2024-29865
816421644,SecG3ek/2024_CVEs,cveId.txt,c4c155311d194016fb66162458ab08154742b926,CVE-2024-29846
816421644,SecG3ek/2024_CVEs,cveId.txt,c4c155311d194016fb66162458ab08154742b926,CVE-2024-30172
816421644,SecG3ek/2024_CVEs,cveId.txt,c4c155311d194016fb66162458ab08154742b926,CVE-2024-28936
816421644,SecG3ek/2024_CVEs,cveId.txt,c4c155311d194016fb66162458ab08154742b926,CVE-2024-28934
816421644,SecG3ek/2024_CVEs,cveId.txt,c4c155311d194016fb66162458ab08154742b926,CVE-2024-27955
816421644,SecG3ek/2024_CVEs,cveId.txt,c4c155311d194016fb66162458ab08154742b926,CVE-2024-27956
816421644,SecG3ek/2024_CVEs,cveId.txt,c4c155311d194016fb66162458ab08154742b926,CVE-2024-27957
816421644,SecG3ek/2024_CVEs,cveId.txt,c4c155311d194016fb66162458ab08154742b926,CVE-2024-27958
816421644,SecG3ek/2024_CVEs,cveId.txt,c4c155311d194016fb66162458ab08154742b926,CVE-2024-27959
816421644,SecG3ek/2024_CVEs,cveId.txt,c4c155311d194016fb66162458ab08154742b926,CVE-2024-27960
816421644,SecG3ek/2024_CVEs,cveId.txt,c4c155311d194016fb66162458ab08154742b926,CVE-2024-27961
816421644,SecG3ek/2024_CVEs,cveId.txt,c4c155311d194016fb66162458ab08154742b926,CVE-2024-27962
816421644,SecG3ek/2024_CVEs,cveId.txt,c4c155311d194016fb66162458ab08154742b926,CVE-2024-27963
816421644,SecG3ek/2024_CVEs,cveId.txt,c4c155311d194016fb66162458ab08154742b926,CVE-2024-27964
816421644,SecG3ek/2024_CVEs,cveId.txt,c4c155311d194016fb66162458ab08154742b926,CVE-2024-27965
816421644,SecG3ek/2024_CVEs,cveId.txt,c4c155311d194016fb66162458ab08154742b926,CVE-2024-27966
816421644,SecG3ek/2024_CVEs,cveId.txt,c4c155311d194016fb66162458ab08154742b926,CVE-2024-27967
816421644,SecG3ek/2024_CVEs,cveId.txt,c4c155311d194016fb66162458ab08154742b926,CVE-2024-27968
816421644,SecG3ek/2024_CVEs,cveId.txt,c4c155311d194016fb66162458ab08154742b926,CVE-2024-27969
816421644,SecG3ek/2024_CVEs,cveId.txt,c4c155311d194016fb66162458ab08154742b926,CVE-2024-27970
816421644,SecG3ek/2024_CVEs,cveId.txt,c4c155311d194016fb66162458ab08154742b926,CVE-2024-27971
816421644,SecG3ek/2024_CVEs,cveId.txt,c4c155311d194016fb66162458ab08154742b926,CVE-2024-27972
816421644,SecG3ek/2024_CVEs,cveId.txt,c4c155311d194016fb66162458ab08154742b926,CVE-2024-27974
816421644,SecG3ek/2024_CVEs,cveId.txt,c4c155311d194016fb66162458ab08154742b926,CVE-2024-27975
816421644,SecG3ek/2024_CVEs,cveId.txt,c4c155311d194016fb66162458ab08154742b926,CVE-2024-27976
816421644,SecG3ek/2024_CVEs,cveId.txt,c4c155311d194016fb66162458ab08154742b926,CVE-2024-27977
816421644,SecG3ek/2024_CVEs,cveId.txt,c4c155311d194016fb66162458ab08154742b926,CVE-2024-27978
816421644,SecG3ek/2024_CVEs,cveId.txt,c4c155311d194016fb66162458ab08154742b926,CVE-2024-27981
816421644,SecG3ek/2024_CVEs,cveId.txt,c4c155311d194016fb66162458ab08154742b926,CVE-2024-27982
816421644,SecG3ek/2024_CVEs,cveId.txt,c4c155311d194016fb66162458ab08154742b926,CVE-2024-27983
816421644,SecG3ek/2024_CVEs,cveId.txt,c4c155311d194016fb66162458ab08154742b926,CVE-2024-27984
816421644,SecG3ek/2024_CVEs,cveId.txt,c4c155311d194016fb66162458ab08154742b926,CVE-2024-27985
816421644,SecG3ek/2024_CVEs,cveId.txt,c4c155311d194016fb66162458ab08154742b926,CVE-2024-27986
816421644,SecG3ek/2024_CVEs,cveId.txt,c4c155311d194016fb66162458ab08154742b926,CVE-2024-27954
816421644,SecG3ek/2024_CVEs,cveId.txt,c4c155311d194016fb66162458ab08154742b926,CVE-2024-27953
816421644,SecG3ek/2024_CVEs,cveId.txt,c4c155311d194016fb66162458ab08154742b926,CVE-2024-27952
816421644,SecG3ek/2024_CVEs,cveId.txt,c4c155311d194016fb66162458ab08154742b926,CVE-2024-27951
816421644,SecG3ek/2024_CVEs,cveId.txt,c4c155311d194016fb66162458ab08154742b926,CVE-2024-27894
816421644,SecG3ek/2024_CVEs,cveId.txt,c4c155311d194016fb66162458ab08154742b926,CVE-2024-27895
816421644,SecG3ek/2024_CVEs,cveId.txt,c4c155311d194016fb66162458ab08154742b926,CVE-2024-27896
816421644,SecG3ek/2024_CVEs,cveId.txt,c4c155311d194016fb66162458ab08154742b926,CVE-2024-27897
816421644,SecG3ek/2024_CVEs,cveId.txt,c4c155311d194016fb66162458ab08154742b926,CVE-2024-27898
816421644,SecG3ek/2024_CVEs,cveId.txt,c4c155311d194016fb66162458ab08154742b926,CVE-2024-27899
816421644,SecG3ek/2024_CVEs,cveId.txt,c4c155311d194016fb66162458ab08154742b926,CVE-2024-27900
816421644,SecG3ek/2024_CVEs,cveId.txt,c4c155311d194016fb66162458ab08154742b926,CVE-2024-27901
816421644,SecG3ek/2024_CVEs,cveId.txt,c4c155311d194016fb66162458ab08154742b926,CVE-2024-27902
816421644,SecG3ek/2024_CVEs,cveId.txt,c4c155311d194016fb66162458ab08154742b926,CVE-2024-27905
816421644,SecG3ek/2024_CVEs,cveId.txt,c4c155311d194016fb66162458ab08154742b926,CVE-2024-27906
816421644,SecG3ek/2024_CVEs,cveId.txt,c4c155311d194016fb66162458ab08154742b926,CVE-2024-27907
816421644,SecG3ek/2024_CVEs,cveId.txt,c4c155311d194016fb66162458ab08154742b926,CVE-2024-27908
816421644,SecG3ek/2024_CVEs,cveId.txt,c4c155311d194016fb66162458ab08154742b926,CVE-2024-27909
816421644,SecG3ek/2024_CVEs,cveId.txt,c4c155311d194016fb66162458ab08154742b926,CVE-2024-27987
816421644,SecG3ek/2024_CVEs,cveId.txt,c4c155311d194016fb66162458ab08154742b926,CVE-2024-27910
816421644,SecG3ek/2024_CVEs,cveId.txt,c4c155311d194016fb66162458ab08154742b926,CVE-2024-27912
816421644,SecG3ek/2024_CVEs,cveId.txt,c4c155311d194016fb66162458ab08154742b926,CVE-2024-27913
816421644,SecG3ek/2024_CVEs,cveId.txt,c4c155311d194016fb66162458ab08154742b926,CVE-2024-27939
816421644,SecG3ek/2024_CVEs,cveId.txt,c4c155311d194016fb66162458ab08154742b926,CVE-2024-27940
816421644,SecG3ek/2024_CVEs,cveId.txt,c4c155311d194016fb66162458ab08154742b926,CVE-2024-27941
816421644,SecG3ek/2024_CVEs,cveId.txt,c4c155311d194016fb66162458ab08154742b926,CVE-2024-27942
816421644,SecG3ek/2024_CVEs,cveId.txt,c4c155311d194016fb66162458ab08154742b926,CVE-2024-27943
816421644,SecG3ek/2024_CVEs,cveId.txt,c4c155311d194016fb66162458ab08154742b926,CVE-2024-27944
816421644,SecG3ek/2024_CVEs,cveId.txt,c4c155311d194016fb66162458ab08154742b926,CVE-2024-27945
816421644,SecG3ek/2024_CVEs,cveId.txt,c4c155311d194016fb66162458ab08154742b926,CVE-2024-27946
816421644,SecG3ek/2024_CVEs,cveId.txt,c4c155311d194016fb66162458ab08154742b926,CVE-2024-27947
816421644,SecG3ek/2024_CVEs,cveId.txt,c4c155311d194016fb66162458ab08154742b926,CVE-2024-27948
816421644,SecG3ek/2024_CVEs,cveId.txt,c4c155311d194016fb66162458ab08154742b926,CVE-2024-27949
816421644,SecG3ek/2024_CVEs,cveId.txt,c4c155311d194016fb66162458ab08154742b926,CVE-2024-27950
816421644,SecG3ek/2024_CVEs,cveId.txt,c4c155311d194016fb66162458ab08154742b926,CVE-2024-27911
816421644,SecG3ek/2024_CVEs,cveId.txt,c4c155311d194016fb66162458ab08154742b926,CVE-2024-27988
816421644,SecG3ek/2024_CVEs,cveId.txt,c4c155311d194016fb66162458ab08154742b926,CVE-2024-27989
816421644,SecG3ek/2024_CVEs,cveId.txt,c4c155311d194016fb66162458ab08154742b926,CVE-2024-27990
816421644,SecG3ek/2024_CVEs,cveId.txt,c4c155311d194016fb66162458ab08154742b926,CVE-2024-28040
816421644,SecG3ek/2024_CVEs,cveId.txt,c4c155311d194016fb66162458ab08154742b926,CVE-2024-28041
816421644,SecG3ek/2024_CVEs,cveId.txt,c4c155311d194016fb66162458ab08154742b926,CVE-2024-28042
816421644,SecG3ek/2024_CVEs,cveId.txt,c4c155311d194016fb66162458ab08154742b926,CVE-2024-28045
816421644,SecG3ek/2024_CVEs,cveId.txt,c4c155311d194016fb66162458ab08154742b926,CVE-2024-28048
816421644,SecG3ek/2024_CVEs,cveId.txt,c4c155311d194016fb66162458ab08154742b926,CVE-2024-28054
816421644,SecG3ek/2024_CVEs,cveId.txt,c4c155311d194016fb66162458ab08154742b926,CVE-2024-28056
816421644,SecG3ek/2024_CVEs,cveId.txt,c4c155311d194016fb66162458ab08154742b926,CVE-2024-28060
816421644,SecG3ek/2024_CVEs,cveId.txt,c4c155311d194016fb66162458ab08154742b926,CVE-2024-28061
816421644,SecG3ek/2024_CVEs,cveId.txt,c4c155311d194016fb66162458ab08154742b926,CVE-2024-28063
816421644,SecG3ek/2024_CVEs,cveId.txt,c4c155311d194016fb66162458ab08154742b926,CVE-2024-28064
816421644,SecG3ek/2024_CVEs,cveId.txt,c4c155311d194016fb66162458ab08154742b926,CVE-2024-28065
816421644,SecG3ek/2024_CVEs,cveId.txt,c4c155311d194016fb66162458ab08154742b926,CVE-2024-28066
816421644,SecG3ek/2024_CVEs,cveId.txt,c4c155311d194016fb66162458ab08154742b926,CVE-2024-28069
816421644,SecG3ek/2024_CVEs,cveId.txt,c4c155311d194016fb66162458ab08154742b926,CVE-2024-28039
816421644,SecG3ek/2024_CVEs,cveId.txt,c4c155311d194016fb66162458ab08154742b926,CVE-2024-28070
816421644,SecG3ek/2024_CVEs,cveId.txt,c4c155311d194016fb66162458ab08154742b926,CVE-2024-28073
816421644,SecG3ek/2024_CVEs,cveId.txt,c4c155311d194016fb66162458ab08154742b926,CVE-2024-28075
816421644,SecG3ek/2024_CVEs,cveId.txt,c4c155311d194016fb66162458ab08154742b926,CVE-2024-28076
816421644,SecG3ek/2024_CVEs,cveId.txt,c4c155311d194016fb66162458ab08154742b926,CVE-2024-28084
816421644,SecG3ek/2024_CVEs,cveId.txt,c4c155311d194016fb66162458ab08154742b926,CVE-2024-28085
816421644,SecG3ek/2024_CVEs,cveId.txt,c4c155311d194016fb66162458ab08154742b926,CVE-2024-28087
816421644,SecG3ek/2024_CVEs,cveId.txt,c4c155311d194016fb66162458ab08154742b926,CVE-2024-28088
816421644,SecG3ek/2024_CVEs,cveId.txt,c4c155311d194016fb66162458ab08154742b926,CVE-2024-28089
816421644,SecG3ek/2024_CVEs,cveId.txt,c4c155311d194016fb66162458ab08154742b926,CVE-2024-28090
816421644,SecG3ek/2024_CVEs,cveId.txt,c4c155311d194016fb66162458ab08154742b926,CVE-2024-28091
816421644,SecG3ek/2024_CVEs,cveId.txt,c4c155311d194016fb66162458ab08154742b926,CVE-2024-28092
816421644,SecG3ek/2024_CVEs,cveId.txt,c4c155311d194016fb66162458ab08154742b926,CVE-2024-28093
816421644,SecG3ek/2024_CVEs,cveId.txt,c4c155311d194016fb66162458ab08154742b926,CVE-2024-28094
816421644,SecG3ek/2024_CVEs,cveId.txt,c4c155311d194016fb66162458ab08154742b926,CVE-2024-28095
816421644,SecG3ek/2024_CVEs,cveId.txt,c4c155311d194016fb66162458ab08154742b926,CVE-2024-28072
816421644,SecG3ek/2024_CVEs,cveId.txt,c4c155311d194016fb66162458ab08154742b926,CVE-2024-27885
816421644,SecG3ek/2024_CVEs,cveId.txt,c4c155311d194016fb66162458ab08154742b926,CVE-2024-28034
816421644,SecG3ek/2024_CVEs,cveId.txt,c4c155311d194016fb66162458ab08154742b926,CVE-2024-28029
816421644,SecG3ek/2024_CVEs,cveId.txt,c4c155311d194016fb66162458ab08154742b926,CVE-2024-27991
816421644,SecG3ek/2024_CVEs,cveId.txt,c4c155311d194016fb66162458ab08154742b926,CVE-2024-27992
816421644,SecG3ek/2024_CVEs,cveId.txt,c4c155311d194016fb66162458ab08154742b926,CVE-2024-27993
816421644,SecG3ek/2024_CVEs,cveId.txt,c4c155311d194016fb66162458ab08154742b926,CVE-2024-27994
816421644,SecG3ek/2024_CVEs,cveId.txt,c4c155311d194016fb66162458ab08154742b926,CVE-2024-27995
816421644,SecG3ek/2024_CVEs,cveId.txt,c4c155311d194016fb66162458ab08154742b926,CVE-2024-27996
816421644,SecG3ek/2024_CVEs,cveId.txt,c4c155311d194016fb66162458ab08154742b926,CVE-2024-27997
816421644,SecG3ek/2024_CVEs,cveId.txt,c4c155311d194016fb66162458ab08154742b926,CVE-2024-27998
816421644,SecG3ek/2024_CVEs,cveId.txt,c4c155311d194016fb66162458ab08154742b926,CVE-2024-27999
816421644,SecG3ek/2024_CVEs,cveId.txt,c4c155311d194016fb66162458ab08154742b926,CVE-2024-28001
816421644,SecG3ek/2024_CVEs,cveId.txt,c4c155311d194016fb66162458ab08154742b926,CVE-2024-28002
816421644,SecG3ek/2024_CVEs,cveId.txt,c4c155311d194016fb66162458ab08154742b926,CVE-2024-28003
816421644,SecG3ek/2024_CVEs,cveId.txt,c4c155311d194016fb66162458ab08154742b926,CVE-2024-28004
816421644,SecG3ek/2024_CVEs,cveId.txt,c4c155311d194016fb66162458ab08154742b926,CVE-2024-28005
816421644,SecG3ek/2024_CVEs,cveId.txt,c4c155311d194016fb66162458ab08154742b926,CVE-2024-28033
816421644,SecG3ek/2024_CVEs,cveId.txt,c4c155311d194016fb66162458ab08154742b926,CVE-2024-28006
816421644,SecG3ek/2024_CVEs,cveId.txt,c4c155311d194016fb66162458ab08154742b926,CVE-2024-28008
816421644,SecG3ek/2024_CVEs,cveId.txt,c4c155311d194016fb66162458ab08154742b926,CVE-2024-28009
816421644,SecG3ek/2024_CVEs,cveId.txt,c4c155311d194016fb66162458ab08154742b926,CVE-2024-28010
816421644,SecG3ek/2024_CVEs,cveId.txt,c4c155311d194016fb66162458ab08154742b926,CVE-2024-28011
816421644,SecG3ek/2024_CVEs,cveId.txt,c4c155311d194016fb66162458ab08154742b926,CVE-2024-28012
816421644,SecG3ek/2024_CVEs,cveId.txt,c4c155311d194016fb66162458ab08154742b926,CVE-2024-28013
816421644,SecG3ek/2024_CVEs,cveId.txt,c4c155311d194016fb66162458ab08154742b926,CVE-2024-28014
816421644,SecG3ek/2024_CVEs,cveId.txt,c4c155311d194016fb66162458ab08154742b926,CVE-2024-28015
816421644,SecG3ek/2024_CVEs,cveId.txt,c4c155311d194016fb66162458ab08154742b926,CVE-2024-28016
816421644,SecG3ek/2024_CVEs,cveId.txt,c4c155311d194016fb66162458ab08154742b926,CVE-2024-28020
816421644,SecG3ek/2024_CVEs,cveId.txt,c4c155311d194016fb66162458ab08154742b926,CVE-2024-28021
816421644,SecG3ek/2024_CVEs,cveId.txt,c4c155311d194016fb66162458ab08154742b926,CVE-2024-28022
816421644,SecG3ek/2024_CVEs,cveId.txt,c4c155311d194016fb66162458ab08154742b926,CVE-2024-28023
816421644,SecG3ek/2024_CVEs,cveId.txt,c4c155311d194016fb66162458ab08154742b926,CVE-2024-28024
816421644,SecG3ek/2024_CVEs,cveId.txt,c4c155311d194016fb66162458ab08154742b926,CVE-2024-28007
816421644,SecG3ek/2024_CVEs,cveId.txt,c4c155311d194016fb66162458ab08154742b926,CVE-2024-27857
816421644,SecG3ek/2024_CVEs,cveId.txt,c4c155311d194016fb66162458ab08154742b926,CVE-2024-27855
816421644,SecG3ek/2024_CVEs,cveId.txt,c4c155311d194016fb66162458ab08154742b926,CVE-2024-27852
816421644,SecG3ek/2024_CVEs,cveId.txt,c4c155311d194016fb66162458ab08154742b926,CVE-2024-27657
816421644,SecG3ek/2024_CVEs,cveId.txt,c4c155311d194016fb66162458ab08154742b926,CVE-2024-27658
816421644,SecG3ek/2024_CVEs,cveId.txt,c4c155311d194016fb66162458ab08154742b926,CVE-2024-27659
816421644,SecG3ek/2024_CVEs,cveId.txt,c4c155311d194016fb66162458ab08154742b926,CVE-2024-27660
816421644,SecG3ek/2024_CVEs,cveId.txt,c4c155311d194016fb66162458ab08154742b926,CVE-2024-27661
816421644,SecG3ek/2024_CVEs,cveId.txt,c4c155311d194016fb66162458ab08154742b926,CVE-2024-27662
816421644,SecG3ek/2024_CVEs,cveId.txt,c4c155311d194016fb66162458ab08154742b926,CVE-2024-27665
816421644,SecG3ek/2024_CVEs,cveId.txt,c4c155311d194016fb66162458ab08154742b926,CVE-2024-27668
816421644,SecG3ek/2024_CVEs,cveId.txt,c4c155311d194016fb66162458ab08154742b926,CVE-2024-27674
816421644,SecG3ek/2024_CVEs,cveId.txt,c4c155311d194016fb66162458ab08154742b926,CVE-2024-27680
816421644,SecG3ek/2024_CVEs,cveId.txt,c4c155311d194016fb66162458ab08154742b926,CVE-2024-27683
816421644,SecG3ek/2024_CVEs,cveId.txt,c4c155311d194016fb66162458ab08154742b926,CVE-2024-27684
816421644,SecG3ek/2024_CVEs,cveId.txt,c4c155311d194016fb66162458ab08154742b926,CVE-2024-27689
816421644,SecG3ek/2024_CVEs,cveId.txt,c4c155311d194016fb66162458ab08154742b926,CVE-2024-27694
816421644,SecG3ek/2024_CVEs,cveId.txt,c4c155311d194016fb66162458ab08154742b926,CVE-2024-27656
816421644,SecG3ek/2024_CVEs,cveId.txt,c4c155311d194016fb66162458ab08154742b926,CVE-2024-27703
816421644,SecG3ek/2024_CVEs,cveId.txt,c4c155311d194016fb66162458ab08154742b926,CVE-2024-27706
816421644,SecG3ek/2024_CVEs,cveId.txt,c4c155311d194016fb66162458ab08154742b926,CVE-2024-27707
816421644,SecG3ek/2024_CVEs,cveId.txt,c4c155311d194016fb66162458ab08154742b926,CVE-2024-27718
816421644,SecG3ek/2024_CVEs,cveId.txt,c4c155311d194016fb66162458ab08154742b926,CVE-2024-27719
816421644,SecG3ek/2024_CVEs,cveId.txt,c4c155311d194016fb66162458ab08154742b926,CVE-2024-27733
816421644,SecG3ek/2024_CVEs,cveId.txt,c4c155311d194016fb66162458ab08154742b926,CVE-2024-27734
816421644,SecG3ek/2024_CVEs,cveId.txt,c4c155311d194016fb66162458ab08154742b926,CVE-2024-27743
816421644,SecG3ek/2024_CVEs,cveId.txt,c4c155311d194016fb66162458ab08154742b926,CVE-2024-27744
816421644,SecG3ek/2024_CVEs,cveId.txt,c4c155311d194016fb66162458ab08154742b926,CVE-2024-27746
816421644,SecG3ek/2024_CVEs,cveId.txt,c4c155311d194016fb66162458ab08154742b926,CVE-2024-27747
816421644,SecG3ek/2024_CVEs,cveId.txt,c4c155311d194016fb66162458ab08154742b926,CVE-2024-27752
816421644,SecG3ek/2024_CVEs,cveId.txt,c4c155311d194016fb66162458ab08154742b926,CVE-2024-27756
816421644,SecG3ek/2024_CVEs,cveId.txt,c4c155311d194016fb66162458ab08154742b926,CVE-2024-27757
816421644,SecG3ek/2024_CVEs,cveId.txt,c4c155311d194016fb66162458ab08154742b926,CVE-2024-27758
816421644,SecG3ek/2024_CVEs,cveId.txt,c4c155311d194016fb66162458ab08154742b926,CVE-2024-27705
816421644,SecG3ek/2024_CVEs,cveId.txt,c4c155311d194016fb66162458ab08154742b926,CVE-2024-27764
816421644,SecG3ek/2024_CVEs,cveId.txt,c4c155311d194016fb66162458ab08154742b926,CVE-2024-27655
816421644,SecG3ek/2024_CVEs,cveId.txt,c4c155311d194016fb66162458ab08154742b926,CVE-2024-27631
816421644,SecG3ek/2024_CVEs,cveId.txt,c4c155311d194016fb66162458ab08154742b926,CVE-2024-27558
816421644,SecG3ek/2024_CVEs,cveId.txt,c4c155311d194016fb66162458ab08154742b926,CVE-2024-27559
816421644,SecG3ek/2024_CVEs,cveId.txt,c4c155311d194016fb66162458ab08154742b926,CVE-2024-27561
816421644,SecG3ek/2024_CVEs,cveId.txt,c4c155311d194016fb66162458ab08154742b926,CVE-2024-27563
816421644,SecG3ek/2024_CVEs,cveId.txt,c4c155311d194016fb66162458ab08154742b926,CVE-2024-27564
816421644,SecG3ek/2024_CVEs,cveId.txt,c4c155311d194016fb66162458ab08154742b926,CVE-2024-27565
816421644,SecG3ek/2024_CVEs,cveId.txt,c4c155311d194016fb66162458ab08154742b926,CVE-2024-27567
816421644,SecG3ek/2024_CVEs,cveId.txt,c4c155311d194016fb66162458ab08154742b926,CVE-2024-27568
816421644,SecG3ek/2024_CVEs,cveId.txt,c4c155311d194016fb66162458ab08154742b926,CVE-2024-27569
816421644,SecG3ek/2024_CVEs,cveId.txt,c4c155311d194016fb66162458ab08154742b926,CVE-2024-27570
816421644,SecG3ek/2024_CVEs,cveId.txt,c4c155311d194016fb66162458ab08154742b926,CVE-2024-27571
816421644,SecG3ek/2024_CVEs,cveId.txt,c4c155311d194016fb66162458ab08154742b926,CVE-2024-27572
816421644,SecG3ek/2024_CVEs,cveId.txt,c4c155311d194016fb66162458ab08154742b926,CVE-2024-27574
816421644,SecG3ek/2024_CVEs,cveId.txt,c4c155311d194016fb66162458ab08154742b926,CVE-2024-27575
816421644,SecG3ek/2024_CVEs,cveId.txt,c4c155311d194016fb66162458ab08154742b926,CVE-2024-27632
816421644,SecG3ek/2024_CVEs,cveId.txt,c4c155311d194016fb66162458ab08154742b926,CVE-2024-27592
816421644,SecG3ek/2024_CVEs,cveId.txt,c4c155311d194016fb66162458ab08154742b926,CVE-2024-27602
816421644,SecG3ek/2024_CVEs,cveId.txt,c4c155311d194016fb66162458ab08154742b926,CVE-2024-27604
816421644,SecG3ek/2024_CVEs,cveId.txt,c4c155311d194016fb66162458ab08154742b926,CVE-2024-27605
816421644,SecG3ek/2024_CVEs,cveId.txt,c4c155311d194016fb66162458ab08154742b926,CVE-2024-27609
816421644,SecG3ek/2024_CVEs,cveId.txt,c4c155311d194016fb66162458ab08154742b926,CVE-2024-27612
816421644,SecG3ek/2024_CVEs,cveId.txt,c4c155311d194016fb66162458ab08154742b926,CVE-2024-27613
816421644,SecG3ek/2024_CVEs,cveId.txt,c4c155311d194016fb66162458ab08154742b926,CVE-2024-27619
816421644,SecG3ek/2024_CVEs,cveId.txt,c4c155311d194016fb66162458ab08154742b926,CVE-2024-27620
816421644,SecG3ek/2024_CVEs,cveId.txt,c4c155311d194016fb66162458ab08154742b926,CVE-2024-27622
816421644,SecG3ek/2024_CVEs,cveId.txt,c4c155311d194016fb66162458ab08154742b926,CVE-2024-27623
816421644,SecG3ek/2024_CVEs,cveId.txt,c4c155311d194016fb66162458ab08154742b926,CVE-2024-27625
816421644,SecG3ek/2024_CVEs,cveId.txt,c4c155311d194016fb66162458ab08154742b926,CVE-2024-27626
816421644,SecG3ek/2024_CVEs,cveId.txt,c4c155311d194016fb66162458ab08154742b926,CVE-2024-27627
816421644,SecG3ek/2024_CVEs,cveId.txt,c4c155311d194016fb66162458ab08154742b926,CVE-2024-27630
816421644,SecG3ek/2024_CVEs,cveId.txt,c4c155311d194016fb66162458ab08154742b926,CVE-2024-27593
816421644,SecG3ek/2024_CVEs,cveId.txt,c4c155311d194016fb66162458ab08154742b926,CVE-2024-28096
816421644,SecG3ek/2024_CVEs,cveId.txt,c4c155311d194016fb66162458ab08154742b926,CVE-2024-27765
816421644,SecG3ek/2024_CVEs,cveId.txt,c4c155311d194016fb66162458ab08154742b926,CVE-2024-27768
816421644,SecG3ek/2024_CVEs,cveId.txt,c4c155311d194016fb66162458ab08154742b926,CVE-2024-27818
816421644,SecG3ek/2024_CVEs,cveId.txt,c4c155311d194016fb66162458ab08154742b926,CVE-2024-27819
816421644,SecG3ek/2024_CVEs,cveId.txt,c4c155311d194016fb66162458ab08154742b926,CVE-2024-27820
816421644,SecG3ek/2024_CVEs,cveId.txt,c4c155311d194016fb66162458ab08154742b926,CVE-2024-27821
816421644,SecG3ek/2024_CVEs,cveId.txt,c4c155311d194016fb66162458ab08154742b926,CVE-2024-27822
816421644,SecG3ek/2024_CVEs,cveId.txt,c4c155311d194016fb66162458ab08154742b926,CVE-2024-27824
816421644,SecG3ek/2024_CVEs,cveId.txt,c4c155311d194016fb66162458ab08154742b926,CVE-2024-27825
816421644,SecG3ek/2024_CVEs,cveId.txt,c4c155311d194016fb66162458ab08154742b926,CVE-2024-27827
816421644,SecG3ek/2024_CVEs,cveId.txt,c4c155311d194016fb66162458ab08154742b926,CVE-2024-27828
816421644,SecG3ek/2024_CVEs,cveId.txt,c4c155311d194016fb66162458ab08154742b926,CVE-2024-27829
816421644,SecG3ek/2024_CVEs,cveId.txt,c4c155311d194016fb66162458ab08154742b926,CVE-2024-27830
816421644,SecG3ek/2024_CVEs,cveId.txt,c4c155311d194016fb66162458ab08154742b926,CVE-2024-27831
816421644,SecG3ek/2024_CVEs,cveId.txt,c4c155311d194016fb66162458ab08154742b926,CVE-2024-27832
816421644,SecG3ek/2024_CVEs,cveId.txt,c4c155311d194016fb66162458ab08154742b926,CVE-2024-27833
816421644,SecG3ek/2024_CVEs,cveId.txt,c4c155311d194016fb66162458ab08154742b926,CVE-2024-27817
816421644,SecG3ek/2024_CVEs,cveId.txt,c4c155311d194016fb66162458ab08154742b926,CVE-2024-27834
816421644,SecG3ek/2024_CVEs,cveId.txt,c4c155311d194016fb66162458ab08154742b926,CVE-2024-27836
816421644,SecG3ek/2024_CVEs,cveId.txt,c4c155311d194016fb66162458ab08154742b926,CVE-2024-27837
816421644,SecG3ek/2024_CVEs,cveId.txt,c4c155311d194016fb66162458ab08154742b926,CVE-2024-27838
816421644,SecG3ek/2024_CVEs,cveId.txt,c4c155311d194016fb66162458ab08154742b926,CVE-2024-27839
816421644,SecG3ek/2024_CVEs,cveId.txt,c4c155311d194016fb66162458ab08154742b926,CVE-2024-27840
816421644,SecG3ek/2024_CVEs,cveId.txt,c4c155311d194016fb66162458ab08154742b926,CVE-2024-27841
816421644,SecG3ek/2024_CVEs,cveId.txt,c4c155311d194016fb66162458ab08154742b926,CVE-2024-27842
816421644,SecG3ek/2024_CVEs,cveId.txt,c4c155311d194016fb66162458ab08154742b926,CVE-2024-27843
816421644,SecG3ek/2024_CVEs,cveId.txt,c4c155311d194016fb66162458ab08154742b926,CVE-2024-27844
816421644,SecG3ek/2024_CVEs,cveId.txt,c4c155311d194016fb66162458ab08154742b926,CVE-2024-27845
816421644,SecG3ek/2024_CVEs,cveId.txt,c4c155311d194016fb66162458ab08154742b926,CVE-2024-27847
816421644,SecG3ek/2024_CVEs,cveId.txt,c4c155311d194016fb66162458ab08154742b926,CVE-2024-27848
816421644,SecG3ek/2024_CVEs,cveId.txt,c4c155311d194016fb66162458ab08154742b926,CVE-2024-27850
816421644,SecG3ek/2024_CVEs,cveId.txt,c4c155311d194016fb66162458ab08154742b926,CVE-2024-27851
816421644,SecG3ek/2024_CVEs,cveId.txt,c4c155311d194016fb66162458ab08154742b926,CVE-2024-27835
816421644,SecG3ek/2024_CVEs,cveId.txt,c4c155311d194016fb66162458ab08154742b926,CVE-2024-27767
816421644,SecG3ek/2024_CVEs,cveId.txt,c4c155311d194016fb66162458ab08154742b926,CVE-2024-27816
816421644,SecG3ek/2024_CVEs,cveId.txt,c4c155311d194016fb66162458ab08154742b926,CVE-2024-27814
816421644,SecG3ek/2024_CVEs,cveId.txt,c4c155311d194016fb66162458ab08154742b926,CVE-2024-27769
816421644,SecG3ek/2024_CVEs,cveId.txt,c4c155311d194016fb66162458ab08154742b926,CVE-2024-27770
816421644,SecG3ek/2024_CVEs,cveId.txt,c4c155311d194016fb66162458ab08154742b926,CVE-2024-27771
816421644,SecG3ek/2024_CVEs,cveId.txt,c4c155311d194016fb66162458ab08154742b926,CVE-2024-27772
816421644,SecG3ek/2024_CVEs,cveId.txt,c4c155311d194016fb66162458ab08154742b926,CVE-2024-27773
816421644,SecG3ek/2024_CVEs,cveId.txt,c4c155311d194016fb66162458ab08154742b926,CVE-2024-27774
816421644,SecG3ek/2024_CVEs,cveId.txt,c4c155311d194016fb66162458ab08154742b926,CVE-2024-27775
816421644,SecG3ek/2024_CVEs,cveId.txt,c4c155311d194016fb66162458ab08154742b926,CVE-2024-27776
816421644,SecG3ek/2024_CVEs,cveId.txt,c4c155311d194016fb66162458ab08154742b926,CVE-2024-27789
816421644,SecG3ek/2024_CVEs,cveId.txt,c4c155311d194016fb66162458ab08154742b926,CVE-2024-27790
816421644,SecG3ek/2024_CVEs,cveId.txt,c4c155311d194016fb66162458ab08154742b926,CVE-2024-27791
816421644,SecG3ek/2024_CVEs,cveId.txt,c4c155311d194016fb66162458ab08154742b926,CVE-2024-27792
816421644,SecG3ek/2024_CVEs,cveId.txt,c4c155311d194016fb66162458ab08154742b926,CVE-2024-27793
816421644,SecG3ek/2024_CVEs,cveId.txt,c4c155311d194016fb66162458ab08154742b926,CVE-2024-27794
816421644,SecG3ek/2024_CVEs,cveId.txt,c4c155311d194016fb66162458ab08154742b926,CVE-2024-27815
816421644,SecG3ek/2024_CVEs,cveId.txt,c4c155311d194016fb66162458ab08154742b926,CVE-2024-27796
816421644,SecG3ek/2024_CVEs,cveId.txt,c4c155311d194016fb66162458ab08154742b926,CVE-2024-27799
816421644,SecG3ek/2024_CVEs,cveId.txt,c4c155311d194016fb66162458ab08154742b926,CVE-2024-27800
816421644,SecG3ek/2024_CVEs,cveId.txt,c4c155311d194016fb66162458ab08154742b926,CVE-2024-27801
816421644,SecG3ek/2024_CVEs,cveId.txt,c4c155311d194016fb66162458ab08154742b926,CVE-2024-27802
816421644,SecG3ek/2024_CVEs,cveId.txt,c4c155311d194016fb66162458ab08154742b926,CVE-2024-27803
816421644,SecG3ek/2024_CVEs,cveId.txt,c4c155311d194016fb66162458ab08154742b926,CVE-2024-27804
816421644,SecG3ek/2024_CVEs,cveId.txt,c4c155311d194016fb66162458ab08154742b926,CVE-2024-27805
816421644,SecG3ek/2024_CVEs,cveId.txt,c4c155311d194016fb66162458ab08154742b926,CVE-2024-27806
816421644,SecG3ek/2024_CVEs,cveId.txt,c4c155311d194016fb66162458ab08154742b926,CVE-2024-27807
816421644,SecG3ek/2024_CVEs,cveId.txt,c4c155311d194016fb66162458ab08154742b926,CVE-2024-27808
816421644,SecG3ek/2024_CVEs,cveId.txt,c4c155311d194016fb66162458ab08154742b926,CVE-2024-27810
816421644,SecG3ek/2024_CVEs,cveId.txt,c4c155311d194016fb66162458ab08154742b926,CVE-2024-27811
816421644,SecG3ek/2024_CVEs,cveId.txt,c4c155311d194016fb66162458ab08154742b926,CVE-2024-27812
816421644,SecG3ek/2024_CVEs,cveId.txt,c4c155311d194016fb66162458ab08154742b926,CVE-2024-27813
816421644,SecG3ek/2024_CVEs,cveId.txt,c4c155311d194016fb66162458ab08154742b926,CVE-2024-27798
816421644,SecG3ek/2024_CVEs,cveId.txt,c4c155311d194016fb66162458ab08154742b926,CVE-2024-28935
816421644,SecG3ek/2024_CVEs,cveId.txt,c4c155311d194016fb66162458ab08154742b926,CVE-2024-28097
816421644,SecG3ek/2024_CVEs,cveId.txt,c4c155311d194016fb66162458ab08154742b926,CVE-2024-28099
816421644,SecG3ek/2024_CVEs,cveId.txt,c4c155311d194016fb66162458ab08154742b926,CVE-2024-28677
816421644,SecG3ek/2024_CVEs,cveId.txt,c4c155311d194016fb66162458ab08154742b926,CVE-2024-28678
816421644,SecG3ek/2024_CVEs,cveId.txt,c4c155311d194016fb66162458ab08154742b926,CVE-2024-28679
816421644,SecG3ek/2024_CVEs,cveId.txt,c4c155311d194016fb66162458ab08154742b926,CVE-2024-28680
816421644,SecG3ek/2024_CVEs,cveId.txt,c4c155311d194016fb66162458ab08154742b926,CVE-2024-28681
816421644,SecG3ek/2024_CVEs,cveId.txt,c4c155311d194016fb66162458ab08154742b926,CVE-2024-28682
816421644,SecG3ek/2024_CVEs,cveId.txt,c4c155311d194016fb66162458ab08154742b926,CVE-2024-28683
816421644,SecG3ek/2024_CVEs,cveId.txt,c4c155311d194016fb66162458ab08154742b926,CVE-2024-28684
816421644,SecG3ek/2024_CVEs,cveId.txt,c4c155311d194016fb66162458ab08154742b926,CVE-2024-28699
816421644,SecG3ek/2024_CVEs,cveId.txt,c4c155311d194016fb66162458ab08154742b926,CVE-2024-28713
816421644,SecG3ek/2024_CVEs,cveId.txt,c4c155311d194016fb66162458ab08154742b926,CVE-2024-28714
816421644,SecG3ek/2024_CVEs,cveId.txt,c4c155311d194016fb66162458ab08154742b926,CVE-2024-28715
816421644,SecG3ek/2024_CVEs,cveId.txt,c4c155311d194016fb66162458ab08154742b926,CVE-2024-28716
816421644,SecG3ek/2024_CVEs,cveId.txt,c4c155311d194016fb66162458ab08154742b926,CVE-2024-28717
816421644,SecG3ek/2024_CVEs,cveId.txt,c4c155311d194016fb66162458ab08154742b926,CVE-2024-28718
816421644,SecG3ek/2024_CVEs,cveId.txt,c4c155311d194016fb66162458ab08154742b926,CVE-2024-28722
816421644,SecG3ek/2024_CVEs,cveId.txt,c4c155311d194016fb66162458ab08154742b926,CVE-2024-28725
816421644,SecG3ek/2024_CVEs,cveId.txt,c4c155311d194016fb66162458ab08154742b926,CVE-2024-28732
816421644,SecG3ek/2024_CVEs,cveId.txt,c4c155311d194016fb66162458ab08154742b926,CVE-2024-28734
816421644,SecG3ek/2024_CVEs,cveId.txt,c4c155311d194016fb66162458ab08154742b926,CVE-2024-28735
816421644,SecG3ek/2024_CVEs,cveId.txt,c4c155311d194016fb66162458ab08154742b926,CVE-2024-28736
816421644,SecG3ek/2024_CVEs,cveId.txt,c4c155311d194016fb66162458ab08154742b926,CVE-2024-28741
816421644,SecG3ek/2024_CVEs,cveId.txt,c4c155311d194016fb66162458ab08154742b926,CVE-2024-28744
816421644,SecG3ek/2024_CVEs,cveId.txt,c4c155311d194016fb66162458ab08154742b926,CVE-2024-28745
816421644,SecG3ek/2024_CVEs,cveId.txt,c4c155311d194016fb66162458ab08154742b926,CVE-2024-28746
816421644,SecG3ek/2024_CVEs,cveId.txt,c4c155311d194016fb66162458ab08154742b926,CVE-2024-28752
816421644,SecG3ek/2024_CVEs,cveId.txt,c4c155311d194016fb66162458ab08154742b926,CVE-2024-28753
816421644,SecG3ek/2024_CVEs,cveId.txt,c4c155311d194016fb66162458ab08154742b926,CVE-2024-28754
816421644,SecG3ek/2024_CVEs,cveId.txt,c4c155311d194016fb66162458ab08154742b926,CVE-2024-28755
816421644,SecG3ek/2024_CVEs,cveId.txt,c4c155311d194016fb66162458ab08154742b926,CVE-2024-28676
816421644,SecG3ek/2024_CVEs,cveId.txt,c4c155311d194016fb66162458ab08154742b926,CVE-2024-28675
816421644,SecG3ek/2024_CVEs,cveId.txt,c4c155311d194016fb66162458ab08154742b926,CVE-2024-28673
816421644,SecG3ek/2024_CVEs,cveId.txt,c4c155311d194016fb66162458ab08154742b926,CVE-2024-28672
816421644,SecG3ek/2024_CVEs,cveId.txt,c4c155311d194016fb66162458ab08154742b926,CVE-2024-28572
816421644,SecG3ek/2024_CVEs,cveId.txt,c4c155311d194016fb66162458ab08154742b926,CVE-2024-28573
816421644,SecG3ek/2024_CVEs,cveId.txt,c4c155311d194016fb66162458ab08154742b926,CVE-2024-28574
816421644,SecG3ek/2024_CVEs,cveId.txt,c4c155311d194016fb66162458ab08154742b926,CVE-2024-28575
816421644,SecG3ek/2024_CVEs,cveId.txt,c4c155311d194016fb66162458ab08154742b926,CVE-2024-28576
816421644,SecG3ek/2024_CVEs,cveId.txt,c4c155311d194016fb66162458ab08154742b926,CVE-2024-28577
816421644,SecG3ek/2024_CVEs,cveId.txt,c4c155311d194016fb66162458ab08154742b926,CVE-2024-28578
816421644,SecG3ek/2024_CVEs,cveId.txt,c4c155311d194016fb66162458ab08154742b926,CVE-2024-28579
816421644,SecG3ek/2024_CVEs,cveId.txt,c4c155311d194016fb66162458ab08154742b926,CVE-2024-28580
816421644,SecG3ek/2024_CVEs,cveId.txt,c4c155311d194016fb66162458ab08154742b926,CVE-2024-28581
816421644,SecG3ek/2024_CVEs,cveId.txt,c4c155311d194016fb66162458ab08154742b926,CVE-2024-28582
816421644,SecG3ek/2024_CVEs,cveId.txt,c4c155311d194016fb66162458ab08154742b926,CVE-2024-28583
816421644,SecG3ek/2024_CVEs,cveId.txt,c4c155311d194016fb66162458ab08154742b926,CVE-2024-28584
816421644,SecG3ek/2024_CVEs,cveId.txt,c4c155311d194016fb66162458ab08154742b926,CVE-2024-28589
816421644,SecG3ek/2024_CVEs,cveId.txt,c4c155311d194016fb66162458ab08154742b926,CVE-2024-28756
816421644,SecG3ek/2024_CVEs,cveId.txt,c4c155311d194016fb66162458ab08154742b926,CVE-2024-28593
816421644,SecG3ek/2024_CVEs,cveId.txt,c4c155311d194016fb66162458ab08154742b926,CVE-2024-28613
816421644,SecG3ek/2024_CVEs,cveId.txt,c4c155311d194016fb66162458ab08154742b926,CVE-2024-28623
816421644,SecG3ek/2024_CVEs,cveId.txt,c4c155311d194016fb66162458ab08154742b926,CVE-2024-28627
816421644,SecG3ek/2024_CVEs,cveId.txt,c4c155311d194016fb66162458ab08154742b926,CVE-2024-28635
816421644,SecG3ek/2024_CVEs,cveId.txt,c4c155311d194016fb66162458ab08154742b926,CVE-2024-28639
816421644,SecG3ek/2024_CVEs,cveId.txt,c4c155311d194016fb66162458ab08154742b926,CVE-2024-28640
816421644,SecG3ek/2024_CVEs,cveId.txt,c4c155311d194016fb66162458ab08154742b926,CVE-2024-28662
816421644,SecG3ek/2024_CVEs,cveId.txt,c4c155311d194016fb66162458ab08154742b926,CVE-2024-28665
816421644,SecG3ek/2024_CVEs,cveId.txt,c4c155311d194016fb66162458ab08154742b926,CVE-2024-28666
816421644,SecG3ek/2024_CVEs,cveId.txt,c4c155311d194016fb66162458ab08154742b926,CVE-2024-28667
816421644,SecG3ek/2024_CVEs,cveId.txt,c4c155311d194016fb66162458ab08154742b926,CVE-2024-28668
816421644,SecG3ek/2024_CVEs,cveId.txt,c4c155311d194016fb66162458ab08154742b926,CVE-2024-28669
816421644,SecG3ek/2024_CVEs,cveId.txt,c4c155311d194016fb66162458ab08154742b926,CVE-2024-28670
816421644,SecG3ek/2024_CVEs,cveId.txt,c4c155311d194016fb66162458ab08154742b926,CVE-2024-28671
816421644,SecG3ek/2024_CVEs,cveId.txt,c4c155311d194016fb66162458ab08154742b926,CVE-2024-28595
816421644,SecG3ek/2024_CVEs,cveId.txt,c4c155311d194016fb66162458ab08154742b926,CVE-2024-28757
816421644,SecG3ek/2024_CVEs,cveId.txt,c4c155311d194016fb66162458ab08154742b926,CVE-2024-28759
816421644,SecG3ek/2024_CVEs,cveId.txt,c4c155311d194016fb66162458ab08154742b926,CVE-2024-28760
816421644,SecG3ek/2024_CVEs,cveId.txt,c4c155311d194016fb66162458ab08154742b926,CVE-2024-28902
816421644,SecG3ek/2024_CVEs,cveId.txt,c4c155311d194016fb66162458ab08154742b926,CVE-2024-28903
816421644,SecG3ek/2024_CVEs,cveId.txt,c4c155311d194016fb66162458ab08154742b926,CVE-2024-28904
816421644,SecG3ek/2024_CVEs,cveId.txt,c4c155311d194016fb66162458ab08154742b926,CVE-2024-28905
816421644,SecG3ek/2024_CVEs,cveId.txt,c4c155311d194016fb66162458ab08154742b926,CVE-2024-28906
816421644,SecG3ek/2024_CVEs,cveId.txt,c4c155311d194016fb66162458ab08154742b926,CVE-2024-28907
816421644,SecG3ek/2024_CVEs,cveId.txt,c4c155311d194016fb66162458ab08154742b926,CVE-2024-28908
816421644,SecG3ek/2024_CVEs,cveId.txt,c4c155311d194016fb66162458ab08154742b926,CVE-2024-28909
816421644,SecG3ek/2024_CVEs,cveId.txt,c4c155311d194016fb66162458ab08154742b926,CVE-2024-28910
816421644,SecG3ek/2024_CVEs,cveId.txt,c4c155311d194016fb66162458ab08154742b926,CVE-2024-28911
816421644,SecG3ek/2024_CVEs,cveId.txt,c4c155311d194016fb66162458ab08154742b926,CVE-2024-28912
816421644,SecG3ek/2024_CVEs,cveId.txt,c4c155311d194016fb66162458ab08154742b926,CVE-2024-28913
816421644,SecG3ek/2024_CVEs,cveId.txt,c4c155311d194016fb66162458ab08154742b926,CVE-2024-28914
816421644,SecG3ek/2024_CVEs,cveId.txt,c4c155311d194016fb66162458ab08154742b926,CVE-2024-28915
816421644,SecG3ek/2024_CVEs,cveId.txt,c4c155311d194016fb66162458ab08154742b926,CVE-2024-28901
816421644,SecG3ek/2024_CVEs,cveId.txt,c4c155311d194016fb66162458ab08154742b926,CVE-2024-28916
816421644,SecG3ek/2024_CVEs,cveId.txt,c4c155311d194016fb66162458ab08154742b926,CVE-2024-28919
816421644,SecG3ek/2024_CVEs,cveId.txt,c4c155311d194016fb66162458ab08154742b926,CVE-2024-28920
816421644,SecG3ek/2024_CVEs,cveId.txt,c4c155311d194016fb66162458ab08154742b926,CVE-2024-28921
816421644,SecG3ek/2024_CVEs,cveId.txt,c4c155311d194016fb66162458ab08154742b926,CVE-2024-28922
816421644,SecG3ek/2024_CVEs,cveId.txt,c4c155311d194016fb66162458ab08154742b926,CVE-2024-28923
816421644,SecG3ek/2024_CVEs,cveId.txt,c4c155311d194016fb66162458ab08154742b926,CVE-2024-28924
816421644,SecG3ek/2024_CVEs,cveId.txt,c4c155311d194016fb66162458ab08154742b926,CVE-2024-28925
816421644,SecG3ek/2024_CVEs,cveId.txt,c4c155311d194016fb66162458ab08154742b926,CVE-2024-28926
816421644,SecG3ek/2024_CVEs,cveId.txt,c4c155311d194016fb66162458ab08154742b926,CVE-2024-28927
816421644,SecG3ek/2024_CVEs,cveId.txt,c4c155311d194016fb66162458ab08154742b926,CVE-2024-28929
816421644,SecG3ek/2024_CVEs,cveId.txt,c4c155311d194016fb66162458ab08154742b926,CVE-2024-28930
816421644,SecG3ek/2024_CVEs,cveId.txt,c4c155311d194016fb66162458ab08154742b926,CVE-2024-28931
816421644,SecG3ek/2024_CVEs,cveId.txt,c4c155311d194016fb66162458ab08154742b926,CVE-2024-28932
816421644,SecG3ek/2024_CVEs,cveId.txt,c4c155311d194016fb66162458ab08154742b926,CVE-2024-28933
816421644,SecG3ek/2024_CVEs,cveId.txt,c4c155311d194016fb66162458ab08154742b926,CVE-2024-28917
816421644,SecG3ek/2024_CVEs,cveId.txt,c4c155311d194016fb66162458ab08154742b926,CVE-2024-28571
816421644,SecG3ek/2024_CVEs,cveId.txt,c4c155311d194016fb66162458ab08154742b926,CVE-2024-28900
816421644,SecG3ek/2024_CVEs,cveId.txt,c4c155311d194016fb66162458ab08154742b926,CVE-2024-28897
816421644,SecG3ek/2024_CVEs,cveId.txt,c4c155311d194016fb66162458ab08154742b926,CVE-2024-28761
816421644,SecG3ek/2024_CVEs,cveId.txt,c4c155311d194016fb66162458ab08154742b926,CVE-2024-28762
816421644,SecG3ek/2024_CVEs,cveId.txt,c4c155311d194016fb66162458ab08154742b926,CVE-2024-28764
816421644,SecG3ek/2024_CVEs,cveId.txt,c4c155311d194016fb66162458ab08154742b926,CVE-2024-28775
816421644,SecG3ek/2024_CVEs,cveId.txt,c4c155311d194016fb66162458ab08154742b926,CVE-2024-28781
816421644,SecG3ek/2024_CVEs,cveId.txt,c4c155311d194016fb66162458ab08154742b926,CVE-2024-28782
816421644,SecG3ek/2024_CVEs,cveId.txt,c4c155311d194016fb66162458ab08154742b926,CVE-2024-28784
816421644,SecG3ek/2024_CVEs,cveId.txt,c4c155311d194016fb66162458ab08154742b926,CVE-2024-28787
816421644,SecG3ek/2024_CVEs,cveId.txt,c4c155311d194016fb66162458ab08154742b926,CVE-2024-28793
816421644,SecG3ek/2024_CVEs,cveId.txt,c4c155311d194016fb66162458ab08154742b926,CVE-2024-28815
816421644,SecG3ek/2024_CVEs,cveId.txt,c4c155311d194016fb66162458ab08154742b926,CVE-2024-28816
816421644,SecG3ek/2024_CVEs,cveId.txt,c4c155311d194016fb66162458ab08154742b926,CVE-2024-28818
816421644,SecG3ek/2024_CVEs,cveId.txt,c4c155311d194016fb66162458ab08154742b926,CVE-2024-28823
816421644,SecG3ek/2024_CVEs,cveId.txt,c4c155311d194016fb66162458ab08154742b926,CVE-2024-28824
816421644,SecG3ek/2024_CVEs,cveId.txt,c4c155311d194016fb66162458ab08154742b926,CVE-2024-28898
816421644,SecG3ek/2024_CVEs,cveId.txt,c4c155311d194016fb66162458ab08154742b926,CVE-2024-28825
816421644,SecG3ek/2024_CVEs,cveId.txt,c4c155311d194016fb66162458ab08154742b926,CVE-2024-28833
816421644,SecG3ek/2024_CVEs,cveId.txt,c4c155311d194016fb66162458ab08154742b926,CVE-2024-28836
816421644,SecG3ek/2024_CVEs,cveId.txt,c4c155311d194016fb66162458ab08154742b926,CVE-2024-28877
816421644,SecG3ek/2024_CVEs,cveId.txt,c4c155311d194016fb66162458ab08154742b926,CVE-2024-28878
816421644,SecG3ek/2024_CVEs,cveId.txt,c4c155311d194016fb66162458ab08154742b926,CVE-2024-28880
816421644,SecG3ek/2024_CVEs,cveId.txt,c4c155311d194016fb66162458ab08154742b926,CVE-2024-28883
816421644,SecG3ek/2024_CVEs,cveId.txt,c4c155311d194016fb66162458ab08154742b926,CVE-2024-28886
816421644,SecG3ek/2024_CVEs,cveId.txt,c4c155311d194016fb66162458ab08154742b926,CVE-2024-28889
816421644,SecG3ek/2024_CVEs,cveId.txt,c4c155311d194016fb66162458ab08154742b926,CVE-2024-28890
816421644,SecG3ek/2024_CVEs,cveId.txt,c4c155311d194016fb66162458ab08154742b926,CVE-2024-28891
816421644,SecG3ek/2024_CVEs,cveId.txt,c4c155311d194016fb66162458ab08154742b926,CVE-2024-28893
816421644,SecG3ek/2024_CVEs,cveId.txt,c4c155311d194016fb66162458ab08154742b926,CVE-2024-28894
816421644,SecG3ek/2024_CVEs,cveId.txt,c4c155311d194016fb66162458ab08154742b926,CVE-2024-28895
816421644,SecG3ek/2024_CVEs,cveId.txt,c4c155311d194016fb66162458ab08154742b926,CVE-2024-28896
816421644,SecG3ek/2024_CVEs,cveId.txt,c4c155311d194016fb66162458ab08154742b926,CVE-2024-28826
816421644,SecG3ek/2024_CVEs,cveId.txt,c4c155311d194016fb66162458ab08154742b926,CVE-2024-28570
816421644,SecG3ek/2024_CVEs,cveId.txt,c4c155311d194016fb66162458ab08154742b926,CVE-2024-28569
816421644,SecG3ek/2024_CVEs,cveId.txt,c4c155311d194016fb66162458ab08154742b926,CVE-2024-28568
816421644,SecG3ek/2024_CVEs,cveId.txt,c4c155311d194016fb66162458ab08154742b926,CVE-2024-28212
816421644,SecG3ek/2024_CVEs,cveId.txt,c4c155311d194016fb66162458ab08154742b926,CVE-2024-28213
816421644,SecG3ek/2024_CVEs,cveId.txt,c4c155311d194016fb66162458ab08154742b926,CVE-2024-28214
816421644,SecG3ek/2024_CVEs,cveId.txt,c4c155311d194016fb66162458ab08154742b926,CVE-2024-28215
816421644,SecG3ek/2024_CVEs,cveId.txt,c4c155311d194016fb66162458ab08154742b926,CVE-2024-28216
816421644,SecG3ek/2024_CVEs,cveId.txt,c4c155311d194016fb66162458ab08154742b926,CVE-2024-28219
816421644,SecG3ek/2024_CVEs,cveId.txt,c4c155311d194016fb66162458ab08154742b926,CVE-2024-28222
816421644,SecG3ek/2024_CVEs,cveId.txt,c4c155311d194016fb66162458ab08154742b926,CVE-2024-28224
816421644,SecG3ek/2024_CVEs,cveId.txt,c4c155311d194016fb66162458ab08154742b926,CVE-2024-28226
816421644,SecG3ek/2024_CVEs,cveId.txt,c4c155311d194016fb66162458ab08154742b926,CVE-2024-28228
816421644,SecG3ek/2024_CVEs,cveId.txt,c4c155311d194016fb66162458ab08154742b926,CVE-2024-28229
816421644,SecG3ek/2024_CVEs,cveId.txt,c4c155311d194016fb66162458ab08154742b926,CVE-2024-28230
816421644,SecG3ek/2024_CVEs,cveId.txt,c4c155311d194016fb66162458ab08154742b926,CVE-2024-28269
816421644,SecG3ek/2024_CVEs,cveId.txt,c4c155311d194016fb66162458ab08154742b926,CVE-2024-28270
816421644,SecG3ek/2024_CVEs,cveId.txt,c4c155311d194016fb66162458ab08154742b926,CVE-2024-28211
816421644,SecG3ek/2024_CVEs,cveId.txt,c4c155311d194016fb66162458ab08154742b926,CVE-2024-28275
816421644,SecG3ek/2024_CVEs,cveId.txt,c4c155311d194016fb66162458ab08154742b926,CVE-2024-28277
816421644,SecG3ek/2024_CVEs,cveId.txt,c4c155311d194016fb66162458ab08154742b926,CVE-2024-28279
816421644,SecG3ek/2024_CVEs,cveId.txt,c4c155311d194016fb66162458ab08154742b926,CVE-2024-28285
816421644,SecG3ek/2024_CVEs,cveId.txt,c4c155311d194016fb66162458ab08154742b926,CVE-2024-28286
816421644,SecG3ek/2024_CVEs,cveId.txt,c4c155311d194016fb66162458ab08154742b926,CVE-2024-28287
816421644,SecG3ek/2024_CVEs,cveId.txt,c4c155311d194016fb66162458ab08154742b926,CVE-2024-28288
816421644,SecG3ek/2024_CVEs,cveId.txt,c4c155311d194016fb66162458ab08154742b926,CVE-2024-28294
816421644,SecG3ek/2024_CVEs,cveId.txt,c4c155311d194016fb66162458ab08154742b926,CVE-2024-28303
816421644,SecG3ek/2024_CVEs,cveId.txt,c4c155311d194016fb66162458ab08154742b926,CVE-2024-28318
816421644,SecG3ek/2024_CVEs,cveId.txt,c4c155311d194016fb66162458ab08154742b926,CVE-2024-28319
816421644,SecG3ek/2024_CVEs,cveId.txt,c4c155311d194016fb66162458ab08154742b926,CVE-2024-28320
816421644,SecG3ek/2024_CVEs,cveId.txt,c4c155311d194016fb66162458ab08154742b926,CVE-2024-28322
816421644,SecG3ek/2024_CVEs,cveId.txt,c4c155311d194016fb66162458ab08154742b926,CVE-2024-28323
816421644,SecG3ek/2024_CVEs,cveId.txt,c4c155311d194016fb66162458ab08154742b926,CVE-2024-28325
816421644,SecG3ek/2024_CVEs,cveId.txt,c4c155311d194016fb66162458ab08154742b926,CVE-2024-28276
816421644,SecG3ek/2024_CVEs,cveId.txt,c4c155311d194016fb66162458ab08154742b926,CVE-2024-28326
816421644,SecG3ek/2024_CVEs,cveId.txt,c4c155311d194016fb66162458ab08154742b926,CVE-2024-28174
816421644,SecG3ek/2024_CVEs,cveId.txt,c4c155311d194016fb66162458ab08154742b926,CVE-2024-28171
816421644,SecG3ek/2024_CVEs,cveId.txt,c4c155311d194016fb66162458ab08154742b926,CVE-2024-28125
816421644,SecG3ek/2024_CVEs,cveId.txt,c4c155311d194016fb66162458ab08154742b926,CVE-2024-28126
816421644,SecG3ek/2024_CVEs,cveId.txt,c4c155311d194016fb66162458ab08154742b926,CVE-2024-28128
816421644,SecG3ek/2024_CVEs,cveId.txt,c4c155311d194016fb66162458ab08154742b926,CVE-2024-28130
816421644,SecG3ek/2024_CVEs,cveId.txt,c4c155311d194016fb66162458ab08154742b926,CVE-2024-28131
816421644,SecG3ek/2024_CVEs,cveId.txt,c4c155311d194016fb66162458ab08154742b926,CVE-2024-28132
816421644,SecG3ek/2024_CVEs,cveId.txt,c4c155311d194016fb66162458ab08154742b926,CVE-2024-28133
816421644,SecG3ek/2024_CVEs,cveId.txt,c4c155311d194016fb66162458ab08154742b926,CVE-2024-28134
816421644,SecG3ek/2024_CVEs,cveId.txt,c4c155311d194016fb66162458ab08154742b926,CVE-2024-28135
816421644,SecG3ek/2024_CVEs,cveId.txt,c4c155311d194016fb66162458ab08154742b926,CVE-2024-28136
816421644,SecG3ek/2024_CVEs,cveId.txt,c4c155311d194016fb66162458ab08154742b926,CVE-2024-28137
816421644,SecG3ek/2024_CVEs,cveId.txt,c4c155311d194016fb66162458ab08154742b926,CVE-2024-28148
816421644,SecG3ek/2024_CVEs,cveId.txt,c4c155311d194016fb66162458ab08154742b926,CVE-2024-28149
816421644,SecG3ek/2024_CVEs,cveId.txt,c4c155311d194016fb66162458ab08154742b926,CVE-2024-28150
816421644,SecG3ek/2024_CVEs,cveId.txt,c4c155311d194016fb66162458ab08154742b926,CVE-2024-28173
816421644,SecG3ek/2024_CVEs,cveId.txt,c4c155311d194016fb66162458ab08154742b926,CVE-2024-28151
816421644,SecG3ek/2024_CVEs,cveId.txt,c4c155311d194016fb66162458ab08154742b926,CVE-2024-28153
816421644,SecG3ek/2024_CVEs,cveId.txt,c4c155311d194016fb66162458ab08154742b926,CVE-2024-28154
816421644,SecG3ek/2024_CVEs,cveId.txt,c4c155311d194016fb66162458ab08154742b926,CVE-2024-28155
816421644,SecG3ek/2024_CVEs,cveId.txt,c4c155311d194016fb66162458ab08154742b926,CVE-2024-28156
816421644,SecG3ek/2024_CVEs,cveId.txt,c4c155311d194016fb66162458ab08154742b926,CVE-2024-28157
816421644,SecG3ek/2024_CVEs,cveId.txt,c4c155311d194016fb66162458ab08154742b926,CVE-2024-28158
816421644,SecG3ek/2024_CVEs,cveId.txt,c4c155311d194016fb66162458ab08154742b926,CVE-2024-28159
816421644,SecG3ek/2024_CVEs,cveId.txt,c4c155311d194016fb66162458ab08154742b926,CVE-2024-28160
816421644,SecG3ek/2024_CVEs,cveId.txt,c4c155311d194016fb66162458ab08154742b926,CVE-2024-28161
816421644,SecG3ek/2024_CVEs,cveId.txt,c4c155311d194016fb66162458ab08154742b926,CVE-2024-28162
816421644,SecG3ek/2024_CVEs,cveId.txt,c4c155311d194016fb66162458ab08154742b926,CVE-2024-28163
816421644,SecG3ek/2024_CVEs,cveId.txt,c4c155311d194016fb66162458ab08154742b926,CVE-2024-28164
816421644,SecG3ek/2024_CVEs,cveId.txt,c4c155311d194016fb66162458ab08154742b926,CVE-2024-28165
816421644,SecG3ek/2024_CVEs,cveId.txt,c4c155311d194016fb66162458ab08154742b926,CVE-2024-28167
816421644,SecG3ek/2024_CVEs,cveId.txt,c4c155311d194016fb66162458ab08154742b926,CVE-2024-28152
816421644,SecG3ek/2024_CVEs,cveId.txt,c4c155311d194016fb66162458ab08154742b926,CVE-2024-28098
816421644,SecG3ek/2024_CVEs,cveId.txt,c4c155311d194016fb66162458ab08154742b926,CVE-2024-28327
816421644,SecG3ek/2024_CVEs,cveId.txt,c4c155311d194016fb66162458ab08154742b926,CVE-2024-28335
816421644,SecG3ek/2024_CVEs,cveId.txt,c4c155311d194016fb66162458ab08154742b926,CVE-2024-28435
816421644,SecG3ek/2024_CVEs,cveId.txt,c4c155311d194016fb66162458ab08154742b926,CVE-2024-28436
816421644,SecG3ek/2024_CVEs,cveId.txt,c4c155311d194016fb66162458ab08154742b926,CVE-2024-28441
816421644,SecG3ek/2024_CVEs,cveId.txt,c4c155311d194016fb66162458ab08154742b926,CVE-2024-28442
816421644,SecG3ek/2024_CVEs,cveId.txt,c4c155311d194016fb66162458ab08154742b926,CVE-2024-28446
816421644,SecG3ek/2024_CVEs,cveId.txt,c4c155311d194016fb66162458ab08154742b926,CVE-2024-28447
816421644,SecG3ek/2024_CVEs,cveId.txt,c4c155311d194016fb66162458ab08154742b926,CVE-2024-28456
816421644,SecG3ek/2024_CVEs,cveId.txt,c4c155311d194016fb66162458ab08154742b926,CVE-2024-28458
816421644,SecG3ek/2024_CVEs,cveId.txt,c4c155311d194016fb66162458ab08154742b926,CVE-2024-28515
816421644,SecG3ek/2024_CVEs,cveId.txt,c4c155311d194016fb66162458ab08154742b926,CVE-2024-28519
816421644,SecG3ek/2024_CVEs,cveId.txt,c4c155311d194016fb66162458ab08154742b926,CVE-2024-28520
816421644,SecG3ek/2024_CVEs,cveId.txt,c4c155311d194016fb66162458ab08154742b926,CVE-2024-28521
816421644,SecG3ek/2024_CVEs,cveId.txt,c4c155311d194016fb66162458ab08154742b926,CVE-2024-28535
816421644,SecG3ek/2024_CVEs,cveId.txt,c4c155311d194016fb66162458ab08154742b926,CVE-2024-28537
816421644,SecG3ek/2024_CVEs,cveId.txt,c4c155311d194016fb66162458ab08154742b926,CVE-2024-28434
816421644,SecG3ek/2024_CVEs,cveId.txt,c4c155311d194016fb66162458ab08154742b926,CVE-2024-28545
816421644,SecG3ek/2024_CVEs,cveId.txt,c4c155311d194016fb66162458ab08154742b926,CVE-2024-28550
816421644,SecG3ek/2024_CVEs,cveId.txt,c4c155311d194016fb66162458ab08154742b926,CVE-2024-28551
816421644,SecG3ek/2024_CVEs,cveId.txt,c4c155311d194016fb66162458ab08154742b926,CVE-2024-28553
816421644,SecG3ek/2024_CVEs,cveId.txt,c4c155311d194016fb66162458ab08154742b926,CVE-2024-28556
816421644,SecG3ek/2024_CVEs,cveId.txt,c4c155311d194016fb66162458ab08154742b926,CVE-2024-28557
816421644,SecG3ek/2024_CVEs,cveId.txt,c4c155311d194016fb66162458ab08154742b926,CVE-2024-28558
816421644,SecG3ek/2024_CVEs,cveId.txt,c4c155311d194016fb66162458ab08154742b926,CVE-2024-28559
816421644,SecG3ek/2024_CVEs,cveId.txt,c4c155311d194016fb66162458ab08154742b926,CVE-2024-28560
816421644,SecG3ek/2024_CVEs,cveId.txt,c4c155311d194016fb66162458ab08154742b926,CVE-2024-28562
816421644,SecG3ek/2024_CVEs,cveId.txt,c4c155311d194016fb66162458ab08154742b926,CVE-2024-28563
816421644,SecG3ek/2024_CVEs,cveId.txt,c4c155311d194016fb66162458ab08154742b926,CVE-2024-28564
816421644,SecG3ek/2024_CVEs,cveId.txt,c4c155311d194016fb66162458ab08154742b926,CVE-2024-28565
816421644,SecG3ek/2024_CVEs,cveId.txt,c4c155311d194016fb66162458ab08154742b926,CVE-2024-28566
816421644,SecG3ek/2024_CVEs,cveId.txt,c4c155311d194016fb66162458ab08154742b926,CVE-2024-28567
816421644,SecG3ek/2024_CVEs,cveId.txt,c4c155311d194016fb66162458ab08154742b926,CVE-2024-28547
816421644,SecG3ek/2024_CVEs,cveId.txt,c4c155311d194016fb66162458ab08154742b926,CVE-2024-28328
816421644,SecG3ek/2024_CVEs,cveId.txt,c4c155311d194016fb66162458ab08154742b926,CVE-2024-28432
816421644,SecG3ek/2024_CVEs,cveId.txt,c4c155311d194016fb66162458ab08154742b926,CVE-2024-28430
816421644,SecG3ek/2024_CVEs,cveId.txt,c4c155311d194016fb66162458ab08154742b926,CVE-2024-28338
816421644,SecG3ek/2024_CVEs,cveId.txt,c4c155311d194016fb66162458ab08154742b926,CVE-2024-28339
816421644,SecG3ek/2024_CVEs,cveId.txt,c4c155311d194016fb66162458ab08154742b926,CVE-2024-28340
816421644,SecG3ek/2024_CVEs,cveId.txt,c4c155311d194016fb66162458ab08154742b926,CVE-2024-28344
816421644,SecG3ek/2024_CVEs,cveId.txt,c4c155311d194016fb66162458ab08154742b926,CVE-2024-28345
816421644,SecG3ek/2024_CVEs,cveId.txt,c4c155311d194016fb66162458ab08154742b926,CVE-2024-28353
816421644,SecG3ek/2024_CVEs,cveId.txt,c4c155311d194016fb66162458ab08154742b926,CVE-2024-28354
816421644,SecG3ek/2024_CVEs,cveId.txt,c4c155311d194016fb66162458ab08154742b926,CVE-2024-28383
816421644,SecG3ek/2024_CVEs,cveId.txt,c4c155311d194016fb66162458ab08154742b926,CVE-2024-28386
816421644,SecG3ek/2024_CVEs,cveId.txt,c4c155311d194016fb66162458ab08154742b926,CVE-2024-28387
816421644,SecG3ek/2024_CVEs,cveId.txt,c4c155311d194016fb66162458ab08154742b926,CVE-2024-28388
816421644,SecG3ek/2024_CVEs,cveId.txt,c4c155311d194016fb66162458ab08154742b926,CVE-2024-28389
816421644,SecG3ek/2024_CVEs,cveId.txt,c4c155311d194016fb66162458ab08154742b926,CVE-2024-28390
816421644,SecG3ek/2024_CVEs,cveId.txt,c4c155311d194016fb66162458ab08154742b926,CVE-2024-28391
816421644,SecG3ek/2024_CVEs,cveId.txt,c4c155311d194016fb66162458ab08154742b926,CVE-2024-28431
816421644,SecG3ek/2024_CVEs,cveId.txt,c4c155311d194016fb66162458ab08154742b926,CVE-2024-28392
816421644,SecG3ek/2024_CVEs,cveId.txt,c4c155311d194016fb66162458ab08154742b926,CVE-2024-28395
816421644,SecG3ek/2024_CVEs,cveId.txt,c4c155311d194016fb66162458ab08154742b926,CVE-2024-28396
816421644,SecG3ek/2024_CVEs,cveId.txt,c4c155311d194016fb66162458ab08154742b926,CVE-2024-28401
816421644,SecG3ek/2024_CVEs,cveId.txt,c4c155311d194016fb66162458ab08154742b926,CVE-2024-28402
816421644,SecG3ek/2024_CVEs,cveId.txt,c4c155311d194016fb66162458ab08154742b926,CVE-2024-28403
816421644,SecG3ek/2024_CVEs,cveId.txt,c4c155311d194016fb66162458ab08154742b926,CVE-2024-28404
816421644,SecG3ek/2024_CVEs,cveId.txt,c4c155311d194016fb66162458ab08154742b926,CVE-2024-28405
816421644,SecG3ek/2024_CVEs,cveId.txt,c4c155311d194016fb66162458ab08154742b926,CVE-2024-28417
816421644,SecG3ek/2024_CVEs,cveId.txt,c4c155311d194016fb66162458ab08154742b926,CVE-2024-28418
816421644,SecG3ek/2024_CVEs,cveId.txt,c4c155311d194016fb66162458ab08154742b926,CVE-2024-28421
816421644,SecG3ek/2024_CVEs,cveId.txt,c4c155311d194016fb66162458ab08154742b926,CVE-2024-28423
816421644,SecG3ek/2024_CVEs,cveId.txt,c4c155311d194016fb66162458ab08154742b926,CVE-2024-28424
816421644,SecG3ek/2024_CVEs,cveId.txt,c4c155311d194016fb66162458ab08154742b926,CVE-2024-28425
816421644,SecG3ek/2024_CVEs,cveId.txt,c4c155311d194016fb66162458ab08154742b926,CVE-2024-28429
816421644,SecG3ek/2024_CVEs,cveId.txt,c4c155311d194016fb66162458ab08154742b926,CVE-2024-28393
816421644,SecG3ek/2024_CVEs,cveId.txt,c4c155311d194016fb66162458ab08154742b926,CVE-2024-38469
816421644,SecG3ek/2024_CVEs,cveId.txt,c4c155311d194016fb66162458ab08154742b926,CVE-2024-30176
816421644,SecG3ek/2024_CVEs,cveId.txt,c4c155311d194016fb66162458ab08154742b926,CVE-2024-30178
816421644,SecG3ek/2024_CVEs,cveId.txt,c4c155311d194016fb66162458ab08154742b926,CVE-2024-31409
816421644,SecG3ek/2024_CVEs,cveId.txt,c4c155311d194016fb66162458ab08154742b926,CVE-2024-31410
816421644,SecG3ek/2024_CVEs,cveId.txt,c4c155311d194016fb66162458ab08154742b926,CVE-2024-31412
816421644,SecG3ek/2024_CVEs,cveId.txt,c4c155311d194016fb66162458ab08154742b926,CVE-2024-31413
816421644,SecG3ek/2024_CVEs,cveId.txt,c4c155311d194016fb66162458ab08154742b926,CVE-2024-31421
816421644,SecG3ek/2024_CVEs,cveId.txt,c4c155311d194016fb66162458ab08154742b926,CVE-2024-31422
816421644,SecG3ek/2024_CVEs,cveId.txt,c4c155311d194016fb66162458ab08154742b926,CVE-2024-31423
816421644,SecG3ek/2024_CVEs,cveId.txt,c4c155311d194016fb66162458ab08154742b926,CVE-2024-31424
816421644,SecG3ek/2024_CVEs,cveId.txt,c4c155311d194016fb66162458ab08154742b926,CVE-2024-31425
816421644,SecG3ek/2024_CVEs,cveId.txt,c4c155311d194016fb66162458ab08154742b926,CVE-2024-31426
816421644,SecG3ek/2024_CVEs,cveId.txt,c4c155311d194016fb66162458ab08154742b926,CVE-2024-31427
816421644,SecG3ek/2024_CVEs,cveId.txt,c4c155311d194016fb66162458ab08154742b926,CVE-2024-31428
816421644,SecG3ek/2024_CVEs,cveId.txt,c4c155311d194016fb66162458ab08154742b926,CVE-2024-31429
816421644,SecG3ek/2024_CVEs,cveId.txt,c4c155311d194016fb66162458ab08154742b926,CVE-2024-31430
816421644,SecG3ek/2024_CVEs,cveId.txt,c4c155311d194016fb66162458ab08154742b926,CVE-2024-31431
816421644,SecG3ek/2024_CVEs,cveId.txt,c4c155311d194016fb66162458ab08154742b926,CVE-2024-31432
816421644,SecG3ek/2024_CVEs,cveId.txt,c4c155311d194016fb66162458ab08154742b926,CVE-2024-31433
816421644,SecG3ek/2024_CVEs,cveId.txt,c4c155311d194016fb66162458ab08154742b926,CVE-2024-31434
816421644,SecG3ek/2024_CVEs,cveId.txt,c4c155311d194016fb66162458ab08154742b926,CVE-2024-31466
816421644,SecG3ek/2024_CVEs,cveId.txt,c4c155311d194016fb66162458ab08154742b926,CVE-2024-31467
816421644,SecG3ek/2024_CVEs,cveId.txt,c4c155311d194016fb66162458ab08154742b926,CVE-2024-31468
816421644,SecG3ek/2024_CVEs,cveId.txt,c4c155311d194016fb66162458ab08154742b926,CVE-2024-31469
816421644,SecG3ek/2024_CVEs,cveId.txt,c4c155311d194016fb66162458ab08154742b926,CVE-2024-31470
816421644,SecG3ek/2024_CVEs,cveId.txt,c4c155311d194016fb66162458ab08154742b926,CVE-2024-31471
816421644,SecG3ek/2024_CVEs,cveId.txt,c4c155311d194016fb66162458ab08154742b926,CVE-2024-31472
816421644,SecG3ek/2024_CVEs,cveId.txt,c4c155311d194016fb66162458ab08154742b926,CVE-2024-31473
816421644,SecG3ek/2024_CVEs,cveId.txt,c4c155311d194016fb66162458ab08154742b926,CVE-2024-31474
816421644,SecG3ek/2024_CVEs,cveId.txt,c4c155311d194016fb66162458ab08154742b926,CVE-2024-31475
816421644,SecG3ek/2024_CVEs,cveId.txt,c4c155311d194016fb66162458ab08154742b926,CVE-2024-31476
816421644,SecG3ek/2024_CVEs,cveId.txt,c4c155311d194016fb66162458ab08154742b926,CVE-2024-31406
816421644,SecG3ek/2024_CVEs,cveId.txt,c4c155311d194016fb66162458ab08154742b926,CVE-2024-31404
816421644,SecG3ek/2024_CVEs,cveId.txt,c4c155311d194016fb66162458ab08154742b926,CVE-2024-31403
816421644,SecG3ek/2024_CVEs,cveId.txt,c4c155311d194016fb66162458ab08154742b926,CVE-2024-31402
816421644,SecG3ek/2024_CVEs,cveId.txt,c4c155311d194016fb66162458ab08154742b926,CVE-2024-31372
816421644,SecG3ek/2024_CVEs,cveId.txt,c4c155311d194016fb66162458ab08154742b926,CVE-2024-31373
816421644,SecG3ek/2024_CVEs,cveId.txt,c4c155311d194016fb66162458ab08154742b926,CVE-2024-31374
816421644,SecG3ek/2024_CVEs,cveId.txt,c4c155311d194016fb66162458ab08154742b926,CVE-2024-31375
816421644,SecG3ek/2024_CVEs,cveId.txt,c4c155311d194016fb66162458ab08154742b926,CVE-2024-31376
816421644,SecG3ek/2024_CVEs,cveId.txt,c4c155311d194016fb66162458ab08154742b926,CVE-2024-31377
816421644,SecG3ek/2024_CVEs,cveId.txt,c4c155311d194016fb66162458ab08154742b926,CVE-2024-31378
816421644,SecG3ek/2024_CVEs,cveId.txt,c4c155311d194016fb66162458ab08154742b926,CVE-2024-31379
816421644,SecG3ek/2024_CVEs,cveId.txt,c4c155311d194016fb66162458ab08154742b926,CVE-2024-31380
816421644,SecG3ek/2024_CVEs,cveId.txt,c4c155311d194016fb66162458ab08154742b926,CVE-2024-31381
816421644,SecG3ek/2024_CVEs,cveId.txt,c4c155311d194016fb66162458ab08154742b926,CVE-2024-31382
816421644,SecG3ek/2024_CVEs,cveId.txt,c4c155311d194016fb66162458ab08154742b926,CVE-2024-31383
816421644,SecG3ek/2024_CVEs,cveId.txt,c4c155311d194016fb66162458ab08154742b926,CVE-2024-31384
816421644,SecG3ek/2024_CVEs,cveId.txt,c4c155311d194016fb66162458ab08154742b926,CVE-2024-31385
816421644,SecG3ek/2024_CVEs,cveId.txt,c4c155311d194016fb66162458ab08154742b926,CVE-2024-31477
816421644,SecG3ek/2024_CVEs,cveId.txt,c4c155311d194016fb66162458ab08154742b926,CVE-2024-31386
816421644,SecG3ek/2024_CVEs,cveId.txt,c4c155311d194016fb66162458ab08154742b926,CVE-2024-31388
816421644,SecG3ek/2024_CVEs,cveId.txt,c4c155311d194016fb66162458ab08154742b926,CVE-2024-31389
816421644,SecG3ek/2024_CVEs,cveId.txt,c4c155311d194016fb66162458ab08154742b926,CVE-2024-31390
816421644,SecG3ek/2024_CVEs,cveId.txt,c4c155311d194016fb66162458ab08154742b926,CVE-2024-31391
816421644,SecG3ek/2024_CVEs,cveId.txt,c4c155311d194016fb66162458ab08154742b926,CVE-2024-31392
816421644,SecG3ek/2024_CVEs,cveId.txt,c4c155311d194016fb66162458ab08154742b926,CVE-2024-31393
816421644,SecG3ek/2024_CVEs,cveId.txt,c4c155311d194016fb66162458ab08154742b926,CVE-2024-31394
816421644,SecG3ek/2024_CVEs,cveId.txt,c4c155311d194016fb66162458ab08154742b926,CVE-2024-31395
816421644,SecG3ek/2024_CVEs,cveId.txt,c4c155311d194016fb66162458ab08154742b926,CVE-2024-31396
816421644,SecG3ek/2024_CVEs,cveId.txt,c4c155311d194016fb66162458ab08154742b926,CVE-2024-31397
816421644,SecG3ek/2024_CVEs,cveId.txt,c4c155311d194016fb66162458ab08154742b926,CVE-2024-31398
816421644,SecG3ek/2024_CVEs,cveId.txt,c4c155311d194016fb66162458ab08154742b926,CVE-2024-31399
816421644,SecG3ek/2024_CVEs,cveId.txt,c4c155311d194016fb66162458ab08154742b926,CVE-2024-31400
816421644,SecG3ek/2024_CVEs,cveId.txt,c4c155311d194016fb66162458ab08154742b926,CVE-2024-31401
816421644,SecG3ek/2024_CVEs,cveId.txt,c4c155311d194016fb66162458ab08154742b926,CVE-2024-31387
816421644,SecG3ek/2024_CVEs,cveId.txt,c4c155311d194016fb66162458ab08154742b926,CVE-2024-31478
816421644,SecG3ek/2024_CVEs,cveId.txt,c4c155311d194016fb66162458ab08154742b926,CVE-2024-31479
816421644,SecG3ek/2024_CVEs,cveId.txt,c4c155311d194016fb66162458ab08154742b926,CVE-2024-31480
816421644,SecG3ek/2024_CVEs,cveId.txt,c4c155311d194016fb66162458ab08154742b926,CVE-2024-31613
816421644,SecG3ek/2024_CVEs,cveId.txt,c4c155311d194016fb66162458ab08154742b926,CVE-2024-31615
816421644,SecG3ek/2024_CVEs,cveId.txt,c4c155311d194016fb66162458ab08154742b926,CVE-2024-31616
816421644,SecG3ek/2024_CVEs,cveId.txt,c4c155311d194016fb66162458ab08154742b926,CVE-2024-31617
816421644,SecG3ek/2024_CVEs,cveId.txt,c4c155311d194016fb66162458ab08154742b926,CVE-2024-31621
816421644,SecG3ek/2024_CVEs,cveId.txt,c4c155311d194016fb66162458ab08154742b926,CVE-2024-31634
816421644,SecG3ek/2024_CVEs,cveId.txt,c4c155311d194016fb66162458ab08154742b926,CVE-2024-31636
816421644,SecG3ek/2024_CVEs,cveId.txt,c4c155311d194016fb66162458ab08154742b926,CVE-2024-31648
816421644,SecG3ek/2024_CVEs,cveId.txt,c4c155311d194016fb66162458ab08154742b926,CVE-2024-31649
816421644,SecG3ek/2024_CVEs,cveId.txt,c4c155311d194016fb66162458ab08154742b926,CVE-2024-31650
816421644,SecG3ek/2024_CVEs,cveId.txt,c4c155311d194016fb66162458ab08154742b926,CVE-2024-31651
816421644,SecG3ek/2024_CVEs,cveId.txt,c4c155311d194016fb66162458ab08154742b926,CVE-2024-31652
816421644,SecG3ek/2024_CVEs,cveId.txt,c4c155311d194016fb66162458ab08154742b926,CVE-2024-31666
816421644,SecG3ek/2024_CVEs,cveId.txt,c4c155311d194016fb66162458ab08154742b926,CVE-2024-31673
816421644,SecG3ek/2024_CVEs,cveId.txt,c4c155311d194016fb66162458ab08154742b926,CVE-2024-31612
816421644,SecG3ek/2024_CVEs,cveId.txt,c4c155311d194016fb66162458ab08154742b926,CVE-2024-31678
816421644,SecG3ek/2024_CVEs,cveId.txt,c4c155311d194016fb66162458ab08154742b926,CVE-2024-31682
816421644,SecG3ek/2024_CVEs,cveId.txt,c4c155311d194016fb66162458ab08154742b926,CVE-2024-31684
816421644,SecG3ek/2024_CVEs,cveId.txt,c4c155311d194016fb66162458ab08154742b926,CVE-2024-31705
816421644,SecG3ek/2024_CVEs,cveId.txt,c4c155311d194016fb66162458ab08154742b926,CVE-2024-31714
816421644,SecG3ek/2024_CVEs,cveId.txt,c4c155311d194016fb66162458ab08154742b926,CVE-2024-31741
816421644,SecG3ek/2024_CVEs,cveId.txt,c4c155311d194016fb66162458ab08154742b926,CVE-2024-31744
816421644,SecG3ek/2024_CVEs,cveId.txt,c4c155311d194016fb66162458ab08154742b926,CVE-2024-31745
816421644,SecG3ek/2024_CVEs,cveId.txt,c4c155311d194016fb66162458ab08154742b926,CVE-2024-31747
816421644,SecG3ek/2024_CVEs,cveId.txt,c4c155311d194016fb66162458ab08154742b926,CVE-2024-31750
816421644,SecG3ek/2024_CVEs,cveId.txt,c4c155311d194016fb66162458ab08154742b926,CVE-2024-31755
816421644,SecG3ek/2024_CVEs,cveId.txt,c4c155311d194016fb66162458ab08154742b926,CVE-2024-31756
816421644,SecG3ek/2024_CVEs,cveId.txt,c4c155311d194016fb66162458ab08154742b926,CVE-2024-31757
816421644,SecG3ek/2024_CVEs,cveId.txt,c4c155311d194016fb66162458ab08154742b926,CVE-2024-31759
816421644,SecG3ek/2024_CVEs,cveId.txt,c4c155311d194016fb66162458ab08154742b926,CVE-2024-31760
816421644,SecG3ek/2024_CVEs,cveId.txt,c4c155311d194016fb66162458ab08154742b926,CVE-2024-31680
816421644,SecG3ek/2024_CVEs,cveId.txt,c4c155311d194016fb66162458ab08154742b926,CVE-2024-31371
816421644,SecG3ek/2024_CVEs,cveId.txt,c4c155311d194016fb66162458ab08154742b926,CVE-2024-31611
816421644,SecG3ek/2024_CVEs,cveId.txt,c4c155311d194016fb66162458ab08154742b926,CVE-2024-31609
816421644,SecG3ek/2024_CVEs,cveId.txt,c4c155311d194016fb66162458ab08154742b926,CVE-2024-31481
816421644,SecG3ek/2024_CVEs,cveId.txt,c4c155311d194016fb66162458ab08154742b926,CVE-2024-31482
816421644,SecG3ek/2024_CVEs,cveId.txt,c4c155311d194016fb66162458ab08154742b926,CVE-2024-31483
816421644,SecG3ek/2024_CVEs,cveId.txt,c4c155311d194016fb66162458ab08154742b926,CVE-2024-31484
816421644,SecG3ek/2024_CVEs,cveId.txt,c4c155311d194016fb66162458ab08154742b926,CVE-2024-31485
816421644,SecG3ek/2024_CVEs,cveId.txt,c4c155311d194016fb66162458ab08154742b926,CVE-2024-31486
816421644,SecG3ek/2024_CVEs,cveId.txt,c4c155311d194016fb66162458ab08154742b926,CVE-2024-31497
816421644,SecG3ek/2024_CVEs,cveId.txt,c4c155311d194016fb66162458ab08154742b926,CVE-2024-31498
816421644,SecG3ek/2024_CVEs,cveId.txt,c4c155311d194016fb66162458ab08154742b926,CVE-2024-31502
816421644,SecG3ek/2024_CVEs,cveId.txt,c4c155311d194016fb66162458ab08154742b926,CVE-2024-31503
816421644,SecG3ek/2024_CVEs,cveId.txt,c4c155311d194016fb66162458ab08154742b926,CVE-2024-31506
816421644,SecG3ek/2024_CVEs,cveId.txt,c4c155311d194016fb66162458ab08154742b926,CVE-2024-31507
816421644,SecG3ek/2024_CVEs,cveId.txt,c4c155311d194016fb66162458ab08154742b926,CVE-2024-31510
816421644,SecG3ek/2024_CVEs,cveId.txt,c4c155311d194016fb66162458ab08154742b926,CVE-2024-31544
816421644,SecG3ek/2024_CVEs,cveId.txt,c4c155311d194016fb66162458ab08154742b926,CVE-2024-31610
816421644,SecG3ek/2024_CVEs,cveId.txt,c4c155311d194016fb66162458ab08154742b926,CVE-2024-31545
816421644,SecG3ek/2024_CVEs,cveId.txt,c4c155311d194016fb66162458ab08154742b926,CVE-2024-31547
816421644,SecG3ek/2024_CVEs,cveId.txt,c4c155311d194016fb66162458ab08154742b926,CVE-2024-31551
816421644,SecG3ek/2024_CVEs,cveId.txt,c4c155311d194016fb66162458ab08154742b926,CVE-2024-31552
816421644,SecG3ek/2024_CVEs,cveId.txt,c4c155311d194016fb66162458ab08154742b926,CVE-2024-31556
816421644,SecG3ek/2024_CVEs,cveId.txt,c4c155311d194016fb66162458ab08154742b926,CVE-2024-31574
816421644,SecG3ek/2024_CVEs,cveId.txt,c4c155311d194016fb66162458ab08154742b926,CVE-2024-31578
816421644,SecG3ek/2024_CVEs,cveId.txt,c4c155311d194016fb66162458ab08154742b926,CVE-2024-31580
816421644,SecG3ek/2024_CVEs,cveId.txt,c4c155311d194016fb66162458ab08154742b926,CVE-2024-31581
816421644,SecG3ek/2024_CVEs,cveId.txt,c4c155311d194016fb66162458ab08154742b926,CVE-2024-31582
816421644,SecG3ek/2024_CVEs,cveId.txt,c4c155311d194016fb66162458ab08154742b926,CVE-2024-31583
816421644,SecG3ek/2024_CVEs,cveId.txt,c4c155311d194016fb66162458ab08154742b926,CVE-2024-31584
816421644,SecG3ek/2024_CVEs,cveId.txt,c4c155311d194016fb66162458ab08154742b926,CVE-2024-31585
816421644,SecG3ek/2024_CVEs,cveId.txt,c4c155311d194016fb66162458ab08154742b926,CVE-2024-31587
816421644,SecG3ek/2024_CVEs,cveId.txt,c4c155311d194016fb66162458ab08154742b926,CVE-2024-31601
816421644,SecG3ek/2024_CVEs,cveId.txt,c4c155311d194016fb66162458ab08154742b926,CVE-2024-31546
816421644,SecG3ek/2024_CVEs,cveId.txt,c4c155311d194016fb66162458ab08154742b926,CVE-2024-31370
816421644,SecG3ek/2024_CVEs,cveId.txt,c4c155311d194016fb66162458ab08154742b926,CVE-2024-31369
816421644,SecG3ek/2024_CVEs,cveId.txt,c4c155311d194016fb66162458ab08154742b926,CVE-2024-31368
816421644,SecG3ek/2024_CVEs,cveId.txt,c4c155311d194016fb66162458ab08154742b926,CVE-2024-31240
816421644,SecG3ek/2024_CVEs,cveId.txt,c4c155311d194016fb66162458ab08154742b926,CVE-2024-31241
816421644,SecG3ek/2024_CVEs,cveId.txt,c4c155311d194016fb66162458ab08154742b926,CVE-2024-31242
816421644,SecG3ek/2024_CVEs,cveId.txt,c4c155311d194016fb66162458ab08154742b926,CVE-2024-31243
816421644,SecG3ek/2024_CVEs,cveId.txt,c4c155311d194016fb66162458ab08154742b926,CVE-2024-31244
816421644,SecG3ek/2024_CVEs,cveId.txt,c4c155311d194016fb66162458ab08154742b926,CVE-2024-31245
816421644,SecG3ek/2024_CVEs,cveId.txt,c4c155311d194016fb66162458ab08154742b926,CVE-2024-31246
816421644,SecG3ek/2024_CVEs,cveId.txt,c4c155311d194016fb66162458ab08154742b926,CVE-2024-31247
816421644,SecG3ek/2024_CVEs,cveId.txt,c4c155311d194016fb66162458ab08154742b926,CVE-2024-31248
816421644,SecG3ek/2024_CVEs,cveId.txt,c4c155311d194016fb66162458ab08154742b926,CVE-2024-31249
816421644,SecG3ek/2024_CVEs,cveId.txt,c4c155311d194016fb66162458ab08154742b926,CVE-2024-31250
816421644,SecG3ek/2024_CVEs,cveId.txt,c4c155311d194016fb66162458ab08154742b926,CVE-2024-31251
816421644,SecG3ek/2024_CVEs,cveId.txt,c4c155311d194016fb66162458ab08154742b926,CVE-2024-31252
816421644,SecG3ek/2024_CVEs,cveId.txt,c4c155311d194016fb66162458ab08154742b926,CVE-2024-31253
816421644,SecG3ek/2024_CVEs,cveId.txt,c4c155311d194016fb66162458ab08154742b926,CVE-2024-31239
816421644,SecG3ek/2024_CVEs,cveId.txt,c4c155311d194016fb66162458ab08154742b926,CVE-2024-31254
816421644,SecG3ek/2024_CVEs,cveId.txt,c4c155311d194016fb66162458ab08154742b926,CVE-2024-31256
816421644,SecG3ek/2024_CVEs,cveId.txt,c4c155311d194016fb66162458ab08154742b926,CVE-2024-31257
816421644,SecG3ek/2024_CVEs,cveId.txt,c4c155311d194016fb66162458ab08154742b926,CVE-2024-31258
816421644,SecG3ek/2024_CVEs,cveId.txt,c4c155311d194016fb66162458ab08154742b926,CVE-2024-31259
816421644,SecG3ek/2024_CVEs,cveId.txt,c4c155311d194016fb66162458ab08154742b926,CVE-2024-31260
816421644,SecG3ek/2024_CVEs,cveId.txt,c4c155311d194016fb66162458ab08154742b926,CVE-2024-31261
816421644,SecG3ek/2024_CVEs,cveId.txt,c4c155311d194016fb66162458ab08154742b926,CVE-2024-31262
816421644,SecG3ek/2024_CVEs,cveId.txt,c4c155311d194016fb66162458ab08154742b926,CVE-2024-31263
816421644,SecG3ek/2024_CVEs,cveId.txt,c4c155311d194016fb66162458ab08154742b926,CVE-2024-31264
816421644,SecG3ek/2024_CVEs,cveId.txt,c4c155311d194016fb66162458ab08154742b926,CVE-2024-31265
816421644,SecG3ek/2024_CVEs,cveId.txt,c4c155311d194016fb66162458ab08154742b926,CVE-2024-31266
816421644,SecG3ek/2024_CVEs,cveId.txt,c4c155311d194016fb66162458ab08154742b926,CVE-2024-31267
816421644,SecG3ek/2024_CVEs,cveId.txt,c4c155311d194016fb66162458ab08154742b926,CVE-2024-31268
816421644,SecG3ek/2024_CVEs,cveId.txt,c4c155311d194016fb66162458ab08154742b926,CVE-2024-31269
816421644,SecG3ek/2024_CVEs,cveId.txt,c4c155311d194016fb66162458ab08154742b926,CVE-2024-31255
816421644,SecG3ek/2024_CVEs,cveId.txt,c4c155311d194016fb66162458ab08154742b926,CVE-2024-31270
816421644,SecG3ek/2024_CVEs,cveId.txt,c4c155311d194016fb66162458ab08154742b926,CVE-2024-31238
816421644,SecG3ek/2024_CVEs,cveId.txt,c4c155311d194016fb66162458ab08154742b926,CVE-2024-31236
816421644,SecG3ek/2024_CVEs,cveId.txt,c4c155311d194016fb66162458ab08154742b926,CVE-2024-31113
816421644,SecG3ek/2024_CVEs,cveId.txt,c4c155311d194016fb66162458ab08154742b926,CVE-2024-31114
816421644,SecG3ek/2024_CVEs,cveId.txt,c4c155311d194016fb66162458ab08154742b926,CVE-2024-31115
816421644,SecG3ek/2024_CVEs,cveId.txt,c4c155311d194016fb66162458ab08154742b926,CVE-2024-31116
816421644,SecG3ek/2024_CVEs,cveId.txt,c4c155311d194016fb66162458ab08154742b926,CVE-2024-31117
816421644,SecG3ek/2024_CVEs,cveId.txt,c4c155311d194016fb66162458ab08154742b926,CVE-2024-31120
816421644,SecG3ek/2024_CVEs,cveId.txt,c4c155311d194016fb66162458ab08154742b926,CVE-2024-31121
816421644,SecG3ek/2024_CVEs,cveId.txt,c4c155311d194016fb66162458ab08154742b926,CVE-2024-31122
816421644,SecG3ek/2024_CVEs,cveId.txt,c4c155311d194016fb66162458ab08154742b926,CVE-2024-31123
816421644,SecG3ek/2024_CVEs,cveId.txt,c4c155311d194016fb66162458ab08154742b926,CVE-2024-31134
816421644,SecG3ek/2024_CVEs,cveId.txt,c4c155311d194016fb66162458ab08154742b926,CVE-2024-31135
816421644,SecG3ek/2024_CVEs,cveId.txt,c4c155311d194016fb66162458ab08154742b926,CVE-2024-31136
816421644,SecG3ek/2024_CVEs,cveId.txt,c4c155311d194016fb66162458ab08154742b926,CVE-2024-31137
816421644,SecG3ek/2024_CVEs,cveId.txt,c4c155311d194016fb66162458ab08154742b926,CVE-2024-31138
816421644,SecG3ek/2024_CVEs,cveId.txt,c4c155311d194016fb66162458ab08154742b926,CVE-2024-31237
816421644,SecG3ek/2024_CVEs,cveId.txt,c4c155311d194016fb66162458ab08154742b926,CVE-2024-31139
816421644,SecG3ek/2024_CVEs,cveId.txt,c4c155311d194016fb66162458ab08154742b926,CVE-2024-31142
816421644,SecG3ek/2024_CVEs,cveId.txt,c4c155311d194016fb66162458ab08154742b926,CVE-2024-31156
816421644,SecG3ek/2024_CVEs,cveId.txt,c4c155311d194016fb66162458ab08154742b926,CVE-2024-31159
816421644,SecG3ek/2024_CVEs,cveId.txt,c4c155311d194016fb66162458ab08154742b926,CVE-2024-31160
816421644,SecG3ek/2024_CVEs,cveId.txt,c4c155311d194016fb66162458ab08154742b926,CVE-2024-31161
816421644,SecG3ek/2024_CVEs,cveId.txt,c4c155311d194016fb66162458ab08154742b926,CVE-2024-31162
816421644,SecG3ek/2024_CVEs,cveId.txt,c4c155311d194016fb66162458ab08154742b926,CVE-2024-31163
816421644,SecG3ek/2024_CVEs,cveId.txt,c4c155311d194016fb66162458ab08154742b926,CVE-2024-31229
816421644,SecG3ek/2024_CVEs,cveId.txt,c4c155311d194016fb66162458ab08154742b926,CVE-2024-31230
816421644,SecG3ek/2024_CVEs,cveId.txt,c4c155311d194016fb66162458ab08154742b926,CVE-2024-31231
816421644,SecG3ek/2024_CVEs,cveId.txt,c4c155311d194016fb66162458ab08154742b926,CVE-2024-31232
816421644,SecG3ek/2024_CVEs,cveId.txt,c4c155311d194016fb66162458ab08154742b926,CVE-2024-31233
816421644,SecG3ek/2024_CVEs,cveId.txt,c4c155311d194016fb66162458ab08154742b926,CVE-2024-31234
816421644,SecG3ek/2024_CVEs,cveId.txt,c4c155311d194016fb66162458ab08154742b926,CVE-2024-31235
816421644,SecG3ek/2024_CVEs,cveId.txt,c4c155311d194016fb66162458ab08154742b926,CVE-2024-31140
816421644,SecG3ek/2024_CVEs,cveId.txt,c4c155311d194016fb66162458ab08154742b926,CVE-2024-31771
816421644,SecG3ek/2024_CVEs,cveId.txt,c4c155311d194016fb66162458ab08154742b926,CVE-2024-31271
816421644,SecG3ek/2024_CVEs,cveId.txt,c4c155311d194016fb66162458ab08154742b926,CVE-2024-31273
816421644,SecG3ek/2024_CVEs,cveId.txt,c4c155311d194016fb66162458ab08154742b926,CVE-2024-31308
816421644,SecG3ek/2024_CVEs,cveId.txt,c4c155311d194016fb66162458ab08154742b926,CVE-2024-31309
816421644,SecG3ek/2024_CVEs,cveId.txt,c4c155311d194016fb66162458ab08154742b926,CVE-2024-31340
816421644,SecG3ek/2024_CVEs,cveId.txt,c4c155311d194016fb66162458ab08154742b926,CVE-2024-31341
816421644,SecG3ek/2024_CVEs,cveId.txt,c4c155311d194016fb66162458ab08154742b926,CVE-2024-31342
816421644,SecG3ek/2024_CVEs,cveId.txt,c4c155311d194016fb66162458ab08154742b926,CVE-2024-31343
816421644,SecG3ek/2024_CVEs,cveId.txt,c4c155311d194016fb66162458ab08154742b926,CVE-2024-31344
816421644,SecG3ek/2024_CVEs,cveId.txt,c4c155311d194016fb66162458ab08154742b926,CVE-2024-31345
816421644,SecG3ek/2024_CVEs,cveId.txt,c4c155311d194016fb66162458ab08154742b926,CVE-2024-31346
816421644,SecG3ek/2024_CVEs,cveId.txt,c4c155311d194016fb66162458ab08154742b926,CVE-2024-31347
816421644,SecG3ek/2024_CVEs,cveId.txt,c4c155311d194016fb66162458ab08154742b926,CVE-2024-31348
816421644,SecG3ek/2024_CVEs,cveId.txt,c4c155311d194016fb66162458ab08154742b926,CVE-2024-31349
816421644,SecG3ek/2024_CVEs,cveId.txt,c4c155311d194016fb66162458ab08154742b926,CVE-2024-31350
816421644,SecG3ek/2024_CVEs,cveId.txt,c4c155311d194016fb66162458ab08154742b926,CVE-2024-31351
816421644,SecG3ek/2024_CVEs,cveId.txt,c4c155311d194016fb66162458ab08154742b926,CVE-2024-31307
816421644,SecG3ek/2024_CVEs,cveId.txt,c4c155311d194016fb66162458ab08154742b926,CVE-2024-31352
816421644,SecG3ek/2024_CVEs,cveId.txt,c4c155311d194016fb66162458ab08154742b926,CVE-2024-31354
816421644,SecG3ek/2024_CVEs,cveId.txt,c4c155311d194016fb66162458ab08154742b926,CVE-2024-31355
816421644,SecG3ek/2024_CVEs,cveId.txt,c4c155311d194016fb66162458ab08154742b926,CVE-2024-31356
816421644,SecG3ek/2024_CVEs,cveId.txt,c4c155311d194016fb66162458ab08154742b926,CVE-2024-31357
816421644,SecG3ek/2024_CVEs,cveId.txt,c4c155311d194016fb66162458ab08154742b926,CVE-2024-31358
816421644,SecG3ek/2024_CVEs,cveId.txt,c4c155311d194016fb66162458ab08154742b926,CVE-2024-31359
816421644,SecG3ek/2024_CVEs,cveId.txt,c4c155311d194016fb66162458ab08154742b926,CVE-2024-31360
816421644,SecG3ek/2024_CVEs,cveId.txt,c4c155311d194016fb66162458ab08154742b926,CVE-2024-31361
816421644,SecG3ek/2024_CVEs,cveId.txt,c4c155311d194016fb66162458ab08154742b926,CVE-2024-31362
816421644,SecG3ek/2024_CVEs,cveId.txt,c4c155311d194016fb66162458ab08154742b926,CVE-2024-31363
816421644,SecG3ek/2024_CVEs,cveId.txt,c4c155311d194016fb66162458ab08154742b926,CVE-2024-31364
816421644,SecG3ek/2024_CVEs,cveId.txt,c4c155311d194016fb66162458ab08154742b926,CVE-2024-31365
816421644,SecG3ek/2024_CVEs,cveId.txt,c4c155311d194016fb66162458ab08154742b926,CVE-2024-31366
816421644,SecG3ek/2024_CVEs,cveId.txt,c4c155311d194016fb66162458ab08154742b926,CVE-2024-31367
816421644,SecG3ek/2024_CVEs,cveId.txt,c4c155311d194016fb66162458ab08154742b926,CVE-2024-31353
816421644,SecG3ek/2024_CVEs,cveId.txt,c4c155311d194016fb66162458ab08154742b926,CVE-2024-31272
816421644,SecG3ek/2024_CVEs,cveId.txt,c4c155311d194016fb66162458ab08154742b926,CVE-2024-31306
816421644,SecG3ek/2024_CVEs,cveId.txt,c4c155311d194016fb66162458ab08154742b926,CVE-2024-31304
816421644,SecG3ek/2024_CVEs,cveId.txt,c4c155311d194016fb66162458ab08154742b926,CVE-2024-31274
816421644,SecG3ek/2024_CVEs,cveId.txt,c4c155311d194016fb66162458ab08154742b926,CVE-2024-31275
816421644,SecG3ek/2024_CVEs,cveId.txt,c4c155311d194016fb66162458ab08154742b926,CVE-2024-31276
816421644,SecG3ek/2024_CVEs,cveId.txt,c4c155311d194016fb66162458ab08154742b926,CVE-2024-31277
816421644,SecG3ek/2024_CVEs,cveId.txt,c4c155311d194016fb66162458ab08154742b926,CVE-2024-31278
816421644,SecG3ek/2024_CVEs,cveId.txt,c4c155311d194016fb66162458ab08154742b926,CVE-2024-31279
816421644,SecG3ek/2024_CVEs,cveId.txt,c4c155311d194016fb66162458ab08154742b926,CVE-2024-31280
816421644,SecG3ek/2024_CVEs,cveId.txt,c4c155311d194016fb66162458ab08154742b926,CVE-2024-31281
816421644,SecG3ek/2024_CVEs,cveId.txt,c4c155311d194016fb66162458ab08154742b926,CVE-2024-31282
816421644,SecG3ek/2024_CVEs,cveId.txt,c4c155311d194016fb66162458ab08154742b926,CVE-2024-31283
816421644,SecG3ek/2024_CVEs,cveId.txt,c4c155311d194016fb66162458ab08154742b926,CVE-2024-31284
816421644,SecG3ek/2024_CVEs,cveId.txt,c4c155311d194016fb66162458ab08154742b926,CVE-2024-31285
816421644,SecG3ek/2024_CVEs,cveId.txt,c4c155311d194016fb66162458ab08154742b926,CVE-2024-31286
816421644,SecG3ek/2024_CVEs,cveId.txt,c4c155311d194016fb66162458ab08154742b926,CVE-2024-31287
816421644,SecG3ek/2024_CVEs,cveId.txt,c4c155311d194016fb66162458ab08154742b926,CVE-2024-31305
816421644,SecG3ek/2024_CVEs,cveId.txt,c4c155311d194016fb66162458ab08154742b926,CVE-2024-31288
816421644,SecG3ek/2024_CVEs,cveId.txt,c4c155311d194016fb66162458ab08154742b926,CVE-2024-31290
816421644,SecG3ek/2024_CVEs,cveId.txt,c4c155311d194016fb66162458ab08154742b926,CVE-2024-31291
816421644,SecG3ek/2024_CVEs,cveId.txt,c4c155311d194016fb66162458ab08154742b926,CVE-2024-31292
816421644,SecG3ek/2024_CVEs,cveId.txt,c4c155311d194016fb66162458ab08154742b926,CVE-2024-31293
816421644,SecG3ek/2024_CVEs,cveId.txt,c4c155311d194016fb66162458ab08154742b926,CVE-2024-31294
816421644,SecG3ek/2024_CVEs,cveId.txt,c4c155311d194016fb66162458ab08154742b926,CVE-2024-31295
816421644,SecG3ek/2024_CVEs,cveId.txt,c4c155311d194016fb66162458ab08154742b926,CVE-2024-31296
816421644,SecG3ek/2024_CVEs,cveId.txt,c4c155311d194016fb66162458ab08154742b926,CVE-2024-31297
816421644,SecG3ek/2024_CVEs,cveId.txt,c4c155311d194016fb66162458ab08154742b926,CVE-2024-31298
816421644,SecG3ek/2024_CVEs,cveId.txt,c4c155311d194016fb66162458ab08154742b926,CVE-2024-31299
816421644,SecG3ek/2024_CVEs,cveId.txt,c4c155311d194016fb66162458ab08154742b926,CVE-2024-31300
816421644,SecG3ek/2024_CVEs,cveId.txt,c4c155311d194016fb66162458ab08154742b926,CVE-2024-31301
816421644,SecG3ek/2024_CVEs,cveId.txt,c4c155311d194016fb66162458ab08154742b926,CVE-2024-31302
816421644,SecG3ek/2024_CVEs,cveId.txt,c4c155311d194016fb66162458ab08154742b926,CVE-2024-31303
816421644,SecG3ek/2024_CVEs,cveId.txt,c4c155311d194016fb66162458ab08154742b926,CVE-2024-31289
816421644,SecG3ek/2024_CVEs,cveId.txt,c4c155311d194016fb66162458ab08154742b926,CVE-2024-31112
816421644,SecG3ek/2024_CVEs,cveId.txt,c4c155311d194016fb66162458ab08154742b926,CVE-2024-31777
816421644,SecG3ek/2024_CVEs,cveId.txt,c4c155311d194016fb66162458ab08154742b926,CVE-2024-31784
816421644,SecG3ek/2024_CVEs,cveId.txt,c4c155311d194016fb66162458ab08154742b926,CVE-2024-32138
816421644,SecG3ek/2024_CVEs,cveId.txt,c4c155311d194016fb66162458ab08154742b926,CVE-2024-32139
816421644,SecG3ek/2024_CVEs,cveId.txt,c4c155311d194016fb66162458ab08154742b926,CVE-2024-32140
816421644,SecG3ek/2024_CVEs,cveId.txt,c4c155311d194016fb66162458ab08154742b926,CVE-2024-32141
816421644,SecG3ek/2024_CVEs,cveId.txt,c4c155311d194016fb66162458ab08154742b926,CVE-2024-32142
816421644,SecG3ek/2024_CVEs,cveId.txt,c4c155311d194016fb66162458ab08154742b926,CVE-2024-32143
816421644,SecG3ek/2024_CVEs,cveId.txt,c4c155311d194016fb66162458ab08154742b926,CVE-2024-32144
816421644,SecG3ek/2024_CVEs,cveId.txt,c4c155311d194016fb66162458ab08154742b926,CVE-2024-32145
816421644,SecG3ek/2024_CVEs,cveId.txt,c4c155311d194016fb66162458ab08154742b926,CVE-2024-32146
816421644,SecG3ek/2024_CVEs,cveId.txt,c4c155311d194016fb66162458ab08154742b926,CVE-2024-32147
816421644,SecG3ek/2024_CVEs,cveId.txt,c4c155311d194016fb66162458ab08154742b926,CVE-2024-32148
816421644,SecG3ek/2024_CVEs,cveId.txt,c4c155311d194016fb66162458ab08154742b926,CVE-2024-32149
816421644,SecG3ek/2024_CVEs,cveId.txt,c4c155311d194016fb66162458ab08154742b926,CVE-2024-32161
816421644,SecG3ek/2024_CVEs,cveId.txt,c4c155311d194016fb66162458ab08154742b926,CVE-2024-32162
816421644,SecG3ek/2024_CVEs,cveId.txt,c4c155311d194016fb66162458ab08154742b926,CVE-2024-32163
816421644,SecG3ek/2024_CVEs,cveId.txt,c4c155311d194016fb66162458ab08154742b926,CVE-2024-32166
816421644,SecG3ek/2024_CVEs,cveId.txt,c4c155311d194016fb66162458ab08154742b926,CVE-2024-32167
816421644,SecG3ek/2024_CVEs,cveId.txt,c4c155311d194016fb66162458ab08154742b926,CVE-2024-32206
816421644,SecG3ek/2024_CVEs,cveId.txt,c4c155311d194016fb66162458ab08154742b926,CVE-2024-32210
816421644,SecG3ek/2024_CVEs,cveId.txt,c4c155311d194016fb66162458ab08154742b926,CVE-2024-32211
816421644,SecG3ek/2024_CVEs,cveId.txt,c4c155311d194016fb66162458ab08154742b926,CVE-2024-32212
816421644,SecG3ek/2024_CVEs,cveId.txt,c4c155311d194016fb66162458ab08154742b926,CVE-2024-32213
816421644,SecG3ek/2024_CVEs,cveId.txt,c4c155311d194016fb66162458ab08154742b926,CVE-2024-32236
816421644,SecG3ek/2024_CVEs,cveId.txt,c4c155311d194016fb66162458ab08154742b926,CVE-2024-32238
816421644,SecG3ek/2024_CVEs,cveId.txt,c4c155311d194016fb66162458ab08154742b926,CVE-2024-32254
816421644,SecG3ek/2024_CVEs,cveId.txt,c4c155311d194016fb66162458ab08154742b926,CVE-2024-32256
816421644,SecG3ek/2024_CVEs,cveId.txt,c4c155311d194016fb66162458ab08154742b926,CVE-2024-32258
816421644,SecG3ek/2024_CVEs,cveId.txt,c4c155311d194016fb66162458ab08154742b926,CVE-2024-32268
816421644,SecG3ek/2024_CVEs,cveId.txt,c4c155311d194016fb66162458ab08154742b926,CVE-2024-32269
816421644,SecG3ek/2024_CVEs,cveId.txt,c4c155311d194016fb66162458ab08154742b926,CVE-2024-32137
816421644,SecG3ek/2024_CVEs,cveId.txt,c4c155311d194016fb66162458ab08154742b926,CVE-2024-32136
816421644,SecG3ek/2024_CVEs,cveId.txt,c4c155311d194016fb66162458ab08154742b926,CVE-2024-32135
816421644,SecG3ek/2024_CVEs,cveId.txt,c4c155311d194016fb66162458ab08154742b926,CVE-2024-32134
816421644,SecG3ek/2024_CVEs,cveId.txt,c4c155311d194016fb66162458ab08154742b926,CVE-2024-32092
816421644,SecG3ek/2024_CVEs,cveId.txt,c4c155311d194016fb66162458ab08154742b926,CVE-2024-32093
816421644,SecG3ek/2024_CVEs,cveId.txt,c4c155311d194016fb66162458ab08154742b926,CVE-2024-32094
816421644,SecG3ek/2024_CVEs,cveId.txt,c4c155311d194016fb66162458ab08154742b926,CVE-2024-32095
816421644,SecG3ek/2024_CVEs,cveId.txt,c4c155311d194016fb66162458ab08154742b926,CVE-2024-32096
816421644,SecG3ek/2024_CVEs,cveId.txt,c4c155311d194016fb66162458ab08154742b926,CVE-2024-32097
816421644,SecG3ek/2024_CVEs,cveId.txt,c4c155311d194016fb66162458ab08154742b926,CVE-2024-32098
816421644,SecG3ek/2024_CVEs,cveId.txt,c4c155311d194016fb66162458ab08154742b926,CVE-2024-32099
816421644,SecG3ek/2024_CVEs,cveId.txt,c4c155311d194016fb66162458ab08154742b926,CVE-2024-32100
816421644,SecG3ek/2024_CVEs,cveId.txt,c4c155311d194016fb66162458ab08154742b926,CVE-2024-32101
816421644,SecG3ek/2024_CVEs,cveId.txt,c4c155311d194016fb66162458ab08154742b926,CVE-2024-32102
816421644,SecG3ek/2024_CVEs,cveId.txt,c4c155311d194016fb66162458ab08154742b926,CVE-2024-32103
816421644,SecG3ek/2024_CVEs,cveId.txt,c4c155311d194016fb66162458ab08154742b926,CVE-2024-32104
816421644,SecG3ek/2024_CVEs,cveId.txt,c4c155311d194016fb66162458ab08154742b926,CVE-2024-32105
816421644,SecG3ek/2024_CVEs,cveId.txt,c4c155311d194016fb66162458ab08154742b926,CVE-2024-32281
816421644,SecG3ek/2024_CVEs,cveId.txt,c4c155311d194016fb66162458ab08154742b926,CVE-2024-32106
816421644,SecG3ek/2024_CVEs,cveId.txt,c4c155311d194016fb66162458ab08154742b926,CVE-2024-32108
816421644,SecG3ek/2024_CVEs,cveId.txt,c4c155311d194016fb66162458ab08154742b926,CVE-2024-32109
816421644,SecG3ek/2024_CVEs,cveId.txt,c4c155311d194016fb66162458ab08154742b926,CVE-2024-32112
816421644,SecG3ek/2024_CVEs,cveId.txt,c4c155311d194016fb66162458ab08154742b926,CVE-2024-32113
816421644,SecG3ek/2024_CVEs,cveId.txt,c4c155311d194016fb66162458ab08154742b926,CVE-2024-32114
816421644,SecG3ek/2024_CVEs,cveId.txt,c4c155311d194016fb66162458ab08154742b926,CVE-2024-32125
816421644,SecG3ek/2024_CVEs,cveId.txt,c4c155311d194016fb66162458ab08154742b926,CVE-2024-32126
816421644,SecG3ek/2024_CVEs,cveId.txt,c4c155311d194016fb66162458ab08154742b926,CVE-2024-32127
816421644,SecG3ek/2024_CVEs,cveId.txt,c4c155311d194016fb66162458ab08154742b926,CVE-2024-32128
816421644,SecG3ek/2024_CVEs,cveId.txt,c4c155311d194016fb66162458ab08154742b926,CVE-2024-32129
816421644,SecG3ek/2024_CVEs,cveId.txt,c4c155311d194016fb66162458ab08154742b926,CVE-2024-32130
816421644,SecG3ek/2024_CVEs,cveId.txt,c4c155311d194016fb66162458ab08154742b926,CVE-2024-32131
816421644,SecG3ek/2024_CVEs,cveId.txt,c4c155311d194016fb66162458ab08154742b926,CVE-2024-32132
816421644,SecG3ek/2024_CVEs,cveId.txt,c4c155311d194016fb66162458ab08154742b926,CVE-2024-32133
816421644,SecG3ek/2024_CVEs,cveId.txt,c4c155311d194016fb66162458ab08154742b926,CVE-2024-32107
816421644,SecG3ek/2024_CVEs,cveId.txt,c4c155311d194016fb66162458ab08154742b926,CVE-2024-32282
816421644,SecG3ek/2024_CVEs,cveId.txt,c4c155311d194016fb66162458ab08154742b926,CVE-2024-32283
816421644,SecG3ek/2024_CVEs,cveId.txt,c4c155311d194016fb66162458ab08154742b926,CVE-2024-32285
816421644,SecG3ek/2024_CVEs,cveId.txt,c4c155311d194016fb66162458ab08154742b926,CVE-2024-32339
816421644,SecG3ek/2024_CVEs,cveId.txt,c4c155311d194016fb66162458ab08154742b926,CVE-2024-32340
816421644,SecG3ek/2024_CVEs,cveId.txt,c4c155311d194016fb66162458ab08154742b926,CVE-2024-32341
816421644,SecG3ek/2024_CVEs,cveId.txt,c4c155311d194016fb66162458ab08154742b926,CVE-2024-32342
816421644,SecG3ek/2024_CVEs,cveId.txt,c4c155311d194016fb66162458ab08154742b926,CVE-2024-32343
816421644,SecG3ek/2024_CVEs,cveId.txt,c4c155311d194016fb66162458ab08154742b926,CVE-2024-32344
816421644,SecG3ek/2024_CVEs,cveId.txt,c4c155311d194016fb66162458ab08154742b926,CVE-2024-32345
816421644,SecG3ek/2024_CVEs,cveId.txt,c4c155311d194016fb66162458ab08154742b926,CVE-2024-32349
816421644,SecG3ek/2024_CVEs,cveId.txt,c4c155311d194016fb66162458ab08154742b926,CVE-2024-32350
816421644,SecG3ek/2024_CVEs,cveId.txt,c4c155311d194016fb66162458ab08154742b926,CVE-2024-32351
816421644,SecG3ek/2024_CVEs,cveId.txt,c4c155311d194016fb66162458ab08154742b926,CVE-2024-32352
816421644,SecG3ek/2024_CVEs,cveId.txt,c4c155311d194016fb66162458ab08154742b926,CVE-2024-32353
816421644,SecG3ek/2024_CVEs,cveId.txt,c4c155311d194016fb66162458ab08154742b926,CVE-2024-32354
816421644,SecG3ek/2024_CVEs,cveId.txt,c4c155311d194016fb66162458ab08154742b926,CVE-2024-32355
816421644,SecG3ek/2024_CVEs,cveId.txt,c4c155311d194016fb66162458ab08154742b926,CVE-2024-32338
816421644,SecG3ek/2024_CVEs,cveId.txt,c4c155311d194016fb66162458ab08154742b926,CVE-2024-32358
816421644,SecG3ek/2024_CVEs,cveId.txt,c4c155311d194016fb66162458ab08154742b926,CVE-2024-32368
816421644,SecG3ek/2024_CVEs,cveId.txt,c4c155311d194016fb66162458ab08154742b926,CVE-2024-32369
816421644,SecG3ek/2024_CVEs,cveId.txt,c4c155311d194016fb66162458ab08154742b926,CVE-2024-32370
816421644,SecG3ek/2024_CVEs,cveId.txt,c4c155311d194016fb66162458ab08154742b926,CVE-2024-32371
816421644,SecG3ek/2024_CVEs,cveId.txt,c4c155311d194016fb66162458ab08154742b926,CVE-2024-32391
816421644,SecG3ek/2024_CVEs,cveId.txt,c4c155311d194016fb66162458ab08154742b926,CVE-2024-32392
816421644,SecG3ek/2024_CVEs,cveId.txt,c4c155311d194016fb66162458ab08154742b926,CVE-2024-32394
816421644,SecG3ek/2024_CVEs,cveId.txt,c4c155311d194016fb66162458ab08154742b926,CVE-2024-32399
816421644,SecG3ek/2024_CVEs,cveId.txt,c4c155311d194016fb66162458ab08154742b926,CVE-2024-32404
816421644,SecG3ek/2024_CVEs,cveId.txt,c4c155311d194016fb66162458ab08154742b926,CVE-2024-32405
816421644,SecG3ek/2024_CVEs,cveId.txt,c4c155311d194016fb66162458ab08154742b926,CVE-2024-32406
816421644,SecG3ek/2024_CVEs,cveId.txt,c4c155311d194016fb66162458ab08154742b926,CVE-2024-32407
816421644,SecG3ek/2024_CVEs,cveId.txt,c4c155311d194016fb66162458ab08154742b926,CVE-2024-32409
816421644,SecG3ek/2024_CVEs,cveId.txt,c4c155311d194016fb66162458ab08154742b926,CVE-2024-32418
816421644,SecG3ek/2024_CVEs,cveId.txt,c4c155311d194016fb66162458ab08154742b926,CVE-2024-32359
816421644,SecG3ek/2024_CVEs,cveId.txt,c4c155311d194016fb66162458ab08154742b926,CVE-2024-32091
816421644,SecG3ek/2024_CVEs,cveId.txt,c4c155311d194016fb66162458ab08154742b926,CVE-2024-32337
816421644,SecG3ek/2024_CVEs,cveId.txt,c4c155311d194016fb66162458ab08154742b926,CVE-2024-32334
816421644,SecG3ek/2024_CVEs,cveId.txt,c4c155311d194016fb66162458ab08154742b926,CVE-2024-32286
816421644,SecG3ek/2024_CVEs,cveId.txt,c4c155311d194016fb66162458ab08154742b926,CVE-2024-32287
816421644,SecG3ek/2024_CVEs,cveId.txt,c4c155311d194016fb66162458ab08154742b926,CVE-2024-32288
816421644,SecG3ek/2024_CVEs,cveId.txt,c4c155311d194016fb66162458ab08154742b926,CVE-2024-32290
816421644,SecG3ek/2024_CVEs,cveId.txt,c4c155311d194016fb66162458ab08154742b926,CVE-2024-32291
816421644,SecG3ek/2024_CVEs,cveId.txt,c4c155311d194016fb66162458ab08154742b926,CVE-2024-32292
816421644,SecG3ek/2024_CVEs,cveId.txt,c4c155311d194016fb66162458ab08154742b926,CVE-2024-32293
816421644,SecG3ek/2024_CVEs,cveId.txt,c4c155311d194016fb66162458ab08154742b926,CVE-2024-32299
816421644,SecG3ek/2024_CVEs,cveId.txt,c4c155311d194016fb66162458ab08154742b926,CVE-2024-32301
816421644,SecG3ek/2024_CVEs,cveId.txt,c4c155311d194016fb66162458ab08154742b926,CVE-2024-32302
816421644,SecG3ek/2024_CVEs,cveId.txt,c4c155311d194016fb66162458ab08154742b926,CVE-2024-32303
816421644,SecG3ek/2024_CVEs,cveId.txt,c4c155311d194016fb66162458ab08154742b926,CVE-2024-32305
816421644,SecG3ek/2024_CVEs,cveId.txt,c4c155311d194016fb66162458ab08154742b926,CVE-2024-32306
816421644,SecG3ek/2024_CVEs,cveId.txt,c4c155311d194016fb66162458ab08154742b926,CVE-2024-32307
816421644,SecG3ek/2024_CVEs,cveId.txt,c4c155311d194016fb66162458ab08154742b926,CVE-2024-32335
816421644,SecG3ek/2024_CVEs,cveId.txt,c4c155311d194016fb66162458ab08154742b926,CVE-2024-32310
816421644,SecG3ek/2024_CVEs,cveId.txt,c4c155311d194016fb66162458ab08154742b926,CVE-2024-32312
816421644,SecG3ek/2024_CVEs,cveId.txt,c4c155311d194016fb66162458ab08154742b926,CVE-2024-32313
816421644,SecG3ek/2024_CVEs,cveId.txt,c4c155311d194016fb66162458ab08154742b926,CVE-2024-32314
816421644,SecG3ek/2024_CVEs,cveId.txt,c4c155311d194016fb66162458ab08154742b926,CVE-2024-32315
816421644,SecG3ek/2024_CVEs,cveId.txt,c4c155311d194016fb66162458ab08154742b926,CVE-2024-32316
816421644,SecG3ek/2024_CVEs,cveId.txt,c4c155311d194016fb66162458ab08154742b926,CVE-2024-32317
816421644,SecG3ek/2024_CVEs,cveId.txt,c4c155311d194016fb66162458ab08154742b926,CVE-2024-32318
816421644,SecG3ek/2024_CVEs,cveId.txt,c4c155311d194016fb66162458ab08154742b926,CVE-2024-32320
816421644,SecG3ek/2024_CVEs,cveId.txt,c4c155311d194016fb66162458ab08154742b926,CVE-2024-32324
816421644,SecG3ek/2024_CVEs,cveId.txt,c4c155311d194016fb66162458ab08154742b926,CVE-2024-32325
816421644,SecG3ek/2024_CVEs,cveId.txt,c4c155311d194016fb66162458ab08154742b926,CVE-2024-32326
816421644,SecG3ek/2024_CVEs,cveId.txt,c4c155311d194016fb66162458ab08154742b926,CVE-2024-32327
816421644,SecG3ek/2024_CVEs,cveId.txt,c4c155311d194016fb66162458ab08154742b926,CVE-2024-32332
816421644,SecG3ek/2024_CVEs,cveId.txt,c4c155311d194016fb66162458ab08154742b926,CVE-2024-32333
816421644,SecG3ek/2024_CVEs,cveId.txt,c4c155311d194016fb66162458ab08154742b926,CVE-2024-32311
816421644,SecG3ek/2024_CVEs,cveId.txt,c4c155311d194016fb66162458ab08154742b926,CVE-2024-32090
816421644,SecG3ek/2024_CVEs,cveId.txt,c4c155311d194016fb66162458ab08154742b926,CVE-2024-32089
816421644,SecG3ek/2024_CVEs,cveId.txt,c4c155311d194016fb66162458ab08154742b926,CVE-2024-32088
816421644,SecG3ek/2024_CVEs,cveId.txt,c4c155311d194016fb66162458ab08154742b926,CVE-2024-31857
816421644,SecG3ek/2024_CVEs,cveId.txt,c4c155311d194016fb66162458ab08154742b926,CVE-2024-31860
816421644,SecG3ek/2024_CVEs,cveId.txt,c4c155311d194016fb66162458ab08154742b926,CVE-2024-31861
816421644,SecG3ek/2024_CVEs,cveId.txt,c4c155311d194016fb66162458ab08154742b926,CVE-2024-31862
816421644,SecG3ek/2024_CVEs,cveId.txt,c4c155311d194016fb66162458ab08154742b926,CVE-2024-31863
816421644,SecG3ek/2024_CVEs,cveId.txt,c4c155311d194016fb66162458ab08154742b926,CVE-2024-31864
816421644,SecG3ek/2024_CVEs,cveId.txt,c4c155311d194016fb66162458ab08154742b926,CVE-2024-31865
816421644,SecG3ek/2024_CVEs,cveId.txt,c4c155311d194016fb66162458ab08154742b926,CVE-2024-31866
816421644,SecG3ek/2024_CVEs,cveId.txt,c4c155311d194016fb66162458ab08154742b926,CVE-2024-31867
816421644,SecG3ek/2024_CVEs,cveId.txt,c4c155311d194016fb66162458ab08154742b926,CVE-2024-31868
816421644,SecG3ek/2024_CVEs,cveId.txt,c4c155311d194016fb66162458ab08154742b926,CVE-2024-31869
816421644,SecG3ek/2024_CVEs,cveId.txt,c4c155311d194016fb66162458ab08154742b926,CVE-2024-31870
816421644,SecG3ek/2024_CVEs,cveId.txt,c4c155311d194016fb66162458ab08154742b926,CVE-2024-31871
816421644,SecG3ek/2024_CVEs,cveId.txt,c4c155311d194016fb66162458ab08154742b926,CVE-2024-31872
816421644,SecG3ek/2024_CVEs,cveId.txt,c4c155311d194016fb66162458ab08154742b926,CVE-2024-31856
816421644,SecG3ek/2024_CVEs,cveId.txt,c4c155311d194016fb66162458ab08154742b926,CVE-2024-31873
816421644,SecG3ek/2024_CVEs,cveId.txt,c4c155311d194016fb66162458ab08154742b926,CVE-2024-31878
816421644,SecG3ek/2024_CVEs,cveId.txt,c4c155311d194016fb66162458ab08154742b926,CVE-2024-31879
816421644,SecG3ek/2024_CVEs,cveId.txt,c4c155311d194016fb66162458ab08154742b926,CVE-2024-31881
816421644,SecG3ek/2024_CVEs,cveId.txt,c4c155311d194016fb66162458ab08154742b926,CVE-2024-31887
816421644,SecG3ek/2024_CVEs,cveId.txt,c4c155311d194016fb66162458ab08154742b926,CVE-2024-31889
816421644,SecG3ek/2024_CVEs,cveId.txt,c4c155311d194016fb66162458ab08154742b926,CVE-2024-31893
816421644,SecG3ek/2024_CVEs,cveId.txt,c4c155311d194016fb66162458ab08154742b926,CVE-2024-31894
816421644,SecG3ek/2024_CVEs,cveId.txt,c4c155311d194016fb66162458ab08154742b926,CVE-2024-31895
816421644,SecG3ek/2024_CVEs,cveId.txt,c4c155311d194016fb66162458ab08154742b926,CVE-2024-31904
816421644,SecG3ek/2024_CVEs,cveId.txt,c4c155311d194016fb66162458ab08154742b926,CVE-2024-31907
816421644,SecG3ek/2024_CVEs,cveId.txt,c4c155311d194016fb66162458ab08154742b926,CVE-2024-31908
816421644,SecG3ek/2024_CVEs,cveId.txt,c4c155311d194016fb66162458ab08154742b926,CVE-2024-31920
816421644,SecG3ek/2024_CVEs,cveId.txt,c4c155311d194016fb66162458ab08154742b926,CVE-2024-31921
816421644,SecG3ek/2024_CVEs,cveId.txt,c4c155311d194016fb66162458ab08154742b926,CVE-2024-31922
816421644,SecG3ek/2024_CVEs,cveId.txt,c4c155311d194016fb66162458ab08154742b926,CVE-2024-31874
816421644,SecG3ek/2024_CVEs,cveId.txt,c4c155311d194016fb66162458ab08154742b926,CVE-2024-31923
816421644,SecG3ek/2024_CVEs,cveId.txt,c4c155311d194016fb66162458ab08154742b926,CVE-2024-31852
816421644,SecG3ek/2024_CVEs,cveId.txt,c4c155311d194016fb66162458ab08154742b926,CVE-2024-31846
816421644,SecG3ek/2024_CVEs,cveId.txt,c4c155311d194016fb66162458ab08154742b926,CVE-2024-31801
816421644,SecG3ek/2024_CVEs,cveId.txt,c4c155311d194016fb66162458ab08154742b926,CVE-2024-31803
816421644,SecG3ek/2024_CVEs,cveId.txt,c4c155311d194016fb66162458ab08154742b926,CVE-2024-31804
816421644,SecG3ek/2024_CVEs,cveId.txt,c4c155311d194016fb66162458ab08154742b926,CVE-2024-31805
816421644,SecG3ek/2024_CVEs,cveId.txt,c4c155311d194016fb66162458ab08154742b926,CVE-2024-31806
816421644,SecG3ek/2024_CVEs,cveId.txt,c4c155311d194016fb66162458ab08154742b926,CVE-2024-31807
816421644,SecG3ek/2024_CVEs,cveId.txt,c4c155311d194016fb66162458ab08154742b926,CVE-2024-31808
816421644,SecG3ek/2024_CVEs,cveId.txt,c4c155311d194016fb66162458ab08154742b926,CVE-2024-31809
816421644,SecG3ek/2024_CVEs,cveId.txt,c4c155311d194016fb66162458ab08154742b926,CVE-2024-31810
816421644,SecG3ek/2024_CVEs,cveId.txt,c4c155311d194016fb66162458ab08154742b926,CVE-2024-31811
816421644,SecG3ek/2024_CVEs,cveId.txt,c4c155311d194016fb66162458ab08154742b926,CVE-2024-31812
816421644,SecG3ek/2024_CVEs,cveId.txt,c4c155311d194016fb66162458ab08154742b926,CVE-2024-31813
816421644,SecG3ek/2024_CVEs,cveId.txt,c4c155311d194016fb66162458ab08154742b926,CVE-2024-31814
816421644,SecG3ek/2024_CVEs,cveId.txt,c4c155311d194016fb66162458ab08154742b926,CVE-2024-31815
816421644,SecG3ek/2024_CVEs,cveId.txt,c4c155311d194016fb66162458ab08154742b926,CVE-2024-31847
816421644,SecG3ek/2024_CVEs,cveId.txt,c4c155311d194016fb66162458ab08154742b926,CVE-2024-31816
816421644,SecG3ek/2024_CVEs,cveId.txt,c4c155311d194016fb66162458ab08154742b926,CVE-2024-31818
816421644,SecG3ek/2024_CVEs,cveId.txt,c4c155311d194016fb66162458ab08154742b926,CVE-2024-31819
816421644,SecG3ek/2024_CVEs,cveId.txt,c4c155311d194016fb66162458ab08154742b926,CVE-2024-31820
816421644,SecG3ek/2024_CVEs,cveId.txt,c4c155311d194016fb66162458ab08154742b926,CVE-2024-31821
816421644,SecG3ek/2024_CVEs,cveId.txt,c4c155311d194016fb66162458ab08154742b926,CVE-2024-31822
816421644,SecG3ek/2024_CVEs,cveId.txt,c4c155311d194016fb66162458ab08154742b926,CVE-2024-31823
816421644,SecG3ek/2024_CVEs,cveId.txt,c4c155311d194016fb66162458ab08154742b926,CVE-2024-31828
816421644,SecG3ek/2024_CVEs,cveId.txt,c4c155311d194016fb66162458ab08154742b926,CVE-2024-31837
816421644,SecG3ek/2024_CVEs,cveId.txt,c4c155311d194016fb66162458ab08154742b926,CVE-2024-31839
816421644,SecG3ek/2024_CVEs,cveId.txt,c4c155311d194016fb66162458ab08154742b926,CVE-2024-31840
816421644,SecG3ek/2024_CVEs,cveId.txt,c4c155311d194016fb66162458ab08154742b926,CVE-2024-31841
816421644,SecG3ek/2024_CVEs,cveId.txt,c4c155311d194016fb66162458ab08154742b926,CVE-2024-31843
816421644,SecG3ek/2024_CVEs,cveId.txt,c4c155311d194016fb66162458ab08154742b926,CVE-2024-31844
816421644,SecG3ek/2024_CVEs,cveId.txt,c4c155311d194016fb66162458ab08154742b926,CVE-2024-31845
816421644,SecG3ek/2024_CVEs,cveId.txt,c4c155311d194016fb66162458ab08154742b926,CVE-2024-31817
816421644,SecG3ek/2024_CVEs,cveId.txt,c4c155311d194016fb66162458ab08154742b926,CVE-2024-31783
816421644,SecG3ek/2024_CVEs,cveId.txt,c4c155311d194016fb66162458ab08154742b926,CVE-2024-31924
816421644,SecG3ek/2024_CVEs,cveId.txt,c4c155311d194016fb66162458ab08154742b926,CVE-2024-31926
816421644,SecG3ek/2024_CVEs,cveId.txt,c4c155311d194016fb66162458ab08154742b926,CVE-2024-31974
816421644,SecG3ek/2024_CVEs,cveId.txt,c4c155311d194016fb66162458ab08154742b926,CVE-2024-31978
816421644,SecG3ek/2024_CVEs,cveId.txt,c4c155311d194016fb66162458ab08154742b926,CVE-2024-31980
816421644,SecG3ek/2024_CVEs,cveId.txt,c4c155311d194016fb66162458ab08154742b926,CVE-2024-32042
816421644,SecG3ek/2024_CVEs,cveId.txt,c4c155311d194016fb66162458ab08154742b926,CVE-2024-32047
816421644,SecG3ek/2024_CVEs,cveId.txt,c4c155311d194016fb66162458ab08154742b926,CVE-2024-32049
816421644,SecG3ek/2024_CVEs,cveId.txt,c4c155311d194016fb66162458ab08154742b926,CVE-2024-32051
816421644,SecG3ek/2024_CVEs,cveId.txt,c4c155311d194016fb66162458ab08154742b926,CVE-2024-32053
816421644,SecG3ek/2024_CVEs,cveId.txt,c4c155311d194016fb66162458ab08154742b926,CVE-2024-32055
816421644,SecG3ek/2024_CVEs,cveId.txt,c4c155311d194016fb66162458ab08154742b926,CVE-2024-32057
816421644,SecG3ek/2024_CVEs,cveId.txt,c4c155311d194016fb66162458ab08154742b926,CVE-2024-32058
816421644,SecG3ek/2024_CVEs,cveId.txt,c4c155311d194016fb66162458ab08154742b926,CVE-2024-32059
816421644,SecG3ek/2024_CVEs,cveId.txt,c4c155311d194016fb66162458ab08154742b926,CVE-2024-32060
816421644,SecG3ek/2024_CVEs,cveId.txt,c4c155311d194016fb66162458ab08154742b926,CVE-2024-32061
816421644,SecG3ek/2024_CVEs,cveId.txt,c4c155311d194016fb66162458ab08154742b926,CVE-2024-31967
816421644,SecG3ek/2024_CVEs,cveId.txt,c4c155311d194016fb66162458ab08154742b926,CVE-2024-32062
816421644,SecG3ek/2024_CVEs,cveId.txt,c4c155311d194016fb66162458ab08154742b926,CVE-2024-32064
816421644,SecG3ek/2024_CVEs,cveId.txt,c4c155311d194016fb66162458ab08154742b926,CVE-2024-32065
816421644,SecG3ek/2024_CVEs,cveId.txt,c4c155311d194016fb66162458ab08154742b926,CVE-2024-32066
816421644,SecG3ek/2024_CVEs,cveId.txt,c4c155311d194016fb66162458ab08154742b926,CVE-2024-32077
816421644,SecG3ek/2024_CVEs,cveId.txt,c4c155311d194016fb66162458ab08154742b926,CVE-2024-32078
816421644,SecG3ek/2024_CVEs,cveId.txt,c4c155311d194016fb66162458ab08154742b926,CVE-2024-32079
816421644,SecG3ek/2024_CVEs,cveId.txt,c4c155311d194016fb66162458ab08154742b926,CVE-2024-32080
816421644,SecG3ek/2024_CVEs,cveId.txt,c4c155311d194016fb66162458ab08154742b926,CVE-2024-32081
816421644,SecG3ek/2024_CVEs,cveId.txt,c4c155311d194016fb66162458ab08154742b926,CVE-2024-32082
816421644,SecG3ek/2024_CVEs,cveId.txt,c4c155311d194016fb66162458ab08154742b926,CVE-2024-32083
816421644,SecG3ek/2024_CVEs,cveId.txt,c4c155311d194016fb66162458ab08154742b926,CVE-2024-32084
816421644,SecG3ek/2024_CVEs,cveId.txt,c4c155311d194016fb66162458ab08154742b926,CVE-2024-32085
816421644,SecG3ek/2024_CVEs,cveId.txt,c4c155311d194016fb66162458ab08154742b926,CVE-2024-32086
816421644,SecG3ek/2024_CVEs,cveId.txt,c4c155311d194016fb66162458ab08154742b926,CVE-2024-32087
816421644,SecG3ek/2024_CVEs,cveId.txt,c4c155311d194016fb66162458ab08154742b926,CVE-2024-32063
816421644,SecG3ek/2024_CVEs,cveId.txt,c4c155311d194016fb66162458ab08154742b926,CVE-2024-31925
816421644,SecG3ek/2024_CVEs,cveId.txt,c4c155311d194016fb66162458ab08154742b926,CVE-2024-31966
816421644,SecG3ek/2024_CVEs,cveId.txt,c4c155311d194016fb66162458ab08154742b926,CVE-2024-31964
816421644,SecG3ek/2024_CVEs,cveId.txt,c4c155311d194016fb66162458ab08154742b926,CVE-2024-31927
816421644,SecG3ek/2024_CVEs,cveId.txt,c4c155311d194016fb66162458ab08154742b926,CVE-2024-31928
816421644,SecG3ek/2024_CVEs,cveId.txt,c4c155311d194016fb66162458ab08154742b926,CVE-2024-31929
816421644,SecG3ek/2024_CVEs,cveId.txt,c4c155311d194016fb66162458ab08154742b926,CVE-2024-31930
816421644,SecG3ek/2024_CVEs,cveId.txt,c4c155311d194016fb66162458ab08154742b926,CVE-2024-31931
816421644,SecG3ek/2024_CVEs,cveId.txt,c4c155311d194016fb66162458ab08154742b926,CVE-2024-31932
816421644,SecG3ek/2024_CVEs,cveId.txt,c4c155311d194016fb66162458ab08154742b926,CVE-2024-31933
816421644,SecG3ek/2024_CVEs,cveId.txt,c4c155311d194016fb66162458ab08154742b926,CVE-2024-31934
816421644,SecG3ek/2024_CVEs,cveId.txt,c4c155311d194016fb66162458ab08154742b926,CVE-2024-31935
816421644,SecG3ek/2024_CVEs,cveId.txt,c4c155311d194016fb66162458ab08154742b926,CVE-2024-31936
816421644,SecG3ek/2024_CVEs,cveId.txt,c4c155311d194016fb66162458ab08154742b926,CVE-2024-31937
816421644,SecG3ek/2024_CVEs,cveId.txt,c4c155311d194016fb66162458ab08154742b926,CVE-2024-31938
816421644,SecG3ek/2024_CVEs,cveId.txt,c4c155311d194016fb66162458ab08154742b926,CVE-2024-31939
816421644,SecG3ek/2024_CVEs,cveId.txt,c4c155311d194016fb66162458ab08154742b926,CVE-2024-31940
816421644,SecG3ek/2024_CVEs,cveId.txt,c4c155311d194016fb66162458ab08154742b926,CVE-2024-31965
816421644,SecG3ek/2024_CVEs,cveId.txt,c4c155311d194016fb66162458ab08154742b926,CVE-2024-31941
816421644,SecG3ek/2024_CVEs,cveId.txt,c4c155311d194016fb66162458ab08154742b926,CVE-2024-31943
816421644,SecG3ek/2024_CVEs,cveId.txt,c4c155311d194016fb66162458ab08154742b926,CVE-2024-31944
816421644,SecG3ek/2024_CVEs,cveId.txt,c4c155311d194016fb66162458ab08154742b926,CVE-2024-31948
816421644,SecG3ek/2024_CVEs,cveId.txt,c4c155311d194016fb66162458ab08154742b926,CVE-2024-31949
816421644,SecG3ek/2024_CVEs,cveId.txt,c4c155311d194016fb66162458ab08154742b926,CVE-2024-31950
816421644,SecG3ek/2024_CVEs,cveId.txt,c4c155311d194016fb66162458ab08154742b926,CVE-2024-31951
816421644,SecG3ek/2024_CVEs,cveId.txt,c4c155311d194016fb66162458ab08154742b926,CVE-2024-31952
816421644,SecG3ek/2024_CVEs,cveId.txt,c4c155311d194016fb66162458ab08154742b926,CVE-2024-31953
816421644,SecG3ek/2024_CVEs,cveId.txt,c4c155311d194016fb66162458ab08154742b926,CVE-2024-31954
816421644,SecG3ek/2024_CVEs,cveId.txt,c4c155311d194016fb66162458ab08154742b926,CVE-2024-31956
816421644,SecG3ek/2024_CVEs,cveId.txt,c4c155311d194016fb66162458ab08154742b926,CVE-2024-31958
816421644,SecG3ek/2024_CVEs,cveId.txt,c4c155311d194016fb66162458ab08154742b926,CVE-2024-31959
816421644,SecG3ek/2024_CVEs,cveId.txt,c4c155311d194016fb66162458ab08154742b926,CVE-2024-31961
816421644,SecG3ek/2024_CVEs,cveId.txt,c4c155311d194016fb66162458ab08154742b926,CVE-2024-31963
816421644,SecG3ek/2024_CVEs,cveId.txt,c4c155311d194016fb66162458ab08154742b926,CVE-2024-31942
816421644,SecG3ek/2024_CVEs,cveId.txt,c4c155311d194016fb66162458ab08154742b926,CVE-2024-30177
816421644,SecG3ek/2024_CVEs,cveId.txt,c4c155311d194016fb66162458ab08154742b926,CVE-2024-31110
816421644,SecG3ek/2024_CVEs,cveId.txt,c4c155311d194016fb66162458ab08154742b926,CVE-2024-31108
816421644,SecG3ek/2024_CVEs,cveId.txt,c4c155311d194016fb66162458ab08154742b926,CVE-2024-30425
816421644,SecG3ek/2024_CVEs,cveId.txt,c4c155311d194016fb66162458ab08154742b926,CVE-2024-30426
816421644,SecG3ek/2024_CVEs,cveId.txt,c4c155311d194016fb66162458ab08154742b926,CVE-2024-30427
816421644,SecG3ek/2024_CVEs,cveId.txt,c4c155311d194016fb66162458ab08154742b926,CVE-2024-30428
816421644,SecG3ek/2024_CVEs,cveId.txt,c4c155311d194016fb66162458ab08154742b926,CVE-2024-30429
816421644,SecG3ek/2024_CVEs,cveId.txt,c4c155311d194016fb66162458ab08154742b926,CVE-2024-30430
816421644,SecG3ek/2024_CVEs,cveId.txt,c4c155311d194016fb66162458ab08154742b926,CVE-2024-30431
816421644,SecG3ek/2024_CVEs,cveId.txt,c4c155311d194016fb66162458ab08154742b926,CVE-2024-30432
816421644,SecG3ek/2024_CVEs,cveId.txt,c4c155311d194016fb66162458ab08154742b926,CVE-2024-30433
816421644,SecG3ek/2024_CVEs,cveId.txt,c4c155311d194016fb66162458ab08154742b926,CVE-2024-30434
816421644,SecG3ek/2024_CVEs,cveId.txt,c4c155311d194016fb66162458ab08154742b926,CVE-2024-30435
816421644,SecG3ek/2024_CVEs,cveId.txt,c4c155311d194016fb66162458ab08154742b926,CVE-2024-30436
816421644,SecG3ek/2024_CVEs,cveId.txt,c4c155311d194016fb66162458ab08154742b926,CVE-2024-30437
816421644,SecG3ek/2024_CVEs,cveId.txt,c4c155311d194016fb66162458ab08154742b926,CVE-2024-30438
816421644,SecG3ek/2024_CVEs,cveId.txt,c4c155311d194016fb66162458ab08154742b926,CVE-2024-30439
816421644,SecG3ek/2024_CVEs,cveId.txt,c4c155311d194016fb66162458ab08154742b926,CVE-2024-30440
816421644,SecG3ek/2024_CVEs,cveId.txt,c4c155311d194016fb66162458ab08154742b926,CVE-2024-30441
816421644,SecG3ek/2024_CVEs,cveId.txt,c4c155311d194016fb66162458ab08154742b926,CVE-2024-30442
816421644,SecG3ek/2024_CVEs,cveId.txt,c4c155311d194016fb66162458ab08154742b926,CVE-2024-30443
816421644,SecG3ek/2024_CVEs,cveId.txt,c4c155311d194016fb66162458ab08154742b926,CVE-2024-30444
816421644,SecG3ek/2024_CVEs,cveId.txt,c4c155311d194016fb66162458ab08154742b926,CVE-2024-30445
816421644,SecG3ek/2024_CVEs,cveId.txt,c4c155311d194016fb66162458ab08154742b926,CVE-2024-30446
816421644,SecG3ek/2024_CVEs,cveId.txt,c4c155311d194016fb66162458ab08154742b926,CVE-2024-30447
816421644,SecG3ek/2024_CVEs,cveId.txt,c4c155311d194016fb66162458ab08154742b926,CVE-2024-30448
816421644,SecG3ek/2024_CVEs,cveId.txt,c4c155311d194016fb66162458ab08154742b926,CVE-2024-30449
816421644,SecG3ek/2024_CVEs,cveId.txt,c4c155311d194016fb66162458ab08154742b926,CVE-2024-30450
816421644,SecG3ek/2024_CVEs,cveId.txt,c4c155311d194016fb66162458ab08154742b926,CVE-2024-30451
816421644,SecG3ek/2024_CVEs,cveId.txt,c4c155311d194016fb66162458ab08154742b926,CVE-2024-30452
816421644,SecG3ek/2024_CVEs,cveId.txt,c4c155311d194016fb66162458ab08154742b926,CVE-2024-30453
816421644,SecG3ek/2024_CVEs,cveId.txt,c4c155311d194016fb66162458ab08154742b926,CVE-2024-30423
816421644,SecG3ek/2024_CVEs,cveId.txt,c4c155311d194016fb66162458ab08154742b926,CVE-2024-30422
816421644,SecG3ek/2024_CVEs,cveId.txt,c4c155311d194016fb66162458ab08154742b926,CVE-2024-30421
816421644,SecG3ek/2024_CVEs,cveId.txt,c4c155311d194016fb66162458ab08154742b926,CVE-2024-30420
816421644,SecG3ek/2024_CVEs,cveId.txt,c4c155311d194016fb66162458ab08154742b926,CVE-2024-30352
816421644,SecG3ek/2024_CVEs,cveId.txt,c4c155311d194016fb66162458ab08154742b926,CVE-2024-30353
816421644,SecG3ek/2024_CVEs,cveId.txt,c4c155311d194016fb66162458ab08154742b926,CVE-2024-30354
816421644,SecG3ek/2024_CVEs,cveId.txt,c4c155311d194016fb66162458ab08154742b926,CVE-2024-30355
816421644,SecG3ek/2024_CVEs,cveId.txt,c4c155311d194016fb66162458ab08154742b926,CVE-2024-30356
816421644,SecG3ek/2024_CVEs,cveId.txt,c4c155311d194016fb66162458ab08154742b926,CVE-2024-30357
816421644,SecG3ek/2024_CVEs,cveId.txt,c4c155311d194016fb66162458ab08154742b926,CVE-2024-30358
816421644,SecG3ek/2024_CVEs,cveId.txt,c4c155311d194016fb66162458ab08154742b926,CVE-2024-30359
816421644,SecG3ek/2024_CVEs,cveId.txt,c4c155311d194016fb66162458ab08154742b926,CVE-2024-30360
816421644,SecG3ek/2024_CVEs,cveId.txt,c4c155311d194016fb66162458ab08154742b926,CVE-2024-30361
816421644,SecG3ek/2024_CVEs,cveId.txt,c4c155311d194016fb66162458ab08154742b926,CVE-2024-30362
816421644,SecG3ek/2024_CVEs,cveId.txt,c4c155311d194016fb66162458ab08154742b926,CVE-2024-30363
816421644,SecG3ek/2024_CVEs,cveId.txt,c4c155311d194016fb66162458ab08154742b926,CVE-2024-30364
816421644,SecG3ek/2024_CVEs,cveId.txt,c4c155311d194016fb66162458ab08154742b926,CVE-2024-30365
816421644,SecG3ek/2024_CVEs,cveId.txt,c4c155311d194016fb66162458ab08154742b926,CVE-2024-30454
816421644,SecG3ek/2024_CVEs,cveId.txt,c4c155311d194016fb66162458ab08154742b926,CVE-2024-30366
816421644,SecG3ek/2024_CVEs,cveId.txt,c4c155311d194016fb66162458ab08154742b926,CVE-2024-30368
816421644,SecG3ek/2024_CVEs,cveId.txt,c4c155311d194016fb66162458ab08154742b926,CVE-2024-30369
816421644,SecG3ek/2024_CVEs,cveId.txt,c4c155311d194016fb66162458ab08154742b926,CVE-2024-30370
816421644,SecG3ek/2024_CVEs,cveId.txt,c4c155311d194016fb66162458ab08154742b926,CVE-2024-30371
816421644,SecG3ek/2024_CVEs,cveId.txt,c4c155311d194016fb66162458ab08154742b926,CVE-2024-30373
816421644,SecG3ek/2024_CVEs,cveId.txt,c4c155311d194016fb66162458ab08154742b926,CVE-2024-30374
816421644,SecG3ek/2024_CVEs,cveId.txt,c4c155311d194016fb66162458ab08154742b926,CVE-2024-30375
816421644,SecG3ek/2024_CVEs,cveId.txt,c4c155311d194016fb66162458ab08154742b926,CVE-2024-30413
816421644,SecG3ek/2024_CVEs,cveId.txt,c4c155311d194016fb66162458ab08154742b926,CVE-2024-30414
816421644,SecG3ek/2024_CVEs,cveId.txt,c4c155311d194016fb66162458ab08154742b926,CVE-2024-30415
816421644,SecG3ek/2024_CVEs,cveId.txt,c4c155311d194016fb66162458ab08154742b926,CVE-2024-30416
816421644,SecG3ek/2024_CVEs,cveId.txt,c4c155311d194016fb66162458ab08154742b926,CVE-2024-30417
816421644,SecG3ek/2024_CVEs,cveId.txt,c4c155311d194016fb66162458ab08154742b926,CVE-2024-30418
816421644,SecG3ek/2024_CVEs,cveId.txt,c4c155311d194016fb66162458ab08154742b926,CVE-2024-30419
816421644,SecG3ek/2024_CVEs,cveId.txt,c4c155311d194016fb66162458ab08154742b926,CVE-2024-30367
816421644,SecG3ek/2024_CVEs,cveId.txt,c4c155311d194016fb66162458ab08154742b926,CVE-2024-30455
816421644,SecG3ek/2024_CVEs,cveId.txt,c4c155311d194016fb66162458ab08154742b926,CVE-2024-30456
816421644,SecG3ek/2024_CVEs,cveId.txt,c4c155311d194016fb66162458ab08154742b926,CVE-2024-30457
816421644,SecG3ek/2024_CVEs,cveId.txt,c4c155311d194016fb66162458ab08154742b926,CVE-2024-30498
816421644,SecG3ek/2024_CVEs,cveId.txt,c4c155311d194016fb66162458ab08154742b926,CVE-2024-30499
816421644,SecG3ek/2024_CVEs,cveId.txt,c4c155311d194016fb66162458ab08154742b926,CVE-2024-30500
816421644,SecG3ek/2024_CVEs,cveId.txt,c4c155311d194016fb66162458ab08154742b926,CVE-2024-30501
816421644,SecG3ek/2024_CVEs,cveId.txt,c4c155311d194016fb66162458ab08154742b926,CVE-2024-30502
816421644,SecG3ek/2024_CVEs,cveId.txt,c4c155311d194016fb66162458ab08154742b926,CVE-2024-30503
816421644,SecG3ek/2024_CVEs,cveId.txt,c4c155311d194016fb66162458ab08154742b926,CVE-2024-30504
816421644,SecG3ek/2024_CVEs,cveId.txt,c4c155311d194016fb66162458ab08154742b926,CVE-2024-30505
816421644,SecG3ek/2024_CVEs,cveId.txt,c4c155311d194016fb66162458ab08154742b926,CVE-2024-30506
816421644,SecG3ek/2024_CVEs,cveId.txt,c4c155311d194016fb66162458ab08154742b926,CVE-2024-30507
816421644,SecG3ek/2024_CVEs,cveId.txt,c4c155311d194016fb66162458ab08154742b926,CVE-2024-30508
816421644,SecG3ek/2024_CVEs,cveId.txt,c4c155311d194016fb66162458ab08154742b926,CVE-2024-30509
816421644,SecG3ek/2024_CVEs,cveId.txt,c4c155311d194016fb66162458ab08154742b926,CVE-2024-30510
816421644,SecG3ek/2024_CVEs,cveId.txt,c4c155311d194016fb66162458ab08154742b926,CVE-2024-30511
816421644,SecG3ek/2024_CVEs,cveId.txt,c4c155311d194016fb66162458ab08154742b926,CVE-2024-30497
816421644,SecG3ek/2024_CVEs,cveId.txt,c4c155311d194016fb66162458ab08154742b926,CVE-2024-30512
816421644,SecG3ek/2024_CVEs,cveId.txt,c4c155311d194016fb66162458ab08154742b926,CVE-2024-30514
816421644,SecG3ek/2024_CVEs,cveId.txt,c4c155311d194016fb66162458ab08154742b926,CVE-2024-30515
816421644,SecG3ek/2024_CVEs,cveId.txt,c4c155311d194016fb66162458ab08154742b926,CVE-2024-30517
816421644,SecG3ek/2024_CVEs,cveId.txt,c4c155311d194016fb66162458ab08154742b926,CVE-2024-30518
816421644,SecG3ek/2024_CVEs,cveId.txt,c4c155311d194016fb66162458ab08154742b926,CVE-2024-30519
816421644,SecG3ek/2024_CVEs,cveId.txt,c4c155311d194016fb66162458ab08154742b926,CVE-2024-30520
816421644,SecG3ek/2024_CVEs,cveId.txt,c4c155311d194016fb66162458ab08154742b926,CVE-2024-30521
816421644,SecG3ek/2024_CVEs,cveId.txt,c4c155311d194016fb66162458ab08154742b926,CVE-2024-30522
816421644,SecG3ek/2024_CVEs,cveId.txt,c4c155311d194016fb66162458ab08154742b926,CVE-2024-30523
816421644,SecG3ek/2024_CVEs,cveId.txt,c4c155311d194016fb66162458ab08154742b926,CVE-2024-30524
816421644,SecG3ek/2024_CVEs,cveId.txt,c4c155311d194016fb66162458ab08154742b926,CVE-2024-30525
816421644,SecG3ek/2024_CVEs,cveId.txt,c4c155311d194016fb66162458ab08154742b926,CVE-2024-30526
816421644,SecG3ek/2024_CVEs,cveId.txt,c4c155311d194016fb66162458ab08154742b926,CVE-2024-30527
816421644,SecG3ek/2024_CVEs,cveId.txt,c4c155311d194016fb66162458ab08154742b926,CVE-2024-30528
816421644,SecG3ek/2024_CVEs,cveId.txt,c4c155311d194016fb66162458ab08154742b926,CVE-2024-30513
816421644,SecG3ek/2024_CVEs,cveId.txt,c4c155311d194016fb66162458ab08154742b926,CVE-2024-30351
816421644,SecG3ek/2024_CVEs,cveId.txt,c4c155311d194016fb66162458ab08154742b926,CVE-2024-30496
816421644,SecG3ek/2024_CVEs,cveId.txt,c4c155311d194016fb66162458ab08154742b926,CVE-2024-30494
816421644,SecG3ek/2024_CVEs,cveId.txt,c4c155311d194016fb66162458ab08154742b926,CVE-2024-30458
816421644,SecG3ek/2024_CVEs,cveId.txt,c4c155311d194016fb66162458ab08154742b926,CVE-2024-30459
816421644,SecG3ek/2024_CVEs,cveId.txt,c4c155311d194016fb66162458ab08154742b926,CVE-2024-30460
816421644,SecG3ek/2024_CVEs,cveId.txt,c4c155311d194016fb66162458ab08154742b926,CVE-2024-30462
816421644,SecG3ek/2024_CVEs,cveId.txt,c4c155311d194016fb66162458ab08154742b926,CVE-2024-30463
816421644,SecG3ek/2024_CVEs,cveId.txt,c4c155311d194016fb66162458ab08154742b926,CVE-2024-30464
816421644,SecG3ek/2024_CVEs,cveId.txt,c4c155311d194016fb66162458ab08154742b926,CVE-2024-30465
816421644,SecG3ek/2024_CVEs,cveId.txt,c4c155311d194016fb66162458ab08154742b926,CVE-2024-30466
816421644,SecG3ek/2024_CVEs,cveId.txt,c4c155311d194016fb66162458ab08154742b926,CVE-2024-30467
816421644,SecG3ek/2024_CVEs,cveId.txt,c4c155311d194016fb66162458ab08154742b926,CVE-2024-30468
816421644,SecG3ek/2024_CVEs,cveId.txt,c4c155311d194016fb66162458ab08154742b926,CVE-2024-30469
816421644,SecG3ek/2024_CVEs,cveId.txt,c4c155311d194016fb66162458ab08154742b926,CVE-2024-30470
816421644,SecG3ek/2024_CVEs,cveId.txt,c4c155311d194016fb66162458ab08154742b926,CVE-2024-30472
816421644,SecG3ek/2024_CVEs,cveId.txt,c4c155311d194016fb66162458ab08154742b926,CVE-2024-30477
816421644,SecG3ek/2024_CVEs,cveId.txt,c4c155311d194016fb66162458ab08154742b926,CVE-2024-30495
816421644,SecG3ek/2024_CVEs,cveId.txt,c4c155311d194016fb66162458ab08154742b926,CVE-2024-30478
816421644,SecG3ek/2024_CVEs,cveId.txt,c4c155311d194016fb66162458ab08154742b926,CVE-2024-30480
816421644,SecG3ek/2024_CVEs,cveId.txt,c4c155311d194016fb66162458ab08154742b926,CVE-2024-30481
816421644,SecG3ek/2024_CVEs,cveId.txt,c4c155311d194016fb66162458ab08154742b926,CVE-2024-30482
816421644,SecG3ek/2024_CVEs,cveId.txt,c4c155311d194016fb66162458ab08154742b926,CVE-2024-30483
816421644,SecG3ek/2024_CVEs,cveId.txt,c4c155311d194016fb66162458ab08154742b926,CVE-2024-30484
816421644,SecG3ek/2024_CVEs,cveId.txt,c4c155311d194016fb66162458ab08154742b926,CVE-2024-30485
816421644,SecG3ek/2024_CVEs,cveId.txt,c4c155311d194016fb66162458ab08154742b926,CVE-2024-30486
816421644,SecG3ek/2024_CVEs,cveId.txt,c4c155311d194016fb66162458ab08154742b926,CVE-2024-30487
816421644,SecG3ek/2024_CVEs,cveId.txt,c4c155311d194016fb66162458ab08154742b926,CVE-2024-30488
816421644,SecG3ek/2024_CVEs,cveId.txt,c4c155311d194016fb66162458ab08154742b926,CVE-2024-30489
816421644,SecG3ek/2024_CVEs,cveId.txt,c4c155311d194016fb66162458ab08154742b926,CVE-2024-30490
816421644,SecG3ek/2024_CVEs,cveId.txt,c4c155311d194016fb66162458ab08154742b926,CVE-2024-30491
816421644,SecG3ek/2024_CVEs,cveId.txt,c4c155311d194016fb66162458ab08154742b926,CVE-2024-30492
816421644,SecG3ek/2024_CVEs,cveId.txt,c4c155311d194016fb66162458ab08154742b926,CVE-2024-30493
816421644,SecG3ek/2024_CVEs,cveId.txt,c4c155311d194016fb66162458ab08154742b926,CVE-2024-30479
816421644,SecG3ek/2024_CVEs,cveId.txt,c4c155311d194016fb66162458ab08154742b926,CVE-2024-30350
816421644,SecG3ek/2024_CVEs,cveId.txt,c4c155311d194016fb66162458ab08154742b926,CVE-2024-30349
816421644,SecG3ek/2024_CVEs,cveId.txt,c4c155311d194016fb66162458ab08154742b926,CVE-2024-30348
816421644,SecG3ek/2024_CVEs,cveId.txt,c4c155311d194016fb66162458ab08154742b926,CVE-2024-30216
816421644,SecG3ek/2024_CVEs,cveId.txt,c4c155311d194016fb66162458ab08154742b926,CVE-2024-30217
816421644,SecG3ek/2024_CVEs,cveId.txt,c4c155311d194016fb66162458ab08154742b926,CVE-2024-30218
816421644,SecG3ek/2024_CVEs,cveId.txt,c4c155311d194016fb66162458ab08154742b926,CVE-2024-30219
816421644,SecG3ek/2024_CVEs,cveId.txt,c4c155311d194016fb66162458ab08154742b926,CVE-2024-30220
816421644,SecG3ek/2024_CVEs,cveId.txt,c4c155311d194016fb66162458ab08154742b926,CVE-2024-30221
816421644,SecG3ek/2024_CVEs,cveId.txt,c4c155311d194016fb66162458ab08154742b926,CVE-2024-30222
816421644,SecG3ek/2024_CVEs,cveId.txt,c4c155311d194016fb66162458ab08154742b926,CVE-2024-30223
816421644,SecG3ek/2024_CVEs,cveId.txt,c4c155311d194016fb66162458ab08154742b926,CVE-2024-30224
816421644,SecG3ek/2024_CVEs,cveId.txt,c4c155311d194016fb66162458ab08154742b926,CVE-2024-30225
816421644,SecG3ek/2024_CVEs,cveId.txt,c4c155311d194016fb66162458ab08154742b926,CVE-2024-30226
816421644,SecG3ek/2024_CVEs,cveId.txt,c4c155311d194016fb66162458ab08154742b926,CVE-2024-30227
816421644,SecG3ek/2024_CVEs,cveId.txt,c4c155311d194016fb66162458ab08154742b926,CVE-2024-30228
816421644,SecG3ek/2024_CVEs,cveId.txt,c4c155311d194016fb66162458ab08154742b926,CVE-2024-30229
816421644,SecG3ek/2024_CVEs,cveId.txt,c4c155311d194016fb66162458ab08154742b926,CVE-2024-30215
816421644,SecG3ek/2024_CVEs,cveId.txt,c4c155311d194016fb66162458ab08154742b926,CVE-2024-30230
816421644,SecG3ek/2024_CVEs,cveId.txt,c4c155311d194016fb66162458ab08154742b926,CVE-2024-30232
816421644,SecG3ek/2024_CVEs,cveId.txt,c4c155311d194016fb66162458ab08154742b926,CVE-2024-30233
816421644,SecG3ek/2024_CVEs,cveId.txt,c4c155311d194016fb66162458ab08154742b926,CVE-2024-30234
816421644,SecG3ek/2024_CVEs,cveId.txt,c4c155311d194016fb66162458ab08154742b926,CVE-2024-30235
816421644,SecG3ek/2024_CVEs,cveId.txt,c4c155311d194016fb66162458ab08154742b926,CVE-2024-30236
816421644,SecG3ek/2024_CVEs,cveId.txt,c4c155311d194016fb66162458ab08154742b926,CVE-2024-30237
816421644,SecG3ek/2024_CVEs,cveId.txt,c4c155311d194016fb66162458ab08154742b926,CVE-2024-30238
816421644,SecG3ek/2024_CVEs,cveId.txt,c4c155311d194016fb66162458ab08154742b926,CVE-2024-30239
816421644,SecG3ek/2024_CVEs,cveId.txt,c4c155311d194016fb66162458ab08154742b926,CVE-2024-30240
816421644,SecG3ek/2024_CVEs,cveId.txt,c4c155311d194016fb66162458ab08154742b926,CVE-2024-30241
816421644,SecG3ek/2024_CVEs,cveId.txt,c4c155311d194016fb66162458ab08154742b926,CVE-2024-30242
816421644,SecG3ek/2024_CVEs,cveId.txt,c4c155311d194016fb66162458ab08154742b926,CVE-2024-30243
816421644,SecG3ek/2024_CVEs,cveId.txt,c4c155311d194016fb66162458ab08154742b926,CVE-2024-30244
816421644,SecG3ek/2024_CVEs,cveId.txt,c4c155311d194016fb66162458ab08154742b926,CVE-2024-30245
816421644,SecG3ek/2024_CVEs,cveId.txt,c4c155311d194016fb66162458ab08154742b926,CVE-2024-30231
816421644,SecG3ek/2024_CVEs,cveId.txt,c4c155311d194016fb66162458ab08154742b926,CVE-2024-30271
816421644,SecG3ek/2024_CVEs,cveId.txt,c4c155311d194016fb66162458ab08154742b926,CVE-2024-30214
816421644,SecG3ek/2024_CVEs,cveId.txt,c4c155311d194016fb66162458ab08154742b926,CVE-2024-30210
816421644,SecG3ek/2024_CVEs,cveId.txt,c4c155311d194016fb66162458ab08154742b926,CVE-2024-30179
816421644,SecG3ek/2024_CVEs,cveId.txt,c4c155311d194016fb66162458ab08154742b926,CVE-2024-30180
816421644,SecG3ek/2024_CVEs,cveId.txt,c4c155311d194016fb66162458ab08154742b926,CVE-2024-30181
816421644,SecG3ek/2024_CVEs,cveId.txt,c4c155311d194016fb66162458ab08154742b926,CVE-2024-30182
816421644,SecG3ek/2024_CVEs,cveId.txt,c4c155311d194016fb66162458ab08154742b926,CVE-2024-30183
816421644,SecG3ek/2024_CVEs,cveId.txt,c4c155311d194016fb66162458ab08154742b926,CVE-2024-30184
816421644,SecG3ek/2024_CVEs,cveId.txt,c4c155311d194016fb66162458ab08154742b926,CVE-2024-30185
816421644,SecG3ek/2024_CVEs,cveId.txt,c4c155311d194016fb66162458ab08154742b926,CVE-2024-30186
816421644,SecG3ek/2024_CVEs,cveId.txt,c4c155311d194016fb66162458ab08154742b926,CVE-2024-30187
816421644,SecG3ek/2024_CVEs,cveId.txt,c4c155311d194016fb66162458ab08154742b926,CVE-2024-30189
816421644,SecG3ek/2024_CVEs,cveId.txt,c4c155311d194016fb66162458ab08154742b926,CVE-2024-30190
816421644,SecG3ek/2024_CVEs,cveId.txt,c4c155311d194016fb66162458ab08154742b926,CVE-2024-30191
816421644,SecG3ek/2024_CVEs,cveId.txt,c4c155311d194016fb66162458ab08154742b926,CVE-2024-30192
816421644,SecG3ek/2024_CVEs,cveId.txt,c4c155311d194016fb66162458ab08154742b926,CVE-2024-30193
816421644,SecG3ek/2024_CVEs,cveId.txt,c4c155311d194016fb66162458ab08154742b926,CVE-2024-30212
816421644,SecG3ek/2024_CVEs,cveId.txt,c4c155311d194016fb66162458ab08154742b926,CVE-2024-30194
816421644,SecG3ek/2024_CVEs,cveId.txt,c4c155311d194016fb66162458ab08154742b926,CVE-2024-30196
816421644,SecG3ek/2024_CVEs,cveId.txt,c4c155311d194016fb66162458ab08154742b926,CVE-2024-30197
816421644,SecG3ek/2024_CVEs,cveId.txt,c4c155311d194016fb66162458ab08154742b926,CVE-2024-30198
816421644,SecG3ek/2024_CVEs,cveId.txt,c4c155311d194016fb66162458ab08154742b926,CVE-2024-30199
816421644,SecG3ek/2024_CVEs,cveId.txt,c4c155311d194016fb66162458ab08154742b926,CVE-2024-30200
816421644,SecG3ek/2024_CVEs,cveId.txt,c4c155311d194016fb66162458ab08154742b926,CVE-2024-30201
816421644,SecG3ek/2024_CVEs,cveId.txt,c4c155311d194016fb66162458ab08154742b926,CVE-2024-30202
816421644,SecG3ek/2024_CVEs,cveId.txt,c4c155311d194016fb66162458ab08154742b926,CVE-2024-30203
816421644,SecG3ek/2024_CVEs,cveId.txt,c4c155311d194016fb66162458ab08154742b926,CVE-2024-30204
816421644,SecG3ek/2024_CVEs,cveId.txt,c4c155311d194016fb66162458ab08154742b926,CVE-2024-30205
816421644,SecG3ek/2024_CVEs,cveId.txt,c4c155311d194016fb66162458ab08154742b926,CVE-2024-30206
816421644,SecG3ek/2024_CVEs,cveId.txt,c4c155311d194016fb66162458ab08154742b926,CVE-2024-30207
816421644,SecG3ek/2024_CVEs,cveId.txt,c4c155311d194016fb66162458ab08154742b926,CVE-2024-30208
816421644,SecG3ek/2024_CVEs,cveId.txt,c4c155311d194016fb66162458ab08154742b926,CVE-2024-30209
816421644,SecG3ek/2024_CVEs,cveId.txt,c4c155311d194016fb66162458ab08154742b926,CVE-2024-30195
816421644,SecG3ek/2024_CVEs,cveId.txt,c4c155311d194016fb66162458ab08154742b926,CVE-2024-30529
816421644,SecG3ek/2024_CVEs,cveId.txt,c4c155311d194016fb66162458ab08154742b926,CVE-2024-30272
816421644,SecG3ek/2024_CVEs,cveId.txt,c4c155311d194016fb66162458ab08154742b926,CVE-2024-30274
816421644,SecG3ek/2024_CVEs,cveId.txt,c4c155311d194016fb66162458ab08154742b926,CVE-2024-30310
816421644,SecG3ek/2024_CVEs,cveId.txt,c4c155311d194016fb66162458ab08154742b926,CVE-2024-30311
816421644,SecG3ek/2024_CVEs,cveId.txt,c4c155311d194016fb66162458ab08154742b926,CVE-2024-30312
816421644,SecG3ek/2024_CVEs,cveId.txt,c4c155311d194016fb66162458ab08154742b926,CVE-2024-30314
816421644,SecG3ek/2024_CVEs,cveId.txt,c4c155311d194016fb66162458ab08154742b926,CVE-2024-30322
816421644,SecG3ek/2024_CVEs,cveId.txt,c4c155311d194016fb66162458ab08154742b926,CVE-2024-30323
816421644,SecG3ek/2024_CVEs,cveId.txt,c4c155311d194016fb66162458ab08154742b926,CVE-2024-30324
816421644,SecG3ek/2024_CVEs,cveId.txt,c4c155311d194016fb66162458ab08154742b926,CVE-2024-30325
816421644,SecG3ek/2024_CVEs,cveId.txt,c4c155311d194016fb66162458ab08154742b926,CVE-2024-30326
816421644,SecG3ek/2024_CVEs,cveId.txt,c4c155311d194016fb66162458ab08154742b926,CVE-2024-30327
816421644,SecG3ek/2024_CVEs,cveId.txt,c4c155311d194016fb66162458ab08154742b926,CVE-2024-30328
816421644,SecG3ek/2024_CVEs,cveId.txt,c4c155311d194016fb66162458ab08154742b926,CVE-2024-30329
816421644,SecG3ek/2024_CVEs,cveId.txt,c4c155311d194016fb66162458ab08154742b926,CVE-2024-30330
816421644,SecG3ek/2024_CVEs,cveId.txt,c4c155311d194016fb66162458ab08154742b926,CVE-2024-30331
816421644,SecG3ek/2024_CVEs,cveId.txt,c4c155311d194016fb66162458ab08154742b926,CVE-2024-30309
816421644,SecG3ek/2024_CVEs,cveId.txt,c4c155311d194016fb66162458ab08154742b926,CVE-2024-30332
816421644,SecG3ek/2024_CVEs,cveId.txt,c4c155311d194016fb66162458ab08154742b926,CVE-2024-30334
816421644,SecG3ek/2024_CVEs,cveId.txt,c4c155311d194016fb66162458ab08154742b926,CVE-2024-30335
816421644,SecG3ek/2024_CVEs,cveId.txt,c4c155311d194016fb66162458ab08154742b926,CVE-2024-30336
816421644,SecG3ek/2024_CVEs,cveId.txt,c4c155311d194016fb66162458ab08154742b926,CVE-2024-30337
816421644,SecG3ek/2024_CVEs,cveId.txt,c4c155311d194016fb66162458ab08154742b926,CVE-2024-30338
816421644,SecG3ek/2024_CVEs,cveId.txt,c4c155311d194016fb66162458ab08154742b926,CVE-2024-30339
816421644,SecG3ek/2024_CVEs,cveId.txt,c4c155311d194016fb66162458ab08154742b926,CVE-2024-30340
816421644,SecG3ek/2024_CVEs,cveId.txt,c4c155311d194016fb66162458ab08154742b926,CVE-2024-30341
816421644,SecG3ek/2024_CVEs,cveId.txt,c4c155311d194016fb66162458ab08154742b926,CVE-2024-30342
816421644,SecG3ek/2024_CVEs,cveId.txt,c4c155311d194016fb66162458ab08154742b926,CVE-2024-30343
816421644,SecG3ek/2024_CVEs,cveId.txt,c4c155311d194016fb66162458ab08154742b926,CVE-2024-30344
816421644,SecG3ek/2024_CVEs,cveId.txt,c4c155311d194016fb66162458ab08154742b926,CVE-2024-30345
816421644,SecG3ek/2024_CVEs,cveId.txt,c4c155311d194016fb66162458ab08154742b926,CVE-2024-30346
816421644,SecG3ek/2024_CVEs,cveId.txt,c4c155311d194016fb66162458ab08154742b926,CVE-2024-30347
816421644,SecG3ek/2024_CVEs,cveId.txt,c4c155311d194016fb66162458ab08154742b926,CVE-2024-30333
816421644,SecG3ek/2024_CVEs,cveId.txt,c4c155311d194016fb66162458ab08154742b926,CVE-2024-30273
816421644,SecG3ek/2024_CVEs,cveId.txt,c4c155311d194016fb66162458ab08154742b926,CVE-2024-30308
816421644,SecG3ek/2024_CVEs,cveId.txt,c4c155311d194016fb66162458ab08154742b926,CVE-2024-30306
816421644,SecG3ek/2024_CVEs,cveId.txt,c4c155311d194016fb66162458ab08154742b926,CVE-2024-30275
816421644,SecG3ek/2024_CVEs,cveId.txt,c4c155311d194016fb66162458ab08154742b926,CVE-2024-30276
816421644,SecG3ek/2024_CVEs,cveId.txt,c4c155311d194016fb66162458ab08154742b926,CVE-2024-30278
816421644,SecG3ek/2024_CVEs,cveId.txt,c4c155311d194016fb66162458ab08154742b926,CVE-2024-30279
816421644,SecG3ek/2024_CVEs,cveId.txt,c4c155311d194016fb66162458ab08154742b926,CVE-2024-30280
816421644,SecG3ek/2024_CVEs,cveId.txt,c4c155311d194016fb66162458ab08154742b926,CVE-2024-30281
816421644,SecG3ek/2024_CVEs,cveId.txt,c4c155311d194016fb66162458ab08154742b926,CVE-2024-30282
816421644,SecG3ek/2024_CVEs,cveId.txt,c4c155311d194016fb66162458ab08154742b926,CVE-2024-30283
816421644,SecG3ek/2024_CVEs,cveId.txt,c4c155311d194016fb66162458ab08154742b926,CVE-2024-30284
816421644,SecG3ek/2024_CVEs,cveId.txt,c4c155311d194016fb66162458ab08154742b926,CVE-2024-30285
816421644,SecG3ek/2024_CVEs,cveId.txt,c4c155311d194016fb66162458ab08154742b926,CVE-2024-30286
816421644,SecG3ek/2024_CVEs,cveId.txt,c4c155311d194016fb66162458ab08154742b926,CVE-2024-30287
816421644,SecG3ek/2024_CVEs,cveId.txt,c4c155311d194016fb66162458ab08154742b926,CVE-2024-30288
816421644,SecG3ek/2024_CVEs,cveId.txt,c4c155311d194016fb66162458ab08154742b926,CVE-2024-30289
816421644,SecG3ek/2024_CVEs,cveId.txt,c4c155311d194016fb66162458ab08154742b926,CVE-2024-30307
816421644,SecG3ek/2024_CVEs,cveId.txt,c4c155311d194016fb66162458ab08154742b926,CVE-2024-30290
816421644,SecG3ek/2024_CVEs,cveId.txt,c4c155311d194016fb66162458ab08154742b926,CVE-2024-30292
816421644,SecG3ek/2024_CVEs,cveId.txt,c4c155311d194016fb66162458ab08154742b926,CVE-2024-30293
816421644,SecG3ek/2024_CVEs,cveId.txt,c4c155311d194016fb66162458ab08154742b926,CVE-2024-30294
816421644,SecG3ek/2024_CVEs,cveId.txt,c4c155311d194016fb66162458ab08154742b926,CVE-2024-30295
816421644,SecG3ek/2024_CVEs,cveId.txt,c4c155311d194016fb66162458ab08154742b926,CVE-2024-30296
816421644,SecG3ek/2024_CVEs,cveId.txt,c4c155311d194016fb66162458ab08154742b926,CVE-2024-30297
816421644,SecG3ek/2024_CVEs,cveId.txt,c4c155311d194016fb66162458ab08154742b926,CVE-2024-30298
816421644,SecG3ek/2024_CVEs,cveId.txt,c4c155311d194016fb66162458ab08154742b926,CVE-2024-30299
816421644,SecG3ek/2024_CVEs,cveId.txt,c4c155311d194016fb66162458ab08154742b926,CVE-2024-30300
816421644,SecG3ek/2024_CVEs,cveId.txt,c4c155311d194016fb66162458ab08154742b926,CVE-2024-30301
816421644,SecG3ek/2024_CVEs,cveId.txt,c4c155311d194016fb66162458ab08154742b926,CVE-2024-30302
816421644,SecG3ek/2024_CVEs,cveId.txt,c4c155311d194016fb66162458ab08154742b926,CVE-2024-30303
816421644,SecG3ek/2024_CVEs,cveId.txt,c4c155311d194016fb66162458ab08154742b926,CVE-2024-30304
816421644,SecG3ek/2024_CVEs,cveId.txt,c4c155311d194016fb66162458ab08154742b926,CVE-2024-30305
816421644,SecG3ek/2024_CVEs,cveId.txt,c4c155311d194016fb66162458ab08154742b926,CVE-2024-30291
816421644,SecG3ek/2024_CVEs,cveId.txt,c4c155311d194016fb66162458ab08154742b926,CVE-2024-31109
816421644,SecG3ek/2024_CVEs,cveId.txt,c4c155311d194016fb66162458ab08154742b926,CVE-2024-30530
816421644,SecG3ek/2024_CVEs,cveId.txt,c4c155311d194016fb66162458ab08154742b926,CVE-2024-30532
816421644,SecG3ek/2024_CVEs,cveId.txt,c4c155311d194016fb66162458ab08154742b926,CVE-2024-30879
816421644,SecG3ek/2024_CVEs,cveId.txt,c4c155311d194016fb66162458ab08154742b926,CVE-2024-30880
816421644,SecG3ek/2024_CVEs,cveId.txt,c4c155311d194016fb66162458ab08154742b926,CVE-2024-30883
816421644,SecG3ek/2024_CVEs,cveId.txt,c4c155311d194016fb66162458ab08154742b926,CVE-2024-30884
816421644,SecG3ek/2024_CVEs,cveId.txt,c4c155311d194016fb66162458ab08154742b926,CVE-2024-30885
816421644,SecG3ek/2024_CVEs,cveId.txt,c4c155311d194016fb66162458ab08154742b926,CVE-2024-30886
816421644,SecG3ek/2024_CVEs,cveId.txt,c4c155311d194016fb66162458ab08154742b926,CVE-2024-30889
816421644,SecG3ek/2024_CVEs,cveId.txt,c4c155311d194016fb66162458ab08154742b926,CVE-2024-30890
816421644,SecG3ek/2024_CVEs,cveId.txt,c4c155311d194016fb66162458ab08154742b926,CVE-2024-30891
816421644,SecG3ek/2024_CVEs,cveId.txt,c4c155311d194016fb66162458ab08154742b926,CVE-2024-30915
816421644,SecG3ek/2024_CVEs,cveId.txt,c4c155311d194016fb66162458ab08154742b926,CVE-2024-30916
816421644,SecG3ek/2024_CVEs,cveId.txt,c4c155311d194016fb66162458ab08154742b926,CVE-2024-30917
816421644,SecG3ek/2024_CVEs,cveId.txt,c4c155311d194016fb66162458ab08154742b926,CVE-2024-30920
816421644,SecG3ek/2024_CVEs,cveId.txt,c4c155311d194016fb66162458ab08154742b926,CVE-2024-30921
816421644,SecG3ek/2024_CVEs,cveId.txt,c4c155311d194016fb66162458ab08154742b926,CVE-2024-30922
816421644,SecG3ek/2024_CVEs,cveId.txt,c4c155311d194016fb66162458ab08154742b926,CVE-2024-30923
816421644,SecG3ek/2024_CVEs,cveId.txt,c4c155311d194016fb66162458ab08154742b926,CVE-2024-30924
816421644,SecG3ek/2024_CVEs,cveId.txt,c4c155311d194016fb66162458ab08154742b926,CVE-2024-30925
816421644,SecG3ek/2024_CVEs,cveId.txt,c4c155311d194016fb66162458ab08154742b926,CVE-2024-30926
816421644,SecG3ek/2024_CVEs,cveId.txt,c4c155311d194016fb66162458ab08154742b926,CVE-2024-30927
816421644,SecG3ek/2024_CVEs,cveId.txt,c4c155311d194016fb66162458ab08154742b926,CVE-2024-30928
816421644,SecG3ek/2024_CVEs,cveId.txt,c4c155311d194016fb66162458ab08154742b926,CVE-2024-30929
816421644,SecG3ek/2024_CVEs,cveId.txt,c4c155311d194016fb66162458ab08154742b926,CVE-2024-30938
816421644,SecG3ek/2024_CVEs,cveId.txt,c4c155311d194016fb66162458ab08154742b926,CVE-2024-30939
816421644,SecG3ek/2024_CVEs,cveId.txt,c4c155311d194016fb66162458ab08154742b926,CVE-2024-30946
816421644,SecG3ek/2024_CVEs,cveId.txt,c4c155311d194016fb66162458ab08154742b926,CVE-2024-30950
816421644,SecG3ek/2024_CVEs,cveId.txt,c4c155311d194016fb66162458ab08154742b926,CVE-2024-30951
816421644,SecG3ek/2024_CVEs,cveId.txt,c4c155311d194016fb66162458ab08154742b926,CVE-2024-30952
816421644,SecG3ek/2024_CVEs,cveId.txt,c4c155311d194016fb66162458ab08154742b926,CVE-2024-30953
816421644,SecG3ek/2024_CVEs,cveId.txt,c4c155311d194016fb66162458ab08154742b926,CVE-2024-30878
816421644,SecG3ek/2024_CVEs,cveId.txt,c4c155311d194016fb66162458ab08154742b926,CVE-2024-30872
816421644,SecG3ek/2024_CVEs,cveId.txt,c4c155311d194016fb66162458ab08154742b926,CVE-2024-30871
816421644,SecG3ek/2024_CVEs,cveId.txt,c4c155311d194016fb66162458ab08154742b926,CVE-2024-30870
816421644,SecG3ek/2024_CVEs,cveId.txt,c4c155311d194016fb66162458ab08154742b926,CVE-2024-30730
816421644,SecG3ek/2024_CVEs,cveId.txt,c4c155311d194016fb66162458ab08154742b926,CVE-2024-30733
816421644,SecG3ek/2024_CVEs,cveId.txt,c4c155311d194016fb66162458ab08154742b926,CVE-2024-30735
816421644,SecG3ek/2024_CVEs,cveId.txt,c4c155311d194016fb66162458ab08154742b926,CVE-2024-30736
816421644,SecG3ek/2024_CVEs,cveId.txt,c4c155311d194016fb66162458ab08154742b926,CVE-2024-30737
816421644,SecG3ek/2024_CVEs,cveId.txt,c4c155311d194016fb66162458ab08154742b926,CVE-2024-30799
816421644,SecG3ek/2024_CVEs,cveId.txt,c4c155311d194016fb66162458ab08154742b926,CVE-2024-30800
816421644,SecG3ek/2024_CVEs,cveId.txt,c4c155311d194016fb66162458ab08154742b926,CVE-2024-30801
816421644,SecG3ek/2024_CVEs,cveId.txt,c4c155311d194016fb66162458ab08154742b926,CVE-2024-30802
816421644,SecG3ek/2024_CVEs,cveId.txt,c4c155311d194016fb66162458ab08154742b926,CVE-2024-30804
816421644,SecG3ek/2024_CVEs,cveId.txt,c4c155311d194016fb66162458ab08154742b926,CVE-2024-30806
816421644,SecG3ek/2024_CVEs,cveId.txt,c4c155311d194016fb66162458ab08154742b926,CVE-2024-30807
816421644,SecG3ek/2024_CVEs,cveId.txt,c4c155311d194016fb66162458ab08154742b926,CVE-2024-30808
816421644,SecG3ek/2024_CVEs,cveId.txt,c4c155311d194016fb66162458ab08154742b926,CVE-2024-30809
816421644,SecG3ek/2024_CVEs,cveId.txt,c4c155311d194016fb66162458ab08154742b926,CVE-2024-30965
816421644,SecG3ek/2024_CVEs,cveId.txt,c4c155311d194016fb66162458ab08154742b926,CVE-2024-30840
816421644,SecG3ek/2024_CVEs,cveId.txt,c4c155311d194016fb66162458ab08154742b926,CVE-2024-30849
816421644,SecG3ek/2024_CVEs,cveId.txt,c4c155311d194016fb66162458ab08154742b926,CVE-2024-30850
816421644,SecG3ek/2024_CVEs,cveId.txt,c4c155311d194016fb66162458ab08154742b926,CVE-2024-30851
816421644,SecG3ek/2024_CVEs,cveId.txt,c4c155311d194016fb66162458ab08154742b926,CVE-2024-30858
816421644,SecG3ek/2024_CVEs,cveId.txt,c4c155311d194016fb66162458ab08154742b926,CVE-2024-30859
816421644,SecG3ek/2024_CVEs,cveId.txt,c4c155311d194016fb66162458ab08154742b926,CVE-2024-30860
816421644,SecG3ek/2024_CVEs,cveId.txt,c4c155311d194016fb66162458ab08154742b926,CVE-2024-30861
816421644,SecG3ek/2024_CVEs,cveId.txt,c4c155311d194016fb66162458ab08154742b926,CVE-2024-30862
816421644,SecG3ek/2024_CVEs,cveId.txt,c4c155311d194016fb66162458ab08154742b926,CVE-2024-30863
816421644,SecG3ek/2024_CVEs,cveId.txt,c4c155311d194016fb66162458ab08154742b926,CVE-2024-30864
816421644,SecG3ek/2024_CVEs,cveId.txt,c4c155311d194016fb66162458ab08154742b926,CVE-2024-30865
816421644,SecG3ek/2024_CVEs,cveId.txt,c4c155311d194016fb66162458ab08154742b926,CVE-2024-30866
816421644,SecG3ek/2024_CVEs,cveId.txt,c4c155311d194016fb66162458ab08154742b926,CVE-2024-30867
816421644,SecG3ek/2024_CVEs,cveId.txt,c4c155311d194016fb66162458ab08154742b926,CVE-2024-30868
816421644,SecG3ek/2024_CVEs,cveId.txt,c4c155311d194016fb66162458ab08154742b926,CVE-2024-30845
816421644,SecG3ek/2024_CVEs,cveId.txt,c4c155311d194016fb66162458ab08154742b926,CVE-2024-30973
816421644,SecG3ek/2024_CVEs,cveId.txt,c4c155311d194016fb66162458ab08154742b926,CVE-2024-30974
816421644,SecG3ek/2024_CVEs,cveId.txt,c4c155311d194016fb66162458ab08154742b926,CVE-2024-30977
816421644,SecG3ek/2024_CVEs,cveId.txt,c4c155311d194016fb66162458ab08154742b926,CVE-2024-31063
816421644,SecG3ek/2024_CVEs,cveId.txt,c4c155311d194016fb66162458ab08154742b926,CVE-2024-31064
816421644,SecG3ek/2024_CVEs,cveId.txt,c4c155311d194016fb66162458ab08154742b926,CVE-2024-31065
816421644,SecG3ek/2024_CVEs,cveId.txt,c4c155311d194016fb66162458ab08154742b926,CVE-2024-31069
816421644,SecG3ek/2024_CVEs,cveId.txt,c4c155311d194016fb66162458ab08154742b926,CVE-2024-31077
816421644,SecG3ek/2024_CVEs,cveId.txt,c4c155311d194016fb66162458ab08154742b926,CVE-2024-31078
816421644,SecG3ek/2024_CVEs,cveId.txt,c4c155311d194016fb66162458ab08154742b926,CVE-2024-31079
816421644,SecG3ek/2024_CVEs,cveId.txt,c4c155311d194016fb66162458ab08154742b926,CVE-2024-31084
816421644,SecG3ek/2024_CVEs,cveId.txt,c4c155311d194016fb66162458ab08154742b926,CVE-2024-31085
816421644,SecG3ek/2024_CVEs,cveId.txt,c4c155311d194016fb66162458ab08154742b926,CVE-2024-31086
816421644,SecG3ek/2024_CVEs,cveId.txt,c4c155311d194016fb66162458ab08154742b926,CVE-2024-31087
816421644,SecG3ek/2024_CVEs,cveId.txt,c4c155311d194016fb66162458ab08154742b926,CVE-2024-31089
816421644,SecG3ek/2024_CVEs,cveId.txt,c4c155311d194016fb66162458ab08154742b926,CVE-2024-31090
816421644,SecG3ek/2024_CVEs,cveId.txt,c4c155311d194016fb66162458ab08154742b926,CVE-2024-31091
816421644,SecG3ek/2024_CVEs,cveId.txt,c4c155311d194016fb66162458ab08154742b926,CVE-2024-31062
816421644,SecG3ek/2024_CVEs,cveId.txt,c4c155311d194016fb66162458ab08154742b926,CVE-2024-31092
816421644,SecG3ek/2024_CVEs,cveId.txt,c4c155311d194016fb66162458ab08154742b926,CVE-2024-31094
816421644,SecG3ek/2024_CVEs,cveId.txt,c4c155311d194016fb66162458ab08154742b926,CVE-2024-31095
816421644,SecG3ek/2024_CVEs,cveId.txt,c4c155311d194016fb66162458ab08154742b926,CVE-2024-31096
816421644,SecG3ek/2024_CVEs,cveId.txt,c4c155311d194016fb66162458ab08154742b926,CVE-2024-31097
816421644,SecG3ek/2024_CVEs,cveId.txt,c4c155311d194016fb66162458ab08154742b926,CVE-2024-31098
816421644,SecG3ek/2024_CVEs,cveId.txt,c4c155311d194016fb66162458ab08154742b926,CVE-2024-31099
816421644,SecG3ek/2024_CVEs,cveId.txt,c4c155311d194016fb66162458ab08154742b926,CVE-2024-31100
816421644,SecG3ek/2024_CVEs,cveId.txt,c4c155311d194016fb66162458ab08154742b926,CVE-2024-31101
816421644,SecG3ek/2024_CVEs,cveId.txt,c4c155311d194016fb66162458ab08154742b926,CVE-2024-31102
816421644,SecG3ek/2024_CVEs,cveId.txt,c4c155311d194016fb66162458ab08154742b926,CVE-2024-31103
816421644,SecG3ek/2024_CVEs,cveId.txt,c4c155311d194016fb66162458ab08154742b926,CVE-2024-31104
816421644,SecG3ek/2024_CVEs,cveId.txt,c4c155311d194016fb66162458ab08154742b926,CVE-2024-31105
816421644,SecG3ek/2024_CVEs,cveId.txt,c4c155311d194016fb66162458ab08154742b926,CVE-2024-31106
816421644,SecG3ek/2024_CVEs,cveId.txt,c4c155311d194016fb66162458ab08154742b926,CVE-2024-31107
816421644,SecG3ek/2024_CVEs,cveId.txt,c4c155311d194016fb66162458ab08154742b926,CVE-2024-31093
816421644,SecG3ek/2024_CVEs,cveId.txt,c4c155311d194016fb66162458ab08154742b926,CVE-2024-30729
816421644,SecG3ek/2024_CVEs,cveId.txt,c4c155311d194016fb66162458ab08154742b926,CVE-2024-31061
816421644,SecG3ek/2024_CVEs,cveId.txt,c4c155311d194016fb66162458ab08154742b926,CVE-2024-31041
816421644,SecG3ek/2024_CVEs,cveId.txt,c4c155311d194016fb66162458ab08154742b926,CVE-2024-30979
816421644,SecG3ek/2024_CVEs,cveId.txt,c4c155311d194016fb66162458ab08154742b926,CVE-2024-30980
816421644,SecG3ek/2024_CVEs,cveId.txt,c4c155311d194016fb66162458ab08154742b926,CVE-2024-30981
816421644,SecG3ek/2024_CVEs,cveId.txt,c4c155311d194016fb66162458ab08154742b926,CVE-2024-30982
816421644,SecG3ek/2024_CVEs,cveId.txt,c4c155311d194016fb66162458ab08154742b926,CVE-2024-30983
816421644,SecG3ek/2024_CVEs,cveId.txt,c4c155311d194016fb66162458ab08154742b926,CVE-2024-30985
816421644,SecG3ek/2024_CVEs,cveId.txt,c4c155311d194016fb66162458ab08154742b926,CVE-2024-30986
816421644,SecG3ek/2024_CVEs,cveId.txt,c4c155311d194016fb66162458ab08154742b926,CVE-2024-30987
816421644,SecG3ek/2024_CVEs,cveId.txt,c4c155311d194016fb66162458ab08154742b926,CVE-2024-30988
816421644,SecG3ek/2024_CVEs,cveId.txt,c4c155311d194016fb66162458ab08154742b926,CVE-2024-30989
816421644,SecG3ek/2024_CVEs,cveId.txt,c4c155311d194016fb66162458ab08154742b926,CVE-2024-30990
816421644,SecG3ek/2024_CVEs,cveId.txt,c4c155311d194016fb66162458ab08154742b926,CVE-2024-30998
816421644,SecG3ek/2024_CVEs,cveId.txt,c4c155311d194016fb66162458ab08154742b926,CVE-2024-31002
816421644,SecG3ek/2024_CVEs,cveId.txt,c4c155311d194016fb66162458ab08154742b926,CVE-2024-31003
816421644,SecG3ek/2024_CVEs,cveId.txt,c4c155311d194016fb66162458ab08154742b926,CVE-2024-31047
816421644,SecG3ek/2024_CVEs,cveId.txt,c4c155311d194016fb66162458ab08154742b926,CVE-2024-31004
816421644,SecG3ek/2024_CVEs,cveId.txt,c4c155311d194016fb66162458ab08154742b926,CVE-2024-31008
816421644,SecG3ek/2024_CVEs,cveId.txt,c4c155311d194016fb66162458ab08154742b926,CVE-2024-31009
816421644,SecG3ek/2024_CVEs,cveId.txt,c4c155311d194016fb66162458ab08154742b926,CVE-2024-31010
816421644,SecG3ek/2024_CVEs,cveId.txt,c4c155311d194016fb66162458ab08154742b926,CVE-2024-31011
816421644,SecG3ek/2024_CVEs,cveId.txt,c4c155311d194016fb66162458ab08154742b926,CVE-2024-31012
816421644,SecG3ek/2024_CVEs,cveId.txt,c4c155311d194016fb66162458ab08154742b926,CVE-2024-31013
816421644,SecG3ek/2024_CVEs,cveId.txt,c4c155311d194016fb66162458ab08154742b926,CVE-2024-31022
816421644,SecG3ek/2024_CVEs,cveId.txt,c4c155311d194016fb66162458ab08154742b926,CVE-2024-31025
816421644,SecG3ek/2024_CVEs,cveId.txt,c4c155311d194016fb66162458ab08154742b926,CVE-2024-31030
816421644,SecG3ek/2024_CVEs,cveId.txt,c4c155311d194016fb66162458ab08154742b926,CVE-2024-31031
816421644,SecG3ek/2024_CVEs,cveId.txt,c4c155311d194016fb66162458ab08154742b926,CVE-2024-31032
816421644,SecG3ek/2024_CVEs,cveId.txt,c4c155311d194016fb66162458ab08154742b926,CVE-2024-31033
816421644,SecG3ek/2024_CVEs,cveId.txt,c4c155311d194016fb66162458ab08154742b926,CVE-2024-31036
816421644,SecG3ek/2024_CVEs,cveId.txt,c4c155311d194016fb66162458ab08154742b926,CVE-2024-31040
816421644,SecG3ek/2024_CVEs,cveId.txt,c4c155311d194016fb66162458ab08154742b926,CVE-2024-31005
816421644,SecG3ek/2024_CVEs,cveId.txt,c4c155311d194016fb66162458ab08154742b926,CVE-2024-30728
816421644,SecG3ek/2024_CVEs,cveId.txt,c4c155311d194016fb66162458ab08154742b926,CVE-2024-30727
816421644,SecG3ek/2024_CVEs,cveId.txt,c4c155311d194016fb66162458ab08154742b926,CVE-2024-30726
816421644,SecG3ek/2024_CVEs,cveId.txt,c4c155311d194016fb66162458ab08154742b926,CVE-2024-30571
816421644,SecG3ek/2024_CVEs,cveId.txt,c4c155311d194016fb66162458ab08154742b926,CVE-2024-30572
816421644,SecG3ek/2024_CVEs,cveId.txt,c4c155311d194016fb66162458ab08154742b926,CVE-2024-30583
816421644,SecG3ek/2024_CVEs,cveId.txt,c4c155311d194016fb66162458ab08154742b926,CVE-2024-30584
816421644,SecG3ek/2024_CVEs,cveId.txt,c4c155311d194016fb66162458ab08154742b926,CVE-2024-30585
816421644,SecG3ek/2024_CVEs,cveId.txt,c4c155311d194016fb66162458ab08154742b926,CVE-2024-30586
816421644,SecG3ek/2024_CVEs,cveId.txt,c4c155311d194016fb66162458ab08154742b926,CVE-2024-30587
816421644,SecG3ek/2024_CVEs,cveId.txt,c4c155311d194016fb66162458ab08154742b926,CVE-2024-30588
816421644,SecG3ek/2024_CVEs,cveId.txt,c4c155311d194016fb66162458ab08154742b926,CVE-2024-30589
816421644,SecG3ek/2024_CVEs,cveId.txt,c4c155311d194016fb66162458ab08154742b926,CVE-2024-30590
816421644,SecG3ek/2024_CVEs,cveId.txt,c4c155311d194016fb66162458ab08154742b926,CVE-2024-30591
816421644,SecG3ek/2024_CVEs,cveId.txt,c4c155311d194016fb66162458ab08154742b926,CVE-2024-30592
816421644,SecG3ek/2024_CVEs,cveId.txt,c4c155311d194016fb66162458ab08154742b926,CVE-2024-30593
816421644,SecG3ek/2024_CVEs,cveId.txt,c4c155311d194016fb66162458ab08154742b926,CVE-2024-30594
816421644,SecG3ek/2024_CVEs,cveId.txt,c4c155311d194016fb66162458ab08154742b926,CVE-2024-30570
816421644,SecG3ek/2024_CVEs,cveId.txt,c4c155311d194016fb66162458ab08154742b926,CVE-2024-30595
816421644,SecG3ek/2024_CVEs,cveId.txt,c4c155311d194016fb66162458ab08154742b926,CVE-2024-30597
816421644,SecG3ek/2024_CVEs,cveId.txt,c4c155311d194016fb66162458ab08154742b926,CVE-2024-30598
816421644,SecG3ek/2024_CVEs,cveId.txt,c4c155311d194016fb66162458ab08154742b926,CVE-2024-30599
816421644,SecG3ek/2024_CVEs,cveId.txt,c4c155311d194016fb66162458ab08154742b926,CVE-2024-30600
816421644,SecG3ek/2024_CVEs,cveId.txt,c4c155311d194016fb66162458ab08154742b926,CVE-2024-30601
816421644,SecG3ek/2024_CVEs,cveId.txt,c4c155311d194016fb66162458ab08154742b926,CVE-2024-30602
816421644,SecG3ek/2024_CVEs,cveId.txt,c4c155311d194016fb66162458ab08154742b926,CVE-2024-30603
816421644,SecG3ek/2024_CVEs,cveId.txt,c4c155311d194016fb66162458ab08154742b926,CVE-2024-30604
816421644,SecG3ek/2024_CVEs,cveId.txt,c4c155311d194016fb66162458ab08154742b926,CVE-2024-30606
816421644,SecG3ek/2024_CVEs,cveId.txt,c4c155311d194016fb66162458ab08154742b926,CVE-2024-30607
816421644,SecG3ek/2024_CVEs,cveId.txt,c4c155311d194016fb66162458ab08154742b926,CVE-2024-30612
816421644,SecG3ek/2024_CVEs,cveId.txt,c4c155311d194016fb66162458ab08154742b926,CVE-2024-30613
816421644,SecG3ek/2024_CVEs,cveId.txt,c4c155311d194016fb66162458ab08154742b926,CVE-2024-30614
816421644,SecG3ek/2024_CVEs,cveId.txt,c4c155311d194016fb66162458ab08154742b926,CVE-2024-30620
816421644,SecG3ek/2024_CVEs,cveId.txt,c4c155311d194016fb66162458ab08154742b926,CVE-2024-30596
816421644,SecG3ek/2024_CVEs,cveId.txt,c4c155311d194016fb66162458ab08154742b926,CVE-2024-30621
816421644,SecG3ek/2024_CVEs,cveId.txt,c4c155311d194016fb66162458ab08154742b926,CVE-2024-30569
816421644,SecG3ek/2024_CVEs,cveId.txt,c4c155311d194016fb66162458ab08154742b926,CVE-2024-30567
816421644,SecG3ek/2024_CVEs,cveId.txt,c4c155311d194016fb66162458ab08154742b926,CVE-2024-30533
816421644,SecG3ek/2024_CVEs,cveId.txt,c4c155311d194016fb66162458ab08154742b926,CVE-2024-30534
816421644,SecG3ek/2024_CVEs,cveId.txt,c4c155311d194016fb66162458ab08154742b926,CVE-2024-30535
816421644,SecG3ek/2024_CVEs,cveId.txt,c4c155311d194016fb66162458ab08154742b926,CVE-2024-30536
816421644,SecG3ek/2024_CVEs,cveId.txt,c4c155311d194016fb66162458ab08154742b926,CVE-2024-30537
816421644,SecG3ek/2024_CVEs,cveId.txt,c4c155311d194016fb66162458ab08154742b926,CVE-2024-30538
816421644,SecG3ek/2024_CVEs,cveId.txt,c4c155311d194016fb66162458ab08154742b926,CVE-2024-30539
816421644,SecG3ek/2024_CVEs,cveId.txt,c4c155311d194016fb66162458ab08154742b926,CVE-2024-30540
816421644,SecG3ek/2024_CVEs,cveId.txt,c4c155311d194016fb66162458ab08154742b926,CVE-2024-30541
816421644,SecG3ek/2024_CVEs,cveId.txt,c4c155311d194016fb66162458ab08154742b926,CVE-2024-30542
816421644,SecG3ek/2024_CVEs,cveId.txt,c4c155311d194016fb66162458ab08154742b926,CVE-2024-30543
816421644,SecG3ek/2024_CVEs,cveId.txt,c4c155311d194016fb66162458ab08154742b926,CVE-2024-30544
816421644,SecG3ek/2024_CVEs,cveId.txt,c4c155311d194016fb66162458ab08154742b926,CVE-2024-30545
816421644,SecG3ek/2024_CVEs,cveId.txt,c4c155311d194016fb66162458ab08154742b926,CVE-2024-30546
816421644,SecG3ek/2024_CVEs,cveId.txt,c4c155311d194016fb66162458ab08154742b926,CVE-2024-30568
816421644,SecG3ek/2024_CVEs,cveId.txt,c4c155311d194016fb66162458ab08154742b926,CVE-2024-30548
816421644,SecG3ek/2024_CVEs,cveId.txt,c4c155311d194016fb66162458ab08154742b926,CVE-2024-30550
816421644,SecG3ek/2024_CVEs,cveId.txt,c4c155311d194016fb66162458ab08154742b926,CVE-2024-30551
816421644,SecG3ek/2024_CVEs,cveId.txt,c4c155311d194016fb66162458ab08154742b926,CVE-2024-30552
816421644,SecG3ek/2024_CVEs,cveId.txt,c4c155311d194016fb66162458ab08154742b926,CVE-2024-30553
816421644,SecG3ek/2024_CVEs,cveId.txt,c4c155311d194016fb66162458ab08154742b926,CVE-2024-30554
816421644,SecG3ek/2024_CVEs,cveId.txt,c4c155311d194016fb66162458ab08154742b926,CVE-2024-30555
816421644,SecG3ek/2024_CVEs,cveId.txt,c4c155311d194016fb66162458ab08154742b926,CVE-2024-30556
816421644,SecG3ek/2024_CVEs,cveId.txt,c4c155311d194016fb66162458ab08154742b926,CVE-2024-30557
816421644,SecG3ek/2024_CVEs,cveId.txt,c4c155311d194016fb66162458ab08154742b926,CVE-2024-30558
816421644,SecG3ek/2024_CVEs,cveId.txt,c4c155311d194016fb66162458ab08154742b926,CVE-2024-30559
816421644,SecG3ek/2024_CVEs,cveId.txt,c4c155311d194016fb66162458ab08154742b926,CVE-2024-30560
816421644,SecG3ek/2024_CVEs,cveId.txt,c4c155311d194016fb66162458ab08154742b926,CVE-2024-30561
816421644,SecG3ek/2024_CVEs,cveId.txt,c4c155311d194016fb66162458ab08154742b926,CVE-2024-30564
816421644,SecG3ek/2024_CVEs,cveId.txt,c4c155311d194016fb66162458ab08154742b926,CVE-2024-30565
816421644,SecG3ek/2024_CVEs,cveId.txt,c4c155311d194016fb66162458ab08154742b926,CVE-2024-30549
816421644,SecG3ek/2024_CVEs,cveId.txt,c4c155311d194016fb66162458ab08154742b926,CVE-2024-30531
816421644,SecG3ek/2024_CVEs,cveId.txt,c4c155311d194016fb66162458ab08154742b926,CVE-2024-30622
816421644,SecG3ek/2024_CVEs,cveId.txt,c4c155311d194016fb66162458ab08154742b926,CVE-2024-30624
816421644,SecG3ek/2024_CVEs,cveId.txt,c4c155311d194016fb66162458ab08154742b926,CVE-2024-30686
816421644,SecG3ek/2024_CVEs,cveId.txt,c4c155311d194016fb66162458ab08154742b926,CVE-2024-30687
816421644,SecG3ek/2024_CVEs,cveId.txt,c4c155311d194016fb66162458ab08154742b926,CVE-2024-30688
816421644,SecG3ek/2024_CVEs,cveId.txt,c4c155311d194016fb66162458ab08154742b926,CVE-2024-30690
816421644,SecG3ek/2024_CVEs,cveId.txt,c4c155311d194016fb66162458ab08154742b926,CVE-2024-30691
816421644,SecG3ek/2024_CVEs,cveId.txt,c4c155311d194016fb66162458ab08154742b926,CVE-2024-30692
816421644,SecG3ek/2024_CVEs,cveId.txt,c4c155311d194016fb66162458ab08154742b926,CVE-2024-30694
816421644,SecG3ek/2024_CVEs,cveId.txt,c4c155311d194016fb66162458ab08154742b926,CVE-2024-30695
816421644,SecG3ek/2024_CVEs,cveId.txt,c4c155311d194016fb66162458ab08154742b926,CVE-2024-30696
816421644,SecG3ek/2024_CVEs,cveId.txt,c4c155311d194016fb66162458ab08154742b926,CVE-2024-30697
816421644,SecG3ek/2024_CVEs,cveId.txt,c4c155311d194016fb66162458ab08154742b926,CVE-2024-30699
816421644,SecG3ek/2024_CVEs,cveId.txt,c4c155311d194016fb66162458ab08154742b926,CVE-2024-30701
816421644,SecG3ek/2024_CVEs,cveId.txt,c4c155311d194016fb66162458ab08154742b926,CVE-2024-30702
816421644,SecG3ek/2024_CVEs,cveId.txt,c4c155311d194016fb66162458ab08154742b926,CVE-2024-30703
816421644,SecG3ek/2024_CVEs,cveId.txt,c4c155311d194016fb66162458ab08154742b926,CVE-2024-30684
816421644,SecG3ek/2024_CVEs,cveId.txt,c4c155311d194016fb66162458ab08154742b926,CVE-2024-30704
816421644,SecG3ek/2024_CVEs,cveId.txt,c4c155311d194016fb66162458ab08154742b926,CVE-2024-30707
816421644,SecG3ek/2024_CVEs,cveId.txt,c4c155311d194016fb66162458ab08154742b926,CVE-2024-30708
816421644,SecG3ek/2024_CVEs,cveId.txt,c4c155311d194016fb66162458ab08154742b926,CVE-2024-30710
816421644,SecG3ek/2024_CVEs,cveId.txt,c4c155311d194016fb66162458ab08154742b926,CVE-2024-30711
816421644,SecG3ek/2024_CVEs,cveId.txt,c4c155311d194016fb66162458ab08154742b926,CVE-2024-30712
816421644,SecG3ek/2024_CVEs,cveId.txt,c4c155311d194016fb66162458ab08154742b926,CVE-2024-30713
816421644,SecG3ek/2024_CVEs,cveId.txt,c4c155311d194016fb66162458ab08154742b926,CVE-2024-30715
816421644,SecG3ek/2024_CVEs,cveId.txt,c4c155311d194016fb66162458ab08154742b926,CVE-2024-30716
816421644,SecG3ek/2024_CVEs,cveId.txt,c4c155311d194016fb66162458ab08154742b926,CVE-2024-30718
816421644,SecG3ek/2024_CVEs,cveId.txt,c4c155311d194016fb66162458ab08154742b926,CVE-2024-30719
816421644,SecG3ek/2024_CVEs,cveId.txt,c4c155311d194016fb66162458ab08154742b926,CVE-2024-30721
816421644,SecG3ek/2024_CVEs,cveId.txt,c4c155311d194016fb66162458ab08154742b926,CVE-2024-30722
816421644,SecG3ek/2024_CVEs,cveId.txt,c4c155311d194016fb66162458ab08154742b926,CVE-2024-30723
816421644,SecG3ek/2024_CVEs,cveId.txt,c4c155311d194016fb66162458ab08154742b926,CVE-2024-30724
816421644,SecG3ek/2024_CVEs,cveId.txt,c4c155311d194016fb66162458ab08154742b926,CVE-2024-30706
816421644,SecG3ek/2024_CVEs,cveId.txt,c4c155311d194016fb66162458ab08154742b926,CVE-2024-30623
816421644,SecG3ek/2024_CVEs,cveId.txt,c4c155311d194016fb66162458ab08154742b926,CVE-2024-30683
816421644,SecG3ek/2024_CVEs,cveId.txt,c4c155311d194016fb66162458ab08154742b926,CVE-2024-30680
816421644,SecG3ek/2024_CVEs,cveId.txt,c4c155311d194016fb66162458ab08154742b926,CVE-2024-30625
816421644,SecG3ek/2024_CVEs,cveId.txt,c4c155311d194016fb66162458ab08154742b926,CVE-2024-30626
816421644,SecG3ek/2024_CVEs,cveId.txt,c4c155311d194016fb66162458ab08154742b926,CVE-2024-30627
816421644,SecG3ek/2024_CVEs,cveId.txt,c4c155311d194016fb66162458ab08154742b926,CVE-2024-30628
816421644,SecG3ek/2024_CVEs,cveId.txt,c4c155311d194016fb66162458ab08154742b926,CVE-2024-30629
816421644,SecG3ek/2024_CVEs,cveId.txt,c4c155311d194016fb66162458ab08154742b926,CVE-2024-30630
816421644,SecG3ek/2024_CVEs,cveId.txt,c4c155311d194016fb66162458ab08154742b926,CVE-2024-30631
816421644,SecG3ek/2024_CVEs,cveId.txt,c4c155311d194016fb66162458ab08154742b926,CVE-2024-30632
816421644,SecG3ek/2024_CVEs,cveId.txt,c4c155311d194016fb66162458ab08154742b926,CVE-2024-30633
816421644,SecG3ek/2024_CVEs,cveId.txt,c4c155311d194016fb66162458ab08154742b926,CVE-2024-30634
816421644,SecG3ek/2024_CVEs,cveId.txt,c4c155311d194016fb66162458ab08154742b926,CVE-2024-30635
816421644,SecG3ek/2024_CVEs,cveId.txt,c4c155311d194016fb66162458ab08154742b926,CVE-2024-30636
816421644,SecG3ek/2024_CVEs,cveId.txt,c4c155311d194016fb66162458ab08154742b926,CVE-2024-30637
816421644,SecG3ek/2024_CVEs,cveId.txt,c4c155311d194016fb66162458ab08154742b926,CVE-2024-30638
816421644,SecG3ek/2024_CVEs,cveId.txt,c4c155311d194016fb66162458ab08154742b926,CVE-2024-30681
816421644,SecG3ek/2024_CVEs,cveId.txt,c4c155311d194016fb66162458ab08154742b926,CVE-2024-30639
816421644,SecG3ek/2024_CVEs,cveId.txt,c4c155311d194016fb66162458ab08154742b926,CVE-2024-30656
816421644,SecG3ek/2024_CVEs,cveId.txt,c4c155311d194016fb66162458ab08154742b926,CVE-2024-30659
816421644,SecG3ek/2024_CVEs,cveId.txt,c4c155311d194016fb66162458ab08154742b926,CVE-2024-30661
816421644,SecG3ek/2024_CVEs,cveId.txt,c4c155311d194016fb66162458ab08154742b926,CVE-2024-30662
816421644,SecG3ek/2024_CVEs,cveId.txt,c4c155311d194016fb66162458ab08154742b926,CVE-2024-30663
816421644,SecG3ek/2024_CVEs,cveId.txt,c4c155311d194016fb66162458ab08154742b926,CVE-2024-30665
816421644,SecG3ek/2024_CVEs,cveId.txt,c4c155311d194016fb66162458ab08154742b926,CVE-2024-30666
816421644,SecG3ek/2024_CVEs,cveId.txt,c4c155311d194016fb66162458ab08154742b926,CVE-2024-30667
816421644,SecG3ek/2024_CVEs,cveId.txt,c4c155311d194016fb66162458ab08154742b926,CVE-2024-30672
816421644,SecG3ek/2024_CVEs,cveId.txt,c4c155311d194016fb66162458ab08154742b926,CVE-2024-30674
816421644,SecG3ek/2024_CVEs,cveId.txt,c4c155311d194016fb66162458ab08154742b926,CVE-2024-30675
816421644,SecG3ek/2024_CVEs,cveId.txt,c4c155311d194016fb66162458ab08154742b926,CVE-2024-30676
816421644,SecG3ek/2024_CVEs,cveId.txt,c4c155311d194016fb66162458ab08154742b926,CVE-2024-30678
816421644,SecG3ek/2024_CVEs,cveId.txt,c4c155311d194016fb66162458ab08154742b926,CVE-2024-30679
816421644,SecG3ek/2024_CVEs,cveId.txt,c4c155311d194016fb66162458ab08154742b926,CVE-2024-30645
816421644,SecG3ek/2024_CVEs,cveId.txt,c4c155311d194016fb66162458ab08154742b926,CVE-2024-38470
