full_name,description,html_url,matched_list,matched_count,pushed_at,size,stargazers_count,language,forks_count,vul_ids
ronin-rb/ronin-exploits,A Ruby micro-framework for writing and running exploits,https://github.com/ronin-rb/ronin-exploits,['exploit'],1,2022-12-29T00:59:44+0000,3983,39,Ruby,15,[]
Live-Hack-CVE/CVE-2019-2816,"Vulnerability in the Java SE, Java SE Embedded component of Oracle Java SE (subcomponent: Networking). Supported versions that are affected are Java SE: 7u221, 8u212, 11.0.3 and 12.0.1; Java SE Embedded: 8u211. Difficult to exploit vulnerability allows una",https://github.com/Live-Hack-CVE/CVE-2019-2816,['exploit'],1,2022-12-29T08:29:35+0000,3,0,,0,['CVE-2019-2816']
Live-Hack-CVE/CVE-2021-32628,"Redis is an open source, in-memory database that persists on disk. An integer overflow bug in the ziplist data structure used by all versions of Redis can be exploited to corrupt the heap and potentially result with remote code execution. The vulnerability",https://github.com/Live-Hack-CVE/CVE-2021-32628,"['exploit', 'heap overflow', 'remote code execution']",3,2022-12-29T09:05:30+0000,3,0,,0,['CVE-2021-32628']
Live-Hack-CVE/CVE-2021-32687,"Redis is an open source, in-memory database that persists on disk. An integer overflow bug affecting all versions of Redis can be exploited to corrupt the heap and potentially be used to leak arbitrary contents of the heap or trigger remote code execution.",https://github.com/Live-Hack-CVE/CVE-2021-32687,"['exploit', 'heap overflow', 'remote code execution']",3,2022-12-29T09:05:23+0000,3,0,,0,['CVE-2021-32687']
Live-Hack-CVE/CVE-2021-20093,A buffer over-read vulnerability exists in Wibu-Systems CodeMeter versions < 7.21a. An unauthenticated remote attacker can exploit this issue to disclose heap memory contents or crash the CodeMeter Runtime Server. CVE project by @Sn0wAlice,https://github.com/Live-Hack-CVE/CVE-2021-20093,['exploit'],1,2022-12-29T09:04:55+0000,2,0,,0,['CVE-2021-20093']
Live-Hack-CVE/CVE-2019-2422,"Vulnerability in the Java SE component of Oracle Java SE (subcomponent: Libraries). Supported versions that are affected are Java SE: 7u201, 8u192 and 11.0.1; Java SE Embedded: 8u191. Difficult to exploit vulnerability allows unauthenticated attacker with ",https://github.com/Live-Hack-CVE/CVE-2019-2422,['exploit'],1,2022-12-29T09:04:45+0000,3,0,,0,['CVE-2019-2422']
Live-Hack-CVE/CVE-2021-2464,Vulnerability in Oracle Linux (component: OSwatcher). Supported versions that are affected are 7 and 8. Easily exploitable vulnerability allows low privileged attacker with logon to the infrastructure where Oracle Linux executes to compromise Oracle Linux.,https://github.com/Live-Hack-CVE/CVE-2021-2464,['exploit'],1,2022-12-29T09:04:42+0000,1,0,,0,['CVE-2021-2464']
Live-Hack-CVE/CVE-2019-2699,Vulnerability in the Java SE component of Oracle Java SE (subcomponent: Windows DLL). The supported version that is affected is Java SE: 8u202. Difficult to exploit vulnerability allows unauthenticated attacker with network access via multiple protocols to,https://github.com/Live-Hack-CVE/CVE-2019-2699,['exploit'],1,2022-12-29T09:04:39+0000,2,0,,0,['CVE-2019-2699']
Live-Hack-CVE/CVE-2019-2684,"Vulnerability in the Java SE, Java SE Embedded component of Oracle Java SE (subcomponent: RMI). Supported versions that are affected are Java SE: 7u211, 8u202, 11.0.2 and 12; Java SE Embedded: 8u201. Difficult to exploit vulnerability allows unauthenticate",https://github.com/Live-Hack-CVE/CVE-2019-2684,['exploit'],1,2022-12-29T09:04:35+0000,7,0,,0,['CVE-2019-2684']
Live-Hack-CVE/CVE-2019-2602,"Vulnerability in the Java SE, Java SE Embedded component of Oracle Java SE (subcomponent: Libraries). Supported versions that are affected are Java SE: 7u211, 8u202, 11.0.2 and 12; Java SE Embedded: 8u201. Easily exploitable vulnerability allows unauthenti",https://github.com/Live-Hack-CVE/CVE-2019-2602,['exploit'],1,2022-12-29T09:04:31+0000,3,0,,0,['CVE-2019-2602']
Live-Hack-CVE/CVE-2019-2426,"Vulnerability in the Java SE component of Oracle Java SE (subcomponent: Networking). Supported versions that are affected are Java SE: 7u201, 8u192 and 11.0.1; Java SE Embedded: 8u191. Difficult to exploit vulnerability allows unauthenticated attacker with",https://github.com/Live-Hack-CVE/CVE-2019-2426,['exploit'],1,2022-12-29T09:04:27+0000,2,0,,0,['CVE-2019-2426']
Live-Hack-CVE/CVE-2019-9164,Command injection in Nagios XI before 5.5.11 allows an authenticated users to execute arbitrary remote commands via a new autodiscovery job. CVE project by @Sn0wAlice,https://github.com/Live-Hack-CVE/CVE-2019-9164,['command injection'],1,2022-12-29T09:03:56+0000,1,0,,0,['CVE-2019-9164']
Live-Hack-CVE/CVE-2019-9165,SQL injection vulnerability in Nagios XI before 5.5.11 allows attackers to execute arbitrary SQL commands via the API when using fusekeys and malicious user id. CVE project by @Sn0wAlice,https://github.com/Live-Hack-CVE/CVE-2019-9165,['command injection'],1,2022-12-29T09:03:53+0000,1,0,,0,['CVE-2019-9165']
Live-Hack-CVE/CVE-2020-13588,An exploitable SQL injection vulnerability exists in the ‘entities/fields’ page of the Rukovoditel Project Management App 2.7.2. The heading_field_id parameter in ‘‘entities/fields’ page is vulnerable to authenticated SQL injection. An attacker can make au,https://github.com/Live-Hack-CVE/CVE-2020-13588,['exploit'],1,2022-12-29T09:03:49+0000,0,0,,0,['CVE-2020-13588']
Live-Hack-CVE/CVE-2019-9204,SQL injection vulnerability in Nagios IM (component of Nagios XI) before 2.2.7 allows attackers to execute arbitrary SQL commands. CVE project by @Sn0wAlice,https://github.com/Live-Hack-CVE/CVE-2019-9204,['command injection'],1,2022-12-29T09:03:35+0000,1,0,,0,['CVE-2019-9204']
Live-Hack-CVE/CVE-2020-13589,An exploitable SQL injection vulnerability exists in the ‘entities/fields’ page of the Rukovoditel Project Management App 2.7.2. The entities_id parameter in the 'entities/fields page (mulitple_edit or copy_selected or export function) is vulnerable to aut,https://github.com/Live-Hack-CVE/CVE-2020-13589,['exploit'],1,2022-12-29T09:03:28+0000,0,0,,0,['CVE-2020-13589']
Live-Hack-CVE/CVE-2021-36278,"Dell EMC PowerScale OneFS versions 8.2.x, 9.1.0.x, and 9.1.1.1 contain a sensitive information exposure vulnerability in log files. A local malicious user with ISI_PRIV_LOGIN_SSH, ISI_PRIV_LOGIN_CONSOLE, or ISI_PRIV_SYS_SUPPORT privileges may exploit this ",https://github.com/Live-Hack-CVE/CVE-2021-36278,['exploit'],1,2022-12-29T09:02:39+0000,1,0,,0,['CVE-2021-36278']
Live-Hack-CVE/CVE-2021-21806,"An exploitable use-after-free vulnerability exists in WebKitGTK browser version 2.30.3 x64. A specially crafted HTML web page can cause a use-after-free condition, resulting in remote code execution. The victim needs to visit a malicious web site to trigge",https://github.com/Live-Hack-CVE/CVE-2021-21806,"['exploit', 'remote code execution']",2,2022-12-29T09:02:35+0000,1,0,,0,['CVE-2021-21806']
Live-Hack-CVE/CVE-2021-2351,"Vulnerability in the Advanced Networking Option component of Oracle Database Server. Supported versions that are affected are 12.1.0.2, 12.2.0.1 and 19c. Difficult to exploit vulnerability allows unauthenticated attacker with network access via Oracle Net ",https://github.com/Live-Hack-CVE/CVE-2021-2351,['exploit'],1,2022-12-29T09:00:41+0000,8,0,,0,['CVE-2021-2351']
Live-Hack-CVE/CVE-2019-2983,"Vulnerability in the Java SE, Java SE Embedded product of Oracle Java SE (component: Serialization). Supported versions that are affected are Java SE: 7u231, 8u221, 11.0.4 and 13; Java SE Embedded: 8u221. Difficult to exploit vulnerability allows unauthent",https://github.com/Live-Hack-CVE/CVE-2019-2983,['exploit'],1,2022-12-29T09:00:34+0000,3,0,,0,['CVE-2019-2983']
Live-Hack-CVE/CVE-2019-2981,"Vulnerability in the Java SE, Java SE Embedded product of Oracle Java SE (component: JAXP). Supported versions that are affected are Java SE: 7u231, 8u221, 11.0.4 and 13; Java SE Embedded: 8u221. Difficult to exploit vulnerability allows unauthenticated at",https://github.com/Live-Hack-CVE/CVE-2019-2981,['exploit'],1,2022-12-29T09:00:30+0000,3,0,,0,['CVE-2019-2981']
Live-Hack-CVE/CVE-2019-2745,"Vulnerability in the Java SE component of Oracle Java SE (subcomponent: Security). Supported versions that are affected are Java SE: 7u221, 8u212 and 11.0.3. Difficult to exploit vulnerability allows unauthenticated attacker with logon to the infrastructur",https://github.com/Live-Hack-CVE/CVE-2019-2745,['exploit'],1,2022-12-29T09:00:19+0000,2,0,,0,['CVE-2019-2745']
Live-Hack-CVE/CVE-2019-2978,"Vulnerability in the Java SE, Java SE Embedded product of Oracle Java SE (component: Networking). Supported versions that are affected are Java SE: 7u231, 8u221, 11.0.4 and 13; Java SE Embedded: 8u221. Difficult to exploit vulnerability allows unauthentica",https://github.com/Live-Hack-CVE/CVE-2019-2978,['exploit'],1,2022-12-29T09:00:08+0000,3,0,,0,['CVE-2019-2978']
jalalkadori/JSON-file-Manipulation,"Il s'agit de créer un fichier JSON contenant les informations sur des films projeter dans un cinéma, exploiter ce fichier pour créer une page responsive qui permet d'afficher ces données, les trier et les filtrer.",https://github.com/jalalkadori/JSON-file-Manipulation,['exploit'],1,2022-12-29T22:12:21+0000,126,0,HTML,0,[]
Live-Hack-CVE/CVE-2019-2973,"Vulnerability in the Java SE, Java SE Embedded product of Oracle Java SE (component: JAXP). Supported versions that are affected are Java SE: 7u231, 8u221, 11.0.4 and 13; Java SE Embedded: 8u221. Difficult to exploit vulnerability allows unauthenticated at",https://github.com/Live-Hack-CVE/CVE-2019-2973,['exploit'],1,2022-12-29T08:30:03+0000,3,0,,0,['CVE-2019-2973']
Live-Hack-CVE/CVE-2019-2975,"Vulnerability in the Java SE, Java SE Embedded product of Oracle Java SE (component: Scripting). Supported versions that are affected are Java SE: 8u221, 11.0.4 and 13; Java SE Embedded: 8u221. Difficult to exploit vulnerability allows unauthenticated atta",https://github.com/Live-Hack-CVE/CVE-2019-2975,['exploit'],1,2022-12-29T08:29:59+0000,3,0,,0,['CVE-2019-2975']
Live-Hack-CVE/CVE-2019-2933,"Vulnerability in the Java SE, Java SE Embedded product of Oracle Java SE (component: Libraries). Supported versions that are affected are Java SE: 7u231, 8u221, 11.0.4 and 13; Java SE Embedded: 8u221. Difficult to exploit vulnerability allows unauthenticat",https://github.com/Live-Hack-CVE/CVE-2019-2933,['exploit'],1,2022-12-29T08:29:56+0000,2,0,,0,['CVE-2019-2933']
Live-Hack-CVE/CVE-2019-2949,"Vulnerability in the Java SE, Java SE Embedded product of Oracle Java SE (component: Kerberos). Supported versions that are affected are Java SE: 7u231, 8u221, 11.0.4 and 13; Java SE Embedded: 8u221. Difficult to exploit vulnerability allows unauthenticate",https://github.com/Live-Hack-CVE/CVE-2019-2949,['exploit'],1,2022-12-29T08:29:53+0000,3,0,,0,['CVE-2019-2949']
Live-Hack-CVE/CVE-2019-2945,"Vulnerability in the Java SE, Java SE Embedded product of Oracle Java SE (component: Networking). Supported versions that are affected are Java SE: 7u231, 8u221, 11.0.4 and 13; Java SE Embedded: 8u221. Difficult to exploit vulnerability allows unauthentica",https://github.com/Live-Hack-CVE/CVE-2019-2945,['exploit'],1,2022-12-29T08:29:49+0000,3,0,,0,['CVE-2019-2945']
Live-Hack-CVE/CVE-2019-2958,"Vulnerability in the Java SE, Java SE Embedded product of Oracle Java SE (component: Libraries). Supported versions that are affected are Java SE: 7u231, 8u221, 11.0.4 and 13; Java SE Embedded: 8u221. Difficult to exploit vulnerability allows unauthenticat",https://github.com/Live-Hack-CVE/CVE-2019-2958,['exploit'],1,2022-12-29T08:29:45+0000,2,0,,0,['CVE-2019-2958']
Live-Hack-CVE/CVE-2019-2842,Vulnerability in the Java SE component of Oracle Java SE (subcomponent: JCE). The supported version that is affected is Java SE: 8u212. Difficult to exploit vulnerability allows unauthenticated attacker with network access via multiple protocols to comprom,https://github.com/Live-Hack-CVE/CVE-2019-2842,['exploit'],1,2022-12-29T08:29:42+0000,2,0,,0,['CVE-2019-2842']
Live-Hack-CVE/CVE-2021-32627,"Redis is an open source, in-memory database that persists on disk. In affected versions an integer overflow bug in Redis can be exploited to corrupt the heap and potentially result with remote code execution. The vulnerability involves changing the default",https://github.com/Live-Hack-CVE/CVE-2021-32627,"['exploit', 'heap overflow', 'remote code execution']",3,2022-12-29T09:05:34+0000,3,0,,0,['CVE-2021-32627']
Live-Hack-CVE/CVE-2021-32626,"Redis is an open source, in-memory database that persists on disk. In affected versions specially crafted Lua scripts executing in Redis can cause the heap-based Lua stack to be overflowed, due to incomplete checks for this condition. This can result with ",https://github.com/Live-Hack-CVE/CVE-2021-32626,"['heap overflow', 'remote code execution']",2,2022-12-29T09:05:39+0000,3,0,,0,['CVE-2021-32626']
Live-Hack-CVE/CVE-2021-4159,A vulnerability was found in the Linux kernel's EBPF verifier when handling internal data structures. Internal memory locations could be returned to userspace. A local attacker with the permissions to insert eBPF code to the kernel can use this to leak int,https://github.com/Live-Hack-CVE/CVE-2021-4159,['exploit'],1,2022-12-29T09:07:40+0000,27,0,,0,['CVE-2021-4159']
Live-Hack-CVE/CVE-2022-40764,"Snyk CLI before 1.996.0 allows arbitrary command execution, affecting Snyk IDE plugins and the snyk npm package. Exploitation could follow from the common practice of viewing untrusted files in the Visual Studio Code editor, for example. The original demon",https://github.com/Live-Hack-CVE/CVE-2022-40764,['exploit'],1,2022-12-29T09:46:23+0000,2,0,,0,['CVE-2022-40764']
Live-Hack-CVE/CVE-2022-29110,Microsoft Excel Remote Code Execution Vulnerability. This CVE ID is unique from CVE-2022-29109. CVE project by @Sn0wAlice,https://github.com/Live-Hack-CVE/CVE-2022-29110,['remote code execution'],1,2022-12-29T09:48:59+0000,1,0,,0,"['CVE-2022-29109', 'CVE-2022-29110']"
Live-Hack-CVE/CVE-2022-20930,"A vulnerability in the CLI of Cisco SD-WAN Software could allow an authenticated, local attacker to overwrite and possibly corrupt files on an affected system. This vulnerability is due to insufficient input validation. An attacker could exploit this vulne",https://github.com/Live-Hack-CVE/CVE-2022-20930,['exploit'],1,2022-12-29T09:48:33+0000,2,0,,0,['CVE-2022-20930']
Live-Hack-CVE/CVE-2020-13587,"An exploitable SQL injection vulnerability exists in the ""forms_fields_rules/rules"" page of the Rukovoditel Project Management App 2.7.2. A specially crafted HTTP request can lead to SQL injection. An attacker can make an authenticated HTTP request to trig",https://github.com/Live-Hack-CVE/CVE-2020-13587,['exploit'],1,2022-12-29T09:48:19+0000,1,0,,0,['CVE-2020-13587']
Live-Hack-CVE/CVE-2022-20850,"A vulnerability in the CLI of stand-alone Cisco IOS XE SD-WAN Software and Cisco SD-WAN Software could allow an authenticated, local attacker to delete arbitrary files from the file system of an affected device. This vulnerability is due to insufficient in",https://github.com/Live-Hack-CVE/CVE-2022-20850,['exploit'],1,2022-12-29T09:48:16+0000,2,0,,0,['CVE-2022-20850']
Live-Hack-CVE/CVE-2020-13591,"An exploitable SQL injection vulnerability exists in the ""access_rules/rules_form"" page of the Rukovoditel Project Management App 2.7.2. A specially crafted HTTP request can lead to SQL injection. An attacker can make an authenticated HTTP request to trigg",https://github.com/Live-Hack-CVE/CVE-2020-13591,['exploit'],1,2022-12-29T09:48:12+0000,1,0,,0,['CVE-2020-13591']
Live-Hack-CVE/CVE-2022-20847,"A vulnerability in the DHCP processing functionality of Cisco IOS XE Wireless Controller Software for the Catalyst 9000 Family could allow an unauthenticated, remote attacker to cause a denial of service (DoS) condition. This vulnerability is due to the im",https://github.com/Live-Hack-CVE/CVE-2022-20847,['exploit'],1,2022-12-29T09:48:09+0000,1,0,,0,['CVE-2022-20847']
Live-Hack-CVE/CVE-2020-25206,"The web console for Mimosa B5, B5c, and C5x firmware through 2.8.0.2 allows authenticated command injection in the Throughput, WANStats, PhyStats, and QosStats API classes. An attacker with access to a web console account may execute operating system comma",https://github.com/Live-Hack-CVE/CVE-2020-25206,['command injection'],1,2022-12-29T09:48:06+0000,2,0,,0,['CVE-2020-25206']
Live-Hack-CVE/CVE-2022-29109,Microsoft Excel Remote Code Execution Vulnerability. This CVE ID is unique from CVE-2022-29110. CVE project by @Sn0wAlice,https://github.com/Live-Hack-CVE/CVE-2022-29109,['remote code execution'],1,2022-12-29T09:48:02+0000,1,0,,0,"['CVE-2022-29109', 'CVE-2022-29110']"
Live-Hack-CVE/CVE-2021-29998,An issue was discovered in Wind River VxWorks before 6.5. There is a possible heap overflow in dhcp client. CVE project by @Sn0wAlice,https://github.com/Live-Hack-CVE/CVE-2021-29998,['heap overflow'],1,2022-12-29T09:47:45+0000,2,0,,0,['CVE-2021-29998']
Live-Hack-CVE/CVE-2020-10580,A command injection on the /admin/broadcast.php script of Invigo Automatic Device Management (ADM) through 5.0 allows remote authenticated attackers to execute arbitrary PHP code on the server as the user running the application. CVE project by @Sn0wAlice,https://github.com/Live-Hack-CVE/CVE-2020-10580,['command injection'],1,2022-12-29T09:47:23+0000,1,0,,0,['CVE-2020-10580']
Live-Hack-CVE/CVE-2020-25217,Grandstream GRP261x VoIP phone running firmware version 1.0.3.6 (Base) allows Command Injection as root in its administrative web interface. CVE project by @Sn0wAlice,https://github.com/Live-Hack-CVE/CVE-2020-25217,['command injection'],1,2022-12-29T09:47:19+0000,1,0,,0,['CVE-2020-25217']
Live-Hack-CVE/CVE-2020-11753,"An issue was discovered in Sonatype Nexus Repository Manager in versions 3.21.1 and 3.22.0. It is possible for a user with appropriate privileges to create, modify, and execute scripting tasks without use of the UI or API. NOTE: in 3.22.0, scripting is dis",https://github.com/Live-Hack-CVE/CVE-2020-11753,['exploit'],1,2022-12-29T09:46:58+0000,1,0,,0,['CVE-2020-11753']
Live-Hack-CVE/CVE-2020-19861,"When a zone file in ldns 1.7.1 is parsed, the function ldns_nsec3_salt_data is too trusted for the length value obtained from the zone file. When the memcpy is copied, the 0xfe - ldns_rdf_size(salt_rdf) byte data can be copied, causing heap overflow inform",https://github.com/Live-Hack-CVE/CVE-2020-19861,['heap overflow'],1,2022-12-29T09:46:27+0000,1,0,,0,['CVE-2020-19861']
Live-Hack-CVE/CVE-2021-4104,JMSAppender in Log4j 1.2 is vulnerable to deserialization of untrusted data when the attacker has write access to the Log4j configuration. The attacker can provide TopicBindingName and TopicConnectionFactoryBindingName configurations causing JMSAppender to,https://github.com/Live-Hack-CVE/CVE-2021-4104,['remote code execution'],1,2022-12-29T09:45:39+0000,4,0,,0,['CVE-2021-4104']
Live-Hack-CVE/CVE-2017-3313,"Vulnerability in the MySQL Server component of Oracle MySQL (subcomponent: Server: MyISAM). Supported versions that are affected are 5.5.53 and earlier, 5.6.34 and earlier and 5.7.16 and earlier. Difficult to exploit vulnerability allows low privileged att",https://github.com/Live-Hack-CVE/CVE-2017-3313,['exploit'],1,2022-12-29T09:07:51+0000,3,0,,0,['CVE-2017-3313']
Live-Hack-CVE/CVE-2020-25223,"A remote code execution vulnerability exists in the WebAdmin of Sophos SG UTM before v9.705 MR5, v9.607 MR7, and v9.511 MR11 CVE project by @Sn0wAlice",https://github.com/Live-Hack-CVE/CVE-2020-25223,['remote code execution'],1,2022-12-29T09:45:10+0000,1,0,,0,['CVE-2020-25223']
Live-Hack-CVE/CVE-2020-12271,"A SQL injection issue was found in SFOS 17.0, 17.1, 17.5, and 18.0 before 2020-04-25 on Sophos XG Firewall devices, as exploited in the wild in April 2020. This affected devices configured with either the administration (HTTPS) service or the User Portal e",https://github.com/Live-Hack-CVE/CVE-2020-12271,['exploit'],1,2022-12-29T09:44:51+0000,2,0,,0,['CVE-2020-12271']
Live-Hack-CVE/CVE-2020-2230,"Jenkins 2.251 and earlier, LTS 2.235.3 and earlier does not escape the project naming strategy description, resulting in a stored cross-site scripting (XSS) vulnerability exploitable by users with Overall/Manage permission. CVE project by @Sn0wAlice",https://github.com/Live-Hack-CVE/CVE-2020-2230,['exploit'],1,2022-12-29T09:44:23+0000,8,0,,0,['CVE-2020-2230']
Live-Hack-CVE/CVE-2020-6458,Out of bounds read and write in PDFium in Google Chrome prior to 81.0.4044.122 allowed a remote attacker to potentially exploit heap corruption via a crafted PDF file. CVE project by @Sn0wAlice,https://github.com/Live-Hack-CVE/CVE-2020-6458,['exploit'],1,2022-12-29T09:42:47+0000,41,0,,0,['CVE-2020-6458']
M-Faheem-Khan/CWE-docker,Dockerized examples of CVE and their exploitation & mitigations.,https://github.com/M-Faheem-Khan/CWE-docker,['exploit'],1,2022-12-29T12:44:47+0000,19,0,JavaScript,0,[]
Live-Hack-CVE/CVE-2022-21443,"Vulnerability in the Oracle Java SE, Oracle GraalVM Enterprise Edition product of Oracle Java SE (component: Libraries). Supported versions that are affected are Oracle Java SE: 7u331, 8u321, 11.0.14, 17.0.2, 18; Oracle GraalVM Enterprise Edition: 20.3.5, ",https://github.com/Live-Hack-CVE/CVE-2022-21443,['exploit'],1,2022-12-29T09:11:24+0000,3,0,,0,['CVE-2022-21443']
Live-Hack-CVE/CVE-2022-21476,"Vulnerability in the Oracle Java SE, Oracle GraalVM Enterprise Edition product of Oracle Java SE (component: Libraries). Supported versions that are affected are Oracle Java SE: 7u331, 8u321, 11.0.14, 17.0.2, 18; Oracle GraalVM Enterprise Edition: 20.3.5, ",https://github.com/Live-Hack-CVE/CVE-2022-21476,['exploit'],1,2022-12-29T09:11:02+0000,3,0,,0,['CVE-2022-21476']
Live-Hack-CVE/CVE-2022-21496,"Vulnerability in the Oracle Java SE, Oracle GraalVM Enterprise Edition product of Oracle Java SE (component: JNDI). Supported versions that are affected are Oracle Java SE: 7u331, 8u321, 11.0.14, 17.0.2, 18; Oracle GraalVM Enterprise Edition: 20.3.5, 21.3.",https://github.com/Live-Hack-CVE/CVE-2022-21496,['exploit'],1,2022-12-29T09:10:58+0000,3,0,,0,['CVE-2022-21496']
Live-Hack-CVE/CVE-2019-13720,Use after free in WebAudio in Google Chrome prior to 78.0.3904.87 allowed a remote attacker to potentially exploit heap corruption via a crafted HTML page. CVE project by @Sn0wAlice,https://github.com/Live-Hack-CVE/CVE-2019-13720,['exploit'],1,2022-12-29T09:10:54+0000,39,0,,0,['CVE-2019-13720']
Live-Hack-CVE/CVE-2022-39817,"In NOKIA 1350 OMS R14.2, multiple SQL Injection vulnerabilities occurs. Exploitation requires an authenticated attacker. Through the injection of arbitrary SQL statements, a potential authenticated attacker can modify query syntax and perform unauthorized ",https://github.com/Live-Hack-CVE/CVE-2022-39817,['exploit'],1,2022-12-29T09:09:41+0000,1,0,,0,['CVE-2022-39817']
Live-Hack-CVE/CVE-2022-26102,"Due to missing authorization check, SAP NetWeaver Application Server for ABAP - versions 700, 701, 702, 731, allows an authenticated attacker, to access content on the start screen of any transaction that is available with in the same SAP system even if he",https://github.com/Live-Hack-CVE/CVE-2022-26102,['exploit'],1,2022-12-29T09:09:06+0000,1,0,,0,['CVE-2022-26102']
Live-Hack-CVE/CVE-2021-27610,"SAP NetWeaver ABAP Server and ABAP Platform, versions - 700, 701, 702, 731, 740, 750, 751, 752, 753, 754, 755, 804, does not create information about internal and external RFC user in consistent and distinguished format, which could lead to improper authen",https://github.com/Live-Hack-CVE/CVE-2021-27610,['exploit'],1,2022-12-29T09:08:25+0000,2,0,,0,['CVE-2021-27610']
Live-Hack-CVE/CVE-2021-40496,"SAP Internet Communication framework (ICM) - versions 700, 701, 702, 730, 731, 740, 750, 751, 752, 753, 754, 755, 756, 785, allows an attacker with logon functionality, to exploit the authentication function by using POST and form field to repeat execution",https://github.com/Live-Hack-CVE/CVE-2021-40496,['exploit'],1,2022-12-29T09:08:08+0000,2,0,,0,['CVE-2021-40496']
Live-Hack-CVE/CVE-2019-2786,"Vulnerability in the Java SE, Java SE Embedded component of Oracle Java SE (subcomponent: Security). Supported versions that are affected are Java SE: 8u212, 11.0.3 and 12.0.1; Java SE Embedded: 8u211. Difficult to exploit vulnerability allows unauthentica",https://github.com/Live-Hack-CVE/CVE-2019-2786,['exploit'],1,2022-12-29T08:29:39+0000,3,0,,0,['CVE-2019-2786']
Live-Hack-CVE/CVE-2019-2769,"Vulnerability in the Java SE, Java SE Embedded component of Oracle Java SE (subcomponent: Utilities). Supported versions that are affected are Java SE: 7u221, 8u212, 11.0.3 and 12.0.1; Java SE Embedded: 8u211. Easily exploitable vulnerability allows unauth",https://github.com/Live-Hack-CVE/CVE-2019-2769,['exploit'],1,2022-12-29T08:29:31+0000,3,0,,0,['CVE-2019-2769']
Live-Hack-CVE/CVE-2022-1920,Integer overflow in matroskademux element in gst_matroska_demux_add_wvpk_header function which allows a heap overwrite while parsing matroska files. Potential for arbitrary code execution through heap overwrite. CVE project by @Sn0wAlice,https://github.com/Live-Hack-CVE/CVE-2022-1920,['heap overflow'],1,2022-12-29T07:42:53+0000,2,0,,0,['CVE-2022-1920']
Live-Hack-CVE/CVE-2019-2894,"Vulnerability in the Java SE, Java SE Embedded product of Oracle Java SE (component: Security). Supported versions that are affected are Java SE: 7u231, 8u221, 11.0.4 and 13; Java SE Embedded: 8u221. Difficult to exploit vulnerability allows unauthenticate",https://github.com/Live-Hack-CVE/CVE-2019-2894,['exploit'],1,2022-12-29T08:29:28+0000,3,0,,0,['CVE-2019-2894']
Live-Hack-CVE/CVE-2017-10102,"Vulnerability in the Java SE, Java SE Embedded component of Oracle Java SE (subcomponent: RMI). Supported versions that are affected are Java SE: 6u151, 7u141 and 8u131; Java SE Embedded: 8u131. Difficult to exploit vulnerability allows unauthenticated att",https://github.com/Live-Hack-CVE/CVE-2017-10102,['exploit'],1,2022-12-29T08:26:23+0000,3,0,,0,['CVE-2017-10102']
Live-Hack-CVE/CVE-2020-16211,"Advantech WebAccess HMI Designer, Versions 2.1.9.31 and prior. An out-of-bounds read vulnerability may be exploited by processing specially crafted project files, which may allow an attacker to read information. CVE project by @Sn0wAlice",https://github.com/Live-Hack-CVE/CVE-2020-16211,['exploit'],1,2022-12-29T08:26:20+0000,1,0,,0,['CVE-2020-16211']
Live-Hack-CVE/CVE-2017-10090,"Vulnerability in the Java SE, Java SE Embedded component of Oracle Java SE (subcomponent: Libraries). Supported versions that are affected are Java SE: 7u141 and 8u131; Java SE Embedded: 8u131. Easily exploitable vulnerability allows unauthenticated attack",https://github.com/Live-Hack-CVE/CVE-2017-10090,['exploit'],1,2022-12-29T08:26:16+0000,3,0,,0,['CVE-2017-10090']
Live-Hack-CVE/CVE-2017-10096,"Vulnerability in the Java SE, Java SE Embedded component of Oracle Java SE (subcomponent: JAXP). Supported versions that are affected are Java SE: 6u151, 7u141 and 8u131; Java SE Embedded: 8u131. Easily exploitable vulnerability allows unauthenticated atta",https://github.com/Live-Hack-CVE/CVE-2017-10096,['exploit'],1,2022-12-29T08:26:06+0000,3,0,,0,['CVE-2017-10096']
Live-Hack-CVE/CVE-2017-10087,"Vulnerability in the Java SE, Java SE Embedded component of Oracle Java SE (subcomponent: Libraries). Supported versions that are affected are Java SE: 6u151, 7u141 and 8u131; Java SE Embedded: 8u131. Easily exploitable vulnerability allows unauthenticated",https://github.com/Live-Hack-CVE/CVE-2017-10087,['exploit'],1,2022-12-29T08:26:02+0000,3,0,,0,['CVE-2017-10087']
Live-Hack-CVE/CVE-2022-36066,"Discourse is an open source discussion platform. In versions prior to 2.8.9 on the `stable` branch and prior to 2.9.0.beta10 on the `beta` and `tests-passed` branches, admins can upload a maliciously crafted Zip or Gzip Tar archive to write files at arbitr",https://github.com/Live-Hack-CVE/CVE-2022-36066,['remote code execution'],1,2022-12-29T08:25:48+0000,5,0,,0,['CVE-2022-36066']
Live-Hack-CVE/CVE-2020-16213,"Advantech WebAccess HMI Designer, Versions 2.1.9.31 and prior. Processing specially crafted project files lacking proper validation of user supplied data may cause the system to write outside the intended buffer area, which may allow remote code execution,",https://github.com/Live-Hack-CVE/CVE-2020-16213,['remote code execution'],1,2022-12-29T08:25:24+0000,1,0,,0,['CVE-2020-16213']
Live-Hack-CVE/CVE-2019-14734,AdPlug 2.3.1 has multiple heap-based buffer overflows in CmtkLoader::load() in mtk.cpp. CVE project by @Sn0wAlice,https://github.com/Live-Hack-CVE/CVE-2019-14734,['heap overflow'],1,2022-12-29T08:24:25+0000,1,0,,0,['CVE-2019-14734']
Live-Hack-CVE/CVE-2019-14690,AdPlug 2.3.1 has a heap-based buffer overflow in CxadbmfPlayer::__bmf_convert_stream() in bmf.cpp. CVE project by @Sn0wAlice,https://github.com/Live-Hack-CVE/CVE-2019-14690,['heap overflow'],1,2022-12-29T08:23:37+0000,1,0,,0,['CVE-2019-14690']
Live-Hack-CVE/CVE-2019-14691,AdPlug 2.3.1 has a heap-based buffer overflow in CdtmLoader::load() in dtm.cpp. CVE project by @Sn0wAlice,https://github.com/Live-Hack-CVE/CVE-2019-14691,['heap overflow'],1,2022-12-29T08:23:33+0000,1,0,,0,['CVE-2019-14691']
Live-Hack-CVE/CVE-2020-11100,"In hpack_dht_insert in hpack-tbl.c in the HPACK decoder in HAProxy 1.8 through 2.x before 2.1.4, a remote attacker can write arbitrary bytes around a certain location on the heap via a crafted HTTP/2 request, possibly causing remote code execution. CVE pro",https://github.com/Live-Hack-CVE/CVE-2020-11100,['remote code execution'],1,2022-12-29T08:22:17+0000,3,0,,0,['CVE-2020-11100']
Zyxxns/Glide-Race-Exploit,None,https://github.com/Zyxxns/Glide-Race-Exploit,['exploit'],1,2022-12-29T08:33:46+0000,2,0,,0,[]
Live-Hack-CVE/CVE-2020-16217,"Advantech WebAccess HMI Designer, Versions 2.1.9.31 and prior. A double free vulnerability caused by processing specially crafted project files may allow remote code execution, disclosure/modification of information, or cause the application to crash. CVE ",https://github.com/Live-Hack-CVE/CVE-2020-16217,['remote code execution'],1,2022-12-29T08:21:23+0000,1,0,,0,['CVE-2020-16217']
Live-Hack-CVE/CVE-2020-16229,"Advantech WebAccess HMI Designer, Versions 2.1.9.31 and prior. Processing specially crafted project files lacking proper validation of user supplied data may cause a type confusion condition, which may allow remote code execution, disclosure/modification o",https://github.com/Live-Hack-CVE/CVE-2020-16229,['remote code execution'],1,2022-12-29T08:21:20+0000,1,0,,0,['CVE-2020-16229']
Live-Hack-CVE/CVE-2020-9364,An issue was discovered in helpers/mailer.php in the Creative Contact Form extension 4.6.2 before 2019-12-03 for Joomla!. A directory traversal vulnerability resides in the filename field for uploaded attachments via the creativecontactform_upload paramete,https://github.com/Live-Hack-CVE/CVE-2020-9364,['exploit'],1,2022-12-29T08:21:13+0000,2,0,,0,['CVE-2020-9364']
Live-Hack-CVE/CVE-2020-8899,"There is a buffer overwrite vulnerability in the Quram qmg library of Samsung's Android OS versions O(8.x), P(9.0) and Q(10.0). An unauthenticated, unauthorized attacker sending a specially crafted MMS to a vulnerable phone can trigger a heap-based buffer ",https://github.com/Live-Hack-CVE/CVE-2020-8899,['heap overflow'],1,2022-12-29T08:20:35+0000,2,0,,0,['CVE-2020-8899']
Live-Hack-CVE/CVE-2020-13540,"An exploitable local privilege elevation vulnerability exists in the file system permissions of the Win-911 Enterprise V4.20.13 install directory via WIN-911 Account Change Utility. Depending on the vector chosen, an attacker can overwrite various executab",https://github.com/Live-Hack-CVE/CVE-2020-13540,['exploit'],1,2022-12-29T08:20:25+0000,1,0,,0,['CVE-2020-13540']
Live-Hack-CVE/CVE-2020-13541,"An exploitable local privilege elevation vulnerability exists in the file system permissions of the Mobile-911 Server V2.5 install directory. Depending on the vector chosen, an attacker can overwrite the service executable and execute arbitrary code with S",https://github.com/Live-Hack-CVE/CVE-2020-13541,['exploit'],1,2022-12-29T08:20:21+0000,1,0,,0,['CVE-2020-13541']
Live-Hack-CVE/CVE-2020-13539,"An exploitable local privilege elevation vulnerability exists in the file system permissions of the Win-911 Enterprise V4.20.13 install directory via “WIN-911 Mobile Runtime” service. Depending on the vector chosen, an attacker can overwrite various execut",https://github.com/Live-Hack-CVE/CVE-2020-13539,['exploit'],1,2022-12-29T08:20:03+0000,0,0,,0,['CVE-2020-13539']
G3N3RA710N-L0CU57/argus,Argus surveillance DVR 4.0.0 LFI exploit enumeration. ,https://github.com/G3N3RA710N-L0CU57/argus,['exploit'],1,2022-12-29T13:49:55+0000,7,0,Python,0,[]
Live-Hack-CVE/CVE-2020-6452,Heap buffer overflow in media in Google Chrome prior to 80.0.3987.162 allowed a remote attacker to potentially exploit heap corruption via a crafted HTML page. CVE project by @Sn0wAlice,https://github.com/Live-Hack-CVE/CVE-2020-6452,"['exploit', 'heap overflow']",2,2022-12-29T07:48:20+0000,42,0,,0,['CVE-2020-6452']
Live-Hack-CVE/CVE-2020-6455,Out of bounds read in WebSQL in Google Chrome prior to 81.0.4044.92 allowed a remote attacker to potentially exploit heap corruption via a crafted HTML page. CVE project by @Sn0wAlice,https://github.com/Live-Hack-CVE/CVE-2020-6455,['exploit'],1,2022-12-29T07:48:09+0000,42,0,,0,['CVE-2020-6455']
Live-Hack-CVE/CVE-2022-29429,Remote Code Execution (RCE) in Alexander Stokmann's Code Snippets Extended plugin <= 1.4.7 on WordPress via Cross-Site Request Forgery. CVE project by @Sn0wAlice,https://github.com/Live-Hack-CVE/CVE-2022-29429,"['rce', 'remote code execution']",2,2022-12-29T07:47:41+0000,1,0,,0,['CVE-2022-29429']
Live-Hack-CVE/CVE-2020-27814,A heap-buffer overflow was found in the way openjpeg2 handled certain PNG format files. An attacker could use this flaw to cause an application crash or in some cases execute arbitrary code with the permission of the user running such an application. CVE p,https://github.com/Live-Hack-CVE/CVE-2020-27814,['heap overflow'],1,2022-12-29T07:46:32+0000,2,0,,0,['CVE-2020-27814']
Live-Hack-CVE/CVE-2020-28871,Remote code execution in Monitorr v1.7.6m in upload.php allows an unauthorized person to execute arbitrary code on the server-side via an insecure file upload. CVE project by @Sn0wAlice,https://github.com/Live-Hack-CVE/CVE-2020-28871,['remote code execution'],1,2022-12-29T07:46:22+0000,1,0,,0,['CVE-2020-28871']
Live-Hack-CVE/CVE-2020-13529,An exploitable denial-of-service vulnerability exists in Systemd 245. A specially crafted DHCP FORCERENEW packet can cause a server running the DHCP client to be vulnerable to a DHCP ACK spoofing attack. An attacker can forge a pair of FORCERENEW and DCHP ,https://github.com/Live-Hack-CVE/CVE-2020-13529,['exploit'],1,2022-12-29T07:46:00+0000,2,0,,0,['CVE-2020-13529']
Live-Hack-CVE/CVE-2020-8618,"An attacker who is permitted to send zone data to a server via zone transfer can exploit this to intentionally trigger the assertion failure with a specially constructed zone, denying service to clients. CVE project by @Sn0wAlice",https://github.com/Live-Hack-CVE/CVE-2020-8618,['exploit'],1,2022-12-29T07:44:44+0000,1,0,,0,['CVE-2020-8618']
Live-Hack-CVE/CVE-2022-30578,The Web Server component of TIBCO Software Inc.'s TIBCO EBX Add-ons contains an easily exploitable vulnerability that allows a low privileged attacker with network access to execute Stored Cross Site Scripting (XSS) on the affected system. A successful att,https://github.com/Live-Hack-CVE/CVE-2022-30578,['exploit'],1,2022-12-29T07:44:05+0000,2,0,,0,['CVE-2022-30578']
Live-Hack-CVE/CVE-2019-17563,"When using FORM authentication with Apache Tomcat 9.0.0.M1 to 9.0.29, 8.5.0 to 8.5.49 and 7.0.0 to 7.0.98 there was a narrow window where an attacker could perform a session fixation attack. The window was considered too narrow for an exploit to be practic",https://github.com/Live-Hack-CVE/CVE-2019-17563,['exploit'],1,2022-12-29T07:43:58+0000,5,0,,0,['CVE-2019-17563']
Live-Hack-CVE/CVE-2017-10108,"Vulnerability in the Java SE, Java SE Embedded, JRockit component of Oracle Java SE (subcomponent: Serialization). Supported versions that are affected are Java SE: 6u151, 7u141 and 8u131; Java SE Embedded: 8u131; JRockit: R28.3.14. Easily exploitable vuln",https://github.com/Live-Hack-CVE/CVE-2017-10108,['exploit'],1,2022-12-29T08:26:27+0000,3,0,,0,['CVE-2017-10108']
Live-Hack-CVE/CVE-2017-10107,"Vulnerability in the Java SE, Java SE Embedded component of Oracle Java SE (subcomponent: RMI). Supported versions that are affected are Java SE: 6u151, 7u141 and 8u131; Java SE Embedded: 8u131. Easily exploitable vulnerability allows unauthenticated attac",https://github.com/Live-Hack-CVE/CVE-2017-10107,['exploit'],1,2022-12-29T08:26:30+0000,3,0,,0,['CVE-2017-10107']
Live-Hack-CVE/CVE-2017-10101,"Vulnerability in the Java SE, Java SE Embedded component of Oracle Java SE (subcomponent: JAXP). Supported versions that are affected are Java SE: 6u151, 7u141 and 8u131; Java SE Embedded: 8u131. Easily exploitable vulnerability allows unauthenticated atta",https://github.com/Live-Hack-CVE/CVE-2017-10101,['exploit'],1,2022-12-29T08:26:34+0000,3,0,,0,['CVE-2017-10101']
Live-Hack-CVE/CVE-2017-10243,"Vulnerability in the Java SE, Java SE Embedded, JRockit component of Oracle Java SE (subcomponent: JAX-WS). Supported versions that are affected are Java SE: 6u151, 7u141 and 8u131; Java SE Embedded: 8u131; JRockit: R28.3.14. Easily exploitable vulnerabili",https://github.com/Live-Hack-CVE/CVE-2017-10243,['exploit'],1,2022-12-29T08:27:51+0000,3,0,,0,['CVE-2017-10243']
Live-Hack-CVE/CVE-2019-2762,"Vulnerability in the Java SE, Java SE Embedded component of Oracle Java SE (subcomponent: Utilities). Supported versions that are affected are Java SE: 7u221, 8u212, 11.0.3 and 12.0.1; Java SE Embedded: 8u211. Easily exploitable vulnerability allows unauth",https://github.com/Live-Hack-CVE/CVE-2019-2762,['exploit'],1,2022-12-29T08:28:58+0000,3,0,,0,['CVE-2019-2762']
Live-Hack-CVE/CVE-2019-2766,"Vulnerability in the Java SE, Java SE Embedded component of Oracle Java SE (subcomponent: Networking). Supported versions that are affected are Java SE: 7u221, 8u212, 11.0.3 and 12.0.1; Java SE Embedded: 8u211. Difficult to exploit vulnerability allows una",https://github.com/Live-Hack-CVE/CVE-2019-2766,['exploit'],1,2022-12-29T08:28:55+0000,3,0,,0,['CVE-2019-2766']
Live-Hack-CVE/CVE-2018-2942,Vulnerability in the Java SE component of Oracle Java SE (subcomponent: Windows DLL). Supported versions that are affected are Java SE: 7u181 and 8u172. Difficult to exploit vulnerability allows unauthenticated attacker with network access via multiple pro,https://github.com/Live-Hack-CVE/CVE-2018-2942,['exploit'],1,2022-12-29T08:28:37+0000,2,0,,0,['CVE-2018-2942']
Live-Hack-CVE/CVE-2018-2952,"Vulnerability in the Java SE, Java SE Embedded, JRockit component of Oracle Java SE (subcomponent: Concurrency). Supported versions that are affected are Java SE: 6u191, 7u181, 8u172 and 10.0.1; Java SE Embedded: 8u171; JRockit: R28.3.18. Difficult to expl",https://github.com/Live-Hack-CVE/CVE-2018-2952,['exploit'],1,2022-12-29T08:28:32+0000,3,0,,0,['CVE-2018-2952']
Live-Hack-CVE/CVE-2018-2783,"Vulnerability in the Java SE, Java SE Embedded, JRockit component of Oracle Java SE (subcomponent: Security). Supported versions that are affected are Java SE: 6u181, 7u161 and 8u152; Java SE Embedded: 8u152; JRockit: R28.3.17. Difficult to exploit vulnera",https://github.com/Live-Hack-CVE/CVE-2018-2783,['exploit'],1,2022-12-29T08:28:25+0000,3,0,,0,['CVE-2018-2783']
Live-Hack-CVE/CVE-2018-2799,"Vulnerability in the Java SE, Java SE Embedded, JRockit component of Oracle Java SE (subcomponent: JAXP). Supported versions that are affected are Java SE: 7u171, 8u162 and 10; Java SE Embedded: 8u161; JRockit: R28.3.17. Easily exploitable vulnerability al",https://github.com/Live-Hack-CVE/CVE-2018-2799,['exploit'],1,2022-12-29T08:28:22+0000,4,0,,0,['CVE-2018-2799']
Live-Hack-CVE/CVE-2018-2940,"Vulnerability in the Java SE, Java SE Embedded component of Oracle Java SE (subcomponent: Libraries). Supported versions that are affected are Java SE: 6u191, 7u181, 8u172 and 10.0.1; Java SE Embedded: 8u171. Easily exploitable vulnerability allows unauthe",https://github.com/Live-Hack-CVE/CVE-2018-2940,['exploit'],1,2022-12-29T08:28:18+0000,3,0,,0,['CVE-2018-2940']
Live-Hack-CVE/CVE-2017-10388,"Vulnerability in the Java SE, Java SE Embedded component of Oracle Java SE (subcomponent: Libraries). Supported versions that are affected are Java SE: 6u161, 7u151, 8u144 and 9; Java SE Embedded: 8u144. Difficult to exploit vulnerability allows unauthenti",https://github.com/Live-Hack-CVE/CVE-2017-10388,['exploit'],1,2022-12-29T08:28:15+0000,3,0,,0,['CVE-2017-10388']
Live-Hack-CVE/CVE-2017-10357,"Vulnerability in the Java SE, Java SE Embedded component of Oracle Java SE (subcomponent: Serialization). Supported versions that are affected are Java SE: 6u161, 7u151, 8u144 and 9; Java SE Embedded: 8u144. Easily exploitable vulnerability allows unauthen",https://github.com/Live-Hack-CVE/CVE-2017-10357,['exploit'],1,2022-12-29T08:28:11+0000,3,0,,0,['CVE-2017-10357']
Live-Hack-CVE/CVE-2017-10356,"Vulnerability in the Java SE, Java SE Embedded, JRockit component of Oracle Java SE (subcomponent: Security). Supported versions that are affected are Java SE: 6u161, 7u151, 8u144 and 9; Java SE Embedded: 8u144; JRockit: R28.3.15. Easily exploitable vulner",https://github.com/Live-Hack-CVE/CVE-2017-10356,['exploit'],1,2022-12-29T08:28:08+0000,3,0,,0,['CVE-2017-10356']
Live-Hack-CVE/CVE-2017-10355,"Vulnerability in the Java SE, Java SE Embedded, JRockit component of Oracle Java SE (subcomponent: Networking). Supported versions that are affected are Java SE: 6u161, 7u151, 8u144 and 9; Java SE Embedded: 8u144; JRockit: R28.3.15. Easily exploitable vuln",https://github.com/Live-Hack-CVE/CVE-2017-10355,['exploit'],1,2022-12-29T08:28:04+0000,3,0,,0,['CVE-2017-10355']
Live-Hack-CVE/CVE-2017-10350,"Vulnerability in the Java SE, Java SE Embedded component of Oracle Java SE (subcomponent: JAX-WS). Supported versions that are affected are Java SE: 7u151, 8u144 and 9; Java SE Embedded: 8u144. Easily exploitable vulnerability allows unauthenticated attack",https://github.com/Live-Hack-CVE/CVE-2017-10350,['exploit'],1,2022-12-29T08:28:00+0000,3,0,,0,['CVE-2017-10350']
Live-Hack-CVE/CVE-2020-13549,"An exploitable local privilege elevation vulnerability exists in the file system permissions of Sytech XL Reporter v14.0.1 install directory. Depending on the vector chosen, an attacker can overwrite service executables and execute arbitrary code with priv",https://github.com/Live-Hack-CVE/CVE-2020-13549,['exploit'],1,2022-12-29T08:27:57+0000,1,0,,0,['CVE-2020-13549']
Live-Hack-CVE/CVE-2017-10285,"Vulnerability in the Java SE, Java SE Embedded component of Oracle Java SE (subcomponent: RMI). Supported versions that are affected are Java SE: 6u161, 7u151, 8u144 and 9; Java SE Embedded: 8u144. Easily exploitable vulnerability allows unauthenticated at",https://github.com/Live-Hack-CVE/CVE-2017-10285,['exploit'],1,2022-12-29T08:27:47+0000,4,0,,0,['CVE-2017-10285']
Live-Hack-CVE/CVE-2017-10109,"Vulnerability in the Java SE, Java SE Embedded, JRockit component of Oracle Java SE (subcomponent: Serialization). Supported versions that are affected are Java SE: 6u151, 7u141 and 8u131; Java SE Embedded: 8u131; JRockit: R28.3.14. Easily exploitable vuln",https://github.com/Live-Hack-CVE/CVE-2017-10109,['exploit'],1,2022-12-29T08:26:37+0000,3,0,,0,['CVE-2017-10109']
Live-Hack-CVE/CVE-2017-10281,"Vulnerability in the Java SE, Java SE Embedded, JRockit component of Oracle Java SE (subcomponent: Serialization). Supported versions that are affected are Java SE: 6u161, 7u151, 8u144 and 9; Java SE Embedded: 8u144; JRockit: R28.3.15. Easily exploitable v",https://github.com/Live-Hack-CVE/CVE-2017-10281,['exploit'],1,2022-12-29T08:27:23+0000,3,0,,0,['CVE-2017-10281']
Live-Hack-CVE/CVE-2017-10349,"Vulnerability in the Java SE, Java SE Embedded component of Oracle Java SE (subcomponent: JAXP). Supported versions that are affected are Java SE: 6u161, 7u151, 8u144 and 9; Java SE Embedded: 8u144. Easily exploitable vulnerability allows unauthenticated a",https://github.com/Live-Hack-CVE/CVE-2017-10349,['exploit'],1,2022-12-29T08:27:20+0000,3,0,,0,['CVE-2017-10349']
Live-Hack-CVE/CVE-2017-10295,"Vulnerability in the Java SE, Java SE Embedded, JRockit component of Oracle Java SE (subcomponent: Networking). Supported versions that are affected are Java SE: 6u161, 7u151, 8u144 and 9; Java SE Embedded: 8u144; JRockit: R28.3.15. Difficult to exploit vu",https://github.com/Live-Hack-CVE/CVE-2017-10295,['exploit'],1,2022-12-29T08:27:16+0000,3,0,,0,['CVE-2017-10295']
Live-Hack-CVE/CVE-2017-10348,"Vulnerability in the Java SE, Java SE Embedded component of Oracle Java SE (subcomponent: Libraries). Supported versions that are affected are Java SE: 6u161, 7u151, 8u144 and 9; Java SE Embedded: 8u144. Easily exploitable vulnerability allows unauthentica",https://github.com/Live-Hack-CVE/CVE-2017-10348,['exploit'],1,2022-12-29T08:27:13+0000,3,0,,0,['CVE-2017-10348']
Live-Hack-CVE/CVE-2016-4507,SQL injection vulnerability in Rexroth Bosch BLADEcontrol-WebVIS 3.0.2 and earlier allows remote authenticated users to execute arbitrary SQL commands via unspecified vectors. CVE project by @Sn0wAlice,https://github.com/Live-Hack-CVE/CVE-2016-4507,['command injection'],1,2022-12-29T08:27:09+0000,1,0,,0,['CVE-2016-4507']
Live-Hack-CVE/CVE-2017-10198,"Vulnerability in the Java SE, Java SE Embedded, JRockit component of Oracle Java SE (subcomponent: Security). Supported versions that are affected are Java SE: 6u151, 7u141 and 8u131; Java SE Embedded: 8u131; JRockit: R28.3.14. Difficult to exploit vulnera",https://github.com/Live-Hack-CVE/CVE-2017-10198,['exploit'],1,2022-12-29T08:27:06+0000,3,0,,0,['CVE-2017-10198']
Live-Hack-CVE/CVE-2017-10176,"Vulnerability in the Java SE, Java SE Embedded, JRockit component of Oracle Java SE (subcomponent: Security). Supported versions that are affected are Java SE: 7u141 and 8u131; Java SE Embedded: 8u131; JRockit: R28.3.14. Easily exploitable vulnerability al",https://github.com/Live-Hack-CVE/CVE-2017-10176,['exploit'],1,2022-12-29T08:27:02+0000,3,0,,0,['CVE-2017-10176']
Live-Hack-CVE/CVE-2017-10193,"Vulnerability in the Java SE, Java SE Embedded component of Oracle Java SE (subcomponent: Security). Supported versions that are affected are Java SE: 6u151, 7u141 and 8u131; Java SE Embedded: 8u131. Difficult to exploit vulnerability allows unauthenticate",https://github.com/Live-Hack-CVE/CVE-2017-10193,['exploit'],1,2022-12-29T08:26:59+0000,3,0,,0,['CVE-2017-10193']
Live-Hack-CVE/CVE-2017-10118,"Vulnerability in the Java SE, Java SE Embedded, JRockit component of Oracle Java SE (subcomponent: JCE). Supported versions that are affected are Java SE: 7u141 and 8u131; Java SE Embedded: 8u131; JRockit: R28.3.14. Easily exploitable vulnerability allows ",https://github.com/Live-Hack-CVE/CVE-2017-10118,['exploit'],1,2022-12-29T08:26:55+0000,3,0,,0,['CVE-2017-10118']
Live-Hack-CVE/CVE-2017-10135,"Vulnerability in the Java SE, Java SE Embedded, JRockit component of Oracle Java SE (subcomponent: JCE). Supported versions that are affected are Java SE: 6u151, 7u141 and 8u131; Java SE Embedded: 8u131; JRockit: R28.3.14. Difficult to exploit vulnerabilit",https://github.com/Live-Hack-CVE/CVE-2017-10135,['exploit'],1,2022-12-29T08:26:51+0000,3,0,,0,['CVE-2017-10135']
Live-Hack-CVE/CVE-2017-10115,"Vulnerability in the Java SE, Java SE Embedded, JRockit component of Oracle Java SE (subcomponent: JCE). Supported versions that are affected are Java SE: 6u151, 7u141 and 8u131; Java SE Embedded: 8u131; JRockit: R28.3.14. Easily exploitable vulnerability ",https://github.com/Live-Hack-CVE/CVE-2017-10115,['exploit'],1,2022-12-29T08:26:48+0000,3,0,,0,['CVE-2017-10115']
Live-Hack-CVE/CVE-2017-10116,"Vulnerability in the Java SE, Java SE Embedded, JRockit component of Oracle Java SE (subcomponent: Security). Supported versions that are affected are Java SE: 6u151, 7u141 and 8u131; Java SE Embedded: 8u131; JRockit: R28.3.14. Difficult to exploit vulnera",https://github.com/Live-Hack-CVE/CVE-2017-10116,['exploit'],1,2022-12-29T08:26:44+0000,3,0,,0,['CVE-2017-10116']
Live-Hack-CVE/CVE-2017-10111,"Vulnerability in the Java SE, Java SE Embedded component of Oracle Java SE (subcomponent: Libraries). The supported version that is affected is Java SE: 8u131; Java SE Embedded: 8u131. Easily exploitable vulnerability allows unauthenticated attacker with n",https://github.com/Live-Hack-CVE/CVE-2017-10111,['exploit'],1,2022-12-29T08:26:41+0000,3,0,,0,['CVE-2017-10111']
Live-Hack-CVE/CVE-2020-13497,An exploitable vulnerability exists in the way Pixar OpenUSD 20.05 handles parses certain encoded types. A specially crafted malformed file can trigger an arbitrary out of bounds memory access in String Type Index. This vulnerability could be used to bypas,https://github.com/Live-Hack-CVE/CVE-2020-13497,['exploit'],1,2022-12-29T09:49:47+0000,1,0,,0,['CVE-2020-13497']
Live-Hack-CVE/CVE-2022-34428,"Dell Hybrid Client prior to version 1.8 contains a Regular Expression Denial of Service Vulnerability in the UI. An adversary with WMS group admin access could potentially exploit this vulnerability, leading to temporary denial-of-service. CVE project by @",https://github.com/Live-Hack-CVE/CVE-2022-34428,['exploit'],1,2022-12-29T09:49:51+0000,1,0,,0,['CVE-2022-34428']
Live-Hack-CVE/CVE-2022-34429,"Dell Hybrid Client below 1.8 version contains a Zip Slip Vulnerability in UI. A guest privilege attacker could potentially exploit this vulnerability, leading to system files modification. CVE project by @Sn0wAlice",https://github.com/Live-Hack-CVE/CVE-2022-34429,['exploit'],1,2022-12-29T09:49:54+0000,1,0,,0,['CVE-2022-34429']
Live-Hack-CVE/CVE-2020-13494,A heap overflow vulnerability exists in the Pixar OpenUSD 20.05 parsing of compressed string tokens in binary USD files. A specially crafted malformed file can trigger a heap overflow which can result in out of bounds memory access which could lead to info,https://github.com/Live-Hack-CVE/CVE-2020-13494,['heap overflow'],1,2022-12-29T09:50:02+0000,1,0,,0,['CVE-2020-13494']
Live-Hack-CVE/CVE-2021-4063,Use after free in developer tools in Google Chrome prior to 96.0.4664.93 allowed a remote attacker to potentially exploit heap corruption via a crafted HTML page. CVE project by @Sn0wAlice,https://github.com/Live-Hack-CVE/CVE-2021-4063,['exploit'],1,2022-12-29T11:56:11+0000,50,0,,0,['CVE-2021-4063']
Live-Hack-CVE/CVE-2021-4079,Out of bounds write in WebRTC in Google Chrome prior to 96.0.4664.93 allowed a remote attacker to potentially exploit heap corruption via crafted WebRTC packets. CVE project by @Sn0wAlice,https://github.com/Live-Hack-CVE/CVE-2021-4079,['exploit'],1,2022-12-29T11:56:07+0000,50,0,,0,['CVE-2021-4079']
Live-Hack-CVE/CVE-2021-4078,Type confusion in V8 in Google Chrome prior to 96.0.4664.93 allowed a remote attacker to potentially exploit heap corruption via a crafted HTML page. CVE project by @Sn0wAlice,https://github.com/Live-Hack-CVE/CVE-2021-4078,['exploit'],1,2022-12-29T11:56:03+0000,50,0,,0,['CVE-2021-4078']
Live-Hack-CVE/CVE-2021-4067,Use after free in window manager in Google Chrome on ChromeOS prior to 96.0.4664.93 allowed a remote attacker to potentially exploit heap corruption via a crafted HTML page. CVE project by @Sn0wAlice,https://github.com/Live-Hack-CVE/CVE-2021-4067,['exploit'],1,2022-12-29T11:55:56+0000,50,0,,0,['CVE-2021-4067']
Live-Hack-CVE/CVE-2021-4066,Integer underflow in ANGLE in Google Chrome prior to 96.0.4664.93 allowed a remote attacker to potentially exploit heap corruption via a crafted HTML page. CVE project by @Sn0wAlice,https://github.com/Live-Hack-CVE/CVE-2021-4066,['exploit'],1,2022-12-29T11:55:52+0000,50,0,,0,['CVE-2021-4066']
Live-Hack-CVE/CVE-2021-4065,Use after free in autofill in Google Chrome prior to 96.0.4664.93 allowed a remote attacker to potentially exploit heap corruption via a crafted HTML page. CVE project by @Sn0wAlice,https://github.com/Live-Hack-CVE/CVE-2021-4065,['exploit'],1,2022-12-29T11:55:47+0000,50,0,,0,['CVE-2021-4065']
Live-Hack-CVE/CVE-2021-4064,Use after free in screen capture in Google Chrome on ChromeOS prior to 96.0.4664.93 allowed a remote attacker to potentially exploit heap corruption via a crafted HTML page. CVE project by @Sn0wAlice,https://github.com/Live-Hack-CVE/CVE-2021-4064,['exploit'],1,2022-12-29T11:55:44+0000,50,0,,0,['CVE-2021-4064']
Live-Hack-CVE/CVE-2021-4062,Heap buffer overflow in BFCache in Google Chrome prior to 96.0.4664.93 allowed a remote attacker who had compromised the renderer process to potentially exploit heap corruption via a crafted HTML page. CVE project by @Sn0wAlice,https://github.com/Live-Hack-CVE/CVE-2021-4062,"['exploit', 'heap overflow']",2,2022-12-29T11:55:40+0000,50,0,,0,['CVE-2021-4062']
Live-Hack-CVE/CVE-2021-4061,Type confusion in V8 in Google Chrome prior to 96.0.4664.93 allowed a remote attacker to potentially exploit heap corruption via a crafted HTML page. CVE project by @Sn0wAlice,https://github.com/Live-Hack-CVE/CVE-2021-4061,['exploit'],1,2022-12-29T11:55:36+0000,50,0,,0,['CVE-2021-4061']
Live-Hack-CVE/CVE-2020-14562,Vulnerability in the Java SE product of Oracle Java SE (component: ImageIO). Supported versions that are affected are Java SE: 11.0.7 and 14.0.1. Easily exploitable vulnerability allows unauthenticated attacker with network access via multiple protocols to,https://github.com/Live-Hack-CVE/CVE-2020-14562,['exploit'],1,2022-12-29T11:55:32+0000,3,0,,0,['CVE-2020-14562']
Live-Hack-CVE/CVE-2021-27877,"An issue was discovered in Veritas Backup Exec before 21.2. It supports multiple authentication schemes: SHA authentication is one of these. This authentication scheme is no longer used in current versions of the product, but hadn't yet been disabled. An a",https://github.com/Live-Hack-CVE/CVE-2021-27877,['exploit'],1,2022-12-29T11:55:17+0000,1,0,,0,['CVE-2021-27877']
Live-Hack-CVE/CVE-2021-4058,Heap buffer overflow in ANGLE in Google Chrome prior to 96.0.4664.93 allowed a remote attacker to potentially exploit heap corruption via a crafted HTML page. CVE project by @Sn0wAlice,https://github.com/Live-Hack-CVE/CVE-2021-4058,"['exploit', 'heap overflow']",2,2022-12-29T11:55:10+0000,50,0,,0,['CVE-2021-4058']
Live-Hack-CVE/CVE-2021-4057,Use after free in file API in Google Chrome prior to 96.0.4664.93 allowed a remote attacker who had compromised the renderer process to potentially exploit heap corruption via a crafted HTML page. CVE project by @Sn0wAlice,https://github.com/Live-Hack-CVE/CVE-2021-4057,['exploit'],1,2022-12-29T11:54:47+0000,50,0,,0,['CVE-2021-4057']
Live-Hack-CVE/CVE-2021-4056,Type confusion in loader in Google Chrome prior to 96.0.4664.93 allowed a remote attacker to potentially exploit heap corruption via a crafted HTML page. CVE project by @Sn0wAlice,https://github.com/Live-Hack-CVE/CVE-2021-4056,['exploit'],1,2022-12-29T11:54:43+0000,50,0,,0,['CVE-2021-4056']
Live-Hack-CVE/CVE-2021-4055,Heap buffer overflow in extensions in Google Chrome prior to 96.0.4664.93 allowed an attacker who convinced a user to install a malicious extension to potentially exploit heap corruption via a crafted Chrome Extension. CVE project by @Sn0wAlice,https://github.com/Live-Hack-CVE/CVE-2021-4055,"['exploit', 'heap overflow']",2,2022-12-29T11:54:40+0000,50,0,,0,['CVE-2021-4055']
Live-Hack-CVE/CVE-2021-4053,Use after free in UI in Google Chrome on Linux prior to 96.0.4664.93 allowed a remote attacker to potentially exploit heap corruption via a crafted HTML page. CVE project by @Sn0wAlice,https://github.com/Live-Hack-CVE/CVE-2021-4053,['exploit'],1,2022-12-29T11:54:32+0000,50,0,,0,['CVE-2021-4053']
Live-Hack-CVE/CVE-2021-4052,Use after free in web apps in Google Chrome prior to 96.0.4664.93 allowed an attacker who convinced a user to install a malicious extension to potentially exploit heap corruption via a crafted Chrome Extension. CVE project by @Sn0wAlice,https://github.com/Live-Hack-CVE/CVE-2021-4052,['exploit'],1,2022-12-29T11:54:28+0000,50,0,,0,['CVE-2021-4052']
Live-Hack-CVE/CVE-2022-39256,Orckestra C1 CMS is a .NET based Web Content Management System. A vulnerability in versions prior to 6.13 allows remote attackers to execute arbitrary code on affected installations of Orckestra C1 CMS. Authentication is required to exploit this vulnerabil,https://github.com/Live-Hack-CVE/CVE-2022-39256,['exploit'],1,2022-12-29T11:54:06+0000,1,0,,0,['CVE-2022-39256']
Live-Hack-CVE/CVE-2022-37346,EC-CUBE plugin 'Product Image Bulk Upload Plugin' 1.0.0 and 4.1.0 contains an insufficient verification vulnerability when uploading files. Exploiting this vulnerability allows a remote unauthenticated attacker to upload arbitrary files other than image fi,https://github.com/Live-Hack-CVE/CVE-2022-37346,['exploit'],1,2022-12-29T11:53:21+0000,1,0,,0,['CVE-2022-37346']
Live-Hack-CVE/CVE-2022-23006,"A stack-based buffer overflow vulnerability was found on Western Digital My Cloud Home, My Cloud Home Duo, and SanDisk ibi that could allow an attacker accessing the system locally to read information from /etc/version file. This vulnerability can only be ",https://github.com/Live-Hack-CVE/CVE-2022-23006,['exploit'],1,2022-12-29T11:53:10+0000,1,0,,0,['CVE-2022-23006']
Live-Hack-CVE/CVE-2022-39243,"NuProcess is an external process execution implementation for Java. In all the versions of NuProcess where it forks processes by using the JVM's Java_java_lang_UNIXProcess_forkAndExec method (1.2.0+), attackers can use NUL characters in their strings to pe",https://github.com/Live-Hack-CVE/CVE-2022-39243,['command injection'],1,2022-12-29T11:52:32+0000,2,0,,0,['CVE-2022-39243']
Live-Hack-CVE/CVE-2022-3349,A vulnerability was found in Sony PS4 and PS5. It has been classified as critical. This affects the function UVFAT_readupcasetable of the component exFAT Handler. The manipulation of the argument dataLength leads to heap-based buffer overflow. It is possib,https://github.com/Live-Hack-CVE/CVE-2022-3349,['heap overflow'],1,2022-12-29T11:52:18+0000,1,0,,0,['CVE-2022-3349']
Live-Hack-CVE/CVE-2022-40785,Unsanitized input when setting a locale file leads to shell injection in mIPC camera firmware 5.3.1.2003161406. This allows an attacker to gain remote code execution on cameras running the firmware when a victim logs into a specially crafted mobile app. CV,https://github.com/Live-Hack-CVE/CVE-2022-40785,['remote code execution'],1,2022-12-29T11:52:15+0000,1,0,,0,['CVE-2022-40785']
Live-Hack-CVE/CVE-2022-40630,"This vulnerability exists in Tacitine Firewall, all versions of EN6200-PRIME QUAD-35 and EN6200-PRIME QUAD-100 between 19.1.1 to 22.20.1 (inclusive), due to improper session management in the Tacitine Firewall web-based management interface. An unauthentic",https://github.com/Live-Hack-CVE/CVE-2022-40630,['exploit'],1,2022-12-29T11:51:19+0000,1,0,,0,['CVE-2022-40630']
Live-Hack-CVE/CVE-2022-40912,ETAP Lighting International NV ETAP Safety Manager 1.0.0.32 is vulnerable to Cross Site Scripting (XSS). Input passed to the GET parameter 'action' is not properly sanitized before being returned to the user. This can be exploited to execute arbitrary HTML,https://github.com/Live-Hack-CVE/CVE-2022-40912,['exploit'],1,2022-12-29T11:51:05+0000,1,0,,0,['CVE-2022-40912']
Live-Hack-CVE/CVE-2022-35893,An issue was discovered in Insyde InsydeH2O with kernel 5.0 through 5.5. An SMM memory corruption vulnerability in the FvbServicesRuntimeDxe driver allows an attacker to write fixed or predictable data to SMRAM. Exploiting this issue could lead to escalati,https://github.com/Live-Hack-CVE/CVE-2022-35893,['exploit'],1,2022-12-29T11:50:43+0000,2,0,,0,['CVE-2022-35893']
Live-Hack-CVE/CVE-2022-40855,Tenda W20E router V15.11.0.6 contains a stack overflow in the function formSetPortMapping with post request 'goform/setPortMapping/'. This vulnerability allows attackers to cause a Denial of Service (DoS) or Remote Code Execution (RCE) via the portMappingS,https://github.com/Live-Hack-CVE/CVE-2022-40855,"['rce', 'remote code execution']",2,2022-12-29T11:49:32+0000,1,0,,0,['CVE-2022-40855']
Live-Hack-CVE/CVE-2022-30789,A crafted NTFS image can cause a heap-based buffer overflow in ntfs_check_log_client_array in NTFS-3G through 2021.8.22. CVE project by @Sn0wAlice,https://github.com/Live-Hack-CVE/CVE-2022-30789,['heap overflow'],1,2022-12-29T11:48:28+0000,2,0,,0,['CVE-2022-30789']
Live-Hack-CVE/CVE-2022-30788,A crafted NTFS image can cause a heap-based buffer overflow in ntfs_mft_rec_alloc in NTFS-3G through 2021.8.22. CVE project by @Sn0wAlice,https://github.com/Live-Hack-CVE/CVE-2022-30788,['heap overflow'],1,2022-12-29T11:48:25+0000,2,0,,0,['CVE-2022-30788']
Live-Hack-CVE/CVE-2022-30786,A crafted NTFS image can cause a heap-based buffer overflow in ntfs_names_full_collate in NTFS-3G through 2021.8.22. CVE project by @Sn0wAlice,https://github.com/Live-Hack-CVE/CVE-2022-30786,['heap overflow'],1,2022-12-29T11:57:38+0000,2,0,,0,['CVE-2022-30786']
Live-Hack-CVE/CVE-2020-10919,This vulnerability allows remote attackers to disclose sensitive information on affected installations of C-MORE HMI EA9 Firmware version 6.52 touch screen panels. Authentication is not required to exploit this vulnerability. The specific flaw exists withi,https://github.com/Live-Hack-CVE/CVE-2020-10919,['exploit'],1,2022-12-29T12:28:21+0000,1,0,,0,['CVE-2020-10919']
Live-Hack-CVE/CVE-2021-27271,This vulnerability allows remote attackers to execute arbitrary code on affected installations of Foxit PhantomPDF 10.1.0.37527. User interaction is required to exploit this vulnerability in that the target must visit a malicious page or open a malicious f,https://github.com/Live-Hack-CVE/CVE-2021-27271,['exploit'],1,2022-12-29T12:28:44+0000,4,0,,0,['CVE-2021-27271']
Live-Hack-CVE/CVE-2022-38742,"Rockwell Automation ThinManager ThinServer versions 11.0.0 - 13.0.0 is vulnerable to a heap-based buffer overflow. An attacker could send a specifically crafted TFTP or HTTPS request, causing a heap-based buffer overflow that crashes the ThinServer process",https://github.com/Live-Hack-CVE/CVE-2022-38742,"['exploit', 'heap overflow']",2,2022-12-29T12:41:23+0000,1,0,,0,['CVE-2022-38742']
Live-Hack-CVE/CVE-2020-2773,"Vulnerability in the Java SE, Java SE Embedded product of Oracle Java SE (component: Security). Supported versions that are affected are Java SE: 7u251, 8u241, 11.0.6 and 14; Java SE Embedded: 8u241. Difficult to exploit vulnerability allows unauthenticate",https://github.com/Live-Hack-CVE/CVE-2020-2773,['exploit'],1,2022-12-29T13:18:21+0000,4,0,,0,['CVE-2020-2773']
Live-Hack-CVE/CVE-2020-2781,"Vulnerability in the Java SE, Java SE Embedded product of Oracle Java SE (component: JSSE). Supported versions that are affected are Java SE: 7u251, 8u241, 11.0.6 and 14; Java SE Embedded: 8u241. Easily exploitable vulnerability allows unauthenticated atta",https://github.com/Live-Hack-CVE/CVE-2020-2781,['exploit'],1,2022-12-29T13:18:05+0000,4,0,,0,['CVE-2020-2781']
Live-Hack-CVE/CVE-2019-9959,"The JPXStream::init function in Poppler 0.78.0 and earlier doesn't check for negative values of stream length, leading to an Integer Overflow, thereby making it possible to allocate a large memory chunk on the heap, with a size controlled by an attacker, a",https://github.com/Live-Hack-CVE/CVE-2019-9959,['heap overflow'],1,2022-12-29T13:17:39+0000,3,0,,0,['CVE-2019-9959']
Live-Hack-CVE/CVE-2022-39224,"Arr-pm is an RPM reader/writer library written in Ruby. Versions prior to 0.0.12 are subject to OS command injection resulting in shell execution if the RPM contains a malicious ""payload compressor"" field. This vulnerability impacts the `extract` and `file",https://github.com/Live-Hack-CVE/CVE-2022-39224,['command injection'],1,2022-12-29T13:17:12+0000,1,0,,0,['CVE-2022-39224']
Live-Hack-CVE/CVE-2022-40261,"An attacker can exploit this vulnerability to elevate privileges from ring 0 to ring -2, execute arbitrary code in System Management Mode - an environment more privileged than operating system (OS) and completely isolated from it. Running arbitrary code in",https://github.com/Live-Hack-CVE/CVE-2022-40261,['exploit'],1,2022-12-29T13:16:23+0000,2,0,,0,['CVE-2022-40261']
Live-Hack-CVE/CVE-2022-40089,A remote file inclusion (RFI) vulnerability in Simple College Website v1.0 allows attackers to execute arbitrary code via a crafted PHP file. This vulnerability is exploitable when the directive allow_url_include is set to On. CVE project by @Sn0wAlice,https://github.com/Live-Hack-CVE/CVE-2022-40089,['exploit'],1,2022-12-29T13:16:20+0000,1,0,,0,['CVE-2022-40089']
Live-Hack-CVE/CVE-2022-30426,"There is a stack buffer overflow vulnerability, which could lead to arbitrary code execution in UEFI DXE driver on some Acer products. An attack could exploit this vulnerability to escalate privilege from ring 3 to ring 0, and hijack control flow during UE",https://github.com/Live-Hack-CVE/CVE-2022-30426,['exploit'],1,2022-12-29T13:16:16+0000,2,0,,0,['CVE-2022-30426']
Live-Hack-CVE/CVE-2022-28721,Certain HP Print Products are potentially vulnerable to Remote Code Execution. CVE project by @Sn0wAlice,https://github.com/Live-Hack-CVE/CVE-2022-28721,['remote code execution'],1,2022-12-29T13:15:27+0000,1,0,,0,['CVE-2022-28721']
Live-Hack-CVE/CVE-2022-39240,MyGraph is a permission management system. Versions prior to 1.0.4 are vulnerable to a storage XSS vulnerability leading to Remote Code Execution. This issue is patched in version 1.0.4. There is no known workaround. CVE project by @Sn0wAlice,https://github.com/Live-Hack-CVE/CVE-2022-39240,['remote code execution'],1,2022-12-29T13:14:25+0000,1,0,,0,['CVE-2022-39240']
Live-Hack-CVE/CVE-2022-3218,"Due to a reliance on client-side authentication, the WiFi Mouse (Mouse Server) from Necta LLC's authentication mechanism is trivially bypassed, which can result in remote code execution. CVE project by @Sn0wAlice",https://github.com/Live-Hack-CVE/CVE-2022-3218,['remote code execution'],1,2022-12-29T12:42:36+0000,1,0,,0,['CVE-2022-3218']
Live-Hack-CVE/CVE-2022-38439,"Adobe Experience Manager versions 6.5.13.0 (and earlier) is affected by a reflected Cross-Site Scripting (XSS) vulnerability. If an attacker is able to convince a victim to visit a URL referencing a vulnerable page, malicious JavaScript content may be exec",https://github.com/Live-Hack-CVE/CVE-2022-38439,['exploit'],1,2022-12-29T12:41:53+0000,2,0,,0,['CVE-2022-38439']
Live-Hack-CVE/CVE-2022-38438,"Adobe Experience Manager versions 6.5.13.0 (and earlier) is affected by a reflected Cross-Site Scripting (XSS) vulnerability. If an attacker is able to convince a victim to visit a URL referencing a vulnerable page, malicious JavaScript content may be exec",https://github.com/Live-Hack-CVE/CVE-2022-38438,['exploit'],1,2022-12-29T12:41:49+0000,2,0,,0,['CVE-2022-38438']
Live-Hack-CVE/CVE-2022-40628,"This vulnerability exists in Tacitine Firewall, all versions of EN6200-PRIME QUAD-35 and EN6200-PRIME QUAD-100 between 19.1.1 to 22.20.1 (inclusive), due to improper control of code generation in the Tacitine Firewall web-based management interface. An una",https://github.com/Live-Hack-CVE/CVE-2022-40628,['exploit'],1,2022-12-29T12:41:46+0000,1,0,,0,['CVE-2022-40628']
Live-Hack-CVE/CVE-2022-2070,"In Grandstream GSD3710 in its 1.0.11.13 version, it's possible to overflow the stack since it doesn't check the param length before using the sscanf instruction. Because of that, an attacker could create a socket and connect with a remote IP:port by openin",https://github.com/Live-Hack-CVE/CVE-2022-2070,['exploit'],1,2022-12-29T12:41:09+0000,1,0,,0,['CVE-2022-2070']
Live-Hack-CVE/CVE-2021-27242,This vulnerability allows local attackers to escalate privileges on affected installations of Parallels Desktop 16.0.1-48919. An attacker must first obtain the ability to execute low-privileged code on the target guest system in order to exploit this vulne,https://github.com/Live-Hack-CVE/CVE-2021-27242,['exploit'],1,2022-12-29T12:28:47+0000,1,0,,0,['CVE-2021-27242']
Live-Hack-CVE/CVE-2022-40629,"This vulnerability exists in Tacitine Firewall, all versions of EN6200-PRIME QUAD-35 and EN6200-PRIME QUAD-100 between 19.1.1 to 22.20.1 (inclusive), due to insecure design in the Tacitine Firewall web-based management interface. An unauthenticated remote ",https://github.com/Live-Hack-CVE/CVE-2022-40629,['exploit'],1,2022-12-29T12:40:44+0000,1,0,,0,['CVE-2022-40629']
Live-Hack-CVE/CVE-2022-2998,Use after free in Browser Creation in Google Chrome prior to 104.0.5112.101 allowed a remote attacker who had convinced a user to engage in a specific UI interaction to potentially exploit heap corruption via a crafted HTML page. CVE project by @Sn0wAlice,https://github.com/Live-Hack-CVE/CVE-2022-2998,['exploit'],1,2022-12-29T12:40:37+0000,62,0,,0,['CVE-2022-2998']
Live-Hack-CVE/CVE-2022-35096,SWFTools commit 772e55a2 was discovered to contain a heap-buffer overflow via draw_stroke at /gfxpoly/stroke.c. CVE project by @Sn0wAlice,https://github.com/Live-Hack-CVE/CVE-2022-35096,['heap overflow'],1,2022-12-29T12:40:08+0000,1,0,,0,['CVE-2022-35096']
Live-Hack-CVE/CVE-2022-35098,SWFTools commit 772e55a2 was discovered to contain a heap-buffer overflow via GfxICCBasedColorSpace::getDefaultColor(GfxColor*) at /xpdf/GfxState.cc. CVE project by @Sn0wAlice,https://github.com/Live-Hack-CVE/CVE-2022-35098,['heap overflow'],1,2022-12-29T12:40:01+0000,1,0,,0,['CVE-2022-35098']
Live-Hack-CVE/CVE-2022-35094,SWFTools commit 772e55a2 was discovered to contain a heap-buffer overflow via DCTStream::readHuffSym(DCTHuffTable*) at /xpdf/Stream.cc. CVE project by @Sn0wAlice,https://github.com/Live-Hack-CVE/CVE-2022-35094,['heap overflow'],1,2022-12-29T12:35:08+0000,1,0,,0,['CVE-2022-35094']
Live-Hack-CVE/CVE-2022-40100,Tenda i9 v1.0.0.8(3828) was discovered to contain a command injection vulnerability via the FormexeCommand function. CVE project by @Sn0wAlice,https://github.com/Live-Hack-CVE/CVE-2022-40100,['command injection'],1,2022-12-29T12:34:46+0000,1,0,,0,['CVE-2022-40100']
Live-Hack-CVE/CVE-2021-41233,"Nextcloud text is a collaborative document editing using Markdown built for the nextcloud server. Due to an issue with the Nextcloud Text application, which is by default shipped with Nextcloud Server, an attacker is able to access the folder names of ""Fil",https://github.com/Live-Hack-CVE/CVE-2021-41233,['exploit'],1,2022-12-29T12:31:23+0000,8,0,,0,['CVE-2021-41233']
Live-Hack-CVE/CVE-2017-0890,Nextcloud Server before 11.0.3 is vulnerable to an inadequate escaping leading to a XSS vulnerability in the search module. To be exploitable a user has to write or paste malicious content into the search dialogue. CVE project by @Sn0wAlice,https://github.com/Live-Hack-CVE/CVE-2017-0890,['exploit'],1,2022-12-29T12:30:05+0000,4,0,,0,['CVE-2017-0890']
Live-Hack-CVE/CVE-2022-2566,A heap out-of-bounds memory write exists in FFMPEG since version 5.1. The size calculation in `build_open_gop_key_points()` goes through all entries in the loop and adds `sc->ctts_data[i].count` to `sc->sample_offsets_count`. This can lead to an integer ov,https://github.com/Live-Hack-CVE/CVE-2022-2566,['heap overflow'],1,2022-12-29T12:29:47+0000,1,0,,0,['CVE-2022-2566']
Live-Hack-CVE/CVE-2022-34348,IBM Sterling Partner Engagement Manager 6.1 is vulnerable to an XML External Entity Injection (XXE) attack when processing XML data. A remote attacker could exploit this vulnerability to expose sensitive information or consume memory resources. IBM X-Force,https://github.com/Live-Hack-CVE/CVE-2022-34348,['exploit'],1,2022-12-29T12:29:40+0000,1,0,,0,['CVE-2022-34348']
Live-Hack-CVE/CVE-2021-41003,"Multiple unauthenticated command injection vulnerabilities were discovered in the AOS-CX API interface in Aruba CX 6200F Switch Series, Aruba 6300 Switch Series, Aruba 6400 Switch Series, Aruba 8320 Switch Series, Aruba 8325 Switch Series, Aruba 8400 Switc",https://github.com/Live-Hack-CVE/CVE-2021-41003,['command injection'],1,2022-12-29T12:29:25+0000,2,0,,0,['CVE-2021-41003']
Live-Hack-CVE/CVE-2021-41001,"An authenticated remote code execution vulnerability was discovered in the AOS-CX Network Analytics Engine (NAE) in Aruba CX 6200F Switch Series, Aruba 6300 Switch Series, Aruba 6400 Switch Series, Aruba 8320 Switch Series, Aruba 8325 Switch Series, Aruba ",https://github.com/Live-Hack-CVE/CVE-2021-41001,['remote code execution'],1,2022-12-29T12:29:08+0000,1,0,,0,['CVE-2021-41001']
Live-Hack-CVE/CVE-2021-41000,"Multiple authenticated remote code execution vulnerabilities were discovered in the AOS-CX command line interface in Aruba CX 6200F Switch Series, Aruba 6300 Switch Series, Aruba 6400 Switch Series, Aruba 8320 Switch Series, Aruba 8325 Switch Series, Aruba",https://github.com/Live-Hack-CVE/CVE-2021-41000,['remote code execution'],1,2022-12-29T12:29:04+0000,1,0,,0,['CVE-2021-41000']
Live-Hack-CVE/CVE-2022-35282,"IBM WebSphere Application Server 7.0, 8.0, 8.5, and 9.0 is vulnerable to server-side request forgery (SSRF). By sending a specially crafted request, an attacker with local network access could exploit this vulnerability to obtain sensitive data. CVE projec",https://github.com/Live-Hack-CVE/CVE-2022-35282,['exploit'],1,2022-12-29T11:48:18+0000,2,0,,0,['CVE-2022-35282']
Live-Hack-CVE/CVE-2021-45078,"stab_xcoff_builtin_type in stabs.c in GNU Binutils through 2.37 allows attackers to cause a denial of service (heap-based buffer overflow) or possibly have unspecified other impact, as demonstrated by an out-of-bounds write. NOTE: this issue exists because",https://github.com/Live-Hack-CVE/CVE-2021-45078,['heap overflow'],1,2022-12-29T11:47:30+0000,2,0,,0,"['CVE-2018-12699', 'CVE-2021-45078']"
Live-Hack-CVE/CVE-2021-33515,The submission service in Dovecot before 2.3.15 allows STARTTLS command injection in lib-smtp. Sensitive information can be redirected to an attacker-controlled address. CVE project by @Sn0wAlice,https://github.com/Live-Hack-CVE/CVE-2021-33515,['command injection'],1,2022-12-29T11:16:25+0000,3,0,,0,['CVE-2021-33515']
Live-Hack-CVE/CVE-2019-5797,Double free in DOMStorage in Google Chrome prior to 73.0.3683.75 allowed a remote attacker to potentially exploit heap corruption via a crafted HTML page. CVE project by @Sn0wAlice,https://github.com/Live-Hack-CVE/CVE-2019-5797,['exploit'],1,2022-12-29T10:29:07+0000,34,0,,0,['CVE-2019-5797']
Live-Hack-CVE/CVE-2022-38932,readelf in ToaruOS 2.0.1 has a global overflow allowing RCE when parsing a crafted ELF file. CVE project by @Sn0wAlice,https://github.com/Live-Hack-CVE/CVE-2022-38932,['rce'],1,2022-12-29T11:05:46+0000,1,0,,0,['CVE-2022-38932']
ut3q/ExploitScripts,Scripts I've made for roblox exploits!,https://github.com/ut3q/ExploitScripts,['exploit'],1,2022-12-29T12:28:04+0000,33,0,,0,[]
Live-Hack-CVE/CVE-2022-40048,Flatpress v1.2.1 was discovered to contain a remote code execution (RCE) vulnerability in the Upload File function. CVE project by @Sn0wAlice,https://github.com/Live-Hack-CVE/CVE-2022-40048,"['rce', 'remote code execution']",2,2022-12-29T10:32:16+0000,1,0,,0,['CVE-2022-40048']
Live-Hack-CVE/CVE-2022-38012,Microsoft Edge (Chromium-based) Remote Code Execution Vulnerability. CVE project by @Sn0wAlice,https://github.com/Live-Hack-CVE/CVE-2022-38012,['remote code execution'],1,2022-12-29T10:32:13+0000,1,0,,0,['CVE-2022-38012']
Live-Hack-CVE/CVE-2022-3354,A vulnerability has been found in Open5GS up to 2.4.10 and classified as problematic. This vulnerability affects unknown code in the library lib/core/ogs-tlv-msg.c of the component UDP Packet Handler. The manipulation leads to denial of service. The exploi,https://github.com/Live-Hack-CVE/CVE-2022-3354,['exploit'],1,2022-12-29T10:31:56+0000,2,0,,0,['CVE-2022-3354']
Live-Hack-CVE/CVE-2022-30330,"In the KeepKey firmware before 7.3.2,Flaws in the supervisor interface can be exploited to bypass important security restrictions on firmware operations. Using these flaws, malicious firmware code can elevate privileges, permanently make the device inopera",https://github.com/Live-Hack-CVE/CVE-2022-30330,['exploit'],1,2022-12-29T10:31:01+0000,2,0,,0,['CVE-2022-30330']
Live-Hack-CVE/CVE-2022-24409,Dell BSAFE SSL-J contains remediation for a covert timing channel vulnerability that may be exploited by malicious users to compromise the affected system. Only customers with active BSAFE maintenance contracts can receive details about this vulnerability.,https://github.com/Live-Hack-CVE/CVE-2022-24409,['exploit'],1,2022-12-29T10:30:07+0000,1,0,,0,['CVE-2022-24409']
Live-Hack-CVE/CVE-2022-27002,"Arris TR3300 v1.0.13 were discovered to contain a command injection vulnerability in the ddns function via the ddns_name, ddns_pwd, h_ddns?ddns_host parameters. This vulnerability allows attackers to execute arbitrary commands via a crafted request. CVE pr",https://github.com/Live-Hack-CVE/CVE-2022-27002,['command injection'],1,2022-12-29T10:30:04+0000,1,0,,0,['CVE-2022-27002']
Live-Hack-CVE/CVE-2020-27249,"A specially crafted document can cause the document parser to copy data from a particular record type into a static-sized buffer within an object that is smaller than the size used for the copy, which will cause a heap-based buffer overflow. In version/Ins",https://github.com/Live-Hack-CVE/CVE-2020-27249,['heap overflow'],1,2022-12-29T10:29:53+0000,1,0,,0,['CVE-2020-27249']
Live-Hack-CVE/CVE-2020-27250,"In SoftMaker Software GmbH SoftMaker Office PlanMaker 2021 (Revision 1014), a specially crafted document can cause the document parser to copy data from a particular record type into a static-sized buffer within an object that is smaller than the size used",https://github.com/Live-Hack-CVE/CVE-2020-27250,['heap overflow'],1,2022-12-29T10:29:50+0000,1,0,,0,['CVE-2020-27250']
Live-Hack-CVE/CVE-2020-28587,"A specially crafted document can cause the document parser to copy data from a particular record type into a static-sized buffer within an object that is smaller than the size used for the copy, which will cause a heap-based buffer overflow. An attacker ca",https://github.com/Live-Hack-CVE/CVE-2020-28587,['heap overflow'],1,2022-12-29T10:29:46+0000,1,0,,0,['CVE-2020-28587']
Live-Hack-CVE/CVE-2020-13554,"An exploitable local privilege elevation vulnerability exists in the file system permissions of Advantech WebAccess/SCADA 9.0.1 installation. In webvrpcs Run Key Privilege Escalation in installation folder of WebAccess, an attacker can either replace binar",https://github.com/Live-Hack-CVE/CVE-2020-13554,['exploit'],1,2022-12-29T10:29:14+0000,1,0,,0,['CVE-2020-13554']
Live-Hack-CVE/CVE-2021-1382,"A vulnerability in the CLI of Cisco IOS XE SD-WAN Software could allow an authenticated, local attacker to inject arbitrary commands to be executed with root privileges on the underlying operating system. This vulnerability is due to insufficient input val",https://github.com/Live-Hack-CVE/CVE-2021-1382,['exploit'],1,2022-12-29T10:29:10+0000,8,0,,0,['CVE-2021-1382']
Live-Hack-CVE/CVE-2021-21805,An OS Command Injection vulnerability exists in the ping.php script functionality of Advantech R-SeeNet v 2.4.12 (20.10.2020). A specially crafted HTTP request can lead to arbitrary OS command execution. An attacker can send a crafted HTTP request to trigg,https://github.com/Live-Hack-CVE/CVE-2021-21805,['command injection'],1,2022-12-29T10:28:13+0000,1,0,,0,['CVE-2021-21805']
Live-Hack-CVE/CVE-2020-20444,"Jact OpenClinic 0.8.20160412 allows the attacker to read server files after login to the the admin account by an infected 'file' GET parameter in '/shared/view_source.php' which ""could"" lead to RCE vulnerability . CVE project by @Sn0wAlice",https://github.com/Live-Hack-CVE/CVE-2020-20444,['rce'],1,2022-12-29T11:06:15+0000,1,0,,0,['CVE-2020-20444']
Live-Hack-CVE/CVE-2020-14591,Vulnerability in the MySQL Server product of Oracle MySQL (component: Server: Audit Plug-in). Supported versions that are affected are 8.0.20 and prior. Easily exploitable vulnerability allows low privileged attacker with network access via multiple protoc,https://github.com/Live-Hack-CVE/CVE-2020-14591,['exploit'],1,2022-12-29T10:28:03+0000,2,0,,0,['CVE-2020-14591']
Live-Hack-CVE/CVE-2020-16225,"Delta Electronics TPEditor Versions 1.97 and prior. A write-what-where condition may be exploited by processing a specially crafted project file. Successful exploitation of this vulnerability may allow an attacker to read/modify information, execute arbitr",https://github.com/Live-Hack-CVE/CVE-2020-16225,['exploit'],1,2022-12-29T10:27:55+0000,1,0,,0,['CVE-2020-16225']
Live-Hack-CVE/CVE-2020-16221,"Delta Electronics TPEditor Versions 1.97 and prior. A stack-based buffer overflow may be exploited by processing a specially crafted project file. Successful exploitation of this vulnerability may allow an attacker to read/modify information, execute arbit",https://github.com/Live-Hack-CVE/CVE-2020-16221,['exploit'],1,2022-12-29T10:27:52+0000,1,0,,0,['CVE-2020-16221']
Live-Hack-CVE/CVE-2020-16219,"Delta Electronics TPEditor Versions 1.97 and prior. An out-of-bounds read may be exploited by processing specially crafted project files. Successful exploitation of this vulnerability may allow an attacker to read/modify information, execute arbitrary code",https://github.com/Live-Hack-CVE/CVE-2020-16219,['exploit'],1,2022-12-29T10:27:28+0000,1,0,,0,['CVE-2020-16219']
Live-Hack-CVE/CVE-2020-16223,"Delta Electronics TPEditor Versions 1.97 and prior. A heap-based buffer overflow may be exploited by processing a specially crafted project file. Successful exploitation of this vulnerability may allow an attacker to read/modify information, execute arbitr",https://github.com/Live-Hack-CVE/CVE-2020-16223,"['exploit', 'heap overflow']",2,2022-12-29T10:27:24+0000,1,0,,0,['CVE-2020-16223']
Live-Hack-CVE/CVE-2022-40314,A remote code execution risk when restoring backup files originating from Moodle 1.9 was identified. CVE project by @Sn0wAlice,https://github.com/Live-Hack-CVE/CVE-2022-40314,['remote code execution'],1,2022-12-29T10:26:46+0000,1,0,,0,['CVE-2022-40314']
Live-Hack-CVE/CVE-2022-41428,Bento4 v1.6.0-639 was discovered to contain a heap overflow via the AP4_BitReader::ReadBits function in mp4mux. CVE project by @Sn0wAlice,https://github.com/Live-Hack-CVE/CVE-2022-41428,['heap overflow'],1,2022-12-29T10:24:34+0000,1,0,,0,['CVE-2022-41428']
Live-Hack-CVE/CVE-2020-6371,"User enumeration vulnerability can be exploited to get a list of user accounts and personal user information can be exposed in SAP NetWeaver Application Server ABAP (POWL test application) versions - 710, 711, 730, 731, 740, 750, leading to Information Dis",https://github.com/Live-Hack-CVE/CVE-2020-6371,['exploit'],1,2022-12-29T09:52:54+0000,1,0,,0,['CVE-2020-6371']
Live-Hack-CVE/CVE-2020-13493,A heap overflow vulnerability exists in Pixar OpenUSD 20.05 when the software parses compressed sections in binary USD files. A specially crafted USDC file format path jumps decompression heap overflow in a way path jumps are processed. To trigger this vul,https://github.com/Live-Hack-CVE/CVE-2020-13493,['heap overflow'],1,2022-12-29T09:51:07+0000,1,0,,0,['CVE-2020-13493']
Live-Hack-CVE/CVE-2022-31762,The AMS module has a vulnerability in input validation. Successful exploitation of this vulnerability may cause privilege escalation. CVE project by @Sn0wAlice,https://github.com/Live-Hack-CVE/CVE-2022-31762,['exploit'],1,2022-12-29T09:51:03+0000,1,0,,0,['CVE-2022-31762']
Live-Hack-CVE/CVE-2022-31755,The communication module has a vulnerability of improper permission preservation. Successful exploitation of this vulnerability may affect system availability. CVE project by @Sn0wAlice,https://github.com/Live-Hack-CVE/CVE-2022-31755,['exploit'],1,2022-12-29T09:50:40+0000,1,0,,0,['CVE-2022-31755']
Live-Hack-CVE/CVE-2022-31751,The kernel emcom module has multi-thread contention. Successful exploitation of this vulnerability may affect system availability. CVE project by @Sn0wAlice,https://github.com/Live-Hack-CVE/CVE-2022-31751,['exploit'],1,2022-12-29T09:50:12+0000,1,0,,0,['CVE-2022-31751']
Live-Hack-CVE/CVE-2022-0788,"The WP Fundraising Donation and Crowdfunding Platform WordPress plugin before 1.5.0 does not sanitise and escape a parameter before using it in a SQL statement via one of it's REST route, leading to an SQL injection exploitable by unauthenticated users CVE",https://github.com/Live-Hack-CVE/CVE-2022-0788,['exploit'],1,2022-12-29T09:50:09+0000,1,0,,0,['CVE-2022-0788']
Live-Hack-CVE/CVE-2020-20467,"White Shark System (WSS) 1.3.2 is vulnerable to sensitive information disclosure via default_task_add.php, remote attackers can exploit the vulnerability to create a task. CVE project by @Sn0wAlice",https://github.com/Live-Hack-CVE/CVE-2020-20467,['exploit'],1,2022-12-29T11:06:04+0000,1,0,,0,['CVE-2020-20467']
Live-Hack-CVE/CVE-2017-3317,"Vulnerability in the MySQL Server component of Oracle MySQL (subcomponent: Logging). Supported versions that are affected are 5.5.53 and earlier, 5.6.34 and earlier and 5.7.16 and earlier. Difficult to exploit vulnerability allows high privileged attacker ",https://github.com/Live-Hack-CVE/CVE-2017-3317,['exploit'],1,2022-12-29T11:06:19+0000,3,0,,0,['CVE-2017-3317']
Live-Hack-CVE/CVE-2022-0791,Use after free in Omnibox in Google Chrome prior to 99.0.4844.51 allowed a remote attacker who convinced a user to engage in specific user interactions to potentially exploit heap corruption via user interactions. CVE project by @Sn0wAlice,https://github.com/Live-Hack-CVE/CVE-2022-0791,['exploit'],1,2022-12-29T11:16:11+0000,56,0,,0,['CVE-2022-0791']
Live-Hack-CVE/CVE-2022-25371,Apache OFBiz uses the Birt project plugin (https://eclipse.github.io/birt-website/) to create data visualizations and reports. By leveraging a bug in Birt (https://bugs.eclipse.org/bugs/show_bug.cgi?id=538142) it is possible to perform a remote code execut,https://github.com/Live-Hack-CVE/CVE-2022-25371,"['rce', 'remote code execution']",2,2022-12-29T11:09:31+0000,2,0,,0,['CVE-2022-25371']
Live-Hack-CVE/CVE-2022-0805,Use after free in Browser Switcher in Google Chrome prior to 99.0.4844.51 allowed a remote attacker who convinced a user to engage in specific user interaction to potentially exploit heap corruption via user interaction. CVE project by @Sn0wAlice,https://github.com/Live-Hack-CVE/CVE-2022-0805,['exploit'],1,2022-12-29T11:15:07+0000,56,0,,0,['CVE-2022-0805']
Live-Hack-CVE/CVE-2020-14664,Vulnerability in the Java SE product of Oracle Java SE (component: JavaFX). The supported version that is affected is Java SE: 8u251. Difficult to exploit vulnerability allows unauthenticated attacker with network access via multiple protocols to compromis,https://github.com/Live-Hack-CVE/CVE-2020-14664,['exploit'],1,2022-12-29T11:14:47+0000,3,0,,0,['CVE-2020-14664']
Live-Hack-CVE/CVE-2020-27778,"A flaw was found in Poppler in the way certain PDF files were converted into HTML. A remote attacker could exploit this flaw by providing a malicious PDF file that, when processed by the 'pdftohtml' program, would crash the application causing a denial of ",https://github.com/Live-Hack-CVE/CVE-2020-27778,['exploit'],1,2022-12-29T11:14:40+0000,2,0,,0,['CVE-2020-27778']
Live-Hack-CVE/CVE-2022-40878,"In Exam Reviewer Management System 1.0, an authenticated attacker can upload a web-shell php file in profile page to achieve Remote Code Execution (RCE). CVE project by @Sn0wAlice",https://github.com/Live-Hack-CVE/CVE-2022-40878,"['rce', 'remote code execution']",2,2022-12-29T11:14:05+0000,1,0,,0,['CVE-2022-40878']
Live-Hack-CVE/CVE-2022-39034,"Smart eVision has a path traversal vulnerability in the Report API function due to insufficient filtering for special characters in URLs. A remote attacker with general user privilege can exploit this vulnerability to bypass authentication, access restrict",https://github.com/Live-Hack-CVE/CVE-2022-39034,['exploit'],1,2022-12-29T11:13:44+0000,1,0,,0,['CVE-2022-39034']
Live-Hack-CVE/CVE-2022-39033,"Smart eVision’s file acquisition function has a path traversal vulnerability due to insufficient filtering for special characters in the URL parameter. An unauthenticated remote attacker can exploit this vulnerability to bypass authentication, access restr",https://github.com/Live-Hack-CVE/CVE-2022-39033,['exploit'],1,2022-12-29T11:13:22+0000,0,0,,0,['CVE-2022-39033']
Live-Hack-CVE/CVE-2022-39032,"Smart eVision has an improper privilege management vulnerability. A remote attacker with general user privilege can exploit this vulnerability to escalate to administrator privilege, and then perform arbitrary system command or disrupt service. CVE project",https://github.com/Live-Hack-CVE/CVE-2022-39032,['exploit'],1,2022-12-29T11:13:18+0000,1,0,,0,['CVE-2022-39032']
Live-Hack-CVE/CVE-2022-39031,Smart eVision has insufficient authorization for task acquisition function. An unauthorized remote attacker can exploit this vulnerability to acquire the Session IDs of other general users only. CVE project by @Sn0wAlice,https://github.com/Live-Hack-CVE/CVE-2022-39031,['exploit'],1,2022-12-29T11:13:15+0000,1,0,,0,['CVE-2022-39031']
Live-Hack-CVE/CVE-2022-34394,"Dell OS10, version 10.5.3.4, contains an Improper Certificate Validation vulnerability in Support Assist. A remote unauthenticated attacker could potentially exploit this vulnerability, leading to unauthorized access to limited switch configuration data. T",https://github.com/Live-Hack-CVE/CVE-2022-34394,['exploit'],1,2022-12-29T11:12:56+0000,1,0,,0,['CVE-2022-34394']
Live-Hack-CVE/CVE-2022-29089,"Dell Networking OS10, versions prior to October 2021 with Smart Fabric Services enabled, contains an information disclosure vulnerability. A remote, unauthenticated attacker could potentially exploit this vulnerability by reverse engineering to retrieve se",https://github.com/Live-Hack-CVE/CVE-2022-29089,['exploit'],1,2022-12-29T11:12:53+0000,1,0,,0,['CVE-2022-29089']
Live-Hack-CVE/CVE-2022-40475,TOTOLINK A860R V4.1.2cu.5182_B20201027 was discovered to contain a command injection via the component /cgi-bin/downloadFile.cgi. CVE project by @Sn0wAlice,https://github.com/Live-Hack-CVE/CVE-2022-40475,['command injection'],1,2022-12-29T11:12:38+0000,1,0,,0,['CVE-2022-40475']
Live-Hack-CVE/CVE-2022-40710,A link following vulnerability in Trend Micro Deep Security 20 and Cloud One - Workload Security Agent for Windows could allow a local attacker to escalate privileges on affected installations. Please note: an attacker must first obtain the ability to exec,https://github.com/Live-Hack-CVE/CVE-2022-40710,['exploit'],1,2022-12-29T11:11:04+0000,1,0,,0,['CVE-2022-40710']
Live-Hack-CVE/CVE-2022-40497,"Wazuh v3.6.1 - v3.13.5, v4.0.0 - v4.2.7, and v4.3.0 - v4.3.7 were discovered to contain an authenticated remote code execution (RCE) vulnerability via the Active Response endpoint. CVE project by @Sn0wAlice",https://github.com/Live-Hack-CVE/CVE-2022-40497,"['rce', 'remote code execution']",2,2022-12-29T11:10:56+0000,1,0,,0,['CVE-2022-40497']
Live-Hack-CVE/CVE-2022-21349,"Vulnerability in the Oracle Java SE, Oracle GraalVM Enterprise Edition product of Oracle Java SE (component: 2D). Supported versions that are affected are Oracle Java SE: 7u321, 8u311; Oracle GraalVM Enterprise Edition: 20.3.4 and 21.3.0. Easily exploitabl",https://github.com/Live-Hack-CVE/CVE-2022-21349,['exploit'],1,2022-12-29T11:09:23+0000,3,0,,0,['CVE-2022-21349']
Live-Hack-CVE/CVE-2017-10268,"Vulnerability in the MySQL Server component of Oracle MySQL (subcomponent: Server: Replication). Supported versions that are affected are 5.5.57 and earlier, 5.6.37 and earlier and 5.7.19 and earlier. Difficult to exploit vulnerability allows high privileg",https://github.com/Live-Hack-CVE/CVE-2017-10268,['exploit'],1,2022-12-29T11:06:22+0000,4,0,,0,['CVE-2017-10268']
Live-Hack-CVE/CVE-2021-42781,Heap buffer overflow issues were found in Opensc before version 0.22.0 in pkcs15-oberthur.c that could potentially crash programs using the library. CVE project by @Sn0wAlice,https://github.com/Live-Hack-CVE/CVE-2021-42781,['heap overflow'],1,2022-12-29T11:09:04+0000,2,0,,0,['CVE-2021-42781']
Live-Hack-CVE/CVE-2022-32292,"In ConnMan through 1.41, remote attackers able to send HTTP requests to the gweb component are able to exploit a heap-based buffer overflow in received_data to execute code. CVE project by @Sn0wAlice",https://github.com/Live-Hack-CVE/CVE-2022-32292,"['exploit', 'heap overflow']",2,2022-12-29T11:08:15+0000,2,0,,0,['CVE-2022-32292']
Live-Hack-CVE/CVE-2022-21305,"Vulnerability in the Oracle Java SE, Oracle GraalVM Enterprise Edition product of Oracle Java SE (component: Hotspot). Supported versions that are affected are Oracle Java SE: 7u321, 8u311, 11.0.13, 17.01; Oracle GraalVM Enterprise Edition: 20.3.4 and 21.3",https://github.com/Live-Hack-CVE/CVE-2022-21305,['exploit'],1,2022-12-29T11:08:12+0000,4,0,,0,['CVE-2022-21305']
Live-Hack-CVE/CVE-2022-21299,"Vulnerability in the Oracle Java SE, Oracle GraalVM Enterprise Edition product of Oracle Java SE (component: JAXP). Supported versions that are affected are Oracle Java SE: 7u321, 8u311, 11.0.13, 17.01; Oracle GraalVM Enterprise Edition: 20.3.4 and 21.3.0.",https://github.com/Live-Hack-CVE/CVE-2022-21299,['exploit'],1,2022-12-29T11:08:09+0000,4,0,,0,['CVE-2022-21299']
Live-Hack-CVE/CVE-2022-21341,"Vulnerability in the Oracle Java SE, Oracle GraalVM Enterprise Edition product of Oracle Java SE (component: Serialization). Supported versions that are affected are Oracle Java SE: 7u321, 8u311, 11.0.13, 17.01; Oracle GraalVM Enterprise Edition: 20.3.4 an",https://github.com/Live-Hack-CVE/CVE-2022-21341,['exploit'],1,2022-12-29T11:08:05+0000,4,0,,0,['CVE-2022-21341']
Live-Hack-CVE/CVE-2022-21360,"Vulnerability in the Oracle Java SE, Oracle GraalVM Enterprise Edition product of Oracle Java SE (component: ImageIO). Supported versions that are affected are Oracle Java SE: 7u321, 8u311, 11.0.13, 17.01; Oracle GraalVM Enterprise Edition: 20.3.4 and 21.3",https://github.com/Live-Hack-CVE/CVE-2022-21360,['exploit'],1,2022-12-29T11:08:02+0000,4,0,,0,['CVE-2022-21360']
Live-Hack-CVE/CVE-2022-21340,"Vulnerability in the Oracle Java SE, Oracle GraalVM Enterprise Edition product of Oracle Java SE (component: Libraries). Supported versions that are affected are Oracle Java SE: 7u321, 8u311, 11.0.13, 17.01; Oracle GraalVM Enterprise Edition: 20.3.4 and 21",https://github.com/Live-Hack-CVE/CVE-2022-21340,['exploit'],1,2022-12-29T11:07:58+0000,4,0,,0,['CVE-2022-21340']
Live-Hack-CVE/CVE-2022-21365,"Vulnerability in the Oracle Java SE, Oracle GraalVM Enterprise Edition product of Oracle Java SE (component: ImageIO). Supported versions that are affected are Oracle Java SE: 7u321, 8u311, 11.0.13, 17.01; Oracle GraalVM Enterprise Edition: 20.3.4 and 21.3",https://github.com/Live-Hack-CVE/CVE-2022-21365,['exploit'],1,2022-12-29T11:07:54+0000,4,0,,0,['CVE-2022-21365']
Live-Hack-CVE/CVE-2022-27387,"MariaDB Server v10.7 and below was discovered to contain a global buffer overflow in the component decimal_bin_size, which is exploited via specially crafted SQL statements. CVE project by @Sn0wAlice",https://github.com/Live-Hack-CVE/CVE-2022-27387,['exploit'],1,2022-12-29T11:07:51+0000,2,0,,0,['CVE-2022-27387']
Live-Hack-CVE/CVE-2022-27383,"MariaDB Server v10.6 and below was discovered to contain an use-after-free in the component my_strcasecmp_8bit, which is exploited via specially crafted SQL statements. CVE project by @Sn0wAlice",https://github.com/Live-Hack-CVE/CVE-2022-27383,['exploit'],1,2022-12-29T11:07:33+0000,2,0,,0,['CVE-2022-27383']
Live-Hack-CVE/CVE-2022-27376,"MariaDB Server v10.6.5 and below was discovered to contain an use-after-free in the component Item_args::walk_arg, which is exploited via specially crafted SQL statements. CVE project by @Sn0wAlice",https://github.com/Live-Hack-CVE/CVE-2022-27376,['exploit'],1,2022-12-29T11:07:29+0000,2,0,,0,['CVE-2022-27376']
Live-Hack-CVE/CVE-2021-39048,"IBM Spectrum Protect Client 7.1 and 8.1 is vulnerable to a stack based buffer overflow, caused by improper bounds checking. A local attacker could exploit this vulnerability and cause a denial of service. IBM X-Force ID: 214438. CVE project by @Sn0wAlice",https://github.com/Live-Hack-CVE/CVE-2021-39048,['exploit'],1,2022-12-29T11:07:26+0000,2,0,,0,['CVE-2021-39048']
Live-Hack-CVE/CVE-2017-3318,"Vulnerability in the MySQL Server component of Oracle MySQL (subcomponent: Server: Error Handling). Supported versions that are affected are 5.5.53 and earlier, 5.6.34 and earlier and 5.7.16 and earlier. Difficult to exploit vulnerability allows high privi",https://github.com/Live-Hack-CVE/CVE-2017-3318,['exploit'],1,2022-12-29T11:06:26+0000,3,0,,0,['CVE-2017-3318']
Live-Hack-CVE/CVE-2020-10189,Zoho ManageEngine Desktop Central before 10.0.474 allows remote code execution because of deserialization of untrusted data in getChartImage in the FileStorage class. This is related to the CewolfServlet and MDMLogUploaderServlet servlets. CVE project by @,https://github.com/Live-Hack-CVE/CVE-2020-10189,['remote code execution'],1,2022-12-29T07:43:54+0000,2,0,,0,['CVE-2020-10189']
Live-Hack-CVE/CVE-2022-2122,"DOS / potential heap overwrite in qtdemux using zlib decompression. Integer overflow in qtdemux element in qtdemux_inflate function which causes a segfault, or could cause a heap overwrite, depending on libc and OS. Depending on the libc used, and the unde",https://github.com/Live-Hack-CVE/CVE-2022-2122,['heap overflow'],1,2022-12-29T07:42:49+0000,2,0,,0,['CVE-2022-2122']
Live-Hack-CVE/CVE-2022-36934,An integer overflow in WhatsApp could result in remote code execution in an established video call. CVE project by @Sn0wAlice,https://github.com/Live-Hack-CVE/CVE-2022-36934,['remote code execution'],1,2022-12-29T13:19:00+0000,2,0,,0,['CVE-2022-36934']
Live-Hack-CVE/CVE-2019-9325,"In libvpx, there is a possible out of bounds read due to a missing bounds check. This could lead to remote information disclosure with no additional execution privileges needed. User interaction is needed for exploitation. Product: AndroidVersions: Android",https://github.com/Live-Hack-CVE/CVE-2019-9325,['exploit'],1,2022-12-29T04:20:36+0000,2,0,,0,['CVE-2019-9325']
Live-Hack-CVE/CVE-2022-34432,"Dell Hybrid Client below 1.8 version contains a gedit vulnerability. A guest attacker could potentially exploit this vulnerability, allowing deletion of user and some system files and folders. CVE project by @Sn0wAlice",https://github.com/Live-Hack-CVE/CVE-2022-34432,['exploit'],1,2022-12-29T04:55:41+0000,1,0,,0,['CVE-2022-34432']
Live-Hack-CVE/CVE-2022-34430,"Dell Hybrid Client below 1.8 version contains a Zip Bomb Vulnerability in UI. A guest privilege attacker could potentially exploit this vulnerability, leading to system files modification. CVE project by @Sn0wAlice",https://github.com/Live-Hack-CVE/CVE-2022-34430,['exploit'],1,2022-12-29T04:55:09+0000,1,0,,0,['CVE-2022-34430']
Live-Hack-CVE/CVE-2022-42897,Array Networks AG/vxAG with ArrayOS AG before 9.4.0.469 allows unauthenticated command injection that leads to privilege escalation and control of the system. NOTE: ArrayOS AG 10.x is unaffected. CVE project by @Sn0wAlice,https://github.com/Live-Hack-CVE/CVE-2022-42897,['command injection'],1,2022-12-29T04:54:52+0000,0,0,,0,['CVE-2022-42897']
Live-Hack-CVE/CVE-2022-3470,A vulnerability was found in SourceCodester Human Resource Management System. It has been classified as critical. Affected is an unknown function of the file getstatecity.php. The manipulation of the argument sc leads to sql injection. It is possible to la,https://github.com/Live-Hack-CVE/CVE-2022-3470,['exploit'],1,2022-12-29T04:54:48+0000,1,0,,0,['CVE-2022-3470']
Live-Hack-CVE/CVE-2022-3472,A vulnerability was found in SourceCodester Human Resource Management System. It has been rated as critical. Affected by this issue is some unknown functionality of the file city.php. The manipulation of the argument cityedit leads to sql injection. The at,https://github.com/Live-Hack-CVE/CVE-2022-3472,['exploit'],1,2022-12-29T04:54:38+0000,1,0,,0,['CVE-2022-3472']
Live-Hack-CVE/CVE-2022-3471,A vulnerability was found in SourceCodester Human Resource Management System. It has been declared as critical. Affected by this vulnerability is an unknown functionality of the file city.php. The manipulation of the argument searccity leads to sql injecti,https://github.com/Live-Hack-CVE/CVE-2022-3471,['exploit'],1,2022-12-29T04:54:34+0000,1,0,,0,['CVE-2022-3471']
Live-Hack-CVE/CVE-2022-34391,Dell Client BIOS Versions prior to the remediated version contain an improper input validation vulnerability. A local authenticated malicious user may potentially exploit this vulnerability by using an SMI to gain arbitrary code execution in SMRAM. CVE pro,https://github.com/Live-Hack-CVE/CVE-2022-34391,['exploit'],1,2022-12-29T04:54:24+0000,1,0,,0,['CVE-2022-34391']
Live-Hack-CVE/CVE-2022-34390,Dell BIOS contains a use of uninitialized variable vulnerability. A local authenticated malicious user may potentially exploit this vulnerability by using an SMI to gain arbitrary code execution in SMRAM. CVE project by @Sn0wAlice,https://github.com/Live-Hack-CVE/CVE-2022-34390,['exploit'],1,2022-12-29T04:54:21+0000,1,0,,0,['CVE-2022-34390']
Live-Hack-CVE/CVE-2019-6764,This vulnerability allows remote attackers to execute arbitrary code on vulnerable installations of Foxit Reader 9.4.1.16828. User interaction is required to exploit this vulnerability in that the target must visit a malicious page or open a malicious file,https://github.com/Live-Hack-CVE/CVE-2019-6764,['exploit'],1,2022-12-29T04:54:17+0000,3,0,,0,['CVE-2019-6764']
Live-Hack-CVE/CVE-2019-6743,This vulnerability allows remote attackers to execute arbitrary code on vulnerable installations of Xiaomi Mi6 Browser prior to 10.4.0. User interaction is required to exploit this vulnerability in that the target must visit a malicious page or open a mali,https://github.com/Live-Hack-CVE/CVE-2019-6743,['exploit'],1,2022-12-29T04:54:14+0000,1,0,,0,['CVE-2019-6743']
Live-Hack-CVE/CVE-2019-6765,This vulnerability allows remote attackers to execute arbitrary code on vulnerable installations of Foxit PhantomPDF 9.4.1.16828. User interaction is required to exploit this vulnerability in that the target must visit a malicious page or open a malicious ,https://github.com/Live-Hack-CVE/CVE-2019-6765,['exploit'],1,2022-12-29T04:54:11+0000,4,0,,0,['CVE-2019-6765']
Live-Hack-CVE/CVE-2019-6766,This vulnerability allows remote attackers to disclose sensitive information on vulnerable installations of Foxit Reader 9.4.1.16828. User interaction is required to exploit this vulnerability in that the target must visit a malicious page or open a malici,https://github.com/Live-Hack-CVE/CVE-2019-6766,['exploit'],1,2022-12-29T04:54:07+0000,3,0,,0,['CVE-2019-6766']
Live-Hack-CVE/CVE-2019-6767,This vulnerability allows remote attackers to execute arbitrary code on vulnerable installations of Foxit Reader 9.4.1.16828. User interaction is required to exploit this vulnerability in that the target must visit a malicious page or open a malicious file,https://github.com/Live-Hack-CVE/CVE-2019-6767,['exploit'],1,2022-12-29T04:54:04+0000,3,0,,0,['CVE-2019-6767']
Live-Hack-CVE/CVE-2019-6768,This vulnerability allows remote attackers to execute arbitrary code on vulnerable installations of Foxit Reader 9.4.1.16828. User interaction is required to exploit this vulnerability in that the target must visit a malicious page or open a malicious file,https://github.com/Live-Hack-CVE/CVE-2019-6768,['exploit'],1,2022-12-29T04:53:34+0000,3,0,,0,['CVE-2019-6768']
Live-Hack-CVE/CVE-2019-6769,This vulnerability allows remote attackers to execute arbitrary code on vulnerable installations of Foxit Reader 9.4.1.16828. User interaction is required to exploit this vulnerability in that the target must visit a malicious page or open a malicious file,https://github.com/Live-Hack-CVE/CVE-2019-6769,['exploit'],1,2022-12-29T04:53:31+0000,3,0,,0,['CVE-2019-6769']
Live-Hack-CVE/CVE-2019-6770,This vulnerability allows remote attackers to disclose sensitive information on vulnerable installations of Foxit Reader 9.4.1.16828. User interaction is required to exploit this vulnerability in that the target must visit a malicious page or open a malici,https://github.com/Live-Hack-CVE/CVE-2019-6770,['exploit'],1,2022-12-29T04:53:27+0000,4,0,,0,['CVE-2019-6770']
Live-Hack-CVE/CVE-2019-6771,This vulnerability allows remote attackers to disclose sensitive information on vulnerable installations of Foxit Reader 2019.010.20098. User interaction is required to exploit this vulnerability in that the target must visit a malicious page or open a mal,https://github.com/Live-Hack-CVE/CVE-2019-6771,['exploit'],1,2022-12-29T04:53:24+0000,4,0,,0,['CVE-2019-6771']
Live-Hack-CVE/CVE-2019-6772,This vulnerability allows remote attackers to disclose sensitive information on vulnerable installations of Foxit Reader 2019.010.20098. User interaction is required to exploit this vulnerability in that the target must visit a malicious page or open a mal,https://github.com/Live-Hack-CVE/CVE-2019-6772,['exploit'],1,2022-12-29T04:53:20+0000,4,0,,0,['CVE-2019-6772']
Live-Hack-CVE/CVE-2019-6773,This vulnerability allows remote attackers to disclose sensitive information on vulnerable installations of Foxit Reader 9.4.1.16828. User interaction is required to exploit this vulnerability in that the target must visit a malicious page or open a malici,https://github.com/Live-Hack-CVE/CVE-2019-6773,['exploit'],1,2022-12-29T04:53:17+0000,4,0,,0,['CVE-2019-6773']
Live-Hack-CVE/CVE-2019-7265,Linear eMerge E3-Series devices allow Remote Code Execution (root access over SSH). CVE project by @Sn0wAlice,https://github.com/Live-Hack-CVE/CVE-2019-7265,['remote code execution'],1,2022-12-29T04:52:56+0000,1,0,,0,['CVE-2019-7265']
Live-Hack-CVE/CVE-2019-7269,Linear eMerge 50P/5000P devices allow Authenticated Command Injection with root Code Execution. CVE project by @Sn0wAlice,https://github.com/Live-Hack-CVE/CVE-2019-7269,['command injection'],1,2022-12-29T04:52:39+0000,0,0,,0,['CVE-2019-7269']
Live-Hack-CVE/CVE-2022-20920,"A vulnerability in the SSH implementation of Cisco IOS Software and Cisco IOS XE Software could allow an authenticated, remote attacker to cause an affected device to reload. This vulnerability is due to improper handling of resources during an exceptional",https://github.com/Live-Hack-CVE/CVE-2022-20920,['exploit'],1,2022-12-29T04:52:35+0000,1,0,,0,['CVE-2022-20920']
Live-Hack-CVE/CVE-2022-42899,Bentley MicroStation and MicroStation-based applications may be affected by out-of-bounds read and stack overflow issues when opening crafted SKP files. Exploiting these issues could lead to information disclosure and code execution. The fixed versions are,https://github.com/Live-Hack-CVE/CVE-2022-42899,['exploit'],1,2022-12-29T04:52:21+0000,1,0,,0,['CVE-2022-42899']
Live-Hack-CVE/CVE-2022-42900,Bentley MicroStation and MicroStation-based applications may be affected by out-of-bounds read issues when opening crafted FBX files. Exploiting these issues could lead to information disclosure and code execution. The fixed versions are 10.17.01.58* for M,https://github.com/Live-Hack-CVE/CVE-2022-42900,['exploit'],1,2022-12-29T04:52:16+0000,1,0,,0,['CVE-2022-42900']
Live-Hack-CVE/CVE-2022-42901,Bentley MicroStation and MicroStation-based applications may be affected by out-of-bounds and stack overflow issues when opening crafted XMT files. Exploiting these issues could lead to information disclosure and code execution. The fixed versions are 10.1,https://github.com/Live-Hack-CVE/CVE-2022-42901,['exploit'],1,2022-12-29T04:52:13+0000,1,0,,0,['CVE-2022-42901']
Live-Hack-CVE/CVE-2019-7256,Linear eMerge E3-Series devices allow Command Injections. CVE project by @Sn0wAlice,https://github.com/Live-Hack-CVE/CVE-2019-7256,['command injection'],1,2022-12-29T04:51:05+0000,0,0,,0,['CVE-2019-7256']
Live-Hack-CVE/CVE-2019-9445,In the Android kernel in F2FS driver there is a possible out of bounds read due to a missing bounds check. This could lead to local information disclosure with system execution privileges needed. User interaction is not needed for exploitation. CVE project,https://github.com/Live-Hack-CVE/CVE-2019-9445,['exploit'],1,2022-12-29T04:50:54+0000,1,0,,0,['CVE-2019-9445']
Live-Hack-CVE/CVE-2019-9453,In the Android kernel in F2FS touch driver there is a possible out of bounds read due to improper input validation. This could lead to local information disclosure with system execution privileges needed. User interaction is not needed for exploitation. CV,https://github.com/Live-Hack-CVE/CVE-2019-9453,['exploit'],1,2022-12-29T04:50:51+0000,1,0,,0,['CVE-2019-9453']
Live-Hack-CVE/CVE-2019-9232,"In libvpx, there is a possible out of bounds read due to a missing bounds check. This could lead to remote information disclosure with no additional execution privileges needed. User interaction is not needed for exploitation. Product: AndroidVersions: And",https://github.com/Live-Hack-CVE/CVE-2019-9232,['exploit'],1,2022-12-29T04:20:46+0000,2,0,,0,['CVE-2019-9232']
Live-Hack-CVE/CVE-2022-34431,"Dell Hybrid Client below 1.8 version contains a guest user profile corruption vulnerability. A WMS privilege attacker could potentially exploit this vulnerability, leading to DHC system not being accessible. CVE project by @Sn0wAlice",https://github.com/Live-Hack-CVE/CVE-2022-34431,['exploit'],1,2022-12-29T04:55:45+0000,1,0,,0,['CVE-2022-34431']
Live-Hack-CVE/CVE-2022-34427,Dell Container Storage Modules 1.2 contains an OS Command Injection in goiscsi and gobrick libraries. A remote unauthenticated attacker could exploit this vulnerability leading to modification of intended OS command execution. CVE project by @Sn0wAlice,https://github.com/Live-Hack-CVE/CVE-2022-34427,"['command injection', 'exploit']",2,2022-12-29T04:55:48+0000,1,0,,0,['CVE-2022-34427']
Live-Hack-CVE/CVE-2022-38047,"Windows Point-to-Point Tunneling Protocol Remote Code Execution Vulnerability. This CVE ID is unique from CVE-2022-22035, CVE-2022-24504, CVE-2022-30198, CVE-2022-33634, CVE-2022-38000, CVE-2022-41081. CVE project by @Sn0wAlice",https://github.com/Live-Hack-CVE/CVE-2022-38047,['remote code execution'],1,2022-12-29T04:56:02+0000,0,0,,0,"['CVE-2022-22035', 'CVE-2022-24504', 'CVE-2022-30198', 'CVE-2022-33634', 'CVE-2022-38000', 'CVE-2022-38047', 'CVE-2022-41081']"
Live-Hack-CVE/CVE-2022-41190,"Due to lack of proper memory management, when a victim opens a manipulated AutoCAD (.dxf, TeighaTranslator.exe) file received from untrusted sources in SAP 3D Visual Enterprise Viewer - version 9, it is possible that a Remote Code Execution can be triggere",https://github.com/Live-Hack-CVE/CVE-2022-41190,['remote code execution'],1,2022-12-29T05:32:42+0000,0,0,,0,['CVE-2022-41190']
Live-Hack-CVE/CVE-2022-41185,"Due to lack of proper memory management, when a victim opens a manipulated Visual Design Stream (.vds, MataiPersistence.dll) file received from untrusted sources in SAP 3D Visual Enterprise Author - version 9, it is possible that a Remote Code Execution ca",https://github.com/Live-Hack-CVE/CVE-2022-41185,['remote code execution'],1,2022-12-29T05:34:07+0000,0,0,,0,['CVE-2022-41185']
Live-Hack-CVE/CVE-2022-41184,"Due to lack of proper memory management, when a victim opens a manipulated Windows Cursor File (.cur, ico.x3d) file received from untrusted sources in SAP 3D Visual Enterprise Author - version 9, it is possible that a Remote Code Execution can be triggered",https://github.com/Live-Hack-CVE/CVE-2022-41184,['remote code execution'],1,2022-12-29T05:34:04+0000,0,0,,0,['CVE-2022-41184']
Live-Hack-CVE/CVE-2022-41180,"Due to lack of proper memory management, when a victim opens a manipulated Portable Document Format (.pdf, PDFPublishing.dll) file received from untrusted sources in SAP 3D Visual Enterprise Author - version 9, it is possible that a Remote Code Execution c",https://github.com/Live-Hack-CVE/CVE-2022-41180,['remote code execution'],1,2022-12-29T05:33:53+0000,0,0,,0,['CVE-2022-41180']
Live-Hack-CVE/CVE-2022-41179,"Due to lack of proper memory management, when a victim opens a manipulated Jupiter Tesselation (.jt, JtTranslator.exe) file received from untrusted sources in SAP 3D Visual Enterprise Author - version 9, it is possible that a Remote Code Execution can be t",https://github.com/Live-Hack-CVE/CVE-2022-41179,['remote code execution'],1,2022-12-29T05:33:47+0000,0,0,,0,['CVE-2022-41179']
Live-Hack-CVE/CVE-2022-41186,"Due to lack of proper memory management, when a victim opens manipulated Computer Graphics Metafile (.cgm, CgmCore.dll) file received from untrusted sources in SAP 3D Visual Enterprise Viewer - version 9, a Remote Code Execution can be triggered when paylo",https://github.com/Live-Hack-CVE/CVE-2022-41186,['remote code execution'],1,2022-12-29T05:33:20+0000,0,0,,0,['CVE-2022-41186']
Live-Hack-CVE/CVE-2022-41202,"Due to lack of proper memory management, when a victim opens a manipulated Visual Design Stream (.vds, vds.x3d) file received from untrusted sources in SAP 3D Visual Enterprise Viewer - version 9, it is possible that a Remote Code Execution can be triggere",https://github.com/Live-Hack-CVE/CVE-2022-41202,['remote code execution'],1,2022-12-29T05:33:16+0000,0,0,,0,['CVE-2022-41202']
Live-Hack-CVE/CVE-2022-41201,"Due to lack of proper memory management, when a victim opens a manipulated Right Hemisphere Binary (.rh, rh.x3d) file received from untrusted sources in SAP 3D Visual Enterprise Viewer - version 9, it is possible that a Remote Code Execution can be trigger",https://github.com/Live-Hack-CVE/CVE-2022-41201,['remote code execution'],1,2022-12-29T05:33:13+0000,0,0,,0,['CVE-2022-41201']
Live-Hack-CVE/CVE-2022-41193,"Due to lack of proper memory management, when a victim opens a manipulated Encapsulated Post Script (.eps, ai.x3d) file received from untrusted sources in SAP 3D Visual Enterprise Viewer - version 9, it is possible that a Remote Code Execution can be trigg",https://github.com/Live-Hack-CVE/CVE-2022-41193,['remote code execution'],1,2022-12-29T05:33:09+0000,0,0,,0,['CVE-2022-41193']
Live-Hack-CVE/CVE-2022-41200,"Due to lack of proper memory management, when a victim opens a manipulated Scalable Vector Graphic (.svg, svg.x3d) file received from untrusted sources in SAP 3D Visual Enterprise Viewer - version 9, it is possible that a Remote Code Execution can be trigg",https://github.com/Live-Hack-CVE/CVE-2022-41200,['remote code execution'],1,2022-12-29T05:33:06+0000,0,0,,0,['CVE-2022-41200']
Live-Hack-CVE/CVE-2022-41196,"Due to lack of proper memory management, when a victim opens a manipulated VRML Worlds (.wrl, vrml.x3d) file received from untrusted sources in SAP 3D Visual Enterprise Viewer - version 9, it is possible that a Remote Code Execution can be triggered when p",https://github.com/Live-Hack-CVE/CVE-2022-41196,['remote code execution'],1,2022-12-29T05:32:56+0000,0,0,,0,['CVE-2022-41196']
Live-Hack-CVE/CVE-2022-41198,"Due to lack of proper memory management, when a victim opens a manipulated SketchUp (.skp, SketchUp.x3d) file received from untrusted sources in SAP 3D Visual Enterprise Viewer - version 9, it is possible that a Remote Code Execution can be triggered when ",https://github.com/Live-Hack-CVE/CVE-2022-41198,['remote code execution'],1,2022-12-29T05:32:52+0000,0,0,,0,['CVE-2022-41198']
Live-Hack-CVE/CVE-2022-41195,"Due to lack of proper memory management, when a victim opens a manipulated EAAmiga Interchange File Format (.iff, 2d.x3d) file received from untrusted sources in SAP 3D Visual Enterprise Viewer - version 9, it is possible that a Remote Code Execution can b",https://github.com/Live-Hack-CVE/CVE-2022-41195,['remote code execution'],1,2022-12-29T05:32:49+0000,0,0,,0,['CVE-2022-41195']
Live-Hack-CVE/CVE-2022-41199,"Due to lack of proper memory management, when a victim opens a manipulated Open Inventor File (.iv, vrml.x3d) file received from untrusted sources in SAP 3D Visual Enterprise Viewer - version 9, it is possible that a Remote Code Execution can be triggered ",https://github.com/Live-Hack-CVE/CVE-2022-41199,['remote code execution'],1,2022-12-29T05:32:46+0000,0,0,,0,['CVE-2022-41199']
Live-Hack-CVE/CVE-2022-41191,"Due to lack of proper memory management, when a victim opens a manipulated Jupiter Tesselation (.jt, JTReader.x3d) file received from untrusted sources in SAP 3D Visual Enterprise Viewer - version 9, it is possible that a Remote Code Execution can be trigg",https://github.com/Live-Hack-CVE/CVE-2022-41191,['remote code execution'],1,2022-12-29T05:32:39+0000,0,0,,0,['CVE-2022-41191']
Live-Hack-CVE/CVE-2022-38049,Microsoft Office Graphics Remote Code Execution Vulnerability. CVE project by @Sn0wAlice,https://github.com/Live-Hack-CVE/CVE-2022-38049,['remote code execution'],1,2022-12-29T04:56:09+0000,0,0,,0,['CVE-2022-38049']
Live-Hack-CVE/CVE-2022-41187,"Due to lack of proper memory management, when a victim opens a manipulated Wavefront Object (.obj, ObjTranslator.exe) file received from untrusted sources in SAP 3D Visual Enterprise Viewer - version 9, it is possible that a Remote Code Execution can be tr",https://github.com/Live-Hack-CVE/CVE-2022-41187,['remote code execution'],1,2022-12-29T05:32:32+0000,0,0,,0,['CVE-2022-41187']
Live-Hack-CVE/CVE-2022-41206,"SAP BusinessObjects Business Intelligence platform (Analysis for OLAP) - versions 420, 430, allows an authenticated attacker to send user-controlled inputs when OLAP connections are created and edited in the Central Management Console. On successful exploi",https://github.com/Live-Hack-CVE/CVE-2022-41206,['exploit'],1,2022-12-29T05:01:56+0000,1,0,,0,['CVE-2022-41206']
Live-Hack-CVE/CVE-2022-38000,"Windows Point-to-Point Tunneling Protocol Remote Code Execution Vulnerability. This CVE ID is unique from CVE-2022-22035, CVE-2022-24504, CVE-2022-30198, CVE-2022-33634, CVE-2022-38047, CVE-2022-41081. CVE project by @Sn0wAlice",https://github.com/Live-Hack-CVE/CVE-2022-38000,['remote code execution'],1,2022-12-29T04:59:10+0000,0,0,,0,"['CVE-2022-22035', 'CVE-2022-24504', 'CVE-2022-30198', 'CVE-2022-33634', 'CVE-2022-38000', 'CVE-2022-38047', 'CVE-2022-41081']"
Live-Hack-CVE/CVE-2020-14129,"A logic vulnerability exists in a Xiaomi product. The vulnerability is caused by an identity verification failure, which can be exploited by an attacker who can obtain a brief elevation of privilege. CVE project by @Sn0wAlice",https://github.com/Live-Hack-CVE/CVE-2020-14129,['exploit'],1,2022-12-29T04:58:59+0000,1,0,,0,['CVE-2020-14129']
Live-Hack-CVE/CVE-2022-37982,Microsoft WDAC OLE DB provider for SQL Server Remote Code Execution Vulnerability. This CVE ID is unique from CVE-2022-38031. CVE project by @Sn0wAlice,https://github.com/Live-Hack-CVE/CVE-2022-37982,['remote code execution'],1,2022-12-29T04:57:51+0000,0,0,,0,"['CVE-2022-37982', 'CVE-2022-38031']"
Live-Hack-CVE/CVE-2022-22035,"Windows Point-to-Point Tunneling Protocol Remote Code Execution Vulnerability. This CVE ID is unique from CVE-2022-24504, CVE-2022-30198, CVE-2022-33634, CVE-2022-38000, CVE-2022-38047, CVE-2022-41081. CVE project by @Sn0wAlice",https://github.com/Live-Hack-CVE/CVE-2022-22035,['remote code execution'],1,2022-12-29T04:57:30+0000,0,0,,0,"['CVE-2022-22035', 'CVE-2022-24504', 'CVE-2022-30198', 'CVE-2022-33634', 'CVE-2022-38000', 'CVE-2022-38047', 'CVE-2022-41081']"
Live-Hack-CVE/CVE-2022-30198,"Windows Point-to-Point Tunneling Protocol Remote Code Execution Vulnerability. This CVE ID is unique from CVE-2022-22035, CVE-2022-24504, CVE-2022-33634, CVE-2022-38000, CVE-2022-38047, CVE-2022-41081. CVE project by @Sn0wAlice",https://github.com/Live-Hack-CVE/CVE-2022-30198,['remote code execution'],1,2022-12-29T04:57:26+0000,0,0,,0,"['CVE-2022-22035', 'CVE-2022-24504', 'CVE-2022-30198', 'CVE-2022-33634', 'CVE-2022-38000', 'CVE-2022-38047', 'CVE-2022-41081']"
Live-Hack-CVE/CVE-2022-24504,"Windows Point-to-Point Tunneling Protocol Remote Code Execution Vulnerability. This CVE ID is unique from CVE-2022-22035, CVE-2022-30198, CVE-2022-33634, CVE-2022-38000, CVE-2022-38047, CVE-2022-41081. CVE project by @Sn0wAlice",https://github.com/Live-Hack-CVE/CVE-2022-24504,['remote code execution'],1,2022-12-29T04:57:23+0000,0,0,,0,"['CVE-2022-22035', 'CVE-2022-24504', 'CVE-2022-30198', 'CVE-2022-33634', 'CVE-2022-38000', 'CVE-2022-38047', 'CVE-2022-41081']"
Live-Hack-CVE/CVE-2022-33634,"Windows Point-to-Point Tunneling Protocol Remote Code Execution Vulnerability. This CVE ID is unique from CVE-2022-22035, CVE-2022-24504, CVE-2022-30198, CVE-2022-38000, CVE-2022-38047, CVE-2022-41081. CVE project by @Sn0wAlice",https://github.com/Live-Hack-CVE/CVE-2022-33634,['remote code execution'],1,2022-12-29T04:57:19+0000,0,0,,0,"['CVE-2022-22035', 'CVE-2022-24504', 'CVE-2022-30198', 'CVE-2022-33634', 'CVE-2022-38000', 'CVE-2022-38047', 'CVE-2022-41081']"
Live-Hack-CVE/CVE-2022-41034,Visual Studio Code Remote Code Execution Vulnerability. CVE project by @Sn0wAlice,https://github.com/Live-Hack-CVE/CVE-2022-41034,['remote code execution'],1,2022-12-29T04:56:37+0000,0,0,,0,['CVE-2022-41034']
Live-Hack-CVE/CVE-2022-41031,Microsoft Word Remote Code Execution Vulnerability. CVE project by @Sn0wAlice,https://github.com/Live-Hack-CVE/CVE-2022-41031,['remote code execution'],1,2022-12-29T04:56:27+0000,0,0,,0,['CVE-2022-41031']
Live-Hack-CVE/CVE-2022-38053,"Microsoft SharePoint Server Remote Code Execution Vulnerability. This CVE ID is unique from CVE-2022-41036, CVE-2022-41037, CVE-2022-41038. CVE project by @Sn0wAlice",https://github.com/Live-Hack-CVE/CVE-2022-38053,['remote code execution'],1,2022-12-29T04:56:20+0000,0,0,,0,"['CVE-2022-38053', 'CVE-2022-41036', 'CVE-2022-41037', 'CVE-2022-41038']"
Live-Hack-CVE/CVE-2022-34425,"Dell Enterprise SONiC OS, 4.0.0, 4.0.1, contain a cryptographic key vulnerability in SSH. An unauthenticated remote attacker could potentially exploit this vulnerability, leading to unauthorized access to communication. CVE project by @Sn0wAlice",https://github.com/Live-Hack-CVE/CVE-2022-34425,['exploit'],1,2022-12-29T04:56:16+0000,1,0,,0,['CVE-2022-34425']
Live-Hack-CVE/CVE-2019-9278,"In libexif, there is a possible out of bounds write due to an integer overflow. This could lead to remote escalation of privilege in the media content provider with no additional execution privileges needed. User interaction is needed for exploitation. Pro",https://github.com/Live-Hack-CVE/CVE-2019-9278,['exploit'],1,2022-12-29T04:20:43+0000,2,0,,0,['CVE-2019-9278']
Live-Hack-CVE/CVE-2019-9371,"In libvpx, there is a possible resource exhaustion due to improper input validation. This could lead to remote denial of service with no additional execution privileges needed. User interaction is needed for exploitation. Product: AndroidVersions: Android-",https://github.com/Live-Hack-CVE/CVE-2019-9371,['exploit'],1,2022-12-29T04:19:50+0000,2,0,,0,['CVE-2019-9371']
Live-Hack-CVE/CVE-2022-2415,Heap buffer overflow in WebGL in Google Chrome prior to 103.0.5060.53 allowed a remote attacker to potentially exploit heap corruption via a crafted HTML page. CVE project by @Sn0wAlice,https://github.com/Live-Hack-CVE/CVE-2022-2415,"['exploit', 'heap overflow']",2,2022-12-29T07:42:42+0000,61,0,,0,['CVE-2022-2415']
Live-Hack-CVE/CVE-2019-9433,"In libvpx, there is a possible information disclosure due to improper input validation. This could lead to remote information disclosure with no additional execution privileges needed. User interaction is needed for exploitation. Product: AndroidVersions: ",https://github.com/Live-Hack-CVE/CVE-2019-9433,['exploit'],1,2022-12-29T04:19:47+0000,2,0,,0,['CVE-2019-9433']
Live-Hack-CVE/CVE-2022-41496,iCMS v7.0.16 was discovered to contain a Server-Side Request Forgery (SSRF) via the url parameter at admincp.php. CVE project by @Sn0wAlice,https://github.com/Live-Hack-CVE/CVE-2022-41496,['cve-2 OR cve_2'],1,2022-12-29T04:15:06+0000,1,0,,0,['CVE-2022-41496']
Live-Hack-CVE/CVE-2019-8991,"The administrator web interface of TIBCO Software Inc.'s TIBCO ActiveMatrix BPM, TIBCO ActiveMatrix BPM Distribution for TIBCO Silver Fabric, TIBCO ActiveMatrix Policy Director, TIBCO ActiveMatrix Service Bus, TIBCO ActiveMatrix Service Grid, TIBCO Silver ",https://github.com/Live-Hack-CVE/CVE-2019-8991,['cve-2 OR cve_2'],1,2022-12-29T04:15:03+0000,2,0,,0,['CVE-2019-8991']
Live-Hack-CVE/CVE-2019-8987,"The application server component of TIBCO Software Inc.'s TIBCO Data Science for AWS, and TIBCO Spotfire Data Science contains a persistent cross-site scripting vulnerability that theoretically allows an authenticated user to gain access to all the capabil",https://github.com/Live-Hack-CVE/CVE-2019-8987,['cve-2 OR cve_2'],1,2022-12-29T04:14:59+0000,1,0,,0,['CVE-2019-8987']
Live-Hack-CVE/CVE-2019-8988,"The application server component of TIBCO Software Inc.'s TIBCO Data Science for AWS, and TIBCO Spotfire Data Science contains a persistent cross-site contains a vulnerability that theoretically allows a user to escalate their privileges on the affected sy",https://github.com/Live-Hack-CVE/CVE-2019-8988,['cve-2 OR cve_2'],1,2022-12-29T04:14:55+0000,1,0,,0,['CVE-2019-8988']
Live-Hack-CVE/CVE-2019-8990,The HTTP Connector component of TIBCO Software Inc.'s TIBCO ActiveMatrix BusinessWorks contains a vulnerability that theoretically allows unauthenticated HTTP requests to be processed by the BusinessWorks engine even when authentication is required. This p,https://github.com/Live-Hack-CVE/CVE-2019-8990,['cve-2 OR cve_2'],1,2022-12-29T04:14:52+0000,2,0,,0,['CVE-2019-8990']
Live-Hack-CVE/CVE-2019-8995,"The workspace client, openspace client, and app development client of TIBCO Software Inc.'s TIBCO ActiveMatrix BPM, TIBCO ActiveMatrix BPM Distribution for TIBCO Silver Fabric, and TIBCO Silver Fabric Enabler for ActiveMatrix BPM contain a vulnerability wh",https://github.com/Live-Hack-CVE/CVE-2019-8995,['cve-2 OR cve_2'],1,2022-12-29T04:14:49+0000,1,0,,0,['CVE-2019-8995']
Live-Hack-CVE/CVE-2019-8993,"The administrative web server component of TIBCO Software Inc.'s TIBCO ActiveMatrix BPM, TIBCO ActiveMatrix BPM Distribution for TIBCO Silver Fabric, TIBCO ActiveMatrix Policy Director, TIBCO ActiveMatrix Service Bus, TIBCO ActiveMatrix Service Grid, TIBCO",https://github.com/Live-Hack-CVE/CVE-2019-8993,['cve-2 OR cve_2'],1,2022-12-29T04:14:46+0000,2,0,,0,['CVE-2019-8993']
Live-Hack-CVE/CVE-2019-8992,"The administrative server component of TIBCO Software Inc.'s TIBCO ActiveMatrix BPM, TIBCO ActiveMatrix BPM Distribution for TIBCO Silver Fabric, TIBCO ActiveMatrix Policy Director, TIBCO ActiveMatrix Service Bus, TIBCO ActiveMatrix Service Grid, TIBCO Act",https://github.com/Live-Hack-CVE/CVE-2019-8992,['cve-2 OR cve_2'],1,2022-12-29T04:14:42+0000,2,0,,0,['CVE-2019-8992']
Live-Hack-CVE/CVE-2022-28195,"NVIDIA Jetson Linux Driver Package contains a vulnerability in the Cboot ext4_read_file function, where insufficient validation of untrusted data may allow a highly privileged local attacker to cause a integer overflow, which may lead to code execution, es",https://github.com/Live-Hack-CVE/CVE-2022-28195,['cve-2 OR cve_2'],1,2022-12-29T04:14:38+0000,2,0,,0,['CVE-2022-28195']
Live-Hack-CVE/CVE-2022-28194,"NVIDIA Jetson Linux Driver Package contains a vulnerability in the Cboot module tegrabl_cbo.c, where, if TFTP is enabled, a local attacker with elevated privileges can cause a memory buffer overflow, which may lead to code execution, loss of Integrity, lim",https://github.com/Live-Hack-CVE/CVE-2022-28194,['cve-2 OR cve_2'],1,2022-12-29T04:14:34+0000,2,0,,0,['CVE-2022-28194']
Live-Hack-CVE/CVE-2020-8745,"Insufficient control flow management in subsystem for Intel(R) CSME versions before 11.8.80, 11.12.80, 11.22.80, 12.0.70, 13.0.40, 13.30.10, 14.0.45 and 14.5.25 , Intel(R) TXE versions before 3.1.80 and 4.0.30 may allow an unauthenticated user to potential",https://github.com/Live-Hack-CVE/CVE-2020-8745,['cve-2 OR cve_2'],1,2022-12-29T04:14:31+0000,2,0,,0,['CVE-2020-8745']
Live-Hack-CVE/CVE-2022-30293,"In WebKitGTK through 2.36.0 (and WPE WebKit), there is a heap-based buffer overflow in WebCore::TextureMapperLayer::setContentsLayer in WebCore/platform/graphics/texmap/TextureMapperLayer.cpp. CVE project by @Sn0wAlice",https://github.com/Live-Hack-CVE/CVE-2022-30293,"['cve-2 OR cve_2', 'heap overflow']",2,2022-12-29T04:14:27+0000,3,0,,0,['CVE-2022-30293']
Live-Hack-CVE/CVE-2022-28327,The generic P-256 feature in crypto/elliptic in Go before 1.17.9 and 1.18.x before 1.18.1 allows a panic via long scalar input. CVE project by @Sn0wAlice,https://github.com/Live-Hack-CVE/CVE-2022-28327,['cve-2 OR cve_2'],1,2022-12-29T04:14:24+0000,3,0,,0,['CVE-2022-28327']
Live-Hack-CVE/CVE-2022-23332,"Command injection vulnerability in Manual Ping Form (Web UI) in Shenzhen Ejoin Information Technology Co., Ltd. ACOM508/ACOM516/ACOM532 609-915-041-100-020 allows a remote attacker to inject arbitrary code via the field. CVE project by @Sn0wAlice",https://github.com/Live-Hack-CVE/CVE-2022-23332,"['command injection', 'cve-2 OR cve_2']",2,2022-12-29T04:14:20+0000,1,0,,0,['CVE-2022-23332']
Live-Hack-CVE/CVE-2021-44444,"A vulnerability has been identified in JT Utilities (All versions < V13.1.1.0), JTTK (All versions < V11.1.1.0). JTTK library in affected products is vulnerable to an out of bounds read past the end of an allocated buffer when parsing specially crafted JT ",https://github.com/Live-Hack-CVE/CVE-2021-44444,['cve-2 OR cve_2'],1,2022-12-29T04:14:17+0000,1,0,,0,['CVE-2021-44444']
Live-Hack-CVE/CVE-2021-44040,Improper Input Validation vulnerability in request line parsing of Apache Traffic Server allows an attacker to send invalid requests. This issue affects Apache Traffic Server 8.0.0 to 8.1.3 and 9.0.0 to 9.1.1. CVE project by @Sn0wAlice,https://github.com/Live-Hack-CVE/CVE-2021-44040,['cve-2 OR cve_2'],1,2022-12-29T04:14:14+0000,2,0,,0,['CVE-2021-44040']
Live-Hack-CVE/CVE-2021-44759,Improper Authentication vulnerability in TLS origin validation of Apache Traffic Server allows an attacker to create a man in the middle attack. This issue affects Apache Traffic Server 8.0.0 to 8.1.0. CVE project by @Sn0wAlice,https://github.com/Live-Hack-CVE/CVE-2021-44759,['cve-2 OR cve_2'],1,2022-12-29T04:14:10+0000,1,0,,0,['CVE-2021-44759']
Live-Hack-CVE/CVE-2021-43566,"All versions of Samba prior to 4.13.16 are vulnerable to a malicious client using an SMB1 or NFS race to allow a directory to be created in an area of the server file system not exported under the share definition. Note that SMB1 has to be enabled, or the ",https://github.com/Live-Hack-CVE/CVE-2021-43566,['cve-2 OR cve_2'],1,2022-12-29T04:14:06+0000,5,0,,0,['CVE-2021-43566']
Live-Hack-CVE/CVE-2021-42704,"Inkscape version 0.91 is vulnerable to an out-of-bounds write, which may allow an attacker to arbitrary execute code. CVE project by @Sn0wAlice",https://github.com/Live-Hack-CVE/CVE-2021-42704,['cve-2 OR cve_2'],1,2022-12-29T04:14:02+0000,1,0,,0,['CVE-2021-42704']
Live-Hack-CVE/CVE-2021-40444,Microsoft MSHTML Remote Code Execution Vulnerability CVE project by @Sn0wAlice,https://github.com/Live-Hack-CVE/CVE-2021-40444,"['cve-2 OR cve_2', 'remote code execution']",2,2022-12-29T04:13:54+0000,2,0,,0,['CVE-2021-40444']
Live-Hack-CVE/CVE-2021-37149,Improper Input Validation vulnerability in header parsing of Apache Traffic Server allows an attacker to smuggle requests. This issue affects Apache Traffic Server 8.0.0 to 8.1.2 and 9.0.0 to 9.1.0. CVE project by @Sn0wAlice,https://github.com/Live-Hack-CVE/CVE-2021-37149,['cve-2 OR cve_2'],1,2022-12-29T04:13:50+0000,1,0,,0,['CVE-2021-37149']
Live-Hack-CVE/CVE-2021-37148,Improper input validation vulnerability in header parsing of Apache Traffic Server allows an attacker to smuggle requests. This issue affects Apache Traffic Server 8.0.0 to 8.1.2 and 9.0.0 to 9.0.1. CVE project by @Sn0wAlice,https://github.com/Live-Hack-CVE/CVE-2021-37148,['cve-2 OR cve_2'],1,2022-12-29T04:13:47+0000,1,0,,0,['CVE-2021-37148']
Live-Hack-CVE/CVE-2021-37147,Improper input validation vulnerability in header parsing of Apache Traffic Server allows an attacker to smuggle requests. This issue affects Apache Traffic Server 8.0.0 to 8.1.2 and 9.0.0 to 9.1.0. CVE project by @Sn0wAlice,https://github.com/Live-Hack-CVE/CVE-2021-37147,['cve-2 OR cve_2'],1,2022-12-29T04:13:43+0000,1,0,,0,['CVE-2021-37147']
Live-Hack-CVE/CVE-2022-23222,kernel/bpf/verifier.c in the Linux kernel through 5.15.14 allows local users to gain privileges because of the availability of pointer arithmetic via certain *_OR_NULL pointer types. CVE project by @Sn0wAlice,https://github.com/Live-Hack-CVE/CVE-2022-23222,['cve-2 OR cve_2'],1,2022-12-29T04:13:26+0000,3,0,,0,['CVE-2022-23222']
Live-Hack-CVE/CVE-2020-14305,"An out-of-bounds memory write flaw was found in how the Linux kernel’s Voice Over IP H.323 connection tracking functionality handled connections on ipv6 port 1720. This flaw allows an unauthenticated remote user to crash the system, causing a denial of ser",https://github.com/Live-Hack-CVE/CVE-2020-14305,['cve-2 OR cve_2'],1,2022-12-29T04:13:23+0000,0,0,,0,['CVE-2020-14305']
Live-Hack-CVE/CVE-2021-26120,Smarty before 3.1.39 allows code injection via an unexpected function name after a {function name= substring. CVE project by @Sn0wAlice,https://github.com/Live-Hack-CVE/CVE-2021-26120,['cve-2 OR cve_2'],1,2022-12-29T04:13:19+0000,2,0,,0,['CVE-2021-26120']
Live-Hack-CVE/CVE-2021-26119,Smarty before 3.1.39 allows a Sandbox Escape because $smarty.template_object can be accessed in sandbox mode. CVE project by @Sn0wAlice,https://github.com/Live-Hack-CVE/CVE-2021-26119,['cve-2 OR cve_2'],1,2022-12-29T04:13:15+0000,2,0,,0,['CVE-2021-26119']
Live-Hack-CVE/CVE-2020-29129,ncsi.c in libslirp through 4.3.1 has a buffer over-read because it tries to read a certain amount of header data even if that exceeds the total packet length. CVE project by @Sn0wAlice,https://github.com/Live-Hack-CVE/CVE-2020-29129,['cve-2 OR cve_2'],1,2022-12-29T04:13:11+0000,3,0,,0,['CVE-2020-29129']
Live-Hack-CVE/CVE-2022-1886,Heap-based Buffer Overflow in GitHub repository vim/vim prior to 8.2. CVE project by @Sn0wAlice,https://github.com/Live-Hack-CVE/CVE-2022-1886,"['cve-2 OR cve_2', 'heap overflow']",2,2022-12-29T04:13:08+0000,0,0,,0,['CVE-2022-1886']
Live-Hack-CVE/CVE-2022-33749,"XAPI open file limit DoS It is possible for an unauthenticated client on the network to cause XAPI to hit its file-descriptor limit. This causes XAPI to be unable to accept new requests for other (trusted) clients, and blocks XAPI from carrying out any tas",https://github.com/Live-Hack-CVE/CVE-2022-33749,['cve-2 OR cve_2'],1,2022-12-29T04:15:10+0000,1,0,,0,['CVE-2022-33749']
Live-Hack-CVE/CVE-2022-41495,ClipperCMS 1.3.3 was discovered to contain a Server-Side Request Forgery (SSRF) via the rss_url_news parameter at /manager/index.php. CVE project by @Sn0wAlice,https://github.com/Live-Hack-CVE/CVE-2022-41495,['cve-2 OR cve_2'],1,2022-12-29T04:15:13+0000,1,0,,0,['CVE-2022-41495']
Live-Hack-CVE/CVE-2022-3457,Origin Validation Error in GitHub repository ikus060/rdiffweb prior to 2.5.0a5. CVE project by @Sn0wAlice,https://github.com/Live-Hack-CVE/CVE-2022-3457,['cve-2 OR cve_2'],1,2022-12-29T04:15:17+0000,2,0,,0,['CVE-2022-3457']
Live-Hack-CVE/CVE-2019-6177,"A vulnerability reported in Lenovo Solution Center version 03.12.003, which is no longer supported, could allow log files to be written to non-standard locations, potentially leading to privilege escalation. Lenovo ended support for Lenovo Solution Center ",https://github.com/Live-Hack-CVE/CVE-2019-6177,['cve-2 OR cve_2'],1,2022-12-29T04:16:35+0000,1,0,,0,['CVE-2019-6177']
Live-Hack-CVE/CVE-2019-9423,"In opencv calls that use libpng, there is a possible out of bounds write due to a missing bounds check. This could lead to local escalation of privilege with no additional execution privileges required. User interaction is not required for exploitation. Pr",https://github.com/Live-Hack-CVE/CVE-2019-9423,['exploit'],1,2022-12-29T04:19:40+0000,1,0,,0,['CVE-2019-9423']
Live-Hack-CVE/CVE-2022-28197,"NVIDIA Jetson Linux Driver Package contains a vulnerability in the Cboot ext4_mount function, where Insufficient validation of untrusted data may allow a highly privileged local attacker to cause an integer overflow. This difficult-to-exploit vulnerability",https://github.com/Live-Hack-CVE/CVE-2022-28197,['exploit'],1,2022-12-29T04:19:36+0000,2,0,,0,['CVE-2022-28197']
Live-Hack-CVE/CVE-2022-1560,"The Amministrazione Aperta WordPress plugin before 3.8 does not validate the open parameter before using it in an include statement, leading to a Local File Inclusion issue. The original advisory mentions that unauthenticated users can exploit this, howeve",https://github.com/Live-Hack-CVE/CVE-2022-1560,['exploit'],1,2022-12-29T04:19:30+0000,2,0,,0,['CVE-2022-1560']
Live-Hack-CVE/CVE-2019-6774,This vulnerability allows remote attackers to execute arbitrary code on affected installations of Foxit Reader 9.4.1.16828. User interaction is required to exploit this vulnerability in that the target must visit a malicious page or open a malicious file. ,https://github.com/Live-Hack-CVE/CVE-2019-6774,['exploit'],1,2022-12-29T04:19:26+0000,3,0,,0,['CVE-2019-6774']
Live-Hack-CVE/CVE-2019-6775,This vulnerability allows remote attackers to execute arbitrary code on affected installations of Foxit Reader 9.5.0.20723. User interaction is required to exploit this vulnerability in that the target must visit a malicious page or open a malicious file. ,https://github.com/Live-Hack-CVE/CVE-2019-6775,['exploit'],1,2022-12-29T04:19:18+0000,3,0,,0,['CVE-2019-6775']
Live-Hack-CVE/CVE-2020-0009,"In calc_vm_may_flags of ashmem.c, there is a possible arbitrary write to shared memory due to a permissions bypass. This could lead to local escalation of privilege by corrupting memory shared between processes, with no additional execution privileges need",https://github.com/Live-Hack-CVE/CVE-2020-0009,['exploit'],1,2022-12-29T04:19:15+0000,1,0,,0,['CVE-2020-0009']
Live-Hack-CVE/CVE-2020-0003,"In onCreate of InstallStart.java, there is a possible package validation bypass due to a time-of-check time-of-use vulnerability. This could lead to local escalation of privilege with no additional execution privileges needed. User interaction is needed fo",https://github.com/Live-Hack-CVE/CVE-2020-0003,['exploit'],1,2022-12-29T04:19:08+0000,1,0,,0,['CVE-2020-0003']
Live-Hack-CVE/CVE-2019-6822,"A Use After Free: CWE-416 vulnerability exists in Zelio Soft 2, V5.2 and earlier, which could cause remote code execution when opening a specially crafted Zelio Soft 2 project file. CVE project by @Sn0wAlice",https://github.com/Live-Hack-CVE/CVE-2019-6822,['remote code execution'],1,2022-12-29T04:17:48+0000,1,0,,0,['CVE-2019-6822']
Live-Hack-CVE/CVE-2019-6167,A vulnerability reported in Lenovo Service Bridge before version 4.1.0.1 could allow remote code execution. CVE project by @Sn0wAlice,https://github.com/Live-Hack-CVE/CVE-2019-6167,['remote code execution'],1,2022-12-29T04:17:21+0000,1,0,,0,['CVE-2019-6167']
Live-Hack-CVE/CVE-2019-6168,A vulnerability reported in Lenovo Service Bridge before version 4.1.0.1 could allow remote code execution. CVE project by @Sn0wAlice,https://github.com/Live-Hack-CVE/CVE-2019-6168,['remote code execution'],1,2022-12-29T04:17:15+0000,1,0,,0,['CVE-2019-6168']
Live-Hack-CVE/CVE-2022-32492,Dell BIOS contains an improper input validation vulnerability. A local authenticated malicious user may potentially exploit this vulnerability by using an SMI to gain arbitrary code execution in SMRAM. CVE project by @Sn0wAlice,https://github.com/Live-Hack-CVE/CVE-2022-32492,['exploit'],1,2022-12-29T04:17:05+0000,1,0,,0,['CVE-2022-32492']
Live-Hack-CVE/CVE-2022-32486,Dell BIOS contains an improper input validation vulnerability. A local authenticated malicious user may potentially exploit this vulnerability by using an SMI to gain arbitrary code execution in SMRAM. CVE project by @Sn0wAlice,https://github.com/Live-Hack-CVE/CVE-2022-32486,"['cve-2 OR cve_2', 'exploit']",2,2022-12-29T04:16:42+0000,1,0,,0,['CVE-2022-32486']
Live-Hack-CVE/CVE-2022-34434,Cloud Mobility for Dell Storage versions 1.3.0 and earlier contains an Improper Access Control vulnerability within the Postgres database. A threat actor with root level access to either the vApp or containerized versions of Cloud Mobility may potentially ,https://github.com/Live-Hack-CVE/CVE-2022-34434,"['cve-2 OR cve_2', 'exploit']",2,2022-12-29T04:16:39+0000,1,0,,0,['CVE-2022-34434']
Live-Hack-CVE/CVE-2019-6181,"A reflected cross-site scripting (XSS) vulnerability was reported in Lenovo XClarity Administrator (LXCA) versions prior to 2.5.0 that could allow a crafted URL, if visited, to cause JavaScript code to be executed in the user's web browser. The JavaScript ",https://github.com/Live-Hack-CVE/CVE-2019-6181,['cve-2 OR cve_2'],1,2022-12-29T04:16:32+0000,1,0,,0,['CVE-2019-6181']
Live-Hack-CVE/CVE-2022-3456,Allocation of Resources Without Limits or Throttling in GitHub repository ikus060/rdiffweb prior to 2.5.0. CVE project by @Sn0wAlice,https://github.com/Live-Hack-CVE/CVE-2022-3456,['cve-2 OR cve_2'],1,2022-12-29T04:15:43+0000,2,0,,0,['CVE-2022-3456']
Live-Hack-CVE/CVE-2019-6180,A stored cross-site scripting (XSS) vulnerability was reported in Lenovo XClarity Administrator (LXCA) versions prior to 2.5.0 that could allow an administrative user to cause JavaScript code to be stored in LXCA which may then be executed in the user's we,https://github.com/Live-Hack-CVE/CVE-2019-6180,['cve-2 OR cve_2'],1,2022-12-29T04:16:29+0000,1,0,,0,['CVE-2019-6180']
Live-Hack-CVE/CVE-2019-6179,"An XML External Entity (XXE) processing vulnerability was reported in Lenovo XClarity Administrator (LXCA) prior to version 2.5.0 , Lenovo XClarity Integrator (LXCI) for Microsoft System Center prior to version 7.7.0, and Lenovo XClarity Integrator (LXCI) ",https://github.com/Live-Hack-CVE/CVE-2019-6179,['cve-2 OR cve_2'],1,2022-12-29T04:16:25+0000,1,0,,0,['CVE-2019-6179']
Live-Hack-CVE/CVE-2019-6002,Cross-site scripting vulnerability in Central Dogma 0.17.0 to 0.40.1 allows remote attackers to inject arbitrary web script or HTML via unspecified vectors. CVE project by @Sn0wAlice,https://github.com/Live-Hack-CVE/CVE-2019-6002,['cve-2 OR cve_2'],1,2022-12-29T04:16:21+0000,1,0,,0,['CVE-2019-6002']
Live-Hack-CVE/CVE-2019-5924,Cross-site request forgery (CSRF) vulnerability in Smart Forms 2.6.15 and earlier allows remote attackers to hijack the authentication of administrators via a specially crafted page. CVE project by @Sn0wAlice,https://github.com/Live-Hack-CVE/CVE-2019-5924,['cve-2 OR cve_2'],1,2022-12-29T04:16:17+0000,2,0,,0,['CVE-2019-5924']
Live-Hack-CVE/CVE-2019-5888,Multiple XSS vulnerabilities were discovered in OverIT Geocall 6.3 before build 2:346977. CVE project by @Sn0wAlice,https://github.com/Live-Hack-CVE/CVE-2019-5888,['cve-2 OR cve_2'],1,2022-12-29T04:16:14+0000,1,0,,0,['CVE-2019-5888']
Live-Hack-CVE/CVE-2019-5889,An log-management directory traversal issue was discovered in OverIT Geocall 6.3 before build 2:346977. CVE project by @Sn0wAlice,https://github.com/Live-Hack-CVE/CVE-2019-5889,['cve-2 OR cve_2'],1,2022-12-29T04:16:10+0000,1,0,,0,['CVE-2019-5889']
Live-Hack-CVE/CVE-2020-17380,A heap-based buffer overflow was found in QEMU through 5.0.0 in the SDHCI device emulation support. It could occur while doing a multi block SDMA transfer via the sdhci_sdma_transfer_multi_blocks() routine in hw/sd/sdhci.c. A guest user or process could us,https://github.com/Live-Hack-CVE/CVE-2020-17380,"['cve-2 OR cve_2', 'heap overflow']",2,2022-12-29T04:16:07+0000,0,0,,0,['CVE-2020-17380']
Live-Hack-CVE/CVE-2019-5891,"An issue was discovered in OverIT Geocall 6.3 before build 2:346977. An unauthenticated servlet allows an attacker to obtain a cookie of an authenticated user, and login to the web application. CVE project by @Sn0wAlice",https://github.com/Live-Hack-CVE/CVE-2019-5891,['cve-2 OR cve_2'],1,2022-12-29T04:16:04+0000,1,0,,0,['CVE-2019-5891']
Live-Hack-CVE/CVE-2022-25648,"The package git before 1.11.0 are vulnerable to Command Injection via git argument injection. When calling the fetch(remote = 'origin', opts = {}) function, the remote parameter is passed to the git fetch subcommand in a way that additional flags can be se",https://github.com/Live-Hack-CVE/CVE-2022-25648,"['command injection', 'cve-2 OR cve_2']",2,2022-12-29T04:16:00+0000,0,0,,0,['CVE-2022-25648']
Live-Hack-CVE/CVE-2019-5890,An issue was discovered in OverIT Geocall 6.3 before build 2:346977. Weak authentication and session management allows an authenticated user to obtain access to the Administrative control panel and execute administrative functions. CVE project by @Sn0wAlic,https://github.com/Live-Hack-CVE/CVE-2019-5890,['cve-2 OR cve_2'],1,2022-12-29T04:15:57+0000,1,0,,0,['CVE-2019-5890']
Live-Hack-CVE/CVE-2021-46671,"options.c in atftp before 0.7.5 reads past the end of an array, and consequently discloses server-side /etc/group data to a remote client. CVE project by @Sn0wAlice",https://github.com/Live-Hack-CVE/CVE-2021-46671,['cve-2 OR cve_2'],1,2022-12-29T04:15:53+0000,1,0,,0,['CVE-2021-46671']
Live-Hack-CVE/CVE-2022-41351,"In Zimbra Collaboration Suite (ZCS) 8.8.15, at the URL /h/calendar, one can trigger XSS by adding JavaScript code to the view parameter and changing the value of the uncheck parameter to a string (instead of default value of 10). CVE project by @Sn0wAlice",https://github.com/Live-Hack-CVE/CVE-2022-41351,['cve-2 OR cve_2'],1,2022-12-29T04:15:50+0000,1,0,,0,['CVE-2022-41351']
Live-Hack-CVE/CVE-2022-41350,"In Zimbra Collaboration Suite (ZCS) 8.8.15, /h/search?action=voicemail&action=listen accepts a phone parameter that is vulnerable to Reflected XSS. This allows executing arbitrary JavaScript on the victim's machine. CVE project by @Sn0wAlice",https://github.com/Live-Hack-CVE/CVE-2022-41350,['cve-2 OR cve_2'],1,2022-12-29T04:15:47+0000,1,0,,0,['CVE-2022-41350']
Live-Hack-CVE/CVE-2022-41167,"Due to lack of proper memory management, when a victim opens a manipulated AutoCAD (.dwg, TeighaTranslator.exe) file received from untrusted sources in SAP 3D Visual Enterprise Author - version 9, it is possible that a Remote Code Execution can be triggere",https://github.com/Live-Hack-CVE/CVE-2022-41167,['remote code execution'],1,2022-12-29T05:34:14+0000,0,0,,0,['CVE-2022-41167']
Live-Hack-CVE/CVE-2022-39808,"Due to lack of proper memory management, when a victim opens a manipulated Wavefront Object (.obj, ObjTranslator.exe) file received from untrusted sources in SAP 3D Visual Enterprise Author - version 9, it is possible that a Remote Code Execution can be tr",https://github.com/Live-Hack-CVE/CVE-2022-39808,['remote code execution'],1,2022-12-29T05:34:17+0000,0,0,,0,['CVE-2022-39808']
Live-Hack-CVE/CVE-2022-39805,"Due to lack of proper memory management, when a victim opens a manipulated Computer Graphics Metafile (.cgm, CgmTranslator.exe) file received from untrusted sources in SAP 3D Visual Enterprise Author - version 9, it is possible that a Remote Code Execution",https://github.com/Live-Hack-CVE/CVE-2022-39805,['remote code execution'],1,2022-12-29T05:34:24+0000,0,0,,0,['CVE-2022-39805']
Live-Hack-CVE/CVE-2022-39804,"Due to lack of proper memory management, when a victim opens a manipulated SolidWorks Part (.sldprt, CoreCadTranslator.exe) file received from untrusted sources in SAP 3D Visual Enterprise Author - version 9, it is possible that a Remote Code Execution can",https://github.com/Live-Hack-CVE/CVE-2022-39804,['remote code execution'],1,2022-12-29T05:34:28+0000,0,0,,0,['CVE-2022-39804']
Live-Hack-CVE/CVE-2019-2964,"Vulnerability in the Java SE, Java SE Embedded product of Oracle Java SE (component: Concurrency). Supported versions that are affected are Java SE: 7u231, 8u221, 11.0.4 and 13; Java SE Embedded: 8u221. Difficult to exploit vulnerability allows unauthentic",https://github.com/Live-Hack-CVE/CVE-2019-2964,['exploit'],1,2022-12-29T07:02:14+0000,3,0,,0,['CVE-2019-2964']
Live-Hack-CVE/CVE-2022-27377,"MariaDB Server v10.6.3 and below was discovered to contain an use-after-free in the component Item_func_in::cleanup(), which is exploited via specially crafted SQL statements. CVE project by @Sn0wAlice",https://github.com/Live-Hack-CVE/CVE-2022-27377,['exploit'],1,2022-12-29T07:02:04+0000,2,0,,0,['CVE-2022-27377']
Live-Hack-CVE/CVE-2022-42092,Backdrop CMS 1.22.0 has Unrestricted File Upload vulnerability via 'themes' that allows attackers to Remote Code Execution. CVE project by @Sn0wAlice,https://github.com/Live-Hack-CVE/CVE-2022-42092,['remote code execution'],1,2022-12-29T07:00:08+0000,1,0,,0,['CVE-2022-42092']
Live-Hack-CVE/CVE-2022-25795,A Memory Corruption Vulnerability in Autodesk TrueView 2022 and 2021 may lead to remote code execution through maliciously crafted DWG files. CVE project by @Sn0wAlice,https://github.com/Live-Hack-CVE/CVE-2022-25795,['remote code execution'],1,2022-12-29T06:59:33+0000,1,0,,0,['CVE-2022-25795']
Live-Hack-CVE/CVE-2022-24282,"A vulnerability has been identified in SINEC NMS (All versions < V1.0.3), SINEC NMS (All versions >= V1.0.3). The affected system allows to upload JSON objects that are deserialized to Java objects. Due to insecure deserialization of user-supplied content ",https://github.com/Live-Hack-CVE/CVE-2022-24282,['exploit'],1,2022-12-29T06:59:24+0000,1,0,,0,['CVE-2022-24282']
Live-Hack-CVE/CVE-2022-31680,The vCenter Server contains an unsafe deserialisation vulnerability in the PSC (Platform services controller). A malicious actor with admin access on vCenter server may exploit this issue to execute arbitrary code on the underlying operating system that ho,https://github.com/Live-Hack-CVE/CVE-2022-31680,['exploit'],1,2022-12-29T06:58:39+0000,2,0,,0,['CVE-2022-31680']
Live-Hack-CVE/CVE-2019-5820,Integer overflow in PDFium in Google Chrome prior to 74.0.3729.108 allowed a remote attacker to potentially exploit heap corruption via a crafted PDF file. CVE project by @Sn0wAlice,https://github.com/Live-Hack-CVE/CVE-2019-5820,"['exploit', 'heap overflow']",2,2022-12-29T06:58:29+0000,34,0,,0,['CVE-2019-5820']
Live-Hack-CVE/CVE-2019-5787,Use-after-garbage-collection in Blink in Google Chrome prior to 73.0.3683.75 allowed a remote attacker to potentially exploit heap corruption via a crafted HTML page. CVE project by @Sn0wAlice,https://github.com/Live-Hack-CVE/CVE-2019-5787,['exploit'],1,2022-12-29T06:58:26+0000,34,0,,0,['CVE-2019-5787']
Live-Hack-CVE/CVE-2022-39852,A heap-based overflow vulnerability in makeContactAGIF in libagifencoder.quram.so library prior to SMR Oct-2022 Release 1 allows attacker to perform code execution. CVE project by @Sn0wAlice,https://github.com/Live-Hack-CVE/CVE-2022-39852,['heap overflow'],1,2022-12-29T06:57:44+0000,1,0,,0,['CVE-2022-39852']
Live-Hack-CVE/CVE-2019-5805,Use-after-free in PDFium in Google Chrome prior to 74.0.3729.108 allowed a remote attacker to potentially exploit heap corruption via a crafted PDF file. CVE project by @Sn0wAlice,https://github.com/Live-Hack-CVE/CVE-2019-5805,['exploit'],1,2022-12-29T06:57:16+0000,34,0,,0,['CVE-2019-5805']
Live-Hack-CVE/CVE-2019-5806,Integer overflow in ANGLE in Google Chrome on Windows prior to 74.0.3729.108 allowed a remote attacker to potentially exploit heap corruption via a crafted HTML page. CVE project by @Sn0wAlice,https://github.com/Live-Hack-CVE/CVE-2019-5806,"['exploit', 'heap overflow']",2,2022-12-29T06:57:12+0000,34,0,,0,['CVE-2019-5806']
Live-Hack-CVE/CVE-2019-5807,Object lifetime issue in V8 in Google Chrome prior to 74.0.3729.108 allowed a remote attacker to potentially exploit heap corruption via a crafted HTML page. CVE project by @Sn0wAlice,https://github.com/Live-Hack-CVE/CVE-2019-5807,['exploit'],1,2022-12-29T06:57:08+0000,34,0,,0,['CVE-2019-5807']
Live-Hack-CVE/CVE-2019-5808,Use after free in Blink in Google Chrome prior to 74.0.3729.108 allowed a remote attacker to potentially exploit heap corruption via a crafted HTML page. CVE project by @Sn0wAlice,https://github.com/Live-Hack-CVE/CVE-2019-5808,['exploit'],1,2022-12-29T06:56:40+0000,34,0,,0,['CVE-2019-5808']
Live-Hack-CVE/CVE-2019-5816,Process lifetime issue in Chrome in Google Chrome on Android prior to 74.0.3729.108 allowed a remote attacker to potentially persist an exploited process via a crafted HTML page. CVE project by @Sn0wAlice,https://github.com/Live-Hack-CVE/CVE-2019-5816,['exploit'],1,2022-12-29T06:56:21+0000,34,0,,0,['CVE-2019-5816']
Live-Hack-CVE/CVE-2019-5817,Heap buffer overflow in ANGLE in Google Chrome on Windows prior to 74.0.3729.108 allowed a remote attacker to potentially exploit heap corruption via a crafted HTML page. CVE project by @Sn0wAlice,https://github.com/Live-Hack-CVE/CVE-2019-5817,"['exploit', 'heap overflow']",2,2022-12-29T06:56:13+0000,34,0,,0,['CVE-2019-5817']
Live-Hack-CVE/CVE-2022-26475,"In wlan, there is a possible out of bounds write due to a missing bounds check. This could lead to local escalation of privilege with System execution privileges needed. User interaction is not needed for exploitation. Patch ID: ALPS07310743; Issue ID: ALP",https://github.com/Live-Hack-CVE/CVE-2022-26475,['exploit'],1,2022-12-29T06:55:52+0000,1,0,,0,['CVE-2022-26475']
Live-Hack-CVE/CVE-2022-26474,"In sensorhub, there is a possible out of bounds write due to an incorrect calculation of buffer size. This could lead to local escalation of privilege with System execution privileges needed. User interaction is not needed for exploitation. Patch ID: ALPS0",https://github.com/Live-Hack-CVE/CVE-2022-26474,['exploit'],1,2022-12-29T06:55:35+0000,1,0,,0,['CVE-2022-26474']
Live-Hack-CVE/CVE-2022-3276,Command injection is possible in the puppetlabs-mysql module prior to version 13.0.0. A malicious actor is able to exploit this vulnerability only if they are able to provide unsanitized input to the module. This condition is rare in most deployments of Pu,https://github.com/Live-Hack-CVE/CVE-2022-3276,"['command injection', 'exploit']",2,2022-12-29T06:25:20+0000,1,0,,0,['CVE-2022-3276']
Live-Hack-CVE/CVE-2020-25834,"Cross-Site Scripting vulnerability on Micro Focus ArcSight Logger product, affecting version 7.1. The vulnerability could be remotely exploited resulting in Cross-Site Scripting (XSS). CVE project by @Sn0wAlice",https://github.com/Live-Hack-CVE/CVE-2020-25834,['exploit'],1,2022-12-29T06:25:17+0000,1,0,,0,['CVE-2020-25834']
Live-Hack-CVE/CVE-2022-26452,"In isp, there is a possible use after free due to improper locking. This could lead to local escalation of privilege with System execution privileges needed. User interaction is not needed for exploitation. Patch ID: ALPS07262305; Issue ID: ALPS07262305. C",https://github.com/Live-Hack-CVE/CVE-2022-26452,['exploit'],1,2022-12-29T06:25:13+0000,1,0,,0,['CVE-2022-26452']
Live-Hack-CVE/CVE-2022-26471,"In telephony, there is a possible escalation of privilege due to a parcel format mismatch. This could lead to local escalation of privilege with no additional execution privileges needed. User interaction is not needed for exploitation. Patch ID: ALPS07319",https://github.com/Live-Hack-CVE/CVE-2022-26471,['exploit'],1,2022-12-29T06:25:10+0000,1,0,,0,['CVE-2022-26471']
Live-Hack-CVE/CVE-2022-26472,"In ims, there is a possible escalation of privilege due to a parcel format mismatch. This could lead to local escalation of privilege with no additional execution privileges needed. User interaction is not needed for exploitation. Patch ID: ALPS07319095; I",https://github.com/Live-Hack-CVE/CVE-2022-26472,['exploit'],1,2022-12-29T06:24:56+0000,1,0,,0,['CVE-2022-26472']
Live-Hack-CVE/CVE-2022-26473,"In vdec fmt, there is a possible use after free due to improper locking. This could lead to local escalation of privilege with System execution privileges needed. User interaction is not needed for exploitation. Patch ID: ALPS07342197; Issue ID: ALPS073421",https://github.com/Live-Hack-CVE/CVE-2022-26473,['exploit'],1,2022-12-29T06:24:49+0000,1,0,,0,['CVE-2022-26473']
Live-Hack-CVE/CVE-2021-40162,"A maliciously crafted TIF, PICT, TGA, or RLC files in Autodesk Image Processing component may be forced to read beyond allocated boundaries when parsing the TIFF, PICT, TGA, or RLC files. This vulnerability may be exploited to execute arbitrary code. CVE p",https://github.com/Live-Hack-CVE/CVE-2021-40162,['exploit'],1,2022-12-29T06:24:04+0000,2,0,,0,['CVE-2021-40162']
Live-Hack-CVE/CVE-2021-40164,"A heap-based buffer overflow could occur while parsing TIFF, PICT, TGA, or RLC files. This vulnerability may be exploited to execute arbitrary code. CVE project by @Sn0wAlice",https://github.com/Live-Hack-CVE/CVE-2021-40164,"['exploit', 'heap overflow']",2,2022-12-29T06:23:57+0000,2,0,,0,['CVE-2021-40164']
Live-Hack-CVE/CVE-2021-40165,"A maliciously crafted TIFF, PICT, TGA, or RLC file in Autodesk Image Processing component may be used to write beyond the allocated buffer while parsing TIFF, PICT, TGA, or RLC files. This vulnerability may be exploited to execute arbitrary code. CVE proje",https://github.com/Live-Hack-CVE/CVE-2021-40165,['exploit'],1,2022-12-29T06:23:50+0000,2,0,,0,['CVE-2021-40165']
Live-Hack-CVE/CVE-2021-40166,A maliciously crafted PNG file in Autodesk Image Processing component may be used to attempt to free an object that has already been freed while parsing them. This vulnerability may be exploited by attackers to execute arbitrary code. CVE project by @Sn0wA,https://github.com/Live-Hack-CVE/CVE-2021-40166,['exploit'],1,2022-12-29T06:23:47+0000,2,0,,0,['CVE-2021-40166']
Live-Hack-CVE/CVE-2022-3434,A vulnerability was found in SourceCodester Web-Based Student Clearance System. It has been rated as problematic. Affected by this issue is the function prepare of the file /Admin/add-student.php. The manipulation leads to cross site scripting. The attack ,https://github.com/Live-Hack-CVE/CVE-2022-3434,['exploit'],1,2022-12-29T06:23:25+0000,1,0,,0,['CVE-2022-3434']
Live-Hack-CVE/CVE-2022-3442,A vulnerability was found in Crealogix EBICS 7.0. It has been rated as problematic. Affected by this issue is some unknown functionality of the file /ebics-server/ebics.aspx. The manipulation leads to cross site scripting. The attack may be launched remote,https://github.com/Live-Hack-CVE/CVE-2022-3442,['exploit'],1,2022-12-29T06:23:08+0000,1,0,,0,['CVE-2022-3442']
Live-Hack-CVE/CVE-2020-8794,"OpenSMTPD before 6.6.4 allows remote code execution because of an out-of-bounds read in mta_io in mta_session.c for multi-line replies. Although this vulnerability affects the client side of OpenSMTPD, it is possible to attack a server because the server c",https://github.com/Live-Hack-CVE/CVE-2020-8794,['remote code execution'],1,2022-12-29T07:02:47+0000,2,0,,0,['CVE-2020-8794']
Live-Hack-CVE/CVE-2019-9139,"DaviewIndy 8.98.7 and earlier versions have a Integer overflow vulnerability, triggered when the user opens a malformed PDF file that is mishandled by Daview.exe. Attackers could exploit this and arbitrary code execution. CVE project by @Sn0wAlice",https://github.com/Live-Hack-CVE/CVE-2019-9139,['exploit'],1,2022-12-29T07:02:51+0000,1,0,,0,['CVE-2019-9139']
Live-Hack-CVE/CVE-2021-3507,A heap buffer overflow was found in the floppy disk emulator of QEMU up to 6.0.0 (including). It could occur in fdctrl_transfer_handler() in hw/block/fdc.c while processing DMA read data transfers from the floppy drive to the guest system. A privileged gue,https://github.com/Live-Hack-CVE/CVE-2021-3507,['heap overflow'],1,2022-12-29T07:05:12+0000,4,0,,0,['CVE-2021-3507']
Live-Hack-CVE/CVE-2019-5813,Use after free in V8 in Google Chrome prior to 74.0.3729.108 allowed a remote attacker to potentially exploit heap corruption via a crafted HTML page. CVE project by @Sn0wAlice,https://github.com/Live-Hack-CVE/CVE-2019-5813,['exploit'],1,2022-12-29T07:37:39+0000,34,0,,0,['CVE-2019-5813']
Live-Hack-CVE/CVE-2022-24545,Windows Kerberos Remote Code Execution Vulnerability. CVE project by @Sn0wAlice,https://github.com/Live-Hack-CVE/CVE-2022-24545,['remote code execution'],1,2022-12-29T07:41:48+0000,1,0,,0,['CVE-2022-24545']
Live-Hack-CVE/CVE-2020-8865,This vulnerability allows remote attackers to execute local PHP files on affected installations of Horde Groupware Webmail Edition 5.2.22. Authentication is required to exploit this vulnerability. The specific flaw exists within edit.php. When parsing the ,https://github.com/Live-Hack-CVE/CVE-2020-8865,['exploit'],1,2022-12-29T07:41:06+0000,2,0,,0,['CVE-2020-8865']
Live-Hack-CVE/CVE-2020-8833,"Time-of-check Time-of-use Race Condition vulnerability on crash report ownership change in Apport allows for a possible privilege escalation opportunity. If fs.protected_symlinks is disabled, this can be exploited between the os.open and os.chown calls whe",https://github.com/Live-Hack-CVE/CVE-2020-8833,['exploit'],1,2022-12-29T07:40:59+0000,2,0,,0,['CVE-2020-8833']
Live-Hack-CVE/CVE-2022-24735,"Redis is an in-memory database that persists on disk. By exploiting weaknesses in the Lua script execution environment, an attacker with access to Redis prior to version 7.0.0 or 6.2.7 can inject Lua code that will execute with the (potentially higher) pri",https://github.com/Live-Hack-CVE/CVE-2022-24735,['exploit'],1,2022-12-29T07:40:49+0000,4,0,,0,['CVE-2022-24735']
Live-Hack-CVE/CVE-2020-8866,This vulnerability allows remote attackers to create arbitrary files on affected installations of Horde Groupware Webmail Edition 5.2.22. Authentication is required to exploit this vulnerability. The specific flaw exists within add.php. The issue results f,https://github.com/Live-Hack-CVE/CVE-2020-8866,['exploit'],1,2022-12-29T07:40:31+0000,2,0,,0,['CVE-2020-8866']
Live-Hack-CVE/CVE-2022-31144,"Redis is an in-memory database that persists on disk. A specially crafted `XAUTOCLAIM` command on a stream key in a specific state may result with heap overflow, and potentially remote code execution. This problem affects versions on the 7.x branch prior t",https://github.com/Live-Hack-CVE/CVE-2022-31144,"['heap overflow', 'remote code execution']",2,2022-12-29T07:40:04+0000,1,0,,0,['CVE-2022-31144']
Live-Hack-CVE/CVE-2022-29148,Visual Studio Remote Code Execution Vulnerability. CVE project by @Sn0wAlice,https://github.com/Live-Hack-CVE/CVE-2022-29148,['remote code execution'],1,2022-12-29T07:38:59+0000,2,0,,0,['CVE-2022-29148']
Live-Hack-CVE/CVE-2021-21104,Adobe Illustrator version 25.2 (and earlier) is affected by a memory corruption vulnerability when parsing a specially crafted file. An unauthenticated attacker could leverage this vulnerability to remote code execution in the context of the current user. ,https://github.com/Live-Hack-CVE/CVE-2021-21104,"['exploit', 'remote code execution']",2,2022-12-29T07:38:28+0000,1,0,,0,['CVE-2021-21104']
Live-Hack-CVE/CVE-2021-21105,Adobe Illustrator version 25.2 (and earlier) is affected by a memory corruption vulnerability when parsing a specially crafted file. An unauthenticated attacker could leverage this vulnerability to achieve remote code execution in the context of the curren,https://github.com/Live-Hack-CVE/CVE-2021-21105,"['exploit', 'remote code execution']",2,2022-12-29T07:38:25+0000,1,0,,0,['CVE-2021-21105']
Live-Hack-CVE/CVE-2021-21103,Adobe Illustrator version 25.2 (and earlier) is affected by a memory corruption vulnerability when parsing a specially crafted file. An unauthenticated attacker could leverage this vulnerability to disclose sensitive memory information in the context of th,https://github.com/Live-Hack-CVE/CVE-2021-21103,['exploit'],1,2022-12-29T07:38:21+0000,1,0,,0,['CVE-2021-21103']
Live-Hack-CVE/CVE-2021-21093,Adobe Bridge versions 10.1.1 (and earlier) and 11.0.1 (and earlier) are affected by a memory corruption vulnerability when parsing a specially crafted file. An unauthenticated attacker could leverage this vulnerability to achieve arbitrary code execution i,https://github.com/Live-Hack-CVE/CVE-2021-21093,['exploit'],1,2022-12-29T07:38:18+0000,1,0,,0,['CVE-2021-21093']
Live-Hack-CVE/CVE-2021-21092,Adobe Bridge versions 10.1.1 (and earlier) and 11.0.1 (and earlier) are affected by a memory corruption vulnerability when parsing a specially crafted file. An unauthenticated attacker could leverage this vulnerability to achieve arbitrary code execution i,https://github.com/Live-Hack-CVE/CVE-2021-21092,['exploit'],1,2022-12-29T07:38:14+0000,1,0,,0,['CVE-2021-21092']
Live-Hack-CVE/CVE-2021-21082,Adobe Photoshop versions 21.2.5 (and earlier) and 22.2 (and earlier) are affected by a Memory Corruption vulnerability when parsing a specially crafted file. An unauthenticated attacker could leverage this vulnerability to achieve arbitrary code execution ,https://github.com/Live-Hack-CVE/CVE-2021-21082,['exploit'],1,2022-12-29T07:37:44+0000,1,0,,0,['CVE-2021-21082']
Live-Hack-CVE/CVE-2019-5846,Out of bounds access in SwiftShader in Google Chrome prior to 73.0.3683.75 allowed a remote attacker to potentially exploit heap corruption via a crafted HTML page. CVE project by @Sn0wAlice,https://github.com/Live-Hack-CVE/CVE-2019-5846,['exploit'],1,2022-12-29T07:37:35+0000,34,0,,0,['CVE-2019-5846']
Live-Hack-CVE/CVE-2021-3515,A shell injection flaw was found in pglogical in versions before 2.3.4 and before 3.6.26. An attacker with CREATEDB privileges on a PostgreSQL server can craft a database name that allows execution of shell commands as the postgresql user when calling pglo,https://github.com/Live-Hack-CVE/CVE-2021-3515,['command injection'],1,2022-12-29T07:05:23+0000,1,0,,0,['CVE-2021-3515']
Live-Hack-CVE/CVE-2019-5845,Out of bounds access in SwiftShader in Google Chrome prior to 73.0.3683.75 allowed a remote attacker to potentially exploit heap corruption via a crafted HTML page. CVE project by @Sn0wAlice,https://github.com/Live-Hack-CVE/CVE-2019-5845,['exploit'],1,2022-12-29T07:37:31+0000,34,0,,0,['CVE-2019-5845']
Live-Hack-CVE/CVE-2019-5844,Out of bounds access in SwiftShader in Google Chrome prior to 73.0.3683.75 allowed a remote attacker to potentially exploit heap corruption via a crafted HTML page. CVE project by @Sn0wAlice,https://github.com/Live-Hack-CVE/CVE-2019-5844,['exploit'],1,2022-12-29T07:37:28+0000,34,0,,0,['CVE-2019-5844']
Live-Hack-CVE/CVE-2019-5825,Out of bounds write in JavaScript in Google Chrome prior to 73.0.3683.86 allowed a remote attacker to potentially exploit heap corruption via a crafted HTML page. CVE project by @Sn0wAlice,https://github.com/Live-Hack-CVE/CVE-2019-5825,['exploit'],1,2022-12-29T07:37:24+0000,34,0,,0,['CVE-2019-5825']
lisus18ikrak/be-a-hacker,it content free resources including courses that help you to learn ethical hacking for beginners to advanced,https://github.com/lisus18ikrak/be-a-hacker,['exploit'],1,2022-12-29T08:03:59+0000,9,0,,0,[]
Deepak2202-del/exploitation-of-windows-xp-and-windows-7,None,https://github.com/Deepak2202-del/exploitation-of-windows-xp-and-windows-7,['exploit'],1,2022-12-29T08:00:11+0000,3,0,HTML,0,[]
Live-Hack-CVE/CVE-2021-36015,Adobe Media Encoder version 15.2 (and earlier) is affected by a memory corruption vulnerability when parsing a specially crafted file. An unauthenticated attacker could leverage this vulnerability to achieve arbitrary code execution in the context of the c,https://github.com/Live-Hack-CVE/CVE-2021-36015,['exploit'],1,2022-12-29T07:06:42+0000,1,0,,0,['CVE-2021-36015']
Live-Hack-CVE/CVE-2021-36009,Adobe Illustrator version 25.2.3 (and earlier) is affected by an memory corruption vulnerability when parsing a specially crafted file. An unauthenticated attacker could leverage this vulnerability to achieve arbitrary code execution in the context of the ,https://github.com/Live-Hack-CVE/CVE-2021-36009,['exploit'],1,2022-12-29T07:06:39+0000,2,0,,0,['CVE-2021-36009']
Live-Hack-CVE/CVE-2021-36017,Adobe After Effects version 18.2.1 (and earlier) is affected by a memory corruption vulnerability when parsing a specially crafted file. An unauthenticated attacker could leverage this vulnerability to achieve arbitrary code execution in the context of the,https://github.com/Live-Hack-CVE/CVE-2021-36017,['exploit'],1,2022-12-29T07:06:35+0000,1,0,,0,['CVE-2021-36017']
Live-Hack-CVE/CVE-2021-36000,Adobe Character Animator version 4.2 (and earlier) is affected by a memory corruption vulnerability when parsing a specially crafted file. An unauthenticated attacker could leverage this vulnerability to achieve arbitrary code execution in the context of t,https://github.com/Live-Hack-CVE/CVE-2021-36000,['exploit'],1,2022-12-29T07:06:27+0000,1,0,,0,['CVE-2021-36000']
Live-Hack-CVE/CVE-2021-35999,Adobe Prelude version 10.0 (and earlier) is affected by a memory corruption vulnerability when parsing a specially crafted file. An unauthenticated attacker could leverage this vulnerability to achieve arbitrary code execution in the context of the current,https://github.com/Live-Hack-CVE/CVE-2021-35999,['exploit'],1,2022-12-29T07:06:24+0000,1,0,,0,['CVE-2021-35999']
Live-Hack-CVE/CVE-2021-35997,Adobe Premiere Pro version 15.2 (and earlier) is affected by a memory corruption vulnerability when parsing a specially crafted file. An unauthenticated attacker could leverage this vulnerability to achieve arbitrary code execution in the context of the cu,https://github.com/Live-Hack-CVE/CVE-2021-35997,['exploit'],1,2022-12-29T07:06:20+0000,1,0,,0,['CVE-2021-35997']
Live-Hack-CVE/CVE-2021-35996,Adobe After Effects version 18.2.1 (and earlier) is affected by a memory corruption vulnerability when parsing a specially crafted file. An unauthenticated attacker could leverage this vulnerability to achieve arbitrary code execution in the context of the,https://github.com/Live-Hack-CVE/CVE-2021-35996,['exploit'],1,2022-12-29T07:06:17+0000,1,0,,0,['CVE-2021-35996']
Live-Hack-CVE/CVE-2021-3570,"A flaw was found in the ptp4l program of the linuxptp package. A missing length check when forwarding a PTP message between ports allows a remote attacker to cause an information leak, crash, or potentially remote code execution. The highest threat from th",https://github.com/Live-Hack-CVE/CVE-2021-3570,['remote code execution'],1,2022-12-29T07:05:41+0000,2,0,,0,['CVE-2021-3570']
Live-Hack-CVE/CVE-2022-41870,AP Manager in Innovaphone before 13r2 Service Release 17 allows command injection via a modified service ID during app upload. CVE project by @Sn0wAlice,https://github.com/Live-Hack-CVE/CVE-2022-41870,['command injection'],1,2022-12-29T06:22:32+0000,2,0,,0,['CVE-2022-41870']
Live-Hack-CVE/CVE-2022-41749,An origin validation error vulnerability in Trend Micro Apex One agents could allow a local attacker to escalate privileges on affected installations. Please note: an attacker must first obtain the ability to execute low-privileged code on the target syste,https://github.com/Live-Hack-CVE/CVE-2022-41749,['exploit'],1,2022-12-29T06:22:12+0000,1,0,,0,['CVE-2022-41749']
Live-Hack-CVE/CVE-2022-32234,"An out of bounds write in hermes, while handling large arrays, prior to commit 06eaec767e376bfdb883d912cb15e987ddf2bda1 allows attackers to potentially execute arbitrary code via crafted JavaScript. Note that this is only exploitable if the application usi",https://github.com/Live-Hack-CVE/CVE-2022-32234,['exploit'],1,2022-12-29T06:21:50+0000,1,0,,0,['CVE-2022-32234']
Live-Hack-CVE/CVE-2019-6760,This vulnerability allows remote attackers to execute arbitrary code on vulnerable installations of Foxit Reader 9.4.16811. User interaction is required to exploit this vulnerability in that the target must visit a malicious page or open a malicious file. ,https://github.com/Live-Hack-CVE/CVE-2019-6760,['exploit'],1,2022-12-29T05:37:29+0000,3,0,,0,['CVE-2019-6760']
Live-Hack-CVE/CVE-2022-41038,"Microsoft SharePoint Server Remote Code Execution Vulnerability. This CVE ID is unique from CVE-2022-38053, CVE-2022-41036, CVE-2022-41037. CVE project by @Sn0wAlice",https://github.com/Live-Hack-CVE/CVE-2022-41038,['remote code execution'],1,2022-12-29T05:40:38+0000,0,0,,0,"['CVE-2022-38053', 'CVE-2022-41036', 'CVE-2022-41037', 'CVE-2022-41038']"
Live-Hack-CVE/CVE-2022-41037,"Microsoft SharePoint Server Remote Code Execution Vulnerability. This CVE ID is unique from CVE-2022-38053, CVE-2022-41036, CVE-2022-41038. CVE project by @Sn0wAlice",https://github.com/Live-Hack-CVE/CVE-2022-41037,['remote code execution'],1,2022-12-29T05:40:35+0000,0,0,,0,"['CVE-2022-38053', 'CVE-2022-41036', 'CVE-2022-41037', 'CVE-2022-41038']"
Live-Hack-CVE/CVE-2022-41036,"Microsoft SharePoint Server Remote Code Execution Vulnerability. This CVE ID is unique from CVE-2022-38053, CVE-2022-41037, CVE-2022-41038. CVE project by @Sn0wAlice",https://github.com/Live-Hack-CVE/CVE-2022-41036,['remote code execution'],1,2022-12-29T05:40:32+0000,0,0,,0,"['CVE-2022-38053', 'CVE-2022-41036', 'CVE-2022-41037', 'CVE-2022-41038']"
Live-Hack-CVE/CVE-2022-38031,Microsoft WDAC OLE DB provider for SQL Server Remote Code Execution Vulnerability. This CVE ID is unique from CVE-2022-37982. CVE project by @Sn0wAlice,https://github.com/Live-Hack-CVE/CVE-2022-38031,['remote code execution'],1,2022-12-29T05:39:52+0000,0,0,,0,"['CVE-2022-37982', 'CVE-2022-38031']"
Live-Hack-CVE/CVE-2019-6747,This vulnerability allows remote attackers to execute arbitrary code on vulnerable installations of Foxit Studio Photo 3.6.6. User interaction is required to exploit this vulnerability in that the target must visit a malicious page or open a malicious file,https://github.com/Live-Hack-CVE/CVE-2019-6747,['exploit'],1,2022-12-29T05:39:41+0000,2,0,,0,['CVE-2019-6747']
Live-Hack-CVE/CVE-2022-41081,"Windows Point-to-Point Tunneling Protocol Remote Code Execution Vulnerability. This CVE ID is unique from CVE-2022-22035, CVE-2022-24504, CVE-2022-30198, CVE-2022-33634, CVE-2022-38000, CVE-2022-38047. CVE project by @Sn0wAlice",https://github.com/Live-Hack-CVE/CVE-2022-41081,['remote code execution'],1,2022-12-29T05:39:38+0000,0,0,,0,"['CVE-2022-22035', 'CVE-2022-24504', 'CVE-2022-30198', 'CVE-2022-33634', 'CVE-2022-38000', 'CVE-2022-38047', 'CVE-2022-41081']"
Live-Hack-CVE/CVE-2019-6755,This vulnerability allows remote attackers to execute arbitrary code on vulnerable installations of Foxit Reader 9.3.10826. User interaction is required to exploit this vulnerability in that the target must visit a malicious page or open a malicious file. ,https://github.com/Live-Hack-CVE/CVE-2019-6755,['exploit'],1,2022-12-29T05:39:27+0000,4,0,,0,['CVE-2019-6755']
Live-Hack-CVE/CVE-2022-38040,Microsoft ODBC Driver Remote Code Execution Vulnerability. CVE project by @Sn0wAlice,https://github.com/Live-Hack-CVE/CVE-2022-38040,['remote code execution'],1,2022-12-29T05:39:06+0000,0,0,,0,['CVE-2022-38040']
Live-Hack-CVE/CVE-2019-6756,This vulnerability allows remote attackers to disclose sensitive information on vulnerable installations of Foxit PhantomPDF 9.4.0.16811. User interaction is required to exploit this vulnerability in that the target must visit a malicious page or open a ma,https://github.com/Live-Hack-CVE/CVE-2019-6756,['exploit'],1,2022-12-29T05:38:42+0000,3,0,,0,['CVE-2019-6756']
Live-Hack-CVE/CVE-2019-6757,This vulnerability allows remote attackers to execute arbitrary code on vulnerable installations of Foxit Reader 9.4.16811. User interaction is required to exploit this vulnerability in that the target must visit a malicious page or open a malicious file. ,https://github.com/Live-Hack-CVE/CVE-2019-6757,['exploit'],1,2022-12-29T05:38:19+0000,3,0,,0,['CVE-2019-6757']
Live-Hack-CVE/CVE-2019-6758,This vulnerability allows remote attackers to disclose sensitive information on vulnerable installations of Foxit Reader 9.4.16811. User interaction is required to exploit this vulnerability in that the target must visit a malicious page or open a maliciou,https://github.com/Live-Hack-CVE/CVE-2019-6758,['exploit'],1,2022-12-29T05:38:01+0000,3,0,,0,['CVE-2019-6758']
Live-Hack-CVE/CVE-2019-6746,This vulnerability allows remote attackers to disclose sensitive information on vulnerable installations of Foxit Studio Photo 3.6.6. User interaction is required to exploit this vulnerability in that the target must visit a malicious page or open a malici,https://github.com/Live-Hack-CVE/CVE-2019-6746,['exploit'],1,2022-12-29T05:37:47+0000,2,0,,0,['CVE-2019-6746']
Live-Hack-CVE/CVE-2019-6759,This vulnerability allows remote attackers to execute arbitrary code on vulnerable installations of Foxit Reader 9.3.10826. User interaction is required to exploit this vulnerability in that the target must visit a malicious page or open a malicious file. ,https://github.com/Live-Hack-CVE/CVE-2019-6759,['exploit'],1,2022-12-29T05:37:37+0000,4,0,,0,['CVE-2019-6759']
Live-Hack-CVE/CVE-2019-6761,This vulnerability allows remote attackers to execute arbitrary code on vulnerable installations of Foxit Reader 9.4.0.16811. User interaction is required to exploit this vulnerability in that the target must visit a malicious page or open a malicious file,https://github.com/Live-Hack-CVE/CVE-2019-6761,['exploit'],1,2022-12-29T05:37:25+0000,3,0,,0,['CVE-2019-6761']
Live-Hack-CVE/CVE-2019-7096,"Adobe Flash Player versions 32.0.0.156 and earlier, 32.0.0.156 and earlier, and 32.0.0.156 and earlier have an use after free vulnerability. Successful exploitation could lead to arbitrary code execution. CVE project by @Sn0wAlice",https://github.com/Live-Hack-CVE/CVE-2019-7096,['exploit'],1,2022-12-29T05:41:23+0000,3,0,,0,['CVE-2019-7096']
Live-Hack-CVE/CVE-2019-6762,This vulnerability allows remote attackers to execute arbitrary code on vulnerable installations of Foxit PhantomPDF 9.4.1.16828. User interaction is required to exploit this vulnerability in that the target must visit a malicious page or open a malicious ,https://github.com/Live-Hack-CVE/CVE-2019-6762,['exploit'],1,2022-12-29T05:37:19+0000,3,0,,0,['CVE-2019-6762']
Live-Hack-CVE/CVE-2019-6763,This vulnerability allows remote attackers to execute arbitrary code on vulnerable installations of Foxit Reader 9.4.1.16828. User interaction is required to exploit this vulnerability in that the target must visit a malicious page or open a malicious file,https://github.com/Live-Hack-CVE/CVE-2019-6763,['exploit'],1,2022-12-29T05:36:49+0000,3,0,,0,['CVE-2019-6763']
Live-Hack-CVE/CVE-2022-34402,"Dell Wyse ThinOS 2205 contains a Regular Expression Denial of Service Vulnerability in UI. An admin privilege attacker could potentially exploit this vulnerability, leading to denial-of-service. CVE project by @Sn0wAlice",https://github.com/Live-Hack-CVE/CVE-2022-34402,['exploit'],1,2022-12-29T05:36:35+0000,1,0,,0,['CVE-2022-34402']
Live-Hack-CVE/CVE-2021-44171,"A improper neutralization of special elements used in an os command ('os command injection') in Fortinet FortiOS version 6.0.0 through 6.0.14, FortiOS version 6.2.0 through 6.2.10, FortiOS version 6.4.0 through 6.4.8, FortiOS version 7.0.0 through 7.0.3 al",https://github.com/Live-Hack-CVE/CVE-2021-44171,['command injection'],1,2022-12-29T05:36:17+0000,1,0,,0,['CVE-2021-44171']
Live-Hack-CVE/CVE-2022-38048,Microsoft Office Remote Code Execution Vulnerability. CVE project by @Sn0wAlice,https://github.com/Live-Hack-CVE/CVE-2022-38048,['remote code execution'],1,2022-12-29T05:35:54+0000,0,0,,0,['CVE-2022-38048']
Live-Hack-CVE/CVE-2022-38044,Windows CD-ROM File System Driver Remote Code Execution Vulnerability. CVE project by @Sn0wAlice,https://github.com/Live-Hack-CVE/CVE-2022-38044,['remote code execution'],1,2022-12-29T05:35:39+0000,0,0,,0,['CVE-2022-38044']
Live-Hack-CVE/CVE-2022-39803,"Due to lack of proper memory management, when a victim opens a manipulated ACIS Part and Assembly (.sat, CoreCadTranslator.exe) file received from untrusted sources in SAP 3D Visual Enterprise Author - version 9, it is possible that a Remote Code Execution",https://github.com/Live-Hack-CVE/CVE-2022-39803,['remote code execution'],1,2022-12-29T05:35:36+0000,0,0,,0,['CVE-2022-39803']
Live-Hack-CVE/CVE-2022-41177,"Due to lack of proper memory management, when a victim opens a manipulated Iges Part and Assembly (.igs, .iges, CoreCadTranslator.exe) file received from untrusted sources in SAP 3D Visual Enterprise Author - version 9, it is possible that a Remote Code Ex",https://github.com/Live-Hack-CVE/CVE-2022-41177,['remote code execution'],1,2022-12-29T05:35:04+0000,0,0,,0,['CVE-2022-41177']
Live-Hack-CVE/CVE-2022-41175,"Due to lack of proper memory management, when a victim opens a manipulated Enhanced Metafile (.emf, emf.x3d) file received from untrusted sources in SAP 3D Visual Enterprise Author - version 9, it is possible that a Remote Code Execution can be triggered w",https://github.com/Live-Hack-CVE/CVE-2022-41175,['remote code execution'],1,2022-12-29T05:35:00+0000,0,0,,0,['CVE-2022-41175']
Live-Hack-CVE/CVE-2022-41172,"Due to lack of proper memory management, when a victim opens a manipulated AutoCAD (.dxf, TeighaTranslator.exe) file received from untrusted sources in SAP 3D Visual Enterprise Author - version 9, it is possible that a Remote Code Execution can be triggere",https://github.com/Live-Hack-CVE/CVE-2022-41172,['remote code execution'],1,2022-12-29T05:34:49+0000,0,0,,0,['CVE-2022-41172']
Live-Hack-CVE/CVE-2022-41170,"Due to lack of proper memory management, when a victim opens a manipulated CATIA4 Part (.model, CatiaTranslator.exe) file received from untrusted sources in SAP 3D Visual Enterprise Author - version 9, it is possible that a Remote Code Execution can be tri",https://github.com/Live-Hack-CVE/CVE-2022-41170,['remote code execution'],1,2022-12-29T05:34:45+0000,0,0,,0,['CVE-2022-41170']
Live-Hack-CVE/CVE-2022-41168,"Due to lack of proper memory management, when a victim opens a manipulated CATIA5 Part (.catpart, CatiaTranslator.exe) file received from untrusted sources in SAP 3D Visual Enterprise Author - version 9, it is possible that a Remote Code Execution can be t",https://github.com/Live-Hack-CVE/CVE-2022-41168,['remote code execution'],1,2022-12-29T05:34:35+0000,0,0,,0,['CVE-2022-41168']
Live-Hack-CVE/CVE-2022-39806,"Due to lack of proper memory management, when a victim opens a manipulated SolidWorks Drawing (.slddrw, CoreCadTranslator.exe) file received from untrusted sources in SAP 3D Visual Enterprise Author - version 9, it is possible that a Remote Code Execution ",https://github.com/Live-Hack-CVE/CVE-2022-39806,['remote code execution'],1,2022-12-29T05:34:31+0000,0,0,,0,['CVE-2022-39806']
Live-Hack-CVE/CVE-2019-7108,"Adobe Flash Player versions 32.0.0.156 and earlier, 32.0.0.156 and earlier, and 32.0.0.156 and earlier have an out-of-bounds read vulnerability. Successful exploitation could lead to information disclosure . CVE project by @Sn0wAlice",https://github.com/Live-Hack-CVE/CVE-2019-7108,['exploit'],1,2022-12-29T05:41:20+0000,3,0,,0,['CVE-2019-7108']
Live-Hack-CVE/CVE-2019-7088,"Adobe Acrobat and Reader versions 2019.010.20098 and earlier, 2019.010.20098 and earlier, 2017.011.30127 and earlier version, and 2015.006.30482 and earlier have an use after free vulnerability. Successful exploitation could lead to arbitrary code executio",https://github.com/Live-Hack-CVE/CVE-2019-7088,['exploit'],1,2022-12-29T05:41:27+0000,3,0,,0,['CVE-2019-7088']
Live-Hack-CVE/CVE-2022-35289,"A write-what-where condition in hermes caused by an integer overflow, prior to commit 5b6255ae049fa4641791e47fad994e8e8c4da374 allows attackers to potentially execute arbitrary code via crafted JavaScript. Note that this is only exploitable if the applicat",https://github.com/Live-Hack-CVE/CVE-2022-35289,['exploit'],1,2022-12-29T06:21:27+0000,1,0,,0,['CVE-2022-35289']
Live-Hack-CVE/CVE-2022-33635,Windows GDI+ Remote Code Execution Vulnerability. CVE project by @Sn0wAlice,https://github.com/Live-Hack-CVE/CVE-2022-33635,['remote code execution'],1,2022-12-29T06:13:42+0000,1,0,,0,['CVE-2022-33635']
Live-Hack-CVE/CVE-2022-40138,"An integer conversion error in Hermes bytecode generation, prior to commit 6aa825e480d48127b480b08d13adf70033237097, could have been used to perform Out-Of-Bounds operations and subsequently execute arbitrary code. Note that this is only exploitable in cas",https://github.com/Live-Hack-CVE/CVE-2022-40138,['exploit'],1,2022-12-29T06:21:20+0000,1,0,,0,['CVE-2022-40138']
Live-Hack-CVE/CVE-2022-41747,An improper certification validation vulnerability in Trend Micro Apex One agents could allow a local attacker to load a DLL file with system service privileges on affected installations. Please note: an attacker must first obtain the ability to execute lo,https://github.com/Live-Hack-CVE/CVE-2022-41747,['exploit'],1,2022-12-29T06:20:59+0000,1,0,,0,['CVE-2022-41747']
Live-Hack-CVE/CVE-2022-41746,A forced browsing vulnerability in Trend Micro Apex One could allow an attacker with access to the Apex One console on affected installations to escalate privileges and modify certain agent groupings. Please note: an attacker must first obtain the ability ,https://github.com/Live-Hack-CVE/CVE-2022-41746,['exploit'],1,2022-12-29T06:20:08+0000,1,1,,0,['CVE-2022-41746']
Live-Hack-CVE/CVE-2022-27224,An issue was discovered in Galleon NTS-6002-GPS 4.14.103-Galleon-NTS-6002.V12 4. An authenticated attacker can perform command injection as root via shell metacharacters within the Network Tools section of the web-management interface. All three networking,https://github.com/Live-Hack-CVE/CVE-2022-27224,['command injection'],1,2022-12-29T06:17:35+0000,2,0,,0,['CVE-2022-27224']
Live-Hack-CVE/CVE-2022-41518,TOTOLINK NR1800X V9.1.0u.6279_B20210910 was discovered to contain a command injection vulnerability via the UploadFirmwareFile function at /cgi-bin/cstecgi.cgi. CVE project by @Sn0wAlice,https://github.com/Live-Hack-CVE/CVE-2022-41518,['command injection'],1,2022-12-29T06:17:17+0000,1,0,,0,['CVE-2022-41518']
Live-Hack-CVE/CVE-2022-41525,TOTOLINK NR1800X V9.1.0u.6279_B20210910 was discovered to contain a command injection vulnerability via the OpModeCfg function at /cgi-bin/cstecgi.cgi. CVE project by @Sn0wAlice,https://github.com/Live-Hack-CVE/CVE-2022-41525,['command injection'],1,2022-12-29T06:16:57+0000,1,0,,0,['CVE-2022-41525']
Live-Hack-CVE/CVE-2022-32592,"In cpu dvfs, there is a possible out of bounds write due to a missing bounds check. This could lead to local escalation of privilege with System execution privileges needed. User interaction is not needed for exploitation. Patch ID: ALPS07139405; Issue ID:",https://github.com/Live-Hack-CVE/CVE-2022-32592,['exploit'],1,2022-12-29T06:15:46+0000,1,0,,0,['CVE-2022-32592']
Live-Hack-CVE/CVE-2022-32593,"In vowe, there is a possible out of bounds write due to a missing bounds check. This could lead to local escalation of privilege with System execution privileges needed. User interaction is not needed for exploitation. Patch ID: ALPS07138493; Issue ID: ALP",https://github.com/Live-Hack-CVE/CVE-2022-32593,['exploit'],1,2022-12-29T06:15:16+0000,1,0,,0,['CVE-2022-32593']
Live-Hack-CVE/CVE-2022-32589,"In Wi-Fi driver, there is a possible way to disconnect Wi-Fi due to an improper resource release. This could lead to remote denial of service with no additional execution privileges needed. User interaction is not needed for exploitation. Patch ID: ALPS070",https://github.com/Live-Hack-CVE/CVE-2022-32589,['exploit'],1,2022-12-29T06:15:09+0000,1,0,,0,['CVE-2022-32589']
Live-Hack-CVE/CVE-2022-32591,"In ril, there is a possible system crash due to an incorrect bounds check. This could lead to remote denial of service with no additional execution privileges needed. User interaction is not needed for exploitation. Patch ID: ALPS07257259; Issue ID: ALPS07",https://github.com/Live-Hack-CVE/CVE-2022-32591,['exploit'],1,2022-12-29T06:15:05+0000,1,0,,0,['CVE-2022-32591']
Live-Hack-CVE/CVE-2022-32590,"In wlan, there is a possible use after free due to an incorrect status check. This could lead to local escalation of privilege with System execution privileges needed. User interaction is not needed for exploitation. Patch ID: ALPS07299425; Issue ID: ALPS0",https://github.com/Live-Hack-CVE/CVE-2022-32590,['exploit'],1,2022-12-29T06:15:02+0000,1,0,,0,['CVE-2022-32590']
Live-Hack-CVE/CVE-2019-7061,"Adobe Acrobat and Reader versions 2019.010.20098 and earlier, 2019.010.20098 and earlier, 2017.011.30127 and earlier version, and 2015.006.30482 and earlier have an out-of-bounds read vulnerability. Successful exploitation could lead to information disclos",https://github.com/Live-Hack-CVE/CVE-2019-7061,['exploit'],1,2022-12-29T06:14:34+0000,3,0,,0,['CVE-2019-7061']
Live-Hack-CVE/CVE-2019-6737,This vulnerability allows remote attackers to execute arbitrary code on vulnerable installations of Bitdefender SafePay 23.0.10.34. User interaction is required to exploit this vulnerability in that the target must visit a malicious page or open a maliciou,https://github.com/Live-Hack-CVE/CVE-2019-6737,['exploit'],1,2022-12-29T06:14:23+0000,2,0,,0,['CVE-2019-6737']
Live-Hack-CVE/CVE-2019-6741,This vulnerability allows remote attackers to execute arbitrary code on vulnerable installations of Samsung Galaxy S9 prior to January 2019 Security Update (SMR-JAN-2019 - SVE-2018-13467). User interaction is required to exploit this vulnerability in that ,https://github.com/Live-Hack-CVE/CVE-2019-6741,['exploit'],1,2022-12-29T05:43:17+0000,1,0,,0,['CVE-2019-6741']
Live-Hack-CVE/CVE-2019-6735,This vulnerability allows remote attackers to disclose sensitive information on vulnerable installations of Foxit Reader. User interaction is required to exploit this vulnerability in that the target must visit a malicious page or open a malicious file. Th,https://github.com/Live-Hack-CVE/CVE-2019-6735,['exploit'],1,2022-12-29T05:41:30+0000,3,0,,0,['CVE-2019-6735']
Live-Hack-CVE/CVE-2019-6750,This vulnerability allows remote attackers to execute arbitrary code on vulnerable installations of Foxit Studio Photo 3.6.6. User interaction is required to exploit this vulnerability in that the target must visit a malicious page or open a malicious file,https://github.com/Live-Hack-CVE/CVE-2019-6750,['exploit'],1,2022-12-29T05:43:13+0000,2,0,,0,['CVE-2019-6750']
Live-Hack-CVE/CVE-2019-6751,This vulnerability allows remote attackers to execute arbitrary code on vulnerable installations of Foxit Studio Photo 3.6.6.779. User interaction is required to exploit this vulnerability in that the target must visit a malicious page or open a malicious ,https://github.com/Live-Hack-CVE/CVE-2019-6751,['exploit'],1,2022-12-29T05:43:06+0000,2,0,,0,['CVE-2019-6751']
Live-Hack-CVE/CVE-2019-6753,This vulnerability allows remote attackers to disclose sensitive information on vulnerable installations of Foxit Reader 9.3.0.10826. User interaction is required to exploit this vulnerability in that the target must visit a malicious page or open a malici,https://github.com/Live-Hack-CVE/CVE-2019-6753,['exploit'],1,2022-12-29T05:42:55+0000,4,0,,0,['CVE-2019-6753']
Live-Hack-CVE/CVE-2019-6749,This vulnerability allows remote attackers to execute arbitrary code on vulnerable installations of Foxit Studio Photo 3.6.6. User interaction is required to exploit this vulnerability in that the target must visit a malicious page or open a malicious file,https://github.com/Live-Hack-CVE/CVE-2019-6749,['exploit'],1,2022-12-29T05:42:52+0000,2,0,,0,['CVE-2019-6749']
Live-Hack-CVE/CVE-2019-6748,This vulnerability allows remote attackers to execute arbitrary code on vulnerable installations of Foxit Studio Photo 3.6.6. User interaction is required to exploit this vulnerability in that the target must visit a malicious page or open a malicious file,https://github.com/Live-Hack-CVE/CVE-2019-6748,['exploit'],1,2022-12-29T05:42:48+0000,2,0,,0,['CVE-2019-6748']
Live-Hack-CVE/CVE-2019-9213,"In the Linux kernel before 4.20.14, expand_downwards in mm/mmap.c lacks a check for the mmap minimum address, which makes it easier for attackers to exploit kernel NULL pointer dereferences on non-SMAP platforms. This is related to a capability check for t",https://github.com/Live-Hack-CVE/CVE-2019-9213,['exploit'],1,2022-12-29T05:42:17+0000,4,0,,0,['CVE-2019-9213']
Live-Hack-CVE/CVE-2019-6727,This vulnerability allows remote attackers to execute arbitrary code on vulnerable installations of Foxit Reader. User interaction is required to exploit this vulnerability in that the target must visit a malicious page or open a malicious file. The specif,https://github.com/Live-Hack-CVE/CVE-2019-6727,['exploit'],1,2022-12-29T05:42:10+0000,3,0,,0,['CVE-2019-6727']
Live-Hack-CVE/CVE-2019-6728,This vulnerability allows remote attackers to disclose sensitive information on vulnerable installations of Foxit Reader. User interaction is required to exploit this vulnerability in that the target must visit a malicious page or open a malicious file. Th,https://github.com/Live-Hack-CVE/CVE-2019-6728,['exploit'],1,2022-12-29T05:42:07+0000,3,0,,0,['CVE-2019-6728']
Live-Hack-CVE/CVE-2019-6730,This vulnerability allows remote attackers to execute arbitrary code on vulnerable installations of Foxit Reader. User interaction is required to exploit this vulnerability in that the target must visit a malicious page or open a malicious file. The specif,https://github.com/Live-Hack-CVE/CVE-2019-6730,['exploit'],1,2022-12-29T05:42:03+0000,3,0,,0,['CVE-2019-6730']
Live-Hack-CVE/CVE-2019-6754,This vulnerability allows remote attackers to execute arbitrary code on vulnerable installations of Foxit Reader 9.3.10826. User interaction is required to exploit this vulnerability in that the target must visit a malicious page or open a malicious file. ,https://github.com/Live-Hack-CVE/CVE-2019-6754,['exploit'],1,2022-12-29T05:42:00+0000,3,0,,0,['CVE-2019-6754']
Live-Hack-CVE/CVE-2019-6733,This vulnerability allows remote attackers to disclose sensitive information on vulnerable installations of Foxit PhantomPDF. User interaction is required to exploit this vulnerability in that the target must visit a malicious page or open a malicious file,https://github.com/Live-Hack-CVE/CVE-2019-6733,['exploit'],1,2022-12-29T05:41:40+0000,3,0,,0,['CVE-2019-6733']
Live-Hack-CVE/CVE-2019-6734,This vulnerability allows remote attackers to disclose sensitive information on vulnerable installations of Foxit PhantomPDF. User interaction is required to exploit this vulnerability in that the target must visit a malicious page or open a malicious file,https://github.com/Live-Hack-CVE/CVE-2019-6734,['exploit'],1,2022-12-29T05:41:37+0000,3,0,,0,['CVE-2019-6734']
Live-Hack-CVE/CVE-2019-7107,Adobe InDesign versions 14.0.1 and below have an unsafe hyperlink processing vulnerability. Successful exploitation could lead to arbitrary code execution. Fixed in versions 13.1.1 and 14.0.2. CVE project by @Sn0wAlice,https://github.com/Live-Hack-CVE/CVE-2019-7107,['exploit'],1,2022-12-29T05:41:34+0000,1,0,,0,['CVE-2019-7107']
Live-Hack-CVE/CVE-2022-40250,"An attacker can exploit this vulnerability to elevate privileges from ring 0 to ring -2, execute arbitrary code in System Management Mode - an environment more privileged than operating system (OS) and completely isolated from it. Running arbitrary code in",https://github.com/Live-Hack-CVE/CVE-2022-40250,['exploit'],1,2022-12-29T13:18:32+0000,2,0,,0,['CVE-2022-40250']
Live-Hack-CVE/CVE-2022-40865,Tenda AC15 and AC18 routers V15.03.05.19 contain heap overflow vulnerabilities in the function setSchedWifi with the request /goform/openSchedWifi/ CVE project by @Sn0wAlice,https://github.com/Live-Hack-CVE/CVE-2022-40865,['heap overflow'],1,2022-12-29T13:19:36+0000,1,0,,0,['CVE-2022-40865']
rapid7/metasploit-framework,Metasploit Framework,https://github.com/rapid7/metasploit-framework,['metasploit module OR payload'],1,2022-12-29T06:09:24+0000,836454,29032,Ruby,12781,[]
Live-Hack-CVE/CVE-2020-21651,"Myucms v2.2.1 contains a remote code execution (RCE) vulnerability in the component \controller\point.php, which can be exploited via the add() method. CVE project by @Sn0wAlice",https://github.com/Live-Hack-CVE/CVE-2020-21651,"['exploit', 'rce', 'remote code execution']",3,2022-12-29T18:59:05+0000,1,0,,0,['CVE-2020-21651']
Live-Hack-CVE/CVE-2022-37779,"Phicomm FIR151B A2, FIR302E A2, FIR300B A2, FIR303B A2 routers V3.0.1.17 were discovered to contain a remote command execution (RCE) vulnerability via the sendnum parameter of the ping function. CVE project by @Sn0wAlice",https://github.com/Live-Hack-CVE/CVE-2022-37779,['rce'],1,2022-12-29T20:17:45+0000,1,0,,0,['CVE-2022-37779']
Live-Hack-CVE/CVE-2022-37778,"Phicomm FIR151B A2, FIR302E A2, FIR300B A2, FIR303B A2 routers V3.0.1.17 were discovered to contain a remote command execution (RCE) vulnerability via the current_time parameter of the time function. CVE project by @Sn0wAlice",https://github.com/Live-Hack-CVE/CVE-2022-37778,['rce'],1,2022-12-29T20:17:41+0000,1,0,,0,['CVE-2022-37778']
Live-Hack-CVE/CVE-2022-37777,"Phicomm FIR151B A2, FIR302E A2, FIR300B A2, FIR303B A2 routers 3.0.1.17 and earlier were discovered to contain a remote command execution (RCE) vulnerability via the trHops parameter of the tracert function. CVE project by @Sn0wAlice",https://github.com/Live-Hack-CVE/CVE-2022-37777,['rce'],1,2022-12-29T20:17:38+0000,1,0,,0,['CVE-2022-37777']
Live-Hack-CVE/CVE-2022-3129,A vulnerability was found in codeprojects Online Driving School. It has been rated as critical. Affected by this issue is some unknown functionality of the file /registration.php. The manipulation leads to unrestricted upload. The attack may be launched re,https://github.com/Live-Hack-CVE/CVE-2022-3129,['exploit'],1,2022-12-29T20:17:09+0000,1,0,,0,['CVE-2022-3129']
Live-Hack-CVE/CVE-2022-3130,A vulnerability classified as critical has been found in codeprojects Online Driving School. This affects an unknown part of the file /login.php. The manipulation of the argument username leads to sql injection. It is possible to initiate the attack remote,https://github.com/Live-Hack-CVE/CVE-2022-3130,['exploit'],1,2022-12-29T20:17:06+0000,1,0,,0,['CVE-2022-3130']
Live-Hack-CVE/CVE-2022-37780,"Phicomm FIR151B A2, FIR302E A2, FIR300B A2, FIR303B A2 routers V3.0.1.17 were discovered to contain a remote command execution (RCE) vulnerability via the pingAddr parameter of the tracert function. CVE project by @Sn0wAlice",https://github.com/Live-Hack-CVE/CVE-2022-37780,['rce'],1,2022-12-29T20:15:47+0000,1,0,,0,['CVE-2022-37780']
Live-Hack-CVE/CVE-2020-8442,"In OSSEC-HIDS 2.7 through 3.5.0, the server component responsible for log analysis (ossec-analysisd) is vulnerable to a heap-based buffer overflow in the rootcheck decoder component via an authenticated client. CVE project by @Sn0wAlice",https://github.com/Live-Hack-CVE/CVE-2020-8442,['heap overflow'],1,2022-12-29T20:15:29+0000,1,0,,0,['CVE-2020-8442']
Live-Hack-CVE/CVE-2022-23680,"AOS-CX lacks Anti-CSRF protections in place for state-changing operations. This can potentially be exploited by an attacker to execute commands in the context of another user in ArubaOS-CX Switches version(s): AOS-CX 10.10.xxxx: 10.10.0002 and below, AOS-C",https://github.com/Live-Hack-CVE/CVE-2022-23680,['exploit'],1,2022-12-29T20:12:57+0000,1,0,,0,['CVE-2022-23680']
Live-Hack-CVE/CVE-2022-34883,OS Command Injection vulnerability in Hitachi RAID Manager Storage Replication Adapter allows remote authenticated users to execute arbitrary OS commands. This issue affects: Hitachi RAID Manager Storage Replication Adapter 02.01.04 versions prior to 02.03,https://github.com/Live-Hack-CVE/CVE-2022-34883,['command injection'],1,2022-12-29T20:12:22+0000,1,0,,0,['CVE-2022-34883']
Live-Hack-CVE/CVE-2022-23679,"AOS-CX lacks Anti-CSRF protections in place for state-changing operations. This can potentially be exploited by an attacker to execute commands in the context of another user in ArubaOS-CX Switches version(s): AOS-CX 10.10.xxxx: 10.10.0002 and below, AOS-C",https://github.com/Live-Hack-CVE/CVE-2022-23679,['exploit'],1,2022-12-29T20:12:04+0000,1,0,,0,['CVE-2022-23679']
Live-Hack-CVE/CVE-2022-27593,"An externally controlled reference to a resource vulnerability has been reported to affect QNAP NAS running Photo Station. If exploited, This could allow an attacker to modify system files. We have already fixed the vulnerability in the following versions:",https://github.com/Live-Hack-CVE/CVE-2022-27593,['exploit'],1,2022-12-29T19:41:18+0000,2,0,,0,['CVE-2022-27593']
Live-Hack-CVE/CVE-2022-35273,OS command injection vulnerability in GUI setting page of CentreCOM AR260S V2 firmware versions prior to Ver.3.3.7 allows a remote authenticated attacker to execute an arbitrary OS command. CVE project by @Sn0wAlice,https://github.com/Live-Hack-CVE/CVE-2022-35273,['command injection'],1,2022-12-29T19:41:08+0000,1,0,,0,['CVE-2022-35273']
Live-Hack-CVE/CVE-2022-38094,OS command injection vulnerability in the telnet function of CentreCOM AR260S V2 firmware versions prior to Ver.3.3.7 allows a remote authenticated attacker to execute an arbitrary OS command. CVE project by @Sn0wAlice,https://github.com/Live-Hack-CVE/CVE-2022-38094,['command injection'],1,2022-12-29T19:41:04+0000,1,0,,0,['CVE-2022-38094']
Live-Hack-CVE/CVE-2022-36069,"Poetry is a dependency manager for Python. When handling dependencies that come from a Git repository instead of a registry, Poetry uses various commands, such as `git clone`. These commands are constructed using user input (e.g. the repository URL). When ",https://github.com/Live-Hack-CVE/CVE-2022-36069,['command injection'],1,2022-12-29T19:37:15+0000,3,0,,0,['CVE-2022-36069']
Live-Hack-CVE/CVE-2022-25914,"The package com.google.cloud.tools:jib-core before 0.22.0 are vulnerable to Remote Code Execution (RCE) via the isDockerInstalled function, due to attempting to execute input. CVE project by @Sn0wAlice",https://github.com/Live-Hack-CVE/CVE-2022-25914,"['rce', 'remote code execution']",2,2022-12-29T19:35:43+0000,1,0,,0,['CVE-2022-25914']
Live-Hack-CVE/CVE-2022-29061,An improper neutralization of special elements used in an OS command ('OS Command Injection') vulnerability [CWE-78] in Fortinet FortiSOAR before 7.2.1 allows an authenticated attacker to execute unauthorized code or commands via crafted HTTP GET requests.,https://github.com/Live-Hack-CVE/CVE-2022-29061,['command injection'],1,2022-12-29T19:35:33+0000,1,0,,0,['CVE-2022-29061']
Live-Hack-CVE/CVE-2019-18960,Firecracker vsock implementation buffer overflow in versions 0.18.0 and 0.19.0. This can result in potentially exploitable crashes. CVE project by @Sn0wAlice,https://github.com/Live-Hack-CVE/CVE-2019-18960,['exploit'],1,2022-12-29T19:34:47+0000,1,0,,0,['CVE-2019-18960']
Live-Hack-CVE/CVE-2021-23337,Lodash versions prior to 4.17.21 are vulnerable to Command Injection via the template function. CVE project by @Sn0wAlice,https://github.com/Live-Hack-CVE/CVE-2021-23337,['command injection'],1,2022-12-29T19:34:39+0000,4,0,,0,['CVE-2021-23337']
Live-Hack-CVE/CVE-2020-22017,"A heap-based Buffer Overflow vulnerability exists in FFmpeg 4.2 at ff_fill_rectangle in libavfilter/drawutils.c, which might lead to memory corruption and other potential consequences. CVE project by @Sn0wAlice",https://github.com/Live-Hack-CVE/CVE-2020-22017,['heap overflow'],1,2022-12-29T19:34:30+0000,1,0,,0,['CVE-2020-22017']
Live-Hack-CVE/CVE-2022-30308,"In Festo Controller CECC-X-M1 product family in multiple versions, the http-endpoint ""cecc-x-web-viewer-request-on"" POST request doesnâ€™t check for port syntax. This can result in unauthorized execution of system commands with root privileges due to impro",https://github.com/Live-Hack-CVE/CVE-2022-30308,['command injection'],1,2022-12-29T19:34:26+0000,0,0,,0,['CVE-2022-30308']
Live-Hack-CVE/CVE-2022-30311,"In Festo Controller CECC-X-M1 product family in multiple versions, the http-endpoint ""cecc-x-refresh-request"" POST request doesnâ€™t check for port syntax. This can result in unauthorized execution of system commands with root privileges due to improper ac",https://github.com/Live-Hack-CVE/CVE-2022-30311,['command injection'],1,2022-12-29T19:34:22+0000,0,0,,0,['CVE-2022-30311']
Live-Hack-CVE/CVE-2022-30310,"In Festo Controller CECC-X-M1 product family in multiple versions, the http-endpoint ""cecc-x-acknerr-request"" POST request doesnâ€™t check for port syntax. This can result in unauthorized execution of system commands with root privileges due to improper ac",https://github.com/Live-Hack-CVE/CVE-2022-30310,['command injection'],1,2022-12-29T19:34:19+0000,0,0,,0,['CVE-2022-30310']
Live-Hack-CVE/CVE-2022-30309,"In Festo Controller CECC-X-M1 product family in multiple versions, the http-endpoint ""cecc-x-web-viewer-request-off"" POST request doesnâ€™t check for port syntax. This can result in unauthorized execution of system commands with root privileges due to impr",https://github.com/Live-Hack-CVE/CVE-2022-30309,['command injection'],1,2022-12-29T19:34:15+0000,0,0,,0,['CVE-2022-30309']
Live-Hack-CVE/CVE-2022-31166,"XWiki Platform Old Core is a core package for XWiki Platform, a generic wiki platform. Starting in versions 11.3.7, 11.0.3, and 12.0RC1, it is possible to exploit a bug in XWikiRights resolution of groups to obtain privilege escalation. More specifically, ",https://github.com/Live-Hack-CVE/CVE-2022-31166,['exploit'],1,2022-12-29T19:33:33+0000,3,0,,0,['CVE-2022-31166']
Live-Hack-CVE/CVE-2022-26860,Dell BIOS versions contain a stack-based buffer overflow vulnerability. A local attacker could exploit this vulnerability by sending malicious input via SMI to bypass security checks resulting in arbitrary code execution in SMM. CVE project by @Sn0wAlice,https://github.com/Live-Hack-CVE/CVE-2022-26860,['exploit'],1,2022-12-29T19:33:18+0000,12,0,,0,['CVE-2022-26860']
Live-Hack-CVE/CVE-2022-26859,Dell BIOS contains a race condition vulnerability. A local attacker could exploit this vulnerability by sending malicious input via SMI in order to bypass security checks during SMM. CVE project by @Sn0wAlice,https://github.com/Live-Hack-CVE/CVE-2022-26859,['exploit'],1,2022-12-29T19:33:14+0000,11,0,,0,['CVE-2022-26859']
Live-Hack-CVE/CVE-2022-26858,Dell BIOS versions contain an Improper Authentication vulnerability. A locally authenticated malicious user could potentially exploit this vulnerability by sending malicious input to an SMI in order to bypass security controls. CVE project by @Sn0wAlice,https://github.com/Live-Hack-CVE/CVE-2022-26858,['exploit'],1,2022-12-29T19:33:11+0000,11,0,,0,['CVE-2022-26858']
Live-Hack-CVE/CVE-2022-26861,Dell BIOS versions contain an Insecure Automated Optimization vulnerability. A local authenticated malicious user could exploit this vulnerability by sending malicious input via SMI to obtain arbitrary code execution during SMM. CVE project by @Sn0wAlice,https://github.com/Live-Hack-CVE/CVE-2022-26861,['exploit'],1,2022-12-29T19:33:00+0000,11,0,,0,['CVE-2022-26861']
Live-Hack-CVE/CVE-2014-0226,"Race condition in the mod_status module in the Apache HTTP Server before 2.4.10 allows remote attackers to cause a denial of service (heap-based buffer overflow), or possibly obtain sensitive credential information or execute arbitrary code, via a crafted ",https://github.com/Live-Hack-CVE/CVE-2014-0226,['heap overflow'],1,2022-12-29T19:31:11+0000,5,0,,0,['CVE-2014-0226']
Live-Hack-CVE/CVE-2022-23682,Multiple vulnerabilities exist in the AOS-CX command line interface that could lead to authenticated command injection. A successful exploit could allow an attacker to execute arbitrary commands as root on the underlying operating system leading to complet,https://github.com/Live-Hack-CVE/CVE-2022-23682,"['command injection', 'exploit']",2,2022-12-29T20:17:53+0000,1,0,,0,['CVE-2022-23682']
Live-Hack-CVE/CVE-2022-23681,Multiple vulnerabilities exist in the AOS-CX command line interface that could lead to authenticated command injection. A successful exploit could allow an attacker to execute arbitrary commands as root on the underlying operating system leading to complet,https://github.com/Live-Hack-CVE/CVE-2022-23681,"['command injection', 'exploit']",2,2022-12-29T20:17:56+0000,1,0,,0,['CVE-2022-23681']
Live-Hack-CVE/CVE-2022-23684,A vulnerability in the web-based management interface of AOS-CX could allow a remote authenticated user with read-only privileges to escalate their permissions to those of an administrative user. Successful exploitation of this vulnerability allows an atta,https://github.com/Live-Hack-CVE/CVE-2022-23684,['exploit'],1,2022-12-29T20:18:19+0000,1,0,,0,['CVE-2022-23684']
aethercot/TrollMods,Collection of mods for devices vulnerable to the MacDirtyCow exploit (iOS 15-iOS 16.1.2).,https://github.com/aethercot/TrollMods,['exploit'],1,2022-12-29T21:58:18+0000,2714,3,Swift,0,[]
Live-Hack-CVE/CVE-2022-29464,"Certain WSO2 products allow unrestricted file upload with resultant remote code execution. The attacker must use a /fileupload endpoint with a Content-Disposition directory traversal sequence to reach a directory under the web root, such as a ../../../../r",https://github.com/Live-Hack-CVE/CVE-2022-29464,['remote code execution'],1,2022-12-29T21:00:21+0000,2,0,,0,['CVE-2022-29464']
Live-Hack-CVE/CVE-2022-27927,A SQL injection vulnerability exists in Microfinance Management System 1.0 when MySQL is being used as the application database. An attacker can issue SQL commands to the MySQL database through the vulnerable course_code and/or customer_number parameter. C,https://github.com/Live-Hack-CVE/CVE-2022-27927,['command injection'],1,2022-12-29T21:00:17+0000,1,0,,0,['CVE-2022-27927']
Live-Hack-CVE/CVE-2022-23691,A vulnerability exists in certain AOS-CX switch models which could allow an attacker with access to the recovery console to bypass normal authentication. A successful exploit allows an attacker to bypass system authentication and achieve total switch compr,https://github.com/Live-Hack-CVE/CVE-2022-23691,['exploit'],1,2022-12-29T20:59:22+0000,1,0,,0,['CVE-2022-23691']
Live-Hack-CVE/CVE-2022-36038,CircuitVerse is an open-source platform which allows users to construct digital logic circuits online. A remote code execution (RCE) vulnerability in CircuitVerse allows authenticated attackers to execute arbitrary code via specially crafted JSON payloads.,https://github.com/Live-Hack-CVE/CVE-2022-36038,"['rce', 'remote code execution']",2,2022-12-29T20:58:58+0000,1,0,,0,['CVE-2022-36038']
Live-Hack-CVE/CVE-2022-38529,tinyexr commit 0647fb3 was discovered to contain a heap-buffer overflow via the component rleUncompress. CVE project by @Sn0wAlice,https://github.com/Live-Hack-CVE/CVE-2022-38529,['heap overflow'],1,2022-12-29T20:58:47+0000,1,0,,0,['CVE-2022-38529']
Live-Hack-CVE/CVE-2022-30129,Visual Studio Code Remote Code Execution Vulnerability. CVE project by @Sn0wAlice,https://github.com/Live-Hack-CVE/CVE-2022-30129,['remote code execution'],1,2022-12-29T20:58:36+0000,4,0,,0,['CVE-2022-30129']
Live-Hack-CVE/CVE-2021-41116,Composer is an open source dependency manager for the PHP language. In affected versions windows users running Composer to install untrusted dependencies are subject to command injection and should upgrade their composer version. Other OSs and WSL are not ,https://github.com/Live-Hack-CVE/CVE-2021-41116,['command injection'],1,2022-12-29T20:56:51+0000,2,0,,0,['CVE-2021-41116']
Live-Hack-CVE/CVE-2021-45958,"UltraJSON (aka ujson) through 5.1.0 has a stack-based buffer overflow in Buffer_AppendIndentUnchecked (called from encode). Exploitation can, for example, use a large amount of indentation. CVE project by @Sn0wAlice",https://github.com/Live-Hack-CVE/CVE-2021-45958,['exploit'],1,2022-12-29T20:56:16+0000,2,0,,0,['CVE-2021-45958']
Live-Hack-CVE/CVE-2021-34592,In Bender/ebee Charge Controllers in multiple versions are prone to Command injection via Web interface. An authenticated attacker could enter shell commands into some input fields. CVE project by @Sn0wAlice,https://github.com/Live-Hack-CVE/CVE-2021-34592,['command injection'],1,2022-12-29T20:55:29+0000,1,0,,0,['CVE-2021-34592']
Live-Hack-CVE/CVE-2019-5114,An exploitable SQL injection vulnerability exists in the authenticated portion of YouPHPTube 7.6. Specially crafted web requests can cause SQL injections. An attacker can send a web request with parameters containing SQL injection attacks to trigger this v,https://github.com/Live-Hack-CVE/CVE-2019-5114,['exploit'],1,2022-12-29T20:55:22+0000,1,0,,0,['CVE-2019-5114']
Live-Hack-CVE/CVE-2021-38398,The affected device uses off-the-shelf software components that contain unpatched vulnerabilities. A malicious attacker with physical access to the affected device could exploit these vulnerabilities. CVE project by @Sn0wAlice,https://github.com/Live-Hack-CVE/CVE-2021-38398,['exploit'],1,2022-12-29T20:55:15+0000,1,0,,0,['CVE-2021-38398']
Live-Hack-CVE/CVE-2021-39205,Jitsi Meet is an open source video conferencing application. Versions prior to 2.0.6173 are vulnerable to client-side cross-site scripting via injecting properties into JSON objects that were not properly escaped. There are no known incidents related to th,https://github.com/Live-Hack-CVE/CVE-2021-39205,['exploit'],1,2022-12-29T20:55:12+0000,1,0,,0,['CVE-2021-39205']
Live-Hack-CVE/CVE-2022-36862,A heap-based overflow vulnerability in HWR::EngineCJK::Impl::Construct() in libSDKRecognitionText.spensdk.samsung.so library prior to SMR Sep-2022 Release 1 allows attacker to cause memory access fault. CVE project by @Sn0wAlice,https://github.com/Live-Hack-CVE/CVE-2022-36862,['heap overflow'],1,2022-12-29T20:53:46+0000,1,0,,0,['CVE-2022-36862']
Live-Hack-CVE/CVE-2022-36863,A heap-based overflow vulnerability in GetCorrectDbLanguageTypeEsPKc function in libSDKRecognitionText.spensdk.samsung.so library prior to SMR Sep-2022 Release 1 allows attacker to cause memory access fault. CVE project by @Sn0wAlice,https://github.com/Live-Hack-CVE/CVE-2022-36863,['heap overflow'],1,2022-12-29T20:22:36+0000,1,0,,0,['CVE-2022-36863']
Live-Hack-CVE/CVE-2022-23683,Authenticated command injection vulnerabilities exist in the AOS-CX Network Analytics Engine via NAE scripts. Successful exploitation of these vulnerabilities result in the ability to execute arbitrary commands as a privileged user on the underlying operat,https://github.com/Live-Hack-CVE/CVE-2022-23683,"['command injection', 'exploit']",2,2022-12-29T20:18:23+0000,1,0,,0,['CVE-2022-23683']
Live-Hack-CVE/CVE-2022-36860,A heap-based overflow vulnerability in LoadEnvironment function in libSDKRecognitionText.spensdk.samsung.so library prior to SMR Sep-2022 Release 1 allows attacker to cause memory access fault. CVE project by @Sn0wAlice,https://github.com/Live-Hack-CVE/CVE-2022-36860,['heap overflow'],1,2022-12-29T20:22:29+0000,1,0,,0,['CVE-2022-36860']
Live-Hack-CVE/CVE-2022-36858,A heap-based overflow vulnerability in GetCorrectDbLanguageTypeEsPKc() function in libSDKRecognitionText.spensdk.samsung.so library prior to SMR Sep-2022 Release 1 allows attacker to cause memory access fault. CVE project by @Sn0wAlice,https://github.com/Live-Hack-CVE/CVE-2022-36858,['heap overflow'],1,2022-12-29T20:22:26+0000,1,0,,0,['CVE-2022-36858']
Live-Hack-CVE/CVE-2022-36846,A heap-based overflow vulnerability in ConstructDictionary function in libSDKRecognitionText.spensdk.samsung.so library prior to SMR Sep-2022 Release 1 allows attacker to cause memory access fault. CVE project by @Sn0wAlice,https://github.com/Live-Hack-CVE/CVE-2022-36846,['heap overflow'],1,2022-12-29T20:21:18+0000,1,0,,0,['CVE-2022-36846']
Live-Hack-CVE/CVE-2022-36845,A heap-based overflow vulnerability in MHW_RECOG_LIB_INFO function in libSDKRecognitionText.spensdk.samsung.so library prior to SMR Sep-2022 Release 1 allows attacker to cause memory access fault. CVE project by @Sn0wAlice,https://github.com/Live-Hack-CVE/CVE-2022-36845,['heap overflow'],1,2022-12-29T20:21:15+0000,1,0,,0,['CVE-2022-36845']
Live-Hack-CVE/CVE-2022-36844,A heap-based overflow vulnerability in HWR::EngJudgeModel::Construct() in libSDKRecognitionText.spensdk.samsung.so library prior to SMR Sep-2022 Release 1 allows attacker to cause memory access fault. CVE project by @Sn0wAlice,https://github.com/Live-Hack-CVE/CVE-2022-36844,['heap overflow'],1,2022-12-29T20:21:08+0000,1,1,,0,['CVE-2022-36844']
Live-Hack-CVE/CVE-2022-36843,A heap-based overflow vulnerability in MHW_RECOG_LIB_INFO function in libSDKRecognitionText.spensdk.samsung.so library prior to SMR Sep-2022 Release 1 allows attacker to cause memory access fault. CVE project by @Sn0wAlice,https://github.com/Live-Hack-CVE/CVE-2022-36843,['heap overflow'],1,2022-12-29T20:21:04+0000,1,1,,0,['CVE-2022-36843']
Live-Hack-CVE/CVE-2022-36842,A heap-based overflow vulnerability in prepareRecogLibrary function in libSDKRecognitionText.spensdk.samsung.so library prior to SMR Sep-2022 Release 1 allows attacker to cause memory access fault. CVE project by @Sn0wAlice,https://github.com/Live-Hack-CVE/CVE-2022-36842,['heap overflow'],1,2022-12-29T20:20:57+0000,1,0,,0,['CVE-2022-36842']
Live-Hack-CVE/CVE-2022-36841,A heap-based overflow vulnerability in PrepareRecogLibrary_Part function in libSDKRecognitionText.spensdk.samsung.so library prior to SMR Sep-2022 Release 1 allows attacker to cause memory access fault. CVE project by @Sn0wAlice,https://github.com/Live-Hack-CVE/CVE-2022-36841,['heap overflow'],1,2022-12-29T20:20:53+0000,1,0,,0,['CVE-2022-36841']
Live-Hack-CVE/CVE-2022-23690,A vulnerability in the web-based management interface of AOS-CX could allow a remote unauthenticated attacker to fingerprint the exact version AOS-CX running on the switch. This allows an attacker to retrieve information which could be used to more precise,https://github.com/Live-Hack-CVE/CVE-2022-23690,['exploit'],1,2022-12-29T20:18:53+0000,1,0,,0,['CVE-2022-23690']
Live-Hack-CVE/CVE-2022-23688,Multiple vulnerabilities exist in the processing of packet data by the LLDP service of AOS-CX. Successful exploitation of these vulnerabilities may allow an attacker to impact the availability of the AOS-CX LLDP service and/or the management plane of the s,https://github.com/Live-Hack-CVE/CVE-2022-23688,['exploit'],1,2022-12-29T20:18:49+0000,1,0,,0,['CVE-2022-23688']
Live-Hack-CVE/CVE-2022-23689,Multiple vulnerabilities exist in the processing of packet data by the LLDP service of AOS-CX. Successful exploitation of these vulnerabilities may allow an attacker to impact the availability of the AOS-CX LLDP service and/or the management plane of the s,https://github.com/Live-Hack-CVE/CVE-2022-23689,['exploit'],1,2022-12-29T20:18:33+0000,1,0,,0,['CVE-2022-23689']
Live-Hack-CVE/CVE-2022-23686,Multiple vulnerabilities exist in the processing of packet data by the LLDP service of AOS-CX. Successful exploitation of these vulnerabilities may allow an attacker to impact the availability of the AOS-CX LLDP service and/or the management plane of the s,https://github.com/Live-Hack-CVE/CVE-2022-23686,['exploit'],1,2022-12-29T20:18:30+0000,1,0,,0,['CVE-2022-23686']
Live-Hack-CVE/CVE-2022-23687,Multiple vulnerabilities exist in the processing of packet data by the LLDP service of AOS-CX. Successful exploitation of these vulnerabilities may allow an attacker to impact the availability of the AOS-CX LLDP service and/or the management plane of the s,https://github.com/Live-Hack-CVE/CVE-2022-23687,['exploit'],1,2022-12-29T20:18:26+0000,1,0,,0,['CVE-2022-23687']
Live-Hack-CVE/CVE-2020-21652,"Myucms v2.2.1 contains a remote code execution (RCE) vulnerability in the component \controller\Config.php, which can be exploited via the addqq() method. CVE project by @Sn0wAlice",https://github.com/Live-Hack-CVE/CVE-2020-21652,"['exploit', 'rce', 'remote code execution']",3,2022-12-29T18:59:08+0000,1,0,,0,['CVE-2020-21652']
Live-Hack-CVE/CVE-2020-21650,"Myucms v2.2.1 contains a remote code execution (RCE) vulnerability in the component \controller\Config.php, which can be exploited via the add() method. CVE project by @Sn0wAlice",https://github.com/Live-Hack-CVE/CVE-2020-21650,"['exploit', 'rce', 'remote code execution']",3,2022-12-29T18:58:54+0000,1,0,,0,['CVE-2020-21650']
Live-Hack-CVE/CVE-2022-38828,TOTOLINK T6 V4.1.5cu.709_B20210518 is vulnerable to command injection via cstecgi.cgi CVE project by @Sn0wAlice,https://github.com/Live-Hack-CVE/CVE-2022-38828,['command injection'],1,2022-12-29T17:35:05+0000,1,0,,0,['CVE-2022-38828']
Live-Hack-CVE/CVE-2020-20124,Wuzhi CMS v4.1.0 contains a remote code execution (RCE) vulnerability in \attachment\admin\index.php. CVE project by @Sn0wAlice,https://github.com/Live-Hack-CVE/CVE-2020-20124,"['rce', 'remote code execution']",2,2022-12-29T18:58:51+0000,1,0,,0,['CVE-2020-20124']
Live-Hack-CVE/CVE-2022-22330,"IBM Control Desk 7.6.1 could allow a remote attacker to obtain sensitive information, caused by the failure to set the HTTPOnly flag. A remote attacker could exploit this vulnerability to obtain sensitive information from the cookie. IBM X-Force ID: 219126",https://github.com/Live-Hack-CVE/CVE-2022-22330,['exploit'],1,2022-12-29T18:16:50+0000,1,0,,0,['CVE-2022-22330']
Live-Hack-CVE/CVE-2022-34356,"IBM AIX 7.1, 7.2, 7.3, and VIOS 3.1 could allow a non-privileged local user to exploit a vulnerability in the AIX kernel to obtain root privileges. IBM X-Force ID: 230502. CVE project by @Sn0wAlice",https://github.com/Live-Hack-CVE/CVE-2022-34356,['exploit'],1,2022-12-29T18:16:46+0000,1,0,,0,['CVE-2022-34356']
Live-Hack-CVE/CVE-2022-36768,"IBM AIX 7.1, 7.2, 7.3, and VIOS 3.1 could allow a non-privileged local user to exploit a vulnerability in the invscout command to obtain root privileges. IBM X-Force ID: 232014. CVE project by @Sn0wAlice",https://github.com/Live-Hack-CVE/CVE-2022-36768,['exploit'],1,2022-12-29T18:16:39+0000,1,0,,0,['CVE-2022-36768']
Live-Hack-CVE/CVE-2022-36667,"Garage Management System 1.0 is vulnerable to the Remote Code Execution (RCE) due to the lack of filtering from the file upload function. The vulnerability exist during adding parts and from the upload function, the attacker can upload PHP Reverse Shell st",https://github.com/Live-Hack-CVE/CVE-2022-36667,"['rce', 'remote code execution']",2,2022-12-29T18:16:24+0000,1,0,,0,['CVE-2022-36667']
Live-Hack-CVE/CVE-2022-37140,PayMoney 3.3 is vulnerable to Client Side Remote Code Execution (RCE). The vulnerability exists on the reply ticket function and upload the malicious file. A calculator will open when the victim who download the file open the RTF file. CVE project by @Sn0w,https://github.com/Live-Hack-CVE/CVE-2022-37140,"['rce', 'remote code execution']",2,2022-12-29T18:15:47+0000,1,0,,0,['CVE-2022-37140']
Live-Hack-CVE/CVE-2022-36107,TYPO3 is an open source PHP based web content management system released under the GNU GPL. It has been discovered that the `FileDumpController` (backend and frontend context) is vulnerable to cross-site scripting when malicious files are displayed using t,https://github.com/Live-Hack-CVE/CVE-2022-36107,['exploit'],1,2022-12-29T18:15:08+0000,3,0,,0,['CVE-2022-36107']
Live-Hack-CVE/CVE-2022-35830,Remote Procedure Call Runtime Remote Code Execution Vulnerability. CVE project by @Sn0wAlice,https://github.com/Live-Hack-CVE/CVE-2022-35830,['remote code execution'],1,2022-12-29T18:14:45+0000,1,0,,0,['CVE-2022-35830']
Live-Hack-CVE/CVE-2022-35835,"Microsoft OLE DB Provider for SQL Server Remote Code Execution Vulnerability. This CVE ID is unique from CVE-2022-34731, CVE-2022-34733, CVE-2022-35834, CVE-2022-35836, CVE-2022-35840. CVE project by @Sn0wAlice",https://github.com/Live-Hack-CVE/CVE-2022-35835,['remote code execution'],1,2022-12-29T18:14:21+0000,1,0,,0,"['CVE-2022-34731', 'CVE-2022-34733', 'CVE-2022-35834', 'CVE-2022-35835', 'CVE-2022-35836', 'CVE-2022-35840']"
Live-Hack-CVE/CVE-2022-34733,"Microsoft OLE DB Provider for SQL Server Remote Code Execution Vulnerability. This CVE ID is unique from CVE-2022-34731, CVE-2022-35834, CVE-2022-35835, CVE-2022-35836, CVE-2022-35840. CVE project by @Sn0wAlice",https://github.com/Live-Hack-CVE/CVE-2022-34733,['remote code execution'],1,2022-12-29T18:13:50+0000,1,0,,0,"['CVE-2022-34731', 'CVE-2022-34733', 'CVE-2022-35834', 'CVE-2022-35835', 'CVE-2022-35836', 'CVE-2022-35840']"
Live-Hack-CVE/CVE-2022-34731,"Microsoft OLE DB Provider for SQL Server Remote Code Execution Vulnerability. This CVE ID is unique from CVE-2022-34733, CVE-2022-35834, CVE-2022-35835, CVE-2022-35836, CVE-2022-35840. CVE project by @Sn0wAlice",https://github.com/Live-Hack-CVE/CVE-2022-34731,['remote code execution'],1,2022-12-29T18:13:29+0000,1,0,,0,"['CVE-2022-34731', 'CVE-2022-34733', 'CVE-2022-35834', 'CVE-2022-35835', 'CVE-2022-35836', 'CVE-2022-35840']"
Live-Hack-CVE/CVE-2022-35805,Microsoft Dynamics CRM (on-premises) Remote Code Execution Vulnerability. This CVE ID is unique from CVE-2022-34700. CVE project by @Sn0wAlice,https://github.com/Live-Hack-CVE/CVE-2022-35805,['remote code execution'],1,2022-12-29T18:13:14+0000,1,0,,0,"['CVE-2022-34700', 'CVE-2022-35805']"
Live-Hack-CVE/CVE-2022-37962,Microsoft PowerPoint Remote Code Execution Vulnerability. CVE project by @Sn0wAlice,https://github.com/Live-Hack-CVE/CVE-2022-37962,['remote code execution'],1,2022-12-29T18:13:06+0000,1,0,,0,['CVE-2022-37962']
Live-Hack-CVE/CVE-2022-37963,Microsoft Office Visio Remote Code Execution Vulnerability. This CVE ID is unique from CVE-2022-38010. CVE project by @Sn0wAlice,https://github.com/Live-Hack-CVE/CVE-2022-37963,['remote code execution'],1,2022-12-29T18:12:56+0000,1,0,,0,"['CVE-2022-37963', 'CVE-2022-38010']"
Live-Hack-CVE/CVE-2022-35834,"Microsoft OLE DB Provider for SQL Server Remote Code Execution Vulnerability. This CVE ID is unique from CVE-2022-34731, CVE-2022-34733, CVE-2022-35835, CVE-2022-35836, CVE-2022-35840. CVE project by @Sn0wAlice",https://github.com/Live-Hack-CVE/CVE-2022-35834,['remote code execution'],1,2022-12-29T18:12:29+0000,1,0,,0,"['CVE-2022-34731', 'CVE-2022-34733', 'CVE-2022-35834', 'CVE-2022-35835', 'CVE-2022-35836', 'CVE-2022-35840']"
Live-Hack-CVE/CVE-2022-35840,"Microsoft OLE DB Provider for SQL Server Remote Code Execution Vulnerability. This CVE ID is unique from CVE-2022-34731, CVE-2022-34733, CVE-2022-35834, CVE-2022-35835, CVE-2022-35836. CVE project by @Sn0wAlice",https://github.com/Live-Hack-CVE/CVE-2022-35840,['remote code execution'],1,2022-12-29T18:12:18+0000,1,0,,0,"['CVE-2022-34731', 'CVE-2022-34733', 'CVE-2022-35834', 'CVE-2022-35835', 'CVE-2022-35836', 'CVE-2022-35840']"
Live-Hack-CVE/CVE-2022-37961,"Microsoft SharePoint Server Remote Code Execution Vulnerability. This CVE ID is unique from CVE-2022-38008, CVE-2022-38009. CVE project by @Sn0wAlice",https://github.com/Live-Hack-CVE/CVE-2022-37961,['remote code execution'],1,2022-12-29T18:12:11+0000,1,0,,0,"['CVE-2022-37961', 'CVE-2022-38008', 'CVE-2022-38009']"
Live-Hack-CVE/CVE-2022-38008,"Microsoft SharePoint Server Remote Code Execution Vulnerability. This CVE ID is unique from CVE-2022-37961, CVE-2022-38009. CVE project by @Sn0wAlice",https://github.com/Live-Hack-CVE/CVE-2022-38008,['remote code execution'],1,2022-12-29T18:11:53+0000,1,0,,0,"['CVE-2022-37961', 'CVE-2022-38008', 'CVE-2022-38009']"
Live-Hack-CVE/CVE-2022-38009,"Microsoft SharePoint Server Remote Code Execution Vulnerability. This CVE ID is unique from CVE-2022-37961, CVE-2022-38008. CVE project by @Sn0wAlice",https://github.com/Live-Hack-CVE/CVE-2022-38009,['remote code execution'],1,2022-12-29T18:11:49+0000,1,0,,0,"['CVE-2022-37961', 'CVE-2022-38008', 'CVE-2022-38009']"
Live-Hack-CVE/CVE-2022-38004,Windows Fax Service Remote Code Execution Vulnerability. CVE project by @Sn0wAlice,https://github.com/Live-Hack-CVE/CVE-2022-38004,['remote code execution'],1,2022-12-29T18:11:39+0000,1,0,,0,['CVE-2022-38004']
Live-Hack-CVE/CVE-2022-35841,Windows Enterprise App Management Service Remote Code Execution Vulnerability. CVE project by @Sn0wAlice,https://github.com/Live-Hack-CVE/CVE-2022-35841,['remote code execution'],1,2022-12-29T18:11:35+0000,1,0,,0,['CVE-2022-35841']
Live-Hack-CVE/CVE-2022-38019,AV1 Video Extension Remote Code Execution Vulnerability. CVE project by @Sn0wAlice,https://github.com/Live-Hack-CVE/CVE-2022-38019,['remote code execution'],1,2022-12-29T18:11:28+0000,1,0,,0,['CVE-2022-38019']
Live-Hack-CVE/CVE-2021-0871,"In PVRSRVBridgePMRPDumpSymbolicAddr of the PowerVR kernel driver, a missing size check means there is a possible integer overflow that could allow out-of-bounds heap access. This could lead to local escalation of privilege with no additional execution priv",https://github.com/Live-Hack-CVE/CVE-2021-0871,['heap overflow'],1,2022-12-29T18:11:24+0000,0,0,,0,['CVE-2021-0871']
Live-Hack-CVE/CVE-2021-0942,The path in this case is a little bit convoluted. The end result is that via an ioctl an untrusted app can control the ui32PageIndex offset in the expression:sPA.uiAddr = page_to_phys(psOSPageArrayData->pagearray[ui32PageIndex]);With the current PoC this c,https://github.com/Live-Hack-CVE/CVE-2021-0942,['cve poc'],1,2022-12-29T18:11:17+0000,1,0,,0,['CVE-2021-0942']
Live-Hack-CVE/CVE-2022-38010,Microsoft Office Visio Remote Code Execution Vulnerability. This CVE ID is unique from CVE-2022-37963. CVE project by @Sn0wAlice,https://github.com/Live-Hack-CVE/CVE-2022-38010,['remote code execution'],1,2022-12-29T18:11:14+0000,1,0,,0,"['CVE-2022-37963', 'CVE-2022-38010']"
Live-Hack-CVE/CVE-2022-38011,Raw Image Extension Remote Code Execution Vulnerability. CVE project by @Sn0wAlice,https://github.com/Live-Hack-CVE/CVE-2022-38011,['remote code execution'],1,2022-12-29T18:11:06+0000,1,0,,0,['CVE-2022-38011']
Live-Hack-CVE/CVE-2022-38796,A Host Header Injection vulnerability in Feehi CMS 2.1.1 may allow an attacker to spoof a particular header. This can be exploited by abusing password reset emails. CVE project by @Sn0wAlice,https://github.com/Live-Hack-CVE/CVE-2022-38796,['exploit'],1,2022-12-29T18:10:30+0000,1,0,,0,['CVE-2022-38796']
Live-Hack-CVE/CVE-2022-35836,"Microsoft OLE DB Provider for SQL Server Remote Code Execution Vulnerability. This CVE ID is unique from CVE-2022-34731, CVE-2022-34733, CVE-2022-35834, CVE-2022-35835, CVE-2022-35840. CVE project by @Sn0wAlice",https://github.com/Live-Hack-CVE/CVE-2022-35836,['remote code execution'],1,2022-12-29T18:07:31+0000,1,0,,0,"['CVE-2022-34731', 'CVE-2022-34733', 'CVE-2022-35834', 'CVE-2022-35835', 'CVE-2022-35836', 'CVE-2022-35840']"
Live-Hack-CVE/CVE-2022-34718,Windows TCP/IP Remote Code Execution Vulnerability. CVE project by @Sn0wAlice,https://github.com/Live-Hack-CVE/CVE-2022-34718,['remote code execution'],1,2022-12-29T18:07:13+0000,1,0,,0,['CVE-2022-34718']
Live-Hack-CVE/CVE-2022-40734,"UniSharp laravel-filemanager (aka Laravel Filemanager) through 2.5.1 allows download?working_dir=%2F.. directory traversal to read arbitrary files, as exploited in the wild in June 2022. CVE project by @Sn0wAlice",https://github.com/Live-Hack-CVE/CVE-2022-40734,['exploit'],1,2022-12-29T18:06:57+0000,1,0,,0,['CVE-2022-40734']
Live-Hack-CVE/CVE-2022-36779,PROSCEND - PROSCEND / ADVICE .Ltd - G/5G Industrial Cellular Router (with GPS)4 Unauthenticated OS Command Injection Proscend M330-w / M33-W5 / M350-5G / M350-W5G / M350-6 / M350-W6 / M301-G / M301-GW ADVICE ICR 111WG / https://www.proscend.com/en/category,https://github.com/Live-Hack-CVE/CVE-2022-36779,['command injection'],1,2022-12-29T18:18:09+0000,1,0,,0,['CVE-2022-36779']
Live-Hack-CVE/CVE-2022-26049,"This affects the package com.diffplug.gradle:goomph before 3.37.2. It allows a malicious zip file to potentially break out of the expected destination directory, writing contents into arbitrary locations on the file system. Overwriting certain files/direct",https://github.com/Live-Hack-CVE/CVE-2022-26049,['remote code execution'],1,2022-12-29T18:18:12+0000,2,0,,0,['CVE-2022-26049']
Carlosalpha1/ctf-tools,My personalized toolkit for the exploitation of CTF machines,https://github.com/Carlosalpha1/ctf-tools,['exploit'],1,2022-12-29T18:53:34+0000,3,0,Python,0,[]
codingcore12/SILENT-PDF-EXPLOIT-CLEAN-5y,None,https://github.com/codingcore12/SILENT-PDF-EXPLOIT-CLEAN-5y,['exploit'],1,2022-12-29T18:54:03+0000,1,1,,0,[]
Live-Hack-CVE/CVE-2021-3115,"Go before 1.14.14 and 1.15.x before 1.15.7 on Windows is vulnerable to Command Injection and remote code execution when using the ""go get"" command to fetch modules that make use of cgo (for example, cgo can execute a gcc program from an untrusted download)",https://github.com/Live-Hack-CVE/CVE-2021-3115,"['command injection', 'remote code execution']",2,2022-12-29T18:58:26+0000,3,0,,0,['CVE-2021-3115']
Live-Hack-CVE/CVE-2022-38701,OpenHarmony-v3.1.2 and prior versions have a heap overflow vulnerability. Local attackers can trigger a heap overflow and get network sensitive information. CVE project by @Sn0wAlice,https://github.com/Live-Hack-CVE/CVE-2022-38701,['heap overflow'],1,2022-12-29T18:57:35+0000,0,0,,0,['CVE-2022-38701']
Live-Hack-CVE/CVE-2022-3027,"The CMS8000 device does not properly control or sanitize the SSID name of a new Wi-Fi access point. A threat actor could create an SSID with a malicious name, including non-standard characters that, when the device attempts connecting to the malicious SSID",https://github.com/Live-Hack-CVE/CVE-2022-3027,['exploit'],1,2022-12-29T18:57:10+0000,1,0,,0,['CVE-2022-3027']
Live-Hack-CVE/CVE-2022-36256,"A SQL injection vulnerability in Stocks.java in sazanrjb InventoryManagementSystem 1.0 allows attackers to execute arbitrary SQL commands via the parameters such as ""productcode"". CVE project by @Sn0wAlice",https://github.com/Live-Hack-CVE/CVE-2022-36256,['command injection'],1,2022-12-29T18:55:41+0000,1,0,,0,['CVE-2022-36256']
Live-Hack-CVE/CVE-2022-36255,"A SQL injection vulnerability in SupplierDAO.java in sazanrjb InventoryManagementSystem 1.0 allows attackers to execute arbitrary SQL commands via the parameters such as ""searchTxt"". CVE project by @Sn0wAlice",https://github.com/Live-Hack-CVE/CVE-2022-36255,['command injection'],1,2022-12-29T18:55:38+0000,1,0,,0,['CVE-2022-36255']
Live-Hack-CVE/CVE-2022-36259,"A SQL injection vulnerability in ConnectionFactory.java in sazanrjb InventoryManagementSystem 1.0 allows attackers to execute arbitrary SQL commands via the parameters such as ""username"", ""password"", etc. CVE project by @Sn0wAlice",https://github.com/Live-Hack-CVE/CVE-2022-36259,['command injection'],1,2022-12-29T18:55:34+0000,1,0,,0,['CVE-2022-36259']
codingcore12/SILENT-EXCEL-XLS-EXPLOIT-CLEAN-5y,None,https://github.com/codingcore12/SILENT-EXCEL-XLS-EXPLOIT-CLEAN-5y,['exploit'],1,2022-12-29T18:56:02+0000,1,1,,0,[]
Live-Hack-CVE/CVE-2022-36258,"A SQL injection vulnerability in CustomerDAO.java in sazanrjb InventoryManagementSystem 1.0 allows attackers to execute arbitrary SQL commands via the parameters such as ""searchTxt"". CVE project by @Sn0wAlice",https://github.com/Live-Hack-CVE/CVE-2022-36258,['command injection'],1,2022-12-29T18:55:31+0000,1,0,,0,['CVE-2022-36258']
Live-Hack-CVE/CVE-2022-36257,"A SQL injection vulnerability in UserDAO.java in sazanrjb InventoryManagementSystem 1.0 allows attackers to execute arbitrary SQL commands via the parameters such as ""users"", ""pass"", etc. CVE project by @Sn0wAlice",https://github.com/Live-Hack-CVE/CVE-2022-36257,['command injection'],1,2022-12-29T18:55:27+0000,1,0,,0,['CVE-2022-36257']
codingcore12/SILENT-DOC-EXPLOIT-CLEAN-5y,None,https://github.com/codingcore12/SILENT-DOC-EXPLOIT-CLEAN-5y,['exploit'],1,2022-12-29T18:55:00+0000,1,1,,0,[]
Live-Hack-CVE/CVE-2022-38297,UCMS v1.6.0 contains an authentication bypass vulnerability which is exploited via cookie poisoning. CVE project by @Sn0wAlice,https://github.com/Live-Hack-CVE/CVE-2022-38297,['exploit'],1,2022-12-29T18:54:17+0000,1,0,,0,['CVE-2022-38297']
Live-Hack-CVE/CVE-2022-39832,"An issue was discovered in PSPP 1.6.2. There is a heap-based buffer overflow at the function read_string in utilities/pspp-dump-sav.c, which allows attackers to cause a denial of service (application crash) or possibly have unspecified other impact. CVE pr",https://github.com/Live-Hack-CVE/CVE-2022-39832,['heap overflow'],1,2022-12-29T18:54:07+0000,0,0,,0,['CVE-2022-39832']
Live-Hack-CVE/CVE-2022-39831,"An issue was discovered in PSPP 1.6.2. There is a heap-based buffer overflow at the function read_bytes_internal in utilities/pspp-dump-sav.c, which allows attackers to cause a denial of service (application crash) or possibly have unspecified other impact",https://github.com/Live-Hack-CVE/CVE-2022-39831,['heap overflow'],1,2022-12-29T18:54:03+0000,0,0,,0,"['CVE-2018-20230', 'CVE-2022-39831']"
Live-Hack-CVE/CVE-2022-3133,OS Command Injection in GitHub repository jgraph/drawio prior to 20.3.0. CVE project by @Sn0wAlice,https://github.com/Live-Hack-CVE/CVE-2022-3133,['command injection'],1,2022-12-29T18:52:56+0000,7,0,,0,['CVE-2022-3133']
Live-Hack-CVE/CVE-2022-34726,"Microsoft ODBC Driver Remote Code Execution Vulnerability. This CVE ID is unique from CVE-2022-34727, CVE-2022-34730, CVE-2022-34732, CVE-2022-34734. CVE project by @Sn0wAlice",https://github.com/Live-Hack-CVE/CVE-2022-34726,['remote code execution'],1,2022-12-29T18:49:17+0000,1,0,,0,"['CVE-2022-34726', 'CVE-2022-34727', 'CVE-2022-34730', 'CVE-2022-34732', 'CVE-2022-34734']"
Live-Hack-CVE/CVE-2022-31225,Dell BIOS versions contain an Unchecked Return Value vulnerability. A local authenticated administrator user could potentially exploit this vulnerability in order to change the state of the system or cause unexpected failures. CVE project by @Sn0wAlice,https://github.com/Live-Hack-CVE/CVE-2022-31225,['exploit'],1,2022-12-29T18:51:43+0000,1,0,,0,['CVE-2022-31225']
Live-Hack-CVE/CVE-2022-31226,Dell BIOS versions contain a Stack-based Buffer Overflow vulnerability. A local authenticated malicious user could potentially exploit this vulnerability by sending excess data to a function in order to gain arbitrary code execution on the system. CVE proj,https://github.com/Live-Hack-CVE/CVE-2022-31226,['exploit'],1,2022-12-29T18:51:40+0000,1,0,,0,['CVE-2022-31226']
Live-Hack-CVE/CVE-2022-31223,Dell BIOS versions contain an Improper Neutralization of Null Byte vulnerability. A local authenticated administrator user could potentially exploit this vulnerability by sending unexpected null bytes in order to read memory on the system. CVE project by @,https://github.com/Live-Hack-CVE/CVE-2022-31223,['exploit'],1,2022-12-29T18:51:13+0000,1,0,,0,['CVE-2022-31223']
Live-Hack-CVE/CVE-2022-31224,Dell BIOS versions contain an Improper Protection Against Voltage and Clock Glitches vulnerability. An attacker with physical access to the system could potentially exploit this vulnerability by triggering a fault condition in order to change the behavior ,https://github.com/Live-Hack-CVE/CVE-2022-31224,['exploit'],1,2022-12-29T18:51:09+0000,2,0,,0,['CVE-2022-31224']
Live-Hack-CVE/CVE-2022-31220,Dell BIOS versions contain an Unchecked Return Value vulnerability. A local authenticated administrator user could potentially exploit this vulnerability in order to change the state of the system or cause unexpected failures. CVE project by @Sn0wAlice,https://github.com/Live-Hack-CVE/CVE-2022-31220,['exploit'],1,2022-12-29T18:51:02+0000,1,0,,0,['CVE-2022-31220']
Live-Hack-CVE/CVE-2022-31221,Dell BIOS versions contain an Information Exposure vulnerability. A local authenticated administrator user could potentially exploit this vulnerability in order access sensitive state information on the system. CVE project by @Sn0wAlice,https://github.com/Live-Hack-CVE/CVE-2022-31221,['exploit'],1,2022-12-29T18:50:58+0000,1,0,,0,['CVE-2022-31221']
Live-Hack-CVE/CVE-2022-31222,Dell BIOS versions contain a Missing Release of Resource after Effective Lifetime vulnerability. A local authenticated administrator user could potentially exploit this vulnerability by consuming excess memory in order to cause the application to crash. CV,https://github.com/Live-Hack-CVE/CVE-2022-31222,['exploit'],1,2022-12-29T18:50:55+0000,1,0,,0,['CVE-2022-31222']
Live-Hack-CVE/CVE-2022-26929,.NET Framework Remote Code Execution Vulnerability. CVE project by @Sn0wAlice,https://github.com/Live-Hack-CVE/CVE-2022-26929,['remote code execution'],1,2022-12-29T18:50:29+0000,1,0,,0,['CVE-2022-26929']
Live-Hack-CVE/CVE-2022-30200,Windows Lightweight Directory Access Protocol (LDAP) Remote Code Execution Vulnerability. CVE project by @Sn0wAlice,https://github.com/Live-Hack-CVE/CVE-2022-30200,['remote code execution'],1,2022-12-29T18:50:07+0000,1,0,,0,['CVE-2022-30200']
Live-Hack-CVE/CVE-2022-34700,Microsoft Dynamics CRM (on-premises) Remote Code Execution Vulnerability. This CVE ID is unique from CVE-2022-35805. CVE project by @Sn0wAlice,https://github.com/Live-Hack-CVE/CVE-2022-34700,['remote code execution'],1,2022-12-29T18:49:42+0000,1,0,,0,"['CVE-2022-34700', 'CVE-2022-35805']"
Live-Hack-CVE/CVE-2022-34722,Windows Internet Key Exchange (IKE) Protocol Extensions Remote Code Execution Vulnerability. This CVE ID is unique from CVE-2022-34721. CVE project by @Sn0wAlice,https://github.com/Live-Hack-CVE/CVE-2022-34722,['remote code execution'],1,2022-12-29T18:49:39+0000,1,0,,0,"['CVE-2022-34721', 'CVE-2022-34722']"
Live-Hack-CVE/CVE-2022-34721,Windows Internet Key Exchange (IKE) Protocol Extensions Remote Code Execution Vulnerability. This CVE ID is unique from CVE-2022-34722. CVE project by @Sn0wAlice,https://github.com/Live-Hack-CVE/CVE-2022-34721,['remote code execution'],1,2022-12-29T18:49:35+0000,1,0,,0,"['CVE-2022-34721', 'CVE-2022-34722']"
Live-Hack-CVE/CVE-2022-34727,"Microsoft ODBC Driver Remote Code Execution Vulnerability. This CVE ID is unique from CVE-2022-34726, CVE-2022-34730, CVE-2022-34732, CVE-2022-34734. CVE project by @Sn0wAlice",https://github.com/Live-Hack-CVE/CVE-2022-34727,['remote code execution'],1,2022-12-29T18:49:24+0000,1,0,,0,"['CVE-2022-34726', 'CVE-2022-34727', 'CVE-2022-34730', 'CVE-2022-34732', 'CVE-2022-34734']"
Live-Hack-CVE/CVE-2022-28213,"When a user access SOAP Web services in SAP BusinessObjects Business Intelligence Platform - version 420, 430, it does not sufficiently validate the XML document accepted from an untrusted source, which might result in arbitrary files retrieval from the se",https://github.com/Live-Hack-CVE/CVE-2022-28213,['exploit'],1,2022-12-29T21:00:53+0000,1,0,,0,['CVE-2022-28213']
Live-Hack-CVE/CVE-2022-20066,"In atf (hwfde), there is a possible leak of sensitive information due to incorrect error handling. This could lead to local information disclosure with System execution privileges needed. User interaction is not needed for exploitation. Patch ID: ALPS06171",https://github.com/Live-Hack-CVE/CVE-2022-20066,['exploit'],1,2022-12-29T21:00:57+0000,1,0,,0,['CVE-2022-20066']
Live-Hack-CVE/CVE-2022-22954,VMware Workspace ONE Access and Identity Manager contain a remote code execution vulnerability due to server-side template injection. A malicious actor with network access can trigger a server-side template injection that may result in remote code executio,https://github.com/Live-Hack-CVE/CVE-2022-22954,['remote code execution'],1,2022-12-29T21:01:01+0000,2,0,,0,['CVE-2022-22954']
Live-Hack-CVE/CVE-2022-25309,A heap-based buffer overflow flaw was found in the Fribidi package and affects the fribidi_cap_rtl_to_unicode() function of the fribidi-char-sets-cap-rtl.c file. This flaw allows an attacker to pass a specially crafted file to the Fribidi application with ,https://github.com/Live-Hack-CVE/CVE-2022-25309,['heap overflow'],1,2022-12-29T21:02:01+0000,1,0,,0,['CVE-2022-25309']
Live-Hack-CVE/CVE-2021-29864,"IBM Security Identity Manager 6.0 and 6.0.2 could allow a remote attacker to conduct phishing attacks, using an open redirect attack. By persuading a victim to visit a specially crafted Web site, a remote attacker could exploit this vulnerability to spoof ",https://github.com/Live-Hack-CVE/CVE-2021-29864,['exploit'],1,2022-12-29T23:09:12+0000,1,0,,0,['CVE-2021-29864']
Live-Hack-CVE/CVE-2022-26529,Realtek Linux/Android Bluetooth Mesh SDK has a buffer overflow vulnerability due to insufficient validation for segmented packets’ link parameter. An unauthenticated attacker in the adjacent network can exploit this vulnerability to cause buffer overflow a,https://github.com/Live-Hack-CVE/CVE-2022-26529,['exploit'],1,2022-12-29T23:09:09+0000,0,0,,0,['CVE-2022-26529']
Live-Hack-CVE/CVE-2022-26528,Realtek Linux/Android Bluetooth Mesh SDK has a buffer overflow vulnerability due to insufficient validation for the length of segmented packets’ shift parameter. An unauthenticated attacker in the adjacent network can exploit this vulnerability to cause bu,https://github.com/Live-Hack-CVE/CVE-2022-26528,['exploit'],1,2022-12-29T23:09:05+0000,0,0,,0,['CVE-2022-26528']
Live-Hack-CVE/CVE-2022-26527,Realtek Linux/Android Bluetooth Mesh SDK has a buffer overflow vulnerability due to insufficient validation for the size of segmented packets’ reference parameter. An unauthenticated attacker in the adjacent network can exploit this vulnerability to cause ,https://github.com/Live-Hack-CVE/CVE-2022-26527,['exploit'],1,2022-12-29T23:09:02+0000,0,0,,0,['CVE-2022-26527']
Live-Hack-CVE/CVE-2022-37130,"In D-Link DIR-816 A2_v1.10CNB04.img a command injection vulnerability occurs in /goform/Diagnosis, after the condition is met, setnum will be spliced into v10 by snprintf, and the system will be executed, resulting in a command injection vulnerability CVE ",https://github.com/Live-Hack-CVE/CVE-2022-37130,['command injection'],1,2022-12-29T23:08:09+0000,1,0,,0,['CVE-2022-37130']
Live-Hack-CVE/CVE-2022-37129,"D-Link DIR-816 A2_v1.10CNB04.img is vulnerable to Command Injection via /goform/SystemCommand. After the user passes in the command parameter, it will be spliced into byte_4836B0 by snprintf, and finally doSystem(&byte_4836B0); will be executed, resulting ",https://github.com/Live-Hack-CVE/CVE-2022-37129,['command injection'],1,2022-12-29T23:06:34+0000,1,0,,0,['CVE-2022-37129']
Live-Hack-CVE/CVE-2022-37123,D-link DIR-816 A2_v1.10CNB04.img is vulnerable to Command injection via /goform/form2userconfig.cgi. CVE project by @Sn0wAlice,https://github.com/Live-Hack-CVE/CVE-2022-37123,['command injection'],1,2022-12-29T23:06:29+0000,1,0,,0,['CVE-2022-37123']
Live-Hack-CVE/CVE-2021-42392,"The org.h2.util.JdbcUtils.getConnection method of the H2 database takes as parameters the class name of the driver and URL of the database. An attacker may pass a JNDI driver name and a URL leading to a LDAP or RMI servers, causing remote code execution. T",https://github.com/Live-Hack-CVE/CVE-2021-42392,"['exploit', 'remote code execution']",2,2022-12-29T23:05:46+0000,2,0,,0,['CVE-2021-42392']
Live-Hack-CVE/CVE-2021-40417,"When parsing a file that is submitted to the DPDecoder service as a job, the service will use the combination of decoding parameters that were submitted with the job along with fields that were parsed for the submitted video by the R3D SDK to calculate the",https://github.com/Live-Hack-CVE/CVE-2021-40417,['heap overflow'],1,2022-12-29T23:05:36+0000,1,0,,0,['CVE-2021-40417']
Live-Hack-CVE/CVE-2022-26488,"In Python before 3.10.3 on Windows, local users can gain privileges because the search path is inadequately secured. The installer may allow a local attacker to add user-writable directories to the system search path. To exploit, an administrator must have",https://github.com/Live-Hack-CVE/CVE-2022-26488,['exploit'],1,2022-12-29T23:05:21+0000,5,0,,0,['CVE-2022-26488']
Live-Hack-CVE/CVE-2021-21860,An exploitable integer truncation vulnerability exists within the MPEG-4 decoding functionality of the GPAC Project on Advanced Content library v1.0.1. A specially crafted MPEG-4 input can cause an improper memory allocation resulting in a heap-based buffe,https://github.com/Live-Hack-CVE/CVE-2021-21860,"['exploit', 'heap overflow']",2,2022-12-29T23:05:14+0000,1,0,,0,['CVE-2021-21860']
Live-Hack-CVE/CVE-2021-21859,An exploitable integer truncation vulnerability exists within the MPEG-4 decoding functionality of the GPAC Project on Advanced Content library v1.0.1. The stri_box_read function is used when processing atoms using the 'stri' FOURCC code. An attacker can c,https://github.com/Live-Hack-CVE/CVE-2021-21859,['exploit'],1,2022-12-29T23:05:11+0000,1,0,,0,['CVE-2021-21859']
Live-Hack-CVE/CVE-2021-42372,A shell command injection in the HW Events SNMP community in XoruX LPAR2RRD and STOR2RRD before 7.30 allows authenticated remote attackers to execute arbitrary shell commands as the user running the service. CVE project by @Sn0wAlice,https://github.com/Live-Hack-CVE/CVE-2021-42372,['command injection'],1,2022-12-29T23:05:08+0000,1,0,,0,['CVE-2021-42372']
Live-Hack-CVE/CVE-2021-3156,"Sudo before 1.9.5p2 contains an off-by-one error that can result in a heap-based buffer overflow, which allows privilege escalation to root via ""sudoedit -s"" and a command-line argument that ends with a single backslash character. CVE project by @Sn0wAlice",https://github.com/Live-Hack-CVE/CVE-2021-3156,['heap overflow'],1,2022-12-29T23:04:57+0000,4,0,,0,['CVE-2021-3156']
Live-Hack-CVE/CVE-2022-22834,An issue was discovered in OverIT Geocall before 8.0. An authenticated user who has the Test Trasformazione XSL functionality enabled can exploit a XSLT Injection vulnerability. Attackers could exploit this issue to achieve remote code execution. CVE proje,https://github.com/Live-Hack-CVE/CVE-2022-22834,"['exploit', 'remote code execution']",2,2022-12-29T23:03:45+0000,1,0,,0,['CVE-2022-22834']
Live-Hack-CVE/CVE-2022-28871,A Denial-of-Service (DoS) vulnerability was discovered in F-Secure Atlant whereby the fsicapd component used in certain F-Secure products while scanning larger packages/fuzzed files consume too much memory eventually can crash the scanning engine. The expl,https://github.com/Live-Hack-CVE/CVE-2022-28871,['exploit'],1,2022-12-29T23:03:42+0000,1,0,,0,['CVE-2022-28871']
Live-Hack-CVE/CVE-2022-24193,CasaOS before v0.2.7 was discovered to contain a command injection vulnerability. CVE project by @Sn0wAlice,https://github.com/Live-Hack-CVE/CVE-2022-24193,['command injection'],1,2022-12-29T23:03:38+0000,1,0,,0,['CVE-2022-24193']
Live-Hack-CVE/CVE-2022-22835,An issue was discovered in OverIT Geocall before version 8.0. An authenticated user who has the Test Trasformazione XSL functionality enabled can exploit a XXE vulnerability to read arbitrary files from the filesystem. CVE project by @Sn0wAlice,https://github.com/Live-Hack-CVE/CVE-2022-22835,['exploit'],1,2022-12-29T23:03:00+0000,1,0,,0,['CVE-2022-22835']
Live-Hack-CVE/CVE-2021-42001,PingID Desktop prior to 1.7.3 has a misconfiguration in the encryption libraries which can lead to sensitive data exposure. An attacker capable of exploiting this vulnerability may be able to successfully complete an MFA challenge via OTP. CVE project by @,https://github.com/Live-Hack-CVE/CVE-2021-42001,['exploit'],1,2022-12-29T23:02:26+0000,1,0,,0,['CVE-2021-42001']
Live-Hack-CVE/CVE-2020-27792,"A heap-based buffer over write vulnerability was found in GhostScript's lp8000_print_page() function in gdevlp8k.c file. An attacker could trick a user to open a crafted PDF file, triggering the heap buffer overflow that could lead to memory corruption or ",https://github.com/Live-Hack-CVE/CVE-2020-27792,['heap overflow'],1,2022-12-29T23:01:31+0000,1,0,,0,['CVE-2020-27792']
Live-Hack-CVE/CVE-2022-35692,"Adobe Commerce versions 2.4.3-p2 (and earlier), 2.3.7-p3 (and earlier) and 2.4.4 (and earlier) are affected by an Improper Access Control vulnerability that could result in a Security feature bypass. An attacker could leverage this vulnerability to leak mi",https://github.com/Live-Hack-CVE/CVE-2022-35692,['exploit'],1,2022-12-29T23:00:37+0000,1,0,,0,['CVE-2022-35692']
Live-Hack-CVE/CVE-2022-21519,Vulnerability in the MySQL Cluster product of Oracle MySQL (component: Cluster: General). Supported versions that are affected are 8.0.29 and prior. Difficult to exploit vulnerability allows unauthenticated attacker with network access via multiple protoco,https://github.com/Live-Hack-CVE/CVE-2022-21519,['exploit'],1,2022-12-29T23:00:33+0000,2,0,,0,['CVE-2022-21519']
Live-Hack-CVE/CVE-2022-21539,Vulnerability in the MySQL Server product of Oracle MySQL (component: InnoDB). Supported versions that are affected are 8.0.29 and prior. Difficult to exploit vulnerability allows low privileged attacker with network access via multiple protocols to compro,https://github.com/Live-Hack-CVE/CVE-2022-21539,['exploit'],1,2022-12-29T23:00:30+0000,2,0,,0,['CVE-2022-21539']
Live-Hack-CVE/CVE-2022-21538,Vulnerability in the MySQL Server product of Oracle MySQL (component: Server: Security: Encryption). Supported versions that are affected are 8.0.29 and prior. Difficult to exploit vulnerability allows low privileged attacker with network access via multip,https://github.com/Live-Hack-CVE/CVE-2022-21538,['exploit'],1,2022-12-29T23:00:26+0000,2,0,,0,['CVE-2022-21538']
Live-Hack-CVE/CVE-2022-21455,Vulnerability in the MySQL Server product of Oracle MySQL (component: Server: PAM Auth Plugin). Supported versions that are affected are 8.0.28 and prior. Easily exploitable vulnerability allows high privileged attacker with network access via multiple pro,https://github.com/Live-Hack-CVE/CVE-2022-21455,['exploit'],1,2022-12-29T23:00:23+0000,2,0,,0,['CVE-2022-21455']
Live-Hack-CVE/CVE-2022-21569,Vulnerability in the MySQL Server product of Oracle MySQL (component: Server: Optimizer). Supported versions that are affected are 8.0.29 and prior. Easily exploitable vulnerability allows low privileged attacker with network access via multiple protocols ,https://github.com/Live-Hack-CVE/CVE-2022-21569,['exploit'],1,2022-12-29T23:00:19+0000,2,0,,0,['CVE-2022-21569']
Live-Hack-CVE/CVE-2022-21556,Vulnerability in the MySQL Server product of Oracle MySQL (component: Server: Optimizer). Supported versions that are affected are 8.0.28 and prior. Easily exploitable vulnerability allows high privileged attacker with network access via multiple protocols,https://github.com/Live-Hack-CVE/CVE-2022-21556,['exploit'],1,2022-12-29T23:00:15+0000,2,0,,0,['CVE-2022-21556']
Live-Hack-CVE/CVE-2022-21553,Vulnerability in the MySQL Server product of Oracle MySQL (component: Server: Optimizer). Supported versions that are affected are 8.0.29 and prior. Easily exploitable vulnerability allows high privileged attacker with network access via multiple protocols,https://github.com/Live-Hack-CVE/CVE-2022-21553,['exploit'],1,2022-12-29T23:00:12+0000,2,0,,0,['CVE-2022-21553']
Live-Hack-CVE/CVE-2022-21550,"Vulnerability in the MySQL Cluster product of Oracle MySQL (component: Cluster: General). Supported versions that are affected are 7.4.36 and prior, 7.5.26 and prior, 7.6.22 and prior and and 8.0.29 and prior. Difficult to exploit vulnerability allows high",https://github.com/Live-Hack-CVE/CVE-2022-21550,['exploit'],1,2022-12-29T23:00:08+0000,2,0,,0,['CVE-2022-21550']
Live-Hack-CVE/CVE-2022-34374,Dell Container Storage Modules 1.2 contains an OS command injection in goiscsi and gobrick libraries. A remote authenticated malicious user with low privileges could exploit this vulnerability leading to to execute arbitrary OS commands on the affected sys,https://github.com/Live-Hack-CVE/CVE-2022-34374,"['command injection', 'exploit']",2,2022-12-29T23:09:16+0000,1,0,,0,['CVE-2022-34374']
Live-Hack-CVE/CVE-2022-38772,"Zoho ManageEngine OpManager, OpManager Plus, OpManager MSP, Network Configuration Manager, NetFlow Analyzer, and OpUtils before 125658, 126003, 126105, and 126120 allow authenticated users to make database changes that lead to remote code execution in the ",https://github.com/Live-Hack-CVE/CVE-2022-38772,['remote code execution'],1,2022-12-29T23:09:20+0000,3,0,,0,['CVE-2022-38772']
Live-Hack-CVE/CVE-2022-36553,Hytec Inter HWL-2511-SS v1.05 and below was discovered to contain a command injection vulnerability via the component /www/cgi-bin/popen.cgi. CVE project by @Sn0wAlice,https://github.com/Live-Hack-CVE/CVE-2022-36553,['command injection'],1,2022-12-29T23:09:30+0000,1,0,,0,['CVE-2022-36553']
Live-Hack-CVE/CVE-2022-21529,Vulnerability in the MySQL Server product of Oracle MySQL (component: Server: Optimizer). Supported versions that are affected are 8.0.29 and prior. Easily exploitable vulnerability allows high privileged attacker with network access via multiple protocols,https://github.com/Live-Hack-CVE/CVE-2022-21529,['exploit'],1,2022-12-29T23:48:17+0000,2,0,,0,['CVE-2022-21529']
Live-Hack-CVE/CVE-2022-37053,TRENDnet TEW733GR v1.03B01 is vulnerable to Command injection via /htdocs/upnpinc/gena.php. CVE project by @Sn0wAlice,https://github.com/Live-Hack-CVE/CVE-2022-37053,['command injection'],1,2022-12-29T23:51:52+0000,1,0,,0,['CVE-2022-37053']
Live-Hack-CVE/CVE-2022-36756,DIR845L A1 v1.00-v1.03 is vulnerable to command injection via /htdocs/upnpinc/gena.php. CVE project by @Sn0wAlice,https://github.com/Live-Hack-CVE/CVE-2022-36756,['command injection'],1,2022-12-29T23:51:48+0000,1,0,,0,['CVE-2022-36756']
Live-Hack-CVE/CVE-2022-37057,"D-Link Go-RT-AC750 GORTAC750_revA_v101b03 and GO-RT-AC750_revB_FWv200b02 are vulnerable to Command Injection via cgibin, ssdpcgi_main. CVE project by @Sn0wAlice",https://github.com/Live-Hack-CVE/CVE-2022-37057,['command injection'],1,2022-12-29T23:51:44+0000,1,0,,0,['CVE-2022-37057']
Live-Hack-CVE/CVE-2022-20823,"A vulnerability in the OSPF version 3 (OSPFv3) feature of Cisco NX-OS Software could allow an unauthenticated, remote attacker to cause a denial of service (DoS) condition on an affected device. This vulnerability is due to incomplete input validation of s",https://github.com/Live-Hack-CVE/CVE-2022-20823,['exploit'],1,2022-12-29T23:51:20+0000,4,0,,0,['CVE-2022-20823']
Live-Hack-CVE/CVE-2022-25635,Realtek Linux/Android Bluetooth Mesh SDK has a buffer overflow vulnerability due to insufficient validation for broadcast network packet length. An unauthenticated attacker in the adjacent network can exploit this vulnerability to disrupt service. CVE proj,https://github.com/Live-Hack-CVE/CVE-2022-25635,['exploit'],1,2022-12-29T23:50:14+0000,1,0,,0,['CVE-2022-25635']
Live-Hack-CVE/CVE-2022-27546,HCL iNotes is susceptible to a Reflected Cross-site Scripting (XSS) vulnerability caused by improper validation of user-supplied input supplied with a form POST request. A remote attacker could exploit this vulnerability using a specially-crafted URL to ex,https://github.com/Live-Hack-CVE/CVE-2022-27546,['exploit'],1,2022-12-29T23:49:39+0000,2,0,,0,['CVE-2022-27546']
Live-Hack-CVE/CVE-2022-36554,A command injection vulnerability in the CLI (Command Line Interface) implementation of Hytec Inter HWL-2511-SS v1.05 and below allows attackers to execute arbitrary commands with root privileges. CVE project by @Sn0wAlice,https://github.com/Live-Hack-CVE/CVE-2022-36554,['command injection'],1,2022-12-29T23:49:25+0000,1,0,,0,['CVE-2022-36554']
Live-Hack-CVE/CVE-2022-23672,"A authenticated remote command injection vulnerability was discovered in Aruba ClearPass Policy Manager version(s): 6.10.4 and below, 6.9.9 and below, 6.8.9-HF2 and below, 6.7.x and below. Aruba has released updates to ClearPass Policy Manager that address",https://github.com/Live-Hack-CVE/CVE-2022-23672,['command injection'],1,2022-12-29T23:49:01+0000,2,0,,0,['CVE-2022-23672']
Live-Hack-CVE/CVE-2022-23673,"A authenticated remote command injection vulnerability was discovered in Aruba ClearPass Policy Manager version(s): 6.10.4 and below, 6.9.9 and below, 6.8.9-HF2 and below, 6.7.x and below. Aruba has released updates to ClearPass Policy Manager that address",https://github.com/Live-Hack-CVE/CVE-2022-23673,['command injection'],1,2022-12-29T23:48:35+0000,2,0,,0,['CVE-2022-23673']
Live-Hack-CVE/CVE-2022-21537,Vulnerability in the MySQL Server product of Oracle MySQL (component: InnoDB). Supported versions that are affected are 8.0.29 and prior. Easily exploitable vulnerability allows high privileged attacker with network access via multiple protocols to comprom,https://github.com/Live-Hack-CVE/CVE-2022-21537,['exploit'],1,2022-12-29T23:48:32+0000,2,0,,0,['CVE-2022-21537']
Live-Hack-CVE/CVE-2022-21534,Vulnerability in the MySQL Server product of Oracle MySQL (component: Server: Stored Procedure). Supported versions that are affected are 8.0.29 and prior. Easily exploitable vulnerability allows high privileged attacker with network access via multiple pr,https://github.com/Live-Hack-CVE/CVE-2022-21534,['exploit'],1,2022-12-29T23:48:28+0000,2,0,,0,['CVE-2022-21534']
Live-Hack-CVE/CVE-2022-21531,Vulnerability in the MySQL Server product of Oracle MySQL (component: Server: Optimizer). Supported versions that are affected are 8.0.29 and prior. Easily exploitable vulnerability allows high privileged attacker with network access via multiple protocols,https://github.com/Live-Hack-CVE/CVE-2022-21531,['exploit'],1,2022-12-29T23:48:25+0000,2,0,,0,['CVE-2022-21531']
Live-Hack-CVE/CVE-2022-21530,Vulnerability in the MySQL Server product of Oracle MySQL (component: Server: Optimizer). Supported versions that are affected are 8.0.29 and prior. Easily exploitable vulnerability allows high privileged attacker with network access via multiple protocols,https://github.com/Live-Hack-CVE/CVE-2022-21530,['exploit'],1,2022-12-29T23:48:21+0000,2,0,,0,['CVE-2022-21530']
Live-Hack-CVE/CVE-2022-21528,Vulnerability in the MySQL Server product of Oracle MySQL (component: Server: Optimizer). Supported versions that are affected are 8.0.29 and prior. Easily exploitable vulnerability allows high privileged attacker with network access via multiple protocols,https://github.com/Live-Hack-CVE/CVE-2022-21528,['exploit'],1,2022-12-29T23:47:57+0000,2,0,,0,['CVE-2022-21528']
Live-Hack-CVE/CVE-2022-36556,Seiko SkyBridge MB-A100/A110 v4.2.0 and below was discovered to contain a command injection vulnerability via the ipAddress parameter at 07system08execute_ping_01. CVE project by @Sn0wAlice,https://github.com/Live-Hack-CVE/CVE-2022-36556,['command injection'],1,2022-12-29T23:10:00+0000,1,0,,0,['CVE-2022-36556']
Live-Hack-CVE/CVE-2022-21527,Vulnerability in the MySQL Server product of Oracle MySQL (component: Server: Optimizer). Supported versions that are affected are 8.0.29 and prior. Easily exploitable vulnerability allows high privileged attacker with network access via multiple protocols,https://github.com/Live-Hack-CVE/CVE-2022-21527,['exploit'],1,2022-12-29T23:47:54+0000,2,0,,0,['CVE-2022-21527']
Live-Hack-CVE/CVE-2022-21526,Vulnerability in the MySQL Server product of Oracle MySQL (component: Server: Optimizer). Supported versions that are affected are 8.0.29 and prior. Easily exploitable vulnerability allows high privileged attacker with network access via multiple protocols,https://github.com/Live-Hack-CVE/CVE-2022-21526,['exploit'],1,2022-12-29T23:47:51+0000,2,0,,0,['CVE-2022-21526']
Live-Hack-CVE/CVE-2022-21525,Vulnerability in the MySQL Server product of Oracle MySQL (component: Server: Optimizer). Supported versions that are affected are 8.0.29 and prior. Easily exploitable vulnerability allows high privileged attacker with network access via multiple protocols,https://github.com/Live-Hack-CVE/CVE-2022-21525,['exploit'],1,2022-12-29T23:47:47+0000,2,0,,0,['CVE-2022-21525']
Live-Hack-CVE/CVE-2022-21522,Vulnerability in the MySQL Server product of Oracle MySQL (component: Server: Stored Procedure). Supported versions that are affected are 8.0.29 and prior. Difficult to exploit vulnerability allows high privileged attacker with network access via multiple ,https://github.com/Live-Hack-CVE/CVE-2022-21522,['exploit'],1,2022-12-29T23:47:44+0000,2,0,,0,['CVE-2022-21522']
Live-Hack-CVE/CVE-2022-21517,Vulnerability in the MySQL Server product of Oracle MySQL (component: InnoDB). Supported versions that are affected are 8.0.29 and prior. Easily exploitable vulnerability allows high privileged attacker with network access via multiple protocols to comprom,https://github.com/Live-Hack-CVE/CVE-2022-21517,['exploit'],1,2022-12-29T23:47:40+0000,2,0,,0,['CVE-2022-21517']
Live-Hack-CVE/CVE-2022-21515,Vulnerability in the MySQL Server product of Oracle MySQL (component: Server: Options). Supported versions that are affected are 5.7.38 and prior and 8.0.29 and prior. Easily exploitable vulnerability allows high privileged attacker with network access via,https://github.com/Live-Hack-CVE/CVE-2022-21515,['exploit'],1,2022-12-29T23:47:37+0000,2,0,,0,['CVE-2022-21515']
Live-Hack-CVE/CVE-2022-21509,Vulnerability in the MySQL Server product of Oracle MySQL (component: Server: Optimizer). Supported versions that are affected are 8.0.29 and prior. Easily exploitable vulnerability allows high privileged attacker with network access via multiple protocols,https://github.com/Live-Hack-CVE/CVE-2022-21509,['exploit'],1,2022-12-29T23:47:33+0000,2,0,,0,['CVE-2022-21509']
Live-Hack-CVE/CVE-2020-13782,D-Link DIR-865L Ax 1.20B01 Beta devices allow Command Injection. CVE project by @Sn0wAlice,https://github.com/Live-Hack-CVE/CVE-2020-13782,['command injection'],1,2022-12-29T23:42:18+0000,1,0,,0,['CVE-2020-13782']
Live-Hack-CVE/CVE-2020-35493,A flaw exists in binutils in bfd/pef.c. An attacker who is able to submit a crafted PEF file to be parsed by objdump could cause a heap buffer overflow -> out-of-bounds read that could lead to an impact to application availability. This flaw affects binuti,https://github.com/Live-Hack-CVE/CVE-2020-35493,['heap overflow'],1,2022-12-29T23:41:12+0000,2,0,,0,['CVE-2020-35493']
Live-Hack-CVE/CVE-2020-15306,An issue was discovered in OpenEXR before v2.5.2. Invalid chunkCount attributes could cause a heap buffer overflow in getChunkOffsetTableSize() in IlmImf/ImfMisc.cpp. CVE project by @Sn0wAlice,https://github.com/Live-Hack-CVE/CVE-2020-15306,['heap overflow'],1,2022-12-29T23:41:01+0000,2,0,,0,['CVE-2020-15306']
Live-Hack-CVE/CVE-2022-21165,All versions of package font-converter are vulnerable to Arbitrary Command Injection due to missing sanitization of input that potentially flows into the child_process.exec() function. CVE project by @Sn0wAlice,https://github.com/Live-Hack-CVE/CVE-2022-21165,['command injection'],1,2022-12-29T23:40:33+0000,1,0,,0,['CVE-2022-21165']
Live-Hack-CVE/CVE-2021-36277,"Dell Command _ Update, Dell Update, and Alienware Update versions before 4.3 contains an Improper Verification of Cryptographic Signature Vulnerability. A local authenticated malicious user may exploit this vulnerability by executing arbitrary code on the ",https://github.com/Live-Hack-CVE/CVE-2021-36277,['exploit'],1,2022-12-29T23:10:21+0000,1,0,,0,['CVE-2021-36277']
Live-Hack-CVE/CVE-2022-36559,Seiko SkyBridge MB-A200 v01.00.04 and below was discovered to contain a command injection vulnerability via the Ping parameter at ping_exec.cgi. CVE project by @Sn0wAlice,https://github.com/Live-Hack-CVE/CVE-2022-36559,['command injection'],1,2022-12-29T23:10:07+0000,1,0,,0,['CVE-2022-36559']
Live-Hack-CVE/CVE-2022-21547,Vulnerability in the MySQL Server product of Oracle MySQL (component: Server: Federated). Supported versions that are affected are 8.0.29 and prior. Easily exploitable vulnerability allows high privileged attacker with network access via multiple protocols,https://github.com/Live-Hack-CVE/CVE-2022-21547,['exploit'],1,2022-12-29T23:00:05+0000,2,0,,0,['CVE-2022-21547']
Live-Hack-CVE/CVE-2022-0367,A heap-based buffer overflow flaw was found in libmodbus in function modbus_reply() in src/modbus.c. CVE project by @Sn0wAlice,https://github.com/Live-Hack-CVE/CVE-2022-0367,['heap overflow'],1,2022-12-29T23:00:01+0000,1,0,,0,['CVE-2022-0367']
Live-Hack-CVE/CVE-2022-1115,"A heap-buffer-overflow flaw was found in ImageMagick’s PushShortPixel() function of quantum-private.h file. This vulnerability is triggered when an attacker passes a specially crafted TIFF image file to ImageMagick for conversion, potentially leading to a ",https://github.com/Live-Hack-CVE/CVE-2022-1115,['heap overflow'],1,2022-12-29T22:28:32+0000,0,0,,0,['CVE-2022-1115']
Live-Hack-CVE/CVE-2022-26460,"In vow, there is a possible out of bounds write due to an incorrect bounds check. This could lead to local escalation of privilege with System execution privileges needed. User interaction is not needed for exploitation. Patch ID: ALPS07032590; Issue ID: A",https://github.com/Live-Hack-CVE/CVE-2022-26460,['exploit'],1,2022-12-29T21:36:22+0000,1,0,,0,['CVE-2022-26460']
Live-Hack-CVE/CVE-2022-26469,"In MtkEmail, there is a possible escalation of privilege due to fragment injection. This could lead to local escalation of privilege with no additional execution privileges needed. User interaction is not needed for exploitation. Patch ID: ALPS07216598; Is",https://github.com/Live-Hack-CVE/CVE-2022-26469,['exploit'],1,2022-12-29T21:39:51+0000,1,0,,0,['CVE-2022-26469']
Live-Hack-CVE/CVE-2022-26470,"In aie, there is a possible out of bounds write due to an incorrect bounds check. This could lead to local escalation of privilege with System execution privileges needed. User interaction is not needed for exploitation. Patch ID: ALPS07116037; Issue ID: A",https://github.com/Live-Hack-CVE/CVE-2022-26470,['exploit'],1,2022-12-29T21:39:48+0000,1,0,,0,['CVE-2022-26470']
Live-Hack-CVE/CVE-2022-30298,"An improper privilege management vulnerability [CWE-269] in Fortinet FortiSOAR before 7.2.1 allows a GUI user who has already found a way to modify system files (via another, unrelated and hypothetical exploit) to execute arbitrary Python commands as root.",https://github.com/Live-Hack-CVE/CVE-2022-30298,['exploit'],1,2022-12-29T21:39:02+0000,1,0,,0,['CVE-2022-30298']
Live-Hack-CVE/CVE-2022-36078,"Binary provides encoding/decoding in Borsh and other formats. The vulnerability is a memory allocation vulnerability that can be exploited to allocate slices in memory with (arbitrary) excessive size value, which can either exhaust available memory or cras",https://github.com/Live-Hack-CVE/CVE-2022-36078,['exploit'],1,2022-12-29T21:37:18+0000,2,0,,0,['CVE-2022-36078']
Live-Hack-CVE/CVE-2022-26466,"In audio ipi, there is a possible out of bounds write due to an integer overflow. This could lead to local escalation of privilege with System execution privileges needed. User interaction is not needed for exploitation. Patch ID: ALPS06558777; Issue ID: A",https://github.com/Live-Hack-CVE/CVE-2022-26466,['exploit'],1,2022-12-29T21:37:15+0000,1,0,,0,['CVE-2022-26466']
Live-Hack-CVE/CVE-2022-26465,"In audio ipi, there is a possible out of bounds write due to an incorrect bounds check. This could lead to local escalation of privilege with System execution privileges needed. User interaction is not needed for exploitation. Patch ID: ALPS06558799; Issue",https://github.com/Live-Hack-CVE/CVE-2022-26465,['exploit'],1,2022-12-29T21:37:11+0000,1,0,,0,['CVE-2022-26465']
Live-Hack-CVE/CVE-2022-26464,"In vow, there is a possible out of bounds write due to an incorrect bounds check. This could lead to local escalation of privilege with System execution privileges needed. User interaction is not needed for exploitation. Patch ID: ALPS07032699; Issue ID: A",https://github.com/Live-Hack-CVE/CVE-2022-26464,['exploit'],1,2022-12-29T21:37:08+0000,1,0,,0,['CVE-2022-26464']
Live-Hack-CVE/CVE-2022-26463,"In vow, there is a possible out of bounds read due to an incorrect bounds check. This could lead to local information disclosure with System execution privileges needed. User interaction is not needed for exploitation. Patch ID: ALPS07032686; Issue ID: ALP",https://github.com/Live-Hack-CVE/CVE-2022-26463,['exploit'],1,2022-12-29T21:37:04+0000,1,0,,0,['CVE-2022-26463']
Live-Hack-CVE/CVE-2022-26462,"In vow, there is a possible out of bounds read due to an incorrect bounds check. This could lead to local information disclosure with System execution privileges needed. User interaction is not needed for exploitation. Patch ID: ALPS07032660; Issue ID: ALP",https://github.com/Live-Hack-CVE/CVE-2022-26462,['exploit'],1,2022-12-29T21:36:39+0000,1,0,,0,['CVE-2022-26462']
Live-Hack-CVE/CVE-2022-26461,"In vow, there is a possible undefined behavior due to an API misuse. This could lead to local escalation of privilege with System execution privileges needed. User interaction is not needed for exploitation. Patch ID: ALPS07032604; Issue ID: ALPS07032604. ",https://github.com/Live-Hack-CVE/CVE-2022-26461,['exploit'],1,2022-12-29T21:36:36+0000,1,0,,0,['CVE-2022-26461']
Live-Hack-CVE/CVE-2022-26457,"In vow, there is a possible out of bounds write due to a missing bounds check. This could lead to local escalation of privilege with System execution privileges needed. User interaction is not needed for exploitation. Patch ID: ALPS07138490; Issue ID: ALPS",https://github.com/Live-Hack-CVE/CVE-2022-26457,['exploit'],1,2022-12-29T21:36:32+0000,1,0,,0,['CVE-2022-26457']
Live-Hack-CVE/CVE-2022-26458,"In vow, there is a possible out of bounds write due to a missing bounds check. This could lead to local escalation of privilege with System execution privileges needed. User interaction is not needed for exploitation. Patch ID: ALPS07032678; Issue ID: ALPS",https://github.com/Live-Hack-CVE/CVE-2022-26458,['exploit'],1,2022-12-29T21:36:29+0000,1,0,,0,['CVE-2022-26458']
Live-Hack-CVE/CVE-2022-26459,"In vow, there is a possible out of bounds read due to an integer overflow. This could lead to local information disclosure with System execution privileges needed. User interaction is not needed for exploitation. Patch ID: ALPS07032634; Issue ID: ALPS07032",https://github.com/Live-Hack-CVE/CVE-2022-26459,['exploit'],1,2022-12-29T21:36:25+0000,1,0,,0,['CVE-2022-26459']
Live-Hack-CVE/CVE-2022-26455,"In gz, there is a possible memory corruption due to incorrect error handling. This could lead to local escalation of privilege with System execution privileges needed. User interaction is not needed for exploitation. Patch ID: ALPS07177858; Issue ID: ALPS0",https://github.com/Live-Hack-CVE/CVE-2022-26455,['exploit'],1,2022-12-29T21:36:18+0000,1,0,,0,['CVE-2022-26455']
Live-Hack-CVE/CVE-2022-26467,"In rpmb, there is a possible out of bounds write due to an incorrect bounds check. This could lead to local escalation of privilege with System execution privileges needed. User interaction is not needed for exploitation. Patch ID: ALPS07167738; Issue ID: ",https://github.com/Live-Hack-CVE/CVE-2022-26467,['exploit'],1,2022-12-29T21:39:58+0000,1,0,,0,['CVE-2022-26467']
Live-Hack-CVE/CVE-2022-26451,"In ged, there is a possible use after free due to improper locking. This could lead to local escalation of privilege with System execution privileges needed. User interaction is not needed for exploitation. Patch ID: ALPS07202966; Issue ID: ALPS07202966. C",https://github.com/Live-Hack-CVE/CVE-2022-26451,['exploit'],1,2022-12-29T21:36:15+0000,1,0,,0,['CVE-2022-26451']
Live-Hack-CVE/CVE-2022-26456,"In vow, there is a possible information disclosure due to a symbolic link following. This could lead to local information disclosure with System execution privileges needed. User interaction is not needed for exploitation. Patch ID: ALPS06545473; Issue ID:",https://github.com/Live-Hack-CVE/CVE-2022-26456,['exploit'],1,2022-12-29T21:36:11+0000,1,0,,0,['CVE-2022-26456']
Live-Hack-CVE/CVE-2022-26453,"In teei, there is a possible memory corruption due to a use after free. This could lead to local escalation of privilege with System execution privileges needed. User interaction is not needed for exploitation. Patch ID: ALPS06664675; Issue ID: ALPS0666467",https://github.com/Live-Hack-CVE/CVE-2022-26453,['exploit'],1,2022-12-29T21:36:07+0000,1,0,,0,['CVE-2022-26453']
Live-Hack-CVE/CVE-2022-26454,"In teei, there is a possible memory corruption due to an integer overflow. This could lead to local escalation of privilege with System execution privileges needed. User interaction is not needed for exploitation. Patch ID: ALPS06664701; Issue ID: ALPS0666",https://github.com/Live-Hack-CVE/CVE-2022-26454,['exploit'],1,2022-12-29T21:36:03+0000,1,0,,0,['CVE-2022-26454']
Live-Hack-CVE/CVE-2022-26449,"In apusys, there is a possible out of bounds write due to a missing bounds check. This could lead to local escalation of privilege with System execution privileges needed. User interaction is not needed for exploitation. Patch ID: ALPS07177810; Issue ID: A",https://github.com/Live-Hack-CVE/CVE-2022-26449,['exploit'],1,2022-12-29T21:36:00+0000,1,0,,0,['CVE-2022-26449']
Live-Hack-CVE/CVE-2022-26448,"In apusys, there is a possible out of bounds write due to a missing bounds check. This could lead to local escalation of privilege with System execution privileges needed. User interaction is not needed for exploitation. Patch ID: ALPS07063849; Issue ID: A",https://github.com/Live-Hack-CVE/CVE-2022-26448,['exploit'],1,2022-12-29T21:35:56+0000,1,0,,0,['CVE-2022-26448']
Live-Hack-CVE/CVE-2022-26450,"In apusys, there is a possible use after free due to a race condition. This could lead to local escalation of privilege with System execution privileges needed. User interaction is not needed for exploitation. Patch ID: ALPS07177801; Issue ID: ALPS07177801",https://github.com/Live-Hack-CVE/CVE-2022-26450,['exploit'],1,2022-12-29T21:35:53+0000,1,0,,0,['CVE-2022-26450']
Live-Hack-CVE/CVE-2022-1628,"The Simple SEO plugin for WordPress is vulnerable to attribute-based stored Cross-Site Scripting in versions up to, and including 1.7.91, due to insufficient sanitization or escaping on the SEO social and standard title parameters. This can be exploited by",https://github.com/Live-Hack-CVE/CVE-2022-1628,['exploit'],1,2022-12-29T21:35:49+0000,2,0,,0,['CVE-2022-1628']
Live-Hack-CVE/CVE-2022-26447,"In BT firmware, there is a possible out of bounds write due to a missing bounds check. This could lead to remote code execution with no additional execution privileges needed. User interaction is not needed for exploitation. Patch ID: ALPS06784478; Issue I",https://github.com/Live-Hack-CVE/CVE-2022-26447,"['exploit', 'remote code execution']",2,2022-12-29T21:35:46+0000,1,0,,0,['CVE-2022-26447']
Live-Hack-CVE/CVE-2022-3118,A vulnerability was found in Sourcecodehero ERP System Project. It has been rated as critical. This issue affects some unknown processing of the file /pages/processlogin.php. The manipulation of the argument user leads to sql injection. The attack may be i,https://github.com/Live-Hack-CVE/CVE-2022-3118,['exploit'],1,2022-12-29T21:35:42+0000,1,0,,0,['CVE-2022-3118']
Live-Hack-CVE/CVE-2021-44596,"Wondershare LTD Dr. Fone as of 2021-12-06 version is affected by Remote code execution. Due to software design flaws an unauthenticated user can communicate over UDP with the ""InstallAssistService.exe"" service(the service is running under SYSTEM privileges",https://github.com/Live-Hack-CVE/CVE-2021-44596,['remote code execution'],1,2022-12-29T21:04:52+0000,1,0,,0,['CVE-2021-44596']
Live-Hack-CVE/CVE-2022-37125,D-link DIR-816 A2_v1.10CNB04.img is vulnerable to Command injection via /goform/NTPSyncWithHost. CVE project by @Sn0wAlice,https://github.com/Live-Hack-CVE/CVE-2022-37125,['command injection'],1,2022-12-29T21:04:31+0000,1,0,,0,['CVE-2022-37125']
Live-Hack-CVE/CVE-2022-21941,All versions of iSTAR Ultra prior to version 6.8.9.CU01 are vulnerable to a command injection that could allow an unauthenticated user root access to the system. CVE project by @Sn0wAlice,https://github.com/Live-Hack-CVE/CVE-2022-21941,['command injection'],1,2022-12-29T21:03:12+0000,1,0,,0,['CVE-2022-21941']
Live-Hack-CVE/CVE-2022-26468,"In preloader (usb), there is a possible out of bounds write due to a missing bounds check. This could lead to local escalation of privilege, for an attacker who has physical access to the device, with no additional execution privileges needed. User interac",https://github.com/Live-Hack-CVE/CVE-2022-26468,['exploit'],1,2022-12-29T21:39:55+0000,1,0,,0,['CVE-2022-26468']
Live-Hack-CVE/CVE-2022-37843,"In TOTOLINK A860R V4.1.2cu.5182_B20201027 in cstecgi.cgi, the acquired parameters are directly put into the system for execution without filtering, resulting in a command injection vulnerability. CVE project by @Sn0wAlice",https://github.com/Live-Hack-CVE/CVE-2022-37843,['command injection'],1,2022-12-29T21:41:35+0000,1,0,,0,['CVE-2022-37843']
Live-Hack-CVE/CVE-2022-36566,Rengine v1.3.0 was discovered to contain a command injection vulnerability via the scan engine function. CVE project by @Sn0wAlice,https://github.com/Live-Hack-CVE/CVE-2022-36566,['command injection'],1,2022-12-29T22:28:06+0000,1,0,,0,['CVE-2022-36566']
Live-Hack-CVE/CVE-2022-34383,Dell Edge Gateway 5200 (EGW) versions before 1.03.10 contain an operating system command injection vulnerability. A local malicious user may potentially exploit this vulnerability by using an SMI to bypass PMC mitigation and gain arbitrary code execution d,https://github.com/Live-Hack-CVE/CVE-2022-34383,"['command injection', 'exploit']",2,2022-12-29T22:22:01+0000,1,0,,0,['CVE-2022-34383']
Live-Hack-CVE/CVE-2022-25304,All versions of package opcua; all versions of package asyncua are vulnerable to Denial of Service (DoS) due to a missing limitation on the number of received chunks - per single session or in total for all concurrent sessions. An attacker can exploit this,https://github.com/Live-Hack-CVE/CVE-2022-25304,['exploit'],1,2022-12-29T22:27:40+0000,1,0,,0,['CVE-2022-25304']
Live-Hack-CVE/CVE-2022-26331,"Potential vulnerabilities have been identified in Micro Focus ArcSight Logger. The vulnerabilities could be remotely exploited resulting in Information Disclosure, or Self Cross-Site Scripting (XSS). This issue affects: Micro Focus ArcSight Logger versions",https://github.com/Live-Hack-CVE/CVE-2022-26331,['exploit'],1,2022-12-29T22:26:14+0000,1,0,,0,['CVE-2022-26331']
Live-Hack-CVE/CVE-2022-26330,"Potential vulnerabilities have been identified in Micro Focus ArcSight Logger. The vulnerabilities could be remotely exploited resulting in Information Disclosure, or Self Cross-Site Scripting (XSS). This issue affects: Micro Focus ArcSight Logger versions",https://github.com/Live-Hack-CVE/CVE-2022-26330,['exploit'],1,2022-12-29T22:26:11+0000,1,0,,0,['CVE-2022-26330']
Live-Hack-CVE/CVE-2022-37149,WAVLINK WL-WN575A3 RPT75A3.V4300.201217 was discovered to contain a command injection vulnerability when operating the file adm.cgi. This vulnerability allows attackers to execute arbitrary commands via the username parameter. CVE project by @Sn0wAlice,https://github.com/Live-Hack-CVE/CVE-2022-37149,['command injection'],1,2022-12-29T22:24:50+0000,1,0,,0,['CVE-2022-37149']
Live-Hack-CVE/CVE-2022-34375,Dell Container Storage Modules 1.2 contains a path traversal vulnerability in goiscsi and gobrick libraries. A remote authenticated malicious user with low privileges could exploit this vulnerability leading to unintentional access to path outside of restr,https://github.com/Live-Hack-CVE/CVE-2022-34375,['exploit'],1,2022-12-29T22:24:43+0000,1,0,,0,['CVE-2022-34375']
Live-Hack-CVE/CVE-2022-34368,"Dell EMC NetWorker 19.2.1.x 19.3.x, 19.4.x, 19.5.x, 19.6.x and 19.7.0.0 contain an Improper Handling of Insufficient Permissions or Privileges vulnerability. Authenticated non admin user could exploit this vulnerability and gain access to restricted resour",https://github.com/Live-Hack-CVE/CVE-2022-34368,['exploit'],1,2022-12-29T22:24:40+0000,1,0,,0,['CVE-2022-34368']
Live-Hack-CVE/CVE-2022-1729,"A race condition was found the Linux kernel in perf_event_open() which can be exploited by an unprivileged user to gain root privileges. The bug allows to build several exploit primitives such as kernel address information leak, arbitrary execution, etc. C",https://github.com/Live-Hack-CVE/CVE-2022-1729,['exploit'],1,2022-12-29T22:24:21+0000,1,0,,0,['CVE-2022-1729']
Live-Hack-CVE/CVE-2022-30318,"Honeywell ControlEdge through R151.1 uses Hard-coded Credentials. According to FSCT-2022-0056, there is a Honeywell ControlEdge hardcoded credentials issue. The affected components are characterized as: SSH. The potential impact is: Remote code execution, ",https://github.com/Live-Hack-CVE/CVE-2022-30318,['remote code execution'],1,2022-12-29T22:23:56+0000,2,0,,0,['CVE-2022-30318']
Live-Hack-CVE/CVE-2022-34380,Dell CloudLink 7.1.3 and all earlier versions contain an Authentication Bypass Using an Alternate Path or Channel Vulnerability. A high privileged local attacker may potentially exploit this vulnerability leading to authentication bypass and access the Clo,https://github.com/Live-Hack-CVE/CVE-2022-34380,['exploit'],1,2022-12-29T22:23:52+0000,1,0,,0,['CVE-2022-34380']
Live-Hack-CVE/CVE-2022-34379,"Dell EMC CloudLink 7.1.2 and all prior versions contain an Authentication Bypass Vulnerability. A remote attacker, with the knowledge of the active directory usernames, could potentially exploit this vulnerability to gain unauthorized access to the system.",https://github.com/Live-Hack-CVE/CVE-2022-34379,['exploit'],1,2022-12-29T22:23:46+0000,1,0,,0,['CVE-2022-34379']
Live-Hack-CVE/CVE-2022-28625,A local disclosure of sensitive information vulnerability was discovered in HPE OneView version(s): Prior to 7.0 or 6.60.01. A low privileged user could locally exploit this vulnerability to disclose sensitive information resulting in a complete loss of co,https://github.com/Live-Hack-CVE/CVE-2022-28625,['exploit'],1,2022-12-29T22:23:15+0000,1,0,,0,['CVE-2022-28625']
Live-Hack-CVE/CVE-2022-31233,Unisphere for PowerMax versions before 9.2.3.15 contain a privilege escalation vulnerability. An adjacent malicious user may potentially exploit this vulnerability to escalate their privileges and access functionalities they do not have access to. CVE proj,https://github.com/Live-Hack-CVE/CVE-2022-31233,['exploit'],1,2022-12-29T22:23:05+0000,1,0,,0,['CVE-2022-31233']
Live-Hack-CVE/CVE-2022-34373,"Dell Command _ Integration Suite for System Center, versions prior to 6.2.0, contains arbitrary file write vulnerability. A locally authenticated malicious user could potentially exploit this vulnerability in order to perform an arbitrary write as system. ",https://github.com/Live-Hack-CVE/CVE-2022-34373,['exploit'],1,2022-12-29T22:22:04+0000,1,0,,0,['CVE-2022-34373']
Live-Hack-CVE/CVE-2022-2403,"A credentials leak was found in the OpenShift Container Platform. The private key for the external cluster certificate was stored incorrectly in the oauth-serving-cert ConfigMaps, and accessible to any authenticated OpenShift user or service-account. A mal",https://github.com/Live-Hack-CVE/CVE-2022-2403,['exploit'],1,2022-12-29T22:20:47+0000,1,0,,0,['CVE-2022-2403']
Live-Hack-CVE/CVE-2022-36603,InnoSilicon T3T+ t2t+_soc_20190911_151433.swu was discovered to contain a remote code execution (RCE) vulnerability in the checkUrl function. CVE project by @Sn0wAlice,https://github.com/Live-Hack-CVE/CVE-2022-36603,"['rce', 'remote code execution']",2,2022-12-29T21:44:41+0000,1,0,,0,['CVE-2022-36603']
Live-Hack-CVE/CVE-2022-33935,"Dell EMC Data Protection Advisor versions 19.6 and earlier, contains a Stored Cross Site Scripting, an attacker could potentially exploit this vulnerability, leading to the storage of malicious HTML or JavaScript codes in a trusted application data store. ",https://github.com/Live-Hack-CVE/CVE-2022-33935,['exploit'],1,2022-12-29T22:20:37+0000,2,0,,0,['CVE-2022-33935']
Live-Hack-CVE/CVE-2022-37184,"The application manage_website.php on Garage Management System 1.0 is vulnerable to Shell File Upload. The already authenticated malicious user, can upload a dangerous RCE or LCE exploit file. CVE project by @Sn0wAlice",https://github.com/Live-Hack-CVE/CVE-2022-37184,"['exploit', 'rce']",2,2022-12-29T22:20:04+0000,1,0,,0,['CVE-2022-37184']
Live-Hack-CVE/CVE-2022-25813,"In Apache OFBiz, versions 18.12.05 and earlier, an attacker acting as an anonymous user of the ecommerce plugin, can insert a malicious content in a message “Subject” field from the ""Contact us"" page. Then a party manager needs to list the communications i",https://github.com/Live-Hack-CVE/CVE-2022-25813,['rce'],1,2022-12-29T22:19:32+0000,0,0,,0,['CVE-2022-25813']
Live-Hack-CVE/CVE-2022-38153,"An issue was discovered in wolfSSL before 5.5.0 (when --enable-session-ticket is used); however, only version 5.3.0 is exploitable. Man-in-the-middle attackers or a malicious server can crash TLS 1.2 clients during a handshake. If an attacker injects a lar",https://github.com/Live-Hack-CVE/CVE-2022-38153,['exploit'],1,2022-12-29T22:19:14+0000,2,0,,0,['CVE-2022-38153']
Live-Hack-CVE/CVE-2022-36749,RPi-Jukebox-RFID v2.3.0 was discovered to contain a command injection vulnerability via the component /htdocs/utils/Files.php. This vulnerability is exploited via a crafted payload injected into the file name of an uploaded file. CVE project by @Sn0wAlice,https://github.com/Live-Hack-CVE/CVE-2022-36749,"['command injection', 'exploit']",2,2022-12-29T22:18:05+0000,1,0,,0,['CVE-2022-36749']
Live-Hack-CVE/CVE-2022-31232,SmartFabric storage software version 1.0.0 contains a Command-Injection vulnerability. A remote unauthenticated attacker may potentially exploit this vulnerability to gain access and perform actions on the affected system. CVE project by @Sn0wAlice,https://github.com/Live-Hack-CVE/CVE-2022-31232,"['command injection', 'exploit']",2,2022-12-29T22:17:50+0000,1,0,,0,['CVE-2022-31232']
Live-Hack-CVE/CVE-2022-29063,"The Solr plugin of Apache OFBiz is configured by default to automatically make a RMI request on localhost, port 1099. In version 18.12.05 and earlier, by hosting a malicious RMI server on localhost, an attacker may exploit this behavior, at server start-up",https://github.com/Live-Hack-CVE/CVE-2022-29063,['exploit'],1,2022-12-29T21:45:57+0000,2,0,,0,['CVE-2022-29063']
Live-Hack-CVE/CVE-2022-34369,"Dell PowerScale OneFS, versions 9.0.0 up to and including 9.1.0.20, 9.2.1.13, 9.3.0.6, and 9.4.0.3 , contain an insertion of sensitive information in log files vulnerability. A remote unprivileged attacker could potentially exploit this vulnerability, lead",https://github.com/Live-Hack-CVE/CVE-2022-34369,['exploit'],1,2022-12-29T21:45:53+0000,1,0,,0,['CVE-2022-34369']
Live-Hack-CVE/CVE-2022-34371,"Dell PowerScale OneFS, versions 9.0.0 up to and including 9.1.0.19, 9.2.1.12, 9.3.0.6, and 9.4.0.3, contain an unprotected transport of credentials vulnerability. A malicious unprivileged network attacker could potentially exploit this vulnerability, leadi",https://github.com/Live-Hack-CVE/CVE-2022-34371,['exploit'],1,2022-12-29T21:45:50+0000,1,0,,0,['CVE-2022-34371']
Live-Hack-CVE/CVE-2022-34378,"Dell PowerScale OneFS, versions 9.0.0 up to and including 9.1.0.20, 9.2.1.13, 9.3.0.6, and 9.4.0.3, contain a relative path traversal vulnerability. A low privileged local attacker could potentially exploit this vulnerability, leading to denial of service.",https://github.com/Live-Hack-CVE/CVE-2022-34378,['exploit'],1,2022-12-29T21:45:46+0000,1,0,,0,['CVE-2022-34378']
Live-Hack-CVE/CVE-2022-34382,"Dell Command Update, Dell Update and Alienware Update versions prior to 4.6.0 contains a Local Privilege Escalation Vulnerability in the custom catalog configuration. A local malicious user may potentially exploit this vulnerability in order to elevate the",https://github.com/Live-Hack-CVE/CVE-2022-34382,['exploit'],1,2022-12-29T21:45:43+0000,1,0,,0,['CVE-2022-34382']
Live-Hack-CVE/CVE-2022-34747,A format string vulnerability in Zyxel NAS326 firmware versions prior to V5.21(AAZF.12)C0 could allow an attacker to achieve unauthorized remote code execution via a crafted UDP packet. CVE project by @Sn0wAlice,https://github.com/Live-Hack-CVE/CVE-2022-34747,['remote code execution'],1,2022-12-29T21:45:02+0000,1,0,,0,['CVE-2022-34747']
Live-Hack-CVE/CVE-2022-36602,InnoSilicon A10 a10_20200924_120556 was discovered to contain a remote code execution (RCE) vulnerability in the setPlatformAPI function. CVE project by @Sn0wAlice,https://github.com/Live-Hack-CVE/CVE-2022-36602,"['rce', 'remote code execution']",2,2022-12-29T21:44:45+0000,1,0,,0,['CVE-2022-36602']
Live-Hack-CVE/CVE-2022-38308,TOTOLink A700RU V7.4cu.2313_B20191024 was discovered to contain a command injection vulnerability via the lang parameter in the function cstesystem. This vulnerability allows attackers to execute arbitrary commands via a crafted payload. CVE project by @Sn,https://github.com/Live-Hack-CVE/CVE-2022-38308,['command injection'],1,2022-12-29T18:06:31+0000,1,0,,0,['CVE-2022-38308']
Live-Hack-CVE/CVE-2022-38844,CSV Injection in Create Contacts in EspoCRM 7.1.8 allows remote authenticated users to run system commands via creating contacts with payloads capable of executing system commands. Admin user exporting contacts in CSV file may end up executing the maliciou,https://github.com/Live-Hack-CVE/CVE-2022-38844,['command injection'],1,2022-12-29T17:34:33+0000,1,0,,0,['CVE-2022-38844']
Live-Hack-CVE/CVE-2022-27492,An integer underflow in WhatsApp could have caused remote code execution when receiving a crafted video file. CVE project by @Sn0wAlice,https://github.com/Live-Hack-CVE/CVE-2022-27492,['remote code execution'],1,2022-12-29T13:20:38+0000,4,0,,0,['CVE-2022-27492']
Live-Hack-CVE/CVE-2022-35038,OTFCC commit 617837b was discovered to contain a heap buffer overflow via /release-x64/otfccdump+0x6b064d. CVE project by @Sn0wAlice,https://github.com/Live-Hack-CVE/CVE-2022-35038,['heap overflow'],1,2022-12-29T14:05:34+0000,1,0,,0,['CVE-2022-35038']
Live-Hack-CVE/CVE-2022-35063,OTFCC commit 617837b was discovered to contain a heap buffer overflow via /release-x64/otfccdump+0x6e41a8. CVE project by @Sn0wAlice,https://github.com/Live-Hack-CVE/CVE-2022-35063,['heap overflow'],1,2022-12-29T14:45:34+0000,1,0,,0,['CVE-2022-35063']
Live-Hack-CVE/CVE-2022-35064,OTFCC commit 617837b was discovered to contain a heap buffer overflow via /release-x64/otfccdump+0x4adcdb in __asan_memset. CVE project by @Sn0wAlice,https://github.com/Live-Hack-CVE/CVE-2022-35064,['heap overflow'],1,2022-12-29T14:45:31+0000,1,0,,0,['CVE-2022-35064']
Live-Hack-CVE/CVE-2022-35066,OTFCC commit 617837b was discovered to contain a heap buffer overflow via /release-x64/otfccdump+0x6e41b8. CVE project by @Sn0wAlice,https://github.com/Live-Hack-CVE/CVE-2022-35066,['heap overflow'],1,2022-12-29T14:45:27+0000,1,0,,0,['CVE-2022-35066']
Live-Hack-CVE/CVE-2022-35067,OTFCC commit 617837b was discovered to contain a heap buffer overflow via /release-x64/otfccdump+0x6e41b0. CVE project by @Sn0wAlice,https://github.com/Live-Hack-CVE/CVE-2022-35067,['heap overflow'],1,2022-12-29T14:45:20+0000,1,0,,0,['CVE-2022-35067']
Live-Hack-CVE/CVE-2020-36602,There is an out-of-bounds read and write vulnerability in some headset products. An unauthenticated attacker gets the device physically and crafts malformed message with specific parameter and sends the message to the affected products. Due to insufficient,https://github.com/Live-Hack-CVE/CVE-2020-36602,['exploit'],1,2022-12-29T14:45:16+0000,2,0,,0,['CVE-2020-36602']
Live-Hack-CVE/CVE-2022-35069,OTFCC commit 617837b was discovered to contain a heap buffer overflow via /release-x64/otfccdump+0x6b544e. CVE project by @Sn0wAlice,https://github.com/Live-Hack-CVE/CVE-2022-35069,['heap overflow'],1,2022-12-29T14:45:13+0000,1,0,,0,['CVE-2022-35069']
Live-Hack-CVE/CVE-2022-35068,OTFCC commit 617837b was discovered to contain a heap buffer overflow via /release-x64/otfccdump+0x6e420d. CVE project by @Sn0wAlice,https://github.com/Live-Hack-CVE/CVE-2022-35068,['heap overflow'],1,2022-12-29T14:45:09+0000,1,0,,0,['CVE-2022-35068']
Live-Hack-CVE/CVE-2022-35070,OTFCC commit 617837b was discovered to contain a heap buffer overflow via /release-x64/otfccdump+0x65fc97. CVE project by @Sn0wAlice,https://github.com/Live-Hack-CVE/CVE-2022-35070,['heap overflow'],1,2022-12-29T14:44:56+0000,1,0,,0,['CVE-2022-35070']
Live-Hack-CVE/CVE-2022-38545,Valine v1.4.18 was discovered to contain a remote code execution (RCE) vulnerability which allows attackers to execute arbitrary code via a crafted POST request. CVE project by @Sn0wAlice,https://github.com/Live-Hack-CVE/CVE-2022-38545,"['rce', 'remote code execution']",2,2022-12-29T14:44:42+0000,1,0,,0,['CVE-2022-38545']
Live-Hack-CVE/CVE-2022-35088,SWFTools commit 772e55a2 was discovered to contain a heap buffer-overflow via getGifDelayTime at /home/bupt/Desktop/swftools/src/src/gif2swf.c. CVE project by @Sn0wAlice,https://github.com/Live-Hack-CVE/CVE-2022-35088,['heap overflow'],1,2022-12-29T14:44:35+0000,1,0,,0,['CVE-2022-35088']
Live-Hack-CVE/CVE-2022-30579,The Web Player component of TIBCO Software Inc.'s TIBCO Spotfire Analytics Platform for AWS Marketplace and TIBCO Spotfire Server contains a difficult to exploit vulnerability that allows a low privileged attacker with network access to execute blind Serve,https://github.com/Live-Hack-CVE/CVE-2022-30579,['exploit'],1,2022-12-29T14:44:01+0000,1,0,,0,['CVE-2022-30579']
Live-Hack-CVE/CVE-2021-46835,There is a traffic hijacking vulnerability in WS7200-10 11.0.2.13. Successful exploitation of this vulnerability can cause packets to be hijacked by attackers. CVE project by @Sn0wAlice,https://github.com/Live-Hack-CVE/CVE-2021-46835,['exploit'],1,2022-12-29T14:43:57+0000,1,0,,0,['CVE-2021-46835']
Live-Hack-CVE/CVE-2022-38955,An exploitable firmware modification vulnerability was discovered on the Netgear WPN824EXT WiFi Range Extender. An attacker can conduct a MITM attack to modify the user-uploaded firmware image and bypass the CRC check. A successful attack can either introd,https://github.com/Live-Hack-CVE/CVE-2022-38955,['exploit'],1,2022-12-29T14:43:15+0000,1,0,,0,['CVE-2022-38955']
Live-Hack-CVE/CVE-2022-38956,An exploitable firmware downgrade vulnerability was discovered on the Netgear WPN824EXT WiFi Range Extender. An attacker can conduct a MITM attack to replace the user-uploaded firmware image with an original old firmware image. This affects Firmware 1.1.1_,https://github.com/Live-Hack-CVE/CVE-2022-38956,['exploit'],1,2022-12-29T14:43:05+0000,1,0,,0,['CVE-2022-38956']
Live-Hack-CVE/CVE-2022-41229,"Jenkins NS-ND Integration Performance Publisher Plugin 4.8.0.134 and earlier does not escape configuration options of the Execute NetStorm/NetCloud Test build step, resulting in a stored cross-site scripting (XSS) vulnerability exploitable by attackers wit",https://github.com/Live-Hack-CVE/CVE-2022-41229,['exploit'],1,2022-12-29T14:42:52+0000,1,0,,0,['CVE-2022-41229']
Live-Hack-CVE/CVE-2022-41225,"Jenkins Anchore Container Image Scanner Plugin 1.0.24 and earlier does not escape content provided by the Anchore engine API, resulting in a stored cross-site scripting (XSS) vulnerability exploitable by attackers able to control API responses by Anchore e",https://github.com/Live-Hack-CVE/CVE-2022-41225,['exploit'],1,2022-12-29T14:42:10+0000,1,0,,0,['CVE-2022-41225']
Live-Hack-CVE/CVE-2022-41224,"Jenkins 2.367 through 2.369 (both inclusive) does not escape tooltips of the l:helpIcon UI component used for some help icons on the Jenkins web UI, resulting in a stored cross-site scripting (XSS) vulnerability exploitable by attackers able to control too",https://github.com/Live-Hack-CVE/CVE-2022-41224,['exploit'],1,2022-12-29T14:42:06+0000,1,0,,0,['CVE-2022-41224']
Live-Hack-CVE/CVE-2022-41240,"Jenkins Walti Plugin 1.0.1 and earlier does not escape the information provided by the Walti API, resulting in a stored cross-site scripting (XSS) vulnerability exploitable by attackers able to provide malicious API responses from Walti. CVE project by @Sn",https://github.com/Live-Hack-CVE/CVE-2022-41240,['exploit'],1,2022-12-29T14:41:05+0000,1,0,,0,['CVE-2022-41240']
Live-Hack-CVE/CVE-2022-41237,"Jenkins DotCi Plugin 2.40.00 and earlier does not configure its YAML parser to prevent the instantiation of arbitrary types, resulting in a remote code execution vulnerability. CVE project by @Sn0wAlice",https://github.com/Live-Hack-CVE/CVE-2022-41237,['remote code execution'],1,2022-12-29T14:40:54+0000,1,0,,0,['CVE-2022-41237']
Live-Hack-CVE/CVE-2021-43310,A vulnerability in Keylime before 6.3.0 allows an attacker to craft a request to the agent that resets the U and V keys as if the agent were being re-added to a verifier. This could lead to a remote code execution. CVE project by @Sn0wAlice,https://github.com/Live-Hack-CVE/CVE-2021-43310,['remote code execution'],1,2022-12-29T14:40:06+0000,1,0,,0,['CVE-2021-43310']
Live-Hack-CVE/CVE-2022-30140,Windows iSCSI Discovery Service Remote Code Execution Vulnerability. CVE project by @Sn0wAlice,https://github.com/Live-Hack-CVE/CVE-2022-30140,['remote code execution'],1,2022-12-29T14:39:17+0000,1,0,,0,['CVE-2022-30140']
Live-Hack-CVE/CVE-2022-30142,Windows File History Remote Code Execution Vulnerability. CVE project by @Sn0wAlice,https://github.com/Live-Hack-CVE/CVE-2022-30142,['remote code execution'],1,2022-12-29T14:39:13+0000,1,0,,0,['CVE-2022-30142']
Live-Hack-CVE/CVE-2022-30174,Microsoft Office Remote Code Execution Vulnerability. CVE project by @Sn0wAlice,https://github.com/Live-Hack-CVE/CVE-2022-30174,['remote code execution'],1,2022-12-29T14:38:45+0000,1,0,,0,['CVE-2022-30174']
Live-Hack-CVE/CVE-2022-30145,Windows Encrypting File System (EFS) Remote Code Execution Vulnerability. CVE project by @Sn0wAlice,https://github.com/Live-Hack-CVE/CVE-2022-30145,['remote code execution'],1,2022-12-29T14:38:42+0000,1,0,,0,['CVE-2022-30145']
Live-Hack-CVE/CVE-2022-30139,"Windows Lightweight Directory Access Protocol (LDAP) Remote Code Execution Vulnerability. This CVE ID is unique from CVE-2022-30141, CVE-2022-30143, CVE-2022-30146, CVE-2022-30149, CVE-2022-30153, CVE-2022-30161. CVE project by @Sn0wAlice",https://github.com/Live-Hack-CVE/CVE-2022-30139,['remote code execution'],1,2022-12-29T14:38:35+0000,1,0,,0,"['CVE-2022-30139', 'CVE-2022-30141', 'CVE-2022-30143', 'CVE-2022-30146', 'CVE-2022-30149', 'CVE-2022-30153', 'CVE-2022-30161']"
Live-Hack-CVE/CVE-2022-30211,Windows Layer 2 Tunneling Protocol (L2TP) Remote Code Execution Vulnerability. CVE project by @Sn0wAlice,https://github.com/Live-Hack-CVE/CVE-2022-30211,['remote code execution'],1,2022-12-29T14:06:44+0000,1,0,,0,['CVE-2022-30211']
Live-Hack-CVE/CVE-2022-30577,The Web Server component of TIBCO Software Inc.'s TIBCO EBX contains an easily exploitable vulnerability that allows a low privileged attacker with network access to execute Stored Cross Site Scripting (XSS) on the affected system. A successful attack usin,https://github.com/Live-Hack-CVE/CVE-2022-30577,['exploit'],1,2022-12-29T14:06:40+0000,1,0,,0,['CVE-2022-30577']
Live-Hack-CVE/CVE-2022-39197,"An XSS (Cross Site Scripting) vulnerability was found in HelpSystems Cobalt Strike through 4.7 that allowed a remote attacker to execute HTML on the Cobalt Strike teamserver. To exploit the vulnerability, one must first inspect a Cobalt Strike payload, and",https://github.com/Live-Hack-CVE/CVE-2022-39197,['exploit'],1,2022-12-29T14:06:30+0000,2,0,,0,['CVE-2022-39197']
Live-Hack-CVE/CVE-2022-32788,"A buffer overflow was addressed with improved bounds checking. This issue is fixed in watchOS 8.7, tvOS 15.6, iOS 15.6 and iPadOS 15.6, macOS Monterey 12.5. A remote user may be able to cause kernel code execution. CVE project by @Sn0wAlice",https://github.com/Live-Hack-CVE/CVE-2022-32788,['remote code execution'],1,2022-12-29T14:05:56+0000,4,0,,0,['CVE-2022-32788']
Live-Hack-CVE/CVE-2022-35089,SWFTools commit 772e55a2 was discovered to contain a heap-buffer-overflow via getTransparentColor at /home/bupt/Desktop/swftools/src/gif2swf. CVE project by @Sn0wAlice,https://github.com/Live-Hack-CVE/CVE-2022-35089,['heap overflow'],1,2022-12-29T14:45:59+0000,1,0,,0,['CVE-2022-35089']
Live-Hack-CVE/CVE-2022-35090,SWFTools commit 772e55a2 was discovered to contain a heap-buffer overflow via __asan_memcpy at /asan/asan_interceptors_memintrinsics.cpp:. CVE project by @Sn0wAlice,https://github.com/Live-Hack-CVE/CVE-2022-35090,['heap overflow'],1,2022-12-29T14:46:02+0000,1,0,,0,['CVE-2022-35090']
Live-Hack-CVE/CVE-2022-37395,A Huawei device has an input verification vulnerability. Successful exploitation of this vulnerability may lead to DoS attacks.Affected product versions include:CV81-WDM FW versions 01.70.49.29.46. CVE project by @Sn0wAlice,https://github.com/Live-Hack-CVE/CVE-2022-37395,['exploit'],1,2022-12-29T14:46:20+0000,1,0,,0,['CVE-2022-37395']
Live-Hack-CVE/CVE-2022-23692,Vulnerabilities in the web-based management interface of ClearPass Policy Manager could allow an authenticated remote attacker to conduct SQL injection attacks against the ClearPass Policy Manager instance. An attacker could exploit these vulnerabilities t,https://github.com/Live-Hack-CVE/CVE-2022-23692,['exploit'],1,2022-12-29T15:20:42+0000,1,0,,0,['CVE-2022-23692']
Live-Hack-CVE/CVE-2017-9338,"Inadequate escaping lead to XSS vulnerability in the search module in ownCloud Server before 8.2.12, 9.0.x before 9.0.10, 9.1.x before 9.1.6, and 10.0.x before 10.0.2. To be exploitable a user has to write or paste malicious content into the search dialogu",https://github.com/Live-Hack-CVE/CVE-2017-9338,['exploit'],1,2022-12-29T15:23:49+0000,5,0,,0,['CVE-2017-9338']
Live-Hack-CVE/CVE-2022-40140,An origin validation error vulnerability in Trend Micro Apex One and Apex One as a Service could allow a local attacker to cause a denial-of-service on affected installations. Please note: an attacker must first obtain the ability to execute low-privileged,https://github.com/Live-Hack-CVE/CVE-2022-40140,['exploit'],1,2022-12-29T15:23:45+0000,1,0,,0,['CVE-2022-40140']
Live-Hack-CVE/CVE-2022-35062,OTFCC commit 617837b was discovered to contain a heap buffer overflow via /release-x64/otfccdump+0x6c0bc3. CVE project by @Sn0wAlice,https://github.com/Live-Hack-CVE/CVE-2022-35062,['heap overflow'],1,2022-12-29T15:23:38+0000,1,0,,0,['CVE-2022-35062']
Live-Hack-CVE/CVE-2022-35060,OTFCC commit 617837b was discovered to contain a heap buffer overflow via /release-x64/otfccdump+0x6c0a32. CVE project by @Sn0wAlice,https://github.com/Live-Hack-CVE/CVE-2022-35060,['heap overflow'],1,2022-12-29T15:23:34+0000,1,0,,0,['CVE-2022-35060']
Live-Hack-CVE/CVE-2022-35061,OTFCC commit 617837b was discovered to contain a heap buffer overflow via /release-x64/otfccdump+0x6e412a. CVE project by @Sn0wAlice,https://github.com/Live-Hack-CVE/CVE-2022-35061,['heap overflow'],1,2022-12-29T15:23:26+0000,1,0,,0,['CVE-2022-35061']
Live-Hack-CVE/CVE-2022-40139,"Improper validation of some components used by the rollback mechanism in Trend Micro Apex One and Trend Micro Apex One as a Service clients could allow a Apex One server administrator to instruct affected clients to download an unverified rollback package,",https://github.com/Live-Hack-CVE/CVE-2022-40139,['remote code execution'],1,2022-12-29T15:23:23+0000,1,0,,0,['CVE-2022-40139']
Live-Hack-CVE/CVE-2022-3213,"A heap buffer overflow issue was found in ImageMagick. When an application processes a malformed TIFF file, it could lead to undefined behavior or a crash causing a denial of service. CVE project by @Sn0wAlice",https://github.com/Live-Hack-CVE/CVE-2022-3213,['heap overflow'],1,2022-12-29T15:22:55+0000,9,0,,0,['CVE-2022-3213']
Live-Hack-CVE/CVE-2022-39801,SAP GRC Access control Emergency Access Management allows an authenticated attacker to access a Firefighter session even after it is closed in Firefighter Logon Pad. This attack can be launched only within the firewall. On successful exploitation the attac,https://github.com/Live-Hack-CVE/CVE-2022-39801,['exploit'],1,2022-12-29T15:22:34+0000,1,0,,0,['CVE-2022-39801']
Live-Hack-CVE/CVE-2022-35292,"In SAP Business One application when a service is created, the executable path contains spaces and isn’t enclosed within quotes, leading to a vulnerability known as Unquoted Service Path which allows a user to gain SYSTEM privileges. If the service is expl",https://github.com/Live-Hack-CVE/CVE-2022-35292,['exploit'],1,2022-12-29T15:22:23+0000,0,0,,0,['CVE-2022-35292']
Live-Hack-CVE/CVE-2022-23696,Vulnerabilities in the web-based management interface of ClearPass Policy Manager could allow an authenticated remote attacker to conduct SQL injection attacks against the ClearPass Policy Manager instance. An attacker could exploit these vulnerabilities t,https://github.com/Live-Hack-CVE/CVE-2022-23696,['exploit'],1,2022-12-29T15:21:32+0000,1,0,,0,['CVE-2022-23696']
Live-Hack-CVE/CVE-2022-23695,Vulnerabilities in the web-based management interface of ClearPass Policy Manager could allow an authenticated remote attacker to conduct SQL injection attacks against the ClearPass Policy Manager instance. An attacker could exploit these vulnerabilities t,https://github.com/Live-Hack-CVE/CVE-2022-23695,['exploit'],1,2022-12-29T15:21:08+0000,1,0,,0,['CVE-2022-23695']
Live-Hack-CVE/CVE-2022-23694,Vulnerabilities in the web-based management interface of ClearPass Policy Manager could allow an authenticated remote attacker to conduct SQL injection attacks against the ClearPass Policy Manager instance. An attacker could exploit these vulnerabilities t,https://github.com/Live-Hack-CVE/CVE-2022-23694,['exploit'],1,2022-12-29T15:21:01+0000,1,0,,0,['CVE-2022-23694']
Live-Hack-CVE/CVE-2022-23693,Vulnerabilities in the web-based management interface of ClearPass Policy Manager could allow an authenticated remote attacker to conduct SQL injection attacks against the ClearPass Policy Manager instance. An attacker could exploit these vulnerabilities t,https://github.com/Live-Hack-CVE/CVE-2022-23693,['exploit'],1,2022-12-29T15:20:50+0000,1,0,,0,['CVE-2022-23693']
Live-Hack-CVE/CVE-2018-2767,"Vulnerability in the MySQL Server component of Oracle MySQL (subcomponent: Server: Security: Encryption). Supported versions that are affected are 5.5.60 and prior, 5.6.40 and prior and 5.7.22 and prior. Difficult to exploit vulnerability allows low privil",https://github.com/Live-Hack-CVE/CVE-2018-2767,['exploit'],1,2022-12-29T15:20:39+0000,4,0,,0,['CVE-2018-2767']
Live-Hack-CVE/CVE-2022-3008,The tinygltf library uses the C library function wordexp() to perform file path expansion on untrusted paths that are provided from the input file. This function allows for command injection by using backticks. An attacker could craft an untrusted path inp,https://github.com/Live-Hack-CVE/CVE-2022-3008,['command injection'],1,2022-12-29T14:46:42+0000,1,0,,0,['CVE-2022-3008']
Live-Hack-CVE/CVE-2022-21451,Vulnerability in the MySQL Server product of Oracle MySQL (component: InnoDB). Supported versions that are affected are 5.7.37 and prior and 8.0.28 and prior. Difficult to exploit vulnerability allows high privileged attacker with network access via multip,https://github.com/Live-Hack-CVE/CVE-2022-21451,['exploit'],1,2022-12-29T15:20:35+0000,3,0,,0,['CVE-2022-21451']
Live-Hack-CVE/CVE-2022-40008,SWFTools commit 772e55a was discovered to contain a heap-buffer overflow via the function readU8 at /lib/ttf.c. CVE project by @Sn0wAlice,https://github.com/Live-Hack-CVE/CVE-2022-40008,['heap overflow'],1,2022-12-29T15:20:32+0000,1,0,,0,['CVE-2022-40008']
Live-Hack-CVE/CVE-2017-3653,"Vulnerability in the MySQL Server component of Oracle MySQL (subcomponent: Server: DDL). Supported versions that are affected are 5.5.56 and earlier, 5.6.36 and earlier and 5.7.18 and earlier. Difficult to exploit vulnerability allows low privileged attack",https://github.com/Live-Hack-CVE/CVE-2017-3653,['exploit'],1,2022-12-29T15:20:17+0000,3,0,,0,['CVE-2017-3653']
Live-Hack-CVE/CVE-2022-38495,LIEF commit 365a16a was discovered to contain a heap-buffer overflow via the function print_binary at /c/macho_reader.c. CVE project by @Sn0wAlice,https://github.com/Live-Hack-CVE/CVE-2022-38495,['heap overflow'],1,2022-12-29T15:20:10+0000,1,0,,0,['CVE-2022-38495']
Live-Hack-CVE/CVE-2022-37884,A vulnerability exists in the ClearPass Policy Manager Guest User Interface that can allow an unauthenticated attacker to send specific operations which result in a Denial-of-Service condition. A successful exploitation of this vulnerability results in the,https://github.com/Live-Hack-CVE/CVE-2022-37884,['exploit'],1,2022-12-29T15:19:36+0000,1,0,,0,['CVE-2022-37884']
Live-Hack-CVE/CVE-2022-37883,Vulnerabilities in the ClearPass Policy Manager web-based management interface allow remote authenticated users to run arbitrary commands on the underlying host. A successful exploit could allow an attacker to execute arbitrary commands as root on the unde,https://github.com/Live-Hack-CVE/CVE-2022-37883,['exploit'],1,2022-12-29T14:49:13+0000,1,0,,0,['CVE-2022-37883']
Live-Hack-CVE/CVE-2022-37882,Vulnerabilities in the ClearPass Policy Manager web-based management interface allow remote authenticated users to run arbitrary commands on the underlying host. A successful exploit could allow an attacker to execute arbitrary commands as root on the unde,https://github.com/Live-Hack-CVE/CVE-2022-37882,['exploit'],1,2022-12-29T14:48:00+0000,1,0,,0,['CVE-2022-37882']
Live-Hack-CVE/CVE-2022-37881,Vulnerabilities in the ClearPass Policy Manager web-based management interface allow remote authenticated users to run arbitrary commands on the underlying host. A successful exploit could allow an attacker to execute arbitrary commands as root on the unde,https://github.com/Live-Hack-CVE/CVE-2022-37881,['exploit'],1,2022-12-29T14:47:56+0000,1,0,,0,['CVE-2022-37881']
Live-Hack-CVE/CVE-2022-37879,Vulnerabilities in the ClearPass Policy Manager web-based management interface allow remote authenticated users to run arbitrary commands on the underlying host. A successful exploit could allow an attacker to execute arbitrary commands as root on the unde,https://github.com/Live-Hack-CVE/CVE-2022-37879,['exploit'],1,2022-12-29T14:47:53+0000,1,0,,0,['CVE-2022-37879']
Live-Hack-CVE/CVE-2022-37878,Vulnerabilities in the ClearPass Policy Manager web-based management interface allow remote authenticated users to run arbitrary commands on the underlying host. A successful exploit could allow an attacker to execute arbitrary commands as root on the unde,https://github.com/Live-Hack-CVE/CVE-2022-37878,['exploit'],1,2022-12-29T14:47:34+0000,1,0,,0,['CVE-2022-37878']
Live-Hack-CVE/CVE-2022-37880,Vulnerabilities in the ClearPass Policy Manager web-based management interface allow remote authenticated users to run arbitrary commands on the underlying host. A successful exploit could allow an attacker to execute arbitrary commands as root on the unde,https://github.com/Live-Hack-CVE/CVE-2022-37880,['exploit'],1,2022-12-29T14:47:30+0000,1,0,,0,['CVE-2022-37880']
Live-Hack-CVE/CVE-2022-37877,A vulnerability in the ClearPass OnGuard macOS agent could allow malicious users on a macOS instance to elevate their user privileges. A successful exploit could allow these users to execute arbitrary code with root level privileges on the macOS instance i,https://github.com/Live-Hack-CVE/CVE-2022-37877,['exploit'],1,2022-12-29T14:47:27+0000,1,0,,0,['CVE-2022-37877']
Live-Hack-CVE/CVE-2022-3245,"HTML injection attack is closely related to Cross-site Scripting (XSS). HTML injection uses HTML to deface the page. XSS, as the name implies, injects JavaScript into the page. Both attacks exploit insufficient validation of user input. CVE project by @Sn0",https://github.com/Live-Hack-CVE/CVE-2022-3245,['exploit'],1,2022-12-29T14:46:45+0000,1,0,,0,['CVE-2022-3245']
Live-Hack-CVE/CVE-2022-35039,OTFCC commit 617837b was discovered to contain a heap buffer overflow via /release-x64/otfccdump+0x6e20a0. CVE project by @Sn0wAlice,https://github.com/Live-Hack-CVE/CVE-2022-35039,['heap overflow'],1,2022-12-29T14:05:37+0000,1,0,,0,['CVE-2022-35039']
Live-Hack-CVE/CVE-2021-2309,Vulnerability in the Oracle VM VirtualBox product of Oracle Virtualization (component: Core). The supported version that is affected is Prior to 6.1.20. Difficult to exploit vulnerability allows high privileged attacker with logon to the infrastructure whe,https://github.com/Live-Hack-CVE/CVE-2021-2309,['exploit'],1,2022-12-29T14:05:30+0000,3,0,,0,['CVE-2021-2309']
Live-Hack-CVE/CVE-2022-38994,The secure OS module has configuration defects. Successful exploitation of this vulnerability may affect data confidentiality. CVE project by @Sn0wAlice,https://github.com/Live-Hack-CVE/CVE-2022-38994,['exploit'],1,2022-12-29T17:34:06+0000,1,0,,0,['CVE-2022-38994']
Live-Hack-CVE/CVE-2022-21471,Vulnerability in the Oracle VM VirtualBox product of Oracle Virtualization (component: Core). The supported version that is affected is Prior to 6.1.34. Easily exploitable vulnerability allows low privileged attacker with logon to the infrastructure where ,https://github.com/Live-Hack-CVE/CVE-2022-21471,['exploit'],1,2022-12-29T14:05:01+0000,3,0,,0,['CVE-2022-21471']
Live-Hack-CVE/CVE-2021-2284,Vulnerability in the Oracle VM VirtualBox product of Oracle Virtualization (component: Core). The supported version that is affected is Prior to 6.1.20. Easily exploitable vulnerability allows unauthenticated attacker with logon to the infrastructure where,https://github.com/Live-Hack-CVE/CVE-2021-2284,['exploit'],1,2022-12-29T14:00:43+0000,3,0,,0,['CVE-2021-2284']
Live-Hack-CVE/CVE-2021-2283,Vulnerability in the Oracle VM VirtualBox product of Oracle Virtualization (component: Core). The supported version that is affected is Prior to 6.1.20. Easily exploitable vulnerability allows unauthenticated attacker with logon to the infrastructure where,https://github.com/Live-Hack-CVE/CVE-2021-2283,['exploit'],1,2022-12-29T14:00:39+0000,3,0,,0,['CVE-2021-2283']
Live-Hack-CVE/CVE-2021-2285,Vulnerability in the Oracle VM VirtualBox product of Oracle Virtualization (component: Core). The supported version that is affected is Prior to 6.1.20. Easily exploitable vulnerability allows unauthenticated attacker with logon to the infrastructure where,https://github.com/Live-Hack-CVE/CVE-2021-2285,['exploit'],1,2022-12-29T14:00:36+0000,3,0,,0,['CVE-2021-2285']
Live-Hack-CVE/CVE-2021-2250,Vulnerability in the Oracle VM VirtualBox product of Oracle Virtualization (component: Core). The supported version that is affected is Prior to 6.1.20. Easily exploitable vulnerability allows high privileged attacker with logon to the infrastructure where,https://github.com/Live-Hack-CVE/CVE-2021-2250,['exploit'],1,2022-12-29T14:00:32+0000,3,0,,0,['CVE-2021-2250']
Live-Hack-CVE/CVE-2021-2264,Vulnerability in the Oracle VM VirtualBox product of Oracle Virtualization (component: Core). The supported version that is affected is Prior to 6.1.20. Easily exploitable vulnerability allows low privileged attacker with logon to the infrastructure where ,https://github.com/Live-Hack-CVE/CVE-2021-2264,['exploit'],1,2022-12-29T14:00:28+0000,3,0,,0,['CVE-2021-2264']
Live-Hack-CVE/CVE-2021-2145,Vulnerability in the Oracle VM VirtualBox product of Oracle Virtualization (component: Core). The supported version that is affected is Prior to 6.1.20. Difficult to exploit vulnerability allows high privileged attacker with logon to the infrastructure whe,https://github.com/Live-Hack-CVE/CVE-2021-2145,['exploit'],1,2022-12-29T14:00:25+0000,3,0,,0,['CVE-2021-2145']
Live-Hack-CVE/CVE-2021-2266,Vulnerability in the Oracle VM VirtualBox product of Oracle Virtualization (component: Core). The supported version that is affected is Prior to 6.1.20. Easily exploitable vulnerability allows high privileged attacker with logon to the infrastructure where,https://github.com/Live-Hack-CVE/CVE-2021-2266,['exploit'],1,2022-12-29T14:00:21+0000,3,0,,0,['CVE-2021-2266']
Live-Hack-CVE/CVE-2021-2163,"Vulnerability in the Java SE, Java SE Embedded, Oracle GraalVM Enterprise Edition product of Oracle Java SE (component: Libraries). Supported versions that are affected are Java SE: 7u291, 8u281, 11.0.10, 16; Java SE Embedded: 8u281; Oracle GraalVM Enterpr",https://github.com/Live-Hack-CVE/CVE-2021-2163,['exploit'],1,2022-12-29T14:00:18+0000,4,0,,0,['CVE-2021-2163']
Live-Hack-CVE/CVE-2021-2341,"Vulnerability in the Java SE, Oracle GraalVM Enterprise Edition product of Oracle Java SE (component: Networking). Supported versions that are affected are Java SE: 7u301, 8u291, 11.0.11, 16.0.1; Oracle GraalVM Enterprise Edition: 20.3.2 and 21.1.0. Diffic",https://github.com/Live-Hack-CVE/CVE-2021-2341,['exploit'],1,2022-12-29T14:00:14+0000,3,0,,0,['CVE-2021-2341']
Live-Hack-CVE/CVE-2021-2388,"Vulnerability in the Java SE, Oracle GraalVM Enterprise Edition product of Oracle Java SE (component: Hotspot). Supported versions that are affected are Java SE: 8u291, 11.0.11, 16.0.1; Oracle GraalVM Enterprise Edition: 20.3.2 and 21.1.0. Difficult to exp",https://github.com/Live-Hack-CVE/CVE-2021-2388,['exploit'],1,2022-12-29T14:00:11+0000,2,0,,0,['CVE-2021-2388']
Live-Hack-CVE/CVE-2021-2369,"Vulnerability in the Java SE, Oracle GraalVM Enterprise Edition product of Oracle Java SE (component: Library). Supported versions that are affected are Java SE: 7u301, 8u291, 11.0.11, 16.0.1; Oracle GraalVM Enterprise Edition: 20.3.2 and 21.1.0. Easily ex",https://github.com/Live-Hack-CVE/CVE-2021-2369,['exploit'],1,2022-12-29T13:59:59+0000,2,0,,0,['CVE-2021-2369']
Live-Hack-CVE/CVE-2021-2161,"Vulnerability in the Java SE, Java SE Embedded, Oracle GraalVM Enterprise Edition product of Oracle Java SE (component: Libraries). Supported versions that are affected are Java SE: 7u291, 8u281, 11.0.10, 16; Java SE Embedded: 8u281; Oracle GraalVM Enterpr",https://github.com/Live-Hack-CVE/CVE-2021-2161,['exploit'],1,2022-12-29T13:59:48+0000,4,0,,0,['CVE-2021-2161']
Live-Hack-CVE/CVE-2021-35588,"Vulnerability in the Java SE, Oracle GraalVM Enterprise Edition product of Oracle Java SE (component: Hotspot). Supported versions that are affected are Java SE: 7u311, 8u301; Oracle GraalVM Enterprise Edition: 20.3.3 and 21.2.0. Difficult to exploit vulne",https://github.com/Live-Hack-CVE/CVE-2021-35588,['exploit'],1,2022-12-29T13:59:44+0000,3,0,,0,['CVE-2021-35588']
Live-Hack-CVE/CVE-2021-2432,Vulnerability in the Java SE product of Oracle Java SE (component: JNDI). The supported version that is affected is Java SE: 7u301. Difficult to exploit vulnerability allows unauthenticated attacker with network access via multiple protocols to compromise ,https://github.com/Live-Hack-CVE/CVE-2021-2432,['exploit'],1,2022-12-29T13:59:38+0000,2,0,,0,['CVE-2021-2432']
Live-Hack-CVE/CVE-2021-35550,"Vulnerability in the Java SE, Oracle GraalVM Enterprise Edition product of Oracle Java SE (component: JSSE). Supported versions that are affected are Java SE: 7u311, 8u301, 11.0.12; Oracle GraalVM Enterprise Edition: 20.3.3 and 21.2.0. Difficult to exploit",https://github.com/Live-Hack-CVE/CVE-2021-35550,['exploit'],1,2022-12-29T13:59:34+0000,3,0,,0,['CVE-2021-35550']
Live-Hack-CVE/CVE-2021-35565,"Vulnerability in the Java SE, Oracle GraalVM Enterprise Edition product of Oracle Java SE (component: JSSE). Supported versions that are affected are Java SE: 7u311, 8u301, 11.0.12; Oracle GraalVM Enterprise Edition: 20.3.3 and 21.2.0. Easily exploitable v",https://github.com/Live-Hack-CVE/CVE-2021-35565,['exploit'],1,2022-12-29T13:59:13+0000,3,0,,0,['CVE-2021-35565']
Live-Hack-CVE/CVE-2021-35567,"Vulnerability in the Java SE, Oracle GraalVM Enterprise Edition product of Oracle Java SE (component: Libraries). Supported versions that are affected are Java SE: 8u301, 11.0.12, 17; Oracle GraalVM Enterprise Edition: 20.3.3 and 21.2.0. Easily exploitable",https://github.com/Live-Hack-CVE/CVE-2021-35567,['exploit'],1,2022-12-29T13:59:09+0000,3,0,,0,['CVE-2021-35567']
Live-Hack-CVE/CVE-2021-35578,"Vulnerability in the Java SE, Oracle GraalVM Enterprise Edition product of Oracle Java SE (component: JSSE). Supported versions that are affected are Java SE: 8u301, 11.0.12, 17; Oracle GraalVM Enterprise Edition: 20.3.3 and 21.2.0. Easily exploitable vuln",https://github.com/Live-Hack-CVE/CVE-2021-35578,['exploit'],1,2022-12-29T13:59:06+0000,3,0,,0,['CVE-2021-35578']
Live-Hack-CVE/CVE-2021-35586,"Vulnerability in the Java SE, Oracle GraalVM Enterprise Edition product of Oracle Java SE (component: ImageIO). Supported versions that are affected are Java SE: 7u311, 8u301, 11.0.12, 17; Oracle GraalVM Enterprise Edition: 20.3.3 and 21.2.0. Easily exploi",https://github.com/Live-Hack-CVE/CVE-2021-35586,['exploit'],1,2022-12-29T13:58:58+0000,3,0,,0,['CVE-2021-35586']
Live-Hack-CVE/CVE-2021-35603,"Vulnerability in the Java SE, Oracle GraalVM Enterprise Edition product of Oracle Java SE (component: JSSE). Supported versions that are affected are Java SE: 7u311, 8u301, 11.0.12, 17; Oracle GraalVM Enterprise Edition: 20.3.3 and 21.2.0. Difficult to exp",https://github.com/Live-Hack-CVE/CVE-2021-35603,['exploit'],1,2022-12-29T13:58:54+0000,3,0,,0,['CVE-2021-35603']
Live-Hack-CVE/CVE-2021-35556,"Vulnerability in the Java SE, Oracle GraalVM Enterprise Edition product of Oracle Java SE (component: Swing). Supported versions that are affected are Java SE: 7u311, 8u301, 11.0.12, 17; Oracle GraalVM Enterprise Edition: 20.3.3 and 21.2.0. Easily exploita",https://github.com/Live-Hack-CVE/CVE-2021-35556,['exploit'],1,2022-12-29T13:58:51+0000,3,0,,0,['CVE-2021-35556']
Live-Hack-CVE/CVE-2021-35559,"Vulnerability in the Java SE, Oracle GraalVM Enterprise Edition product of Oracle Java SE (component: Swing). Supported versions that are affected are Java SE: 7u311, 8u301, 11.0.12, 17; Oracle GraalVM Enterprise Edition: 20.3.3 and 21.2.0. Easily exploita",https://github.com/Live-Hack-CVE/CVE-2021-35559,['exploit'],1,2022-12-29T13:58:47+0000,3,0,,0,['CVE-2021-35559']
Live-Hack-CVE/CVE-2021-35564,"Vulnerability in the Java SE, Oracle GraalVM Enterprise Edition product of Oracle Java SE (component: Keytool). Supported versions that are affected are Java SE: 7u311, 8u301, 11.0.12, 17; Oracle GraalVM Enterprise Edition: 20.3.3 and 21.2.0. Easily exploi",https://github.com/Live-Hack-CVE/CVE-2021-35564,['exploit'],1,2022-12-29T13:58:44+0000,3,0,,0,['CVE-2021-35564']
Live-Hack-CVE/CVE-2021-35561,"Vulnerability in the Java SE, Oracle GraalVM Enterprise Edition product of Oracle Java SE (component: Utility). Supported versions that are affected are Java SE: 7u311, 8u301, 11.0.12, 17; Oracle GraalVM Enterprise Edition: 20.3.3 and 21.2.0. Easily exploi",https://github.com/Live-Hack-CVE/CVE-2021-35561,['exploit'],1,2022-12-29T13:58:41+0000,3,0,,0,['CVE-2021-35561']
Live-Hack-CVE/CVE-2021-4206,A flaw was found in the QXL display device emulation in QEMU. An integer overflow in the cursor_alloc() function can lead to the allocation of a small cursor object followed by a subsequent heap-based buffer overflow. This flaw allows a malicious privilege,https://github.com/Live-Hack-CVE/CVE-2021-4206,['heap overflow'],1,2022-12-29T13:58:20+0000,4,0,,0,['CVE-2021-4206']
Live-Hack-CVE/CVE-2020-25085,QEMU 5.0.0 has a heap-based Buffer Overflow in flatview_read_continue in exec.c because hw/sd/sdhci.c mishandles a write operation in the SDHC_BLKSIZE case. CVE project by @Sn0wAlice,https://github.com/Live-Hack-CVE/CVE-2020-25085,['heap overflow'],1,2022-12-29T13:56:47+0000,1,0,,0,['CVE-2020-25085']
Live-Hack-CVE/CVE-2021-4045,"TP-Link Tapo C200 IP camera, on its 1.1.15 firmware version and below, is affected by an unauthenticated RCE vulnerability, present in the uhttpd binary running by default as root. The exploitation of this vulnerability allows an attacker to take full cont",https://github.com/Live-Hack-CVE/CVE-2021-4045,"['exploit', 'rce']",2,2022-12-29T13:56:40+0000,1,0,,0,['CVE-2021-4045']
Live-Hack-CVE/CVE-2022-36633,Teleport 9.3.6 is vulnerable to Command injection leading to Remote Code Execution. An attacker can craft a malicious ssh agent installation link by URL encoding a bash escape with carriage return line feed. This url encoded payload can be used in place of,https://github.com/Live-Hack-CVE/CVE-2022-36633,"['command injection', 'remote code execution']",2,2022-12-29T13:56:36+0000,3,0,,0,['CVE-2022-36633']
Live-Hack-CVE/CVE-2022-28639,"A remote potential adjacent denial of service (DoS) and potential adjacent arbitrary code execution vulnerability that could potentially lead to a loss of confidentiality, integrity, and availability were discovered in HPE Integrated Lights-Out 5 (iLO 5) i",https://github.com/Live-Hack-CVE/CVE-2022-28639,['remote code execution'],1,2022-12-29T13:23:26+0000,2,0,,0,['CVE-2022-28639']
Live-Hack-CVE/CVE-2021-2291,Vulnerability in the Oracle VM VirtualBox product of Oracle Virtualization (component: Core). The supported version that is affected is Prior to 6.1.20. Difficult to exploit vulnerability allows low privileged attacker with logon to the infrastructure wher,https://github.com/Live-Hack-CVE/CVE-2021-2291,['exploit'],1,2022-12-29T14:00:46+0000,3,0,,0,['CVE-2021-2291']
Live-Hack-CVE/CVE-2021-2286,Vulnerability in the Oracle VM VirtualBox product of Oracle Virtualization (component: Core). The supported version that is affected is Prior to 6.1.20. Easily exploitable vulnerability allows unauthenticated attacker with logon to the infrastructure where,https://github.com/Live-Hack-CVE/CVE-2021-2286,['exploit'],1,2022-12-29T14:00:50+0000,3,0,,0,['CVE-2021-2286']
Live-Hack-CVE/CVE-2021-2287,Vulnerability in the Oracle VM VirtualBox product of Oracle Virtualization (component: Core). The supported version that is affected is Prior to 6.1.20. Easily exploitable vulnerability allows unauthenticated attacker with logon to the infrastructure where,https://github.com/Live-Hack-CVE/CVE-2021-2287,['exploit'],1,2022-12-29T14:00:54+0000,3,0,,0,['CVE-2021-2287']
Live-Hack-CVE/CVE-2021-2312,Vulnerability in the Oracle VM VirtualBox product of Oracle Virtualization (component: Core). The supported version that is affected is Prior to 6.1.20. Easily exploitable vulnerability allows high privileged attacker with logon to the infrastructure where,https://github.com/Live-Hack-CVE/CVE-2021-2312,['exploit'],1,2022-12-29T14:04:10+0000,3,0,,0,['CVE-2021-2312']
Live-Hack-CVE/CVE-2022-21465,Vulnerability in the Oracle VM VirtualBox product of Oracle Virtualization (component: Core). The supported version that is affected is Prior to 6.1.34. Easily exploitable vulnerability allows high privileged attacker with logon to the infrastructure where,https://github.com/Live-Hack-CVE/CVE-2022-21465,['exploit'],1,2022-12-29T14:04:57+0000,2,0,,0,['CVE-2022-21465']
Live-Hack-CVE/CVE-2022-21488,Vulnerability in the Oracle VM VirtualBox product of Oracle Virtualization (component: Core). The supported version that is affected is Prior to 6.1.34. Easily exploitable vulnerability allows low privileged attacker with logon to the infrastructure where ,https://github.com/Live-Hack-CVE/CVE-2022-21488,['exploit'],1,2022-12-29T14:04:53+0000,3,0,,0,['CVE-2022-21488']
Live-Hack-CVE/CVE-2022-21487,Vulnerability in the Oracle VM VirtualBox product of Oracle Virtualization (component: Core). The supported version that is affected is Prior to 6.1.34. Easily exploitable vulnerability allows low privileged attacker with logon to the infrastructure where ,https://github.com/Live-Hack-CVE/CVE-2022-21487,['exploit'],1,2022-12-29T14:04:49+0000,3,0,,0,['CVE-2022-21487']
Live-Hack-CVE/CVE-2021-35540,Vulnerability in the Oracle VM VirtualBox product of Oracle Virtualization (component: Core). The supported version that is affected is Prior to 6.1.28. Easily exploitable vulnerability allows low privileged attacker with logon to the infrastructure where ,https://github.com/Live-Hack-CVE/CVE-2021-35540,['exploit'],1,2022-12-29T14:04:46+0000,3,0,,0,['CVE-2021-35540']
Live-Hack-CVE/CVE-2021-35538,Vulnerability in the Oracle VM VirtualBox product of Oracle Virtualization (component: Core). The supported version that is affected is Prior to 6.1.28. Easily exploitable vulnerability allows low privileged attacker with logon to the infrastructure where ,https://github.com/Live-Hack-CVE/CVE-2021-35538,['exploit'],1,2022-12-29T14:04:42+0000,3,0,,0,['CVE-2021-35538']
Live-Hack-CVE/CVE-2021-35542,Vulnerability in the Oracle VM VirtualBox product of Oracle Virtualization (component: Core). The supported version that is affected is Prior to 6.1.28. Easily exploitable vulnerability allows high privileged attacker with logon to the infrastructure where,https://github.com/Live-Hack-CVE/CVE-2021-35542,['exploit'],1,2022-12-29T14:04:39+0000,3,0,,0,['CVE-2021-35542']
Live-Hack-CVE/CVE-2022-21554,Vulnerability in the Oracle VM VirtualBox product of Oracle Virtualization (component: Core). The supported version that is affected is Prior to 6.1.36. Easily exploitable vulnerability allows high privileged attacker with logon to the infrastructure where,https://github.com/Live-Hack-CVE/CVE-2022-21554,['exploit'],1,2022-12-29T14:04:35+0000,3,0,,0,['CVE-2022-21554']
Live-Hack-CVE/CVE-2021-35545,Vulnerability in the Oracle VM VirtualBox product of Oracle Virtualization (component: Core). The supported version that is affected is Prior to 6.1.28. Easily exploitable vulnerability allows high privileged attacker with logon to the infrastructure where,https://github.com/Live-Hack-CVE/CVE-2021-35545,['exploit'],1,2022-12-29T14:04:32+0000,3,0,,0,['CVE-2021-35545']
Live-Hack-CVE/CVE-2022-21394,Vulnerability in the Oracle VM VirtualBox product of Oracle Virtualization (component: Core). The supported version that is affected is Prior to 6.1.32. Easily exploitable vulnerability allows low privileged attacker with logon to the infrastructure where ,https://github.com/Live-Hack-CVE/CVE-2022-21394,['exploit'],1,2022-12-29T14:04:28+0000,3,0,,0,['CVE-2022-21394']
Live-Hack-CVE/CVE-2021-2442,Vulnerability in the Oracle VM VirtualBox product of Oracle Virtualization (component: Core). The supported version that is affected is Prior to 6.1.24. Easily exploitable vulnerability allows high privileged attacker with logon to the infrastructure where,https://github.com/Live-Hack-CVE/CVE-2021-2442,['exploit'],1,2022-12-29T14:04:25+0000,3,0,,0,['CVE-2021-2442']
Live-Hack-CVE/CVE-2021-2409,Vulnerability in the Oracle VM VirtualBox product of Oracle Virtualization (component: Core). The supported version that is affected is Prior to 6.1.24. Easily exploitable vulnerability allows high privileged attacker with logon to the infrastructure where,https://github.com/Live-Hack-CVE/CVE-2021-2409,['exploit'],1,2022-12-29T14:04:21+0000,3,0,,0,['CVE-2021-2409']
Live-Hack-CVE/CVE-2021-2443,Vulnerability in the Oracle VM VirtualBox product of Oracle Virtualization (component: Core). The supported version that is affected is Prior to 6.1.24. Easily exploitable vulnerability allows high privileged attacker with logon to the infrastructure where,https://github.com/Live-Hack-CVE/CVE-2021-2443,['exploit'],1,2022-12-29T14:04:18+0000,3,0,,0,['CVE-2021-2443']
Live-Hack-CVE/CVE-2021-2475,Vulnerability in the Oracle VM VirtualBox product of Oracle Virtualization (component: Core). The supported version that is affected is Prior to 6.1.28. Easily exploitable vulnerability allows high privileged attacker with logon to the infrastructure where,https://github.com/Live-Hack-CVE/CVE-2021-2475,['exploit'],1,2022-12-29T14:04:14+0000,3,0,,0,['CVE-2021-2475']
Live-Hack-CVE/CVE-2021-2454,Vulnerability in the Oracle VM VirtualBox product of Oracle Virtualization (component: Core). The supported version that is affected is Prior to 6.1.24. Difficult to exploit vulnerability allows low privileged attacker with logon to the infrastructure wher,https://github.com/Live-Hack-CVE/CVE-2021-2454,['exploit'],1,2022-12-29T14:04:07+0000,3,0,,0,['CVE-2021-2454']
Live-Hack-CVE/CVE-2021-2306,Vulnerability in the Oracle VM VirtualBox product of Oracle Virtualization (component: Core). The supported version that is affected is Prior to 6.1.20. Easily exploitable vulnerability allows high privileged attacker with logon to the infrastructure where,https://github.com/Live-Hack-CVE/CVE-2021-2306,['exploit'],1,2022-12-29T14:00:58+0000,3,0,,0,['CVE-2021-2306']
Live-Hack-CVE/CVE-2021-2280,Vulnerability in the Oracle VM VirtualBox product of Oracle Virtualization (component: Core). The supported version that is affected is Prior to 6.1.20. Easily exploitable vulnerability allows unauthenticated attacker with logon to the infrastructure where,https://github.com/Live-Hack-CVE/CVE-2021-2280,['exploit'],1,2022-12-29T14:04:03+0000,3,0,,0,['CVE-2021-2280']
Live-Hack-CVE/CVE-2021-2282,Vulnerability in the Oracle VM VirtualBox product of Oracle Virtualization (component: Core). The supported version that is affected is Prior to 6.1.20. Easily exploitable vulnerability allows unauthenticated attacker with logon to the infrastructure where,https://github.com/Live-Hack-CVE/CVE-2021-2282,['exploit'],1,2022-12-29T14:03:59+0000,3,0,,0,['CVE-2021-2282']
Live-Hack-CVE/CVE-2021-2281,Vulnerability in the Oracle VM VirtualBox product of Oracle Virtualization (component: Core). The supported version that is affected is Prior to 6.1.20. Easily exploitable vulnerability allows unauthenticated attacker with logon to the infrastructure where,https://github.com/Live-Hack-CVE/CVE-2021-2281,['exploit'],1,2022-12-29T14:03:56+0000,3,0,,0,['CVE-2021-2281']
Live-Hack-CVE/CVE-2021-2279,Vulnerability in the Oracle VM VirtualBox product of Oracle Virtualization (component: Core). The supported version that is affected is Prior to 6.1.20. Difficult to exploit vulnerability allows unauthenticated attacker with network access via RDP to compr,https://github.com/Live-Hack-CVE/CVE-2021-2279,['exploit'],1,2022-12-29T14:03:52+0000,3,0,,0,['CVE-2021-2279']
Live-Hack-CVE/CVE-2022-35037,OTFCC commit 617837b was discovered to contain a heap buffer overflow via /release-x64/otfccdump+0x6adb1e. CVE project by @Sn0wAlice,https://github.com/Live-Hack-CVE/CVE-2022-35037,['heap overflow'],1,2022-12-29T14:02:55+0000,1,0,,0,['CVE-2022-35037']
Live-Hack-CVE/CVE-2022-35036,OTFCC commit 617837b was discovered to contain a heap buffer overflow via /release-x64/otfccdump+0x6e1fc8. CVE project by @Sn0wAlice,https://github.com/Live-Hack-CVE/CVE-2022-35036,['heap overflow'],1,2022-12-29T14:02:51+0000,1,0,,0,['CVE-2022-35036']
Live-Hack-CVE/CVE-2022-35035,OTFCC commit 617837b was discovered to contain a heap buffer overflow via /release-x64/otfccdump+0x6b559f. CVE project by @Sn0wAlice,https://github.com/Live-Hack-CVE/CVE-2022-35035,['heap overflow'],1,2022-12-29T14:02:48+0000,1,0,,0,['CVE-2022-35035']
Live-Hack-CVE/CVE-2022-35034,OTFCC commit 617837b was discovered to contain a heap buffer overflow via /release-x64/otfccdump+0x6e7e3d. CVE project by @Sn0wAlice,https://github.com/Live-Hack-CVE/CVE-2022-35034,['heap overflow'],1,2022-12-29T14:02:44+0000,1,0,,0,['CVE-2022-35034']
Live-Hack-CVE/CVE-2022-39819,"In NOKIA 1350 OMS R14.2, multiple OS Command Injection vulnerabilities occurs. This allows authenticated users to execute commands on the operating system. CVE project by @Sn0wAlice",https://github.com/Live-Hack-CVE/CVE-2022-39819,['command injection'],1,2022-12-29T14:01:25+0000,1,0,,0,['CVE-2022-39819']
Live-Hack-CVE/CVE-2022-39816,"In NOKIA 1350 OMS R14.2, Insufficiently Protected Credentials (cleartext administrator password) occur in the edit configuration page. Exploitation requires an authenticated attacker. CVE project by @Sn0wAlice",https://github.com/Live-Hack-CVE/CVE-2022-39816,['exploit'],1,2022-12-29T14:01:21+0000,1,0,,0,['CVE-2022-39816']
Live-Hack-CVE/CVE-2022-39815,"In NOKIA 1350 OMS R14.2, multiple OS Command Injection vulnerabilities occurs. This vulnerability allow unauthenticated users to execute commands on the operating system. CVE project by @Sn0wAlice",https://github.com/Live-Hack-CVE/CVE-2022-39815,['command injection'],1,2022-12-29T14:01:17+0000,1,0,,0,['CVE-2022-39815']
Live-Hack-CVE/CVE-2021-2296,Vulnerability in the Oracle VM VirtualBox product of Oracle Virtualization (component: Core). The supported version that is affected is Prior to 6.1.20. Difficult to exploit vulnerability allows high privileged attacker with logon to the infrastructure whe,https://github.com/Live-Hack-CVE/CVE-2021-2296,['exploit'],1,2022-12-29T14:01:06+0000,3,1,,0,['CVE-2021-2296']
Live-Hack-CVE/CVE-2021-2297,Vulnerability in the Oracle VM VirtualBox product of Oracle Virtualization (component: Core). The supported version that is affected is Prior to 6.1.20. Difficult to exploit vulnerability allows high privileged attacker with logon to the infrastructure whe,https://github.com/Live-Hack-CVE/CVE-2021-2297,['exploit'],1,2022-12-29T14:01:02+0000,3,0,,0,['CVE-2021-2297']
Live-Hack-CVE/CVE-2021-44537,"ownCloud owncloud/client before 2.9.2 allows Resource Injection by a server into the desktop client via a URL, leading to remote code execution. CVE project by @Sn0wAlice",https://github.com/Live-Hack-CVE/CVE-2021-44537,['remote code execution'],1,2022-12-29T15:24:04+0000,2,0,,0,['CVE-2021-44537']
Live-Hack-CVE/CVE-2022-3214,"Delta Industrial Automation's DIAEnergy, an industrial energy management system, is vulnerable to CWE-798, Use of Hard-coded Credentials. Version 1.8.0 and prior have this vulnerability. Executable files could be uploaded to certain directories using hard-",https://github.com/Live-Hack-CVE/CVE-2022-3214,['remote code execution'],1,2022-12-29T15:29:03+0000,1,0,,0,['CVE-2022-3214']
Live-Hack-CVE/CVE-2022-40769,"profanity through 1.60 has only four billion possible RNG initializations. Thus, attackers can recover private keys from Ethereum vanity addresses and steal cryptocurrency, as exploited in the wild in June 2022. CVE project by @Sn0wAlice",https://github.com/Live-Hack-CVE/CVE-2022-40769,['exploit'],1,2022-12-29T15:29:39+0000,2,0,,0,['CVE-2022-40769']
Live-Hack-CVE/CVE-2022-38621,Doufox v0.0.4 was discovered to contain a remote code execution (RCE) vulnerability via the edit file page. This vulnerability allows attackers to execute arbitrary code via a crafted PHP file. CVE project by @Sn0wAlice,https://github.com/Live-Hack-CVE/CVE-2022-38621,"['rce', 'remote code execution']",2,2022-12-29T15:30:23+0000,1,0,,0,['CVE-2022-38621']
Live-Hack-CVE/CVE-2022-40648,This vulnerability allows remote attackers to execute arbitrary code on affected installations of Ansys SpaceClaim 2022 R1. User interaction is required to exploit this vulnerability in that the target must visit a malicious page or open a malicious file. ,https://github.com/Live-Hack-CVE/CVE-2022-40648,['exploit'],1,2022-12-29T17:27:23+0000,1,0,,0,['CVE-2022-40648']
Live-Hack-CVE/CVE-2022-40647,This vulnerability allows remote attackers to execute arbitrary code on affected installations of Ansys SpaceClaim 2022 R1. User interaction is required to exploit this vulnerability in that the target must visit a malicious page or open a malicious file. ,https://github.com/Live-Hack-CVE/CVE-2022-40647,['exploit'],1,2022-12-29T17:27:19+0000,1,0,,0,['CVE-2022-40647']
Live-Hack-CVE/CVE-2022-40646,This vulnerability allows remote attackers to execute arbitrary code on affected installations of Ansys SpaceClaim 2022 R1. User interaction is required to exploit this vulnerability in that the target must visit a malicious page or open a malicious file. ,https://github.com/Live-Hack-CVE/CVE-2022-40646,['exploit'],1,2022-12-29T17:27:09+0000,1,0,,0,['CVE-2022-40646']
Live-Hack-CVE/CVE-2022-40644,This vulnerability allows remote attackers to execute arbitrary code on affected installations of Ansys SpaceClaim 2022 R1. User interaction is required to exploit this vulnerability in that the target must visit a malicious page or open a malicious file. ,https://github.com/Live-Hack-CVE/CVE-2022-40644,['exploit'],1,2022-12-29T17:27:06+0000,1,0,,0,['CVE-2022-40644']
Live-Hack-CVE/CVE-2022-40645,This vulnerability allows remote attackers to execute arbitrary code on affected installations of Ansys SpaceClaim 2022 R1. User interaction is required to exploit this vulnerability in that the target must visit a malicious page or open a malicious file. ,https://github.com/Live-Hack-CVE/CVE-2022-40645,['exploit'],1,2022-12-29T17:27:02+0000,1,0,,0,['CVE-2022-40645']
Live-Hack-CVE/CVE-2022-40643,This vulnerability allows remote attackers to execute arbitrary code on affected installations of Ansys SpaceClaim 2022 R1. User interaction is required to exploit this vulnerability in that the target must visit a malicious page or open a malicious file. ,https://github.com/Live-Hack-CVE/CVE-2022-40643,['exploit'],1,2022-12-29T17:26:59+0000,1,0,,0,['CVE-2022-40643']
Live-Hack-CVE/CVE-2022-40641,This vulnerability allows remote attackers to execute arbitrary code on affected installations of Ansys SpaceClaim 2022 R1. User interaction is required to exploit this vulnerability in that the target must visit a malicious page or open a malicious file. ,https://github.com/Live-Hack-CVE/CVE-2022-40641,['exploit'],1,2022-12-29T17:26:53+0000,1,0,,0,['CVE-2022-40641']
Live-Hack-CVE/CVE-2022-40642,This vulnerability allows remote attackers to execute arbitrary code on affected installations of Ansys SpaceClaim 2022 R1. User interaction is required to exploit this vulnerability in that the target must visit a malicious page or open a malicious file. ,https://github.com/Live-Hack-CVE/CVE-2022-40642,['exploit'],1,2022-12-29T17:26:50+0000,1,0,,0,['CVE-2022-40642']
Live-Hack-CVE/CVE-2022-40640,This vulnerability allows remote attackers to execute arbitrary code on affected installations of Ansys SpaceClaim 2022 R1. User interaction is required to exploit this vulnerability in that the target must visit a malicious page or open a malicious file. ,https://github.com/Live-Hack-CVE/CVE-2022-40640,['exploit'],1,2022-12-29T17:26:34+0000,1,0,,0,['CVE-2022-40640']
Live-Hack-CVE/CVE-2022-40639,This vulnerability allows remote attackers to execute arbitrary code on affected installations of Ansys SpaceClaim 2022 R1. User interaction is required to exploit this vulnerability in that the target must visit a malicious page or open a malicious file. ,https://github.com/Live-Hack-CVE/CVE-2022-40639,['exploit'],1,2022-12-29T17:26:30+0000,1,0,,0,['CVE-2022-40639']
Live-Hack-CVE/CVE-2022-40638,This vulnerability allows remote attackers to execute arbitrary code on affected installations of Ansys SpaceClaim 2022 R1. User interaction is required to exploit this vulnerability in that the target must visit a malicious page or open a malicious file. ,https://github.com/Live-Hack-CVE/CVE-2022-40638,['exploit'],1,2022-12-29T17:26:27+0000,1,0,,0,['CVE-2022-40638']
EliteSpesialist/MidNightExploit,None,https://github.com/EliteSpesialist/MidNightExploit,['exploit'],1,2022-12-29T16:58:25+0000,275,0,CSS,0,[]
Live-Hack-CVE/CVE-2022-3001,"This vulnerability exists in Milesight Video Management Systems (VMS), all firmware versions prior to 40.7.0.79-r1, due to improper input handling at camera’s web-based management interface. A remote attacker could exploit this vulnerability by sending a s",https://github.com/Live-Hack-CVE/CVE-2022-3001,['exploit'],1,2022-12-29T16:54:40+0000,0,0,,0,['CVE-2022-3001']
Live-Hack-CVE/CVE-2022-36532,Bolt CMS contains a vulnerability in version 5.1.12 and below that allows an authenticated user with the ROLE_EDITOR privileges to upload and rename a malicious file to achieve remote code execution. CVE project by @Sn0wAlice,https://github.com/Live-Hack-CVE/CVE-2022-36532,['remote code execution'],1,2022-12-29T16:54:15+0000,0,0,,0,['CVE-2022-36532']
Live-Hack-CVE/CVE-2011-3192,"The byterange filter in the Apache HTTP Server 1.3.x, 2.0.x through 2.0.64, and 2.2.x through 2.2.19 allows remote attackers to cause a denial of service (memory and CPU consumption) via a Range header that expresses multiple overlapping ranges, as exploit",https://github.com/Live-Hack-CVE/CVE-2011-3192,['exploit'],1,2022-12-29T16:53:58+0000,6,0,,0,['CVE-2011-3192']
Live-Hack-CVE/CVE-2022-37861,There is a remote code execution (RCE) vulnerability in Tenhot TWS-100 V4.0-201809201424 router device. It is necessary to know that the device account password is allowed to escape the execution system command through the network tools in the network diag,https://github.com/Live-Hack-CVE/CVE-2022-37861,"['rce', 'remote code execution']",2,2022-12-29T16:52:49+0000,0,0,,0,['CVE-2022-37861']
Live-Hack-CVE/CVE-2022-38535,TOTOLINK-720R v4.1.5cu.374 was discovered to contain a remote code execution (RCE) vulnerability via the setTracerouteCfg function. CVE project by @Sn0wAlice,https://github.com/Live-Hack-CVE/CVE-2022-38535,"['rce', 'remote code execution']",2,2022-12-29T16:52:45+0000,0,0,,0,['CVE-2022-38535']
Live-Hack-CVE/CVE-2022-38534,TOTOLINK-720R v4.1.5cu.374 was discovered to contain a remote code execution (RCE) vulnerability via the setdiagnosicfg function. CVE project by @Sn0wAlice,https://github.com/Live-Hack-CVE/CVE-2022-38534,"['rce', 'remote code execution']",2,2022-12-29T16:52:38+0000,0,0,,0,['CVE-2022-38534']
Live-Hack-CVE/CVE-2022-38415,Adobe InDesign versions 16.4.2 (and earlier) and 17.3 (and earlier) are affected by a Heap-based Buffer Overflow vulnerability that could result in arbitrary code execution in the context of the current user. Exploitation of this issue requires user intera,https://github.com/Live-Hack-CVE/CVE-2022-38415,"['exploit', 'heap overflow']",2,2022-12-29T16:47:18+0000,1,0,,0,['CVE-2022-38415']
Live-Hack-CVE/CVE-2022-38414,Adobe InDesign versions 16.4.2 (and earlier) and 17.3 (and earlier) are affected by a Heap-based Buffer Overflow vulnerability that could result in arbitrary code execution in the context of the current user. Exploitation of this issue requires user intera,https://github.com/Live-Hack-CVE/CVE-2022-38414,"['exploit', 'heap overflow']",2,2022-12-29T16:47:11+0000,1,0,,0,['CVE-2022-38414']
Live-Hack-CVE/CVE-2022-38413,Adobe InDesign versions 16.4.2 (and earlier) and 17.3 (and earlier) are affected by a Heap-based Buffer Overflow vulnerability that could result in arbitrary code execution in the context of the current user. Exploitation of this issue requires user intera,https://github.com/Live-Hack-CVE/CVE-2022-38413,"['exploit', 'heap overflow']",2,2022-12-29T16:47:07+0000,1,0,,0,['CVE-2022-38413']
Live-Hack-CVE/CVE-2021-46836,Implementation of the WLAN module interfaces has the information disclosure vulnerability. Successful exploitation of this vulnerability may affect data confidentiality. CVE project by @Sn0wAlice,https://github.com/Live-Hack-CVE/CVE-2021-46836,['exploit'],1,2022-12-29T16:46:05+0000,1,0,,0,['CVE-2021-46836']
Live-Hack-CVE/CVE-2021-40024,Implementation of the WLAN module interfaces has the information disclosure vulnerability. Successful exploitation of this vulnerability may affect data confidentiality. CVE project by @Sn0wAlice,https://github.com/Live-Hack-CVE/CVE-2021-40024,['exploit'],1,2022-12-29T16:46:00+0000,1,0,,0,['CVE-2021-40024']
Live-Hack-CVE/CVE-2021-1383,"Multiple vulnerabilities in the CLI of Cisco IOS XE SD-WAN Software could allow an authenticated, local attacker to access the underlying operating system with root privileges. These vulnerabilities are due to insufficient input validation of certain CLI c",https://github.com/Live-Hack-CVE/CVE-2021-1383,['exploit'],1,2022-12-29T16:45:31+0000,2,0,,0,['CVE-2021-1383']
Live-Hack-CVE/CVE-2021-40023,Configuration defects in the secure OS module. Successful exploitation of this vulnerability will affect confidentiality. CVE project by @Sn0wAlice,https://github.com/Live-Hack-CVE/CVE-2021-40023,['exploit'],1,2022-12-29T16:45:28+0000,1,0,,0,['CVE-2021-40023']
Live-Hack-CVE/CVE-2021-1221,"A vulnerability in the user interface of Cisco Webex Meetings and Cisco Webex Meetings Server Software could allow an authenticated, remote attacker to inject a hyperlink into a meeting invitation email. The vulnerability is due to insufficient input valid",https://github.com/Live-Hack-CVE/CVE-2021-1221,['exploit'],1,2022-12-29T16:45:16+0000,3,0,,0,['CVE-2021-1221']
Live-Hack-CVE/CVE-2022-35713,Adobe Photoshop versions 22.5.8 (and earlier) and 23.4.2 (and earlier) are affected by an out-of-bounds write vulnerability that could result in arbitrary code execution in the context of the current user. Exploitation of this issue requires user interacti,https://github.com/Live-Hack-CVE/CVE-2022-35713,['exploit'],1,2022-12-29T16:43:25+0000,1,0,,0,['CVE-2022-35713']
Live-Hack-CVE/CVE-2022-38401,Adobe InCopy version 17.3 (and earlier) and 16.4.2 (and earlier) are affected by a Heap-based Buffer Overflow vulnerability that could result in arbitrary code execution in the context of the current user. Exploitation of this issue requires user interacti,https://github.com/Live-Hack-CVE/CVE-2022-38401,"['exploit', 'heap overflow']",2,2022-12-29T16:43:18+0000,1,0,,0,['CVE-2022-38401']
Live-Hack-CVE/CVE-2022-38403,Adobe InCopy version 17.3 (and earlier) and 16.4.2 (and earlier) are affected by a Heap-based Buffer Overflow vulnerability that could result in arbitrary code execution in the context of the current user. Exploitation of this issue requires user interacti,https://github.com/Live-Hack-CVE/CVE-2022-38403,"['exploit', 'heap overflow']",2,2022-12-29T16:13:04+0000,1,0,,0,['CVE-2022-38403']
Live-Hack-CVE/CVE-2022-40649,This vulnerability allows remote attackers to execute arbitrary code on affected installations of Ansys SpaceClaim 2022 R1. User interaction is required to exploit this vulnerability in that the target must visit a malicious page or open a malicious file. ,https://github.com/Live-Hack-CVE/CVE-2022-40649,['exploit'],1,2022-12-29T17:27:27+0000,1,0,,0,['CVE-2022-40649']
Live-Hack-CVE/CVE-2022-40650,This vulnerability allows remote attackers to execute arbitrary code on affected installations of Ansys SpaceClaim 2022 R1. User interaction is required to exploit this vulnerability in that the target must visit a malicious page or open a malicious file. ,https://github.com/Live-Hack-CVE/CVE-2022-40650,['exploit'],1,2022-12-29T17:27:30+0000,1,0,,0,['CVE-2022-40650']
Live-Hack-CVE/CVE-2022-40651,This vulnerability allows remote attackers to execute arbitrary code on affected installations of Ansys SpaceClaim 2022 R1. User interaction is required to exploit this vulnerability in that the target must visit a malicious page or open a malicious file. ,https://github.com/Live-Hack-CVE/CVE-2022-40651,['exploit'],1,2022-12-29T17:27:38+0000,1,0,,0,['CVE-2022-40651']
Live-Hack-CVE/CVE-2022-38992,The secure OS module has configuration defects. Successful exploitation of this vulnerability may affect data confidentiality. CVE project by @Sn0wAlice,https://github.com/Live-Hack-CVE/CVE-2022-38992,['exploit'],1,2022-12-29T17:32:32+0000,1,0,,0,['CVE-2022-38992']
Live-Hack-CVE/CVE-2022-38993,The secure OS module has configuration defects. Successful exploitation of this vulnerability may affect system availability. CVE project by @Sn0wAlice,https://github.com/Live-Hack-CVE/CVE-2022-38993,['exploit'],1,2022-12-29T17:34:02+0000,1,0,,0,['CVE-2022-38993']
Live-Hack-CVE/CVE-2022-38995,The secure OS module has configuration defects. Successful exploitation of this vulnerability may affect system availability. CVE project by @Sn0wAlice,https://github.com/Live-Hack-CVE/CVE-2022-38995,['exploit'],1,2022-12-29T17:33:54+0000,1,0,,0,['CVE-2022-38995']
Live-Hack-CVE/CVE-2022-3216,A vulnerability has been found in Nintendo Game Boy Color and classified as problematic. This vulnerability affects unknown code of the component Mobile Adapter GB. The manipulation leads to memory corruption. The attack can be initiated remotely. The expl,https://github.com/Live-Hack-CVE/CVE-2022-3216,['exploit'],1,2022-12-29T17:33:51+0000,1,0,,0,['CVE-2022-3216']
Live-Hack-CVE/CVE-2022-40661,This vulnerability allows remote attackers to execute arbitrary code on affected installations of NIKON NIS-Elements Viewer 1.2100.1483.0. User interaction is required to exploit this vulnerability in that the target must visit a malicious page or open a m,https://github.com/Live-Hack-CVE/CVE-2022-40661,['exploit'],1,2022-12-29T17:33:47+0000,1,0,,0,['CVE-2022-40661']
Live-Hack-CVE/CVE-2022-38979,The secure OS module has configuration defects. Successful exploitation of this vulnerability may affect data confidentiality. CVE project by @Sn0wAlice,https://github.com/Live-Hack-CVE/CVE-2022-38979,['exploit'],1,2022-12-29T17:33:44+0000,1,0,,0,['CVE-2022-38979']
Live-Hack-CVE/CVE-2022-40663,This vulnerability allows remote attackers to execute arbitrary code on affected installations of NIKON NIS-Elements Viewer 1.2100.1483.0. User interaction is required to exploit this vulnerability in that the target must visit a malicious page or open a m,https://github.com/Live-Hack-CVE/CVE-2022-40663,['exploit'],1,2022-12-29T17:33:22+0000,1,0,,0,['CVE-2022-40663']
Live-Hack-CVE/CVE-2022-40658,This vulnerability allows remote attackers to execute arbitrary code on affected installations of NIKON NIS-Elements Viewer 1.2100.1483.0. User interaction is required to exploit this vulnerability in that the target must visit a malicious page or open a m,https://github.com/Live-Hack-CVE/CVE-2022-40658,['exploit'],1,2022-12-29T17:33:18+0000,1,0,,0,['CVE-2022-40658']
Live-Hack-CVE/CVE-2022-40657,This vulnerability allows remote attackers to execute arbitrary code on affected installations of NIKON NIS-Elements Viewer 1.2100.1483.0. User interaction is required to exploit this vulnerability in that the target must visit a malicious page or open a m,https://github.com/Live-Hack-CVE/CVE-2022-40657,['exploit'],1,2022-12-29T17:33:15+0000,1,0,,0,['CVE-2022-40657']
Live-Hack-CVE/CVE-2022-40656,This vulnerability allows remote attackers to execute arbitrary code on affected installations of NIKON NIS-Elements Viewer 13.2.0.21165. User interaction is required to exploit this vulnerability in that the target must visit a malicious page or open a ma,https://github.com/Live-Hack-CVE/CVE-2022-40656,['exploit'],1,2022-12-29T17:32:53+0000,1,0,,0,['CVE-2022-40656']
Live-Hack-CVE/CVE-2022-40655,This vulnerability allows remote attackers to execute arbitrary code on affected installations of NIKON NIS-Elements Viewer 1.2100.1483.0. User interaction is required to exploit this vulnerability in that the target must visit a malicious page or open a m,https://github.com/Live-Hack-CVE/CVE-2022-40655,['exploit'],1,2022-12-29T17:32:50+0000,1,0,,0,['CVE-2022-40655']
Live-Hack-CVE/CVE-2022-40662,This vulnerability allows remote attackers to execute arbitrary code on affected installations of NIKON NIS-Elements Viewer 1.2100.1483.0. User interaction is required to exploit this vulnerability in that the target must visit a malicious page or open a m,https://github.com/Live-Hack-CVE/CVE-2022-40662,['exploit'],1,2022-12-29T17:32:43+0000,1,0,,0,['CVE-2022-40662']
Live-Hack-CVE/CVE-2022-38989,The secure OS module has configuration defects. Successful exploitation of this vulnerability may affect system availability. CVE project by @Sn0wAlice,https://github.com/Live-Hack-CVE/CVE-2022-38989,['exploit'],1,2022-12-29T17:32:39+0000,1,0,,0,['CVE-2022-38989']
Live-Hack-CVE/CVE-2022-38990,The secure OS module has configuration defects. Successful exploitation of this vulnerability may affect system availability. CVE project by @Sn0wAlice,https://github.com/Live-Hack-CVE/CVE-2022-38990,['exploit'],1,2022-12-29T17:32:36+0000,1,0,,0,['CVE-2022-38990']
Live-Hack-CVE/CVE-2022-38991,The secure OS module has configuration defects. Successful exploitation of this vulnerability may affect data confidentiality. CVE project by @Sn0wAlice,https://github.com/Live-Hack-CVE/CVE-2022-38991,['exploit'],1,2022-12-29T17:32:29+0000,1,0,,0,['CVE-2022-38991']
Live-Hack-CVE/CVE-2022-40652,This vulnerability allows remote attackers to execute arbitrary code on affected installations of Ansys SpaceClaim 2022 R1. User interaction is required to exploit this vulnerability in that the target must visit a malicious page or open a malicious file. ,https://github.com/Live-Hack-CVE/CVE-2022-40652,['exploit'],1,2022-12-29T17:27:41+0000,1,0,,0,['CVE-2022-40652']
Live-Hack-CVE/CVE-2022-38987,The secure OS module has configuration defects. Successful exploitation of this vulnerability may affect system availability. CVE project by @Sn0wAlice,https://github.com/Live-Hack-CVE/CVE-2022-38987,['exploit'],1,2022-12-29T17:32:25+0000,1,0,,0,['CVE-2022-38987']
Live-Hack-CVE/CVE-2022-38978,The secure OS module has configuration defects. Successful exploitation of this vulnerability may affect data confidentiality. CVE project by @Sn0wAlice,https://github.com/Live-Hack-CVE/CVE-2022-38978,['exploit'],1,2022-12-29T17:32:21+0000,1,0,,0,['CVE-2022-38978']
Live-Hack-CVE/CVE-2022-38996,The secure OS module has configuration defects. Successful exploitation of this vulnerability may affect system availability. CVE project by @Sn0wAlice,https://github.com/Live-Hack-CVE/CVE-2022-38996,['exploit'],1,2022-12-29T17:32:18+0000,1,0,,0,['CVE-2022-38996']
Live-Hack-CVE/CVE-2022-38988,The secure OS module has configuration defects. Successful exploitation of this vulnerability may affect data confidentiality. CVE project by @Sn0wAlice,https://github.com/Live-Hack-CVE/CVE-2022-38988,['exploit'],1,2022-12-29T17:32:14+0000,1,0,,0,['CVE-2022-38988']
Live-Hack-CVE/CVE-2022-38997,The secure OS module has configuration defects. Successful exploitation of this vulnerability may affect data confidentiality. CVE project by @Sn0wAlice,https://github.com/Live-Hack-CVE/CVE-2022-38997,['exploit'],1,2022-12-29T17:32:11+0000,1,0,,0,['CVE-2022-38997']
Live-Hack-CVE/CVE-2022-40660,This vulnerability allows remote attackers to execute arbitrary code on affected installations of NIKON NIS-Elements Viewer 1.2100.1483.0. User interaction is required to exploit this vulnerability in that the target must visit a malicious page or open a m,https://github.com/Live-Hack-CVE/CVE-2022-40660,['exploit'],1,2022-12-29T17:32:04+0000,1,0,,0,['CVE-2022-40660']
Live-Hack-CVE/CVE-2022-40659,This vulnerability allows remote attackers to execute arbitrary code on affected installations of NIKON NIS-Elements Viewer 1.2100.1483.0. User interaction is required to exploit this vulnerability in that the target must visit a malicious page or open a m,https://github.com/Live-Hack-CVE/CVE-2022-40659,['exploit'],1,2022-12-29T17:32:00+0000,1,0,,0,['CVE-2022-40659']
Live-Hack-CVE/CVE-2022-36112,"GLPI stands for Gestionnaire Libre de Parc Informatique and is a Free Asset and IT Management Software package, that provides ITIL Service Desk features, licenses tracking and software auditing. Usage of RSS feeds or extenal calendar in planning is subject",https://github.com/Live-Hack-CVE/CVE-2022-36112,['exploit'],1,2022-12-29T17:29:50+0000,3,0,,0,['CVE-2022-36112']
Live-Hack-CVE/CVE-2021-46790,"ntfsck in NTFS-3G through 2021.8.22 has a heap-based buffer overflow involving buffer+512*3-2. NOTE: the upstream position is that ntfsck is deprecated; however, it is shipped by some Linux distributions. CVE project by @Sn0wAlice",https://github.com/Live-Hack-CVE/CVE-2021-46790,['heap overflow'],1,2022-12-29T17:29:18+0000,2,0,,0,['CVE-2021-46790']
Live-Hack-CVE/CVE-2022-40636,This vulnerability allows remote attackers to execute arbitrary code on affected installations of Ansys SpaceClaim 2022 R1. User interaction is required to exploit this vulnerability in that the target must visit a malicious page or open a malicious file. ,https://github.com/Live-Hack-CVE/CVE-2022-40636,['exploit'],1,2022-12-29T17:28:57+0000,1,0,,0,['CVE-2022-40636']
Live-Hack-CVE/CVE-2022-40637,This vulnerability allows remote attackers to execute arbitrary code on affected installations of Ansys SpaceClaim 2022 R1. User interaction is required to exploit this vulnerability in that the target must visit a malicious page or open a malicious file. ,https://github.com/Live-Hack-CVE/CVE-2022-40637,['exploit'],1,2022-12-29T17:28:52+0000,1,0,,0,['CVE-2022-40637']
Live-Hack-CVE/CVE-2022-40654,This vulnerability allows remote attackers to execute arbitrary code on affected installations of Ansys SpaceClaim 2022 R1. User interaction is required to exploit this vulnerability in that the target must visit a malicious page or open a malicious file. ,https://github.com/Live-Hack-CVE/CVE-2022-40654,['exploit'],1,2022-12-29T17:27:48+0000,1,0,,0,['CVE-2022-40654']
Live-Hack-CVE/CVE-2022-40653,This vulnerability allows remote attackers to execute arbitrary code on affected installations of Ansys SpaceClaim 2022 R1. User interaction is required to exploit this vulnerability in that the target must visit a malicious page or open a malicious file. ,https://github.com/Live-Hack-CVE/CVE-2022-40653,['exploit'],1,2022-12-29T17:27:44+0000,1,0,,0,['CVE-2022-40653']
Live-Hack-CVE/CVE-2022-38404,Adobe InCopy version 17.3 (and earlier) and 16.4.2 (and earlier) are affected by a Heap-based Buffer Overflow vulnerability that could result in arbitrary code execution in the context of the current user. Exploitation of this issue requires user interacti,https://github.com/Live-Hack-CVE/CVE-2022-38404,"['exploit', 'heap overflow']",2,2022-12-29T16:12:57+0000,1,0,,0,['CVE-2022-38404']
Live-Hack-CVE/CVE-2022-38405,Adobe InCopy version 17.3 (and earlier) and 16.4.2 (and earlier) are affected by a Heap-based Buffer Overflow vulnerability that could result in arbitrary code execution in the context of the current user. Exploitation of this issue requires user interacti,https://github.com/Live-Hack-CVE/CVE-2022-38405,"['exploit', 'heap overflow']",2,2022-12-29T16:12:53+0000,1,0,,0,['CVE-2022-38405']
Live-Hack-CVE/CVE-2022-38406,Adobe InCopy version 17.3 (and earlier) and 16.4.2 (and earlier) are affected by an out-of-bounds read vulnerability that could lead to disclosure of sensitive memory. An attacker could leverage this vulnerability to bypass mitigations such as ASLR. Exploi,https://github.com/Live-Hack-CVE/CVE-2022-38406,['exploit'],1,2022-12-29T16:12:49+0000,1,0,,0,['CVE-2022-38406']
Live-Hack-CVE/CVE-2022-39006,The MPTCP module has the race condition vulnerability. Successful exploitation of this vulnerability may cause the device to restart. CVE project by @Sn0wAlice,https://github.com/Live-Hack-CVE/CVE-2022-39006,['exploit'],1,2022-12-29T16:02:11+0000,1,0,,0,['CVE-2022-39006']
Live-Hack-CVE/CVE-2022-38432,Adobe Photoshop versions 22.5.8 (and earlier) and 23.4.2 (and earlier) are affected by a Heap-based Buffer Overflow vulnerability that could result in arbitrary code execution in the context of the current user. Exploitation of this issue requires user int,https://github.com/Live-Hack-CVE/CVE-2022-38432,"['exploit', 'heap overflow']",2,2022-12-29T16:08:20+0000,1,0,,0,['CVE-2022-38432']
Live-Hack-CVE/CVE-2022-38433,Adobe Photoshop versions 22.5.8 (and earlier) and 23.4.2 (and earlier) are affected by a Heap-based Buffer Overflow vulnerability that could result in arbitrary code execution in the context of the current user. Exploitation of this issue requires user int,https://github.com/Live-Hack-CVE/CVE-2022-38433,"['exploit', 'heap overflow']",2,2022-12-29T16:08:17+0000,1,0,,0,['CVE-2022-38433']
Live-Hack-CVE/CVE-2022-38999,"The AOD module has the improper update of reference count vulnerability. Successful exploitation of this vulnerability may affect data integrity, confidentiality, and availability. CVE project by @Sn0wAlice",https://github.com/Live-Hack-CVE/CVE-2022-38999,['exploit'],1,2022-12-29T16:08:13+0000,1,0,,0,['CVE-2022-38999']
Live-Hack-CVE/CVE-2022-39000,The iAware module has a vulnerability in managing malicious apps.Successful exploitation of this vulnerability will cause malicious apps to automatically start upon system startup. CVE project by @Sn0wAlice,https://github.com/Live-Hack-CVE/CVE-2022-39000,['exploit'],1,2022-12-29T16:08:06+0000,1,0,,0,['CVE-2022-39000']
Live-Hack-CVE/CVE-2020-6099,An exploitable code execution vulnerability exists in the file format parsing functionality of Graphisoft BIMx Desktop Viewer 2019.2.2328. A specially crafted file can cause a heap buffer overflow resulting in a code execution. An attacker can provide a ma,https://github.com/Live-Hack-CVE/CVE-2020-6099,"['exploit', 'heap overflow']",2,2022-12-29T16:08:02+0000,1,0,,0,['CVE-2020-6099']
Live-Hack-CVE/CVE-2020-4107,"HCL Domino is affected by an Insufficient Access Control vulnerability. An authenticated attacker with local access to the system could exploit this vulnerability to attain escalation of privileges, denial of service, or information disclosure. CVE project",https://github.com/Live-Hack-CVE/CVE-2020-4107,['exploit'],1,2022-12-29T16:07:11+0000,1,0,,0,['CVE-2020-4107']
Live-Hack-CVE/CVE-2020-19001,Command Injection in Simiki v1.6.2.1 and prior allows remote attackers to execute arbitrary system commands via line 64 of the component 'simiki/blob/master/simiki/config.py'. CVE project by @Sn0wAlice,https://github.com/Live-Hack-CVE/CVE-2020-19001,['command injection'],1,2022-12-29T16:04:28+0000,0,0,,0,['CVE-2020-19001']
Live-Hack-CVE/CVE-2020-18885,"Command Injection in PHPMyWind v5.6 allows remote attackers to execute arbitrary code via the ""text color"" field of the component '/admin/web_config.php'. CVE project by @Sn0wAlice",https://github.com/Live-Hack-CVE/CVE-2020-18885,['command injection'],1,2022-12-29T16:04:10+0000,0,0,,0,['CVE-2020-18885']
venomhacking/zerodays.github.io,None,https://github.com/venomhacking/zerodays.github.io,['zeroday'],1,2022-12-29T16:03:25+0000,0,0,HTML,0,[]
Live-Hack-CVE/CVE-2022-39001,The number identification module has a path traversal vulnerability. Successful exploitation of this vulnerability may cause data disclosure. CVE project by @Sn0wAlice,https://github.com/Live-Hack-CVE/CVE-2022-39001,['exploit'],1,2022-12-29T16:02:30+0000,1,0,,0,['CVE-2022-39001']
Live-Hack-CVE/CVE-2022-39003,Buffer overflow vulnerability in the video framework. Successful exploitation of this vulnerability will affect the confidentiality and integrity of trusted components. CVE project by @Sn0wAlice,https://github.com/Live-Hack-CVE/CVE-2022-39003,['exploit'],1,2022-12-29T16:02:26+0000,1,0,,0,['CVE-2022-39003']
Live-Hack-CVE/CVE-2022-39004,The MPTCP module has the memory leak vulnerability. Successful exploitation of this vulnerability can cause memory leaks. CVE project by @Sn0wAlice,https://github.com/Live-Hack-CVE/CVE-2022-39004,['exploit'],1,2022-12-29T16:02:22+0000,1,0,,0,['CVE-2022-39004']
Live-Hack-CVE/CVE-2022-39005,The MPTCP module has the memory leak vulnerability. Successful exploitation of this vulnerability can cause memory leaks. CVE project by @Sn0wAlice,https://github.com/Live-Hack-CVE/CVE-2022-39005,['exploit'],1,2022-12-29T16:02:19+0000,1,0,,0,['CVE-2022-39005']
Live-Hack-CVE/CVE-2022-35699,Adobe Bridge version 12.0.2 (and earlier) and 11.1.3 (and earlier) are affected by an out-of-bounds write vulnerability that could result in arbitrary code execution in the context of the current user. Exploitation of this issue requires user interaction i,https://github.com/Live-Hack-CVE/CVE-2022-35699,['exploit'],1,2022-12-29T16:02:07+0000,1,0,,0,['CVE-2022-35699']
Live-Hack-CVE/CVE-2022-35664,"Adobe Experience Manager versions 6.5.13.0 (and earlier) is affected by a reflected Cross-Site Scripting (XSS) vulnerability. If an attacker is able to convince a victim to visit a URL referencing a vulnerable page, malicious JavaScript content may be exec",https://github.com/Live-Hack-CVE/CVE-2022-35664,['exploit'],1,2022-12-29T16:08:39+0000,2,0,,0,['CVE-2022-35664']
Live-Hack-CVE/CVE-2022-38425,Adobe Bridge version 12.0.2 (and earlier) and 11.1.3 (and earlier) are affected by a Use After Free vulnerability that could lead to disclosure of sensitive memory. An attacker could leverage this vulnerability to bypass mitigations such as ASLR. Exploitat,https://github.com/Live-Hack-CVE/CVE-2022-38425,['exploit'],1,2022-12-29T16:02:04+0000,1,0,,0,['CVE-2022-38425']
Live-Hack-CVE/CVE-2022-35709,Adobe Bridge version 12.0.2 (and earlier) and 11.1.3 (and earlier) are affected by a Use After Free vulnerability that could lead to disclosure of sensitive memory. An attacker could leverage this vulnerability to bypass mitigations such as ASLR. Exploitat,https://github.com/Live-Hack-CVE/CVE-2022-35709,['exploit'],1,2022-12-29T16:02:00+0000,1,0,,0,['CVE-2022-35709']
Live-Hack-CVE/CVE-2022-35708,Adobe Bridge version 12.0.2 (and earlier) and 11.1.3 (and earlier) are affected by a Heap-based Buffer Overflow vulnerability that could result in arbitrary code execution in the context of the current user. Exploitation of this issue requires user interac,https://github.com/Live-Hack-CVE/CVE-2022-35708,"['exploit', 'heap overflow']",2,2022-12-29T16:01:45+0000,1,0,,0,['CVE-2022-35708']
Live-Hack-CVE/CVE-2022-35706,Adobe Bridge version 12.0.2 (and earlier) and 11.1.3 (and earlier) are affected by a Heap-based Buffer Overflow vulnerability that could result in arbitrary code execution in the context of the current user. Exploitation of this issue requires user interac,https://github.com/Live-Hack-CVE/CVE-2022-35706,"['exploit', 'heap overflow']",2,2022-12-29T16:01:38+0000,1,0,,0,['CVE-2022-35706']
Live-Hack-CVE/CVE-2022-35704,Adobe Bridge version 12.0.2 (and earlier) and 11.1.3 (and earlier) are affected by a Use After Free vulnerability that could result in arbitrary code execution in the context of the current user. Exploitation of this issue requires user interaction in that,https://github.com/Live-Hack-CVE/CVE-2022-35704,['exploit'],1,2022-12-29T16:01:34+0000,1,0,,0,['CVE-2022-35704']
Live-Hack-CVE/CVE-2022-35701,Adobe Bridge version 12.0.2 (and earlier) and 11.1.3 (and earlier) are affected by an out-of-bounds write vulnerability that could result in arbitrary code execution in the context of the current user. Exploitation of this issue requires user interaction i,https://github.com/Live-Hack-CVE/CVE-2022-35701,['exploit'],1,2022-12-29T16:01:19+0000,1,0,,0,['CVE-2022-35701']
Live-Hack-CVE/CVE-2022-35700,Adobe Bridge version 12.0.2 (and earlier) and 11.1.3 (and earlier) are affected by an out-of-bounds write vulnerability that could result in arbitrary code execution in the context of the current user. Exploitation of this issue requires user interaction i,https://github.com/Live-Hack-CVE/CVE-2022-35700,['exploit'],1,2022-12-29T16:01:15+0000,1,0,,0,['CVE-2022-35700']
venomhacking/zeroday.io,None,https://github.com/venomhacking/zeroday.io,['zeroday'],1,2022-12-29T15:57:15+0000,226,0,HTML,0,[]
cy023/Heap-Exploit,None,https://github.com/cy023/Heap-Exploit,['exploit'],1,2022-12-29T15:43:07+0000,0,0,,0,[]
Live-Hack-CVE/CVE-2022-39007,The location module has a vulnerability of bypassing permission verification.Successful exploitation of this vulnerability may cause privilege escalation. CVE project by @Sn0wAlice,https://github.com/Live-Hack-CVE/CVE-2022-39007,['exploit'],1,2022-12-29T15:30:45+0000,1,0,,0,['CVE-2022-39007']
Live-Hack-CVE/CVE-2022-39008,The NFC module has bundle serialization/deserialization vulnerabilities. Successful exploitation of this vulnerability may cause third-party apps to read and write files that are accessible only to system apps. CVE project by @Sn0wAlice,https://github.com/Live-Hack-CVE/CVE-2022-39008,['exploit'],1,2022-12-29T15:30:35+0000,1,0,,0,['CVE-2022-39008']
Live-Hack-CVE/CVE-2022-39009,The WLAN module has a vulnerability in permission verification. Successful exploitation of this vulnerability may cause third-party apps to affect WLAN functions. CVE project by @Sn0wAlice,https://github.com/Live-Hack-CVE/CVE-2022-39009,['exploit'],1,2022-12-29T15:30:31+0000,1,0,,0,['CVE-2022-39009']
Live-Hack-CVE/CVE-2022-39010,The HwChrService module has a vulnerability in permission control. Successful exploitation of this vulnerability may cause disclosure of user network information. CVE project by @Sn0wAlice,https://github.com/Live-Hack-CVE/CVE-2022-39010,['exploit'],1,2022-12-29T15:30:27+0000,1,0,,0,['CVE-2022-39010']
Live-Hack-CVE/CVE-2022-34218,"Adobe Experience Manager versions 6.5.13.0 (and earlier) is affected by a reflected Cross-Site Scripting (XSS) vulnerability. If an attacker is able to convince a victim to visit a URL referencing a vulnerable page, malicious JavaScript content may be exec",https://github.com/Live-Hack-CVE/CVE-2022-34218,['exploit'],1,2022-12-29T16:08:35+0000,2,0,,0,['CVE-2022-34218']
Live-Hack-CVE/CVE-2022-30684,"Adobe Experience Manager versions 6.5.13.0 (and earlier) is affected by a reflected Cross-Site Scripting (XSS) vulnerability. If an attacker is able to convince a victim to visit a URL referencing a vulnerable page, malicious JavaScript content may be exec",https://github.com/Live-Hack-CVE/CVE-2022-30684,['exploit'],1,2022-12-29T16:08:43+0000,2,0,,0,['CVE-2022-30684']
Live-Hack-CVE/CVE-2021-40019,Out-of-bounds heap read vulnerability in the HW_KEYMASTER module. Successful exploitation of this vulnerability may cause out-of-bounds access. CVE project by @Sn0wAlice,https://github.com/Live-Hack-CVE/CVE-2021-40019,['exploit'],1,2022-12-29T16:12:42+0000,1,0,,0,['CVE-2021-40019']
Live-Hack-CVE/CVE-2022-28854,Adobe InDesign versions 16.4.2 (and earlier) and 17.3 (and earlier) are affected by an out-of-bounds read vulnerability that could lead to disclosure of sensitive memory. An attacker could leverage this vulnerability to bypass mitigations such as ASLR. Exp,https://github.com/Live-Hack-CVE/CVE-2022-28854,['exploit'],1,2022-12-29T16:10:26+0000,1,0,,0,['CVE-2022-28854']
Live-Hack-CVE/CVE-2022-38407,Adobe InCopy version 17.3 (and earlier) and 16.4.2 (and earlier) are affected by an out-of-bounds read vulnerability that could lead to disclosure of sensitive memory. An attacker could leverage this vulnerability to bypass mitigations such as ASLR. Exploi,https://github.com/Live-Hack-CVE/CVE-2022-38407,['exploit'],1,2022-12-29T16:12:23+0000,1,0,,0,['CVE-2022-38407']
Live-Hack-CVE/CVE-2022-38426,Adobe Photoshop versions 22.5.8 (and earlier) and 23.4.2 (and earlier) are affected by an Access of Uninitialized Pointer vulnerability that could result in arbitrary code execution in the context of the current user. Exploitation of this issue requires us,https://github.com/Live-Hack-CVE/CVE-2022-38426,['exploit'],1,2022-12-29T16:12:05+0000,1,0,,0,['CVE-2022-38426']
Live-Hack-CVE/CVE-2020-36600,Out-of-bounds write vulnerability in the power consumption module. Successful exploitation of this vulnerability may cause the system to restart. CVE project by @Sn0wAlice,https://github.com/Live-Hack-CVE/CVE-2020-36600,['exploit'],1,2022-12-29T16:11:53+0000,1,0,,0,['CVE-2020-36600']
Live-Hack-CVE/CVE-2020-36601,Out-of-bounds write vulnerability in the kernel modules. Successful exploitation of this vulnerability may cause a panic reboot. CVE project by @Sn0wAlice,https://github.com/Live-Hack-CVE/CVE-2020-36601,['exploit'],1,2022-12-29T16:11:50+0000,1,0,,0,['CVE-2020-36601']
Live-Hack-CVE/CVE-2022-38427,Adobe Photoshop versions 22.5.8 (and earlier) and 23.4.2 (and earlier) are affected by an Access of Uninitialized Pointer vulnerability that could result in arbitrary code execution in the context of the current user. Exploitation of this issue requires us,https://github.com/Live-Hack-CVE/CVE-2022-38427,['exploit'],1,2022-12-29T16:11:46+0000,1,0,,0,['CVE-2022-38427']
Live-Hack-CVE/CVE-2022-28506,There is a heap-buffer-overflow in GIFLIB 5.2.1 function DumpScreen2RGB() in gif2rgb.c:298:45. CVE project by @Sn0wAlice,https://github.com/Live-Hack-CVE/CVE-2022-28506,['heap overflow'],1,2022-12-29T16:11:36+0000,1,0,,0,['CVE-2022-28506']
Live-Hack-CVE/CVE-2022-38408,Adobe Illustrator versions 26.4 (and earlier) and 25.4.7 (and earlier) are affected by an Improper Input Validation vulnerability that could result in arbitrary code execution in the context of the current user. Exploitation of this issue requires user int,https://github.com/Live-Hack-CVE/CVE-2022-38408,['exploit'],1,2022-12-29T16:11:08+0000,1,0,,0,['CVE-2022-38408']
Live-Hack-CVE/CVE-2022-38428,Adobe Photoshop versions 22.5.8 (and earlier) and 23.4.2 (and earlier) are affected by a Use After Free vulnerability that could lead to disclosure of sensitive memory. An attacker could leverage this vulnerability to bypass mitigations such as ASLR. Explo,https://github.com/Live-Hack-CVE/CVE-2022-38428,['exploit'],1,2022-12-29T16:11:04+0000,1,0,,0,['CVE-2022-38428']
Live-Hack-CVE/CVE-2022-38410,Adobe Illustrator versions 26.4 (and earlier) and 25.4.7 (and earlier) are affected by an out-of-bounds read vulnerability that could lead to disclosure of sensitive memory. An attacker could leverage this vulnerability to bypass mitigations such as ASLR. ,https://github.com/Live-Hack-CVE/CVE-2022-38410,['exploit'],1,2022-12-29T16:11:01+0000,1,0,,0,['CVE-2022-38410']
Live-Hack-CVE/CVE-2022-38409,Adobe Illustrator versions 26.4 (and earlier) and 25.4.7 (and earlier) are affected by an out-of-bounds read vulnerability that could lead to disclosure of sensitive memory. An attacker could leverage this vulnerability to bypass mitigations such as ASLR. ,https://github.com/Live-Hack-CVE/CVE-2022-38409,['exploit'],1,2022-12-29T16:10:57+0000,1,0,,0,['CVE-2022-38409']
Live-Hack-CVE/CVE-2022-38411,Adobe Animate version 21.0.11 (and earlier) and 22.0.7 (and earlier) are affected by a Heap-based Buffer Overflow vulnerability that could result in arbitrary code execution in the context of the current user. Exploitation of this issue requires user inter,https://github.com/Live-Hack-CVE/CVE-2022-38411,"['exploit', 'heap overflow']",2,2022-12-29T16:10:53+0000,1,0,,0,['CVE-2022-38411']
Live-Hack-CVE/CVE-2022-28852,Adobe InDesign versions 16.4.2 (and earlier) and 17.3 (and earlier) are affected by by an out-of-bounds write vulnerability that could result in arbitrary code execution in the context of the current user. Exploitation of this issue requires user interacti,https://github.com/Live-Hack-CVE/CVE-2022-28852,['exploit'],1,2022-12-29T16:10:33+0000,1,0,,0,['CVE-2022-28852']
Live-Hack-CVE/CVE-2022-28853,Adobe InDesign versions 16.4.2 (and earlier) and 17.3 (and earlier) are affected by an out-of-bounds write vulnerability that could result in arbitrary code execution in the context of the current user. Exploitation of this issue requires user interaction ,https://github.com/Live-Hack-CVE/CVE-2022-28853,['exploit'],1,2022-12-29T16:10:29+0000,1,0,,0,['CVE-2022-28853']
Live-Hack-CVE/CVE-2022-28856,Adobe InDesign versions 16.4.2 (and earlier) and 17.3 (and earlier) are affected by an out-of-bounds read vulnerability that could lead to disclosure of sensitive memory. An attacker could leverage this vulnerability to bypass mitigations such as ASLR. Exp,https://github.com/Live-Hack-CVE/CVE-2022-28856,['exploit'],1,2022-12-29T16:10:22+0000,1,0,,0,['CVE-2022-28856']
Live-Hack-CVE/CVE-2022-30686,"Adobe Experience Manager versions 6.5.13.0 (and earlier) is affected by a reflected Cross-Site Scripting (XSS) vulnerability. If an attacker is able to convince a victim to visit a URL referencing a vulnerable page, malicious JavaScript content may be exec",https://github.com/Live-Hack-CVE/CVE-2022-30686,['exploit'],1,2022-12-29T16:08:46+0000,2,0,,0,['CVE-2022-30686']
Live-Hack-CVE/CVE-2022-28855,Adobe InDesign versions 16.4.2 (and earlier) and 17.3 (and earlier) are affected by an out-of-bounds read vulnerability that could lead to disclosure of sensitive memory. An attacker could leverage this vulnerability to bypass mitigations such as ASLR. Exp,https://github.com/Live-Hack-CVE/CVE-2022-28855,['exploit'],1,2022-12-29T16:10:19+0000,1,0,,0,['CVE-2022-28855']
Live-Hack-CVE/CVE-2022-30671,Adobe InDesign versions 16.4.2 (and earlier) and 17.3 (and earlier) are affected by an out-of-bounds read vulnerability that could lead to disclosure of sensitive memory. An attacker could leverage this vulnerability to bypass mitigations such as ASLR. Exp,https://github.com/Live-Hack-CVE/CVE-2022-30671,['exploit'],1,2022-12-29T16:10:15+0000,1,0,,0,['CVE-2022-30671']
Live-Hack-CVE/CVE-2022-30672,Adobe InDesign versions 16.4.2 (and earlier) and 17.3 (and earlier) are affected by an out-of-bounds read vulnerability that could lead to disclosure of sensitive memory. An attacker could leverage this vulnerability to bypass mitigations such as ASLR. Exp,https://github.com/Live-Hack-CVE/CVE-2022-30672,['exploit'],1,2022-12-29T16:10:11+0000,1,0,,0,['CVE-2022-30672']
Live-Hack-CVE/CVE-2022-28857,Adobe InDesign versions 16.4.2 (and earlier) and 17.3 (and earlier) are affected by an out-of-bounds read vulnerability that could lead to disclosure of sensitive memory. An attacker could leverage this vulnerability to bypass mitigations such as ASLR. Exp,https://github.com/Live-Hack-CVE/CVE-2022-28857,['exploit'],1,2022-12-29T16:10:07+0000,1,0,,0,['CVE-2022-28857']
Live-Hack-CVE/CVE-2022-30673,Adobe InDesign versions 16.4.2 (and earlier) and 17.3 (and earlier) are affected by an out-of-bounds read vulnerability that could lead to disclosure of sensitive memory. An attacker could leverage this vulnerability to bypass mitigations such as ASLR. Exp,https://github.com/Live-Hack-CVE/CVE-2022-30673,['exploit'],1,2022-12-29T16:09:27+0000,1,0,,0,['CVE-2022-30673']
Live-Hack-CVE/CVE-2022-30675,Adobe InDesign versions 16.4.2 (and earlier) and 17.3 (and earlier) are affected by an out-of-bounds read vulnerability that could lead to disclosure of sensitive memory. An attacker could leverage this vulnerability to bypass mitigations such as ASLR. Exp,https://github.com/Live-Hack-CVE/CVE-2022-30675,['exploit'],1,2022-12-29T16:09:23+0000,1,0,,0,['CVE-2022-30675']
Live-Hack-CVE/CVE-2022-30676,Adobe InDesign versions 16.4.2 (and earlier) and 17.3 (and earlier) are affected by an out-of-bounds read vulnerability that could lead to disclosure of sensitive memory. An attacker could leverage this vulnerability to bypass mitigations such as ASLR. Exp,https://github.com/Live-Hack-CVE/CVE-2022-30676,['exploit'],1,2022-12-29T16:09:19+0000,1,0,,0,['CVE-2022-30676']
Live-Hack-CVE/CVE-2022-30678,"Adobe Experience Manager versions 6.5.13.0 (and earlier) is affected by a reflected Cross-Site Scripting (XSS) vulnerability. If an attacker is able to convince a victim to visit a URL referencing a vulnerable page, malicious JavaScript content may be exec",https://github.com/Live-Hack-CVE/CVE-2022-30678,['exploit'],1,2022-12-29T16:09:16+0000,2,0,,0,['CVE-2022-30678']
Live-Hack-CVE/CVE-2022-30677,"Adobe Experience Manager versions 6.5.13.0 (and earlier) is affected by a reflected Cross-Site Scripting (XSS) vulnerability. If an attacker is able to convince a victim to visit a URL referencing a vulnerable page, malicious JavaScript content may be exec",https://github.com/Live-Hack-CVE/CVE-2022-30677,['exploit'],1,2022-12-29T16:09:12+0000,2,0,,0,['CVE-2022-30677']
Live-Hack-CVE/CVE-2022-30681,"Adobe Experience Manager versions 6.5.13.0 (and earlier) is affected by a reflected Cross-Site Scripting (XSS) vulnerability. If an attacker is able to convince a victim to visit a URL referencing a vulnerable page, malicious JavaScript content may be exec",https://github.com/Live-Hack-CVE/CVE-2022-30681,['exploit'],1,2022-12-29T16:09:08+0000,2,0,,0,['CVE-2022-30681']
Live-Hack-CVE/CVE-2022-30680,"Adobe Experience Manager versions 6.5.13.0 (and earlier) is affected by a reflected Cross-Site Scripting (XSS) vulnerability. If an attacker is able to convince a victim to visit a URL referencing a vulnerable page, malicious JavaScript content may be exec",https://github.com/Live-Hack-CVE/CVE-2022-30680,['exploit'],1,2022-12-29T16:09:05+0000,2,0,,0,['CVE-2022-30680']
Live-Hack-CVE/CVE-2022-30682,"Adobe Experience Manager versions 6.5.13.0 (and earlier) is affected by a reflected Cross-Site Scripting (XSS) vulnerability. If an attacker is able to convince a victim to visit a URL referencing a vulnerable page, malicious JavaScript content may be exec",https://github.com/Live-Hack-CVE/CVE-2022-30682,['exploit'],1,2022-12-29T16:09:01+0000,2,0,,0,['CVE-2022-30682']
Live-Hack-CVE/CVE-2022-30685,"Adobe Experience Manager versions 6.5.13.0 (and earlier) is affected by a reflected Cross-Site Scripting (XSS) vulnerability. If an attacker is able to convince a victim to visit a URL referencing a vulnerable page, malicious JavaScript content may be exec",https://github.com/Live-Hack-CVE/CVE-2022-30685,['exploit'],1,2022-12-29T16:08:54+0000,2,0,,0,['CVE-2022-30685']
Live-Hack-CVE/CVE-2022-1734,A flaw in Linux Kernel found in nfcmrvl_nci_unregister_dev() in drivers/nfc/nfcmrvl/main.c can lead to use after free both read or write when non synchronized between cleanup routine and firmware download routine. CVE project by @Sn0wAlice,https://github.com/Live-Hack-CVE/CVE-2022-1734,['cve-2 OR cve_2'],1,2022-12-29T04:13:03+0000,29,0,,0,['CVE-2022-1734']
Live-Hack-CVE/CVE-2022-26874,"lib/Horde/Mime/Viewer/Ooo.php in Horde Mime_Viewer before 2.2.4 allows XSS via an OpenOffice document, leading to account takeover in Horde Groupware Webmail Edition. This occurs after XSLT rendering. CVE project by @Sn0wAlice",https://github.com/Live-Hack-CVE/CVE-2022-26874,['cve-2 OR cve_2'],1,2022-12-29T04:12:59+0000,2,0,,0,['CVE-2022-26874']
Live-Hack-CVE/CVE-2022-1328,Buffer Overflow in uudecoder in Mutt affecting all versions starting from 0.94.13 before 2.2.3 allows read past end of input line CVE project by @Sn0wAlice,https://github.com/Live-Hack-CVE/CVE-2022-1328,['cve-2 OR cve_2'],1,2022-12-29T04:12:56+0000,1,0,,0,['CVE-2022-1328']
Live-Hack-CVE/CVE-2021-41213,TensorFlow is an open source platform for machine learning. In affected versions the code behind `tf.function` API can be made to deadlock when two `tf.function` decorated Python functions are mutually recursive. This occurs due to using a non-reentrant `L,https://github.com/Live-Hack-CVE/CVE-2021-41213,['cve-2 OR cve_2'],1,2022-12-29T00:48:43+0000,2,0,,0,['CVE-2021-41213']
Live-Hack-CVE/CVE-2022-3608,Cross-site Scripting (XSS) - Stored in GitHub repository thorsten/phpmyfaq prior to 3.2.0-alpha. CVE project by @Sn0wAlice,https://github.com/Live-Hack-CVE/CVE-2022-3608,['cve-2 OR cve_2'],1,2022-12-29T00:51:08+0000,3,0,,0,['CVE-2022-3608']
Live-Hack-CVE/CVE-2022-23734,"A deserialization of untrusted data vulnerability was identified in GitHub Enterprise Server that could potentially lead to remote code execution on the SVNBridge. To exploit this vulnerability, an attacker would need to gain access via a server-side reque",https://github.com/Live-Hack-CVE/CVE-2022-23734,"['cve-2 OR cve_2', 'exploit', 'remote code execution']",3,2022-12-29T00:51:05+0000,2,0,,0,['CVE-2022-23734']
Live-Hack-CVE/CVE-2022-41500,"EyouCMS V1.5.9 was discovered to contain multiple Cross-Site Request Forgery (CSRF) vulnerabilities via the Members Center, Editorial Membership, and Points Recharge components. CVE project by @Sn0wAlice",https://github.com/Live-Hack-CVE/CVE-2022-41500,['cve-2 OR cve_2'],1,2022-12-29T00:51:00+0000,1,0,,0,['CVE-2022-41500']
Live-Hack-CVE/CVE-2022-33077,An access control issue in nopcommerce v4.50.2 allows attackers to arbitrarily modify any customer's address via the addressedit endpoint. CVE project by @Sn0wAlice,https://github.com/Live-Hack-CVE/CVE-2022-33077,['cve-2 OR cve_2'],1,2022-12-29T00:50:56+0000,1,0,,0,['CVE-2022-33077']
Live-Hack-CVE/CVE-2022-39301,"sra-admin is a background rights management system that separates the front and back end. sra-admin version 1.1.1 has a storage cross-site scripting (XSS) vulnerability. After logging into the sra-admin background, an attacker can upload an html page conta",https://github.com/Live-Hack-CVE/CVE-2022-39301,['cve-2 OR cve_2'],1,2022-12-29T00:50:53+0000,1,1,,0,['CVE-2022-39301']
Live-Hack-CVE/CVE-2022-43184,D-Link DIR878 1.30B08 Hotfix_04 was discovered to contain a command injection vulnerability via the component /bin/proc.cgi. CVE project by @Sn0wAlice,https://github.com/Live-Hack-CVE/CVE-2022-43184,"['command injection', 'cve-2 OR cve_2']",2,2022-12-29T00:50:49+0000,1,0,,0,['CVE-2022-43184']
Live-Hack-CVE/CVE-2022-22224,An Improper Check or Handling of Exceptional Conditions vulnerability in the processing of a malformed OSPF TLV in Juniper Networks Junos OS and Junos OS Evolved allows an unauthenticated adjacent attacker to cause the periodic packet management daemon (PP,https://github.com/Live-Hack-CVE/CVE-2022-22224,['cve-2 OR cve_2'],1,2022-12-29T00:50:46+0000,10,0,,0,['CVE-2022-22224']
Live-Hack-CVE/CVE-2022-43185,A stored cross-site scripting (XSS) vulnerability in the Configuration/Holidays module of Rukovoditel v3.2.1 allows attackers to execute arbitrary web scripts or HTML via a crafted payload injected into the Name parameter. CVE project by @Sn0wAlice,https://github.com/Live-Hack-CVE/CVE-2022-43185,['cve-2 OR cve_2'],1,2022-12-29T00:50:43+0000,1,0,,0,['CVE-2022-43185']
Live-Hack-CVE/CVE-2022-22201,"An Improper Validation of Specified Index, Position, or Offset in Input vulnerability in the Packet Forwarding Engine (PFE) of Juniper Networks Junos OS allows an unauthenticated network-based attacker to cause a Denial of Service (DoS). On SRX5000 Series ",https://github.com/Live-Hack-CVE/CVE-2022-22201,['cve-2 OR cve_2'],1,2022-12-29T00:50:39+0000,9,0,,0,['CVE-2022-22201']
Live-Hack-CVE/CVE-2022-41707,Relatedcode's Messenger version 7bcd20b allows an authenticated external attacker to access sensitive data of any user of the application. This is possible because the application exposes user data to the public. CVE project by @Sn0wAlice,https://github.com/Live-Hack-CVE/CVE-2022-41707,['cve-2 OR cve_2'],1,2022-12-29T00:50:36+0000,1,0,,0,['CVE-2022-41707']
Live-Hack-CVE/CVE-2022-41709,"Markdownify version 1.4.1 allows an external attacker to execute arbitrary code remotely on any client attempting to view a malicious markdown file through Markdownify. This is possible because the application has the ""nodeIntegration"" option enabled. CVE ",https://github.com/Live-Hack-CVE/CVE-2022-41709,['cve-2 OR cve_2'],1,2022-12-29T00:50:33+0000,1,0,,0,['CVE-2022-41709']
Live-Hack-CVE/CVE-2022-22208,"A Use After Free vulnerability in the Routing Protocol Daemon (rdp) of Juniper Networks Junos OS and Junos OS Evolved allows an unauthenticated network-based attacker to cause Denial of Service (DoS). When a BGP session flap happens, a Use After Free of a ",https://github.com/Live-Hack-CVE/CVE-2022-22208,['cve-2 OR cve_2'],1,2022-12-29T00:50:28+0000,9,0,,1,['CVE-2022-22208']
Live-Hack-CVE/CVE-2022-22220,"A Time-of-check Time-of-use (TOCTOU) Race Condition vulnerability in Routing Protocol Daemon (rpd) of Juniper Networks Junos OS, Junos OS Evolved allows a network-based unauthenticated attacker to cause a Denial of Service (DoS). When a BGP flow route with",https://github.com/Live-Hack-CVE/CVE-2022-22220,['cve-2 OR cve_2'],1,2022-12-29T00:50:24+0000,9,0,,0,['CVE-2022-22220']
Live-Hack-CVE/CVE-2022-43045,GPAC 2.1-DEV-rev368-gfd054169b-master was discovered to contain a segmentation violation via the function gf_dump_vrml_sffield at /scene_manager/scene_dump.c. CVE project by @Sn0wAlice,https://github.com/Live-Hack-CVE/CVE-2022-43045,['cve-2 OR cve_2'],1,2022-12-29T00:50:20+0000,1,0,,0,['CVE-2022-43045']
Live-Hack-CVE/CVE-2022-43039,GPAC 2.1-DEV-rev368-gfd054169b-master was discovered to contain a segmentation violation via the function gf_isom_meta_restore_items_ref at /isomedia/meta.c. CVE project by @Sn0wAlice,https://github.com/Live-Hack-CVE/CVE-2022-43039,['cve-2 OR cve_2'],1,2022-12-29T00:50:17+0000,1,0,,0,['CVE-2022-43039']
Live-Hack-CVE/CVE-2022-43044,GPAC 2.1-DEV-rev368-gfd054169b-master was discovered to contain a segmentation violation via the function gf_isom_get_meta_item_info at /isomedia/meta.c. CVE project by @Sn0wAlice,https://github.com/Live-Hack-CVE/CVE-2022-43044,['cve-2 OR cve_2'],1,2022-12-29T00:50:13+0000,1,0,,0,['CVE-2022-43044']
Live-Hack-CVE/CVE-2022-43043,GPAC 2.1-DEV-rev368-gfd054169b-master was discovered to contain a segmentation violation via the function BD_CheckSFTimeOffset at /bifs/field_decode.c. CVE project by @Sn0wAlice,https://github.com/Live-Hack-CVE/CVE-2022-43043,['cve-2 OR cve_2'],1,2022-12-29T00:50:03+0000,1,0,,0,['CVE-2022-43043']
Live-Hack-CVE/CVE-2022-43042,GPAC 2.1-DEV-rev368-gfd054169b-master was discovered to contain a heap buffer overflow via the function FixSDTPInTRAF at isomedia/isom_intern.c. CVE project by @Sn0wAlice,https://github.com/Live-Hack-CVE/CVE-2022-43042,"['cve-2 OR cve_2', 'heap overflow']",2,2022-12-29T00:50:00+0000,1,0,,0,['CVE-2022-43042']
Live-Hack-CVE/CVE-2022-43040,GPAC 2.1-DEV-rev368-gfd054169b-master was discovered to contain a heap buffer overflow via the function gf_isom_box_dump_start_ex at /isomedia/box_funcs.c. CVE project by @Sn0wAlice,https://github.com/Live-Hack-CVE/CVE-2022-43040,"['cve-2 OR cve_2', 'heap overflow']",2,2022-12-29T00:49:56+0000,1,0,,0,['CVE-2022-43040']
Live-Hack-CVE/CVE-2022-25736,"Denial of service in WLAN due to out-of-bound read happens while processing VHT action frame in Snapdragon Auto, Snapdragon Compute, Snapdragon Connectivity, Snapdragon Consumer Electronics Connectivity, Snapdragon Consumer IOT, Snapdragon Industrial IOT, ",https://github.com/Live-Hack-CVE/CVE-2022-25736,['cve-2 OR cve_2'],1,2022-12-29T00:49:53+0000,4,0,,0,['CVE-2022-25736']
Live-Hack-CVE/CVE-2022-25748,"Memory corruption in WLAN due to integer overflow to buffer overflow while parsing GTK frames. in Snapdragon Auto, Snapdragon Compute, Snapdragon Connectivity, Snapdragon Consumer Electronics Connectivity, Snapdragon Consumer IOT, Snapdragon Industrial IOT",https://github.com/Live-Hack-CVE/CVE-2022-25748,['cve-2 OR cve_2'],1,2022-12-29T00:49:49+0000,5,0,,0,['CVE-2022-25748']
Live-Hack-CVE/CVE-2022-25749,"Transient Denial-of-Service in WLAN due to buffer over-read while parsing MDNS frames. in Snapdragon Auto, Snapdragon Compute, Snapdragon Connectivity, Snapdragon Consumer Electronics Connectivity, Snapdragon Consumer IOT, Snapdragon Industrial IOT, Snapdr",https://github.com/Live-Hack-CVE/CVE-2022-25749,['cve-2 OR cve_2'],1,2022-12-29T00:49:46+0000,5,0,,0,['CVE-2022-25749']
Live-Hack-CVE/CVE-2022-25750,Memory corruption in BTHOST due to double free while music playback and calls over bluetooth headset in Snapdragon Mobile CVE project by @Sn0wAlice,https://github.com/Live-Hack-CVE/CVE-2022-25750,['cve-2 OR cve_2'],1,2022-12-29T00:49:11+0000,1,0,,0,['CVE-2022-25750']
Live-Hack-CVE/CVE-2022-25664,"Information disclosure due to exposure of information while GPU reads the data in Snapdragon Auto, Snapdragon Compute, Snapdragon Connectivity, Snapdragon Consumer IOT, Snapdragon Industrial IOT, Snapdragon Mobile, Snapdragon Wearables CVE project by @Sn0w",https://github.com/Live-Hack-CVE/CVE-2022-25664,['cve-2 OR cve_2'],1,2022-12-29T00:49:08+0000,2,0,,0,['CVE-2022-25664']
Live-Hack-CVE/CVE-2022-25665,"Information disclosure due to buffer over read in kernel in Snapdragon Auto, Snapdragon Compute, Snapdragon Consumer IOT, Snapdragon Mobile CVE project by @Sn0wAlice",https://github.com/Live-Hack-CVE/CVE-2022-25665,['cve-2 OR cve_2'],1,2022-12-29T00:49:04+0000,2,0,,0,['CVE-2022-25665']
Live-Hack-CVE/CVE-2022-25723,Memory corruption in multimedia due to use after free during callback registration failure in Snapdragon Mobile CVE project by @Sn0wAlice,https://github.com/Live-Hack-CVE/CVE-2022-25723,['cve-2 OR cve_2'],1,2022-12-29T00:49:01+0000,1,0,,0,['CVE-2022-25723']
Live-Hack-CVE/CVE-2022-32035,Tenda M3 V1.0.0.12 was discovered to contain a stack overflow via the function formMasterMng. CVE project by @Sn0wAlice,https://github.com/Live-Hack-CVE/CVE-2022-32035,['cve-2 OR cve_2'],1,2022-12-29T00:48:57+0000,1,0,,0,['CVE-2022-32035']
Live-Hack-CVE/CVE-2022-32034,Tenda M3 V1.0.0.12 was discovered to contain a stack overflow via the items parameter in the function formdelMasteraclist. CVE project by @Sn0wAlice,https://github.com/Live-Hack-CVE/CVE-2022-32034,['cve-2 OR cve_2'],1,2022-12-29T00:48:53+0000,1,0,,0,['CVE-2022-32034']
Live-Hack-CVE/CVE-2022-32033,Tenda AX1806 v1.0.0.1 was discovered to contain a stack overflow via the function formSetVirtualSer. CVE project by @Sn0wAlice,https://github.com/Live-Hack-CVE/CVE-2022-32033,['cve-2 OR cve_2'],1,2022-12-29T00:48:50+0000,1,0,,0,['CVE-2022-32033']
Live-Hack-CVE/CVE-2022-3607,Failure to Sanitize Special Elements into a Different Plane (Special Element Injection) in GitHub repository octoprint/octoprint prior to 1.8.3. CVE project by @Sn0wAlice,https://github.com/Live-Hack-CVE/CVE-2022-3607,['cve-2 OR cve_2'],1,2022-12-29T00:51:12+0000,2,0,,0,['CVE-2022-3607']
Live-Hack-CVE/CVE-2022-3244,"The Import all XML, CSV & TXT WordPress plugin before 6.5.8 does not have authorisation in some places, which could allow any authenticated users to access some of the plugin features if they manage to get the related nonce CVE project by @Sn0wAlice",https://github.com/Live-Hack-CVE/CVE-2022-3244,['cve-2 OR cve_2'],1,2022-12-29T00:51:15+0000,1,0,,0,['CVE-2022-3244']
Live-Hack-CVE/CVE-2022-39267,"Bifrost is a heterogeneous middleware that synchronizes MySQL, MariaDB to Redis, MongoDB, ClickHouse, MySQL and other services for production environments. Versions prior to 1.8.8-release are subject to authentication bypass in the admin and monitor user g",https://github.com/Live-Hack-CVE/CVE-2022-39267,['cve-2 OR cve_2'],1,2022-12-29T00:51:37+0000,2,0,,0,['CVE-2022-39267']
Live-Hack-CVE/CVE-2022-3587,A vulnerability was found in SourceCodester Simple Cold Storage Management System 1.0. It has been declared as problematic. Affected by this vulnerability is an unknown functionality of the component My Account. The manipulation of the argument First Name ,https://github.com/Live-Hack-CVE/CVE-2022-3587,['cve-2 OR cve_2'],1,2022-12-29T00:52:36+0000,1,0,,0,['CVE-2022-3587']
Live-Hack-CVE/CVE-2022-43024,Tenda TX3 US_TX3V1.0br_V16.03.13.11_multi_TDE01 was discovered to contain a stack overflow via the list parameter at /goform/SetVirtualServerCfg. CVE project by @Sn0wAlice,https://github.com/Live-Hack-CVE/CVE-2022-43024,['cve-2 OR cve_2'],1,2022-12-29T00:53:36+0000,1,0,,0,['CVE-2022-43024']
Live-Hack-CVE/CVE-2015-1197,"cpio 2.11, when using the --no-absolute-filenames option, allows local users to write to arbitrary files via a symlink attack on a file in an archive. CVE project by @Sn0wAlice",https://github.com/Live-Hack-CVE/CVE-2015-1197,['cve-2 OR cve_2'],1,2022-12-29T00:53:32+0000,1,0,,0,['CVE-2015-1197']
Live-Hack-CVE/CVE-2022-42112,"A Cross-site scripting (XSS) vulnerability in the Portal Search module's Sort widget in Liferay Portal 7.2.0 through 7.4.3.24, and Liferay DXP 7.2 before fix pack 19, 7.3 before update 5, and DXP 7.4 before update 25 allows remote attackers to inject arbit",https://github.com/Live-Hack-CVE/CVE-2022-42112,['cve-2 OR cve_2'],1,2022-12-29T00:53:29+0000,3,0,,0,['CVE-2022-42112']
Live-Hack-CVE/CVE-2021-3305,"Beijing Feishu Technology Co., Ltd Feishu v3.40.3 was discovered to contain an untrusted search path vulnerability. CVE project by @Sn0wAlice",https://github.com/Live-Hack-CVE/CVE-2021-3305,['cve-2 OR cve_2'],1,2022-12-29T00:53:26+0000,1,0,,0,['CVE-2021-3305']
Live-Hack-CVE/CVE-2022-36438,"AsusSwitch.exe on ASUS personal computers (running Windows) sets weak file permissions, leading to local privilege escalation (this also can be used to delete files within the system arbitrarily). This affects ASUS System Control Interface 3 before 3.1.5.0",https://github.com/Live-Hack-CVE/CVE-2022-36438,['cve-2 OR cve_2'],1,2022-12-29T00:53:22+0000,1,0,,0,['CVE-2022-36438']
Live-Hack-CVE/CVE-2022-36439,AsusSoftwareManager.exe in ASUS System Control Interface on ASUS personal computers (running Windows) allows a local user to write into the Temp directory and delete another more privileged file via SYSTEM privileges. This affects ASUS System Control Inter,https://github.com/Live-Hack-CVE/CVE-2022-36439,['cve-2 OR cve_2'],1,2022-12-29T00:53:19+0000,1,0,,0,['CVE-2022-36439']
Live-Hack-CVE/CVE-2022-42202,TP-Link TL-WR841N 8.0 4.17.16 Build 120201 Rel.54750n is vulnerable to Cross Site Scripting (XSS). CVE project by @Sn0wAlice,https://github.com/Live-Hack-CVE/CVE-2022-42202,['cve-2 OR cve_2'],1,2022-12-29T00:53:16+0000,1,0,,0,['CVE-2022-42202']
Live-Hack-CVE/CVE-2022-42117,"A Cross-site scripting (XSS) vulnerability in the Frontend Taglib module in Liferay Portal 7.3.2 through 7.4.3.16, and Liferay DXP 7.3 before update 6, and 7.4 before update 17 allows remote attackers to inject arbitrary web script or HTML. CVE project by ",https://github.com/Live-Hack-CVE/CVE-2022-42117,['cve-2 OR cve_2'],1,2022-12-29T00:53:12+0000,2,0,,0,['CVE-2022-42117']
Live-Hack-CVE/CVE-2022-42116,"A Cross-site scripting (XSS) vulnerability in the Frontend Editor module's integration with CKEditor in Liferay Portal 7.3.2 through 7.4.3.14, and Liferay DXP 7.3 before update 6, and 7.4 before update 15 allows remote attackers to inject arbitrary web scr",https://github.com/Live-Hack-CVE/CVE-2022-42116,['cve-2 OR cve_2'],1,2022-12-29T00:53:09+0000,2,0,,0,['CVE-2022-42116']
Live-Hack-CVE/CVE-2022-42115,Cross-site scripting (XSS) vulnerability in the Object module's edit object details page in Liferay Portal 7.4.3.4 through 7.4.3.36 allows remote attackers to inject arbitrary web script or HTML via a crafted payload injected into the object field's `Label,https://github.com/Live-Hack-CVE/CVE-2022-42115,['cve-2 OR cve_2'],1,2022-12-29T00:53:06+0000,1,0,,0,['CVE-2022-42115']
Live-Hack-CVE/CVE-2022-42114,"A Cross-site scripting (XSS) vulnerability in the Role module's edit role assignees page in Liferay Portal 7.4.0 through 7.4.3.36, and Liferay DXP 7.4 before update 37 allows remote attackers to inject arbitrary web script or HTML. CVE project by @Sn0wAlic",https://github.com/Live-Hack-CVE/CVE-2022-42114,['cve-2 OR cve_2'],1,2022-12-29T00:53:02+0000,2,0,,0,['CVE-2022-42114']
Live-Hack-CVE/CVE-2022-43423,"Jenkins Compuware Source Code Download for Endevor, PDS, and ISPW Plugin 2.0.12 and earlier implements an agent/controller message that does not limit where it can be executed, allowing attackers able to control agent processes to obtain the values of Java",https://github.com/Live-Hack-CVE/CVE-2022-43423,['cve-2 OR cve_2'],1,2022-12-29T00:52:59+0000,1,0,,0,['CVE-2022-43423']
Live-Hack-CVE/CVE-2022-42113,"A Cross-site scripting (XSS) vulnerability in Document Library module in Liferay Portal 7.4.3.30 through 7.4.3.36, and Liferay DXP 7.4 update 30 through update 36 allows remote attackers to inject arbitrary web script or HTML via the `redirect` parameter. ",https://github.com/Live-Hack-CVE/CVE-2022-42113,['cve-2 OR cve_2'],1,2022-12-29T00:52:39+0000,1,0,,0,['CVE-2022-42113']
Live-Hack-CVE/CVE-2022-43411,"Jenkins GitLab Plugin 1.5.35 and earlier uses a non-constant time comparison function when checking whether the provided and expected webhook token are equal, potentially allowing attackers to use statistical methods to obtain a valid webhook token. CVE pr",https://github.com/Live-Hack-CVE/CVE-2022-43411,['cve-2 OR cve_2'],1,2022-12-29T00:52:32+0000,2,0,,0,['CVE-2022-43411']
Live-Hack-CVE/CVE-2022-41415,Acer Altos W2000h-W570h F4 R01.03.0018 was discovered to contain a stack overflow in the RevserveMem component. This vulnerability allows attackers to cause a Denial of Service (DoS) via injecting crafted shellcode into the NVRAM variable. CVE project by @,https://github.com/Live-Hack-CVE/CVE-2022-41415,"['cve-2 OR cve_2', 'shellcode']",2,2022-12-29T00:51:41+0000,1,0,,0,['CVE-2022-41415']
Live-Hack-CVE/CVE-2020-15853,"supybot-fedora implements the command 'refresh', that refreshes the cache of all users from FAS. This takes quite a while to run, and zodbot stops responding to requests during this time. CVE project by @Sn0wAlice",https://github.com/Live-Hack-CVE/CVE-2020-15853,['cve-2 OR cve_2'],1,2022-12-29T00:52:29+0000,1,0,,0,['CVE-2020-15853']
Live-Hack-CVE/CVE-2022-35844,"An improper neutralization of special elements used in an OS command vulnerability [CWE-78] in the management interface of FortiTester 2.3.0 through 3.9.1, 4.0.0 through 4.2.0, 7.0.0 through 7.1.0 may allow an authenticated attacker to execute unauthorized",https://github.com/Live-Hack-CVE/CVE-2022-35844,['cve-2 OR cve_2'],1,2022-12-29T00:52:26+0000,1,0,,0,['CVE-2022-35844']
Live-Hack-CVE/CVE-2022-35846,"An improper restriction of excessive authentication attempts vulnerability [CWE-307] in FortiTester Telnet port 2.3.0 through 3.9.1, 4.0.0 through 4.2.0, 7.0.0 through 7.1.0 may allow an unauthenticated attacker to guess the credentials of an admin user vi",https://github.com/Live-Hack-CVE/CVE-2022-35846,['cve-2 OR cve_2'],1,2022-12-29T00:52:22+0000,1,0,,0,['CVE-2022-35846']
Live-Hack-CVE/CVE-2022-3282,"The Drag and Drop Multiple File Upload WordPress plugin before 1.3.6.5 does not properly check for the upload size limit set in forms, taking the value from user input sent when submitting the form. As a result, attackers could control the file length limi",https://github.com/Live-Hack-CVE/CVE-2022-3282,['cve-2 OR cve_2'],1,2022-12-29T00:52:19+0000,1,0,,0,['CVE-2022-3282']
Live-Hack-CVE/CVE-2022-40684,"An authentication bypass using an alternate path or channel [CWE-288] in Fortinet FortiOS version 7.2.0 through 7.2.1 and 7.0.0 through 7.0.6, FortiProxy version 7.2.0 and version 7.0.0 through 7.0.6 and FortiSwitchManager version 7.2.0 and 7.0.0 allows an",https://github.com/Live-Hack-CVE/CVE-2022-40684,['cve-2 OR cve_2'],1,2022-12-29T00:52:15+0000,2,0,,0,['CVE-2022-40684']
Live-Hack-CVE/CVE-2022-41479,The DevExpress Resource Handler (ASPxHttpHandlerModule) in DevExpress ASP.NET Web Forms Build v19.2.3 does not verify the referenced objects in the /DXR.axd?r= HTTP GET parameter. This leads to an Insecure Direct Object References (IDOR) vulnerability whic,https://github.com/Live-Hack-CVE/CVE-2022-41479,['cve-2 OR cve_2'],1,2022-12-29T00:52:12+0000,1,0,,0,['CVE-2022-41479']
Live-Hack-CVE/CVE-2022-42218,Open Source SACCO Management System v1.0 vulnerable to SQL Injection via /sacco_shield/manage_loan.php. CVE project by @Sn0wAlice,https://github.com/Live-Hack-CVE/CVE-2022-42218,['cve-2 OR cve_2'],1,2022-12-29T00:52:08+0000,1,0,,0,['CVE-2022-42218']
Live-Hack-CVE/CVE-2022-29055,"A access of uninitialized pointer in Fortinet FortiOS version 7.2.0, 7.0.0 through 7.0.5, 6.4.0 through 6.4.8, 6.2.0 through 6.2.10, 6.0.x, FortiProxy version 7.0.0 through 7.0.4, 2.0.0 through 2.0.9, 1.2.x allows a remote unauthenticated or authenticated ",https://github.com/Live-Hack-CVE/CVE-2022-29055,['cve-2 OR cve_2'],1,2022-12-29T00:52:05+0000,1,0,,0,['CVE-2022-29055']
Live-Hack-CVE/CVE-2022-33210,Memory corruption in automotive multimedia due to use of out-of-range pointer offset while parsing command request packet with a very large type value. in Snapdragon Auto CVE project by @Sn0wAlice,https://github.com/Live-Hack-CVE/CVE-2022-33210,['cve-2 OR cve_2'],1,2022-12-29T00:52:01+0000,1,0,,0,['CVE-2022-33210']
Live-Hack-CVE/CVE-2022-33214,"Memory corruption in display due to time-of-check time-of-use of metadata reserved size in Snapdragon Auto, Snapdragon Compute, Snapdragon Consumer IOT, Snapdragon Industrial IOT, Snapdragon Mobile, Snapdragon Wearables CVE project by @Sn0wAlice",https://github.com/Live-Hack-CVE/CVE-2022-33214,['cve-2 OR cve_2'],1,2022-12-29T00:51:58+0000,2,0,,0,['CVE-2022-33214']
Live-Hack-CVE/CVE-2022-43412,"Jenkins Generic Webhook Trigger Plugin 1.84.1 and earlier uses a non-constant time comparison function when checking whether the provided and expected webhook token are equal, potentially allowing attackers to use statistical methods to obtain a valid webh",https://github.com/Live-Hack-CVE/CVE-2022-43412,['cve-2 OR cve_2'],1,2022-12-29T00:51:55+0000,2,0,,0,['CVE-2022-43412']
Live-Hack-CVE/CVE-2022-33217,Memory corruption in Qualcomm IPC due to buffer copy without checking the size of input while starting communication with a compromised kernel. in Snapdragon Mobile CVE project by @Sn0wAlice,https://github.com/Live-Hack-CVE/CVE-2022-33217,['cve-2 OR cve_2'],1,2022-12-29T00:51:52+0000,1,0,,0,['CVE-2022-33217']
Live-Hack-CVE/CVE-2022-3243,"The Import all XML, CSV & TXT WordPress plugin before 6.5.8 does not properly sanitise and escape imported data before using them back SQL statements, leading to SQL injection exploitable by high privilege users such as admin CVE project by @Sn0wAlice",https://github.com/Live-Hack-CVE/CVE-2022-3243,"['cve-2 OR cve_2', 'exploit']",2,2022-12-29T00:51:44+0000,1,0,,0,['CVE-2022-3243']
Live-Hack-CVE/CVE-2021-41228,TensorFlow is an open source platform for machine learning. In affected versions TensorFlow's `saved_model_cli` tool is vulnerable to a code injection as it calls `eval` on user supplied strings. This can be used by attackers to run arbitrary code on the p,https://github.com/Live-Hack-CVE/CVE-2021-41228,['cve-2 OR cve_2'],1,2022-12-29T00:48:46+0000,2,0,,0,['CVE-2021-41228']
Live-Hack-CVE/CVE-2021-41203,"TensorFlow is an open source platform for machine learning. In affected versions an attacker can trigger undefined behavior, integer overflows, segfaults and `CHECK`-fail crashes if they can change saved checkpoints from outside of TensorFlow. This is beca",https://github.com/Live-Hack-CVE/CVE-2021-41203,['cve-2 OR cve_2'],1,2022-12-29T00:48:40+0000,5,0,,0,['CVE-2021-41203']
Live-Hack-CVE/CVE-2022-22233,An Unchecked Return Value to NULL Pointer Dereference vulnerability in Routing Protocol Daemon (rpd) of Juniper Networks Junos OS and Junos OS Evolved allows a locally authenticated attacker with low privileges to cause a Denial of Service (DoS). In Segmen,https://github.com/Live-Hack-CVE/CVE-2022-22233,['cve-2 OR cve_2'],1,2022-12-29T00:43:56+0000,2,0,,0,['CVE-2022-22233']
Live-Hack-CVE/CVE-2022-43414,"Jenkins NUnit Plugin 0.27 and earlier implements an agent-to-controller message that parses files inside a user-specified directory as test results, allowing attackers able to control agent processes to obtain test results from files in an attacker-specifi",https://github.com/Live-Hack-CVE/CVE-2022-43414,['cve-2 OR cve_2'],1,2022-12-29T00:48:36+0000,1,0,,0,['CVE-2022-43414']
Live-Hack-CVE/CVE-2022-43404,A sandbox bypass vulnerability involving crafted constructor bodies and calls to sandbox-generated synthetic constructors in Jenkins Script Security Plugin 1183.v774b_0b_0a_a_451 and earlier allows attackers with permission to define and run sandboxed scri,https://github.com/Live-Hack-CVE/CVE-2022-43404,['cve-2 OR cve_2'],1,2022-12-29T00:46:24+0000,2,0,,0,['CVE-2022-43404']
Live-Hack-CVE/CVE-2022-36795,"In BIG-IP versions 17.0.x before 17.0.0.1, 16.1.x before 16.1.3.1, 15.1.x before 15.1.7, and 14.1.x before 14.1.5.1, when an LTM TCP profile with Auto Receive Window Enabled is configured on a virtual server, undisclosed traffic can cause the virtual serve",https://github.com/Live-Hack-CVE/CVE-2022-36795,['cve-2 OR cve_2'],1,2022-12-29T00:46:21+0000,8,0,,0,['CVE-2022-36795']
Live-Hack-CVE/CVE-2022-41617,"In versions 16.1.x before 16.1.3.1, 15.1.x before 15.1.6.1, 14.1.x before 14.1.5.1, and 13.1.x before 13.1.5.1, When the Advanced WAF / ASM module is provisioned, an authenticated remote code execution vulnerability exists in the BIG-IP iControl REST inter",https://github.com/Live-Hack-CVE/CVE-2022-41617,"['cve-2 OR cve_2', 'remote code execution']",2,2022-12-29T00:45:51+0000,2,0,,0,['CVE-2022-41617']
Live-Hack-CVE/CVE-2022-25687,"memory corruption in video due to buffer overflow while parsing asf clips in Snapdragon Auto, Snapdragon Compute, Snapdragon Connectivity, Snapdragon Consumer IOT, Snapdragon Industrial IOT, Snapdragon Mobile, Snapdragon Voice & Music, Snapdragon Wearables",https://github.com/Live-Hack-CVE/CVE-2022-25687,['cve-2 OR cve_2'],1,2022-12-29T00:45:48+0000,3,0,,0,['CVE-2022-25687']
Live-Hack-CVE/CVE-2022-27624,A vulnerability regarding improper restriction of operations within the bounds of a memory buffer is found in the packet decryption functionality of Out-of-Band (OOB) Management. This allows remote attackers to execute arbitrary commands via unspecified ve,https://github.com/Live-Hack-CVE/CVE-2022-27624,['cve-2 OR cve_2'],1,2022-12-29T00:45:44+0000,2,0,,0,['CVE-2022-27624']
Live-Hack-CVE/CVE-2022-27625,A vulnerability regarding improper restriction of operations within the bounds of a memory buffer is found in the message processing functionality of Out-of-Band (OOB) Management. This allows remote attackers to execute arbitrary commands via unspecified v,https://github.com/Live-Hack-CVE/CVE-2022-27625,['cve-2 OR cve_2'],1,2022-12-29T00:45:41+0000,2,0,,0,['CVE-2022-27625']
Live-Hack-CVE/CVE-2022-27626,A vulnerability regarding concurrent execution using shared resource with improper synchronization ('Race Condition') is found in the session processing functionality of Out-of-Band (OOB) Management. This allows remote attackers to execute arbitrary comman,https://github.com/Live-Hack-CVE/CVE-2022-27626,['cve-2 OR cve_2'],1,2022-12-29T00:45:37+0000,2,0,,0,['CVE-2022-27626']
Live-Hack-CVE/CVE-2022-3131,"The Search Logger WordPress plugin through 0.9 does not properly sanitise and escape a parameter before using it in a SQL statement, leading to a SQL injection exploitable by high privilege users CVE project by @Sn0wAlice",https://github.com/Live-Hack-CVE/CVE-2022-3131,"['cve-2 OR cve_2', 'exploit']",2,2022-12-29T00:45:34+0000,1,0,,0,['CVE-2022-3131']
Live-Hack-CVE/CVE-2022-3576,A vulnerability regarding out-of-bounds read is found in the session processing functionality of Out-of-Band (OOB) Management. This allows remote attackers to obtain sensitive information via unspecified vectors. The following models with Synology DiskStat,https://github.com/Live-Hack-CVE/CVE-2022-3576,['cve-2 OR cve_2'],1,2022-12-29T00:45:30+0000,2,0,,0,['CVE-2022-3576']
Live-Hack-CVE/CVE-2022-26954,"Multiple open redirect vulnerabilities in NopCommerce 4.10 through 4.50.1 allow remote attackers to conduct phishing attacks by redirecting users to attacker-controlled web sites via the returnUrl parameter, processed by the (1) ChangePassword function, (2",https://github.com/Live-Hack-CVE/CVE-2022-26954,['cve-2 OR cve_2'],1,2022-12-29T00:45:27+0000,1,0,,0,['CVE-2022-26954']
Live-Hack-CVE/CVE-2022-3126,"The Frontend File Manager Plugin WordPress plugin before 21.4 does not have CSRF check when uploading files, which could allow attackers to make logged in users upload files on their behalf CVE project by @Sn0wAlice",https://github.com/Live-Hack-CVE/CVE-2022-3126,['cve-2 OR cve_2'],1,2022-12-29T00:45:23+0000,2,0,,0,['CVE-2022-3126']
Live-Hack-CVE/CVE-2022-31366,An arbitrary file upload vulnerability in the apiImportLabs function in api_labs.php of EVE-NG 2.0.3-112 Community allows attackers to execute arbitrary code via a crafted UNL file. CVE project by @Sn0wAlice,https://github.com/Live-Hack-CVE/CVE-2022-31366,['cve-2 OR cve_2'],1,2022-12-29T00:45:20+0000,1,0,,0,['CVE-2022-31366']
Live-Hack-CVE/CVE-2022-2574,"The Meks Easy Social Share WordPress plugin before 1.2.8 does not sanitise and escape some of its settings, which could allow high privilege users such as admin to perform Stored Cross-Site Scripting attacks even when the unfiltered_html capability is disa",https://github.com/Live-Hack-CVE/CVE-2022-2574,['cve-2 OR cve_2'],1,2022-12-29T00:45:16+0000,1,0,,0,['CVE-2022-2574']
Live-Hack-CVE/CVE-2022-2563,"The Tutor LMS WordPress plugin before 2.0.10 does not escape some course parameters, which could allow high privilege users such as admin to perform Stored Cross-Site Scripting attacks even when the unfiltered_html capability is disallowed (for example in ",https://github.com/Live-Hack-CVE/CVE-2022-2563,['cve-2 OR cve_2'],1,2022-12-29T00:45:13+0000,2,0,,0,['CVE-2022-2563']
Live-Hack-CVE/CVE-2022-37298,Shinken Solutions Shinken Monitoring Version 2.4.3 affected is vulnerable to Incorrect Access Control. The SafeUnpickler class found in shinken/safepickle.py implements a weak authentication scheme when unserializing objects passed from monitoring nodes to,https://github.com/Live-Hack-CVE/CVE-2022-37298,['cve-2 OR cve_2'],1,2022-12-29T00:45:09+0000,1,0,,0,['CVE-2022-37298']
Live-Hack-CVE/CVE-2022-2834,"The Helpful WordPress plugin before 4.5.26 puts the exported logs and feedbacks in a publicly accessible location and guessable names, which could allow attackers to download them and retrieve sensitive information such as IP, Names and Email Address depen",https://github.com/Live-Hack-CVE/CVE-2022-2834,['cve-2 OR cve_2'],1,2022-12-29T00:45:06+0000,2,0,,0,['CVE-2022-2834']
Live-Hack-CVE/CVE-2022-42466,"Prior to 2.0.0-M9, it was possible for an end-user to set the value of an editable string property of a domain object to a value that would be rendered unchanged when the value was saved. In particular, the end-user could enter javascript or similar and th",https://github.com/Live-Hack-CVE/CVE-2022-42466,['cve-2 OR cve_2'],1,2022-12-29T00:45:02+0000,1,0,,0,['CVE-2022-42466']
Live-Hack-CVE/CVE-2022-3082,"The miniOrange Discord Integration WordPress plugin before 2.1.6 does not have authorisation and CSRF in some of its AJAX actions, allowing any logged in users, such as subscriber to call them, and disable the app for example CVE project by @Sn0wAlice",https://github.com/Live-Hack-CVE/CVE-2022-3082,['cve-2 OR cve_2'],1,2022-12-29T00:44:59+0000,1,0,,0,['CVE-2022-3082']
Live-Hack-CVE/CVE-2022-3149,"The WP Custom Cursors WordPress plugin before 3.0.1 does not have CSRF check in place when creating and editing cursors, which could allow attackers to made a logged in admin perform such actions via CSRF attacks. Furthermore, due to the lack of sanitisati",https://github.com/Live-Hack-CVE/CVE-2022-3149,['cve-2 OR cve_2'],1,2022-12-29T00:44:55+0000,1,0,,0,['CVE-2022-3149']
Live-Hack-CVE/CVE-2022-23241,Clustered Data ONTAP versions 9.11.1 through 9.11.1P2 with SnapLock configured FlexGroups are susceptible to a vulnerability which could allow an authenticated remote attacker to arbitrarily modify or delete WORM data prior to the end of the retention peri,https://github.com/Live-Hack-CVE/CVE-2022-23241,['cve-2 OR cve_2'],1,2022-12-29T00:44:52+0000,1,0,,0,['CVE-2022-23241']
Live-Hack-CVE/CVE-2022-1523,"Fuji Electric D300win prior to version 3.7.1.17 is vulnerable to a write-what-where condition, which could allow an attacker to overwrite program memory to manipulate the flow of information. CVE project by @Sn0wAlice",https://github.com/Live-Hack-CVE/CVE-2022-1523,['cve-2 OR cve_2'],1,2022-12-29T00:44:48+0000,1,0,,0,['CVE-2022-1523']
Live-Hack-CVE/CVE-2022-42467,"When running in prototype mode, the h2 webconsole module (accessible from the Prototype menu) is automatically made available with the ability to directly query the database. It was felt that it is safer to require the developer to explicitly enable this c",https://github.com/Live-Hack-CVE/CVE-2022-42467,['cve-2 OR cve_2'],1,2022-12-29T00:44:45+0000,2,0,,0,['CVE-2022-42467']
Live-Hack-CVE/CVE-2022-38138,"The Triangle Microworks IEC 61850 Library (Any client or server using the C language library with a version number of 11.2.0 or earlier and any client or server using the C++, C#, or Java language library with a version number of 5.0.1 or earlier) and 6087",https://github.com/Live-Hack-CVE/CVE-2022-38138,['cve-2 OR cve_2'],1,2022-12-29T00:44:41+0000,1,0,,0,['CVE-2022-38138']
Live-Hack-CVE/CVE-2016-20016,"MVPower CCTV DVR models, including TV-7104HE 1.8.4 115215B9 and TV7108HE, contain a web shell that is accessible via a /shell URI. A remote unauthenticated attacker can execute arbitrary operating system commands as root. This vulnerability has also been r",https://github.com/Live-Hack-CVE/CVE-2016-20016,"['cve-2 OR cve_2', 'rce']",2,2022-12-29T00:44:38+0000,2,0,,0,['CVE-2016-20016']
Live-Hack-CVE/CVE-2022-22231,"An Unchecked Return Value to NULL Pointer Dereference vulnerability in Packet Forwarding Engine (PFE) of Juniper Networks Junos OS allows an unauthenticated, network-based attacker to cause a Denial of Service (DoS). On SRX Series if Unified Threat Managem",https://github.com/Live-Hack-CVE/CVE-2022-22231,['cve-2 OR cve_2'],1,2022-12-29T00:44:35+0000,1,0,,0,['CVE-2022-22231']
Live-Hack-CVE/CVE-2022-39233,"Tuleap is a Free & Open Source Suite to improve management of software developments and collaboration. In versions 12.9.99.228 and above, prior to 14.0.99.24, authorizations are not properly verified when updating the branch prefix used by the GitLab repos",https://github.com/Live-Hack-CVE/CVE-2022-39233,['cve-2 OR cve_2'],1,2022-12-29T00:44:31+0000,2,0,,0,['CVE-2022-39233']
Live-Hack-CVE/CVE-2022-1414,3scale API Management 2 does not perform adequate sanitation for user input in multiple fields. An authenticated user could use this flaw to inject scripts and possibly gain access to sensitive information or conduct further attacks. CVE project by @Sn0wAl,https://github.com/Live-Hack-CVE/CVE-2022-1414,['cve-2 OR cve_2'],1,2022-12-29T00:44:28+0000,1,0,,0,['CVE-2022-1414']
Live-Hack-CVE/CVE-2013-4281,"In Red Hat Openshift 1, weak default permissions are applied to the /etc/openshift/server_priv.pem file on the broker server, which could allow users with local access to the broker to read this file. CVE project by @Sn0wAlice",https://github.com/Live-Hack-CVE/CVE-2013-4281,['cve-2 OR cve_2'],1,2022-12-29T00:44:21+0000,1,0,,0,['CVE-2013-4281']
Live-Hack-CVE/CVE-2022-22251,"On cSRX Series devices software permission issues in the container filesystem and stored files combined with storing passwords in a recoverable format in Juniper Networks Junos OS allows a local, low-privileged attacker to elevate their permissions to take",https://github.com/Live-Hack-CVE/CVE-2022-22251,['cve-2 OR cve_2'],1,2022-12-29T00:44:18+0000,1,0,,0,['CVE-2022-22251']
Live-Hack-CVE/CVE-2022-43403,"A sandbox bypass vulnerability involving casting an array-like value to an array type in Jenkins Script Security Plugin 1183.v774b_0b_0a_a_451 and earlier allows attackers with permission to define and run sandboxed scripts, including Pipelines, to bypass ",https://github.com/Live-Hack-CVE/CVE-2022-43403,['cve-2 OR cve_2'],1,2022-12-29T00:46:28+0000,2,0,,0,['CVE-2022-43403']
Live-Hack-CVE/CVE-2022-43402,"A sandbox bypass vulnerability involving various casts performed implicitly by the Groovy language runtime in Jenkins Pipeline: Groovy Plugin 2802.v5ea_628154b_c2 and earlier allows attackers with permission to define and run sandboxed scripts, including P",https://github.com/Live-Hack-CVE/CVE-2022-43402,['cve-2 OR cve_2'],1,2022-12-29T00:46:31+0000,1,0,,0,['CVE-2022-43402']
Live-Hack-CVE/CVE-2022-43037,An issue was discovered in Bento4 1.6.0-639. There is a memory leak in the function AP4_File::ParseStream in /Core/Ap4File.cpp. CVE project by @Sn0wAlice,https://github.com/Live-Hack-CVE/CVE-2022-43037,['cve-2 OR cve_2'],1,2022-12-29T00:46:35+0000,1,0,,0,['CVE-2022-43037']
Live-Hack-CVE/CVE-2022-22192,"An Improper Validation of Syntactic Correctness of Input vulnerability in the kernel of Juniper Networks Junos OS Evolved on PTX series allows a network-based, unauthenticated attacker to cause a Denial of Service (DoS). When an incoming TCP packet destine",https://github.com/Live-Hack-CVE/CVE-2022-22192,['cve-2 OR cve_2'],1,2022-12-29T00:47:49+0000,2,0,,0,['CVE-2022-22192']
Live-Hack-CVE/CVE-2022-43415,Jenkins REPO Plugin 1.15.0 and earlier does not configure its XML parser to prevent XML external entity (XXE) attacks. CVE project by @Sn0wAlice,https://github.com/Live-Hack-CVE/CVE-2022-43415,['cve-2 OR cve_2'],1,2022-12-29T00:48:33+0000,1,0,,0,['CVE-2022-43415']
Live-Hack-CVE/CVE-2022-43416,"Jenkins Katalon Plugin 1.0.32 and earlier implements an agent/controller message that does not limit where it can be executed and allows invoking Katalon with configurable arguments, allowing attackers able to control agent processes to invoke Katalon on t",https://github.com/Live-Hack-CVE/CVE-2022-43416,['cve-2 OR cve_2'],1,2022-12-29T00:48:30+0000,2,0,,0,['CVE-2022-43416']
Live-Hack-CVE/CVE-2022-43417,"Jenkins Katalon Plugin 1.0.32 and earlier does not perform permission checks in several HTTP endpoints, allowing attackers with Overall/Read permission to connect to an attacker-specified URL using attacker-specified credentials IDs obtained through anothe",https://github.com/Live-Hack-CVE/CVE-2022-43417,['cve-2 OR cve_2'],1,2022-12-29T00:48:26+0000,1,0,,0,['CVE-2022-43417']
Live-Hack-CVE/CVE-2022-43418,"A cross-site request forgery (CSRF) vulnerability in Jenkins Katalon Plugin 1.0.33 and earlier allows attackers to connect to an attacker-specified URL using attacker-specified credentials IDs obtained through another method, capturing credentials stored i",https://github.com/Live-Hack-CVE/CVE-2022-43418,['cve-2 OR cve_2'],1,2022-12-29T00:48:23+0000,1,0,,0,['CVE-2022-43418']
Live-Hack-CVE/CVE-2022-43419,"Jenkins Katalon Plugin 1.0.32 and earlier stores API keys unencrypted in job config.xml files on the Jenkins controller where they can be viewed by users with Extended Read permission, or access to the Jenkins controller file system. CVE project by @Sn0wAl",https://github.com/Live-Hack-CVE/CVE-2022-43419,['cve-2 OR cve_2'],1,2022-12-29T00:48:19+0000,1,0,,0,['CVE-2022-43419']
Live-Hack-CVE/CVE-2022-43422,"Jenkins Compuware Topaz Utilities Plugin 1.0.8 and earlier implements an agent/controller message that does not limit where it can be executed, allowing attackers able to control agent processes to obtain the values of Java system properties from the Jenki",https://github.com/Live-Hack-CVE/CVE-2022-43422,['cve-2 OR cve_2'],1,2022-12-29T00:48:16+0000,1,0,,0,['CVE-2022-43422']
Live-Hack-CVE/CVE-2022-43421,A missing permission check in Jenkins Tuleap Git Branch Source Plugin 3.2.4 and earlier allows unauthenticated attackers to trigger Tuleap projects whose configured repository matches the attacker-specified value. CVE project by @Sn0wAlice,https://github.com/Live-Hack-CVE/CVE-2022-43421,['cve-2 OR cve_2'],1,2022-12-29T00:48:13+0000,1,0,,0,['CVE-2022-43421']
Live-Hack-CVE/CVE-2022-43420,"Jenkins Contrast Continuous Application Security Plugin 3.9 and earlier does not escape data returned from the Contrast service when generating a report, resulting in a stored cross-site scripting (XSS) vulnerability exploitable by attackers able to contro",https://github.com/Live-Hack-CVE/CVE-2022-43420,"['cve-2 OR cve_2', 'exploit']",2,2022-12-29T00:48:09+0000,1,0,,0,['CVE-2022-43420']
Live-Hack-CVE/CVE-2022-43413,"Jenkins Job Import Plugin 3.5 and earlier does not perform a permission check in an HTTP endpoint, allowing attackers with Overall/Read permission to enumerate credentials IDs of credentials stored in Jenkins. CVE project by @Sn0wAlice",https://github.com/Live-Hack-CVE/CVE-2022-43413,['cve-2 OR cve_2'],1,2022-12-29T00:48:06+0000,1,0,,0,['CVE-2022-43413']
Live-Hack-CVE/CVE-2022-39405,Vulnerability in the Oracle Access Manager product of Oracle Fusion Middleware (component: Authentication Engine). The supported version that is affected is 12.2.1.3.0. Easily exploitable vulnerability allows unauthenticated attacker with network access vi,https://github.com/Live-Hack-CVE/CVE-2022-39405,"['cve-2 OR cve_2', 'exploit']",2,2022-12-29T00:48:02+0000,1,0,,0,['CVE-2022-39405']
Live-Hack-CVE/CVE-2022-21606,Vulnerability in the Oracle Services for Microsoft Transaction Server component of Oracle Database Server. The supported version that is affected is 19c. Easily exploitable vulnerability allows unauthenticated attacker with network access via HTTP to compr,https://github.com/Live-Hack-CVE/CVE-2022-21606,"['cve-2 OR cve_2', 'exploit']",2,2022-12-29T00:47:59+0000,2,0,,0,['CVE-2022-21606']
Live-Hack-CVE/CVE-2022-21622,Vulnerability in the Oracle SOA Suite product of Oracle Fusion Middleware (component: Adapters). Supported versions that are affected are 12.2.1.3.0 and 12.2.1.4.0. Easily exploitable vulnerability allows unauthenticated attacker with network access via HT,https://github.com/Live-Hack-CVE/CVE-2022-21622,"['cve-2 OR cve_2', 'exploit']",2,2022-12-29T00:47:56+0000,1,0,,0,['CVE-2022-21622']
Live-Hack-CVE/CVE-2022-21623,Vulnerability in the Enterprise Manager Base Platform product of Oracle Enterprise Manager (component: Application Config Console). Supported versions that are affected are 13.4.0.0 and 13.5.0.0. Easily exploitable vulnerability allows unauthenticated atta,https://github.com/Live-Hack-CVE/CVE-2022-21623,"['cve-2 OR cve_2', 'exploit']",2,2022-12-29T00:47:53+0000,1,0,,0,['CVE-2022-21623']
Live-Hack-CVE/CVE-2022-22218,"On SRX Series devices, an Improper Check for Unusual or Exceptional Conditions when using Certificate Management Protocol Version 2 (CMPv2) auto re-enrollment, allows a network-based, unauthenticated attacker to cause a Denial of Service (DoS) by crashing ",https://github.com/Live-Hack-CVE/CVE-2022-22218,['cve-2 OR cve_2'],1,2022-12-29T00:47:44+0000,9,0,,0,['CVE-2022-22218']
Live-Hack-CVE/CVE-2022-43035,"An issue was discovered in Bento4 v1.6.0-639. There is a heap-buffer-overflow in AP4_Dec3Atom::AP4_Dec3Atom at Ap4Dec3Atom.cpp, leading to a Denial of Service (DoS), as demonstrated by mp42aac. CVE project by @Sn0wAlice",https://github.com/Live-Hack-CVE/CVE-2022-43035,"['cve-2 OR cve_2', 'heap overflow']",2,2022-12-29T00:46:38+0000,1,0,,0,['CVE-2022-43035']
Live-Hack-CVE/CVE-2022-25718,"Cryptographic issue in WLAN due to improper check on return value while authentication handshake in Snapdragon Auto, Snapdragon Connectivity, Snapdragon Consumer Electronics Connectivity, Snapdragon Consumer IOT, Snapdragon Industrial IOT, Snapdragon IoT, ",https://github.com/Live-Hack-CVE/CVE-2022-25718,['cve-2 OR cve_2'],1,2022-12-29T00:47:41+0000,3,0,,0,['CVE-2022-25718']
Live-Hack-CVE/CVE-2022-33874,"An improper neutralization of special elements used in an OS Command ('OS Command Injection') vulnerabilities [CWE-78] in SSH login components of FortiTester 2.3.0 through 3.9.1, 4.0.0 through 4.2.0, 7.0.0 through 7.1.0 may allow an unauthenticated remote ",https://github.com/Live-Hack-CVE/CVE-2022-33874,"['command injection', 'cve-2 OR cve_2']",2,2022-12-29T00:47:37+0000,1,0,,0,['CVE-2022-33874']
Live-Hack-CVE/CVE-2022-33873,"An improper neutralization of special elements used in an OS Command ('OS Command Injection') vulnerabilities [CWE-78] in Console login components of FortiTester 2.3.0 through 3.9.1, 4.0.0 through 4.2.0, 7.0.0 through 7.1.0 may allow an unauthenticated att",https://github.com/Live-Hack-CVE/CVE-2022-33873,"['command injection', 'cve-2 OR cve_2']",2,2022-12-29T00:47:34+0000,1,0,,0,['CVE-2022-33873']
Live-Hack-CVE/CVE-2022-33872,"An improper neutralization of special elements used in an OS Command ('OS Command Injection') vulnerabilities [CWE-78] in Telnet login components of FortiTester 2.3.0 through 3.9.1, 4.0.0 through 4.2.0, 7.0.0 through 7.1.0 may allow an unauthenticated remo",https://github.com/Live-Hack-CVE/CVE-2022-33872,"['command injection', 'cve-2 OR cve_2']",2,2022-12-29T00:47:31+0000,1,0,,0,['CVE-2022-33872']
Live-Hack-CVE/CVE-2022-25719,"Information disclosure in WLAN due to improper length check while processing authentication handshake in Snapdragon Auto, Snapdragon Connectivity, Snapdragon Consumer Electronics Connectivity, Snapdragon Consumer IOT, Snapdragon Industrial IOT, Snapdragon ",https://github.com/Live-Hack-CVE/CVE-2022-25719,['cve-2 OR cve_2'],1,2022-12-29T00:47:10+0000,3,0,,0,['CVE-2022-25719']
Live-Hack-CVE/CVE-2022-25720,"Memory corruption in WLAN due to out of bound array access during connect/roaming in Snapdragon Auto, Snapdragon Compute, Snapdragon Connectivity, Snapdragon Consumer Electronics Connectivity, Snapdragon Consumer IOT, Snapdragon Industrial IOT, Snapdragon ",https://github.com/Live-Hack-CVE/CVE-2022-25720,['cve-2 OR cve_2'],1,2022-12-29T00:47:07+0000,3,0,,0,['CVE-2022-25720']
Live-Hack-CVE/CVE-2022-43033,An issue was discovered in Bento4 1.6.0-639. There is a bad free in the component AP4_HdlrAtom::~AP4_HdlrAtom() which allows attackers to cause a Denial of Service (DoS) via a crafted input. CVE project by @Sn0wAlice,https://github.com/Live-Hack-CVE/CVE-2022-43033,['cve-2 OR cve_2'],1,2022-12-29T00:47:03+0000,1,0,,0,['CVE-2022-43033']
Live-Hack-CVE/CVE-2022-25666,"Memory corruption due to use after free in service while trying to access maps by different threads in Snapdragon Auto, Snapdragon Compute, Snapdragon Consumer IOT, Snapdragon Industrial IOT, Snapdragon Mobile, Snapdragon Wearables, Snapdragon Wired Infras",https://github.com/Live-Hack-CVE/CVE-2022-25666,['cve-2 OR cve_2'],1,2022-12-29T00:46:59+0000,3,0,,0,['CVE-2022-25666']
Live-Hack-CVE/CVE-2022-43032,"An issue was discovered in Bento4 v1.6.0-639. There is a memory leak in AP4_DescriptorFactory::CreateDescriptorFromStream in Core/Ap4DescriptorFactory.cpp, as demonstrated by mp42aac. CVE project by @Sn0wAlice",https://github.com/Live-Hack-CVE/CVE-2022-43032,['cve-2 OR cve_2'],1,2022-12-29T00:46:56+0000,1,0,,0,['CVE-2022-43032']
Live-Hack-CVE/CVE-2022-43038,Bento4 v1.6.0-639 was discovered to contain a heap overflow via the AP4_BitReader::ReadCache() function in mp42ts. CVE project by @Sn0wAlice,https://github.com/Live-Hack-CVE/CVE-2022-43038,"['cve-2 OR cve_2', 'heap overflow']",2,2022-12-29T00:46:53+0000,1,0,,0,['CVE-2022-43038']
Live-Hack-CVE/CVE-2022-1738,"Fuji Electric D300win prior to version 3.7.1.17 is vulnerable to an out-of-bounds read, which could allow an attacker to leak sensitive data from the process memory. CVE project by @Sn0wAlice",https://github.com/Live-Hack-CVE/CVE-2022-1738,['cve-2 OR cve_2'],1,2022-12-29T00:46:48+0000,1,0,,0,['CVE-2022-1738']
Live-Hack-CVE/CVE-2022-38107,Sensitive information could be displayed when a detailed technical error message is posted. This information could disclose environmental details. CVE project by @Sn0wAlice,https://github.com/Live-Hack-CVE/CVE-2022-38107,['cve-2 OR cve_2'],1,2022-12-29T00:46:45+0000,1,0,,0,['CVE-2022-38107']
Live-Hack-CVE/CVE-2022-43034,An issue was discovered in Bento4 v1.6.0-639. There is a heap buffer overflow vulnerability in the AP4_BitReader::SkipBits(unsigned int) function in mp42ts. CVE project by @Sn0wAlice,https://github.com/Live-Hack-CVE/CVE-2022-43034,"['cve-2 OR cve_2', 'heap overflow']",2,2022-12-29T00:46:42+0000,1,0,,0,['CVE-2022-43034']
Live-Hack-CVE/CVE-2022-43026,Tenda TX3 US_TX3V1.0br_V16.03.13.11_multi_TDE01 was discovered to contain a stack overflow via the endIp parameter at /goform/SetPptpServerCfg. CVE project by @Sn0wAlice,https://github.com/Live-Hack-CVE/CVE-2022-43026,['cve-2 OR cve_2'],1,2022-12-29T01:23:40+0000,1,0,,0,['CVE-2022-43026']
Live-Hack-CVE/CVE-2022-43027,Tenda TX3 US_TX3V1.0br_V16.03.13.11_multi_TDE01 was discovered to contain a stack overflow via the firewallEn parameter at /goform/SetFirewallCfg. CVE project by @Sn0wAlice,https://github.com/Live-Hack-CVE/CVE-2022-43027,['cve-2 OR cve_2'],1,2022-12-29T01:23:44+0000,1,0,,0,['CVE-2022-43027']
Live-Hack-CVE/CVE-2022-43028,Tenda TX3 US_TX3V1.0br_V16.03.13.11_multi_TDE01 was discovered to contain a stack overflow via the timeZone parameter at /goform/SetSysTimeCfg. CVE project by @Sn0wAlice,https://github.com/Live-Hack-CVE/CVE-2022-43028,['cve-2 OR cve_2'],1,2022-12-29T01:23:47+0000,1,0,,0,['CVE-2022-43028']
Live-Hack-CVE/CVE-2022-43029,Tenda TX3 US_TX3V1.0br_V16.03.13.11_multi_TDE01 was discovered to contain a stack overflow via the time parameter at /goform/SetSysTimeCfg. CVE project by @Sn0wAlice,https://github.com/Live-Hack-CVE/CVE-2022-43029,['cve-2 OR cve_2'],1,2022-12-29T01:23:50+0000,1,0,,0,['CVE-2022-43029']
Live-Hack-CVE/CVE-2022-35711,Adobe ColdFusion versions Update 14 (and earlier) and Update 4 (and earlier) are affected by a Heap-based Buffer Overflow vulnerability that could result in arbitrary code execution in the context of the current user. Exploitation of this issue does not re,https://github.com/Live-Hack-CVE/CVE-2022-35711,"['cve-2 OR cve_2', 'exploit', 'heap overflow']",3,2022-12-29T01:30:44+0000,1,0,,0,['CVE-2022-35711']
Live-Hack-CVE/CVE-2022-38420,Adobe ColdFusion versions Update 14 (and earlier) and Update 4 (and earlier) are affected by a Use of Hard-coded Credentials vulnerability that could result in application denial-of-service by gaining access to start/stop arbitrary services. Exploitation o,https://github.com/Live-Hack-CVE/CVE-2022-38420,"['cve-2 OR cve_2', 'exploit']",2,2022-12-29T01:30:41+0000,1,0,,0,['CVE-2022-38420']
Live-Hack-CVE/CVE-2022-38418,Adobe ColdFusion versions Update 14 (and earlier) and Update 4 (and earlier) are affected by an Improper Limitation of a Pathname to a Restricted Directory ('Path Traversal') vulnerability that could result in arbitrary code execution in the context of the,https://github.com/Live-Hack-CVE/CVE-2022-38418,"['cve-2 OR cve_2', 'exploit']",2,2022-12-29T01:30:38+0000,1,0,,0,['CVE-2022-38418']
Live-Hack-CVE/CVE-2022-35710,Adobe ColdFusion versions Update 14 (and earlier) and Update 4 (and earlier) are affected by a Stack-based Buffer Overflow vulnerability that could result in arbitrary code execution in the context of the current user. Exploitation of this issue does not r,https://github.com/Live-Hack-CVE/CVE-2022-35710,"['cve-2 OR cve_2', 'exploit']",2,2022-12-29T01:30:34+0000,1,0,,0,['CVE-2022-35710']
Live-Hack-CVE/CVE-2022-38421,Adobe ColdFusion versions Update 14 (and earlier) and Update 4 (and earlier) are affected by an Improper Limitation of a Pathname to a Restricted Directory ('Path Traversal') vulnerability that could result in arbitrary code execution in the context of the,https://github.com/Live-Hack-CVE/CVE-2022-38421,"['cve-2 OR cve_2', 'exploit']",2,2022-12-29T01:30:31+0000,1,0,,0,['CVE-2022-38421']
Live-Hack-CVE/CVE-2022-43017,OpenCATS v0.9.6 was discovered to contain a reflected cross-site scripting (XSS) vulnerability via the indexFile component. CVE project by @Sn0wAlice,https://github.com/Live-Hack-CVE/CVE-2022-43017,['cve-2 OR cve_2'],1,2022-12-29T01:30:28+0000,1,0,,0,['CVE-2022-43017']
Live-Hack-CVE/CVE-2022-43016,OpenCATS v0.9.6 was discovered to contain a reflected cross-site scripting (XSS) vulnerability via the callback component. CVE project by @Sn0wAlice,https://github.com/Live-Hack-CVE/CVE-2022-43016,['cve-2 OR cve_2'],1,2022-12-29T01:30:24+0000,1,0,,0,['CVE-2022-43016']
Live-Hack-CVE/CVE-2022-43015,OpenCATS v0.9.6 was discovered to contain a reflected cross-site scripting (XSS) vulnerability via the entriesPerPage parameter. CVE project by @Sn0wAlice,https://github.com/Live-Hack-CVE/CVE-2022-43015,['cve-2 OR cve_2'],1,2022-12-29T01:30:21+0000,1,0,,0,['CVE-2022-43015']
Live-Hack-CVE/CVE-2022-43014,OpenCATS v0.9.6 was discovered to contain a reflected cross-site scripting (XSS) vulnerability via the joborderID parameter. CVE project by @Sn0wAlice,https://github.com/Live-Hack-CVE/CVE-2022-43014,['cve-2 OR cve_2'],1,2022-12-29T01:30:18+0000,1,0,,0,['CVE-2022-43014']
Live-Hack-CVE/CVE-2022-43023,OpenCATS v0.9.6 was discovered to contain a SQL injection vulnerability via the importID parameter in the Import viewerrors function. CVE project by @Sn0wAlice,https://github.com/Live-Hack-CVE/CVE-2022-43023,['cve-2 OR cve_2'],1,2022-12-29T01:30:14+0000,1,0,,0,['CVE-2022-43023']
Live-Hack-CVE/CVE-2022-43022,OpenCATS v0.9.6 was discovered to contain a SQL injection vulnerability via the tag_id variable in the Tag deletion function. CVE project by @Sn0wAlice,https://github.com/Live-Hack-CVE/CVE-2022-43022,['cve-2 OR cve_2'],1,2022-12-29T01:30:11+0000,1,0,,0,['CVE-2022-43022']
Live-Hack-CVE/CVE-2022-43021,OpenCATS v0.9.6 was discovered to contain a SQL injection vulnerability via the entriesPerPage variable. CVE project by @Sn0wAlice,https://github.com/Live-Hack-CVE/CVE-2022-43021,['cve-2 OR cve_2'],1,2022-12-29T01:30:08+0000,1,0,,0,['CVE-2022-43021']
Live-Hack-CVE/CVE-2022-43020,OpenCATS v0.9.6 was discovered to contain a SQL injection vulnerability via the tag_id variable in the Tag update function. CVE project by @Sn0wAlice,https://github.com/Live-Hack-CVE/CVE-2022-43020,['cve-2 OR cve_2'],1,2022-12-29T01:30:04+0000,1,0,,0,['CVE-2022-43020']
Live-Hack-CVE/CVE-2022-43019,OpenCATS v0.9.6 was discovered to contain a remote code execution (RCE) vulnerability via the getDataGridPager's ajax functionality. CVE project by @Sn0wAlice,https://github.com/Live-Hack-CVE/CVE-2022-43019,"['cve-2 OR cve_2', 'rce', 'remote code execution']",3,2022-12-29T01:30:01+0000,1,0,,0,['CVE-2022-43019']
Live-Hack-CVE/CVE-2022-43018,OpenCATS v0.9.6 was discovered to contain a reflected cross-site scripting (XSS) vulnerability via the email parameter in the Check Email function. CVE project by @Sn0wAlice,https://github.com/Live-Hack-CVE/CVE-2022-43018,['cve-2 OR cve_2'],1,2022-12-29T01:29:57+0000,1,0,,0,['CVE-2022-43018']
Live-Hack-CVE/CVE-2022-40055,An issue in GX Group GPON ONT Titanium 2122A T2122-V1.26EXL allows attackers to escalate privileges via a brute force attack at the login page. CVE project by @Sn0wAlice,https://github.com/Live-Hack-CVE/CVE-2022-40055,['cve-2 OR cve_2'],1,2022-12-29T01:29:54+0000,1,0,,0,['CVE-2022-40055']
Live-Hack-CVE/CVE-2022-3339,A reflected cross-site scripting (XSS) vulnerability in ePO prior to 5.10 Update 14 allows a remote unauthenticated attacker to potentially obtain access to an ePO administrator's session by convincing the authenticated ePO administrator to click on a care,https://github.com/Live-Hack-CVE/CVE-2022-3339,['cve-2 OR cve_2'],1,2022-12-29T01:29:51+0000,2,0,,0,['CVE-2022-3339']
Live-Hack-CVE/CVE-2022-38980,The HwAirlink module has a heap overflow vulnerability in processing data packets of the proprietary protocol.Successful exploitation of this vulnerability may allow attackers to obtain process control permissions. CVE project by @Sn0wAlice,https://github.com/Live-Hack-CVE/CVE-2022-38980,"['cve-2 OR cve_2', 'exploit', 'heap overflow']",3,2022-12-29T01:29:47+0000,1,0,,0,['CVE-2022-38980']
Live-Hack-CVE/CVE-2022-3338,An External XML entity (XXE) vulnerability in ePO prior to 5.10 Update 14 can lead to an unauthenticated remote attacker to potentially trigger a Server Side Request Forgery attack. This can be exploited by mimicking the Agent Handler call to ePO and passi,https://github.com/Live-Hack-CVE/CVE-2022-3338,"['cve-2 OR cve_2', 'exploit']",2,2022-12-29T01:29:44+0000,2,0,,0,['CVE-2022-3338']
Live-Hack-CVE/CVE-2022-3563,A vulnerability classified as problematic has been found in Linux Kernel. Affected is the function read_50_controller_cap_complete of the file tools/mgmt-tester.c of the component BlueZ. The manipulation of the argument cap_len leads to null pointer derefe,https://github.com/Live-Hack-CVE/CVE-2022-3563,['cve-2 OR cve_2'],1,2022-12-29T01:29:41+0000,1,0,,0,['CVE-2022-3563']
Live-Hack-CVE/CVE-2022-3566,"A vulnerability, which was classified as problematic, was found in Linux Kernel. This affects the function tcp_getsockopt/tcp_setsockopt of the component TCP Handler. The manipulation leads to race condition. It is recommended to apply a patch to fix this ",https://github.com/Live-Hack-CVE/CVE-2022-3566,['cve-2 OR cve_2'],1,2022-12-29T01:29:31+0000,1,0,,0,['CVE-2022-3566']
Live-Hack-CVE/CVE-2022-38982,The fingerprint module has service logic errors.Successful exploitation of this vulnerability will cause the phone lock to be cracked. CVE project by @Sn0wAlice,https://github.com/Live-Hack-CVE/CVE-2022-38982,"['cve-2 OR cve_2', 'exploit']",2,2022-12-29T01:29:27+0000,1,0,,0,['CVE-2022-38982']
Live-Hack-CVE/CVE-2017-20149,"The Mikrotik RouterOS web server allows memory corruption in releases before Stable 6.38.5 and Long-term 6.37.5, aka Chimay-Red. A remote and unauthenticated user can trigger the vulnerability by sending a crafted HTTP request. An attacker can use this vul",https://github.com/Live-Hack-CVE/CVE-2017-20149,['cve-2 OR cve_2'],1,2022-12-29T01:29:24+0000,2,0,,0,['CVE-2017-20149']
Live-Hack-CVE/CVE-2022-41477,A security issue was discovered in WeBid <=1.2.2. A Server-Side Request Forgery (SSRF) vulnerability in the admin/theme.php file allows remote attackers to inject payloads via theme parameters to read files across directories. CVE project by @Sn0wAlice,https://github.com/Live-Hack-CVE/CVE-2022-41477,['cve-2 OR cve_2'],1,2022-12-29T01:29:21+0000,1,0,,0,['CVE-2022-41477']
Live-Hack-CVE/CVE-2022-3519,A vulnerability classified as problematic was found in SourceCodester Sanitization Management System 1.0. Affected by this vulnerability is an unknown functionality of the component Quote Requests Tab. The manipulation of the argument Manage Remarks leads ,https://github.com/Live-Hack-CVE/CVE-2022-3519,['cve-2 OR cve_2'],1,2022-12-29T01:29:17+0000,1,0,,0,['CVE-2022-3519']
Live-Hack-CVE/CVE-2022-42975,socket/transport.ex in Phoenix before 1.6.14 mishandles check_origin wildcarding. NOTE: LiveView applications are unaffected by default because of the presence of a LiveView CSRF token. CVE project by @Sn0wAlice,https://github.com/Live-Hack-CVE/CVE-2022-42975,['cve-2 OR cve_2'],1,2022-12-29T01:29:14+0000,2,0,,0,['CVE-2022-42975']
Live-Hack-CVE/CVE-2022-3501,Article template contents with sensitive data could be accessed from agents without permissions. CVE project by @Sn0wAlice,https://github.com/Live-Hack-CVE/CVE-2022-3501,['cve-2 OR cve_2'],1,2022-12-29T01:28:58+0000,1,0,,0,['CVE-2022-3501']
Live-Hack-CVE/CVE-2022-3283,"A potential DOS vulnerability was discovered in GitLab CE/EE affecting all versions before before 15.2.5, all versions starting from 15.3 before 15.3.4, all versions starting from 15.4 before 15.4.1 While cloning an issue with special crafted content added",https://github.com/Live-Hack-CVE/CVE-2022-3283,['cve-2 OR cve_2'],1,2022-12-29T01:28:54+0000,17,0,,0,['CVE-2022-3283']
Live-Hack-CVE/CVE-2022-3279,"An unhandled exception in job log parsing in GitLab CE/EE affecting all versions prior to 15.2.5, 15.3 prior to 15.3.4, and 15.4 prior to 15.4.1 allows an attacker to prevent access to job logs CVE project by @Sn0wAlice",https://github.com/Live-Hack-CVE/CVE-2022-3279,['cve-2 OR cve_2'],1,2022-12-29T01:28:50+0000,16,0,,0,['CVE-2022-3279']
Live-Hack-CVE/CVE-2022-35712,Adobe ColdFusion versions Update 14 (and earlier) and Update 4 (and earlier) are affected by a Heap-based Buffer Overflow vulnerability that could result in arbitrary code execution in the context of the current user. Exploitation of this issue does not re,https://github.com/Live-Hack-CVE/CVE-2022-35712,"['cve-2 OR cve_2', 'exploit', 'heap overflow']",3,2022-12-29T01:31:08+0000,1,0,,0,['CVE-2022-35712']
Live-Hack-CVE/CVE-2022-21634,"Vulnerability in the Oracle GraalVM Enterprise Edition product of Oracle Java SE (component: LLVM Interpreter). Supported versions that are affected are Oracle GraalVM Enterprise Edition: 20.3.7, 21.3.3 and 22.2.0. Easily exploitable vulnerability allows u",https://github.com/Live-Hack-CVE/CVE-2022-21634,"['cve-2 OR cve_2', 'exploit']",2,2022-12-29T01:31:12+0000,1,0,,0,['CVE-2022-21634']
Live-Hack-CVE/CVE-2022-21636,Vulnerability in the Oracle Applications Framework product of Oracle E-Business Suite (component: Session Management). Supported versions that are affected are 12.2.6-12.2.11. Easily exploitable vulnerability allows low privileged attacker with network acc,https://github.com/Live-Hack-CVE/CVE-2022-21636,"['cve-2 OR cve_2', 'exploit']",2,2022-12-29T01:31:18+0000,1,0,,0,['CVE-2022-21636']
Live-Hack-CVE/CVE-2022-3540,An issue has been discovered in hunter2 affecting all versions before 2.1.0. Improper handling of auto-completion input allows an authenticated attacker to extract other users email addresses CVE project by @Sn0wAlice,https://github.com/Live-Hack-CVE/CVE-2022-3540,['cve-2 OR cve_2'],1,2022-12-29T01:32:12+0000,1,0,,0,['CVE-2022-3540']
Live-Hack-CVE/CVE-2022-1343,The function `OCSP_basic_verify` verifies the signer certificate on an OCSP response. In the case where the (non-default) flag OCSP_NOCHECKS is used then the response will be positive (meaning a successful verification) even in the case where the response ,https://github.com/Live-Hack-CVE/CVE-2022-1343,['cve-2 OR cve_2'],1,2022-12-29T01:33:15+0000,3,0,,0,['CVE-2022-1343']
Live-Hack-CVE/CVE-2022-1473,"The OPENSSL_LH_flush() function, which empties a hash table, contains a bug that breaks reuse of the memory occuppied by the removed hash table entries. This function is used when decoding certificates or keys. If a long lived process periodically decodes ",https://github.com/Live-Hack-CVE/CVE-2022-1473,['cve-2 OR cve_2'],1,2022-12-29T01:33:12+0000,2,0,,0,['CVE-2022-1473']
Live-Hack-CVE/CVE-2022-42142,Online Tours & Travels Management System v1.0 is vulnerable to Arbitrary code execution via ip/tour/admin/operations/update_settings.php. CVE project by @Sn0wAlice,https://github.com/Live-Hack-CVE/CVE-2022-42142,['cve-2 OR cve_2'],1,2022-12-29T01:33:09+0000,1,0,,0,['CVE-2022-42142']
Live-Hack-CVE/CVE-2021-25667,"A vulnerability has been identified in RUGGEDCOM RM1224 (All versions >= V4.3 and < V6.4), SCALANCE M-800 (All versions >= V4.3 and < V6.4), SCALANCE S615 (All versions >= V4.3 and < V6.4), SCALANCE SC-600 Family (All versions >= V2.0 and < V2.1.3), SCALAN",https://github.com/Live-Hack-CVE/CVE-2021-25667,['cve-2 OR cve_2'],1,2022-12-29T01:33:05+0000,2,0,,0,['CVE-2021-25667']
Live-Hack-CVE/CVE-2021-40358,"A vulnerability has been identified in SIMATIC PCS 7 V8.2 (All versions), SIMATIC PCS 7 V9.0 (All versions < V9.0 SP3 UC04), SIMATIC PCS 7 V9.1 (All versions < V9.1 SP1), SIMATIC WinCC V15 and earlier (All versions < V15 SP1 Update 7), SIMATIC WinCC V16 (A",https://github.com/Live-Hack-CVE/CVE-2021-40358,['cve-2 OR cve_2'],1,2022-12-29T01:33:02+0000,2,0,,0,['CVE-2021-40358']
Live-Hack-CVE/CVE-2020-15798,"A vulnerability has been identified in SIMATIC HMI Comfort Panels (incl. SIPLUS variants) (All versions < V16 Update 3a), SIMATIC HMI KTP Mobile Panels (All versions < V16 Update 3a), SINAMICS GH150 (All versions), SINAMICS GL150 (with option X30) (All ver",https://github.com/Live-Hack-CVE/CVE-2020-15798,['cve-2 OR cve_2'],1,2022-12-29T01:32:58+0000,2,0,,0,['CVE-2020-15798']
Live-Hack-CVE/CVE-2022-29587,Konica Minolta bizhub MFP devices before 2022-04-14 have an internal Chromium browser that executes with root (aka superuser) access privileges. CVE project by @Sn0wAlice,https://github.com/Live-Hack-CVE/CVE-2022-29587,['cve-2 OR cve_2'],1,2022-12-29T01:32:55+0000,2,0,,0,['CVE-2022-29587']
Live-Hack-CVE/CVE-2017-10274,"Vulnerability in the Java SE component of Oracle Java SE (subcomponent: Smart Card IO). Supported versions that are affected are Java SE: 6u161, 7u151, 8u144 and 9. Difficult to exploit vulnerability allows unauthenticated attacker with network access via ",https://github.com/Live-Hack-CVE/CVE-2017-10274,"['cve-2 OR cve_2', 'exploit']",2,2022-12-29T01:32:52+0000,4,0,,0,['CVE-2017-10274']
Live-Hack-CVE/CVE-2022-21597,"Vulnerability in the Oracle GraalVM Enterprise Edition product of Oracle Java SE (component: JavaScript). Supported versions that are affected are Oracle GraalVM Enterprise Edition: 20.3.7, 21.3.3 and 22.2.0. Easily exploitable vulnerability allows unauthe",https://github.com/Live-Hack-CVE/CVE-2022-21597,"['cve-2 OR cve_2', 'exploit']",2,2022-12-29T01:32:49+0000,1,0,,0,['CVE-2022-21597']
Live-Hack-CVE/CVE-2022-21598,Vulnerability in the Siebel Core - DB Deployment and Configuration product of Oracle Siebel CRM (component: Repository Utilities). Supported versions that are affected are 22.8 and prior. Easily exploitable vulnerability allows unauthenticated attacker wit,https://github.com/Live-Hack-CVE/CVE-2022-21598,"['cve-2 OR cve_2', 'exploit']",2,2022-12-29T01:32:45+0000,1,0,,0,['CVE-2022-21598']
Live-Hack-CVE/CVE-2022-21596,Vulnerability in the Oracle Database - Advanced Queuing component of Oracle Database Server. The supported version that is affected is 19c. Easily exploitable vulnerability allows high privileged attacker having DBA user privilege with network access via O,https://github.com/Live-Hack-CVE/CVE-2022-21596,"['cve-2 OR cve_2', 'exploit']",2,2022-12-29T01:32:42+0000,1,0,,0,['CVE-2022-21596']
Live-Hack-CVE/CVE-2022-21591,Vulnerability in the Oracle Transportation Management product of Oracle Supply Chain (component: UI Infrastructure). Supported versions that are affected are 6.4.3 and 6.5.1. Easily exploitable vulnerability allows low privileged attacker with network acce,https://github.com/Live-Hack-CVE/CVE-2022-21591,"['cve-2 OR cve_2', 'exploit']",2,2022-12-29T01:32:38+0000,1,0,,0,['CVE-2022-21591']
Live-Hack-CVE/CVE-2022-41431,xzs v3.8.0 was discovered to contain a cross-site scripting (XSS) vulnerability in the component /admin/question/edit. This vulnerability allows attackers to execute arbitrary web scripts or HTML via a crafted payload injected into the Title text field. CV,https://github.com/Live-Hack-CVE/CVE-2022-41431,['cve-2 OR cve_2'],1,2022-12-29T01:32:16+0000,1,0,,0,['CVE-2022-41431']
Live-Hack-CVE/CVE-2022-39401,Vulnerability in the Oracle Solaris product of Oracle Systems (component: Kernel). The supported version that is affected is 11. Easily exploitable vulnerability allows low privileged attacker with logon to the infrastructure where Oracle Solaris executes ,https://github.com/Live-Hack-CVE/CVE-2022-39401,"['cve-2 OR cve_2', 'exploit']",2,2022-12-29T01:32:09+0000,1,0,,0,['CVE-2022-39401']
Live-Hack-CVE/CVE-2022-21631,Vulnerability in the JD Edwards EnterpriseOne Tools product of Oracle JD Edwards (component: Design Tools SEC). Supported versions that are affected are 9.2.6.4 and prior. Easily exploitable vulnerability allows unauthenticated attacker with network access,https://github.com/Live-Hack-CVE/CVE-2022-21631,"['cve-2 OR cve_2', 'exploit']",2,2022-12-29T01:31:22+0000,2,0,,0,['CVE-2022-21631']
Live-Hack-CVE/CVE-2022-39403,Vulnerability in the MySQL Shell product of Oracle MySQL (component: Shell: Core Client). Supported versions that are affected are 8.0.30 and prior. Easily exploitable vulnerability allows low privileged attacker with logon to the infrastructure where MySQ,https://github.com/Live-Hack-CVE/CVE-2022-39403,"['cve-2 OR cve_2', 'exploit']",2,2022-12-29T01:32:06+0000,2,0,,0,['CVE-2022-39403']
Live-Hack-CVE/CVE-2022-39406,Vulnerability in the PeopleSoft Enterprise Common Components product of Oracle PeopleSoft (component: Approval Framework). The supported version that is affected is 9.2. Easily exploitable vulnerability allows low privileged attacker with network access vi,https://github.com/Live-Hack-CVE/CVE-2022-39406,"['cve-2 OR cve_2', 'exploit']",2,2022-12-29T01:32:02+0000,1,0,,0,['CVE-2022-39406']
Live-Hack-CVE/CVE-2022-39404,Vulnerability in the MySQL Installer product of Oracle MySQL (component: Installer: General). Supported versions that are affected are 1.6.3 and prior. Difficult to exploit vulnerability allows low privileged attacker with logon to the infrastructure where,https://github.com/Live-Hack-CVE/CVE-2022-39404,"['cve-2 OR cve_2', 'exploit']",2,2022-12-29T01:31:59+0000,2,0,,0,['CVE-2022-39404']
Live-Hack-CVE/CVE-2022-39402,Vulnerability in the MySQL Shell product of Oracle MySQL (component: Shell: Core Client). Supported versions that are affected are 8.0.30 and prior. Easily exploitable vulnerability allows unauthenticated attacker with logon to the infrastructure where MyS,https://github.com/Live-Hack-CVE/CVE-2022-39402,"['cve-2 OR cve_2', 'exploit']",2,2022-12-29T01:31:55+0000,2,0,,0,['CVE-2022-39402']
Live-Hack-CVE/CVE-2022-39407,"Vulnerability in the PeopleSoft Enterprise PeopleTools product of Oracle PeopleSoft (component: Security). Supported versions that are affected are 8.58, 8.59 and 8.60. Easily exploitable vulnerability allows low privileged attacker with logon to the infra",https://github.com/Live-Hack-CVE/CVE-2022-39407,"['cve-2 OR cve_2', 'exploit']",2,2022-12-29T01:31:52+0000,1,0,,0,['CVE-2022-39407']
Live-Hack-CVE/CVE-2022-39409,Vulnerability in the Oracle Transportation Management product of Oracle Supply Chain (component: Business Process Automation). Supported versions that are affected are 6.4.3 and 6.5.1. Easily exploitable vulnerability allows high privileged attacker with n,https://github.com/Live-Hack-CVE/CVE-2022-39409,"['cve-2 OR cve_2', 'exploit']",2,2022-12-29T01:31:48+0000,1,0,,0,['CVE-2022-39409']
Live-Hack-CVE/CVE-2022-39420,"Vulnerability in the Oracle Transportation Management product of Oracle Supply Chain (component: Data, Functional Security). Supported versions that are affected are 6.4.3 and 6.5.1. Easily exploitable vulnerability allows low privileged attacker with netw",https://github.com/Live-Hack-CVE/CVE-2022-39420,"['cve-2 OR cve_2', 'exploit']",2,2022-12-29T01:31:45+0000,1,0,,0,['CVE-2022-39420']
Live-Hack-CVE/CVE-2022-39411,Vulnerability in the Oracle Transportation Management product of Oracle Supply Chain (component: Business Process Automation). Supported versions that are affected are 6.4.3 and 6.5.1. Easily exploitable vulnerability allows high privileged attacker with n,https://github.com/Live-Hack-CVE/CVE-2022-39411,"['cve-2 OR cve_2', 'exploit']",2,2022-12-29T01:31:42+0000,1,0,,0,['CVE-2022-39411']
Live-Hack-CVE/CVE-2022-39428,Vulnerability in the Oracle Web Applications Desktop Integrator product of Oracle E-Business Suite (component: Upload). Supported versions that are affected are 12.2.3-12.2.11. Easily exploitable vulnerability allows unauthenticated attacker with network a,https://github.com/Live-Hack-CVE/CVE-2022-39428,"['cve-2 OR cve_2', 'exploit']",2,2022-12-29T01:31:38+0000,1,0,,0,['CVE-2022-39428']
Live-Hack-CVE/CVE-2022-39427,Vulnerability in the Oracle VM VirtualBox product of Oracle Virtualization (component: Core). Supported versions that are affected are Prior to 6.1.40. Easily exploitable vulnerability allows low privileged attacker with logon to the infrastructure where O,https://github.com/Live-Hack-CVE/CVE-2022-39427,"['cve-2 OR cve_2', 'exploit']",2,2022-12-29T01:31:35+0000,3,0,,0,['CVE-2022-39427']
Live-Hack-CVE/CVE-2022-21629,Vulnerability in the JD Edwards EnterpriseOne Tools product of Oracle JD Edwards (component: Web Runtime SEC). Supported versions that are affected are 9.2.6.4 and prior. Easily exploitable vulnerability allows low privileged attacker with network access v,https://github.com/Live-Hack-CVE/CVE-2022-21629,"['cve-2 OR cve_2', 'exploit']",2,2022-12-29T01:31:32+0000,2,0,,0,['CVE-2022-21629']
Live-Hack-CVE/CVE-2022-21603,Vulnerability in the Oracle Database - Sharding component of Oracle Database Server. Supported versions that are affected are 19c and 21c. Easily exploitable vulnerability allows high privileged attacker having Local Logon privilege with network access via,https://github.com/Live-Hack-CVE/CVE-2022-21603,"['cve-2 OR cve_2', 'exploit']",2,2022-12-29T01:31:28+0000,1,0,,0,['CVE-2022-21603']
Live-Hack-CVE/CVE-2022-21630,Vulnerability in the JD Edwards EnterpriseOne Tools product of Oracle JD Edwards (component: Web Runtime SEC). Supported versions that are affected are 9.2.6.4 and prior. Easily exploitable vulnerability allows unauthenticated attacker with network access ,https://github.com/Live-Hack-CVE/CVE-2022-21630,"['cve-2 OR cve_2', 'exploit']",2,2022-12-29T01:31:25+0000,2,0,,0,['CVE-2022-21630']
Live-Hack-CVE/CVE-2022-39052,An external attacker is able to send a specially crafted email (with many recipients) and trigger a potential DoS of the system CVE project by @Sn0wAlice,https://github.com/Live-Hack-CVE/CVE-2022-39052,['cve-2 OR cve_2'],1,2022-12-29T01:28:47+0000,2,0,,0,['CVE-2022-39052']
Live-Hack-CVE/CVE-2022-3286,"Lack of IP address checking in GitLab EE affecting all versions from 14.2 prior to 15.2.5, 15.3 prior to 15.3.4, and 15.4 prior to 15.4.1 allows a group member to bypass IP restrictions when using a deploy token CVE project by @Sn0wAlice",https://github.com/Live-Hack-CVE/CVE-2022-3286,['cve-2 OR cve_2'],1,2022-12-29T01:28:43+0000,1,0,,0,['CVE-2022-3286']
Live-Hack-CVE/CVE-2022-3288,"A branch/tag name confusion in GitLab CE/EE affecting all versions prior to 15.2.5, 15.3 prior to 15.3.4, and 15.4 prior to 15.4.1 allows an attacker to manipulate pages where the content of the default branch would be expected. CVE project by @Sn0wAlice",https://github.com/Live-Hack-CVE/CVE-2022-3288,['cve-2 OR cve_2'],1,2022-12-29T01:28:40+0000,17,0,,0,['CVE-2022-3288']
Live-Hack-CVE/CVE-2022-31122,"Wire is an encrypted communication and collaboration platform. Versions prior to 2022-07-12/Chart 4.19.0 are subject to Token Recipient Confusion. If an attacker has certain details of SAML IdP metadata, and configures their own SAML on the same backend, t",https://github.com/Live-Hack-CVE/CVE-2022-31122,['cve-2 OR cve_2'],1,2022-12-29T01:25:12+0000,2,0,,0,['CVE-2022-31122']
Live-Hack-CVE/CVE-2022-39412,Vulnerability in the Oracle Access Manager product of Oracle Fusion Middleware (component: Admin Console). The supported version that is affected is 12.2.1.4.0. Easily exploitable vulnerability allows unauthenticated attacker with network access via HTTP t,https://github.com/Live-Hack-CVE/CVE-2022-39412,"['cve-2 OR cve_2', 'exploit']",2,2022-12-29T01:26:11+0000,1,0,,0,['CVE-2022-39412']
Live-Hack-CVE/CVE-2022-22246,"A PHP Local File Inclusion (LFI) vulnerability in the J-Web component of Juniper Networks Junos OS may allow a low-privileged authenticated attacker to execute an untrusted PHP file. By chaining this vulnerability with other unspecified vulnerabilities, an",https://github.com/Live-Hack-CVE/CVE-2022-22246,['cve-2 OR cve_2'],1,2022-12-29T01:25:53+0000,9,0,,0,['CVE-2022-22246']
Live-Hack-CVE/CVE-2022-22247,"An Improper Input Validation vulnerability in ingress TCP segment processing of Juniper Networks Junos OS Evolved allows a network-based unauthenticated attacker to send a crafted TCP segment to the device, triggering a kernel panic, leading to a Denial of",https://github.com/Live-Hack-CVE/CVE-2022-22247,['cve-2 OR cve_2'],1,2022-12-29T01:25:49+0000,1,0,,0,['CVE-2022-22247']
Live-Hack-CVE/CVE-2022-22248,An Incorrect Permission Assignment vulnerability in shell processing of Juniper Networks Junos OS Evolved allows a low-privileged local user to modify the contents of a configuration file which could cause another user to execute arbitrary commands within ,https://github.com/Live-Hack-CVE/CVE-2022-22248,['cve-2 OR cve_2'],1,2022-12-29T01:25:46+0000,2,0,,0,['CVE-2022-22248']
Live-Hack-CVE/CVE-2022-31037,"OroCommerce is an open-source Business to Business Commerce application. Versions between 4.1.0 and 4.1.17 inclusive, 4.2.0 and 4.2.11 inclusive, and between 5.0.0 and 5.0.3 inclusive, are vulnerable to Cross-site Scripting in the UPS Surcharge field of th",https://github.com/Live-Hack-CVE/CVE-2022-31037,['cve-2 OR cve_2'],1,2022-12-29T01:25:43+0000,2,0,,0,['CVE-2022-31037']
Live-Hack-CVE/CVE-2022-21602,"Vulnerability in the PeopleSoft Enterprise PeopleTools product of Oracle PeopleSoft (component: Portal). Supported versions that are affected are 8.58, 8.59 and 8.60. Easily exploitable vulnerability allows unauthenticated attacker with network access via ",https://github.com/Live-Hack-CVE/CVE-2022-21602,"['cve-2 OR cve_2', 'exploit']",2,2022-12-29T01:25:39+0000,1,0,,0,['CVE-2022-21602']
Live-Hack-CVE/CVE-2022-42961,"An issue was discovered in wolfSSL before 5.5.0. A fault injection attack on RAM via Rowhammer leads to ECDSA key disclosure. Users performing signing operations with private ECC keys, such as in server-side TLS connections, might leak faulty ECC signature",https://github.com/Live-Hack-CVE/CVE-2022-42961,['cve-2 OR cve_2'],1,2022-12-29T01:25:36+0000,2,0,,0,['CVE-2022-42961']
Live-Hack-CVE/CVE-2022-21616,"Vulnerability in the Oracle WebLogic Server product of Oracle Fusion Middleware (component: Web Container). Supported versions that are affected are 12.2.1.3.0, 12.2.1.4.0 and 14.1.1.0.0. Difficult to exploit vulnerability allows high privileged attacker w",https://github.com/Live-Hack-CVE/CVE-2022-21616,"['cve-2 OR cve_2', 'exploit']",2,2022-12-29T01:25:33+0000,2,0,,0,['CVE-2022-21616']
Live-Hack-CVE/CVE-2022-21615,Vulnerability in the Oracle Enterprise Data Quality product of Oracle Fusion Middleware (component: Dashboard). Supported versions that are affected are 12.2.1.3.0 and 12.2.1.4.0. Easily exploitable vulnerability allows unauthenticated attacker with networ,https://github.com/Live-Hack-CVE/CVE-2022-21615,"['cve-2 OR cve_2', 'exploit']",2,2022-12-29T01:25:29+0000,2,0,,0,['CVE-2022-21615']
Live-Hack-CVE/CVE-2022-21614,Vulnerability in the Oracle Enterprise Data Quality product of Oracle Fusion Middleware (component: Dashboard). Supported versions that are affected are 12.2.1.3.0 and 12.2.1.4.0. Easily exploitable vulnerability allows unauthenticated attacker with networ,https://github.com/Live-Hack-CVE/CVE-2022-21614,"['cve-2 OR cve_2', 'exploit']",2,2022-12-29T01:25:26+0000,1,0,,0,['CVE-2022-21614']
Live-Hack-CVE/CVE-2022-21613,Vulnerability in the Oracle Enterprise Data Quality product of Oracle Fusion Middleware (component: Dashboard). Supported versions that are affected are 12.2.1.3.0 and 12.2.1.4.0. Easily exploitable vulnerability allows unauthenticated attacker with networ,https://github.com/Live-Hack-CVE/CVE-2022-21613,"['cve-2 OR cve_2', 'exploit']",2,2022-12-29T01:25:23+0000,2,0,,0,['CVE-2022-21613']
Live-Hack-CVE/CVE-2022-21612,Vulnerability in the Oracle Enterprise Data Quality product of Oracle Fusion Middleware (component: Dashboard). Supported versions that are affected are 12.2.1.3.0 and 12.2.1.4.0. Easily exploitable vulnerability allows low privileged attacker with network,https://github.com/Live-Hack-CVE/CVE-2022-21612,"['cve-2 OR cve_2', 'exploit']",2,2022-12-29T01:25:19+0000,1,0,,0,['CVE-2022-21612']
Live-Hack-CVE/CVE-2022-3595,A vulnerability was found in Linux Kernel. It has been rated as problematic. Affected by this issue is the function sess_free_buffer of the file fs/cifs/sess.c of the component CIFS Handler. The manipulation leads to double free. It is recommended to apply,https://github.com/Live-Hack-CVE/CVE-2022-3595,['cve-2 OR cve_2'],1,2022-12-29T01:25:16+0000,34,0,,0,['CVE-2022-3595']
Live-Hack-CVE/CVE-2022-42188,"In Lavalite 9.0.0, the XSRF-TOKEN cookie is vulnerable to path traversal attacks, enabling read access to arbitrary files on the server. CVE project by @Sn0wAlice",https://github.com/Live-Hack-CVE/CVE-2022-42188,['cve-2 OR cve_2'],1,2022-12-29T01:25:08+0000,1,0,,0,['CVE-2022-42188']
Live-Hack-CVE/CVE-2022-42149,kkFileView 4.0 is vulnerable to Server-side request forgery (SSRF) via controller\OnlinePreviewController.java. CVE project by @Sn0wAlice,https://github.com/Live-Hack-CVE/CVE-2022-42149,['cve-2 OR cve_2'],1,2022-12-29T01:26:20+0000,1,0,,0,['CVE-2022-42149']
Live-Hack-CVE/CVE-2022-39198,"A deserialization vulnerability existed in dubbo hessian-lite 3.2.12 and its earlier versions, which could lead to malicious code execution. This issue affects Apache Dubbo 2.7.x version 2.7.17 and prior versions; Apache Dubbo 3.0.x version 3.0.11 and prio",https://github.com/Live-Hack-CVE/CVE-2022-39198,['cve-2 OR cve_2'],1,2022-12-29T01:24:34+0000,1,0,,0,['CVE-2022-39198']
Live-Hack-CVE/CVE-2022-43260,Tenda AC18 V15.03.05.19(6318) was discovered to contain a stack overflow via the time parameter in the fromSetSysTime function. CVE project by @Sn0wAlice,https://github.com/Live-Hack-CVE/CVE-2022-43260,['cve-2 OR cve_2'],1,2022-12-29T01:24:31+0000,1,0,,0,['CVE-2022-43260']
Live-Hack-CVE/CVE-2022-43259,Tenda AC15 V15.03.05.18 was discovered to contain a stack overflow via the timeZone parameter in the form_fast_setting_wifi_set function. CVE project by @Sn0wAlice,https://github.com/Live-Hack-CVE/CVE-2022-43259,['cve-2 OR cve_2'],1,2022-12-29T01:24:28+0000,1,0,,0,['CVE-2022-43259']
Live-Hack-CVE/CVE-2022-41547,Mobile Security Framework (MobSF) v0.9.2 and below was discovered to contain a local file inclusion (LFI) vulnerability in the StaticAnalyzer/views.py script. This vulnerability allows attackers to read arbitrary files via a crafted HTTP request. CVE proje,https://github.com/Live-Hack-CVE/CVE-2022-41547,['cve-2 OR cve_2'],1,2022-12-29T01:24:24+0000,1,0,,0,['CVE-2022-41547']
Live-Hack-CVE/CVE-2022-41541,TP-Link AX10v1 V1_211117 allows attackers to execute a replay attack by using a previously transmitted encrypted authentication message and valid authentication token. Attackers are able to login to the web application as an admin user. CVE project by @Sn0,https://github.com/Live-Hack-CVE/CVE-2022-41541,['cve-2 OR cve_2'],1,2022-12-29T01:24:21+0000,1,0,,0,['CVE-2022-41541']
Live-Hack-CVE/CVE-2022-41540,The web app client of TP-Link AX10v1 V1_211117 uses hard-coded cryptographic keys when communicating with the router. Attackers who are able to intercept the communications between the web client and router through a man-in-the-middle attack can then obtai,https://github.com/Live-Hack-CVE/CVE-2022-41540,['cve-2 OR cve_2'],1,2022-12-29T01:24:18+0000,1,0,,0,['CVE-2022-41540']
Live-Hack-CVE/CVE-2020-2322,"Jenkins Chaos Monkey Plugin 0.3 and earlier does not perform permission checks in several HTTP endpoints, allowing attackers with Overall/Read permission to generate load and to generate memory leaks. CVE project by @Sn0wAlice",https://github.com/Live-Hack-CVE/CVE-2020-2322,['cve-2 OR cve_2'],1,2022-12-29T01:24:14+0000,1,0,,0,['CVE-2020-2322']
Live-Hack-CVE/CVE-2022-34175,"Jenkins 2.335 through 2.355 (both inclusive) allows attackers in some cases to bypass a protection mechanism, thereby directly accessing some view fragments containing sensitive information, bypassing any permission checks in the corresponding view. CVE pr",https://github.com/Live-Hack-CVE/CVE-2022-34175,['cve-2 OR cve_2'],1,2022-12-29T01:24:11+0000,1,0,,0,['CVE-2022-34175']
Live-Hack-CVE/CVE-2022-21610,Vulnerability in the Oracle Solaris product of Oracle Systems (component: LDoms). The supported version that is affected is 11. Difficult to exploit vulnerability allows low privileged attacker with logon to the infrastructure where Oracle Solaris executes,https://github.com/Live-Hack-CVE/CVE-2022-21610,"['cve-2 OR cve_2', 'exploit']",2,2022-12-29T01:24:07+0000,1,0,,0,['CVE-2022-21610']
Live-Hack-CVE/CVE-2022-21609,Vulnerability in the Oracle Business Intelligence Enterprise Edition product of Oracle Fusion Middleware (component: Analytics Server). The supported version that is affected is 5.9.0.0. Easily exploitable vulnerability allows low privileged attacker with ,https://github.com/Live-Hack-CVE/CVE-2022-21609,"['cve-2 OR cve_2', 'exploit']",2,2022-12-29T01:24:04+0000,1,0,,0,['CVE-2022-21609']
Live-Hack-CVE/CVE-2022-21590,"Vulnerability in the Oracle BI Publisher product of Oracle Fusion Middleware (component: Core Formatting API). Supported versions that are affected are 5.9.0.0, 6.4.0.0.0, 12.2.1.3.0 and 12.2.1.4.0. Easily exploitable vulnerability allows low privileged at",https://github.com/Live-Hack-CVE/CVE-2022-21590,"['cve-2 OR cve_2', 'exploit']",2,2022-12-29T01:24:01+0000,2,0,,0,['CVE-2022-21590']
Live-Hack-CVE/CVE-2022-21593,Vulnerability in the Oracle HTTP Server product of Oracle Fusion Middleware (component: OHS Config MBeans). Supported versions that are affected are 12.2.1.3.0 and 12.2.1.4.0. Easily exploitable vulnerability allows unauthenticated attacker with network ac,https://github.com/Live-Hack-CVE/CVE-2022-21593,"['cve-2 OR cve_2', 'exploit']",2,2022-12-29T01:23:57+0000,2,0,,0,['CVE-2022-21593']
Live-Hack-CVE/CVE-2022-21587,Vulnerability in the Oracle Web Applications Desktop Integrator product of Oracle E-Business Suite (component: Upload). Supported versions that are affected are 12.2.3-12.2.11. Easily exploitable vulnerability allows unauthenticated attacker with network a,https://github.com/Live-Hack-CVE/CVE-2022-21587,"['cve-2 OR cve_2', 'exploit']",2,2022-12-29T01:23:53+0000,1,0,,0,['CVE-2022-21587']
Live-Hack-CVE/CVE-2022-21601,Vulnerability in the Oracle Communications Billing and Revenue Management product of Oracle Communications Applications (component: Connection Manager). Supported versions that are affected are 12.0.0.4.0-12.0.0.7.0. Easily exploitable vulnerability allows,https://github.com/Live-Hack-CVE/CVE-2022-21601,"['cve-2 OR cve_2', 'exploit']",2,2022-12-29T01:26:14+0000,2,0,,0,['CVE-2022-21601']
Live-Hack-CVE/CVE-2022-22245,A Path Traversal vulnerability in the J-Web component of Juniper Networks Junos OS allows an authenticated attacker to upload arbitrary files to the device by bypassing validation checks built into Junos OS. The attacker should not be able to execute the f,https://github.com/Live-Hack-CVE/CVE-2022-22245,['cve-2 OR cve_2'],1,2022-12-29T01:26:24+0000,9,0,,0,['CVE-2022-22245']
Live-Hack-CVE/CVE-2022-2052,Multiple Trumpf Products in multiple versions use default privileged Windows users and passwords. An adversary may use these accounts to remotely gain full access to the system. CVE project by @Sn0wAlice,https://github.com/Live-Hack-CVE/CVE-2022-2052,['cve-2 OR cve_2'],1,2022-12-29T01:28:36+0000,1,0,,0,['CVE-2022-2052']
Live-Hack-CVE/CVE-2022-3150,"The WP Custom Cursors WordPress plugin through 3.0 does not properly sanitise and escape a parameter before using it in a SQL statement, leading to a SQL injection exploitable by high privileged users such as admin CVE project by @Sn0wAlice",https://github.com/Live-Hack-CVE/CVE-2022-3150,"['cve-2 OR cve_2', 'exploit']",2,2022-12-29T01:27:19+0000,1,0,,0,['CVE-2022-3150']
Live-Hack-CVE/CVE-2022-3291,"Serialization of sensitive data in GitLab EE affecting all versions from 14.9 prior to 15.2.5, 15.3 prior to 15.3.4, and 15.4 prior to 15.4.1 can leak sensitive information via cache CVE project by @Sn0wAlice",https://github.com/Live-Hack-CVE/CVE-2022-3291,['cve-2 OR cve_2'],1,2022-12-29T01:28:33+0000,1,0,,0,['CVE-2022-3291']
Live-Hack-CVE/CVE-2022-3569,"Due to an issue with incorrect sudo permissions, Zimbra Collaboration Suite (ZCS) suffers from a local privilege escalation issue in versions 9.0.0 and prior, where the 'zimbra' user can effectively coerce postfix into running arbitrary commands as 'root'.",https://github.com/Live-Hack-CVE/CVE-2022-3569,['cve-2 OR cve_2'],1,2022-12-29T01:28:29+0000,3,0,,0,['CVE-2022-3569']
Live-Hack-CVE/CVE-2022-3351,"An issue has been discovered in GitLab EE affecting all versions starting from 13.7 before 15.2.5, all versions starting from 15.3 before 15.3.4, all versions starting from 15.4 before 15.4.1. A user's primary email may be disclosed to an attacker through ",https://github.com/Live-Hack-CVE/CVE-2022-3351,['cve-2 OR cve_2'],1,2022-12-29T01:28:25+0000,2,0,,0,['CVE-2022-3351']
Live-Hack-CVE/CVE-2022-3331,"An issue has been discovered in GitLab EE affecting all versions starting from 14.5 before 15.1.6, all versions starting from 15.2 before 15.2.4, all versions starting from 15.3 before 15.3.2. GitLab's Zentao integration has an insecure direct object refer",https://github.com/Live-Hack-CVE/CVE-2022-3331,"['cve-2 OR cve_2', 'exploit']",2,2022-12-29T01:28:21+0000,1,0,,0,['CVE-2022-3331']
Live-Hack-CVE/CVE-2022-3330,"It was possible for a guest user to read a todo targeting an inaccessible note in Gitlab CE/EE affecting all versions from 15.0 prior to 15.2.5, 15.3 prior to 15.3.4, and 15.4 prior to 15.4.1. CVE project by @Sn0wAlice",https://github.com/Live-Hack-CVE/CVE-2022-3330,['cve-2 OR cve_2'],1,2022-12-29T01:28:18+0000,1,0,,0,['CVE-2022-3330']
Live-Hack-CVE/CVE-2022-3325,"Improper access control in the GitLab CE/EE API affecting all versions starting from 12.8 before 15.2.5, all versions starting from 15.3 before 15.3.4, all versions starting from 15.4 before 15.4.1. Allowed for editing the approval rules via the API by an ",https://github.com/Live-Hack-CVE/CVE-2022-3325,['cve-2 OR cve_2'],1,2022-12-29T01:27:47+0000,4,0,,0,['CVE-2022-3325']
Live-Hack-CVE/CVE-2022-3293,"Email addresses were leaked in WebHook logs in GitLab EE affecting all versions from 9.3 prior to 15.2.5, 15.3 prior to 15.3.4, and 15.4 prior to 15.4.1 CVE project by @Sn0wAlice",https://github.com/Live-Hack-CVE/CVE-2022-3293,['cve-2 OR cve_2'],1,2022-12-29T01:27:43+0000,5,0,,0,['CVE-2022-3293']
Live-Hack-CVE/CVE-2022-42983,anji-plus AJ-Report 0.9.8.6 allows remote attackers to bypass login authentication by spoofing JWT Tokens. CVE project by @Sn0wAlice,https://github.com/Live-Hack-CVE/CVE-2022-42983,['cve-2 OR cve_2'],1,2022-12-29T01:27:39+0000,1,0,,0,['CVE-2022-42983']
Live-Hack-CVE/CVE-2022-42980,go-admin (aka GO Admin) 2.0.12 uses the string go-admin as a production JWT key. CVE project by @Sn0wAlice,https://github.com/Live-Hack-CVE/CVE-2022-42980,['cve-2 OR cve_2'],1,2022-12-29T01:27:36+0000,1,0,,0,['CVE-2022-42980']
Live-Hack-CVE/CVE-2022-3158,"Rockwell Automation FactoryTalk VantagePoint versions 8.0, 8.10, 8.20, 8.30, 8.31 are vulnerable to an input validation vulnerability. The FactoryTalk VantagePoint SQL Server lacks input validation when users enter SQL statements to retrieve information fr",https://github.com/Live-Hack-CVE/CVE-2022-3158,"['cve-2 OR cve_2', 'exploit']",2,2022-12-29T01:27:32+0000,1,0,,0,['CVE-2022-3158']
Live-Hack-CVE/CVE-2022-22229,"An Improper Neutralization of Input During Web Page Generation ('Cross-site Scripting') vulnerability, a stored XSS (or persistent), in the Control Center Controller web pages of Juniper Networks Paragon Active Assurance (Formerly Netrounds) allows a high-",https://github.com/Live-Hack-CVE/CVE-2022-22229,['cve-2 OR cve_2'],1,2022-12-29T01:27:29+0000,2,0,,0,['CVE-2022-22229']
Live-Hack-CVE/CVE-2020-8976,"The integrated server of the ZGR TPS200 NG on its 2.00 firmware version and 1.01 hardware version, allows a remote attacker to perform actions with the permissions of a victim user. For this to happen, the victim user has to have an active session and trig",https://github.com/Live-Hack-CVE/CVE-2020-8976,['cve-2 OR cve_2'],1,2022-12-29T01:27:26+0000,1,0,,0,['CVE-2020-8976']
Live-Hack-CVE/CVE-2020-8975,"ZGR TPS200 NG in its 2.00 firmware version and 1.01 hardware version, allows a remote attacker with access to the web application and knowledge of the routes (URIs) used by the application, to access sensitive information about the system. CVE project by @",https://github.com/Live-Hack-CVE/CVE-2020-8975,['cve-2 OR cve_2'],1,2022-12-29T01:27:22+0000,1,0,,0,['CVE-2020-8975']
Live-Hack-CVE/CVE-2022-22237,"An Improper Authentication vulnerability in the kernel of Juniper Networks Junos OS allows an unauthenticated, network-based attacker to cause an impact on confidentiality or integrity. A vulnerability in the processing of TCP-AO will allow a BGP or LDP pe",https://github.com/Live-Hack-CVE/CVE-2022-22237,['cve-2 OR cve_2'],1,2022-12-29T01:27:16+0000,2,0,,0,['CVE-2022-22237']
Live-Hack-CVE/CVE-2022-22244,"An XPath Injection vulnerability in the J-Web component of Juniper Networks Junos OS allows an unauthenticated attacker sending a crafted POST to reach the XPath channel, which may allow chaining to other unspecified vulnerabilities, leading to a partial l",https://github.com/Live-Hack-CVE/CVE-2022-22244,['cve-2 OR cve_2'],1,2022-12-29T01:26:27+0000,9,0,,0,['CVE-2022-22244']
Live-Hack-CVE/CVE-2022-3151,"The WP Custom Cursors WordPress plugin before 3.0.1 does not have CSRF check in place when deleting cursors, which could allow attackers to made a logged in admin delete arbitrary cursors via a CSRF attack. CVE project by @Sn0wAlice",https://github.com/Live-Hack-CVE/CVE-2022-3151,['cve-2 OR cve_2'],1,2022-12-29T01:27:12+0000,1,0,,0,['CVE-2022-3151']
Live-Hack-CVE/CVE-2022-3206,"The Passster WordPress plugin before 3.5.5.5.2 stores the password inside a cookie named ""passster"" using base64 encoding method which is easy to decode. This puts the password at risk in case the cookies get leaked. CVE project by @Sn0wAlice",https://github.com/Live-Hack-CVE/CVE-2022-3206,['cve-2 OR cve_2'],1,2022-12-29T01:27:09+0000,1,0,,0,['CVE-2022-3206']
Live-Hack-CVE/CVE-2022-22239,An Execution with Unnecessary Privileges vulnerability in Management Daemon (mgd) of Juniper Networks Junos OS Evolved allows a locally authenticated attacker with low privileges to escalate their privileges on the device and potentially remote systems. Th,https://github.com/Live-Hack-CVE/CVE-2022-22239,['cve-2 OR cve_2'],1,2022-12-29T01:27:05+0000,2,0,,0,['CVE-2022-22239']
Live-Hack-CVE/CVE-2022-22241,"An Improper Input Validation vulnerability in the J-Web component of Juniper Networks Junos OS may allow an unauthenticated attacker to access data without proper authorization. Utilizing a crafted POST request, deserialization may occur which could lead t",https://github.com/Live-Hack-CVE/CVE-2022-22241,['cve-2 OR cve_2'],1,2022-12-29T01:27:02+0000,9,0,,0,['CVE-2022-22241']
Live-Hack-CVE/CVE-2022-39055,RAVA certificate validation system has inadequate filtering for URL parameter. An unauthenticated remote attacker can perform SSRF attack to discover internal network topology base on query response. CVE project by @Sn0wAlice,https://github.com/Live-Hack-CVE/CVE-2022-39055,['cve-2 OR cve_2'],1,2022-12-29T01:26:58+0000,1,0,,0,['CVE-2022-39055']
Live-Hack-CVE/CVE-2022-39058,RAVA certification validation system has a path traversal vulnerability. An unauthenticated remote attacker can exploit this vulnerability to bypass authentication and access arbitrary system files. CVE project by @Sn0wAlice,https://github.com/Live-Hack-CVE/CVE-2022-39058,"['cve-2 OR cve_2', 'exploit']",2,2022-12-29T01:26:55+0000,1,0,,0,['CVE-2022-39058']
Live-Hack-CVE/CVE-2022-39057,RAVA certificate validation system has insufficient filtering for special parameter of the web page input field. A remote attacker with administrator privilege can exploit this vulnerability to perform arbitrary system command and disrupt service. CVE proj,https://github.com/Live-Hack-CVE/CVE-2022-39057,"['cve-2 OR cve_2', 'exploit']",2,2022-12-29T01:26:52+0000,1,0,,0,['CVE-2022-39057']
Live-Hack-CVE/CVE-2022-39056,"RAVA certificate validation system has insufficient validation for user input. An unauthenticated remote attacker can inject arbitrary SQL command to access, modify and delete database. CVE project by @Sn0wAlice",https://github.com/Live-Hack-CVE/CVE-2022-39056,['cve-2 OR cve_2'],1,2022-12-29T01:26:48+0000,1,0,,0,['CVE-2022-39056']
Live-Hack-CVE/CVE-2022-22242,A Cross-site Scripting (XSS) vulnerability in the J-Web component of Juniper Networks Junos OS allows an unauthenticated attacker to run malicious scripts reflected off of J-Web to the victim's browser in the context of their session within J-Web. This iss,https://github.com/Live-Hack-CVE/CVE-2022-22242,['cve-2 OR cve_2'],1,2022-12-29T01:26:45+0000,9,0,,0,['CVE-2022-22242']
Live-Hack-CVE/CVE-2022-39419,Vulnerability in the Java VM component of Oracle Database Server. Supported versions that are affected are 19c and 21c. Easily exploitable vulnerability allows low privileged attacker having Create Procedure privilege with network access via Oracle Net to ,https://github.com/Live-Hack-CVE/CVE-2022-39419,"['cve-2 OR cve_2', 'exploit']",2,2022-12-29T01:26:41+0000,1,0,,0,['CVE-2022-39419']
Live-Hack-CVE/CVE-2022-22243,"An XPath Injection vulnerability due to Improper Input Validation in the J-Web component of Juniper Networks Junos OS allows an authenticated attacker to add an XPath command to the XPath stream, which may allow chaining to other unspecified vulnerabilitie",https://github.com/Live-Hack-CVE/CVE-2022-22243,"['command injection', 'cve-2 OR cve_2']",2,2022-12-29T01:26:38+0000,9,0,,0,['CVE-2022-22243']
Live-Hack-CVE/CVE-2022-21639,Vulnerability in the PeopleSoft Enterprise PeopleTools product of Oracle PeopleSoft (component: Elastic Search Integration). Supported versions that are affected are 8.59 and 8.60. Easily exploitable vulnerability allows unauthenticated attacker with netwo,https://github.com/Live-Hack-CVE/CVE-2022-21639,"['cve-2 OR cve_2', 'exploit']",2,2022-12-29T01:26:34+0000,2,0,,0,['CVE-2022-21639']
Live-Hack-CVE/CVE-2022-39417,Vulnerability in the Oracle Solaris product of Oracle Systems (component: Filesystem). The supported version that is affected is 11. Easily exploitable vulnerability allows low privileged attacker with logon to the infrastructure where Oracle Solaris execu,https://github.com/Live-Hack-CVE/CVE-2022-39417,"['cve-2 OR cve_2', 'exploit']",2,2022-12-29T01:26:31+0000,1,0,,0,['CVE-2022-39417']
Live-Hack-CVE/CVE-2022-22232,"A NULL Pointer Dereference vulnerability in the Packet Forwarding Engine of Juniper Networks Junos OS on SRX Series allows an unauthenticated, network-based attacker to cause a Denial of Service (DoS). On SRX Series If Unified Threat Management (UTM) Enhan",https://github.com/Live-Hack-CVE/CVE-2022-22232,['cve-2 OR cve_2'],1,2022-12-29T00:44:15+0000,1,0,,0,['CVE-2022-22232']
Live-Hack-CVE/CVE-2013-4253,"The deployment script in the unsupported ""OpenShift Extras"" set of add-on scripts, in Red Hat Openshift 1, installs a default public key in the root user's authorized_keys file. CVE project by @Sn0wAlice",https://github.com/Live-Hack-CVE/CVE-2013-4253,['cve-2 OR cve_2'],1,2022-12-29T00:43:53+0000,1,0,,0,['CVE-2013-4253']
Live-Hack-CVE/CVE-2022-0854,"A memory leak flaw was found in the Linux kernel’s DMA subsystem, in the way a user calls DMA_FROM_DEVICE. This flaw allows a local user to read random memory from the kernel space. CVE project by @Sn0wAlice",https://github.com/Live-Hack-CVE/CVE-2022-0854,['cve-2 OR cve_2'],1,2022-12-29T04:12:53+0000,0,0,,0,['CVE-2022-0854']
yeetsquad747/exploitcb,A community dedicated to evading school censorship.,https://github.com/yeetsquad747/exploitcb,['exploit'],1,2022-12-29T03:14:59+0000,1471,19,Svelte,1,[]
Live-Hack-CVE/CVE-2022-43431,"Jenkins Compuware Strobe Measurement Plugin 1.0.1 and earlier does not perform a permission check in an HTTP endpoint, allowing attackers with Overall/Read permission to enumerate credentials IDs of credentials stored in Jenkins. CVE project by @Sn0wAlice",https://github.com/Live-Hack-CVE/CVE-2022-43431,['cve-2 OR cve_2'],1,2022-12-29T00:01:32+0000,1,0,,0,['CVE-2022-43431']
Live-Hack-CVE/CVE-2022-43426,"Jenkins S3 Explorer Plugin 1.0.8 and earlier does not mask the AWS_SECRET_ACCESS_KEY form field, increasing the potential for attackers to observe and capture it. CVE project by @Sn0wAlice",https://github.com/Live-Hack-CVE/CVE-2022-43426,['cve-2 OR cve_2'],1,2022-12-29T00:01:29+0000,1,0,,0,['CVE-2022-43426']
Live-Hack-CVE/CVE-2022-42189,Emlog Pro 1.6.0 plugins upload suffers from a remote code execution (RCE) vulnerability. CVE project by @Sn0wAlice,https://github.com/Live-Hack-CVE/CVE-2022-42189,"['cve-2 OR cve_2', 'rce', 'remote code execution']",3,2022-12-29T00:01:26+0000,1,0,,0,['CVE-2022-42189']
Live-Hack-CVE/CVE-2022-3139,"The Weâ€™re Open! WordPress plugin before 1.42 does not sanitise and escape some of its settings, which could allow high privilege users such as admin to perform Stored Cross-Site Scripting attacks even when the unfiltered_html capability is disallowed (fo",https://github.com/Live-Hack-CVE/CVE-2022-3139,['cve-2 OR cve_2'],1,2022-12-29T00:01:22+0000,0,0,,0,['CVE-2022-3139']
Live-Hack-CVE/CVE-2022-41624,"In BIG-IP versions 17.0.x before 17.0.0.1, 16.1.x before 16.1.3.2, 15.1.x before 15.1.7, 14.1.x before 14.1.5.2, and 13.1.x before 13.1.5.1, when a sideband iRule is configured on a virtual server, undisclosed traffic can cause an increase in memory resour",https://github.com/Live-Hack-CVE/CVE-2022-41624,['cve-2 OR cve_2'],1,2022-12-29T00:01:19+0000,11,0,,0,['CVE-2022-41624']
Live-Hack-CVE/CVE-2022-43432,"Jenkins XFramium Builder Plugin 1.0.22 and earlier programmatically disables Content-Security-Policy protection for user-generated content in workspaces, archived artifacts, etc. that Jenkins offers for download. CVE project by @Sn0wAlice",https://github.com/Live-Hack-CVE/CVE-2022-43432,['cve-2 OR cve_2'],1,2022-12-29T00:01:15+0000,1,0,,0,['CVE-2022-43432']
Live-Hack-CVE/CVE-2022-43433,"Jenkins ScreenRecorder Plugin 0.7 and earlier programmatically disables Content-Security-Policy protection for user-generated content in workspaces, archived artifacts, etc. that Jenkins offers for download. CVE project by @Sn0wAlice",https://github.com/Live-Hack-CVE/CVE-2022-43433,['cve-2 OR cve_2'],1,2022-12-29T00:01:11+0000,1,0,,0,['CVE-2022-43433']
Live-Hack-CVE/CVE-2022-41694,"In BIG-IP versions 16.1.x before 16.1.3, 15.1.x before 15.1.6.1, 14.1.x before 14.1.5, and all versions of 13.1.x, and BIG-IQ versions 8.x before 8.2.0.1 and all versions of 7.x, when an SSL key is imported on a BIG-IP or BIG-IQ system, undisclosed input c",https://github.com/Live-Hack-CVE/CVE-2022-41694,['cve-2 OR cve_2'],1,2022-12-29T00:01:08+0000,10,0,,0,['CVE-2022-41694']
Live-Hack-CVE/CVE-2022-41691,"When a BIG-IP Advanced WAF/ASM security policy is configured on a virtual server, undisclosed requests can cause the bd process to terminate. CVE project by @Sn0wAlice",https://github.com/Live-Hack-CVE/CVE-2022-41691,['cve-2 OR cve_2'],1,2022-12-29T00:01:04+0000,2,0,,0,['CVE-2022-41691']
Live-Hack-CVE/CVE-2022-41743,"NGINX Plus before versions R27 P1 and R26 P1 have a vulnerability in the module ngx_http_hls_module that might allow a local attacker to corrupt NGINX worker memory, resulting in its crash or potential other impact using a specially crafted audio or video ",https://github.com/Live-Hack-CVE/CVE-2022-41743,['cve-2 OR cve_2'],1,2022-12-29T00:01:01+0000,1,0,,0,['CVE-2022-41743']
zangcc/CVE-2022-22965-rexbb,CVE-2022-22965\Spring-Core-RCE核弹级别漏洞的rce图形化GUI一键利用工具，基于JavaFx开发，图形化操作更简单，提高效率。,https://github.com/zangcc/CVE-2022-22965-rexbb,"['cve-2 OR cve_2', 'rce']",2,2022-12-29T03:32:45+0000,18183,17,,2,['CVE-2022-22965']
GITenberg/The-life-of-John-Metcalf-commonly-called-Blind-Jack-of-Knaresborough-with-anecdotes-of-his-ex__69595,"The life of John Metcalf, commonly called Blind Jack of Knaresborough with ... anecdotes of his exploits in hunting, card-playing, &c., some particulars relative to the expedition against the rebe… by John Metcalf is a Project Gutenberg book, now on Github",https://github.com/GITenberg/The-life-of-John-Metcalf-commonly-called-Blind-Jack-of-Knaresborough-with-anecdotes-of-his-ex__69595,['exploit'],1,2022-12-29T22:18:25+0000,547,0,HTML,0,[]
GITenberg/The-exploits-of-Captain-O-Hagan_69544,"The exploits of Captain O'Hagan by Sax Rohmer is a Project Gutenberg book, now on Github.",https://github.com/GITenberg/The-exploits-of-Captain-O-Hagan_69544,['exploit'],1,2022-12-29T21:53:06+0000,218,0,HTML,0,[]
nna-n5Ember13/HeapOverflow,None,https://github.com/nna-n5Ember13/HeapOverflow,['heap overflow'],1,2022-12-29T21:37:33+0000,1196,1,JavaScript,0,[]
HazmatAiden/RelevantExploitsGUI,None,https://github.com/HazmatAiden/RelevantExploitsGUI,['exploit'],1,2022-12-29T12:23:59+0000,60,0,,0,[]
killerbox1986/infosec-exploits,Exploit development ,https://github.com/killerbox1986/infosec-exploits,['exploit'],1,2022-12-29T18:42:00+0000,18,0,Python,0,[]
port9org/aws-nitro-ssh-rce,None,https://github.com/port9org/aws-nitro-ssh-rce,['rce'],1,2022-12-29T12:43:58+0000,3635,0,C,0,[]
RedNotSus/exploits,exploits page,https://github.com/RedNotSus/exploits,['exploit'],1,2022-12-29T16:24:48+0000,25566,0,HTML,0,[]
EpikToo/kosc_bissex,Entraînement création/exploitation d'API python Django,https://github.com/EpikToo/kosc_bissex,['exploit'],1,2022-12-29T15:35:50+0000,1295,0,Python,0,[]
1emvr/The-Art-of-Exploitation,"A repository for follow-along projects, binary exploitation and my code analysis notes, excerpted from the book `Hacking: The Art of Exploitation`----Disclaimer: These programs should not be used in production.",https://github.com/1emvr/The-Art-of-Exploitation,['exploit'],1,2022-12-29T07:23:04+0000,68,0,C,0,[]
fylhtq03/exploit,None,https://github.com/fylhtq03/exploit,['exploit'],1,2022-12-29T19:53:26+0000,1413,0,,0,[]
kwxk/Rutgers_Cyber_Range,"The ""Scarlet Castle Cyber-Range"" (SCCR) is a proposed cyberinfrastructure meant for students to test information security skills. SCCR aims to model industry-level cyberinfrastructure; it also has some Common Vulnerability Exploits (CVEs) built into its in",https://github.com/kwxk/Rutgers_Cyber_Range,['exploit'],1,2022-12-29T19:47:36+0000,166,0,HCL,0,[]
yallxe/hogg,Common vulnerability scanning on steroids ☄️,https://github.com/yallxe/hogg,['exploit'],1,2022-12-29T17:57:49+0000,115,10,Rust,0,[]
Sx-p0t/BloxSploitsScripts,Just some scripts for roblox exploits.,https://github.com/Sx-p0t/BloxSploitsScripts,"['exploit', 'sploit']",2,2022-12-29T11:43:39+0000,272,0,,0,[]
FFJ1/Roblox-Exploits,None,https://github.com/FFJ1/Roblox-Exploits,['exploit'],1,2022-12-29T06:42:45+0000,161,0,Lua,0,[]
FelixMartel/pentaho-ce-admin-rce,None,https://github.com/FelixMartel/pentaho-ce-admin-rce,['rce'],1,2022-12-29T22:17:48+0000,4,0,Python,0,[]
matxd291/MineExploit,The best python3 minecraft grabber in the world,https://github.com/matxd291/MineExploit,['exploit'],1,2022-12-29T23:07:31+0000,9,5,Python,0,[]
hideckies/exploit-notes,A sticky notes for pentesting.,https://github.com/hideckies/exploit-notes,['exploit'],1,2022-12-29T15:48:51+0000,679,46,CSS,12,[]
jonas52/convertisso,This script allows to convert various files for more information check the README.,https://github.com/jonas52/convertisso,['shellcode'],1,2022-12-29T20:19:25+0000,158,1,Shell,0,[]
Live-Hack-CVE/CVE-2022-43429,"Jenkins Compuware Topaz for Total Test Plugin 2.4.8 and earlier implements an agent/controller message that does not limit where it can be executed, allowing attackers able to control agent processes to read arbitrary files on the Jenkins controller file s",https://github.com/Live-Hack-CVE/CVE-2022-43429,['cve-2 OR cve_2'],1,2022-12-29T00:01:36+0000,1,0,,0,['CVE-2022-43429']
Live-Hack-CVE/CVE-2022-43428,"Jenkins Compuware Topaz for Total Test Plugin 2.4.8 and earlier implements an agent/controller message that does not limit where it can be executed, allowing attackers able to control agent processes to obtain the values of Java system properties from the ",https://github.com/Live-Hack-CVE/CVE-2022-43428,['cve-2 OR cve_2'],1,2022-12-29T00:01:39+0000,1,0,,0,['CVE-2022-43428']
Live-Hack-CVE/CVE-2022-43430,Jenkins Compuware Topaz for Total Test Plugin 2.4.8 and earlier does not configure its XML parser to prevent XML external entity (XXE) attacks. CVE project by @Sn0wAlice,https://github.com/Live-Hack-CVE/CVE-2022-43430,['cve-2 OR cve_2'],1,2022-12-29T00:01:43+0000,1,0,,0,['CVE-2022-43430']
Live-Hack-CVE/CVE-2021-21296,"Fleet is an open source osquery manager. In Fleet before version 3.7.0 a malicious actor with a valid node key can send a badly formatted request that causes the Fleet server to exit, resulting in denial of service. This is possible only while a live query",https://github.com/Live-Hack-CVE/CVE-2021-21296,['cve-2 OR cve_2'],1,2022-12-29T00:03:13+0000,2,0,,0,['CVE-2021-21296']
Live-Hack-CVE/CVE-2022-1066,Aethon TUG Home Base Server versions prior to version 24 are affected by un unauthenticated attacker who can freely access hashed user credentials. CVE project by @Sn0wAlice,https://github.com/Live-Hack-CVE/CVE-2022-1066,['cve-2 OR cve_2'],1,2022-12-29T00:03:58+0000,1,0,,0,['CVE-2022-1066']
Live-Hack-CVE/CVE-2022-3597,"LibTIFF 4.4.0 has an out-of-bounds write in _TIFFmemcpy in libtiff/tif_unix.c:346 when called from extractImageSection, tools/tiffcrop.c:6826, allowing attackers to cause a denial-of-service via a crafted tiff file. For users that compile libtiff from sour",https://github.com/Live-Hack-CVE/CVE-2022-3597,['cve-2 OR cve_2'],1,2022-12-29T00:03:55+0000,2,0,,0,['CVE-2022-3597']
Live-Hack-CVE/CVE-2022-27494,Aethon TUG Home Base Server versions prior to version 24 are affected by un unauthenticated attacker who can freely access hashed user credentials. CVE project by @Sn0wAlice,https://github.com/Live-Hack-CVE/CVE-2022-27494,['cve-2 OR cve_2'],1,2022-12-29T00:03:52+0000,1,0,,0,['CVE-2022-27494']
Live-Hack-CVE/CVE-2022-26423,Aethon TUG Home Base Server versions prior to version 24 are affected by un unauthenticated attacker who can freely access hashed user credentials. CVE project by @Sn0wAlice,https://github.com/Live-Hack-CVE/CVE-2022-26423,['cve-2 OR cve_2'],1,2022-12-29T00:03:48+0000,1,0,,0,['CVE-2022-26423']
Live-Hack-CVE/CVE-2022-3639,"A potential DOS vulnerability was discovered in GitLab CE/EE affecting all versions from 10.8 before 15.1.6, all versions starting from 15.2 before 15.2.4, all versions starting from 15.3 before 15.3.2. Improper data handling on branch creation could have ",https://github.com/Live-Hack-CVE/CVE-2022-3639,['cve-2 OR cve_2'],1,2022-12-29T00:03:45+0000,9,0,,0,['CVE-2022-3639']
Live-Hack-CVE/CVE-2022-3627,"LibTIFF 4.4.0 has an out-of-bounds write in _TIFFmemcpy in libtiff/tif_unix.c:346 when called from extractImageSection, tools/tiffcrop.c:6860, allowing attackers to cause a denial-of-service via a crafted tiff file. For users that compile libtiff from sour",https://github.com/Live-Hack-CVE/CVE-2022-3627,['cve-2 OR cve_2'],1,2022-12-29T00:03:41+0000,2,0,,0,['CVE-2022-3627']
Live-Hack-CVE/CVE-2022-3626,"LibTIFF 4.4.0 has an out-of-bounds write in _TIFFmemset in libtiff/tif_unix.c:340 when called from processCropSelections, tools/tiffcrop.c:7619, allowing attackers to cause a denial-of-service via a crafted tiff file. For users that compile libtiff from so",https://github.com/Live-Hack-CVE/CVE-2022-3626,['cve-2 OR cve_2'],1,2022-12-29T00:03:38+0000,2,0,,0,['CVE-2022-3626']
Live-Hack-CVE/CVE-2022-3599,"LibTIFF 4.4.0 has an out-of-bounds read in writeSingleSection in tools/tiffcrop.c:7345, allowing attackers to cause a denial-of-service via a crafted tiff file. For users that compile libtiff from sources, the fix is available with commit e8131125. CVE pro",https://github.com/Live-Hack-CVE/CVE-2022-3599,['cve-2 OR cve_2'],1,2022-12-29T00:03:34+0000,2,0,,0,['CVE-2022-3599']
Live-Hack-CVE/CVE-2022-3598,"LibTIFF 4.4.0 has an out-of-bounds write in extractContigSamplesShifted24bits in tools/tiffcrop.c:3604, allowing attackers to cause a denial-of-service via a crafted tiff file. For users that compile libtiff from sources, the fix is available with commit c",https://github.com/Live-Hack-CVE/CVE-2022-3598,['cve-2 OR cve_2'],1,2022-12-29T00:03:31+0000,2,0,,0,['CVE-2022-3598']
Live-Hack-CVE/CVE-2022-3637,A vulnerability has been found in Linux Kernel and classified as problematic. This vulnerability affects the function jlink_init of the file monitor/jlink.c of the component BlueZ. The manipulation leads to denial of service. It is recommended to apply a p,https://github.com/Live-Hack-CVE/CVE-2022-3637,['cve-2 OR cve_2'],1,2022-12-29T00:03:27+0000,1,0,,0,['CVE-2022-3637']
Live-Hack-CVE/CVE-2022-41638,Auth. Stored Cross-Site Scripting (XSS) in Pop-Up Chop Chop plugin <= 2.1.7 on WordPress. CVE project by @Sn0wAlice,https://github.com/Live-Hack-CVE/CVE-2022-41638,['cve-2 OR cve_2'],1,2022-12-29T00:03:23+0000,1,0,,0,['CVE-2022-41638']
Live-Hack-CVE/CVE-2022-40311,Auth. (admin+) Stored Cross-Site Scripting (XSS) in Fatcat Apps Analytics Cat plugin <= 1.0.9 on WordPress. CVE project by @Sn0wAlice,https://github.com/Live-Hack-CVE/CVE-2022-40311,['cve-2 OR cve_2'],1,2022-12-29T00:03:20+0000,1,0,,0,['CVE-2022-40311']
Live-Hack-CVE/CVE-2022-1070,Aethon TUG Home Base Server versions prior to version 24 are affected by un unauthenticated attacker who can freely access hashed user credentials. CVE project by @Sn0wAlice,https://github.com/Live-Hack-CVE/CVE-2022-1070,['cve-2 OR cve_2'],1,2022-12-29T00:03:16+0000,1,0,,0,['CVE-2022-1070']
Live-Hack-CVE/CVE-2021-21362,MinIO is an open-source high performance object storage service and it is API compatible with Amazon S3 cloud storage service. In MinIO before version RELEASE.2021-03-04T00-53-13Z it is possible to bypass a readOnly policy by creating a temporary 'mc share,https://github.com/Live-Hack-CVE/CVE-2021-21362,['cve-2 OR cve_2'],1,2022-12-29T00:03:10+0000,4,0,,0,['CVE-2021-21362']
Live-Hack-CVE/CVE-2022-43427,"Jenkins Compuware Topaz for Total Test Plugin 2.4.8 and earlier does not perform permission checks in several HTTP endpoints, allowing attackers with Overall/Read permission to enumerate credentials IDs of credentials stored in Jenkins. CVE project by @Sn0",https://github.com/Live-Hack-CVE/CVE-2022-43427,['cve-2 OR cve_2'],1,2022-12-29T00:01:46+0000,1,0,,0,['CVE-2022-43427']
Live-Hack-CVE/CVE-2021-21375,"PJSIP is a free and open source multimedia communication library written in C language implementing standard based protocols such as SIP, SDP, RTP, STUN, TURN, and ICE. In PJSIP version 2.10 and earlier, after an initial INVITE has been sent, when two 183 ",https://github.com/Live-Hack-CVE/CVE-2021-21375,['cve-2 OR cve_2'],1,2022-12-29T00:03:06+0000,2,0,,0,['CVE-2021-21375']
Live-Hack-CVE/CVE-2021-21364,"swagger-codegen is an open-source project which contains a template-driven engine to generate documentation, API clients and server stubs in different languages by parsing your OpenAPI / Swagger definition. In swagger-codegen before version 2.4.19, on Unix",https://github.com/Live-Hack-CVE/CVE-2021-21364,['cve-2 OR cve_2'],1,2022-12-29T00:03:03+0000,2,0,,0,['CVE-2021-21364']
Live-Hack-CVE/CVE-2021-21345,"XStream is a Java library to serialize objects to XML and back again. In XStream before version 1.4.16, there is a vulnerability which may allow a remote attacker who has sufficient rights to execute commands of the host only by manipulating the processed ",https://github.com/Live-Hack-CVE/CVE-2021-21345,['cve-2 OR cve_2'],1,2022-12-29T00:03:00+0000,3,0,,0,['CVE-2021-21345']
Live-Hack-CVE/CVE-2021-21348,"XStream is a Java library to serialize objects to XML and back again. In XStream before version 1.4.16, there is a vulnerability which may allow a remote attacker to occupy a thread that consumes maximum CPU time and will never return. No user is affected,",https://github.com/Live-Hack-CVE/CVE-2021-21348,['cve-2 OR cve_2'],1,2022-12-29T00:02:55+0000,3,0,,0,['CVE-2021-21348']
Live-Hack-CVE/CVE-2021-21333,"Synapse is a Matrix reference homeserver written in python (pypi package matrix-synapse). Matrix is an ecosystem for open federated Instant Messaging and VoIP. In Synapse before version 1.27.0, the notification emails sent for notifications for missed mess",https://github.com/Live-Hack-CVE/CVE-2021-21333,['cve-2 OR cve_2'],1,2022-12-29T00:02:51+0000,4,0,,0,['CVE-2021-21333']
Live-Hack-CVE/CVE-2021-21421,node-etsy-client is a NodeJs Etsy ReST API Client. Applications that are using node-etsy-client and reporting client error to the end user will offer api key value too This is fixed in node-etsy-client v0.3.0 and later. CVE project by @Sn0wAlice,https://github.com/Live-Hack-CVE/CVE-2021-21421,['cve-2 OR cve_2'],1,2022-12-29T00:02:48+0000,1,0,,0,['CVE-2021-21421']
Live-Hack-CVE/CVE-2021-21399,Ampache is a web based audio/video streaming application and file manager. Versions prior to 4.4.1 allow unauthenticated access to Ampache using the subsonic API. To successfully make the attack you must use a username that is not part of the site to bypas,https://github.com/Live-Hack-CVE/CVE-2021-21399,['cve-2 OR cve_2'],1,2022-12-29T00:02:44+0000,2,0,,0,['CVE-2021-21399']
Live-Hack-CVE/CVE-2021-21415,Prisma VS Code a VSCode extension for Prisma schema files. This is a Remote Code Execution Vulnerability that affects all versions of the Prisma VS Code extension older than 2.20.0. If a custom binary path for the Prisma format binary is set in VS Code Set,https://github.com/Live-Hack-CVE/CVE-2021-21415,"['cve-2 OR cve_2', 'remote code execution']",2,2022-12-29T00:02:07+0000,2,0,,0,['CVE-2021-21415']
Live-Hack-CVE/CVE-2021-21424,Symfony is a PHP framework for web and console applications and a set of reusable PHP components. The ability to enumerate users was possible without relevant permissions due to different handling depending on whether the user existed or not when attemptin,https://github.com/Live-Hack-CVE/CVE-2021-21424,['cve-2 OR cve_2'],1,2022-12-29T00:02:03+0000,4,0,,0,['CVE-2021-21424']
Live-Hack-CVE/CVE-2021-21382,Restund is an open source NAT traversal server. The restund TURN server can be instructed to open a relay to the loopback address range. This allows you to reach any other service running on localhost which you might consider private. In the configuration ,https://github.com/Live-Hack-CVE/CVE-2021-21382,['cve-2 OR cve_2'],1,2022-12-29T00:02:00+0000,3,0,,0,['CVE-2021-21382']
Live-Hack-CVE/CVE-2021-33231,Cross Site Scripting (XSS) vulnerability in New equipment page in EasyVista Service Manager 2018.1.181.1 allows remote attackers to run arbitrary code via the notes field. CVE project by @Sn0wAlice,https://github.com/Live-Hack-CVE/CVE-2021-33231,['cve-2 OR cve_2'],1,2022-12-29T00:01:56+0000,1,0,,0,['CVE-2021-33231']
Live-Hack-CVE/CVE-2022-43425,"Jenkins Custom Checkbox Parameter Plugin 1.4 and earlier does not escape the name and description of Custom Checkbox Parameter parameters on views displaying parameters, resulting in a stored cross-site scripting (XSS) vulnerability exploitable by attacker",https://github.com/Live-Hack-CVE/CVE-2022-43425,"['cve-2 OR cve_2', 'exploit']",2,2022-12-29T00:01:53+0000,1,0,,0,['CVE-2022-43425']
Live-Hack-CVE/CVE-2022-43424,"Jenkins Compuware Xpediter Code Coverage Plugin 1.0.7 and earlier implements an agent/controller message that does not limit where it can be executed, allowing attackers able to control agent processes to obtain the values of Java system properties from th",https://github.com/Live-Hack-CVE/CVE-2022-43424,['cve-2 OR cve_2'],1,2022-12-29T00:01:49+0000,1,0,,0,['CVE-2022-43424']
iveresk/nvd-cve-parser,"NVD parser for CVEs, CPEs and CWEs with all known used exploits",https://github.com/iveresk/nvd-cve-parser,['exploit'],1,2022-12-29T01:27:22+0000,3518,0,Go,0,[]
coinspect/learn-evm-attacks,Learn & Contribute on previously exploited vulnerabilities across several EVM projects.,https://github.com/coinspect/learn-evm-attacks,['exploit'],1,2022-12-29T15:51:07+0000,5138,510,Solidity,47,[]
Live-Hack-CVE/CVE-2020-10604,"In OSIsoft PI System multiple products and versions, a remote, unauthenticated attacker could crash PI Network Manager service through specially crafted requests. This can result in blocking connections and queries to PI Data Archive. CVE project by @Sn0wA",https://github.com/Live-Hack-CVE/CVE-2020-10604,['cve-2 OR cve_2'],1,2022-12-29T00:43:49+0000,1,0,,0,['CVE-2020-10604']
Alendaa/Scripts,my scripts for exploit in roblox,https://github.com/Alendaa/Scripts,['exploit'],1,2022-12-29T22:54:41+0000,7008,0,,0,[]
rcelyte/BeatUpRcelyte,A lightweight modded Beat Saber multiplayer server,https://github.com/rcelyte/BeatUpRcelyte,['rce'],1,2022-12-29T00:44:54+0000,1497,10,C,4,[]
hrbrmstr/cisa-known-exploited-vulns,Daily archiver & triage issue creator for new releases of CISA's Known Exploited Vulnerabilities list,https://github.com/hrbrmstr/cisa-known-exploited-vulns,['exploit'],1,2022-12-29T18:10:18+0000,10404,17,HTML,5,[]
JosephTLucas/CISA_KNOWN_EXPLOITED_VULNERABILITIES_CATALOG,Git Scraping project for CISA Known Exploited Vulnerability Catalog,https://github.com/JosephTLucas/CISA_KNOWN_EXPLOITED_VULNERABILITIES_CATALOG,['exploit'],1,2022-12-29T21:19:02+0000,755,2,,2,[]
pmalmsten/tension-wrench,Tension Wrench is an interactive security brainstorming guide website that helps software engineers brainstorm things attackers might try to do to exploit a software system and ways to defend against them.,https://github.com/pmalmsten/tension-wrench,['exploit'],1,2022-12-29T17:29:37+0000,5634,2,TypeScript,0,[]
yaklang/yakit,Cyber Security ALL-IN-ONE Platform,https://github.com/yaklang/yakit,['exploit'],1,2022-12-29T06:50:44+0000,15311,4833,TypeScript,702,[]
6x2/otax,"blowing the whistle on the apparent ""otax"" discord exploit.",https://github.com/6x2/otax,['exploit'],1,2022-12-29T09:09:41+0000,25,2,,0,[]
bhassani/DoublepulsarUploader,Repository for DoublePulsar DLL/Shellcode uploader programs,https://github.com/bhassani/DoublepulsarUploader,['shellcode'],1,2022-12-29T22:50:20+0000,229,8,Python,5,[]
pe83/pe83.github.io,PS3 & PS4 Exploit,https://github.com/pe83/pe83.github.io,['exploit'],1,2022-12-29T14:29:23+0000,1315,0,HTML,0,[]
fadhilthomas/go-firebase-exploit,go-firebase-exploit or gfe is a tool for exploiting insecure firebase databases,https://github.com/fadhilthomas/go-firebase-exploit,['exploit'],1,2022-12-29T02:17:46+0000,97,1,Go,0,[]
Cobalt-Strike/community_kit,"Cobalt Strike is a post-exploitation framework designed to be extended and customized by the user community. Several excellent tools and scripts have been written and published, but they can be challenging to locate. Community Kit is a central repository o",https://github.com/Cobalt-Strike/community_kit,['exploit'],1,2022-12-29T01:35:38+0000,3047,151,HTML,1,[]
Juliocj7/MetasploitCj7,🔥 Instala Metasploit 6 correctamente y sin errores... By: ⸸𝕵𝖚𝖑𝖎𝖔𖤐𝖈𝖏7⸸,https://github.com/Juliocj7/MetasploitCj7,['metasploit module OR payload'],1,2022-12-29T03:54:22+0000,41,21,,14,[]
ycdxsb/PocOrExp_in_Github,聚合Github上已有的Poc或者Exp，CVE信息来自CVE官网。Auto Collect Poc Or Exp from Github by CVE ID.,https://github.com/ycdxsb/PocOrExp_in_Github,"['cve poc', 'exploit']",2,2022-12-29T04:01:34+0000,320359,566,Python,150,[]
ARPSyndicate/cvemon,Monitoring exploits & references for CVEs,https://github.com/ARPSyndicate/cvemon,"['cve poc', 'exploit', 'vulnerability poc']",3,2022-12-29T20:42:21+0000,389523,176,,34,[]
0xrob/HostedShellcode-QueueUserAPC-Syscall,None,https://github.com/0xrob/HostedShellcode-QueueUserAPC-Syscall,['shellcode'],1,2022-12-29T11:57:10+0000,31,2,Assembly,2,[]
tencentcloud-sdk-php/rce,None,https://github.com/tencentcloud-sdk-php/rce,['rce'],1,2022-12-29T04:13:13+0000,129,0,PHP,0,[]
ARPSyndicate/xlocate,the ultimate exploits/references finder,https://github.com/ARPSyndicate/xlocate,['exploit'],1,2022-12-29T22:18:52+0000,32745,35,Python,7,[]
shellcodesniper/shellcodesniper,ME?,https://github.com/shellcodesniper/shellcodesniper,['shellcode'],1,2022-12-29T20:20:28+0000,76,0,,0,[]
vandavey/DotnetCat,"Remote command shell application written in C#, targeting the .NET 7 runtime.",https://github.com/vandavey/DotnetCat,['rce'],1,2022-12-29T23:33:56+0000,891969,20,C#,2,[]
nomi-sec/NVD-Exploit-List-Ja,🔍NVD exploit & JVN(Japan Vulnerability Notes) easy description,https://github.com/nomi-sec/NVD-Exploit-List-Ja,['exploit'],1,2022-12-29T00:50:51+0000,17180,50,,27,[]
Mr-xn/Penetration_Testing_POC,渗透测试有关的POC、EXP、脚本、提权、小工具等---About penetration-testing python-script poc getshell csrf xss cms php-getshell domainmod-xss csrf-webshell cobub-razor cve rce sql sql-poc poc-exp bypass oa-getshell cve-cms,https://github.com/Mr-xn/Penetration_Testing_POC,"['cve poc', 'exploit', 'rce', 'rce poc']",4,2022-12-29T14:10:18+0000,1681151,4930,PowerShell,1687,[]
drb-ra/C2IntelFeeds,Automatically created C2 Feeds,https://github.com/drb-ra/C2IntelFeeds,['metasploit module OR payload'],1,2022-12-29T04:32:28+0000,708975,243,REXX,30,[]
Maxul/Awesome-SGX-Open-Source,A curated list of open-source projects that help exploit Intel SGX technology,https://github.com/Maxul/Awesome-SGX-Open-Source,['exploit'],1,2022-12-29T08:41:41+0000,212,209,,32,[]
gentoo-mirror/zerodaysfordays,Jakob L. Kreuze's personal overlay.,https://github.com/gentoo-mirror/zerodaysfordays,['zeroday'],1,2022-12-29T17:48:06+0000,234,0,Shell,0,[]
Ne0nd0g/merlin,Merlin is a cross-platform post-exploitation HTTP/2 Command & Control  server and agent written in golang.,https://github.com/Ne0nd0g/merlin,['exploit'],1,2022-12-29T14:03:42+0000,21314,4147,Go,708,[]
commixproject/commix,Automated All-in-One OS Command Injection Exploitation Tool.,https://github.com/commixproject/commix,"['command injection', 'exploit']",2,2022-12-29T05:51:46+0000,5940,3580,Python,737,[]
rapid7/metasploit-omnibus,Packaging metasploit-framework with omnibus,https://github.com/rapid7/metasploit-omnibus,['metasploit module OR payload'],1,2022-12-29T18:05:54+0000,1446,204,Ruby,197,[]
Gallopsled/pwntools,CTF framework and exploit development library,https://github.com/Gallopsled/pwntools,"['exploit', 'shellcode']",2,2022-12-29T01:22:23+0000,27498,9795,Python,1564,[]
buffer/thug,Python low-interaction honeyclient,https://github.com/buffer/thug,['shellcode'],1,2022-12-29T14:16:13+0000,46074,896,Python,205,[]
beefproject/beef,The Browser Exploitation Framework Project,https://github.com/beefproject/beef,['exploit'],1,2022-12-29T23:26:57+0000,21877,8003,JavaScript,1848,[]
ZeroDayDaemon/ZeroDayDaemon,None,https://github.com/ZeroDayDaemon/ZeroDayDaemon,['zeroday'],1,2022-12-29T13:22:27+0000,2,0,,0,[]
Slackes/Example-Exec,💉・ Fivem Exec _ Open Source C++ External Release,https://github.com/Slackes/Example-Exec,['exploit'],1,2022-12-29T06:56:58+0000,172,30,C++,9,[]
sherlock-protocol/sherlock-v2-frontend,Frontend for Sherlock V2 - a protocol for decentralized exploit protection.,https://github.com/sherlock-protocol/sherlock-v2-frontend,['exploit'],1,2022-12-29T14:49:52+0000,5772,6,TypeScript,3,[]
NSHoffman/N7ZedsMut,Mutator for Killing Floor which modifies vanilla ZEDs providing them with new appearance and behaviour features + fixes a bunch of well-known issues and exploits which could negatively affect the original gameplay.,https://github.com/NSHoffman/N7ZedsMut,['exploit'],1,2022-12-29T20:24:06+0000,21426,0,UnrealScript,0,[]
kpcyrd/sh4d0wup,Signing-key abuse and update exploitation framework,https://github.com/kpcyrd/sh4d0wup,['exploit'],1,2022-12-29T18:51:55+0000,786,46,Rust,2,[]
OUB3LL4/Linux-Binary-Exploitation,some pwn challenges i solved ,https://github.com/OUB3LL4/Linux-Binary-Exploitation,['exploit'],1,2022-12-29T23:43:39+0000,7977,0,Python,0,[]
KATERGaming/Roblox,Exploiting,https://github.com/KATERGaming/Roblox,['exploit'],1,2022-12-29T13:22:01+0000,2983,0,Lua,0,[]
kizza2/NightExploit-download,boostreaper,https://github.com/kizza2/NightExploit-download,['exploit'],1,2022-12-29T15:03:55+0000,25,1,,0,[]
tg12/PoC_CVEs,PoC_CVEs,https://github.com/tg12/PoC_CVEs,['cve poc'],1,2022-12-29T02:48:00+0000,7707,120,,14,[]
CopernicusPY/vial,Vial is a lightweight python framework focused on exploiting Flask applications,https://github.com/CopernicusPY/vial,['exploit'],1,2022-12-29T13:04:02+0000,8,1,Python,0,[]
a0zhar/karo218,Improved version of Karo's Exploit Host.. Mainly for personal use.,https://github.com/a0zhar/karo218,['exploit'],1,2022-12-29T15:03:05+0000,3108,0,HTML,1,[]
0xPARC/zk-bug-tracker,"A community-maintained collection of bugs, vulnerabilities, and exploits in apps using ZK crypto.",https://github.com/0xPARC/zk-bug-tracker,['exploit'],1,2022-12-29T01:57:23+0000,142,41,,0,[]
Slackes/Valorant.External,🔫 ・Valorant Cheat External Public _ Aimbot + Esp + Skin Changers ,https://github.com/Slackes/Valorant.External,['exploit'],1,2022-12-29T18:50:17+0000,1886,57,C++,31,[]
Arokamal/CLASSIFICATION-OF-DEPRESSION-ON-SOCIAL-MEDIA-USING-TEXT-MINING,"The goal of our project is to exploit the massive data issued from social media and apply social media mining and sentiment analysis methods to detect at-risk people. By analyzing linguistic markers in social media posts, it’s possible to create a deep lea",https://github.com/Arokamal/CLASSIFICATION-OF-DEPRESSION-ON-SOCIAL-MEDIA-USING-TEXT-MINING,['exploit'],1,2022-12-29T01:28:00+0000,969,0,Jupyter Notebook,0,[]
Rinzlller/python-sploits,None,https://github.com/Rinzlller/python-sploits,['sploit'],1,2022-12-29T01:39:08+0000,40,0,Python,0,[]
Bl4ckM1rror/FUD-UUID-Shellcode,None,https://github.com/Bl4ckM1rror/FUD-UUID-Shellcode,['shellcode'],1,2022-12-29T12:18:29+0000,1870,199,C++,44,[]
G00Dway/BlestSploit,"BlestSploit Framework, exploitation framework for Ethical Hackers and CyberSecurity Experts & Pentesters",https://github.com/G00Dway/BlestSploit,"['exploit', 'sploit']",2,2022-12-29T10:57:59+0000,341,16,Python,3,[]
teamssix/cf,Cloud Exploitation Framework 云环境利用框架，方便安全人员在获得 AK 的后续工作,https://github.com/teamssix/cf,['exploit'],1,2022-12-29T03:02:46+0000,3103,1455,Go,146,[]
trickest/cve,Gather and update all available and newest CVEs with their PoC.,https://github.com/trickest/cve,"['cve poc', 'exploit', 'vulnerability poc']",3,2022-12-29T13:46:04+0000,137416,3910,HTML,487,[]
hktalent/scan4all,"Official repository  vuls Scan: 15000+PoCs; 23 kinds of application password crack; 7000+Web fingerprints; 146 protocols and 90000+ rules Port scanning; Fuzz, HW, awesome BugBounty( ͡° ͜ʖ ͡°)...",https://github.com/hktalent/scan4all,"['0day', 'attack poc']",2,2022-12-29T05:32:29+0000,47708,3327,Go,397,[]
sari3l/Poc-Monitor,🔍 Github CVE POC 信息监控推送 🚀,https://github.com/sari3l/Poc-Monitor,['cve poc'],1,2022-12-29T05:48:20+0000,43908,42,Go,14,[]
x90hack/how_vulnerability,"I wrote a case studies for public exploits and i will make nice information for security vulnerability researchers in other word, 1337 hackers.",https://github.com/x90hack/how_vulnerability,['exploit'],1,2022-12-29T23:13:46+0000,995,0,,0,[]
alvin-tosh/Infosec-and-Hacking-Scripts,"🚀  This is a collection of hacking and pentesting 🧐 scripts to help with enumeration, OSINT, exploitation and post exploitation automated scripts to make work easier. Have fun!😎",https://github.com/alvin-tosh/Infosec-and-Hacking-Scripts,['exploit'],1,2022-12-29T05:28:21+0000,7374,27,Python,13,[]
Robing00/PID-via-LFI,If you have a LFI vulnerability you can use this script to scan PIDs and maybe find a vulnerable process to exploit further.,https://github.com/Robing00/PID-via-LFI,['exploit'],1,2022-12-29T14:37:46+0000,33,1,Python,0,[]
firefart/stunner,"Stunner is a tool to test and exploit STUN, TURN and TURN over TCP servers.",https://github.com/firefart/stunner,['exploit'],1,2022-12-29T08:53:41+0000,114,560,Go,33,[]
D3Ext/WEF,Wi-Fi Exploitation Framework,https://github.com/D3Ext/WEF,['exploit'],1,2022-12-29T11:22:07+0000,6093,1412,Hack,136,[]
banxian/EDUReviver,J-Link v10/v11 USB exploit utility,https://github.com/banxian/EDUReviver,['exploit'],1,2022-12-29T20:49:08+0000,793,23,C,14,[]
hktalent/TOP,TOP All bugbounty pentesting CVE-2022- POC Exp  RCE example payload  Things,https://github.com/hktalent/TOP,"['cve poc', 'exploit', 'rce', 'rce poc', 'vulnerability poc']",5,2022-12-29T05:32:31+0000,632,352,Shell,77,[]
hippolippo/RCE-Bingo,A project to generate bingo boards for filling out while watching Real Civil Engineer videos,https://github.com/hippolippo/RCE-Bingo,['rce'],1,2022-12-29T15:00:35+0000,1034992,2,Python,0,[]
zan8in/afrog,A Vulnerability Scanning Tools For Penetration Testing,https://github.com/zan8in/afrog,['vulnerability poc'],1,2022-12-29T09:35:10+0000,8951,1176,Go,175,[]
Slackes/Fivem-Exec,"🩸・ Lua Exec Bypass + Dumper Scirpts , Compatible with the latest version of Fivem ",https://github.com/Slackes/Fivem-Exec,['exploit'],1,2022-12-29T12:09:12+0000,266,45,C++,12,[]
Slackes/Rust-internal,⚔️ ・Rust Cheat Internal Release Follow Step in Videos _ Work in last Patch,https://github.com/Slackes/Rust-internal,['exploit'],1,2022-12-29T17:19:49+0000,246,33,C#,8,[]
Live-Hack-CVE/CVE-2022-1059,Aethon TUG Home Base Server versions prior to version 24 are affected by un unauthenticated attacker who can freely access hashed user credentials. CVE project by @Sn0wAlice,https://github.com/Live-Hack-CVE/CVE-2022-1059,['cve-2 OR cve_2'],1,2022-12-29T00:04:02+0000,1,0,,0,['CVE-2022-1059']
Live-Hack-CVE/CVE-2022-42205,PHPGurukul Hospital Management System In PHP V 4.0 is vulnerable to Cross Site Scripting (XSS) via add-patient.php. CVE project by @Sn0wAlice,https://github.com/Live-Hack-CVE/CVE-2022-42205,['cve-2 OR cve_2'],1,2022-12-29T00:04:29+0000,1,0,,0,['CVE-2022-42205']
Live-Hack-CVE/CVE-2022-42206,"PHPGurukul Hospital Management System In PHP V 4.0 is vulnerable to Cross Site Scripting (XSS) via doctor/view-patient.php, admin/view-patient.php, and view-medhistory.php. CVE project by @Sn0wAlice",https://github.com/Live-Hack-CVE/CVE-2022-42206,['cve-2 OR cve_2'],1,2022-12-29T00:04:33+0000,1,0,,0,['CVE-2022-42206']
Live-Hack-CVE/CVE-2022-39309,GoCD is a continuous delivery server. GoCD helps you automate and streamline the build-test-release cycle for continuous delivery of your product. GoCD versions prior to 21.1.0 leak the symmetric key used to encrypt/decrypt any secure variables/secrets in ,https://github.com/Live-Hack-CVE/CVE-2022-39309,['cve-2 OR cve_2'],1,2022-12-29T00:04:36+0000,2,0,,0,['CVE-2022-39309']
Live-Hack-CVE/CVE-2022-42201,Simple Exam Reviewer Management System v1.0 is vulnerable to Insecure file upload. CVE project by @Sn0wAlice,https://github.com/Live-Hack-CVE/CVE-2022-42201,['cve-2 OR cve_2'],1,2022-12-29T00:11:26+0000,1,0,,0,['CVE-2022-42201']
Live-Hack-CVE/CVE-2020-25629,"A vulnerability was found in Moodle where users with ""Log in as"" capability in a course context (typically, course managers) may gain access to some site administration capabilities by ""logging in as"" a System manager. This affects 3.9 to 3.9.1, 3.8 to 3.8",https://github.com/Live-Hack-CVE/CVE-2020-25629,['cve-2 OR cve_2'],1,2022-12-29T00:11:23+0000,1,0,,0,['CVE-2020-25629']
Live-Hack-CVE/CVE-2020-25238,"A vulnerability has been identified in PCS neo (Administration Console) (All versions < V3.1), TIA Portal (V15, V15.1 and V16). Manipulating certain files in specific folders could allow a local attacker to execute code with SYSTEM privileges. The security",https://github.com/Live-Hack-CVE/CVE-2020-25238,"['cve-2 OR cve_2', 'exploit']",2,2022-12-29T00:11:20+0000,1,0,,0,['CVE-2020-25238']
Live-Hack-CVE/CVE-2020-12744,The MSI installer in Verint Desktop Resources 15.2 allows an unprivileged local user to elevate their privileges during install or repair. CVE project by @Sn0wAlice,https://github.com/Live-Hack-CVE/CVE-2020-12744,['cve-2 OR cve_2'],1,2022-12-29T00:11:16+0000,1,0,,0,['CVE-2020-12744']
Live-Hack-CVE/CVE-2020-25193,"By having access to the hard-coded cryptographic key for GE Reason RT430, RT431 & RT434 GNSS clocks in firmware versions prior to version 08A06, attackers would be able to intercept and decrypt encrypted traffic through an HTTPS connection. CVE project by ",https://github.com/Live-Hack-CVE/CVE-2020-25193,['cve-2 OR cve_2'],1,2022-12-29T00:11:13+0000,1,0,,0,['CVE-2020-25193']
Live-Hack-CVE/CVE-2022-42200,Simple Exam Reviewer Management System v1.0 is vulnerable to Stored Cross Site Scripting (XSS) via the Exam List. CVE project by @Sn0wAlice,https://github.com/Live-Hack-CVE/CVE-2022-42200,['cve-2 OR cve_2'],1,2022-12-29T00:11:10+0000,1,0,,0,['CVE-2022-42200']
Live-Hack-CVE/CVE-2022-22240,An Allocation of Resources Without Limits or Throttling and a Missing Release of Memory after Effective Lifetime vulnerability in the routing protocol daemon (rpd) of Juniper Networks Junos OS and Junos OS Evolved allows a locally authenticated low privile,https://github.com/Live-Hack-CVE/CVE-2022-22240,['cve-2 OR cve_2'],1,2022-12-29T00:11:06+0000,3,0,,0,['CVE-2022-22240']
Live-Hack-CVE/CVE-2022-42199,Simple Exam Reviewer Management System v1.0 is vulnerable to Cross Site Request Forgery (CSRF) via the Exam List. CVE project by @Sn0wAlice,https://github.com/Live-Hack-CVE/CVE-2022-42199,['cve-2 OR cve_2'],1,2022-12-29T00:10:42+0000,1,0,,0,['CVE-2022-42199']
Live-Hack-CVE/CVE-2022-22234,An Improper Preservation of Consistency Between Independent Representations of Shared State vulnerability in the Packet Forwarding Engine (PFE) of Juniper Networks Junos OS allows a locally authenticated attacker with low privileges to cause a Denial of Se,https://github.com/Live-Hack-CVE/CVE-2022-22234,['cve-2 OR cve_2'],1,2022-12-29T00:10:38+0000,10,0,,0,['CVE-2022-22234']
Live-Hack-CVE/CVE-2022-42198,In Simple Exam Reviewer Management System v1.0 the User List function suffers from insecure file upload. CVE project by @Sn0wAlice,https://github.com/Live-Hack-CVE/CVE-2022-42198,['cve-2 OR cve_2'],1,2022-12-29T00:10:35+0000,1,0,,0,['CVE-2022-42198']
Live-Hack-CVE/CVE-2022-42197,In Simple Exam Reviewer Management System v1.0 the User List function has improper access control that allows low privileged users to modify user permissions to higher privileges. CVE project by @Sn0wAlice,https://github.com/Live-Hack-CVE/CVE-2022-42197,['cve-2 OR cve_2'],1,2022-12-29T00:10:32+0000,1,0,,0,['CVE-2022-42197']
Live-Hack-CVE/CVE-2022-22238,"An Improper Check for Unusual or Exceptional Conditions vulnerability in the routing protocol daemon (rpd) of Juniper Networks Junos OS and Junos OS Evolved allows an unauthenticated, adjacent attacker to cause a Denial of Service (DoS). When an incoming R",https://github.com/Live-Hack-CVE/CVE-2022-22238,['cve-2 OR cve_2'],1,2022-12-29T00:10:28+0000,10,0,,0,['CVE-2022-22238']
Live-Hack-CVE/CVE-2022-22236,"An Access of Uninitialized Pointer vulnerability in SIP Application Layer Gateway (ALG) of Juniper Networks Junos OS on SRX Series and MX Series allows an unauthenticated, network-based attacker to cause a Denial of Service (DoS). When specific valid SIP p",https://github.com/Live-Hack-CVE/CVE-2022-22236,['cve-2 OR cve_2'],1,2022-12-29T00:10:25+0000,2,0,,0,['CVE-2022-22236']
Live-Hack-CVE/CVE-2020-9285,Some versions of Sonos One (1st and 2nd generation) allow partial or full memory access via attacker controlled hardware that can be attached to the Mini-PCI Express slot on the motherboard that hosts the WiFi card on the device. CVE project by @Sn0wAlice,https://github.com/Live-Hack-CVE/CVE-2020-9285,['cve-2 OR cve_2'],1,2022-12-29T00:10:21+0000,1,0,,0,['CVE-2020-9285']
Live-Hack-CVE/CVE-2022-36958,SolarWinds Platform was susceptible to the Deserialization of Untrusted Data. This vulnerability allows a remote adversary with valid access to SolarWinds Web Console to execute arbitrary commands. CVE project by @Sn0wAlice,https://github.com/Live-Hack-CVE/CVE-2022-36958,['cve-2 OR cve_2'],1,2022-12-29T00:10:17+0000,2,0,,0,['CVE-2022-36958']
Live-Hack-CVE/CVE-2022-43408,"Jenkins Pipeline: Stage View Plugin 2.26 and earlier does not correctly encode the ID of 'input' steps when using it to generate URLs to proceed or abort Pipeline builds, allowing attackers able to configure Pipelines to specify 'input' step IDs resulting ",https://github.com/Live-Hack-CVE/CVE-2022-43408,['cve-2 OR cve_2'],1,2022-12-29T00:10:14+0000,1,0,,0,['CVE-2022-43408']
Live-Hack-CVE/CVE-2022-36957,SolarWinds Platform was susceptible to the Deserialization of Untrusted Data. This vulnerability allows a remote adversary with Orion admin-level account access to SolarWinds Web Console to execute arbitrary commands. CVE project by @Sn0wAlice,https://github.com/Live-Hack-CVE/CVE-2022-36957,['cve-2 OR cve_2'],1,2022-12-29T00:10:11+0000,2,0,,0,['CVE-2022-36957']
Live-Hack-CVE/CVE-2020-25184,Rockwell Automation ISaGRAF Runtime Versions 4.x and 5.x stores the password in plaintext in a file that is in the same directory as the executable file. ISaGRAF Runtime reads the file and saves the data in a variable without any additional modification. A,https://github.com/Live-Hack-CVE/CVE-2020-25184,['cve-2 OR cve_2'],1,2022-12-29T00:10:07+0000,2,0,,0,['CVE-2020-25184']
Live-Hack-CVE/CVE-2020-25150,"A relative path traversal attack in the B. Braun Melsungen AG SpaceCom Version L81/U61 and earlier, and the Data module compactplus Versions A10 and A11 allows attackers with service user privileges to upload arbitrary files. By uploading a specially craft",https://github.com/Live-Hack-CVE/CVE-2020-25150,['cve-2 OR cve_2'],1,2022-12-29T00:10:04+0000,1,0,,0,['CVE-2020-25150']
Live-Hack-CVE/CVE-2020-24433,"Adobe Acrobat Reader DC versions 2020.012.20048 (and earlier), 2020.001.30005 (and earlier) and 2017.011.30175 (and earlier) are affected by a local privilege escalation vulnerability that could enable a user without administrator privileges to delete arbi",https://github.com/Live-Hack-CVE/CVE-2020-24433,['cve-2 OR cve_2'],1,2022-12-29T00:10:00+0000,4,0,,0,['CVE-2020-24433']
Live-Hack-CVE/CVE-2020-24441,Adobe Acrobat Reader for Android version 20.6.2 (and earlier) does not properly restrict access to directories created by the application. This could result in disclosure of sensitive information stored in databases used by the application. Exploitation re,https://github.com/Live-Hack-CVE/CVE-2020-24441,"['cve-2 OR cve_2', 'exploit']",2,2022-12-29T00:09:56+0000,1,0,,0,['CVE-2020-24441']
Live-Hack-CVE/CVE-2020-2506,"The vulnerability have been reported to affect earlier versions of QTS. If exploited, this improper access control vulnerability could allow attackers to compromise the security of the software by gaining privileges, or reading sensitive information. This ",https://github.com/Live-Hack-CVE/CVE-2020-2506,"['cve-2 OR cve_2', 'exploit']",2,2022-12-29T00:09:53+0000,1,0,,0,['CVE-2020-2506']
Live-Hack-CVE/CVE-2020-24405,Magento version 2.4.0 and 2.3.5p1 (and earlier) are affected by an incorrect permissions issue vulnerability in the Inventory module. This vulnerability could be abused by authenticated users to modify inventory stock data without authorization. CVE projec,https://github.com/Live-Hack-CVE/CVE-2020-24405,['cve-2 OR cve_2'],1,2022-12-29T00:09:50+0000,3,0,,0,['CVE-2020-24405']
Live-Hack-CVE/CVE-2020-24404,Magento version 2.4.0 and 2.3.5p1 (and earlier) are affected by an incorrect permissions vulnerability within the Integrations component. This vulnerability could be abused by users with permissions to the Pages resource to delete cms pages via the REST AP,https://github.com/Live-Hack-CVE/CVE-2020-24404,['cve-2 OR cve_2'],1,2022-12-29T00:09:46+0000,3,0,,0,['CVE-2020-24404']
Live-Hack-CVE/CVE-2020-24403,Magento version 2.4.0 and 2.3.5p1 (and earlier) are affected by an incorrect user permissions vulnerability within the Inventory component. This vulnerability could be abused by authenticated users with Inventory and Source permissions to make unauthorized,https://github.com/Live-Hack-CVE/CVE-2020-24403,['cve-2 OR cve_2'],1,2022-12-29T00:09:43+0000,3,1,,0,['CVE-2020-24403']
Live-Hack-CVE/CVE-2022-36966,Users with Node Management rights were able to view and edit all nodes due to Insufficient control on URL parameter causing insecure direct object reference (IDOR) vulnerability in SolarWinds Platform 2022.3 and previous. CVE project by @Sn0wAlice,https://github.com/Live-Hack-CVE/CVE-2022-36966,['cve-2 OR cve_2'],1,2022-12-29T00:09:39+0000,2,0,,0,['CVE-2022-36966']
Live-Hack-CVE/CVE-2022-38108,SolarWinds Platform was susceptible to the Deserialization of Untrusted Data. This vulnerability allows a remote adversary with Orion admin-level account access to SolarWinds Web Console to execute arbitrary commands. CVE project by @Sn0wAlice,https://github.com/Live-Hack-CVE/CVE-2022-38108,['cve-2 OR cve_2'],1,2022-12-29T00:09:36+0000,2,0,,0,['CVE-2022-38108']
Live-Hack-CVE/CVE-2022-22235,"An Improper Check for Unusual or Exceptional Conditions vulnerability in the Packet Forwarding Engine (PFE) of Juniper Networks Junos OS on SRX Series allows an unauthenticated, network-based, attacker to cause Denial of Service (DoS). A PFE crash will hap",https://github.com/Live-Hack-CVE/CVE-2022-22235,['cve-2 OR cve_2'],1,2022-12-29T00:09:31+0000,2,0,,0,['CVE-2022-22235']
Live-Hack-CVE/CVE-2022-43405,"A sandbox bypass vulnerability in Jenkins Pipeline: Groovy Libraries Plugin 612.v84da_9c54906d and earlier allows attackers with permission to define untrusted Pipeline libraries and to define and run sandboxed scripts, including Pipelines, to bypass the s",https://github.com/Live-Hack-CVE/CVE-2022-43405,['cve-2 OR cve_2'],1,2022-12-29T00:09:06+0000,1,0,,0,['CVE-2022-43405']
Live-Hack-CVE/CVE-2022-40084,"OpenCRX before v5.2.2 was discovered to be vulnerable to password enumeration due to the difference in error messages received during a password reset which could enable an attacker to determine if a username, email or ID is valid. CVE project by @Sn0wAlic",https://github.com/Live-Hack-CVE/CVE-2022-40084,['cve-2 OR cve_2'],1,2022-12-29T00:11:30+0000,1,0,,0,['CVE-2022-40084']
Live-Hack-CVE/CVE-2022-22223,"On QFX10000 Series devices using Juniper Networks Junos OS when configured as transit IP/MPLS penultimate hop popping (PHP) nodes with link aggregation group (LAG) interfaces, an Improper Validation of Specified Index, Position, or Offset in Input weakness",https://github.com/Live-Hack-CVE/CVE-2022-22223,['cve-2 OR cve_2'],1,2022-12-29T00:11:34+0000,7,0,,0,['CVE-2022-22223']
Live-Hack-CVE/CVE-2022-22219,"Due to the Improper Handling of an Unexpected Data Type in the processing of EVPN routes on Juniper Networks Junos OS and Junos OS Evolved, an attacker in direct control of a BGP client connected to a route reflector, or via a machine in the middle (MITM) ",https://github.com/Live-Hack-CVE/CVE-2022-22219,['cve-2 OR cve_2'],1,2022-12-29T00:11:37+0000,2,0,,0,['CVE-2022-22219']
Live-Hack-CVE/CVE-2022-22228,An Improper Validation of Specified Type of Input vulnerability in the routing protocol daemon (rpd) of Juniper Networks Junos OS allows an attacker to cause an RPD memory leak leading to a Denial of Service (DoS). This memory leak only occurs when the att,https://github.com/Live-Hack-CVE/CVE-2022-22228,['cve-2 OR cve_2'],1,2022-12-29T00:42:54+0000,1,0,,0,['CVE-2022-22228']
Live-Hack-CVE/CVE-2020-10148,The SolarWinds Orion API is vulnerable to an authentication bypass that could allow a remote attacker to execute API commands. This vulnerability could allow a remote attacker to bypass authentication and execute API commands which may result in a compromi,https://github.com/Live-Hack-CVE/CVE-2020-10148,['cve-2 OR cve_2'],1,2022-12-29T00:43:46+0000,1,0,,0,['CVE-2020-10148']
Live-Hack-CVE/CVE-2017-20045,A vulnerability was found in Navetti PricePoint 4.6.0.0. It has been declared as critical. This vulnerability affects unknown code. The manipulation leads to cross-site request forgery. The attack can be initiated remotely. The exploit has been disclosed t,https://github.com/Live-Hack-CVE/CVE-2017-20045,"['cve-2 OR cve_2', 'exploit']",2,2022-12-29T00:43:43+0000,1,0,,0,['CVE-2017-20045']
Live-Hack-CVE/CVE-2022-22249,An Improper Control of a Resource Through its Lifetime vulnerability in the Packet Forwarding Engine (PFE) of Juniper Networks Junos OS on MX Series allows an unauthenticated adjacent attacker to cause a Denial of Service (DoS). When there is a continuous ,https://github.com/Live-Hack-CVE/CVE-2022-22249,['cve-2 OR cve_2'],1,2022-12-29T00:43:39+0000,6,0,,0,['CVE-2022-22249']
Live-Hack-CVE/CVE-2022-43409,"Jenkins Pipeline: Supporting APIs Plugin 838.va_3a_087b_4055b and earlier does not sanitize or properly encode URLs of hyperlinks sending POST requests in build logs, resulting in a stored cross-site scripting (XSS) vulnerability exploitable by attackers a",https://github.com/Live-Hack-CVE/CVE-2022-43409,"['cve-2 OR cve_2', 'exploit']",2,2022-12-29T00:43:36+0000,1,0,,0,['CVE-2022-43409']
Live-Hack-CVE/CVE-2022-22250,"An Improper Control of a Resource Through its Lifetime vulnerability in Packet Forwarding Engine (PFE) of Juniper Networks Junos OS and Junos OS Evolved allows unauthenticated adjacent attacker to cause a Denial of Service (DoS). In an EVPN-MPLS scenario, ",https://github.com/Live-Hack-CVE/CVE-2022-22250,['cve-2 OR cve_2'],1,2022-12-29T00:43:32+0000,5,0,,0,['CVE-2022-22250']
Live-Hack-CVE/CVE-2022-22230,An Improper Input Validation vulnerability in the Routing Protocol Daemon (rpd) of Juniper Networks Junos OS and Junos OS Evolved allows an adjacent unauthenticated attacker to cause DoS (Denial of Service). If another router generates more than one specif,https://github.com/Live-Hack-CVE/CVE-2022-22230,['cve-2 OR cve_2'],1,2022-12-29T00:43:29+0000,3,0,,0,['CVE-2022-22230']
Live-Hack-CVE/CVE-2017-20044,A vulnerability was found in Navetti PricePoint 4.6.0.0. It has been classified as problematic. This affects an unknown part. The manipulation leads to basic cross site scripting (Reflected). It is possible to initiate the attack remotely. Upgrading to ver,https://github.com/Live-Hack-CVE/CVE-2017-20044,['cve-2 OR cve_2'],1,2022-12-29T00:43:26+0000,1,0,,0,['CVE-2017-20044']
Live-Hack-CVE/CVE-2017-20042,A vulnerability has been found in Navetti PricePoint 4.6.0.0 and classified as critical. Affected by this vulnerability is an unknown functionality. The manipulation leads to sql injection (Blind). The attack can be launched remotely. Upgrading to version ,https://github.com/Live-Hack-CVE/CVE-2017-20042,['cve-2 OR cve_2'],1,2022-12-29T00:43:22+0000,1,0,,0,['CVE-2017-20042']
Live-Hack-CVE/CVE-2017-20043,A vulnerability was found in Navetti PricePoint 4.6.0.0 and classified as problematic. Affected by this issue is some unknown functionality. The manipulation leads to basic cross site scripting (Persistent). The attack may be launched remotely. Upgrading t,https://github.com/Live-Hack-CVE/CVE-2017-20043,['cve-2 OR cve_2'],1,2022-12-29T00:43:18+0000,1,0,,0,['CVE-2017-20043']
Live-Hack-CVE/CVE-2022-34798,"Jenkins Deployment Dashboard Plugin 1.0.10 and earlier does not perform a permission check in several HTTP endpoints, allowing attackers with Overall/Read permission to connect to an attacker-specified HTTP URL using attacker-specified credentials. CVE pro",https://github.com/Live-Hack-CVE/CVE-2022-34798,['cve-2 OR cve_2'],1,2022-12-29T00:43:15+0000,1,0,,0,['CVE-2022-34798']
Live-Hack-CVE/CVE-2022-2210,Out-of-bounds Write in GitHub repository vim/vim prior to 8.2. CVE project by @Sn0wAlice,https://github.com/Live-Hack-CVE/CVE-2022-2210,['cve-2 OR cve_2'],1,2022-12-29T00:43:12+0000,64,0,,0,['CVE-2022-2210']
Live-Hack-CVE/CVE-2022-43407,"Jenkins Pipeline: Input Step Plugin 451.vf1a_a_4f405289 and earlier does not restrict or sanitize the optionally specified ID of the 'input' step, which is used for the URLs that process user interactions for the given 'input' step (proceed or abort) and i",https://github.com/Live-Hack-CVE/CVE-2022-43407,['cve-2 OR cve_2'],1,2022-12-29T00:43:01+0000,1,0,,0,['CVE-2022-43407']
Live-Hack-CVE/CVE-2021-41290,"ECOA BAS controller suffers from an arbitrary file write and path traversal vulnerability. Using the POST parameters, unauthenticated attackers can remotely set arbitrary values for location and content type and gain the possibility to execute arbitrary co",https://github.com/Live-Hack-CVE/CVE-2021-41290,['cve-2 OR cve_2'],1,2022-12-29T00:42:57+0000,1,0,,0,['CVE-2021-41290']
Live-Hack-CVE/CVE-2020-15279,An Improper Access Control vulnerability in the logging component of Bitdefender Endpoint Security Tools for Windows versions prior to 6.6.23.320 allows a regular user to learn the scanning exclusion paths. This issue was discovered during external securit,https://github.com/Live-Hack-CVE/CVE-2020-15279,['cve-2 OR cve_2'],1,2022-12-29T00:42:51+0000,1,0,,0,['CVE-2020-15279']
Live-Hack-CVE/CVE-2020-16122,PackageKit's apt backend mistakenly treated all local debs as trusted. The apt security model is based on repository trust and not on the contents of individual files. On sites with configured PolicyKit rules this may allow users to install malicious packa,https://github.com/Live-Hack-CVE/CVE-2020-16122,['cve-2 OR cve_2'],1,2022-12-29T00:11:40+0000,1,0,,0,['CVE-2020-16122']
Live-Hack-CVE/CVE-2020-10709,A security flaw was found in Ansible Tower when requesting an OAuth2 token with an OAuth2 application. Ansible Tower uses the token to provide authentication. This flaw allows an attacker to obtain a refresh token that does not expire. The original token g,https://github.com/Live-Hack-CVE/CVE-2020-10709,['cve-2 OR cve_2'],1,2022-12-29T00:42:47+0000,2,0,,0,['CVE-2020-10709']
Live-Hack-CVE/CVE-2020-10716,"A flaw was found in Red Hat Satellite's Job Invocation, where the ""User Input"" entry was not properly restricted to the view. This flaw allows a malicious Satellite user to scan through the Job Invocation, with the ability to search for passwords and other",https://github.com/Live-Hack-CVE/CVE-2020-10716,['cve-2 OR cve_2'],1,2022-12-29T00:42:44+0000,1,0,,0,['CVE-2020-10716']
Live-Hack-CVE/CVE-2020-10744,An incomplete fix was found for the fix of the flaw CVE-2020-1733 ansible: insecure temporary directory when running become_user from become directive. The provided fix is insufficient to prevent the race condition on systems using ACLs and FUSE filesystem,https://github.com/Live-Hack-CVE/CVE-2020-10744,['cve-2 OR cve_2'],1,2022-12-29T00:42:41+0000,2,0,,0,"['CVE-2020-10744', 'CVE-2020-1733']"
Live-Hack-CVE/CVE-2022-22225,A Time-of-check Time-of-use (TOCTOU) Race Condition vulnerability in the Routing Protocol Daemon (rpd) of Juniper Networks Junos OS and Junos OS Evolved allows an unauthenticated attacker with an established BGP session to cause a Denial of Service (DoS). ,https://github.com/Live-Hack-CVE/CVE-2022-22225,['cve-2 OR cve_2'],1,2022-12-29T00:42:15+0000,3,0,,0,['CVE-2022-22225']
Live-Hack-CVE/CVE-2022-41708,Relatedcode's Messenger version 7bcd20b allows an authenticated external attacker to access existing chats in the workspaces of any user of the application. This is possible because the application does not validate permissions correctly. CVE project by @S,https://github.com/Live-Hack-CVE/CVE-2022-41708,['cve-2 OR cve_2'],1,2022-12-29T00:42:12+0000,1,0,,0,['CVE-2022-41708']
Live-Hack-CVE/CVE-2022-22226,"In VxLAN scenarios on EX4300-MP, EX4600, QFX5000 Series devices an Uncontrolled Memory Allocation vulnerability in the Packet Forwarding Engine (PFE) of Juniper Networks Junos OS allows an unauthenticated adjacently located attacker sending specific packet",https://github.com/Live-Hack-CVE/CVE-2022-22226,['cve-2 OR cve_2'],1,2022-12-29T00:12:07+0000,4,0,,0,['CVE-2022-22226']
Live-Hack-CVE/CVE-2020-15087,"In Presto before version 337, authenticated users can bypass authorization checks by directly accessing internal APIs. This impacts Presto server installations with secure internal communication configured. This does not affect installations that have not ",https://github.com/Live-Hack-CVE/CVE-2020-15087,['cve-2 OR cve_2'],1,2022-12-29T00:12:04+0000,2,0,,0,['CVE-2020-15087']
Live-Hack-CVE/CVE-2020-15117,"In Synergy before version 1.12.0, a Synergy server can be crashed by receiving a kMsgHelloBack packet with a client name length set to 0xffffffff (4294967295) if the servers memory is less than 4 GB. It was verified that this issue does not cause a crash t",https://github.com/Live-Hack-CVE/CVE-2020-15117,['cve-2 OR cve_2'],1,2022-12-29T00:12:00+0000,2,0,,0,['CVE-2020-15117']
Live-Hack-CVE/CVE-2022-22227,An Improper Check for Unusual or Exceptional Conditions vulnerability in the Packet Forwarding Engine (PFE) of Juniper Networks Junos OS Evolved on ACX7000 Series allows an unauthenticated network-based attacker to cause a partial Denial of Service (DoS). ,https://github.com/Live-Hack-CVE/CVE-2022-22227,['cve-2 OR cve_2'],1,2022-12-29T00:11:57+0000,2,0,,0,['CVE-2022-22227']
Live-Hack-CVE/CVE-2022-31684,"Reactor Netty HTTP Server, in versions 1.0.11 - 1.0.23, may log request headers in some cases of invalid HTTP requests. The logged headers may reveal valid access tokens to those with access to server logs. This may affect only invalid HTTP requests where ",https://github.com/Live-Hack-CVE/CVE-2022-31684,['cve-2 OR cve_2'],1,2022-12-29T00:11:54+0000,1,0,,0,['CVE-2022-31684']
Live-Hack-CVE/CVE-2020-15223,"In ORY Fosite (the security first OAuth2 & OpenID Connect framework for Go) before version 0.34.0, the `TokenRevocationHandler` ignores errors coming from the storage. This can lead to unexpected 200 status codes indicating successful revocation while the ",https://github.com/Live-Hack-CVE/CVE-2020-15223,['cve-2 OR cve_2'],1,2022-12-29T00:11:51+0000,2,0,,0,['CVE-2020-15223']
Live-Hack-CVE/CVE-2022-22211,A limitless resource allocation vulnerability in FPC resources of Juniper Networks Junos OS Evolved on PTX Series allows an unprivileged attacker to cause Denial of Service (DoS). Continuously polling the SNMP jnxCosQstatTable causes the FPC to run out of ,https://github.com/Live-Hack-CVE/CVE-2022-22211,['cve-2 OR cve_2'],1,2022-12-29T00:11:47+0000,3,0,,0,['CVE-2022-22211']
Live-Hack-CVE/CVE-2022-42021,Best Student Result Management System v1.0 is vulnerable to SQL Injection via /upresult/upresult/notice-details.php?nid=. CVE project by @Sn0wAlice,https://github.com/Live-Hack-CVE/CVE-2022-42021,['cve-2 OR cve_2'],1,2022-12-29T00:11:44+0000,1,0,,0,['CVE-2022-42021']
Live-Hack-CVE/CVE-2022-42344,"Adobe Commerce versions 2.4.3-p2 (and earlier), 2.3.7-p3 (and earlier) and 2.4.4 (and earlier) are affected by an improper input validation vulnerability. An authenticated attacker can trigger an insecure direct object reference in the `V1/customers/me` en",https://github.com/Live-Hack-CVE/CVE-2022-42344,['cve-2 OR cve_2'],1,2022-12-29T00:09:02+0000,2,0,,0,['CVE-2022-42344']
Live-Hack-CVE/CVE-2022-2069,The APDFL.dll in Siemens JT2Go prior to V13.3.0.5 and Siemens Teamcenter Visualization prior to V14.0.0.2 contains an out of bounds write past the fixed-length heap-based buffer while parsing specially crafted PDF files. This could allow an attacker to exe,https://github.com/Live-Hack-CVE/CVE-2022-2069,['cve-2 OR cve_2'],1,2022-12-29T00:08:59+0000,1,0,,0,['CVE-2022-2069']
Live-Hack-CVE/CVE-2020-25673,A vulnerability was found in Linux kernel where non-blocking socket in llcp_sock_connect() leads to leak and eventually hanging-up the system. CVE project by @Sn0wAlice,https://github.com/Live-Hack-CVE/CVE-2020-25673,['cve-2 OR cve_2'],1,2022-12-29T00:08:55+0000,29,0,,0,['CVE-2020-25673']
Live-Hack-CVE/CVE-2021-21045,"Acrobat Reader DC versions versions 2020.013.20074 (and earlier), 2020.001.30018 (and earlier) and 2017.011.30188 (and earlier) are affected by an improper access control vulnerability. An unauthenticated attacker could leverage this vulnerability to eleva",https://github.com/Live-Hack-CVE/CVE-2021-21045,['cve-2 OR cve_2'],1,2022-12-29T00:05:27+0000,3,0,,0,['CVE-2021-21045']
Live-Hack-CVE/CVE-2021-1469,"Multiple vulnerabilities in Cisco Jabber for Windows, Cisco Jabber for MacOS, and Cisco Jabber for mobile platforms could allow an attacker to execute arbitrary programs on the underlying operating system with elevated privileges, access sensitive informat",https://github.com/Live-Hack-CVE/CVE-2021-1469,['cve-2 OR cve_2'],1,2022-12-29T00:06:41+0000,2,0,,0,['CVE-2021-1469']
Live-Hack-CVE/CVE-2022-25662,"Information disclosure due to untrusted pointer dereference in kernel in Snapdragon Auto, Snapdragon Compute, Snapdragon Connectivity, Snapdragon Consumer IOT, Snapdragon Industrial IOT, Snapdragon Mobile, Snapdragon Wearables CVE project by @Sn0wAlice",https://github.com/Live-Hack-CVE/CVE-2022-25662,['cve-2 OR cve_2'],1,2022-12-29T00:06:38+0000,2,0,,0,['CVE-2022-25662']
Live-Hack-CVE/CVE-2021-20208,A flaw was found in cifs-utils in versions before 6.13. A user when mounting a krb5 CIFS file system from within a container can use Kerberos credentials of the host. The highest threat from this vulnerability is to data confidentiality and integrity. CVE ,https://github.com/Live-Hack-CVE/CVE-2021-20208,['cve-2 OR cve_2'],1,2022-12-29T00:06:34+0000,2,0,,0,['CVE-2021-20208']
Live-Hack-CVE/CVE-2021-20313,A flaw was found in ImageMagick in versions before 7.0.11. A potential cipher leak when the calculate signatures in TransformSignature is possible. The highest threat from this vulnerability is to data confidentiality. CVE project by @Sn0wAlice,https://github.com/Live-Hack-CVE/CVE-2021-20313,['cve-2 OR cve_2'],1,2022-12-29T00:06:22+0000,11,0,,0,['CVE-2021-20313']
Live-Hack-CVE/CVE-2021-20999,In WeidmÃ¼ller u-controls and IoT-Gateways in versions up to 1.12.1 a network port intended only for device-internal usage is accidentally accessible via external network interfaces. By exploiting this vulnerability the device may be manipulated or the ope,https://github.com/Live-Hack-CVE/CVE-2021-20999,"['cve-2 OR cve_2', 'exploit']",2,2022-12-29T00:06:19+0000,1,0,,0,['CVE-2021-20999']
Live-Hack-CVE/CVE-2021-20201,A flaw was found in spice in versions before 0.14.92. A DoS tool might make it easier for remote attackers to cause a denial of service (CPU consumption) by performing many renegotiations within a single connection. CVE project by @Sn0wAlice,https://github.com/Live-Hack-CVE/CVE-2021-20201,['cve-2 OR cve_2'],1,2022-12-29T00:06:15+0000,2,0,,0,['CVE-2021-20201']
Live-Hack-CVE/CVE-2021-21083,"AEM's Cloud Service offering, as well as versions 6.5.7.0 (and below), 6.4.8.3 (and below) and 6.3.3.8 (and below) are affected by an Improper Access Control vulnerability. An unauthenticated attacker could leverage this vulnerability to cause an applicati",https://github.com/Live-Hack-CVE/CVE-2021-21083,['cve-2 OR cve_2'],1,2022-12-29T00:06:12+0000,2,0,,0,['CVE-2021-21083']
Live-Hack-CVE/CVE-2021-20264,An insecure modification flaw in the /etc/passwd file was found in the openjdk-1.8 and openjdk-11 containers. This flaw allows an attacker with access to the container to modify the /etc/passwd and escalate their privileges. The highest threat from this vu,https://github.com/Live-Hack-CVE/CVE-2021-20264,['cve-2 OR cve_2'],1,2022-12-29T00:06:09+0000,1,0,,0,['CVE-2021-20264']
Live-Hack-CVE/CVE-2021-20050,"An Improper Access Control Vulnerability in the SMA100 series leads to multiple restricted management APIs being accessible without a user login, potentially exposing configuration meta-data. CVE project by @Sn0wAlice",https://github.com/Live-Hack-CVE/CVE-2021-20050,['cve-2 OR cve_2'],1,2022-12-29T00:06:05+0000,2,0,,0,['CVE-2021-20050']
Live-Hack-CVE/CVE-2022-25661,"Memory corruption due to untrusted pointer dereference in kernel in Snapdragon Auto, Snapdragon Compute, Snapdragon Consumer IOT, Snapdragon Industrial IOT, Snapdragon Mobile CVE project by @Sn0wAlice",https://github.com/Live-Hack-CVE/CVE-2022-25661,['cve-2 OR cve_2'],1,2022-12-29T00:06:01+0000,2,0,,0,['CVE-2022-25661']
Live-Hack-CVE/CVE-2021-20187,"It was found in Moodle before version 3.10.1, 3.9.4, 3.8.7 and 3.5.16 that it was possible for site administrators to execute arbitrary PHP scripts via a PHP include used during Shibboleth authentication. CVE project by @Sn0wAlice",https://github.com/Live-Hack-CVE/CVE-2021-20187,['cve-2 OR cve_2'],1,2022-12-29T00:05:58+0000,3,0,,0,['CVE-2021-20187']
Live-Hack-CVE/CVE-2021-20185,"It was found in Moodle before version 3.10.1, 3.9.4, 3.8.7 and 3.5.16 that messaging did not impose a character limit when sending messages, which could result in client-side (browser) denial of service for users receiving very large messages. CVE project ",https://github.com/Live-Hack-CVE/CVE-2021-20185,['cve-2 OR cve_2'],1,2022-12-29T00:05:34+0000,1,0,,0,['CVE-2021-20185']
Live-Hack-CVE/CVE-2021-21026,"Magento versions 2.4.1 (and earlier), 2.4.0-p1 (and earlier) and 2.3.6 (and earlier) are affected by an improper authorization vulnerability in the integrations module. Successful exploitation could lead to unauthorized access to restricted resources by an",https://github.com/Live-Hack-CVE/CVE-2021-21026,"['cve-2 OR cve_2', 'exploit']",2,2022-12-29T00:05:31+0000,3,0,,0,['CVE-2021-21026']
Live-Hack-CVE/CVE-2021-21020,"Magento versions 2.4.1 (and earlier), 2.4.0-p1 (and earlier) and 2.3.6 (and earlier) are vulnerable to an access control bypass vulnerability in the Login as Customer module. Successful exploitation could lead to unauthorized access to restricted resources",https://github.com/Live-Hack-CVE/CVE-2021-21020,"['cve-2 OR cve_2', 'exploit']",2,2022-12-29T00:05:24+0000,3,0,,0,['CVE-2021-21020']
Live-Hack-CVE/CVE-2021-1449,"A vulnerability in the boot logic of Cisco Access Points Software could allow an authenticated, local attacker to execute unsigned code at boot time. The vulnerability is due to an improper check that is performed by the area of code that manages system st",https://github.com/Live-Hack-CVE/CVE-2021-1449,"['cve-2 OR cve_2', 'exploit']",2,2022-12-29T00:06:48+0000,2,0,,0,['CVE-2021-1449']
Live-Hack-CVE/CVE-2021-20222,A flaw was found in keycloak. The new account console in keycloak can allow malicious code to be executed using the referrer URL. The highest threat from this vulnerability is to data confidentiality and integrity as well as system availability. CVE projec,https://github.com/Live-Hack-CVE/CVE-2021-20222,['cve-2 OR cve_2'],1,2022-12-29T00:05:20+0000,1,0,,0,['CVE-2021-20222']
Live-Hack-CVE/CVE-2021-21096,Adobe Bridge versions 10.1.1 (and earlier) and 11.0.1 (and earlier) are affected by an Improper Authorization vulnerability in the Genuine Software Service. A low-privileged attacker could leverage this vulnerability to achieve application denial-of-servic,https://github.com/Live-Hack-CVE/CVE-2021-21096,"['cve-2 OR cve_2', 'exploit']",2,2022-12-29T00:05:17+0000,1,0,,0,['CVE-2021-21096']
Live-Hack-CVE/CVE-2022-25660,"Memory corruption due to double free issue in kernel in Snapdragon Auto, Snapdragon Compute, Snapdragon Consumer IOT, Snapdragon Industrial IOT, Snapdragon Mobile CVE project by @Sn0wAlice",https://github.com/Live-Hack-CVE/CVE-2022-25660,['cve-2 OR cve_2'],1,2022-12-29T00:05:14+0000,2,1,,0,['CVE-2022-25660']
Live-Hack-CVE/CVE-2022-3606,A vulnerability was found in Linux Kernel. It has been classified as problematic. This affects the function find_prog_by_sec_insn of the file tools/lib/bpf/libbpf.c of the component BPF. The manipulation leads to null pointer dereference. It is recommended,https://github.com/Live-Hack-CVE/CVE-2022-3606,['cve-2 OR cve_2'],1,2022-12-29T00:05:10+0000,1,0,,0,['CVE-2022-3606']
Live-Hack-CVE/CVE-2022-22078,"Denial of service in BOOT when partition size for a particular partition is requested due to integer overflow when blocks are calculated in Snapdragon Auto, Snapdragon Compute, Snapdragon Connectivity, Snapdragon Consumer IOT, Snapdragon Industrial IOT, Sn",https://github.com/Live-Hack-CVE/CVE-2022-22078,['cve-2 OR cve_2'],1,2022-12-29T00:05:07+0000,2,0,,0,['CVE-2022-22078']
Live-Hack-CVE/CVE-2022-22077,Memory corruption in graphics due to use-after-free in graphics dispatcher logic in Snapdragon Mobile CVE project by @Sn0wAlice,https://github.com/Live-Hack-CVE/CVE-2022-22077,['cve-2 OR cve_2'],1,2022-12-29T00:05:03+0000,1,0,,0,['CVE-2022-22077']
Live-Hack-CVE/CVE-2022-40798,"OcoMon 4.0RC1 is vulnerable to Incorrect Access Control. Through a request the user can obtain the real email, sending the same request with correct email its possible to account takeover. CVE project by @Sn0wAlice",https://github.com/Live-Hack-CVE/CVE-2022-40798,['cve-2 OR cve_2'],1,2022-12-29T00:05:00+0000,1,0,,0,['CVE-2022-40798']
Live-Hack-CVE/CVE-2022-38901,A Cross-site scripting (XSS) vulnerability in the Document and Media module - file upload functionality in Liferay Digital Experience Platform 7.3.10 SP3 allows remote attackers to inject arbitrary JS script or HTML into the description field of uploaded s,https://github.com/Live-Hack-CVE/CVE-2022-38901,['cve-2 OR cve_2'],1,2022-12-29T00:04:57+0000,2,0,,0,['CVE-2022-38901']
Live-Hack-CVE/CVE-2016-20017,"D-Link DSL-2750B devices before 1.05 allow remote unauthenticated command injection via the login.cgi cli parameter, as exploited in the wild in 2016 through 2022. CVE project by @Sn0wAlice",https://github.com/Live-Hack-CVE/CVE-2016-20017,"['command injection', 'cve-2 OR cve_2', 'exploit']",3,2022-12-29T00:04:53+0000,1,0,,0,['CVE-2016-20017']
Live-Hack-CVE/CVE-2022-35860,Missing AES encryption in Corsair K63 Wireless 3.1.3 allows physically proximate attackers to inject and sniff keystrokes via 2.4 GHz radio transmissions. CVE project by @Sn0wAlice,https://github.com/Live-Hack-CVE/CVE-2022-35860,['cve-2 OR cve_2'],1,2022-12-29T00:04:50+0000,1,0,,0,['CVE-2022-35860']
Live-Hack-CVE/CVE-2020-8974,"In ZGR TPS200 NG 2.00 firmware version and 1.01 hardware version, the firmware upload process does not perform any type of restriction. This allows an attacker to modify it and re-upload it via web with malicious modifications, rendering the device unusabl",https://github.com/Live-Hack-CVE/CVE-2020-8974,['cve-2 OR cve_2'],1,2022-12-29T00:04:46+0000,1,0,,0,['CVE-2020-8974']
Live-Hack-CVE/CVE-2022-3567,A vulnerability has been found in Linux Kernel and classified as problematic. This vulnerability affects the function inet6_stream_ops/inet6_dgram_ops of the component IPv6 Handler. The manipulation leads to race condition. It is recommended to apply a pat,https://github.com/Live-Hack-CVE/CVE-2022-3567,['cve-2 OR cve_2'],1,2022-12-29T00:04:43+0000,1,0,,0,['CVE-2022-3567']
Live-Hack-CVE/CVE-2022-3382,"HIWIN Robot System Software version 3.3.21.9869 does not properly address the terminated command source. As a result, an attacker could craft code to disconnect HRSS and the controller and cause a denial-of-service condition. CVE project by @Sn0wAlice",https://github.com/Live-Hack-CVE/CVE-2022-3382,['cve-2 OR cve_2'],1,2022-12-29T00:04:39+0000,1,0,,0,['CVE-2022-3382']
Live-Hack-CVE/CVE-2021-1437,"A vulnerability in the FlexConnect Upgrade feature of Cisco Aironet Series Access Points Software could allow an unauthenticated, remote attacker to obtain confidential information from an affected device. This vulnerability is due to an unrestricted Trivi",https://github.com/Live-Hack-CVE/CVE-2021-1437,['cve-2 OR cve_2'],1,2022-12-29T00:06:44+0000,2,0,,0,['CVE-2021-1437']
Live-Hack-CVE/CVE-2020-1681,"Receipt of a specifically malformed NDP packet sent from the local area network (LAN) to a device running Juniper Networks Junos OS Evolved can cause the ndp process to crash, resulting in a Denial of Service (DoS). The process automatically restarts witho",https://github.com/Live-Hack-CVE/CVE-2020-1681,['cve-2 OR cve_2'],1,2022-12-29T00:06:51+0000,2,0,,0,['CVE-2020-1681']
Live-Hack-CVE/CVE-2020-25634,"A flaw was found in Red Hat 3scale’s API docs URL, where it is accessible without credentials. This flaw allows an attacker to view sensitive information or modify service APIs. Versions before 3scale-2.10.0-ER1 are affected. CVE project by @Sn0wAlice",https://github.com/Live-Hack-CVE/CVE-2020-25634,['cve-2 OR cve_2'],1,2022-12-29T00:08:50+0000,0,0,,0,['CVE-2020-25634']
Live-Hack-CVE/CVE-2021-1562,"A vulnerability in the XSI-Actions interface of Cisco BroadWorks Application Server could allow an authenticated, remote attacker to access sensitive information on an affected system. This vulnerability is due to improper input validation and authorizatio",https://github.com/Live-Hack-CVE/CVE-2021-1562,['cve-2 OR cve_2'],1,2022-12-29T00:08:02+0000,2,0,,0,['CVE-2021-1562']
Live-Hack-CVE/CVE-2022-25663,"Possible buffer overflow due to lack of buffer length check during management frame Rx handling lead to denial of service in Snapdragon Compute, Snapdragon Connectivity, Snapdragon Consumer Electronics Connectivity CVE project by @Sn0wAlice",https://github.com/Live-Hack-CVE/CVE-2022-25663,['cve-2 OR cve_2'],1,2022-12-29T00:08:47+0000,1,0,,0,['CVE-2022-25663']
Live-Hack-CVE/CVE-2019-7670,"Prima Systems FlexAir, Versions 2.3.38 and prior. The application incorrectly neutralizes special elements that could modify the intended OS command when it is sent to a downstream component, which could allow attackers to execute commands directly on the ",https://github.com/Live-Hack-CVE/CVE-2019-7670,['cve-2 OR cve_2'],1,2022-12-29T00:08:43+0000,1,0,,0,['CVE-2019-7670']
Live-Hack-CVE/CVE-2020-25716,A flaw was found in Cloudforms. A role-based privileges escalation flaw where export or import of administrator files is possible. An attacker with a specific group can perform actions restricted only to system administrator. This is the affect of an incom,https://github.com/Live-Hack-CVE/CVE-2020-25716,['cve-2 OR cve_2'],1,2022-12-29T00:08:40+0000,1,0,,0,"['CVE-2020-10783', 'CVE-2020-25716']"
Live-Hack-CVE/CVE-2022-1292,"The c_rehash script does not properly sanitise shell metacharacters to prevent command injection. This script is distributed by some operating systems in a manner where it is automatically executed. On such operating systems, an attacker could execute arbi",https://github.com/Live-Hack-CVE/CVE-2022-1292,"['command injection', 'cve-2 OR cve_2']",2,2022-12-29T00:08:36+0000,4,0,,0,['CVE-2022-1292']
Live-Hack-CVE/CVE-2020-25719,"A flaw was found in the way Samba, as an Active Directory Domain Controller, implemented Kerberos name-based authentication. The Samba AD DC, could become confused about the user a ticket represents if it did not strictly require a Kerberos PAC and always ",https://github.com/Live-Hack-CVE/CVE-2020-25719,['cve-2 OR cve_2'],1,2022-12-29T00:08:33+0000,4,0,,0,['CVE-2020-25719']
Live-Hack-CVE/CVE-2022-34027,Nginx NJS v0.7.4 was discovered to contain a segmentation violation via njs_value_property at njs_value.c. CVE project by @Sn0wAlice,https://github.com/Live-Hack-CVE/CVE-2022-34027,['cve-2 OR cve_2'],1,2022-12-29T00:08:30+0000,1,0,,0,['CVE-2022-34027']
Live-Hack-CVE/CVE-2020-25654,An ACL bypass flaw was found in pacemaker. An attacker having a local account on the cluster and in the haclient group could use IPC communication with various daemons directly to perform certain tasks that they would be prevented by ACLs from doing if the,https://github.com/Live-Hack-CVE/CVE-2020-25654,['cve-2 OR cve_2'],1,2022-12-29T00:08:26+0000,2,0,,0,['CVE-2020-25654']
Live-Hack-CVE/CVE-2020-26195,Dell EMC PowerScale OneFS versions 8.1.2 – 9.1.0 contain an issue where the OneFS SMB directory auto-create may erroneously create a directory for a user. A remote unauthenticated attacker may take advantage of this issue to slow down the system. CVE proje,https://github.com/Live-Hack-CVE/CVE-2020-26195,['cve-2 OR cve_2'],1,2022-12-29T00:08:22+0000,0,0,,0,['CVE-2020-26195']
Live-Hack-CVE/CVE-2020-27779,A flaw was found in grub2 in versions prior to 2.06. The cutmem command does not honor secure boot locking allowing an privileged attacker to remove address ranges from memory creating an opportunity to circumvent SecureBoot protections after proper triage,https://github.com/Live-Hack-CVE/CVE-2020-27779,['cve-2 OR cve_2'],1,2022-12-29T00:08:19+0000,2,0,,0,['CVE-2020-27779']
Live-Hack-CVE/CVE-2020-25713,A malformed input file can lead to a segfault due to an out of bounds array access in raptor_xml_writer_start_element_common. CVE project by @Sn0wAlice,https://github.com/Live-Hack-CVE/CVE-2020-25713,['cve-2 OR cve_2'],1,2022-12-29T00:08:16+0000,1,0,,0,['CVE-2020-25713']
Live-Hack-CVE/CVE-2020-26197,Dell PowerScale OneFS 8.1.0 - 9.1.0 contains an LDAP Provider inability to connect over TLSv1.2 vulnerability. It may make it easier to eavesdrop and decrypt such traffic for a malicious actor. Note: This does not affect clusters which are not relying on a,https://github.com/Live-Hack-CVE/CVE-2020-26197,['cve-2 OR cve_2'],1,2022-12-29T00:08:12+0000,1,0,,0,['CVE-2020-26197']
Live-Hack-CVE/CVE-2022-30594,The Linux kernel before 5.17.2 mishandles seccomp permissions. The PTRACE_SEIZE code path allows attackers to bypass intended restrictions on setting the PT_SUSPEND_SECCOMP flag. CVE project by @Sn0wAlice,https://github.com/Live-Hack-CVE/CVE-2022-30594,['cve-2 OR cve_2'],1,2022-12-29T00:08:09+0000,33,0,,0,['CVE-2022-30594']
Live-Hack-CVE/CVE-2020-28647,"In Progress MOVEit Transfer before 2020.1, a malicious user could craft and store a payload within the application. If a victim within the MOVEit Transfer instance interacts with the stored payload, it could invoke and execute arbitrary code within the con",https://github.com/Live-Hack-CVE/CVE-2020-28647,['cve-2 OR cve_2'],1,2022-12-29T00:08:05+0000,1,0,,0,['CVE-2020-28647']
Live-Hack-CVE/CVE-2021-1583,"A vulnerability in the fabric infrastructure file system access control of Cisco Nexus 9000 Series Fabric Switches in Application Centric Infrastructure (ACI) mode could allow an authenticated, local attacker to read arbitrary files on an affected system. ",https://github.com/Live-Hack-CVE/CVE-2021-1583,['cve-2 OR cve_2'],1,2022-12-29T00:07:58+0000,2,0,,0,['CVE-2021-1583']
Live-Hack-CVE/CVE-2020-3566,"A vulnerability in the Distance Vector Multicast Routing Protocol (DVMRP) feature of Cisco IOS XR Software could allow an unauthenticated, remote attacker to exhaust process memory of an affected device. The vulnerability is due to insufficient queue manag",https://github.com/Live-Hack-CVE/CVE-2020-3566,['cve-2 OR cve_2'],1,2022-12-29T00:06:55+0000,2,0,,0,['CVE-2020-3566']
Live-Hack-CVE/CVE-2021-1577,"A vulnerability in an API endpoint of Cisco Application Policy Infrastructure Controller (APIC) and Cisco Cloud Application Policy Infrastructure Controller (Cloud APIC) could allow an unauthenticated, remote attacker to read or write arbitrary files on an",https://github.com/Live-Hack-CVE/CVE-2021-1577,['cve-2 OR cve_2'],1,2022-12-29T00:07:55+0000,3,0,,0,['CVE-2021-1577']
Live-Hack-CVE/CVE-2021-1589,"A vulnerability in the disaster recovery feature of Cisco SD-WAN vManage Software could allow an authenticated, remote attacker to gain unauthorized access to user credentials. This vulnerability exists because access to API endpoints is not properly restr",https://github.com/Live-Hack-CVE/CVE-2021-1589,"['cve-2 OR cve_2', 'exploit']",2,2022-12-29T00:07:44+0000,1,0,,0,['CVE-2021-1589']
Live-Hack-CVE/CVE-2020-6016,"Valve's Game Networking Sockets prior to version v1.2.0 improperly handles unreliable segments with negative offsets in function SNP_ReceiveUnreliableSegment(), leading to a Heap-Based Buffer Underflow and a free() of memory not from the heap, resulting in",https://github.com/Live-Hack-CVE/CVE-2020-6016,"['cve-2 OR cve_2', 'remote code execution']",2,2022-12-29T00:07:41+0000,1,0,,0,['CVE-2020-6016']
Live-Hack-CVE/CVE-2019-7669,"Prima Systems FlexAir, Versions 2.3.38 and prior. Improper validation of file extensions when uploading files could allow a remote authenticated attacker to upload and execute malicious applications within the application’s web root with root privileges. C",https://github.com/Live-Hack-CVE/CVE-2019-7669,['cve-2 OR cve_2'],1,2022-12-29T00:07:38+0000,0,0,,0,['CVE-2019-7669']
Live-Hack-CVE/CVE-2019-7667,"Prima Systems FlexAir, Versions 2.3.38 and prior. The application generates database backup files with a predictable name, and an attacker can use brute force to identify the database backup file name. A malicious actor can exploit this issue to download t",https://github.com/Live-Hack-CVE/CVE-2019-7667,"['cve-2 OR cve_2', 'exploit']",2,2022-12-29T00:07:34+0000,1,0,,0,['CVE-2019-7667']
Live-Hack-CVE/CVE-2021-1423,"A vulnerability in the implementation of a CLI command in Cisco Aironet Access Points (AP) could allow an authenticated, local attacker to overwrite files in the flash memory of the device. This vulnerability is due to insufficient input validation for a s",https://github.com/Live-Hack-CVE/CVE-2021-1423,"['cve-2 OR cve_2', 'exploit']",2,2022-12-29T00:07:31+0000,2,0,,0,['CVE-2021-1423']
Live-Hack-CVE/CVE-2021-1501,"A vulnerability in the SIP inspection engine of Cisco Adaptive Security Appliance (ASA) Software and Cisco Firepower Threat Defense (FTD) Software could allow an unauthenticated, remote attacker to cause a crash and reload of an affected device, resulting ",https://github.com/Live-Hack-CVE/CVE-2021-1501,['cve-2 OR cve_2'],1,2022-12-29T00:07:28+0000,2,0,,0,['CVE-2021-1501']
YusufOYusuf/Exploiting-A-Website-Using-SQL-Injection,None,https://github.com/YusufOYusuf/Exploiting-A-Website-Using-SQL-Injection,['exploit'],1,2022-12-29T00:41:20+0000,2,0,,0,[]
Live-Hack-CVE/CVE-2021-1448,"A vulnerability in the CLI of Cisco Firepower Threat Defense (FTD) Software could allow an authenticated, local attacker to execute arbitrary commands with root privileges on the underlying operating system of an affected device that is running in multi-in",https://github.com/Live-Hack-CVE/CVE-2021-1448,['cve-2 OR cve_2'],1,2022-12-29T00:07:12+0000,2,0,,0,['CVE-2021-1448']
Live-Hack-CVE/CVE-2021-1506,"Multiple vulnerabilities in Cisco SD-WAN vManage Software could allow an unauthenticated, remote attacker to execute arbitrary code or gain access to sensitive information, or allow an authenticated, local attacker to gain escalated privileges or gain unau",https://github.com/Live-Hack-CVE/CVE-2021-1506,['cve-2 OR cve_2'],1,2022-12-29T00:07:08+0000,1,0,,0,['CVE-2021-1506']
Live-Hack-CVE/CVE-2021-1515,"A vulnerability in Cisco SD-WAN vManage Software could allow an unauthenticated, adjacent attacker to gain access to sensitive information. This vulnerability is due to improper access controls on API endpoints when Cisco SD-WAN vManage Software is running",https://github.com/Live-Hack-CVE/CVE-2021-1515,['cve-2 OR cve_2'],1,2022-12-29T00:07:05+0000,2,0,,0,['CVE-2021-1515']
Live-Hack-CVE/CVE-2020-27831,"A flaw was found in Red Hat Quay, where it does not properly protect the authorization token when authorizing email addresses for repository email notifications. This flaw allows an attacker to add email addresses they do not own to repository notification",https://github.com/Live-Hack-CVE/CVE-2020-27831,['cve-2 OR cve_2'],1,2022-12-29T00:07:02+0000,1,0,,0,['CVE-2020-27831']
Live-Hack-CVE/CVE-2020-1639,"When an attacker sends a specific crafted Ethernet Operation, Administration, and Maintenance (Ethernet OAM) packet to a target device, it may improperly handle the incoming malformed data and fail to sanitize this incoming data resulting in an overflow co",https://github.com/Live-Hack-CVE/CVE-2020-1639,['cve-2 OR cve_2'],1,2022-12-29T00:06:58+0000,2,0,,0,['CVE-2020-1639']
Live-Hack-CVE/CVE-2020-0590,Improper input validation in BIOS firmware for some Intel(R) Processors may allow an authenticated user to potentially enable escalation of privilege via local access. CVE project by @Sn0wAlice,https://github.com/Live-Hack-CVE/CVE-2020-0590,['cve-2 OR cve_2'],1,2022-12-29T01:33:19+0000,3,0,,0,['CVE-2020-0590']
Live-Hack-CVE/CVE-2022-42143,Open Source SACCO Management System v1.0 is vulnerable to SQL Injection via /sacco_shield/manage_payment.php. CVE project by @Sn0wAlice,https://github.com/Live-Hack-CVE/CVE-2022-42143,['cve-2 OR cve_2'],1,2022-12-29T01:33:22+0000,1,0,,0,['CVE-2022-42143']
Live-Hack-CVE/CVE-2022-37767,** DISPUTED ** Pebble Templates 3.1.5 allows attackers to bypass a protection mechanism and implement arbitrary code execution with springbok. NOTE: the vendor disputes this because input to the Pebble templating engine is intended to include arbitrary Jav,https://github.com/Live-Hack-CVE/CVE-2022-37767,['cve-2 OR cve_2'],1,2022-12-29T01:33:26+0000,1,0,,0,['CVE-2022-37767']
Live-Hack-CVE/CVE-2022-28762,Zoom Client for Meetings for macOS (Standard and for IT Admin) starting with 5.10.6 and prior to 5.12.0 contains a debugging port misconfiguration. When camera mode rendering context is enabled as part of the Zoom App Layers API by running certain Zoom App,https://github.com/Live-Hack-CVE/CVE-2022-28762,['cve-2 OR cve_2'],1,2022-12-29T03:28:20+0000,1,0,,0,['CVE-2022-28762']
Live-Hack-CVE/CVE-2022-37602,Prototype pollution vulnerability in karma-runner grunt-karma 4.0.1 via the key variable in grunt-karma.js. CVE project by @Sn0wAlice,https://github.com/Live-Hack-CVE/CVE-2022-37602,['cve-2 OR cve_2'],1,2022-12-29T03:30:35+0000,1,0,,0,['CVE-2022-37602']
Live-Hack-CVE/CVE-2022-42069,Online Birth Certificate Management System version 1.0 suffers from a persistent Cross Site Scripting (XSS) vulnerability. CVE project by @Sn0wAlice,https://github.com/Live-Hack-CVE/CVE-2022-42069,['cve-2 OR cve_2'],1,2022-12-29T03:30:31+0000,1,0,,0,['CVE-2022-42069']
Live-Hack-CVE/CVE-2022-42066,Online Examination System version 1.0 suffers from a cross site scripting vulnerability via index.php. CVE project by @Sn0wAlice,https://github.com/Live-Hack-CVE/CVE-2022-42066,['cve-2 OR cve_2'],1,2022-12-29T03:30:08+0000,1,0,,0,['CVE-2022-42066']
Live-Hack-CVE/CVE-2022-42064,Online Diagnostic Lab Management System version 1.0 remote exploit that bypasses login with SQL injection and then uploads a shell. CVE project by @Sn0wAlice,https://github.com/Live-Hack-CVE/CVE-2022-42064,"['cve-2 OR cve_2', 'exploit']",2,2022-12-29T03:30:05+0000,1,0,,0,['CVE-2022-42064']
Live-Hack-CVE/CVE-2022-20464,"In various functions of ap_input_processor.c, there is a possible way to record audio during a phone call due to a logic error in the code. This could lead to local information disclosure with User execution privileges needed. User interaction is not neede",https://github.com/Live-Hack-CVE/CVE-2022-20464,['cve-2 OR cve_2'],1,2022-12-29T03:30:01+0000,1,0,,0,['CVE-2022-20464']
Live-Hack-CVE/CVE-2022-20397,"In SitRilClient_OnResponse of SitRilSe.cpp, there is a possible out of bounds write due to a missing bounds check. This could lead to local escalation of privilege with no additional execution privileges needed. User interaction is not needed for exploitat",https://github.com/Live-Hack-CVE/CVE-2022-20397,['cve-2 OR cve_2'],1,2022-12-29T03:29:58+0000,1,0,,0,['CVE-2022-20397']
Live-Hack-CVE/CVE-2021-0699,"In HTBLogKM of TBD, there is a possible out of bounds write due to a missing bounds check. This could lead to local escalation of privilege in the kernel with no additional execution privileges needed. User interaction is not needed for exploitation.Produc",https://github.com/Live-Hack-CVE/CVE-2021-0699,['cve-2 OR cve_2'],1,2022-12-29T03:29:54+0000,1,0,,0,['CVE-2021-0699']
Live-Hack-CVE/CVE-2022-34326,"In ambiot amb1_sdk (aka SDK for Ameba1) before 2022-06-20 on Realtek RTL8195AM devices before 284241d70308ff2519e40afd7b284ba892c730a3, the timer task and RX task would be locked when there are frequent and continuous Wi-Fi connection (with four-way handsh",https://github.com/Live-Hack-CVE/CVE-2022-34326,['cve-2 OR cve_2'],1,2022-12-29T03:29:51+0000,1,0,,0,['CVE-2022-34326']
Live-Hack-CVE/CVE-2022-36114,Cargo is a package manager for the rust programming language. It was discovered that Cargo did not limit the amount of data extracted from compressed archives. An attacker could upload to an alternate registry a specially crafted package that extracts way ,https://github.com/Live-Hack-CVE/CVE-2022-36114,['cve-2 OR cve_2'],1,2022-12-29T03:29:47+0000,3,0,,0,['CVE-2022-36114']
Live-Hack-CVE/CVE-2022-36113,"Cargo is a package manager for the rust programming language. After a package is downloaded, Cargo extracts its source code in the ~/.cargo folder on disk, making it available to the Rust projects it builds. To record when an extraction is successful, Carg",https://github.com/Live-Hack-CVE/CVE-2022-36113,['cve-2 OR cve_2'],1,2022-12-29T03:29:44+0000,3,0,,0,['CVE-2022-36113']
Live-Hack-CVE/CVE-2022-41391,OcoMon v4.0 was discovered to contain a SQL injection vulnerability via the cod parameter at showImg.php. CVE project by @Sn0wAlice,https://github.com/Live-Hack-CVE/CVE-2022-41391,['cve-2 OR cve_2'],1,2022-12-29T03:29:40+0000,1,0,,0,['CVE-2022-41391']
Live-Hack-CVE/CVE-2022-41390,OcoMon v4.0 was discovered to contain a SQL injection vulnerability via the cod parameter at download.php. CVE project by @Sn0wAlice,https://github.com/Live-Hack-CVE/CVE-2022-41390,['cve-2 OR cve_2'],1,2022-12-29T03:29:37+0000,1,0,,0,['CVE-2022-41390']
Live-Hack-CVE/CVE-2022-38540,Archery v1.4.0 to v1.8.5 was discovered to contain a SQL injection vulnerability via the ThreadIDs parameter in the create_kill_session interface. CVE project by @Sn0wAlice,https://github.com/Live-Hack-CVE/CVE-2022-38540,['cve-2 OR cve_2'],1,2022-12-29T03:29:33+0000,1,0,,0,['CVE-2022-38540']
Live-Hack-CVE/CVE-2022-39295,"Knowage is an open source suite for modern business analytics alternative over big data systems. KnowageLabs / Knowage-Server starting with the 6.x branch and prior to versions 7.4.22, 8.0.9, and 8.1.0 is vulnerable to cross-site scripting because the `XSS",https://github.com/Live-Hack-CVE/CVE-2022-39295,['cve-2 OR cve_2'],1,2022-12-29T03:29:30+0000,2,0,,0,['CVE-2022-39295']
Live-Hack-CVE/CVE-2022-31130,Grafana is an open source observability and data visualization platform. Versions of Grafana for endpoints prior to 9.1.8 and 8.5.14 could leak authentication tokens to some destination plugins under some conditions. The vulnerability impacts data source a,https://github.com/Live-Hack-CVE/CVE-2022-31130,['cve-2 OR cve_2'],1,2022-12-29T03:29:27+0000,6,0,,0,['CVE-2022-31130']
Live-Hack-CVE/CVE-2022-42906,"powerline-gitstatus (aka Powerline Gitstatus) before 1.3.2 allows arbitrary code execution. git repositories can contain per-repository configuration that changes the behavior of git, including running arbitrary commands. When using powerline-gitstatus, ch",https://github.com/Live-Hack-CVE/CVE-2022-42906,['cve-2 OR cve_2'],1,2022-12-29T03:29:23+0000,2,0,,0,['CVE-2022-42906']
Live-Hack-CVE/CVE-2022-39303,"Ree6 is a moderation bot. This vulnerability allows manipulation of SQL queries. This issue has been patched in version 1.7.0 by using Javas PreparedStatements, which allow object setting without the risk of SQL injection. There are currently no known work",https://github.com/Live-Hack-CVE/CVE-2022-39303,['cve-2 OR cve_2'],1,2022-12-29T03:29:20+0000,1,0,,0,['CVE-2022-39303']
Live-Hack-CVE/CVE-2022-34022,SQL injection vulnerability in ResIOT IOT Platform + LoRaWAN Network Server through 4.1.1000114 via a crafted POST request to /ResiotQueryDBActive. CVE project by @Sn0wAlice,https://github.com/Live-Hack-CVE/CVE-2022-34022,['cve-2 OR cve_2'],1,2022-12-29T03:29:16+0000,1,0,,0,['CVE-2022-34022']
Live-Hack-CVE/CVE-2022-38902,A Cross-site scripting (XSS) vulnerability in the Blog module - add new topic functionality in Liferay Digital Experience Platform 7.3.10 SP3 allows remote attackers to inject arbitrary JS script or HTML into the name field of newly created topic. CVE proj,https://github.com/Live-Hack-CVE/CVE-2022-38902,['cve-2 OR cve_2'],1,2022-12-29T03:29:12+0000,1,0,,0,['CVE-2022-38902']
Live-Hack-CVE/CVE-2022-39302,"Ree6 is a moderation bot. This vulnerability would allow other server owners to create configurations such as ""Better-Audit-Logging"" which contain a channel from another server as a target. This would mean you could send log messages to another Guild chann",https://github.com/Live-Hack-CVE/CVE-2022-39302,['cve-2 OR cve_2'],1,2022-12-29T03:29:09+0000,2,0,,0,['CVE-2022-39302']
Live-Hack-CVE/CVE-2022-24697,Kylin's cube designer function has a command injection vulnerability when overwriting system parameters in the configuration overwrites menu. RCE can be implemented by closing the single quotation marks around the parameter value of “-- conf=” to inject an,https://github.com/Live-Hack-CVE/CVE-2022-24697,"['command injection', 'cve-2 OR cve_2', 'rce']",3,2022-12-29T03:29:06+0000,0,0,,0,['CVE-2022-24697']
Live-Hack-CVE/CVE-2022-36802,"The ManageJiraConnectors API in Atlassian Jira Align before version 10.109.2 allows remote attackers to exploit this issue to access internal network resources via a Server-Side Request Forgery. This can be exploited by a remote, unauthenticated attacker w",https://github.com/Live-Hack-CVE/CVE-2022-36802,"['cve-2 OR cve_2', 'exploit']",2,2022-12-29T03:28:51+0000,1,0,,0,['CVE-2022-36802']
Live-Hack-CVE/CVE-2022-36803,The MasterUserEdit API in Atlassian Jira Align Server before version 10.109.2 allows An authenticated attacker with the People role permission to use the MasterUserEdit API to modify any users role to Super Admin. This vulnerability was reported by Jacob S,https://github.com/Live-Hack-CVE/CVE-2022-36803,['cve-2 OR cve_2'],1,2022-12-29T03:28:48+0000,1,0,,0,['CVE-2022-36803']
Live-Hack-CVE/CVE-2022-41536,Open Source SACCO Management System v1.0 was discovered to contain a SQL injection vulnerability via the id parameter at /sacco_shield/manage_user.php. CVE project by @Sn0wAlice,https://github.com/Live-Hack-CVE/CVE-2022-41536,['cve-2 OR cve_2'],1,2022-12-29T03:28:44+0000,1,0,,0,['CVE-2022-41536']
Live-Hack-CVE/CVE-2022-41535,Open Source SACCO Management System v1.0 was discovered to contain a SQL injection vulnerability via the id parameter at /sacco_shield/manage_borrower.php. CVE project by @Sn0wAlice,https://github.com/Live-Hack-CVE/CVE-2022-41535,['cve-2 OR cve_2'],1,2022-12-29T03:28:41+0000,1,0,,0,['CVE-2022-41535']
Live-Hack-CVE/CVE-2022-42071,Online Birth Certificate Management System version 1.0 suffers from a Cross Site Scripting (XSS) Vulnerability. CVE project by @Sn0wAlice,https://github.com/Live-Hack-CVE/CVE-2022-42071,['cve-2 OR cve_2'],1,2022-12-29T03:28:38+0000,1,0,,0,['CVE-2022-42071']
Live-Hack-CVE/CVE-2022-41538,Wedding Planner v1.0 was discovered to contain an arbitrary file upload vulnerability in the component /Wedding-Management-PHP/admin/photos_add.php. This vulnerability allows attackers to execute arbitrary code via a crafted PHP file. CVE project by @Sn0wA,https://github.com/Live-Hack-CVE/CVE-2022-41538,['cve-2 OR cve_2'],1,2022-12-29T03:28:34+0000,1,0,,0,['CVE-2022-41538']
Live-Hack-CVE/CVE-2022-41539,Wedding Planner v1.0 was discovered to contain an arbitrary file upload vulnerability in the component /admin/users_add.php. This vulnerability allows attackers to execute arbitrary code via a crafted PHP file. CVE project by @Sn0wAlice,https://github.com/Live-Hack-CVE/CVE-2022-41539,['cve-2 OR cve_2'],1,2022-12-29T03:28:31+0000,1,0,,0,['CVE-2022-41539']
Live-Hack-CVE/CVE-2022-3506,Cross-site Scripting (XSS) - Stored in GitHub repository barrykooij/related-posts-for-wp prior to 2.1.3. CVE project by @Sn0wAlice,https://github.com/Live-Hack-CVE/CVE-2022-3506,['cve-2 OR cve_2'],1,2022-12-29T03:28:27+0000,1,0,,0,['CVE-2022-3506']
Live-Hack-CVE/CVE-2022-3502,A vulnerability was found in Human Resource Management System 1.0. It has been classified as problematic. This affects an unknown part of the component Leave Handler. The manipulation of the argument Reason leads to cross site scripting. It is possible to ,https://github.com/Live-Hack-CVE/CVE-2022-3502,"['cve-2 OR cve_2', 'exploit']",2,2022-12-29T03:30:38+0000,1,0,,0,['CVE-2022-3502']
Live-Hack-CVE/CVE-2022-3497,A vulnerability was found in SourceCodester Human Resource Management System 1.0. It has been classified as problematic. Affected is an unknown function of the component Master List. The manipulation of the argument city/state/country/position leads to cro,https://github.com/Live-Hack-CVE/CVE-2022-3497,['cve-2 OR cve_2'],1,2022-12-29T03:30:41+0000,1,0,,0,['CVE-2022-3497']
Live-Hack-CVE/CVE-2022-3496,A vulnerability was found in SourceCodester Human Resource Management System 1.0 and classified as critical. This issue affects some unknown processing of the file employeeadd.php of the component Admin Panel. The manipulation leads to improper access cont,https://github.com/Live-Hack-CVE/CVE-2022-3496,['cve-2 OR cve_2'],1,2022-12-29T03:30:45+0000,1,0,,0,['CVE-2022-3496']
Live-Hack-CVE/CVE-2022-35059,OTFCC commit 617837b was discovered to contain a heap buffer overflow via /release-x64/otfccdump+0x6c0414. CVE project by @Sn0wAlice,https://github.com/Live-Hack-CVE/CVE-2022-35059,"['cve-2 OR cve_2', 'heap overflow']",2,2022-12-29T03:32:00+0000,1,0,,0,['CVE-2022-35059']
Live-Hack-CVE/CVE-2022-41597,"The phones have the heap overflow, out-of-bounds read, and null pointer vulnerabilities in the fingerprint trusted application (TA).Successful exploitation of this vulnerability may affect the fingerprint service. CVE project by @Sn0wAlice",https://github.com/Live-Hack-CVE/CVE-2022-41597,"['cve-2 OR cve_2', 'exploit', 'heap overflow']",3,2022-12-29T03:32:53+0000,1,0,,0,['CVE-2022-41597']
Live-Hack-CVE/CVE-2022-41600,"The phones have the heap overflow, out-of-bounds read, and null pointer vulnerabilities in the fingerprint trusted application (TA).Successful exploitation of this vulnerability may affect the fingerprint service. CVE project by @Sn0wAlice",https://github.com/Live-Hack-CVE/CVE-2022-41600,"['cve-2 OR cve_2', 'exploit', 'heap overflow']",3,2022-12-29T03:32:49+0000,1,0,,0,['CVE-2022-41600']
Live-Hack-CVE/CVE-2022-41598,"The phones have the heap overflow, out-of-bounds read, and null pointer vulnerabilities in the fingerprint trusted application (TA).Successful exploitation of this vulnerability may affect the fingerprint service. CVE project by @Sn0wAlice",https://github.com/Live-Hack-CVE/CVE-2022-41598,"['cve-2 OR cve_2', 'exploit', 'heap overflow']",3,2022-12-29T03:32:46+0000,1,0,,0,['CVE-2022-41598']
Live-Hack-CVE/CVE-2022-41602,"The phones have the heap overflow, out-of-bounds read, and null pointer vulnerabilities in the fingerprint trusted application (TA).Successful exploitation of this vulnerability may affect the fingerprint service. CVE project by @Sn0wAlice",https://github.com/Live-Hack-CVE/CVE-2022-41602,"['cve-2 OR cve_2', 'exploit', 'heap overflow']",3,2022-12-29T03:32:42+0000,1,0,,0,['CVE-2022-41602']
Live-Hack-CVE/CVE-2022-41601,"The phones have the heap overflow, out-of-bounds read, and null pointer vulnerabilities in the fingerprint trusted application (TA).Successful exploitation of this vulnerability may affect the fingerprint service. CVE project by @Sn0wAlice",https://github.com/Live-Hack-CVE/CVE-2022-41601,"['cve-2 OR cve_2', 'exploit', 'heap overflow']",3,2022-12-29T03:32:39+0000,1,0,,0,['CVE-2022-41601']
Live-Hack-CVE/CVE-2022-41603,"The phones have the heap overflow, out-of-bounds read, and null pointer vulnerabilities in the fingerprint trusted application (TA).Successful exploitation of this vulnerability may affect the fingerprint service. CVE project by @Sn0wAlice",https://github.com/Live-Hack-CVE/CVE-2022-41603,"['cve-2 OR cve_2', 'exploit', 'heap overflow']",3,2022-12-29T03:32:35+0000,1,0,,0,['CVE-2022-41603']
Live-Hack-CVE/CVE-2022-35040,OTFCC commit 617837b was discovered to contain a heap buffer overflow via /release-x64/otfccdump+0x6b5567. CVE project by @Sn0wAlice,https://github.com/Live-Hack-CVE/CVE-2022-35040,"['cve-2 OR cve_2', 'heap overflow']",2,2022-12-29T03:32:31+0000,1,0,,0,['CVE-2022-35040']
Live-Hack-CVE/CVE-2022-35041,OTFCC commit 617837b was discovered to contain a heap buffer overflow via /release-x64/otfccdump+0x6b558f. CVE project by @Sn0wAlice,https://github.com/Live-Hack-CVE/CVE-2022-35041,"['cve-2 OR cve_2', 'heap overflow']",2,2022-12-29T03:32:28+0000,1,0,,0,['CVE-2022-35041']
Live-Hack-CVE/CVE-2022-35044,OTFCC commit 617837b was discovered to contain a heap buffer overflow via /release-x64/otfccdump+0x617087. CVE project by @Sn0wAlice,https://github.com/Live-Hack-CVE/CVE-2022-35044,"['cve-2 OR cve_2', 'heap overflow']",2,2022-12-29T03:32:24+0000,1,0,,0,['CVE-2022-35044']
Live-Hack-CVE/CVE-2022-35043,OTFCC commit 617837b was discovered to contain a heap buffer overflow via /release-x64/otfccdump+0x6c08a6. CVE project by @Sn0wAlice,https://github.com/Live-Hack-CVE/CVE-2022-35043,"['cve-2 OR cve_2', 'heap overflow']",2,2022-12-29T03:32:21+0000,1,0,,0,['CVE-2022-35043']
Live-Hack-CVE/CVE-2022-35042,OTFCC commit 617837b was discovered to contain a heap buffer overflow via /release-x64/otfccdump+0x4adb11. CVE project by @Sn0wAlice,https://github.com/Live-Hack-CVE/CVE-2022-35042,"['cve-2 OR cve_2', 'heap overflow']",2,2022-12-29T03:32:17+0000,1,0,,0,['CVE-2022-35042']
Live-Hack-CVE/CVE-2022-35046,OTFCC commit 617837b was discovered to contain a heap buffer overflow via /release-x64/otfccdump+0x6b0466. CVE project by @Sn0wAlice,https://github.com/Live-Hack-CVE/CVE-2022-35046,"['cve-2 OR cve_2', 'heap overflow']",2,2022-12-29T03:32:07+0000,1,0,,0,['CVE-2022-35046']
Live-Hack-CVE/CVE-2022-35045,OTFCC commit 617837b was discovered to contain a heap buffer overflow via /release-x64/otfccdump+0x6b0d63. CVE project by @Sn0wAlice,https://github.com/Live-Hack-CVE/CVE-2022-35045,"['cve-2 OR cve_2', 'heap overflow']",2,2022-12-29T03:32:04+0000,1,0,,0,['CVE-2022-35045']
Live-Hack-CVE/CVE-2022-35058,OTFCC commit 617837b was discovered to contain a heap buffer overflow via /release-x64/otfccdump+0x6b05ce. CVE project by @Sn0wAlice,https://github.com/Live-Hack-CVE/CVE-2022-35058,"['cve-2 OR cve_2', 'heap overflow']",2,2022-12-29T03:31:56+0000,1,0,,0,['CVE-2022-35058']
Live-Hack-CVE/CVE-2022-3495,A vulnerability has been found in SourceCodester Simple Online Public Access Catalog 1.0 and classified as critical. This vulnerability affects unknown code of the file /opac/Actions.php?a=login of the component Admin Login. The manipulation of the argumen,https://github.com/Live-Hack-CVE/CVE-2022-3495,['cve-2 OR cve_2'],1,2022-12-29T03:30:48+0000,1,0,,0,['CVE-2022-3495']
Live-Hack-CVE/CVE-2022-35056,OTFCC commit 617837b was discovered to contain a heap buffer overflow via /release-x64/otfccdump+0x6b0478. CVE project by @Sn0wAlice,https://github.com/Live-Hack-CVE/CVE-2022-35056,"['cve-2 OR cve_2', 'heap overflow']",2,2022-12-29T03:31:39+0000,1,0,,0,['CVE-2022-35056']
Live-Hack-CVE/CVE-2022-35055,OTFCC commit 617837b was discovered to contain a heap buffer overflow via /release-x64/otfccdump+0x6c0473. CVE project by @Sn0wAlice,https://github.com/Live-Hack-CVE/CVE-2022-35055,"['cve-2 OR cve_2', 'heap overflow']",2,2022-12-29T03:31:36+0000,1,0,,0,['CVE-2022-35055']
Live-Hack-CVE/CVE-2022-35054,OTFCC commit 617837b was discovered to contain a heap buffer overflow via /release-x64/otfccdump+0x6171b2. CVE project by @Sn0wAlice,https://github.com/Live-Hack-CVE/CVE-2022-35054,"['cve-2 OR cve_2', 'heap overflow']",2,2022-12-29T03:31:33+0000,1,0,,0,['CVE-2022-35054']
Live-Hack-CVE/CVE-2022-35053,OTFCC commit 617837b was discovered to contain a heap buffer overflow via /release-x64/otfccdump+0x61731f. CVE project by @Sn0wAlice,https://github.com/Live-Hack-CVE/CVE-2022-35053,"['cve-2 OR cve_2', 'heap overflow']",2,2022-12-29T03:31:29+0000,1,0,,0,['CVE-2022-35053']
Live-Hack-CVE/CVE-2022-35052,OTFCC commit 617837b was discovered to contain a heap buffer overflow via /release-x64/otfccdump+0x6b84b1. CVE project by @Sn0wAlice,https://github.com/Live-Hack-CVE/CVE-2022-35052,"['cve-2 OR cve_2', 'heap overflow']",2,2022-12-29T03:31:26+0000,1,0,,0,['CVE-2022-35052']
Live-Hack-CVE/CVE-2022-35051,OTFCC commit 617837b was discovered to contain a heap buffer overflow via /release-x64/otfccdump+0x6b55af. CVE project by @Sn0wAlice,https://github.com/Live-Hack-CVE/CVE-2022-35051,"['cve-2 OR cve_2', 'heap overflow']",2,2022-12-29T03:31:22+0000,1,0,,0,['CVE-2022-35051']
Live-Hack-CVE/CVE-2022-35050,OTFCC commit 617837b was discovered to contain a heap buffer overflow via /release-x64/otfccdump+0x6b04de. CVE project by @Sn0wAlice,https://github.com/Live-Hack-CVE/CVE-2022-35050,"['cve-2 OR cve_2', 'heap overflow']",2,2022-12-29T03:31:19+0000,1,0,,0,['CVE-2022-35050']
Live-Hack-CVE/CVE-2022-35049,OTFCC commit 617837b was discovered to contain a heap buffer overflow via /release-x64/otfccdump+0x6b03b5. CVE project by @Sn0wAlice,https://github.com/Live-Hack-CVE/CVE-2022-35049,"['cve-2 OR cve_2', 'heap overflow']",2,2022-12-29T03:31:16+0000,1,0,,0,['CVE-2022-35049']
Live-Hack-CVE/CVE-2022-35048,OTFCC commit 617837b was discovered to contain a heap buffer overflow via /release-x64/otfccdump+0x6b0b2c. CVE project by @Sn0wAlice,https://github.com/Live-Hack-CVE/CVE-2022-35048,"['cve-2 OR cve_2', 'heap overflow']",2,2022-12-29T03:31:12+0000,1,0,,0,['CVE-2022-35048']
Live-Hack-CVE/CVE-2022-35047,OTFCC commit 617837b was discovered to contain a heap buffer overflow via /release-x64/otfccdump+0x6b05aa. CVE project by @Sn0wAlice,https://github.com/Live-Hack-CVE/CVE-2022-35047,"['cve-2 OR cve_2', 'heap overflow']",2,2022-12-29T03:31:09+0000,1,0,,0,['CVE-2022-35047']
Live-Hack-CVE/CVE-2022-3439,Allocation of Resources Without Limits or Throttling in GitHub repository ikus060/rdiffweb prior to 2.5.0. CVE project by @Sn0wAlice,https://github.com/Live-Hack-CVE/CVE-2022-3439,['cve-2 OR cve_2'],1,2022-12-29T03:31:05+0000,2,0,,0,['CVE-2022-3439']
Live-Hack-CVE/CVE-2021-22685,An attacker may be able to use minify route with a relative path to view any file on the Cassia Networks Access Controller prior to 2.0.1. CVE project by @Sn0wAlice,https://github.com/Live-Hack-CVE/CVE-2021-22685,['cve-2 OR cve_2'],1,2022-12-29T03:31:02+0000,1,0,,0,['CVE-2021-22685']
Live-Hack-CVE/CVE-2022-3503,A vulnerability was found in SourceCodester Purchase Order Management System 1.0. It has been declared as problematic. This vulnerability affects unknown code of the component Supplier Handler. The manipulation of the argument Supplier Name/Address/Contact,https://github.com/Live-Hack-CVE/CVE-2022-3503,['cve-2 OR cve_2'],1,2022-12-29T03:30:58+0000,1,0,,0,['CVE-2022-3503']
Live-Hack-CVE/CVE-2022-42232,Simple Cold Storage Management System v1.0 is vulnerable to SQL Injection via /csms/classes/Master.php?f=delete_storage. CVE project by @Sn0wAlice,https://github.com/Live-Hack-CVE/CVE-2022-42232,['cve-2 OR cve_2'],1,2022-12-29T03:28:24+0000,1,0,,0,['CVE-2022-42232']
Live-Hack-CVE/CVE-2022-42070,Online Birth Certificate Management System version 1.0 is vulnerable to Cross Site Request Forgery (CSRF). CVE project by @Sn0wAlice,https://github.com/Live-Hack-CVE/CVE-2022-42070,['cve-2 OR cve_2'],1,2022-12-29T03:27:58+0000,1,0,,0,['CVE-2022-42070']
Live-Hack-CVE/CVE-2020-0569,Out of bounds write in Intel(R) PROSet/Wireless WiFi products on Windows 10 may allow an authenticated user to potentially enable denial of service via local access. CVE project by @Sn0wAlice,https://github.com/Live-Hack-CVE/CVE-2020-0569,['cve-2 OR cve_2'],1,2022-12-29T01:33:29+0000,3,0,,0,['CVE-2020-0569']
Live-Hack-CVE/CVE-2021-43990,"The affected product is vulnerable to a network-based attack by threat actors supplying a crafted, malicious XML payload designed to trigger an external entity reference call. CVE project by @Sn0wAlice",https://github.com/Live-Hack-CVE/CVE-2021-43990,['cve-2 OR cve_2'],1,2022-12-29T03:27:55+0000,1,0,,0,['CVE-2021-43990']
Live-Hack-CVE/CVE-2022-39103,"In Gallery service, there is a missing permission check. This could lead to local denial of service in Gallery service with no additional execution privileges needed. CVE project by @Sn0wAlice",https://github.com/Live-Hack-CVE/CVE-2022-39103,['cve-2 OR cve_2'],1,2022-12-29T02:55:30+0000,1,0,,0,['CVE-2022-39103']
Live-Hack-CVE/CVE-2022-39105,"In sensor driver, there is a possible out of bounds write due to a missing bounds check. This could lead to local denial of service in kernel. CVE project by @Sn0wAlice",https://github.com/Live-Hack-CVE/CVE-2022-39105,['cve-2 OR cve_2'],1,2022-12-29T02:55:26+0000,1,0,,0,['CVE-2022-39105']
Live-Hack-CVE/CVE-2022-39115,"In Music service, there is a missing permission check. This could lead to local denial of service in Music service with no additional execution privileges needed. CVE project by @Sn0wAlice",https://github.com/Live-Hack-CVE/CVE-2022-39115,['cve-2 OR cve_2'],1,2022-12-29T02:55:23+0000,1,0,,0,['CVE-2022-39115']
Live-Hack-CVE/CVE-2022-39117,"In messaging service, there is a missing permission check. This could lead to local information disclosure with no additional execution privileges needed. CVE project by @Sn0wAlice",https://github.com/Live-Hack-CVE/CVE-2022-39117,['cve-2 OR cve_2'],1,2022-12-29T02:55:20+0000,1,0,,0,['CVE-2022-39117']
Live-Hack-CVE/CVE-2022-39113,"In Music service, there is a missing permission check. This could lead to local denial of service in Music service with no additional execution privileges needed. CVE project by @Sn0wAlice",https://github.com/Live-Hack-CVE/CVE-2022-39113,['cve-2 OR cve_2'],1,2022-12-29T02:55:16+0000,1,0,,0,['CVE-2022-39113']
Live-Hack-CVE/CVE-2022-39114,"In Music service, there is a missing permission check. This could lead to local denial of service in Music service with no additional execution privileges needed. CVE project by @Sn0wAlice",https://github.com/Live-Hack-CVE/CVE-2022-39114,['cve-2 OR cve_2'],1,2022-12-29T02:55:13+0000,1,0,,0,['CVE-2022-39114']
Live-Hack-CVE/CVE-2022-39112,"In Music service, there is a missing permission check. This could lead to local denial of service in Music service with no additional execution privileges needed. CVE project by @Sn0wAlice",https://github.com/Live-Hack-CVE/CVE-2022-39112,['cve-2 OR cve_2'],1,2022-12-29T02:55:09+0000,1,0,,0,['CVE-2022-39112']
Live-Hack-CVE/CVE-2022-39120,"In sensor driver, there is a possible out of bounds write due to a missing bounds check. This could lead to local denial of service in kernel. CVE project by @Sn0wAlice",https://github.com/Live-Hack-CVE/CVE-2022-39120,['cve-2 OR cve_2'],1,2022-12-29T02:54:46+0000,1,0,,0,['CVE-2022-39120']
Live-Hack-CVE/CVE-2021-43616,"** DISPUTED ** The npm ci command in npm 7.x and 8.x through 8.1.3 proceeds with an installation even if dependency information in package-lock.json differs from package.json. This behavior is inconsistent with the documentation, and makes it easier for at",https://github.com/Live-Hack-CVE/CVE-2021-43616,['cve-2 OR cve_2'],1,2022-12-29T02:54:43+0000,3,0,,0,['CVE-2021-43616']
Live-Hack-CVE/CVE-2022-42161,"D-Link COVR 1200,1202,1203 v1.08 was discovered to contain a command injection vulnerability via the /SetTriggerWPS/PIN parameter at function SetTriggerWPS. CVE project by @Sn0wAlice",https://github.com/Live-Hack-CVE/CVE-2022-42161,"['command injection', 'cve-2 OR cve_2']",2,2022-12-29T02:54:38+0000,1,0,,0,['CVE-2022-42161']
Live-Hack-CVE/CVE-2022-32174,"In Gogs, versions v0.6.5 through v0.12.10 are vulnerable to Stored Cross-Site Scripting (XSS) that leads to an account takeover. CVE project by @Sn0wAlice",https://github.com/Live-Hack-CVE/CVE-2022-32174,['cve-2 OR cve_2'],1,2022-12-29T02:54:35+0000,1,0,,0,['CVE-2022-32174']
Live-Hack-CVE/CVE-2022-42160,"D-Link COVR 1200,1202,1203 v1.08 was discovered to contain a command injection vulnerability via the system_time_timezone parameter at function SetNTPServerSettings. CVE project by @Sn0wAlice",https://github.com/Live-Hack-CVE/CVE-2022-42160,"['command injection', 'cve-2 OR cve_2']",2,2022-12-29T02:54:31+0000,1,0,,0,['CVE-2022-42160']
Live-Hack-CVE/CVE-2022-42159,"D-Link COVR 1200,1202,1203 v1.08 was discovered to have a predictable seed in a Pseudo-Random Number Generator. CVE project by @Sn0wAlice",https://github.com/Live-Hack-CVE/CVE-2022-42159,['cve-2 OR cve_2'],1,2022-12-29T02:54:27+0000,1,0,,0,['CVE-2022-42159']
Live-Hack-CVE/CVE-2022-42156,"D-Link COVR 1200,1203 v1.08 was discovered to contain a command injection vulnerability via the tomography_ping_number parameter at function SetNetworkTomographySettings. CVE project by @Sn0wAlice",https://github.com/Live-Hack-CVE/CVE-2022-42156,"['command injection', 'cve-2 OR cve_2']",2,2022-12-29T02:54:24+0000,1,0,,0,['CVE-2022-42156']
Live-Hack-CVE/CVE-2022-38981,The HwAirlink module has an out-of-bounds read vulnerability.Successful exploitation of this vulnerability may cause information leakage. CVE project by @Sn0wAlice,https://github.com/Live-Hack-CVE/CVE-2022-38981,"['cve-2 OR cve_2', 'exploit']",2,2022-12-29T02:54:20+0000,1,0,,0,['CVE-2022-38981']
Live-Hack-CVE/CVE-2022-38983,The BT Hfp Client module has a Use-After-Free (UAF) vulnerability.Successful exploitation of this vulnerability may result in arbitrary code execution. CVE project by @Sn0wAlice,https://github.com/Live-Hack-CVE/CVE-2022-38983,"['cve-2 OR cve_2', 'exploit']",2,2022-12-29T02:54:17+0000,1,0,,0,['CVE-2022-38983']
Live-Hack-CVE/CVE-2021-27406,An attacker can take leverage on PerFact OpenVPN-Client versions 1.4.1.0 and prior to send the config command from any application running on the local host machine to force the back-end server into initializing a new open-VPN instance with arbitrary open-,https://github.com/Live-Hack-CVE/CVE-2021-27406,['cve-2 OR cve_2'],1,2022-12-29T02:54:13+0000,1,0,,0,['CVE-2021-27406']
Live-Hack-CVE/CVE-2022-39065,"A single malformed IEEE 802.15.4 (Zigbee) frame makes the TRÅDFRI gateway unresponsive, such that connected lighting cannot be controlled with the IKEA Home Smart app and TRÅDFRI remote control. The malformed Zigbee frame is an unauthenticated broadcast me",https://github.com/Live-Hack-CVE/CVE-2022-39065,['cve-2 OR cve_2'],1,2022-12-29T02:54:10+0000,1,0,,0,['CVE-2022-39065']
Live-Hack-CVE/CVE-2022-41580,"The HW_KEYMASTER module has a vulnerability of not verifying the data read.Successful exploitation of this vulnerability may cause malicious construction of data, which results in out-of-bounds access. CVE project by @Sn0wAlice",https://github.com/Live-Hack-CVE/CVE-2022-41580,"['cve-2 OR cve_2', 'exploit']",2,2022-12-29T02:54:07+0000,1,0,,0,['CVE-2022-41580']
Live-Hack-CVE/CVE-2022-41578,The MPTCP module has an out-of-bounds write vulnerability.Successful exploitation of this vulnerability may cause root privilege escalation attacks implemented by modifying program information. CVE project by @Sn0wAlice,https://github.com/Live-Hack-CVE/CVE-2022-41578,"['cve-2 OR cve_2', 'exploit']",2,2022-12-29T02:54:03+0000,1,0,,0,['CVE-2022-41578']
Live-Hack-CVE/CVE-2021-46839,"The HW_KEYMASTER module has a vulnerability of missing bounds check on length.Successful exploitation of this vulnerability may cause malicious construction of data, which results in out-of-bounds access. CVE project by @Sn0wAlice",https://github.com/Live-Hack-CVE/CVE-2021-46839,"['cve-2 OR cve_2', 'exploit']",2,2022-12-29T02:53:59+0000,1,0,,0,['CVE-2021-46839']
Live-Hack-CVE/CVE-2021-3672,"A flaw was found in c-ares library, where a missing input validation check of host names returned by DNS (Domain Name Servers) can lead to output of wrong hostnames which might potentially lead to Domain Hijacking. The highest threat from this vulnerabilit",https://github.com/Live-Hack-CVE/CVE-2021-3672,['cve-2 OR cve_2'],1,2022-12-29T02:53:56+0000,3,0,,0,['CVE-2021-3672']
Live-Hack-CVE/CVE-2020-0951,"A security feature bypass vulnerability exists in Windows Defender Application Control (WDAC) which could allow an attacker to bypass WDAC enforcement, aka 'Windows Defender Application Control Security Feature Bypass Vulnerability'. CVE project by @Sn0wAl",https://github.com/Live-Hack-CVE/CVE-2020-0951,['cve-2 OR cve_2'],1,2022-12-29T02:53:52+0000,1,0,,0,['CVE-2020-0951']
Live-Hack-CVE/CVE-2017-8529,"Internet Explorer in Microsoft Windows 7 SP1, Windows Server 2008 R2 SP1, Windows 8.1 and Windows RT 8.1, and Windows Server 2012 and R2 allow an attacker to detect specific files on the user's computer when affected Microsoft scripting engines do not prop",https://github.com/Live-Hack-CVE/CVE-2017-8529,['cve-2 OR cve_2'],1,2022-12-29T02:53:49+0000,2,0,,0,['CVE-2017-8529']
Live-Hack-CVE/CVE-2021-43896,Microsoft PowerShell Spoofing Vulnerability CVE project by @Sn0wAlice,https://github.com/Live-Hack-CVE/CVE-2021-43896,['cve-2 OR cve_2'],1,2022-12-29T02:53:45+0000,1,0,,0,['CVE-2021-43896']
Live-Hack-CVE/CVE-2022-23267,".NET and Visual Studio Denial of Service Vulnerability. This CVE ID is unique from CVE-2022-29117, CVE-2022-29145. CVE project by @Sn0wAlice",https://github.com/Live-Hack-CVE/CVE-2022-23267,['cve-2 OR cve_2'],1,2022-12-29T02:53:18+0000,3,0,,0,"['CVE-2022-23267', 'CVE-2022-29117', 'CVE-2022-29145']"
Live-Hack-CVE/CVE-2022-26788,PowerShell Elevation of Privilege Vulnerability. CVE project by @Sn0wAlice,https://github.com/Live-Hack-CVE/CVE-2022-26788,['cve-2 OR cve_2'],1,2022-12-29T02:53:14+0000,1,0,,0,['CVE-2022-26788']
Live-Hack-CVE/CVE-2022-38984,"The HIPP module has a vulnerability of not verifying the data transferred in the kernel space.Successful exploitation of this vulnerability will cause out-of-bounds read, which affects data confidentiality. CVE project by @Sn0wAlice",https://github.com/Live-Hack-CVE/CVE-2022-38984,"['cve-2 OR cve_2', 'exploit']",2,2022-12-29T02:53:11+0000,1,0,,0,['CVE-2022-38984']
Live-Hack-CVE/CVE-2022-38985,The facial recognition module has a vulnerability in input validation.Successful exploitation of this vulnerability may affect data confidentiality. CVE project by @Sn0wAlice,https://github.com/Live-Hack-CVE/CVE-2022-38985,"['cve-2 OR cve_2', 'exploit']",2,2022-12-29T02:53:07+0000,1,0,,0,['CVE-2022-38985']
Live-Hack-CVE/CVE-2022-38690,"In camera driver, there is a possible memory corruption due to improper locking. This could lead to local denial of service in kernel. CVE project by @Sn0wAlice",https://github.com/Live-Hack-CVE/CVE-2022-38690,['cve-2 OR cve_2'],1,2022-12-29T02:55:35+0000,1,0,,0,['CVE-2022-38690']
Live-Hack-CVE/CVE-2022-38689,"In telephony service, there is a missing permission check. This could lead to local information disclosure with no additional execution privileges needed. CVE project by @Sn0wAlice",https://github.com/Live-Hack-CVE/CVE-2022-38689,['cve-2 OR cve_2'],1,2022-12-29T02:55:38+0000,1,0,,0,['CVE-2022-38689']
Live-Hack-CVE/CVE-2022-38688,"In telephony service, there is a missing permission check. This could lead to local information disclosure with no additional execution privileges needed. CVE project by @Sn0wAlice",https://github.com/Live-Hack-CVE/CVE-2022-38688,['cve-2 OR cve_2'],1,2022-12-29T02:55:41+0000,1,0,,0,['CVE-2022-38688']
Live-Hack-CVE/CVE-2022-28147,A missing permission check in Jenkins Continuous Integration with Toad Edge Plugin 2.3 and earlier allows attackers with Overall/Read permission to check for the existence of an attacker-specified file path on the Jenkins controller file system. CVE projec,https://github.com/Live-Hack-CVE/CVE-2022-28147,['cve-2 OR cve_2'],1,2022-12-29T02:56:37+0000,1,0,,0,['CVE-2022-28147']
Live-Hack-CVE/CVE-2021-43988,The affected product is vulnerable to a network-based attack by threat actors utilizing crafted naming conventions of files to gain unauthorized access rights. CVE project by @Sn0wAlice,https://github.com/Live-Hack-CVE/CVE-2021-43988,['cve-2 OR cve_2'],1,2022-12-29T03:27:51+0000,1,0,,0,['CVE-2021-43988']
Live-Hack-CVE/CVE-2021-43986,"The setup program for the affected product configures its files and folders with full access, which may allow unauthorized users permission to replace original binaries and achieve privilege escalation. CVE project by @Sn0wAlice",https://github.com/Live-Hack-CVE/CVE-2021-43986,['cve-2 OR cve_2'],1,2022-12-29T03:27:48+0000,1,0,,0,['CVE-2021-43986']
Live-Hack-CVE/CVE-2021-38483,"The affected product is vulnerable to misconfigured binaries, allowing users on the target PC with SYSTEM level privileges access to overwrite the binary and modify files to gain privilege escalation. CVE project by @Sn0wAlice",https://github.com/Live-Hack-CVE/CVE-2021-38483,['cve-2 OR cve_2'],1,2022-12-29T02:57:43+0000,1,0,,0,['CVE-2021-38483']
Live-Hack-CVE/CVE-2016-10228,"The iconv program in the GNU C Library (aka glibc or libc6) 2.31 and earlier, when invoked with multiple suffixes in the destination encoding (TRANSLATE or IGNORE) along with the -c option, enters an infinite loop when processing invalid multi-byte input s",https://github.com/Live-Hack-CVE/CVE-2016-10228,['cve-2 OR cve_2'],1,2022-12-29T02:57:40+0000,2,0,,0,['CVE-2016-10228']
Live-Hack-CVE/CVE-2022-3504,A vulnerability was found in SourceCodester Sanitization Management System and classified as critical. This issue affects some unknown processing of the file /php-sms/?p=services/view_service. The manipulation of the argument id leads to sql injection. The,https://github.com/Live-Hack-CVE/CVE-2022-3504,"['cve-2 OR cve_2', 'exploit']",2,2022-12-29T02:57:36+0000,1,0,,0,['CVE-2022-3504']
Live-Hack-CVE/CVE-2022-3505,A vulnerability was found in SourceCodester Sanitization Management System. It has been classified as problematic. Affected is an unknown function of the file /php-sms/admin/. The manipulation of the argument page leads to cross site scripting. It is possi,https://github.com/Live-Hack-CVE/CVE-2022-3505,"['cve-2 OR cve_2', 'exploit']",2,2022-12-29T02:57:33+0000,1,0,,0,['CVE-2022-3505']
Live-Hack-CVE/CVE-2022-41686,"OpenHarmony-v3.1.2 and prior versions, 3.0.6 and prior versions have an Out-of-bound memory read and write vulnerability in /dev/mmz_userdev device driver. The impact depends on the privileges of the attacker. The unprivileged process run on the device cou",https://github.com/Live-Hack-CVE/CVE-2022-41686,['cve-2 OR cve_2'],1,2022-12-29T02:57:29+0000,1,0,,0,['CVE-2022-41686']
Live-Hack-CVE/CVE-2022-42463,OpenHarmony-v3.1.2 and prior versions have an authenication bypass vulnerability in a callback handler function of Softbus_server in communication subsystem. Attackers can launch attacks on distributed networks by sending Bluetooth rfcomm packets to any re,https://github.com/Live-Hack-CVE/CVE-2022-42463,['cve-2 OR cve_2'],1,2022-12-29T02:57:26+0000,1,0,,0,['CVE-2022-42463']
Live-Hack-CVE/CVE-2022-42234,There is a file inclusion vulnerability in the template management module in UCMS 1.6 CVE project by @Sn0wAlice,https://github.com/Live-Hack-CVE/CVE-2022-42234,['cve-2 OR cve_2'],1,2022-12-29T02:57:23+0000,1,0,,0,['CVE-2022-42234']
Live-Hack-CVE/CVE-2022-42488,"OpenHarmony-v3.1.2 and prior versions have a Missing permission validation vulnerability in param service of startup subsystem. An malicious application installed on the device could elevate its privileges to the root user, disable security features, or ca",https://github.com/Live-Hack-CVE/CVE-2022-42488,['cve-2 OR cve_2'],1,2022-12-29T02:57:19+0000,1,0,,0,['CVE-2022-42488']
Live-Hack-CVE/CVE-2020-2731,"Vulnerability in the Core RDBMS component of Oracle Database Server. Supported versions that are affected are 12.1.0.2, 12.2.0.1, 18c and 19c. Easily exploitable vulnerability allows low privileged attacker having Local Logon privilege with logon to the in",https://github.com/Live-Hack-CVE/CVE-2020-2731,"['cve-2 OR cve_2', 'exploit']",2,2022-12-29T02:57:16+0000,2,0,,0,['CVE-2020-2731']
Live-Hack-CVE/CVE-2020-2729,Vulnerability in the Identity Manager product of Oracle Fusion Middleware (component: Advanced Console). Supported versions that are affected are 11.1.2.3.0 and 12.2.1.3.0. Easily exploitable vulnerability allows low privileged attacker with network access,https://github.com/Live-Hack-CVE/CVE-2020-2729,"['cve-2 OR cve_2', 'exploit']",2,2022-12-29T02:57:12+0000,2,0,,0,['CVE-2020-2729']
Live-Hack-CVE/CVE-2020-2728,Vulnerability in the Identity Manager product of Oracle Fusion Middleware (component: OIM - LDAP user and role Synch). The supported version that is affected is 12.2.1.3.0. Easily exploitable vulnerability allows unauthenticated attacker with network acces,https://github.com/Live-Hack-CVE/CVE-2020-2728,"['cve-2 OR cve_2', 'exploit']",2,2022-12-29T02:57:08+0000,1,0,,0,['CVE-2020-2728']
Live-Hack-CVE/CVE-2022-34796,A missing permission check in Jenkins Deployment Dashboard Plugin 1.0.10 and earlier allows attackers with Overall/Read permission to enumerate credentials IDs of credentials stored in Jenkins. CVE project by @Sn0wAlice,https://github.com/Live-Hack-CVE/CVE-2022-34796,['cve-2 OR cve_2'],1,2022-12-29T02:56:34+0000,1,0,,0,['CVE-2022-34796']
Live-Hack-CVE/CVE-2022-38687,"In messaging service, there is a missing permission check. This could lead to local denial of service in messaging service with no additional execution privileges needed. CVE project by @Sn0wAlice",https://github.com/Live-Hack-CVE/CVE-2022-38687,['cve-2 OR cve_2'],1,2022-12-29T02:55:44+0000,1,0,,0,['CVE-2022-38687']
Live-Hack-CVE/CVE-2022-27205,A missing permission check in Jenkins Extended Choice Parameter Plugin 346.vd87693c5a_86c and earlier allows attackers with Overall/Read permission to connect to an attacker-specified URL. CVE project by @Sn0wAlice,https://github.com/Live-Hack-CVE/CVE-2022-27205,['cve-2 OR cve_2'],1,2022-12-29T02:56:30+0000,1,0,,0,['CVE-2022-27205']
Live-Hack-CVE/CVE-2022-28137,A missing permission check in Jenkins JiraTestResultReporter Plugin 165.v817928553942 and earlier allows attackers with Overall/Read permission to connect to an attacker-specified URL using attacker-specified credentials. CVE project by @Sn0wAlice,https://github.com/Live-Hack-CVE/CVE-2022-28137,['cve-2 OR cve_2'],1,2022-12-29T02:56:27+0000,1,0,,0,['CVE-2022-28137']
Live-Hack-CVE/CVE-2022-27215,A missing permission check in Jenkins Release Helper Plugin 1.3.3 and earlier allows attackers with Overall/Read permission to connect to an attacker-specified URL using attacker-specified credentials. CVE project by @Sn0wAlice,https://github.com/Live-Hack-CVE/CVE-2022-27215,['cve-2 OR cve_2'],1,2022-12-29T02:56:23+0000,1,0,,0,['CVE-2022-27215']
Live-Hack-CVE/CVE-2022-27199,A missing permission check in Jenkins CloudBees AWS Credentials Plugin 189.v3551d5642995 and earlier allows attackers with Overall/Read permission to connect to an AWS service using an attacker-specified token. CVE project by @Sn0wAlice,https://github.com/Live-Hack-CVE/CVE-2022-27199,['cve-2 OR cve_2'],1,2022-12-29T02:56:20+0000,1,0,,0,['CVE-2022-27199']
Live-Hack-CVE/CVE-2022-20620,Missing permission checks in Jenkins SSH Agent Plugin 1.23 and earlier allows attackers with Overall/Read access to enumerate credentials IDs of credentials stored in Jenkins. CVE project by @Sn0wAlice,https://github.com/Live-Hack-CVE/CVE-2022-20620,['cve-2 OR cve_2'],1,2022-12-29T02:56:17+0000,1,0,,0,['CVE-2022-20620']
Live-Hack-CVE/CVE-2022-20618,A missing permission check in Jenkins Bitbucket Branch Source Plugin 737.vdf9dc06105be and earlier allows attackers with Overall/Read access to enumerate credentials IDs of credentials stored in Jenkins. CVE project by @Sn0wAlice,https://github.com/Live-Hack-CVE/CVE-2022-20618,['cve-2 OR cve_2'],1,2022-12-29T02:56:13+0000,2,0,,0,['CVE-2022-20618']
Live-Hack-CVE/CVE-2022-20616,"Jenkins Credentials Binding Plugin 1.27 and earlier does not perform a permission check in a method implementing form validation, allowing attackers with Overall/Read access to validate if a credential ID refers to a secret file credential and whether it's",https://github.com/Live-Hack-CVE/CVE-2022-20616,['cve-2 OR cve_2'],1,2022-12-29T02:56:10+0000,1,0,,0,['CVE-2022-20616']
Live-Hack-CVE/CVE-2022-20614,A missing permission check in Jenkins Mailer Plugin 391.ve4a_38c1b_cf4b_ and earlier allows attackers with Overall/Read access to use the DNS used by the Jenkins instance to resolve an attacker-specified hostname. CVE project by @Sn0wAlice,https://github.com/Live-Hack-CVE/CVE-2022-20614,['cve-2 OR cve_2'],1,2022-12-29T02:56:06+0000,2,0,,0,['CVE-2022-20614']
Live-Hack-CVE/CVE-2020-2094,A missing permission check in Jenkins Health Advisor by CloudBees Plugin 3.0 and earlier allows attackers with Overall/Read permission to send a fixed email to an attacker-specific recipient. CVE project by @Sn0wAlice,https://github.com/Live-Hack-CVE/CVE-2020-2094,['cve-2 OR cve_2'],1,2022-12-29T02:56:02+0000,1,0,,0,['CVE-2020-2094']
Live-Hack-CVE/CVE-2022-27195,"Jenkins Parameterized Trigger Plugin 2.43 and earlier captures environment variables passed to builds triggered using Jenkins Parameterized Trigger Plugin, including password parameter values, in their `build.xml` files. These values are stored unencrypted",https://github.com/Live-Hack-CVE/CVE-2022-27195,['cve-2 OR cve_2'],1,2022-12-29T02:55:59+0000,1,0,,0,['CVE-2022-27195']
Live-Hack-CVE/CVE-2022-27206,Jenkins GitLab Authentication Plugin 1.13 and earlier stores the GitLab client secret unencrypted in the global config.xml file on the Jenkins controller where it can be viewed by users with access to the Jenkins controller file system. CVE project by @Sn0,https://github.com/Live-Hack-CVE/CVE-2022-27206,['cve-2 OR cve_2'],1,2022-12-29T02:55:55+0000,2,0,,0,['CVE-2022-27206']
Live-Hack-CVE/CVE-2022-42067,Online Birth Certificate Management System version 1.0 suffers from an Insecure Direct Object Reference (IDOR) vulnerability CVE project by @Sn0wAlice,https://github.com/Live-Hack-CVE/CVE-2022-42067,['cve-2 OR cve_2'],1,2022-12-29T02:55:52+0000,1,0,,0,['CVE-2022-42067']
Live-Hack-CVE/CVE-2022-2850,"A flaw was found In 389-ds-base. When the Content Synchronization plugin is enabled, an authenticated user can reach a NULL pointer dereference using a specially crafted query. This flaw allows an authenticated attacker to cause a denial of service. This C",https://github.com/Live-Hack-CVE/CVE-2022-2850,['cve-2 OR cve_2'],1,2022-12-29T02:55:49+0000,1,0,,0,"['CVE-2021-3514', 'CVE-2022-2850']"
Live-Hack-CVE/CVE-2022-41594,"The phones have the heap overflow, out-of-bounds read, and null pointer vulnerabilities in the fingerprint trusted application (TA).Successful exploitation of this vulnerability may affect the fingerprint service. CVE project by @Sn0wAlice",https://github.com/Live-Hack-CVE/CVE-2022-41594,"['cve-2 OR cve_2', 'exploit', 'heap overflow']",3,2022-12-29T03:32:56+0000,1,0,,0,['CVE-2022-41594']
Live-Hack-CVE/CVE-2022-41595,"The phones have the heap overflow, out-of-bounds read, and null pointer vulnerabilities in the fingerprint trusted application (TA).Successful exploitation of this vulnerability may affect the fingerprint service. CVE project by @Sn0wAlice",https://github.com/Live-Hack-CVE/CVE-2022-41595,"['cve-2 OR cve_2', 'exploit', 'heap overflow']",3,2022-12-29T03:32:59+0000,1,0,,0,['CVE-2022-41595']
Live-Hack-CVE/CVE-2022-41592,"The phones have the heap overflow, out-of-bounds read, and null pointer vulnerabilities in the fingerprint trusted application (TA).Successful exploitation of this vulnerability may affect the fingerprint service. CVE project by @Sn0wAlice",https://github.com/Live-Hack-CVE/CVE-2022-41592,"['cve-2 OR cve_2', 'exploit', 'heap overflow']",3,2022-12-29T03:33:03+0000,1,0,,0,['CVE-2022-41592']
Live-Hack-CVE/CVE-2022-41593,"The phones have the heap overflow, out-of-bounds read, and null pointer vulnerabilities in the fingerprint trusted application (TA).Successful exploitation of this vulnerability may affect the fingerprint service. CVE project by @Sn0wAlice",https://github.com/Live-Hack-CVE/CVE-2022-41593,"['cve-2 OR cve_2', 'exploit', 'heap overflow']",3,2022-12-29T03:33:07+0000,1,0,,0,['CVE-2022-41593']
Live-Hack-CVE/CVE-2022-42078,Tenda AC1206 US_AC1206V1.0RTL_V15.03.06.23_multi_TD01 is vulnerable to Cross Site Request Forgery (CSRF) via function fromSysToolRestoreSet. CVE project by @Sn0wAlice,https://github.com/Live-Hack-CVE/CVE-2022-42078,['cve-2 OR cve_2'],1,2022-12-29T04:10:03+0000,1,0,,0,['CVE-2022-42078']
Live-Hack-CVE/CVE-2022-42077,Tenda AC1206 US_AC1206V1.0RTL_V15.03.06.23_multi_TD01 is vulnerable to Cross Site Request Forgery (CSRF) via function fromSysToolReboot. CVE project by @Sn0wAlice,https://github.com/Live-Hack-CVE/CVE-2022-42077,['cve-2 OR cve_2'],1,2022-12-29T04:09:59+0000,1,0,,0,['CVE-2022-42077']
Live-Hack-CVE/CVE-2022-41497,ClipperCMS 1.3.3 was discovered to contain a Server-Side Request Forgery (SSRF) via the pkg_url parameter at /manager/index.php. CVE project by @Sn0wAlice,https://github.com/Live-Hack-CVE/CVE-2022-41497,['cve-2 OR cve_2'],1,2022-12-29T04:09:56+0000,1,0,,0,['CVE-2022-41497']
Live-Hack-CVE/CVE-2022-39013,Under certain conditions an authenticated attacker can get access to OS credentials. Getting access to OS credentials enables the attacker to modify system data and make the system unavailable leading to high impact on confidentiality and low impact on int,https://github.com/Live-Hack-CVE/CVE-2022-39013,['cve-2 OR cve_2'],1,2022-12-29T04:09:52+0000,1,0,,0,['CVE-2022-39013']
Live-Hack-CVE/CVE-2022-0030,An authentication bypass vulnerability in the Palo Alto Networks PAN-OS 8.1 web interface allows a network-based attacker with specific knowledge of the target firewall or Panorama appliance to impersonate an existing PAN-OS administrator and perform privi,https://github.com/Live-Hack-CVE/CVE-2022-0030,['cve-2 OR cve_2'],1,2022-12-29T04:09:49+0000,1,1,,0,['CVE-2022-0030']
Live-Hack-CVE/CVE-2022-39015,"Under certain conditions, BOE AdminTools/ BOE SDK allows an attacker to access information which would otherwise be restricted. CVE project by @Sn0wAlice",https://github.com/Live-Hack-CVE/CVE-2022-39015,['cve-2 OR cve_2'],1,2022-12-29T04:09:45+0000,1,1,,0,['CVE-2022-39015']
Live-Hack-CVE/CVE-2022-37611,Prototype pollution vulnerability in tschaub gh-pages 3.1.0 via the partial variable in util.js. CVE project by @Sn0wAlice,https://github.com/Live-Hack-CVE/CVE-2022-37611,['cve-2 OR cve_2'],1,2022-12-29T04:09:42+0000,1,1,,0,['CVE-2022-37611']
Live-Hack-CVE/CVE-2022-2828,In affected versions of Octopus Server it is possible to reveal information about teams via the API due to an Insecure Direct Object Reference (IDOR) vulnerability CVE project by @Sn0wAlice,https://github.com/Live-Hack-CVE/CVE-2022-2828,['cve-2 OR cve_2'],1,2022-12-29T04:09:39+0000,1,0,,0,['CVE-2022-2828']
Live-Hack-CVE/CVE-2021-20030,SonicWall GMS is vulnerable to file path manipulation resulting that an unauthenticated attacker can gain access to web directory containing application's binaries and configuration files. CVE project by @Sn0wAlice,https://github.com/Live-Hack-CVE/CVE-2021-20030,['cve-2 OR cve_2'],1,2022-12-29T04:09:35+0000,1,0,,0,['CVE-2021-20030']
Live-Hack-CVE/CVE-2019-13717,Incorrect security UI in full screen mode in Google Chrome prior to 78.0.3904.70 allowed a remote attacker to hide security UI via a crafted HTML page. CVE project by @Sn0wAlice,https://github.com/Live-Hack-CVE/CVE-2019-13717,['cve-2 OR cve_2'],1,2022-12-29T04:09:32+0000,39,0,,0,['CVE-2019-13717']
Live-Hack-CVE/CVE-2019-13702,Inappropriate implementation in installer in Google Chrome on Windows prior to 78.0.3904.70 allowed a local attacker to perform privilege escalation via a crafted executable. CVE project by @Sn0wAlice,https://github.com/Live-Hack-CVE/CVE-2019-13702,['cve-2 OR cve_2'],1,2022-12-29T04:09:28+0000,39,0,,0,['CVE-2019-13702']
Live-Hack-CVE/CVE-2019-13718,Insufficient data validation in Omnibox in Google Chrome prior to 78.0.3904.70 allowed a remote attacker to perform domain spoofing via IDN homographs via a crafted domain name. CVE project by @Sn0wAlice,https://github.com/Live-Hack-CVE/CVE-2019-13718,['cve-2 OR cve_2'],1,2022-12-29T04:09:24+0000,39,0,,0,['CVE-2019-13718']
Live-Hack-CVE/CVE-2019-13719,Incorrect security UI in full screen mode in Google Chrome prior to 78.0.3904.70 allowed a remote attacker to hide security UI via a crafted HTML page. CVE project by @Sn0wAlice,https://github.com/Live-Hack-CVE/CVE-2019-13719,['cve-2 OR cve_2'],1,2022-12-29T04:09:20+0000,39,0,,0,['CVE-2019-13719']
Arrnitage/shellcodeloader-rs,单纯使用Microsoft给出的windows-sys库与windows库实现一个最基本的shellcodeloader,https://github.com/Arrnitage/shellcodeloader-rs,['shellcode'],1,2022-12-29T03:56:29+0000,0,0,Rust,0,[]
Live-Hack-CVE/CVE-2022-31766,"A vulnerability has been identified in RUGGEDCOM RM1224 LTE(4G) EU (All versions < V7.1.2), RUGGEDCOM RM1224 LTE(4G) NAM (All versions < V7.1.2), SCALANCE M804PB (All versions < V7.1.2), SCALANCE M812-1 ADSL-Router (Annex A) (All versions < V7.1.2), SCALAN",https://github.com/Live-Hack-CVE/CVE-2022-31766,['cve-2 OR cve_2'],1,2022-12-29T03:39:15+0000,2,1,,0,['CVE-2022-31766']
Live-Hack-CVE/CVE-2019-13710,Insufficient validation of untrusted input in downloads in Google Chrome prior to 78.0.3904.70 allowed a remote attacker to bypass download restrictions via a crafted HTML page. CVE project by @Sn0wAlice,https://github.com/Live-Hack-CVE/CVE-2019-13710,['cve-2 OR cve_2'],1,2022-12-29T03:39:11+0000,39,1,,0,['CVE-2019-13710']
Live-Hack-CVE/CVE-2022-40227,"A vulnerability has been identified in SIMATIC HMI Comfort Panels (incl. SIPLUS variants) (All versions < V17 Update 4), SIMATIC HMI KTP Mobile Panels (All versions < V17 Update 4), SIMATIC HMI KTP1200 Basic (All versions < V17 Update 5), SIMATIC HMI KTP40",https://github.com/Live-Hack-CVE/CVE-2022-40227,['cve-2 OR cve_2'],1,2022-12-29T03:39:08+0000,2,0,,0,['CVE-2022-40227']
Live-Hack-CVE/CVE-2022-40631,"A vulnerability has been identified in SCALANCE X200-4P IRT (All versions < V5.5.0), SCALANCE X201-3P IRT (All versions < V5.5.0), SCALANCE X201-3P IRT PRO (All versions < V5.5.0), SCALANCE X202-2IRT (All versions < V5.5.0), SCALANCE X202-2P IRT (All versi",https://github.com/Live-Hack-CVE/CVE-2022-40631,['cve-2 OR cve_2'],1,2022-12-29T03:39:04+0000,2,0,,0,['CVE-2022-40631']
Live-Hack-CVE/CVE-2022-2720,"In affected versions of Octopus Server it was identified that when a sensitive value is a substring of another value, sensitive value masking will only partially work. CVE project by @Sn0wAlice",https://github.com/Live-Hack-CVE/CVE-2022-2720,['cve-2 OR cve_2'],1,2022-12-29T03:39:01+0000,5,0,,0,['CVE-2022-2720']
Live-Hack-CVE/CVE-2022-3464,A vulnerability classified as problematic has been found in puppyCMS up to 5.1. This affects an unknown part of the file /admin/settings.php. The manipulation of the argument site_name leads to cross site scripting. It is possible to initiate the attack re,https://github.com/Live-Hack-CVE/CVE-2022-3464,['cve-2 OR cve_2'],1,2022-12-29T03:38:57+0000,1,0,,1,['CVE-2022-3464']
Live-Hack-CVE/CVE-2022-42715,"A reflected XSS vulnerability exists in REDCap before 12.04.18 in the Alerts & Notifications upload feature. A crafted CSV file will, when uploaded, trigger arbitrary JavaScript code execution. CVE project by @Sn0wAlice",https://github.com/Live-Hack-CVE/CVE-2022-42715,['cve-2 OR cve_2'],1,2022-12-29T03:38:54+0000,2,0,,0,['CVE-2022-42715']
Live-Hack-CVE/CVE-2019-13716,Insufficient policy enforcement in service workers in Google Chrome prior to 78.0.3904.70 allowed a remote attacker to bypass navigation restrictions via a crafted HTML page. CVE project by @Sn0wAlice,https://github.com/Live-Hack-CVE/CVE-2019-13716,['cve-2 OR cve_2'],1,2022-12-29T03:38:51+0000,39,0,,0,['CVE-2019-13716']
Live-Hack-CVE/CVE-2019-13714,Insufficient validation of untrusted input in Color Enhancer extension in Google Chrome prior to 78.0.3904.70 allowed a remote attacker to inject CSS into an HTML page via a crafted URL. CVE project by @Sn0wAlice,https://github.com/Live-Hack-CVE/CVE-2019-13714,['cve-2 OR cve_2'],1,2022-12-29T03:38:47+0000,39,0,,0,['CVE-2019-13714']
Live-Hack-CVE/CVE-2019-13715,Insufficient validation of untrusted input in Omnibox in Google Chrome prior to 78.0.3904.70 allowed a remote attacker to perform domain spoofing via IDN homographs via a crafted domain name. CVE project by @Sn0wAlice,https://github.com/Live-Hack-CVE/CVE-2019-13715,['cve-2 OR cve_2'],1,2022-12-29T03:38:43+0000,39,0,,0,['CVE-2019-13715']
Live-Hack-CVE/CVE-2021-30496,"** DISPUTED ** The Telegram app 7.6.2 for iOS allows remote authenticated users to cause a denial of service (application crash) if the victim pastes an attacker-supplied message (e.g., in the Persian language) into a channel or group. The crash occurs in ",https://github.com/Live-Hack-CVE/CVE-2021-30496,['cve-2 OR cve_2'],1,2022-12-29T03:38:20+0000,1,0,,0,['CVE-2021-30496']
Live-Hack-CVE/CVE-2021-20599,"Cleartext transmission of sensitive information vulnerability in MELSEC iQ-R series Safety CPU R08/16/32/120SFCPU firmware versions ""26"" and prior and MELSEC iQ-R series SIL2 Process CPU R08/16/32/120PSFCPU all versions allows a remote unauthenticated atta",https://github.com/Live-Hack-CVE/CVE-2021-20599,['cve-2 OR cve_2'],1,2022-12-29T03:38:16+0000,1,0,,0,['CVE-2021-20599']
Live-Hack-CVE/CVE-2019-13704,Insufficient policy enforcement in navigation in Google Chrome prior to 78.0.3904.70 allowed a remote attacker to bypass content security policy via a crafted HTML page. CVE project by @Sn0wAlice,https://github.com/Live-Hack-CVE/CVE-2019-13704,['cve-2 OR cve_2'],1,2022-12-29T03:38:13+0000,39,0,,0,['CVE-2019-13704']
Live-Hack-CVE/CVE-2019-13706,Out of bounds memory access in PDFium in Google Chrome prior to 78.0.3904.70 allowed a remote attacker to potentially exploit heap corruption via a crafted PDF file. CVE project by @Sn0wAlice,https://github.com/Live-Hack-CVE/CVE-2019-13706,"['cve-2 OR cve_2', 'exploit']",2,2022-12-29T03:38:09+0000,39,0,,0,['CVE-2019-13706']
Live-Hack-CVE/CVE-2019-13708,Inappropriate implementation in navigation in Google Chrome on iOS prior to 78.0.3904.70 allowed a remote attacker to spoof the contents of the Omnibox (URL bar) via a crafted HTML page. CVE project by @Sn0wAlice,https://github.com/Live-Hack-CVE/CVE-2019-13708,['cve-2 OR cve_2'],1,2022-12-29T03:38:06+0000,39,0,,0,['CVE-2019-13708']
Live-Hack-CVE/CVE-2022-42079,Tenda AC1206 US_AC1206V1.0RTL_V15.03.06.23_multi_TD01 was discovered to contain a stack overflow via the function formWifiBasicSet. CVE project by @Sn0wAlice,https://github.com/Live-Hack-CVE/CVE-2022-42079,['cve-2 OR cve_2'],1,2022-12-29T04:10:06+0000,1,0,,0,['CVE-2022-42079']
Live-Hack-CVE/CVE-2022-42086,Tenda AX1803 US_AX1803v2.0br_v1.0.0.1_2994_CN_ZGYD01_4 is vulnerable to Cross Site Request Forgery (CSRF) via function TendaAteMode. CVE project by @Sn0wAlice,https://github.com/Live-Hack-CVE/CVE-2022-42086,['cve-2 OR cve_2'],1,2022-12-29T04:10:10+0000,1,0,,0,['CVE-2022-42086']
Live-Hack-CVE/CVE-2022-42080,Tenda AC1206 US_AC1206V1.0RTL_V15.03.06.23_multi_TD01 was discovered to contain a heap overflow via sched_start_time parameter. CVE project by @Sn0wAlice,https://github.com/Live-Hack-CVE/CVE-2022-42080,"['cve-2 OR cve_2', 'heap overflow']",2,2022-12-29T04:10:40+0000,1,0,,0,['CVE-2022-42080']
Live-Hack-CVE/CVE-2022-33921,"Dell GeoDrive, versions prior to 2.2, contains Multiple DLL Hijacking Vulnerabilities. A low privilege attacker could potentially exploit this vulnerability, leading to the execution of arbitrary code in the SYSTEM security context. CVE project by @Sn0wAli",https://github.com/Live-Hack-CVE/CVE-2022-33921,"['cve-2 OR cve_2', 'exploit']",2,2022-12-29T04:11:36+0000,1,0,,0,['CVE-2022-33921']
Live-Hack-CVE/CVE-2022-0836,"The SEMA API WordPress plugin before 4.02 does not properly sanitise and escape some parameters before using them in SQL statements via an AJAX action, leading to SQL Injections exploitable by unauthenticated users CVE project by @Sn0wAlice",https://github.com/Live-Hack-CVE/CVE-2022-0836,"['cve-2 OR cve_2', 'exploit']",2,2022-12-29T04:12:49+0000,1,0,,0,['CVE-2022-0836']
Live-Hack-CVE/CVE-2021-21255,"GLPI is an open-source asset and IT management software package that provides ITIL Service Desk features, licenses tracking and software auditing. In GLPI version 9.5.3, it was possible to switch entities with IDOR from a logged in user. This is fixed in v",https://github.com/Live-Hack-CVE/CVE-2021-21255,['cve-2 OR cve_2'],1,2022-12-29T04:12:46+0000,1,0,,0,['CVE-2021-21255']
Live-Hack-CVE/CVE-2022-35080,SWFTools commit 772e55a2 was discovered to contain a heap-buffer overflow via png_load at /lib/png.c. CVE project by @Sn0wAlice,https://github.com/Live-Hack-CVE/CVE-2022-35080,"['cve-2 OR cve_2', 'heap overflow']",2,2022-12-29T04:12:42+0000,0,0,,0,['CVE-2022-35080']
Live-Hack-CVE/CVE-2022-39300,node SAML is a SAML 2.0 library based on the SAML implementation of passport-saml. A remote attacker may be able to bypass SAML authentication on a website using passport-saml. A successful attack requires that the attacker is in possession of an arbitrary,https://github.com/Live-Hack-CVE/CVE-2022-39300,['cve-2 OR cve_2'],1,2022-12-29T04:12:31+0000,2,0,,0,['CVE-2022-39300']
Live-Hack-CVE/CVE-2022-41534,Online Diagnostic Lab Management System v1.0 was discovered to contain an arbitrary file upload vulnerability via the component /php_action/createOrder.php. This vulnerability allows attackers to execute arbitrary code via a crafted PHP file. CVE project b,https://github.com/Live-Hack-CVE/CVE-2022-41534,['cve-2 OR cve_2'],1,2022-12-29T04:12:28+0000,1,0,,0,['CVE-2022-41534']
Live-Hack-CVE/CVE-2022-41533,Online Diagnostic Lab Management System v1.0 was discovered to contain an arbitrary file upload vulnerability via the component /php_action/editProductImage.php. This vulnerability allows attackers to execute arbitrary code via a crafted PHP file. CVE proj,https://github.com/Live-Hack-CVE/CVE-2022-41533,['cve-2 OR cve_2'],1,2022-12-29T04:12:25+0000,1,0,,0,['CVE-2022-41533']
Live-Hack-CVE/CVE-2022-35612,A cross-site scripting (XSS) vulnerability in MQTTRoute v3.3 and below allows attackers to execute arbitrary web scripts or HTML via a crafted payload injected into the dashboard name text field. CVE project by @Sn0wAlice,https://github.com/Live-Hack-CVE/CVE-2022-35612,['cve-2 OR cve_2'],1,2022-12-29T04:12:21+0000,1,0,,0,['CVE-2022-35612']
Live-Hack-CVE/CVE-2022-35134,Boodskap IoT Platform v4.4.9-02 contains a cross-site scripting (XSS) vulnerability. CVE project by @Sn0wAlice,https://github.com/Live-Hack-CVE/CVE-2022-35134,['cve-2 OR cve_2'],1,2022-12-29T04:12:18+0000,1,0,,0,['CVE-2022-35134']
Live-Hack-CVE/CVE-2022-34426,Dell Container Storage Modules 1.2 contains an Improper Limitation of a Pathname to a Restricted Directory in goiscsi and gobrick libraries which could lead to OS command injection. A remote unauthenticated attacker could exploit this vulnerability leading,https://github.com/Live-Hack-CVE/CVE-2022-34426,"['command injection', 'cve-2 OR cve_2', 'exploit']",3,2022-12-29T04:12:14+0000,0,0,,0,['CVE-2022-34426']
Live-Hack-CVE/CVE-2022-35135,Boodskap IoT Platform v4.4.9-02 allows attackers to escalate privileges via a crafted request sent to /api/user/upsert/<uuid>. CVE project by @Sn0wAlice,https://github.com/Live-Hack-CVE/CVE-2022-35135,['cve-2 OR cve_2'],1,2022-12-29T04:12:11+0000,1,0,,0,['CVE-2022-35135']
Live-Hack-CVE/CVE-2022-35136,Boodskap IoT Platform v4.4.9-02 allows attackers to make unauthenticated API requests. CVE project by @Sn0wAlice,https://github.com/Live-Hack-CVE/CVE-2022-35136,['cve-2 OR cve_2'],1,2022-12-29T04:11:47+0000,1,0,,0,['CVE-2022-35136']
Live-Hack-CVE/CVE-2022-33937,"Dell GeoDrive, Versions 1.0 - 2.2, contain a Path Traversal Vulnerability in the reporting function. A local, low privileged attacker could potentially exploit this vulnerability, to gain unauthorized delete access to the files stored on the server filesys",https://github.com/Live-Hack-CVE/CVE-2022-33937,"['cve-2 OR cve_2', 'exploit']",2,2022-12-29T04:11:44+0000,1,0,,0,['CVE-2022-33937']
Live-Hack-CVE/CVE-2022-33922,"Dell GeoDrive, versions prior to 2.2, contains Insecure File and Folder Permissions vulnerabilities. A low privilege attacker could potentially exploit this vulnerability, leading to the execution of arbitrary code in the SYSTEM security context. Dell reco",https://github.com/Live-Hack-CVE/CVE-2022-33922,"['cve-2 OR cve_2', 'exploit']",2,2022-12-29T04:11:40+0000,1,0,,0,['CVE-2022-33922']
Live-Hack-CVE/CVE-2022-33920,"Dell GeoDrive, versions prior to 2.2, contains an Unquoted File Path vulnerability. A low privilege attacker could potentially exploit this vulnerability, leading to the execution of arbitrary code in the SYSTEM security context. CVE project by @Sn0wAlice",https://github.com/Live-Hack-CVE/CVE-2022-33920,"['cve-2 OR cve_2', 'exploit']",2,2022-12-29T04:11:33+0000,1,0,,0,['CVE-2022-33920']
Live-Hack-CVE/CVE-2022-42081,Tenda AC1206 US_AC1206V1.0RTL_V15.03.06.23_multi_TD01 was discovered to contain a stack overflow via sched_end_time parameter. CVE project by @Sn0wAlice,https://github.com/Live-Hack-CVE/CVE-2022-42081,['cve-2 OR cve_2'],1,2022-12-29T04:10:43+0000,1,0,,0,['CVE-2022-42081']
Live-Hack-CVE/CVE-2022-33919,"Dell GeoDrive, versions 2.1 - 2.2, contains an information disclosure vulnerability in GUI. An authenticated non-admin user could potentially exploit this vulnerability and view sensitive information. CVE project by @Sn0wAlice",https://github.com/Live-Hack-CVE/CVE-2022-33919,"['cve-2 OR cve_2', 'exploit']",2,2022-12-29T04:11:29+0000,1,0,,0,['CVE-2022-33919']
Live-Hack-CVE/CVE-2022-33918,"Dell GeoDrive, Versions 2.1 - 2.2, contains an information disclosure vulnerability. An authenticated non-admin user could potentially exploit this vulnerability and gain access to sensitive information. CVE project by @Sn0wAlice",https://github.com/Live-Hack-CVE/CVE-2022-33918,"['cve-2 OR cve_2', 'exploit']",2,2022-12-29T04:11:25+0000,1,0,,0,['CVE-2022-33918']
Live-Hack-CVE/CVE-2022-34021,Multiple Cross Site Scripting (XSS) vulnerabilities in ResIOT IOT Platform + LoRaWAN Network Server through 4.1.1000114 via the form fields. CVE project by @Sn0wAlice,https://github.com/Live-Hack-CVE/CVE-2022-34021,['cve-2 OR cve_2'],1,2022-12-29T04:11:22+0000,1,0,,0,['CVE-2022-34021']
Live-Hack-CVE/CVE-2022-41475,RPCMS v3.0.2 was discovered to contain a Cross-Site Request Forgery (CSRF) which allows attackers to arbitrarily add an administrator account. CVE project by @Sn0wAlice,https://github.com/Live-Hack-CVE/CVE-2022-41475,['cve-2 OR cve_2'],1,2022-12-29T04:11:19+0000,1,0,,0,['CVE-2022-41475']
Live-Hack-CVE/CVE-2022-41474,RPCMS v3.0.2 was discovered to contain a Cross-Site Request Forgery (CSRF) which allows attackers to arbitrarily change the password of any account. CVE project by @Sn0wAlice,https://github.com/Live-Hack-CVE/CVE-2022-41474,['cve-2 OR cve_2'],1,2022-12-29T04:11:15+0000,1,0,,0,['CVE-2022-41474']
Live-Hack-CVE/CVE-2022-41489,WAYOS LQ_09 22.03.17V was discovered to contain a Cross-Site Request Forgery (CSRF) which allows attackers to send crafted requests to the server from the affected device. This vulnerability is exploitable due to a lack of authentication in the component U,https://github.com/Live-Hack-CVE/CVE-2022-41489,"['cve-2 OR cve_2', 'exploit']",2,2022-12-29T04:11:11+0000,1,0,,0,['CVE-2022-41489']
Live-Hack-CVE/CVE-2022-3493,"A vulnerability, which was classified as problematic, has been found in SourceCodester Human Resource Management System 1.0. This issue affects some unknown processing of the component Add Employee Handler. The manipulation of the argument First Name/Middl",https://github.com/Live-Hack-CVE/CVE-2022-3493,['cve-2 OR cve_2'],1,2022-12-29T04:11:07+0000,1,0,,0,['CVE-2022-3493']
Live-Hack-CVE/CVE-2022-3492,A vulnerability classified as critical was found in SourceCodester Human Resource Management System 1.0. This vulnerability affects unknown code of the component Profile Photo Handler. The manipulation of the argument parameter leads to os command injectio,https://github.com/Live-Hack-CVE/CVE-2022-3492,"['command injection', 'cve-2 OR cve_2']",2,2022-12-29T04:11:04+0000,1,0,,0,['CVE-2022-3492']
Live-Hack-CVE/CVE-2022-32493,Dell BIOS contains an Stack-Based Buffer Overflow vulnerability. A local authenticated malicious user may potentially exploit this vulnerability by using an SMI to gain arbitrary code execution in SMRAM. CVE project by @Sn0wAlice,https://github.com/Live-Hack-CVE/CVE-2022-32493,"['cve-2 OR cve_2', 'exploit']",2,2022-12-29T04:11:00+0000,9,0,,0,['CVE-2022-32493']
Live-Hack-CVE/CVE-2022-37614,Prototype pollution vulnerability in function enable in mockery.js in mfncooper mockery commit 822f0566fd6d72af8c943ae5ca2aa92e516aa2cf via the key variable in mockery.js. CVE project by @Sn0wAlice,https://github.com/Live-Hack-CVE/CVE-2022-37614,['cve-2 OR cve_2'],1,2022-12-29T04:10:57+0000,1,0,,0,['CVE-2022-37614']
Live-Hack-CVE/CVE-2022-35611,A Cross-Site Request Forgery (CSRF) in MQTTRoute v3.3 and below allows attackers to create and remove dashboards. CVE project by @Sn0wAlice,https://github.com/Live-Hack-CVE/CVE-2022-35611,['cve-2 OR cve_2'],1,2022-12-29T04:10:54+0000,1,0,,0,['CVE-2022-35611']
Live-Hack-CVE/CVE-2022-35829,Service Fabric Explorer Spoofing Vulnerability. CVE project by @Sn0wAlice,https://github.com/Live-Hack-CVE/CVE-2022-35829,['cve-2 OR cve_2'],1,2022-12-29T04:10:50+0000,1,0,,0,['CVE-2022-35829']
Live-Hack-CVE/CVE-2022-42087,Tenda AX1803 US_AX1803v2.0br_v1.0.0.1_2994_CN_ZGYD01_4 is vulnerable to Cross Site Request Forgery (CSRF) via function fromSysToolReboot. CVE project by @Sn0wAlice,https://github.com/Live-Hack-CVE/CVE-2022-42087,['cve-2 OR cve_2'],1,2022-12-29T04:10:46+0000,1,0,,0,['CVE-2022-42087']
Live-Hack-CVE/CVE-2019-13709,Insufficient policy enforcement in downloads in Google Chrome prior to 78.0.3904.70 allowed a remote attacker to bypass download restrictions via a crafted HTML page. CVE project by @Sn0wAlice,https://github.com/Live-Hack-CVE/CVE-2019-13709,['cve-2 OR cve_2'],1,2022-12-29T03:38:02+0000,39,0,,0,['CVE-2019-13709']
Live-Hack-CVE/CVE-2019-13699,Use after free in media in Google Chrome prior to 78.0.3904.70 allowed a remote attacker who had compromised the renderer process to potentially exploit heap corruption via a crafted HTML page. CVE project by @Sn0wAlice,https://github.com/Live-Hack-CVE/CVE-2019-13699,"['cve-2 OR cve_2', 'exploit']",2,2022-12-29T03:37:58+0000,39,0,,0,['CVE-2019-13699']
Live-Hack-CVE/CVE-2019-13700,Out of bounds memory access in the gamepad API in Google Chrome prior to 78.0.3904.70 allowed a remote attacker who had compromised the renderer process to potentially exploit heap corruption via a crafted HTML page. CVE project by @Sn0wAlice,https://github.com/Live-Hack-CVE/CVE-2019-13700,"['cve-2 OR cve_2', 'exploit']",2,2022-12-29T03:37:54+0000,39,0,,0,['CVE-2019-13700']
Live-Hack-CVE/CVE-2022-3467,A vulnerability classified as critical was found in Jiusi OA. Affected by this vulnerability is an unknown functionality of the file /jsoa/hntdCustomDesktopActionContent. The manipulation of the argument inforid leads to sql injection. The exploit has been,https://github.com/Live-Hack-CVE/CVE-2022-3467,"['cve-2 OR cve_2', 'exploit']",2,2022-12-29T03:34:24+0000,1,0,,0,['CVE-2022-3467']
Live-Hack-CVE/CVE-2022-40187,"Foresight GC3 Launch Monitor 1.3.15.68 ships with a Target Communication Framework (TCF) service enabled. This service listens on a TCP port on all interfaces and allows for process debugging, file system modification, and terminal access as the root user.",https://github.com/Live-Hack-CVE/CVE-2022-40187,['cve-2 OR cve_2'],1,2022-12-29T03:35:27+0000,1,0,,0,['CVE-2022-40187']
Live-Hack-CVE/CVE-2022-32491,Dell Client BIOS contains a Buffer Overflow vulnerability. A local authenticated malicious user may potentially exploit this vulnerability by manipulating an SMI to cause an arbitrary write during SMM. CVE project by @Sn0wAlice,https://github.com/Live-Hack-CVE/CVE-2022-32491,"['cve-2 OR cve_2', 'exploit']",2,2022-12-29T03:35:24+0000,9,0,,0,['CVE-2022-32491']
Live-Hack-CVE/CVE-2022-32484,Dell BIOS contains an improper input validation vulnerability. A local authenticated malicious user with admin privileges may potentially exploit this vulnerability in order to modify a UEFI variable. CVE project by @Sn0wAlice,https://github.com/Live-Hack-CVE/CVE-2022-32484,"['cve-2 OR cve_2', 'exploit']",2,2022-12-29T03:35:20+0000,9,0,,0,['CVE-2022-32484']
Live-Hack-CVE/CVE-2022-32489,Dell BIOS contains an improper input validation vulnerability. A local authenticated malicious user may potentially exploit this vulnerability by using an SMI to gain arbitrary code execution in SMRAM. CVE project by @Sn0wAlice,https://github.com/Live-Hack-CVE/CVE-2022-32489,"['cve-2 OR cve_2', 'exploit']",2,2022-12-29T03:34:59+0000,9,0,,0,['CVE-2022-32489']
Live-Hack-CVE/CVE-2022-32487,Dell BIOS contains an improper input validation vulnerability. A local authenticated malicious user may potentially exploit this vulnerability by using an SMI to gain arbitrary code execution in SMRAM. CVE project by @Sn0wAlice,https://github.com/Live-Hack-CVE/CVE-2022-32487,"['cve-2 OR cve_2', 'exploit']",2,2022-12-29T03:34:55+0000,9,0,,0,['CVE-2022-32487']
Live-Hack-CVE/CVE-2022-32488,Dell BIOS contains an improper input validation vulnerability. A local authenticated malicious user may potentially exploit this vulnerability by using an SMI to gain arbitrary code execution in SMRAM. CVE project by @Sn0wAlice,https://github.com/Live-Hack-CVE/CVE-2022-32488,"['cve-2 OR cve_2', 'exploit']",2,2022-12-29T03:34:52+0000,9,0,,0,['CVE-2022-32488']
Live-Hack-CVE/CVE-2022-32485,Dell BIOS contains an improper input validation vulnerability. A local authenticated malicious user may potentially exploit this vulnerability by using an SMI to gain arbitrary code execution in SMRAM. CVE project by @Sn0wAlice,https://github.com/Live-Hack-CVE/CVE-2022-32485,"['cve-2 OR cve_2', 'exploit']",2,2022-12-29T03:34:48+0000,9,0,,0,['CVE-2022-32485']
Live-Hack-CVE/CVE-2022-32483,Dell BIOS contains an improper input validation vulnerability. A local authenticated malicious user with admin privileges may potentially exploit this vulnerability in order to modify a UEFI variable. CVE project by @Sn0wAlice,https://github.com/Live-Hack-CVE/CVE-2022-32483,"['cve-2 OR cve_2', 'exploit']",2,2022-12-29T03:34:45+0000,9,0,,0,['CVE-2022-32483']
Live-Hack-CVE/CVE-2022-31228,Dell EMC XtremIO versions prior to X2 6.4.0-22 contain a bruteforce vulnerability. A remote unauthenticated attacker can potentially exploit this vulnerability and gain access to an admin account. CVE project by @Sn0wAlice,https://github.com/Live-Hack-CVE/CVE-2022-31228,"['cve-2 OR cve_2', 'exploit']",2,2022-12-29T03:34:41+0000,1,0,,0,['CVE-2022-31228']
Live-Hack-CVE/CVE-2022-2249,Privilege escalation related vulnerabilities were discovered in Avaya Aura Communication Manager that may allow local administrative users to escalate their privileges. This issue affects Communication Manager versions 8.0.0.0 through 8.1.3.3 and 10.1.0.0.,https://github.com/Live-Hack-CVE/CVE-2022-2249,['cve-2 OR cve_2'],1,2022-12-29T03:34:38+0000,1,0,,0,['CVE-2022-2249']
Live-Hack-CVE/CVE-2022-3465,A vulnerability classified as critical was found in Mediabridge Medialink. This vulnerability affects unknown code of the file /index.asp. The manipulation leads to improper authentication. The attack can be initiated remotely. The exploit has been disclos,https://github.com/Live-Hack-CVE/CVE-2022-3465,"['cve-2 OR cve_2', 'exploit']",2,2022-12-29T03:34:35+0000,1,0,,0,['CVE-2022-3465']
Live-Hack-CVE/CVE-2022-33106,"WiJungle NGFW Version U250 was discovered to be vulnerable to No Rate Limit attack, allowing the attacker to brute force the admin password leading to Account Take Over. CVE project by @Sn0wAlice",https://github.com/Live-Hack-CVE/CVE-2022-33106,['cve-2 OR cve_2'],1,2022-12-29T03:34:31+0000,1,0,,0,['CVE-2022-33106']
Live-Hack-CVE/CVE-2022-40871,"Dolibarr ERP & CRM <=15.0.3 is vulnerable to Eval injection. By default, any administrator can be added to the installation page of dolibarr, and if successfully added, malicious code can be inserted into the database and then execute it by eval. CVE proje",https://github.com/Live-Hack-CVE/CVE-2022-40871,['cve-2 OR cve_2'],1,2022-12-29T03:34:28+0000,2,0,,0,['CVE-2022-40871']
Live-Hack-CVE/CVE-2022-41403,OpenCart 3.x Newsletter Custom Popup was discovered to contain a SQL injection vulnerability via the email parameter at index.php?route=extension/module/so_newletter_custom_popup/newsletter. CVE project by @Sn0wAlice,https://github.com/Live-Hack-CVE/CVE-2022-41403,['cve-2 OR cve_2'],1,2022-12-29T03:34:21+0000,1,0,,1,['CVE-2022-41403']
Live-Hack-CVE/CVE-2022-40440,mxGraph v4.2.2 was discovered to contain a cross-site scripting (XSS) vulnerability via the setTooltips() function. CVE project by @Sn0wAlice,https://github.com/Live-Hack-CVE/CVE-2022-40440,['cve-2 OR cve_2'],1,2022-12-29T03:35:34+0000,1,0,,0,['CVE-2022-40440']
Live-Hack-CVE/CVE-2022-28887,Multiple Denial-of-Service (DoS) vulnerability was discovered in F-Secure & WithSecure products whereby the aerdl.dll unpacker handler function crashes. This can lead to a possible scanning engine crash. CVE project by @Sn0wAlice,https://github.com/Live-Hack-CVE/CVE-2022-28887,['cve-2 OR cve_2'],1,2022-12-29T03:34:18+0000,1,0,,0,['CVE-2022-28887']
Live-Hack-CVE/CVE-2022-38709,"IBM Robotic Process Automation 21.0.1, 21.0.2, and 21.0.3 for Cloud Pak is vulnerable to cross-site scripting. This vulnerability allows users to embed arbitrary JavaScript code in the Web UI thus altering the intended functionality potentially leading to ",https://github.com/Live-Hack-CVE/CVE-2022-38709,['cve-2 OR cve_2'],1,2022-12-29T03:34:14+0000,1,0,,0,['CVE-2022-38709']
Live-Hack-CVE/CVE-2022-36774,"IBM Robotic Process Automation 21.0.0, 21.0.1, and 21.0.2 is vulnerable to man in the middle attacks through manipulation of the client proxy configuration. IBM X-Force ID: 233575. CVE project by @Sn0wAlice",https://github.com/Live-Hack-CVE/CVE-2022-36774,['cve-2 OR cve_2'],1,2022-12-29T03:34:11+0000,1,0,,0,['CVE-2022-36774']
Live-Hack-CVE/CVE-2022-41294,"IBM Robotic Process Automation 21.0.0, 21.0.1, 21.0.2, 21.0.3, and 21.0.4 is vulnerable to cross origin resource sharing using the bot api. IBM X-Force ID: 236807. CVE project by @Sn0wAlice",https://github.com/Live-Hack-CVE/CVE-2022-41294,['cve-2 OR cve_2'],1,2022-12-29T03:34:07+0000,1,0,,0,['CVE-2022-41294']
Live-Hack-CVE/CVE-2020-6495,Insufficient policy enforcement in developer tools in Google Chrome prior to 83.0.4103.97 allowed an attacker who convinced a user to install a malicious extension to potentially perform a sandbox escape via a crafted Chrome Extension. CVE project by @Sn0w,https://github.com/Live-Hack-CVE/CVE-2020-6495,['cve-2 OR cve_2'],1,2022-12-29T03:34:04+0000,42,0,,0,['CVE-2020-6495']
Live-Hack-CVE/CVE-2020-6497,Insufficient policy enforcement in Omnibox in Google Chrome on iOS prior to 83.0.4103.88 allowed a remote attacker to perform domain spoofing via a crafted URI. CVE project by @Sn0wAlice,https://github.com/Live-Hack-CVE/CVE-2020-6497,['cve-2 OR cve_2'],1,2022-12-29T03:33:36+0000,41,0,,0,['CVE-2020-6497']
Live-Hack-CVE/CVE-2020-6498,Incorrect implementation in user interface in Google Chrome on iOS prior to 83.0.4103.88 allowed a remote attacker to perform domain spoofing via a crafted HTML page. CVE project by @Sn0wAlice,https://github.com/Live-Hack-CVE/CVE-2020-6498,['cve-2 OR cve_2'],1,2022-12-29T03:33:32+0000,41,0,,0,['CVE-2020-6498']
Live-Hack-CVE/CVE-2020-16204,"The affected product is vulnerable due to an undocumented interface found on the device, which may allow an attacker to execute commands as root on the device on the N-Tron 702-W / 702M12-W (all versions). CVE project by @Sn0wAlice",https://github.com/Live-Hack-CVE/CVE-2020-16204,['cve-2 OR cve_2'],1,2022-12-29T03:33:28+0000,1,0,,0,['CVE-2020-16204']
Live-Hack-CVE/CVE-2020-16210,"The affected product is vulnerable to reflected cross-site scripting, which may allow an attacker to remotely execute arbitrary code and perform actions in the context of an attacked user on the N-Tron 702-W / 702M12-W (all versions). CVE project by @Sn0wA",https://github.com/Live-Hack-CVE/CVE-2020-16210,['cve-2 OR cve_2'],1,2022-12-29T03:33:25+0000,1,0,,0,['CVE-2020-16210']
Live-Hack-CVE/CVE-2020-16206,"The affected product is vulnerable to stored cross-site scripting, which may allow an attacker to remotely execute arbitrary code to gain access to sensitive data on the N-Tron 702-W / 702M12-W (all versions). CVE project by @Sn0wAlice",https://github.com/Live-Hack-CVE/CVE-2020-16206,['cve-2 OR cve_2'],1,2022-12-29T03:33:21+0000,1,0,,0,['CVE-2020-16206']
Live-Hack-CVE/CVE-2020-6493,Use after free in WebAuthentication in Google Chrome prior to 83.0.4103.97 allowed a remote attacker who had compromised the renderer process to potentially perform a sandbox escape via a crafted HTML page. CVE project by @Sn0wAlice,https://github.com/Live-Hack-CVE/CVE-2020-6493,['cve-2 OR cve_2'],1,2022-12-29T03:33:18+0000,42,0,,0,['CVE-2020-6493']
Live-Hack-CVE/CVE-2022-41576,The rphone module has a script that can be maliciously modified.Successful exploitation of this vulnerability may cause irreversible programs to be implanted on user devices. CVE project by @Sn0wAlice,https://github.com/Live-Hack-CVE/CVE-2022-41576,"['cve-2 OR cve_2', 'exploit']",2,2022-12-29T03:33:14+0000,1,0,,0,['CVE-2022-41576']
Live-Hack-CVE/CVE-2022-41577,"The kernel server has a vulnerability of not verifying the length of the data transferred in the user space.Successful exploitation of this vulnerability may cause out-of-bounds read in the kernel, which affects the device confidentiality and availability.",https://github.com/Live-Hack-CVE/CVE-2022-41577,"['cve-2 OR cve_2', 'exploit']",2,2022-12-29T03:33:11+0000,1,0,,0,['CVE-2022-41577']
Live-Hack-CVE/CVE-2021-31997,"A UNIX Symbolic Link (Symlink) Following vulnerability in python-postorius of openSUSE Leap 15.2, Factory allows local attackers to escalate from users postorius or postorius-admin to root. This issue affects: openSUSE Leap 15.2 python-postorius version 1.",https://github.com/Live-Hack-CVE/CVE-2021-31997,['cve-2 OR cve_2'],1,2022-12-29T03:35:31+0000,1,0,,0,['CVE-2021-31997']
Live-Hack-CVE/CVE-2022-3473,A vulnerability classified as critical has been found in SourceCodester Human Resource Management System. This affects an unknown part of the file getstatecity.php. The manipulation of the argument ci leads to sql injection. It is possible to initiate the ,https://github.com/Live-Hack-CVE/CVE-2022-3473,"['cve-2 OR cve_2', 'exploit']",2,2022-12-29T03:35:37+0000,1,0,,0,['CVE-2022-3473']
Live-Hack-CVE/CVE-2019-13701,Incorrect implementation in navigation in Google Chrome prior to 78.0.3904.70 allowed a remote attacker to spoof the contents of the Omnibox (URL bar) via a crafted HTML page. CVE project by @Sn0wAlice,https://github.com/Live-Hack-CVE/CVE-2019-13701,['cve-2 OR cve_2'],1,2022-12-29T03:37:50+0000,39,0,,0,['CVE-2019-13701']
Live-Hack-CVE/CVE-2020-2783,Vulnerability in the Oracle Outside In Technology product of Oracle Fusion Middleware (component: Outside In Filters). Supported versions that is affected is 8.5.4. Easily exploitable vulnerability allows unauthenticated attacker with network access via HT,https://github.com/Live-Hack-CVE/CVE-2020-2783,"['cve-2 OR cve_2', 'exploit']",2,2022-12-29T03:36:33+0000,2,0,,0,['CVE-2020-2783']
Live-Hack-CVE/CVE-2019-13703,Insufficient policy enforcement in the Omnibox in Google Chrome on Android prior to 78.0.3904.70 allowed a remote attacker to spoof the contents of the Omnibox (URL bar) via a crafted HTML page. CVE project by @Sn0wAlice,https://github.com/Live-Hack-CVE/CVE-2019-13703,['cve-2 OR cve_2'],1,2022-12-29T03:37:46+0000,39,0,,0,['CVE-2019-13703']
Live-Hack-CVE/CVE-2020-2798,"Vulnerability in the Oracle WebLogic Server product of Oracle Fusion Middleware (component: WLS Web Services). Supported versions that are affected are 10.3.6.0.0, 12.1.3.0.0, 12.2.1.3.0 and 12.2.1.4.0. Easily exploitable vulnerability allows high privileg",https://github.com/Live-Hack-CVE/CVE-2020-2798,"['cve-2 OR cve_2', 'exploit']",2,2022-12-29T03:37:42+0000,2,0,,0,['CVE-2020-2798']
Live-Hack-CVE/CVE-2020-2884,"Vulnerability in the Oracle WebLogic Server product of Oracle Fusion Middleware (component: Core). Supported versions that are affected are 10.3.6.0.0, 12.1.3.0.0, 12.2.1.3.0 and 12.2.1.4.0. Easily exploitable vulnerability allows unauthenticated attacker ",https://github.com/Live-Hack-CVE/CVE-2020-2884,"['cve-2 OR cve_2', 'exploit']",2,2022-12-29T03:37:39+0000,1,0,,0,['CVE-2020-2884']
Live-Hack-CVE/CVE-2020-2963,"Vulnerability in the Oracle WebLogic Server product of Oracle Fusion Middleware (component: Web Services). Supported versions that are affected are 10.3.6.0.0, 12.1.3.0.0, 12.2.1.3.0 and 12.2.1.4.0. Easily exploitable vulnerability allows high privileged a",https://github.com/Live-Hack-CVE/CVE-2020-2963,"['cve-2 OR cve_2', 'exploit']",2,2022-12-29T03:37:35+0000,1,0,,0,['CVE-2020-2963']
Live-Hack-CVE/CVE-2020-2915,"Vulnerability in the Oracle Coherence product of Oracle Fusion Middleware (component: Caching, CacheStore, Invocation). Supported versions that are affected are 3.7.1.0, 12.1.3.0.0, 12.2.1.3.0 and 12.2.1.4.0. Easily exploitable vulnerability allows unauthe",https://github.com/Live-Hack-CVE/CVE-2020-2915,"['cve-2 OR cve_2', 'exploit']",2,2022-12-29T03:37:32+0000,2,0,,0,['CVE-2020-2915']
Live-Hack-CVE/CVE-2021-20597,"Insufficiently Protected Credentials vulnerability in Mitsubishi Electric MELSEC iQ-R series Safety CPU modules R08/16/32/120SFCPU firmware versions ""26"" and prior and Mitsubishi Electric MELSEC iQ-R series SIL2 Process CPU modules R08/16/32/120PSFCPU all ",https://github.com/Live-Hack-CVE/CVE-2021-20597,['cve-2 OR cve_2'],1,2022-12-29T03:37:28+0000,2,0,,0,['CVE-2021-20597']
Live-Hack-CVE/CVE-2021-20594,"Exposure of Sensitive Information to an Unauthorized Actor vulnerability in Mitsubishi Electric MELSEC iQ-R series Safety CPU modules R08/16/32/120SFCPU firmware versions ""26"" and prior and Mitsubishi Electric MELSEC iQ-R series SIL2 Process CPU modules R0",https://github.com/Live-Hack-CVE/CVE-2021-20594,['cve-2 OR cve_2'],1,2022-12-29T03:37:25+0000,2,0,,0,['CVE-2021-20594']
Live-Hack-CVE/CVE-2022-35081,SWFTools commit 772e55a2 was discovered to contain a heap-buffer overflow via png_read_header at /src/png2swf.c. CVE project by @Sn0wAlice,https://github.com/Live-Hack-CVE/CVE-2022-35081,"['cve-2 OR cve_2', 'heap overflow']",2,2022-12-29T03:37:22+0000,1,0,,0,['CVE-2022-35081']
Live-Hack-CVE/CVE-2022-41473,RPCMS v3.0.2 was discovered to contain a reflected cross-site scripting (XSS) vulnerability in the Search function. CVE project by @Sn0wAlice,https://github.com/Live-Hack-CVE/CVE-2022-41473,['cve-2 OR cve_2'],1,2022-12-29T03:37:18+0000,1,0,,0,['CVE-2022-41473']
Live-Hack-CVE/CVE-2020-2787,Vulnerability in the Oracle Outside In Technology product of Oracle Fusion Middleware (component: Outside In Filters). Supported versions that is affected is 8.5.4. Easily exploitable vulnerability allows unauthenticated attacker with network access via HT,https://github.com/Live-Hack-CVE/CVE-2020-2787,"['cve-2 OR cve_2', 'exploit']",2,2022-12-29T03:36:47+0000,2,0,,0,['CVE-2020-2787']
Live-Hack-CVE/CVE-2020-2828,Vulnerability in the Oracle WebLogic Server product of Oracle Fusion Middleware (component: WLS Web Services). The supported version that is affected is 10.3.6.0.0. Easily exploitable vulnerability allows unauthenticated attacker with network access via II,https://github.com/Live-Hack-CVE/CVE-2020-2828,"['cve-2 OR cve_2', 'exploit']",2,2022-12-29T03:36:44+0000,1,0,,0,['CVE-2020-2828']
Live-Hack-CVE/CVE-2020-2883,"Vulnerability in the Oracle WebLogic Server product of Oracle Fusion Middleware (component: Core). Supported versions that are affected are 10.3.6.0.0, 12.1.3.0.0, 12.2.1.3.0 and 12.2.1.4.0. Easily exploitable vulnerability allows unauthenticated attacker ",https://github.com/Live-Hack-CVE/CVE-2020-2883,"['cve-2 OR cve_2', 'exploit']",2,2022-12-29T03:36:40+0000,2,0,,0,['CVE-2020-2883']
Live-Hack-CVE/CVE-2020-2785,Vulnerability in the Oracle Outside In Technology product of Oracle Fusion Middleware (component: Outside In Filters). Supported versions that is affected is 8.5.4. Easily exploitable vulnerability allows unauthenticated attacker with network access via HT,https://github.com/Live-Hack-CVE/CVE-2020-2785,"['cve-2 OR cve_2', 'exploit']",2,2022-12-29T03:36:37+0000,2,0,,0,['CVE-2020-2785']
Live-Hack-CVE/CVE-2020-2786,Vulnerability in the Oracle Outside In Technology product of Oracle Fusion Middleware (component: Outside In Filters). Supported versions that is affected is 8.5.4. Easily exploitable vulnerability allows unauthenticated attacker with network access via HT,https://github.com/Live-Hack-CVE/CVE-2020-2786,"['cve-2 OR cve_2', 'exploit']",2,2022-12-29T03:36:30+0000,2,0,,0,['CVE-2020-2786']
Live-Hack-CVE/CVE-2020-36322,"An issue was discovered in the FUSE filesystem implementation in the Linux kernel before 5.10.6, aka CID-5d069dbe8aaf. fuse_do_getattr() calls make_bad_inode() in inappropriate situations, causing a system crash. NOTE: the original fix for this vulnerabili",https://github.com/Live-Hack-CVE/CVE-2020-36322,['cve-2 OR cve_2'],1,2022-12-29T03:35:41+0000,28,0,,0,['CVE-2020-36322']
Live-Hack-CVE/CVE-2020-2771,Vulnerability in the Oracle Solaris product of Oracle Systems (component: Whodo). Supported versions that are affected are 10 and 11. Difficult to exploit vulnerability allows low privileged attacker with logon to the infrastructure where Oracle Solaris ex,https://github.com/Live-Hack-CVE/CVE-2020-2771,"['cve-2 OR cve_2', 'exploit']",2,2022-12-29T03:36:27+0000,2,0,,0,['CVE-2020-2771']
Live-Hack-CVE/CVE-2020-2778,Vulnerability in the Java SE product of Oracle Java SE (component: JSSE). Supported versions that are affected are Java SE: 11.0.6 and 14. Difficult to exploit vulnerability allows unauthenticated attacker with network access via HTTPS to compromise Java S,https://github.com/Live-Hack-CVE/CVE-2020-2778,"['cve-2 OR cve_2', 'exploit']",2,2022-12-29T03:36:23+0000,3,0,,0,['CVE-2020-2778']
Live-Hack-CVE/CVE-2021-43766,"Odyssey passes to server unencrypted bytes from man-in-the-middle When Odyssey is configured to use certificate Common Name for client authentication, a man-in-the-middle attacker can inject arbitrary SQL queries when a connection is first established, des",https://github.com/Live-Hack-CVE/CVE-2021-43766,['cve-2 OR cve_2'],1,2022-12-29T03:36:19+0000,1,0,,0,['CVE-2021-43766']
Live-Hack-CVE/CVE-2019-20170,An issue was discovered in GPAC version 0.8.0 and 0.9.0-development-20191109. There is an invalid pointer dereference in the function GF_IPMPX_AUTH_Delete() in odf/ipmpx_code.c. CVE project by @Sn0wAlice,https://github.com/Live-Hack-CVE/CVE-2019-20170,['cve-2 OR cve_2'],1,2022-12-29T03:36:16+0000,1,0,,0,['CVE-2019-20170']
Live-Hack-CVE/CVE-2019-20165,An issue was discovered in GPAC version 0.8.0 and 0.9.0-development-20191109. There is a NULL pointer dereference in the function ilst_item_Read() in isomedia/box_code_apple.c. CVE project by @Sn0wAlice,https://github.com/Live-Hack-CVE/CVE-2019-20165,['cve-2 OR cve_2'],1,2022-12-29T03:36:12+0000,1,0,,0,['CVE-2019-20165']
Live-Hack-CVE/CVE-2019-20161,An issue was discovered in GPAC version 0.8.0 and 0.9.0-development-20191109. There is heap-based buffer overflow in the function ReadGF_IPMPX_WatermarkingInit() in odf/ipmpx_code.c. CVE project by @Sn0wAlice,https://github.com/Live-Hack-CVE/CVE-2019-20161,"['cve-2 OR cve_2', 'heap overflow']",2,2022-12-29T03:36:09+0000,1,0,,0,['CVE-2019-20161']
Live-Hack-CVE/CVE-2019-20162,An issue was discovered in GPAC version 0.8.0 and 0.9.0-development-20191109. There is heap-based buffer overflow in the function gf_isom_box_parse_ex() in isomedia/box_funcs.c. CVE project by @Sn0wAlice,https://github.com/Live-Hack-CVE/CVE-2019-20162,"['cve-2 OR cve_2', 'heap overflow']",2,2022-12-29T03:36:06+0000,1,0,,0,['CVE-2019-20162']
Live-Hack-CVE/CVE-2019-20163,An issue was discovered in GPAC version 0.8.0 and 0.9.0-development-20191109. There is a NULL pointer dereference in the function gf_odf_avc_cfg_write_bs() in odf/descriptors.c. CVE project by @Sn0wAlice,https://github.com/Live-Hack-CVE/CVE-2019-20163,['cve-2 OR cve_2'],1,2022-12-29T03:36:02+0000,1,0,,0,['CVE-2019-20163']
Live-Hack-CVE/CVE-2019-19785,ATasm 1.06 has a stack-based buffer overflow in the to_comma() function in asm.c via a crafted .m65 file. CVE project by @Sn0wAlice,https://github.com/Live-Hack-CVE/CVE-2019-19785,['cve-2 OR cve_2'],1,2022-12-29T03:35:59+0000,1,0,,0,['CVE-2019-19785']
Live-Hack-CVE/CVE-2019-19787,ATasm 1.06 has a stack-based buffer overflow in the get_signed_expression() function in setparse.c via a crafted .m65 file. CVE project by @Sn0wAlice,https://github.com/Live-Hack-CVE/CVE-2019-19787,['cve-2 OR cve_2'],1,2022-12-29T03:35:55+0000,1,0,,0,['CVE-2019-19787']
Live-Hack-CVE/CVE-2019-5477,A command injection vulnerability in Nokogiri v1.10.3 and earlier allows commands to be executed in a subprocess via Ruby's `Kernel.open` method. Processes are vulnerable only if the undocumented method `Nokogiri::CSS::Tokenizer#load_file` is being called ,https://github.com/Live-Hack-CVE/CVE-2019-5477,"['command injection', 'cve-2 OR cve_2']",2,2022-12-29T03:35:51+0000,4,0,,0,['CVE-2019-5477']
Live-Hack-CVE/CVE-2018-17956,"In yast2-samba-provision up to and including version 1.0.1 the password for samba shares was provided on the command line to tools used by yast2-samba-provision, allowing local attackers to read them in the process list CVE project by @Sn0wAlice",https://github.com/Live-Hack-CVE/CVE-2018-17956,['cve-2 OR cve_2'],1,2022-12-29T03:35:48+0000,1,0,,0,['CVE-2018-17956']
Live-Hack-CVE/CVE-2019-19786,ATasm 1.06 has a stack-based buffer overflow in the parse_expr() function in setparse.c via a crafted .m65 file. CVE project by @Sn0wAlice,https://github.com/Live-Hack-CVE/CVE-2019-19786,['cve-2 OR cve_2'],1,2022-12-29T03:35:44+0000,1,0,,0,['CVE-2019-19786']
Live-Hack-CVE/CVE-2022-38977,"The HwAirlink module has a heap overflow vulnerability.Successful exploitation of this vulnerability may cause out-of-bounds writes, resulting in modification of sensitive data. CVE project by @Sn0wAlice",https://github.com/Live-Hack-CVE/CVE-2022-38977,"['cve-2 OR cve_2', 'exploit', 'heap overflow']",3,2022-12-29T02:53:03+0000,1,0,,0,['CVE-2022-38977']
Live-Hack-CVE/CVE-2022-38986,"The HIPP module has a vulnerability of bypassing the check of the data transferred in the kernel space.Successful exploitation of this vulnerability may cause out-of-bounds access to the HIPP module and page table tampering, affecting device confidentialit",https://github.com/Live-Hack-CVE/CVE-2022-38986,"['cve-2 OR cve_2', 'exploit']",2,2022-12-29T02:52:59+0000,1,0,,0,['CVE-2022-38986']
Live-Hack-CVE/CVE-2022-38998,"The HISP module has a vulnerability of not verifying the data transferred in the kernel space.Successful exploitation of this vulnerability will cause out-of-bounds read, which affects data confidentiality. CVE project by @Sn0wAlice",https://github.com/Live-Hack-CVE/CVE-2022-38998,"['cve-2 OR cve_2', 'exploit']",2,2022-12-29T02:52:56+0000,1,0,,0,['CVE-2022-38998']
Live-Hack-CVE/CVE-2022-3548,A vulnerability was found in SourceCodester Simple Cold Storage Management System 1.0. It has been declared as problematic. This vulnerability affects unknown code of the component Add New Storage Handler. The manipulation of the argument Name leads to cro,https://github.com/Live-Hack-CVE/CVE-2022-3548,['cve-2 OR cve_2'],1,2022-12-29T02:13:18+0000,1,0,,0,['CVE-2022-3548']
Live-Hack-CVE/CVE-2020-6294,"Xvfb of SAP Business Objects Business Intelligence Platform, versions - 4.2, 4.3, platform on Unix does not perform any authentication checks for functionalities that require user identity. CVE project by @Sn0wAlice",https://github.com/Live-Hack-CVE/CVE-2020-6294,['cve-2 OR cve_2'],1,2022-12-29T02:10:35+0000,1,0,,0,['CVE-2020-6294']
Live-Hack-CVE/CVE-2020-8744,"Improper initialization in subsystem for Intel(R) CSME versions before12.0.70, 13.0.40, 13.30.10, 14.0.45 and 14.5.25, Intel(R) TXE versions before 4.0.30 Intel(R) SPS versions before E3_05.01.04.200 may allow a privileged user to potentially enable escala",https://github.com/Live-Hack-CVE/CVE-2020-8744,['cve-2 OR cve_2'],1,2022-12-29T02:10:32+0000,2,0,,0,['CVE-2020-8744']
Live-Hack-CVE/CVE-2019-6171,A vulnerability was reported in various BIOS versions of older ThinkPad systems that could allow a user with administrative privileges or physical access the ability to update the Embedded Controller with unsigned firmware. CVE project by @Sn0wAlice,https://github.com/Live-Hack-CVE/CVE-2019-6171,['cve-2 OR cve_2'],1,2022-12-29T02:10:29+0000,3,0,,0,['CVE-2019-6171']
Live-Hack-CVE/CVE-2022-28291,Insufficiently Protected Credentials: An authenticated user with debug privileges can retrieve stored Nessus policy credentials from the “nessusd” process in cleartext via process dumping. The affected products are all versions of Nessus Essentials and Pro,https://github.com/Live-Hack-CVE/CVE-2022-28291,['cve-2 OR cve_2'],1,2022-12-29T02:10:25+0000,0,0,,0,['CVE-2022-28291']
Live-Hack-CVE/CVE-2022-30126,"In Apache Tika, a regular expression in our StandardsText class, used by the StandardsExtractingContentHandler could lead to a denial of service caused by backtracking on a specially crafted file. This only affects users who are running the StandardsExtrac",https://github.com/Live-Hack-CVE/CVE-2022-30126,['cve-2 OR cve_2'],1,2022-12-29T02:10:22+0000,2,0,,0,['CVE-2022-30126']
Live-Hack-CVE/CVE-2020-26237,Highlight.js is a syntax highlighter written in JavaScript. Highlight.js versions before 9.18.2 and 10.1.2 are vulnerable to Prototype Pollution. A malicious HTML code block can be crafted that will result in prototype pollution of the base object's protot,https://github.com/Live-Hack-CVE/CVE-2020-26237,['cve-2 OR cve_2'],1,2022-12-29T02:10:19+0000,3,0,,0,['CVE-2020-26237']
Live-Hack-CVE/CVE-2022-23771,This vulnerability occurs in user accounts creation and deleteion related pages of IPTIME NAS products. The vulnerability could be exploited by a lack of validation when a POST request is made to this page. An attacker can use this vulnerability to or dele,https://github.com/Live-Hack-CVE/CVE-2022-23771,"['cve-2 OR cve_2', 'exploit']",2,2022-12-29T02:10:15+0000,1,0,,0,['CVE-2022-23771']
Live-Hack-CVE/CVE-2022-29162,"runc is a CLI tool for spawning and running containers on Linux according to the OCI specification. A bug was found in runc prior to version 1.1.2 where `runc exec --cap` created processes with non-empty inheritable Linux process capabilities, creating an ",https://github.com/Live-Hack-CVE/CVE-2022-29162,['cve-2 OR cve_2'],1,2022-12-29T02:10:12+0000,2,0,,0,['CVE-2022-29162']
Live-Hack-CVE/CVE-2022-23770,This vulnerability could allow a remote attacker to execute remote commands with improper validation of parameters of certain API constructors. Remote attackers could use this vulnerability to execute malicious commands such as directory traversal. CVE pro,https://github.com/Live-Hack-CVE/CVE-2022-23770,['cve-2 OR cve_2'],1,2022-12-29T02:10:08+0000,1,0,,0,['CVE-2022-23770']
Live-Hack-CVE/CVE-2022-23769,"Remote code execution vulnerability due to insufficient user privilege verification in reverseWall-MDS. Remote attackers can exploit the vulnerability such as stealing account, through remote code execution. CVE project by @Sn0wAlice",https://github.com/Live-Hack-CVE/CVE-2022-23769,"['cve-2 OR cve_2', 'exploit', 'remote code execution']",3,2022-12-29T02:10:05+0000,1,0,,0,['CVE-2022-23769']
Live-Hack-CVE/CVE-2022-39201,"Grafana is an open source observability and data visualization platform. Starting with version 5.0.0-beta1 and prior to versions 8.5.14 and 9.1.8, Grafana could leak the authentication cookie of users to plugins. The vulnerability impacts data source and p",https://github.com/Live-Hack-CVE/CVE-2022-39201,['cve-2 OR cve_2'],1,2022-12-29T02:10:01+0000,4,0,,0,['CVE-2022-39201']
Live-Hack-CVE/CVE-2022-39229,"Grafana is an open source data visualization platform for metrics, logs, and traces. Versions prior to 9.1.8 and 8.5.14 allow one user to block another user's login attempt by registering someone else'e email address as a username. A Grafana user’s usernam",https://github.com/Live-Hack-CVE/CVE-2022-39229,['cve-2 OR cve_2'],1,2022-12-29T02:09:58+0000,0,0,,0,['CVE-2022-39229']
Live-Hack-CVE/CVE-2022-22128,Tableau discovered a path traversal vulnerability affecting Tableau Server Administration Agent’s internal file transfer service that could allow remote code execution.Tableau only supports product versions for 24 months after release. Older versions have ,https://github.com/Live-Hack-CVE/CVE-2022-22128,"['cve-2 OR cve_2', 'remote code execution']",2,2022-12-29T02:09:55+0000,0,0,,0,['CVE-2022-22128']
Live-Hack-CVE/CVE-2022-39278,"Istio is an open platform-independent service mesh that provides traffic management, policy enforcement, and telemetry collection. Prior to versions 1.15.2, 1.14.5, and 1.13.9, the Istio control plane, istiod, is vulnerable to a request processing error, a",https://github.com/Live-Hack-CVE/CVE-2022-39278,['cve-2 OR cve_2'],1,2022-12-29T02:09:51+0000,4,0,,0,['CVE-2022-39278']
Live-Hack-CVE/CVE-2022-2780,In affected versions of Octopus Server it is possible to use the Git Connectivity test function on the VCS project to initiate an SMB request resulting in the potential for an NTLM relay attack. CVE project by @Sn0wAlice,https://github.com/Live-Hack-CVE/CVE-2022-2780,['cve-2 OR cve_2'],1,2022-12-29T02:09:48+0000,2,0,,0,['CVE-2022-2780']
Live-Hack-CVE/CVE-2020-7032,An XML external entity (XXE) vulnerability in Avaya WebLM admin interface allows authenticated users to read arbitrary files or conduct server-side request forgery (SSRF) attacks via a crafted DTD in an XML request. Affected versions of Avaya WebLM include,https://github.com/Live-Hack-CVE/CVE-2020-7032,['cve-2 OR cve_2'],1,2022-12-29T02:09:44+0000,2,0,,0,['CVE-2020-7032']
Live-Hack-CVE/CVE-2020-28941,"An issue was discovered in drivers/accessibility/speakup/spk_ttyio.c in the Linux kernel through 5.9.9. Local attackers on systems with the speakup driver could cause a local denial of service attack, aka CID-d41227544427. This occurs because of an invalid",https://github.com/Live-Hack-CVE/CVE-2020-28941,['cve-2 OR cve_2'],1,2022-12-29T02:09:41+0000,31,0,,0,['CVE-2020-28941']
Live-Hack-CVE/CVE-2020-29370,"An issue was discovered in kmem_cache_alloc_bulk in mm/slub.c in the Linux kernel before 5.5.11. The slowpath lacks the required TID increment, aka CID-fd4d9c7d0c71. CVE project by @Sn0wAlice",https://github.com/Live-Hack-CVE/CVE-2020-29370,['cve-2 OR cve_2'],1,2022-12-29T02:09:38+0000,30,0,,0,['CVE-2020-29370']
Live-Hack-CVE/CVE-2020-15436,Use-after-free vulnerability in fs/block_dev.c in the Linux kernel before 5.8 allows local users to gain privileges or cause a denial of service by leveraging improper access to a certain error field. CVE project by @Sn0wAlice,https://github.com/Live-Hack-CVE/CVE-2020-15436,['cve-2 OR cve_2'],1,2022-12-29T02:09:25+0000,31,0,,0,['CVE-2020-15436']
Live-Hack-CVE/CVE-2019-20933,InfluxDB before 1.7.6 has an authentication bypass vulnerability in the authenticate function in services/httpd/handler.go because a JWT token may have an empty SharedSecret (aka shared secret). CVE project by @Sn0wAlice,https://github.com/Live-Hack-CVE/CVE-2019-20933,['cve-2 OR cve_2'],1,2022-12-29T02:09:21+0000,2,0,,0,['CVE-2019-20933']
Live-Hack-CVE/CVE-2019-14841,"A flaw was found in the RHDM, where an authenticated attacker can change their assigned role in the response header. This flaw allows an attacker to gain admin privileges in the Business Central Console. CVE project by @Sn0wAlice",https://github.com/Live-Hack-CVE/CVE-2019-14841,['cve-2 OR cve_2'],1,2022-12-29T02:09:17+0000,1,0,,0,['CVE-2019-14841']
Live-Hack-CVE/CVE-2022-3066,"An issue has been discovered in GitLab affecting all versions starting from 10.0 before 15.2.5, all versions starting from 15.3 before 15.3.4, all versions starting from 15.4 before 15.4.1. It was possible for an unauthorised user to create issues in a pro",https://github.com/Live-Hack-CVE/CVE-2022-3066,['cve-2 OR cve_2'],1,2022-12-29T02:09:13+0000,5,0,,0,['CVE-2022-3066']
Live-Hack-CVE/CVE-2019-14840,"A flaw was found in the RHDM, where sensitive HTML form fields like Password has auto-complete enabled which may lead to leak of credentials. CVE project by @Sn0wAlice",https://github.com/Live-Hack-CVE/CVE-2019-14840,['cve-2 OR cve_2'],1,2022-12-29T02:09:10+0000,1,0,,0,['CVE-2019-14840']
Live-Hack-CVE/CVE-2020-25694,"A flaw was found in PostgreSQL versions before 13.1, before 12.5, before 11.10, before 10.15, before 9.6.20 and before 9.5.24. If a client application that creates additional database connections only reuses the basic connection parameters while dropping s",https://github.com/Live-Hack-CVE/CVE-2020-25694,['cve-2 OR cve_2'],1,2022-12-29T02:09:07+0000,4,0,,0,['CVE-2020-25694']
Live-Hack-CVE/CVE-2020-25695,"A flaw was found in PostgreSQL versions before 13.1, before 12.5, before 11.10, before 10.15, before 9.6.20 and before 9.5.24. An attacker having permission to create non-temporary objects in at least one schema can execute arbitrary SQL functions under th",https://github.com/Live-Hack-CVE/CVE-2020-25695,['cve-2 OR cve_2'],1,2022-12-29T02:09:03+0000,4,0,,0,['CVE-2020-25695']
Live-Hack-CVE/CVE-2017-7517,"An input validation vulnerability exists in Openshift Enterprise due to a 1:1 mapping of tenants in Hawkular Metrics and projects/namespaces in OpenShift. If a user creates a project called ""MyProject"", and then later deletes it another user can then creat",https://github.com/Live-Hack-CVE/CVE-2017-7517,['cve-2 OR cve_2'],1,2022-12-29T02:08:59+0000,1,0,,0,['CVE-2017-7517']
Live-Hack-CVE/CVE-2022-42237,A SQL Injection issue in Merchandise Online Store v.1.0 allows an attacker to log in to the admin account. CVE project by @Sn0wAlice,https://github.com/Live-Hack-CVE/CVE-2022-42237,['cve-2 OR cve_2'],1,2022-12-29T02:08:44+0000,1,0,,0,['CVE-2022-42237']
Live-Hack-CVE/CVE-2022-42171,Tenda AC10 V15.03.06.23 contains a Stack overflow vulnerability via /goform/saveParentControlInfo. CVE project by @Sn0wAlice,https://github.com/Live-Hack-CVE/CVE-2022-42171,['cve-2 OR cve_2'],1,2022-12-29T02:08:41+0000,1,0,,0,['CVE-2022-42171']
Live-Hack-CVE/CVE-2022-42170,Tenda AC10 V15.03.06.23 contains a Stack overflow vulnerability via /goform/formWifiWpsStart. CVE project by @Sn0wAlice,https://github.com/Live-Hack-CVE/CVE-2022-42170,['cve-2 OR cve_2'],1,2022-12-29T02:08:37+0000,1,0,,0,['CVE-2022-42170']
Live-Hack-CVE/CVE-2022-21658,"Rust is a multi-paradigm, general-purpose programming language designed for performance and safety, especially safe concurrency. The Rust Security Response WG was notified that the `std::fs::remove_dir_all` standard library function is vulnerable a race co",https://github.com/Live-Hack-CVE/CVE-2022-21658,['cve-2 OR cve_2'],1,2022-12-29T02:10:58+0000,7,0,,0,['CVE-2022-21658']
Live-Hack-CVE/CVE-2021-21309,"Redis is an open-source, in-memory database that persists on disk. In affected versions of Redis an integer overflow bug in 32-bit Redis version 4.0 or newer could be exploited to corrupt the heap and potentially result with remote code execution. Redis 4.",https://github.com/Live-Hack-CVE/CVE-2021-21309,"['cve-2 OR cve_2', 'exploit', 'heap overflow', 'remote code execution']",4,2022-12-29T02:11:02+0000,0,0,,0,['CVE-2021-21309']
Live-Hack-CVE/CVE-2021-26945,An integer overflow leading to a heap-buffer overflow was found in OpenEXR in versions before 3.0.1. An attacker could use this flaw to crash an application compiled with OpenEXR. CVE project by @Sn0wAlice,https://github.com/Live-Hack-CVE/CVE-2021-26945,"['cve-2 OR cve_2', 'heap overflow']",2,2022-12-29T02:11:07+0000,1,0,,0,['CVE-2021-26945']
Live-Hack-CVE/CVE-2022-35698,Adobe Commerce versions 2.4.4-p1 (and earlier) and 2.4.5 (and earlier) are affected by a Stored Cross-site Scripting vulnerability. Exploitation of this issue does not require user interaction and could result in a post-authentication arbitrary code execut,https://github.com/Live-Hack-CVE/CVE-2022-35698,"['cve-2 OR cve_2', 'exploit']",2,2022-12-29T02:12:22+0000,1,0,,0,['CVE-2022-35698']
Live-Hack-CVE/CVE-2022-42029,Chamilo 1.11.16 is affected by an authenticated local file inclusion vulnerability which allows authenticated users with access to 'big file uploads' to copy/move files from anywhere in the file system into the web directory. CVE project by @Sn0wAlice,https://github.com/Live-Hack-CVE/CVE-2022-42029,['cve-2 OR cve_2'],1,2022-12-29T02:13:11+0000,1,0,,0,['CVE-2022-42029']
Live-Hack-CVE/CVE-2022-3549,A vulnerability was found in SourceCodester Simple Cold Storage Management System 1.0. It has been rated as problematic. This issue affects some unknown processing of the file /csms/admin/?page=user/manage_user of the component Avatar Handler. The manipula,https://github.com/Live-Hack-CVE/CVE-2022-3549,['cve-2 OR cve_2'],1,2022-12-29T02:13:08+0000,1,0,,0,['CVE-2022-3549']
Live-Hack-CVE/CVE-2022-26375,Auth. (admin+) Stored Cross-Site Scripting (XSS) vulnerability in Mammothology AB Press Optimizer plugin <= 1.1.1 on WordPress. CVE project by @Sn0wAlice,https://github.com/Live-Hack-CVE/CVE-2022-26375,['cve-2 OR cve_2'],1,2022-12-29T02:13:04+0000,1,0,,0,['CVE-2022-26375']
Live-Hack-CVE/CVE-2022-40605,"MITRE CALDERA before 4.1.0 allows XSS in the Operations tab and/or Debrief plugin via a crafted operation name, a different vulnerability than CVE-2022-40606. CVE project by @Sn0wAlice",https://github.com/Live-Hack-CVE/CVE-2022-40605,['cve-2 OR cve_2'],1,2022-12-29T02:13:01+0000,1,0,,0,"['CVE-2022-40605', 'CVE-2022-40606']"
Live-Hack-CVE/CVE-2022-41302,An Out-Of-Bounds Read Vulnerability in Autodesk FBX SDK version 2020. and prior may lead to code execution or information disclosure through maliciously crafted FBX files. This vulnerability in conjunction with other vulnerabilities could lead to code exec,https://github.com/Live-Hack-CVE/CVE-2022-41302,['cve-2 OR cve_2'],1,2022-12-29T02:12:57+0000,1,0,,0,['CVE-2022-41302']
Live-Hack-CVE/CVE-2022-41303,"A user may be tricked into opening a malicious FBX file which may exploit a use-after-free vulnerability in Autodesk FBX SDK 2020 version causing the application to reference a memory location controlled by an unauthorized third party, thereby running arbi",https://github.com/Live-Hack-CVE/CVE-2022-41303,"['cve-2 OR cve_2', 'exploit']",2,2022-12-29T02:12:54+0000,1,0,,0,['CVE-2022-41303']
Live-Hack-CVE/CVE-2022-41308,A maliciously crafted PKT file when consumed through SubassemblyComposer.exe application could lead to memory corruption vulnerability by read access violation. This vulnerability in conjunction with other vulnerabilities could lead to code execution in th,https://github.com/Live-Hack-CVE/CVE-2022-41308,['cve-2 OR cve_2'],1,2022-12-29T02:12:51+0000,1,0,,0,['CVE-2022-41308']
Live-Hack-CVE/CVE-2022-35690,Adobe ColdFusion versions Update 14 (and earlier) and Update 4 (and earlier) are affected by a Stack-based Buffer Overflow vulnerability that could result in arbitrary code execution in the context of the current user. Exploitation of this issue does not r,https://github.com/Live-Hack-CVE/CVE-2022-35690,"['cve-2 OR cve_2', 'exploit']",2,2022-12-29T02:12:47+0000,1,0,,0,['CVE-2022-35690']
Live-Hack-CVE/CVE-2022-35689,Adobe Commerce versions 2.4.4-p1 (and earlier) and 2.4.5 (and earlier) are affected by an Improper Access Control vulnerability that could result in a Security feature bypass. An attacker could leverage this vulnerability to impact the availability of a us,https://github.com/Live-Hack-CVE/CVE-2022-35689,"['cve-2 OR cve_2', 'exploit']",2,2022-12-29T02:12:44+0000,1,0,,0,['CVE-2022-35689']
Live-Hack-CVE/CVE-2022-41307,A maliciously crafted PKT file when consumed through SubassemblyComposer.exe application could lead to memory corruption vulnerability by read access violation. This vulnerability in conjunction with other vulnerabilities could lead to code execution in th,https://github.com/Live-Hack-CVE/CVE-2022-41307,['cve-2 OR cve_2'],1,2022-12-29T02:12:41+0000,1,0,,0,['CVE-2022-41307']
Live-Hack-CVE/CVE-2022-41306,A maliciously crafted PCT file when consumed through DesignReview.exe application could lead to memory corruption vulnerability by write access violation. This vulnerability in conjunction with other vulnerabilities could lead to code execution in the cont,https://github.com/Live-Hack-CVE/CVE-2022-41306,['cve-2 OR cve_2'],1,2022-12-29T02:12:33+0000,1,0,,0,['CVE-2022-41306']
Live-Hack-CVE/CVE-2022-35691,Adobe Acrobat Reader versions 22.002.20212 (and earlier) and 20.005.30381 (and earlier) are affected by a NULL Pointer Dereference vulnerability. An unauthenticated attacker could leverage this vulnerability to achieve an application denial-of-service in t,https://github.com/Live-Hack-CVE/CVE-2022-35691,"['cve-2 OR cve_2', 'exploit']",2,2022-12-29T02:12:29+0000,3,0,,0,['CVE-2022-35691']
Live-Hack-CVE/CVE-2022-41304,An Out-Of-Bounds Write Vulnerability in Autodesk FBX SDK 2020 version and prior may lead to code execution through maliciously crafted FBX files or information disclosure. CVE project by @Sn0wAlice,https://github.com/Live-Hack-CVE/CVE-2022-41304,['cve-2 OR cve_2'],1,2022-12-29T02:12:26+0000,1,0,,0,['CVE-2022-41304']
Live-Hack-CVE/CVE-2022-31651,"In SoX 14.4.2, there is an assertion failure in rate_init in rate.c in libsox.a. CVE project by @Sn0wAlice",https://github.com/Live-Hack-CVE/CVE-2022-31651,['cve-2 OR cve_2'],1,2022-12-29T02:12:05+0000,1,0,,0,['CVE-2022-31651']
Live-Hack-CVE/CVE-2021-21263,"Laravel is a web application framework. Versions of Laravel before 6.20.11, 7.30.2 and 8.22.1 contain a query binding exploitation. This same exploit applies to the illuminate/database package which is used by Laravel. If a request is crafted where a field",https://github.com/Live-Hack-CVE/CVE-2021-21263,"['cve-2 OR cve_2', 'exploit']",2,2022-12-29T02:11:11+0000,3,0,,0,['CVE-2021-21263']
Live-Hack-CVE/CVE-2021-40416,An incorrect default permission vulnerability exists in the cgiserver.cgi cgi_check_ability functionality of reolink RLC-410W v3.0.0.136_20121102. All the Get APIs that are not included in cgi_check_ability are already executable by any logged-in users. An,https://github.com/Live-Hack-CVE/CVE-2021-40416,['cve-2 OR cve_2'],1,2022-12-29T02:12:02+0000,1,0,,0,['CVE-2021-40416']
Live-Hack-CVE/CVE-2021-35530,"A vulnerability in the application authentication and authorization mechanism in Hitachi Energy's TXpert Hub CoreTec 4, that depends on a token validation of the session identifier, allows an unauthorized modified message to be executed in the server enabl",https://github.com/Live-Hack-CVE/CVE-2021-35530,['cve-2 OR cve_2'],1,2022-12-29T02:11:58+0000,2,0,,0,['CVE-2021-35530']
Live-Hack-CVE/CVE-2022-26691,"A logic issue was addressed with improved state management. This issue is fixed in Security Update 2022-003 Catalina, macOS Monterey 12.3, macOS Big Sur 11.6.5. An application may be able to gain elevated privileges. CVE project by @Sn0wAlice",https://github.com/Live-Hack-CVE/CVE-2022-26691,['cve-2 OR cve_2'],1,2022-12-29T02:11:55+0000,5,0,,0,['CVE-2022-26691']
Live-Hack-CVE/CVE-2022-30787,An integer underflow in fuse_lib_readdir enables arbitrary memory read operations in NTFS-3G through 2021.8.22 when using libfuse-lite. CVE project by @Sn0wAlice,https://github.com/Live-Hack-CVE/CVE-2022-30787,['cve-2 OR cve_2'],1,2022-12-29T02:11:51+0000,2,0,,0,['CVE-2022-30787']
Live-Hack-CVE/CVE-2022-30785,"A file handle created in fuse_lib_opendir, and later used in fuse_lib_readdir, enables arbitrary memory read and write operations in NTFS-3G through 2021.8.22 when using libfuse-lite. CVE project by @Sn0wAlice",https://github.com/Live-Hack-CVE/CVE-2022-30785,['cve-2 OR cve_2'],1,2022-12-29T02:11:47+0000,2,0,,0,['CVE-2022-30785']
Live-Hack-CVE/CVE-2022-30783,An invalid return code in fuse_kern_mount enables intercepting of libfuse-lite protocol traffic between NTFS-3G and the kernel in NTFS-3G through 2021.8.22 when using libfuse-lite. CVE project by @Sn0wAlice,https://github.com/Live-Hack-CVE/CVE-2022-30783,['cve-2 OR cve_2'],1,2022-12-29T02:11:44+0000,2,0,,0,['CVE-2022-30783']
Live-Hack-CVE/CVE-2022-1348,"A vulnerability was found in logrotate in how the state file is created. The state file is used to prevent parallel executions of multiple instances of logrotate by acquiring and releasing a file lock. When the state file does not exist, it is created with",https://github.com/Live-Hack-CVE/CVE-2022-1348,['cve-2 OR cve_2'],1,2022-12-29T02:11:41+0000,2,0,,0,['CVE-2022-1348']
Live-Hack-CVE/CVE-2022-0494,A kernel information leak flaw was identified in the scsi_ioctl function in drivers/scsi/scsi_ioctl.c in the Linux kernel. This flaw allows a local attacker with a special user privilege (CAP_SYS_ADMIN or CAP_SYS_RAWIO) to create issues with confidentialit,https://github.com/Live-Hack-CVE/CVE-2022-0494,['cve-2 OR cve_2'],1,2022-12-29T02:11:38+0000,33,0,,0,['CVE-2022-0494']
Live-Hack-CVE/CVE-2022-27438,Caphyon Ltd Advanced Installer 19.3 and earlier and many products that use the updater from Advanced Installer (Advanced Updater) are affected by a remote code execution vulnerability via the CustomDetection parameter in the update check function. To explo,https://github.com/Live-Hack-CVE/CVE-2022-27438,"['cve-2 OR cve_2', 'exploit', 'remote code execution']",3,2022-12-29T02:11:34+0000,4,0,,0,['CVE-2022-27438']
Live-Hack-CVE/CVE-2021-45809,"GlobalProtect-openconnect versions prior to 1.4.3 are affected by incorrect access control in GPService through DBUS, GUI Application. The way GlobalProtect-Openconnect is set up enables arbitrary users to execute commands as root by submitting the `--scri",https://github.com/Live-Hack-CVE/CVE-2021-45809,['cve-2 OR cve_2'],1,2022-12-29T02:11:30+0000,1,0,,0,['CVE-2021-45809']
Live-Hack-CVE/CVE-2021-21235,"kamadak-exif is an exif parsing library written in pure Rust. In kamadak-exif version 0.5.2, there is an infinite loop in parsing crafted PNG files. Specifically, reader::read_from_container can cause an infinite loop when a crafted PNG file is given. This",https://github.com/Live-Hack-CVE/CVE-2021-21235,['cve-2 OR cve_2'],1,2022-12-29T02:11:26+0000,1,0,,0,['CVE-2021-21235']
Live-Hack-CVE/CVE-2021-21244,"OneDev is an all-in-one devops platform. In OneDev before version 4.0.3, There is a vulnerability that enabled pre-auth server side template injection via Bean validation message tampering. Full details in the reference GHSA. This issue was fixed in 4.0.3 ",https://github.com/Live-Hack-CVE/CVE-2021-21244,['cve-2 OR cve_2'],1,2022-12-29T02:11:23+0000,2,0,,0,['CVE-2021-21244']
Live-Hack-CVE/CVE-2021-21248,"OneDev is an all-in-one devops platform. In OneDev before version 4.0.3, there is a critical vulnerability involving the build endpoint parameters. InputSpec is used to define parameters of a Build spec. It does so by using dynamically generated Groovy cla",https://github.com/Live-Hack-CVE/CVE-2021-21248,['cve-2 OR cve_2'],1,2022-12-29T02:11:14+0000,2,0,,0,['CVE-2021-21248']
Live-Hack-CVE/CVE-2022-42169,Tenda AC10 V15.03.06.23 contains a Stack overflow vulnerability via /goform/addWifiMacFilter. CVE project by @Sn0wAlice,https://github.com/Live-Hack-CVE/CVE-2022-42169,['cve-2 OR cve_2'],1,2022-12-29T02:08:34+0000,1,0,,0,['CVE-2022-42169']
Live-Hack-CVE/CVE-2022-42165,Tenda AC10 V15.03.06.23 contains a Stack overflow vulnerability via /goform/formSetDeviceName. CVE project by @Sn0wAlice,https://github.com/Live-Hack-CVE/CVE-2022-42165,['cve-2 OR cve_2'],1,2022-12-29T02:08:31+0000,1,0,,0,['CVE-2022-42165']
Live-Hack-CVE/CVE-2022-42168,Tenda AC10 V15.03.06.23 contains a Stack overflow vulnerability via /goform/fromSetIpMacBind. CVE project by @Sn0wAlice,https://github.com/Live-Hack-CVE/CVE-2022-42168,['cve-2 OR cve_2'],1,2022-12-29T02:08:27+0000,1,0,,0,['CVE-2022-42168']
Live-Hack-CVE/CVE-2022-3421,"An attacker can pre-create the `/Applications/Google\ Drive.app/Contents/MacOS` directory which is expected to be owned by root to be owned by a non-root user. When the Drive for Desktop installer is run for the first time, it will place a binary in that d",https://github.com/Live-Hack-CVE/CVE-2022-3421,['cve-2 OR cve_2'],1,2022-12-29T01:34:48+0000,2,0,,0,['CVE-2022-3421']
Live-Hack-CVE/CVE-2022-0492,"A vulnerability was found in the Linux kernel’s cgroup_release_agent_write in the kernel/cgroup/cgroup-v1.c function. This flaw, under certain circumstances, allows the use of the cgroups v1 release_agent feature to escalate privileges and bypass the names",https://github.com/Live-Hack-CVE/CVE-2022-0492,['cve-2 OR cve_2'],1,2022-12-29T02:05:58+0000,0,0,,0,['CVE-2022-0492']
Live-Hack-CVE/CVE-2022-1055,A use-after-free exists in the Linux Kernel in tc_new_tfilter that could allow a local attacker to gain privilege escalation. The exploit requires unprivileged user namespaces. We recommend upgrading past commit 04c2a47ffb13c29778e2a14e414ad4cb5a5db4b5 CVE,https://github.com/Live-Hack-CVE/CVE-2022-1055,"['cve-2 OR cve_2', 'exploit']",2,2022-12-29T02:05:33+0000,7,0,,0,['CVE-2022-1055']
Live-Hack-CVE/CVE-2022-1116,Integer Overflow or Wraparound vulnerability in io_uring of Linux Kernel allows local attacker to cause memory corruption and escalate privileges to root. This issue affects: Linux Kernel versions prior to 5.4.189; version 5.4.24 and later versions. CVE pr,https://github.com/Live-Hack-CVE/CVE-2022-1116,['cve-2 OR cve_2'],1,2022-12-29T02:05:29+0000,2,0,,0,['CVE-2022-1116']
Live-Hack-CVE/CVE-2022-1631,"Users Account Pre-Takeover or Users Account Takeover. in GitHub repository microweber/microweber prior to 1.2.15. Victim Account Take Over. Since, there is no email confirmation, an attacker can easily create an account in the application using the Victim’",https://github.com/Live-Hack-CVE/CVE-2022-1631,['cve-2 OR cve_2'],1,2022-12-29T02:05:26+0000,0,0,,0,['CVE-2022-1631']
Live-Hack-CVE/CVE-2022-2884,"A vulnerability in GitLab CE/EE affecting all versions from 11.3.4 prior to 15.1.5, 15.2 to 15.2.3, 15.3 to 15.3 to 15.3.1 allows an an authenticated user to achieve remote code execution via the Import from GitHub API endpoint CVE project by @Sn0wAlice",https://github.com/Live-Hack-CVE/CVE-2022-2884,"['cve-2 OR cve_2', 'remote code execution']",2,2022-12-29T02:05:22+0000,7,0,,0,['CVE-2022-2884']
Live-Hack-CVE/CVE-2022-21820,"NVIDIA DCGM contains a vulnerability in nvhostengine, where a network user can cause detection of error conditions without action, which may lead to limited code execution, some denial of service, escalation of privileges, and limited impacts to both data ",https://github.com/Live-Hack-CVE/CVE-2022-21820,['cve-2 OR cve_2'],1,2022-12-29T02:05:19+0000,1,0,,0,['CVE-2022-21820']
Live-Hack-CVE/CVE-2022-29298,SolarView Compact ver.6.00 allows attackers to access sensitive files via directory traversal. CVE project by @Sn0wAlice,https://github.com/Live-Hack-CVE/CVE-2022-29298,['cve-2 OR cve_2'],1,2022-12-29T02:05:16+0000,1,0,,0,['CVE-2022-29298']
Live-Hack-CVE/CVE-2022-3368,"A vulnerability within the Software Updater functionality of Avira Security for Windows allowed an attacker with write access to the filesystem, to escalate his privileges in certain scenarios. The issue was fixed with Avira Security version 1.1.72.30556. ",https://github.com/Live-Hack-CVE/CVE-2022-3368,['cve-2 OR cve_2'],1,2022-12-29T02:05:11+0000,1,0,,0,['CVE-2022-3368']
Live-Hack-CVE/CVE-2022-38743,"Rockwell Automation FactoryTalk VantagePoint versions 8.0, 8.10, 8.20, 8.30, 8.31 are vulnerable to an improper access control vulnerability. The FactoryTalk VantagePoint SQL Server account could allow a malicious user with read-only privileges to execute ",https://github.com/Live-Hack-CVE/CVE-2022-38743,"['cve-2 OR cve_2', 'exploit']",2,2022-12-29T02:05:07+0000,1,0,,0,['CVE-2022-38743']
Live-Hack-CVE/CVE-2022-3517,"A vulnerability was found in the minimatch package. This flaw allows a Regular Expression Denial of Service (ReDoS) when calling the braceExpand function with specific arguments, resulting in a Denial of Service. CVE project by @Sn0wAlice",https://github.com/Live-Hack-CVE/CVE-2022-3517,['cve-2 OR cve_2'],1,2022-12-29T02:05:04+0000,1,0,,0,['CVE-2022-3517']
Live-Hack-CVE/CVE-2022-2630,"An improper access control issue in GitLab CE/EE affecting all versions starting from 15.2 before 15.2.4, all versions from 15.3 before 15.3.2 allows disclosure of confidential information via the Incident timeline events. CVE project by @Sn0wAlice",https://github.com/Live-Hack-CVE/CVE-2022-2630,['cve-2 OR cve_2'],1,2022-12-29T02:05:00+0000,1,0,,0,['CVE-2022-2630']
Live-Hack-CVE/CVE-2022-2592,"A lack of length validation in Snippet descriptions in GitLab CE/EE affecting all versions prior to 15.1.6, 15.2 prior to 15.2.4 and 15.3 prior to 15.3.2 allows an authenticated attacker to create a maliciously large Snippet which when requested with or wi",https://github.com/Live-Hack-CVE/CVE-2022-2592,['cve-2 OR cve_2'],1,2022-12-29T01:34:55+0000,17,0,,0,['CVE-2022-2592']
Live-Hack-CVE/CVE-2022-2527,"An issue in Incident Timelines has been discovered in GitLab CE/EE affecting all versions starting from 14.9 before 15.1.6, all versions starting from 15.2 before 15.2.4, all versions starting from 15.3 before 15.3.2.which allowed an authenticated attacker",https://github.com/Live-Hack-CVE/CVE-2022-2527,['cve-2 OR cve_2'],1,2022-12-29T01:34:52+0000,1,0,,0,['CVE-2022-2527']
Live-Hack-CVE/CVE-2017-2601,"Jenkins before versions 2.44, 2.32.2 is vulnerable to a persisted cross-site scripting in parameter names and descriptions (SECURITY-353). Users with the permission to configure jobs were able to inject JavaScript into parameter names and descriptions. CVE",https://github.com/Live-Hack-CVE/CVE-2017-2601,['cve-2 OR cve_2'],1,2022-12-29T01:34:45+0000,11,0,,0,['CVE-2017-2601']
Live-Hack-CVE/CVE-2022-2931,"A potential DOS vulnerability was discovered in GitLab CE/EE affecting all versions before 15.1.6, all versions starting from 15.2 before 15.2.4, all versions starting from 15.3 before 15.3.2. Malformed content added to the issue description could have bee",https://github.com/Live-Hack-CVE/CVE-2022-2931,['cve-2 OR cve_2'],1,2022-12-29T02:06:06+0000,17,0,,0,['CVE-2022-2931']
Live-Hack-CVE/CVE-2022-2455,"A business logic issue in the handling of large repositories in all versions of GitLab CE/EE from 10.0 before 15.1.6, all versions starting from 15.2 before 15.2.4, all versions starting from 15.3 before 15.3.2 allowed an authenticated and authorized user ",https://github.com/Live-Hack-CVE/CVE-2022-2455,['cve-2 OR cve_2'],1,2022-12-29T01:34:41+0000,10,0,,0,['CVE-2022-2455']
Live-Hack-CVE/CVE-2022-2428,"A crafted tag in the Jupyter Notebook viewer in GitLab EE/CE affecting all versions before 15.1.6, 15.2 to 15.2.4, and 15.3 to 15.3.2 allows an attacker to issue arbitrary HTTP requests CVE project by @Sn0wAlice",https://github.com/Live-Hack-CVE/CVE-2022-2428,['cve-2 OR cve_2'],1,2022-12-29T01:34:38+0000,16,0,,0,['CVE-2022-2428']
Live-Hack-CVE/CVE-2021-39880,"A Denial Of Service vulnerability in the apollo_upload_server Ruby gem in GitLab CE/EE all versions starting from 11.9 before 14.0.9, all versions starting from 14.1 before 14.1.4, and all versions starting from 14.2 before 14.2.2 allows an attacker to den",https://github.com/Live-Hack-CVE/CVE-2021-39880,['cve-2 OR cve_2'],1,2022-12-29T01:34:34+0000,5,0,,0,['CVE-2021-39880']
Live-Hack-CVE/CVE-2022-29581,Improper Update of Reference Count vulnerability in net/sched of Linux Kernel allows local attacker to cause privilege escalation to root. This issue affects: Linux Kernel versions prior to 5.18; version 4.14 and later versions. CVE project by @Sn0wAlice,https://github.com/Live-Hack-CVE/CVE-2022-29581,['cve-2 OR cve_2'],1,2022-12-29T01:34:03+0000,13,0,,0,['CVE-2022-29581']
Live-Hack-CVE/CVE-2022-30525,"A OS command injection vulnerability in the CGI program of Zyxel USG FLEX 100(W) firmware versions 5.00 through 5.21 Patch 1, USG FLEX 200 firmware versions 5.00 through 5.21 Patch 1, USG FLEX 500 firmware versions 5.00 through 5.21 Patch 1, USG FLEX 700 f",https://github.com/Live-Hack-CVE/CVE-2022-30525,"['command injection', 'cve-2 OR cve_2']",2,2022-12-29T01:33:59+0000,2,0,,0,['CVE-2022-30525']
Live-Hack-CVE/CVE-2020-26247,"Nokogiri is a Rubygem providing HTML, XML, SAX, and Reader parsers with XPath and CSS selector support. In Nokogiri before version 1.11.0.rc4 there is an XXE vulnerability. XML Schemas parsed by Nokogiri::XML::Schema are trusted by default, allowing extern",https://github.com/Live-Hack-CVE/CVE-2020-26247,['cve-2 OR cve_2'],1,2022-12-29T01:33:56+0000,3,0,,0,['CVE-2020-26247']
Live-Hack-CVE/CVE-2019-15961,"A vulnerability in the email parsing module Clam AntiVirus (ClamAV) Software versions 0.102.0, 0.101.4 and prior could allow an unauthenticated, remote attacker to cause a denial of service condition on an affected device. The vulnerability is due to ineff",https://github.com/Live-Hack-CVE/CVE-2019-15961,['cve-2 OR cve_2'],1,2022-12-29T01:33:52+0000,3,0,,0,['CVE-2019-15961']
Live-Hack-CVE/CVE-2021-36833,Authenticated (admin or higher user role) Stored Cross-Site Scripting (XSS) vulnerability in ibericode's MC4WP plugin <= 4.8.6 at WordPress. CVE project by @Sn0wAlice,https://github.com/Live-Hack-CVE/CVE-2021-36833,['cve-2 OR cve_2'],1,2022-12-29T01:33:49+0000,2,0,,0,['CVE-2021-36833']
Live-Hack-CVE/CVE-2021-21264,"October is a free, open-source, self-hosted CMS platform based on the Laravel PHP Framework. A bypass of CVE-2020-26231 (fixed in 1.0.470/471 and 1.1.1) was discovered that has the same impact as CVE-2020-26231 & CVE-2020-15247. An authenticated backend us",https://github.com/Live-Hack-CVE/CVE-2021-21264,['cve-2 OR cve_2'],1,2022-12-29T01:33:45+0000,4,0,,0,"['CVE-2020-15247', 'CVE-2020-26231', 'CVE-2021-21264']"
Live-Hack-CVE/CVE-2020-8973,"ZGR TPS200 NG in its 2.00 firmware version and 1.01 hardware version, does not properly accept specially constructed requests. This allows an attacker with access to the network where the affected asset is located, to operate and change several parameters ",https://github.com/Live-Hack-CVE/CVE-2020-8973,['cve-2 OR cve_2'],1,2022-12-29T01:33:42+0000,1,0,,0,['CVE-2020-8973']
Live-Hack-CVE/CVE-2021-21277,"angular-expressions is ""angular's nicest part extracted as a standalone module for the browser and node"". In angular-expressions before version 1.1.2 there is a vulnerability which allows Remote Code Execution if you call ""expressions.compile(userControlle",https://github.com/Live-Hack-CVE/CVE-2021-21277,"['cve-2 OR cve_2', 'remote code execution']",2,2022-12-29T01:33:39+0000,2,0,,0,['CVE-2021-21277']
Live-Hack-CVE/CVE-2022-42147,kkFileView 4.0 is vulnerable to Cross Site Scripting (XSS) via controller\ Filecontroller.java. CVE project by @Sn0wAlice,https://github.com/Live-Hack-CVE/CVE-2022-42147,['cve-2 OR cve_2'],1,2022-12-29T01:33:35+0000,1,0,,0,['CVE-2022-42147']
Live-Hack-CVE/CVE-2022-32239,"When a user opens manipulated JPEG 2000 (.jp2, jp2k.x3d) files received from untrusted sources in SAP 3D Visual Enterprise Viewer, the application crashes and becomes temporarily unavailable to the user until restart of the application. CVE project by @Sn0",https://github.com/Live-Hack-CVE/CVE-2022-32239,['cve-2 OR cve_2'],1,2022-12-29T01:33:32+0000,1,0,,0,['CVE-2022-32239']
Live-Hack-CVE/CVE-2022-2865,"A cross-site scripting issue has been discovered in GitLab CE/EE affecting all versions before 15.1.6, 15.2 to 15.2.4 and 15.3 prior to 15.3.2. It was possible to exploit a vulnerability in setting the labels colour feature which could lead to a stored XSS",https://github.com/Live-Hack-CVE/CVE-2022-2865,"['cve-2 OR cve_2', 'exploit']",2,2022-12-29T02:06:02+0000,11,0,,0,['CVE-2022-2865']
Live-Hack-CVE/CVE-2020-26868,ARC Informatique PcVue prior to version 12.0.17 is vulnerable to a denial-of-service attack due to the ability of an unauthorized user to modify information used to validate messages sent by legitimate web clients. This issue also affects third-party syste,https://github.com/Live-Hack-CVE/CVE-2020-26868,['cve-2 OR cve_2'],1,2022-12-29T02:06:09+0000,1,0,,0,['CVE-2020-26868']
Live-Hack-CVE/CVE-2022-42167,Tenda AC10 V15.03.06.23 contains a Stack overflow vulnerability via /goform/formSetFirewallCfg. CVE project by @Sn0wAlice,https://github.com/Live-Hack-CVE/CVE-2022-42167,['cve-2 OR cve_2'],1,2022-12-29T02:08:24+0000,1,0,,0,['CVE-2022-42167']
Live-Hack-CVE/CVE-2020-11208,"Out of Bound issue in DSP services while processing received arguments due to improper validation of length received as an argument' in SD820, SD821, SD820, QCS603, QCS605, SDA855, SA6155P, SA6145P, SA6155, SA6155P, SD855, SD 675, SD660, SD429, SD439 CVE p",https://github.com/Live-Hack-CVE/CVE-2020-11208,['cve-2 OR cve_2'],1,2022-12-29T02:07:05+0000,1,0,,0,['CVE-2020-11208']
Live-Hack-CVE/CVE-2022-42166,Tenda AC10 V15.03.06.23 contains a Stack overflow vulnerability via /goform/formSetSpeedWan. CVE project by @Sn0wAlice,https://github.com/Live-Hack-CVE/CVE-2022-42166,['cve-2 OR cve_2'],1,2022-12-29T02:08:20+0000,1,0,,0,['CVE-2022-42166']
Live-Hack-CVE/CVE-2022-3067,"An issue has been discovered in the Import functionality of GitLab CE/EE affecting all versions starting from 14.4 before 15.2.5, all versions starting from 15.3 before 15.3.4, all versions starting from 15.4 before 15.4.1. It was possible for an authentic",https://github.com/Live-Hack-CVE/CVE-2022-3067,['cve-2 OR cve_2'],1,2022-12-29T02:08:17+0000,2,0,,0,['CVE-2022-3067']
Live-Hack-CVE/CVE-2022-42164,Tenda AC10 V15.03.06.23 contains a Stack overflow vulnerability via /goform/formSetClientState. CVE project by @Sn0wAlice,https://github.com/Live-Hack-CVE/CVE-2022-42164,['cve-2 OR cve_2'],1,2022-12-29T02:08:13+0000,1,0,,0,['CVE-2022-42164']
Live-Hack-CVE/CVE-2022-42163,Tenda AC10 V15.03.06.23 contains a Stack overflow vulnerability via /goform/fromNatStaticSetting. CVE project by @Sn0wAlice,https://github.com/Live-Hack-CVE/CVE-2022-42163,['cve-2 OR cve_2'],1,2022-12-29T02:08:10+0000,1,0,,0,['CVE-2022-42163']
Live-Hack-CVE/CVE-2022-41498,Billing System Project v1.0 was discovered to contain a SQL injection vulnerability via the id parameter at /phpinventory/editbrand.php. CVE project by @Sn0wAlice,https://github.com/Live-Hack-CVE/CVE-2022-41498,['cve-2 OR cve_2'],1,2022-12-29T02:07:57+0000,1,0,,0,['CVE-2022-41498']
Live-Hack-CVE/CVE-2022-41542,devhub 0.102.0 was discovered to contain a broken session control. CVE project by @Sn0wAlice,https://github.com/Live-Hack-CVE/CVE-2022-41542,['cve-2 OR cve_2'],1,2022-12-29T02:07:54+0000,1,0,,0,['CVE-2022-41542']
Live-Hack-CVE/CVE-2022-42154,An arbitrary file upload vulnerability in the component /apiadmin/upload/attach of 74cmsSE v3.13.0 allows attackers to execute arbitrary code via a crafted PHP file. CVE project by @Sn0wAlice,https://github.com/Live-Hack-CVE/CVE-2022-42154,['cve-2 OR cve_2'],1,2022-12-29T02:07:50+0000,1,0,,0,['CVE-2022-42154']
Live-Hack-CVE/CVE-2022-22968,"In Spring Framework versions 5.3.0 - 5.3.18, 5.2.0 - 5.2.20, and older unsupported versions, the patterns for disallowedFields on a DataBinder are case sensitive which means a field is not effectively protected unless it is listed with both upper and lower",https://github.com/Live-Hack-CVE/CVE-2022-22968,['cve-2 OR cve_2'],1,2022-12-29T02:07:47+0000,4,0,,0,['CVE-2022-22968']
Live-Hack-CVE/CVE-2022-3031,"An issue has been discovered in GitLab CE/EE affecting all versions before 15.1.6, all versions starting from 15.2 before 15.2.4, all versions starting from 15.3 before 15.3.2. It may be possible for an attacker to guess a user's password by brute force by",https://github.com/Live-Hack-CVE/CVE-2022-3031,['cve-2 OR cve_2'],1,2022-12-29T02:07:44+0000,17,0,,0,['CVE-2022-3031']
Live-Hack-CVE/CVE-2021-4157,"An out of memory bounds write flaw (1 or 2 bytes of memory) in the Linux kernel NFS subsystem was found in the way users use mirroring (replication of files with NFS). A user, having access to the NFS mount, could potentially use this flaw to crash the sys",https://github.com/Live-Hack-CVE/CVE-2021-4157,['cve-2 OR cve_2'],1,2022-12-29T02:07:40+0000,32,0,,0,['CVE-2021-4157']
Live-Hack-CVE/CVE-2022-0435,A stack overflow flaw was found in the Linux kernel's TIPC protocol functionality in the way a user sends a packet with malicious content where the number of domain member nodes is higher than the 64 allowed. This flaw allows a remote user to crash the sys,https://github.com/Live-Hack-CVE/CVE-2022-0435,['cve-2 OR cve_2'],1,2022-12-29T02:07:36+0000,34,0,,0,['CVE-2022-0435']
Live-Hack-CVE/CVE-2021-46669,MariaDB through 10.5.9 allows attackers to trigger a convert_const_to_int use-after-free when the BIGINT data type is used. CVE project by @Sn0wAlice,https://github.com/Live-Hack-CVE/CVE-2021-46669,['cve-2 OR cve_2'],1,2022-12-29T02:07:33+0000,3,0,,0,['CVE-2021-46669']
Live-Hack-CVE/CVE-2022-26889,"In Splunk Enterprise versions before 8.1.2, the uri path to load a relative resource within a web page is vulnerable to path traversal. It allows an attacker to potentially inject arbitrary content into the web page (e.g., HTML Injection, XSS) or bypass SP",https://github.com/Live-Hack-CVE/CVE-2022-26889,"['command injection', 'cve-2 OR cve_2']",2,2022-12-29T02:07:29+0000,1,0,,0,['CVE-2022-26889']
Live-Hack-CVE/CVE-2022-1434,The OpenSSL 3.0 implementation of the RC4-MD5 ciphersuite incorrectly uses the AAD data as the MAC key. This makes the MAC key trivially predictable. An attacker could exploit this issue by performing a man-in-the-middle attack to modify data being sent fr,https://github.com/Live-Hack-CVE/CVE-2022-1434,"['cve-2 OR cve_2', 'exploit']",2,2022-12-29T02:07:01+0000,4,0,,0,['CVE-2022-1434']
Live-Hack-CVE/CVE-2022-2908,"A potential DoS vulnerability was discovered in Gitlab CE/EE versions starting from 10.7 before 15.1.5, all versions starting from 15.2 before 15.2.3, all versions starting from 15.3 before 15.3.1 allowed an attacker to trigger high CPU usage via a special",https://github.com/Live-Hack-CVE/CVE-2022-2908,['cve-2 OR cve_2'],1,2022-12-29T02:06:13+0000,8,0,,0,['CVE-2022-2908']
Live-Hack-CVE/CVE-2020-11207,"Buffer overflow in LibFastCV library due to improper size checks with respect to buffer length' in Snapdragon Auto, Snapdragon Compute, Snapdragon Consumer IOT, Snapdragon Industrial IOT, Snapdragon Mobile in APQ8052, APQ8056, APQ8076, APQ8096, APQ8096SG, ",https://github.com/Live-Hack-CVE/CVE-2020-11207,['cve-2 OR cve_2'],1,2022-12-29T02:06:58+0000,2,0,,0,['CVE-2020-11207']
Live-Hack-CVE/CVE-2020-27387,"An unrestricted file upload issue in HorizontCMS through 1.0.0-beta allows an authenticated remote attacker (with access to the FileManager) to upload and execute arbitrary PHP code by uploading a PHP payload, and then using the FileManager's rename functi",https://github.com/Live-Hack-CVE/CVE-2020-27387,['cve-2 OR cve_2'],1,2022-12-29T02:06:54+0000,2,0,,0,['CVE-2020-27387']
Live-Hack-CVE/CVE-2022-2533,"An issue has been discovered in GitLab affecting all versions starting from 12.10 before 15.1.6, all versions starting from 15.2 before 15.2.4, all versions starting from 15.3 before 15.3.2. GitLab was not performing correct authentication with some Packag",https://github.com/Live-Hack-CVE/CVE-2022-2533,['cve-2 OR cve_2'],1,2022-12-29T02:06:51+0000,4,0,,0,['CVE-2022-2533']
Live-Hack-CVE/CVE-2022-3030,"An improper access control issue in GitLab CE/EE affecting all versions starting before 15.1.6, all versions from 15.2 before 15.2.4, all versions from 15.3 before 15.3.2 allows disclosure of pipeline status to unauthorized users. CVE project by @Sn0wAlice",https://github.com/Live-Hack-CVE/CVE-2022-3030,['cve-2 OR cve_2'],1,2022-12-29T02:06:48+0000,17,0,,0,['CVE-2022-3030']
Live-Hack-CVE/CVE-2022-3060,Improper control of a resource identifier in Error Tracking in GitLab CE/EE affecting all versions from 12.7 allows an authenticated attacker to generate content which could cause a victim to make unintended arbitrary requests CVE project by @Sn0wAlice,https://github.com/Live-Hack-CVE/CVE-2022-3060,['cve-2 OR cve_2'],1,2022-12-29T02:06:44+0000,14,0,,0,['CVE-2022-3060']
Live-Hack-CVE/CVE-2020-7758,This affects versions of package browserless-chrome before 1.40.2-chrome-stable. User input flowing from the workspace endpoint gets used to create a file path filePath and this is fetched and then sent back to a user. This can be escaped to fetch arbitrar,https://github.com/Live-Hack-CVE/CVE-2020-7758,['cve-2 OR cve_2'],1,2022-12-29T02:06:40+0000,2,0,,0,['CVE-2020-7758']
Live-Hack-CVE/CVE-2022-39310,"GoCD is a continuous delivery server. GoCD helps you automate and streamline the build-test-release cycle for continuous delivery of your product. GoCD versions prior to 21.1.0 can allow one authenticated agent to impersonate another agent, and thus receiv",https://github.com/Live-Hack-CVE/CVE-2022-39310,['cve-2 OR cve_2'],1,2022-12-29T02:06:37+0000,2,0,,0,['CVE-2022-39310']
Live-Hack-CVE/CVE-2020-11206,"Possible buffer overflow in Fastrpc while handling received parameters due to lack of validation on input parameters' in Snapdragon Auto, Snapdragon Compute, Snapdragon Consumer IOT, Snapdragon Industrial IOT, Snapdragon Mobile in APQ8098, MSM8998, QCM4290",https://github.com/Live-Hack-CVE/CVE-2020-11206,['cve-2 OR cve_2'],1,2022-12-29T02:06:34+0000,2,0,,0,['CVE-2020-11206']
Live-Hack-CVE/CVE-2022-39311,GoCD is a continuous delivery server. GoCD helps you automate and streamline the build-test-release cycle for continuous delivery of your product. GoCD versions prior to 21.1.0 are vulnerable to remote code execution on the server from a malicious or compr,https://github.com/Live-Hack-CVE/CVE-2022-39311,"['cve-2 OR cve_2', 'remote code execution']",2,2022-12-29T02:06:30+0000,2,0,,0,['CVE-2022-39311']
Live-Hack-CVE/CVE-2020-28041,"The SIP ALG implementation on NETGEAR Nighthawk R7000 1.0.9.64_10.2.64 devices allows remote attackers to communicate with arbitrary TCP and UDP services on a victim's intranet machine, if the victim visits an attacker-controlled web site with a modern bro",https://github.com/Live-Hack-CVE/CVE-2020-28041,['cve-2 OR cve_2'],1,2022-12-29T02:06:26+0000,2,0,,0,['CVE-2020-28041']
Live-Hack-CVE/CVE-2020-1686,"On Juniper Networks Junos OS devices, receipt of a malformed IPv6 packet may cause the system to crash and restart (vmcore). This issue can be trigged by a malformed IPv6 packet destined to the Routing Engine. An attacker can repeatedly send the offending ",https://github.com/Live-Hack-CVE/CVE-2020-1686,['cve-2 OR cve_2'],1,2022-12-29T02:06:23+0000,2,0,,0,['CVE-2020-1686']
Live-Hack-CVE/CVE-2022-3552,Unrestricted Upload of File with Dangerous Type in GitHub repository boxbilling/boxbilling prior to 0.0.1. CVE project by @Sn0wAlice,https://github.com/Live-Hack-CVE/CVE-2022-3552,['cve-2 OR cve_2'],1,2022-12-29T02:06:19+0000,1,0,,0,['CVE-2022-3552']
Live-Hack-CVE/CVE-2020-26867,"ARC Informatique PcVue prior to version 12.0.17 is vulnerable due to the deserialization of untrusted data, which may allow an attacker to remotely execute arbitrary code on the web and mobile back-end server. CVE project by @Sn0wAlice",https://github.com/Live-Hack-CVE/CVE-2020-26867,['cve-2 OR cve_2'],1,2022-12-29T02:06:16+0000,1,0,,0,['CVE-2020-26867']
Live-Hack-CVE/CVE-2022-3543,"A vulnerability, which was classified as problematic, has been found in Linux Kernel. This issue affects the function unix_sock_destructor/unix_release_sock of the file net/unix/af_unix.c of the component BPF. The manipulation leads to memory leak. It is r",https://github.com/Live-Hack-CVE/CVE-2022-3543,['cve-2 OR cve_2'],1,2022-12-29T02:13:15+0000,34,0,,0,['CVE-2022-3543']
Live-Hack-CVE/CVE-2022-0699,A double-free condition exists in contrib/shpsort.c of shapelib 1.5.0 and older releases. This issue may allow an attacker to cause a denial of service or have other unspecified impact via control over malloc. CVE project by @Sn0wAlice,https://github.com/Live-Hack-CVE/CVE-2022-0699,['cve-2 OR cve_2'],1,2022-12-29T02:13:21+0000,1,0,,0,['CVE-2022-0699']
Live-Hack-CVE/CVE-2022-41589,The DFX unwind stack module of the ArkCompiler has a vulnerability in interface calling.Successful exploitation of this vulnerability affects system services and device availability. CVE project by @Sn0wAlice,https://github.com/Live-Hack-CVE/CVE-2022-41589,"['cve-2 OR cve_2', 'exploit']",2,2022-12-29T02:52:53+0000,1,0,,0,['CVE-2022-41589']
Live-Hack-CVE/CVE-2022-41139,"MITRE CALDERA 4.1.0 allows stored XSS via app.contact.gist (aka the gist contact configuration field), leading to execution of arbitrary commands on agents. CVE project by @Sn0wAlice",https://github.com/Live-Hack-CVE/CVE-2022-41139,['cve-2 OR cve_2'],1,2022-12-29T02:13:25+0000,1,0,,0,['CVE-2022-41139']
Live-Hack-CVE/CVE-2022-39126,"In sensor driver, there is a possible out of bounds write due to a missing bounds check. This could lead to local denial of service in kernel. CVE project by @Sn0wAlice",https://github.com/Live-Hack-CVE/CVE-2022-39126,['cve-2 OR cve_2'],1,2022-12-29T02:50:36+0000,1,0,,0,['CVE-2022-39126']
Live-Hack-CVE/CVE-2022-39125,"In sensor driver, there is a possible out of bounds write due to a missing bounds check. This could lead to local denial of service in kernel. CVE project by @Sn0wAlice",https://github.com/Live-Hack-CVE/CVE-2022-39125,['cve-2 OR cve_2'],1,2022-12-29T02:50:32+0000,1,0,,0,['CVE-2022-39125']
Live-Hack-CVE/CVE-2022-39124,"In sensor driver, there is a possible out of bounds write due to a missing bounds check. This could lead to local denial of service in kernel. CVE project by @Sn0wAlice",https://github.com/Live-Hack-CVE/CVE-2022-39124,['cve-2 OR cve_2'],1,2022-12-29T02:50:29+0000,1,0,,0,['CVE-2022-39124']
Live-Hack-CVE/CVE-2022-39123,"In sensor driver, there is a possible out of bounds write due to a missing bounds check. This could lead to local denial of service in kernel. CVE project by @Sn0wAlice",https://github.com/Live-Hack-CVE/CVE-2022-39123,['cve-2 OR cve_2'],1,2022-12-29T02:50:25+0000,1,0,,0,['CVE-2022-39123']
Live-Hack-CVE/CVE-2022-39109,"In Music service, there is a missing permission check. This could lead to elevation of privilege in Music service with no additional execution privileges needed. CVE project by @Sn0wAlice",https://github.com/Live-Hack-CVE/CVE-2022-39109,['cve-2 OR cve_2'],1,2022-12-29T02:50:22+0000,1,0,,0,['CVE-2022-39109']
Live-Hack-CVE/CVE-2022-39122,"In sensor driver, there is a possible out of bounds write due to a missing bounds check. This could lead to local denial of service in kernel. CVE project by @Sn0wAlice",https://github.com/Live-Hack-CVE/CVE-2022-39122,['cve-2 OR cve_2'],1,2022-12-29T02:50:00+0000,1,0,,0,['CVE-2022-39122']
Live-Hack-CVE/CVE-2022-39111,"In Music service, there is a missing permission check. This could lead to elevation of privilege in Music service with no additional execution privileges needed. CVE project by @Sn0wAlice",https://github.com/Live-Hack-CVE/CVE-2022-39111,['cve-2 OR cve_2'],1,2022-12-29T02:49:56+0000,1,0,,0,['CVE-2022-39111']
Live-Hack-CVE/CVE-2022-39121,"In sensor driver, there is a possible out of bounds write due to a missing bounds check. This could lead to local denial of service in kernel. CVE project by @Sn0wAlice",https://github.com/Live-Hack-CVE/CVE-2022-39121,['cve-2 OR cve_2'],1,2022-12-29T02:49:53+0000,1,0,,0,['CVE-2022-39121']
Live-Hack-CVE/CVE-2022-41416,Online Tours & Travels Management System v1.0 was discovered to contain a SQL injection vulnerability via the id parameter at /user/update_booking.php. CVE project by @Sn0wAlice,https://github.com/Live-Hack-CVE/CVE-2022-41416,['cve-2 OR cve_2'],1,2022-12-29T02:49:49+0000,1,0,,0,['CVE-2022-41416']
Live-Hack-CVE/CVE-2022-2984,"In jpg driver, there is a possible out of bounds write due to a missing bounds check. This could lead to local denial of service in kernel. CVE project by @Sn0wAlice",https://github.com/Live-Hack-CVE/CVE-2022-2984,['cve-2 OR cve_2'],1,2022-12-29T02:49:46+0000,1,0,,0,['CVE-2022-2984']
Live-Hack-CVE/CVE-2021-46840,"The HW_KEYMASTER module has an out-of-bounds access vulnerability in parameter set verification.Successful exploitation of this vulnerability may cause malicious construction of data, which results in out-of-bounds access. CVE project by @Sn0wAlice",https://github.com/Live-Hack-CVE/CVE-2021-46840,"['cve-2 OR cve_2', 'exploit']",2,2022-12-29T02:49:43+0000,1,0,,0,['CVE-2021-46840']
Live-Hack-CVE/CVE-2022-38672,"In face detect driver, there is a possible out of bounds write due to a missing bounds check. This could lead to local denial of service in kernel. CVE project by @Sn0wAlice",https://github.com/Live-Hack-CVE/CVE-2022-38672,['cve-2 OR cve_2'],1,2022-12-29T02:49:39+0000,1,0,,0,['CVE-2022-38672']
Live-Hack-CVE/CVE-2022-2256,"A Stored Cross-site scripting (XSS) vulnerability was found in keycloak as shipped in Red Hat Single Sign-On 7. This flaw allows a privileged attacker to execute malicious scripts in the admin console, abusing the default roles functionality. CVE project b",https://github.com/Live-Hack-CVE/CVE-2022-2256,['cve-2 OR cve_2'],1,2022-12-29T02:49:36+0000,1,0,,0,['CVE-2022-2256']
Live-Hack-CVE/CVE-2022-41623,Sensitive Data Exposure in Villatheme ALD - AliExpress Dropshipping and Fulfillment for WooCommerce premium plugin <= 1.1.0 on WordPress. CVE project by @Sn0wAlice,https://github.com/Live-Hack-CVE/CVE-2022-41623,['cve-2 OR cve_2'],1,2022-12-29T02:49:32+0000,1,0,,0,['CVE-2022-41623']
Live-Hack-CVE/CVE-2022-38673,"In face detect driver, there is a possible out of bounds write due to a missing bounds check. This could lead to local denial of service in kernel. CVE project by @Sn0wAlice",https://github.com/Live-Hack-CVE/CVE-2022-38673,['cve-2 OR cve_2'],1,2022-12-29T02:49:29+0000,1,0,,0,['CVE-2022-38673']
Live-Hack-CVE/CVE-2022-38676,"In gpu driver, there is a possible out of bounds write due to a missing bounds check. This could lead to local denial of service in kernel. CVE project by @Sn0wAlice",https://github.com/Live-Hack-CVE/CVE-2022-38676,['cve-2 OR cve_2'],1,2022-12-29T02:49:25+0000,1,0,,0,['CVE-2022-38676']
Live-Hack-CVE/CVE-2022-0023,An improper handling of exceptional conditions vulnerability exists in the DNS proxy feature of Palo Alto Networks PAN-OS software that enables a meddler-in-the-middle (MITM) to send specifically crafted traffic to the firewall that causes the service to r,https://github.com/Live-Hack-CVE/CVE-2022-0023,['cve-2 OR cve_2'],1,2022-12-29T02:49:22+0000,2,0,,0,['CVE-2022-0023']
Live-Hack-CVE/CVE-2022-24373,The package react-native-reanimated before 3.0.0-rc.1 are vulnerable to Regular Expression Denial of Service (ReDoS) due to improper usage of regular expression in the parser of Colors.js. CVE project by @Sn0wAlice,https://github.com/Live-Hack-CVE/CVE-2022-24373,['cve-2 OR cve_2'],1,2022-12-29T02:49:18+0000,2,0,,0,['CVE-2022-24373']
Live-Hack-CVE/CVE-2022-38679,"In music service, there is a missing permission check. This could lead to local denial of service in music service with no additional execution privileges needed. CVE project by @Sn0wAlice",https://github.com/Live-Hack-CVE/CVE-2022-38679,['cve-2 OR cve_2'],1,2022-12-29T02:49:15+0000,1,0,,0,['CVE-2022-38679']
Live-Hack-CVE/CVE-2022-41436,An issue in OXHOO TP50 OXH1.50 allows unauthenticated attackers to access the administrative panel via browsing to the URL http://device_ip/index1.html. CVE project by @Sn0wAlice,https://github.com/Live-Hack-CVE/CVE-2022-41436,['cve-2 OR cve_2'],1,2022-12-29T02:49:11+0000,1,0,,0,['CVE-2022-41436']
Live-Hack-CVE/CVE-2021-3997,A flaw was found in systemd. An uncontrolled recursion in systemd-tmpfiles may lead to a denial of service at boot time when too many nested directories are created in /tmp. CVE project by @Sn0wAlice,https://github.com/Live-Hack-CVE/CVE-2021-3997,['cve-2 OR cve_2'],1,2022-12-29T02:49:07+0000,2,0,,0,['CVE-2021-3997']
Live-Hack-CVE/CVE-2022-38677,"In cell service, there is a missing permission check. This could lead to local denial of service in cell service with no additional execution privileges needed. CVE project by @Sn0wAlice",https://github.com/Live-Hack-CVE/CVE-2022-38677,['cve-2 OR cve_2'],1,2022-12-29T02:49:04+0000,1,0,,0,['CVE-2022-38677']
Live-Hack-CVE/CVE-2022-38671,"In camera driver, there is a possible out of bounds write due to a missing bounds check. This could lead to local denial of service in kernel. CVE project by @Sn0wAlice",https://github.com/Live-Hack-CVE/CVE-2022-38671,['cve-2 OR cve_2'],1,2022-12-29T02:49:00+0000,1,0,,0,['CVE-2022-38671']
Live-Hack-CVE/CVE-2022-38442,Adobe Dimension versions 3.4.5 is affected by a Use After Free vulnerability that could result in arbitrary code execution in the context of the current user. Exploitation of this issue requires user interaction in that a victim must open a malicious file.,https://github.com/Live-Hack-CVE/CVE-2022-38442,"['cve-2 OR cve_2', 'exploit']",2,2022-12-29T02:48:47+0000,1,0,,0,['CVE-2022-38442']
Live-Hack-CVE/CVE-2022-41484,Tenda AC1900 AP500(US)_V1_180320(Beta) was discovered to contain a buffer overflow in the 0x32384 function. This vulnerability allows attackers to cause a Denial of Service (DoS) via a crafted request. CVE project by @Sn0wAlice,https://github.com/Live-Hack-CVE/CVE-2022-41484,['cve-2 OR cve_2'],1,2022-12-29T02:48:44+0000,1,0,,0,['CVE-2022-41484']
Live-Hack-CVE/CVE-2022-38449,Adobe Acrobat Reader versions 22.002.20212 (and earlier) and 20.005.30381 (and earlier) are affected by an out-of-bounds read vulnerability that could lead to disclosure of sensitive memory. An attacker could leverage this vulnerability to bypass mitigatio,https://github.com/Live-Hack-CVE/CVE-2022-38449,"['cve-2 OR cve_2', 'exploit']",2,2022-12-29T02:48:40+0000,3,0,,0,['CVE-2022-38449']
Live-Hack-CVE/CVE-2022-38450,Adobe Acrobat Reader versions 22.002.20212 (and earlier) and 20.005.30381 (and earlier) are affected by a Stack-based Buffer Overflow vulnerability that could result in arbitrary code execution in the context of the current user. Exploitation of this issue,https://github.com/Live-Hack-CVE/CVE-2022-38450,"['cve-2 OR cve_2', 'exploit']",2,2022-12-29T02:48:37+0000,3,0,,0,['CVE-2022-38450']
Live-Hack-CVE/CVE-2022-42339,Adobe Acrobat Reader versions 22.002.20212 (and earlier) and 20.005.30381 (and earlier) are affected by a Stack-based Buffer Overflow vulnerability that could result in arbitrary code execution in the context of the current user. Exploitation of this issue,https://github.com/Live-Hack-CVE/CVE-2022-42339,"['cve-2 OR cve_2', 'exploit']",2,2022-12-29T02:48:34+0000,3,0,,0,['CVE-2022-42339']
Live-Hack-CVE/CVE-2022-42340,Adobe ColdFusion versions Update 14 (and earlier) and Update 4 (and earlier) are affected by an Improper Input Validation vulnerability that could result in arbitrary file system read. Exploitation of this issue does not require user interaction. CVE proje,https://github.com/Live-Hack-CVE/CVE-2022-42340,"['cve-2 OR cve_2', 'exploit']",2,2022-12-29T02:48:30+0000,1,0,,0,['CVE-2022-42340']
Live-Hack-CVE/CVE-2022-39127,"In sensor driver, there is a possible out of bounds write due to a missing bounds check. This could lead to local denial of service in kernel. CVE project by @Sn0wAlice",https://github.com/Live-Hack-CVE/CVE-2022-39127,['cve-2 OR cve_2'],1,2022-12-29T02:50:45+0000,1,0,,0,['CVE-2022-39127']
Live-Hack-CVE/CVE-2022-39128,"In sensor driver, there is a possible out of bounds write due to a missing bounds check. This could lead to local denial of service in kernel. CVE project by @Sn0wAlice",https://github.com/Live-Hack-CVE/CVE-2022-39128,['cve-2 OR cve_2'],1,2022-12-29T02:50:48+0000,1,0,,0,['CVE-2022-39128']
Live-Hack-CVE/CVE-2022-39080,"In messaging service, there is a missing permission check. This could lead to elevation of privilege in contacts service with no additional execution privileges needed. CVE project by @Sn0wAlice",https://github.com/Live-Hack-CVE/CVE-2022-39080,['cve-2 OR cve_2'],1,2022-12-29T02:50:52+0000,1,0,,0,['CVE-2022-39080']
Live-Hack-CVE/CVE-2022-38448,Adobe Dimension versions 3.4.5 is affected by a Use After Free vulnerability that could result in arbitrary code execution in the context of the current user. Exploitation of this issue requires user interaction in that a victim must open a malicious file.,https://github.com/Live-Hack-CVE/CVE-2022-38448,"['cve-2 OR cve_2', 'exploit']",2,2022-12-29T02:52:05+0000,1,0,,0,['CVE-2022-38448']
Live-Hack-CVE/CVE-2022-41588,The home screen module has a vulnerability in service logic processing.Successful exploitation of this vulnerability may affect data integrity. CVE project by @Sn0wAlice,https://github.com/Live-Hack-CVE/CVE-2022-41588,"['cve-2 OR cve_2', 'exploit']",2,2022-12-29T02:52:49+0000,1,0,,0,['CVE-2022-41588']
Live-Hack-CVE/CVE-2022-41587,Uncaptured exceptions in the home screen module. Successful exploitation of this vulnerability may affect stability. CVE project by @Sn0wAlice,https://github.com/Live-Hack-CVE/CVE-2022-41587,"['cve-2 OR cve_2', 'exploit']",2,2022-12-29T02:52:46+0000,1,0,,0,['CVE-2022-41587']
Live-Hack-CVE/CVE-2022-41586,The communication framework module has a vulnerability of not truncating data properly.Successful exploitation of this vulnerability may affect data confidentiality. CVE project by @Sn0wAlice,https://github.com/Live-Hack-CVE/CVE-2022-41586,"['cve-2 OR cve_2', 'exploit']",2,2022-12-29T02:52:42+0000,1,0,,0,['CVE-2022-41586']
Live-Hack-CVE/CVE-2022-41481,Tenda AC1200 US_AC6V2.0RTL_V15.03.06.51_multi_TDE01 was discovered to contain a buffer overflow in the 0x47de1c function. This vulnerability allows attackers to cause a Denial of Service (DoS) via a crafted request. CVE project by @Sn0wAlice,https://github.com/Live-Hack-CVE/CVE-2022-41481,['cve-2 OR cve_2'],1,2022-12-29T02:52:39+0000,1,0,,0,['CVE-2022-41481']
Live-Hack-CVE/CVE-2022-41585,The kernel module has an out-of-bounds read vulnerability.Successful exploitation of this vulnerability may cause memory overwriting. CVE project by @Sn0wAlice,https://github.com/Live-Hack-CVE/CVE-2022-41585,"['cve-2 OR cve_2', 'exploit']",2,2022-12-29T02:52:36+0000,1,0,,0,['CVE-2022-41585']
Live-Hack-CVE/CVE-2022-41584,The kernel module has an out-of-bounds read vulnerability.Successful exploitation of this vulnerability may cause memory overwriting. CVE project by @Sn0wAlice,https://github.com/Live-Hack-CVE/CVE-2022-41584,"['cve-2 OR cve_2', 'exploit']",2,2022-12-29T02:52:32+0000,1,0,,0,['CVE-2022-41584']
Live-Hack-CVE/CVE-2022-41583,The storage maintenance and debugging module has an array out-of-bounds read vulnerability.Successful exploitation of this vulnerability will cause incorrect statistics of this module. CVE project by @Sn0wAlice,https://github.com/Live-Hack-CVE/CVE-2022-41583,"['cve-2 OR cve_2', 'exploit']",2,2022-12-29T02:52:29+0000,1,0,,0,['CVE-2022-41583']
Live-Hack-CVE/CVE-2022-41485,Tenda AC1200 US_AC6V2.0RTL_V15.03.06.51_multi_TDE01 was discovered to contain a buffer overflow in the 0x47ce00 function. This vulnerability allows attackers to cause a Denial of Service (DoS) via a crafted request. CVE project by @Sn0wAlice,https://github.com/Live-Hack-CVE/CVE-2022-41485,['cve-2 OR cve_2'],1,2022-12-29T02:52:25+0000,1,0,,0,['CVE-2022-41485']
Live-Hack-CVE/CVE-2022-41482,Tenda AC1200 US_AC6V2.0RTL_V15.03.06.51_multi_TDE01 was discovered to contain a buffer overflow in the 0x47c5dc function. This vulnerability allows attackers to cause a Denial of Service (DoS) via a crafted request. CVE project by @Sn0wAlice,https://github.com/Live-Hack-CVE/CVE-2022-41482,['cve-2 OR cve_2'],1,2022-12-29T02:52:22+0000,1,0,,0,['CVE-2022-41482']
Live-Hack-CVE/CVE-2022-41480,Tenda AC1200 US_AC6V2.0RTL_V15.03.06.51_multi_TDE01 was discovered to contain a buffer overflow in the 0x475dc function. This vulnerability allows attackers to cause a Denial of Service (DoS) via a crafted request. CVE project by @Sn0wAlice,https://github.com/Live-Hack-CVE/CVE-2022-41480,['cve-2 OR cve_2'],1,2022-12-29T02:52:18+0000,1,0,,0,['CVE-2022-41480']
Live-Hack-CVE/CVE-2022-41582,The security module has configuration defects.Successful exploitation of this vulnerability may affect system availability. CVE project by @Sn0wAlice,https://github.com/Live-Hack-CVE/CVE-2022-41582,"['cve-2 OR cve_2', 'exploit']",2,2022-12-29T02:52:15+0000,1,0,,0,['CVE-2022-41582']
Live-Hack-CVE/CVE-2022-41581,"The HW_KEYMASTER module has a vulnerability of not verifying the data read.Successful exploitation of this vulnerability may cause malicious construction of data, which results in out-of-bounds access. CVE project by @Sn0wAlice",https://github.com/Live-Hack-CVE/CVE-2022-41581,"['cve-2 OR cve_2', 'exploit']",2,2022-12-29T02:52:11+0000,1,0,,0,['CVE-2022-41581']
Live-Hack-CVE/CVE-2022-39011,The HISP module has a vulnerability of bypassing the check of the data transferred in the kernel space.Successful exploitation of this vulnerability may cause unauthorized access to the HISP module. CVE project by @Sn0wAlice,https://github.com/Live-Hack-CVE/CVE-2022-39011,"['cve-2 OR cve_2', 'exploit']",2,2022-12-29T02:52:08+0000,1,0,,0,['CVE-2022-39011']
Live-Hack-CVE/CVE-2022-38447,Adobe Dimension versions 3.4.5 is affected by a Use After Free vulnerability that could result in arbitrary code execution in the context of the current user. Exploitation of this issue requires user interaction in that a victim must open a malicious file.,https://github.com/Live-Hack-CVE/CVE-2022-38447,"['cve-2 OR cve_2', 'exploit']",2,2022-12-29T02:52:01+0000,1,0,,0,['CVE-2022-38447']
Live-Hack-CVE/CVE-2022-39108,"In Music service, there is a missing permission check. This could lead to elevation of privilege in Music service with no additional execution privileges needed. CVE project by @Sn0wAlice",https://github.com/Live-Hack-CVE/CVE-2022-39108,['cve-2 OR cve_2'],1,2022-12-29T02:50:55+0000,1,0,,0,['CVE-2022-39108']
Live-Hack-CVE/CVE-2022-38446,Adobe Dimension versions 3.4.5 is affected by a Use After Free vulnerability that could result in arbitrary code execution in the context of the current user. Exploitation of this issue requires user interaction in that a victim must open a malicious file.,https://github.com/Live-Hack-CVE/CVE-2022-38446,"['cve-2 OR cve_2', 'exploit']",2,2022-12-29T02:51:53+0000,1,0,,0,['CVE-2022-38446']
Live-Hack-CVE/CVE-2022-38445,Adobe Dimension versions 3.4.5 is affected by a Use After Free vulnerability that could result in arbitrary code execution in the context of the current user. Exploitation of this issue requires user interaction in that a victim must open a malicious file.,https://github.com/Live-Hack-CVE/CVE-2022-38445,"['cve-2 OR cve_2', 'exploit']",2,2022-12-29T02:51:50+0000,1,0,,0,['CVE-2022-38445']
Live-Hack-CVE/CVE-2022-32149,An attacker may cause a denial of service by crafting an Accept-Language header which ParseAcceptLanguage will take significant time to parse. CVE project by @Sn0wAlice,https://github.com/Live-Hack-CVE/CVE-2022-32149,['cve-2 OR cve_2'],1,2022-12-29T02:51:47+0000,1,0,,0,['CVE-2022-32149']
Live-Hack-CVE/CVE-2022-38444,Adobe Dimension versions 3.4.5 is affected by a Use After Free vulnerability that could result in arbitrary code execution in the context of the current user. Exploitation of this issue requires user interaction in that a victim must open a malicious file.,https://github.com/Live-Hack-CVE/CVE-2022-38444,"['cve-2 OR cve_2', 'exploit']",2,2022-12-29T02:51:44+0000,1,0,,0,['CVE-2022-38444']
Live-Hack-CVE/CVE-2022-38443,Adobe Dimension versions 3.4.5 is affected by an out-of-bounds read vulnerability that could lead to disclosure of sensitive memory. An attacker could leverage this vulnerability to bypass mitigations such as ASLR. Exploitation of this issue requires user ,https://github.com/Live-Hack-CVE/CVE-2022-38443,"['cve-2 OR cve_2', 'exploit']",2,2022-12-29T02:51:27+0000,1,0,,0,['CVE-2022-38443']
Live-Hack-CVE/CVE-2022-39110,"In Music service, there is a missing permission check. This could lead to elevation of privilege in Music service with no additional execution privileges needed. CVE project by @Sn0wAlice",https://github.com/Live-Hack-CVE/CVE-2022-39110,['cve-2 OR cve_2'],1,2022-12-29T02:51:23+0000,1,0,,0,['CVE-2022-39110']
Live-Hack-CVE/CVE-2022-38697,"In messaging service, there is a missing permission check. This could lead to access unexpected provider in contacts service with no additional execution privileges needed. CVE project by @Sn0wAlice",https://github.com/Live-Hack-CVE/CVE-2022-38697,['cve-2 OR cve_2'],1,2022-12-29T02:51:20+0000,1,0,,0,['CVE-2022-38697']
Live-Hack-CVE/CVE-2022-38698,"In messaging service, there is a missing permission check. This could lead to elevation of privilege in contacts service with no additional execution privileges needed. CVE project by @Sn0wAlice",https://github.com/Live-Hack-CVE/CVE-2022-38698,['cve-2 OR cve_2'],1,2022-12-29T02:51:16+0000,1,0,,0,['CVE-2022-38698']
Live-Hack-CVE/CVE-2022-41305,A maliciously crafted PKT file when consumed through SubassemblyComposer.exe application could lead to memory corruption vulnerability by write access violation. This vulnerability in conjunction with other vulnerabilities could lead to code execution in t,https://github.com/Live-Hack-CVE/CVE-2022-41305,['cve-2 OR cve_2'],1,2022-12-29T02:51:12+0000,1,0,,0,['CVE-2022-41305']
Live-Hack-CVE/CVE-2020-8945,"The proglottis Go wrapper before 0.1.1 for the GPGME library has a use-after-free, as demonstrated by use for container image pulls by Docker or CRI-O. This leads to a crash or potential code execution during GPG signature verification. CVE project by @Sn0",https://github.com/Live-Hack-CVE/CVE-2020-8945,['cve-2 OR cve_2'],1,2022-12-29T02:51:09+0000,2,0,,0,['CVE-2020-8945']
Live-Hack-CVE/CVE-2021-1815,"A parsing issue in the handling of directory paths was addressed with improved path validation. This issue is fixed in macOS Big Sur 11.3, iOS 14.5 and iPadOS 14.5, watchOS 7.4, tvOS 14.5. A local user may be able to modify protected parts of the file syst",https://github.com/Live-Hack-CVE/CVE-2021-1815,['cve-2 OR cve_2'],1,2022-12-29T02:51:05+0000,4,0,,0,['CVE-2021-1815']
Live-Hack-CVE/CVE-2022-42717,"An issue was discovered in Hashicorp Packer before 2.3.1. The recommended sudoers configuration for Vagrant on Linux is insecure. If the host has been configured according to this documentation, non-privileged users on the host can leverage a wildcard in t",https://github.com/Live-Hack-CVE/CVE-2022-42717,['cve-2 OR cve_2'],1,2022-12-29T02:51:02+0000,2,0,,0,['CVE-2022-42717']
Live-Hack-CVE/CVE-2022-2963,A vulnerability found in jasper. This security vulnerability happens because of a memory leak bug in function cmdopts_parse that can cause a crash or segmentation fault. CVE project by @Sn0wAlice,https://github.com/Live-Hack-CVE/CVE-2022-2963,['cve-2 OR cve_2'],1,2022-12-29T02:50:58+0000,1,0,,0,['CVE-2022-2963']
Live-Hack-CVE/CVE-2022-38441,"Adobe Dimension versions 3.4.5 is affected by an out-of-bounds read vulnerability when parsing a crafted file, which could result in a read past the end of an allocated memory structure. An attacker could leverage this vulnerability to execute code in the ",https://github.com/Live-Hack-CVE/CVE-2022-38441,"['cve-2 OR cve_2', 'exploit']",2,2022-12-29T02:48:27+0000,1,0,,0,['CVE-2022-38441']
Live-Hack-CVE/CVE-2022-42341,Adobe ColdFusion versions Update 14 (and earlier) and Update 4 (and earlier) are affected by an Improper Restriction of XML External Entity Reference ('XXE') vulnerability that could result in arbitrary file system read. Exploitation of this issue does not,https://github.com/Live-Hack-CVE/CVE-2022-42341,"['cve-2 OR cve_2', 'exploit']",2,2022-12-29T02:48:23+0000,1,0,,0,['CVE-2022-42341']
Live-Hack-CVE/CVE-2022-42342,Adobe Acrobat Reader versions 22.002.20212 (and earlier) and 20.005.30381 (and earlier) are affected by an out-of-bounds read vulnerability that could lead to disclosure of sensitive memory. An attacker could leverage this vulnerability to bypass mitigatio,https://github.com/Live-Hack-CVE/CVE-2022-42342,"['cve-2 OR cve_2', 'exploit']",2,2022-12-29T02:48:08+0000,3,0,,0,['CVE-2022-42342']
Live-Hack-CVE/CVE-2022-3585,A vulnerability classified as problematic has been found in SourceCodester Simple Cold Storage Management System 1.0. Affected is an unknown function of the file /csms/?page=contact_us of the component Contact Us. The manipulation leads to cross-site reque,https://github.com/Live-Hack-CVE/CVE-2022-3585,['cve-2 OR cve_2'],1,2022-12-29T02:14:41+0000,1,0,,0,['CVE-2022-3585']
Live-Hack-CVE/CVE-2022-33171,"** DISPUTED ** The findOne function in TypeORM before 0.3.0 can either be supplied with a string or a FindOneOptions object. When input to the function is a user-controlled parsed JSON object, supplying a crafted FindOneOptions instead of an id string lead",https://github.com/Live-Hack-CVE/CVE-2022-33171,['cve-2 OR cve_2'],1,2022-12-29T02:15:26+0000,2,0,,0,['CVE-2022-33171']
Live-Hack-CVE/CVE-2020-19907,A command injection vulnerability in the sandcat plugin of Caldera 2.3.1 and earlier allows authenticated attackers to execute any command or service. CVE project by @Sn0wAlice,https://github.com/Live-Hack-CVE/CVE-2020-19907,"['command injection', 'cve-2 OR cve_2']",2,2022-12-29T02:15:22+0000,1,0,,0,['CVE-2020-19907']
Live-Hack-CVE/CVE-2021-33193,"A crafted method sent through HTTP/2 will bypass validation and be forwarded by mod_proxy, which can lead to request splitting or cache poisoning. This issue affects Apache HTTP Server 2.4.17 to 2.4.48. CVE project by @Sn0wAlice",https://github.com/Live-Hack-CVE/CVE-2021-33193,['cve-2 OR cve_2'],1,2022-12-29T02:15:18+0000,2,0,,0,['CVE-2021-33193']
Live-Hack-CVE/CVE-2021-28805,"Inclusion of sensitive information in the source code has been reported to affect certain QNAP switches running QSS. If exploited, this vulnerability allows attackers to read application data. This issue affects: QNAP Systems Inc. QSS versions prior to 1.0",https://github.com/Live-Hack-CVE/CVE-2021-28805,"['cve-2 OR cve_2', 'exploit']",2,2022-12-29T02:15:15+0000,1,0,,0,['CVE-2021-28805']
Live-Hack-CVE/CVE-2021-28798,"A relative path traversal vulnerability has been reported to affect QNAP NAS running QTS and QuTS hero. If exploited, this vulnerability allows attackers to modify files that impact system integrity. QNAP have already fixed this vulnerability in the follow",https://github.com/Live-Hack-CVE/CVE-2021-28798,"['cve-2 OR cve_2', 'exploit']",2,2022-12-29T02:15:12+0000,2,1,,0,['CVE-2021-28798']
Live-Hack-CVE/CVE-2021-28597,Adobe Photoshop Elements version 5.2 (and earlier) is affected by an insecure temporary file creation vulnerability. An unauthenticated attacker could leverage this vulnerability to call functions against the installer to perform high privileged actions. E,https://github.com/Live-Hack-CVE/CVE-2021-28597,"['cve-2 OR cve_2', 'exploit']",2,2022-12-29T02:15:08+0000,1,0,,0,['CVE-2021-28597']
Live-Hack-CVE/CVE-2021-28566,"Magento versions 2.4.2 (and earlier), 2.4.1-p1 (and earlier) and 2.3.6-p1 (and earlier) are vulnerable to an Information Disclosure vulnerability when uploading a modified png file to a product image. Successful exploitation could lead to the disclosure of",https://github.com/Live-Hack-CVE/CVE-2021-28566,"['cve-2 OR cve_2', 'exploit']",2,2022-12-29T02:15:05+0000,3,0,,0,['CVE-2021-28566']
Live-Hack-CVE/CVE-2022-3579,A vulnerability classified as critical was found in SourceCodester Cashier Queuing System 1.0. This vulnerability affects unknown code of the file /queuing/login.php of the component Login Page. The manipulation of the argument username/password leads to s,https://github.com/Live-Hack-CVE/CVE-2022-3579,"['cve-2 OR cve_2', 'exploit']",2,2022-12-29T02:15:01+0000,1,0,,0,['CVE-2022-3579']
Live-Hack-CVE/CVE-2022-3580,"A vulnerability, which was classified as problematic, has been found in SourceCodester Cashier Queuing System 1.0.1. This issue affects some unknown processing of the component User Creation Handler. The manipulation leads to cross site scripting. The atta",https://github.com/Live-Hack-CVE/CVE-2022-3580,['cve-2 OR cve_2'],1,2022-12-29T02:14:58+0000,1,0,,0,['CVE-2022-3580']
Live-Hack-CVE/CVE-2022-3581,"A vulnerability, which was classified as problematic, was found in SourceCodester Cashier Queuing System 1.0. Affected is an unknown function of the component Cashiers Tab. The manipulation of the argument Name leads to cross site scripting. It is possible",https://github.com/Live-Hack-CVE/CVE-2022-3581,['cve-2 OR cve_2'],1,2022-12-29T02:14:54+0000,1,0,,0,['CVE-2022-3581']
Live-Hack-CVE/CVE-2022-3582,A vulnerability has been found in SourceCodester Simple Cold Storage Management System 1.0 and classified as problematic. Affected by this vulnerability is an unknown functionality. The manipulation of the argument change password leads to cross-site reque,https://github.com/Live-Hack-CVE/CVE-2022-3582,"['cve-2 OR cve_2', 'exploit']",2,2022-12-29T02:14:51+0000,1,0,,0,['CVE-2022-3582']
Live-Hack-CVE/CVE-2022-3584,A vulnerability was found in SourceCodester Canteen Management System 1.0. It has been rated as critical. This issue affects some unknown processing of the file edituser.php. The manipulation of the argument id leads to sql injection. The attack may be ini,https://github.com/Live-Hack-CVE/CVE-2022-3584,"['cve-2 OR cve_2', 'exploit']",2,2022-12-29T02:14:48+0000,1,0,,0,['CVE-2022-3584']
Live-Hack-CVE/CVE-2022-3583,A vulnerability was found in SourceCodester Canteen Management System 1.0. It has been declared as critical. This vulnerability affects unknown code of the file login.php. The manipulation of the argument business leads to sql injection. The attack can be ,https://github.com/Live-Hack-CVE/CVE-2022-3583,"['cve-2 OR cve_2', 'exploit']",2,2022-12-29T02:14:44+0000,1,0,,0,['CVE-2022-3583']
Live-Hack-CVE/CVE-2022-40889,Phpok 6.1 has a deserialization vulnerability via framework/phpok_call.php. CVE project by @Sn0wAlice,https://github.com/Live-Hack-CVE/CVE-2022-40889,['cve-2 OR cve_2'],1,2022-12-29T02:14:37+0000,1,0,,0,['CVE-2022-40889']
Live-Hack-CVE/CVE-2021-28814,"An improper access control vulnerability has been reported to affect QNAP NAS. If exploited, this vulnerability allows remote attackers to compromise the security of the software. This issue affects: QNAP Systems Inc. Helpdesk versions prior to 3.0.4. CVE ",https://github.com/Live-Hack-CVE/CVE-2021-28814,"['cve-2 OR cve_2', 'exploit']",2,2022-12-29T02:15:53+0000,1,0,,0,['CVE-2021-28814']
Live-Hack-CVE/CVE-2022-41537,Online Tours & Travels Management System v1.0 was discovered to contain an arbitrary file upload vulnerability via the component /user_operations/profile.php. This vulnerability allows attackers to execute arbitrary code via a crafted PHP file. CVE project,https://github.com/Live-Hack-CVE/CVE-2022-41537,['cve-2 OR cve_2'],1,2022-12-29T02:14:34+0000,1,0,,0,['CVE-2022-41537']
Live-Hack-CVE/CVE-2022-41504,An arbitrary file upload vulnerability in the component /php_action/editProductImage.php of Billing System Project v1.0 allows attackers to execute arbitrary code via a crafted PHP file. CVE project by @Sn0wAlice,https://github.com/Live-Hack-CVE/CVE-2022-41504,['cve-2 OR cve_2'],1,2022-12-29T02:14:31+0000,1,0,,0,['CVE-2022-41504']
Live-Hack-CVE/CVE-2022-41544,GetSimple CMS v3.3.16 was discovered to contain a remote code execution (RCE) vulnerability via the edited_file parameter in admin/theme-edit.php. CVE project by @Sn0wAlice,https://github.com/Live-Hack-CVE/CVE-2022-41544,"['cve-2 OR cve_2', 'rce', 'remote code execution']",3,2022-12-29T02:14:27+0000,1,0,,0,['CVE-2022-41544']
Live-Hack-CVE/CVE-2022-3547,A vulnerability was found in SourceCodester Simple Cold Storage Management System 1.0. It has been classified as problematic. This affects an unknown part of the file /csms/admin/?page=system_info of the component Setting Handler. The manipulation of the a,https://github.com/Live-Hack-CVE/CVE-2022-3547,['cve-2 OR cve_2'],1,2022-12-29T02:14:24+0000,1,0,,0,['CVE-2022-3547']
Live-Hack-CVE/CVE-2022-3546,A vulnerability was found in SourceCodester Simple Cold Storage Management System 1.0 and classified as problematic. Affected by this issue is some unknown functionality of the file /csms/admin/?page=user/list of the component Create User Handler. The mani,https://github.com/Live-Hack-CVE/CVE-2022-3546,['cve-2 OR cve_2'],1,2022-12-29T02:13:56+0000,1,0,,0,['CVE-2022-3546']
Live-Hack-CVE/CVE-2022-3544,"A vulnerability, which was classified as problematic, was found in Linux Kernel. Affected is the function damon_sysfs_add_target of the file mm/damon/sysfs.c of the component Netfilter. The manipulation leads to memory leak. It is recommended to apply a pa",https://github.com/Live-Hack-CVE/CVE-2022-3544,['cve-2 OR cve_2'],1,2022-12-29T02:13:53+0000,34,0,,0,['CVE-2022-3544']
Live-Hack-CVE/CVE-2022-42221,"Netgear R6220 v1.1.0.114_1.0.1 suffers from Incorrect Access Control, resulting in a command injection vulnerability. CVE project by @Sn0wAlice",https://github.com/Live-Hack-CVE/CVE-2022-42221,"['command injection', 'cve-2 OR cve_2']",2,2022-12-29T02:13:48+0000,1,0,,0,['CVE-2022-42221']
Live-Hack-CVE/CVE-2022-3526,A vulnerability classified as problematic was found in Linux Kernel. This vulnerability affects the function macvlan_handle_frame of the file drivers/net/macvlan.c of the component skb. The manipulation leads to memory leak. The attack can be initiated rem,https://github.com/Live-Hack-CVE/CVE-2022-3526,['cve-2 OR cve_2'],1,2022-12-29T02:13:45+0000,1,0,,0,['CVE-2022-3526']
Live-Hack-CVE/CVE-2022-3523,A vulnerability was found in Linux Kernel. It has been classified as problematic. Affected is an unknown function of the file mm/memory.c of the component Driver Handler. The manipulation leads to use after free. It is possible to launch the attack remotel,https://github.com/Live-Hack-CVE/CVE-2022-3523,['cve-2 OR cve_2'],1,2022-12-29T02:13:42+0000,1,0,,0,['CVE-2022-3523']
Live-Hack-CVE/CVE-2022-3522,A vulnerability was found in Linux Kernel and classified as problematic. This issue affects the function hugetlb_no_page of the file mm/hugetlb.c. The manipulation leads to race condition. It is recommended to apply a patch to fix this issue. The associate,https://github.com/Live-Hack-CVE/CVE-2022-3522,['cve-2 OR cve_2'],1,2022-12-29T02:13:38+0000,1,0,,0,['CVE-2022-3522']
Live-Hack-CVE/CVE-2022-3534,A vulnerability classified as critical has been found in Linux Kernel. Affected is the function btf_dump_name_dups of the file tools/lib/bpf/btf_dump.c of the component libbpf. The manipulation leads to use after free. It is recommended to apply a patch to,https://github.com/Live-Hack-CVE/CVE-2022-3534,['cve-2 OR cve_2'],1,2022-12-29T02:13:35+0000,1,0,,0,['CVE-2022-3534']
Live-Hack-CVE/CVE-2022-3533,A vulnerability was found in Linux Kernel. It has been rated as problematic. This issue affects the function parse_usdt_arg of the file tools/lib/bpf/usdt.c of the component BPF. The manipulation of the argument reg_name leads to memory leak. It is recomme,https://github.com/Live-Hack-CVE/CVE-2022-3533,['cve-2 OR cve_2'],1,2022-12-29T02:13:31+0000,1,0,,0,['CVE-2022-3533']
Live-Hack-CVE/CVE-2022-40606,"MITRE CALDERA before 4.1.0 allows XSS in the Operations tab and/or Debrief plugin via a crafted operation name, a different vulnerability than CVE-2022-40605. CVE project by @Sn0wAlice",https://github.com/Live-Hack-CVE/CVE-2022-40606,['cve-2 OR cve_2'],1,2022-12-29T02:13:28+0000,1,0,,0,"['CVE-2022-40605', 'CVE-2022-40606']"
Live-Hack-CVE/CVE-2021-28812,"A command injection vulnerability has been reported to affect certain versions of Video Station. If exploited, this vulnerability allows remote attackers to execute arbitrary commands. This issue affects: QNAP Systems Inc. Video Station versions prior to 5",https://github.com/Live-Hack-CVE/CVE-2021-28812,"['command injection', 'cve-2 OR cve_2', 'exploit']",3,2022-12-29T02:15:49+0000,2,0,,0,['CVE-2021-28812']
Live-Hack-CVE/CVE-2021-38294,A Command Injection vulnerability exists in the getTopologyHistory service of the Apache Storm 2.x prior to 2.2.1 and Apache Storm 1.x prior to 1.2.4. A specially crafted thrift request to the Nimbus server allows Remote Code Execution (RCE) prior to authe,https://github.com/Live-Hack-CVE/CVE-2021-38294,"['command injection', 'cve-2 OR cve_2', 'rce', 'remote code execution']",4,2022-12-29T02:15:56+0000,1,1,,0,['CVE-2021-38294']
Live-Hack-CVE/CVE-2022-38440,"Adobe Dimension versions 3.4.5 is affected by an out-of-bounds read vulnerability when parsing a crafted file, which could result in a read past the end of an allocated memory structure. An attacker could leverage this vulnerability to execute code in the ",https://github.com/Live-Hack-CVE/CVE-2022-38440,"['cve-2 OR cve_2', 'exploit']",2,2022-12-29T02:48:05+0000,1,0,,0,['CVE-2022-38440']
Live-Hack-CVE/CVE-2022-28759,"Zoom On-Premise Meeting Connector MMR before version 4.8.20220815.130 contains an improper access control vulnerability. As a result, a malicious actor could obtain the audio and video feed of a meeting they were not authorized to join and cause other meet",https://github.com/Live-Hack-CVE/CVE-2022-28759,['cve-2 OR cve_2'],1,2022-12-29T02:46:53+0000,1,0,,0,['CVE-2022-28759']
Live-Hack-CVE/CVE-2022-38670,"In soundrecorder service, there is a missing permission check. This could lead to elevation of privilege in contacts service with no additional execution privileges needed. CVE project by @Sn0wAlice",https://github.com/Live-Hack-CVE/CVE-2022-38670,['cve-2 OR cve_2'],1,2022-12-29T02:48:01+0000,1,0,,0,['CVE-2022-38670']
Live-Hack-CVE/CVE-2022-39107,"In Soundrecorder service, there is a missing permission check. This could lead to elevation of privilege in Soundrecorder service with no additional execution privileges needed. CVE project by @Sn0wAlice",https://github.com/Live-Hack-CVE/CVE-2022-39107,['cve-2 OR cve_2'],1,2022-12-29T02:47:58+0000,1,0,,0,['CVE-2022-39107']
Live-Hack-CVE/CVE-2022-38669,"In soundrecorder service, there is a missing permission check. This could lead to elevation of privilege in contacts service with no additional execution privileges needed. CVE project by @Sn0wAlice",https://github.com/Live-Hack-CVE/CVE-2022-38669,['cve-2 OR cve_2'],1,2022-12-29T02:47:54+0000,1,0,,0,['CVE-2022-38669']
Live-Hack-CVE/CVE-2022-38437,Adobe Acrobat Reader versions 22.002.20212 (and earlier) and 20.005.30381 (and earlier) are affected by a Use After Free vulnerability that could lead to disclosure of sensitive memory. An attacker could leverage this vulnerability to bypass mitigations su,https://github.com/Live-Hack-CVE/CVE-2022-38437,"['cve-2 OR cve_2', 'exploit']",2,2022-12-29T02:47:51+0000,3,0,,0,['CVE-2022-38437']
Live-Hack-CVE/CVE-2022-38424,Adobe ColdFusion versions Update 14 (and earlier) and Update 4 (and earlier) are affected by an Improper Limitation of a Pathname to a Restricted Directory ('Path Traversal') vulnerability that could result in arbitrary file system write. Exploitation of t,https://github.com/Live-Hack-CVE/CVE-2022-38424,"['cve-2 OR cve_2', 'exploit']",2,2022-12-29T02:47:47+0000,1,0,,0,['CVE-2022-38424']
Live-Hack-CVE/CVE-2022-38423,Adobe ColdFusion versions Update 14 (and earlier) and Update 4 (and earlier) are affected by an Improper Limitation of a Pathname to a Restricted Directory ('Path Traversal') vulnerability that could result in information disclosure. Exploitation of this i,https://github.com/Live-Hack-CVE/CVE-2022-38423,"['cve-2 OR cve_2', 'exploit']",2,2022-12-29T02:47:44+0000,1,0,,0,['CVE-2022-38423']
Live-Hack-CVE/CVE-2022-2985,"In music service, there is a missing permission check. This could lead to elevation of privilege in contacts service with no additional execution privileges needed. CVE project by @Sn0wAlice",https://github.com/Live-Hack-CVE/CVE-2022-2985,['cve-2 OR cve_2'],1,2022-12-29T02:47:41+0000,1,0,,0,['CVE-2022-2985']
Live-Hack-CVE/CVE-2022-38422,Adobe ColdFusion versions Update 14 (and earlier) and Update 4 (and earlier) are affected by an Improper Limitation of a Pathname to a Restricted Directory ('Path Traversal') vulnerability that could result in information disclosure. Exploitation of this i,https://github.com/Live-Hack-CVE/CVE-2022-38422,"['cve-2 OR cve_2', 'exploit']",2,2022-12-29T02:47:37+0000,1,0,,0,['CVE-2022-38422']
Live-Hack-CVE/CVE-2022-42464,"OpenHarmony-v3.1.2 and prior versions, 3.0.6 and prior versions have a Kernel memory pool override vulnerability in /dev/mmz_userdev device driver. The impact depends on the privileges of the attacker. The unprivileged process run on the device could discl",https://github.com/Live-Hack-CVE/CVE-2022-42464,['cve-2 OR cve_2'],1,2022-12-29T02:47:34+0000,1,0,,0,['CVE-2022-42464']
Live-Hack-CVE/CVE-2022-39308,GoCD is a continuous delivery server. GoCD helps you automate and streamline the build-test-release cycle for continuous delivery of your product. GoCD versions from 19.2.0 to 19.10.0 (inclusive) are subject to a timing attack in validation of access token,https://github.com/Live-Hack-CVE/CVE-2022-39308,['cve-2 OR cve_2'],1,2022-12-29T02:47:06+0000,2,0,,0,['CVE-2022-39308']
Live-Hack-CVE/CVE-2022-28760,"Zoom On-Premise Meeting Connector MMR before version 4.8.20220815.130 contains an improper access control vulnerability. As a result, a malicious actor could obtain the audio and video feed of a meeting they were not authorized to join and cause other meet",https://github.com/Live-Hack-CVE/CVE-2022-28760,['cve-2 OR cve_2'],1,2022-12-29T02:47:03+0000,1,0,,0,['CVE-2022-28760']
Live-Hack-CVE/CVE-2022-28761,"Zoom On-Premise Meeting Connector MMR before version 4.8.20220916.131 contains an improper access control vulnerability. As a result, a malicious actor in a meeting or webinar they are authorized to join could prevent participants from receiving audio and ",https://github.com/Live-Hack-CVE/CVE-2022-28761,['cve-2 OR cve_2'],1,2022-12-29T02:47:00+0000,1,0,,0,['CVE-2022-28761']
Live-Hack-CVE/CVE-2022-42969,"The py library through 1.11.0 for Python allows remote attackers to conduct a ReDoS (Regular expression Denial of Service) attack via a Subversion repository with crafted info data, because the InfoSvnCommand argument is mishandled. CVE project by @Sn0wAli",https://github.com/Live-Hack-CVE/CVE-2022-42969,['cve-2 OR cve_2'],1,2022-12-29T02:46:56+0000,1,0,,0,['CVE-2022-42969']
Live-Hack-CVE/CVE-2020-27347,In tmux before version 3.1c the function input_csi_dispatch_sgr_colon() in file input.c contained a stack-based buffer-overflow that can be exploited by terminal output. CVE project by @Sn0wAlice,https://github.com/Live-Hack-CVE/CVE-2020-27347,"['cve-2 OR cve_2', 'exploit']",2,2022-12-29T02:46:49+0000,1,0,,0,['CVE-2020-27347']
Live-Hack-CVE/CVE-2021-36160,A carefully crafted request uri-path can cause mod_proxy_uwsgi to read above the allocated memory and crash (DoS). This issue affects Apache HTTP Server versions 2.4.30 to 2.4.48 (inclusive). CVE project by @Sn0wAlice,https://github.com/Live-Hack-CVE/CVE-2021-36160,['cve-2 OR cve_2'],1,2022-12-29T02:15:59+0000,3,0,,0,['CVE-2021-36160']
Live-Hack-CVE/CVE-2020-15261,"On Windows the Veyon Service before version 4.4.2 contains an unquoted service path vulnerability, allowing locally authenticated users with administrative privileges to run malicious executables with LocalSystem privileges. Since Veyon users (both student",https://github.com/Live-Hack-CVE/CVE-2020-15261,['cve-2 OR cve_2'],1,2022-12-29T02:46:46+0000,2,0,,0,['CVE-2020-15261']
Live-Hack-CVE/CVE-2021-36614,Mikrotik RouterOs before stable 6.48.2 suffers from a memory corruption vulnerability in the tr069-client process. An authenticated remote attacker can cause a Denial of Service (NULL pointer dereference). CVE project by @Sn0wAlice,https://github.com/Live-Hack-CVE/CVE-2021-36614,['cve-2 OR cve_2'],1,2022-12-29T02:46:43+0000,6,0,,0,['CVE-2021-36614']
Live-Hack-CVE/CVE-2022-39064,"An attacker sending a single malformed IEEE 802.15.4 (Zigbee) frame makes the TRÅDFRI bulb blink, and if they replay (i.e. resend) the same frame multiple times, the bulb performs a factory reset. This causes the bulb to lose configuration information abou",https://github.com/Live-Hack-CVE/CVE-2022-39064,['cve-2 OR cve_2'],1,2022-12-29T02:46:39+0000,2,0,,0,['CVE-2022-39064']
Live-Hack-CVE/CVE-2021-36613,Mikrotik RouterOs before stable 6.48.2 suffers from a memory corruption vulnerability in the ptp process. An authenticated remote attacker can cause a Denial of Service (NULL pointer dereference). CVE project by @Sn0wAlice,https://github.com/Live-Hack-CVE/CVE-2021-36613,['cve-2 OR cve_2'],1,2022-12-29T02:46:36+0000,6,0,,0,['CVE-2021-36613']
Live-Hack-CVE/CVE-2020-15253,"Versions of Grocy <= 2.7.1 are vulnerable to Cross-Site Scripting via the Create Shopping List module, that is rendered upon deleting that Shopping List. The issue was also found in users, batteries, chores, equipment, locations, quantity units, shopping l",https://github.com/Live-Hack-CVE/CVE-2020-15253,['cve-2 OR cve_2'],1,2022-12-29T02:46:32+0000,2,0,,0,['CVE-2020-15253']
Live-Hack-CVE/CVE-2021-39713,Product: AndroidVersions: Android kernelAndroid ID: A-173788806References: Upstream kernel CVE project by @Sn0wAlice,https://github.com/Live-Hack-CVE/CVE-2021-39713,['cve-2 OR cve_2'],1,2022-12-29T02:46:29+0000,1,0,,0,['CVE-2021-39713']
Live-Hack-CVE/CVE-2022-39293,"Azure RTOS USBX is a high-performance USB host, device, and on-the-go (OTG) embedded stack, that is fully integrated with Azure RTOS ThreadX. The case is, in [_ux_host_class_pima_read](https://github.com/azure-rtos/usbx/blob/master/common/usbx_host_classes",https://github.com/Live-Hack-CVE/CVE-2022-39293,['cve-2 OR cve_2'],1,2022-12-29T02:46:25+0000,0,0,,0,['CVE-2022-39293']
Live-Hack-CVE/CVE-2021-38946,"IBM Cognos Analytics 11.1.7, 11.2.0, and 11.1.7 is vulnerable to cross-site scripting. This vulnerability allows users to embed arbitrary JavaScript code in the Web UI thus altering the intended functionality potentially leading to credentials disclosure w",https://github.com/Live-Hack-CVE/CVE-2021-38946,['cve-2 OR cve_2'],1,2022-12-29T02:16:21+0000,1,0,,0,['CVE-2021-38946']
Live-Hack-CVE/CVE-2021-3578,"A flaw was found in mbsync before v1.3.6 and v1.4.2, where an unchecked pointer cast allows a malicious or compromised server to write an arbitrary integer value past the end of a heap-allocated structure by issuing an unexpected APPENDUID response. This c",https://github.com/Live-Hack-CVE/CVE-2021-3578,"['cve-2 OR cve_2', 'exploit', 'remote code execution']",3,2022-12-29T02:16:17+0000,2,0,,0,['CVE-2021-3578']
Live-Hack-CVE/CVE-2020-28648,Improper input validation in the Auto-Discovery component of Nagios XI before 5.7.5 allows an authenticated attacker to execute remote code. CVE project by @Sn0wAlice,https://github.com/Live-Hack-CVE/CVE-2020-28648,['cve-2 OR cve_2'],1,2022-12-29T02:16:13+0000,2,0,,0,['CVE-2020-28648']
Live-Hack-CVE/CVE-2022-29156,drivers/infiniband/ulp/rtrs/rtrs-clt.c in the Linux kernel before 5.16.12 has a double free related to rtrs_clt_dev_release. CVE project by @Sn0wAlice,https://github.com/Live-Hack-CVE/CVE-2022-29156,['cve-2 OR cve_2'],1,2022-12-29T02:16:10+0000,32,0,,0,['CVE-2022-29156']
Live-Hack-CVE/CVE-2020-15275,"MoinMoin is a wiki engine. In MoinMoin before version 1.9.11, an attacker with write permissions can upload an SVG file that contains malicious javascript. This javascript will be executed in a user's browser when the user is viewing that SVG file on the w",https://github.com/Live-Hack-CVE/CVE-2020-15275,['cve-2 OR cve_2'],1,2022-12-29T02:16:06+0000,2,0,,0,['CVE-2020-15275']
Live-Hack-CVE/CVE-2021-29465,Discord-Recon is a bot for the Discord chat service. Versions of Discord-Recon 0.0.3 and prior contain a vulnerability in which a remote attacker is able to overwrite any file on the system with the command results. This can result in remote code execution,https://github.com/Live-Hack-CVE/CVE-2021-29465,"['cve-2 OR cve_2', 'remote code execution']",2,2022-12-29T02:16:03+0000,1,0,,0,['CVE-2021-29465']
Live-Hack-CVE/CVE-2022-2915,A Heap-based Buffer Overflow vulnerability in the SonicWall SMA100 appliance allows a remote authenticated attacker to cause Denial of Service (DoS) on the appliance or potentially lead to code execution. This vulnerability impacts 10.2.1.5-34sv and earlie,https://github.com/Live-Hack-CVE/CVE-2022-2915,"['heap overflow', 'remote code execution']",2,2022-12-29T23:52:25+0000,2,0,,0,['CVE-2022-2915']
