repo_id,repo_full_name,file,file_sha1,match
809102376,LLMCI/LLM_Command_Injection,python_projects/tensorflow-master/tensorflow/security/advisory/tfsa-2021-154.md,00bef2091c793bb6ba9d0dcf96471a1cec8ee6dd,CVE-2021-37680
809102376,LLMCI/LLM_Command_Injection,python_projects/tensorflow-master/tensorflow/security/advisory/tfsa-2022-002.md,01206dee7ef3733723a931e20aa0f90a2bd00b53,CVE-2022-21728
809102376,LLMCI/LLM_Command_Injection,python_projects/langchain-master/libs/langchain/tests/integration_tests/vectorstores/cassettes/test_elasticsearch/TestElasticsearch.test_default_index_from_documents.yaml,02386f1bdffe056781d939889a8f5d93d24bcfee,VU#52
809102376,LLMCI/LLM_Command_Injection,python_projects/langchain-master/libs/langchain/tests/integration_tests/vectorstores/cassettes/test_elasticsearch/TestElasticsearch.test_default_index_from_documents.yaml,02386f1bdffe056781d939889a8f5d93d24bcfee,VU#438
809102376,LLMCI/LLM_Command_Injection,python_projects/langchain-master/libs/langchain/tests/integration_tests/vectorstores/cassettes/test_elasticsearch/TestElasticsearch.test_default_index_from_documents.yaml,02386f1bdffe056781d939889a8f5d93d24bcfee,VU#41
809102376,LLMCI/LLM_Command_Injection,python_projects/langchain-master/libs/langchain/tests/integration_tests/vectorstores/cassettes/test_elasticsearch/TestElasticsearch.test_default_index_from_documents.yaml,02386f1bdffe056781d939889a8f5d93d24bcfee,VU#93
809102376,LLMCI/LLM_Command_Injection,python_projects/langchain-master/libs/langchain/tests/integration_tests/vectorstores/cassettes/test_elasticsearch/TestElasticsearch.test_default_index_from_documents.yaml,02386f1bdffe056781d939889a8f5d93d24bcfee,VU#804
809102376,LLMCI/LLM_Command_Injection,python_projects/tensorflow-master/tensorflow/security/advisory/tfsa-2021-026.md,05546222b87096ad8b67be0e9551592918d2ab39,CVE-2021-29536
809102376,LLMCI/LLM_Command_Injection,python_projects/django-main/docs/releases/1.3.6.txt,05d0d997df55bb51a06651138111c54c73daf518,CVE-2013-1664
809102376,LLMCI/LLM_Command_Injection,python_projects/django-main/docs/releases/1.3.6.txt,05d0d997df55bb51a06651138111c54c73daf518,CVE-2013-1665
809102376,LLMCI/LLM_Command_Injection,python_projects/tensorflow-master/tensorflow/security/advisory/tfsa-2021-013.md,06c68274c44befdc3d360e799df59edc19e1a24e,CVE-2021-29524
809102376,LLMCI/LLM_Command_Injection,python_projects/django-main/docs/releases/3.2.22.txt,07aa4b7e2ffedc186f26812ab1bd63ce343dbea9,CVE-2023-43665
809102376,LLMCI/LLM_Command_Injection,python_projects/django-main/docs/releases/4.0.9.txt,07c20bab55bca4a800ad33c7ec5ebaec18484bea,CVE-2023-23969
809102376,LLMCI/LLM_Command_Injection,python_projects/tensorflow-master/tensorflow/security/advisory/tfsa-2021-007.md,081554e8746703bbda96d6e223b713daf9ef9e59,CVE-2021-29518
809102376,LLMCI/LLM_Command_Injection,python_projects/tensorflow-master/tensorflow/security/advisory/tfsa-2022-078.md,083b7d73d1a11f83d534b214abeb5c8c127f079a,CVE-2022-29204
809102376,LLMCI/LLM_Command_Injection,python_projects/tensorflow-master/tensorflow/security/advisory/tfsa-2022-115.md,084ebaa21ba013a4a1b51573d0d2c3121c1086ca,CVE-2022-35984
809102376,LLMCI/LLM_Command_Injection,python_projects/tensorflow-master/tensorflow/security/advisory/tfsa-2021-186.md,08d9ed507818fb33affb24ff957b06cf90a0db1f,CVE-2021-41207
809102376,LLMCI/LLM_Command_Injection,python_projects/tensorflow-master/tensorflow/security/advisory/tfsa-2021-024.md,08e7da7aa2a31d4730fe9b30cea1f15df46f6c95,CVE-2021-29534
809102376,LLMCI/LLM_Command_Injection,python_projects/tensorflow-master/tensorflow/security/advisory/tfsa-2022-150.md,0983c4e88d90878eb8e0ca466a1e430170683ce1,CVE-2022-41887
809102376,LLMCI/LLM_Command_Injection,python_projects/tensorflow-master/tensorflow/security/advisory/tfsa-2021-005.md,09cc6fa9d0f314e45b9cd15de3aaefce041cc528,CVE-2021-29516
809102376,LLMCI/LLM_Command_Injection,python_projects/tensorflow-master/tensorflow/security/advisory/tfsa-2022-011.md,09db4297be37b6813f3a542dd94602875902dcfa,CVE-2022-23567
809102376,LLMCI/LLM_Command_Injection,python_projects/tensorflow-master/tensorflow/security/advisory/tfsa-2022-011.md,09db4297be37b6813f3a542dd94602875902dcfa,CVE-2021-41197
809102376,LLMCI/LLM_Command_Injection,python_projects/tensorflow-master/tensorflow/security/advisory/tfsa-2022-021.md,0ba1ace38a69f549f92ffcb1d0b38b2cc5e3d916,CVE-2022-23557
809102376,LLMCI/LLM_Command_Injection,python_projects/django-main/docs/releases/1.11.28.txt,0bbfc8e315432ebf57d1715335d94812cce437c4,CVE-2020-7471
809102376,LLMCI/LLM_Command_Injection,python_projects/tensorflow-master/tensorflow/security/advisory/tfsa-2022-141.md,0cd75e2d18f9e05aac5b93d8d1c466499178cbcf,CVE-2022-36015
809102376,LLMCI/LLM_Command_Injection,python_projects/tensorflow-master/tensorflow/security/advisory/tfsa-2020-034.md,0d0a8b472b1a896d694365cc760801e56c2bb2e8,CVE-2020-26271
809102376,LLMCI/LLM_Command_Injection,python_projects/tensorflow-master/tensorflow/security/advisory/tfsa-2021-050.md,0d44f510b0440aa3a2f312ec2fcb653bbcdaecf6,CVE-2021-29562
809102376,LLMCI/LLM_Command_Injection,python_projects/langchain-master/libs/langchain/tests/integration_tests/vectorstores/cassettes/test_weaviate/TestWeaviate.test_max_marginal_relevance_search_by_vector.yaml,0dd94e44bc0e2da0847e0b777f7d90be6b6ab97f,VU#65
809102376,LLMCI/LLM_Command_Injection,python_projects/langchain-master/libs/langchain/tests/integration_tests/vectorstores/cassettes/test_weaviate/TestWeaviate.test_max_marginal_relevance_search_by_vector.yaml,0dd94e44bc0e2da0847e0b777f7d90be6b6ab97f,VU#024
809102376,LLMCI/LLM_Command_Injection,python_projects/tensorflow-master/tensorflow/security/advisory/tfsa-2021-174.md,0dea178a9d730e7480d44405fc5fd552282f766b,CVE-2021-41221
809102376,LLMCI/LLM_Command_Injection,python_projects/tensorflow-master/tensorflow/security/advisory/tfsa-2022-119.md,0dfa7fd2d00cacb14cc8805152a44ca48c57683c,CVE-2022-35988
809102376,LLMCI/LLM_Command_Injection,python_projects/tensorflow-master/tensorflow/security/advisory/tfsa-2022-110.md,0e4fa4b2c4582ec7e9d4ebb97b62fa9ce895f3d7,CVE-2022-35981
809102376,LLMCI/LLM_Command_Injection,python_projects/tensorflow-master/tensorflow/security/advisory/tfsa-2021-144.md,0e70953c5575b67f0bca6db768f26abaf5b79371,CVE-2021-37670
809102376,LLMCI/LLM_Command_Injection,python_projects/tensorflow-master/tensorflow/security/advisory/tfsa-2022-107.md,0eaca947c30e4b7cd30c91ba9d0a74fea5c9c562,CVE-2022-35973
809102376,LLMCI/LLM_Command_Injection,python_projects/tensorflow-master/tensorflow/security/advisory/tfsa-2022-105.md,0fbd09745b843ef786a851a7e31ed670c06b6a9f,CVE-2022-35972
809102376,LLMCI/LLM_Command_Injection,python_projects/django-main/docs/releases/3.2.17.txt,1043188f42f4478f3f0b745275cb6a4c5bdfd81f,CVE-2023-23969
809102376,LLMCI/LLM_Command_Injection,python_projects/langchain-master/cookbook/Semi_structured_multi_modal_RAG_LLaMA2.ipynb,10f66d330b3fe81c115aa02715f6f803d9dfc4a4,VU#19
809102376,LLMCI/LLM_Command_Injection,python_projects/langchain-master/cookbook/Semi_structured_multi_modal_RAG_LLaMA2.ipynb,10f66d330b3fe81c115aa02715f6f803d9dfc4a4,VU#36
809102376,LLMCI/LLM_Command_Injection,python_projects/langchain-master/cookbook/Semi_structured_multi_modal_RAG_LLaMA2.ipynb,10f66d330b3fe81c115aa02715f6f803d9dfc4a4,VU#17
809102376,LLMCI/LLM_Command_Injection,python_projects/langchain-master/cookbook/Semi_structured_multi_modal_RAG_LLaMA2.ipynb,10f66d330b3fe81c115aa02715f6f803d9dfc4a4,VU#42
809102376,LLMCI/LLM_Command_Injection,python_projects/langchain-master/cookbook/Semi_structured_multi_modal_RAG_LLaMA2.ipynb,10f66d330b3fe81c115aa02715f6f803d9dfc4a4,VU#24
809102376,LLMCI/LLM_Command_Injection,python_projects/langchain-master/cookbook/Semi_structured_multi_modal_RAG_LLaMA2.ipynb,10f66d330b3fe81c115aa02715f6f803d9dfc4a4,VU#267
809102376,LLMCI/LLM_Command_Injection,python_projects/langchain-master/cookbook/Semi_structured_multi_modal_RAG_LLaMA2.ipynb,10f66d330b3fe81c115aa02715f6f803d9dfc4a4,VU#27
809102376,LLMCI/LLM_Command_Injection,python_projects/langchain-master/cookbook/Semi_structured_multi_modal_RAG_LLaMA2.ipynb,10f66d330b3fe81c115aa02715f6f803d9dfc4a4,VU#00
809102376,LLMCI/LLM_Command_Injection,python_projects/langchain-master/cookbook/Semi_structured_multi_modal_RAG_LLaMA2.ipynb,10f66d330b3fe81c115aa02715f6f803d9dfc4a4,VU#59
809102376,LLMCI/LLM_Command_Injection,python_projects/langchain-master/cookbook/Semi_structured_multi_modal_RAG_LLaMA2.ipynb,10f66d330b3fe81c115aa02715f6f803d9dfc4a4,VU#96
809102376,LLMCI/LLM_Command_Injection,python_projects/langchain-master/cookbook/Semi_structured_multi_modal_RAG_LLaMA2.ipynb,10f66d330b3fe81c115aa02715f6f803d9dfc4a4,VU#91
809102376,LLMCI/LLM_Command_Injection,python_projects/langchain-master/cookbook/Semi_structured_multi_modal_RAG_LLaMA2.ipynb,10f66d330b3fe81c115aa02715f6f803d9dfc4a4,VU#28
809102376,LLMCI/LLM_Command_Injection,python_projects/langchain-master/cookbook/Semi_structured_multi_modal_RAG_LLaMA2.ipynb,10f66d330b3fe81c115aa02715f6f803d9dfc4a4,VU#89
809102376,LLMCI/LLM_Command_Injection,python_projects/langchain-master/cookbook/Semi_structured_multi_modal_RAG_LLaMA2.ipynb,10f66d330b3fe81c115aa02715f6f803d9dfc4a4,VU#87
809102376,LLMCI/LLM_Command_Injection,python_projects/langchain-master/cookbook/Semi_structured_multi_modal_RAG_LLaMA2.ipynb,10f66d330b3fe81c115aa02715f6f803d9dfc4a4,VU#855
809102376,LLMCI/LLM_Command_Injection,python_projects/langchain-master/cookbook/Semi_structured_multi_modal_RAG_LLaMA2.ipynb,10f66d330b3fe81c115aa02715f6f803d9dfc4a4,VU#62
809102376,LLMCI/LLM_Command_Injection,python_projects/langchain-master/cookbook/Semi_structured_multi_modal_RAG_LLaMA2.ipynb,10f66d330b3fe81c115aa02715f6f803d9dfc4a4,VU#85
809102376,LLMCI/LLM_Command_Injection,python_projects/langchain-master/cookbook/Semi_structured_multi_modal_RAG_LLaMA2.ipynb,10f66d330b3fe81c115aa02715f6f803d9dfc4a4,VU#66
809102376,LLMCI/LLM_Command_Injection,python_projects/tensorflow-master/tensorflow/security/advisory/tfsa-2020-011.md,11123937b7d9ce107def98365f76b42eda6addca,CVE-2020-15205
809102376,LLMCI/LLM_Command_Injection,python_projects/tensorflow-master/tensorflow/security/advisory/tfsa-2021-022.md,1116425b8594db66c7e5e926c93f17f68f359cb9,CVE-2021-29533
809102376,LLMCI/LLM_Command_Injection,python_projects/tensorflow-master/tensorflow/security/advisory/tfsa-2020-020.md,1178365415f5e3534d4272cb9702b8976066526d,CVE-2020-15196
809102376,LLMCI/LLM_Command_Injection,python_projects/tensorflow-master/tensorflow/security/advisory/tfsa-2022-007.md,11cdbbc41f95b9cb896eb5b60cdb1864d4a56a27,CVE-2022-21731
809102376,LLMCI/LLM_Command_Injection,python_projects/tensorflow-master/tensorflow/security/advisory/tfsa-2021-016.md,1242669c27d15e38f953c738cc3c5a175d697261,CVE-2021-29527
809102376,LLMCI/LLM_Command_Injection,python_projects/tensorflow-master/tensorflow/security/advisory/tfsa-2021-058.md,129097efc84f37b8890e06be3a8c41a9c5d8d6c3,CVE-2021-29569
809102376,LLMCI/LLM_Command_Injection,python_projects/tensorflow-master/tensorflow/security/advisory/tfsa-2022-045.md,12cba07b22447675fa82a8fb18d62e9680bf44a9,CVE-2022-23582
809102376,LLMCI/LLM_Command_Injection,python_projects/tensorflow-master/tensorflow/security/advisory/tfsa-2021-153.md,132b692515d65b161443b788547898065dd24d50,CVE-2021-37679
809102376,LLMCI/LLM_Command_Injection,python_projects/tensorflow-master/tensorflow/security/advisory/tfsa-2022-165.md,133550045a2f1fedc40a613e144d28b27ed54fee,CVE-2022-41900
809102376,LLMCI/LLM_Command_Injection,python_projects/tensorflow-master/tensorflow/security/advisory/tfsa-2020-004.md,140de53a6e35ec95b2e57e54de4da0cd4337bf83,CVE-2020-15212
809102376,LLMCI/LLM_Command_Injection,python_projects/tensorflow-master/tensorflow/security/advisory/tfsa-2020-010.md,142d12112df0aac6384cc269e204adf4b0249c81,CVE-2020-15206
809102376,LLMCI/LLM_Command_Injection,python_projects/tensorflow-master/tensorflow/security/advisory/tfsa-2021-004.md,14ac9e6f482d7d62f2af840ec36bf04914499b13,CVE-2021-29515
809102376,LLMCI/LLM_Command_Injection,python_projects/tensorflow-master/tensorflow/security/advisory/tfsa-2022-132.md,14c82be96d96581887b661c7c050ff2f92399c2c,CVE-2022-36004
809102376,LLMCI/LLM_Command_Injection,python_projects/django-main/docs/releases/1.11.21.txt,1584421129a7c065ccd598cdd67e136cda14fafd,CVE-2019-12308
809102376,LLMCI/LLM_Command_Injection,python_projects/tensorflow-master/tensorflow/security/advisory/tfsa-2020-029.md,15abb6b6aa5c1f74f0a4e1847a801cfd62bfeb89,CVE-2020-26266
809102376,LLMCI/LLM_Command_Injection,python_projects/tensorflow-master/tensorflow/security/advisory/tfsa-2022-127.md,164685ba82bc54ad153fe9f1db4e1c4a33c14b87,CVE-2022-35993
809102376,LLMCI/LLM_Command_Injection,python_projects/tensorflow-master/tensorflow/security/advisory/tfsa-2022-123.md,18485f802175e31f9805da199e6c714c8a2c3a99,CVE-2022-35997
809102376,LLMCI/LLM_Command_Injection,python_projects/tensorflow-master/tensorflow/security/advisory/tfsa-2021-132.md,18f218213fc32c5120df7087019b75d9f23f10c8,CVE-2021-37658
809102376,LLMCI/LLM_Command_Injection,python_projects/tensorflow-master/tensorflow/security/advisory/tfsa-2018-002.md,191127a3d8febdd06dad7159e83f31480a8120a0,CVE-2018-7576
809102376,LLMCI/LLM_Command_Injection,python_projects/django-main/docs/releases/1.9.13.txt,1916738ffdedfac29b143bc3a46699dac96db943,CVE-2017-7234
809102376,LLMCI/LLM_Command_Injection,python_projects/django-main/docs/releases/1.9.13.txt,1916738ffdedfac29b143bc3a46699dac96db943,CVE-2017-7233
809102376,LLMCI/LLM_Command_Injection,python_projects/tensorflow-master/tensorflow/security/advisory/tfsa-2022-040.md,1926198db7c9a25e77f90587f62b9aa5dc0c7cf7,CVE-2022-23577
809102376,LLMCI/LLM_Command_Injection,python_projects/tensorflow-master/tensorflow/security/advisory/tfsa-2022-167.md,1a06aff71b12d59bb02078dba2c5c262cada3261,CVE-2022-41902
809102376,LLMCI/LLM_Command_Injection,python_projects/tensorflow-master/tensorflow/security/advisory/tfsa-2022-121.md,1a30fbaa3bc1cce04e29cc4400c71109df7191cc,CVE-2022-35999
809102376,LLMCI/LLM_Command_Injection,python_projects/tensorflow-master/tensorflow/security/advisory/tfsa-2021-157.md,1a6142288262c6b285f70623f2209ec3da3cdae9,CVE-2021-37683
809102376,LLMCI/LLM_Command_Injection,python_projects/django-main/docs/releases/3.1.9.txt,1a75028ec4cd1d88e91e2af569e4faacc67a42aa,CVE-2021-31542
809102376,LLMCI/LLM_Command_Injection,python_projects/tensorflow-master/tensorflow/security/advisory/tfsa-2022-113.md,1aa04c0cc535bc1627c0631a854f6c8156acb26d,CVE-2022-35982
809102376,LLMCI/LLM_Command_Injection,python_projects/tensorflow-master/tensorflow/security/advisory/tfsa-2020-031.md,1b5a2c8dc7d873b661f04328b5a199b565bef345,CVE-2020-26268
809102376,LLMCI/LLM_Command_Injection,python_projects/tensorflow-master/tensorflow/security/advisory/tfsa-2020-003.md,1b6e33aabf6bed2e98954e9eb97fc4d9eb62c7a9,CVE-2020-15213
809102376,LLMCI/LLM_Command_Injection,python_projects/django-main/docs/releases/4.0.2.txt,1bbf2ea757786e0a34b8f4e5561b77dcf1a7bb7d,CVE-2022-23833
809102376,LLMCI/LLM_Command_Injection,python_projects/django-main/docs/releases/4.0.2.txt,1bbf2ea757786e0a34b8f4e5561b77dcf1a7bb7d,CVE-2022-22818
809102376,LLMCI/LLM_Command_Injection,python_projects/langchain-master/cookbook/learned_prompt_optimization.ipynb,1bbfd7f2989c99abd3d28901d93119945aef0918,VU#99
809102376,LLMCI/LLM_Command_Injection,python_projects/langchain-master/cookbook/learned_prompt_optimization.ipynb,1bbfd7f2989c99abd3d28901d93119945aef0918,VU#93
809102376,LLMCI/LLM_Command_Injection,python_projects/langchain-master/cookbook/learned_prompt_optimization.ipynb,1bbfd7f2989c99abd3d28901d93119945aef0918,VU#07
809102376,LLMCI/LLM_Command_Injection,python_projects/tensorflow-master/tensorflow/security/advisory/tfsa-2021-101.md,1caa2065acbee099e3d589ff55a1970e33085386,CVE-2021-29613
809102376,LLMCI/LLM_Command_Injection,python_projects/django-main/docs/releases/2.2.10.txt,1cd784da87f18d2f54b2763a363858b44ffe6110,CVE-2020-7471
809102376,LLMCI/LLM_Command_Injection,python_projects/django-main/docs/releases/1.11.22.txt,1e617d8384b40a4c9b98864289b2d3d2c2787267,CVE-2019-12781
809102376,LLMCI/LLM_Command_Injection,python_projects/django-main/docs/releases/1.11.23.txt,1eb10719c52b44fd01f9aa502fe03180b439a36c,CVE-2019-14235
809102376,LLMCI/LLM_Command_Injection,python_projects/django-main/docs/releases/1.11.23.txt,1eb10719c52b44fd01f9aa502fe03180b439a36c,CVE-2019-14234
809102376,LLMCI/LLM_Command_Injection,python_projects/django-main/docs/releases/1.11.23.txt,1eb10719c52b44fd01f9aa502fe03180b439a36c,CVE-2019-14232
809102376,LLMCI/LLM_Command_Injection,python_projects/django-main/docs/releases/1.11.23.txt,1eb10719c52b44fd01f9aa502fe03180b439a36c,CVE-2019-14233
809102376,LLMCI/LLM_Command_Injection,python_projects/tensorflow-master/tensorflow/security/advisory/tfsa-2021-072.md,1ec2ad9d2c85cfe5d6b54f8b14d0fafb0851d346,CVE-2021-29583
809102376,LLMCI/LLM_Command_Injection,python_projects/tensorflow-master/tensorflow/security/advisory/tfsa-2021-036.md,1eea317c3b463a274f66a737eea78af0a6122829,CVE-2021-29548
809102376,LLMCI/LLM_Command_Injection,python_projects/tensorflow-master/tensorflow/security/advisory/tfsa-2021-116.md,1fa70066cb8f7c8d9030ee9b2e5c2cbcbf586b04,CVE-2021-37641
809102376,LLMCI/LLM_Command_Injection,python_projects/tensorflow-master/tensorflow/security/advisory/tfsa-2022-133.md,1fc57ed4feaba4ad7097ec8e7425245dfd4a0b3a,CVE-2022-36003
809102376,LLMCI/LLM_Command_Injection,python_projects/tensorflow-master/tensorflow/security/advisory/tfsa-2022-017.md,1ff30b299dbfdb47bc53d1db6c57cea0aa3fd730,CVE-2022-21737
809102376,LLMCI/LLM_Command_Injection,python_projects/django-main/docs/releases/2.1.9.txt,1ff8f892bee436b780c24dda32f85f83cc262b1f,CVE-2019-12308
809102376,LLMCI/LLM_Command_Injection,python_projects/django-main/docs/releases/2.1.9.txt,1ff8f892bee436b780c24dda32f85f83cc262b1f,CVE-2019-11358
809102376,LLMCI/LLM_Command_Injection,python_projects/tensorflow-master/tensorflow/security/advisory/tfsa-2022-049.md,203bfc80aa56b9e8814561d8ba090a73df9b7366,CVE-2022-23586
809102376,LLMCI/LLM_Command_Injection,python_projects/django-main/docs/releases/2.1.6.txt,2058f00e754d543b7d4a1c6ab40846a4e64c02ba,CVE-2019-6975
809102376,LLMCI/LLM_Command_Injection,python_projects/tensorflow-master/tensorflow/security/advisory/tfsa-2021-181.md,207009b3de6c19f9158079cab9ec5bb5911b50a4,CVE-2021-41215
809102376,LLMCI/LLM_Command_Injection,python_projects/tensorflow-master/tensorflow/security/advisory/tfsa-2022-145.md,207c20fc3959567f9491e5d68f8b876a728bbff7,CVE-2022-41883
809102376,LLMCI/LLM_Command_Injection,python_projects/django-main/docs/releases/3.1.6.txt,221e5e2c23a9cd28e0f0985ec912865307823d1c,CVE-2021-3281
809102376,LLMCI/LLM_Command_Injection,python_projects/tensorflow-master/tensorflow/security/advisory/tfsa-2022-147.md,22de0ce1c1f5a879a38e7f33a731c5b63faa74c8,CVE-2022-41885
809102376,LLMCI/LLM_Command_Injection,python_projects/django-main/docs/releases/3.2.11.txt,24700981b61a7a6f02e89d72f111736a4bd3e8ce,CVE-2021-45116
809102376,LLMCI/LLM_Command_Injection,python_projects/django-main/docs/releases/3.2.11.txt,24700981b61a7a6f02e89d72f111736a4bd3e8ce,CVE-2021-45452
809102376,LLMCI/LLM_Command_Injection,python_projects/django-main/docs/releases/3.2.11.txt,24700981b61a7a6f02e89d72f111736a4bd3e8ce,CVE-2021-45115
809102376,LLMCI/LLM_Command_Injection,python_projects/django-main/docs/releases/4.2.5.txt,24c78713b4eff93e3b9c0421505fe99f8a3ffb22,CVE-2023-41164
809102376,LLMCI/LLM_Command_Injection,python_projects/tensorflow-master/tensorflow/security/advisory/tfsa-2022-024.md,25859c098a37eda7ac67d49e98f40c67c3b3ccac,CVE-2022-23559
809102376,LLMCI/LLM_Command_Injection,python_projects/django-main/docs/releases/2.2.22.txt,25aace866c347418696f147db8f5793382150857,CVE-2021-32052
809102376,LLMCI/LLM_Command_Injection,python_projects/tensorflow-master/tensorflow/security/advisory/tfsa-2020-015.md,25b0a35d638b7319630fb5b5c7ff7887063934e9,CVE-2020-15201
809102376,LLMCI/LLM_Command_Injection,python_projects/tensorflow-master/tensorflow/security/advisory/tfsa-2021-074.md,25e41de1787a7eb08cc467cc7328479e144a98a2,CVE-2021-29586
809102376,LLMCI/LLM_Command_Injection,python_projects/tensorflow-master/tensorflow/security/advisory/tfsa-2021-079.md,261845f1feded5dc4dfd9350de36abc790a0ba00,CVE-2021-29592
809102376,LLMCI/LLM_Command_Injection,python_projects/tensorflow-master/tensorflow/security/advisory/tfsa-2021-079.md,261845f1feded5dc4dfd9350de36abc790a0ba00,CVE-2020-15209
809102376,LLMCI/LLM_Command_Injection,python_projects/tensorflow-master/tensorflow/security/advisory/tfsa-2022-051.md,2685dc9573d295a373920f7966233984b3280066,CVE-2022-23587
809102376,LLMCI/LLM_Command_Injection,python_projects/tensorflow-master/tensorflow/security/advisory/tfsa-2021-077.md,273f087239470b5c2b3ad01d31cadb1761999303,CVE-2021-29588
809102376,LLMCI/LLM_Command_Injection,python_projects/tensorflow-master/tensorflow/security/advisory/tfsa-2022-161.md,274b7effb9aea7814a78a0ed92cf1fd80d5e5f76,CVE-2022-41899
809102376,LLMCI/LLM_Command_Injection,python_projects/tensorflow-master/tensorflow/security/advisory/tfsa-2020-032.md,27d1bacc3b3fb58eeb8f2b98c28d18a16cc8a2da,CVE-2020-26269
809102376,LLMCI/LLM_Command_Injection,python_projects/tensorflow-master/tensorflow/security/advisory/tfsa-2021-171.md,28460e900d77bf180151064c61b751272514e922,CVE-2021-41226
809102376,LLMCI/LLM_Command_Injection,python_projects/django-main/docs/releases/2.1.2.txt,28b3a8566b1d16bedd67c367b594fb85bffa9663,CVE-2018-16984
809102376,LLMCI/LLM_Command_Injection,python_projects/tensorflow-master/tensorflow/security/advisory/tfsa-2022-155.md,290b2dcc7037fa6a8d82415a987cc783f2357a5f,CVE-2022-41893
809102376,LLMCI/LLM_Command_Injection,python_projects/langchain-master/libs/langchain/tests/integration_tests/vectorstores/cassettes/test_elasticsearch/TestElasticsearch.test_custom_index_add_documents.yaml,2916c3de77dfea0eeaa6743dcbefa6a106848d8e,VU#52
809102376,LLMCI/LLM_Command_Injection,python_projects/langchain-master/libs/langchain/tests/integration_tests/vectorstores/cassettes/test_elasticsearch/TestElasticsearch.test_custom_index_add_documents.yaml,2916c3de77dfea0eeaa6743dcbefa6a106848d8e,VU#438
809102376,LLMCI/LLM_Command_Injection,python_projects/langchain-master/libs/langchain/tests/integration_tests/vectorstores/cassettes/test_elasticsearch/TestElasticsearch.test_custom_index_add_documents.yaml,2916c3de77dfea0eeaa6743dcbefa6a106848d8e,VU#58
809102376,LLMCI/LLM_Command_Injection,python_projects/tensorflow-master/tensorflow/security/advisory/tfsa-2021-113.md,292c9325fbcab395ada06239feeb96c7bcbd61fa,CVE-2021-37639
809102376,LLMCI/LLM_Command_Injection,python_projects/django-main/docs/releases/2.0.10.txt,294613079cbaf092dcf1f27c33cf2c9648495277,CVE-2019-3498
809102376,LLMCI/LLM_Command_Injection,python_projects/django-main/docs/releases/2.2.16.txt,2a6a7a66dbcc2be5845fc2e7d2fd1d18107d69e1,CVE-2020-24583
809102376,LLMCI/LLM_Command_Injection,python_projects/django-main/docs/releases/2.2.16.txt,2a6a7a66dbcc2be5845fc2e7d2fd1d18107d69e1,CVE-2020-24584
809102376,LLMCI/LLM_Command_Injection,python_projects/tensorflow-master/tensorflow/security/advisory/tfsa-2021-019.md,2b723f36ebe566d0233fad0e0139f87f0887424a,CVE-2021-29529
809102376,LLMCI/LLM_Command_Injection,python_projects/tensorflow-master/tensorflow/security/advisory/tfsa-2022-026.md,2b90ccaaaea02fe43a42e5ebf861590adb0046fe,CVE-2022-23560
809102376,LLMCI/LLM_Command_Injection,python_projects/tensorflow-master/tensorflow/security/advisory/tfsa-2021-182.md,2c182ca85421585a6c150a63814902e2987178f7,CVE-2021-41214
809102376,LLMCI/LLM_Command_Injection,python_projects/tensorflow-master/tensorflow/security/advisory/tfsa-2021-149.md,2c44982d9aadb4fb61fa50212153da9a290e929c,CVE-2021-37676
809102376,LLMCI/LLM_Command_Injection,python_projects/tensorflow-master/tensorflow/security/advisory/tfsa-2022-046.md,2c59aa1c0749c3d68927fab3b9d74a7b7d7a3104,CVE-2022-23583
809102376,LLMCI/LLM_Command_Injection,python_projects/tensorflow-master/tensorflow/security/advisory/tfsa-2022-142.md,2cbf4af6c48862945dac40ded133e93b6124c672,CVE-2022-36016
809102376,LLMCI/LLM_Command_Injection,python_projects/tensorflow-master/third_party/icu/data/icu_conversion_data.c.gz.aaf,2dc014621c7f696e2d9f7d04e6662c2337beabfe,VU#24
809102376,LLMCI/LLM_Command_Injection,python_projects/tensorflow-master/tensorflow/security/advisory/tfsa-2022-082.md,2e1e15abc3b276d8d83eba28e67813e331fb076e,CVE-2022-29213
809102376,LLMCI/LLM_Command_Injection,python_projects/django-main/docs/releases/3.2.4.txt,2e285afed0139aee2060261550c1b26bee3f2a8d,CVE-2021-33571
809102376,LLMCI/LLM_Command_Injection,python_projects/django-main/docs/releases/3.2.4.txt,2e285afed0139aee2060261550c1b26bee3f2a8d,CVE-2021-33203
809102376,LLMCI/LLM_Command_Injection,python_projects/tensorflow-master/tensorflow/security/advisory/tfsa-2020-030.md,2e38d501558baf92e46bec77e2f7713357139f49,CVE-2020-26267
809102376,LLMCI/LLM_Command_Injection,python_projects/tensorflow-master/tensorflow/security/advisory/tfsa-2021-057.md,2ecae939dbc66eb463c8634e24740d4e5cfef087,CVE-2021-29570
809102376,LLMCI/LLM_Command_Injection,python_projects/tensorflow-master/tensorflow/security/advisory/tfsa-2023-009.md,2ed4366d07e5ac2aed7be4365b54dfdbfd7c2d72,CVE-2023-25674
809102376,LLMCI/LLM_Command_Injection,python_projects/tensorflow-master/tensorflow/security/advisory/tfsa-2022-053.md,2f854d6da9f9edb4e2bba45e09222abdc3e24110,CVE-2021-41197
809102376,LLMCI/LLM_Command_Injection,python_projects/tensorflow-master/tensorflow/security/advisory/tfsa-2022-151.md,3054853cfe54d5d61b72a758dbcc2da29443a212,CVE-2022-41888
809102376,LLMCI/LLM_Command_Injection,python_projects/scikit-learn-main/sklearn/svm/tests/test_svm.py,3054aae8abbb5d5d9325ebeb189a774cb4570a74,CVE-2020-28975
809102376,LLMCI/LLM_Command_Injection,python_projects/tensorflow-master/third_party/xla/xla/tests/array_elementwise_ops_test.cc,3087adc82b6bbc76bc0500046f24f68cc2e61e7a,VU#32
809102376,LLMCI/LLM_Command_Injection,python_projects/tensorflow-master/tensorflow/security/advisory/tfsa-2022-090.md,31847dff44a710589f1ecd69efe27aa9d9eaa485,CVE-2022-35940
809102376,LLMCI/LLM_Command_Injection,python_projects/tensorflow-master/tensorflow/security/advisory/tfsa-2022-080.md,31a38b1d33e4ed5d89a3541a8927062bf3ff8f7b,CVE-2022-29211
809102376,LLMCI/LLM_Command_Injection,python_projects/tensorflow-master/tensorflow/security/advisory/tfsa-2023-004.md,31c4ce9c962e3089d1444c5336d29ef9931d285a,CVE-2023-25667
809102376,LLMCI/LLM_Command_Injection,python_projects/tensorflow-master/tensorflow/security/advisory/tfsa-2021-003.md,322dbe9cc810b2f2e66e16f5a90f88c1a0dbf9d4,CVE-2021-29513
809102376,LLMCI/LLM_Command_Injection,python_projects/django-main/docs/releases/3.0.7.txt,32bfef0aab5e325feab2ded82c5c338299eb2589,CVE-2020-13596
809102376,LLMCI/LLM_Command_Injection,python_projects/django-main/docs/releases/3.0.7.txt,32bfef0aab5e325feab2ded82c5c338299eb2589,CVE-2020-13254
809102376,LLMCI/LLM_Command_Injection,python_projects/tensorflow-master/tensorflow/security/advisory/tfsa-2022-075.md,32f40a7e817a7f45ff30fedc864c87924934027f,CVE-2022-29201
809102376,LLMCI/LLM_Command_Injection,python_projects/tensorflow-master/tensorflow/security/advisory/tfsa-2021-180.md,333ed61611c3369d1e801c89b71d4f247bf62b33,CVE-2021-41213
809102376,LLMCI/LLM_Command_Injection,python_projects/tensorflow-master/tensorflow/security/advisory/tfsa-2022-014.md,33999137f3ea923a105e9f786810e4645818faeb,CVE-2022-21735
809102376,LLMCI/LLM_Command_Injection,python_projects/tensorflow-master/tensorflow/security/advisory/tfsa-2022-125.md,34566c9edf9c7b32b719081554d3642966ff3e67,CVE-2022-35995
809102376,LLMCI/LLM_Command_Injection,python_projects/tensorflow-master/tensorflow/security/advisory/tfsa-2021-138.md,36a4a519ab093dbd6953b7d3c93152134cda15c5,CVE-2021-37663
809102376,LLMCI/LLM_Command_Injection,python_projects/django-main/docs/releases/2.0.3.txt,370748e568bf89e73e55da4512a7a6f9255ee4fd,CVE-2018-7536
809102376,LLMCI/LLM_Command_Injection,python_projects/django-main/docs/releases/2.0.3.txt,370748e568bf89e73e55da4512a7a6f9255ee4fd,CVE-2018-7537
809102376,LLMCI/LLM_Command_Injection,python_projects/tensorflow-master/tensorflow/security/advisory/tfsa-2022-010.md,37f03133933b39de672debc89583de096eb72a19,CVE-2021-41208
809102376,LLMCI/LLM_Command_Injection,python_projects/django-main/docs/releases/4.1.6.txt,383a14088e976b1c9ad5b736bdbed31f59b07139,CVE-2023-23969
809102376,LLMCI/LLM_Command_Injection,python_projects/tensorflow-master/tensorflow/security/advisory/tfsa-2022-138.md,3850f9804a315047e822f83eae458f2d99e806bf,CVE-2022-36012
809102376,LLMCI/LLM_Command_Injection,python_projects/tensorflow-master/tensorflow/security/advisory/tfsa-2023-007.md,38538987db30d1c84e8a4400d6e20b3921b3387a,CVE-2023-25675
809102376,LLMCI/LLM_Command_Injection,python_projects/tensorflow-master/tensorflow/security/advisory/tfsa-2021-120.md,38f49acf30d0ad3fa743e2b297c2ce4c67bf3b2d,CVE-2021-37646
809102376,LLMCI/LLM_Command_Injection,python_projects/tensorflow-master/third_party/icu/data/icu_conversion_data.c.gz.aab,39b8948fa9a7c47a54094869c6729ef495804f60,VU#991
809102376,LLMCI/LLM_Command_Injection,python_projects/tensorflow-master/tensorflow/security/advisory/tfsa-2021-161.md,3a392ba1d6d479604dbe77a25383917e9c6ac7c2,CVE-2021-37687
809102376,LLMCI/LLM_Command_Injection,python_projects/django-main/docs/releases/4.1.10.txt,3c6cc9c9d80511350fd9809bce6af3ef758be8cf,CVE-2023-36053
809102376,LLMCI/LLM_Command_Injection,python_projects/tensorflow-master/tensorflow/security/advisory/tfsa-2021-160.md,3ca84453f27a7a241a041d6e6af1e5bb0279fce3,CVE-2021-37685
809102376,LLMCI/LLM_Command_Injection,python_projects/tensorflow-master/tensorflow/security/advisory/tfsa-2022-061.md,3cc74af334ffa17c8893f25f239642e48b94df52,CVE-2022-29193
809102376,LLMCI/LLM_Command_Injection,python_projects/tensorflow-master/tensorflow/security/advisory/tfsa-2021-151.md,4017c93f831329cbc853782c917ed38cd6b6b895,CVE-2021-37677
809102376,LLMCI/LLM_Command_Injection,python_projects/tensorflow-master/tensorflow/security/advisory/tfsa-2021-179.md,40b35a54fe7044b17469275f064178aa15f091f8,CVE-2021-41216
809102376,LLMCI/LLM_Command_Injection,python_projects/tensorflow-master/tensorflow/security/advisory/tfsa-2020-028.md,412049f513735f89187fcbeaa2af8c5c582f7834,CVE-2020-15266
809102376,LLMCI/LLM_Command_Injection,python_projects/tensorflow-master/tensorflow/security/advisory/tfsa-2021-078.md,415e6a29cc747613a065ee5e8a78e35cbb01c0cf,CVE-2021-29590
809102376,LLMCI/LLM_Command_Injection,python_projects/tensorflow-master/tensorflow/security/advisory/tfsa-2021-189.md,4165ea0b1511f90d747c0f29b0bdd539c39fc792,CVE-2021-41208
809102376,LLMCI/LLM_Command_Injection,python_projects/tensorflow-master/tensorflow/security/advisory/tfsa-2021-173.md,41dadd25c1c021afd0688023e9bb344187a3809a,CVE-2021-41222
809102376,LLMCI/LLM_Command_Injection,python_projects/tensorflow-master/tensorflow/security/advisory/tfsa-2023-001.md,41f6191370f1772bca2dd08845c949e9e124b27d,CVE-2023-27579
809102376,LLMCI/LLM_Command_Injection,python_projects/django-main/docs/releases/3.1.13.txt,42f6ef419066d2affcce42dcdfa0e4ac20c8dd2c,CVE-2021-35042
809102376,LLMCI/LLM_Command_Injection,python_projects/django-main/docs/releases/4.1.13.txt,435faa198f0fd5e89d73958aebf481bce4c90944,CVE-2023-46695
809102376,LLMCI/LLM_Command_Injection,python_projects/tensorflow-master/tensorflow/security/advisory/tfsa-2021-126.md,44819f2180391c5d5b8854b2b9e4e8a3cf9c9f88,CVE-2021-37652
809102376,LLMCI/LLM_Command_Injection,python_projects/tensorflow-master/tensorflow/security/advisory/tfsa-2022-057.md,459e5773b83ad2f7a1485ef70bd271be299e8e11,CVE-2022-23594
809102376,LLMCI/LLM_Command_Injection,python_projects/tensorflow-master/tensorflow/security/advisory/tfsa-2021-170.md,46bfc8f436108267c2ff2b175bf46cb8d63e6b7e,CVE-2021-41227
809102376,LLMCI/LLM_Command_Injection,python_projects/tensorflow-master/tensorflow/security/advisory/tfsa-2022-066.md,4769f0aeb2d147a13f60a4f86a6872d872c64c67,CVE-2022-29197
809102376,LLMCI/LLM_Command_Injection,python_projects/tensorflow-master/third_party/icu/data/icu_conversion_data.c.gz.adh,47eadf7960acdc81dc06fa8f6b1cf8250d2ced31,VU#84
809102376,LLMCI/LLM_Command_Injection,python_projects/pytorch-main/docs/source/community/design.rst,49870c7bbaeb3d3a8ab51180e409cfbc0df135f8,VU#14
809102376,LLMCI/LLM_Command_Injection,python_projects/tensorflow-master/tensorflow/security/advisory/tfsa-2022-166.md,4a09b7521a873497fc62aded7f82a59353bfc8d4,CVE-2022-41911
809102376,LLMCI/LLM_Command_Injection,python_projects/tensorflow-master/tensorflow/security/advisory/tfsa-2022-109.md,4a9d3521b904ba53e0b8b18b8f8bd4ac045490d8,CVE-2022-35979
809102376,LLMCI/LLM_Command_Injection,python_projects/tensorflow-master/tensorflow/security/advisory/tfsa-2021-200.md,4afc46734d1620a289470d775b0d6c7794beaa5b,CVE-2021-41195
809102376,LLMCI/LLM_Command_Injection,python_projects/tensorflow-master/tensorflow/security/advisory/tfsa-2021-200.md,4afc46734d1620a289470d775b0d6c7794beaa5b,CVE-2021-29584
809102376,LLMCI/LLM_Command_Injection,python_projects/django-main/docs/releases/2.2.18.txt,4b4e96d6213d39225ca0ea8f8b313dfa0418cfdd,CVE-2021-3281
809102376,LLMCI/LLM_Command_Injection,python_projects/tensorflow-master/tensorflow/security/advisory/tfsa-2021-054.md,4b5a4b2840cfd6634dcdd611b115ed54a10feb25,CVE-2021-29566
809102376,LLMCI/LLM_Command_Injection,python_projects/tensorflow-master/tensorflow/security/advisory/tfsa-2022-096.md,4b695a6bbd1c55567e6d8d4e736174f0c0c977a2,CVE-2022-35964
809102376,LLMCI/LLM_Command_Injection,python_projects/pytorch-main/.circleci/config.yml,4c32a9acfb740025d2956d074eb4d9aa99cd6694,VU#31
809102376,LLMCI/LLM_Command_Injection,python_projects/tensorflow-master/tensorflow/security/advisory/tfsa-2021-133.md,4c7fdc0e603164999bb824460101e291081145d8,CVE-2021-37659
809102376,LLMCI/LLM_Command_Injection,python_projects/tensorflow-master/tensorflow/security/advisory/tfsa-2022-116.md,4d47f9bf7834a6202c8be69c78a541fec5bce2a8,CVE-2022-35985
809102376,LLMCI/LLM_Command_Injection,python_projects/tensorflow-master/tensorflow/security/advisory/tfsa-2021-046.md,4da75774ec58effef7808c60f79857d489265d93,CVE-2021-29558
809102376,LLMCI/LLM_Command_Injection,python_projects/django-main/docs/releases/1.11.5.txt,4e4ac1a4d9681bc810b8fbbe6ea176568e646820,CVE-2017-12794
809102376,LLMCI/LLM_Command_Injection,python_projects/tensorflow-master/tensorflow/security/advisory/tfsa-2021-095.md,4e8abbb4a83b9f3ac4313c28ab61cd007968159a,CVE-2021-29608
809102376,LLMCI/LLM_Command_Injection,python_projects/tensorflow-master/tensorflow/security/advisory/tfsa-2021-045.md,4f2bc31d38b1635ce6760b60d765993d772df4ae,CVE-2021-29556
809102376,LLMCI/LLM_Command_Injection,python_projects/tensorflow-master/tensorflow/security/advisory/tfsa-2022-001.md,4f8f70a276b6da63bacc6a6b788b0deb34cc160c,CVE-2022-21725
809102376,LLMCI/LLM_Command_Injection,python_projects/tensorflow-master/tensorflow/security/advisory/tfsa-2022-137.md,4fc63de4a425bef76e343caf5c525eda0350bc80,CVE-2022-36011
809102376,LLMCI/LLM_Command_Injection,python_projects/django-main/docs/releases/3.1.8.txt,4ff58529020605845cc34dc6d9a7e276cbd20645,CVE-2021-28658
809102376,LLMCI/LLM_Command_Injection,python_projects/tensorflow-master/tensorflow/security/advisory/tfsa-2021-066.md,50309a310f6eea120a5f17a93e7d5116b6269f40,CVE-2021-29580
809102376,LLMCI/LLM_Command_Injection,python_projects/tensorflow-master/tensorflow/security/advisory/tfsa-2021-076.md,506043a06caaace9f75d437b1d1ba165cf007a91,CVE-2021-29589
809102376,LLMCI/LLM_Command_Injection,python_projects/tensorflow-master/tensorflow/security/advisory/tfsa-2021-128.md,50a303d71b7fa26dca1510ff1d3def7a339ac157,CVE-2021-37654
809102376,LLMCI/LLM_Command_Injection,python_projects/tensorflow-master/tensorflow/security/advisory/tfsa-2021-080.md,5100b8bddd722fc6a8030063c68cb2e016f5bd38,CVE-2021-29591
809102376,LLMCI/LLM_Command_Injection,python_projects/tensorflow-master/tensorflow/security/advisory/tfsa-2021-089.md,516cd4e8bcfc99fbf502b0b6116bc170c3d748f0,CVE-2021-29602
809102376,LLMCI/LLM_Command_Injection,python_projects/tensorflow-master/tensorflow/security/advisory/tfsa-2022-029.md,521c370e2d521646941983fff1345ec9b931b04f,CVE-2021-41206
809102376,LLMCI/LLM_Command_Injection,python_projects/django-main/docs/releases/3.2.5.txt,5252bff196190c0de1663ef7580899b1e40a858c,CVE-2021-35042
809102376,LLMCI/LLM_Command_Injection,python_projects/langchain-master/libs/langchain/tests/integration_tests/vectorstores/cassettes/test_weaviate/TestWeaviate.test_max_marginal_relevance_search.yaml,52d791921053e98201b2f1688b5be3105fab0b40,VU#65
809102376,LLMCI/LLM_Command_Injection,python_projects/langchain-master/libs/langchain/tests/integration_tests/vectorstores/cassettes/test_weaviate/TestWeaviate.test_max_marginal_relevance_search.yaml,52d791921053e98201b2f1688b5be3105fab0b40,VU#37
809102376,LLMCI/LLM_Command_Injection,python_projects/tensorflow-master/tensorflow/security/advisory/tfsa-2023-016.md,52ecdbf0810e31950bf96baf9bbea2452f72733e,CVE-2023-25660
809102376,LLMCI/LLM_Command_Injection,python_projects/tensorflow-master/tensorflow/security/advisory/tfsa-2023-011.md,545c4a4398b2b5939b51a22f9b1e6fc8cde52416,CVE-2023-25673
809102376,LLMCI/LLM_Command_Injection,python_projects/tensorflow-master/tensorflow/security/advisory/tfsa-2022-103.md,55250d3fbff968fb224d689114867c4a15b244df,CVE-2022-35971
809102376,LLMCI/LLM_Command_Injection,python_projects/tensorflow-master/tensorflow/security/advisory/tfsa-2021-124.md,55630add11633342fcef6836aa28c79e774685ad,CVE-2021-37650
809102376,LLMCI/LLM_Command_Injection,python_projects/langchain-master/docs/docs/integrations/document_loaders/example_data/testmw_pages_current.xml,559bab96ef64fb6faf7d81bae55cf02b870f361e,VU#33
809102376,LLMCI/LLM_Command_Injection,python_projects/tensorflow-master/tensorflow/security/advisory/tfsa-2022-004.md,55ae30a2ec6d37b17be533796484607fa4c5181a,CVE-2022-21727
809102376,LLMCI/LLM_Command_Injection,python_projects/tensorflow-master/tensorflow/security/advisory/tfsa-2021-039.md,562ce0a77bf223cbb107bff15db628d736401879,CVE-2021-29551
809102376,LLMCI/LLM_Command_Injection,python_projects/django-main/docs/releases/3.1.12.txt,564fe76098619413a9b2d8d5195645fbfe3762d3,CVE-2021-33571
809102376,LLMCI/LLM_Command_Injection,python_projects/django-main/docs/releases/3.1.12.txt,564fe76098619413a9b2d8d5195645fbfe3762d3,CVE-2021-33203
809102376,LLMCI/LLM_Command_Injection,python_projects/tensorflow-master/tensorflow/security/advisory/tfsa-2021-110.md,569fe1161a825928f5d197a7b72ab66878cce5ca,CVE-2021-37636
809102376,LLMCI/LLM_Command_Injection,python_projects/tensorflow-master/tensorflow/security/advisory/tfsa-2022-102.md,56bb503ffe6b382954e2873e1eef5ac87bc37024,CVE-2022-35970
809102376,LLMCI/LLM_Command_Injection,python_projects/tensorflow-master/tensorflow/security/advisory/tfsa-2021-027.md,56f20c6b35a934e80d364e056f5eb06e26dbdf5a,CVE-2021-29538
809102376,LLMCI/LLM_Command_Injection,python_projects/tensorflow-master/tensorflow/security/advisory/tfsa-2022-097.md,57b25e3eda49277bd149b46b2023f82ea7b350a4,CVE-2022-35965
809102376,LLMCI/LLM_Command_Injection,python_projects/tensorflow-master/tensorflow/security/advisory/tfsa-2022-070.md,57ec916ac53077bd1512d961270e461badf0d5c9,CVE-2022-29196
809102376,LLMCI/LLM_Command_Injection,python_projects/tensorflow-master/tensorflow/security/advisory/tfsa-2022-154.md,5821762ff580f0ea60c2cc25d309d29d6b354f33,CVE-2022-41891
809102376,LLMCI/LLM_Command_Injection,python_projects/tensorflow-master/tensorflow/lite/g3doc/examples/on_device_training/overview.ipynb,58664f8a5d049d179b45f5f0d087fbd7d5bbd5d1,VU#79
809102376,LLMCI/LLM_Command_Injection,python_projects/tensorflow-master/tensorflow/lite/g3doc/examples/on_device_training/overview.ipynb,58664f8a5d049d179b45f5f0d087fbd7d5bbd5d1,VU#54
809102376,LLMCI/LLM_Command_Injection,python_projects/tensorflow-master/tensorflow/lite/g3doc/examples/on_device_training/overview.ipynb,58664f8a5d049d179b45f5f0d087fbd7d5bbd5d1,VU#62
809102376,LLMCI/LLM_Command_Injection,python_projects/tensorflow-master/tensorflow/lite/g3doc/examples/on_device_training/overview.ipynb,58664f8a5d049d179b45f5f0d087fbd7d5bbd5d1,VU#99
809102376,LLMCI/LLM_Command_Injection,python_projects/django-main/docs/releases/3.2.2.txt,595cfc5d0dbf8f075fdf3a2c964699f466e627ff,CVE-2021-32052
809102376,LLMCI/LLM_Command_Injection,python_projects/tensorflow-master/tensorflow/security/advisory/tfsa-2021-114.md,5a29c12097ac1d45afb04b27596b15b268a525c6,CVE-2021-37640
809102376,LLMCI/LLM_Command_Injection,python_projects/tensorflow-master/tensorflow/security/advisory/tfsa-2022-076.md,5a7602bf52f857b2d8cd8ef58016f51e43fbef3d,CVE-2022-29203
809102376,LLMCI/LLM_Command_Injection,python_projects/django-main/docs/releases/4.1.7.txt,5afbf12143aa7b9cb89c191a351f1f4044fb4259,CVE-2023-24580
809102376,LLMCI/LLM_Command_Injection,python_projects/tensorflow-master/tensorflow/security/advisory/tfsa-2022-048.md,5c0d5ad304788c0361ea94cb9c4732202e378160,CVE-2022-23585
809102376,LLMCI/LLM_Command_Injection,python_projects/tensorflow-master/tensorflow/security/advisory/tfsa-2023-012.md,5c32b9a97501d55d210f63cf575303be25471f0b,CVE-2023-25663
809102376,LLMCI/LLM_Command_Injection,python_projects/tensorflow-master/tensorflow/security/advisory/tfsa-2021-119.md,5c5872657cde65292193b419eca86a1464a1a822,CVE-2021-37645
809102376,LLMCI/LLM_Command_Injection,python_projects/tensorflow-master/tensorflow/security/advisory/tfsa-2021-191.md,5c9ec5b6c0632a7caf794d3a197fc124472f1523,CVE-2021-41204
809102376,LLMCI/LLM_Command_Injection,python_projects/django-main/docs/releases/3.2.14.txt,5d6915873a0c1992770ab12e1a4e371c18b77aa2,CVE-2022-34265
809102376,LLMCI/LLM_Command_Injection,python_projects/tensorflow-master/tensorflow/security/advisory/tfsa-2018-003.md,5d7624fb310baf5761f0ad9b7acb2cde10eedaea,CVE-2018-8825
809102376,LLMCI/LLM_Command_Injection,python_projects/django-main/docs/releases/1.8.19.txt,5d808a4ce04550174ea539c37a7bfda570a03ad1,CVE-2018-7536
809102376,LLMCI/LLM_Command_Injection,python_projects/django-main/docs/releases/1.8.19.txt,5d808a4ce04550174ea539c37a7bfda570a03ad1,CVE-2018-7537
809102376,LLMCI/LLM_Command_Injection,python_projects/tensorflow-master/tensorflow/security/advisory/tfsa-2022-036.md,5ddef383c3bdef768bc20b1dd181c44564642de9,CVE-2022-23574
809102376,LLMCI/LLM_Command_Injection,python_projects/django-main/docs/releases/3.2.10.txt,5e2c0057722c8b652f562a75a567a03953ee67c4,CVE-2021-44420
809102376,LLMCI/LLM_Command_Injection,python_projects/tensorflow-master/tensorflow/security/advisory/tfsa-2021-083.md,5efab2d403cf987a445ecb9ef0fd607be850b2e3,CVE-2021-29596
809102376,LLMCI/LLM_Command_Injection,python_projects/django-main/docs/releases/4.0.8.txt,5f4baf9ba02f7fd8ea4b2ba8b1685c2671c29418,CVE-2022-41323
809102376,LLMCI/LLM_Command_Injection,python_projects/tensorflow-master/tensorflow/security/advisory/tfsa-2021-065.md,5ff8bcfa7724549c92d4d91d9da1f35023049041,CVE-2021-29577
809102376,LLMCI/LLM_Command_Injection,python_projects/tensorflow-master/tensorflow/security/advisory/tfsa-2022-157.md,600028b899d468cf09096e0a7e86689083510338,CVE-2022-41895
809102376,LLMCI/LLM_Command_Injection,python_projects/django-main/docs/releases/2.2.20.txt,600b2e5a60faab3789858b30dba2c9fa7fe4951a,CVE-2021-28658
809102376,LLMCI/LLM_Command_Injection,python_projects/tensorflow-master/tensorflow/security/advisory/tfsa-2022-068.md,61855a15b55e46054080868aa9310f3e8b1f97e6,CVE-2022-29198
809102376,LLMCI/LLM_Command_Injection,python_projects/langchain-master/cookbook/Semi_Structured_RAG.ipynb,61fd9791c13ade1a44de078a72bdf6f3efaca61a,VU#75
809102376,LLMCI/LLM_Command_Injection,python_projects/langchain-master/cookbook/Semi_Structured_RAG.ipynb,61fd9791c13ade1a44de078a72bdf6f3efaca61a,VU#88
809102376,LLMCI/LLM_Command_Injection,python_projects/langchain-master/cookbook/Semi_Structured_RAG.ipynb,61fd9791c13ade1a44de078a72bdf6f3efaca61a,VU#34
809102376,LLMCI/LLM_Command_Injection,python_projects/langchain-master/cookbook/Semi_Structured_RAG.ipynb,61fd9791c13ade1a44de078a72bdf6f3efaca61a,VU#33
809102376,LLMCI/LLM_Command_Injection,python_projects/langchain-master/cookbook/Semi_Structured_RAG.ipynb,61fd9791c13ade1a44de078a72bdf6f3efaca61a,VU#89
809102376,LLMCI/LLM_Command_Injection,python_projects/langchain-master/cookbook/Semi_Structured_RAG.ipynb,61fd9791c13ade1a44de078a72bdf6f3efaca61a,VU#90
809102376,LLMCI/LLM_Command_Injection,python_projects/langchain-master/cookbook/Semi_Structured_RAG.ipynb,61fd9791c13ade1a44de078a72bdf6f3efaca61a,VU#57
809102376,LLMCI/LLM_Command_Injection,python_projects/langchain-master/cookbook/Semi_Structured_RAG.ipynb,61fd9791c13ade1a44de078a72bdf6f3efaca61a,VU#448
809102376,LLMCI/LLM_Command_Injection,python_projects/tensorflow-master/tensorflow/security/advisory/tfsa-2021-165.md,622531b59f1df17af8c9f8f0c6f7e9ed07bd811f,CVE-2021-37692
809102376,LLMCI/LLM_Command_Injection,python_projects/tensorflow-master/tensorflow/security/advisory/tfsa-2021-137.md,627fb0e255aa0596f3e05b06ad18c62b27e2b7e4,CVE-2021-37664
809102376,LLMCI/LLM_Command_Injection,python_projects/tensorflow-master/tensorflow/security/advisory/tfsa-2021-136.md,62c12ac9a88c24de95efe5047f4d35d6201d3ee7,CVE-2021-37662
809102376,LLMCI/LLM_Command_Injection,python_projects/tensorflow-master/tensorflow/security/advisory/tfsa-2022-069.md,6359a52582ee6caf65cd5c0a570ac737123428d7,CVE-2022-29200
809102376,LLMCI/LLM_Command_Injection,python_projects/langchain-master/libs/langchain/tests/integration_tests/vectorstores/cassettes/test_weaviate/TestWeaviate.test_similarity_search_without_metadata.yaml,6361dcfb4be1664f1c3dcabb9aded30821ef455d,VU#52
809102376,LLMCI/LLM_Command_Injection,python_projects/django-main/docs/releases/1.11.11.txt,643b3b89ab735c9e0022f9b32792fe038cfd7227,CVE-2018-7537
809102376,LLMCI/LLM_Command_Injection,python_projects/django-main/docs/releases/1.11.11.txt,643b3b89ab735c9e0022f9b32792fe038cfd7227,CVE-2018-7536
809102376,LLMCI/LLM_Command_Injection,python_projects/tensorflow-master/tensorflow/security/advisory/tfsa-2022-044.md,65decf4b7973735ea8dc6aa917a3a15d17da3a0d,CVE-2022-23579
809102376,LLMCI/LLM_Command_Injection,python_projects/tensorflow-master/tensorflow/security/advisory/tfsa-2021-069.md,665bf95cdcffcb40b8ad80e5d99657b20f173944,CVE-2021-29581
809102376,LLMCI/LLM_Command_Injection,python_projects/django-main/docs/releases/4.2.3.txt,66914ad47a0810ae13b30d5907d1ccdde471f1fb,CVE-2023-36053
809102376,LLMCI/LLM_Command_Injection,python_projects/tensorflow-master/tensorflow/security/advisory/tfsa-2021-056.md,66f2bb5bdf1dee7e8f03d54994c97aef17bdb7e1,CVE-2021-29567
809102376,LLMCI/LLM_Command_Injection,python_projects/tensorflow-master/tensorflow/security/advisory/tfsa-2021-082.md,6735f7f9dffe8110d416e77147e1d9b97da1312a,CVE-2021-29594
809102376,LLMCI/LLM_Command_Injection,python_projects/tensorflow-master/tensorflow/security/advisory/tfsa-2022-160.md,67e8ddd6bdf05ebbed550a2a871a13cc0e7f146a,CVE-2022-41898
809102376,LLMCI/LLM_Command_Injection,python_projects/tensorflow-master/tensorflow/security/advisory/tfsa-2021-106.md,685493f117dfeee01d8dd09b0109c16cb187d280,CVE-2021-29617
809102376,LLMCI/LLM_Command_Injection,python_projects/tensorflow-master/tensorflow/security/advisory/tfsa-2021-071.md,686dc1da19616b4333a700554229629ce00b0ef5,CVE-2021-29584
809102376,LLMCI/LLM_Command_Injection,python_projects/tensorflow-master/tensorflow/security/advisory/tfsa-2021-055.md,69068565e4dfd18f57220d445af5f7096fe8a87d,CVE-2021-29568
809102376,LLMCI/LLM_Command_Injection,python_projects/tensorflow-master/tensorflow/security/advisory/tfsa-2021-047.md,696d86eb0faa818cdfc0a2f2dc32d26160bf61da,CVE-2021-29559
809102376,LLMCI/LLM_Command_Injection,python_projects/tensorflow-master/tensorflow/security/advisory/tfsa-2021-067.md,69ba82d17e84817db0c4f8445a2b2ffd8eea6bbb,CVE-2021-29578
809102376,LLMCI/LLM_Command_Injection,python_projects/tensorflow-master/tensorflow/security/advisory/tfsa-2022-031.md,6aedc23ac4c4c183afdb0a134439a4c0d9627118,CVE-2022-23565
809102376,LLMCI/LLM_Command_Injection,python_projects/tensorflow-master/tensorflow/security/advisory/tfsa-2022-084.md,6b70957365c7686d177b9730115274c76ac91026,CVE-2022-29210
809102376,LLMCI/LLM_Command_Injection,python_projects/tensorflow-master/tensorflow/security/advisory/tfsa-2022-027.md,6baa6ea882af526a7a33c9e9ddc3e08cc18a7f12,CVE-2022-23563
809102376,LLMCI/LLM_Command_Injection,python_projects/tensorflow-master/tensorflow/security/advisory/tfsa-2018-001.md,6cdfa2622a1fc2cd08259eb308a016ab87158753,CVE-2018-21233
809102376,LLMCI/LLM_Command_Injection,python_projects/django-main/docs/releases/3.0.13.txt,6cfc8a70ac5346602ca243034552128a8341784f,CVE-2021-23336
809102376,LLMCI/LLM_Command_Injection,python_projects/tensorflow-master/tensorflow/security/advisory/tfsa-2022-064.md,6d5321ec6b5cf28ad5a7158717556e29724057d4,CVE-2022-29191
809102376,LLMCI/LLM_Command_Injection,python_projects/tensorflow-master/tensorflow/security/advisory/tfsa-2021-035.md,6d7b8b7aee6b473d252eeeca2b506513c89ad4f5,CVE-2021-29547
809102376,LLMCI/LLM_Command_Injection,python_projects/tensorflow-master/tensorflow/security/advisory/tfsa-2021-015.md,6da4ed2cb5eaa86f79495dd4641c3db65c82d1b6,CVE-2021-29526
809102376,LLMCI/LLM_Command_Injection,python_projects/tensorflow-master/tensorflow/security/advisory/tfsa-2022-086.md,6da5d18430840b9fa7430b17c78af4c9d0182c7c,CVE-2022-35935
809102376,LLMCI/LLM_Command_Injection,python_projects/tensorflow-master/tensorflow/security/advisory/tfsa-2022-056.md,6e459813ea409f8754d8ca9e8c9c6f466cd8f923,CVE-2022-23590
809102376,LLMCI/LLM_Command_Injection,python_projects/tensorflow-master/tensorflow/security/advisory/tfsa-2020-024.md,6e6af488d9a509cae4220c5afac6dd3be61e4be2,CVE-2020-15192
809102376,LLMCI/LLM_Command_Injection,python_projects/tensorflow-master/tensorflow/security/advisory/tfsa-2021-070.md,6e871db46aee6cd64821a4ea800ac2c9e9e19559,CVE-2021-29582
809102376,LLMCI/LLM_Command_Injection,python_projects/tensorflow-master/tensorflow/security/advisory/tfsa-2022-059.md,6f2f2138fa028c3a6498c68f3962b12c93938f11,CVE-2022-23595
809102376,LLMCI/LLM_Command_Injection,python_projects/tensorflow-master/tensorflow/security/advisory/tfsa-2021-085.md,6f333aae5d3477de2a1b49c33e8fbd0d99037a64,CVE-2021-29597
809102376,LLMCI/LLM_Command_Injection,python_projects/django-main/docs/releases/4.1.9.txt,6f77ad65c4e2d4d4083566be1f387249a160ff87,CVE-2023-31047
809102376,LLMCI/LLM_Command_Injection,python_projects/langchain-master/libs/langchain/tests/integration_tests/vectorstores/cassettes/test_pinecone/TestPinecone.test_from_texts_with_scores.yaml,6fa5743322878b49d2b7525e1154350eab902d79,VU#65
809102376,LLMCI/LLM_Command_Injection,python_projects/langchain-master/libs/langchain/tests/integration_tests/vectorstores/cassettes/test_pinecone/TestPinecone.test_from_texts_with_scores.yaml,6fa5743322878b49d2b7525e1154350eab902d79,VU#93
809102376,LLMCI/LLM_Command_Injection,python_projects/tensorflow-master/tensorflow/security/advisory/tfsa-2022-152.md,7097d7a02b1e690aa9c0d59a6af4a037a41d4481,CVE-2022-41889
809102376,LLMCI/LLM_Command_Injection,python_projects/tensorflow-master/tensorflow/security/advisory/tfsa-2021-098.md,71b10b83f2cdd017a45ea721e4fb1afc05404cf6,CVE-2021-29611
809102376,LLMCI/LLM_Command_Injection,python_projects/tensorflow-master/tensorflow/security/advisory/tfsa-2022-098.md,72f1000fb637b6842099bb1a97d2db3b2ad2ae0d,CVE-2022-35966
809102376,LLMCI/LLM_Command_Injection,python_projects/tensorflow-master/tensorflow/security/advisory/tfsa-2019-002.md,7380e0524266bfa0faf7d91ee1bf3af4fd14ef15,CVE-2019-16778
809102376,LLMCI/LLM_Command_Injection,python_projects/django-main/docs/releases/3.2.19.txt,738f403c11c3001d7c9d7bea1f07fc02380bf626,CVE-2023-31047
809102376,LLMCI/LLM_Command_Injection,python_projects/tensorflow-master/tensorflow/security/advisory/tfsa-2022-058.md,74297a036fbf25a98f662f831197ab84c597b3a9,CVE-2022-23593
809102376,LLMCI/LLM_Command_Injection,python_projects/tensorflow-master/tensorflow/security/advisory/tfsa-2022-025.md,745ff99bfa023e628c3b5bd65259550419cd6b19,CVE-2022-23561
809102376,LLMCI/LLM_Command_Injection,python_projects/tensorflow-master/third_party/xla/xla/backends/profiler/gpu/rocm_tracer.cc,746745e73b73539fedcaa758c187157ae47c88b3,BID-0
809102376,LLMCI/LLM_Command_Injection,python_projects/tensorflow-master/tensorflow/security/advisory/tfsa-2021-061.md,748252904b8d2cacba7d36a78ef23b3dd875aa0c,CVE-2021-29575
809102376,LLMCI/LLM_Command_Injection,python_projects/django-main/docs/releases/1.11.18.txt,74e18b09b6181de6f34af8677876ee81bcd9afd2,CVE-2019-3498
809102376,LLMCI/LLM_Command_Injection,python_projects/django-main/docs/releases/1.11.27.txt,7512ed0e9d373b81853344e4a7c80cb006542d3f,CVE-2019-19844
809102376,LLMCI/LLM_Command_Injection,python_projects/tensorflow-master/tensorflow/security/advisory/tfsa-2022-130.md,752a351482ceed8e81f46f9b2e7120dc17ccbd56,CVE-2022-35990
809102376,LLMCI/LLM_Command_Injection,python_projects/tensorflow-master/tensorflow/security/advisory/tfsa-2021-105.md,763bcaf97be3bb721e267ab30a91c8c76ca46d9b,CVE-2021-29618
809102376,LLMCI/LLM_Command_Injection,python_projects/django-main/docs/releases/2.2.13.txt,76529e9583c0879e53e032a97de5a86888642479,CVE-2020-13254
809102376,LLMCI/LLM_Command_Injection,python_projects/django-main/docs/releases/2.2.13.txt,76529e9583c0879e53e032a97de5a86888642479,CVE-2020-13596
809102376,LLMCI/LLM_Command_Injection,python_projects/django-main/docs/releases/2.0.8.txt,766d5f58c131f1cdcce865af9181c9ec5b18f354,CVE-2018-14574
809102376,LLMCI/LLM_Command_Injection,python_projects/tensorflow-master/tensorflow/security/advisory/tfsa-2021-081.md,76d2319dc58042d941205fb0f1552d155eaf9540,CVE-2021-29595
809102376,LLMCI/LLM_Command_Injection,python_projects/tensorflow-master/tensorflow/security/advisory/tfsa-2020-001.md,77362e08369c7ae9ade5aca4bafb9a8b3d8887fd,CVE-2020-5215
809102376,LLMCI/LLM_Command_Injection,python_projects/django-main/docs/releases/2.0.11.txt,78d682ee3beb2d77deac0a7004a02609969b5910,CVE-2019-6975
809102376,LLMCI/LLM_Command_Injection,python_projects/tensorflow-master/tensorflow/security/advisory/tfsa-2021-108.md,7a4216a6b8cd00092f15c87f0804e2400f30e63c,CVE-2021-29539
809102376,LLMCI/LLM_Command_Injection,python_projects/tensorflow-master/tensorflow/security/advisory/tfsa-2022-134.md,7a6adcd3368e95e31b34a3035b55c87384fbdc11,CVE-2022-36002
809102376,LLMCI/LLM_Command_Injection,python_projects/tensorflow-master/tensorflow/security/advisory/tfsa-2022-106.md,7ac1cb43351a85258c198cb296ae61713fa9fca3,CVE-2022-36019
809102376,LLMCI/LLM_Command_Injection,python_projects/tensorflow-master/tensorflow/security/advisory/tfsa-2021-139.md,7bdf9613eff228e59bc637fad1d2e5f315de3a56,CVE-2021-37665
809102376,LLMCI/LLM_Command_Injection,python_projects/tensorflow-master/tensorflow/security/advisory/tfsa-2021-096.md,7c972d146967a806a252cbc8622a98b00fbb4193,CVE-2021-29609
809102376,LLMCI/LLM_Command_Injection,python_projects/tensorflow-master/tensorflow/security/advisory/tfsa-2023-018.md,7cf5ff24019844cef3327eac5dad3fe22ccf01da,CVE-2023-25659
809102376,LLMCI/LLM_Command_Injection,python_projects/tensorflow-master/tensorflow/security/advisory/tfsa-2022-079.md,7d4b4cc413aac05e4f5d272a04e8ec4b5b18bbf5,CVE-2022-29202
809102376,LLMCI/LLM_Command_Injection,python_projects/tensorflow-master/tensorflow/security/advisory/tfsa-2022-085.md,7edade8410842fcc4a998f00a03ee3937717ccea,GHSA-PRCG-WP5Q-RV7P
809102376,LLMCI/LLM_Command_Injection,python_projects/tensorflow-master/tensorflow/security/advisory/tfsa-2022-085.md,7edade8410842fcc4a998f00a03ee3937717ccea,CVE-2022-35934
809102376,LLMCI/LLM_Command_Injection,python_projects/tensorflow-master/tensorflow/security/advisory/tfsa-2022-034.md,7efb1858fa17728836c10712e2e050dfcdee23e9,CVE-2022-23570
809102376,LLMCI/LLM_Command_Injection,python_projects/django-main/docs/releases/4.0.1.txt,7f31abfd6838e685c72360283af3e094847abd9e,CVE-2021-45116
809102376,LLMCI/LLM_Command_Injection,python_projects/django-main/docs/releases/4.0.1.txt,7f31abfd6838e685c72360283af3e094847abd9e,CVE-2021-45452
809102376,LLMCI/LLM_Command_Injection,python_projects/django-main/docs/releases/4.0.1.txt,7f31abfd6838e685c72360283af3e094847abd9e,CVE-2021-45115
809102376,LLMCI/LLM_Command_Injection,python_projects/tensorflow-master/tensorflow/security/advisory/tfsa-2021-059.md,7f64bcab79e5a38c8b65b1bbc67676adba089300,CVE-2021-29571
809102376,LLMCI/LLM_Command_Injection,python_projects/tensorflow-master/tensorflow/security/advisory/tfsa-2022-077.md,7f8fc067b3510d8443b490ca1673c97d0486e3f8,CVE-2022-29208
809102376,LLMCI/LLM_Command_Injection,python_projects/tensorflow-master/tensorflow/security/advisory/tfsa-2021-159.md,810c47861ddc9eb809489e277cc16d12db493a2a,CVE-2021-37686
809102376,LLMCI/LLM_Command_Injection,python_projects/tensorflow-master/tensorflow/security/advisory/tfsa-2021-197.md,81a930121e600ccc3538251cc15e4da8db34c6bd,CVE-2021-41200
809102376,LLMCI/LLM_Command_Injection,python_projects/tensorflow-master/tensorflow/security/advisory/tfsa-2022-162.md,81f5a782f7a743bfd93221271cfae05c9bcc5c4c,CVE-2022-41908
809102376,LLMCI/LLM_Command_Injection,python_projects/tensorflow-master/tensorflow/security/advisory/tfsa-2023-014.md,82139420923772c606d0e135038dc9415dc340d3,CVE-2023-25662
809102376,LLMCI/LLM_Command_Injection,python_projects/django-main/docs/releases/2.2.28.txt,826d24d6ab319003e63a85701970e278f2597b91,CVE-2022-28347
809102376,LLMCI/LLM_Command_Injection,python_projects/django-main/docs/releases/2.2.28.txt,826d24d6ab319003e63a85701970e278f2597b91,CVE-2022-28346
809102376,LLMCI/LLM_Command_Injection,python_projects/langchain-master/libs/langchain/tests/integration_tests/vectorstores/cassettes/test_elasticsearch/TestElasticsearch.test_custom_index_from_documents.yaml,82a84f0439d3ec7e1ea54c3c9720afd3698220b6,VU#01
809102376,LLMCI/LLM_Command_Injection,python_projects/tensorflow-master/tensorflow/security/advisory/tfsa-2022-117.md,82f15099adbd2dffe1bd2ea136607b5f189bbc6d,CVE-2022-35986
809102376,LLMCI/LLM_Command_Injection,python_projects/tensorflow-master/tensorflow/security/advisory/tfsa-2022-022.md,832c2c274c17a1338449002ddf39486e4c1f8cc6,CVE-2022-21741
809102376,LLMCI/LLM_Command_Injection,python_projects/tensorflow-master/tensorflow/security/advisory/tfsa-2021-187.md,833b3c3488cad5298a37e707828ed407af11e0b6,CVE-2021-41209
809102376,LLMCI/LLM_Command_Injection,python_projects/django-main/docs/releases/3.0.4.txt,836107869460eed092979f77d55da8e2a58af119,CVE-2020-9402
809102376,LLMCI/LLM_Command_Injection,python_projects/tensorflow-master/tensorflow/security/advisory/tfsa-2022-168.md,83a5625cfdf26322cba4d3e819e01dbc2e67219f,CVE-2022-41910
809102376,LLMCI/LLM_Command_Injection,python_projects/pytorch-main/aten/src/ATen/native/transformers/cuda/flash_attn/flash_bwd_kernel.h,83ed7d6e95f01dae7d7e08c896eaaa9b1c76bded,BID-0
809102376,LLMCI/LLM_Command_Injection,python_projects/tensorflow-master/tensorflow/security/advisory/tfsa-2020-016.md,83f5c927e101e82593024e3e451fd14ce80eaae2,CVE-2020-15200
809102376,LLMCI/LLM_Command_Injection,python_projects/tensorflow-master/tensorflow/security/advisory/tfsa-2020-002.md,840878a99c5f3498d3aa1fe028a7dffa8d2cffec,CVE-2020-15214
809102376,LLMCI/LLM_Command_Injection,python_projects/tensorflow-master/tensorflow/lite/g3doc/models/modify/model_maker/text_searcher.ipynb,864cef79bcd5c19487b74f0f41ae778dd57942e1,VU#69
809102376,LLMCI/LLM_Command_Injection,python_projects/tensorflow-master/tensorflow/security/advisory/tfsa-2022-043.md,8655195e1a2c64fe7d25f38a7ff6f0d803285087,CVE-2022-23581
809102376,LLMCI/LLM_Command_Injection,python_projects/tensorflow-master/tensorflow/security/advisory/tfsa-2022-093.md,878696e0263162210c938ec3ae3f5aa3181cb645,CVE-2022-36027
809102376,LLMCI/LLM_Command_Injection,python_projects/tensorflow-master/tensorflow/security/advisory/tfsa-2021-178.md,87c05eb467cc9676f8b789a26ad9db99ac120ea2,CVE-2021-41219
809102376,LLMCI/LLM_Command_Injection,python_projects/langchain-master/libs/langchain/tests/integration_tests/vectorstores/cassettes/test_weaviate/TestWeaviate.test_similarity_search_with_metadata_and_filter.yaml,87e7119b9069e8c6786a87d89b6718f3f2c69d3b,VU#49
809102376,LLMCI/LLM_Command_Injection,python_projects/tensorflow-master/tensorflow/security/advisory/tfsa-2022-065.md,88311b220efb87998103cbf818427c7b8f36d94e,CVE-2022-29195
809102376,LLMCI/LLM_Command_Injection,python_projects/tensorflow-master/tensorflow/security/advisory/tfsa-2020-019.md,889d249571927e1162924197e4e02835155d1c7b,CVE-2020-15197
809102376,LLMCI/LLM_Command_Injection,python_projects/tensorflow-master/tensorflow/security/advisory/tfsa-2022-062.md,88acd8c9a3885c2132b2de28eb0719e8c616e697,CVE-2022-29192
809102376,LLMCI/LLM_Command_Injection,python_projects/tensorflow-master/tensorflow/security/advisory/tfsa-2022-039.md,893a99d3b0bf1aebfe88ee0252b8c561f7560672,CVE-2022-23576
809102376,LLMCI/LLM_Command_Injection,python_projects/tensorflow-master/tensorflow/security/advisory/tfsa-2022-037.md,895b306d95ad4665b29f812cdf5ef38235ef3d08,CVE-2022-23573
809102376,LLMCI/LLM_Command_Injection,python_projects/tensorflow-master/tensorflow/security/advisory/tfsa-2020-022.md,89c51f9751c4e413c7cce13a20f1ecc41f71d930,CVE-2020-15194
809102376,LLMCI/LLM_Command_Injection,python_projects/tensorflow-master/tensorflow/security/advisory/tfsa-2022-092.md,89fb3d50c074d989c81ba43c06ed58b7f477cf77,CVE-2022-35952
809102376,LLMCI/LLM_Command_Injection,python_projects/django-main/docs/releases/1.11.10.txt,8a666517c780ed2900f614e5ce051363ef93a9a8,CVE-2018-6188
809102376,LLMCI/LLM_Command_Injection,python_projects/tensorflow-master/tensorflow/security/advisory/tfsa-2023-015.md,8a78ab3886cb8fa9792e0cadc93109a4b8916b8a,CVE-2023-25671
809102376,LLMCI/LLM_Command_Injection,python_projects/tensorflow-master/tensorflow/security/advisory/tfsa-2023-010.md,8a81a8d5ab872b79f9856fadc386e686df347d33,CVE-2023-25664
809102376,LLMCI/LLM_Command_Injection,python_projects/tensorflow-master/tensorflow/security/advisory/tfsa-2021-118.md,8a8e0d94eddd2fbfc2c1203801ea99dc0650a961,CVE-2021-37643
809102376,LLMCI/LLM_Command_Injection,python_projects/tensorflow-master/tensorflow/security/advisory/tfsa-2021-040.md,8b9120cf4fd41561d3c8a5eec8e09d12b1c686e7,CVE-2021-29553
809102376,LLMCI/LLM_Command_Injection,python_projects/django-main/docs/releases/3.2.12.txt,8b93f7d7a69e7cef66ac566a4d738e44f89a02f9,CVE-2022-22818
809102376,LLMCI/LLM_Command_Injection,python_projects/django-main/docs/releases/3.2.12.txt,8b93f7d7a69e7cef66ac566a4d738e44f89a02f9,CVE-2022-23833
809102376,LLMCI/LLM_Command_Injection,python_projects/tensorflow-master/tensorflow/security/advisory/tfsa-2022-153.md,8b97d8166cfb8b322d8fa4390041a4a9ca85e814,CVE-2022-41890
809102376,LLMCI/LLM_Command_Injection,python_projects/tensorflow-master/tensorflow/security/advisory/tfsa-2018-006.md,8bb70fa0c75c96902fe25189c68c62dbb8df42fd,CVE-2018-10055
809102376,LLMCI/LLM_Command_Injection,python_projects/tensorflow-master/tensorflow/security/advisory/tfsa-2022-047.md,8c195172b5bc60cfc10381961c3c5b41b7f149c3,CVE-2022-23584
809102376,LLMCI/LLM_Command_Injection,python_projects/langchain-master/libs/langchain/tests/integration_tests/vectorstores/cassettes/test_weaviate/TestWeaviate.test_max_marginal_relevance_search_with_filter.yaml,8e2863c5a1aa0dfa9d85e82ff0bfd252729f8c18,VU#43
809102376,LLMCI/LLM_Command_Injection,python_projects/langchain-master/libs/langchain/tests/integration_tests/vectorstores/cassettes/test_weaviate/TestWeaviate.test_max_marginal_relevance_search_with_filter.yaml,8e2863c5a1aa0dfa9d85e82ff0bfd252729f8c18,VU#65
809102376,LLMCI/LLM_Command_Injection,python_projects/langchain-master/libs/langchain/tests/integration_tests/vectorstores/cassettes/test_weaviate/TestWeaviate.test_max_marginal_relevance_search_with_filter.yaml,8e2863c5a1aa0dfa9d85e82ff0bfd252729f8c18,VU#93
809102376,LLMCI/LLM_Command_Injection,python_projects/tensorflow-master/tensorflow/security/advisory/tfsa-2022-139.md,8e476c198e52330c1d8ce48d722d9197761373dd,CVE-2022-36013
809102376,LLMCI/LLM_Command_Injection,python_projects/tensorflow-master/tensorflow/security/advisory/tfsa-2021-104.md,8e93057004b52fe0bcb60c71fcc50854b8bf8e89,CVE-2021-29616
809102376,LLMCI/LLM_Command_Injection,python_projects/django-main/docs/releases/4.1.2.txt,8ea3b698ed0bada3231abbdcf5f13816c747eb72,CVE-2022-41323
809102376,LLMCI/LLM_Command_Injection,python_projects/tensorflow-master/tensorflow/security/advisory/tfsa-2022-019.md,8eed346fb52c9f2bfd5ece2d74998029cfc72beb,CVE-2022-21738
809102376,LLMCI/LLM_Command_Injection,python_projects/tensorflow-master/tensorflow/security/advisory/tfsa-2021-028.md,8f6a3b0c5473b4a9dba83d9c57b73809a3849f69,CVE-2021-29540
809102376,LLMCI/LLM_Command_Injection,python_projects/django-main/docs/releases/4.0.6.txt,8fdac9b6abf7f74e4739776b0623db3569e942bc,CVE-2022-34265
809102376,LLMCI/LLM_Command_Injection,python_projects/tensorflow-master/tensorflow/security/advisory/tfsa-2021-131.md,917999ddaba3cfbd917a7c6a70ccf2377ac332ba,CVE-2021-37657
809102376,LLMCI/LLM_Command_Injection,python_projects/tensorflow-master/tensorflow/security/advisory/tfsa-2020-025.md,91c78a8b3baee525cd8ca6bd23c0fecc684d1f73,CVE-2020-15191
809102376,LLMCI/LLM_Command_Injection,python_projects/tensorflow-master/tensorflow/security/advisory/tfsa-2021-088.md,930c2df8bfe5fb397a6b3904ed55ec84a3fb15fc,CVE-2021-29600
809102376,LLMCI/LLM_Command_Injection,python_projects/tensorflow-master/tensorflow/security/advisory/tfsa-2018-004.md,939d9df98b2f05874016ae39085f83a9f68ce9e5,CVE-2018-7575
809102376,LLMCI/LLM_Command_Injection,python_projects/tensorflow-master/tensorflow/security/advisory/tfsa-2022-124.md,93e08af020ca40ec9f2c80348efe5cab69f406fd,CVE-2022-35996
809102376,LLMCI/LLM_Command_Injection,python_projects/tensorflow-master/tensorflow/security/advisory/tfsa-2021-183.md,93ee52e5f823b80ed61d3109201e6dccf1dc5554,CVE-2021-41212
809102376,LLMCI/LLM_Command_Injection,python_projects/django-main/docs/releases/3.2.20.txt,947b1efb517310a94540f85084244fc8935b65ec,CVE-2023-36053
809102376,LLMCI/LLM_Command_Injection,python_projects/tensorflow-master/tensorflow/security/advisory/tfsa-2022-063.md,94d24f0a6e4592522578c206e989d26faef17c09,CVE-2022-29194
809102376,LLMCI/LLM_Command_Injection,python_projects/scikit-learn-main/doc/whats_new/v1.0.rst,94e9c36b056fdc47a8fab69dfe49419be50b1060,CVE-2020-28975
809102376,LLMCI/LLM_Command_Injection,python_projects/tensorflow-master/tensorflow/security/advisory/tfsa-2021-163.md,9607e46dab495a7b168dc98ea8a44af7313a646f,CVE-2021-37689
809102376,LLMCI/LLM_Command_Injection,python_projects/django-main/docs/releases/2.1.15.txt,96150e1ad44cd163fbc9e2bc2dd6b5eeb0b747e2,CVE-2019-19118
809102376,LLMCI/LLM_Command_Injection,python_projects/tensorflow-master/tensorflow/security/advisory/tfsa-2022-008.md,9650dff0f08e58af6afa35bc702e35eaab92ecb9,CVE-2022-21732
809102376,LLMCI/LLM_Command_Injection,python_projects/tensorflow-master/tensorflow/security/advisory/tfsa-2021-158.md,9653b83a7738e732ba801bf6474ed4e549becad5,CVE-2021-37684
809102376,LLMCI/LLM_Command_Injection,python_projects/tensorflow-master/tensorflow/security/advisory/tfsa-2021-162.md,97968fd104b40066159f2fce75883822d1db8ac2,CVE-2021-37688
809102376,LLMCI/LLM_Command_Injection,python_projects/tensorflow-master/tensorflow/security/advisory/tfsa-2022-003.md,98cfe3576b79f530d0cc252ed340b8aa4c05bda6,CVE-2022-21726
809102376,LLMCI/LLM_Command_Injection,python_projects/tensorflow-master/tensorflow/security/advisory/tfsa-2022-005.md,98e3faad2725ac932e0de93cfbc8dab3894914b9,CVE-2022-21730
809102376,LLMCI/LLM_Command_Injection,python_projects/tensorflow-master/tensorflow/security/advisory/tfsa-2022-131.md,98e8fb0ad503c28773fbfaf50cb69a5b20d113d5,CVE-2022-36005
809102376,LLMCI/LLM_Command_Injection,python_projects/django-main/django/utils/encoding.py,98f705487a8ce021195edc92db15424830b0ee2b,CVE-2019-14235
809102376,LLMCI/LLM_Command_Injection,python_projects/tensorflow-master/tensorflow/security/advisory/tfsa-2023-017.md,9a5bc15662bfde1664c198b17f4efd44a6826a8a,CVE-2023-25670
809102376,LLMCI/LLM_Command_Injection,python_projects/tensorflow-master/tensorflow/security/advisory/tfsa-2022-073.md,9b4c9f877af70c902ad25d6bdd17df9932cd063a,CVE-2022-29205
809102376,LLMCI/LLM_Command_Injection,python_projects/tensorflow-master/tensorflow/security/advisory/tfsa-2022-129.md,9b8cfec48e6726acaf4023f339e83b91bce82dac,CVE-2022-35991
809102376,LLMCI/LLM_Command_Injection,python_projects/django-main/docs/releases/1.4.4.txt,9b923cdc0b552ba646f9db5a05da6fe1ea687b30,CVE-2013-1665
809102376,LLMCI/LLM_Command_Injection,python_projects/django-main/docs/releases/1.4.4.txt,9b923cdc0b552ba646f9db5a05da6fe1ea687b30,CVE-2013-1664
809102376,LLMCI/LLM_Command_Injection,python_projects/tensorflow-master/tensorflow/security/advisory/tfsa-2021-062.md,9baa1b8c2795b2fde68e6549eef370003bcaafac,CVE-2021-29573
809102376,LLMCI/LLM_Command_Injection,python_projects/django-main/docs/releases/2.2.21.txt,9bf79aed53e44a69cbb8f6be2b10b3855a2f0254,CVE-2021-31542
809102376,LLMCI/LLM_Command_Injection,python_projects/tensorflow-master/tensorflow/security/advisory/tfsa-2022-089.md,9c4d403dc9c873fc4951f3a3c473318c8bcd54be,CVE-2022-35939
809102376,LLMCI/LLM_Command_Injection,python_projects/langchain-master/docs/docs/integrations/retrievers/Activeloop DeepMemory+LangChain.ipynb,9c6bec6a6962408329ebdcd74c6f0d5837470ccd,VU#467
809102376,LLMCI/LLM_Command_Injection,python_projects/langchain-master/docs/docs/integrations/retrievers/Activeloop DeepMemory+LangChain.ipynb,9c6bec6a6962408329ebdcd74c6f0d5837470ccd,VU#15
809102376,LLMCI/LLM_Command_Injection,python_projects/langchain-master/docs/docs/integrations/retrievers/Activeloop DeepMemory+LangChain.ipynb,9c6bec6a6962408329ebdcd74c6f0d5837470ccd,VU#588
809102376,LLMCI/LLM_Command_Injection,python_projects/langchain-master/docs/docs/integrations/retrievers/Activeloop DeepMemory+LangChain.ipynb,9c6bec6a6962408329ebdcd74c6f0d5837470ccd,VU#884
809102376,LLMCI/LLM_Command_Injection,python_projects/langchain-master/docs/docs/integrations/retrievers/Activeloop DeepMemory+LangChain.ipynb,9c6bec6a6962408329ebdcd74c6f0d5837470ccd,VU#55
809102376,LLMCI/LLM_Command_Injection,python_projects/tensorflow-master/tensorflow/security/advisory/tfsa-2022-042.md,9cb9a7e6f5918653ba3642ca4701aeb92708a43d,CVE-2022-23580
809102376,LLMCI/LLM_Command_Injection,python_projects/tensorflow-master/tensorflow/security/advisory/tfsa-2020-008.md,9cdacf6c27b10a05d0c34ad92312ae1dfce2d883,CVE-2020-15208
809102376,LLMCI/LLM_Command_Injection,python_projects/tensorflow-master/tensorflow/security/advisory/tfsa-2022-052.md,9d546764856ddc98c58e868c49f6a9ccfe618675,CVE-2022-23589
809102376,LLMCI/LLM_Command_Injection,python_projects/django-main/docs/releases/3.1.14.txt,9fac06fce27d92d1019ca590211931134f02c7c6,CVE-2021-44420
809102376,LLMCI/LLM_Command_Injection,python_projects/tensorflow-master/tensorflow/security/advisory/tfsa-2021-184.md,9ffe2449b59b126ff6edb12cd2c7f85106ec7934,CVE-2021-41211
809102376,LLMCI/LLM_Command_Injection,python_projects/tensorflow-master/tensorflow/security/advisory/tfsa-2022-144.md,a0787a299a81b7076f2d6f84850da0bbb4fe822c,CVE-2022-41880
809102376,LLMCI/LLM_Command_Injection,python_projects/tensorflow-master/tensorflow/security/advisory/tfsa-2022-033.md,a0a9de9633fb6d1ef2dab08dfba71e610b6a4a76,CVE-2022-23571
809102376,LLMCI/LLM_Command_Injection,python_projects/django-main/docs/releases/1.11.15.txt,a1252f0ffed5e0251700dca663b7e12743f93dfb,CVE-2018-14574
809102376,LLMCI/LLM_Command_Injection,python_projects/tensorflow-master/tensorflow/security/advisory/tfsa-2021-086.md,a1884af990873494362191740abaa0c60087a501,CVE-2021-29598
809102376,LLMCI/LLM_Command_Injection,python_projects/tensorflow-master/tensorflow/security/advisory/tfsa-2021-166.md,a1c2df105f67d4365d2a356bcf41b26b1ad43d6a,CVE-2021-37690
809102376,LLMCI/LLM_Command_Injection,python_projects/tensorflow-master/tensorflow/security/advisory/tfsa-2021-001.md,a1c40d4efcd4dbbee55d3d11949ef0fa0865702a,CVE-2021-29512
809102376,LLMCI/LLM_Command_Injection,python_projects/tensorflow-master/tensorflow/security/advisory/tfsa-2021-020.md,a1c9269349168879aeb606d82353321771b2059a,CVE-2021-29531
809102376,LLMCI/LLM_Command_Injection,python_projects/tensorflow-master/tensorflow/security/advisory/tfsa-2022-015.md,a23de49f318bc5b0261cadbee98f90345416232d,CVE-2021-41197
809102376,LLMCI/LLM_Command_Injection,python_projects/tensorflow-master/tensorflow/security/advisory/tfsa-2022-015.md,a23de49f318bc5b0261cadbee98f90345416232d,CVE-2022-23569
809102376,LLMCI/LLM_Command_Injection,python_projects/django-main/docs/releases/2.2.25.txt,a24b76172f4d47b4b2915a4360ade9981a4fac16,CVE-2021-44420
809102376,LLMCI/LLM_Command_Injection,python_projects/tensorflow-master/third_party/xla/xla/tests/scalar_computations_test.cc,a32ee70e3c147441d22f4a6fcc6c0d37f97578d2,VU#32
809102376,LLMCI/LLM_Command_Injection,dataset/scikit-learn/sphinxext_sphinx_issues.py,a3b96d69ca8d2c9bfb0bd9f92a6e03cf750faa7c,CVE-2018-17175
809102376,LLMCI/LLM_Command_Injection,python_projects/tensorflow-master/tensorflow/security/advisory/tfsa-2021-185.md,a4a00a5692897419fe6126288e20cdb3d85e7776,CVE-2021-41205
809102376,LLMCI/LLM_Command_Injection,python_projects/tensorflow-master/tensorflow/security/advisory/tfsa-2021-075.md,a4eb3511f7e94abf361e6f43be1cfc6fce4ecc8f,CVE-2021-29587
809102376,LLMCI/LLM_Command_Injection,python_projects/tensorflow-master/tensorflow/security/advisory/tfsa-2018-005.md,a4ee30c6d38d9bc15e45cbc166b7f0fe8ba1e51e,CVE-2018-7577
809102376,LLMCI/LLM_Command_Injection,python_projects/tensorflow-master/tensorflow/security/advisory/tfsa-2021-043.md,a51087d08ef9fabb59b09a924c36bd44440b1367,CVE-2021-29555
809102376,LLMCI/LLM_Command_Injection,python_projects/tensorflow-master/tensorflow/security/advisory/tfsa-2022-169.md,a5b2f51d332f43e5ca47926d92c34bb8ddeccf3c,CVE-2022-35935
809102376,LLMCI/LLM_Command_Injection,python_projects/tensorflow-master/tensorflow/security/advisory/tfsa-2021-152.md,a5ebb734911f255e0f1bfe3e4989afd8d286929f,CVE-2021-37678
809102376,LLMCI/LLM_Command_Injection,python_projects/django-main/docs/releases/1.8.10.txt,a601d466749b706d6e634f84ccdfbf0c8130b3c9,CVE-2016-2513
809102376,LLMCI/LLM_Command_Injection,python_projects/django-main/docs/releases/1.8.10.txt,a601d466749b706d6e634f84ccdfbf0c8130b3c9,CVE-2016-2512
809102376,LLMCI/LLM_Command_Injection,python_projects/tensorflow-master/tensorflow/security/advisory/tfsa-2020-018.md,a627f70809028c5a2d02873c96c6f349316e69a0,CVE-2020-15198
809102376,LLMCI/LLM_Command_Injection,python_projects/tensorflow-master/tensorflow/security/advisory/tfsa-2021-148.md,a6331a8f68ca695691169f0cca2def08df01c83c,CVE-2021-37674
809102376,LLMCI/LLM_Command_Injection,python_projects/tensorflow-master/tensorflow/security/advisory/tfsa-2021-148.md,a6331a8f68ca695691169f0cca2def08df01c83c,CVE-2021-29579
809102376,LLMCI/LLM_Command_Injection,python_projects/django-main/docs/releases/4.2.7.txt,a641e468ce645b36007fdba81013791fa354be8a,CVE-2023-46695
809102376,LLMCI/LLM_Command_Injection,python_projects/tensorflow-master/tensorflow/security/advisory/tfsa-2021-129.md,a6707b0d5c4b80fbea81b993da8f29c96612ecb0,CVE-2021-37655
809102376,LLMCI/LLM_Command_Injection,python_projects/tensorflow-master/tensorflow/security/advisory/tfsa-2021-135.md,a6bbffa6cfac49f05051f8966c4b7844fdca51d4,CVE-2021-37661
809102376,LLMCI/LLM_Command_Injection,python_projects/tensorflow-master/tensorflow/security/advisory/tfsa-2021-025.md,a6f95e56c97fc2602d12e889d57a0e387c6b946e,CVE-2021-29537
809102376,LLMCI/LLM_Command_Injection,python_projects/tensorflow-master/tensorflow/security/advisory/tfsa-2021-014.md,a71bb11144bb9467ade30e63ba656067fbf8d2a5,CVE-2021-29525
809102376,LLMCI/LLM_Command_Injection,python_projects/tensorflow-master/tensorflow/security/advisory/tfsa-2022-148.md,a720be6d8ede8b0030a2967f1e927604b097e3c3,CVE-2022-41886
809102376,LLMCI/LLM_Command_Injection,python_projects/tensorflow-master/tensorflow/security/advisory/tfsa-2021-177.md,a853a1be78538476ecf8dd4a87bc8473d6d7c080,CVE-2021-41220
809102376,LLMCI/LLM_Command_Injection,python_projects/django-main/docs/releases/2.1.5.txt,a8a746c6031289fbc0ad03e1e4c6d71e71477f21,CVE-2019-3498
809102376,LLMCI/LLM_Command_Injection,python_projects/tensorflow-master/tensorflow/security/advisory/tfsa-2021-008.md,a90b5170ef48428e7e6d925fb1667a0ec93ccd08,CVE-2021-29519
809102376,LLMCI/LLM_Command_Injection,python_projects/tensorflow-master/tensorflow/security/advisory/tfsa-2021-011.md,a914c06ba28fdd71b589ecae368cb41b96522f45,CVE-2021-29522
809102376,LLMCI/LLM_Command_Injection,python_projects/tensorflow-master/tensorflow/security/advisory/tfsa-2021-030.md,a927a73c6cb02fed15aed1da831bcdbd9af4cd0d,CVE-2021-29541
809102376,LLMCI/LLM_Command_Injection,python_projects/tensorflow-master/tensorflow/security/advisory/tfsa-2021-023.md,a958d3ba2a11ea610a64e874eee620e0693e64a9,CVE-2021-29535
809102376,LLMCI/LLM_Command_Injection,python_projects/tensorflow-master/tensorflow/security/advisory/tfsa-2021-018.md,a9854b15e29ab296dc7611d192ddfd4b6495329c,CVE-2021-29530
809102376,LLMCI/LLM_Command_Injection,python_projects/tensorflow-master/tensorflow/security/advisory/tfsa-2020-012.md,a9d2d1d2cff42128687e6341e950a05ef5696612,CVE-2020-15204
809102376,LLMCI/LLM_Command_Injection,python_projects/tensorflow-master/tensorflow/security/advisory/tfsa-2021-142.md,aa85b76c8c6fc44a23a70ac098d0af259212c7a4,CVE-2021-37668
809102376,LLMCI/LLM_Command_Injection,python_projects/django-main/docs/releases/4.2.6.txt,aad5beb3970606b92e0a93b5068f7b627f8bee99,CVE-2023-43665
809102376,LLMCI/LLM_Command_Injection,python_projects/tensorflow-master/tensorflow/security/advisory/tfsa-2021-087.md,ab046ac149873d60b339aab7621cd705ddda4b31,CVE-2021-29599
809102376,LLMCI/LLM_Command_Injection,python_projects/tensorflow-master/tensorflow/security/advisory/tfsa-2022-095.md,ab0c1d08572b044e9bfe3060901cbf953d0767d6,CVE-2022-35963
809102376,LLMCI/LLM_Command_Injection,python_projects/tensorflow-master/tensorflow/security/advisory/tfsa-2022-100.md,aba076791eab9ae5892296beb18470dc915a1402,CVE-2022-35968
809102376,LLMCI/LLM_Command_Injection,python_projects/scikit-learn-main/sklearn/svm/_base.py,abde502cca9a14b3254df929b15d9074b9499bf5,CVE-2020-28975
809102376,LLMCI/LLM_Command_Injection,python_projects/tensorflow-master/tensorflow/security/advisory/tfsa-2020-009.md,ac8a9efce575b799a17c34e4a19034a6ce6841f7,CVE-2020-15207
809102376,LLMCI/LLM_Command_Injection,python_projects/tensorflow-master/tensorflow/security/advisory/tfsa-2021-169.md,ac9b6f4aa2eeb3c06b5487522998b63c84aaa5a4,CVE-2021-41223
809102376,LLMCI/LLM_Command_Injection,python_projects/tensorflow-master/tensorflow/security/advisory/tfsa-2021-033.md,adac0edc1ec6675e9791d9d898c0cf57660339c6,CVE-2021-29545
809102376,LLMCI/LLM_Command_Injection,python_projects/tensorflow-master/tensorflow/security/advisory/tfsa-2021-188.md,adc98d104471a90ab06e00073e27df4bff115b78,CVE-2021-41210
809102376,LLMCI/LLM_Command_Injection,python_projects/tensorflow-master/tensorflow/security/advisory/tfsa-2021-156.md,addf2426591242f9a9948541f7dd648fdfe794ed,CVE-2021-37682
809102376,LLMCI/LLM_Command_Injection,python_projects/tensorflow-master/tensorflow/security/advisory/tfsa-2021-198.md,af1b4db40cf1b1fba0e77ecb7b2819a71553531b,CVE-2021-29584
809102376,LLMCI/LLM_Command_Injection,python_projects/tensorflow-master/tensorflow/security/advisory/tfsa-2021-198.md,af1b4db40cf1b1fba0e77ecb7b2819a71553531b,CVE-2021-41197
809102376,LLMCI/LLM_Command_Injection,python_projects/django-main/docs/releases/3.0.14.txt,af4232f52464e11752338be4c5ce987288184998,CVE-2021-28658
809102376,LLMCI/LLM_Command_Injection,python_projects/tensorflow-master/tensorflow/security/advisory/tfsa-2021-112.md,afee717bd88f4e1d51e7d78cf3d630cee9347e17,CVE-2021-37638
809102376,LLMCI/LLM_Command_Injection,python_projects/tensorflow-master/tensorflow/security/advisory/tfsa-2022-032.md,b000b6c22d3ff4e50c32ffbb07aa370720383e20,CVE-2022-23566
809102376,LLMCI/LLM_Command_Injection,python_projects/tensorflow-master/tensorflow/security/advisory/tfsa-2021-063.md,b0322bd0811e42f37cbb1a21ee7f79c2f7e01cfd,CVE-2021-29574
809102376,LLMCI/LLM_Command_Injection,python_projects/django-main/docs/releases/2.1.11.txt,b098b3616af1104b2045571c2c42513097b495db,CVE-2019-14235
809102376,LLMCI/LLM_Command_Injection,python_projects/django-main/docs/releases/2.1.11.txt,b098b3616af1104b2045571c2c42513097b495db,CVE-2019-14234
809102376,LLMCI/LLM_Command_Injection,python_projects/django-main/docs/releases/2.1.11.txt,b098b3616af1104b2045571c2c42513097b495db,CVE-2019-14233
809102376,LLMCI/LLM_Command_Injection,python_projects/django-main/docs/releases/2.1.11.txt,b098b3616af1104b2045571c2c42513097b495db,CVE-2019-14232
809102376,LLMCI/LLM_Command_Injection,python_projects/tensorflow-master/tensorflow/security/advisory/tfsa-2022-120.md,b1146f5a35135d65e542a1cbd3848b88adda0eee,CVE-2022-35989
809102376,LLMCI/LLM_Command_Injection,python_projects/tensorflow-master/tensorflow/security/advisory/tfsa-2022-030.md,b17c08f280c33330a1f2146192ebf31de691fbf3,CVE-2022-23564
809102376,LLMCI/LLM_Command_Injection,python_projects/django-main/docs/releases/2.2.27.txt,b1b094b24b21ba6793521ebefb3859665c04eae0,CVE-2022-22818
809102376,LLMCI/LLM_Command_Injection,python_projects/django-main/docs/releases/2.2.27.txt,b1b094b24b21ba6793521ebefb3859665c04eae0,CVE-2022-23833
809102376,LLMCI/LLM_Command_Injection,python_projects/django-main/docs/releases/3.2.16.txt,b1ce8d35c7d2f9f65b24520a4fec796199ed2e3e,CVE-2022-41323
809102376,LLMCI/LLM_Command_Injection,python_projects/tensorflow-master/tensorflow/security/advisory/tfsa-2021-053.md,b2af93daa6bfb2e5e6999f62b3603e8a3b2c7b7e,CVE-2021-29565
809102376,LLMCI/LLM_Command_Injection,python_projects/tensorflow-master/tensorflow/security/advisory/tfsa-2021-012.md,b3004d891e6432954fb636901f62e9d18da642e9,CVE-2021-29523
809102376,LLMCI/LLM_Command_Injection,python_projects/langchain-master/libs/langchain/tests/unit_tests/document_loaders/sample_documents/sample_notebook_with_media.enex,b3b7cdd3bfd8cc5e98633b02d3c051b3c651956a,VU#29
809102376,LLMCI/LLM_Command_Injection,python_projects/langchain-master/libs/langchain/tests/unit_tests/document_loaders/sample_documents/sample_notebook_with_media.enex,b3b7cdd3bfd8cc5e98633b02d3c051b3c651956a,VU#48
809102376,LLMCI/LLM_Command_Injection,python_projects/langchain-master/libs/langchain/tests/unit_tests/document_loaders/sample_documents/sample_notebook_with_media.enex,b3b7cdd3bfd8cc5e98633b02d3c051b3c651956a,VU#38
809102376,LLMCI/LLM_Command_Injection,python_projects/langchain-master/libs/langchain/tests/unit_tests/document_loaders/sample_documents/sample_notebook_with_media.enex,b3b7cdd3bfd8cc5e98633b02d3c051b3c651956a,VU#50
809102376,LLMCI/LLM_Command_Injection,python_projects/tensorflow-master/tensorflow/core/kernels/spectrogram_test_data/short_test_segment_spectrogram.csv.bin,b3f3c402344c85140ee71061461985733ee71224,VU#69
809102376,LLMCI/LLM_Command_Injection,python_projects/tensorflow-master/tensorflow/security/advisory/tfsa-2020-017.md,b414da78efd0fa69ff422458c27ab940d5dc8361,CVE-2020-15199
809102376,LLMCI/LLM_Command_Injection,python_projects/tensorflow-master/tensorflow/security/advisory/tfsa-2022-136.md,b4293d08e89a37f6cbff014a85e4467ca53b762f,CVE-2022-36000
809102376,LLMCI/LLM_Command_Injection,python_projects/tensorflow-master/tensorflow/security/advisory/tfsa-2022-067.md,b46a77f22419a0f0e70b6ca9dda79680bcb95fd8,CVE-2022-29199
809102376,LLMCI/LLM_Command_Injection,python_projects/django-main/docs/releases/3.0.12.txt,b4a0bb9974e620ca46d5dd0efc7265babf7abdc3,CVE-2021-3281
809102376,LLMCI/LLM_Command_Injection,python_projects/tensorflow-master/tensorflow/security/advisory/tfsa-2021-006.md,b52c8c32add93b614ddf7651d4b9ac686459ba69,CVE-2021-29517
809102376,LLMCI/LLM_Command_Injection,python_projects/tensorflow-master/tensorflow/security/advisory/tfsa-2022-122.md,b5c562b7f906a3b8290b1d8d98e641854003faeb,CVE-2022-35998
809102376,LLMCI/LLM_Command_Injection,python_projects/tensorflow-master/tensorflow/security/advisory/tfsa-2022-118.md,b612392cbfe2d3e74d1c2f0227d1cfe6ab9d6311,CVE-2022-35987
809102376,LLMCI/LLM_Command_Injection,python_projects/tensorflow-master/tensorflow/security/advisory/tfsa-2021-094.md,b746dada7c9f54c3a8b138df223998e9fa71880d,CVE-2021-29606
809102376,LLMCI/LLM_Command_Injection,python_projects/tensorflow-master/tensorflow/security/advisory/tfsa-2022-126.md,b7617f2ede4ffe5779a8d09b271627b2939e72bd,CVE-2022-35994
809102376,LLMCI/LLM_Command_Injection,python_projects/tensorflow-master/tensorflow/security/advisory/tfsa-2021-107.md,b7711a4b585185c172d987defe4c0ad6b0a7aa9b,CVE-2021-29619
809102376,LLMCI/LLM_Command_Injection,python_projects/tensorflow-master/tensorflow/security/advisory/tfsa-2022-006.md,b7a903264925ab01dd9971065e0ed2b35e4bf75d,CVE-2022-21729
809102376,LLMCI/LLM_Command_Injection,python_projects/tensorflow-master/tensorflow/security/advisory/tfsa-2022-028.md,b847900d0fc71e8ca7924a45786646c4247e18eb,CVE-2022-23562
809102376,LLMCI/LLM_Command_Injection,python_projects/tensorflow-master/tensorflow/security/advisory/tfsa-2022-094.md,b8bde5d0f2ae98ea8410df55e0336da1819bc54f,CVE-2022-35959
809102376,LLMCI/LLM_Command_Injection,python_projects/tensorflow-master/tensorflow/security/advisory/tfsa-2023-013.md,b8e0d37ec485accbc5ff15c60c6deea5d3c3e36a,CVE-2023-25673
809102376,LLMCI/LLM_Command_Injection,python_projects/django-main/docs/releases/3.2.21.txt,b918a166fc0adcd4af8fc88fd2682f4916f1f26c,CVE-2023-41164
809102376,LLMCI/LLM_Command_Injection,python_projects/tensorflow-master/tensorflow/security/advisory/tfsa-2023-006.md,b9998b85c56ea8006712dbf73a93e58af97f3e7e,CVE-2023-25665
809102376,LLMCI/LLM_Command_Injection,python_projects/tensorflow-master/tensorflow/security/advisory/tfsa-2022-088.md,b9db5bf248eabf3054e29bb993cd903fcf7de56a,CVE-2022-35960
809102376,LLMCI/LLM_Command_Injection,python_projects/django-main/docs/releases/3.0.3.txt,ba1437d9e64d7250e7c3030073070ccfbed2bfe7,CVE-2020-7471
809102376,LLMCI/LLM_Command_Injection,python_projects/django-main/docs/releases/4.1.12.txt,ba75fa70ebcb1696931e97f59569fadc971bb732,CVE-2023-43665
809102376,LLMCI/LLM_Command_Injection,python_projects/tensorflow-master/tensorflow/security/advisory/tfsa-2021-155.md,ba8dafac2941b3520fe5ae9367383cc43228d1b3,CVE-2021-37681
809102376,LLMCI/LLM_Command_Injection,python_projects/tensorflow-master/tensorflow/security/advisory/tfsa-2021-117.md,baf5659fa26e9ddbe921032e06e1bb4691e93df1,CVE-2021-37644
809102376,LLMCI/LLM_Command_Injection,python_projects/tensorflow-master/tensorflow/security/advisory/tfsa-2023-005.md,bb4911cca0e5b7ef1997e2820551c462dda90ddd,CVE-2023-25676
809102376,LLMCI/LLM_Command_Injection,python_projects/django-main/docs/releases/2.2.3.txt,bb84046f66576b667650729abb028ab5b0c8c39a,CVE-2019-12781
809102376,LLMCI/LLM_Command_Injection,python_projects/tensorflow-master/tensorflow/security/advisory/tfsa-2022-087.md,bb8bb946147a9119155f3062ce6e93e6cd52369f,CVE-2022-35937
809102376,LLMCI/LLM_Command_Injection,python_projects/django-main/docs/releases/3.2.15.txt,bbea88cd87919a8b88b199bc74fe7fab378853b7,CVE-2022-36359
809102376,LLMCI/LLM_Command_Injection,python_projects/tensorflow-master/tensorflow/security/advisory/tfsa-2021-049.md,bc06235d8978e8215cf2c3faa21c1bdca837138c,CVE-2021-29561
809102376,LLMCI/LLM_Command_Injection,python_projects/tensorflow-master/tensorflow/security/advisory/tfsa-2021-031.md,bc28b3c15f2b8dc8a5e933ff0f8c74fa07b1e0a3,CVE-2021-29544
809102376,LLMCI/LLM_Command_Injection,python_projects/tensorflow-master/tensorflow/security/advisory/tfsa-2021-145.md,bda3d08d460e9a176ce9f69e837385ea6aa1cfb4,CVE-2021-37671
809102376,LLMCI/LLM_Command_Injection,python_projects/tensorflow-master/tensorflow/security/advisory/tfsa-2022-156.md,bdb5a6d419de145fbfc94272bb90a2c7be87457c,CVE-2022-41894
809102376,LLMCI/LLM_Command_Injection,python_projects/tensorflow-master/tensorflow/security/advisory/tfsa-2021-041.md,bde693b67a58396f7fddfa268d41bcdd6ddcd7b2,CVE-2021-29552
809102376,LLMCI/LLM_Command_Injection,python_projects/tensorflow-master/tensorflow/security/advisory/tfsa-2021-029.md,be24568f38430bfbc40ff56a13d9482621b0ef7a,CVE-2021-29542
809102376,LLMCI/LLM_Command_Injection,python_projects/tensorflow-master/tensorflow/security/advisory/tfsa-2020-007.md,bfcfc3649d5dff29f3a76d2b811b65d97a292a17,CVE-2020-15209
809102376,LLMCI/LLM_Command_Injection,python_projects/tensorflow-master/tensorflow/security/advisory/tfsa-2021-051.md,c084b17ace10f28ce241cc49140e6d826b75e12c,CVE-2021-29563
809102376,LLMCI/LLM_Command_Injection,python_projects/django-main/docs/releases/2.2.11.txt,c086b6e07e4092388dba6278b76e2fd94a7701a0,CVE-2020-9402
809102376,LLMCI/LLM_Command_Injection,python_projects/tensorflow-master/tensorflow/security/advisory/tfsa-2020-005.md,c0d908eab1b57524131dd7c6d68fccf3a00df56a,CVE-2020-15211
809102376,LLMCI/LLM_Command_Injection,python_projects/tensorflow-master/tensorflow/security/advisory/tfsa-2021-037.md,c0e6f13186dda214e32b5525cd42f2153349404a,CVE-2021-29549
809102376,LLMCI/LLM_Command_Injection,python_projects/langchain-master/libs/langchain/tests/integration_tests/examples/layout-parser-paper.pdf,c0f7851fc334a5dcc9f32770144004516a8fd1c6,VU#00
809102376,LLMCI/LLM_Command_Injection,python_projects/tensorflow-master/tensorflow/security/advisory/tfsa-2021-068.md,c0f7a80127e47f5a966011d3bb885cfbc6f517af,CVE-2021-29579
809102376,LLMCI/LLM_Command_Injection,python_projects/pytorch-main/ios/TestApp/models/model_coreml.ptl,c2b897d2964056e98c4bbd0dde7a51e4e5733c3e,VU#07
809102376,LLMCI/LLM_Command_Injection,python_projects/tensorflow-master/tensorflow/security/advisory/tfsa-2022-099.md,c2be93bfb023ae5462d951c5051cbb6044de06a8,CVE-2022-35967
809102376,LLMCI/LLM_Command_Injection,python_projects/django-main/docs/releases/2.2.26.txt,c30b84e712690ba0c1ad440b0c6d55fcbddf3d91,CVE-2021-45452
809102376,LLMCI/LLM_Command_Injection,python_projects/django-main/docs/releases/2.2.26.txt,c30b84e712690ba0c1ad440b0c6d55fcbddf3d91,CVE-2021-45116
809102376,LLMCI/LLM_Command_Injection,python_projects/django-main/docs/releases/2.2.26.txt,c30b84e712690ba0c1ad440b0c6d55fcbddf3d91,CVE-2021-45115
809102376,LLMCI/LLM_Command_Injection,python_projects/tensorflow-master/tensorflow/security/advisory/tfsa-2021-122.md,c3dbe22b86ed660e2877c512e8b971b616046be7,CVE-2021-37648
809102376,LLMCI/LLM_Command_Injection,python_projects/tensorflow-master/tensorflow/security/advisory/tfsa-2022-055.md,c3ed71c6b1e70e091159e53d821bd899e55a22f8,CVE-2022-23592
809102376,LLMCI/LLM_Command_Injection,python_projects/django-main/docs/releases/4.0.4.txt,c3f92162e972c29f857f8985e3ca78829c9d88e8,CVE-2022-28346
809102376,LLMCI/LLM_Command_Injection,python_projects/django-main/docs/releases/4.0.4.txt,c3f92162e972c29f857f8985e3ca78829c9d88e8,CVE-2022-28347
809102376,LLMCI/LLM_Command_Injection,python_projects/tensorflow-master/tensorflow/security/advisory/tfsa-2021-102.md,c606aca162e315ca7fc21bf8b9f9945b119495e7,CVE-2021-29614
809102376,LLMCI/LLM_Command_Injection,python_projects/tensorflow-master/tensorflow/security/advisory/tfsa-2022-111.md,c6bc171fa60b95eee52f09e2a4214e7fddc03697,CVE-2022-36018
809102376,LLMCI/LLM_Command_Injection,python_projects/tensorflow-master/tensorflow/security/advisory/tfsa-2021-147.md,c76a1e1dfb865d83905d1e7093341ce0072b9d47,CVE-2021-37673
809102376,LLMCI/LLM_Command_Injection,python_projects/tensorflow-master/tensorflow/security/advisory/tfsa-2021-064.md,c7e65c9723229f372eb7f2db1af0721b1a73384f,CVE-2021-29576
809102376,LLMCI/LLM_Command_Injection,python_projects/tensorflow-master/tensorflow/security/advisory/tfsa-2022-170.md,c81549d7b6a387f36717b4021a06ba61964bfa59,CVE-2022-35991
809102376,LLMCI/LLM_Command_Injection,python_projects/tensorflow-master/tensorflow/security/advisory/tfsa-2022-101.md,c82d996718215837760f25a4ca736005424edf89,CVE-2022-35969
809102376,LLMCI/LLM_Command_Injection,python_projects/tensorflow-master/tensorflow/security/advisory/tfsa-2021-010.md,c8b675cdaa853dd59980cc0ecc90e8b3d3910b3f,CVE-2021-29520
809102376,LLMCI/LLM_Command_Injection,python_projects/tensorflow-master/tensorflow/security/advisory/tfsa-2022-023.md,c8d5d7df9f1a97c601f4f471ecba4628f2357b1b,CVE-2022-23558
809102376,LLMCI/LLM_Command_Injection,python_projects/django-main/docs/releases/3.0.1.txt,c8e51beae4591d8967b6d738cf4626d2ba1d5483,CVE-2019-19844
809102376,LLMCI/LLM_Command_Injection,python_projects/django-main/docs/releases/1.8.18.txt,c9ae3c586011dd43c5c857e228a356d0de6610f5,CVE-2017-7233
809102376,LLMCI/LLM_Command_Injection,python_projects/django-main/docs/releases/1.8.18.txt,c9ae3c586011dd43c5c857e228a356d0de6610f5,CVE-2017-7234
809102376,LLMCI/LLM_Command_Injection,python_projects/tensorflow-master/tensorflow/security/advisory/tfsa-2021-042.md,c9fadf24469d0f16777b81c928ef4f19abb62c5a,CVE-2021-29554
809102376,LLMCI/LLM_Command_Injection,python_projects/django-main/docs/releases/2.2.8.txt,ca17bd73b4c9a10238699da10b2c61650caa1f9f,CVE-2019-19118
809102376,LLMCI/LLM_Command_Injection,python_projects/tensorflow-master/tensorflow/security/advisory/tfsa-2021-164.md,ca2068ad41e9f2919f066c28f2763b204c0692ff,CVE-2021-37691
809102376,LLMCI/LLM_Command_Injection,python_projects/django-main/docs/releases/3.2.1.txt,cb3448fdc4d6b865dc12028174b652b3ed5edc1e,CVE-2021-31542
809102376,LLMCI/LLM_Command_Injection,python_projects/pytorch-main/.ci/docker/common/install_android.sh,cb3b0ae70b28bfa86d49be651aa75f3f71985a77,MS28-029
809102376,LLMCI/LLM_Command_Injection,python_projects/django-main/docs/releases/2.0.2.txt,cb672acd691a420e6149dc7d4c65b476b8ed586c,CVE-2018-6188
809102376,LLMCI/LLM_Command_Injection,python_projects/tensorflow-master/tensorflow/security/advisory/tfsa-2021-090.md,cbd5ebd783aec4462cab326873c031d7e3acf62d,CVE-2021-29604
809102376,LLMCI/LLM_Command_Injection,python_projects/django-main/docs/releases/2.2.4.txt,ccbf40a11049bb48b7dcc41ddeb3b3af532b57ea,CVE-2019-14235
809102376,LLMCI/LLM_Command_Injection,python_projects/django-main/docs/releases/2.2.4.txt,ccbf40a11049bb48b7dcc41ddeb3b3af532b57ea,CVE-2019-14234
809102376,LLMCI/LLM_Command_Injection,python_projects/django-main/docs/releases/2.2.4.txt,ccbf40a11049bb48b7dcc41ddeb3b3af532b57ea,CVE-2019-14233
809102376,LLMCI/LLM_Command_Injection,python_projects/django-main/docs/releases/2.2.4.txt,ccbf40a11049bb48b7dcc41ddeb3b3af532b57ea,CVE-2019-14232
809102376,LLMCI/LLM_Command_Injection,python_projects/tensorflow-master/tensorflow/security/advisory/tfsa-2022-140.md,cf1487abe0f142d6de78f7d7583be0d2b4873423,CVE-2022-36014
809102376,LLMCI/LLM_Command_Injection,python_projects/tensorflow-master/tensorflow/security/advisory/tfsa-2021-176.md,d01c0816dbd8dc35602bda9832ebf848d4f8e76f,CVE-2021-41218
809102376,LLMCI/LLM_Command_Injection,python_projects/tensorflow-master/tensorflow/security/advisory/tfsa-2022-038.md,d0c273f7167af0fa35ed362e4cf0efae1a82ceb2,CVE-2022-23575
809102376,LLMCI/LLM_Command_Injection,python_projects/django-main/docs/releases/3.2.18.txt,d1635a03e0c703877bcf0dd02453aec8142490b9,CVE-2023-24580
809102376,LLMCI/LLM_Command_Injection,python_projects/tensorflow-master/tensorflow/security/advisory/tfsa-2021-060.md,d19b4eacac7a5921ff483afb7da885c2ec911d4c,CVE-2021-29572
809102376,LLMCI/LLM_Command_Injection,python_projects/tensorflow-master/tensorflow/security/advisory/tfsa-2021-127.md,d19e87547a67470bac8690bf6efbf7db5bcbfe6c,CVE-2021-37653
809102376,LLMCI/LLM_Command_Injection,python_projects/tensorflow-master/tensorflow/security/advisory/tfsa-2021-021.md,d1a83ac919ffa0172cac6ee2576b444cb2e92a6d,CVE-2021-29532
809102376,LLMCI/LLM_Command_Injection,python_projects/django-main/docs/releases/2.2.2.txt,d1aac9e0a9cc14dcf1ad44f4ae74acaf558fb2a5,CVE-2019-11358
809102376,LLMCI/LLM_Command_Injection,python_projects/django-main/docs/releases/2.2.2.txt,d1aac9e0a9cc14dcf1ad44f4ae74acaf558fb2a5,CVE-2019-12308
809102376,LLMCI/LLM_Command_Injection,python_projects/tensorflow-master/tensorflow/security/advisory/tfsa-2021-084.md,d1fec011755a0f81f8656101747e94db39af4f51,CVE-2021-29593
809102376,LLMCI/LLM_Command_Injection,python_projects/django-main/docs/releases/3.1.1.txt,d238b5f67e4ed9a72cfc2294b55a55fadaf58683,CVE-2020-24583
809102376,LLMCI/LLM_Command_Injection,python_projects/django-main/docs/releases/3.1.1.txt,d238b5f67e4ed9a72cfc2294b55a55fadaf58683,CVE-2020-24584
809102376,LLMCI/LLM_Command_Injection,python_projects/django-main/docs/releases/1.10.8.txt,d26ce4214e23b5e0bb670f908ddcde573b716a13,CVE-2017-12794
809102376,LLMCI/LLM_Command_Injection,python_projects/tensorflow-master/tensorflow/cc/saved_model/testdata/chunked_saved_model/chunked_model/saved_model.pbtxt,d2a73509fde8e013f9f89181accbfd90545c0fa7,VU#225
809102376,LLMCI/LLM_Command_Injection,python_projects/tensorflow-master/tensorflow/cc/saved_model/testdata/chunked_saved_model/chunked_model/saved_model.pbtxt,d2a73509fde8e013f9f89181accbfd90545c0fa7,VU#353
809102376,LLMCI/LLM_Command_Injection,python_projects/tensorflow-master/tensorflow/cc/saved_model/testdata/chunked_saved_model/chunked_model/saved_model.pbtxt,d2a73509fde8e013f9f89181accbfd90545c0fa7,VU#010
809102376,LLMCI/LLM_Command_Injection,python_projects/tensorflow-master/tensorflow/cc/saved_model/testdata/chunked_saved_model/chunked_model/saved_model.pbtxt,d2a73509fde8e013f9f89181accbfd90545c0fa7,VU#302
809102376,LLMCI/LLM_Command_Injection,python_projects/tensorflow-master/tensorflow/cc/saved_model/testdata/chunked_saved_model/chunked_model/saved_model.pbtxt,d2a73509fde8e013f9f89181accbfd90545c0fa7,VU#351
809102376,LLMCI/LLM_Command_Injection,python_projects/tensorflow-master/tensorflow/security/advisory/tfsa-2023-008.md,d2ff08765c04b1808fcda624b2243eb93c9323ed,CVE-2023-25666
809102376,LLMCI/LLM_Command_Injection,python_projects/tensorflow-master/tensorflow/security/advisory/tfsa-2021-100.md,d397b858467a3da99f8b1a8322ce53982a2ef4a6,CVE-2021-29612
809102376,LLMCI/LLM_Command_Injection,python_projects/tensorflow-master/tensorflow/security/advisory/tfsa-2021-093.md,d3d096e4e8a2f78e0b5d6b7045240128e7c41a8c,CVE-2021-29603
809102376,LLMCI/LLM_Command_Injection,python_projects/tensorflow-master/tensorflow/security/advisory/tfsa-2022-128.md,d4591c2764a9d17afcfe9bd3647a59d563e2aeca,CVE-2022-35992
809102376,LLMCI/LLM_Command_Injection,python_projects/tensorflow-master/tensorflow/security/advisory/tfsa-2022-054.md,d596604e3159bf38075ad10ff396c7dd42cd5d9b,CVE-2022-23591
809102376,LLMCI/LLM_Command_Injection,python_projects/django-main/docs/releases/3.0.10.txt,d5a8a88f3cffe1fe10fec61d1598863266b1d91a,CVE-2020-24583
809102376,LLMCI/LLM_Command_Injection,python_projects/django-main/docs/releases/3.0.10.txt,d5a8a88f3cffe1fe10fec61d1598863266b1d91a,CVE-2020-24584
809102376,LLMCI/LLM_Command_Injection,python_projects/tensorflow-master/tensorflow/security/advisory/tfsa-2022-164.md,d5bf88787f582155f148215d2091f0fb4fa074c7,CVE-2022-41901
809102376,LLMCI/LLM_Command_Injection,python_projects/tensorflow-master/tensorflow/security/advisory/tfsa-2021-009.md,d5daf34777b9f8e332639bca1ef36c7a1a0c1b6b,CVE-2021-29521
809102376,LLMCI/LLM_Command_Injection,python_projects/django-main/docs/releases/1.10.7.txt,d5f59312d9d6f31d98a71bb655df0072773b4664,CVE-2017-7233
809102376,LLMCI/LLM_Command_Injection,python_projects/django-main/docs/releases/1.10.7.txt,d5f59312d9d6f31d98a71bb655df0072773b4664,CVE-2017-7234
809102376,LLMCI/LLM_Command_Injection,python_projects/tensorflow-master/tensorflow/security/advisory/tfsa-2020-027.md,d6195138d65399428c176b770e887271b2354e40,CVE-2020-15265
809102376,LLMCI/LLM_Command_Injection,python_projects/tensorflow-master/tensorflow/security/advisory/tfsa-2021-190.md,d6acb4cdad45090ce72b8a3f203fbfb17698659b,CVE-2021-41206
809102376,LLMCI/LLM_Command_Injection,python_projects/tensorflow-master/tensorflow/security/advisory/tfsa-2022-146.md,d6d3cb53c90ad6dfad00052225f3164fdf9295b3,CVE-2022-41884
809102376,LLMCI/LLM_Command_Injection,python_projects/django-main/docs/releases/4.0.10.txt,d6d8c2e6047fbf1ab4a64320c7eb5a43cb7244b2,CVE-2023-24580
809102376,LLMCI/LLM_Command_Injection,python_projects/tensorflow-master/RELEASE.md,d77a29f0c134b899a35e8aac3a35549b2838bd8a,CVE-2022-35960
809102376,LLMCI/LLM_Command_Injection,python_projects/tensorflow-master/RELEASE.md,d77a29f0c134b899a35e8aac3a35549b2838bd8a,CVE-2022-35959
809102376,LLMCI/LLM_Command_Injection,python_projects/tensorflow-master/RELEASE.md,d77a29f0c134b899a35e8aac3a35549b2838bd8a,CVE-2022-29194
809102376,LLMCI/LLM_Command_Injection,python_projects/tensorflow-master/RELEASE.md,d77a29f0c134b899a35e8aac3a35549b2838bd8a,CVE-2022-35964
809102376,LLMCI/LLM_Command_Injection,python_projects/tensorflow-master/RELEASE.md,d77a29f0c134b899a35e8aac3a35549b2838bd8a,CVE-2019-16168
809102376,LLMCI/LLM_Command_Injection,python_projects/tensorflow-master/RELEASE.md,d77a29f0c134b899a35e8aac3a35549b2838bd8a,CVE-2022-35963
809102376,LLMCI/LLM_Command_Injection,python_projects/tensorflow-master/RELEASE.md,d77a29f0c134b899a35e8aac3a35549b2838bd8a,CVE-2019-15601
809102376,LLMCI/LLM_Command_Injection,python_projects/tensorflow-master/RELEASE.md,d77a29f0c134b899a35e8aac3a35549b2838bd8a,CVE-2022-29195
809102376,LLMCI/LLM_Command_Injection,python_projects/tensorflow-master/RELEASE.md,d77a29f0c134b899a35e8aac3a35549b2838bd8a,CVE-2022-29199
809102376,LLMCI/LLM_Command_Injection,python_projects/tensorflow-master/RELEASE.md,d77a29f0c134b899a35e8aac3a35549b2838bd8a,CVE-2020-15358
809102376,LLMCI/LLM_Command_Injection,python_projects/tensorflow-master/RELEASE.md,d77a29f0c134b899a35e8aac3a35549b2838bd8a,CVE-2020-15214
809102376,LLMCI/LLM_Command_Injection,python_projects/tensorflow-master/RELEASE.md,d77a29f0c134b899a35e8aac3a35549b2838bd8a,CVE-2022-28506
809102376,LLMCI/LLM_Command_Injection,python_projects/tensorflow-master/RELEASE.md,d77a29f0c134b899a35e8aac3a35549b2838bd8a,CVE-2022-35979
809102376,LLMCI/LLM_Command_Injection,python_projects/tensorflow-master/RELEASE.md,d77a29f0c134b899a35e8aac3a35549b2838bd8a,CVE-2022-29191
809102376,LLMCI/LLM_Command_Injection,python_projects/tensorflow-master/RELEASE.md,d77a29f0c134b899a35e8aac3a35549b2838bd8a,CVE-2022-35974
809102376,LLMCI/LLM_Command_Injection,python_projects/tensorflow-master/RELEASE.md,d77a29f0c134b899a35e8aac3a35549b2838bd8a,CVE-2019-19880
809102376,LLMCI/LLM_Command_Injection,python_projects/tensorflow-master/RELEASE.md,d77a29f0c134b899a35e8aac3a35549b2838bd8a,CVE-2022-35973
809102376,LLMCI/LLM_Command_Injection,python_projects/tensorflow-master/RELEASE.md,d77a29f0c134b899a35e8aac3a35549b2838bd8a,CVE-2020-8284
809102376,LLMCI/LLM_Command_Injection,python_projects/tensorflow-master/RELEASE.md,d77a29f0c134b899a35e8aac3a35549b2838bd8a,CVE-2020-15250
809102376,LLMCI/LLM_Command_Injection,python_projects/tensorflow-master/RELEASE.md,d77a29f0c134b899a35e8aac3a35549b2838bd8a,CVE-2022-29192
809102376,LLMCI/LLM_Command_Injection,python_projects/tensorflow-master/RELEASE.md,d77a29f0c134b899a35e8aac3a35549b2838bd8a,CVE-2022-35972
809102376,LLMCI/LLM_Command_Injection,python_projects/tensorflow-master/RELEASE.md,d77a29f0c134b899a35e8aac3a35549b2838bd8a,CVE-2020-15265
809102376,LLMCI/LLM_Command_Injection,python_projects/tensorflow-master/RELEASE.md,d77a29f0c134b899a35e8aac3a35549b2838bd8a,CVE-2022-35971
809102376,LLMCI/LLM_Command_Injection,python_projects/tensorflow-master/RELEASE.md,d77a29f0c134b899a35e8aac3a35549b2838bd8a,CVE-2022-35970
809102376,LLMCI/LLM_Command_Injection,python_projects/tensorflow-master/RELEASE.md,d77a29f0c134b899a35e8aac3a35549b2838bd8a,CVE-2019-19646
809102376,LLMCI/LLM_Command_Injection,python_projects/tensorflow-master/RELEASE.md,d77a29f0c134b899a35e8aac3a35549b2838bd8a,CVE-2022-29193
809102376,LLMCI/LLM_Command_Injection,python_projects/tensorflow-master/RELEASE.md,d77a29f0c134b899a35e8aac3a35549b2838bd8a,CVE-2022-35969
809102376,LLMCI/LLM_Command_Injection,python_projects/tensorflow-master/RELEASE.md,d77a29f0c134b899a35e8aac3a35549b2838bd8a,CVE-2019-19645
809102376,LLMCI/LLM_Command_Injection,python_projects/tensorflow-master/RELEASE.md,d77a29f0c134b899a35e8aac3a35549b2838bd8a,CVE-2022-35968
809102376,LLMCI/LLM_Command_Injection,python_projects/tensorflow-master/RELEASE.md,d77a29f0c134b899a35e8aac3a35549b2838bd8a,CVE-2022-35967
809102376,LLMCI/LLM_Command_Injection,python_projects/tensorflow-master/RELEASE.md,d77a29f0c134b899a35e8aac3a35549b2838bd8a,CVE-2020-15266
809102376,LLMCI/LLM_Command_Injection,python_projects/tensorflow-master/RELEASE.md,d77a29f0c134b899a35e8aac3a35549b2838bd8a,CVE-2019-19244
809102376,LLMCI/LLM_Command_Injection,python_projects/tensorflow-master/RELEASE.md,d77a29f0c134b899a35e8aac3a35549b2838bd8a,CVE-2022-35966
809102376,LLMCI/LLM_Command_Injection,python_projects/tensorflow-master/RELEASE.md,d77a29f0c134b899a35e8aac3a35549b2838bd8a,CVE-2022-35965
809102376,LLMCI/LLM_Command_Injection,python_projects/tensorflow-master/RELEASE.md,d77a29f0c134b899a35e8aac3a35549b2838bd8a,CVE-2020-8231
809102376,LLMCI/LLM_Command_Injection,python_projects/tensorflow-master/RELEASE.md,d77a29f0c134b899a35e8aac3a35549b2838bd8a,CVE-2022-35939
809102376,LLMCI/LLM_Command_Injection,python_projects/tensorflow-master/RELEASE.md,d77a29f0c134b899a35e8aac3a35549b2838bd8a,CVE-2022-35941
809102376,LLMCI/LLM_Command_Injection,python_projects/tensorflow-master/RELEASE.md,d77a29f0c134b899a35e8aac3a35549b2838bd8a,CVE-2018-20506
809102376,LLMCI/LLM_Command_Injection,python_projects/tensorflow-master/RELEASE.md,d77a29f0c134b899a35e8aac3a35549b2838bd8a,CVE-2020-26270
809102376,LLMCI/LLM_Command_Injection,python_projects/tensorflow-master/RELEASE.md,d77a29f0c134b899a35e8aac3a35549b2838bd8a,CVE-2022-29208
809102376,LLMCI/LLM_Command_Injection,python_projects/tensorflow-master/RELEASE.md,d77a29f0c134b899a35e8aac3a35549b2838bd8a,CVE-2022-29207
809102376,LLMCI/LLM_Command_Injection,python_projects/tensorflow-master/RELEASE.md,d77a29f0c134b899a35e8aac3a35549b2838bd8a,CVE-2022-29206
809102376,LLMCI/LLM_Command_Injection,python_projects/tensorflow-master/RELEASE.md,d77a29f0c134b899a35e8aac3a35549b2838bd8a,CVE-2018-20505
809102376,LLMCI/LLM_Command_Injection,python_projects/tensorflow-master/RELEASE.md,d77a29f0c134b899a35e8aac3a35549b2838bd8a,CVE-2018-20346
809102376,LLMCI/LLM_Command_Injection,python_projects/tensorflow-master/RELEASE.md,d77a29f0c134b899a35e8aac3a35549b2838bd8a,CVE-2022-29205
809102376,LLMCI/LLM_Command_Injection,python_projects/tensorflow-master/RELEASE.md,d77a29f0c134b899a35e8aac3a35549b2838bd8a,CVE-2022-29204
809102376,LLMCI/LLM_Command_Injection,python_projects/tensorflow-master/RELEASE.md,d77a29f0c134b899a35e8aac3a35549b2838bd8a,CVE-2022-29209
809102376,LLMCI/LLM_Command_Injection,python_projects/tensorflow-master/RELEASE.md,d77a29f0c134b899a35e8aac3a35549b2838bd8a,CVE-2018-13785
809102376,LLMCI/LLM_Command_Injection,python_projects/tensorflow-master/RELEASE.md,d77a29f0c134b899a35e8aac3a35549b2838bd8a,CVE-2022-29203
809102376,LLMCI/LLM_Command_Injection,python_projects/tensorflow-master/RELEASE.md,d77a29f0c134b899a35e8aac3a35549b2838bd8a,CVE-2018-20330
809102376,LLMCI/LLM_Command_Injection,python_projects/tensorflow-master/RELEASE.md,d77a29f0c134b899a35e8aac3a35549b2838bd8a,CVE-2022-29202
809102376,LLMCI/LLM_Command_Injection,python_projects/tensorflow-master/RELEASE.md,d77a29f0c134b899a35e8aac3a35549b2838bd8a,CVE-2018-19664
809102376,LLMCI/LLM_Command_Injection,python_projects/tensorflow-master/RELEASE.md,d77a29f0c134b899a35e8aac3a35549b2838bd8a,CVE-2022-29201
809102376,LLMCI/LLM_Command_Injection,python_projects/tensorflow-master/RELEASE.md,d77a29f0c134b899a35e8aac3a35549b2838bd8a,CVE-2020-5215
809102376,LLMCI/LLM_Command_Injection,python_projects/tensorflow-master/RELEASE.md,d77a29f0c134b899a35e8aac3a35549b2838bd8a,CVE-2018-17190
809102376,LLMCI/LLM_Command_Injection,python_projects/tensorflow-master/RELEASE.md,d77a29f0c134b899a35e8aac3a35549b2838bd8a,CVE-2022-29200
809102376,LLMCI/LLM_Command_Injection,python_projects/tensorflow-master/RELEASE.md,d77a29f0c134b899a35e8aac3a35549b2838bd8a,CVE-2018-14048
809102376,LLMCI/LLM_Command_Injection,python_projects/tensorflow-master/RELEASE.md,d77a29f0c134b899a35e8aac3a35549b2838bd8a,CVE-2020-26271
809102376,LLMCI/LLM_Command_Injection,python_projects/tensorflow-master/RELEASE.md,d77a29f0c134b899a35e8aac3a35549b2838bd8a,CVE-2022-35952
809102376,LLMCI/LLM_Command_Injection,python_projects/tensorflow-master/RELEASE.md,d77a29f0c134b899a35e8aac3a35549b2838bd8a,CVE-2022-29210
809102376,LLMCI/LLM_Command_Injection,python_projects/tensorflow-master/RELEASE.md,d77a29f0c134b899a35e8aac3a35549b2838bd8a,CVE-2022-29211
809102376,LLMCI/LLM_Command_Injection,python_projects/tensorflow-master/RELEASE.md,d77a29f0c134b899a35e8aac3a35549b2838bd8a,CVE-2022-35940
809102376,LLMCI/LLM_Command_Injection,python_projects/tensorflow-master/RELEASE.md,d77a29f0c134b899a35e8aac3a35549b2838bd8a,CVE-2022-29196
809102376,LLMCI/LLM_Command_Injection,python_projects/tensorflow-master/RELEASE.md,d77a29f0c134b899a35e8aac3a35549b2838bd8a,CVE-2020-8177
809102376,LLMCI/LLM_Command_Injection,python_projects/tensorflow-master/RELEASE.md,d77a29f0c134b899a35e8aac3a35549b2838bd8a,CVE-2022-35938
809102376,LLMCI/LLM_Command_Injection,python_projects/tensorflow-master/RELEASE.md,d77a29f0c134b899a35e8aac3a35549b2838bd8a,CVE-2022-29197
809102376,LLMCI/LLM_Command_Injection,python_projects/tensorflow-master/RELEASE.md,d77a29f0c134b899a35e8aac3a35549b2838bd8a,CVE-2022-35937
809102376,LLMCI/LLM_Command_Injection,python_projects/tensorflow-master/RELEASE.md,d77a29f0c134b899a35e8aac3a35549b2838bd8a,CVE-2019-13960
809102376,LLMCI/LLM_Command_Injection,python_projects/tensorflow-master/RELEASE.md,d77a29f0c134b899a35e8aac3a35549b2838bd8a,CVE-2022-35935
809102376,LLMCI/LLM_Command_Injection,python_projects/tensorflow-master/RELEASE.md,d77a29f0c134b899a35e8aac3a35549b2838bd8a,CVE-2022-35934
809102376,LLMCI/LLM_Command_Injection,python_projects/tensorflow-master/RELEASE.md,d77a29f0c134b899a35e8aac3a35549b2838bd8a,CVE-2020-26269
809102376,LLMCI/LLM_Command_Injection,python_projects/tensorflow-master/RELEASE.md,d77a29f0c134b899a35e8aac3a35549b2838bd8a,CVE-2019-10099
809102376,LLMCI/LLM_Command_Injection,python_projects/tensorflow-master/RELEASE.md,d77a29f0c134b899a35e8aac3a35549b2838bd8a,CVE-2022-30115
809102376,LLMCI/LLM_Command_Injection,python_projects/tensorflow-master/RELEASE.md,d77a29f0c134b899a35e8aac3a35549b2838bd8a,CVE-2020-8169
809102376,LLMCI/LLM_Command_Injection,python_projects/tensorflow-master/RELEASE.md,d77a29f0c134b899a35e8aac3a35549b2838bd8a,CVE-2022-29216
809102376,LLMCI/LLM_Command_Injection,python_projects/tensorflow-master/RELEASE.md,d77a29f0c134b899a35e8aac3a35549b2838bd8a,CVE-2022-29198
809102376,LLMCI/LLM_Command_Injection,python_projects/tensorflow-master/RELEASE.md,d77a29f0c134b899a35e8aac3a35549b2838bd8a,CVE-2020-26267
809102376,LLMCI/LLM_Command_Injection,python_projects/tensorflow-master/RELEASE.md,d77a29f0c134b899a35e8aac3a35549b2838bd8a,CVE-2022-29213
809102376,LLMCI/LLM_Command_Injection,python_projects/tensorflow-master/RELEASE.md,d77a29f0c134b899a35e8aac3a35549b2838bd8a,CVE-2022-29212
809102376,LLMCI/LLM_Command_Injection,python_projects/tensorflow-master/RELEASE.md,d77a29f0c134b899a35e8aac3a35549b2838bd8a,CVE-2018-11770
809102376,LLMCI/LLM_Command_Injection,python_projects/tensorflow-master/RELEASE.md,d77a29f0c134b899a35e8aac3a35549b2838bd8a,CVE-2020-26268
809102376,LLMCI/LLM_Command_Injection,python_projects/tensorflow-master/RELEASE.md,d77a29f0c134b899a35e8aac3a35549b2838bd8a,CVE-2020-26266
809102376,LLMCI/LLM_Command_Injection,python_projects/tensorflow-master/RELEASE.md,d77a29f0c134b899a35e8aac3a35549b2838bd8a,CVE-2022-35981
809102376,LLMCI/LLM_Command_Injection,python_projects/tensorflow-master/RELEASE.md,d77a29f0c134b899a35e8aac3a35549b2838bd8a,CVE-2022-41896
809102376,LLMCI/LLM_Command_Injection,python_projects/tensorflow-master/RELEASE.md,d77a29f0c134b899a35e8aac3a35549b2838bd8a,CVE-2022-35982
809102376,LLMCI/LLM_Command_Injection,python_projects/tensorflow-master/RELEASE.md,d77a29f0c134b899a35e8aac3a35549b2838bd8a,CVE-2022-41883
809102376,LLMCI/LLM_Command_Injection,python_projects/tensorflow-master/RELEASE.md,d77a29f0c134b899a35e8aac3a35549b2838bd8a,CVE-2020-15192
809102376,LLMCI/LLM_Command_Injection,python_projects/tensorflow-master/RELEASE.md,d77a29f0c134b899a35e8aac3a35549b2838bd8a,CVE-2022-41880
809102376,LLMCI/LLM_Command_Injection,python_projects/tensorflow-master/RELEASE.md,d77a29f0c134b899a35e8aac3a35549b2838bd8a,CVE-2020-15202
809102376,LLMCI/LLM_Command_Injection,python_projects/tensorflow-master/RELEASE.md,d77a29f0c134b899a35e8aac3a35549b2838bd8a,CVE-2020-15191
809102376,LLMCI/LLM_Command_Injection,python_projects/tensorflow-master/RELEASE.md,d77a29f0c134b899a35e8aac3a35549b2838bd8a,CVE-2023-25658
809102376,LLMCI/LLM_Command_Injection,python_projects/tensorflow-master/RELEASE.md,d77a29f0c134b899a35e8aac3a35549b2838bd8a,CVE-2023-25659
809102376,LLMCI/LLM_Command_Injection,python_projects/tensorflow-master/RELEASE.md,d77a29f0c134b899a35e8aac3a35549b2838bd8a,CVE-2023-25660
809102376,LLMCI/LLM_Command_Injection,python_projects/tensorflow-master/RELEASE.md,d77a29f0c134b899a35e8aac3a35549b2838bd8a,CVE-2020-15190
809102376,LLMCI/LLM_Command_Injection,python_projects/tensorflow-master/RELEASE.md,d77a29f0c134b899a35e8aac3a35549b2838bd8a,CVE-2022-36027
809102376,LLMCI/LLM_Command_Injection,python_projects/tensorflow-master/RELEASE.md,d77a29f0c134b899a35e8aac3a35549b2838bd8a,CVE-2022-36026
809102376,LLMCI/LLM_Command_Injection,python_projects/tensorflow-master/RELEASE.md,d77a29f0c134b899a35e8aac3a35549b2838bd8a,CVE-2022-36019
809102376,LLMCI/LLM_Command_Injection,python_projects/tensorflow-master/RELEASE.md,d77a29f0c134b899a35e8aac3a35549b2838bd8a,CVE-2023-25662
809102376,LLMCI/LLM_Command_Injection,python_projects/tensorflow-master/RELEASE.md,d77a29f0c134b899a35e8aac3a35549b2838bd8a,CVE-2022-36018
809102376,LLMCI/LLM_Command_Injection,python_projects/tensorflow-master/RELEASE.md,d77a29f0c134b899a35e8aac3a35549b2838bd8a,CVE-2022-36017
809102376,LLMCI/LLM_Command_Injection,python_projects/tensorflow-master/RELEASE.md,d77a29f0c134b899a35e8aac3a35549b2838bd8a,CVE-2020-15203
809102376,LLMCI/LLM_Command_Injection,python_projects/tensorflow-master/RELEASE.md,d77a29f0c134b899a35e8aac3a35549b2838bd8a,CVE-2022-36016
809102376,LLMCI/LLM_Command_Injection,python_projects/tensorflow-master/RELEASE.md,d77a29f0c134b899a35e8aac3a35549b2838bd8a,CVE-2022-36015
809102376,LLMCI/LLM_Command_Injection,python_projects/tensorflow-master/RELEASE.md,d77a29f0c134b899a35e8aac3a35549b2838bd8a,CVE-2022-36014
809102376,LLMCI/LLM_Command_Injection,python_projects/tensorflow-master/RELEASE.md,d77a29f0c134b899a35e8aac3a35549b2838bd8a,CVE-2020-14155
809102376,LLMCI/LLM_Command_Injection,python_projects/tensorflow-master/RELEASE.md,d77a29f0c134b899a35e8aac3a35549b2838bd8a,CVE-2022-36013
809102376,LLMCI/LLM_Command_Injection,python_projects/tensorflow-master/RELEASE.md,d77a29f0c134b899a35e8aac3a35549b2838bd8a,CVE-2020-15204
809102376,LLMCI/LLM_Command_Injection,python_projects/tensorflow-master/RELEASE.md,d77a29f0c134b899a35e8aac3a35549b2838bd8a,CVE-2022-36012
809102376,LLMCI/LLM_Command_Injection,python_projects/tensorflow-master/RELEASE.md,d77a29f0c134b899a35e8aac3a35549b2838bd8a,CVE-2023-25663
809102376,LLMCI/LLM_Command_Injection,python_projects/tensorflow-master/RELEASE.md,d77a29f0c134b899a35e8aac3a35549b2838bd8a,CVE-2020-13871
809102376,LLMCI/LLM_Command_Injection,python_projects/tensorflow-master/RELEASE.md,d77a29f0c134b899a35e8aac3a35549b2838bd8a,CVE-2020-15193
809102376,LLMCI/LLM_Command_Injection,python_projects/tensorflow-master/RELEASE.md,d77a29f0c134b899a35e8aac3a35549b2838bd8a,CVE-2020-15201
809102376,LLMCI/LLM_Command_Injection,python_projects/tensorflow-master/RELEASE.md,d77a29f0c134b899a35e8aac3a35549b2838bd8a,CVE-2022-41911
809102376,LLMCI/LLM_Command_Injection,python_projects/tensorflow-master/RELEASE.md,d77a29f0c134b899a35e8aac3a35549b2838bd8a,CVE-2022-41884
809102376,LLMCI/LLM_Command_Injection,python_projects/tensorflow-master/RELEASE.md,d77a29f0c134b899a35e8aac3a35549b2838bd8a,CVE-2022-41897
809102376,LLMCI/LLM_Command_Injection,python_projects/tensorflow-master/RELEASE.md,d77a29f0c134b899a35e8aac3a35549b2838bd8a,CVE-2022-41894
809102376,LLMCI/LLM_Command_Injection,python_projects/tensorflow-master/RELEASE.md,d77a29f0c134b899a35e8aac3a35549b2838bd8a,CVE-2020-15198
809102376,LLMCI/LLM_Command_Injection,python_projects/tensorflow-master/RELEASE.md,d77a29f0c134b899a35e8aac3a35549b2838bd8a,CVE-2022-41898
809102376,LLMCI/LLM_Command_Injection,python_projects/tensorflow-master/RELEASE.md,d77a29f0c134b899a35e8aac3a35549b2838bd8a,CVE-2022-41893
809102376,LLMCI/LLM_Command_Injection,python_projects/tensorflow-master/RELEASE.md,d77a29f0c134b899a35e8aac3a35549b2838bd8a,CVE-2020-15197
809102376,LLMCI/LLM_Command_Injection,python_projects/tensorflow-master/RELEASE.md,d77a29f0c134b899a35e8aac3a35549b2838bd8a,CVE-2022-41899
809102376,LLMCI/LLM_Command_Injection,python_projects/tensorflow-master/RELEASE.md,d77a29f0c134b899a35e8aac3a35549b2838bd8a,CVE-2022-41891
809102376,LLMCI/LLM_Command_Injection,python_projects/tensorflow-master/RELEASE.md,d77a29f0c134b899a35e8aac3a35549b2838bd8a,CVE-2020-15196
809102376,LLMCI/LLM_Command_Injection,python_projects/tensorflow-master/RELEASE.md,d77a29f0c134b899a35e8aac3a35549b2838bd8a,CVE-2022-41900
809102376,LLMCI/LLM_Command_Injection,python_projects/tensorflow-master/RELEASE.md,d77a29f0c134b899a35e8aac3a35549b2838bd8a,CVE-2022-41890
809102376,LLMCI/LLM_Command_Injection,python_projects/tensorflow-master/RELEASE.md,d77a29f0c134b899a35e8aac3a35549b2838bd8a,CVE-2022-41901
809102376,LLMCI/LLM_Command_Injection,python_projects/tensorflow-master/RELEASE.md,d77a29f0c134b899a35e8aac3a35549b2838bd8a,CVE-2022-36011
809102376,LLMCI/LLM_Command_Injection,python_projects/tensorflow-master/RELEASE.md,d77a29f0c134b899a35e8aac3a35549b2838bd8a,CVE-2020-15199
809102376,LLMCI/LLM_Command_Injection,python_projects/tensorflow-master/RELEASE.md,d77a29f0c134b899a35e8aac3a35549b2838bd8a,CVE-2022-41902
809102376,LLMCI/LLM_Command_Injection,python_projects/tensorflow-master/RELEASE.md,d77a29f0c134b899a35e8aac3a35549b2838bd8a,CVE-2020-15195
809102376,LLMCI/LLM_Command_Injection,python_projects/tensorflow-master/RELEASE.md,d77a29f0c134b899a35e8aac3a35549b2838bd8a,CVE-2022-41888
809102376,LLMCI/LLM_Command_Injection,python_projects/tensorflow-master/RELEASE.md,d77a29f0c134b899a35e8aac3a35549b2838bd8a,CVE-2020-15200
809102376,LLMCI/LLM_Command_Injection,python_projects/tensorflow-master/RELEASE.md,d77a29f0c134b899a35e8aac3a35549b2838bd8a,CVE-2022-41887
809102376,LLMCI/LLM_Command_Injection,python_projects/tensorflow-master/RELEASE.md,d77a29f0c134b899a35e8aac3a35549b2838bd8a,CVE-2022-41907
809102376,LLMCI/LLM_Command_Injection,python_projects/tensorflow-master/RELEASE.md,d77a29f0c134b899a35e8aac3a35549b2838bd8a,CVE-2022-41886
809102376,LLMCI/LLM_Command_Injection,python_projects/tensorflow-master/RELEASE.md,d77a29f0c134b899a35e8aac3a35549b2838bd8a,CVE-2022-41908
809102376,LLMCI/LLM_Command_Injection,python_projects/tensorflow-master/RELEASE.md,d77a29f0c134b899a35e8aac3a35549b2838bd8a,CVE-2022-41909
809102376,LLMCI/LLM_Command_Injection,python_projects/tensorflow-master/RELEASE.md,d77a29f0c134b899a35e8aac3a35549b2838bd8a,CVE-2022-41885
809102376,LLMCI/LLM_Command_Injection,python_projects/tensorflow-master/RELEASE.md,d77a29f0c134b899a35e8aac3a35549b2838bd8a,CVE-2022-41910
809102376,LLMCI/LLM_Command_Injection,python_projects/tensorflow-master/RELEASE.md,d77a29f0c134b899a35e8aac3a35549b2838bd8a,CVE-2020-15194
809102376,LLMCI/LLM_Command_Injection,python_projects/tensorflow-master/RELEASE.md,d77a29f0c134b899a35e8aac3a35549b2838bd8a,CVE-2022-41889
809102376,LLMCI/LLM_Command_Injection,python_projects/tensorflow-master/RELEASE.md,d77a29f0c134b899a35e8aac3a35549b2838bd8a,CVE-2020-15213
809102376,LLMCI/LLM_Command_Injection,python_projects/tensorflow-master/RELEASE.md,d77a29f0c134b899a35e8aac3a35549b2838bd8a,CVE-2023-25664
809102376,LLMCI/LLM_Command_Injection,python_projects/tensorflow-master/RELEASE.md,d77a29f0c134b899a35e8aac3a35549b2838bd8a,CVE-2020-15205
809102376,LLMCI/LLM_Command_Injection,python_projects/tensorflow-master/RELEASE.md,d77a29f0c134b899a35e8aac3a35549b2838bd8a,CVE-2022-35991
809102376,LLMCI/LLM_Command_Injection,python_projects/tensorflow-master/RELEASE.md,d77a29f0c134b899a35e8aac3a35549b2838bd8a,CVE-2020-13435
809102376,LLMCI/LLM_Command_Injection,python_projects/tensorflow-master/RELEASE.md,d77a29f0c134b899a35e8aac3a35549b2838bd8a,CVE-2023-25676
809102376,LLMCI/LLM_Command_Injection,python_projects/tensorflow-master/RELEASE.md,d77a29f0c134b899a35e8aac3a35549b2838bd8a,CVE-2022-35990
809102376,LLMCI/LLM_Command_Injection,python_projects/tensorflow-master/RELEASE.md,d77a29f0c134b899a35e8aac3a35549b2838bd8a,CVE-2023-25801
809102376,LLMCI/LLM_Command_Injection,python_projects/tensorflow-master/RELEASE.md,d77a29f0c134b899a35e8aac3a35549b2838bd8a,CVE-2022-35989
809102376,LLMCI/LLM_Command_Injection,python_projects/tensorflow-master/RELEASE.md,d77a29f0c134b899a35e8aac3a35549b2838bd8a,CVE-2020-15210
809102376,LLMCI/LLM_Command_Injection,python_projects/tensorflow-master/RELEASE.md,d77a29f0c134b899a35e8aac3a35549b2838bd8a,CVE-2023-27579
809102376,LLMCI/LLM_Command_Injection,python_projects/tensorflow-master/RELEASE.md,d77a29f0c134b899a35e8aac3a35549b2838bd8a,CVE-2020-13434
809102376,LLMCI/LLM_Command_Injection,python_projects/tensorflow-master/RELEASE.md,d77a29f0c134b899a35e8aac3a35549b2838bd8a,CVE-2022-35988
809102376,LLMCI/LLM_Command_Injection,python_projects/tensorflow-master/RELEASE.md,d77a29f0c134b899a35e8aac3a35549b2838bd8a,CVE-2020-11656
809102376,LLMCI/LLM_Command_Injection,python_projects/tensorflow-master/RELEASE.md,d77a29f0c134b899a35e8aac3a35549b2838bd8a,CVE-2020-11655
809102376,LLMCI/LLM_Command_Injection,python_projects/tensorflow-master/RELEASE.md,d77a29f0c134b899a35e8aac3a35549b2838bd8a,CVE-2023-33976
809102376,LLMCI/LLM_Command_Injection,python_projects/tensorflow-master/RELEASE.md,d77a29f0c134b899a35e8aac3a35549b2838bd8a,CVE-2020-10531
809102376,LLMCI/LLM_Command_Injection,python_projects/tensorflow-master/RELEASE.md,d77a29f0c134b899a35e8aac3a35549b2838bd8a,CVE-2019-7317
809102376,LLMCI/LLM_Command_Injection,python_projects/tensorflow-master/RELEASE.md,d77a29f0c134b899a35e8aac3a35549b2838bd8a,CVE-2022-35987
809102376,LLMCI/LLM_Command_Injection,python_projects/tensorflow-master/RELEASE.md,d77a29f0c134b899a35e8aac3a35549b2838bd8a,CVE-2019-5482
809102376,LLMCI/LLM_Command_Injection,python_projects/tensorflow-master/RELEASE.md,d77a29f0c134b899a35e8aac3a35549b2838bd8a,CVE-2022-35986
809102376,LLMCI/LLM_Command_Injection,python_projects/tensorflow-master/RELEASE.md,d77a29f0c134b899a35e8aac3a35549b2838bd8a,CVE-2020-15211
809102376,LLMCI/LLM_Command_Injection,python_projects/tensorflow-master/RELEASE.md,d77a29f0c134b899a35e8aac3a35549b2838bd8a,CVE-2022-35985
809102376,LLMCI/LLM_Command_Injection,python_projects/tensorflow-master/RELEASE.md,d77a29f0c134b899a35e8aac3a35549b2838bd8a,CVE-2022-41895
809102376,LLMCI/LLM_Command_Injection,python_projects/tensorflow-master/RELEASE.md,d77a29f0c134b899a35e8aac3a35549b2838bd8a,CVE-2022-35984
809102376,LLMCI/LLM_Command_Injection,python_projects/tensorflow-master/RELEASE.md,d77a29f0c134b899a35e8aac3a35549b2838bd8a,CVE-2022-35983
809102376,LLMCI/LLM_Command_Injection,python_projects/tensorflow-master/RELEASE.md,d77a29f0c134b899a35e8aac3a35549b2838bd8a,CVE-2020-15212
809102376,LLMCI/LLM_Command_Injection,python_projects/tensorflow-master/RELEASE.md,d77a29f0c134b899a35e8aac3a35549b2838bd8a,CVE-2019-20838
809102376,LLMCI/LLM_Command_Injection,python_projects/tensorflow-master/RELEASE.md,d77a29f0c134b899a35e8aac3a35549b2838bd8a,CVE-2023-25675
809102376,LLMCI/LLM_Command_Injection,python_projects/tensorflow-master/RELEASE.md,d77a29f0c134b899a35e8aac3a35549b2838bd8a,CVE-2022-35992
809102376,LLMCI/LLM_Command_Injection,python_projects/tensorflow-master/RELEASE.md,d77a29f0c134b899a35e8aac3a35549b2838bd8a,CVE-2020-13630
809102376,LLMCI/LLM_Command_Injection,python_projects/tensorflow-master/RELEASE.md,d77a29f0c134b899a35e8aac3a35549b2838bd8a,CVE-2022-35993
809102376,LLMCI/LLM_Command_Injection,python_projects/tensorflow-master/RELEASE.md,d77a29f0c134b899a35e8aac3a35549b2838bd8a,CVE-2022-36004
809102376,LLMCI/LLM_Command_Injection,python_projects/tensorflow-master/RELEASE.md,d77a29f0c134b899a35e8aac3a35549b2838bd8a,CVE-2023-25665
809102376,LLMCI/LLM_Command_Injection,python_projects/tensorflow-master/RELEASE.md,d77a29f0c134b899a35e8aac3a35549b2838bd8a,CVE-2020-15206
809102376,LLMCI/LLM_Command_Injection,python_projects/tensorflow-master/RELEASE.md,d77a29f0c134b899a35e8aac3a35549b2838bd8a,CVE-2023-25666
809102376,LLMCI/LLM_Command_Injection,python_projects/tensorflow-master/RELEASE.md,d77a29f0c134b899a35e8aac3a35549b2838bd8a,CVE-2022-36003
809102376,LLMCI/LLM_Command_Injection,python_projects/tensorflow-master/RELEASE.md,d77a29f0c134b899a35e8aac3a35549b2838bd8a,CVE-2020-15207
809102376,LLMCI/LLM_Command_Injection,python_projects/tensorflow-master/RELEASE.md,d77a29f0c134b899a35e8aac3a35549b2838bd8a,CVE-2023-25667
809102376,LLMCI/LLM_Command_Injection,python_projects/tensorflow-master/RELEASE.md,d77a29f0c134b899a35e8aac3a35549b2838bd8a,CVE-2022-36002
809102376,LLMCI/LLM_Command_Injection,python_projects/tensorflow-master/RELEASE.md,d77a29f0c134b899a35e8aac3a35549b2838bd8a,CVE-2022-36001
809102376,LLMCI/LLM_Command_Injection,python_projects/tensorflow-master/RELEASE.md,d77a29f0c134b899a35e8aac3a35549b2838bd8a,CVE-2020-13790
809102376,LLMCI/LLM_Command_Injection,python_projects/tensorflow-master/RELEASE.md,d77a29f0c134b899a35e8aac3a35549b2838bd8a,CVE-2022-36000
809102376,LLMCI/LLM_Command_Injection,python_projects/tensorflow-master/RELEASE.md,d77a29f0c134b899a35e8aac3a35549b2838bd8a,CVE-2023-25668
809102376,LLMCI/LLM_Command_Injection,python_projects/tensorflow-master/RELEASE.md,d77a29f0c134b899a35e8aac3a35549b2838bd8a,CVE-2022-36005
809102376,LLMCI/LLM_Command_Injection,python_projects/tensorflow-master/RELEASE.md,d77a29f0c134b899a35e8aac3a35549b2838bd8a,CVE-2022-35999
809102376,LLMCI/LLM_Command_Injection,python_projects/tensorflow-master/RELEASE.md,d77a29f0c134b899a35e8aac3a35549b2838bd8a,CVE-2022-35998
809102376,LLMCI/LLM_Command_Injection,python_projects/tensorflow-master/RELEASE.md,d77a29f0c134b899a35e8aac3a35549b2838bd8a,CVE-2020-15208
809102376,LLMCI/LLM_Command_Injection,python_projects/tensorflow-master/RELEASE.md,d77a29f0c134b899a35e8aac3a35549b2838bd8a,CVE-2022-35997
809102376,LLMCI/LLM_Command_Injection,python_projects/tensorflow-master/RELEASE.md,d77a29f0c134b899a35e8aac3a35549b2838bd8a,CVE-2023-25670
809102376,LLMCI/LLM_Command_Injection,python_projects/tensorflow-master/RELEASE.md,d77a29f0c134b899a35e8aac3a35549b2838bd8a,CVE-2022-35996
809102376,LLMCI/LLM_Command_Injection,python_projects/tensorflow-master/RELEASE.md,d77a29f0c134b899a35e8aac3a35549b2838bd8a,CVE-2023-25671
809102376,LLMCI/LLM_Command_Injection,python_projects/tensorflow-master/RELEASE.md,d77a29f0c134b899a35e8aac3a35549b2838bd8a,CVE-2023-25673
809102376,LLMCI/LLM_Command_Injection,python_projects/tensorflow-master/RELEASE.md,d77a29f0c134b899a35e8aac3a35549b2838bd8a,CVE-2020-13631
809102376,LLMCI/LLM_Command_Injection,python_projects/tensorflow-master/RELEASE.md,d77a29f0c134b899a35e8aac3a35549b2838bd8a,CVE-2022-35995
809102376,LLMCI/LLM_Command_Injection,python_projects/tensorflow-master/RELEASE.md,d77a29f0c134b899a35e8aac3a35549b2838bd8a,CVE-2023-25674
809102376,LLMCI/LLM_Command_Injection,python_projects/tensorflow-master/RELEASE.md,d77a29f0c134b899a35e8aac3a35549b2838bd8a,CVE-2022-35994
809102376,LLMCI/LLM_Command_Injection,python_projects/tensorflow-master/RELEASE.md,d77a29f0c134b899a35e8aac3a35549b2838bd8a,CVE-2020-15209
809102376,LLMCI/LLM_Command_Injection,python_projects/tensorflow-master/RELEASE.md,d77a29f0c134b899a35e8aac3a35549b2838bd8a,CVE-2023-25669
809102376,LLMCI/LLM_Command_Injection,python_projects/tensorflow-master/RELEASE.md,d77a29f0c134b899a35e8aac3a35549b2838bd8a,CVE-2019-5481
809102376,LLMCI/LLM_Command_Injection,python_projects/tensorflow-master/RELEASE.md,d77a29f0c134b899a35e8aac3a35549b2838bd8a,CVE-2022-23591
809102376,LLMCI/LLM_Command_Injection,python_projects/tensorflow-master/RELEASE.md,d77a29f0c134b899a35e8aac3a35549b2838bd8a,CVE-2020-8285
809102376,LLMCI/LLM_Command_Injection,python_projects/tensorflow-master/RELEASE.md,d77a29f0c134b899a35e8aac3a35549b2838bd8a,CVE-2021-29546
809102376,LLMCI/LLM_Command_Injection,python_projects/tensorflow-master/RELEASE.md,d77a29f0c134b899a35e8aac3a35549b2838bd8a,CVE-2021-37659
809102376,LLMCI/LLM_Command_Injection,python_projects/tensorflow-master/RELEASE.md,d77a29f0c134b899a35e8aac3a35549b2838bd8a,CVE-2021-37660
809102376,LLMCI/LLM_Command_Injection,python_projects/tensorflow-master/RELEASE.md,d77a29f0c134b899a35e8aac3a35549b2838bd8a,CVE-2021-37661
809102376,LLMCI/LLM_Command_Injection,python_projects/tensorflow-master/RELEASE.md,d77a29f0c134b899a35e8aac3a35549b2838bd8a,CVE-2021-37662
809102376,LLMCI/LLM_Command_Injection,python_projects/tensorflow-master/RELEASE.md,d77a29f0c134b899a35e8aac3a35549b2838bd8a,CVE-2021-29545
809102376,LLMCI/LLM_Command_Injection,python_projects/tensorflow-master/RELEASE.md,d77a29f0c134b899a35e8aac3a35549b2838bd8a,CVE-2021-37663
809102376,LLMCI/LLM_Command_Injection,python_projects/tensorflow-master/RELEASE.md,d77a29f0c134b899a35e8aac3a35549b2838bd8a,CVE-2021-37664
809102376,LLMCI/LLM_Command_Injection,python_projects/tensorflow-master/RELEASE.md,d77a29f0c134b899a35e8aac3a35549b2838bd8a,CVE-2021-29544
809102376,LLMCI/LLM_Command_Injection,python_projects/tensorflow-master/RELEASE.md,d77a29f0c134b899a35e8aac3a35549b2838bd8a,CVE-2021-37665
809102376,LLMCI/LLM_Command_Injection,python_projects/tensorflow-master/RELEASE.md,d77a29f0c134b899a35e8aac3a35549b2838bd8a,CVE-2021-37666
809102376,LLMCI/LLM_Command_Injection,python_projects/tensorflow-master/RELEASE.md,d77a29f0c134b899a35e8aac3a35549b2838bd8a,CVE-2021-37667
809102376,LLMCI/LLM_Command_Injection,python_projects/tensorflow-master/RELEASE.md,d77a29f0c134b899a35e8aac3a35549b2838bd8a,CVE-2021-37668
809102376,LLMCI/LLM_Command_Injection,python_projects/tensorflow-master/RELEASE.md,d77a29f0c134b899a35e8aac3a35549b2838bd8a,CVE-2021-37669
809102376,LLMCI/LLM_Command_Injection,python_projects/tensorflow-master/RELEASE.md,d77a29f0c134b899a35e8aac3a35549b2838bd8a,CVE-2021-37670
809102376,LLMCI/LLM_Command_Injection,python_projects/tensorflow-master/RELEASE.md,d77a29f0c134b899a35e8aac3a35549b2838bd8a,CVE-2021-37658
809102376,LLMCI/LLM_Command_Injection,python_projects/tensorflow-master/RELEASE.md,d77a29f0c134b899a35e8aac3a35549b2838bd8a,CVE-2021-29543
809102376,LLMCI/LLM_Command_Injection,python_projects/tensorflow-master/RELEASE.md,d77a29f0c134b899a35e8aac3a35549b2838bd8a,CVE-2021-37657
809102376,LLMCI/LLM_Command_Injection,python_projects/tensorflow-master/RELEASE.md,d77a29f0c134b899a35e8aac3a35549b2838bd8a,CVE-2021-37655
809102376,LLMCI/LLM_Command_Injection,python_projects/tensorflow-master/RELEASE.md,d77a29f0c134b899a35e8aac3a35549b2838bd8a,CVE-2021-37643
809102376,LLMCI/LLM_Command_Injection,python_projects/tensorflow-master/RELEASE.md,d77a29f0c134b899a35e8aac3a35549b2838bd8a,CVE-2021-37644
809102376,LLMCI/LLM_Command_Injection,python_projects/tensorflow-master/RELEASE.md,d77a29f0c134b899a35e8aac3a35549b2838bd8a,CVE-2021-37645
809102376,LLMCI/LLM_Command_Injection,python_projects/tensorflow-master/RELEASE.md,d77a29f0c134b899a35e8aac3a35549b2838bd8a,CVE-2021-37646
809102376,LLMCI/LLM_Command_Injection,python_projects/tensorflow-master/RELEASE.md,d77a29f0c134b899a35e8aac3a35549b2838bd8a,CVE-2021-29549
809102376,LLMCI/LLM_Command_Injection,python_projects/tensorflow-master/RELEASE.md,d77a29f0c134b899a35e8aac3a35549b2838bd8a,CVE-2021-37647
809102376,LLMCI/LLM_Command_Injection,python_projects/tensorflow-master/RELEASE.md,d77a29f0c134b899a35e8aac3a35549b2838bd8a,CVE-2021-37648
809102376,LLMCI/LLM_Command_Injection,python_projects/tensorflow-master/RELEASE.md,d77a29f0c134b899a35e8aac3a35549b2838bd8a,CVE-2021-37649
809102376,LLMCI/LLM_Command_Injection,python_projects/tensorflow-master/RELEASE.md,d77a29f0c134b899a35e8aac3a35549b2838bd8a,CVE-2021-37650
809102376,LLMCI/LLM_Command_Injection,python_projects/tensorflow-master/RELEASE.md,d77a29f0c134b899a35e8aac3a35549b2838bd8a,CVE-2021-29548
809102376,LLMCI/LLM_Command_Injection,python_projects/tensorflow-master/RELEASE.md,d77a29f0c134b899a35e8aac3a35549b2838bd8a,CVE-2021-37651
809102376,LLMCI/LLM_Command_Injection,python_projects/tensorflow-master/RELEASE.md,d77a29f0c134b899a35e8aac3a35549b2838bd8a,CVE-2021-37652
809102376,LLMCI/LLM_Command_Injection,python_projects/tensorflow-master/RELEASE.md,d77a29f0c134b899a35e8aac3a35549b2838bd8a,CVE-2021-29547
809102376,LLMCI/LLM_Command_Injection,python_projects/tensorflow-master/RELEASE.md,d77a29f0c134b899a35e8aac3a35549b2838bd8a,CVE-2021-37653
809102376,LLMCI/LLM_Command_Injection,python_projects/tensorflow-master/RELEASE.md,d77a29f0c134b899a35e8aac3a35549b2838bd8a,CVE-2021-37654
809102376,LLMCI/LLM_Command_Injection,python_projects/tensorflow-master/RELEASE.md,d77a29f0c134b899a35e8aac3a35549b2838bd8a,CVE-2021-37656
809102376,LLMCI/LLM_Command_Injection,python_projects/tensorflow-master/RELEASE.md,d77a29f0c134b899a35e8aac3a35549b2838bd8a,CVE-2021-37671
809102376,LLMCI/LLM_Command_Injection,python_projects/tensorflow-master/RELEASE.md,d77a29f0c134b899a35e8aac3a35549b2838bd8a,CVE-2021-37672
809102376,LLMCI/LLM_Command_Injection,python_projects/tensorflow-master/RELEASE.md,d77a29f0c134b899a35e8aac3a35549b2838bd8a,CVE-2021-37673
809102376,LLMCI/LLM_Command_Injection,python_projects/tensorflow-master/RELEASE.md,d77a29f0c134b899a35e8aac3a35549b2838bd8a,CVE-2021-37690
809102376,LLMCI/LLM_Command_Injection,python_projects/tensorflow-master/RELEASE.md,d77a29f0c134b899a35e8aac3a35549b2838bd8a,CVE-2021-37691
809102376,LLMCI/LLM_Command_Injection,python_projects/tensorflow-master/RELEASE.md,d77a29f0c134b899a35e8aac3a35549b2838bd8a,CVE-2021-37692
809102376,LLMCI/LLM_Command_Injection,python_projects/tensorflow-master/RELEASE.md,d77a29f0c134b899a35e8aac3a35549b2838bd8a,CVE-2021-41195
809102376,LLMCI/LLM_Command_Injection,python_projects/tensorflow-master/RELEASE.md,d77a29f0c134b899a35e8aac3a35549b2838bd8a,CVE-2021-29537
809102376,LLMCI/LLM_Command_Injection,python_projects/tensorflow-master/RELEASE.md,d77a29f0c134b899a35e8aac3a35549b2838bd8a,CVE-2021-41196
809102376,LLMCI/LLM_Command_Injection,python_projects/tensorflow-master/RELEASE.md,d77a29f0c134b899a35e8aac3a35549b2838bd8a,CVE-2021-41197
809102376,LLMCI/LLM_Command_Injection,python_projects/tensorflow-master/RELEASE.md,d77a29f0c134b899a35e8aac3a35549b2838bd8a,CVE-2021-29536
809102376,LLMCI/LLM_Command_Injection,python_projects/tensorflow-master/RELEASE.md,d77a29f0c134b899a35e8aac3a35549b2838bd8a,CVE-2021-41198
809102376,LLMCI/LLM_Command_Injection,python_projects/tensorflow-master/RELEASE.md,d77a29f0c134b899a35e8aac3a35549b2838bd8a,CVE-2021-41199
809102376,LLMCI/LLM_Command_Injection,python_projects/tensorflow-master/RELEASE.md,d77a29f0c134b899a35e8aac3a35549b2838bd8a,CVE-2021-41200
809102376,LLMCI/LLM_Command_Injection,python_projects/tensorflow-master/RELEASE.md,d77a29f0c134b899a35e8aac3a35549b2838bd8a,CVE-2021-29535
809102376,LLMCI/LLM_Command_Injection,python_projects/tensorflow-master/RELEASE.md,d77a29f0c134b899a35e8aac3a35549b2838bd8a,CVE-2021-41201
809102376,LLMCI/LLM_Command_Injection,python_projects/tensorflow-master/RELEASE.md,d77a29f0c134b899a35e8aac3a35549b2838bd8a,CVE-2021-41202
809102376,LLMCI/LLM_Command_Injection,python_projects/tensorflow-master/RELEASE.md,d77a29f0c134b899a35e8aac3a35549b2838bd8a,CVE-2021-41203
809102376,LLMCI/LLM_Command_Injection,python_projects/tensorflow-master/RELEASE.md,d77a29f0c134b899a35e8aac3a35549b2838bd8a,CVE-2021-37689
809102376,LLMCI/LLM_Command_Injection,python_projects/tensorflow-master/RELEASE.md,d77a29f0c134b899a35e8aac3a35549b2838bd8a,CVE-2021-37688
809102376,LLMCI/LLM_Command_Injection,python_projects/tensorflow-master/RELEASE.md,d77a29f0c134b899a35e8aac3a35549b2838bd8a,CVE-2021-29538
809102376,LLMCI/LLM_Command_Injection,python_projects/tensorflow-master/RELEASE.md,d77a29f0c134b899a35e8aac3a35549b2838bd8a,CVE-2021-37687
809102376,LLMCI/LLM_Command_Injection,python_projects/tensorflow-master/RELEASE.md,d77a29f0c134b899a35e8aac3a35549b2838bd8a,CVE-2021-37674
809102376,LLMCI/LLM_Command_Injection,python_projects/tensorflow-master/RELEASE.md,d77a29f0c134b899a35e8aac3a35549b2838bd8a,CVE-2021-37675
809102376,LLMCI/LLM_Command_Injection,python_projects/tensorflow-master/RELEASE.md,d77a29f0c134b899a35e8aac3a35549b2838bd8a,CVE-2021-37676
809102376,LLMCI/LLM_Command_Injection,python_projects/tensorflow-master/RELEASE.md,d77a29f0c134b899a35e8aac3a35549b2838bd8a,CVE-2021-37677
809102376,LLMCI/LLM_Command_Injection,python_projects/tensorflow-master/RELEASE.md,d77a29f0c134b899a35e8aac3a35549b2838bd8a,CVE-2021-29542
809102376,LLMCI/LLM_Command_Injection,python_projects/tensorflow-master/RELEASE.md,d77a29f0c134b899a35e8aac3a35549b2838bd8a,CVE-2021-37678
809102376,LLMCI/LLM_Command_Injection,python_projects/tensorflow-master/RELEASE.md,d77a29f0c134b899a35e8aac3a35549b2838bd8a,CVE-2021-37679
809102376,LLMCI/LLM_Command_Injection,python_projects/tensorflow-master/RELEASE.md,d77a29f0c134b899a35e8aac3a35549b2838bd8a,CVE-2021-37642
809102376,LLMCI/LLM_Command_Injection,python_projects/tensorflow-master/RELEASE.md,d77a29f0c134b899a35e8aac3a35549b2838bd8a,CVE-2021-37680
809102376,LLMCI/LLM_Command_Injection,python_projects/tensorflow-master/RELEASE.md,d77a29f0c134b899a35e8aac3a35549b2838bd8a,CVE-2021-37682
809102376,LLMCI/LLM_Command_Injection,python_projects/tensorflow-master/RELEASE.md,d77a29f0c134b899a35e8aac3a35549b2838bd8a,CVE-2021-37683
809102376,LLMCI/LLM_Command_Injection,python_projects/tensorflow-master/RELEASE.md,d77a29f0c134b899a35e8aac3a35549b2838bd8a,CVE-2021-37684
809102376,LLMCI/LLM_Command_Injection,python_projects/tensorflow-master/RELEASE.md,d77a29f0c134b899a35e8aac3a35549b2838bd8a,CVE-2021-37685
809102376,LLMCI/LLM_Command_Injection,python_projects/tensorflow-master/RELEASE.md,d77a29f0c134b899a35e8aac3a35549b2838bd8a,CVE-2021-29540
809102376,LLMCI/LLM_Command_Injection,python_projects/tensorflow-master/RELEASE.md,d77a29f0c134b899a35e8aac3a35549b2838bd8a,CVE-2021-37686
809102376,LLMCI/LLM_Command_Injection,python_projects/tensorflow-master/RELEASE.md,d77a29f0c134b899a35e8aac3a35549b2838bd8a,CVE-2021-29539
809102376,LLMCI/LLM_Command_Injection,python_projects/tensorflow-master/RELEASE.md,d77a29f0c134b899a35e8aac3a35549b2838bd8a,CVE-2021-29541
809102376,LLMCI/LLM_Command_Injection,python_projects/tensorflow-master/RELEASE.md,d77a29f0c134b899a35e8aac3a35549b2838bd8a,CVE-2021-29534
809102376,LLMCI/LLM_Command_Injection,python_projects/tensorflow-master/RELEASE.md,d77a29f0c134b899a35e8aac3a35549b2838bd8a,CVE-2021-29550
809102376,LLMCI/LLM_Command_Injection,python_projects/tensorflow-master/RELEASE.md,d77a29f0c134b899a35e8aac3a35549b2838bd8a,CVE-2021-37640
809102376,LLMCI/LLM_Command_Injection,python_projects/tensorflow-master/RELEASE.md,d77a29f0c134b899a35e8aac3a35549b2838bd8a,CVE-2021-29589
809102376,LLMCI/LLM_Command_Injection,python_projects/tensorflow-master/RELEASE.md,d77a29f0c134b899a35e8aac3a35549b2838bd8a,CVE-2021-29568
809102376,LLMCI/LLM_Command_Injection,python_projects/tensorflow-master/RELEASE.md,d77a29f0c134b899a35e8aac3a35549b2838bd8a,CVE-2021-29590
809102376,LLMCI/LLM_Command_Injection,python_projects/tensorflow-master/RELEASE.md,d77a29f0c134b899a35e8aac3a35549b2838bd8a,CVE-2021-29567
809102376,LLMCI/LLM_Command_Injection,python_projects/tensorflow-master/RELEASE.md,d77a29f0c134b899a35e8aac3a35549b2838bd8a,CVE-2021-29591
809102376,LLMCI/LLM_Command_Injection,python_projects/tensorflow-master/RELEASE.md,d77a29f0c134b899a35e8aac3a35549b2838bd8a,CVE-2021-29566
809102376,LLMCI/LLM_Command_Injection,python_projects/tensorflow-master/RELEASE.md,d77a29f0c134b899a35e8aac3a35549b2838bd8a,CVE-2021-29592
809102376,LLMCI/LLM_Command_Injection,python_projects/tensorflow-master/RELEASE.md,d77a29f0c134b899a35e8aac3a35549b2838bd8a,CVE-2021-29593
809102376,LLMCI/LLM_Command_Injection,python_projects/tensorflow-master/RELEASE.md,d77a29f0c134b899a35e8aac3a35549b2838bd8a,CVE-2021-29594
809102376,LLMCI/LLM_Command_Injection,python_projects/tensorflow-master/RELEASE.md,d77a29f0c134b899a35e8aac3a35549b2838bd8a,CVE-2021-29565
809102376,LLMCI/LLM_Command_Injection,python_projects/tensorflow-master/RELEASE.md,d77a29f0c134b899a35e8aac3a35549b2838bd8a,CVE-2021-29595
809102376,LLMCI/LLM_Command_Injection,python_projects/tensorflow-master/RELEASE.md,d77a29f0c134b899a35e8aac3a35549b2838bd8a,CVE-2021-29596
809102376,LLMCI/LLM_Command_Injection,python_projects/tensorflow-master/RELEASE.md,d77a29f0c134b899a35e8aac3a35549b2838bd8a,CVE-2021-29564
809102376,LLMCI/LLM_Command_Injection,python_projects/tensorflow-master/RELEASE.md,d77a29f0c134b899a35e8aac3a35549b2838bd8a,CVE-2021-29597
809102376,LLMCI/LLM_Command_Injection,python_projects/tensorflow-master/RELEASE.md,d77a29f0c134b899a35e8aac3a35549b2838bd8a,CVE-2021-29598
809102376,LLMCI/LLM_Command_Injection,python_projects/tensorflow-master/RELEASE.md,d77a29f0c134b899a35e8aac3a35549b2838bd8a,CVE-2021-29569
809102376,LLMCI/LLM_Command_Injection,python_projects/tensorflow-master/RELEASE.md,d77a29f0c134b899a35e8aac3a35549b2838bd8a,CVE-2021-29599
809102376,LLMCI/LLM_Command_Injection,python_projects/tensorflow-master/RELEASE.md,d77a29f0c134b899a35e8aac3a35549b2838bd8a,CVE-2021-29588
809102376,LLMCI/LLM_Command_Injection,python_projects/tensorflow-master/RELEASE.md,d77a29f0c134b899a35e8aac3a35549b2838bd8a,CVE-2021-29570
809102376,LLMCI/LLM_Command_Injection,python_projects/tensorflow-master/RELEASE.md,d77a29f0c134b899a35e8aac3a35549b2838bd8a,CVE-2021-29577
809102376,LLMCI/LLM_Command_Injection,python_projects/tensorflow-master/RELEASE.md,d77a29f0c134b899a35e8aac3a35549b2838bd8a,CVE-2021-29575
809102376,LLMCI/LLM_Command_Injection,python_projects/tensorflow-master/RELEASE.md,d77a29f0c134b899a35e8aac3a35549b2838bd8a,CVE-2021-29578
809102376,LLMCI/LLM_Command_Injection,python_projects/tensorflow-master/RELEASE.md,d77a29f0c134b899a35e8aac3a35549b2838bd8a,CVE-2021-29579
809102376,LLMCI/LLM_Command_Injection,python_projects/tensorflow-master/RELEASE.md,d77a29f0c134b899a35e8aac3a35549b2838bd8a,CVE-2021-29580
809102376,LLMCI/LLM_Command_Injection,python_projects/tensorflow-master/RELEASE.md,d77a29f0c134b899a35e8aac3a35549b2838bd8a,CVE-2021-29574
809102376,LLMCI/LLM_Command_Injection,python_projects/tensorflow-master/RELEASE.md,d77a29f0c134b899a35e8aac3a35549b2838bd8a,CVE-2021-29581
809102376,LLMCI/LLM_Command_Injection,python_projects/tensorflow-master/RELEASE.md,d77a29f0c134b899a35e8aac3a35549b2838bd8a,CVE-2021-29582
809102376,LLMCI/LLM_Command_Injection,python_projects/tensorflow-master/RELEASE.md,d77a29f0c134b899a35e8aac3a35549b2838bd8a,CVE-2021-29573
809102376,LLMCI/LLM_Command_Injection,python_projects/tensorflow-master/RELEASE.md,d77a29f0c134b899a35e8aac3a35549b2838bd8a,CVE-2021-29583
809102376,LLMCI/LLM_Command_Injection,python_projects/tensorflow-master/RELEASE.md,d77a29f0c134b899a35e8aac3a35549b2838bd8a,CVE-2021-29584
809102376,LLMCI/LLM_Command_Injection,python_projects/tensorflow-master/RELEASE.md,d77a29f0c134b899a35e8aac3a35549b2838bd8a,CVE-2021-29572
809102376,LLMCI/LLM_Command_Injection,python_projects/tensorflow-master/RELEASE.md,d77a29f0c134b899a35e8aac3a35549b2838bd8a,CVE-2021-29571
809102376,LLMCI/LLM_Command_Injection,python_projects/tensorflow-master/RELEASE.md,d77a29f0c134b899a35e8aac3a35549b2838bd8a,CVE-2021-29585
809102376,LLMCI/LLM_Command_Injection,python_projects/tensorflow-master/RELEASE.md,d77a29f0c134b899a35e8aac3a35549b2838bd8a,CVE-2021-29586
809102376,LLMCI/LLM_Command_Injection,python_projects/tensorflow-master/RELEASE.md,d77a29f0c134b899a35e8aac3a35549b2838bd8a,CVE-2021-29587
809102376,LLMCI/LLM_Command_Injection,python_projects/tensorflow-master/RELEASE.md,d77a29f0c134b899a35e8aac3a35549b2838bd8a,CVE-2021-29600
809102376,LLMCI/LLM_Command_Injection,python_projects/tensorflow-master/RELEASE.md,d77a29f0c134b899a35e8aac3a35549b2838bd8a,CVE-2021-29601
809102376,LLMCI/LLM_Command_Injection,python_projects/tensorflow-master/RELEASE.md,d77a29f0c134b899a35e8aac3a35549b2838bd8a,CVE-2021-29602
809102376,LLMCI/LLM_Command_Injection,python_projects/tensorflow-master/RELEASE.md,d77a29f0c134b899a35e8aac3a35549b2838bd8a,CVE-2021-29559
809102376,LLMCI/LLM_Command_Injection,python_projects/tensorflow-master/RELEASE.md,d77a29f0c134b899a35e8aac3a35549b2838bd8a,CVE-2021-29619
809102376,LLMCI/LLM_Command_Injection,python_projects/tensorflow-master/RELEASE.md,d77a29f0c134b899a35e8aac3a35549b2838bd8a,CVE-2021-29558
809102376,LLMCI/LLM_Command_Injection,python_projects/tensorflow-master/RELEASE.md,d77a29f0c134b899a35e8aac3a35549b2838bd8a,CVE-2021-29557
809102376,LLMCI/LLM_Command_Injection,python_projects/tensorflow-master/RELEASE.md,d77a29f0c134b899a35e8aac3a35549b2838bd8a,CVE-2021-29556
809102376,LLMCI/LLM_Command_Injection,python_projects/tensorflow-master/RELEASE.md,d77a29f0c134b899a35e8aac3a35549b2838bd8a,CVE-2021-29555
809102376,LLMCI/LLM_Command_Injection,python_projects/tensorflow-master/RELEASE.md,d77a29f0c134b899a35e8aac3a35549b2838bd8a,CVE-2021-29554
809102376,LLMCI/LLM_Command_Injection,python_projects/tensorflow-master/RELEASE.md,d77a29f0c134b899a35e8aac3a35549b2838bd8a,CVE-2021-29553
809102376,LLMCI/LLM_Command_Injection,python_projects/tensorflow-master/RELEASE.md,d77a29f0c134b899a35e8aac3a35549b2838bd8a,CVE-2021-37635
809102376,LLMCI/LLM_Command_Injection,python_projects/tensorflow-master/RELEASE.md,d77a29f0c134b899a35e8aac3a35549b2838bd8a,CVE-2021-37636
809102376,LLMCI/LLM_Command_Injection,python_projects/tensorflow-master/RELEASE.md,d77a29f0c134b899a35e8aac3a35549b2838bd8a,CVE-2021-29552
809102376,LLMCI/LLM_Command_Injection,python_projects/tensorflow-master/RELEASE.md,d77a29f0c134b899a35e8aac3a35549b2838bd8a,CVE-2021-37637
809102376,LLMCI/LLM_Command_Injection,python_projects/tensorflow-master/RELEASE.md,d77a29f0c134b899a35e8aac3a35549b2838bd8a,CVE-2021-37638
809102376,LLMCI/LLM_Command_Injection,python_projects/tensorflow-master/RELEASE.md,d77a29f0c134b899a35e8aac3a35549b2838bd8a,CVE-2021-37639
809102376,LLMCI/LLM_Command_Injection,python_projects/tensorflow-master/RELEASE.md,d77a29f0c134b899a35e8aac3a35549b2838bd8a,CVE-2021-29551
809102376,LLMCI/LLM_Command_Injection,python_projects/tensorflow-master/RELEASE.md,d77a29f0c134b899a35e8aac3a35549b2838bd8a,CVE-2021-29618
809102376,LLMCI/LLM_Command_Injection,python_projects/tensorflow-master/RELEASE.md,d77a29f0c134b899a35e8aac3a35549b2838bd8a,CVE-2021-29560
809102376,LLMCI/LLM_Command_Injection,python_projects/tensorflow-master/RELEASE.md,d77a29f0c134b899a35e8aac3a35549b2838bd8a,CVE-2021-29617
809102376,LLMCI/LLM_Command_Injection,python_projects/tensorflow-master/RELEASE.md,d77a29f0c134b899a35e8aac3a35549b2838bd8a,CVE-2021-29616
809102376,LLMCI/LLM_Command_Injection,python_projects/tensorflow-master/RELEASE.md,d77a29f0c134b899a35e8aac3a35549b2838bd8a,CVE-2021-29563
809102376,LLMCI/LLM_Command_Injection,python_projects/tensorflow-master/RELEASE.md,d77a29f0c134b899a35e8aac3a35549b2838bd8a,CVE-2021-29603
809102376,LLMCI/LLM_Command_Injection,python_projects/tensorflow-master/RELEASE.md,d77a29f0c134b899a35e8aac3a35549b2838bd8a,CVE-2021-29604
809102376,LLMCI/LLM_Command_Injection,python_projects/tensorflow-master/RELEASE.md,d77a29f0c134b899a35e8aac3a35549b2838bd8a,CVE-2021-29605
809102376,LLMCI/LLM_Command_Injection,python_projects/tensorflow-master/RELEASE.md,d77a29f0c134b899a35e8aac3a35549b2838bd8a,CVE-2021-29606
809102376,LLMCI/LLM_Command_Injection,python_projects/tensorflow-master/RELEASE.md,d77a29f0c134b899a35e8aac3a35549b2838bd8a,CVE-2021-29607
809102376,LLMCI/LLM_Command_Injection,python_projects/tensorflow-master/RELEASE.md,d77a29f0c134b899a35e8aac3a35549b2838bd8a,CVE-2021-29608
809102376,LLMCI/LLM_Command_Injection,python_projects/tensorflow-master/RELEASE.md,d77a29f0c134b899a35e8aac3a35549b2838bd8a,CVE-2021-37641
809102376,LLMCI/LLM_Command_Injection,python_projects/tensorflow-master/RELEASE.md,d77a29f0c134b899a35e8aac3a35549b2838bd8a,CVE-2021-29562
809102376,LLMCI/LLM_Command_Injection,python_projects/tensorflow-master/RELEASE.md,d77a29f0c134b899a35e8aac3a35549b2838bd8a,CVE-2021-29610
809102376,LLMCI/LLM_Command_Injection,python_projects/tensorflow-master/RELEASE.md,d77a29f0c134b899a35e8aac3a35549b2838bd8a,CVE-2021-29611
809102376,LLMCI/LLM_Command_Injection,python_projects/tensorflow-master/RELEASE.md,d77a29f0c134b899a35e8aac3a35549b2838bd8a,CVE-2021-29561
809102376,LLMCI/LLM_Command_Injection,python_projects/tensorflow-master/RELEASE.md,d77a29f0c134b899a35e8aac3a35549b2838bd8a,CVE-2021-29612
809102376,LLMCI/LLM_Command_Injection,python_projects/tensorflow-master/RELEASE.md,d77a29f0c134b899a35e8aac3a35549b2838bd8a,CVE-2021-29613
809102376,LLMCI/LLM_Command_Injection,python_projects/tensorflow-master/RELEASE.md,d77a29f0c134b899a35e8aac3a35549b2838bd8a,CVE-2021-29614
809102376,LLMCI/LLM_Command_Injection,python_projects/tensorflow-master/RELEASE.md,d77a29f0c134b899a35e8aac3a35549b2838bd8a,CVE-2021-29615
809102376,LLMCI/LLM_Command_Injection,python_projects/tensorflow-master/RELEASE.md,d77a29f0c134b899a35e8aac3a35549b2838bd8a,CVE-2021-29609
809102376,LLMCI/LLM_Command_Injection,python_projects/tensorflow-master/RELEASE.md,d77a29f0c134b899a35e8aac3a35549b2838bd8a,CVE-2021-29533
809102376,LLMCI/LLM_Command_Injection,python_projects/tensorflow-master/RELEASE.md,d77a29f0c134b899a35e8aac3a35549b2838bd8a,CVE-2021-37681
809102376,LLMCI/LLM_Command_Injection,python_projects/tensorflow-master/RELEASE.md,d77a29f0c134b899a35e8aac3a35549b2838bd8a,CVE-2021-41206
809102376,LLMCI/LLM_Command_Injection,python_projects/tensorflow-master/RELEASE.md,d77a29f0c134b899a35e8aac3a35549b2838bd8a,CVE-2021-29513
809102376,LLMCI/LLM_Command_Injection,python_projects/tensorflow-master/RELEASE.md,d77a29f0c134b899a35e8aac3a35549b2838bd8a,CVE-2022-23562
809102376,LLMCI/LLM_Command_Injection,python_projects/tensorflow-master/RELEASE.md,d77a29f0c134b899a35e8aac3a35549b2838bd8a,CVE-2022-23563
809102376,LLMCI/LLM_Command_Injection,python_projects/tensorflow-master/RELEASE.md,d77a29f0c134b899a35e8aac3a35549b2838bd8a,CVE-2022-23564
809102376,LLMCI/LLM_Command_Injection,python_projects/tensorflow-master/RELEASE.md,d77a29f0c134b899a35e8aac3a35549b2838bd8a,CVE-2022-23565
809102376,LLMCI/LLM_Command_Injection,python_projects/tensorflow-master/RELEASE.md,d77a29f0c134b899a35e8aac3a35549b2838bd8a,CVE-2021-29512
809102376,LLMCI/LLM_Command_Injection,python_projects/tensorflow-master/RELEASE.md,d77a29f0c134b899a35e8aac3a35549b2838bd8a,CVE-2022-23566
809102376,LLMCI/LLM_Command_Injection,python_projects/tensorflow-master/RELEASE.md,d77a29f0c134b899a35e8aac3a35549b2838bd8a,CVE-2022-23567
809102376,LLMCI/LLM_Command_Injection,python_projects/tensorflow-master/RELEASE.md,d77a29f0c134b899a35e8aac3a35549b2838bd8a,CVE-2022-23568
809102376,LLMCI/LLM_Command_Injection,python_projects/tensorflow-master/RELEASE.md,d77a29f0c134b899a35e8aac3a35549b2838bd8a,CVE-2022-23569
809102376,LLMCI/LLM_Command_Injection,python_projects/tensorflow-master/RELEASE.md,d77a29f0c134b899a35e8aac3a35549b2838bd8a,CVE-2022-23570
809102376,LLMCI/LLM_Command_Injection,python_projects/tensorflow-master/RELEASE.md,d77a29f0c134b899a35e8aac3a35549b2838bd8a,CVE-2022-23571
809102376,LLMCI/LLM_Command_Injection,python_projects/tensorflow-master/RELEASE.md,d77a29f0c134b899a35e8aac3a35549b2838bd8a,CVE-2022-23572
809102376,LLMCI/LLM_Command_Injection,python_projects/tensorflow-master/RELEASE.md,d77a29f0c134b899a35e8aac3a35549b2838bd8a,CVE-2022-23573
809102376,LLMCI/LLM_Command_Injection,python_projects/tensorflow-master/RELEASE.md,d77a29f0c134b899a35e8aac3a35549b2838bd8a,CVE-2022-23574
809102376,LLMCI/LLM_Command_Injection,python_projects/tensorflow-master/RELEASE.md,d77a29f0c134b899a35e8aac3a35549b2838bd8a,CVE-2022-23561
809102376,LLMCI/LLM_Command_Injection,python_projects/tensorflow-master/RELEASE.md,d77a29f0c134b899a35e8aac3a35549b2838bd8a,CVE-2021-41205
809102376,LLMCI/LLM_Command_Injection,python_projects/tensorflow-master/RELEASE.md,d77a29f0c134b899a35e8aac3a35549b2838bd8a,CVE-2022-23560
809102376,LLMCI/LLM_Command_Injection,python_projects/tensorflow-master/RELEASE.md,d77a29f0c134b899a35e8aac3a35549b2838bd8a,CVE-2022-23559
809102376,LLMCI/LLM_Command_Injection,python_projects/tensorflow-master/RELEASE.md,d77a29f0c134b899a35e8aac3a35549b2838bd8a,CVE-2022-21733
809102376,LLMCI/LLM_Command_Injection,python_projects/tensorflow-master/RELEASE.md,d77a29f0c134b899a35e8aac3a35549b2838bd8a,CVE-2022-21734
809102376,LLMCI/LLM_Command_Injection,python_projects/tensorflow-master/RELEASE.md,d77a29f0c134b899a35e8aac3a35549b2838bd8a,CVE-2022-21735
809102376,LLMCI/LLM_Command_Injection,python_projects/tensorflow-master/RELEASE.md,d77a29f0c134b899a35e8aac3a35549b2838bd8a,CVE-2021-29518
809102376,LLMCI/LLM_Command_Injection,python_projects/tensorflow-master/RELEASE.md,d77a29f0c134b899a35e8aac3a35549b2838bd8a,CVE-2022-21736
809102376,LLMCI/LLM_Command_Injection,python_projects/tensorflow-master/RELEASE.md,d77a29f0c134b899a35e8aac3a35549b2838bd8a,CVE-2022-21737
809102376,LLMCI/LLM_Command_Injection,python_projects/tensorflow-master/RELEASE.md,d77a29f0c134b899a35e8aac3a35549b2838bd8a,CVE-2022-21738
809102376,LLMCI/LLM_Command_Injection,python_projects/tensorflow-master/RELEASE.md,d77a29f0c134b899a35e8aac3a35549b2838bd8a,CVE-2022-23575
809102376,LLMCI/LLM_Command_Injection,python_projects/tensorflow-master/RELEASE.md,d77a29f0c134b899a35e8aac3a35549b2838bd8a,CVE-2022-21739
809102376,LLMCI/LLM_Command_Injection,python_projects/tensorflow-master/RELEASE.md,d77a29f0c134b899a35e8aac3a35549b2838bd8a,CVE-2022-21741
809102376,LLMCI/LLM_Command_Injection,python_projects/tensorflow-master/RELEASE.md,d77a29f0c134b899a35e8aac3a35549b2838bd8a,CVE-2021-29517
809102376,LLMCI/LLM_Command_Injection,python_projects/tensorflow-master/RELEASE.md,d77a29f0c134b899a35e8aac3a35549b2838bd8a,CVE-2022-22576
809102376,LLMCI/LLM_Command_Injection,python_projects/tensorflow-master/RELEASE.md,d77a29f0c134b899a35e8aac3a35549b2838bd8a,CVE-2021-29516
809102376,LLMCI/LLM_Command_Injection,python_projects/tensorflow-master/RELEASE.md,d77a29f0c134b899a35e8aac3a35549b2838bd8a,CVE-2022-23557
809102376,LLMCI/LLM_Command_Injection,python_projects/tensorflow-master/RELEASE.md,d77a29f0c134b899a35e8aac3a35549b2838bd8a,CVE-2021-29515
809102376,LLMCI/LLM_Command_Injection,python_projects/tensorflow-master/RELEASE.md,d77a29f0c134b899a35e8aac3a35549b2838bd8a,CVE-2022-23558
809102376,LLMCI/LLM_Command_Injection,python_projects/tensorflow-master/RELEASE.md,d77a29f0c134b899a35e8aac3a35549b2838bd8a,CVE-2022-21740
809102376,LLMCI/LLM_Command_Injection,python_projects/tensorflow-master/RELEASE.md,d77a29f0c134b899a35e8aac3a35549b2838bd8a,CVE-2022-23576
809102376,LLMCI/LLM_Command_Injection,python_projects/tensorflow-master/RELEASE.md,d77a29f0c134b899a35e8aac3a35549b2838bd8a,CVE-2022-23577
809102376,LLMCI/LLM_Command_Injection,python_projects/tensorflow-master/RELEASE.md,d77a29f0c134b899a35e8aac3a35549b2838bd8a,CVE-2021-22926
809102376,LLMCI/LLM_Command_Injection,python_projects/tensorflow-master/RELEASE.md,d77a29f0c134b899a35e8aac3a35549b2838bd8a,CVE-2021-29576
809102376,LLMCI/LLM_Command_Injection,python_projects/tensorflow-master/RELEASE.md,d77a29f0c134b899a35e8aac3a35549b2838bd8a,CVE-2022-23592
809102376,LLMCI/LLM_Command_Injection,python_projects/tensorflow-master/RELEASE.md,d77a29f0c134b899a35e8aac3a35549b2838bd8a,CVE-2022-23593
809102376,LLMCI/LLM_Command_Injection,python_projects/tensorflow-master/RELEASE.md,d77a29f0c134b899a35e8aac3a35549b2838bd8a,CVE-2021-22876
809102376,LLMCI/LLM_Command_Injection,python_projects/tensorflow-master/RELEASE.md,d77a29f0c134b899a35e8aac3a35549b2838bd8a,CVE-2022-23594
809102376,LLMCI/LLM_Command_Injection,python_projects/tensorflow-master/RELEASE.md,d77a29f0c134b899a35e8aac3a35549b2838bd8a,CVE-2022-23595
809102376,LLMCI/LLM_Command_Injection,python_projects/tensorflow-master/RELEASE.md,d77a29f0c134b899a35e8aac3a35549b2838bd8a,CVE-2020-9327
809102376,LLMCI/LLM_Command_Injection,python_projects/tensorflow-master/RELEASE.md,d77a29f0c134b899a35e8aac3a35549b2838bd8a,CVE-2021-22897
809102376,LLMCI/LLM_Command_Injection,python_projects/tensorflow-master/RELEASE.md,d77a29f0c134b899a35e8aac3a35549b2838bd8a,CVE-2022-27774
809102376,LLMCI/LLM_Command_Injection,python_projects/tensorflow-master/RELEASE.md,d77a29f0c134b899a35e8aac3a35549b2838bd8a,CVE-2022-27776
809102376,LLMCI/LLM_Command_Injection,python_projects/tensorflow-master/RELEASE.md,d77a29f0c134b899a35e8aac3a35549b2838bd8a,CVE-2022-27778
809102376,LLMCI/LLM_Command_Injection,python_projects/tensorflow-master/RELEASE.md,d77a29f0c134b899a35e8aac3a35549b2838bd8a,CVE-2022-27779
809102376,LLMCI/LLM_Command_Injection,python_projects/tensorflow-master/RELEASE.md,d77a29f0c134b899a35e8aac3a35549b2838bd8a,CVE-2022-27780
809102376,LLMCI/LLM_Command_Injection,python_projects/tensorflow-master/RELEASE.md,d77a29f0c134b899a35e8aac3a35549b2838bd8a,CVE-2022-27781
809102376,LLMCI/LLM_Command_Injection,python_projects/tensorflow-master/RELEASE.md,d77a29f0c134b899a35e8aac3a35549b2838bd8a,CVE-2022-27782
809102376,LLMCI/LLM_Command_Injection,python_projects/tensorflow-master/RELEASE.md,d77a29f0c134b899a35e8aac3a35549b2838bd8a,CVE-2020-8286
809102376,LLMCI/LLM_Command_Injection,python_projects/tensorflow-master/RELEASE.md,d77a29f0c134b899a35e8aac3a35549b2838bd8a,CVE-2022-27775
809102376,LLMCI/LLM_Command_Injection,python_projects/tensorflow-master/RELEASE.md,d77a29f0c134b899a35e8aac3a35549b2838bd8a,CVE-2022-21732
809102376,LLMCI/LLM_Command_Injection,python_projects/tensorflow-master/RELEASE.md,d77a29f0c134b899a35e8aac3a35549b2838bd8a,CVE-2022-23590
809102376,LLMCI/LLM_Command_Injection,python_projects/tensorflow-master/RELEASE.md,d77a29f0c134b899a35e8aac3a35549b2838bd8a,CVE-2022-23588
809102376,LLMCI/LLM_Command_Injection,python_projects/tensorflow-master/RELEASE.md,d77a29f0c134b899a35e8aac3a35549b2838bd8a,CVE-2022-23578
809102376,LLMCI/LLM_Command_Injection,python_projects/tensorflow-master/RELEASE.md,d77a29f0c134b899a35e8aac3a35549b2838bd8a,CVE-2022-23579
809102376,LLMCI/LLM_Command_Injection,python_projects/tensorflow-master/RELEASE.md,d77a29f0c134b899a35e8aac3a35549b2838bd8a,CVE-2021-22925
809102376,LLMCI/LLM_Command_Injection,python_projects/tensorflow-master/RELEASE.md,d77a29f0c134b899a35e8aac3a35549b2838bd8a,CVE-2022-23580
809102376,LLMCI/LLM_Command_Injection,python_projects/tensorflow-master/RELEASE.md,d77a29f0c134b899a35e8aac3a35549b2838bd8a,CVE-2022-23581
809102376,LLMCI/LLM_Command_Injection,python_projects/tensorflow-master/RELEASE.md,d77a29f0c134b899a35e8aac3a35549b2838bd8a,CVE-2022-23582
809102376,LLMCI/LLM_Command_Injection,python_projects/tensorflow-master/RELEASE.md,d77a29f0c134b899a35e8aac3a35549b2838bd8a,CVE-2021-22924
809102376,LLMCI/LLM_Command_Injection,python_projects/tensorflow-master/RELEASE.md,d77a29f0c134b899a35e8aac3a35549b2838bd8a,CVE-2022-23589
809102376,LLMCI/LLM_Command_Injection,python_projects/tensorflow-master/RELEASE.md,d77a29f0c134b899a35e8aac3a35549b2838bd8a,CVE-2022-23583
809102376,LLMCI/LLM_Command_Injection,python_projects/tensorflow-master/RELEASE.md,d77a29f0c134b899a35e8aac3a35549b2838bd8a,CVE-2022-23584
809102376,LLMCI/LLM_Command_Injection,python_projects/tensorflow-master/RELEASE.md,d77a29f0c134b899a35e8aac3a35549b2838bd8a,CVE-2022-23585
809102376,LLMCI/LLM_Command_Injection,python_projects/tensorflow-master/RELEASE.md,d77a29f0c134b899a35e8aac3a35549b2838bd8a,CVE-2021-22922
809102376,LLMCI/LLM_Command_Injection,python_projects/tensorflow-master/RELEASE.md,d77a29f0c134b899a35e8aac3a35549b2838bd8a,CVE-2022-23586
809102376,LLMCI/LLM_Command_Injection,python_projects/tensorflow-master/RELEASE.md,d77a29f0c134b899a35e8aac3a35549b2838bd8a,CVE-2021-22901
809102376,LLMCI/LLM_Command_Injection,python_projects/tensorflow-master/RELEASE.md,d77a29f0c134b899a35e8aac3a35549b2838bd8a,CVE-2022-23587
809102376,LLMCI/LLM_Command_Injection,python_projects/tensorflow-master/RELEASE.md,d77a29f0c134b899a35e8aac3a35549b2838bd8a,CVE-2021-22898
809102376,LLMCI/LLM_Command_Injection,python_projects/tensorflow-master/RELEASE.md,d77a29f0c134b899a35e8aac3a35549b2838bd8a,CVE-2021-22923
809102376,LLMCI/LLM_Command_Injection,python_projects/tensorflow-master/RELEASE.md,d77a29f0c134b899a35e8aac3a35549b2838bd8a,CVE-2021-29519
809102376,LLMCI/LLM_Command_Injection,python_projects/tensorflow-master/RELEASE.md,d77a29f0c134b899a35e8aac3a35549b2838bd8a,CVE-2021-29514
809102376,LLMCI/LLM_Command_Injection,python_projects/tensorflow-master/RELEASE.md,d77a29f0c134b899a35e8aac3a35549b2838bd8a,CVE-2021-41204
809102376,LLMCI/LLM_Command_Injection,python_projects/tensorflow-master/RELEASE.md,d77a29f0c134b899a35e8aac3a35549b2838bd8a,CVE-2021-41219
809102376,LLMCI/LLM_Command_Injection,python_projects/tensorflow-master/RELEASE.md,d77a29f0c134b899a35e8aac3a35549b2838bd8a,CVE-2021-41220
809102376,LLMCI/LLM_Command_Injection,python_projects/tensorflow-master/RELEASE.md,d77a29f0c134b899a35e8aac3a35549b2838bd8a,CVE-2021-41221
809102376,LLMCI/LLM_Command_Injection,python_projects/tensorflow-master/RELEASE.md,d77a29f0c134b899a35e8aac3a35549b2838bd8a,CVE-2022-21726
809102376,LLMCI/LLM_Command_Injection,python_projects/tensorflow-master/RELEASE.md,d77a29f0c134b899a35e8aac3a35549b2838bd8a,CVE-2021-29527
809102376,LLMCI/LLM_Command_Injection,python_projects/tensorflow-master/RELEASE.md,d77a29f0c134b899a35e8aac3a35549b2838bd8a,CVE-2021-41222
809102376,LLMCI/LLM_Command_Injection,python_projects/tensorflow-master/RELEASE.md,d77a29f0c134b899a35e8aac3a35549b2838bd8a,CVE-2022-21725
809102376,LLMCI/LLM_Command_Injection,python_projects/tensorflow-master/RELEASE.md,d77a29f0c134b899a35e8aac3a35549b2838bd8a,CVE-2021-29521
809102376,LLMCI/LLM_Command_Injection,python_projects/tensorflow-master/RELEASE.md,d77a29f0c134b899a35e8aac3a35549b2838bd8a,CVE-2021-41218
809102376,LLMCI/LLM_Command_Injection,python_projects/tensorflow-master/RELEASE.md,d77a29f0c134b899a35e8aac3a35549b2838bd8a,CVE-2021-29526
809102376,LLMCI/LLM_Command_Injection,python_projects/tensorflow-master/RELEASE.md,d77a29f0c134b899a35e8aac3a35549b2838bd8a,CVE-2022-21731
809102376,LLMCI/LLM_Command_Injection,python_projects/tensorflow-master/RELEASE.md,d77a29f0c134b899a35e8aac3a35549b2838bd8a,CVE-2021-41224
809102376,LLMCI/LLM_Command_Injection,python_projects/tensorflow-master/RELEASE.md,d77a29f0c134b899a35e8aac3a35549b2838bd8a,CVE-2021-41225
809102376,LLMCI/LLM_Command_Injection,python_projects/tensorflow-master/RELEASE.md,d77a29f0c134b899a35e8aac3a35549b2838bd8a,CVE-2021-41226
809102376,LLMCI/LLM_Command_Injection,python_projects/tensorflow-master/RELEASE.md,d77a29f0c134b899a35e8aac3a35549b2838bd8a,CVE-2021-41227
809102376,LLMCI/LLM_Command_Injection,python_projects/tensorflow-master/RELEASE.md,d77a29f0c134b899a35e8aac3a35549b2838bd8a,CVE-2021-29522
809102376,LLMCI/LLM_Command_Injection,python_projects/tensorflow-master/RELEASE.md,d77a29f0c134b899a35e8aac3a35549b2838bd8a,CVE-2021-29523
809102376,LLMCI/LLM_Command_Injection,python_projects/tensorflow-master/RELEASE.md,d77a29f0c134b899a35e8aac3a35549b2838bd8a,CVE-2021-29524
809102376,LLMCI/LLM_Command_Injection,python_projects/tensorflow-master/RELEASE.md,d77a29f0c134b899a35e8aac3a35549b2838bd8a,CVE-2021-41223
809102376,LLMCI/LLM_Command_Injection,python_projects/tensorflow-master/RELEASE.md,d77a29f0c134b899a35e8aac3a35549b2838bd8a,CVE-2021-29525
809102376,LLMCI/LLM_Command_Injection,python_projects/tensorflow-master/RELEASE.md,d77a29f0c134b899a35e8aac3a35549b2838bd8a,CVE-2021-41217
809102376,LLMCI/LLM_Command_Injection,python_projects/tensorflow-master/RELEASE.md,d77a29f0c134b899a35e8aac3a35549b2838bd8a,CVE-2021-41216
809102376,LLMCI/LLM_Command_Injection,python_projects/tensorflow-master/RELEASE.md,d77a29f0c134b899a35e8aac3a35549b2838bd8a,CVE-2022-21730
809102376,LLMCI/LLM_Command_Injection,python_projects/tensorflow-master/RELEASE.md,d77a29f0c134b899a35e8aac3a35549b2838bd8a,CVE-2021-41207
809102376,LLMCI/LLM_Command_Injection,python_projects/tensorflow-master/RELEASE.md,d77a29f0c134b899a35e8aac3a35549b2838bd8a,CVE-2022-21729
809102376,LLMCI/LLM_Command_Injection,python_projects/tensorflow-master/RELEASE.md,d77a29f0c134b899a35e8aac3a35549b2838bd8a,CVE-2021-29532
809102376,LLMCI/LLM_Command_Injection,python_projects/tensorflow-master/RELEASE.md,d77a29f0c134b899a35e8aac3a35549b2838bd8a,CVE-2021-41208
809102376,LLMCI/LLM_Command_Injection,python_projects/tensorflow-master/RELEASE.md,d77a29f0c134b899a35e8aac3a35549b2838bd8a,CVE-2021-29531
809102376,LLMCI/LLM_Command_Injection,python_projects/tensorflow-master/RELEASE.md,d77a29f0c134b899a35e8aac3a35549b2838bd8a,CVE-2022-21728
809102376,LLMCI/LLM_Command_Injection,python_projects/tensorflow-master/RELEASE.md,d77a29f0c134b899a35e8aac3a35549b2838bd8a,CVE-2021-41209
809102376,LLMCI/LLM_Command_Injection,python_projects/tensorflow-master/RELEASE.md,d77a29f0c134b899a35e8aac3a35549b2838bd8a,CVE-2021-29528
809102376,LLMCI/LLM_Command_Injection,python_projects/tensorflow-master/RELEASE.md,d77a29f0c134b899a35e8aac3a35549b2838bd8a,CVE-2021-41210
809102376,LLMCI/LLM_Command_Injection,python_projects/tensorflow-master/RELEASE.md,d77a29f0c134b899a35e8aac3a35549b2838bd8a,CVE-2021-41212
809102376,LLMCI/LLM_Command_Injection,python_projects/tensorflow-master/RELEASE.md,d77a29f0c134b899a35e8aac3a35549b2838bd8a,CVE-2021-41213
809102376,LLMCI/LLM_Command_Injection,python_projects/tensorflow-master/RELEASE.md,d77a29f0c134b899a35e8aac3a35549b2838bd8a,CVE-2021-29520
809102376,LLMCI/LLM_Command_Injection,python_projects/tensorflow-master/RELEASE.md,d77a29f0c134b899a35e8aac3a35549b2838bd8a,CVE-2021-29530
809102376,LLMCI/LLM_Command_Injection,python_projects/tensorflow-master/RELEASE.md,d77a29f0c134b899a35e8aac3a35549b2838bd8a,CVE-2021-41214
809102376,LLMCI/LLM_Command_Injection,python_projects/tensorflow-master/RELEASE.md,d77a29f0c134b899a35e8aac3a35549b2838bd8a,CVE-2021-29529
809102376,LLMCI/LLM_Command_Injection,python_projects/tensorflow-master/RELEASE.md,d77a29f0c134b899a35e8aac3a35549b2838bd8a,CVE-2021-41215
809102376,LLMCI/LLM_Command_Injection,python_projects/tensorflow-master/RELEASE.md,d77a29f0c134b899a35e8aac3a35549b2838bd8a,CVE-2022-21727
809102376,LLMCI/LLM_Command_Injection,python_projects/tensorflow-master/RELEASE.md,d77a29f0c134b899a35e8aac3a35549b2838bd8a,CVE-2021-41211
809102376,LLMCI/LLM_Command_Injection,python_projects/tensorflow-master/RELEASE.md,d77a29f0c134b899a35e8aac3a35549b2838bd8a,CVE-2021-41228
809102376,LLMCI/LLM_Command_Injection,python_projects/tensorflow-master/tensorflow/security/advisory/tfsa-2021-134.md,d79880a101ecd88a775de32052c282d5cc5d5769,CVE-2021-37660
809102376,LLMCI/LLM_Command_Injection,python_projects/tensorflow-master/tensorflow/security/advisory/tfsa-2021-034.md,d7a60f00f8f71067065c47c41fdc28c7eea1f821,CVE-2021-29546
809102376,LLMCI/LLM_Command_Injection,python_projects/tensorflow-master/tensorflow/security/advisory/tfsa-2021-196.md,d815b789306240ed00d7f2907578783c699301f0,CVE-2021-41198
809102376,LLMCI/LLM_Command_Injection,python_projects/tensorflow-master/tensorflow/security/advisory/tfsa-2021-111.md,d87c78b4392de973b0377e79510145cb23b5514b,CVE-2021-37637
809102376,LLMCI/LLM_Command_Injection,python_projects/tensorflow-master/tensorflow/security/advisory/tfsa-2022-050.md,d8d896b06e496e1e58f70149dc31b138782fc3b8,CVE-2022-23588
809102376,LLMCI/LLM_Command_Injection,python_projects/tensorflow-master/tensorflow/security/advisory/tfsa-2021-175.md,d93135c5ff27ecf2efb5bb84eb65928b1d048b15,CVE-2021-41217
809102376,LLMCI/LLM_Command_Injection,python_projects/django-main/docs/releases/1.11.19.txt,d96b18b6120a7696eba60a4a8f32c222635901dc,CVE-2019-6975
809102376,LLMCI/LLM_Command_Injection,python_projects/django-main/docs/releases/3.2.23.txt,da176c8df7adc4b1438e0e3265374e9f5aabb8db,CVE-2023-46695
809102376,LLMCI/LLM_Command_Injection,python_projects/tensorflow-master/tensorflow/security/advisory/tfsa-2022-013.md,db47d1265109a26df42903cf0770058be4e33f53,CVE-2022-21734
809102376,LLMCI/LLM_Command_Injection,python_projects/tensorflow-master/tensorflow/security/advisory/tfsa-2022-143.md,db7befaac6f32cc442df2631d2cb68ad520a7ba5,CVE-2022-35938
809102376,LLMCI/LLM_Command_Injection,python_projects/tensorflow-master/tensorflow/security/advisory/tfsa-2022-163.md,dbab6f2d8bbaad258374420506f05663b3ef98f8,CVE-2022-41909
809102376,LLMCI/LLM_Command_Injection,python_projects/tensorflow-master/tensorflow/security/advisory/tfsa-2019-001.md,dbd5b4041ae4acdeddbbe7cef53dec5d3d41e43f,CVE-2019-9635
809102376,LLMCI/LLM_Command_Injection,python_projects/tensorflow-master/tensorflow/security/advisory/tfsa-2021-073.md,dbfea63b4e016b5db13f80648d171ee2422b62f9,CVE-2021-29585
809102376,LLMCI/LLM_Command_Injection,python_projects/tensorflow-master/tensorflow/security/advisory/tfsa-2022-035.md,dc044f3e61318850f11296307705d4e321092301,CVE-2022-23572
809102376,LLMCI/LLM_Command_Injection,python_projects/tensorflow-master/tensorflow/security/advisory/tfsa-2020-023.md,dc17860abb2ccf0ce041aa8ac14acd755b9eef74,CVE-2020-15193
809102376,LLMCI/LLM_Command_Injection,python_projects/tensorflow-master/tensorflow/security/advisory/tfsa-2021-193.md,dc6a6870b4fc27c9791e7736471512357d393a55,CVE-2021-41203
809102376,LLMCI/LLM_Command_Injection,python_projects/tensorflow-master/tensorflow/security/advisory/tfsa-2022-041.md,dca43c0055ff04f7ac48cc45d404e2bc755309c2,CVE-2022-23578
809102376,LLMCI/LLM_Command_Injection,python_projects/tensorflow-master/tensorflow/security/advisory/tfsa-2021-130.md,dceb1014462272f893587a8f08e295f81b29cb4e,CVE-2021-37656
809102376,LLMCI/LLM_Command_Injection,python_projects/tensorflow-master/tensorflow/security/advisory/tfsa-2021-141.md,dd5ce37d13b862b35303d4127e7e436ff443aeee,CVE-2021-37667
809102376,LLMCI/LLM_Command_Injection,python_projects/tensorflow-master/tensorflow/security/advisory/tfsa-2020-013.md,de4e49ab541508cfc281d37e48eee4d51ff5487f,CVE-2020-15203
809102376,LLMCI/LLM_Command_Injection,python_projects/django-main/docs/releases/3.1.7.txt,de770cfa9a11813c33d3ea488607927220375cfb,CVE-2021-23336
809102376,LLMCI/LLM_Command_Injection,python_projects/tensorflow-master/tensorflow/security/advisory/tfsa-2021-091.md,de812a3dbaa166f5e767edab211c4be57a46bb27,CVE-2021-29601
809102376,LLMCI/LLM_Command_Injection,python_projects/tensorflow-master/tensorflow/security/advisory/tfsa-2021-146.md,dea3a85a571821411767377b36baa28e9de87c18,CVE-2021-37672
809102376,LLMCI/LLM_Command_Injection,python_projects/tensorflow-master/tensorflow/security/advisory/tfsa-2021-199.md,dfc5ab4d96546ba0f9b50dfdaa2aa678d242bf21,CVE-2021-41196
809102376,LLMCI/LLM_Command_Injection,python_projects/tensorflow-master/tensorflow/security/advisory/tfsa-2022-149.md,e1740711cf25b52ebac935b8a20ff7e1f2888d59,CVE-2022-41907
809102376,LLMCI/LLM_Command_Injection,python_projects/tensorflow-master/tensorflow/security/advisory/tfsa-2021-017.md,e389ca7ec79a74821e93fb41695a356ee59840a9,CVE-2021-29528
809102376,LLMCI/LLM_Command_Injection,python_projects/tensorflow-master/tensorflow/security/advisory/tfsa-2021-167.md,e404a1643af39363dbcf8e217cef03c2af874db4,CVE-2021-41228
809102376,LLMCI/LLM_Command_Injection,python_projects/django-main/docs/releases/2.1.10.txt,e43c5fbda6da14d4c5ad0dc54a932d19d18b2653,CVE-2019-12781
809102376,LLMCI/LLM_Command_Injection,python_projects/tensorflow-master/tensorflow/security/advisory/tfsa-2022-081.md,e4a8d529a034c7f1588c51082b86caa5da6b1dc2,CVE-2022-29212
809102376,LLMCI/LLM_Command_Injection,python_projects/tensorflow-master/tensorflow/security/advisory/tfsa-2022-018.md,e4ef7f6ae2d0d0803b96ed74016fff675ecbb80d,CVE-2022-21739
809102376,LLMCI/LLM_Command_Injection,python_projects/tensorflow-master/tensorflow/security/advisory/tfsa-2021-192.md,e516eb11fd0625790b480ea9add4aab7d0b0d189,CVE-2021-41201
809102376,LLMCI/LLM_Command_Injection,python_projects/django-main/docs/releases/2.2.19.txt,e61ca2269ecb88767c0110947a41b9594ef5f8e2,CVE-2021-23336
809102376,LLMCI/LLM_Command_Injection,python_projects/tensorflow-master/tensorflow/security/advisory/tfsa-2022-091.md,e65e0c5854e2eb2ebffffc28efa41e192da13b85,CVE-2022-35941
809102376,LLMCI/LLM_Command_Injection,python_projects/tensorflow-master/tensorflow/security/advisory/tfsa-2023-003.md,e7e7b51822ce38306b8b2f0c3142d895489f11cf,CVE-2023-25801
809102376,LLMCI/LLM_Command_Injection,python_projects/tensorflow-master/tensorflow/security/advisory/tfsa-2022-104.md,e7f62d2244faf5fca68ab7668eae9daec72554eb,CVE-2022-36017
809102376,LLMCI/LLM_Command_Injection,python_projects/tensorflow-master/tensorflow/security/advisory/tfsa-2023-020.md,e8fceeef003fc569f9565a5d975572761c89915e,CVE-2023-25658
809102376,LLMCI/LLM_Command_Injection,python_projects/pytorch-main/aten/src/ATen/cpu/vec/vec256/vsx/vsx_helpers.h,e94a2bf9a91682f7b0e9bd86827dd0c386a47e95,VU#23
809102376,LLMCI/LLM_Command_Injection,python_projects/pytorch-main/aten/src/ATen/cpu/vec/vec256/vsx/vsx_helpers.h,e94a2bf9a91682f7b0e9bd86827dd0c386a47e95,VU#29
809102376,LLMCI/LLM_Command_Injection,python_projects/langchain-master/libs/langchain/tests/integration_tests/vectorstores/cassettes/test_pinecone/TestPinecone.test_from_texts_with_metadatas.yaml,e95aabd003cb16a002236e4e13674c5cad807bfc,VU#56
809102376,LLMCI/LLM_Command_Injection,python_projects/tensorflow-master/tensorflow/security/advisory/tfsa-2022-108.md,e962faa9e2c2e6d4507710fd83b21d81575a4b8e,CVE-2022-35974
809102376,LLMCI/LLM_Command_Injection,python_projects/tensorflow-master/tensorflow/security/advisory/tfsa-2023-019.md,eac9a94c4ee4eca0c8ba315964873f535304dc9b,CVE-2023-25669
809102376,LLMCI/LLM_Command_Injection,python_projects/tensorflow-master/tensorflow/security/advisory/tfsa-2022-072.md,eba0ec7a96ea4638aa52d6bdbc1b52727261f484,CVE-2022-29207
809102376,LLMCI/LLM_Command_Injection,python_projects/tensorflow-master/tensorflow/security/advisory/tfsa-2021-038.md,eba99bc2325123c19b79577ae77560e6544356dd,CVE-2021-29550
809102376,LLMCI/LLM_Command_Injection,python_projects/tensorflow-master/tensorflow/security/advisory/tfsa-2021-097.md,eced20e00bf4d472c3326e053f9c8eb55038121a,CVE-2021-29607
809102376,LLMCI/LLM_Command_Injection,python_projects/django-main/docs/releases/1.11.29.txt,ecf153689472268cbbfe90efd033c6b118a75bac,CVE-2020-9402
809102376,LLMCI/LLM_Command_Injection,python_projects/langchain-master/cookbook/Semi_structured_and_multi_modal_RAG.ipynb,ed3ad3ffeb26f602ee09df8f034a0932349654ea,VU#62
809102376,LLMCI/LLM_Command_Injection,python_projects/langchain-master/cookbook/Semi_structured_and_multi_modal_RAG.ipynb,ed3ad3ffeb26f602ee09df8f034a0932349654ea,VU#66
809102376,LLMCI/LLM_Command_Injection,python_projects/langchain-master/cookbook/Semi_structured_and_multi_modal_RAG.ipynb,ed3ad3ffeb26f602ee09df8f034a0932349654ea,VU#85
809102376,LLMCI/LLM_Command_Injection,python_projects/langchain-master/cookbook/Semi_structured_and_multi_modal_RAG.ipynb,ed3ad3ffeb26f602ee09df8f034a0932349654ea,VU#855
809102376,LLMCI/LLM_Command_Injection,python_projects/langchain-master/cookbook/Semi_structured_and_multi_modal_RAG.ipynb,ed3ad3ffeb26f602ee09df8f034a0932349654ea,VU#87
809102376,LLMCI/LLM_Command_Injection,python_projects/langchain-master/cookbook/Semi_structured_and_multi_modal_RAG.ipynb,ed3ad3ffeb26f602ee09df8f034a0932349654ea,VU#89
809102376,LLMCI/LLM_Command_Injection,python_projects/langchain-master/cookbook/Semi_structured_and_multi_modal_RAG.ipynb,ed3ad3ffeb26f602ee09df8f034a0932349654ea,VU#91
809102376,LLMCI/LLM_Command_Injection,python_projects/langchain-master/cookbook/Semi_structured_and_multi_modal_RAG.ipynb,ed3ad3ffeb26f602ee09df8f034a0932349654ea,VU#96
809102376,LLMCI/LLM_Command_Injection,python_projects/langchain-master/cookbook/Semi_structured_and_multi_modal_RAG.ipynb,ed3ad3ffeb26f602ee09df8f034a0932349654ea,VU#59
809102376,LLMCI/LLM_Command_Injection,python_projects/langchain-master/cookbook/Semi_structured_and_multi_modal_RAG.ipynb,ed3ad3ffeb26f602ee09df8f034a0932349654ea,VU#42
809102376,LLMCI/LLM_Command_Injection,python_projects/langchain-master/cookbook/Semi_structured_and_multi_modal_RAG.ipynb,ed3ad3ffeb26f602ee09df8f034a0932349654ea,VU#27
809102376,LLMCI/LLM_Command_Injection,python_projects/langchain-master/cookbook/Semi_structured_and_multi_modal_RAG.ipynb,ed3ad3ffeb26f602ee09df8f034a0932349654ea,VU#36
809102376,LLMCI/LLM_Command_Injection,python_projects/langchain-master/cookbook/Semi_structured_and_multi_modal_RAG.ipynb,ed3ad3ffeb26f602ee09df8f034a0932349654ea,VU#00
809102376,LLMCI/LLM_Command_Injection,python_projects/langchain-master/cookbook/Semi_structured_and_multi_modal_RAG.ipynb,ed3ad3ffeb26f602ee09df8f034a0932349654ea,VU#17
809102376,LLMCI/LLM_Command_Injection,python_projects/langchain-master/cookbook/Semi_structured_and_multi_modal_RAG.ipynb,ed3ad3ffeb26f602ee09df8f034a0932349654ea,VU#19
809102376,LLMCI/LLM_Command_Injection,python_projects/langchain-master/cookbook/Semi_structured_and_multi_modal_RAG.ipynb,ed3ad3ffeb26f602ee09df8f034a0932349654ea,VU#24
809102376,LLMCI/LLM_Command_Injection,python_projects/langchain-master/cookbook/Semi_structured_and_multi_modal_RAG.ipynb,ed3ad3ffeb26f602ee09df8f034a0932349654ea,VU#267
809102376,LLMCI/LLM_Command_Injection,python_projects/langchain-master/cookbook/Semi_structured_and_multi_modal_RAG.ipynb,ed3ad3ffeb26f602ee09df8f034a0932349654ea,VU#28
809102376,LLMCI/LLM_Command_Injection,python_projects/tensorflow-master/tensorflow/security/advisory/tfsa-2020-026.md,ed7c6bc91866bcbfdf87df0f2b3fd45ee0733442,CVE-2020-15190
809102376,LLMCI/LLM_Command_Injection,python_projects/tensorflow-master/tensorflow/security/advisory/tfsa-2021-140.md,ed9bb43c0d09c18d94f5f94539260dec3bc9d1e1,CVE-2021-37666
809102376,LLMCI/LLM_Command_Injection,python_projects/tensorflow-master/tensorflow/security/advisory/tfsa-2022-020.md,ee49c40f917e8effac4254bbfe728dd7e0c7294f,CVE-2022-21740
809102376,LLMCI/LLM_Command_Injection,python_projects/tensorflow-master/tensorflow/security/advisory/tfsa-2022-060.md,ee6a23a3109a22f6b641b2e6d0ad97ed83076598,CVE-2021-41228
809102376,LLMCI/LLM_Command_Injection,python_projects/tensorflow-master/tensorflow/security/advisory/tfsa-2022-060.md,ee6a23a3109a22f6b641b2e6d0ad97ed83076598,CVE-2022-29216
809102376,LLMCI/LLM_Command_Injection,python_projects/tensorflow-master/tensorflow/security/advisory/tfsa-2022-158.md,ef02b5d44178aeb2e836f477021afda5a838fa84,CVE-2022-41896
809102376,LLMCI/LLM_Command_Injection,python_projects/tensorflow-master/tensorflow/security/advisory/tfsa-2022-016.md,ef1758d92fec08c19c3332f628c02549ff688537,CVE-2022-21736
809102376,LLMCI/LLM_Command_Injection,python_projects/tensorflow-master/tensorflow/security/advisory/tfsa-2021-044.md,ef58549baa13d4844236419d4e017080cd81471b,CVE-2021-29557
809102376,LLMCI/LLM_Command_Injection,python_projects/tensorflow-master/tensorflow/security/advisory/tfsa-2021-143.md,ef700fd35ed3acb6c50c200c4e649e0604448a13,CVE-2021-37669
809102376,LLMCI/LLM_Command_Injection,python_projects/django-main/docs/releases/4.2.1.txt,efa1e4e04b47aa8c72801521df43c941381b1502,CVE-2023-31047
809102376,LLMCI/LLM_Command_Injection,python_projects/tensorflow-master/tensorflow/security/advisory/tfsa-2020-033.md,f0100618d73809d4b5693e7c96c526014b5d60b3,CVE-2020-26270
809102376,LLMCI/LLM_Command_Injection,python_projects/tensorflow-master/tensorflow/security/advisory/tfsa-2021-002.md,f05ad80253cd5ed1c7d514e3d8d79efcb1b78b07,CVE-2021-29514
809102376,LLMCI/LLM_Command_Injection,python_projects/tensorflow-master/tensorflow/security/advisory/tfsa-2021-115.md,f05d8c7769f81731c9a4ce6965bcf12f2e732bbe,CVE-2021-37642
809102376,LLMCI/LLM_Command_Injection,python_projects/tensorflow-master/tensorflow/security/advisory/tfsa-2021-125.md,f085bd1c2b94f568a170e249b4ca7c130fa25852,CVE-2021-37651
809102376,LLMCI/LLM_Command_Injection,python_projects/tensorflow-master/tensorflow/security/advisory/tfsa-2021-109.md,f096936029301f200f1c7c48d9c48acdfca947ed,CVE-2021-37635
809102376,LLMCI/LLM_Command_Injection,python_projects/django-main/docs/releases/4.1.11.txt,f13905ad071a4984075eb863baf403f56aa47341,CVE-2023-41164
809102376,LLMCI/LLM_Command_Injection,python_projects/django-main/docs/releases/4.0.7.txt,f1ccdf0e3f778edfb0d6bd5581faed19d8458723,CVE-2022-36359
809102376,LLMCI/LLM_Command_Injection,python_projects/tensorflow-master/tensorflow/security/advisory/tfsa-2022-071.md,f26d10e378353f7a5716aac5701abaefd48b5334,CVE-2021-41197
809102376,LLMCI/LLM_Command_Injection,python_projects/pytorch-main/.circleci/verbatim-sources/job-specs/job-specs-custom.yml,f2846df428dd10e200732261750e78a713817f39,VU#31
809102376,LLMCI/LLM_Command_Injection,python_projects/tensorflow-master/tensorflow/security/advisory/tfsa-2021-150.md,f2e70597124f48f6522b2384c4f641f3c8ff64c9,CVE-2021-37675
809102376,LLMCI/LLM_Command_Injection,python_projects/tensorflow-master/tensorflow/security/advisory/tfsa-2022-159.md,f3ad8d3dc88a7796c72c2e6a6c4f86ba19dd4817,CVE-2022-41897
809102376,LLMCI/LLM_Command_Injection,python_projects/django-main/docs/releases/2.2.9.txt,f3b912ee10fa1719e6cd42c0f425942b8ed9381a,CVE-2019-19844
809102376,LLMCI/LLM_Command_Injection,python_projects/tensorflow-master/tensorflow/security/advisory/tfsa-2021-121.md,f3e4d7d3de0128a3891d3c3d470cd749a8eab2e2,CVE-2021-37647
809102376,LLMCI/LLM_Command_Injection,python_projects/tensorflow-master/tensorflow/security/advisory/tfsa-2022-112.md,f3f7e972775b61f66776885b35d08e73245d8a69,CVE-2022-36026
809102376,LLMCI/LLM_Command_Injection,python_projects/tensorflow-master/tensorflow/security/advisory/tfsa-2022-012.md,f414185e8ce2fceae706b7511ba25af7c7539bbe,CVE-2021-41197
809102376,LLMCI/LLM_Command_Injection,python_projects/tensorflow-master/tensorflow/security/advisory/tfsa-2022-012.md,f414185e8ce2fceae706b7511ba25af7c7539bbe,CVE-2022-23568
809102376,LLMCI/LLM_Command_Injection,python_projects/django-main/docs/releases/3.2.13.txt,f438b068164682560d949773ff77177bbf48a940,CVE-2022-28346
809102376,LLMCI/LLM_Command_Injection,python_projects/django-main/docs/releases/3.2.13.txt,f438b068164682560d949773ff77177bbf48a940,CVE-2022-28347
809102376,LLMCI/LLM_Command_Injection,python_projects/tensorflow-master/tensorflow/security/advisory/tfsa-2020-006.md,f43f518ed52278b32b5cc22f70835b0d7d3c5543,CVE-2020-15210
809102376,LLMCI/LLM_Command_Injection,python_projects/tensorflow-master/tensorflow/security/advisory/tfsa-2022-074.md,f44f207000dba78ff6e1e74c6b4fcac9f1e442c4,CVE-2022-29206
809102376,LLMCI/LLM_Command_Injection,python_projects/tensorflow-master/tensorflow/security/advisory/tfsa-2021-172.md,f46755551f55c89a139259df7c65117289852369,CVE-2021-41224
809102376,LLMCI/LLM_Command_Injection,python_projects/tensorflow-master/tensorflow/security/advisory/tfsa-2021-092.md,f4b3a60de024f455baa350f6a15f9f99d1bc92a8,CVE-2021-29605
809102376,LLMCI/LLM_Command_Injection,python_projects/django-main/docs/releases/1.9.3.txt,f5eca368d2f4a7939a05b9615bc0c5c8eceb3bc0,CVE-2016-2512
809102376,LLMCI/LLM_Command_Injection,python_projects/django-main/docs/releases/1.9.3.txt,f5eca368d2f4a7939a05b9615bc0c5c8eceb3bc0,CVE-2016-2513
809102376,LLMCI/LLM_Command_Injection,python_projects/django-main/docs/releases/3.1.10.txt,f6a8d06191578c1413601b2de1b718e13c0c8355,CVE-2021-32052
809102376,LLMCI/LLM_Command_Injection,python_projects/tensorflow-master/tensorflow/security/advisory/tfsa-2021-195.md,f71ddec9a5f6621fff626f03bd4005002218233a,CVE-2021-41199
809102376,LLMCI/LLM_Command_Injection,python_projects/tensorflow-master/tensorflow/security/advisory/tfsa-2022-009.md,f86bc58a88064b58798c1a489610520c47a72727,CVE-2022-21733
809102376,LLMCI/LLM_Command_Injection,python_projects/tensorflow-master/tensorflow/security/advisory/tfsa-2021-099.md,f95e91b123daf68e6c2f51d5436b45b4bd9962dd,CVE-2021-29610
809102376,LLMCI/LLM_Command_Injection,python_projects/tensorflow-master/tensorflow/security/advisory/tfsa-2021-032.md,f971b037b0f111432f2b4f034eda30bf87ac4b85,CVE-2021-29543
809102376,LLMCI/LLM_Command_Injection,python_projects/tensorflow-master/tensorflow/security/advisory/tfsa-2022-114.md,fb03cce1ff39958145213762b45400b51b0b505e,CVE-2022-35983
809102376,LLMCI/LLM_Command_Injection,python_projects/tensorflow-master/tensorflow/security/advisory/tfsa-2021-194.md,fbbc8188065ae5386e855d60a820e7ad8188bc3f,CVE-2021-41202
809102376,LLMCI/LLM_Command_Injection,python_projects/tensorflow-master/tensorflow/security/advisory/tfsa-2020-021.md,fc15b0da1998454fbccdee95862fde2f55ac2e8e,CVE-2020-15195
809102376,LLMCI/LLM_Command_Injection,python_projects/tensorflow-master/tensorflow/security/advisory/tfsa-2021-168.md,fc521a37551dbf33d05c37186bbb72d84afa06c1,CVE-2021-41225
809102376,LLMCI/LLM_Command_Injection,python_projects/tensorflow-master/tensorflow/security/advisory/tfsa-2022-135.md,fc80d2857808657617b22681ef405e2056de68fd,CVE-2022-36001
809102376,LLMCI/LLM_Command_Injection,python_projects/tensorflow-master/tensorflow/security/advisory/tfsa-2021-103.md,fcb5e9daa09aa2d89b1a545efc0c2822db2979bf,CVE-2021-29615
809102376,LLMCI/LLM_Command_Injection,python_projects/tensorflow-master/tensorflow/security/advisory/tfsa-2021-048.md,fd10d28e382b1a078f6c6a9f76141f8b89ccef22,CVE-2021-29560
809102376,LLMCI/LLM_Command_Injection,python_projects/tensorflow-master/tensorflow/security/advisory/tfsa-2023-002.md,fd3e062614aadbe7abf1d996d424735405b275c2,CVE-2023-25668
809102376,LLMCI/LLM_Command_Injection,python_projects/django-main/docs/releases/2.2.24.txt,fd8871bb371b04ba37171c21bc251a34426c567d,CVE-2021-33203
809102376,LLMCI/LLM_Command_Injection,python_projects/django-main/docs/releases/2.2.24.txt,fd8871bb371b04ba37171c21bc251a34426c567d,CVE-2021-33571
809102376,LLMCI/LLM_Command_Injection,python_projects/tensorflow-master/tensorflow/security/advisory/tfsa-2021-123.md,fdbb7ff606fb2397f2147491587f4580a4f91963,CVE-2021-37649
809102376,LLMCI/LLM_Command_Injection,python_projects/tensorflow-master/tensorflow/security/advisory/tfsa-2021-052.md,ff5433c41d6d44a6683d25240de3672b8e5ca1b8,CVE-2021-29564
809102376,LLMCI/LLM_Command_Injection,python_projects/tensorflow-master/tensorflow/security/advisory/tfsa-2022-083.md,ffaecb551b3c13e5c44f392734230644e49fa00c,CVE-2022-29209
809102376,LLMCI/LLM_Command_Injection,python_projects/tensorflow-master/tensorflow/security/advisory/tfsa-2020-014.md,fff1c7c6be62d9a702ca1450d862ec5d1ed148c7,CVE-2020-15202
