repo_id,repo_full_name,file,file_sha1,match
517767839,ibojanova/BF,.vs/BF/v17/.suo,30f108a1a163970e3f56b4a431b652217ba89e1e,CVE-2014-0160
517767839,ibojanova/BF,CWEBF/XML/cwec_v4.8.xml,8d4e38a22805fc9c70eab23fcc5d3ffc8b0ed096,BID-10155
517767839,ibojanova/BF,CWEBF/XML/cwec_v4.8.xml,8d4e38a22805fc9c70eab23fcc5d3ffc8b0ed096,CVE-2008-1052
517767839,ibojanova/BF,CWEBF/XML/cwec_v4.8.xml,8d4e38a22805fc9c70eab23fcc5d3ffc8b0ed096,CVE-2008-1013
517767839,ibojanova/BF,CWEBF/XML/cwec_v4.8.xml,8d4e38a22805fc9c70eab23fcc5d3ffc8b0ed096,CVE-2008-0977
517767839,ibojanova/BF,CWEBF/XML/cwec_v4.8.xml,8d4e38a22805fc9c70eab23fcc5d3ffc8b0ed096,CVE-2008-0971
517767839,ibojanova/BF,CWEBF/XML/cwec_v4.8.xml,8d4e38a22805fc9c70eab23fcc5d3ffc8b0ed096,CVE-2008-0961
517767839,ibojanova/BF,CWEBF/XML/cwec_v4.8.xml,8d4e38a22805fc9c70eab23fcc5d3ffc8b0ed096,CVE-2008-0769
517767839,ibojanova/BF,CWEBF/XML/cwec_v4.8.xml,8d4e38a22805fc9c70eab23fcc5d3ffc8b0ed096,CVE-2008-0757
517767839,ibojanova/BF,CWEBF/XML/cwec_v4.8.xml,8d4e38a22805fc9c70eab23fcc5d3ffc8b0ed096,CVE-2008-0662
517767839,ibojanova/BF,CWEBF/XML/cwec_v4.8.xml,8d4e38a22805fc9c70eab23fcc5d3ffc8b0ed096,CVE-2008-0600
517767839,ibojanova/BF,CWEBF/XML/cwec_v4.8.xml,8d4e38a22805fc9c70eab23fcc5d3ffc8b0ed096,CVE-2008-0599
517767839,ibojanova/BF,CWEBF/XML/cwec_v4.8.xml,8d4e38a22805fc9c70eab23fcc5d3ffc8b0ed096,CVE-2008-0379
517767839,ibojanova/BF,CWEBF/XML/cwec_v4.8.xml,8d4e38a22805fc9c70eab23fcc5d3ffc8b0ed096,CVE-2008-0374
517767839,ibojanova/BF,CWEBF/XML/cwec_v4.8.xml,8d4e38a22805fc9c70eab23fcc5d3ffc8b0ed096,CVE-2008-0368
517767839,ibojanova/BF,CWEBF/XML/cwec_v4.8.xml,8d4e38a22805fc9c70eab23fcc5d3ffc8b0ed096,CVE-2008-0322
517767839,ibojanova/BF,CWEBF/XML/cwec_v4.8.xml,8d4e38a22805fc9c70eab23fcc5d3ffc8b0ed096,CVE-2008-0306
517767839,ibojanova/BF,CWEBF/XML/cwec_v4.8.xml,8d4e38a22805fc9c70eab23fcc5d3ffc8b0ed096,CVE-2008-0294
517767839,ibojanova/BF,CWEBF/XML/cwec_v4.8.xml,8d4e38a22805fc9c70eab23fcc5d3ffc8b0ed096,CVE-2008-0174
517767839,ibojanova/BF,CWEBF/XML/cwec_v4.8.xml,8d4e38a22805fc9c70eab23fcc5d3ffc8b0ed096,CVE-2008-0166
517767839,ibojanova/BF,CWEBF/XML/cwec_v4.8.xml,8d4e38a22805fc9c70eab23fcc5d3ffc8b0ed096,CVE-2008-0162
517767839,ibojanova/BF,CWEBF/XML/cwec_v4.8.xml,8d4e38a22805fc9c70eab23fcc5d3ffc8b0ed096,CVE-2008-0141
517767839,ibojanova/BF,CWEBF/XML/cwec_v4.8.xml,8d4e38a22805fc9c70eab23fcc5d3ffc8b0ed096,CVE-2008-0128
517767839,ibojanova/BF,CWEBF/XML/cwec_v4.8.xml,8d4e38a22805fc9c70eab23fcc5d3ffc8b0ed096,CVE-2008-0087
517767839,ibojanova/BF,CWEBF/XML/cwec_v4.8.xml,8d4e38a22805fc9c70eab23fcc5d3ffc8b0ed096,CVE-2008-0081
517767839,ibojanova/BF,CWEBF/XML/cwec_v4.8.xml,8d4e38a22805fc9c70eab23fcc5d3ffc8b0ed096,CVE-2008-0077
517767839,ibojanova/BF,CWEBF/XML/cwec_v4.8.xml,8d4e38a22805fc9c70eab23fcc5d3ffc8b0ed096,CVE-2008-1160
517767839,ibojanova/BF,CWEBF/XML/cwec_v4.8.xml,8d4e38a22805fc9c70eab23fcc5d3ffc8b0ed096,CVE-2008-1203
517767839,ibojanova/BF,CWEBF/XML/cwec_v4.8.xml,8d4e38a22805fc9c70eab23fcc5d3ffc8b0ed096,CVE-2008-1284
517767839,ibojanova/BF,CWEBF/XML/cwec_v4.8.xml,8d4e38a22805fc9c70eab23fcc5d3ffc8b0ed096,CVE-2008-1303
517767839,ibojanova/BF,CWEBF/XML/cwec_v4.8.xml,8d4e38a22805fc9c70eab23fcc5d3ffc8b0ed096,CVE-2008-2223
517767839,ibojanova/BF,CWEBF/XML/cwec_v4.8.xml,8d4e38a22805fc9c70eab23fcc5d3ffc8b0ed096,CVE-2008-2136
517767839,ibojanova/BF,CWEBF/XML/cwec_v4.8.xml,8d4e38a22805fc9c70eab23fcc5d3ffc8b0ed096,CVE-2008-2122
517767839,ibojanova/BF,CWEBF/XML/cwec_v4.8.xml,8d4e38a22805fc9c70eab23fcc5d3ffc8b0ed096,CVE-2008-2121
517767839,ibojanova/BF,CWEBF/XML/cwec_v4.8.xml,8d4e38a22805fc9c70eab23fcc5d3ffc8b0ed096,CVE-2008-2108
517767839,ibojanova/BF,CWEBF/XML/cwec_v4.8.xml,8d4e38a22805fc9c70eab23fcc5d3ffc8b0ed096,CVE-2008-2052
517767839,ibojanova/BF,CWEBF/XML/cwec_v4.8.xml,8d4e38a22805fc9c70eab23fcc5d3ffc8b0ed096,CVE-2008-2049
517767839,ibojanova/BF,CWEBF/XML/cwec_v4.8.xml,8d4e38a22805fc9c70eab23fcc5d3ffc8b0ed096,CVE-2008-2020
517767839,ibojanova/BF,CWEBF/XML/cwec_v4.8.xml,8d4e38a22805fc9c70eab23fcc5d3ffc8b0ed096,CVE-2008-2018
517767839,ibojanova/BF,CWEBF/XML/cwec_v4.8.xml,8d4e38a22805fc9c70eab23fcc5d3ffc8b0ed096,CVE-2008-1877
517767839,ibojanova/BF,CWEBF/XML/cwec_v4.8.xml,8d4e38a22805fc9c70eab23fcc5d3ffc8b0ed096,CVE-2008-1810
517767839,ibojanova/BF,CWEBF/XML/cwec_v4.8.xml,8d4e38a22805fc9c70eab23fcc5d3ffc8b0ed096,CVE-2008-1807
517767839,ibojanova/BF,CWEBF/XML/cwec_v4.8.xml,8d4e38a22805fc9c70eab23fcc5d3ffc8b0ed096,CVE-2008-1738
517767839,ibojanova/BF,CWEBF/XML/cwec_v4.8.xml,8d4e38a22805fc9c70eab23fcc5d3ffc8b0ed096,CVE-2008-1737
517767839,ibojanova/BF,CWEBF/XML/cwec_v4.8.xml,8d4e38a22805fc9c70eab23fcc5d3ffc8b0ed096,CVE-2008-1708
517767839,ibojanova/BF,CWEBF/XML/cwec_v4.8.xml,8d4e38a22805fc9c70eab23fcc5d3ffc8b0ed096,CVE-2008-1700
517767839,ibojanova/BF,CWEBF/XML/cwec_v4.8.xml,8d4e38a22805fc9c70eab23fcc5d3ffc8b0ed096,CVE-2008-1686
517767839,ibojanova/BF,CWEBF/XML/cwec_v4.8.xml,8d4e38a22805fc9c70eab23fcc5d3ffc8b0ed096,CVE-2008-1685
517767839,ibojanova/BF,CWEBF/XML/cwec_v4.8.xml,8d4e38a22805fc9c70eab23fcc5d3ffc8b0ed096,CVE-2008-1625
517767839,ibojanova/BF,CWEBF/XML/cwec_v4.8.xml,8d4e38a22805fc9c70eab23fcc5d3ffc8b0ed096,CVE-2008-1579
517767839,ibojanova/BF,CWEBF/XML/cwec_v4.8.xml,8d4e38a22805fc9c70eab23fcc5d3ffc8b0ed096,CVE-2008-1570
517767839,ibojanova/BF,CWEBF/XML/cwec_v4.8.xml,8d4e38a22805fc9c70eab23fcc5d3ffc8b0ed096,CVE-2008-1567
517767839,ibojanova/BF,CWEBF/XML/cwec_v4.8.xml,8d4e38a22805fc9c70eab23fcc5d3ffc8b0ed096,CVE-2008-1526
517767839,ibojanova/BF,CWEBF/XML/cwec_v4.8.xml,8d4e38a22805fc9c70eab23fcc5d3ffc8b0ed096,CVE-2008-1440
517767839,ibojanova/BF,CWEBF/XML/cwec_v4.8.xml,8d4e38a22805fc9c70eab23fcc5d3ffc8b0ed096,CVE-2008-1319
517767839,ibojanova/BF,CWEBF/XML/cwec_v4.8.xml,8d4e38a22805fc9c70eab23fcc5d3ffc8b0ed096,CVE-2008-0063
517767839,ibojanova/BF,CWEBF/XML/cwec_v4.8.xml,8d4e38a22805fc9c70eab23fcc5d3ffc8b0ed096,CVE-2008-0062
517767839,ibojanova/BF,CWEBF/XML/cwec_v4.8.xml,8d4e38a22805fc9c70eab23fcc5d3ffc8b0ed096,CVE-2008-0058
517767839,ibojanova/BF,CWEBF/XML/cwec_v4.8.xml,8d4e38a22805fc9c70eab23fcc5d3ffc8b0ed096,CVE-2008-0005
517767839,ibojanova/BF,CWEBF/XML/cwec_v4.8.xml,8d4e38a22805fc9c70eab23fcc5d3ffc8b0ed096,CVE-2007-5101
517767839,ibojanova/BF,CWEBF/XML/cwec_v4.8.xml,8d4e38a22805fc9c70eab23fcc5d3ffc8b0ed096,CVE-2007-4988
517767839,ibojanova/BF,CWEBF/XML/cwec_v4.8.xml,8d4e38a22805fc9c70eab23fcc5d3ffc8b0ed096,CVE-2007-4961
517767839,ibojanova/BF,CWEBF/XML/cwec_v4.8.xml,8d4e38a22805fc9c70eab23fcc5d3ffc8b0ed096,CVE-2007-4932
517767839,ibojanova/BF,CWEBF/XML/cwec_v4.8.xml,8d4e38a22805fc9c70eab23fcc5d3ffc8b0ed096,CVE-2007-4786
517767839,ibojanova/BF,CWEBF/XML/cwec_v4.8.xml,8d4e38a22805fc9c70eab23fcc5d3ffc8b0ed096,CVE-2007-4682
517767839,ibojanova/BF,CWEBF/XML/cwec_v4.8.xml,8d4e38a22805fc9c70eab23fcc5d3ffc8b0ed096,CVE-2007-4639
517767839,ibojanova/BF,CWEBF/XML/cwec_v4.8.xml,8d4e38a22805fc9c70eab23fcc5d3ffc8b0ed096,CVE-2007-4580
517767839,ibojanova/BF,CWEBF/XML/cwec_v4.8.xml,8d4e38a22805fc9c70eab23fcc5d3ffc8b0ed096,CVE-2007-4432
517767839,ibojanova/BF,CWEBF/XML/cwec_v4.8.xml,8d4e38a22805fc9c70eab23fcc5d3ffc8b0ed096,CVE-2007-4277
517767839,ibojanova/BF,CWEBF/XML/cwec_v4.8.xml,8d4e38a22805fc9c70eab23fcc5d3ffc8b0ed096,CVE-2007-4268
517767839,ibojanova/BF,CWEBF/XML/cwec_v4.8.xml,8d4e38a22805fc9c70eab23fcc5d3ffc8b0ed096,CVE-2007-4238
517767839,ibojanova/BF,CWEBF/XML/cwec_v4.8.xml,8d4e38a22805fc9c70eab23fcc5d3ffc8b0ed096,CVE-2007-4217
517767839,ibojanova/BF,CWEBF/XML/cwec_v4.8.xml,8d4e38a22805fc9c70eab23fcc5d3ffc8b0ed096,CVE-2007-4150
517767839,ibojanova/BF,CWEBF/XML/cwec_v4.8.xml,8d4e38a22805fc9c70eab23fcc5d3ffc8b0ed096,CVE-2007-4103
517767839,ibojanova/BF,CWEBF/XML/cwec_v4.8.xml,8d4e38a22805fc9c70eab23fcc5d3ffc8b0ed096,CVE-2007-4072
517767839,ibojanova/BF,CWEBF/XML/cwec_v4.8.xml,8d4e38a22805fc9c70eab23fcc5d3ffc8b0ed096,CVE-2007-4000
517767839,ibojanova/BF,CWEBF/XML/cwec_v4.8.xml,8d4e38a22805fc9c70eab23fcc5d3ffc8b0ed096,CVE-2007-3970
517767839,ibojanova/BF,CWEBF/XML/cwec_v4.8.xml,8d4e38a22805fc9c70eab23fcc5d3ffc8b0ed096,CVE-2007-3931
517767839,ibojanova/BF,CWEBF/XML/cwec_v4.8.xml,8d4e38a22805fc9c70eab23fcc5d3ffc8b0ed096,CVE-2007-3798
517767839,ibojanova/BF,CWEBF/XML/cwec_v4.8.xml,8d4e38a22805fc9c70eab23fcc5d3ffc8b0ed096,CVE-2007-3749
517767839,ibojanova/BF,CWEBF/XML/cwec_v4.8.xml,8d4e38a22805fc9c70eab23fcc5d3ffc8b0ed096,CVE-2007-3730
517767839,ibojanova/BF,CWEBF/XML/cwec_v4.8.xml,8d4e38a22805fc9c70eab23fcc5d3ffc8b0ed096,CVE-2007-3572
517767839,ibojanova/BF,CWEBF/XML/cwec_v4.8.xml,8d4e38a22805fc9c70eab23fcc5d3ffc8b0ed096,CVE-2007-3528
517767839,ibojanova/BF,CWEBF/XML/cwec_v4.8.xml,8d4e38a22805fc9c70eab23fcc5d3ffc8b0ed096,CVE-2007-3468
517767839,ibojanova/BF,CWEBF/XML/cwec_v4.8.xml,8d4e38a22805fc9c70eab23fcc5d3ffc8b0ed096,CVE-2007-5159
517767839,ibojanova/BF,CWEBF/XML/cwec_v4.8.xml,8d4e38a22805fc9c70eab23fcc5d3ffc8b0ed096,CVE-2008-2252
517767839,ibojanova/BF,CWEBF/XML/cwec_v4.8.xml,8d4e38a22805fc9c70eab23fcc5d3ffc8b0ed096,CVE-2007-5172
517767839,ibojanova/BF,CWEBF/XML/cwec_v4.8.xml,8d4e38a22805fc9c70eab23fcc5d3ffc8b0ed096,CVE-2007-5277
517767839,ibojanova/BF,CWEBF/XML/cwec_v4.8.xml,8d4e38a22805fc9c70eab23fcc5d3ffc8b0ed096,CVE-2007-6755
517767839,ibojanova/BF,CWEBF/XML/cwec_v4.8.xml,8d4e38a22805fc9c70eab23fcc5d3ffc8b0ed096,CVE-2007-6652
517767839,ibojanova/BF,CWEBF/XML/cwec_v4.8.xml,8d4e38a22805fc9c70eab23fcc5d3ffc8b0ed096,CVE-2007-6644
517767839,ibojanova/BF,CWEBF/XML/cwec_v4.8.xml,8d4e38a22805fc9c70eab23fcc5d3ffc8b0ed096,CVE-2007-6602
517767839,ibojanova/BF,CWEBF/XML/cwec_v4.8.xml,8d4e38a22805fc9c70eab23fcc5d3ffc8b0ed096,CVE-2007-6599
517767839,ibojanova/BF,CWEBF/XML/cwec_v4.8.xml,8d4e38a22805fc9c70eab23fcc5d3ffc8b0ed096,CVE-2007-6479
517767839,ibojanova/BF,CWEBF/XML/cwec_v4.8.xml,8d4e38a22805fc9c70eab23fcc5d3ffc8b0ed096,CVE-2007-6382
517767839,ibojanova/BF,CWEBF/XML/cwec_v4.8.xml,8d4e38a22805fc9c70eab23fcc5d3ffc8b0ed096,CVE-2007-6243
517767839,ibojanova/BF,CWEBF/XML/cwec_v4.8.xml,8d4e38a22805fc9c70eab23fcc5d3ffc8b0ed096,CVE-2007-6197
517767839,ibojanova/BF,CWEBF/XML/cwec_v4.8.xml,8d4e38a22805fc9c70eab23fcc5d3ffc8b0ed096,CVE-2007-6180
517767839,ibojanova/BF,CWEBF/XML/cwec_v4.8.xml,8d4e38a22805fc9c70eab23fcc5d3ffc8b0ed096,CVE-2007-6067
517767839,ibojanova/BF,CWEBF/XML/cwec_v4.8.xml,8d4e38a22805fc9c70eab23fcc5d3ffc8b0ed096,CVE-2007-6033
517767839,ibojanova/BF,CWEBF/XML/cwec_v4.8.xml,8d4e38a22805fc9c70eab23fcc5d3ffc8b0ed096,CVE-2007-6013
517767839,ibojanova/BF,CWEBF/XML/cwec_v4.8.xml,8d4e38a22805fc9c70eab23fcc5d3ffc8b0ed096,CVE-2007-5893
517767839,ibojanova/BF,CWEBF/XML/cwec_v4.8.xml,8d4e38a22805fc9c70eab23fcc5d3ffc8b0ed096,CVE-2007-5794
517767839,ibojanova/BF,CWEBF/XML/cwec_v4.8.xml,8d4e38a22805fc9c70eab23fcc5d3ffc8b0ed096,CVE-2007-5778
517767839,ibojanova/BF,CWEBF/XML/cwec_v4.8.xml,8d4e38a22805fc9c70eab23fcc5d3ffc8b0ed096,CVE-2007-5756
517767839,ibojanova/BF,CWEBF/XML/cwec_v4.8.xml,8d4e38a22805fc9c70eab23fcc5d3ffc8b0ed096,CVE-2007-5741
517767839,ibojanova/BF,CWEBF/XML/cwec_v4.8.xml,8d4e38a22805fc9c70eab23fcc5d3ffc8b0ed096,CVE-2007-5727
517767839,ibojanova/BF,CWEBF/XML/cwec_v4.8.xml,8d4e38a22805fc9c70eab23fcc5d3ffc8b0ed096,CVE-2007-5657
517767839,ibojanova/BF,CWEBF/XML/cwec_v4.8.xml,8d4e38a22805fc9c70eab23fcc5d3ffc8b0ed096,CVE-2007-5655
517767839,ibojanova/BF,CWEBF/XML/cwec_v4.8.xml,8d4e38a22805fc9c70eab23fcc5d3ffc8b0ed096,CVE-2007-5626
517767839,ibojanova/BF,CWEBF/XML/cwec_v4.8.xml,8d4e38a22805fc9c70eab23fcc5d3ffc8b0ed096,CVE-2007-5578
517767839,ibojanova/BF,CWEBF/XML/cwec_v4.8.xml,8d4e38a22805fc9c70eab23fcc5d3ffc8b0ed096,CVE-2007-5544
517767839,ibojanova/BF,CWEBF/XML/cwec_v4.8.xml,8d4e38a22805fc9c70eab23fcc5d3ffc8b0ed096,CVE-2007-5460
517767839,ibojanova/BF,CWEBF/XML/cwec_v4.8.xml,8d4e38a22805fc9c70eab23fcc5d3ffc8b0ed096,CVE-2007-5191
517767839,ibojanova/BF,CWEBF/XML/cwec_v4.8.xml,8d4e38a22805fc9c70eab23fcc5d3ffc8b0ed096,CVE-2008-2309
517767839,ibojanova/BF,CWEBF/XML/cwec_v4.8.xml,8d4e38a22805fc9c70eab23fcc5d3ffc8b0ed096,CVE-2008-2369
517767839,ibojanova/BF,CWEBF/XML/cwec_v4.8.xml,8d4e38a22805fc9c70eab23fcc5d3ffc8b0ed096,CVE-2008-2374
517767839,ibojanova/BF,CWEBF/XML/cwec_v4.8.xml,8d4e38a22805fc9c70eab23fcc5d3ffc8b0ed096,CVE-2008-5734
517767839,ibojanova/BF,CWEBF/XML/cwec_v4.8.xml,8d4e38a22805fc9c70eab23fcc5d3ffc8b0ed096,CVE-2008-5724
517767839,ibojanova/BF,CWEBF/XML/cwec_v4.8.xml,8d4e38a22805fc9c70eab23fcc5d3ffc8b0ed096,CVE-2008-5642
517767839,ibojanova/BF,CWEBF/XML/cwec_v4.8.xml,8d4e38a22805fc9c70eab23fcc5d3ffc8b0ed096,CVE-2008-5573
517767839,ibojanova/BF,CWEBF/XML/cwec_v4.8.xml,8d4e38a22805fc9c70eab23fcc5d3ffc8b0ed096,CVE-2008-5563
517767839,ibojanova/BF,CWEBF/XML/cwec_v4.8.xml,8d4e38a22805fc9c70eab23fcc5d3ffc8b0ed096,CVE-2008-5410
517767839,ibojanova/BF,CWEBF/XML/cwec_v4.8.xml,8d4e38a22805fc9c70eab23fcc5d3ffc8b0ed096,CVE-2008-5397
517767839,ibojanova/BF,CWEBF/XML/cwec_v4.8.xml,8d4e38a22805fc9c70eab23fcc5d3ffc8b0ed096,CVE-2008-5305
517767839,ibojanova/BF,CWEBF/XML/cwec_v4.8.xml,8d4e38a22805fc9c70eab23fcc5d3ffc8b0ed096,CVE-2008-5285
517767839,ibojanova/BF,CWEBF/XML/cwec_v4.8.xml,8d4e38a22805fc9c70eab23fcc5d3ffc8b0ed096,CVE-2008-5249
517767839,ibojanova/BF,CWEBF/XML/cwec_v4.8.xml,8d4e38a22805fc9c70eab23fcc5d3ffc8b0ed096,CVE-2008-5183
517767839,ibojanova/BF,CWEBF/XML/cwec_v4.8.xml,8d4e38a22805fc9c70eab23fcc5d3ffc8b0ed096,CVE-2008-5180
517767839,ibojanova/BF,CWEBF/XML/cwec_v4.8.xml,8d4e38a22805fc9c70eab23fcc5d3ffc8b0ed096,CVE-2008-5162
517767839,ibojanova/BF,CWEBF/XML/cwec_v4.8.xml,8d4e38a22805fc9c70eab23fcc5d3ffc8b0ed096,CVE-2008-5125
517767839,ibojanova/BF,CWEBF/XML/cwec_v4.8.xml,8d4e38a22805fc9c70eab23fcc5d3ffc8b0ed096,CVE-2008-5080
517767839,ibojanova/BF,CWEBF/XML/cwec_v4.8.xml,8d4e38a22805fc9c70eab23fcc5d3ffc8b0ed096,CVE-2008-5071
517767839,ibojanova/BF,CWEBF/XML/cwec_v4.8.xml,8d4e38a22805fc9c70eab23fcc5d3ffc8b0ed096,CVE-2008-5065
517767839,ibojanova/BF,CWEBF/XML/cwec_v4.8.xml,8d4e38a22805fc9c70eab23fcc5d3ffc8b0ed096,CVE-2008-5044
517767839,ibojanova/BF,CWEBF/XML/cwec_v4.8.xml,8d4e38a22805fc9c70eab23fcc5d3ffc8b0ed096,CVE-2008-5038
517767839,ibojanova/BF,CWEBF/XML/cwec_v4.8.xml,8d4e38a22805fc9c70eab23fcc5d3ffc8b0ed096,CVE-2008-5027
517767839,ibojanova/BF,CWEBF/XML/cwec_v4.8.xml,8d4e38a22805fc9c70eab23fcc5d3ffc8b0ed096,CVE-2008-5021
517767839,ibojanova/BF,CWEBF/XML/cwec_v4.8.xml,8d4e38a22805fc9c70eab23fcc5d3ffc8b0ed096,CVE-2008-5013
517767839,ibojanova/BF,CWEBF/XML/cwec_v4.8.xml,8d4e38a22805fc9c70eab23fcc5d3ffc8b0ed096,CVE-2008-5005
517767839,ibojanova/BF,CWEBF/XML/cwec_v4.8.xml,8d4e38a22805fc9c70eab23fcc5d3ffc8b0ed096,CVE-2008-4989
517767839,ibojanova/BF,CWEBF/XML/cwec_v4.8.xml,8d4e38a22805fc9c70eab23fcc5d3ffc8b0ed096,CVE-2008-4929
517767839,ibojanova/BF,CWEBF/XML/cwec_v4.8.xml,8d4e38a22805fc9c70eab23fcc5d3ffc8b0ed096,CVE-2008-5738
517767839,ibojanova/BF,CWEBF/XML/cwec_v4.8.xml,8d4e38a22805fc9c70eab23fcc5d3ffc8b0ed096,CVE-2008-4905
517767839,ibojanova/BF,CWEBF/XML/cwec_v4.8.xml,8d4e38a22805fc9c70eab23fcc5d3ffc8b0ed096,CVE-2008-5748
517767839,ibojanova/BF,CWEBF/XML/cwec_v4.8.xml,8d4e38a22805fc9c70eab23fcc5d3ffc8b0ed096,CVE-2008-5770
517767839,ibojanova/BF,CWEBF/XML/cwec_v4.8.xml,8d4e38a22805fc9c70eab23fcc5d3ffc8b0ed096,CVE-2009-0265
517767839,ibojanova/BF,CWEBF/XML/cwec_v4.8.xml,8d4e38a22805fc9c70eab23fcc5d3ffc8b0ed096,CVE-2009-0255
517767839,ibojanova/BF,CWEBF/XML/cwec_v4.8.xml,8d4e38a22805fc9c70eab23fcc5d3ffc8b0ed096,CVE-2009-0244
517767839,ibojanova/BF,CWEBF/XML/cwec_v4.8.xml,8d4e38a22805fc9c70eab23fcc5d3ffc8b0ed096,CVE-2009-0231
517767839,ibojanova/BF,CWEBF/XML/cwec_v4.8.xml,8d4e38a22805fc9c70eab23fcc5d3ffc8b0ed096,CVE-2009-0191
517767839,ibojanova/BF,CWEBF/XML/cwec_v4.8.xml,8d4e38a22805fc9c70eab23fcc5d3ffc8b0ed096,CVE-2009-0161
517767839,ibojanova/BF,CWEBF/XML/cwec_v4.8.xml,8d4e38a22805fc9c70eab23fcc5d3ffc8b0ed096,CVE-2009-0152
517767839,ibojanova/BF,CWEBF/XML/cwec_v4.8.xml,8d4e38a22805fc9c70eab23fcc5d3ffc8b0ed096,CVE-2009-0141
517767839,ibojanova/BF,CWEBF/XML/cwec_v4.8.xml,8d4e38a22805fc9c70eab23fcc5d3ffc8b0ed096,CVE-2009-0124
517767839,ibojanova/BF,CWEBF/XML/cwec_v4.8.xml,8d4e38a22805fc9c70eab23fcc5d3ffc8b0ed096,CVE-2009-0115
517767839,ibojanova/BF,CWEBF/XML/cwec_v4.8.xml,8d4e38a22805fc9c70eab23fcc5d3ffc8b0ed096,CVE-2009-0040
517767839,ibojanova/BF,CWEBF/XML/cwec_v4.8.xml,8d4e38a22805fc9c70eab23fcc5d3ffc8b0ed096,CVE-2009-0037
517767839,ibojanova/BF,CWEBF/XML/cwec_v4.8.xml,8d4e38a22805fc9c70eab23fcc5d3ffc8b0ed096,CVE-2009-0034
517767839,ibojanova/BF,CWEBF/XML/cwec_v4.8.xml,8d4e38a22805fc9c70eab23fcc5d3ffc8b0ed096,CVE-2008-7310
517767839,ibojanova/BF,CWEBF/XML/cwec_v4.8.xml,8d4e38a22805fc9c70eab23fcc5d3ffc8b0ed096,CVE-2008-7109
517767839,ibojanova/BF,CWEBF/XML/cwec_v4.8.xml,8d4e38a22805fc9c70eab23fcc5d3ffc8b0ed096,CVE-2008-7096
517767839,ibojanova/BF,CWEBF/XML/cwec_v4.8.xml,8d4e38a22805fc9c70eab23fcc5d3ffc8b0ed096,CVE-2008-6828
517767839,ibojanova/BF,CWEBF/XML/cwec_v4.8.xml,8d4e38a22805fc9c70eab23fcc5d3ffc8b0ed096,CVE-2008-6827
517767839,ibojanova/BF,CWEBF/XML/cwec_v4.8.xml,8d4e38a22805fc9c70eab23fcc5d3ffc8b0ed096,CVE-2008-6548
517767839,ibojanova/BF,CWEBF/XML/cwec_v4.8.xml,8d4e38a22805fc9c70eab23fcc5d3ffc8b0ed096,CVE-2008-6393
517767839,ibojanova/BF,CWEBF/XML/cwec_v4.8.xml,8d4e38a22805fc9c70eab23fcc5d3ffc8b0ed096,CVE-2008-6291
517767839,ibojanova/BF,CWEBF/XML/cwec_v4.8.xml,8d4e38a22805fc9c70eab23fcc5d3ffc8b0ed096,CVE-2008-6157
517767839,ibojanova/BF,CWEBF/XML/cwec_v4.8.xml,8d4e38a22805fc9c70eab23fcc5d3ffc8b0ed096,CVE-2008-6123
517767839,ibojanova/BF,CWEBF/XML/cwec_v4.8.xml,8d4e38a22805fc9c70eab23fcc5d3ffc8b0ed096,CVE-2008-5817
517767839,ibojanova/BF,CWEBF/XML/cwec_v4.8.xml,8d4e38a22805fc9c70eab23fcc5d3ffc8b0ed096,CVE-2008-5784
517767839,ibojanova/BF,CWEBF/XML/cwec_v4.8.xml,8d4e38a22805fc9c70eab23fcc5d3ffc8b0ed096,CVE-2008-5764
517767839,ibojanova/BF,CWEBF/XML/cwec_v4.8.xml,8d4e38a22805fc9c70eab23fcc5d3ffc8b0ed096,CVE-2008-4822
517767839,ibojanova/BF,CWEBF/XML/cwec_v4.8.xml,8d4e38a22805fc9c70eab23fcc5d3ffc8b0ed096,CVE-2008-4796
517767839,ibojanova/BF,CWEBF/XML/cwec_v4.8.xml,8d4e38a22805fc9c70eab23fcc5d3ffc8b0ed096,CVE-2008-4752
517767839,ibojanova/BF,CWEBF/XML/cwec_v4.8.xml,8d4e38a22805fc9c70eab23fcc5d3ffc8b0ed096,CVE-2008-3494
517767839,ibojanova/BF,CWEBF/XML/cwec_v4.8.xml,8d4e38a22805fc9c70eab23fcc5d3ffc8b0ed096,CVE-2008-3485
517767839,ibojanova/BF,CWEBF/XML/cwec_v4.8.xml,8d4e38a22805fc9c70eab23fcc5d3ffc8b0ed096,CVE-2008-3477
517767839,ibojanova/BF,CWEBF/XML/cwec_v4.8.xml,8d4e38a22805fc9c70eab23fcc5d3ffc8b0ed096,CVE-2008-3475
517767839,ibojanova/BF,CWEBF/XML/cwec_v4.8.xml,8d4e38a22805fc9c70eab23fcc5d3ffc8b0ed096,CVE-2008-3464
517767839,ibojanova/BF,CWEBF/XML/cwec_v4.8.xml,8d4e38a22805fc9c70eab23fcc5d3ffc8b0ed096,CVE-2008-3438
517767839,ibojanova/BF,CWEBF/XML/cwec_v4.8.xml,8d4e38a22805fc9c70eab23fcc5d3ffc8b0ed096,CVE-2008-3424
517767839,ibojanova/BF,CWEBF/XML/cwec_v4.8.xml,8d4e38a22805fc9c70eab23fcc5d3ffc8b0ed096,CVE-2008-3324
517767839,ibojanova/BF,CWEBF/XML/cwec_v4.8.xml,8d4e38a22805fc9c70eab23fcc5d3ffc8b0ed096,CVE-2008-3289
517767839,ibojanova/BF,CWEBF/XML/cwec_v4.8.xml,8d4e38a22805fc9c70eab23fcc5d3ffc8b0ed096,CVE-2008-3282
517767839,ibojanova/BF,CWEBF/XML/cwec_v4.8.xml,8d4e38a22805fc9c70eab23fcc5d3ffc8b0ed096,CVE-2008-3281
517767839,ibojanova/BF,CWEBF/XML/cwec_v4.8.xml,8d4e38a22805fc9c70eab23fcc5d3ffc8b0ed096,CVE-2008-3188
517767839,ibojanova/BF,CWEBF/XML/cwec_v4.8.xml,8d4e38a22805fc9c70eab23fcc5d3ffc8b0ed096,CVE-2008-3177
517767839,ibojanova/BF,CWEBF/XML/cwec_v4.8.xml,8d4e38a22805fc9c70eab23fcc5d3ffc8b0ed096,CVE-2008-3174
517767839,ibojanova/BF,CWEBF/XML/cwec_v4.8.xml,8d4e38a22805fc9c70eab23fcc5d3ffc8b0ed096,CVE-2008-3060
517767839,ibojanova/BF,CWEBF/XML/cwec_v4.8.xml,8d4e38a22805fc9c70eab23fcc5d3ffc8b0ed096,CVE-2008-2958
517767839,ibojanova/BF,CWEBF/XML/cwec_v4.8.xml,8d4e38a22805fc9c70eab23fcc5d3ffc8b0ed096,CVE-2008-2951
517767839,ibojanova/BF,CWEBF/XML/cwec_v4.8.xml,8d4e38a22805fc9c70eab23fcc5d3ffc8b0ed096,CVE-2008-2934
517767839,ibojanova/BF,CWEBF/XML/cwec_v4.8.xml,8d4e38a22805fc9c70eab23fcc5d3ffc8b0ed096,CVE-2008-2790
517767839,ibojanova/BF,CWEBF/XML/cwec_v4.8.xml,8d4e38a22805fc9c70eab23fcc5d3ffc8b0ed096,CVE-2008-2785
517767839,ibojanova/BF,CWEBF/XML/cwec_v4.8.xml,8d4e38a22805fc9c70eab23fcc5d3ffc8b0ed096,CVE-2008-2613
517767839,ibojanova/BF,CWEBF/XML/cwec_v4.8.xml,8d4e38a22805fc9c70eab23fcc5d3ffc8b0ed096,CVE-2008-2575
517767839,ibojanova/BF,CWEBF/XML/cwec_v4.8.xml,8d4e38a22805fc9c70eab23fcc5d3ffc8b0ed096,CVE-2008-2516
517767839,ibojanova/BF,CWEBF/XML/cwec_v4.8.xml,8d4e38a22805fc9c70eab23fcc5d3ffc8b0ed096,CVE-2008-2433
517767839,ibojanova/BF,CWEBF/XML/cwec_v4.8.xml,8d4e38a22805fc9c70eab23fcc5d3ffc8b0ed096,CVE-2008-2380
517767839,ibojanova/BF,CWEBF/XML/cwec_v4.8.xml,8d4e38a22805fc9c70eab23fcc5d3ffc8b0ed096,CVE-2008-3525
517767839,ibojanova/BF,CWEBF/XML/cwec_v4.8.xml,8d4e38a22805fc9c70eab23fcc5d3ffc8b0ed096,CVE-2008-3571
517767839,ibojanova/BF,CWEBF/XML/cwec_v4.8.xml,8d4e38a22805fc9c70eab23fcc5d3ffc8b0ed096,CVE-2008-3597
517767839,ibojanova/BF,CWEBF/XML/cwec_v4.8.xml,8d4e38a22805fc9c70eab23fcc5d3ffc8b0ed096,CVE-2008-3612
517767839,ibojanova/BF,CWEBF/XML/cwec_v4.8.xml,8d4e38a22805fc9c70eab23fcc5d3ffc8b0ed096,CVE-2008-4730
517767839,ibojanova/BF,CWEBF/XML/cwec_v4.8.xml,8d4e38a22805fc9c70eab23fcc5d3ffc8b0ed096,CVE-2008-4679
517767839,ibojanova/BF,CWEBF/XML/cwec_v4.8.xml,8d4e38a22805fc9c70eab23fcc5d3ffc8b0ed096,CVE-2008-4638
517767839,ibojanova/BF,CWEBF/XML/cwec_v4.8.xml,8d4e38a22805fc9c70eab23fcc5d3ffc8b0ed096,CVE-2008-4636
517767839,ibojanova/BF,CWEBF/XML/cwec_v4.8.xml,8d4e38a22805fc9c70eab23fcc5d3ffc8b0ed096,CVE-2008-4577
517767839,ibojanova/BF,CWEBF/XML/cwec_v4.8.xml,8d4e38a22805fc9c70eab23fcc5d3ffc8b0ed096,CVE-2008-4558
517767839,ibojanova/BF,CWEBF/XML/cwec_v4.8.xml,8d4e38a22805fc9c70eab23fcc5d3ffc8b0ed096,CVE-2008-4390
517767839,ibojanova/BF,CWEBF/XML/cwec_v4.8.xml,8d4e38a22805fc9c70eab23fcc5d3ffc8b0ed096,CVE-2008-4315
517767839,ibojanova/BF,CWEBF/XML/cwec_v4.8.xml,8d4e38a22805fc9c70eab23fcc5d3ffc8b0ed096,CVE-2008-4304
517767839,ibojanova/BF,CWEBF/XML/cwec_v4.8.xml,8d4e38a22805fc9c70eab23fcc5d3ffc8b0ed096,CVE-2008-4302
517767839,ibojanova/BF,CWEBF/XML/cwec_v4.8.xml,8d4e38a22805fc9c70eab23fcc5d3ffc8b0ed096,CVE-2008-4197
517767839,ibojanova/BF,CWEBF/XML/cwec_v4.8.xml,8d4e38a22805fc9c70eab23fcc5d3ffc8b0ed096,CVE-2008-4122
517767839,ibojanova/BF,CWEBF/XML/cwec_v4.8.xml,8d4e38a22805fc9c70eab23fcc5d3ffc8b0ed096,CVE-2007-3409
517767839,ibojanova/BF,CWEBF/XML/cwec_v4.8.xml,8d4e38a22805fc9c70eab23fcc5d3ffc8b0ed096,CVE-2008-4114
517767839,ibojanova/BF,CWEBF/XML/cwec_v4.8.xml,8d4e38a22805fc9c70eab23fcc5d3ffc8b0ed096,CVE-2008-4109
517767839,ibojanova/BF,CWEBF/XML/cwec_v4.8.xml,8d4e38a22805fc9c70eab23fcc5d3ffc8b0ed096,CVE-2008-3843
517767839,ibojanova/BF,CWEBF/XML/cwec_v4.8.xml,8d4e38a22805fc9c70eab23fcc5d3ffc8b0ed096,CVE-2008-3831
517767839,ibojanova/BF,CWEBF/XML/cwec_v4.8.xml,8d4e38a22805fc9c70eab23fcc5d3ffc8b0ed096,CVE-2008-3812
517767839,ibojanova/BF,CWEBF/XML/cwec_v4.8.xml,8d4e38a22805fc9c70eab23fcc5d3ffc8b0ed096,CVE-2008-3775
517767839,ibojanova/BF,CWEBF/XML/cwec_v4.8.xml,8d4e38a22805fc9c70eab23fcc5d3ffc8b0ed096,CVE-2008-3773
517767839,ibojanova/BF,CWEBF/XML/cwec_v4.8.xml,8d4e38a22805fc9c70eab23fcc5d3ffc8b0ed096,CVE-2008-3688
517767839,ibojanova/BF,CWEBF/XML/cwec_v4.8.xml,8d4e38a22805fc9c70eab23fcc5d3ffc8b0ed096,CVE-2008-3680
517767839,ibojanova/BF,CWEBF/XML/cwec_v4.8.xml,8d4e38a22805fc9c70eab23fcc5d3ffc8b0ed096,CVE-2008-3663
517767839,ibojanova/BF,CWEBF/XML/cwec_v4.8.xml,8d4e38a22805fc9c70eab23fcc5d3ffc8b0ed096,CVE-2008-3662
517767839,ibojanova/BF,CWEBF/XML/cwec_v4.8.xml,8d4e38a22805fc9c70eab23fcc5d3ffc8b0ed096,CVE-2008-3660
517767839,ibojanova/BF,CWEBF/XML/cwec_v4.8.xml,8d4e38a22805fc9c70eab23fcc5d3ffc8b0ed096,CVE-2008-3637
517767839,ibojanova/BF,CWEBF/XML/cwec_v4.8.xml,8d4e38a22805fc9c70eab23fcc5d3ffc8b0ed096,CVE-2008-4113
517767839,ibojanova/BF,CWEBF/XML/cwec_v4.8.xml,8d4e38a22805fc9c70eab23fcc5d3ffc8b0ed096,CVE-2007-3365
517767839,ibojanova/BF,CWEBF/XML/cwec_v4.8.xml,8d4e38a22805fc9c70eab23fcc5d3ffc8b0ed096,CVE-2007-3268
517767839,ibojanova/BF,CWEBF/XML/cwec_v4.8.xml,8d4e38a22805fc9c70eab23fcc5d3ffc8b0ed096,CVE-2007-3260
517767839,ibojanova/BF,CWEBF/XML/cwec_v4.8.xml,8d4e38a22805fc9c70eab23fcc5d3ffc8b0ed096,CVE-2005-4155
517767839,ibojanova/BF,CWEBF/XML/cwec_v4.8.xml,8d4e38a22805fc9c70eab23fcc5d3ffc8b0ed096,CVE-2005-4080
517767839,ibojanova/BF,CWEBF/XML/cwec_v4.8.xml,8d4e38a22805fc9c70eab23fcc5d3ffc8b0ed096,CVE-2005-4051
517767839,ibojanova/BF,CWEBF/XML/cwec_v4.8.xml,8d4e38a22805fc9c70eab23fcc5d3ffc8b0ed096,CVE-2005-4002
517767839,ibojanova/BF,CWEBF/XML/cwec_v4.8.xml,8d4e38a22805fc9c70eab23fcc5d3ffc8b0ed096,CVE-2005-3847
517767839,ibojanova/BF,CWEBF/XML/cwec_v4.8.xml,8d4e38a22805fc9c70eab23fcc5d3ffc8b0ed096,CVE-2005-3803
517767839,ibojanova/BF,CWEBF/XML/cwec_v4.8.xml,8d4e38a22805fc9c70eab23fcc5d3ffc8b0ed096,CVE-2005-3716
517767839,ibojanova/BF,CWEBF/XML/cwec_v4.8.xml,8d4e38a22805fc9c70eab23fcc5d3ffc8b0ed096,CVE-2005-3623
517767839,ibojanova/BF,CWEBF/XML/cwec_v4.8.xml,8d4e38a22805fc9c70eab23fcc5d3ffc8b0ed096,CVE-2005-3435
517767839,ibojanova/BF,CWEBF/XML/cwec_v4.8.xml,8d4e38a22805fc9c70eab23fcc5d3ffc8b0ed096,CVE-2005-3420
517767839,ibojanova/BF,CWEBF/XML/cwec_v4.8.xml,8d4e38a22805fc9c70eab23fcc5d3ffc8b0ed096,CVE-2005-3335
517767839,ibojanova/BF,CWEBF/XML/cwec_v4.8.xml,8d4e38a22805fc9c70eab23fcc5d3ffc8b0ed096,CVE-2005-3327
517767839,ibojanova/BF,CWEBF/XML/cwec_v4.8.xml,8d4e38a22805fc9c70eab23fcc5d3ffc8b0ed096,CVE-2005-3310
517767839,ibojanova/BF,CWEBF/XML/cwec_v4.8.xml,8d4e38a22805fc9c70eab23fcc5d3ffc8b0ed096,CVE-2005-3302
517767839,ibojanova/BF,CWEBF/XML/cwec_v4.8.xml,8d4e38a22805fc9c70eab23fcc5d3ffc8b0ed096,CVE-2005-3296
517767839,ibojanova/BF,CWEBF/XML/cwec_v4.8.xml,8d4e38a22805fc9c70eab23fcc5d3ffc8b0ed096,CVE-2005-3293
517767839,ibojanova/BF,CWEBF/XML/cwec_v4.8.xml,8d4e38a22805fc9c70eab23fcc5d3ffc8b0ed096,CVE-2005-3288
517767839,ibojanova/BF,CWEBF/XML/cwec_v4.8.xml,8d4e38a22805fc9c70eab23fcc5d3ffc8b0ed096,CVE-2005-3287
517767839,ibojanova/BF,CWEBF/XML/cwec_v4.8.xml,8d4e38a22805fc9c70eab23fcc5d3ffc8b0ed096,CVE-2005-3286
517767839,ibojanova/BF,CWEBF/XML/cwec_v4.8.xml,8d4e38a22805fc9c70eab23fcc5d3ffc8b0ed096,CVE-2005-3276
517767839,ibojanova/BF,CWEBF/XML/cwec_v4.8.xml,8d4e38a22805fc9c70eab23fcc5d3ffc8b0ed096,CVE-2005-3274
517767839,ibojanova/BF,CWEBF/XML/cwec_v4.8.xml,8d4e38a22805fc9c70eab23fcc5d3ffc8b0ed096,CVE-2005-3265
517767839,ibojanova/BF,CWEBF/XML/cwec_v4.8.xml,8d4e38a22805fc9c70eab23fcc5d3ffc8b0ed096,CVE-2005-3184
517767839,ibojanova/BF,CWEBF/XML/cwec_v4.8.xml,8d4e38a22805fc9c70eab23fcc5d3ffc8b0ed096,CVE-2005-3181
517767839,ibojanova/BF,CWEBF/XML/cwec_v4.8.xml,8d4e38a22805fc9c70eab23fcc5d3ffc8b0ed096,CVE-2005-3180
517767839,ibojanova/BF,CWEBF/XML/cwec_v4.8.xml,8d4e38a22805fc9c70eab23fcc5d3ffc8b0ed096,CVE-2005-4206
517767839,ibojanova/BF,CWEBF/XML/cwec_v4.8.xml,8d4e38a22805fc9c70eab23fcc5d3ffc8b0ed096,CVE-2005-3177
517767839,ibojanova/BF,CWEBF/XML/cwec_v4.8.xml,8d4e38a22805fc9c70eab23fcc5d3ffc8b0ed096,CVE-2005-4260
517767839,ibojanova/BF,CWEBF/XML/cwec_v4.8.xml,8d4e38a22805fc9c70eab23fcc5d3ffc8b0ed096,CVE-2005-4650
517767839,ibojanova/BF,CWEBF/XML/cwec_v4.8.xml,8d4e38a22805fc9c70eab23fcc5d3ffc8b0ed096,CVE-2006-2480
517767839,ibojanova/BF,CWEBF/XML/cwec_v4.8.xml,8d4e38a22805fc9c70eab23fcc5d3ffc8b0ed096,CVE-2006-2428
517767839,ibojanova/BF,CWEBF/XML/cwec_v4.8.xml,8d4e38a22805fc9c70eab23fcc5d3ffc8b0ed096,CVE-2006-2374
517767839,ibojanova/BF,CWEBF/XML/cwec_v4.8.xml,8d4e38a22805fc9c70eab23fcc5d3ffc8b0ed096,CVE-2006-2373
517767839,ibojanova/BF,CWEBF/XML/cwec_v4.8.xml,8d4e38a22805fc9c70eab23fcc5d3ffc8b0ed096,CVE-2006-2312
517767839,ibojanova/BF,CWEBF/XML/cwec_v4.8.xml,8d4e38a22805fc9c70eab23fcc5d3ffc8b0ed096,CVE-2006-2275
517767839,ibojanova/BF,CWEBF/XML/cwec_v4.8.xml,8d4e38a22805fc9c70eab23fcc5d3ffc8b0ed096,CVE-2006-2114
517767839,ibojanova/BF,CWEBF/XML/cwec_v4.8.xml,8d4e38a22805fc9c70eab23fcc5d3ffc8b0ed096,CVE-2006-2059
517767839,ibojanova/BF,CWEBF/XML/cwec_v4.8.xml,8d4e38a22805fc9c70eab23fcc5d3ffc8b0ed096,CVE-2006-2058
517767839,ibojanova/BF,CWEBF/XML/cwec_v4.8.xml,8d4e38a22805fc9c70eab23fcc5d3ffc8b0ed096,CVE-2006-2057
517767839,ibojanova/BF,CWEBF/XML/cwec_v4.8.xml,8d4e38a22805fc9c70eab23fcc5d3ffc8b0ed096,CVE-2006-2056
517767839,ibojanova/BF,CWEBF/XML/cwec_v4.8.xml,8d4e38a22805fc9c70eab23fcc5d3ffc8b0ed096,CVE-2006-1902
517767839,ibojanova/BF,CWEBF/XML/cwec_v4.8.xml,8d4e38a22805fc9c70eab23fcc5d3ffc8b0ed096,CVE-2006-1895
517767839,ibojanova/BF,CWEBF/XML/cwec_v4.8.xml,8d4e38a22805fc9c70eab23fcc5d3ffc8b0ed096,CVE-2006-1865
517767839,ibojanova/BF,CWEBF/XML/cwec_v4.8.xml,8d4e38a22805fc9c70eab23fcc5d3ffc8b0ed096,CVE-2006-1834
517767839,ibojanova/BF,CWEBF/XML/cwec_v4.8.xml,8d4e38a22805fc9c70eab23fcc5d3ffc8b0ed096,CVE-2006-1173
517767839,ibojanova/BF,CWEBF/XML/cwec_v4.8.xml,8d4e38a22805fc9c70eab23fcc5d3ffc8b0ed096,CVE-2006-1126
517767839,ibojanova/BF,CWEBF/XML/cwec_v4.8.xml,8d4e38a22805fc9c70eab23fcc5d3ffc8b0ed096,CVE-2006-1058
517767839,ibojanova/BF,CWEBF/XML/cwec_v4.8.xml,8d4e38a22805fc9c70eab23fcc5d3ffc8b0ed096,CVE-2006-0963
517767839,ibojanova/BF,CWEBF/XML/cwec_v4.8.xml,8d4e38a22805fc9c70eab23fcc5d3ffc8b0ed096,CVE-2006-0230
517767839,ibojanova/BF,CWEBF/XML/cwec_v4.8.xml,8d4e38a22805fc9c70eab23fcc5d3ffc8b0ed096,CVE-2006-0054
517767839,ibojanova/BF,CWEBF/XML/cwec_v4.8.xml,8d4e38a22805fc9c70eab23fcc5d3ffc8b0ed096,CVE-2005-4900
517767839,ibojanova/BF,CWEBF/XML/cwec_v4.8.xml,8d4e38a22805fc9c70eab23fcc5d3ffc8b0ed096,CVE-2005-4868
517767839,ibojanova/BF,CWEBF/XML/cwec_v4.8.xml,8d4e38a22805fc9c70eab23fcc5d3ffc8b0ed096,CVE-2005-4860
517767839,ibojanova/BF,CWEBF/XML/cwec_v4.8.xml,8d4e38a22805fc9c70eab23fcc5d3ffc8b0ed096,CVE-2005-4699
517767839,ibojanova/BF,CWEBF/XML/cwec_v4.8.xml,8d4e38a22805fc9c70eab23fcc5d3ffc8b0ed096,CVE-2005-4509
517767839,ibojanova/BF,CWEBF/XML/cwec_v4.8.xml,8d4e38a22805fc9c70eab23fcc5d3ffc8b0ed096,CVE-2006-2555
517767839,ibojanova/BF,CWEBF/XML/cwec_v4.8.xml,8d4e38a22805fc9c70eab23fcc5d3ffc8b0ed096,CVE-2005-3170
517767839,ibojanova/BF,CWEBF/XML/cwec_v4.8.xml,8d4e38a22805fc9c70eab23fcc5d3ffc8b0ed096,CVE-2005-3148
517767839,ibojanova/BF,CWEBF/XML/cwec_v4.8.xml,8d4e38a22805fc9c70eab23fcc5d3ffc8b0ed096,CVE-2005-2298
517767839,ibojanova/BF,CWEBF/XML/cwec_v4.8.xml,8d4e38a22805fc9c70eab23fcc5d3ffc8b0ed096,CVE-2005-2293
517767839,ibojanova/BF,CWEBF/XML/cwec_v4.8.xml,8d4e38a22805fc9c70eab23fcc5d3ffc8b0ed096,CVE-2005-2291
517767839,ibojanova/BF,CWEBF/XML/cwec_v4.8.xml,8d4e38a22805fc9c70eab23fcc5d3ffc8b0ed096,CVE-2005-2281
517767839,ibojanova/BF,CWEBF/XML/cwec_v4.8.xml,8d4e38a22805fc9c70eab23fcc5d3ffc8b0ed096,CVE-2005-2276
517767839,ibojanova/BF,CWEBF/XML/cwec_v4.8.xml,8d4e38a22805fc9c70eab23fcc5d3ffc8b0ed096,CVE-2005-2274
517767839,ibojanova/BF,CWEBF/XML/cwec_v4.8.xml,8d4e38a22805fc9c70eab23fcc5d3ffc8b0ed096,CVE-2005-2273
517767839,ibojanova/BF,CWEBF/XML/cwec_v4.8.xml,8d4e38a22805fc9c70eab23fcc5d3ffc8b0ed096,CVE-2005-2272
517767839,ibojanova/BF,CWEBF/XML/cwec_v4.8.xml,8d4e38a22805fc9c70eab23fcc5d3ffc8b0ed096,CVE-2005-2271
517767839,ibojanova/BF,CWEBF/XML/cwec_v4.8.xml,8d4e38a22805fc9c70eab23fcc5d3ffc8b0ed096,CVE-2005-2263
517767839,ibojanova/BF,CWEBF/XML/cwec_v4.8.xml,8d4e38a22805fc9c70eab23fcc5d3ffc8b0ed096,CVE-2005-2260
517767839,ibojanova/BF,CWEBF/XML/cwec_v4.8.xml,8d4e38a22805fc9c70eab23fcc5d3ffc8b0ed096,CVE-2005-2256
517767839,ibojanova/BF,CWEBF/XML/cwec_v4.8.xml,8d4e38a22805fc9c70eab23fcc5d3ffc8b0ed096,CVE-2005-2227
517767839,ibojanova/BF,CWEBF/XML/cwec_v4.8.xml,8d4e38a22805fc9c70eab23fcc5d3ffc8b0ed096,CVE-2005-2225
517767839,ibojanova/BF,CWEBF/XML/cwec_v4.8.xml,8d4e38a22805fc9c70eab23fcc5d3ffc8b0ed096,CVE-2005-2217
517767839,ibojanova/BF,CWEBF/XML/cwec_v4.8.xml,8d4e38a22805fc9c70eab23fcc5d3ffc8b0ed096,CVE-2005-2209
517767839,ibojanova/BF,CWEBF/XML/cwec_v4.8.xml,8d4e38a22805fc9c70eab23fcc5d3ffc8b0ed096,CVE-2005-2198
517767839,ibojanova/BF,CWEBF/XML/cwec_v4.8.xml,8d4e38a22805fc9c70eab23fcc5d3ffc8b0ed096,CVE-2005-2195
517767839,ibojanova/BF,CWEBF/XML/cwec_v4.8.xml,8d4e38a22805fc9c70eab23fcc5d3ffc8b0ed096,CVE-2005-2193
517767839,ibojanova/BF,CWEBF/XML/cwec_v4.8.xml,8d4e38a22805fc9c70eab23fcc5d3ffc8b0ed096,CVE-2005-2188
517767839,ibojanova/BF,CWEBF/XML/cwec_v4.8.xml,8d4e38a22805fc9c70eab23fcc5d3ffc8b0ed096,CVE-2005-2184
517767839,ibojanova/BF,CWEBF/XML/cwec_v4.8.xml,8d4e38a22805fc9c70eab23fcc5d3ffc8b0ed096,CVE-2005-2182
517767839,ibojanova/BF,CWEBF/XML/cwec_v4.8.xml,8d4e38a22805fc9c70eab23fcc5d3ffc8b0ed096,CVE-2005-2181
517767839,ibojanova/BF,CWEBF/XML/cwec_v4.8.xml,8d4e38a22805fc9c70eab23fcc5d3ffc8b0ed096,CVE-2005-2174
517767839,ibojanova/BF,CWEBF/XML/cwec_v4.8.xml,8d4e38a22805fc9c70eab23fcc5d3ffc8b0ed096,CVE-2005-2173
517767839,ibojanova/BF,CWEBF/XML/cwec_v4.8.xml,8d4e38a22805fc9c70eab23fcc5d3ffc8b0ed096,CVE-2005-2301
517767839,ibojanova/BF,CWEBF/XML/cwec_v4.8.xml,8d4e38a22805fc9c70eab23fcc5d3ffc8b0ed096,CVE-2005-3153
517767839,ibojanova/BF,CWEBF/XML/cwec_v4.8.xml,8d4e38a22805fc9c70eab23fcc5d3ffc8b0ed096,CVE-2005-2314
517767839,ibojanova/BF,CWEBF/XML/cwec_v4.8.xml,8d4e38a22805fc9c70eab23fcc5d3ffc8b0ed096,CVE-2005-2456
517767839,ibojanova/BF,CWEBF/XML/cwec_v4.8.xml,8d4e38a22805fc9c70eab23fcc5d3ffc8b0ed096,CVE-2005-3140
517767839,ibojanova/BF,CWEBF/XML/cwec_v4.8.xml,8d4e38a22805fc9c70eab23fcc5d3ffc8b0ed096,CVE-2005-3123
517767839,ibojanova/BF,CWEBF/XML/cwec_v4.8.xml,8d4e38a22805fc9c70eab23fcc5d3ffc8b0ed096,CVE-2005-3120
517767839,ibojanova/BF,CWEBF/XML/cwec_v4.8.xml,8d4e38a22805fc9c70eab23fcc5d3ffc8b0ed096,CVE-2005-3119
517767839,ibojanova/BF,CWEBF/XML/cwec_v4.8.xml,8d4e38a22805fc9c70eab23fcc5d3ffc8b0ed096,CVE-2005-3106
517767839,ibojanova/BF,CWEBF/XML/cwec_v4.8.xml,8d4e38a22805fc9c70eab23fcc5d3ffc8b0ed096,CVE-2005-2978
517767839,ibojanova/BF,CWEBF/XML/cwec_v4.8.xml,8d4e38a22805fc9c70eab23fcc5d3ffc8b0ed096,CVE-2005-2969
517767839,ibojanova/BF,CWEBF/XML/cwec_v4.8.xml,8d4e38a22805fc9c70eab23fcc5d3ffc8b0ed096,CVE-2005-2959
517767839,ibojanova/BF,CWEBF/XML/cwec_v4.8.xml,8d4e38a22805fc9c70eab23fcc5d3ffc8b0ed096,CVE-2005-2946
517767839,ibojanova/BF,CWEBF/XML/cwec_v4.8.xml,8d4e38a22805fc9c70eab23fcc5d3ffc8b0ed096,CVE-2005-2938
517767839,ibojanova/BF,CWEBF/XML/cwec_v4.8.xml,8d4e38a22805fc9c70eab23fcc5d3ffc8b0ed096,CVE-2005-2933
517767839,ibojanova/BF,CWEBF/XML/cwec_v4.8.xml,8d4e38a22805fc9c70eab23fcc5d3ffc8b0ed096,CVE-2005-2875
517767839,ibojanova/BF,CWEBF/XML/cwec_v4.8.xml,8d4e38a22805fc9c70eab23fcc5d3ffc8b0ed096,CVE-2005-2837
517767839,ibojanova/BF,CWEBF/XML/cwec_v4.8.xml,8d4e38a22805fc9c70eab23fcc5d3ffc8b0ed096,CVE-2005-2801
517767839,ibojanova/BF,CWEBF/XML/cwec_v4.8.xml,8d4e38a22805fc9c70eab23fcc5d3ffc8b0ed096,CVE-2005-2782
517767839,ibojanova/BF,CWEBF/XML/cwec_v4.8.xml,8d4e38a22805fc9c70eab23fcc5d3ffc8b0ed096,CVE-2005-2753
517767839,ibojanova/BF,CWEBF/XML/cwec_v4.8.xml,8d4e38a22805fc9c70eab23fcc5d3ffc8b0ed096,CVE-2005-2741
517767839,ibojanova/BF,CWEBF/XML/cwec_v4.8.xml,8d4e38a22805fc9c70eab23fcc5d3ffc8b0ed096,CVE-2005-2553
517767839,ibojanova/BF,CWEBF/XML/cwec_v4.8.xml,8d4e38a22805fc9c70eab23fcc5d3ffc8b0ed096,CVE-2005-2548
517767839,ibojanova/BF,CWEBF/XML/cwec_v4.8.xml,8d4e38a22805fc9c70eab23fcc5d3ffc8b0ed096,CVE-2005-2526
517767839,ibojanova/BF,CWEBF/XML/cwec_v4.8.xml,8d4e38a22805fc9c70eab23fcc5d3ffc8b0ed096,CVE-2005-2506
517767839,ibojanova/BF,CWEBF/XML/cwec_v4.8.xml,8d4e38a22805fc9c70eab23fcc5d3ffc8b0ed096,CVE-2005-2498
517767839,ibojanova/BF,CWEBF/XML/cwec_v4.8.xml,8d4e38a22805fc9c70eab23fcc5d3ffc8b0ed096,CVE-2005-2496
517767839,ibojanova/BF,CWEBF/XML/cwec_v4.8.xml,8d4e38a22805fc9c70eab23fcc5d3ffc8b0ed096,CVE-2005-2475
517767839,ibojanova/BF,CWEBF/XML/cwec_v4.8.xml,8d4e38a22805fc9c70eab23fcc5d3ffc8b0ed096,CVE-2005-2459
517767839,ibojanova/BF,CWEBF/XML/cwec_v4.8.xml,8d4e38a22805fc9c70eab23fcc5d3ffc8b0ed096,CVE-2005-2428
517767839,ibojanova/BF,CWEBF/XML/cwec_v4.8.xml,8d4e38a22805fc9c70eab23fcc5d3ffc8b0ed096,CVE-2009-0269
517767839,ibojanova/BF,CWEBF/XML/cwec_v4.8.xml,8d4e38a22805fc9c70eab23fcc5d3ffc8b0ed096,CVE-2006-2828
517767839,ibojanova/BF,CWEBF/XML/cwec_v4.8.xml,8d4e38a22805fc9c70eab23fcc5d3ffc8b0ed096,CVE-2006-2908
517767839,ibojanova/BF,CWEBF/XML/cwec_v4.8.xml,8d4e38a22805fc9c70eab23fcc5d3ffc8b0ed096,CVE-2007-1099
517767839,ibojanova/BF,CWEBF/XML/cwec_v4.8.xml,8d4e38a22805fc9c70eab23fcc5d3ffc8b0ed096,CVE-2007-0897
517767839,ibojanova/BF,CWEBF/XML/cwec_v4.8.xml,8d4e38a22805fc9c70eab23fcc5d3ffc8b0ed096,CVE-2007-0886
517767839,ibojanova/BF,CWEBF/XML/cwec_v4.8.xml,8d4e38a22805fc9c70eab23fcc5d3ffc8b0ed096,CVE-2007-0882
517767839,ibojanova/BF,CWEBF/XML/cwec_v4.8.xml,8d4e38a22805fc9c70eab23fcc5d3ffc8b0ed096,CVE-2007-0708
517767839,ibojanova/BF,CWEBF/XML/cwec_v4.8.xml,8d4e38a22805fc9c70eab23fcc5d3ffc8b0ed096,CVE-2007-0681
517767839,ibojanova/BF,CWEBF/XML/cwec_v4.8.xml,8d4e38a22805fc9c70eab23fcc5d3ffc8b0ed096,CVE-2007-0649
517767839,ibojanova/BF,CWEBF/XML/cwec_v4.8.xml,8d4e38a22805fc9c70eab23fcc5d3ffc8b0ed096,CVE-2007-0617
517767839,ibojanova/BF,CWEBF/XML/cwec_v4.8.xml,8d4e38a22805fc9c70eab23fcc5d3ffc8b0ed096,CVE-2007-0421
517767839,ibojanova/BF,CWEBF/XML/cwec_v4.8.xml,8d4e38a22805fc9c70eab23fcc5d3ffc8b0ed096,CVE-2007-0408
517767839,ibojanova/BF,CWEBF/XML/cwec_v4.8.xml,8d4e38a22805fc9c70eab23fcc5d3ffc8b0ed096,CVE-2007-0321
517767839,ibojanova/BF,CWEBF/XML/cwec_v4.8.xml,8d4e38a22805fc9c70eab23fcc5d3ffc8b0ed096,CVE-2007-0219
517767839,ibojanova/BF,CWEBF/XML/cwec_v4.8.xml,8d4e38a22805fc9c70eab23fcc5d3ffc8b0ed096,CVE-2007-0164
517767839,ibojanova/BF,CWEBF/XML/cwec_v4.8.xml,8d4e38a22805fc9c70eab23fcc5d3ffc8b0ed096,CVE-2007-0163
517767839,ibojanova/BF,CWEBF/XML/cwec_v4.8.xml,8d4e38a22805fc9c70eab23fcc5d3ffc8b0ed096,CVE-2007-0100
517767839,ibojanova/BF,CWEBF/XML/cwec_v4.8.xml,8d4e38a22805fc9c70eab23fcc5d3ffc8b0ed096,CVE-2006-7191
517767839,ibojanova/BF,CWEBF/XML/cwec_v4.8.xml,8d4e38a22805fc9c70eab23fcc5d3ffc8b0ed096,CVE-2006-7160
517767839,ibojanova/BF,CWEBF/XML/cwec_v4.8.xml,8d4e38a22805fc9c70eab23fcc5d3ffc8b0ed096,CVE-2006-7142
517767839,ibojanova/BF,CWEBF/XML/cwec_v4.8.xml,8d4e38a22805fc9c70eab23fcc5d3ffc8b0ed096,CVE-2006-7140
517767839,ibojanova/BF,CWEBF/XML/cwec_v4.8.xml,8d4e38a22805fc9c70eab23fcc5d3ffc8b0ed096,CVE-2006-7135
517767839,ibojanova/BF,CWEBF/XML/cwec_v4.8.xml,8d4e38a22805fc9c70eab23fcc5d3ffc8b0ed096,CVE-2006-7079
517767839,ibojanova/BF,CWEBF/XML/cwec_v4.8.xml,8d4e38a22805fc9c70eab23fcc5d3ffc8b0ed096,CVE-2006-7049
517767839,ibojanova/BF,CWEBF/XML/cwec_v4.8.xml,8d4e38a22805fc9c70eab23fcc5d3ffc8b0ed096,CVE-2006-6994
517767839,ibojanova/BF,CWEBF/XML/cwec_v4.8.xml,8d4e38a22805fc9c70eab23fcc5d3ffc8b0ed096,CVE-2006-6931
517767839,ibojanova/BF,CWEBF/XML/cwec_v4.8.xml,8d4e38a22805fc9c70eab23fcc5d3ffc8b0ed096,CVE-2006-6870
517767839,ibojanova/BF,CWEBF/XML/cwec_v4.8.xml,8d4e38a22805fc9c70eab23fcc5d3ffc8b0ed096,CVE-2007-1112
517767839,ibojanova/BF,CWEBF/XML/cwec_v4.8.xml,8d4e38a22805fc9c70eab23fcc5d3ffc8b0ed096,CVE-2006-6838
517767839,ibojanova/BF,CWEBF/XML/cwec_v4.8.xml,8d4e38a22805fc9c70eab23fcc5d3ffc8b0ed096,CVE-2007-1120
517767839,ibojanova/BF,CWEBF/XML/cwec_v4.8.xml,8d4e38a22805fc9c70eab23fcc5d3ffc8b0ed096,CVE-2007-1213
517767839,ibojanova/BF,CWEBF/XML/cwec_v4.8.xml,8d4e38a22805fc9c70eab23fcc5d3ffc8b0ed096,CVE-2007-3012
517767839,ibojanova/BF,CWEBF/XML/cwec_v4.8.xml,8d4e38a22805fc9c70eab23fcc5d3ffc8b0ed096,CVE-2007-2925
517767839,ibojanova/BF,CWEBF/XML/cwec_v4.8.xml,8d4e38a22805fc9c70eab23fcc5d3ffc8b0ed096,CVE-2007-2728
517767839,ibojanova/BF,CWEBF/XML/cwec_v4.8.xml,8d4e38a22805fc9c70eab23fcc5d3ffc8b0ed096,CVE-2007-2723
517767839,ibojanova/BF,CWEBF/XML/cwec_v4.8.xml,8d4e38a22805fc9c70eab23fcc5d3ffc8b0ed096,CVE-2007-2713
517767839,ibojanova/BF,CWEBF/XML/cwec_v4.8.xml,8d4e38a22805fc9c70eab23fcc5d3ffc8b0ed096,CVE-2007-2500
517767839,ibojanova/BF,CWEBF/XML/cwec_v4.8.xml,8d4e38a22805fc9c70eab23fcc5d3ffc8b0ed096,CVE-2007-2442
517767839,ibojanova/BF,CWEBF/XML/cwec_v4.8.xml,8d4e38a22805fc9c70eab23fcc5d3ffc8b0ed096,CVE-2007-2431
517767839,ibojanova/BF,CWEBF/XML/cwec_v4.8.xml,8d4e38a22805fc9c70eab23fcc5d3ffc8b0ed096,CVE-2007-2237
517767839,ibojanova/BF,CWEBF/XML/cwec_v4.8.xml,8d4e38a22805fc9c70eab23fcc5d3ffc8b0ed096,CVE-2007-2027
517767839,ibojanova/BF,CWEBF/XML/cwec_v4.8.xml,8d4e38a22805fc9c70eab23fcc5d3ffc8b0ed096,CVE-2007-1716
517767839,ibojanova/BF,CWEBF/XML/cwec_v4.8.xml,8d4e38a22805fc9c70eab23fcc5d3ffc8b0ed096,CVE-2007-1700
517767839,ibojanova/BF,CWEBF/XML/cwec_v4.8.xml,8d4e38a22805fc9c70eab23fcc5d3ffc8b0ed096,CVE-2007-1588
517767839,ibojanova/BF,CWEBF/XML/cwec_v4.8.xml,8d4e38a22805fc9c70eab23fcc5d3ffc8b0ed096,CVE-2007-1584
517767839,ibojanova/BF,CWEBF/XML/cwec_v4.8.xml,8d4e38a22805fc9c70eab23fcc5d3ffc8b0ed096,CVE-2007-1552
517767839,ibojanova/BF,CWEBF/XML/cwec_v4.8.xml,8d4e38a22805fc9c70eab23fcc5d3ffc8b0ed096,CVE-2007-1470
517767839,ibojanova/BF,CWEBF/XML/cwec_v4.8.xml,8d4e38a22805fc9c70eab23fcc5d3ffc8b0ed096,CVE-2007-1409
517767839,ibojanova/BF,CWEBF/XML/cwec_v4.8.xml,8d4e38a22805fc9c70eab23fcc5d3ffc8b0ed096,CVE-2007-1400
517767839,ibojanova/BF,CWEBF/XML/cwec_v4.8.xml,8d4e38a22805fc9c70eab23fcc5d3ffc8b0ed096,CVE-2007-1383
517767839,ibojanova/BF,CWEBF/XML/cwec_v4.8.xml,8d4e38a22805fc9c70eab23fcc5d3ffc8b0ed096,CVE-2007-1376
517767839,ibojanova/BF,CWEBF/XML/cwec_v4.8.xml,8d4e38a22805fc9c70eab23fcc5d3ffc8b0ed096,CVE-2007-1343
517767839,ibojanova/BF,CWEBF/XML/cwec_v4.8.xml,8d4e38a22805fc9c70eab23fcc5d3ffc8b0ed096,CVE-2007-1285
517767839,ibojanova/BF,CWEBF/XML/cwec_v4.8.xml,8d4e38a22805fc9c70eab23fcc5d3ffc8b0ed096,CVE-2007-1253
517767839,ibojanova/BF,CWEBF/XML/cwec_v4.8.xml,8d4e38a22805fc9c70eab23fcc5d3ffc8b0ed096,CVE-2007-1225
517767839,ibojanova/BF,CWEBF/XML/cwec_v4.8.xml,8d4e38a22805fc9c70eab23fcc5d3ffc8b0ed096,CVE-2007-1220
517767839,ibojanova/BF,CWEBF/XML/cwec_v4.8.xml,8d4e38a22805fc9c70eab23fcc5d3ffc8b0ed096,CVE-2007-1211
517767839,ibojanova/BF,CWEBF/XML/cwec_v4.8.xml,8d4e38a22805fc9c70eab23fcc5d3ffc8b0ed096,CVE-2006-2878
517767839,ibojanova/BF,CWEBF/XML/cwec_v4.8.xml,8d4e38a22805fc9c70eab23fcc5d3ffc8b0ed096,CVE-2006-6811
517767839,ibojanova/BF,CWEBF/XML/cwec_v4.8.xml,8d4e38a22805fc9c70eab23fcc5d3ffc8b0ed096,CVE-2006-6679
517767839,ibojanova/BF,CWEBF/XML/cwec_v4.8.xml,8d4e38a22805fc9c70eab23fcc5d3ffc8b0ed096,CVE-2006-4434
517767839,ibojanova/BF,CWEBF/XML/cwec_v4.8.xml,8d4e38a22805fc9c70eab23fcc5d3ffc8b0ed096,CVE-2006-4410
517767839,ibojanova/BF,CWEBF/XML/cwec_v4.8.xml,8d4e38a22805fc9c70eab23fcc5d3ffc8b0ed096,CVE-2006-4409
517767839,ibojanova/BF,CWEBF/XML/cwec_v4.8.xml,8d4e38a22805fc9c70eab23fcc5d3ffc8b0ed096,CVE-2006-4407
517767839,ibojanova/BF,CWEBF/XML/cwec_v4.8.xml,8d4e38a22805fc9c70eab23fcc5d3ffc8b0ed096,CVE-2006-4342
517767839,ibojanova/BF,CWEBF/XML/cwec_v4.8.xml,8d4e38a22805fc9c70eab23fcc5d3ffc8b0ed096,CVE-2006-4339
517767839,ibojanova/BF,CWEBF/XML/cwec_v4.8.xml,8d4e38a22805fc9c70eab23fcc5d3ffc8b0ed096,CVE-2006-4308
517767839,ibojanova/BF,CWEBF/XML/cwec_v4.8.xml,8d4e38a22805fc9c70eab23fcc5d3ffc8b0ed096,CVE-2006-4302
517767839,ibojanova/BF,CWEBF/XML/cwec_v4.8.xml,8d4e38a22805fc9c70eab23fcc5d3ffc8b0ed096,CVE-2006-4175
517767839,ibojanova/BF,CWEBF/XML/cwec_v4.8.xml,8d4e38a22805fc9c70eab23fcc5d3ffc8b0ed096,CVE-2006-4095
517767839,ibojanova/BF,CWEBF/XML/cwec_v4.8.xml,8d4e38a22805fc9c70eab23fcc5d3ffc8b0ed096,CVE-2006-4068
517767839,ibojanova/BF,CWEBF/XML/cwec_v4.8.xml,8d4e38a22805fc9c70eab23fcc5d3ffc8b0ed096,CVE-2006-4024
517767839,ibojanova/BF,CWEBF/XML/cwec_v4.8.xml,8d4e38a22805fc9c70eab23fcc5d3ffc8b0ed096,CVE-2006-4019
517767839,ibojanova/BF,CWEBF/XML/cwec_v4.8.xml,8d4e38a22805fc9c70eab23fcc5d3ffc8b0ed096,CVE-2006-3918
517767839,ibojanova/BF,CWEBF/XML/cwec_v4.8.xml,8d4e38a22805fc9c70eab23fcc5d3ffc8b0ed096,CVE-2006-3791
517767839,ibojanova/BF,CWEBF/XML/cwec_v4.8.xml,8d4e38a22805fc9c70eab23fcc5d3ffc8b0ed096,CVE-2006-3790
517767839,ibojanova/BF,CWEBF/XML/cwec_v4.8.xml,8d4e38a22805fc9c70eab23fcc5d3ffc8b0ed096,CVE-2006-3741
517767839,ibojanova/BF,CWEBF/XML/cwec_v4.8.xml,8d4e38a22805fc9c70eab23fcc5d3ffc8b0ed096,CVE-2006-3617
517767839,ibojanova/BF,CWEBF/XML/cwec_v4.8.xml,8d4e38a22805fc9c70eab23fcc5d3ffc8b0ed096,CVE-2006-3568
517767839,ibojanova/BF,CWEBF/XML/cwec_v4.8.xml,8d4e38a22805fc9c70eab23fcc5d3ffc8b0ed096,CVE-2006-3380
517767839,ibojanova/BF,CWEBF/XML/cwec_v4.8.xml,8d4e38a22805fc9c70eab23fcc5d3ffc8b0ed096,CVE-2006-3379
517767839,ibojanova/BF,CWEBF/XML/cwec_v4.8.xml,8d4e38a22805fc9c70eab23fcc5d3ffc8b0ed096,CVE-2006-3295
517767839,ibojanova/BF,CWEBF/XML/cwec_v4.8.xml,8d4e38a22805fc9c70eab23fcc5d3ffc8b0ed096,CVE-2006-3211
517767839,ibojanova/BF,CWEBF/XML/cwec_v4.8.xml,8d4e38a22805fc9c70eab23fcc5d3ffc8b0ed096,CVE-2006-3015
517767839,ibojanova/BF,CWEBF/XML/cwec_v4.8.xml,8d4e38a22805fc9c70eab23fcc5d3ffc8b0ed096,CVE-2006-2916
517767839,ibojanova/BF,CWEBF/XML/cwec_v4.8.xml,8d4e38a22805fc9c70eab23fcc5d3ffc8b0ed096,CVE-2006-4447
517767839,ibojanova/BF,CWEBF/XML/cwec_v4.8.xml,8d4e38a22805fc9c70eab23fcc5d3ffc8b0ed096,CVE-2006-6767
517767839,ibojanova/BF,CWEBF/XML/cwec_v4.8.xml,8d4e38a22805fc9c70eab23fcc5d3ffc8b0ed096,CVE-2006-4527
517767839,ibojanova/BF,CWEBF/XML/cwec_v4.8.xml,8d4e38a22805fc9c70eab23fcc5d3ffc8b0ed096,CVE-2006-4558
517767839,ibojanova/BF,CWEBF/XML/cwec_v4.8.xml,8d4e38a22805fc9c70eab23fcc5d3ffc8b0ed096,CVE-2006-6661
517767839,ibojanova/BF,CWEBF/XML/cwec_v4.8.xml,8d4e38a22805fc9c70eab23fcc5d3ffc8b0ed096,CVE-2006-6658
517767839,ibojanova/BF,CWEBF/XML/cwec_v4.8.xml,8d4e38a22805fc9c70eab23fcc5d3ffc8b0ed096,CVE-2006-6629
517767839,ibojanova/BF,CWEBF/XML/cwec_v4.8.xml,8d4e38a22805fc9c70eab23fcc5d3ffc8b0ed096,CVE-2006-6597
517767839,ibojanova/BF,CWEBF/XML/cwec_v4.8.xml,8d4e38a22805fc9c70eab23fcc5d3ffc8b0ed096,CVE-2006-6588
517767839,ibojanova/BF,CWEBF/XML/cwec_v4.8.xml,8d4e38a22805fc9c70eab23fcc5d3ffc8b0ed096,CVE-2006-6511
517767839,ibojanova/BF,CWEBF/XML/cwec_v4.8.xml,8d4e38a22805fc9c70eab23fcc5d3ffc8b0ed096,CVE-2006-6510
517767839,ibojanova/BF,CWEBF/XML/cwec_v4.8.xml,8d4e38a22805fc9c70eab23fcc5d3ffc8b0ed096,CVE-2006-6499
517767839,ibojanova/BF,CWEBF/XML/cwec_v4.8.xml,8d4e38a22805fc9c70eab23fcc5d3ffc8b0ed096,CVE-2006-6276
517767839,ibojanova/BF,CWEBF/XML/cwec_v4.8.xml,8d4e38a22805fc9c70eab23fcc5d3ffc8b0ed096,CVE-2006-6227
517767839,ibojanova/BF,CWEBF/XML/cwec_v4.8.xml,8d4e38a22805fc9c70eab23fcc5d3ffc8b0ed096,CVE-2006-6171
517767839,ibojanova/BF,CWEBF/XML/cwec_v4.8.xml,8d4e38a22805fc9c70eab23fcc5d3ffc8b0ed096,CVE-2006-6143
517767839,ibojanova/BF,CWEBF/XML/cwec_v4.8.xml,8d4e38a22805fc9c70eab23fcc5d3ffc8b0ed096,CVE-2006-5779
517767839,ibojanova/BF,CWEBF/XML/cwec_v4.8.xml,8d4e38a22805fc9c70eab23fcc5d3ffc8b0ed096,CVE-2006-5525
517767839,ibojanova/BF,CWEBF/XML/cwec_v4.8.xml,8d4e38a22805fc9c70eab23fcc5d3ffc8b0ed096,CVE-2006-5462
517767839,ibojanova/BF,CWEBF/XML/cwec_v4.8.xml,8d4e38a22805fc9c70eab23fcc5d3ffc8b0ed096,CVE-2006-5397
517767839,ibojanova/BF,CWEBF/XML/cwec_v4.8.xml,8d4e38a22805fc9c70eab23fcc5d3ffc8b0ed096,CVE-2006-5214
517767839,ibojanova/BF,CWEBF/XML/cwec_v4.8.xml,8d4e38a22805fc9c70eab23fcc5d3ffc8b0ed096,CVE-2006-5158
517767839,ibojanova/BF,CWEBF/XML/cwec_v4.8.xml,8d4e38a22805fc9c70eab23fcc5d3ffc8b0ed096,CVE-2006-5051
517767839,ibojanova/BF,CWEBF/XML/cwec_v4.8.xml,8d4e38a22805fc9c70eab23fcc5d3ffc8b0ed096,CVE-2006-4997
517767839,ibojanova/BF,CWEBF/XML/cwec_v4.8.xml,8d4e38a22805fc9c70eab23fcc5d3ffc8b0ed096,CVE-2006-4926
517767839,ibojanova/BF,CWEBF/XML/cwec_v4.8.xml,8d4e38a22805fc9c70eab23fcc5d3ffc8b0ed096,CVE-2006-4904
517767839,ibojanova/BF,CWEBF/XML/cwec_v4.8.xml,8d4e38a22805fc9c70eab23fcc5d3ffc8b0ed096,CVE-2006-4692
517767839,ibojanova/BF,CWEBF/XML/cwec_v4.8.xml,8d4e38a22805fc9c70eab23fcc5d3ffc8b0ed096,CVE-2006-4624
517767839,ibojanova/BF,CWEBF/XML/cwec_v4.8.xml,8d4e38a22805fc9c70eab23fcc5d3ffc8b0ed096,CVE-2006-4574
517767839,ibojanova/BF,CWEBF/XML/cwec_v4.8.xml,8d4e38a22805fc9c70eab23fcc5d3ffc8b0ed096,CVE-2006-4541
517767839,ibojanova/BF,CWEBF/XML/cwec_v4.8.xml,8d4e38a22805fc9c70eab23fcc5d3ffc8b0ed096,CVE-2009-0311
517767839,ibojanova/BF,CWEBF/XML/cwec_v4.8.xml,8d4e38a22805fc9c70eab23fcc5d3ffc8b0ed096,CVE-2009-0422
517767839,ibojanova/BF,CWEBF/XML/cwec_v4.8.xml,8d4e38a22805fc9c70eab23fcc5d3ffc8b0ed096,CVE-2009-0558
517767839,ibojanova/BF,CWEBF/XML/cwec_v4.8.xml,8d4e38a22805fc9c70eab23fcc5d3ffc8b0ed096,CVE-2017-9764
517767839,ibojanova/BF,CWEBF/XML/cwec_v4.8.xml,8d4e38a22805fc9c70eab23fcc5d3ffc8b0ed096,CVE-2017-9615
517767839,ibojanova/BF,CWEBF/XML/cwec_v4.8.xml,8d4e38a22805fc9c70eab23fcc5d3ffc8b0ed096,CVE-2017-9267
517767839,ibojanova/BF,CWEBF/XML/cwec_v4.8.xml,8d4e38a22805fc9c70eab23fcc5d3ffc8b0ed096,CVE-2017-8252
517767839,ibojanova/BF,CWEBF/XML/cwec_v4.8.xml,8d4e38a22805fc9c70eab23fcc5d3ffc8b0ed096,CVE-2017-7971
517767839,ibojanova/BF,CWEBF/XML/cwec_v4.8.xml,8d4e38a22805fc9c70eab23fcc5d3ffc8b0ed096,CVE-2017-7619
517767839,ibojanova/BF,CWEBF/XML/cwec_v4.8.xml,8d4e38a22805fc9c70eab23fcc5d3ffc8b0ed096,CVE-2017-7440
517767839,ibojanova/BF,CWEBF/XML/cwec_v4.8.xml,8d4e38a22805fc9c70eab23fcc5d3ffc8b0ed096,CVE-2017-6964
517767839,ibojanova/BF,CWEBF/XML/cwec_v4.8.xml,8d4e38a22805fc9c70eab23fcc5d3ffc8b0ed096,CVE-2017-6283
517767839,ibojanova/BF,CWEBF/XML/cwec_v4.8.xml,8d4e38a22805fc9c70eab23fcc5d3ffc8b0ed096,CVE-2017-5754
517767839,ibojanova/BF,CWEBF/XML/cwec_v4.8.xml,8d4e38a22805fc9c70eab23fcc5d3ffc8b0ed096,CVE-2017-5753
517767839,ibojanova/BF,CWEBF/XML/cwec_v4.8.xml,8d4e38a22805fc9c70eab23fcc5d3ffc8b0ed096,CVE-2017-5715
517767839,ibojanova/BF,CWEBF/XML/cwec_v4.8.xml,8d4e38a22805fc9c70eab23fcc5d3ffc8b0ed096,CVE-2017-5697
517767839,ibojanova/BF,CWEBF/XML/cwec_v4.8.xml,8d4e38a22805fc9c70eab23fcc5d3ffc8b0ed096,CVE-2017-5015
517767839,ibojanova/BF,CWEBF/XML/cwec_v4.8.xml,8d4e38a22805fc9c70eab23fcc5d3ffc8b0ed096,CVE-2017-4015
517767839,ibojanova/BF,CWEBF/XML/cwec_v4.8.xml,8d4e38a22805fc9c70eab23fcc5d3ffc8b0ed096,CVE-2017-3225
517767839,ibojanova/BF,CWEBF/XML/cwec_v4.8.xml,8d4e38a22805fc9c70eab23fcc5d3ffc8b0ed096,CVE-2017-18347
517767839,ibojanova/BF,CWEBF/XML/cwec_v4.8.xml,8d4e38a22805fc9c70eab23fcc5d3ffc8b0ed096,CVE-2017-18326
517767839,ibojanova/BF,CWEBF/XML/cwec_v4.8.xml,8d4e38a22805fc9c70eab23fcc5d3ffc8b0ed096,CVE-2017-18293
517767839,ibojanova/BF,CWEBF/XML/cwec_v4.8.xml,8d4e38a22805fc9c70eab23fcc5d3ffc8b0ed096,CVE-2017-17704
517767839,ibojanova/BF,CWEBF/XML/cwec_v4.8.xml,8d4e38a22805fc9c70eab23fcc5d3ffc8b0ed096,CVE-2017-16783
517767839,ibojanova/BF,CWEBF/XML/cwec_v4.8.xml,8d4e38a22805fc9c70eab23fcc5d3ffc8b0ed096,CVE-2017-16021
517767839,ibojanova/BF,CWEBF/XML/cwec_v4.8.xml,8d4e38a22805fc9c70eab23fcc5d3ffc8b0ed096,CVE-2017-15999
517767839,ibojanova/BF,CWEBF/XML/cwec_v4.8.xml,8d4e38a22805fc9c70eab23fcc5d3ffc8b0ed096,CVE-2017-11508
517767839,ibojanova/BF,CWEBF/XML/cwec_v4.8.xml,8d4e38a22805fc9c70eab23fcc5d3ffc8b0ed096,CVE-2017-11133
517767839,ibojanova/BF,CWEBF/XML/cwec_v4.8.xml,8d4e38a22805fc9c70eab23fcc5d3ffc8b0ed096,CVE-2018-10887
517767839,ibojanova/BF,CWEBF/XML/cwec_v4.8.xml,8d4e38a22805fc9c70eab23fcc5d3ffc8b0ed096,CVE-2017-1000121
517767839,ibojanova/BF,CWEBF/XML/cwec_v4.8.xml,8d4e38a22805fc9c70eab23fcc5d3ffc8b0ed096,CVE-2018-12116
517767839,ibojanova/BF,CWEBF/XML/cwec_v4.8.xml,8d4e38a22805fc9c70eab23fcc5d3ffc8b0ed096,CVE-2018-14730
517767839,ibojanova/BF,CWEBF/XML/cwec_v4.8.xml,8d4e38a22805fc9c70eab23fcc5d3ffc8b0ed096,CVE-2019-12134
517767839,ibojanova/BF,CWEBF/XML/cwec_v4.8.xml,8d4e38a22805fc9c70eab23fcc5d3ffc8b0ed096,CVE-2019-12041
517767839,ibojanova/BF,CWEBF/XML/cwec_v4.8.xml,8d4e38a22805fc9c70eab23fcc5d3ffc8b0ed096,CVE-2019-11930
517767839,ibojanova/BF,CWEBF/XML/cwec_v4.8.xml,8d4e38a22805fc9c70eab23fcc5d3ffc8b0ed096,CVE-2019-1161
517767839,ibojanova/BF,CWEBF/XML/cwec_v4.8.xml,8d4e38a22805fc9c70eab23fcc5d3ffc8b0ed096,CVE-2019-11495
517767839,ibojanova/BF,CWEBF/XML/cwec_v4.8.xml,8d4e38a22805fc9c70eab23fcc5d3ffc8b0ed096,CVE-2019-11358
517767839,ibojanova/BF,CWEBF/XML/cwec_v4.8.xml,8d4e38a22805fc9c70eab23fcc5d3ffc8b0ed096,CVE-2019-11157
517767839,ibojanova/BF,CWEBF/XML/cwec_v4.8.xml,8d4e38a22805fc9c70eab23fcc5d3ffc8b0ed096,CVE-2019-10908
517767839,ibojanova/BF,CWEBF/XML/cwec_v4.8.xml,8d4e38a22805fc9c70eab23fcc5d3ffc8b0ed096,CVE-2019-10744
517767839,ibojanova/BF,CWEBF/XML/cwec_v4.8.xml,8d4e38a22805fc9c70eab23fcc5d3ffc8b0ed096,CVE-2019-10458
517767839,ibojanova/BF,CWEBF/XML/cwec_v4.8.xml,8d4e38a22805fc9c70eab23fcc5d3ffc8b0ed096,CVE-2019-1010006
517767839,ibojanova/BF,CWEBF/XML/cwec_v4.8.xml,8d4e38a22805fc9c70eab23fcc5d3ffc8b0ed096,CVE-2018-9085
517767839,ibojanova/BF,CWEBF/XML/cwec_v4.8.xml,8d4e38a22805fc9c70eab23fcc5d3ffc8b0ed096,CVE-2018-9057
517767839,ibojanova/BF,CWEBF/XML/cwec_v4.8.xml,8d4e38a22805fc9c70eab23fcc5d3ffc8b0ed096,CVE-2018-8174
517767839,ibojanova/BF,CWEBF/XML/cwec_v4.8.xml,8d4e38a22805fc9c70eab23fcc5d3ffc8b0ed096,CVE-2018-6651
517767839,ibojanova/BF,CWEBF/XML/cwec_v4.8.xml,8d4e38a22805fc9c70eab23fcc5d3ffc8b0ed096,CVE-2018-4251
517767839,ibojanova/BF,CWEBF/XML/cwec_v4.8.xml,8d4e38a22805fc9c70eab23fcc5d3ffc8b0ed096,CVE-2018-3721
517767839,ibojanova/BF,CWEBF/XML/cwec_v4.8.xml,8d4e38a22805fc9c70eab23fcc5d3ffc8b0ed096,CVE-2018-20788
517767839,ibojanova/BF,CWEBF/XML/cwec_v4.8.xml,8d4e38a22805fc9c70eab23fcc5d3ffc8b0ed096,CVE-2018-20465
517767839,ibojanova/BF,CWEBF/XML/cwec_v4.8.xml,8d4e38a22805fc9c70eab23fcc5d3ffc8b0ed096,CVE-2018-1999036
517767839,ibojanova/BF,CWEBF/XML/cwec_v4.8.xml,8d4e38a22805fc9c70eab23fcc5d3ffc8b0ed096,CVE-2018-18445
517767839,ibojanova/BF,CWEBF/XML/cwec_v4.8.xml,8d4e38a22805fc9c70eab23fcc5d3ffc8b0ed096,CVE-2018-16733
517767839,ibojanova/BF,CWEBF/XML/cwec_v4.8.xml,8d4e38a22805fc9c70eab23fcc5d3ffc8b0ed096,CVE-2018-16069
517767839,ibojanova/BF,CWEBF/XML/cwec_v4.8.xml,8d4e38a22805fc9c70eab23fcc5d3ffc8b0ed096,CVE-2018-14732
517767839,ibojanova/BF,CWEBF/XML/cwec_v4.8.xml,8d4e38a22805fc9c70eab23fcc5d3ffc8b0ed096,CVE-2018-14731
517767839,ibojanova/BF,CWEBF/XML/cwec_v4.8.xml,8d4e38a22805fc9c70eab23fcc5d3ffc8b0ed096,CVE-2018-12520
517767839,ibojanova/BF,CWEBF/XML/cwec_v4.8.xml,8d4e38a22805fc9c70eab23fcc5d3ffc8b0ed096,CVE-2019-12799
517767839,ibojanova/BF,CWEBF/XML/cwec_v4.8.xml,8d4e38a22805fc9c70eab23fcc5d3ffc8b0ed096,CVE-2017-1000095
517767839,ibojanova/BF,CWEBF/XML/cwec_v4.8.xml,8d4e38a22805fc9c70eab23fcc5d3ffc8b0ed096,CVE-2016-9842
517767839,ibojanova/BF,CWEBF/XML/cwec_v4.8.xml,8d4e38a22805fc9c70eab23fcc5d3ffc8b0ed096,CVE-2014-1772
517767839,ibojanova/BF,CWEBF/XML/cwec_v4.8.xml,8d4e38a22805fc9c70eab23fcc5d3ffc8b0ed096,CVE-2014-1266
517767839,ibojanova/BF,CWEBF/XML/cwec_v4.8.xml,8d4e38a22805fc9c70eab23fcc5d3ffc8b0ed096,CVE-2014-0984
517767839,ibojanova/BF,CWEBF/XML/cwec_v4.8.xml,8d4e38a22805fc9c70eab23fcc5d3ffc8b0ed096,CVE-2014-0568
517767839,ibojanova/BF,CWEBF/XML/cwec_v4.8.xml,8d4e38a22805fc9c70eab23fcc5d3ffc8b0ed096,CVE-2014-0160
517767839,ibojanova/BF,CWEBF/XML/cwec_v4.8.xml,8d4e38a22805fc9c70eab23fcc5d3ffc8b0ed096,CVE-2013-7236
517767839,ibojanova/BF,CWEBF/XML/cwec_v4.8.xml,8d4e38a22805fc9c70eab23fcc5d3ffc8b0ed096,CVE-2013-5726
517767839,ibojanova/BF,CWEBF/XML/cwec_v4.8.xml,8d4e38a22805fc9c70eab23fcc5d3ffc8b0ed096,CVE-2013-5725
517767839,ibojanova/BF,CWEBF/XML/cwec_v4.8.xml,8d4e38a22805fc9c70eab23fcc5d3ffc8b0ed096,CVE-2013-5211
517767839,ibojanova/BF,CWEBF/XML/cwec_v4.8.xml,8d4e38a22805fc9c70eab23fcc5d3ffc8b0ed096,CVE-2013-4787
517767839,ibojanova/BF,CWEBF/XML/cwec_v4.8.xml,8d4e38a22805fc9c70eab23fcc5d3ffc8b0ed096,CVE-2013-4576
517767839,ibojanova/BF,CWEBF/XML/cwec_v4.8.xml,8d4e38a22805fc9c70eab23fcc5d3ffc8b0ed096,CVE-2013-4206
517767839,ibojanova/BF,CWEBF/XML/cwec_v4.8.xml,8d4e38a22805fc9c70eab23fcc5d3ffc8b0ed096,CVE-2013-1591
517767839,ibojanova/BF,CWEBF/XML/cwec_v4.8.xml,8d4e38a22805fc9c70eab23fcc5d3ffc8b0ed096,CVE-2013-1465
517767839,ibojanova/BF,CWEBF/XML/cwec_v4.8.xml,8d4e38a22805fc9c70eab23fcc5d3ffc8b0ed096,CVE-2013-1402
517767839,ibojanova/BF,CWEBF/XML/cwec_v4.8.xml,8d4e38a22805fc9c70eab23fcc5d3ffc8b0ed096,CVE-2013-0277
517767839,ibojanova/BF,CWEBF/XML/cwec_v4.8.xml,8d4e38a22805fc9c70eab23fcc5d3ffc8b0ed096,CVE-2012-6707
517767839,ibojanova/BF,CWEBF/XML/cwec_v4.8.xml,8d4e38a22805fc9c70eab23fcc5d3ffc8b0ed096,CVE-2012-5824
517767839,ibojanova/BF,CWEBF/XML/cwec_v4.8.xml,8d4e38a22805fc9c70eab23fcc5d3ffc8b0ed096,CVE-2012-5822
517767839,ibojanova/BF,CWEBF/XML/cwec_v4.8.xml,8d4e38a22805fc9c70eab23fcc5d3ffc8b0ed096,CVE-2012-5821
517767839,ibojanova/BF,CWEBF/XML/cwec_v4.8.xml,8d4e38a22805fc9c70eab23fcc5d3ffc8b0ed096,CVE-2012-5819
517767839,ibojanova/BF,CWEBF/XML/cwec_v4.8.xml,8d4e38a22805fc9c70eab23fcc5d3ffc8b0ed096,CVE-2012-5817
517767839,ibojanova/BF,CWEBF/XML/cwec_v4.8.xml,8d4e38a22805fc9c70eab23fcc5d3ffc8b0ed096,CVE-2012-5811
517767839,ibojanova/BF,CWEBF/XML/cwec_v4.8.xml,8d4e38a22805fc9c70eab23fcc5d3ffc8b0ed096,CVE-2012-5810
517767839,ibojanova/BF,CWEBF/XML/cwec_v4.8.xml,8d4e38a22805fc9c70eab23fcc5d3ffc8b0ed096,CVE-2012-5807
517767839,ibojanova/BF,CWEBF/XML/cwec_v4.8.xml,8d4e38a22805fc9c70eab23fcc5d3ffc8b0ed096,CVE-2014-2049
517767839,ibojanova/BF,CWEBF/XML/cwec_v4.8.xml,8d4e38a22805fc9c70eab23fcc5d3ffc8b0ed096,CVE-2017-0492
517767839,ibojanova/BF,CWEBF/XML/cwec_v4.8.xml,8d4e38a22805fc9c70eab23fcc5d3ffc8b0ed096,CVE-2014-2503
517767839,ibojanova/BF,CWEBF/XML/cwec_v4.8.xml,8d4e38a22805fc9c70eab23fcc5d3ffc8b0ed096,CVE-2014-2915
517767839,ibojanova/BF,CWEBF/XML/cwec_v4.8.xml,8d4e38a22805fc9c70eab23fcc5d3ffc8b0ed096,CVE-2016-6485
517767839,ibojanova/BF,CWEBF/XML/cwec_v4.8.xml,8d4e38a22805fc9c70eab23fcc5d3ffc8b0ed096,CVE-2016-3627
517767839,ibojanova/BF,CWEBF/XML/cwec_v4.8.xml,8d4e38a22805fc9c70eab23fcc5d3ffc8b0ed096,CVE-2016-2496
517767839,ibojanova/BF,CWEBF/XML/cwec_v4.8.xml,8d4e38a22805fc9c70eab23fcc5d3ffc8b0ed096,CVE-2016-2402
517767839,ibojanova/BF,CWEBF/XML/cwec_v4.8.xml,8d4e38a22805fc9c70eab23fcc5d3ffc8b0ed096,CVE-2016-10707
517767839,ibojanova/BF,CWEBF/XML/cwec_v4.8.xml,8d4e38a22805fc9c70eab23fcc5d3ffc8b0ed096,CVE-2016-10180
517767839,ibojanova/BF,CWEBF/XML/cwec_v4.8.xml,8d4e38a22805fc9c70eab23fcc5d3ffc8b0ed096,CVE-2016-10033
517767839,ibojanova/BF,CWEBF/XML/cwec_v4.8.xml,8d4e38a22805fc9c70eab23fcc5d3ffc8b0ed096,CVE-2016-10003
517767839,ibojanova/BF,CWEBF/XML/cwec_v4.8.xml,8d4e38a22805fc9c70eab23fcc5d3ffc8b0ed096,CVE-2015-8854
517767839,ibojanova/BF,CWEBF/XML/cwec_v4.8.xml,8d4e38a22805fc9c70eab23fcc5d3ffc8b0ed096,CVE-2015-8315
517767839,ibojanova/BF,CWEBF/XML/cwec_v4.8.xml,8d4e38a22805fc9c70eab23fcc5d3ffc8b0ed096,CVE-2015-8103
517767839,ibojanova/BF,CWEBF/XML/cwec_v4.8.xml,8d4e38a22805fc9c70eab23fcc5d3ffc8b0ed096,CVE-2015-4852
517767839,ibojanova/BF,CWEBF/XML/cwec_v4.8.xml,8d4e38a22805fc9c70eab23fcc5d3ffc8b0ed096,CVE-2015-4138
517767839,ibojanova/BF,CWEBF/XML/cwec_v4.8.xml,8d4e38a22805fc9c70eab23fcc5d3ffc8b0ed096,CVE-2015-2150
517767839,ibojanova/BF,CWEBF/XML/cwec_v4.8.xml,8d4e38a22805fc9c70eab23fcc5d3ffc8b0ed096,CVE-2015-1743
517767839,ibojanova/BF,CWEBF/XML/cwec_v4.8.xml,8d4e38a22805fc9c70eab23fcc5d3ffc8b0ed096,CVE-2015-1607
517767839,ibojanova/BF,CWEBF/XML/cwec_v4.8.xml,8d4e38a22805fc9c70eab23fcc5d3ffc8b0ed096,CVE-2015-1241
517767839,ibojanova/BF,CWEBF/XML/cwec_v4.8.xml,8d4e38a22805fc9c70eab23fcc5d3ffc8b0ed096,CVE-2015-0565
517767839,ibojanova/BF,CWEBF/XML/cwec_v4.8.xml,8d4e38a22805fc9c70eab23fcc5d3ffc8b0ed096,CVE-2014-8958
517767839,ibojanova/BF,CWEBF/XML/cwec_v4.8.xml,8d4e38a22805fc9c70eab23fcc5d3ffc8b0ed096,CVE-2014-8273
517767839,ibojanova/BF,CWEBF/XML/cwec_v4.8.xml,8d4e38a22805fc9c70eab23fcc5d3ffc8b0ed096,CVE-2014-6394
517767839,ibojanova/BF,CWEBF/XML/cwec_v4.8.xml,8d4e38a22805fc9c70eab23fcc5d3ffc8b0ed096,CVE-2014-5386
517767839,ibojanova/BF,CWEBF/XML/cwec_v4.8.xml,8d4e38a22805fc9c70eab23fcc5d3ffc8b0ed096,CVE-2014-5198
517767839,ibojanova/BF,CWEBF/XML/cwec_v4.8.xml,8d4e38a22805fc9c70eab23fcc5d3ffc8b0ed096,CVE-2014-4192
517767839,ibojanova/BF,CWEBF/XML/cwec_v4.8.xml,8d4e38a22805fc9c70eab23fcc5d3ffc8b0ed096,CVE-2014-3852
517767839,ibojanova/BF,CWEBF/XML/cwec_v4.8.xml,8d4e38a22805fc9c70eab23fcc5d3ffc8b0ed096,CVE-2014-2508
517767839,ibojanova/BF,CWEBF/XML/cwec_v4.8.xml,8d4e38a22805fc9c70eab23fcc5d3ffc8b0ed096,CVE-2012-5806
517767839,ibojanova/BF,CWEBF/XML/cwec_v4.8.xml,8d4e38a22805fc9c70eab23fcc5d3ffc8b0ed096,CVE-2019-12921
517767839,ibojanova/BF,CWEBF/XML/cwec_v4.8.xml,8d4e38a22805fc9c70eab23fcc5d3ffc8b0ed096,CVE-2019-13398
517767839,ibojanova/BF,CWEBF/XML/cwec_v4.8.xml,8d4e38a22805fc9c70eab23fcc5d3ffc8b0ed096,CVE-2021-1782
517767839,ibojanova/BF,CWEBF/XML/cwec_v4.8.xml,8d4e38a22805fc9c70eab23fcc5d3ffc8b0ed096,CVE-2021-0920
517767839,ibojanova/BF,CWEBF/XML/cwec_v4.8.xml,8d4e38a22805fc9c70eab23fcc5d3ffc8b0ed096,CVE-2020-9437
517767839,ibojanova/BF,CWEBF/XML/cwec_v4.8.xml,8d4e38a22805fc9c70eab23fcc5d3ffc8b0ed096,CVE-2020-9054
517767839,ibojanova/BF,CWEBF/XML/cwec_v4.8.xml,8d4e38a22805fc9c70eab23fcc5d3ffc8b0ed096,CVE-2020-8835
517767839,ibojanova/BF,CWEBF/XML/cwec_v4.8.xml,8d4e38a22805fc9c70eab23fcc5d3ffc8b0ed096,CVE-2020-8695
517767839,ibojanova/BF,CWEBF/XML/cwec_v4.8.xml,8d4e38a22805fc9c70eab23fcc5d3ffc8b0ed096,CVE-2020-8694
517767839,ibojanova/BF,CWEBF/XML/cwec_v4.8.xml,8d4e38a22805fc9c70eab23fcc5d3ffc8b0ed096,CVE-2020-8287
517767839,ibojanova/BF,CWEBF/XML/cwec_v4.8.xml,8d4e38a22805fc9c70eab23fcc5d3ffc8b0ed096,CVE-2020-8218
517767839,ibojanova/BF,CWEBF/XML/cwec_v4.8.xml,8d4e38a22805fc9c70eab23fcc5d3ffc8b0ed096,CVE-2020-8203
517767839,ibojanova/BF,CWEBF/XML/cwec_v4.8.xml,8d4e38a22805fc9c70eab23fcc5d3ffc8b0ed096,CVE-2020-6819
517767839,ibojanova/BF,CWEBF/XML/cwec_v4.8.xml,8d4e38a22805fc9c70eab23fcc5d3ffc8b0ed096,CVE-2020-6616
517767839,ibojanova/BF,CWEBF/XML/cwec_v4.8.xml,8d4e38a22805fc9c70eab23fcc5d3ffc8b0ed096,CVE-2020-6078
517767839,ibojanova/BF,CWEBF/XML/cwec_v4.8.xml,8d4e38a22805fc9c70eab23fcc5d3ffc8b0ed096,CVE-2020-5408
517767839,ibojanova/BF,CWEBF/XML/cwec_v4.8.xml,8d4e38a22805fc9c70eab23fcc5d3ffc8b0ed096,CVE-2020-5243
517767839,ibojanova/BF,CWEBF/XML/cwec_v4.8.xml,8d4e38a22805fc9c70eab23fcc5d3ffc8b0ed096,CVE-2020-4778
517767839,ibojanova/BF,CWEBF/XML/cwec_v4.8.xml,8d4e38a22805fc9c70eab23fcc5d3ffc8b0ed096,CVE-2020-4027
517767839,ibojanova/BF,CWEBF/XML/cwec_v4.8.xml,8d4e38a22805fc9c70eab23fcc5d3ffc8b0ed096,CVE-2020-3812
517767839,ibojanova/BF,CWEBF/XML/cwec_v4.8.xml,8d4e38a22805fc9c70eab23fcc5d3ffc8b0ed096,CVE-2020-36049
517767839,ibojanova/BF,CWEBF/XML/cwec_v4.8.xml,8d4e38a22805fc9c70eab23fcc5d3ffc8b0ed096,CVE-2020-3580
517767839,ibojanova/BF,CWEBF/XML/cwec_v4.8.xml,8d4e38a22805fc9c70eab23fcc5d3ffc8b0ed096,CVE-2020-3566
517767839,ibojanova/BF,CWEBF/XML/cwec_v4.8.xml,8d4e38a22805fc9c70eab23fcc5d3ffc8b0ed096,CVE-2020-3452
517767839,ibojanova/BF,CWEBF/XML/cwec_v4.8.xml,8d4e38a22805fc9c70eab23fcc5d3ffc8b0ed096,CVE-2020-3161
517767839,ibojanova/BF,CWEBF/XML/cwec_v4.8.xml,8d4e38a22805fc9c70eab23fcc5d3ffc8b0ed096,CVE-2020-29557
517767839,ibojanova/BF,CWEBF/XML/cwec_v4.8.xml,8d4e38a22805fc9c70eab23fcc5d3ffc8b0ed096,CVE-2020-28368
517767839,ibojanova/BF,CWEBF/XML/cwec_v4.8.xml,8d4e38a22805fc9c70eab23fcc5d3ffc8b0ed096,CVE-2021-1879
517767839,ibojanova/BF,CWEBF/XML/cwec_v4.8.xml,8d4e38a22805fc9c70eab23fcc5d3ffc8b0ed096,CVE-2020-26282
517767839,ibojanova/BF,CWEBF/XML/cwec_v4.8.xml,8d4e38a22805fc9c70eab23fcc5d3ffc8b0ed096,CVE-2021-21220
517767839,ibojanova/BF,CWEBF/XML/cwec_v4.8.xml,8d4e38a22805fc9c70eab23fcc5d3ffc8b0ed096,CVE-2021-21972
517767839,ibojanova/BF,CWEBF/XML/cwec_v4.8.xml,8d4e38a22805fc9c70eab23fcc5d3ffc8b0ed096,CVE-2022-24766
517767839,ibojanova/BF,CWEBF/XML/cwec_v4.8.xml,8d4e38a22805fc9c70eab23fcc5d3ffc8b0ed096,CVE-2022-1509
517767839,ibojanova/BF,CWEBF/XML/cwec_v4.8.xml,8d4e38a22805fc9c70eab23fcc5d3ffc8b0ed096,CVE-2021-44228
517767839,ibojanova/BF,CWEBF/XML/cwec_v4.8.xml,8d4e38a22805fc9c70eab23fcc5d3ffc8b0ed096,CVE-2021-42258
517767839,ibojanova/BF,CWEBF/XML/cwec_v4.8.xml,8d4e38a22805fc9c70eab23fcc5d3ffc8b0ed096,CVE-2021-41282
517767839,ibojanova/BF,CWEBF/XML/cwec_v4.8.xml,8d4e38a22805fc9c70eab23fcc5d3ffc8b0ed096,CVE-2021-41084
517767839,ibojanova/BF,CWEBF/XML/cwec_v4.8.xml,8d4e38a22805fc9c70eab23fcc5d3ffc8b0ed096,CVE-2021-37415
517767839,ibojanova/BF,CWEBF/XML/cwec_v4.8.xml,8d4e38a22805fc9c70eab23fcc5d3ffc8b0ed096,CVE-2021-37147
517767839,ibojanova/BF,CWEBF/XML/cwec_v4.8.xml,8d4e38a22805fc9c70eab23fcc5d3ffc8b0ed096,CVE-2021-35395
517767839,ibojanova/BF,CWEBF/XML/cwec_v4.8.xml,8d4e38a22805fc9c70eab23fcc5d3ffc8b0ed096,CVE-2021-34687
517767839,ibojanova/BF,CWEBF/XML/cwec_v4.8.xml,8d4e38a22805fc9c70eab23fcc5d3ffc8b0ed096,CVE-2021-34523
517767839,ibojanova/BF,CWEBF/XML/cwec_v4.8.xml,8d4e38a22805fc9c70eab23fcc5d3ffc8b0ed096,CVE-2021-30860
517767839,ibojanova/BF,CWEBF/XML/cwec_v4.8.xml,8d4e38a22805fc9c70eab23fcc5d3ffc8b0ed096,CVE-2021-30663
517767839,ibojanova/BF,CWEBF/XML/cwec_v4.8.xml,8d4e38a22805fc9c70eab23fcc5d3ffc8b0ed096,CVE-2021-3011
517767839,ibojanova/BF,CWEBF/XML/cwec_v4.8.xml,8d4e38a22805fc9c70eab23fcc5d3ffc8b0ed096,CVE-2021-29529
517767839,ibojanova/BF,CWEBF/XML/cwec_v4.8.xml,8d4e38a22805fc9c70eab23fcc5d3ffc8b0ed096,CVE-2021-28664
517767839,ibojanova/BF,CWEBF/XML/cwec_v4.8.xml,8d4e38a22805fc9c70eab23fcc5d3ffc8b0ed096,CVE-2021-27101
517767839,ibojanova/BF,CWEBF/XML/cwec_v4.8.xml,8d4e38a22805fc9c70eab23fcc5d3ffc8b0ed096,CVE-2021-26855
517767839,ibojanova/BF,CWEBF/XML/cwec_v4.8.xml,8d4e38a22805fc9c70eab23fcc5d3ffc8b0ed096,CVE-2021-26426
517767839,ibojanova/BF,CWEBF/XML/cwec_v4.8.xml,8d4e38a22805fc9c70eab23fcc5d3ffc8b0ed096,CVE-2021-24018
517767839,ibojanova/BF,CWEBF/XML/cwec_v4.8.xml,8d4e38a22805fc9c70eab23fcc5d3ffc8b0ed096,CVE-2021-22991
517767839,ibojanova/BF,CWEBF/XML/cwec_v4.8.xml,8d4e38a22805fc9c70eab23fcc5d3ffc8b0ed096,CVE-2021-22909
517767839,ibojanova/BF,CWEBF/XML/cwec_v4.8.xml,8d4e38a22805fc9c70eab23fcc5d3ffc8b0ed096,CVE-2021-22205
517767839,ibojanova/BF,CWEBF/XML/cwec_v4.8.xml,8d4e38a22805fc9c70eab23fcc5d3ffc8b0ed096,CVE-2021-22204
517767839,ibojanova/BF,CWEBF/XML/cwec_v4.8.xml,8d4e38a22805fc9c70eab23fcc5d3ffc8b0ed096,CVE-2021-21973
517767839,ibojanova/BF,CWEBF/XML/cwec_v4.8.xml,8d4e38a22805fc9c70eab23fcc5d3ffc8b0ed096,CVE-2021-21244
517767839,ibojanova/BF,CWEBF/XML/cwec_v4.8.xml,8d4e38a22805fc9c70eab23fcc5d3ffc8b0ed096,CVE-2019-13351
517767839,ibojanova/BF,CWEBF/XML/cwec_v4.8.xml,8d4e38a22805fc9c70eab23fcc5d3ffc8b0ed096,CVE-2020-25685
517767839,ibojanova/BF,CWEBF/XML/cwec_v4.8.xml,8d4e38a22805fc9c70eab23fcc5d3ffc8b0ed096,CVE-2020-20739
517767839,ibojanova/BF,CWEBF/XML/cwec_v4.8.xml,8d4e38a22805fc9c70eab23fcc5d3ffc8b0ed096,CVE-2020-0022
517767839,ibojanova/BF,CWEBF/XML/cwec_v4.8.xml,8d4e38a22805fc9c70eab23fcc5d3ffc8b0ed096,CVE-2019-9805
517767839,ibojanova/BF,CWEBF/XML/cwec_v4.8.xml,8d4e38a22805fc9c70eab23fcc5d3ffc8b0ed096,CVE-2019-9534
517767839,ibojanova/BF,CWEBF/XML/cwec_v4.8.xml,8d4e38a22805fc9c70eab23fcc5d3ffc8b0ed096,CVE-2019-8575
517767839,ibojanova/BF,CWEBF/XML/cwec_v4.8.xml,8d4e38a22805fc9c70eab23fcc5d3ffc8b0ed096,CVE-2019-6785
517767839,ibojanova/BF,CWEBF/XML/cwec_v4.8.xml,8d4e38a22805fc9c70eab23fcc5d3ffc8b0ed096,CVE-2019-6260
517767839,ibojanova/BF,CWEBF/XML/cwec_v4.8.xml,8d4e38a22805fc9c70eab23fcc5d3ffc8b0ed096,CVE-2019-4521
517767839,ibojanova/BF,CWEBF/XML/cwec_v4.8.xml,8d4e38a22805fc9c70eab23fcc5d3ffc8b0ed096,CVE-2019-3907
517767839,ibojanova/BF,CWEBF/XML/cwec_v4.8.xml,8d4e38a22805fc9c70eab23fcc5d3ffc8b0ed096,CVE-2019-2267
517767839,ibojanova/BF,CWEBF/XML/cwec_v4.8.xml,8d4e38a22805fc9c70eab23fcc5d3ffc8b0ed096,CVE-2019-20176
517767839,ibojanova/BF,CWEBF/XML/cwec_v4.8.xml,8d4e38a22805fc9c70eab23fcc5d3ffc8b0ed096,CVE-2019-19999
517767839,ibojanova/BF,CWEBF/XML/cwec_v4.8.xml,8d4e38a22805fc9c70eab23fcc5d3ffc8b0ed096,CVE-2019-19793
517767839,ibojanova/BF,CWEBF/XML/cwec_v4.8.xml,8d4e38a22805fc9c70eab23fcc5d3ffc8b0ed096,CVE-2019-18827
517767839,ibojanova/BF,CWEBF/XML/cwec_v4.8.xml,8d4e38a22805fc9c70eab23fcc5d3ffc8b0ed096,CVE-2019-18673
517767839,ibojanova/BF,CWEBF/XML/cwec_v4.8.xml,8d4e38a22805fc9c70eab23fcc5d3ffc8b0ed096,CVE-2019-17661
517767839,ibojanova/BF,CWEBF/XML/cwec_v4.8.xml,8d4e38a22805fc9c70eab23fcc5d3ffc8b0ed096,CVE-2019-17391
517767839,ibojanova/BF,CWEBF/XML/cwec_v4.8.xml,8d4e38a22805fc9c70eab23fcc5d3ffc8b0ed096,CVE-2019-1715
517767839,ibojanova/BF,CWEBF/XML/cwec_v4.8.xml,8d4e38a22805fc9c70eab23fcc5d3ffc8b0ed096,CVE-2019-16215
517767839,ibojanova/BF,CWEBF/XML/cwec_v4.8.xml,8d4e38a22805fc9c70eab23fcc5d3ffc8b0ed096,CVE-2019-15900
517767839,ibojanova/BF,CWEBF/XML/cwec_v4.8.xml,8d4e38a22805fc9c70eab23fcc5d3ffc8b0ed096,CVE-2019-15894
517767839,ibojanova/BF,CWEBF/XML/cwec_v4.8.xml,8d4e38a22805fc9c70eab23fcc5d3ffc8b0ed096,CVE-2019-1543
517767839,ibojanova/BF,CWEBF/XML/cwec_v4.8.xml,8d4e38a22805fc9c70eab23fcc5d3ffc8b0ed096,CVE-2019-15118
517767839,ibojanova/BF,CWEBF/XML/cwec_v4.8.xml,8d4e38a22805fc9c70eab23fcc5d3ffc8b0ed096,CVE-2019-14855
517767839,ibojanova/BF,CWEBF/XML/cwec_v4.8.xml,8d4e38a22805fc9c70eab23fcc5d3ffc8b0ed096,CVE-2019-13945
517767839,ibojanova/BF,CWEBF/XML/cwec_v4.8.xml,8d4e38a22805fc9c70eab23fcc5d3ffc8b0ed096,CVE-2019-13475
517767839,ibojanova/BF,CWEBF/XML/cwec_v4.8.xml,8d4e38a22805fc9c70eab23fcc5d3ffc8b0ed096,CVE-2020-0041
517767839,ibojanova/BF,CWEBF/XML/cwec_v4.8.xml,8d4e38a22805fc9c70eab23fcc5d3ffc8b0ed096,CVE-2020-25095
517767839,ibojanova/BF,CWEBF/XML/cwec_v4.8.xml,8d4e38a22805fc9c70eab23fcc5d3ffc8b0ed096,CVE-2020-0551
517767839,ibojanova/BF,CWEBF/XML/cwec_v4.8.xml,8d4e38a22805fc9c70eab23fcc5d3ffc8b0ed096,CVE-2020-0863
517767839,ibojanova/BF,CWEBF/XML/cwec_v4.8.xml,8d4e38a22805fc9c70eab23fcc5d3ffc8b0ed096,CVE-2020-1961
517767839,ibojanova/BF,CWEBF/XML/cwec_v4.8.xml,8d4e38a22805fc9c70eab23fcc5d3ffc8b0ed096,CVE-2020-1791
517767839,ibojanova/BF,CWEBF/XML/cwec_v4.8.xml,8d4e38a22805fc9c70eab23fcc5d3ffc8b0ed096,CVE-2020-17533
517767839,ibojanova/BF,CWEBF/XML/cwec_v4.8.xml,8d4e38a22805fc9c70eab23fcc5d3ffc8b0ed096,CVE-2020-17087
517767839,ibojanova/BF,CWEBF/XML/cwec_v4.8.xml,8d4e38a22805fc9c70eab23fcc5d3ffc8b0ed096,CVE-2020-15811
517767839,ibojanova/BF,CWEBF/XML/cwec_v4.8.xml,8d4e38a22805fc9c70eab23fcc5d3ffc8b0ed096,CVE-2020-15708
517767839,ibojanova/BF,CWEBF/XML/cwec_v4.8.xml,8d4e38a22805fc9c70eab23fcc5d3ffc8b0ed096,CVE-2020-15483
517767839,ibojanova/BF,CWEBF/XML/cwec_v4.8.xml,8d4e38a22805fc9c70eab23fcc5d3ffc8b0ed096,CVE-2020-15100
517767839,ibojanova/BF,CWEBF/XML/cwec_v4.8.xml,8d4e38a22805fc9c70eab23fcc5d3ffc8b0ed096,CVE-2020-1472
517767839,ibojanova/BF,CWEBF/XML/cwec_v4.8.xml,8d4e38a22805fc9c70eab23fcc5d3ffc8b0ed096,CVE-2020-14254
517767839,ibojanova/BF,CWEBF/XML/cwec_v4.8.xml,8d4e38a22805fc9c70eab23fcc5d3ffc8b0ed096,CVE-2020-13927
517767839,ibojanova/BF,CWEBF/XML/cwec_v4.8.xml,8d4e38a22805fc9c70eab23fcc5d3ffc8b0ed096,CVE-2020-12926
517767839,ibojanova/BF,CWEBF/XML/cwec_v4.8.xml,8d4e38a22805fc9c70eab23fcc5d3ffc8b0ed096,CVE-2020-12912
517767839,ibojanova/BF,CWEBF/XML/cwec_v4.8.xml,8d4e38a22805fc9c70eab23fcc5d3ffc8b0ed096,CVE-2020-12812
517767839,ibojanova/BF,CWEBF/XML/cwec_v4.8.xml,8d4e38a22805fc9c70eab23fcc5d3ffc8b0ed096,CVE-2020-12790
517767839,ibojanova/BF,CWEBF/XML/cwec_v4.8.xml,8d4e38a22805fc9c70eab23fcc5d3ffc8b0ed096,CVE-2020-12788
517767839,ibojanova/BF,CWEBF/XML/cwec_v4.8.xml,8d4e38a22805fc9c70eab23fcc5d3ffc8b0ed096,CVE-2020-12446
517767839,ibojanova/BF,CWEBF/XML/cwec_v4.8.xml,8d4e38a22805fc9c70eab23fcc5d3ffc8b0ed096,CVE-2020-12271
517767839,ibojanova/BF,CWEBF/XML/cwec_v4.8.xml,8d4e38a22805fc9c70eab23fcc5d3ffc8b0ed096,CVE-2020-11899
517767839,ibojanova/BF,CWEBF/XML/cwec_v4.8.xml,8d4e38a22805fc9c70eab23fcc5d3ffc8b0ed096,CVE-2020-11698
517767839,ibojanova/BF,CWEBF/XML/cwec_v4.8.xml,8d4e38a22805fc9c70eab23fcc5d3ffc8b0ed096,CVE-2020-10987
517767839,ibojanova/BF,CWEBF/XML/cwec_v4.8.xml,8d4e38a22805fc9c70eab23fcc5d3ffc8b0ed096,CVE-2020-1054
517767839,ibojanova/BF,CWEBF/XML/cwec_v4.8.xml,8d4e38a22805fc9c70eab23fcc5d3ffc8b0ed096,CVE-2020-10221
517767839,ibojanova/BF,CWEBF/XML/cwec_v4.8.xml,8d4e38a22805fc9c70eab23fcc5d3ffc8b0ed096,CVE-2020-10148
517767839,ibojanova/BF,CWEBF/XML/cwec_v4.8.xml,8d4e38a22805fc9c70eab23fcc5d3ffc8b0ed096,CVE-2020-0968
517767839,ibojanova/BF,CWEBF/XML/cwec_v4.8.xml,8d4e38a22805fc9c70eab23fcc5d3ffc8b0ed096,CVE-2020-0688
517767839,ibojanova/BF,CWEBF/XML/cwec_v4.8.xml,8d4e38a22805fc9c70eab23fcc5d3ffc8b0ed096,CVE-2012-5804
517767839,ibojanova/BF,CWEBF/XML/cwec_v4.8.xml,8d4e38a22805fc9c70eab23fcc5d3ffc8b0ed096,CVE-2012-5784
517767839,ibojanova/BF,CWEBF/XML/cwec_v4.8.xml,8d4e38a22805fc9c70eab23fcc5d3ffc8b0ed096,CVE-2012-5782
517767839,ibojanova/BF,CWEBF/XML/cwec_v4.8.xml,8d4e38a22805fc9c70eab23fcc5d3ffc8b0ed096,CVE-2009-3278
517767839,ibojanova/BF,CWEBF/XML/cwec_v4.8.xml,8d4e38a22805fc9c70eab23fcc5d3ffc8b0ed096,CVE-2009-3238
517767839,ibojanova/BF,CWEBF/XML/cwec_v4.8.xml,8d4e38a22805fc9c70eab23fcc5d3ffc8b0ed096,CVE-2009-3232
517767839,ibojanova/BF,CWEBF/XML/cwec_v4.8.xml,8d4e38a22805fc9c70eab23fcc5d3ffc8b0ed096,CVE-2009-3231
517767839,ibojanova/BF,CWEBF/XML/cwec_v4.8.xml,8d4e38a22805fc9c70eab23fcc5d3ffc8b0ed096,CVE-2009-3230
517767839,ibojanova/BF,CWEBF/XML/cwec_v4.8.xml,8d4e38a22805fc9c70eab23fcc5d3ffc8b0ed096,CVE-2009-3168
517767839,ibojanova/BF,CWEBF/XML/cwec_v4.8.xml,8d4e38a22805fc9c70eab23fcc5d3ffc8b0ed096,CVE-2009-3129
517767839,ibojanova/BF,CWEBF/XML/cwec_v4.8.xml,8d4e38a22805fc9c70eab23fcc5d3ffc8b0ed096,CVE-2009-3107
517767839,ibojanova/BF,CWEBF/XML/cwec_v4.8.xml,8d4e38a22805fc9c70eab23fcc5d3ffc8b0ed096,CVE-2009-3080
517767839,ibojanova/BF,CWEBF/XML/cwec_v4.8.xml,8d4e38a22805fc9c70eab23fcc5d3ffc8b0ed096,CVE-2009-3046
517767839,ibojanova/BF,CWEBF/XML/cwec_v4.8.xml,8d4e38a22805fc9c70eab23fcc5d3ffc8b0ed096,CVE-2009-3022
517767839,ibojanova/BF,CWEBF/XML/cwec_v4.8.xml,8d4e38a22805fc9c70eab23fcc5d3ffc8b0ed096,CVE-2009-2960
517767839,ibojanova/BF,CWEBF/XML/cwec_v4.8.xml,8d4e38a22805fc9c70eab23fcc5d3ffc8b0ed096,CVE-2009-2874
517767839,ibojanova/BF,CWEBF/XML/cwec_v4.8.xml,8d4e38a22805fc9c70eab23fcc5d3ffc8b0ed096,CVE-2009-2858
517767839,ibojanova/BF,CWEBF/XML/cwec_v4.8.xml,8d4e38a22805fc9c70eab23fcc5d3ffc8b0ed096,CVE-2009-2857
517767839,ibojanova/BF,CWEBF/XML/cwec_v4.8.xml,8d4e38a22805fc9c70eab23fcc5d3ffc8b0ed096,CVE-2009-2814
517767839,ibojanova/BF,CWEBF/XML/cwec_v4.8.xml,8d4e38a22805fc9c70eab23fcc5d3ffc8b0ed096,CVE-2009-2768
517767839,ibojanova/BF,CWEBF/XML/cwec_v4.8.xml,8d4e38a22805fc9c70eab23fcc5d3ffc8b0ed096,CVE-2009-2726
517767839,ibojanova/BF,CWEBF/XML/cwec_v4.8.xml,8d4e38a22805fc9c70eab23fcc5d3ffc8b0ed096,CVE-2009-2699
517767839,ibojanova/BF,CWEBF/XML/cwec_v4.8.xml,8d4e38a22805fc9c70eab23fcc5d3ffc8b0ed096,CVE-2009-2698
517767839,ibojanova/BF,CWEBF/XML/cwec_v4.8.xml,8d4e38a22805fc9c70eab23fcc5d3ffc8b0ed096,CVE-2009-2694
517767839,ibojanova/BF,CWEBF/XML/cwec_v4.8.xml,8d4e38a22805fc9c70eab23fcc5d3ffc8b0ed096,CVE-2009-2692
517767839,ibojanova/BF,CWEBF/XML/cwec_v4.8.xml,8d4e38a22805fc9c70eab23fcc5d3ffc8b0ed096,CVE-2009-2687
517767839,ibojanova/BF,CWEBF/XML/cwec_v4.8.xml,8d4e38a22805fc9c70eab23fcc5d3ffc8b0ed096,CVE-2009-2550
517767839,ibojanova/BF,CWEBF/XML/cwec_v4.8.xml,8d4e38a22805fc9c70eab23fcc5d3ffc8b0ed096,CVE-2009-2540
517767839,ibojanova/BF,CWEBF/XML/cwec_v4.8.xml,8d4e38a22805fc9c70eab23fcc5d3ffc8b0ed096,CVE-2009-3289
517767839,ibojanova/BF,CWEBF/XML/cwec_v4.8.xml,8d4e38a22805fc9c70eab23fcc5d3ffc8b0ed096,CVE-2009-2523
517767839,ibojanova/BF,CWEBF/XML/cwec_v4.8.xml,8d4e38a22805fc9c70eab23fcc5d3ffc8b0ed096,CVE-2009-3421
517767839,ibojanova/BF,CWEBF/XML/cwec_v4.8.xml,8d4e38a22805fc9c70eab23fcc5d3ffc8b0ed096,CVE-2009-3489
517767839,ibojanova/BF,CWEBF/XML/cwec_v4.8.xml,8d4e38a22805fc9c70eab23fcc5d3ffc8b0ed096,CVE-2009-4565
517767839,ibojanova/BF,CWEBF/XML/cwec_v4.8.xml,8d4e38a22805fc9c70eab23fcc5d3ffc8b0ed096,CVE-2009-4449
517767839,ibojanova/BF,CWEBF/XML/cwec_v4.8.xml,8d4e38a22805fc9c70eab23fcc5d3ffc8b0ed096,CVE-2009-4419
517767839,ibojanova/BF,CWEBF/XML/cwec_v4.8.xml,8d4e38a22805fc9c70eab23fcc5d3ffc8b0ed096,CVE-2009-4307
517767839,ibojanova/BF,CWEBF/XML/cwec_v4.8.xml,8d4e38a22805fc9c70eab23fcc5d3ffc8b0ed096,CVE-2009-4272
517767839,ibojanova/BF,CWEBF/XML/cwec_v4.8.xml,8d4e38a22805fc9c70eab23fcc5d3ffc8b0ed096,CVE-2009-4194
517767839,ibojanova/BF,CWEBF/XML/cwec_v4.8.xml,8d4e38a22805fc9c70eab23fcc5d3ffc8b0ed096,CVE-2009-4137
517767839,ibojanova/BF,CWEBF/XML/cwec_v4.8.xml,8d4e38a22805fc9c70eab23fcc5d3ffc8b0ed096,CVE-2009-4053
517767839,ibojanova/BF,CWEBF/XML/cwec_v4.8.xml,8d4e38a22805fc9c70eab23fcc5d3ffc8b0ed096,CVE-2009-4017
517767839,ibojanova/BF,CWEBF/XML/cwec_v4.8.xml,8d4e38a22805fc9c70eab23fcc5d3ffc8b0ed096,CVE-2009-4013
517767839,ibojanova/BF,CWEBF/XML/cwec_v4.8.xml,8d4e38a22805fc9c70eab23fcc5d3ffc8b0ed096,CVE-2009-3939
517767839,ibojanova/BF,CWEBF/XML/cwec_v4.8.xml,8d4e38a22805fc9c70eab23fcc5d3ffc8b0ed096,CVE-2009-3897
517767839,ibojanova/BF,CWEBF/XML/cwec_v4.8.xml,8d4e38a22805fc9c70eab23fcc5d3ffc8b0ed096,CVE-2009-3849
517767839,ibojanova/BF,CWEBF/XML/cwec_v4.8.xml,8d4e38a22805fc9c70eab23fcc5d3ffc8b0ed096,CVE-2009-3781
517767839,ibojanova/BF,CWEBF/XML/cwec_v4.8.xml,8d4e38a22805fc9c70eab23fcc5d3ffc8b0ed096,CVE-2009-3767
517767839,ibojanova/BF,CWEBF/XML/cwec_v4.8.xml,8d4e38a22805fc9c70eab23fcc5d3ffc8b0ed096,CVE-2009-3759
517767839,ibojanova/BF,CWEBF/XML/cwec_v4.8.xml,8d4e38a22805fc9c70eab23fcc5d3ffc8b0ed096,CVE-2009-3658
517767839,ibojanova/BF,CWEBF/XML/cwec_v4.8.xml,8d4e38a22805fc9c70eab23fcc5d3ffc8b0ed096,CVE-2009-3624
517767839,ibojanova/BF,CWEBF/XML/cwec_v4.8.xml,8d4e38a22805fc9c70eab23fcc5d3ffc8b0ed096,CVE-2009-3620
517767839,ibojanova/BF,CWEBF/XML/cwec_v4.8.xml,8d4e38a22805fc9c70eab23fcc5d3ffc8b0ed096,CVE-2009-3616
517767839,ibojanova/BF,CWEBF/XML/cwec_v4.8.xml,8d4e38a22805fc9c70eab23fcc5d3ffc8b0ed096,CVE-2009-3611
517767839,ibojanova/BF,CWEBF/XML/cwec_v4.8.xml,8d4e38a22805fc9c70eab23fcc5d3ffc8b0ed096,CVE-2009-3597
517767839,ibojanova/BF,CWEBF/XML/cwec_v4.8.xml,8d4e38a22805fc9c70eab23fcc5d3ffc8b0ed096,CVE-2009-3553
517767839,ibojanova/BF,CWEBF/XML/cwec_v4.8.xml,8d4e38a22805fc9c70eab23fcc5d3ffc8b0ed096,CVE-2009-3547
517767839,ibojanova/BF,CWEBF/XML/cwec_v4.8.xml,8d4e38a22805fc9c70eab23fcc5d3ffc8b0ed096,CVE-2009-3520
517767839,ibojanova/BF,CWEBF/XML/cwec_v4.8.xml,8d4e38a22805fc9c70eab23fcc5d3ffc8b0ed096,CVE-2009-3482
517767839,ibojanova/BF,CWEBF/XML/cwec_v4.8.xml,8d4e38a22805fc9c70eab23fcc5d3ffc8b0ed096,CVE-2009-4581
517767839,ibojanova/BF,CWEBF/XML/cwec_v4.8.xml,8d4e38a22805fc9c70eab23fcc5d3ffc8b0ed096,CVE-2009-2431
517767839,ibojanova/BF,CWEBF/XML/cwec_v4.8.xml,8d4e38a22805fc9c70eab23fcc5d3ffc8b0ed096,CVE-2009-2416
517767839,ibojanova/BF,CWEBF/XML/cwec_v4.8.xml,8d4e38a22805fc9c70eab23fcc5d3ffc8b0ed096,CVE-2009-1415
517767839,ibojanova/BF,CWEBF/XML/cwec_v4.8.xml,8d4e38a22805fc9c70eab23fcc5d3ffc8b0ed096,CVE-2009-1388
517767839,ibojanova/BF,CWEBF/XML/cwec_v4.8.xml,8d4e38a22805fc9c70eab23fcc5d3ffc8b0ed096,CVE-2009-1358
517767839,ibojanova/BF,CWEBF/XML/cwec_v4.8.xml,8d4e38a22805fc9c70eab23fcc5d3ffc8b0ed096,CVE-2009-1350
517767839,ibojanova/BF,CWEBF/XML/cwec_v4.8.xml,8d4e38a22805fc9c70eab23fcc5d3ffc8b0ed096,CVE-2009-1283
517767839,ibojanova/BF,CWEBF/XML/cwec_v4.8.xml,8d4e38a22805fc9c70eab23fcc5d3ffc8b0ed096,CVE-2009-1282
517767839,ibojanova/BF,CWEBF/XML/cwec_v4.8.xml,8d4e38a22805fc9c70eab23fcc5d3ffc8b0ed096,CVE-2009-1250
517767839,ibojanova/BF,CWEBF/XML/cwec_v4.8.xml,8d4e38a22805fc9c70eab23fcc5d3ffc8b0ed096,CVE-2009-1243
517767839,ibojanova/BF,CWEBF/XML/cwec_v4.8.xml,8d4e38a22805fc9c70eab23fcc5d3ffc8b0ed096,CVE-2009-1099
517767839,ibojanova/BF,CWEBF/XML/cwec_v4.8.xml,8d4e38a22805fc9c70eab23fcc5d3ffc8b0ed096,CVE-2009-1097
517767839,ibojanova/BF,CWEBF/XML/cwec_v4.8.xml,8d4e38a22805fc9c70eab23fcc5d3ffc8b0ed096,CVE-2009-1073
517767839,ibojanova/BF,CWEBF/XML/cwec_v4.8.xml,8d4e38a22805fc9c70eab23fcc5d3ffc8b0ed096,CVE-2009-1048
517767839,ibojanova/BF,CWEBF/XML/cwec_v4.8.xml,8d4e38a22805fc9c70eab23fcc5d3ffc8b0ed096,CVE-2009-0964
517767839,ibojanova/BF,CWEBF/XML/cwec_v4.8.xml,8d4e38a22805fc9c70eab23fcc5d3ffc8b0ed096,CVE-2009-0949
517767839,ibojanova/BF,CWEBF/XML/cwec_v4.8.xml,8d4e38a22805fc9c70eab23fcc5d3ffc8b0ed096,CVE-2009-0935
517767839,ibojanova/BF,CWEBF/XML/cwec_v4.8.xml,8d4e38a22805fc9c70eab23fcc5d3ffc8b0ed096,CVE-2009-0864
517767839,ibojanova/BF,CWEBF/XML/cwec_v4.8.xml,8d4e38a22805fc9c70eab23fcc5d3ffc8b0ed096,CVE-2009-0846
517767839,ibojanova/BF,CWEBF/XML/cwec_v4.8.xml,8d4e38a22805fc9c70eab23fcc5d3ffc8b0ed096,CVE-2009-0824
517767839,ibojanova/BF,CWEBF/XML/cwec_v4.8.xml,8d4e38a22805fc9c70eab23fcc5d3ffc8b0ed096,CVE-2009-0749
517767839,ibojanova/BF,CWEBF/XML/cwec_v4.8.xml,8d4e38a22805fc9c70eab23fcc5d3ffc8b0ed096,CVE-2009-0690
517767839,ibojanova/BF,CWEBF/XML/cwec_v4.8.xml,8d4e38a22805fc9c70eab23fcc5d3ffc8b0ed096,CVE-2009-0689
517767839,ibojanova/BF,CWEBF/XML/cwec_v4.8.xml,8d4e38a22805fc9c70eab23fcc5d3ffc8b0ed096,CVE-2009-0686
517767839,ibojanova/BF,CWEBF/XML/cwec_v4.8.xml,8d4e38a22805fc9c70eab23fcc5d3ffc8b0ed096,CVE-2009-0652
517767839,ibojanova/BF,CWEBF/XML/cwec_v4.8.xml,8d4e38a22805fc9c70eab23fcc5d3ffc8b0ed096,CVE-2009-0642
517767839,ibojanova/BF,CWEBF/XML/cwec_v4.8.xml,8d4e38a22805fc9c70eab23fcc5d3ffc8b0ed096,CVE-2009-0566
517767839,ibojanova/BF,CWEBF/XML/cwec_v4.8.xml,8d4e38a22805fc9c70eab23fcc5d3ffc8b0ed096,CVE-2009-1466
517767839,ibojanova/BF,CWEBF/XML/cwec_v4.8.xml,8d4e38a22805fc9c70eab23fcc5d3ffc8b0ed096,CVE-2009-2422
517767839,ibojanova/BF,CWEBF/XML/cwec_v4.8.xml,8d4e38a22805fc9c70eab23fcc5d3ffc8b0ed096,CVE-2009-1528
517767839,ibojanova/BF,CWEBF/XML/cwec_v4.8.xml,8d4e38a22805fc9c70eab23fcc5d3ffc8b0ed096,CVE-2009-1549
517767839,ibojanova/BF,CWEBF/XML/cwec_v4.8.xml,8d4e38a22805fc9c70eab23fcc5d3ffc8b0ed096,CVE-2009-2408
517767839,ibojanova/BF,CWEBF/XML/cwec_v4.8.xml,8d4e38a22805fc9c70eab23fcc5d3ffc8b0ed096,CVE-2009-2403
517767839,ibojanova/BF,CWEBF/XML/cwec_v4.8.xml,8d4e38a22805fc9c70eab23fcc5d3ffc8b0ed096,CVE-2009-2382
517767839,ibojanova/BF,CWEBF/XML/cwec_v4.8.xml,8d4e38a22805fc9c70eab23fcc5d3ffc8b0ed096,CVE-2009-2367
517767839,ibojanova/BF,CWEBF/XML/cwec_v4.8.xml,8d4e38a22805fc9c70eab23fcc5d3ffc8b0ed096,CVE-2009-2346
517767839,ibojanova/BF,CWEBF/XML/cwec_v4.8.xml,8d4e38a22805fc9c70eab23fcc5d3ffc8b0ed096,CVE-2009-2299
517767839,ibojanova/BF,CWEBF/XML/cwec_v4.8.xml,8d4e38a22805fc9c70eab23fcc5d3ffc8b0ed096,CVE-2009-2282
517767839,ibojanova/BF,CWEBF/XML/cwec_v4.8.xml,8d4e38a22805fc9c70eab23fcc5d3ffc8b0ed096,CVE-2009-2272
517767839,ibojanova/BF,CWEBF/XML/cwec_v4.8.xml,8d4e38a22805fc9c70eab23fcc5d3ffc8b0ed096,CVE-2009-2213
517767839,ibojanova/BF,CWEBF/XML/cwec_v4.8.xml,8d4e38a22805fc9c70eab23fcc5d3ffc8b0ed096,CVE-2009-2208
517767839,ibojanova/BF,CWEBF/XML/cwec_v4.8.xml,8d4e38a22805fc9c70eab23fcc5d3ffc8b0ed096,CVE-2009-2168
517767839,ibojanova/BF,CWEBF/XML/cwec_v4.8.xml,8d4e38a22805fc9c70eab23fcc5d3ffc8b0ed096,CVE-2009-2158
517767839,ibojanova/BF,CWEBF/XML/cwec_v4.8.xml,8d4e38a22805fc9c70eab23fcc5d3ffc8b0ed096,CVE-2009-2054
517767839,ibojanova/BF,CWEBF/XML/cwec_v4.8.xml,8d4e38a22805fc9c70eab23fcc5d3ffc8b0ed096,CVE-2009-1961
517767839,ibojanova/BF,CWEBF/XML/cwec_v4.8.xml,8d4e38a22805fc9c70eab23fcc5d3ffc8b0ed096,CVE-2009-1955
517767839,ibojanova/BF,CWEBF/XML/cwec_v4.8.xml,8d4e38a22805fc9c70eab23fcc5d3ffc8b0ed096,CVE-2009-1936
517767839,ibojanova/BF,CWEBF/XML/cwec_v4.8.xml,8d4e38a22805fc9c70eab23fcc5d3ffc8b0ed096,CVE-2009-1928
517767839,ibojanova/BF,CWEBF/XML/cwec_v4.8.xml,8d4e38a22805fc9c70eab23fcc5d3ffc8b0ed096,CVE-2009-1837
517767839,ibojanova/BF,CWEBF/XML/cwec_v4.8.xml,8d4e38a22805fc9c70eab23fcc5d3ffc8b0ed096,CVE-2009-1721
517767839,ibojanova/BF,CWEBF/XML/cwec_v4.8.xml,8d4e38a22805fc9c70eab23fcc5d3ffc8b0ed096,CVE-2009-1719
517767839,ibojanova/BF,CWEBF/XML/cwec_v4.8.xml,8d4e38a22805fc9c70eab23fcc5d3ffc8b0ed096,CVE-2009-1709
517767839,ibojanova/BF,CWEBF/XML/cwec_v4.8.xml,8d4e38a22805fc9c70eab23fcc5d3ffc8b0ed096,CVE-2009-1699
517767839,ibojanova/BF,CWEBF/XML/cwec_v4.8.xml,8d4e38a22805fc9c70eab23fcc5d3ffc8b0ed096,CVE-2009-1619
517767839,ibojanova/BF,CWEBF/XML/cwec_v4.8.xml,8d4e38a22805fc9c70eab23fcc5d3ffc8b0ed096,CVE-2009-1603
517767839,ibojanova/BF,CWEBF/XML/cwec_v4.8.xml,8d4e38a22805fc9c70eab23fcc5d3ffc8b0ed096,CVE-2009-1596
517767839,ibojanova/BF,CWEBF/XML/cwec_v4.8.xml,8d4e38a22805fc9c70eab23fcc5d3ffc8b0ed096,CVE-2009-1532
517767839,ibojanova/BF,CWEBF/XML/cwec_v4.8.xml,8d4e38a22805fc9c70eab23fcc5d3ffc8b0ed096,CVE-2009-4895
517767839,ibojanova/BF,CWEBF/XML/cwec_v4.8.xml,8d4e38a22805fc9c70eab23fcc5d3ffc8b0ed096,CVE-2009-5056
517767839,ibojanova/BF,CWEBF/XML/cwec_v4.8.xml,8d4e38a22805fc9c70eab23fcc5d3ffc8b0ed096,CVE-2010-0012
517767839,ibojanova/BF,CWEBF/XML/cwec_v4.8.xml,8d4e38a22805fc9c70eab23fcc5d3ffc8b0ed096,CVE-2011-2014
517767839,ibojanova/BF,CWEBF/XML/cwec_v4.8.xml,8d4e38a22805fc9c70eab23fcc5d3ffc8b0ed096,CVE-2011-1959
517767839,ibojanova/BF,CWEBF/XML/cwec_v4.8.xml,8d4e38a22805fc9c70eab23fcc5d3ffc8b0ed096,CVE-2011-1848
517767839,ibojanova/BF,CWEBF/XML/cwec_v4.8.xml,8d4e38a22805fc9c70eab23fcc5d3ffc8b0ed096,CVE-2011-1755
517767839,ibojanova/BF,CWEBF/XML/cwec_v4.8.xml,8d4e38a22805fc9c70eab23fcc5d3ffc8b0ed096,CVE-2011-1551
517767839,ibojanova/BF,CWEBF/XML/cwec_v4.8.xml,8d4e38a22805fc9c70eab23fcc5d3ffc8b0ed096,CVE-2011-1142
517767839,ibojanova/BF,CWEBF/XML/cwec_v4.8.xml,8d4e38a22805fc9c70eab23fcc5d3ffc8b0ed096,CVE-2011-1027
517767839,ibojanova/BF,CWEBF/XML/cwec_v4.8.xml,8d4e38a22805fc9c70eab23fcc5d3ffc8b0ed096,CVE-2011-1002
517767839,ibojanova/BF,CWEBF/XML/cwec_v4.8.xml,8d4e38a22805fc9c70eab23fcc5d3ffc8b0ed096,CVE-2011-0935
517767839,ibojanova/BF,CWEBF/XML/cwec_v4.8.xml,8d4e38a22805fc9c70eab23fcc5d3ffc8b0ed096,CVE-2011-0712
517767839,ibojanova/BF,CWEBF/XML/cwec_v4.8.xml,8d4e38a22805fc9c70eab23fcc5d3ffc8b0ed096,CVE-2011-0695
517767839,ibojanova/BF,CWEBF/XML/cwec_v4.8.xml,8d4e38a22805fc9c70eab23fcc5d3ffc8b0ed096,CVE-2011-0651
517767839,ibojanova/BF,CWEBF/XML/cwec_v4.8.xml,8d4e38a22805fc9c70eab23fcc5d3ffc8b0ed096,CVE-2011-0611
517767839,ibojanova/BF,CWEBF/XML/cwec_v4.8.xml,8d4e38a22805fc9c70eab23fcc5d3ffc8b0ed096,CVE-2011-0606
517767839,ibojanova/BF,CWEBF/XML/cwec_v4.8.xml,8d4e38a22805fc9c70eab23fcc5d3ffc8b0ed096,CVE-2011-0521
517767839,ibojanova/BF,CWEBF/XML/cwec_v4.8.xml,8d4e38a22805fc9c70eab23fcc5d3ffc8b0ed096,CVE-2011-0348
517767839,ibojanova/BF,CWEBF/XML/cwec_v4.8.xml,8d4e38a22805fc9c70eab23fcc5d3ffc8b0ed096,CVE-2011-0199
517767839,ibojanova/BF,CWEBF/XML/cwec_v4.8.xml,8d4e38a22805fc9c70eab23fcc5d3ffc8b0ed096,CVE-2011-0105
517767839,ibojanova/BF,CWEBF/XML/cwec_v4.8.xml,8d4e38a22805fc9c70eab23fcc5d3ffc8b0ed096,CVE-2010-5185
517767839,ibojanova/BF,CWEBF/XML/cwec_v4.8.xml,8d4e38a22805fc9c70eab23fcc5d3ffc8b0ed096,CVE-2010-4645
517767839,ibojanova/BF,CWEBF/XML/cwec_v4.8.xml,8d4e38a22805fc9c70eab23fcc5d3ffc8b0ed096,CVE-2010-4624
517767839,ibojanova/BF,CWEBF/XML/cwec_v4.8.xml,8d4e38a22805fc9c70eab23fcc5d3ffc8b0ed096,CVE-2010-4593
517767839,ibojanova/BF,CWEBF/XML/cwec_v4.8.xml,8d4e38a22805fc9c70eab23fcc5d3ffc8b0ed096,CVE-2010-4577
517767839,ibojanova/BF,CWEBF/XML/cwec_v4.8.xml,8d4e38a22805fc9c70eab23fcc5d3ffc8b0ed096,CVE-2010-4476
517767839,ibojanova/BF,CWEBF/XML/cwec_v4.8.xml,8d4e38a22805fc9c70eab23fcc5d3ffc8b0ed096,CVE-2010-4210
517767839,ibojanova/BF,CWEBF/XML/cwec_v4.8.xml,8d4e38a22805fc9c70eab23fcc5d3ffc8b0ed096,CVE-2011-2520
517767839,ibojanova/BF,CWEBF/XML/cwec_v4.8.xml,8d4e38a22805fc9c70eab23fcc5d3ffc8b0ed096,CVE-2010-4168
517767839,ibojanova/BF,CWEBF/XML/cwec_v4.8.xml,8d4e38a22805fc9c70eab23fcc5d3ffc8b0ed096,CVE-2011-2701
517767839,ibojanova/BF,CWEBF/XML/cwec_v4.8.xml,8d4e38a22805fc9c70eab23fcc5d3ffc8b0ed096,CVE-2011-2894
517767839,ibojanova/BF,CWEBF/XML/cwec_v4.8.xml,8d4e38a22805fc9c70eab23fcc5d3ffc8b0ed096,CVE-2012-5780
517767839,ibojanova/BF,CWEBF/XML/cwec_v4.8.xml,8d4e38a22805fc9c70eab23fcc5d3ffc8b0ed096,CVE-2012-5656
517767839,ibojanova/BF,CWEBF/XML/cwec_v4.8.xml,8d4e38a22805fc9c70eab23fcc5d3ffc8b0ed096,CVE-2012-4787
517767839,ibojanova/BF,CWEBF/XML/cwec_v4.8.xml,8d4e38a22805fc9c70eab23fcc5d3ffc8b0ed096,CVE-2012-4406
517767839,ibojanova/BF,CWEBF/XML/cwec_v4.8.xml,8d4e38a22805fc9c70eab23fcc5d3ffc8b0ed096,CVE-2012-4399
517767839,ibojanova/BF,CWEBF/XML/cwec_v4.8.xml,8d4e38a22805fc9c70eab23fcc5d3ffc8b0ed096,CVE-2012-3527
517767839,ibojanova/BF,CWEBF/XML/cwec_v4.8.xml,8d4e38a22805fc9c70eab23fcc5d3ffc8b0ed096,CVE-2012-3489
517767839,ibojanova/BF,CWEBF/XML/cwec_v4.8.xml,8d4e38a22805fc9c70eab23fcc5d3ffc8b0ed096,CVE-2012-3446
517767839,ibojanova/BF,CWEBF/XML/cwec_v4.8.xml,8d4e38a22805fc9c70eab23fcc5d3ffc8b0ed096,CVE-2012-3363
517767839,ibojanova/BF,CWEBF/XML/cwec_v4.8.xml,8d4e38a22805fc9c70eab23fcc5d3ffc8b0ed096,CVE-2012-2993
517767839,ibojanova/BF,CWEBF/XML/cwec_v4.8.xml,8d4e38a22805fc9c70eab23fcc5d3ffc8b0ed096,CVE-2012-2292
517767839,ibojanova/BF,CWEBF/XML/cwec_v4.8.xml,8d4e38a22805fc9c70eab23fcc5d3ffc8b0ed096,CVE-2012-2239
517767839,ibojanova/BF,CWEBF/XML/cwec_v4.8.xml,8d4e38a22805fc9c70eab23fcc5d3ffc8b0ed096,CVE-2012-2100
517767839,ibojanova/BF,CWEBF/XML/cwec_v4.8.xml,8d4e38a22805fc9c70eab23fcc5d3ffc8b0ed096,CVE-2012-2055
517767839,ibojanova/BF,CWEBF/XML/cwec_v4.8.xml,8d4e38a22805fc9c70eab23fcc5d3ffc8b0ed096,CVE-2012-2054
517767839,ibojanova/BF,CWEBF/XML/cwec_v4.8.xml,8d4e38a22805fc9c70eab23fcc5d3ffc8b0ed096,CVE-2012-1988
517767839,ibojanova/BF,CWEBF/XML/cwec_v4.8.xml,8d4e38a22805fc9c70eab23fcc5d3ffc8b0ed096,CVE-2012-1833
517767839,ibojanova/BF,CWEBF/XML/cwec_v4.8.xml,8d4e38a22805fc9c70eab23fcc5d3ffc8b0ed096,CVE-2012-0911
517767839,ibojanova/BF,CWEBF/XML/cwec_v4.8.xml,8d4e38a22805fc9c70eab23fcc5d3ffc8b0ed096,CVE-2012-0867
517767839,ibojanova/BF,CWEBF/XML/cwec_v4.8.xml,8d4e38a22805fc9c70eab23fcc5d3ffc8b0ed096,CVE-2012-0584
517767839,ibojanova/BF,CWEBF/XML/cwec_v4.8.xml,8d4e38a22805fc9c70eab23fcc5d3ffc8b0ed096,CVE-2012-0037
517767839,ibojanova/BF,CWEBF/XML/cwec_v4.8.xml,8d4e38a22805fc9c70eab23fcc5d3ffc8b0ed096,CVE-2011-4962
517767839,ibojanova/BF,CWEBF/XML/cwec_v4.8.xml,8d4e38a22805fc9c70eab23fcc5d3ffc8b0ed096,CVE-2011-4107
517767839,ibojanova/BF,CWEBF/XML/cwec_v4.8.xml,8d4e38a22805fc9c70eab23fcc5d3ffc8b0ed096,CVE-2011-3389
517767839,ibojanova/BF,CWEBF/XML/cwec_v4.8.xml,8d4e38a22805fc9c70eab23fcc5d3ffc8b0ed096,CVE-2011-3288
517767839,ibojanova/BF,CWEBF/XML/cwec_v4.8.xml,8d4e38a22805fc9c70eab23fcc5d3ffc8b0ed096,CVE-2011-2730
517767839,ibojanova/BF,CWEBF/XML/cwec_v4.8.xml,8d4e38a22805fc9c70eab23fcc5d3ffc8b0ed096,CVE-2010-4156
517767839,ibojanova/BF,CWEBF/XML/cwec_v4.8.xml,8d4e38a22805fc9c70eab23fcc5d3ffc8b0ed096,CVE-2010-3860
517767839,ibojanova/BF,CWEBF/XML/cwec_v4.8.xml,8d4e38a22805fc9c70eab23fcc5d3ffc8b0ed096,CVE-2010-3716
517767839,ibojanova/BF,CWEBF/XML/cwec_v4.8.xml,8d4e38a22805fc9c70eab23fcc5d3ffc8b0ed096,CVE-2010-2076
517767839,ibojanova/BF,CWEBF/XML/cwec_v4.8.xml,8d4e38a22805fc9c70eab23fcc5d3ffc8b0ed096,CVE-2010-2074
517767839,ibojanova/BF,CWEBF/XML/cwec_v4.8.xml,8d4e38a22805fc9c70eab23fcc5d3ffc8b0ed096,CVE-2010-2073
517767839,ibojanova/BF,CWEBF/XML/cwec_v4.8.xml,8d4e38a22805fc9c70eab23fcc5d3ffc8b0ed096,CVE-2010-1866
517767839,ibojanova/BF,CWEBF/XML/cwec_v4.8.xml,8d4e38a22805fc9c70eab23fcc5d3ffc8b0ed096,CVE-2010-1818
517767839,ibojanova/BF,CWEBF/XML/cwec_v4.8.xml,8d4e38a22805fc9c70eab23fcc5d3ffc8b0ed096,CVE-2010-1795
517767839,ibojanova/BF,CWEBF/XML/cwec_v4.8.xml,8d4e38a22805fc9c70eab23fcc5d3ffc8b0ed096,CVE-2010-1772
517767839,ibojanova/BF,CWEBF/XML/cwec_v4.8.xml,8d4e38a22805fc9c70eab23fcc5d3ffc8b0ed096,CVE-2010-1637
517767839,ibojanova/BF,CWEBF/XML/cwec_v4.8.xml,8d4e38a22805fc9c70eab23fcc5d3ffc8b0ed096,CVE-2010-1573
517767839,ibojanova/BF,CWEBF/XML/cwec_v4.8.xml,8d4e38a22805fc9c70eab23fcc5d3ffc8b0ed096,CVE-2010-1437
517767839,ibojanova/BF,CWEBF/XML/cwec_v4.8.xml,8d4e38a22805fc9c70eab23fcc5d3ffc8b0ed096,CVE-2010-1378
517767839,ibojanova/BF,CWEBF/XML/cwec_v4.8.xml,8d4e38a22805fc9c70eab23fcc5d3ffc8b0ed096,CVE-2010-1281
517767839,ibojanova/BF,CWEBF/XML/cwec_v4.8.xml,8d4e38a22805fc9c70eab23fcc5d3ffc8b0ed096,CVE-2010-1253
517767839,ibojanova/BF,CWEBF/XML/cwec_v4.8.xml,8d4e38a22805fc9c70eab23fcc5d3ffc8b0ed096,CVE-2010-1208
517767839,ibojanova/BF,CWEBF/XML/cwec_v4.8.xml,8d4e38a22805fc9c70eab23fcc5d3ffc8b0ed096,CVE-2010-0629
517767839,ibojanova/BF,CWEBF/XML/cwec_v4.8.xml,8d4e38a22805fc9c70eab23fcc5d3ffc8b0ed096,CVE-2010-0623
517767839,ibojanova/BF,CWEBF/XML/cwec_v4.8.xml,8d4e38a22805fc9c70eab23fcc5d3ffc8b0ed096,CVE-2010-0467
517767839,ibojanova/BF,CWEBF/XML/cwec_v4.8.xml,8d4e38a22805fc9c70eab23fcc5d3ffc8b0ed096,CVE-2010-0378
517767839,ibojanova/BF,CWEBF/XML/cwec_v4.8.xml,8d4e38a22805fc9c70eab23fcc5d3ffc8b0ed096,CVE-2010-0302
517767839,ibojanova/BF,CWEBF/XML/cwec_v4.8.xml,8d4e38a22805fc9c70eab23fcc5d3ffc8b0ed096,CVE-2010-0258
517767839,ibojanova/BF,CWEBF/XML/cwec_v4.8.xml,8d4e38a22805fc9c70eab23fcc5d3ffc8b0ed096,CVE-2010-0249
517767839,ibojanova/BF,CWEBF/XML/cwec_v4.8.xml,8d4e38a22805fc9c70eab23fcc5d3ffc8b0ed096,CVE-2010-0211
517767839,ibojanova/BF,CWEBF/XML/cwec_v4.8.xml,8d4e38a22805fc9c70eab23fcc5d3ffc8b0ed096,CVE-2010-0176
517767839,ibojanova/BF,CWEBF/XML/cwec_v4.8.xml,8d4e38a22805fc9c70eab23fcc5d3ffc8b0ed096,CVE-2010-0050
517767839,ibojanova/BF,CWEBF/XML/cwec_v4.8.xml,8d4e38a22805fc9c70eab23fcc5d3ffc8b0ed096,CVE-2010-0013
517767839,ibojanova/BF,CWEBF/XML/cwec_v4.8.xml,8d4e38a22805fc9c70eab23fcc5d3ffc8b0ed096,CVE-2010-2160
517767839,ibojanova/BF,CWEBF/XML/cwec_v4.8.xml,8d4e38a22805fc9c70eab23fcc5d3ffc8b0ed096,CVE-2010-2299
517767839,ibojanova/BF,CWEBF/XML/cwec_v4.8.xml,8d4e38a22805fc9c70eab23fcc5d3ffc8b0ed096,CVE-2010-2530
517767839,ibojanova/BF,CWEBF/XML/cwec_v4.8.xml,8d4e38a22805fc9c70eab23fcc5d3ffc8b0ed096,CVE-2010-2534
517767839,ibojanova/BF,CWEBF/XML/cwec_v4.8.xml,8d4e38a22805fc9c70eab23fcc5d3ffc8b0ed096,CVE-2010-3704
517767839,ibojanova/BF,CWEBF/XML/cwec_v4.8.xml,8d4e38a22805fc9c70eab23fcc5d3ffc8b0ed096,CVE-2010-3701
517767839,ibojanova/BF,CWEBF/XML/cwec_v4.8.xml,8d4e38a22805fc9c70eab23fcc5d3ffc8b0ed096,CVE-2010-3636
517767839,ibojanova/BF,CWEBF/XML/cwec_v4.8.xml,8d4e38a22805fc9c70eab23fcc5d3ffc8b0ed096,CVE-2010-3402
517767839,ibojanova/BF,CWEBF/XML/cwec_v4.8.xml,8d4e38a22805fc9c70eab23fcc5d3ffc8b0ed096,CVE-2010-3397
517767839,ibojanova/BF,CWEBF/XML/cwec_v4.8.xml,8d4e38a22805fc9c70eab23fcc5d3ffc8b0ed096,CVE-2010-3328
517767839,ibojanova/BF,CWEBF/XML/cwec_v4.8.xml,8d4e38a22805fc9c70eab23fcc5d3ffc8b0ed096,CVE-2010-3322
517767839,ibojanova/BF,CWEBF/XML/cwec_v4.8.xml,8d4e38a22805fc9c70eab23fcc5d3ffc8b0ed096,CVE-2010-3258
517767839,ibojanova/BF,CWEBF/XML/cwec_v4.8.xml,8d4e38a22805fc9c70eab23fcc5d3ffc8b0ed096,CVE-2010-3257
517767839,ibojanova/BF,CWEBF/XML/cwec_v4.8.xml,8d4e38a22805fc9c70eab23fcc5d3ffc8b0ed096,CVE-2010-3189
517767839,ibojanova/BF,CWEBF/XML/cwec_v4.8.xml,8d4e38a22805fc9c70eab23fcc5d3ffc8b0ed096,CVE-2010-3152
517767839,ibojanova/BF,CWEBF/XML/cwec_v4.8.xml,8d4e38a22805fc9c70eab23fcc5d3ffc8b0ed096,CVE-2010-3147
517767839,ibojanova/BF,CWEBF/XML/cwec_v4.8.xml,8d4e38a22805fc9c70eab23fcc5d3ffc8b0ed096,MS08-014
517767839,ibojanova/BF,CWEBF/XML/cwec_v4.8.xml,8d4e38a22805fc9c70eab23fcc5d3ffc8b0ed096,CVE-2010-3138
517767839,ibojanova/BF,CWEBF/XML/cwec_v4.8.xml,8d4e38a22805fc9c70eab23fcc5d3ffc8b0ed096,CVE-2010-3131
517767839,ibojanova/BF,CWEBF/XML/cwec_v4.8.xml,8d4e38a22805fc9c70eab23fcc5d3ffc8b0ed096,CVE-2010-2941
517767839,ibojanova/BF,CWEBF/XML/cwec_v4.8.xml,8d4e38a22805fc9c70eab23fcc5d3ffc8b0ed096,CVE-2010-2878
517767839,ibojanova/BF,CWEBF/XML/cwec_v4.8.xml,8d4e38a22805fc9c70eab23fcc5d3ffc8b0ed096,CVE-2010-2873
517767839,ibojanova/BF,CWEBF/XML/cwec_v4.8.xml,8d4e38a22805fc9c70eab23fcc5d3ffc8b0ed096,CVE-2010-2872
517767839,ibojanova/BF,CWEBF/XML/cwec_v4.8.xml,8d4e38a22805fc9c70eab23fcc5d3ffc8b0ed096,CVE-2010-2867
517767839,ibojanova/BF,CWEBF/XML/cwec_v4.8.xml,8d4e38a22805fc9c70eab23fcc5d3ffc8b0ed096,CVE-2010-2866
517767839,ibojanova/BF,CWEBF/XML/cwec_v4.8.xml,8d4e38a22805fc9c70eab23fcc5d3ffc8b0ed096,CVE-2010-2772
517767839,ibojanova/BF,CWEBF/XML/cwec_v4.8.xml,8d4e38a22805fc9c70eab23fcc5d3ffc8b0ed096,CVE-2010-2753
517767839,ibojanova/BF,CWEBF/XML/cwec_v4.8.xml,8d4e38a22805fc9c70eab23fcc5d3ffc8b0ed096,CVE-2010-2620
517767839,ibojanova/BF,CWEBF/XML/cwec_v4.8.xml,8d4e38a22805fc9c70eab23fcc5d3ffc8b0ed096,CVE-2010-2549
517767839,ibojanova/BF,CWEBF/XML/cwec_v4.8.xml,8d4e38a22805fc9c70eab23fcc5d3ffc8b0ed096,CVE-2010-2547
517767839,ibojanova/BF,CWEBF/XML/cwec_v4.8.xml,8d4e38a22805fc9c70eab23fcc5d3ffc8b0ed096,CVE-2010-3135
517767839,ibojanova/BF,CWEBF/XML/cwec_v4.8.xml,8d4e38a22805fc9c70eab23fcc5d3ffc8b0ed096,CVE-2005-2162
517767839,ibojanova/BF,CWEBF/XML/cwec_v4.8.xml,8d4e38a22805fc9c70eab23fcc5d3ffc8b0ed096,CVE-2005-2169
517767839,ibojanova/BF,CWEBF/XML/cwec_v4.8.xml,8d4e38a22805fc9c70eab23fcc5d3ffc8b0ed096,CVE-2005-2157
517767839,ibojanova/BF,CWEBF/XML/cwec_v4.8.xml,8d4e38a22805fc9c70eab23fcc5d3ffc8b0ed096,CVE-2002-0637
517767839,ibojanova/BF,CWEBF/XML/cwec_v4.8.xml,8d4e38a22805fc9c70eab23fcc5d3ffc8b0ed096,CVE-2002-0628
517767839,ibojanova/BF,CWEBF/XML/cwec_v4.8.xml,8d4e38a22805fc9c70eab23fcc5d3ffc8b0ed096,CVE-2002-0614
517767839,ibojanova/BF,CWEBF/XML/cwec_v4.8.xml,8d4e38a22805fc9c70eab23fcc5d3ffc8b0ed096,CVE-2002-0596
517767839,ibojanova/BF,CWEBF/XML/cwec_v4.8.xml,8d4e38a22805fc9c70eab23fcc5d3ffc8b0ed096,CVE-2002-0583
517767839,ibojanova/BF,CWEBF/XML/cwec_v4.8.xml,8d4e38a22805fc9c70eab23fcc5d3ffc8b0ed096,CVE-2002-0574
517767839,ibojanova/BF,CWEBF/XML/cwec_v4.8.xml,8d4e38a22805fc9c70eab23fcc5d3ffc8b0ed096,CVE-2002-0573
517767839,ibojanova/BF,CWEBF/XML/cwec_v4.8.xml,8d4e38a22805fc9c70eab23fcc5d3ffc8b0ed096,CVE-2002-0567
517767839,ibojanova/BF,CWEBF/XML/cwec_v4.8.xml,8d4e38a22805fc9c70eab23fcc5d3ffc8b0ed096,CVE-2002-0542
517767839,ibojanova/BF,CWEBF/XML/cwec_v4.8.xml,8d4e38a22805fc9c70eab23fcc5d3ffc8b0ed096,CVE-2002-0515
517767839,ibojanova/BF,CWEBF/XML/cwec_v4.8.xml,8d4e38a22805fc9c70eab23fcc5d3ffc8b0ed096,CVE-2002-0514
517767839,ibojanova/BF,CWEBF/XML/cwec_v4.8.xml,8d4e38a22805fc9c70eab23fcc5d3ffc8b0ed096,CVE-2002-0499
517767839,ibojanova/BF,CWEBF/XML/cwec_v4.8.xml,8d4e38a22805fc9c70eab23fcc5d3ffc8b0ed096,CVE-2002-0495
517767839,ibojanova/BF,CWEBF/XML/cwec_v4.8.xml,8d4e38a22805fc9c70eab23fcc5d3ffc8b0ed096,CVE-2002-0485
517767839,ibojanova/BF,CWEBF/XML/cwec_v4.8.xml,8d4e38a22805fc9c70eab23fcc5d3ffc8b0ed096,CVE-2002-0466
517767839,ibojanova/BF,CWEBF/XML/cwec_v4.8.xml,8d4e38a22805fc9c70eab23fcc5d3ffc8b0ed096,CVE-2002-0433
517767839,ibojanova/BF,CWEBF/XML/cwec_v4.8.xml,8d4e38a22805fc9c70eab23fcc5d3ffc8b0ed096,CVE-2002-0422
517767839,ibojanova/BF,CWEBF/XML/cwec_v4.8.xml,8d4e38a22805fc9c70eab23fcc5d3ffc8b0ed096,CVE-2002-0406
517767839,ibojanova/BF,CWEBF/XML/cwec_v4.8.xml,8d4e38a22805fc9c70eab23fcc5d3ffc8b0ed096,CVE-2002-0401
517767839,ibojanova/BF,CWEBF/XML/cwec_v4.8.xml,8d4e38a22805fc9c70eab23fcc5d3ffc8b0ed096,CVE-2002-0391
517767839,ibojanova/BF,CWEBF/XML/cwec_v4.8.xml,8d4e38a22805fc9c70eab23fcc5d3ffc8b0ed096,CVE-2002-0389
517767839,ibojanova/BF,CWEBF/XML/cwec_v4.8.xml,8d4e38a22805fc9c70eab23fcc5d3ffc8b0ed096,CVE-2002-0367
517767839,ibojanova/BF,CWEBF/XML/cwec_v4.8.xml,8d4e38a22805fc9c70eab23fcc5d3ffc8b0ed096,CVE-2002-0325
517767839,ibojanova/BF,CWEBF/XML/cwec_v4.8.xml,8d4e38a22805fc9c70eab23fcc5d3ffc8b0ed096,CVE-2002-0304
517767839,ibojanova/BF,CWEBF/XML/cwec_v4.8.xml,8d4e38a22805fc9c70eab23fcc5d3ffc8b0ed096,CVE-2002-0298
517767839,ibojanova/BF,CWEBF/XML/cwec_v4.8.xml,8d4e38a22805fc9c70eab23fcc5d3ffc8b0ed096,CVE-2002-0638
517767839,ibojanova/BF,CWEBF/XML/cwec_v4.8.xml,8d4e38a22805fc9c70eab23fcc5d3ffc8b0ed096,CVE-2002-0288
517767839,ibojanova/BF,CWEBF/XML/cwec_v4.8.xml,8d4e38a22805fc9c70eab23fcc5d3ffc8b0ed096,CVE-2002-0639
517767839,ibojanova/BF,CWEBF/XML/cwec_v4.8.xml,8d4e38a22805fc9c70eab23fcc5d3ffc8b0ed096,CVE-2002-0661
517767839,ibojanova/BF,CWEBF/XML/cwec_v4.8.xml,8d4e38a22805fc9c70eab23fcc5d3ffc8b0ed096,CVE-2002-0969
517767839,ibojanova/BF,CWEBF/XML/cwec_v4.8.xml,8d4e38a22805fc9c70eab23fcc5d3ffc8b0ed096,CVE-2002-0946
517767839,ibojanova/BF,CWEBF/XML/cwec_v4.8.xml,8d4e38a22805fc9c70eab23fcc5d3ffc8b0ed096,CVE-2002-0943
517767839,ibojanova/BF,CWEBF/XML/cwec_v4.8.xml,8d4e38a22805fc9c70eab23fcc5d3ffc8b0ed096,CVE-2002-0938
517767839,ibojanova/BF,CWEBF/XML/cwec_v4.8.xml,8d4e38a22805fc9c70eab23fcc5d3ffc8b0ed096,CVE-2002-0934
517767839,ibojanova/BF,CWEBF/XML/cwec_v4.8.xml,8d4e38a22805fc9c70eab23fcc5d3ffc8b0ed096,CVE-2002-0918
517767839,ibojanova/BF,CWEBF/XML/cwec_v4.8.xml,8d4e38a22805fc9c70eab23fcc5d3ffc8b0ed096,CVE-2002-0903
517767839,ibojanova/BF,CWEBF/XML/cwec_v4.8.xml,8d4e38a22805fc9c70eab23fcc5d3ffc8b0ed096,CVE-2002-0870
517767839,ibojanova/BF,CWEBF/XML/cwec_v4.8.xml,8d4e38a22805fc9c70eab23fcc5d3ffc8b0ed096,CVE-2002-0862
517767839,ibojanova/BF,CWEBF/XML/cwec_v4.8.xml,8d4e38a22805fc9c70eab23fcc5d3ffc8b0ed096,CVE-2002-0844
517767839,ibojanova/BF,CWEBF/XML/cwec_v4.8.xml,8d4e38a22805fc9c70eab23fcc5d3ffc8b0ed096,CVE-2002-0840
517767839,ibojanova/BF,CWEBF/XML/cwec_v4.8.xml,8d4e38a22805fc9c70eab23fcc5d3ffc8b0ed096,CVE-2002-0804
517767839,ibojanova/BF,CWEBF/XML/cwec_v4.8.xml,8d4e38a22805fc9c70eab23fcc5d3ffc8b0ed096,CVE-2002-0802
517767839,ibojanova/BF,CWEBF/XML/cwec_v4.8.xml,8d4e38a22805fc9c70eab23fcc5d3ffc8b0ed096,CVE-2002-0793
517767839,ibojanova/BF,CWEBF/XML/cwec_v4.8.xml,8d4e38a22805fc9c70eab23fcc5d3ffc8b0ed096,CVE-2002-0788
517767839,ibojanova/BF,CWEBF/XML/cwec_v4.8.xml,8d4e38a22805fc9c70eab23fcc5d3ffc8b0ed096,CVE-2002-0784
517767839,ibojanova/BF,CWEBF/XML/cwec_v4.8.xml,8d4e38a22805fc9c70eab23fcc5d3ffc8b0ed096,CVE-2002-0770
517767839,ibojanova/BF,CWEBF/XML/cwec_v4.8.xml,8d4e38a22805fc9c70eab23fcc5d3ffc8b0ed096,CVE-2002-0764
517767839,ibojanova/BF,CWEBF/XML/cwec_v4.8.xml,8d4e38a22805fc9c70eab23fcc5d3ffc8b0ed096,CVE-2002-0760
517767839,ibojanova/BF,CWEBF/XML/cwec_v4.8.xml,8d4e38a22805fc9c70eab23fcc5d3ffc8b0ed096,CVE-2002-0738
517767839,ibojanova/BF,CWEBF/XML/cwec_v4.8.xml,8d4e38a22805fc9c70eab23fcc5d3ffc8b0ed096,CVE-2002-0729
517767839,ibojanova/BF,CWEBF/XML/cwec_v4.8.xml,8d4e38a22805fc9c70eab23fcc5d3ffc8b0ed096,CVE-2002-0725
517767839,ibojanova/BF,CWEBF/XML/cwec_v4.8.xml,8d4e38a22805fc9c70eab23fcc5d3ffc8b0ed096,CVE-2002-0722
517767839,ibojanova/BF,CWEBF/XML/cwec_v4.8.xml,8d4e38a22805fc9c70eab23fcc5d3ffc8b0ed096,CVE-2002-0704
517767839,ibojanova/BF,CWEBF/XML/cwec_v4.8.xml,8d4e38a22805fc9c70eab23fcc5d3ffc8b0ed096,CVE-2002-0671
517767839,ibojanova/BF,CWEBF/XML/cwec_v4.8.xml,8d4e38a22805fc9c70eab23fcc5d3ffc8b0ed096,CVE-2002-0653
517767839,ibojanova/BF,CWEBF/XML/cwec_v4.8.xml,8d4e38a22805fc9c70eab23fcc5d3ffc8b0ed096,CVE-2002-0970
517767839,ibojanova/BF,CWEBF/XML/cwec_v4.8.xml,8d4e38a22805fc9c70eab23fcc5d3ffc8b0ed096,CVE-2002-0275
517767839,ibojanova/BF,CWEBF/XML/cwec_v4.8.xml,8d4e38a22805fc9c70eab23fcc5d3ffc8b0ed096,CVE-2002-0265
517767839,ibojanova/BF,CWEBF/XML/cwec_v4.8.xml,8d4e38a22805fc9c70eab23fcc5d3ffc8b0ed096,CVE-2001-1551
517767839,ibojanova/BF,CWEBF/XML/cwec_v4.8.xml,8d4e38a22805fc9c70eab23fcc5d3ffc8b0ed096,CVE-2001-1550
517767839,ibojanova/BF,CWEBF/XML/cwec_v4.8.xml,8d4e38a22805fc9c70eab23fcc5d3ffc8b0ed096,CVE-2001-1546
517767839,ibojanova/BF,CWEBF/XML/cwec_v4.8.xml,8d4e38a22805fc9c70eab23fcc5d3ffc8b0ed096,CVE-2001-1537
517767839,ibojanova/BF,CWEBF/XML/cwec_v4.8.xml,8d4e38a22805fc9c70eab23fcc5d3ffc8b0ed096,CVE-2001-1536
517767839,ibojanova/BF,CWEBF/XML/cwec_v4.8.xml,8d4e38a22805fc9c70eab23fcc5d3ffc8b0ed096,CVE-2001-1528
517767839,ibojanova/BF,CWEBF/XML/cwec_v4.8.xml,8d4e38a22805fc9c70eab23fcc5d3ffc8b0ed096,CVE-2001-1527
517767839,ibojanova/BF,CWEBF/XML/cwec_v4.8.xml,8d4e38a22805fc9c70eab23fcc5d3ffc8b0ed096,CVE-2001-1517
517767839,ibojanova/BF,CWEBF/XML/cwec_v4.8.xml,8d4e38a22805fc9c70eab23fcc5d3ffc8b0ed096,CVE-2001-1515
517767839,ibojanova/BF,CWEBF/XML/cwec_v4.8.xml,8d4e38a22805fc9c70eab23fcc5d3ffc8b0ed096,CVE-2001-1514
517767839,ibojanova/BF,CWEBF/XML/cwec_v4.8.xml,8d4e38a22805fc9c70eab23fcc5d3ffc8b0ed096,CVE-2001-1509
517767839,ibojanova/BF,CWEBF/XML/cwec_v4.8.xml,8d4e38a22805fc9c70eab23fcc5d3ffc8b0ed096,CVE-2001-1501
517767839,ibojanova/BF,CWEBF/XML/cwec_v4.8.xml,8d4e38a22805fc9c70eab23fcc5d3ffc8b0ed096,CVE-2001-1500
517767839,ibojanova/BF,CWEBF/XML/cwec_v4.8.xml,8d4e38a22805fc9c70eab23fcc5d3ffc8b0ed096,CVE-2001-1497
517767839,ibojanova/BF,CWEBF/XML/cwec_v4.8.xml,8d4e38a22805fc9c70eab23fcc5d3ffc8b0ed096,CVE-2001-1496
517767839,ibojanova/BF,CWEBF/XML/cwec_v4.8.xml,8d4e38a22805fc9c70eab23fcc5d3ffc8b0ed096,CVE-2001-1494
517767839,ibojanova/BF,CWEBF/XML/cwec_v4.8.xml,8d4e38a22805fc9c70eab23fcc5d3ffc8b0ed096,CVE-2001-1488
517767839,ibojanova/BF,CWEBF/XML/cwec_v4.8.xml,8d4e38a22805fc9c70eab23fcc5d3ffc8b0ed096,CVE-2001-1484
517767839,ibojanova/BF,CWEBF/XML/cwec_v4.8.xml,8d4e38a22805fc9c70eab23fcc5d3ffc8b0ed096,CVE-2001-1483
517767839,ibojanova/BF,CWEBF/XML/cwec_v4.8.xml,8d4e38a22805fc9c70eab23fcc5d3ffc8b0ed096,CVE-2001-1481
517767839,ibojanova/BF,CWEBF/XML/cwec_v4.8.xml,8d4e38a22805fc9c70eab23fcc5d3ffc8b0ed096,CVE-2001-1480
517767839,ibojanova/BF,CWEBF/XML/cwec_v4.8.xml,8d4e38a22805fc9c70eab23fcc5d3ffc8b0ed096,CVE-2001-1471
517767839,ibojanova/BF,CWEBF/XML/cwec_v4.8.xml,8d4e38a22805fc9c70eab23fcc5d3ffc8b0ed096,CVE-2001-1452
517767839,ibojanova/BF,CWEBF/XML/cwec_v4.8.xml,8d4e38a22805fc9c70eab23fcc5d3ffc8b0ed096,CVE-2001-1444
517767839,ibojanova/BF,CWEBF/XML/cwec_v4.8.xml,8d4e38a22805fc9c70eab23fcc5d3ffc8b0ed096,CVE-2001-1410
517767839,ibojanova/BF,CWEBF/XML/cwec_v4.8.xml,8d4e38a22805fc9c70eab23fcc5d3ffc8b0ed096,CVE-2001-1555
517767839,ibojanova/BF,CWEBF/XML/cwec_v4.8.xml,8d4e38a22805fc9c70eab23fcc5d3ffc8b0ed096,CVE-2002-0267
517767839,ibojanova/BF,CWEBF/XML/cwec_v4.8.xml,8d4e38a22805fc9c70eab23fcc5d3ffc8b0ed096,CVE-2001-1556
517767839,ibojanova/BF,CWEBF/XML/cwec_v4.8.xml,8d4e38a22805fc9c70eab23fcc5d3ffc8b0ed096,CVE-2001-1564
517767839,ibojanova/BF,CWEBF/XML/cwec_v4.8.xml,8d4e38a22805fc9c70eab23fcc5d3ffc8b0ed096,CVE-2002-0253
517767839,ibojanova/BF,CWEBF/XML/cwec_v4.8.xml,8d4e38a22805fc9c70eab23fcc5d3ffc8b0ed096,CVE-2002-0216
517767839,ibojanova/BF,CWEBF/XML/cwec_v4.8.xml,8d4e38a22805fc9c70eab23fcc5d3ffc8b0ed096,CVE-2002-0208
517767839,ibojanova/BF,CWEBF/XML/cwec_v4.8.xml,8d4e38a22805fc9c70eab23fcc5d3ffc8b0ed096,CVE-2002-0200
517767839,ibojanova/BF,CWEBF/XML/cwec_v4.8.xml,8d4e38a22805fc9c70eab23fcc5d3ffc8b0ed096,CVE-2002-0197
517767839,ibojanova/BF,CWEBF/XML/cwec_v4.8.xml,8d4e38a22805fc9c70eab23fcc5d3ffc8b0ed096,CVE-2002-0184
517767839,ibojanova/BF,CWEBF/XML/cwec_v4.8.xml,8d4e38a22805fc9c70eab23fcc5d3ffc8b0ed096,CVE-2002-0160
517767839,ibojanova/BF,CWEBF/XML/cwec_v4.8.xml,8d4e38a22805fc9c70eab23fcc5d3ffc8b0ed096,CVE-2002-0118
517767839,ibojanova/BF,CWEBF/XML/cwec_v4.8.xml,8d4e38a22805fc9c70eab23fcc5d3ffc8b0ed096,CVE-2002-0117
517767839,ibojanova/BF,CWEBF/XML/cwec_v4.8.xml,8d4e38a22805fc9c70eab23fcc5d3ffc8b0ed096,CVE-2002-0112
517767839,ibojanova/BF,CWEBF/XML/cwec_v4.8.xml,8d4e38a22805fc9c70eab23fcc5d3ffc8b0ed096,CVE-2002-0108
517767839,ibojanova/BF,CWEBF/XML/cwec_v4.8.xml,8d4e38a22805fc9c70eab23fcc5d3ffc8b0ed096,CVE-2002-0107
517767839,ibojanova/BF,CWEBF/XML/cwec_v4.8.xml,8d4e38a22805fc9c70eab23fcc5d3ffc8b0ed096,CVE-2002-0106
517767839,ibojanova/BF,CWEBF/XML/cwec_v4.8.xml,8d4e38a22805fc9c70eab23fcc5d3ffc8b0ed096,CVE-2002-0083
517767839,ibojanova/BF,CWEBF/XML/cwec_v4.8.xml,8d4e38a22805fc9c70eab23fcc5d3ffc8b0ed096,CVE-2002-0080
517767839,ibojanova/BF,CWEBF/XML/cwec_v4.8.xml,8d4e38a22805fc9c70eab23fcc5d3ffc8b0ed096,CVE-2002-0066
517767839,ibojanova/BF,CWEBF/XML/cwec_v4.8.xml,8d4e38a22805fc9c70eab23fcc5d3ffc8b0ed096,CVE-2002-0061
517767839,ibojanova/BF,CWEBF/XML/cwec_v4.8.xml,8d4e38a22805fc9c70eab23fcc5d3ffc8b0ed096,CVE-2002-0059
517767839,ibojanova/BF,CWEBF/XML/cwec_v4.8.xml,8d4e38a22805fc9c70eab23fcc5d3ffc8b0ed096,CVE-2002-0051
517767839,ibojanova/BF,CWEBF/XML/cwec_v4.8.xml,8d4e38a22805fc9c70eab23fcc5d3ffc8b0ed096,CVE-2002-0025
517767839,ibojanova/BF,CWEBF/XML/cwec_v4.8.xml,8d4e38a22805fc9c70eab23fcc5d3ffc8b0ed096,CVE-2002-0018
517767839,ibojanova/BF,CWEBF/XML/cwec_v4.8.xml,8d4e38a22805fc9c70eab23fcc5d3ffc8b0ed096,CVE-2002-0001
517767839,ibojanova/BF,CWEBF/XML/cwec_v4.8.xml,8d4e38a22805fc9c70eab23fcc5d3ffc8b0ed096,CVE-2001-1585
517767839,ibojanova/BF,CWEBF/XML/cwec_v4.8.xml,8d4e38a22805fc9c70eab23fcc5d3ffc8b0ed096,CVE-2001-1567
517767839,ibojanova/BF,CWEBF/XML/cwec_v4.8.xml,8d4e38a22805fc9c70eab23fcc5d3ffc8b0ed096,CVE-2001-1565
517767839,ibojanova/BF,CWEBF/XML/cwec_v4.8.xml,8d4e38a22805fc9c70eab23fcc5d3ffc8b0ed096,CVE-2001-1559
517767839,ibojanova/BF,CWEBF/XML/cwec_v4.8.xml,8d4e38a22805fc9c70eab23fcc5d3ffc8b0ed096,CVE-2001-1391
517767839,ibojanova/BF,CWEBF/XML/cwec_v4.8.xml,8d4e38a22805fc9c70eab23fcc5d3ffc8b0ed096,CVE-2002-0971
517767839,ibojanova/BF,CWEBF/XML/cwec_v4.8.xml,8d4e38a22805fc9c70eab23fcc5d3ffc8b0ed096,CVE-2002-0985
517767839,ibojanova/BF,CWEBF/XML/cwec_v4.8.xml,8d4e38a22805fc9c70eab23fcc5d3ffc8b0ed096,CVE-2002-1772
517767839,ibojanova/BF,CWEBF/XML/cwec_v4.8.xml,8d4e38a22805fc9c70eab23fcc5d3ffc8b0ed096,CVE-2002-1771
517767839,ibojanova/BF,CWEBF/XML/cwec_v4.8.xml,8d4e38a22805fc9c70eab23fcc5d3ffc8b0ed096,CVE-2002-1770
517767839,ibojanova/BF,CWEBF/XML/cwec_v4.8.xml,8d4e38a22805fc9c70eab23fcc5d3ffc8b0ed096,CVE-2002-1759
517767839,ibojanova/BF,CWEBF/XML/cwec_v4.8.xml,8d4e38a22805fc9c70eab23fcc5d3ffc8b0ed096,CVE-2002-1757
517767839,ibojanova/BF,CWEBF/XML/cwec_v4.8.xml,8d4e38a22805fc9c70eab23fcc5d3ffc8b0ed096,CVE-2002-1753
517767839,ibojanova/BF,CWEBF/XML/cwec_v4.8.xml,8d4e38a22805fc9c70eab23fcc5d3ffc8b0ed096,CVE-2002-1752
517767839,ibojanova/BF,CWEBF/XML/cwec_v4.8.xml,8d4e38a22805fc9c70eab23fcc5d3ffc8b0ed096,CVE-2002-1750
517767839,ibojanova/BF,CWEBF/XML/cwec_v4.8.xml,8d4e38a22805fc9c70eab23fcc5d3ffc8b0ed096,CVE-2002-1745
517767839,ibojanova/BF,CWEBF/XML/cwec_v4.8.xml,8d4e38a22805fc9c70eab23fcc5d3ffc8b0ed096,CVE-2002-1742
517767839,ibojanova/BF,CWEBF/XML/cwec_v4.8.xml,8d4e38a22805fc9c70eab23fcc5d3ffc8b0ed096,CVE-2002-1739
517767839,ibojanova/BF,CWEBF/XML/cwec_v4.8.xml,8d4e38a22805fc9c70eab23fcc5d3ffc8b0ed096,CVE-2002-1734
517767839,ibojanova/BF,CWEBF/XML/cwec_v4.8.xml,8d4e38a22805fc9c70eab23fcc5d3ffc8b0ed096,CVE-2002-1730
517767839,ibojanova/BF,CWEBF/XML/cwec_v4.8.xml,8d4e38a22805fc9c70eab23fcc5d3ffc8b0ed096,CVE-2002-1725
517767839,ibojanova/BF,CWEBF/XML/cwec_v4.8.xml,8d4e38a22805fc9c70eab23fcc5d3ffc8b0ed096,CVE-2002-1721
517767839,ibojanova/BF,CWEBF/XML/cwec_v4.8.xml,8d4e38a22805fc9c70eab23fcc5d3ffc8b0ed096,CVE-2002-1713
517767839,ibojanova/BF,CWEBF/XML/cwec_v4.8.xml,8d4e38a22805fc9c70eab23fcc5d3ffc8b0ed096,CVE-2002-1711
517767839,ibojanova/BF,CWEBF/XML/cwec_v4.8.xml,8d4e38a22805fc9c70eab23fcc5d3ffc8b0ed096,CVE-2002-1710
517767839,ibojanova/BF,CWEBF/XML/cwec_v4.8.xml,8d4e38a22805fc9c70eab23fcc5d3ffc8b0ed096,CVE-2002-1707
517767839,ibojanova/BF,CWEBF/XML/cwec_v4.8.xml,8d4e38a22805fc9c70eab23fcc5d3ffc8b0ed096,CVE-2002-1706
517767839,ibojanova/BF,CWEBF/XML/cwec_v4.8.xml,8d4e38a22805fc9c70eab23fcc5d3ffc8b0ed096,CVE-2002-1704
517767839,ibojanova/BF,CWEBF/XML/cwec_v4.8.xml,8d4e38a22805fc9c70eab23fcc5d3ffc8b0ed096,CVE-2002-1700
517767839,ibojanova/BF,CWEBF/XML/cwec_v4.8.xml,8d4e38a22805fc9c70eab23fcc5d3ffc8b0ed096,CVE-2002-1697
517767839,ibojanova/BF,CWEBF/XML/cwec_v4.8.xml,8d4e38a22805fc9c70eab23fcc5d3ffc8b0ed096,CVE-2002-1696
517767839,ibojanova/BF,CWEBF/XML/cwec_v4.8.xml,8d4e38a22805fc9c70eab23fcc5d3ffc8b0ed096,CVE-2002-1694
517767839,ibojanova/BF,CWEBF/XML/cwec_v4.8.xml,8d4e38a22805fc9c70eab23fcc5d3ffc8b0ed096,CVE-2002-1774
517767839,ibojanova/BF,CWEBF/XML/cwec_v4.8.xml,8d4e38a22805fc9c70eab23fcc5d3ffc8b0ed096,CVE-2002-1688
517767839,ibojanova/BF,CWEBF/XML/cwec_v4.8.xml,8d4e38a22805fc9c70eab23fcc5d3ffc8b0ed096,CVE-2002-1777
517767839,ibojanova/BF,CWEBF/XML/cwec_v4.8.xml,8d4e38a22805fc9c70eab23fcc5d3ffc8b0ed096,CVE-2002-1786
517767839,ibojanova/BF,CWEBF/XML/cwec_v4.8.xml,8d4e38a22805fc9c70eab23fcc5d3ffc8b0ed096,CVE-2002-1876
517767839,ibojanova/BF,CWEBF/XML/cwec_v4.8.xml,8d4e38a22805fc9c70eab23fcc5d3ffc8b0ed096,CVE-2002-1872
517767839,ibojanova/BF,CWEBF/XML/cwec_v4.8.xml,8d4e38a22805fc9c70eab23fcc5d3ffc8b0ed096,CVE-2002-1869
517767839,ibojanova/BF,CWEBF/XML/cwec_v4.8.xml,8d4e38a22805fc9c70eab23fcc5d3ffc8b0ed096,CVE-2002-1863
517767839,ibojanova/BF,CWEBF/XML/cwec_v4.8.xml,8d4e38a22805fc9c70eab23fcc5d3ffc8b0ed096,CVE-2002-1850
517767839,ibojanova/BF,CWEBF/XML/cwec_v4.8.xml,8d4e38a22805fc9c70eab23fcc5d3ffc8b0ed096,CVE-2002-1848
517767839,ibojanova/BF,CWEBF/XML/cwec_v4.8.xml,8d4e38a22805fc9c70eab23fcc5d3ffc8b0ed096,CVE-2002-1844
517767839,ibojanova/BF,CWEBF/XML/cwec_v4.8.xml,8d4e38a22805fc9c70eab23fcc5d3ffc8b0ed096,CVE-2002-1841
517767839,ibojanova/BF,CWEBF/XML/cwec_v4.8.xml,8d4e38a22805fc9c70eab23fcc5d3ffc8b0ed096,CVE-2002-1839
517767839,ibojanova/BF,CWEBF/XML/cwec_v4.8.xml,8d4e38a22805fc9c70eab23fcc5d3ffc8b0ed096,CVE-2002-1831
517767839,ibojanova/BF,CWEBF/XML/cwec_v4.8.xml,8d4e38a22805fc9c70eab23fcc5d3ffc8b0ed096,CVE-2002-1825
517767839,ibojanova/BF,CWEBF/XML/cwec_v4.8.xml,8d4e38a22805fc9c70eab23fcc5d3ffc8b0ed096,CVE-2002-1820
517767839,ibojanova/BF,CWEBF/XML/cwec_v4.8.xml,8d4e38a22805fc9c70eab23fcc5d3ffc8b0ed096,CVE-2002-1818
517767839,ibojanova/BF,CWEBF/XML/cwec_v4.8.xml,8d4e38a22805fc9c70eab23fcc5d3ffc8b0ed096,CVE-2002-1816
517767839,ibojanova/BF,CWEBF/XML/cwec_v4.8.xml,8d4e38a22805fc9c70eab23fcc5d3ffc8b0ed096,CVE-2002-1810
517767839,ibojanova/BF,CWEBF/XML/cwec_v4.8.xml,8d4e38a22805fc9c70eab23fcc5d3ffc8b0ed096,CVE-2002-1808
517767839,ibojanova/BF,CWEBF/XML/cwec_v4.8.xml,8d4e38a22805fc9c70eab23fcc5d3ffc8b0ed096,CVE-2002-1807
517767839,ibojanova/BF,CWEBF/XML/cwec_v4.8.xml,8d4e38a22805fc9c70eab23fcc5d3ffc8b0ed096,CVE-2002-1806
517767839,ibojanova/BF,CWEBF/XML/cwec_v4.8.xml,8d4e38a22805fc9c70eab23fcc5d3ffc8b0ed096,CVE-2002-1805
517767839,ibojanova/BF,CWEBF/XML/cwec_v4.8.xml,8d4e38a22805fc9c70eab23fcc5d3ffc8b0ed096,CVE-2002-1804
517767839,ibojanova/BF,CWEBF/XML/cwec_v4.8.xml,8d4e38a22805fc9c70eab23fcc5d3ffc8b0ed096,CVE-2002-1803
517767839,ibojanova/BF,CWEBF/XML/cwec_v4.8.xml,8d4e38a22805fc9c70eab23fcc5d3ffc8b0ed096,CVE-2002-1800
517767839,ibojanova/BF,CWEBF/XML/cwec_v4.8.xml,8d4e38a22805fc9c70eab23fcc5d3ffc8b0ed096,CVE-2002-1798
517767839,ibojanova/BF,CWEBF/XML/cwec_v4.8.xml,8d4e38a22805fc9c70eab23fcc5d3ffc8b0ed096,CVE-2002-1796
517767839,ibojanova/BF,CWEBF/XML/cwec_v4.8.xml,8d4e38a22805fc9c70eab23fcc5d3ffc8b0ed096,CVE-2002-1788
517767839,ibojanova/BF,CWEBF/XML/cwec_v4.8.xml,8d4e38a22805fc9c70eab23fcc5d3ffc8b0ed096,CVE-2002-1783
517767839,ibojanova/BF,CWEBF/XML/cwec_v4.8.xml,8d4e38a22805fc9c70eab23fcc5d3ffc8b0ed096,CVE-2002-0980
517767839,ibojanova/BF,CWEBF/XML/cwec_v4.8.xml,8d4e38a22805fc9c70eab23fcc5d3ffc8b0ed096,CVE-2002-1682
517767839,ibojanova/BF,CWEBF/XML/cwec_v4.8.xml,8d4e38a22805fc9c70eab23fcc5d3ffc8b0ed096,CVE-2002-1671
517767839,ibojanova/BF,CWEBF/XML/cwec_v4.8.xml,8d4e38a22805fc9c70eab23fcc5d3ffc8b0ed096,CVE-2002-1345
517767839,ibojanova/BF,CWEBF/XML/cwec_v4.8.xml,8d4e38a22805fc9c70eab23fcc5d3ffc8b0ed096,CVE-2002-1337
517767839,ibojanova/BF,CWEBF/XML/cwec_v4.8.xml,8d4e38a22805fc9c70eab23fcc5d3ffc8b0ed096,CVE-2002-1291
517767839,ibojanova/BF,CWEBF/XML/cwec_v4.8.xml,8d4e38a22805fc9c70eab23fcc5d3ffc8b0ed096,CVE-2002-1238
517767839,ibojanova/BF,CWEBF/XML/cwec_v4.8.xml,8d4e38a22805fc9c70eab23fcc5d3ffc8b0ed096,CVE-2002-1236
517767839,ibojanova/BF,CWEBF/XML/cwec_v4.8.xml,8d4e38a22805fc9c70eab23fcc5d3ffc8b0ed096,CVE-2002-1235
517767839,ibojanova/BF,CWEBF/XML/cwec_v4.8.xml,8d4e38a22805fc9c70eab23fcc5d3ffc8b0ed096,CVE-2002-1230
517767839,ibojanova/BF,CWEBF/XML/cwec_v4.8.xml,8d4e38a22805fc9c70eab23fcc5d3ffc8b0ed096,CVE-2002-1213
517767839,ibojanova/BF,CWEBF/XML/cwec_v4.8.xml,8d4e38a22805fc9c70eab23fcc5d3ffc8b0ed096,CVE-2002-1209
517767839,ibojanova/BF,CWEBF/XML/cwec_v4.8.xml,8d4e38a22805fc9c70eab23fcc5d3ffc8b0ed096,CVE-2002-1203
517767839,ibojanova/BF,CWEBF/XML/cwec_v4.8.xml,8d4e38a22805fc9c70eab23fcc5d3ffc8b0ed096,CVE-2002-1178
517767839,ibojanova/BF,CWEBF/XML/cwec_v4.8.xml,8d4e38a22805fc9c70eab23fcc5d3ffc8b0ed096,CVE-2002-1169
517767839,ibojanova/BF,CWEBF/XML/cwec_v4.8.xml,8d4e38a22805fc9c70eab23fcc5d3ffc8b0ed096,CVE-2002-1154
517767839,ibojanova/BF,CWEBF/XML/cwec_v4.8.xml,8d4e38a22805fc9c70eab23fcc5d3ffc8b0ed096,CVE-2002-1145
517767839,ibojanova/BF,CWEBF/XML/cwec_v4.8.xml,8d4e38a22805fc9c70eab23fcc5d3ffc8b0ed096,CVE-2002-1078
517767839,ibojanova/BF,CWEBF/XML/cwec_v4.8.xml,8d4e38a22805fc9c70eab23fcc5d3ffc8b0ed096,CVE-2002-1077
517767839,ibojanova/BF,CWEBF/XML/cwec_v4.8.xml,8d4e38a22805fc9c70eab23fcc5d3ffc8b0ed096,CVE-2002-1053
517767839,ibojanova/BF,CWEBF/XML/cwec_v4.8.xml,8d4e38a22805fc9c70eab23fcc5d3ffc8b0ed096,CVE-2002-1052
517767839,ibojanova/BF,CWEBF/XML/cwec_v4.8.xml,8d4e38a22805fc9c70eab23fcc5d3ffc8b0ed096,CVE-2002-1042
517767839,ibojanova/BF,CWEBF/XML/cwec_v4.8.xml,8d4e38a22805fc9c70eab23fcc5d3ffc8b0ed096,CVE-2002-1031
517767839,ibojanova/BF,CWEBF/XML/cwec_v4.8.xml,8d4e38a22805fc9c70eab23fcc5d3ffc8b0ed096,CVE-2002-1025
517767839,ibojanova/BF,CWEBF/XML/cwec_v4.8.xml,8d4e38a22805fc9c70eab23fcc5d3ffc8b0ed096,CVE-2002-1023
517767839,ibojanova/BF,CWEBF/XML/cwec_v4.8.xml,8d4e38a22805fc9c70eab23fcc5d3ffc8b0ed096,CVE-2002-1018
517767839,ibojanova/BF,CWEBF/XML/cwec_v4.8.xml,8d4e38a22805fc9c70eab23fcc5d3ffc8b0ed096,CVE-2002-1010
517767839,ibojanova/BF,CWEBF/XML/cwec_v4.8.xml,8d4e38a22805fc9c70eab23fcc5d3ffc8b0ed096,CVE-2002-0986
517767839,ibojanova/BF,CWEBF/XML/cwec_v4.8.xml,8d4e38a22805fc9c70eab23fcc5d3ffc8b0ed096,CVE-2002-1347
517767839,ibojanova/BF,CWEBF/XML/cwec_v4.8.xml,8d4e38a22805fc9c70eab23fcc5d3ffc8b0ed096,CVE-2002-1681
517767839,ibojanova/BF,CWEBF/XML/cwec_v4.8.xml,8d4e38a22805fc9c70eab23fcc5d3ffc8b0ed096,CVE-2002-1357
517767839,ibojanova/BF,CWEBF/XML/cwec_v4.8.xml,8d4e38a22805fc9c70eab23fcc5d3ffc8b0ed096,CVE-2002-1362
517767839,ibojanova/BF,CWEBF/XML/cwec_v4.8.xml,8d4e38a22805fc9c70eab23fcc5d3ffc8b0ed096,CVE-2002-1657
517767839,ibojanova/BF,CWEBF/XML/cwec_v4.8.xml,8d4e38a22805fc9c70eab23fcc5d3ffc8b0ed096,CVE-2002-1649
517767839,ibojanova/BF,CWEBF/XML/cwec_v4.8.xml,8d4e38a22805fc9c70eab23fcc5d3ffc8b0ed096,CVE-2002-1646
517767839,ibojanova/BF,CWEBF/XML/cwec_v4.8.xml,8d4e38a22805fc9c70eab23fcc5d3ffc8b0ed096,CVE-2002-1603
517767839,ibojanova/BF,CWEBF/XML/cwec_v4.8.xml,8d4e38a22805fc9c70eab23fcc5d3ffc8b0ed096,CVE-2002-1578
517767839,ibojanova/BF,CWEBF/XML/cwec_v4.8.xml,8d4e38a22805fc9c70eab23fcc5d3ffc8b0ed096,CVE-2002-1576
517767839,ibojanova/BF,CWEBF/XML/cwec_v4.8.xml,8d4e38a22805fc9c70eab23fcc5d3ffc8b0ed096,CVE-2002-1575
517767839,ibojanova/BF,CWEBF/XML/cwec_v4.8.xml,8d4e38a22805fc9c70eab23fcc5d3ffc8b0ed096,CVE-2002-1563
517767839,ibojanova/BF,CWEBF/XML/cwec_v4.8.xml,8d4e38a22805fc9c70eab23fcc5d3ffc8b0ed096,CVE-2002-1532
517767839,ibojanova/BF,CWEBF/XML/cwec_v4.8.xml,8d4e38a22805fc9c70eab23fcc5d3ffc8b0ed096,CVE-2002-1531
517767839,ibojanova/BF,CWEBF/XML/cwec_v4.8.xml,8d4e38a22805fc9c70eab23fcc5d3ffc8b0ed096,CVE-2002-1527
517767839,ibojanova/BF,CWEBF/XML/cwec_v4.8.xml,8d4e38a22805fc9c70eab23fcc5d3ffc8b0ed096,CVE-2002-1525
517767839,ibojanova/BF,CWEBF/XML/cwec_v4.8.xml,8d4e38a22805fc9c70eab23fcc5d3ffc8b0ed096,CVE-2002-1495
517767839,ibojanova/BF,CWEBF/XML/cwec_v4.8.xml,8d4e38a22805fc9c70eab23fcc5d3ffc8b0ed096,CVE-2002-1493
517767839,ibojanova/BF,CWEBF/XML/cwec_v4.8.xml,8d4e38a22805fc9c70eab23fcc5d3ffc8b0ed096,CVE-2002-1488
517767839,ibojanova/BF,CWEBF/XML/cwec_v4.8.xml,8d4e38a22805fc9c70eab23fcc5d3ffc8b0ed096,CVE-2002-1484
517767839,ibojanova/BF,CWEBF/XML/cwec_v4.8.xml,8d4e38a22805fc9c70eab23fcc5d3ffc8b0ed096,CVE-2002-1483
517767839,ibojanova/BF,CWEBF/XML/cwec_v4.8.xml,8d4e38a22805fc9c70eab23fcc5d3ffc8b0ed096,CVE-2002-1463
517767839,ibojanova/BF,CWEBF/XML/cwec_v4.8.xml,8d4e38a22805fc9c70eab23fcc5d3ffc8b0ed096,CVE-2002-1460
517767839,ibojanova/BF,CWEBF/XML/cwec_v4.8.xml,8d4e38a22805fc9c70eab23fcc5d3ffc8b0ed096,CVE-2002-1451
517767839,ibojanova/BF,CWEBF/XML/cwec_v4.8.xml,8d4e38a22805fc9c70eab23fcc5d3ffc8b0ed096,CVE-2002-1449
517767839,ibojanova/BF,CWEBF/XML/cwec_v4.8.xml,8d4e38a22805fc9c70eab23fcc5d3ffc8b0ed096,CVE-2002-1446
517767839,ibojanova/BF,CWEBF/XML/cwec_v4.8.xml,8d4e38a22805fc9c70eab23fcc5d3ffc8b0ed096,CVE-2002-1407
517767839,ibojanova/BF,CWEBF/XML/cwec_v4.8.xml,8d4e38a22805fc9c70eab23fcc5d3ffc8b0ed096,CVE-2002-1374
517767839,ibojanova/BF,CWEBF/XML/cwec_v4.8.xml,8d4e38a22805fc9c70eab23fcc5d3ffc8b0ed096,CVE-2002-1372
517767839,ibojanova/BF,CWEBF/XML/cwec_v4.8.xml,8d4e38a22805fc9c70eab23fcc5d3ffc8b0ed096,CVE-2002-1358
517767839,ibojanova/BF,CWEBF/XML/cwec_v4.8.xml,8d4e38a22805fc9c70eab23fcc5d3ffc8b0ed096,CVE-2001-1389
517767839,ibojanova/BF,CWEBF/XML/cwec_v4.8.xml,8d4e38a22805fc9c70eab23fcc5d3ffc8b0ed096,CVE-2001-1387
517767839,ibojanova/BF,CWEBF/XML/cwec_v4.8.xml,8d4e38a22805fc9c70eab23fcc5d3ffc8b0ed096,CVE-2001-1386
517767839,ibojanova/BF,CWEBF/XML/cwec_v4.8.xml,8d4e38a22805fc9c70eab23fcc5d3ffc8b0ed096,CVE-2000-0521
517767839,ibojanova/BF,CWEBF/XML/cwec_v4.8.xml,8d4e38a22805fc9c70eab23fcc5d3ffc8b0ed096,CVE-2000-0517
517767839,ibojanova/BF,CWEBF/XML/cwec_v4.8.xml,8d4e38a22805fc9c70eab23fcc5d3ffc8b0ed096,CVE-2000-0506
517767839,ibojanova/BF,CWEBF/XML/cwec_v4.8.xml,8d4e38a22805fc9c70eab23fcc5d3ffc8b0ed096,CVE-2000-0499
517767839,ibojanova/BF,CWEBF/XML/cwec_v4.8.xml,8d4e38a22805fc9c70eab23fcc5d3ffc8b0ed096,CVE-2000-0498
517767839,ibojanova/BF,CWEBF/XML/cwec_v4.8.xml,8d4e38a22805fc9c70eab23fcc5d3ffc8b0ed096,CVE-2000-0497
517767839,ibojanova/BF,CWEBF/XML/cwec_v4.8.xml,8d4e38a22805fc9c70eab23fcc5d3ffc8b0ed096,CVE-2000-0476
517767839,ibojanova/BF,CWEBF/XML/cwec_v4.8.xml,8d4e38a22805fc9c70eab23fcc5d3ffc8b0ed096,CVE-2000-0342
517767839,ibojanova/BF,CWEBF/XML/cwec_v4.8.xml,8d4e38a22805fc9c70eab23fcc5d3ffc8b0ed096,CVE-2000-0338
517767839,ibojanova/BF,CWEBF/XML/cwec_v4.8.xml,8d4e38a22805fc9c70eab23fcc5d3ffc8b0ed096,CVE-2000-0335
517767839,ibojanova/BF,CWEBF/XML/cwec_v4.8.xml,8d4e38a22805fc9c70eab23fcc5d3ffc8b0ed096,CVE-2000-0328
517767839,ibojanova/BF,CWEBF/XML/cwec_v4.8.xml,8d4e38a22805fc9c70eab23fcc5d3ffc8b0ed096,CVE-2000-0320
517767839,ibojanova/BF,CWEBF/XML/cwec_v4.8.xml,8d4e38a22805fc9c70eab23fcc5d3ffc8b0ed096,CVE-2000-0319
517767839,ibojanova/BF,CWEBF/XML/cwec_v4.8.xml,8d4e38a22805fc9c70eab23fcc5d3ffc8b0ed096,CVE-2000-0315
517767839,ibojanova/BF,CWEBF/XML/cwec_v4.8.xml,8d4e38a22805fc9c70eab23fcc5d3ffc8b0ed096,CVE-2000-0312
517767839,ibojanova/BF,CWEBF/XML/cwec_v4.8.xml,8d4e38a22805fc9c70eab23fcc5d3ffc8b0ed096,CVE-2000-0293
517767839,ibojanova/BF,CWEBF/XML/cwec_v4.8.xml,8d4e38a22805fc9c70eab23fcc5d3ffc8b0ed096,CVE-2000-0277
517767839,ibojanova/BF,CWEBF/XML/cwec_v4.8.xml,8d4e38a22805fc9c70eab23fcc5d3ffc8b0ed096,CVE-2000-0254
517767839,ibojanova/BF,CWEBF/XML/cwec_v4.8.xml,8d4e38a22805fc9c70eab23fcc5d3ffc8b0ed096,CVE-2000-0253
517767839,ibojanova/BF,CWEBF/XML/cwec_v4.8.xml,8d4e38a22805fc9c70eab23fcc5d3ffc8b0ed096,CVE-2000-0240
517767839,ibojanova/BF,CWEBF/XML/cwec_v4.8.xml,8d4e38a22805fc9c70eab23fcc5d3ffc8b0ed096,CVE-2000-0191
517767839,ibojanova/BF,CWEBF/XML/cwec_v4.8.xml,8d4e38a22805fc9c70eab23fcc5d3ffc8b0ed096,CVE-2000-0172
517767839,ibojanova/BF,CWEBF/XML/cwec_v4.8.xml,8d4e38a22805fc9c70eab23fcc5d3ffc8b0ed096,CVE-2000-0168
517767839,ibojanova/BF,CWEBF/XML/cwec_v4.8.xml,8d4e38a22805fc9c70eab23fcc5d3ffc8b0ed096,CVE-2000-0149
517767839,ibojanova/BF,CWEBF/XML/cwec_v4.8.xml,8d4e38a22805fc9c70eab23fcc5d3ffc8b0ed096,CVE-2000-0127
517767839,ibojanova/BF,CWEBF/XML/cwec_v4.8.xml,8d4e38a22805fc9c70eab23fcc5d3ffc8b0ed096,CVE-2000-0536
517767839,ibojanova/BF,CWEBF/XML/cwec_v4.8.xml,8d4e38a22805fc9c70eab23fcc5d3ffc8b0ed096,CVE-2000-0116
517767839,ibojanova/BF,CWEBF/XML/cwec_v4.8.xml,8d4e38a22805fc9c70eab23fcc5d3ffc8b0ed096,CVE-2000-0542
517767839,ibojanova/BF,CWEBF/XML/cwec_v4.8.xml,8d4e38a22805fc9c70eab23fcc5d3ffc8b0ed096,CVE-2000-0614
517767839,ibojanova/BF,CWEBF/XML/cwec_v4.8.xml,8d4e38a22805fc9c70eab23fcc5d3ffc8b0ed096,CVE-2000-1133
517767839,ibojanova/BF,CWEBF/XML/cwec_v4.8.xml,8d4e38a22805fc9c70eab23fcc5d3ffc8b0ed096,CVE-2000-1128
517767839,ibojanova/BF,CWEBF/XML/cwec_v4.8.xml,8d4e38a22805fc9c70eab23fcc5d3ffc8b0ed096,CVE-2000-1117
517767839,ibojanova/BF,CWEBF/XML/cwec_v4.8.xml,8d4e38a22805fc9c70eab23fcc5d3ffc8b0ed096,CVE-2000-1114
517767839,ibojanova/BF,CWEBF/XML/cwec_v4.8.xml,8d4e38a22805fc9c70eab23fcc5d3ffc8b0ed096,CVE-2000-1094
517767839,ibojanova/BF,CWEBF/XML/cwec_v4.8.xml,8d4e38a22805fc9c70eab23fcc5d3ffc8b0ed096,CVE-2000-1052
517767839,ibojanova/BF,CWEBF/XML/cwec_v4.8.xml,8d4e38a22805fc9c70eab23fcc5d3ffc8b0ed096,CVE-2000-1050
517767839,ibojanova/BF,CWEBF/XML/cwec_v4.8.xml,8d4e38a22805fc9c70eab23fcc5d3ffc8b0ed096,CVE-2000-1006
517767839,ibojanova/BF,CWEBF/XML/cwec_v4.8.xml,8d4e38a22805fc9c70eab23fcc5d3ffc8b0ed096,CVE-2000-1003
517767839,ibojanova/BF,CWEBF/XML/cwec_v4.8.xml,8d4e38a22805fc9c70eab23fcc5d3ffc8b0ed096,CVE-2000-0979
517767839,ibojanova/BF,CWEBF/XML/cwec_v4.8.xml,8d4e38a22805fc9c70eab23fcc5d3ffc8b0ed096,CVE-2000-0972
517767839,ibojanova/BF,CWEBF/XML/cwec_v4.8.xml,8d4e38a22805fc9c70eab23fcc5d3ffc8b0ed096,CVE-2000-0959
517767839,ibojanova/BF,CWEBF/XML/cwec_v4.8.xml,8d4e38a22805fc9c70eab23fcc5d3ffc8b0ed096,CVE-2000-0944
517767839,ibojanova/BF,CWEBF/XML/cwec_v4.8.xml,8d4e38a22805fc9c70eab23fcc5d3ffc8b0ed096,CVE-2000-0927
517767839,ibojanova/BF,CWEBF/XML/cwec_v4.8.xml,8d4e38a22805fc9c70eab23fcc5d3ffc8b0ed096,CVE-2000-0926
517767839,ibojanova/BF,CWEBF/XML/cwec_v4.8.xml,8d4e38a22805fc9c70eab23fcc5d3ffc8b0ed096,CVE-2000-0916
517767839,ibojanova/BF,CWEBF/XML/cwec_v4.8.xml,8d4e38a22805fc9c70eab23fcc5d3ffc8b0ed096,CVE-2000-0900
517767839,ibojanova/BF,CWEBF/XML/cwec_v4.8.xml,8d4e38a22805fc9c70eab23fcc5d3ffc8b0ed096,CVE-2000-0884
517767839,ibojanova/BF,CWEBF/XML/cwec_v4.8.xml,8d4e38a22805fc9c70eab23fcc5d3ffc8b0ed096,CVE-2000-0860
517767839,ibojanova/BF,CWEBF/XML/cwec_v4.8.xml,8d4e38a22805fc9c70eab23fcc5d3ffc8b0ed096,CVE-2000-0854
517767839,ibojanova/BF,CWEBF/XML/cwec_v4.8.xml,8d4e38a22805fc9c70eab23fcc5d3ffc8b0ed096,CVE-2000-0773
517767839,ibojanova/BF,CWEBF/XML/cwec_v4.8.xml,8d4e38a22805fc9c70eab23fcc5d3ffc8b0ed096,CVE-2000-0758
517767839,ibojanova/BF,CWEBF/XML/cwec_v4.8.xml,8d4e38a22805fc9c70eab23fcc5d3ffc8b0ed096,CVE-2000-0703
517767839,ibojanova/BF,CWEBF/XML/cwec_v4.8.xml,8d4e38a22805fc9c70eab23fcc5d3ffc8b0ed096,CVE-2000-0671
517767839,ibojanova/BF,CWEBF/XML/cwec_v4.8.xml,8d4e38a22805fc9c70eab23fcc5d3ffc8b0ed096,CVE-2000-0655
517767839,ibojanova/BF,CWEBF/XML/cwec_v4.8.xml,8d4e38a22805fc9c70eab23fcc5d3ffc8b0ed096,CVE-2000-0552
517767839,ibojanova/BF,CWEBF/XML/cwec_v4.8.xml,8d4e38a22805fc9c70eab23fcc5d3ffc8b0ed096,CVE-2000-1142
517767839,ibojanova/BF,CWEBF/XML/cwec_v4.8.xml,8d4e38a22805fc9c70eab23fcc5d3ffc8b0ed096,CVE-2000-0115
517767839,ibojanova/BF,CWEBF/XML/cwec_v4.8.xml,8d4e38a22805fc9c70eab23fcc5d3ffc8b0ed096,CVE-2000-0101
517767839,ibojanova/BF,CWEBF/XML/cwec_v4.8.xml,8d4e38a22805fc9c70eab23fcc5d3ffc8b0ed096,CVE-1999-1029
517767839,ibojanova/BF,CWEBF/XML/cwec_v4.8.xml,8d4e38a22805fc9c70eab23fcc5d3ffc8b0ed096,CVE-1999-0813
517767839,ibojanova/BF,CWEBF/XML/cwec_v4.8.xml,8d4e38a22805fc9c70eab23fcc5d3ffc8b0ed096,CVE-1999-0794
517767839,ibojanova/BF,CWEBF/XML/cwec_v4.8.xml,8d4e38a22805fc9c70eab23fcc5d3ffc8b0ed096,CVE-1999-0783
517767839,ibojanova/BF,CWEBF/XML/cwec_v4.8.xml,8d4e38a22805fc9c70eab23fcc5d3ffc8b0ed096,CVE-1999-0728
517767839,ibojanova/BF,CWEBF/XML/cwec_v4.8.xml,8d4e38a22805fc9c70eab23fcc5d3ffc8b0ed096,CVE-1999-0690
517767839,ibojanova/BF,CWEBF/XML/cwec_v4.8.xml,8d4e38a22805fc9c70eab23fcc5d3ffc8b0ed096,CVE-1999-0513
517767839,ibojanova/BF,CWEBF/XML/cwec_v4.8.xml,8d4e38a22805fc9c70eab23fcc5d3ffc8b0ed096,CVE-1999-0426
517767839,ibojanova/BF,CWEBF/XML/cwec_v4.8.xml,8d4e38a22805fc9c70eab23fcc5d3ffc8b0ed096,CVE-1999-0351
517767839,ibojanova/BF,CWEBF/XML/cwec_v4.8.xml,8d4e38a22805fc9c70eab23fcc5d3ffc8b0ed096,CVE-1999-0278
517767839,ibojanova/BF,CWEBF/XML/cwec_v4.8.xml,8d4e38a22805fc9c70eab23fcc5d3ffc8b0ed096,CVE-1999-0239
517767839,ibojanova/BF,CWEBF/XML/cwec_v4.8.xml,8d4e38a22805fc9c70eab23fcc5d3ffc8b0ed096,CVE-1999-0234
517767839,ibojanova/BF,CWEBF/XML/cwec_v4.8.xml,8d4e38a22805fc9c70eab23fcc5d3ffc8b0ed096,CVE-1999-0168
517767839,ibojanova/BF,CWEBF/XML/cwec_v4.8.xml,8d4e38a22805fc9c70eab23fcc5d3ffc8b0ed096,CVE-1999-0113
517767839,ibojanova/BF,CWEBF/XML/cwec_v4.8.xml,8d4e38a22805fc9c70eab23fcc5d3ffc8b0ed096,CVE-1999-0077
517767839,ibojanova/BF,CWEBF/XML/cwec_v4.8.xml,8d4e38a22805fc9c70eab23fcc5d3ffc8b0ed096,CVE-1999-0074
517767839,ibojanova/BF,CWEBF/XML/cwec_v4.8.xml,8d4e38a22805fc9c70eab23fcc5d3ffc8b0ed096,CVE-1999-0073
517767839,ibojanova/BF,CWEBF/XML/cwec_v4.8.xml,8d4e38a22805fc9c70eab23fcc5d3ffc8b0ed096,CVE-1999-0067
517767839,ibojanova/BF,CWEBF/XML/cwec_v4.8.xml,8d4e38a22805fc9c70eab23fcc5d3ffc8b0ed096,CVE-1999-0046
517767839,ibojanova/BF,CWEBF/XML/cwec_v4.8.xml,8d4e38a22805fc9c70eab23fcc5d3ffc8b0ed096,CVE-1999-0035
517767839,ibojanova/BF,CWEBF/XML/cwec_v4.8.xml,8d4e38a22805fc9c70eab23fcc5d3ffc8b0ed096,CVE-1999-0017
517767839,ibojanova/BF,CWEBF/XML/cwec_v4.8.xml,8d4e38a22805fc9c70eab23fcc5d3ffc8b0ed096,CVE-1999-0012
517767839,ibojanova/BF,CWEBF/XML/cwec_v4.8.xml,8d4e38a22805fc9c70eab23fcc5d3ffc8b0ed096,BID-6042
517767839,ibojanova/BF,CWEBF/XML/cwec_v4.8.xml,8d4e38a22805fc9c70eab23fcc5d3ffc8b0ed096,BID-3518
517767839,ibojanova/BF,CWEBF/XML/cwec_v4.8.xml,8d4e38a22805fc9c70eab23fcc5d3ffc8b0ed096,BID-15326
517767839,ibojanova/BF,CWEBF/XML/cwec_v4.8.xml,8d4e38a22805fc9c70eab23fcc5d3ffc8b0ed096,CVE-1999-1055
517767839,ibojanova/BF,CWEBF/XML/cwec_v4.8.xml,8d4e38a22805fc9c70eab23fcc5d3ffc8b0ed096,CVE-2000-0102
517767839,ibojanova/BF,CWEBF/XML/cwec_v4.8.xml,8d4e38a22805fc9c70eab23fcc5d3ffc8b0ed096,CVE-1999-1066
517767839,ibojanova/BF,CWEBF/XML/cwec_v4.8.xml,8d4e38a22805fc9c70eab23fcc5d3ffc8b0ed096,CVE-1999-1082
517767839,ibojanova/BF,CWEBF/XML/cwec_v4.8.xml,8d4e38a22805fc9c70eab23fcc5d3ffc8b0ed096,CVE-2000-0094
517767839,ibojanova/BF,CWEBF/XML/cwec_v4.8.xml,8d4e38a22805fc9c70eab23fcc5d3ffc8b0ed096,CVE-2000-0041
517767839,ibojanova/BF,CWEBF/XML/cwec_v4.8.xml,8d4e38a22805fc9c70eab23fcc5d3ffc8b0ed096,CVE-2000-0004
517767839,ibojanova/BF,CWEBF/XML/cwec_v4.8.xml,8d4e38a22805fc9c70eab23fcc5d3ffc8b0ed096,CVE-1999-1568
517767839,ibojanova/BF,CWEBF/XML/cwec_v4.8.xml,8d4e38a22805fc9c70eab23fcc5d3ffc8b0ed096,CVE-1999-1549
517767839,ibojanova/BF,CWEBF/XML/cwec_v4.8.xml,8d4e38a22805fc9c70eab23fcc5d3ffc8b0ed096,CVE-1999-1476
517767839,ibojanova/BF,CWEBF/XML/cwec_v4.8.xml,8d4e38a22805fc9c70eab23fcc5d3ffc8b0ed096,CVE-1999-1461
517767839,ibojanova/BF,CWEBF/XML/cwec_v4.8.xml,8d4e38a22805fc9c70eab23fcc5d3ffc8b0ed096,CVE-1999-1456
517767839,ibojanova/BF,CWEBF/XML/cwec_v4.8.xml,8d4e38a22805fc9c70eab23fcc5d3ffc8b0ed096,CVE-1999-1454
517767839,ibojanova/BF,CWEBF/XML/cwec_v4.8.xml,8d4e38a22805fc9c70eab23fcc5d3ffc8b0ed096,CVE-1999-1446
517767839,ibojanova/BF,CWEBF/XML/cwec_v4.8.xml,8d4e38a22805fc9c70eab23fcc5d3ffc8b0ed096,CVE-1999-1386
517767839,ibojanova/BF,CWEBF/XML/cwec_v4.8.xml,8d4e38a22805fc9c70eab23fcc5d3ffc8b0ed096,CVE-1999-1379
517767839,ibojanova/BF,CWEBF/XML/cwec_v4.8.xml,8d4e38a22805fc9c70eab23fcc5d3ffc8b0ed096,CVE-1999-1363
517767839,ibojanova/BF,CWEBF/XML/cwec_v4.8.xml,8d4e38a22805fc9c70eab23fcc5d3ffc8b0ed096,CVE-1999-1326
517767839,ibojanova/BF,CWEBF/XML/cwec_v4.8.xml,8d4e38a22805fc9c70eab23fcc5d3ffc8b0ed096,CVE-1999-1324
517767839,ibojanova/BF,CWEBF/XML/cwec_v4.8.xml,8d4e38a22805fc9c70eab23fcc5d3ffc8b0ed096,CVE-1999-1318
517767839,ibojanova/BF,CWEBF/XML/cwec_v4.8.xml,8d4e38a22805fc9c70eab23fcc5d3ffc8b0ed096,CVE-1999-1270
517767839,ibojanova/BF,CWEBF/XML/cwec_v4.8.xml,8d4e38a22805fc9c70eab23fcc5d3ffc8b0ed096,CVE-1999-1263
517767839,ibojanova/BF,CWEBF/XML/cwec_v4.8.xml,8d4e38a22805fc9c70eab23fcc5d3ffc8b0ed096,CVE-1999-1193
517767839,ibojanova/BF,CWEBF/XML/cwec_v4.8.xml,8d4e38a22805fc9c70eab23fcc5d3ffc8b0ed096,CVE-1999-1156
517767839,ibojanova/BF,CWEBF/XML/cwec_v4.8.xml,8d4e38a22805fc9c70eab23fcc5d3ffc8b0ed096,CVE-1999-1152
517767839,ibojanova/BF,CWEBF/XML/cwec_v4.8.xml,8d4e38a22805fc9c70eab23fcc5d3ffc8b0ed096,CVE-1999-1127
517767839,ibojanova/BF,CWEBF/XML/cwec_v4.8.xml,8d4e38a22805fc9c70eab23fcc5d3ffc8b0ed096,CVE-1999-1125
517767839,ibojanova/BF,CWEBF/XML/cwec_v4.8.xml,8d4e38a22805fc9c70eab23fcc5d3ffc8b0ed096,CVE-1999-1120
517767839,ibojanova/BF,CWEBF/XML/cwec_v4.8.xml,8d4e38a22805fc9c70eab23fcc5d3ffc8b0ed096,CVE-1999-1083
517767839,ibojanova/BF,CWEBF/XML/cwec_v4.8.xml,8d4e38a22805fc9c70eab23fcc5d3ffc8b0ed096,CVE-1999-1077
517767839,ibojanova/BF,CWEBF/XML/cwec_v4.8.xml,8d4e38a22805fc9c70eab23fcc5d3ffc8b0ed096,CVE-2000-1165
517767839,ibojanova/BF,CWEBF/XML/cwec_v4.8.xml,8d4e38a22805fc9c70eab23fcc5d3ffc8b0ed096,CVE-2000-1178
517767839,ibojanova/BF,CWEBF/XML/cwec_v4.8.xml,8d4e38a22805fc9c70eab23fcc5d3ffc8b0ed096,CVE-2000-1179
517767839,ibojanova/BF,CWEBF/XML/cwec_v4.8.xml,8d4e38a22805fc9c70eab23fcc5d3ffc8b0ed096,CVE-2001-0943
517767839,ibojanova/BF,CWEBF/XML/cwec_v4.8.xml,8d4e38a22805fc9c70eab23fcc5d3ffc8b0ed096,CVE-2001-0942
517767839,ibojanova/BF,CWEBF/XML/cwec_v4.8.xml,8d4e38a22805fc9c70eab23fcc5d3ffc8b0ed096,CVE-2001-0933
517767839,ibojanova/BF,CWEBF/XML/cwec_v4.8.xml,8d4e38a22805fc9c70eab23fcc5d3ffc8b0ed096,CVE-2001-0912
517767839,ibojanova/BF,CWEBF/XML/cwec_v4.8.xml,8d4e38a22805fc9c70eab23fcc5d3ffc8b0ed096,CVE-2001-0910
517767839,ibojanova/BF,CWEBF/XML/cwec_v4.8.xml,8d4e38a22805fc9c70eab23fcc5d3ffc8b0ed096,CVE-2001-0908
517767839,ibojanova/BF,CWEBF/XML/cwec_v4.8.xml,8d4e38a22805fc9c70eab23fcc5d3ffc8b0ed096,CVE-2001-0905
517767839,ibojanova/BF,CWEBF/XML/cwec_v4.8.xml,8d4e38a22805fc9c70eab23fcc5d3ffc8b0ed096,CVE-2001-0901
517767839,ibojanova/BF,CWEBF/XML/cwec_v4.8.xml,8d4e38a22805fc9c70eab23fcc5d3ffc8b0ed096,CVE-2001-0893
517767839,ibojanova/BF,CWEBF/XML/cwec_v4.8.xml,8d4e38a22805fc9c70eab23fcc5d3ffc8b0ed096,CVE-2001-0892
517767839,ibojanova/BF,CWEBF/XML/cwec_v4.8.xml,8d4e38a22805fc9c70eab23fcc5d3ffc8b0ed096,CVE-2001-0872
517767839,ibojanova/BF,CWEBF/XML/cwec_v4.8.xml,8d4e38a22805fc9c70eab23fcc5d3ffc8b0ed096,CVE-2001-0865
517767839,ibojanova/BF,CWEBF/XML/cwec_v4.8.xml,8d4e38a22805fc9c70eab23fcc5d3ffc8b0ed096,CVE-2001-0863
517767839,ibojanova/BF,CWEBF/XML/cwec_v4.8.xml,8d4e38a22805fc9c70eab23fcc5d3ffc8b0ed096,CVE-2001-0860
517767839,ibojanova/BF,CWEBF/XML/cwec_v4.8.xml,8d4e38a22805fc9c70eab23fcc5d3ffc8b0ed096,CVE-2001-0854
517767839,ibojanova/BF,CWEBF/XML/cwec_v4.8.xml,8d4e38a22805fc9c70eab23fcc5d3ffc8b0ed096,CVE-2001-0830
517767839,ibojanova/BF,CWEBF/XML/cwec_v4.8.xml,8d4e38a22805fc9c70eab23fcc5d3ffc8b0ed096,CVE-2001-0825
517767839,ibojanova/BF,CWEBF/XML/cwec_v4.8.xml,8d4e38a22805fc9c70eab23fcc5d3ffc8b0ed096,CVE-2001-0795
517767839,ibojanova/BF,CWEBF/XML/cwec_v4.8.xml,8d4e38a22805fc9c70eab23fcc5d3ffc8b0ed096,CVE-2001-0787
517767839,ibojanova/BF,CWEBF/XML/cwec_v4.8.xml,8d4e38a22805fc9c70eab23fcc5d3ffc8b0ed096,CVE-2001-0778
517767839,ibojanova/BF,CWEBF/XML/cwec_v4.8.xml,8d4e38a22805fc9c70eab23fcc5d3ffc8b0ed096,CVE-2001-0766
517767839,ibojanova/BF,CWEBF/XML/cwec_v4.8.xml,8d4e38a22805fc9c70eab23fcc5d3ffc8b0ed096,CVE-2001-0751
517767839,ibojanova/BF,CWEBF/XML/cwec_v4.8.xml,8d4e38a22805fc9c70eab23fcc5d3ffc8b0ed096,CVE-2001-0738
517767839,ibojanova/BF,CWEBF/XML/cwec_v4.8.xml,8d4e38a22805fc9c70eab23fcc5d3ffc8b0ed096,CVE-2001-0717
517767839,ibojanova/BF,CWEBF/XML/cwec_v4.8.xml,8d4e38a22805fc9c70eab23fcc5d3ffc8b0ed096,CVE-2001-0709
517767839,ibojanova/BF,CWEBF/XML/cwec_v4.8.xml,8d4e38a22805fc9c70eab23fcc5d3ffc8b0ed096,CVE-2001-0950
517767839,ibojanova/BF,CWEBF/XML/cwec_v4.8.xml,8d4e38a22805fc9c70eab23fcc5d3ffc8b0ed096,CVE-2001-0693
517767839,ibojanova/BF,CWEBF/XML/cwec_v4.8.xml,8d4e38a22805fc9c70eab23fcc5d3ffc8b0ed096,CVE-2001-0963
517767839,ibojanova/BF,CWEBF/XML/cwec_v4.8.xml,8d4e38a22805fc9c70eab23fcc5d3ffc8b0ed096,CVE-2001-0984
517767839,ibojanova/BF,CWEBF/XML/cwec_v4.8.xml,8d4e38a22805fc9c70eab23fcc5d3ffc8b0ed096,CVE-2001-1349
517767839,ibojanova/BF,CWEBF/XML/cwec_v4.8.xml,8d4e38a22805fc9c70eab23fcc5d3ffc8b0ed096,CVE-2001-1340
517767839,ibojanova/BF,CWEBF/XML/cwec_v4.8.xml,8d4e38a22805fc9c70eab23fcc5d3ffc8b0ed096,CVE-2001-1339
517767839,ibojanova/BF,CWEBF/XML/cwec_v4.8.xml,8d4e38a22805fc9c70eab23fcc5d3ffc8b0ed096,CVE-2001-1291
517767839,ibojanova/BF,CWEBF/XML/cwec_v4.8.xml,8d4e38a22805fc9c70eab23fcc5d3ffc8b0ed096,CVE-2001-1269
517767839,ibojanova/BF,CWEBF/XML/cwec_v4.8.xml,8d4e38a22805fc9c70eab23fcc5d3ffc8b0ed096,CVE-2001-1248
517767839,ibojanova/BF,CWEBF/XML/cwec_v4.8.xml,8d4e38a22805fc9c70eab23fcc5d3ffc8b0ed096,CVE-2001-1246
517767839,ibojanova/BF,CWEBF/XML/cwec_v4.8.xml,8d4e38a22805fc9c70eab23fcc5d3ffc8b0ed096,CVE-2001-1238
517767839,ibojanova/BF,CWEBF/XML/cwec_v4.8.xml,8d4e38a22805fc9c70eab23fcc5d3ffc8b0ed096,CVE-2001-1193
517767839,ibojanova/BF,CWEBF/XML/cwec_v4.8.xml,8d4e38a22805fc9c70eab23fcc5d3ffc8b0ed096,CVE-2001-1186
517767839,ibojanova/BF,CWEBF/XML/cwec_v4.8.xml,8d4e38a22805fc9c70eab23fcc5d3ffc8b0ed096,CVE-2001-1166
517767839,ibojanova/BF,CWEBF/XML/cwec_v4.8.xml,8d4e38a22805fc9c70eab23fcc5d3ffc8b0ed096,CVE-2001-1157
517767839,ibojanova/BF,CWEBF/XML/cwec_v4.8.xml,8d4e38a22805fc9c70eab23fcc5d3ffc8b0ed096,CVE-2001-1155
517767839,ibojanova/BF,CWEBF/XML/cwec_v4.8.xml,8d4e38a22805fc9c70eab23fcc5d3ffc8b0ed096,CVE-2001-1152
517767839,ibojanova/BF,CWEBF/XML/cwec_v4.8.xml,8d4e38a22805fc9c70eab23fcc5d3ffc8b0ed096,CVE-2001-1141
517767839,ibojanova/BF,CWEBF/XML/cwec_v4.8.xml,8d4e38a22805fc9c70eab23fcc5d3ffc8b0ed096,CVE-2001-1140
517767839,ibojanova/BF,CWEBF/XML/cwec_v4.8.xml,8d4e38a22805fc9c70eab23fcc5d3ffc8b0ed096,CVE-2001-1131
517767839,ibojanova/BF,CWEBF/XML/cwec_v4.8.xml,8d4e38a22805fc9c70eab23fcc5d3ffc8b0ed096,CVE-2001-1125
517767839,ibojanova/BF,CWEBF/XML/cwec_v4.8.xml,8d4e38a22805fc9c70eab23fcc5d3ffc8b0ed096,CVE-2001-1072
517767839,ibojanova/BF,CWEBF/XML/cwec_v4.8.xml,8d4e38a22805fc9c70eab23fcc5d3ffc8b0ed096,CVE-2001-1043
517767839,ibojanova/BF,CWEBF/XML/cwec_v4.8.xml,8d4e38a22805fc9c70eab23fcc5d3ffc8b0ed096,CVE-2001-1042
517767839,ibojanova/BF,CWEBF/XML/cwec_v4.8.xml,8d4e38a22805fc9c70eab23fcc5d3ffc8b0ed096,CVE-2001-1029
517767839,ibojanova/BF,CWEBF/XML/cwec_v4.8.xml,8d4e38a22805fc9c70eab23fcc5d3ffc8b0ed096,CVE-2001-1025
517767839,ibojanova/BF,CWEBF/XML/cwec_v4.8.xml,8d4e38a22805fc9c70eab23fcc5d3ffc8b0ed096,CVE-2001-1009
517767839,ibojanova/BF,CWEBF/XML/cwec_v4.8.xml,8d4e38a22805fc9c70eab23fcc5d3ffc8b0ed096,CVE-2001-0996
517767839,ibojanova/BF,CWEBF/XML/cwec_v4.8.xml,8d4e38a22805fc9c70eab23fcc5d3ffc8b0ed096,CVE-2001-0967
517767839,ibojanova/BF,CWEBF/XML/cwec_v4.8.xml,8d4e38a22805fc9c70eab23fcc5d3ffc8b0ed096,CVE-2001-0687
517767839,ibojanova/BF,CWEBF/XML/cwec_v4.8.xml,8d4e38a22805fc9c70eab23fcc5d3ffc8b0ed096,CVE-2001-0682
517767839,ibojanova/BF,CWEBF/XML/cwec_v4.8.xml,8d4e38a22805fc9c70eab23fcc5d3ffc8b0ed096,CVE-2001-0677
517767839,ibojanova/BF,CWEBF/XML/cwec_v4.8.xml,8d4e38a22805fc9c70eab23fcc5d3ffc8b0ed096,CVE-2001-0195
517767839,ibojanova/BF,CWEBF/XML/cwec_v4.8.xml,8d4e38a22805fc9c70eab23fcc5d3ffc8b0ed096,CVE-2001-0191
517767839,ibojanova/BF,CWEBF/XML/cwec_v4.8.xml,8d4e38a22805fc9c70eab23fcc5d3ffc8b0ed096,CVE-2001-0178
517767839,ibojanova/BF,CWEBF/XML/cwec_v4.8.xml,8d4e38a22805fc9c70eab23fcc5d3ffc8b0ed096,CVE-2001-0163
517767839,ibojanova/BF,CWEBF/XML/cwec_v4.8.xml,8d4e38a22805fc9c70eab23fcc5d3ffc8b0ed096,CVE-2001-0162
517767839,ibojanova/BF,CWEBF/XML/cwec_v4.8.xml,8d4e38a22805fc9c70eab23fcc5d3ffc8b0ed096,CVE-2001-0161
517767839,ibojanova/BF,CWEBF/XML/cwec_v4.8.xml,8d4e38a22805fc9c70eab23fcc5d3ffc8b0ed096,CVE-2001-0160
517767839,ibojanova/BF,CWEBF/XML/cwec_v4.8.xml,8d4e38a22805fc9c70eab23fcc5d3ffc8b0ed096,CVE-2001-0150
517767839,ibojanova/BF,CWEBF/XML/cwec_v4.8.xml,8d4e38a22805fc9c70eab23fcc5d3ffc8b0ed096,CVE-2001-0136
517767839,ibojanova/BF,CWEBF/XML/cwec_v4.8.xml,8d4e38a22805fc9c70eab23fcc5d3ffc8b0ed096,CVE-2001-0128
517767839,ibojanova/BF,CWEBF/XML/cwec_v4.8.xml,8d4e38a22805fc9c70eab23fcc5d3ffc8b0ed096,CVE-2001-0088
517767839,ibojanova/BF,CWEBF/XML/cwec_v4.8.xml,8d4e38a22805fc9c70eab23fcc5d3ffc8b0ed096,CVE-2001-0084
517767839,ibojanova/BF,CWEBF/XML/cwec_v4.8.xml,8d4e38a22805fc9c70eab23fcc5d3ffc8b0ed096,CVE-2001-0081
517767839,ibojanova/BF,CWEBF/XML/cwec_v4.8.xml,8d4e38a22805fc9c70eab23fcc5d3ffc8b0ed096,CVE-2001-0054
517767839,ibojanova/BF,CWEBF/XML/cwec_v4.8.xml,8d4e38a22805fc9c70eab23fcc5d3ffc8b0ed096,CVE-2001-0038
517767839,ibojanova/BF,CWEBF/XML/cwec_v4.8.xml,8d4e38a22805fc9c70eab23fcc5d3ffc8b0ed096,CVE-2001-0033
517767839,ibojanova/BF,CWEBF/XML/cwec_v4.8.xml,8d4e38a22805fc9c70eab23fcc5d3ffc8b0ed096,CVE-2001-0006
517767839,ibojanova/BF,CWEBF/XML/cwec_v4.8.xml,8d4e38a22805fc9c70eab23fcc5d3ffc8b0ed096,CVE-2001-0004
517767839,ibojanova/BF,CWEBF/XML/cwec_v4.8.xml,8d4e38a22805fc9c70eab23fcc5d3ffc8b0ed096,CVE-2001-0003
517767839,ibojanova/BF,CWEBF/XML/cwec_v4.8.xml,8d4e38a22805fc9c70eab23fcc5d3ffc8b0ed096,CVE-2000-1234
517767839,ibojanova/BF,CWEBF/XML/cwec_v4.8.xml,8d4e38a22805fc9c70eab23fcc5d3ffc8b0ed096,CVE-2000-1221
517767839,ibojanova/BF,CWEBF/XML/cwec_v4.8.xml,8d4e38a22805fc9c70eab23fcc5d3ffc8b0ed096,CVE-2000-1218
517767839,ibojanova/BF,CWEBF/XML/cwec_v4.8.xml,8d4e38a22805fc9c70eab23fcc5d3ffc8b0ed096,CVE-2000-1213
517767839,ibojanova/BF,CWEBF/XML/cwec_v4.8.xml,8d4e38a22805fc9c70eab23fcc5d3ffc8b0ed096,CVE-2000-1212
517767839,ibojanova/BF,CWEBF/XML/cwec_v4.8.xml,8d4e38a22805fc9c70eab23fcc5d3ffc8b0ed096,CVE-2000-1198
517767839,ibojanova/BF,CWEBF/XML/cwec_v4.8.xml,8d4e38a22805fc9c70eab23fcc5d3ffc8b0ed096,CVE-2001-0248
517767839,ibojanova/BF,CWEBF/XML/cwec_v4.8.xml,8d4e38a22805fc9c70eab23fcc5d3ffc8b0ed096,CVE-2001-0249
517767839,ibojanova/BF,CWEBF/XML/cwec_v4.8.xml,8d4e38a22805fc9c70eab23fcc5d3ffc8b0ed096,CVE-2001-0255
517767839,ibojanova/BF,CWEBF/XML/cwec_v4.8.xml,8d4e38a22805fc9c70eab23fcc5d3ffc8b0ed096,CVE-2001-0288
517767839,ibojanova/BF,CWEBF/XML/cwec_v4.8.xml,8d4e38a22805fc9c70eab23fcc5d3ffc8b0ed096,CVE-2001-0669
517767839,ibojanova/BF,CWEBF/XML/cwec_v4.8.xml,8d4e38a22805fc9c70eab23fcc5d3ffc8b0ed096,CVE-2001-0667
517767839,ibojanova/BF,CWEBF/XML/cwec_v4.8.xml,8d4e38a22805fc9c70eab23fcc5d3ffc8b0ed096,CVE-2001-0650
517767839,ibojanova/BF,CWEBF/XML/cwec_v4.8.xml,8d4e38a22805fc9c70eab23fcc5d3ffc8b0ed096,CVE-2001-0643
517767839,ibojanova/BF,CWEBF/XML/cwec_v4.8.xml,8d4e38a22805fc9c70eab23fcc5d3ffc8b0ed096,CVE-2001-0615
517767839,ibojanova/BF,CWEBF/XML/cwec_v4.8.xml,8d4e38a22805fc9c70eab23fcc5d3ffc8b0ed096,CVE-2001-0609
517767839,ibojanova/BF,CWEBF/XML/cwec_v4.8.xml,8d4e38a22805fc9c70eab23fcc5d3ffc8b0ed096,CVE-2001-0590
517767839,ibojanova/BF,CWEBF/XML/cwec_v4.8.xml,8d4e38a22805fc9c70eab23fcc5d3ffc8b0ed096,CVE-2001-0559
517767839,ibojanova/BF,CWEBF/XML/cwec_v4.8.xml,8d4e38a22805fc9c70eab23fcc5d3ffc8b0ed096,CVE-2001-0558
517767839,ibojanova/BF,CWEBF/XML/cwec_v4.8.xml,8d4e38a22805fc9c70eab23fcc5d3ffc8b0ed096,CVE-2001-0527
517767839,ibojanova/BF,CWEBF/XML/cwec_v4.8.xml,8d4e38a22805fc9c70eab23fcc5d3ffc8b0ed096,CVE-2001-0520
517767839,ibojanova/BF,CWEBF/XML/cwec_v4.8.xml,8d4e38a22805fc9c70eab23fcc5d3ffc8b0ed096,CVE-2001-0507
517767839,ibojanova/BF,CWEBF/XML/cwec_v4.8.xml,8d4e38a22805fc9c70eab23fcc5d3ffc8b0ed096,CVE-2005-2160
517767839,ibojanova/BF,CWEBF/XML/cwec_v4.8.xml,8d4e38a22805fc9c70eab23fcc5d3ffc8b0ed096,CVE-2001-0497
517767839,ibojanova/BF,CWEBF/XML/cwec_v4.8.xml,8d4e38a22805fc9c70eab23fcc5d3ffc8b0ed096,CVE-2001-0492
517767839,ibojanova/BF,CWEBF/XML/cwec_v4.8.xml,8d4e38a22805fc9c70eab23fcc5d3ffc8b0ed096,CVE-2001-0491
517767839,ibojanova/BF,CWEBF/XML/cwec_v4.8.xml,8d4e38a22805fc9c70eab23fcc5d3ffc8b0ed096,CVE-2001-0480
517767839,ibojanova/BF,CWEBF/XML/cwec_v4.8.xml,8d4e38a22805fc9c70eab23fcc5d3ffc8b0ed096,CVE-2001-0467
517767839,ibojanova/BF,CWEBF/XML/cwec_v4.8.xml,8d4e38a22805fc9c70eab23fcc5d3ffc8b0ed096,CVE-2001-0446
517767839,ibojanova/BF,CWEBF/XML/cwec_v4.8.xml,8d4e38a22805fc9c70eab23fcc5d3ffc8b0ed096,CVE-2001-0398
517767839,ibojanova/BF,CWEBF/XML/cwec_v4.8.xml,8d4e38a22805fc9c70eab23fcc5d3ffc8b0ed096,CVE-2001-0395
517767839,ibojanova/BF,CWEBF/XML/cwec_v4.8.xml,8d4e38a22805fc9c70eab23fcc5d3ffc8b0ed096,CVE-2001-0334
517767839,ibojanova/BF,CWEBF/XML/cwec_v4.8.xml,8d4e38a22805fc9c70eab23fcc5d3ffc8b0ed096,CVE-2001-0333
517767839,ibojanova/BF,CWEBF/XML/cwec_v4.8.xml,8d4e38a22805fc9c70eab23fcc5d3ffc8b0ed096,CVE-2001-0330
517767839,ibojanova/BF,CWEBF/XML/cwec_v4.8.xml,8d4e38a22805fc9c70eab23fcc5d3ffc8b0ed096,CVE-2001-0328
517767839,ibojanova/BF,CWEBF/XML/cwec_v4.8.xml,8d4e38a22805fc9c70eab23fcc5d3ffc8b0ed096,CVE-2001-0289
517767839,ibojanova/BF,CWEBF/XML/cwec_v4.8.xml,8d4e38a22805fc9c70eab23fcc5d3ffc8b0ed096,CVE-2001-0493
517767839,ibojanova/BF,CWEBF/XML/cwec_v4.8.xml,8d4e38a22805fc9c70eab23fcc5d3ffc8b0ed096,CVE-2002-1886
517767839,ibojanova/BF,CWEBF/XML/cwec_v4.8.xml,8d4e38a22805fc9c70eab23fcc5d3ffc8b0ed096,CVE-2002-1880
517767839,ibojanova/BF,CWEBF/XML/cwec_v4.8.xml,8d4e38a22805fc9c70eab23fcc5d3ffc8b0ed096,CVE-2002-1906
517767839,ibojanova/BF,CWEBF/XML/cwec_v4.8.xml,8d4e38a22805fc9c70eab23fcc5d3ffc8b0ed096,CVE-2005-0039
517767839,ibojanova/BF,CWEBF/XML/cwec_v4.8.xml,8d4e38a22805fc9c70eab23fcc5d3ffc8b0ed096,CVE-2004-2620
517767839,ibojanova/BF,CWEBF/XML/cwec_v4.8.xml,8d4e38a22805fc9c70eab23fcc5d3ffc8b0ed096,CVE-2004-2589
517767839,ibojanova/BF,CWEBF/XML/cwec_v4.8.xml,8d4e38a22805fc9c70eab23fcc5d3ffc8b0ed096,CVE-2004-2530
517767839,ibojanova/BF,CWEBF/XML/cwec_v4.8.xml,8d4e38a22805fc9c70eab23fcc5d3ffc8b0ed096,CVE-2004-2527
517767839,ibojanova/BF,CWEBF/XML/cwec_v4.8.xml,8d4e38a22805fc9c70eab23fcc5d3ffc8b0ed096,CVE-2004-2512
517767839,ibojanova/BF,CWEBF/XML/cwec_v4.8.xml,8d4e38a22805fc9c70eab23fcc5d3ffc8b0ed096,CVE-2004-2504
517767839,ibojanova/BF,CWEBF/XML/cwec_v4.8.xml,8d4e38a22805fc9c70eab23fcc5d3ffc8b0ed096,CVE-2004-2491
517767839,ibojanova/BF,CWEBF/XML/cwec_v4.8.xml,8d4e38a22805fc9c70eab23fcc5d3ffc8b0ed096,CVE-2004-2488
517767839,ibojanova/BF,CWEBF/XML/cwec_v4.8.xml,8d4e38a22805fc9c70eab23fcc5d3ffc8b0ed096,CVE-2004-2458
517767839,ibojanova/BF,CWEBF/XML/cwec_v4.8.xml,8d4e38a22805fc9c70eab23fcc5d3ffc8b0ed096,CVE-2004-2397
517767839,ibojanova/BF,CWEBF/XML/cwec_v4.8.xml,8d4e38a22805fc9c70eab23fcc5d3ffc8b0ed096,CVE-2004-2371
517767839,ibojanova/BF,CWEBF/XML/cwec_v4.8.xml,8d4e38a22805fc9c70eab23fcc5d3ffc8b0ed096,CVE-2004-2363
517767839,ibojanova/BF,CWEBF/XML/cwec_v4.8.xml,8d4e38a22805fc9c70eab23fcc5d3ffc8b0ed096,CVE-2004-2353
517767839,ibojanova/BF,CWEBF/XML/cwec_v4.8.xml,8d4e38a22805fc9c70eab23fcc5d3ffc8b0ed096,CVE-2004-2351
517767839,ibojanova/BF,CWEBF/XML/cwec_v4.8.xml,8d4e38a22805fc9c70eab23fcc5d3ffc8b0ed096,CVE-2004-2331
517767839,ibojanova/BF,CWEBF/XML/cwec_v4.8.xml,8d4e38a22805fc9c70eab23fcc5d3ffc8b0ed096,CVE-2004-2268
517767839,ibojanova/BF,CWEBF/XML/cwec_v4.8.xml,8d4e38a22805fc9c70eab23fcc5d3ffc8b0ed096,CVE-2004-2262
517767839,ibojanova/BF,CWEBF/XML/cwec_v4.8.xml,8d4e38a22805fc9c70eab23fcc5d3ffc8b0ed096,CVE-2004-2260
517767839,ibojanova/BF,CWEBF/XML/cwec_v4.8.xml,8d4e38a22805fc9c70eab23fcc5d3ffc8b0ed096,CVE-2004-2259
517767839,ibojanova/BF,CWEBF/XML/cwec_v4.8.xml,8d4e38a22805fc9c70eab23fcc5d3ffc8b0ed096,CVE-2004-2258
517767839,ibojanova/BF,CWEBF/XML/cwec_v4.8.xml,8d4e38a22805fc9c70eab23fcc5d3ffc8b0ed096,CVE-2004-2257
517767839,ibojanova/BF,CWEBF/XML/cwec_v4.8.xml,8d4e38a22805fc9c70eab23fcc5d3ffc8b0ed096,CVE-2004-2252
517767839,ibojanova/BF,CWEBF/XML/cwec_v4.8.xml,8d4e38a22805fc9c70eab23fcc5d3ffc8b0ed096,CVE-2004-2227
517767839,ibojanova/BF,CWEBF/XML/cwec_v4.8.xml,8d4e38a22805fc9c70eab23fcc5d3ffc8b0ed096,CVE-2004-2219
517767839,ibojanova/BF,CWEBF/XML/cwec_v4.8.xml,8d4e38a22805fc9c70eab23fcc5d3ffc8b0ed096,CVE-2005-0054
517767839,ibojanova/BF,CWEBF/XML/cwec_v4.8.xml,8d4e38a22805fc9c70eab23fcc5d3ffc8b0ed096,CVE-2004-2215
517767839,ibojanova/BF,CWEBF/XML/cwec_v4.8.xml,8d4e38a22805fc9c70eab23fcc5d3ffc8b0ed096,CVE-2005-0064
517767839,ibojanova/BF,CWEBF/XML/cwec_v4.8.xml,8d4e38a22805fc9c70eab23fcc5d3ffc8b0ed096,CVE-2005-0129
517767839,ibojanova/BF,CWEBF/XML/cwec_v4.8.xml,8d4e38a22805fc9c70eab23fcc5d3ffc8b0ed096,CVE-2005-0585
517767839,ibojanova/BF,CWEBF/XML/cwec_v4.8.xml,8d4e38a22805fc9c70eab23fcc5d3ffc8b0ed096,CVE-2005-0563
517767839,ibojanova/BF,CWEBF/XML/cwec_v4.8.xml,8d4e38a22805fc9c70eab23fcc5d3ffc8b0ed096,CVE-2005-0496
517767839,ibojanova/BF,CWEBF/XML/cwec_v4.8.xml,8d4e38a22805fc9c70eab23fcc5d3ffc8b0ed096,CVE-2005-0490
517767839,ibojanova/BF,CWEBF/XML/cwec_v4.8.xml,8d4e38a22805fc9c70eab23fcc5d3ffc8b0ed096,CVE-2005-0488
517767839,ibojanova/BF,CWEBF/XML/cwec_v4.8.xml,8d4e38a22805fc9c70eab23fcc5d3ffc8b0ed096,CVE-2005-0471
517767839,ibojanova/BF,CWEBF/XML/cwec_v4.8.xml,8d4e38a22805fc9c70eab23fcc5d3ffc8b0ed096,CVE-2005-0459
517767839,ibojanova/BF,CWEBF/XML/cwec_v4.8.xml,8d4e38a22805fc9c70eab23fcc5d3ffc8b0ed096,CVE-2005-0443
517767839,ibojanova/BF,CWEBF/XML/cwec_v4.8.xml,8d4e38a22805fc9c70eab23fcc5d3ffc8b0ed096,CVE-2005-0433
517767839,ibojanova/BF,CWEBF/XML/cwec_v4.8.xml,8d4e38a22805fc9c70eab23fcc5d3ffc8b0ed096,CVE-2005-0408
517767839,ibojanova/BF,CWEBF/XML/cwec_v4.8.xml,8d4e38a22805fc9c70eab23fcc5d3ffc8b0ed096,CVE-2005-0406
517767839,ibojanova/BF,CWEBF/XML/cwec_v4.8.xml,8d4e38a22805fc9c70eab23fcc5d3ffc8b0ed096,CVE-2005-0369
517767839,ibojanova/BF,CWEBF/XML/cwec_v4.8.xml,8d4e38a22805fc9c70eab23fcc5d3ffc8b0ed096,CVE-2005-0342
517767839,ibojanova/BF,CWEBF/XML/cwec_v4.8.xml,8d4e38a22805fc9c70eab23fcc5d3ffc8b0ed096,CVE-2005-0315
517767839,ibojanova/BF,CWEBF/XML/cwec_v4.8.xml,8d4e38a22805fc9c70eab23fcc5d3ffc8b0ed096,CVE-2005-0269
517767839,ibojanova/BF,CWEBF/XML/cwec_v4.8.xml,8d4e38a22805fc9c70eab23fcc5d3ffc8b0ed096,CVE-2005-0254
517767839,ibojanova/BF,CWEBF/XML/cwec_v4.8.xml,8d4e38a22805fc9c70eab23fcc5d3ffc8b0ed096,CVE-2005-0243
517767839,ibojanova/BF,CWEBF/XML/cwec_v4.8.xml,8d4e38a22805fc9c70eab23fcc5d3ffc8b0ed096,CVE-2005-0235
517767839,ibojanova/BF,CWEBF/XML/cwec_v4.8.xml,8d4e38a22805fc9c70eab23fcc5d3ffc8b0ed096,CVE-2005-0234
517767839,ibojanova/BF,CWEBF/XML/cwec_v4.8.xml,8d4e38a22805fc9c70eab23fcc5d3ffc8b0ed096,CVE-2005-0233
517767839,ibojanova/BF,CWEBF/XML/cwec_v4.8.xml,8d4e38a22805fc9c70eab23fcc5d3ffc8b0ed096,CVE-2005-0202
517767839,ibojanova/BF,CWEBF/XML/cwec_v4.8.xml,8d4e38a22805fc9c70eab23fcc5d3ffc8b0ed096,CVE-2005-0199
517767839,ibojanova/BF,CWEBF/XML/cwec_v4.8.xml,8d4e38a22805fc9c70eab23fcc5d3ffc8b0ed096,CVE-2005-0198
517767839,ibojanova/BF,CWEBF/XML/cwec_v4.8.xml,8d4e38a22805fc9c70eab23fcc5d3ffc8b0ed096,CVE-2005-0144
517767839,ibojanova/BF,CWEBF/XML/cwec_v4.8.xml,8d4e38a22805fc9c70eab23fcc5d3ffc8b0ed096,CVE-2005-0143
517767839,ibojanova/BF,CWEBF/XML/cwec_v4.8.xml,8d4e38a22805fc9c70eab23fcc5d3ffc8b0ed096,CVE-2005-0102
517767839,ibojanova/BF,CWEBF/XML/cwec_v4.8.xml,8d4e38a22805fc9c70eab23fcc5d3ffc8b0ed096,CVE-2005-0587
517767839,ibojanova/BF,CWEBF/XML/cwec_v4.8.xml,8d4e38a22805fc9c70eab23fcc5d3ffc8b0ed096,CVE-2004-2214
517767839,ibojanova/BF,CWEBF/XML/cwec_v4.8.xml,8d4e38a22805fc9c70eab23fcc5d3ffc8b0ed096,CVE-2004-2204
517767839,ibojanova/BF,CWEBF/XML/cwec_v4.8.xml,8d4e38a22805fc9c70eab23fcc5d3ffc8b0ed096,CVE-2004-1714
517767839,ibojanova/BF,CWEBF/XML/cwec_v4.8.xml,8d4e38a22805fc9c70eab23fcc5d3ffc8b0ed096,CVE-2004-1703
517767839,ibojanova/BF,CWEBF/XML/cwec_v4.8.xml,8d4e38a22805fc9c70eab23fcc5d3ffc8b0ed096,CVE-2004-1687
517767839,ibojanova/BF,CWEBF/XML/cwec_v4.8.xml,8d4e38a22805fc9c70eab23fcc5d3ffc8b0ed096,CVE-2004-1686
517767839,ibojanova/BF,CWEBF/XML/cwec_v4.8.xml,8d4e38a22805fc9c70eab23fcc5d3ffc8b0ed096,CVE-2004-1670
517767839,ibojanova/BF,CWEBF/XML/cwec_v4.8.xml,8d4e38a22805fc9c70eab23fcc5d3ffc8b0ed096,CVE-2004-1656
517767839,ibojanova/BF,CWEBF/XML/cwec_v4.8.xml,8d4e38a22805fc9c70eab23fcc5d3ffc8b0ed096,CVE-2004-1611
517767839,ibojanova/BF,CWEBF/XML/cwec_v4.8.xml,8d4e38a22805fc9c70eab23fcc5d3ffc8b0ed096,CVE-2004-1603
517767839,ibojanova/BF,CWEBF/XML/cwec_v4.8.xml,8d4e38a22805fc9c70eab23fcc5d3ffc8b0ed096,CVE-2004-1602
517767839,ibojanova/BF,CWEBF/XML/cwec_v4.8.xml,8d4e38a22805fc9c70eab23fcc5d3ffc8b0ed096,CVE-2004-1590
517767839,ibojanova/BF,CWEBF/XML/cwec_v4.8.xml,8d4e38a22805fc9c70eab23fcc5d3ffc8b0ed096,CVE-2004-1581
517767839,ibojanova/BF,CWEBF/XML/cwec_v4.8.xml,8d4e38a22805fc9c70eab23fcc5d3ffc8b0ed096,CVE-2004-1579
517767839,ibojanova/BF,CWEBF/XML/cwec_v4.8.xml,8d4e38a22805fc9c70eab23fcc5d3ffc8b0ed096,CVE-2004-1513
517767839,ibojanova/BF,CWEBF/XML/cwec_v4.8.xml,8d4e38a22805fc9c70eab23fcc5d3ffc8b0ed096,CVE-2004-1504
517767839,ibojanova/BF,CWEBF/XML/cwec_v4.8.xml,8d4e38a22805fc9c70eab23fcc5d3ffc8b0ed096,CVE-2004-1461
517767839,ibojanova/BF,CWEBF/XML/cwec_v4.8.xml,8d4e38a22805fc9c70eab23fcc5d3ffc8b0ed096,CVE-2004-1451
517767839,ibojanova/BF,CWEBF/XML/cwec_v4.8.xml,8d4e38a22805fc9c70eab23fcc5d3ffc8b0ed096,CVE-2004-1428
517767839,ibojanova/BF,CWEBF/XML/cwec_v4.8.xml,8d4e38a22805fc9c70eab23fcc5d3ffc8b0ed096,CVE-2004-1422
517767839,ibojanova/BF,CWEBF/XML/cwec_v4.8.xml,8d4e38a22805fc9c70eab23fcc5d3ffc8b0ed096,CVE-2004-1395
517767839,ibojanova/BF,CWEBF/XML/cwec_v4.8.xml,8d4e38a22805fc9c70eab23fcc5d3ffc8b0ed096,CVE-2004-1363
517767839,ibojanova/BF,CWEBF/XML/cwec_v4.8.xml,8d4e38a22805fc9c70eab23fcc5d3ffc8b0ed096,CVE-2004-1315
517767839,ibojanova/BF,CWEBF/XML/cwec_v4.8.xml,8d4e38a22805fc9c70eab23fcc5d3ffc8b0ed096,CVE-2004-1189
517767839,ibojanova/BF,CWEBF/XML/cwec_v4.8.xml,8d4e38a22805fc9c70eab23fcc5d3ffc8b0ed096,CVE-2004-1104
517767839,ibojanova/BF,CWEBF/XML/cwec_v4.8.xml,8d4e38a22805fc9c70eab23fcc5d3ffc8b0ed096,CVE-2004-1101
517767839,ibojanova/BF,CWEBF/XML/cwec_v4.8.xml,8d4e38a22805fc9c70eab23fcc5d3ffc8b0ed096,CVE-2004-1084
517767839,ibojanova/BF,CWEBF/XML/cwec_v4.8.xml,8d4e38a22805fc9c70eab23fcc5d3ffc8b0ed096,CVE-2004-1814
517767839,ibojanova/BF,CWEBF/XML/cwec_v4.8.xml,8d4e38a22805fc9c70eab23fcc5d3ffc8b0ed096,CVE-2004-2213
517767839,ibojanova/BF,CWEBF/XML/cwec_v4.8.xml,8d4e38a22805fc9c70eab23fcc5d3ffc8b0ed096,CVE-2004-1842
517767839,ibojanova/BF,CWEBF/XML/cwec_v4.8.xml,8d4e38a22805fc9c70eab23fcc5d3ffc8b0ed096,CVE-2004-1878
517767839,ibojanova/BF,CWEBF/XML/cwec_v4.8.xml,8d4e38a22805fc9c70eab23fcc5d3ffc8b0ed096,CVE-2004-2172
517767839,ibojanova/BF,CWEBF/XML/cwec_v4.8.xml,8d4e38a22805fc9c70eab23fcc5d3ffc8b0ed096,CVE-2004-2171
517767839,ibojanova/BF,CWEBF/XML/cwec_v4.8.xml,8d4e38a22805fc9c70eab23fcc5d3ffc8b0ed096,CVE-2004-2164
517767839,ibojanova/BF,CWEBF/XML/cwec_v4.8.xml,8d4e38a22805fc9c70eab23fcc5d3ffc8b0ed096,CVE-2004-2163
517767839,ibojanova/BF,CWEBF/XML/cwec_v4.8.xml,8d4e38a22805fc9c70eab23fcc5d3ffc8b0ed096,CVE-2004-2154
517767839,ibojanova/BF,CWEBF/XML/cwec_v4.8.xml,8d4e38a22805fc9c70eab23fcc5d3ffc8b0ed096,CVE-2004-2150
517767839,ibojanova/BF,CWEBF/XML/cwec_v4.8.xml,8d4e38a22805fc9c70eab23fcc5d3ffc8b0ed096,CVE-2004-2146
517767839,ibojanova/BF,CWEBF/XML/cwec_v4.8.xml,8d4e38a22805fc9c70eab23fcc5d3ffc8b0ed096,CVE-2004-2144
517767839,ibojanova/BF,CWEBF/XML/cwec_v4.8.xml,8d4e38a22805fc9c70eab23fcc5d3ffc8b0ed096,CVE-2004-2121
517767839,ibojanova/BF,CWEBF/XML/cwec_v4.8.xml,8d4e38a22805fc9c70eab23fcc5d3ffc8b0ed096,CVE-2004-2070
517767839,ibojanova/BF,CWEBF/XML/cwec_v4.8.xml,8d4e38a22805fc9c70eab23fcc5d3ffc8b0ed096,CVE-2004-2061
517767839,ibojanova/BF,CWEBF/XML/cwec_v4.8.xml,8d4e38a22805fc9c70eab23fcc5d3ffc8b0ed096,CVE-2004-2032
517767839,ibojanova/BF,CWEBF/XML/cwec_v4.8.xml,8d4e38a22805fc9c70eab23fcc5d3ffc8b0ed096,CVE-2004-2013
517767839,ibojanova/BF,CWEBF/XML/cwec_v4.8.xml,8d4e38a22805fc9c70eab23fcc5d3ffc8b0ed096,CVE-2004-2012
517767839,ibojanova/BF,CWEBF/XML/cwec_v4.8.xml,8d4e38a22805fc9c70eab23fcc5d3ffc8b0ed096,CVE-2004-1995
517767839,ibojanova/BF,CWEBF/XML/cwec_v4.8.xml,8d4e38a22805fc9c70eab23fcc5d3ffc8b0ed096,CVE-2004-1982
517767839,ibojanova/BF,CWEBF/XML/cwec_v4.8.xml,8d4e38a22805fc9c70eab23fcc5d3ffc8b0ed096,CVE-2004-1967
517767839,ibojanova/BF,CWEBF/XML/cwec_v4.8.xml,8d4e38a22805fc9c70eab23fcc5d3ffc8b0ed096,CVE-2004-1962
517767839,ibojanova/BF,CWEBF/XML/cwec_v4.8.xml,8d4e38a22805fc9c70eab23fcc5d3ffc8b0ed096,CVE-2004-1950
517767839,ibojanova/BF,CWEBF/XML/cwec_v4.8.xml,8d4e38a22805fc9c70eab23fcc5d3ffc8b0ed096,CVE-2004-1948
517767839,ibojanova/BF,CWEBF/XML/cwec_v4.8.xml,8d4e38a22805fc9c70eab23fcc5d3ffc8b0ed096,CVE-2004-1940
517767839,ibojanova/BF,CWEBF/XML/cwec_v4.8.xml,8d4e38a22805fc9c70eab23fcc5d3ffc8b0ed096,CVE-2004-1939
517767839,ibojanova/BF,CWEBF/XML/cwec_v4.8.xml,8d4e38a22805fc9c70eab23fcc5d3ffc8b0ed096,CVE-2004-1938
517767839,ibojanova/BF,CWEBF/XML/cwec_v4.8.xml,8d4e38a22805fc9c70eab23fcc5d3ffc8b0ed096,CVE-2004-1935
517767839,ibojanova/BF,CWEBF/XML/cwec_v4.8.xml,8d4e38a22805fc9c70eab23fcc5d3ffc8b0ed096,CVE-2004-1901
517767839,ibojanova/BF,CWEBF/XML/cwec_v4.8.xml,8d4e38a22805fc9c70eab23fcc5d3ffc8b0ed096,CVE-2004-1852
517767839,ibojanova/BF,CWEBF/XML/cwec_v4.8.xml,8d4e38a22805fc9c70eab23fcc5d3ffc8b0ed096,CVE-2005-0590
517767839,ibojanova/BF,CWEBF/XML/cwec_v4.8.xml,8d4e38a22805fc9c70eab23fcc5d3ffc8b0ed096,CVE-2005-0593
517767839,ibojanova/BF,CWEBF/XML/cwec_v4.8.xml,8d4e38a22805fc9c70eab23fcc5d3ffc8b0ed096,CVE-2005-0602
517767839,ibojanova/BF,CWEBF/XML/cwec_v4.8.xml,8d4e38a22805fc9c70eab23fcc5d3ffc8b0ed096,CVE-2005-1916
517767839,ibojanova/BF,CWEBF/XML/cwec_v4.8.xml,8d4e38a22805fc9c70eab23fcc5d3ffc8b0ed096,CVE-2005-1909
517767839,ibojanova/BF,CWEBF/XML/cwec_v4.8.xml,8d4e38a22805fc9c70eab23fcc5d3ffc8b0ed096,CVE-2005-1905
517767839,ibojanova/BF,CWEBF/XML/cwec_v4.8.xml,8d4e38a22805fc9c70eab23fcc5d3ffc8b0ed096,CVE-2005-1894
517767839,ibojanova/BF,CWEBF/XML/cwec_v4.8.xml,8d4e38a22805fc9c70eab23fcc5d3ffc8b0ed096,CVE-2005-1892
517767839,ibojanova/BF,CWEBF/XML/cwec_v4.8.xml,8d4e38a22805fc9c70eab23fcc5d3ffc8b0ed096,CVE-2005-1891
517767839,ibojanova/BF,CWEBF/XML/cwec_v4.8.xml,8d4e38a22805fc9c70eab23fcc5d3ffc8b0ed096,CVE-2005-1881
517767839,ibojanova/BF,CWEBF/XML/cwec_v4.8.xml,8d4e38a22805fc9c70eab23fcc5d3ffc8b0ed096,CVE-2005-1880
517767839,ibojanova/BF,CWEBF/XML/cwec_v4.8.xml,8d4e38a22805fc9c70eab23fcc5d3ffc8b0ed096,CVE-2005-1879
517767839,ibojanova/BF,CWEBF/XML/cwec_v4.8.xml,8d4e38a22805fc9c70eab23fcc5d3ffc8b0ed096,CVE-2005-1876
517767839,ibojanova/BF,CWEBF/XML/cwec_v4.8.xml,8d4e38a22805fc9c70eab23fcc5d3ffc8b0ed096,CVE-2005-1870
517767839,ibojanova/BF,CWEBF/XML/cwec_v4.8.xml,8d4e38a22805fc9c70eab23fcc5d3ffc8b0ed096,CVE-2005-1869
517767839,ibojanova/BF,CWEBF/XML/cwec_v4.8.xml,8d4e38a22805fc9c70eab23fcc5d3ffc8b0ed096,CVE-2005-1868
517767839,ibojanova/BF,CWEBF/XML/cwec_v4.8.xml,8d4e38a22805fc9c70eab23fcc5d3ffc8b0ed096,CVE-2005-1864
517767839,ibojanova/BF,CWEBF/XML/cwec_v4.8.xml,8d4e38a22805fc9c70eab23fcc5d3ffc8b0ed096,CVE-2005-1858
517767839,ibojanova/BF,CWEBF/XML/cwec_v4.8.xml,8d4e38a22805fc9c70eab23fcc5d3ffc8b0ed096,CVE-2005-1841
517767839,ibojanova/BF,CWEBF/XML/cwec_v4.8.xml,8d4e38a22805fc9c70eab23fcc5d3ffc8b0ed096,CVE-2005-1835
517767839,ibojanova/BF,CWEBF/XML/cwec_v4.8.xml,8d4e38a22805fc9c70eab23fcc5d3ffc8b0ed096,CVE-2005-1828
517767839,ibojanova/BF,CWEBF/XML/cwec_v4.8.xml,8d4e38a22805fc9c70eab23fcc5d3ffc8b0ed096,CVE-2005-1827
517767839,ibojanova/BF,CWEBF/XML/cwec_v4.8.xml,8d4e38a22805fc9c70eab23fcc5d3ffc8b0ed096,CVE-2005-1824
517767839,ibojanova/BF,CWEBF/XML/cwec_v4.8.xml,8d4e38a22805fc9c70eab23fcc5d3ffc8b0ed096,CVE-2005-1820
517767839,ibojanova/BF,CWEBF/XML/cwec_v4.8.xml,8d4e38a22805fc9c70eab23fcc5d3ffc8b0ed096,CVE-2005-1816
517767839,ibojanova/BF,CWEBF/XML/cwec_v4.8.xml,8d4e38a22805fc9c70eab23fcc5d3ffc8b0ed096,CVE-2005-1794
517767839,ibojanova/BF,CWEBF/XML/cwec_v4.8.xml,8d4e38a22805fc9c70eab23fcc5d3ffc8b0ed096,CVE-2005-1792
517767839,ibojanova/BF,CWEBF/XML/cwec_v4.8.xml,8d4e38a22805fc9c70eab23fcc5d3ffc8b0ed096,CVE-2005-1787
517767839,ibojanova/BF,CWEBF/XML/cwec_v4.8.xml,8d4e38a22805fc9c70eab23fcc5d3ffc8b0ed096,CVE-2005-1920
517767839,ibojanova/BF,CWEBF/XML/cwec_v4.8.xml,8d4e38a22805fc9c70eab23fcc5d3ffc8b0ed096,CVE-2005-1784
517767839,ibojanova/BF,CWEBF/XML/cwec_v4.8.xml,8d4e38a22805fc9c70eab23fcc5d3ffc8b0ed096,CVE-2005-1921
517767839,ibojanova/BF,CWEBF/XML/cwec_v4.8.xml,8d4e38a22805fc9c70eab23fcc5d3ffc8b0ed096,CVE-2005-1945
517767839,ibojanova/BF,CWEBF/XML/cwec_v4.8.xml,8d4e38a22805fc9c70eab23fcc5d3ffc8b0ed096,CVE-2005-2154
517767839,ibojanova/BF,CWEBF/XML/cwec_v4.8.xml,8d4e38a22805fc9c70eab23fcc5d3ffc8b0ed096,CVE-2005-2148
517767839,ibojanova/BF,CWEBF/XML/cwec_v4.8.xml,8d4e38a22805fc9c70eab23fcc5d3ffc8b0ed096,CVE-2005-2147
517767839,ibojanova/BF,CWEBF/XML/cwec_v4.8.xml,8d4e38a22805fc9c70eab23fcc5d3ffc8b0ed096,CVE-2005-2142
517767839,ibojanova/BF,CWEBF/XML/cwec_v4.8.xml,8d4e38a22805fc9c70eab23fcc5d3ffc8b0ed096,CVE-2005-2109
517767839,ibojanova/BF,CWEBF/XML/cwec_v4.8.xml,8d4e38a22805fc9c70eab23fcc5d3ffc8b0ed096,CVE-2005-2103
517767839,ibojanova/BF,CWEBF/XML/cwec_v4.8.xml,8d4e38a22805fc9c70eab23fcc5d3ffc8b0ed096,CVE-2005-2089
517767839,ibojanova/BF,CWEBF/XML/cwec_v4.8.xml,8d4e38a22805fc9c70eab23fcc5d3ffc8b0ed096,CVE-2005-2088
517767839,ibojanova/BF,CWEBF/XML/cwec_v4.8.xml,8d4e38a22805fc9c70eab23fcc5d3ffc8b0ed096,CVE-2005-2086
517767839,ibojanova/BF,CWEBF/XML/cwec_v4.8.xml,8d4e38a22805fc9c70eab23fcc5d3ffc8b0ed096,CVE-2005-2072
517767839,ibojanova/BF,CWEBF/XML/cwec_v4.8.xml,8d4e38a22805fc9c70eab23fcc5d3ffc8b0ed096,CVE-2005-2061
517767839,ibojanova/BF,CWEBF/XML/cwec_v4.8.xml,8d4e38a22805fc9c70eab23fcc5d3ffc8b0ed096,CVE-2005-2060
517767839,ibojanova/BF,CWEBF/XML/cwec_v4.8.xml,8d4e38a22805fc9c70eab23fcc5d3ffc8b0ed096,CVE-2005-2059
517767839,ibojanova/BF,CWEBF/XML/cwec_v4.8.xml,8d4e38a22805fc9c70eab23fcc5d3ffc8b0ed096,CVE-2005-2053
517767839,ibojanova/BF,CWEBF/XML/cwec_v4.8.xml,8d4e38a22805fc9c70eab23fcc5d3ffc8b0ed096,CVE-2005-2029
517767839,ibojanova/BF,CWEBF/XML/cwec_v4.8.xml,8d4e38a22805fc9c70eab23fcc5d3ffc8b0ed096,CVE-2005-2027
517767839,ibojanova/BF,CWEBF/XML/cwec_v4.8.xml,8d4e38a22805fc9c70eab23fcc5d3ffc8b0ed096,CVE-2005-2025
517767839,ibojanova/BF,CWEBF/XML/cwec_v4.8.xml,8d4e38a22805fc9c70eab23fcc5d3ffc8b0ed096,CVE-2005-2008
517767839,ibojanova/BF,CWEBF/XML/cwec_v4.8.xml,8d4e38a22805fc9c70eab23fcc5d3ffc8b0ed096,CVE-2005-1973
517767839,ibojanova/BF,CWEBF/XML/cwec_v4.8.xml,8d4e38a22805fc9c70eab23fcc5d3ffc8b0ed096,CVE-2005-1971
517767839,ibojanova/BF,CWEBF/XML/cwec_v4.8.xml,8d4e38a22805fc9c70eab23fcc5d3ffc8b0ed096,CVE-2005-1969
517767839,ibojanova/BF,CWEBF/XML/cwec_v4.8.xml,8d4e38a22805fc9c70eab23fcc5d3ffc8b0ed096,CVE-2005-1964
517767839,ibojanova/BF,CWEBF/XML/cwec_v4.8.xml,8d4e38a22805fc9c70eab23fcc5d3ffc8b0ed096,CVE-2005-1951
517767839,ibojanova/BF,CWEBF/XML/cwec_v4.8.xml,8d4e38a22805fc9c70eab23fcc5d3ffc8b0ed096,CVE-2005-1949
517767839,ibojanova/BF,CWEBF/XML/cwec_v4.8.xml,8d4e38a22805fc9c70eab23fcc5d3ffc8b0ed096,CVE-2005-1947
517767839,ibojanova/BF,CWEBF/XML/cwec_v4.8.xml,8d4e38a22805fc9c70eab23fcc5d3ffc8b0ed096,CVE-2005-1941
517767839,ibojanova/BF,CWEBF/XML/cwec_v4.8.xml,8d4e38a22805fc9c70eab23fcc5d3ffc8b0ed096,CVE-2005-1745
517767839,ibojanova/BF,CWEBF/XML/cwec_v4.8.xml,8d4e38a22805fc9c70eab23fcc5d3ffc8b0ed096,CVE-2005-1744
517767839,ibojanova/BF,CWEBF/XML/cwec_v4.8.xml,8d4e38a22805fc9c70eab23fcc5d3ffc8b0ed096,CVE-2005-1742
517767839,ibojanova/BF,CWEBF/XML/cwec_v4.8.xml,8d4e38a22805fc9c70eab23fcc5d3ffc8b0ed096,CVE-2005-1366
517767839,ibojanova/BF,CWEBF/XML/cwec_v4.8.xml,8d4e38a22805fc9c70eab23fcc5d3ffc8b0ed096,CVE-2005-1365
517767839,ibojanova/BF,CWEBF/XML/cwec_v4.8.xml,8d4e38a22805fc9c70eab23fcc5d3ffc8b0ed096,CVE-2005-1345
517767839,ibojanova/BF,CWEBF/XML/cwec_v4.8.xml,8d4e38a22805fc9c70eab23fcc5d3ffc8b0ed096,CVE-2005-1307
517767839,ibojanova/BF,CWEBF/XML/cwec_v4.8.xml,8d4e38a22805fc9c70eab23fcc5d3ffc8b0ed096,CVE-2005-1306
517767839,ibojanova/BF,CWEBF/XML/cwec_v4.8.xml,8d4e38a22805fc9c70eab23fcc5d3ffc8b0ed096,CVE-2005-1267
517767839,ibojanova/BF,CWEBF/XML/cwec_v4.8.xml,8d4e38a22805fc9c70eab23fcc5d3ffc8b0ed096,CVE-2005-1215
517767839,ibojanova/BF,CWEBF/XML/cwec_v4.8.xml,8d4e38a22805fc9c70eab23fcc5d3ffc8b0ed096,CVE-2005-1205
517767839,ibojanova/BF,CWEBF/XML/cwec_v4.8.xml,8d4e38a22805fc9c70eab23fcc5d3ffc8b0ed096,CVE-2005-1185
517767839,ibojanova/BF,CWEBF/XML/cwec_v4.8.xml,8d4e38a22805fc9c70eab23fcc5d3ffc8b0ed096,CVE-2005-1141
517767839,ibojanova/BF,CWEBF/XML/cwec_v4.8.xml,8d4e38a22805fc9c70eab23fcc5d3ffc8b0ed096,CVE-2005-1111
517767839,ibojanova/BF,CWEBF/XML/cwec_v4.8.xml,8d4e38a22805fc9c70eab23fcc5d3ffc8b0ed096,CVE-2005-1064
517767839,ibojanova/BF,CWEBF/XML/cwec_v4.8.xml,8d4e38a22805fc9c70eab23fcc5d3ffc8b0ed096,CVE-2005-1061
517767839,ibojanova/BF,CWEBF/XML/cwec_v4.8.xml,8d4e38a22805fc9c70eab23fcc5d3ffc8b0ed096,CVE-2005-1036
517767839,ibojanova/BF,CWEBF/XML/cwec_v4.8.xml,8d4e38a22805fc9c70eab23fcc5d3ffc8b0ed096,CVE-2005-0945
517767839,ibojanova/BF,CWEBF/XML/cwec_v4.8.xml,8d4e38a22805fc9c70eab23fcc5d3ffc8b0ed096,CVE-2005-0918
517767839,ibojanova/BF,CWEBF/XML/cwec_v4.8.xml,8d4e38a22805fc9c70eab23fcc5d3ffc8b0ed096,CVE-2005-0893
517767839,ibojanova/BF,CWEBF/XML/cwec_v4.8.xml,8d4e38a22805fc9c70eab23fcc5d3ffc8b0ed096,CVE-2005-0891
517767839,ibojanova/BF,CWEBF/XML/cwec_v4.8.xml,8d4e38a22805fc9c70eab23fcc5d3ffc8b0ed096,CVE-2005-0877
517767839,ibojanova/BF,CWEBF/XML/cwec_v4.8.xml,8d4e38a22805fc9c70eab23fcc5d3ffc8b0ed096,CVE-2005-0831
517767839,ibojanova/BF,CWEBF/XML/cwec_v4.8.xml,8d4e38a22805fc9c70eab23fcc5d3ffc8b0ed096,CVE-2005-0824
517767839,ibojanova/BF,CWEBF/XML/cwec_v4.8.xml,8d4e38a22805fc9c70eab23fcc5d3ffc8b0ed096,CVE-2005-0772
517767839,ibojanova/BF,CWEBF/XML/cwec_v4.8.xml,8d4e38a22805fc9c70eab23fcc5d3ffc8b0ed096,CVE-2005-0692
517767839,ibojanova/BF,CWEBF/XML/cwec_v4.8.xml,8d4e38a22805fc9c70eab23fcc5d3ffc8b0ed096,CVE-2005-0622
517767839,ibojanova/BF,CWEBF/XML/cwec_v4.8.xml,8d4e38a22805fc9c70eab23fcc5d3ffc8b0ed096,CVE-2005-0603
517767839,ibojanova/BF,CWEBF/XML/cwec_v4.8.xml,8d4e38a22805fc9c70eab23fcc5d3ffc8b0ed096,CVE-2005-1387
517767839,ibojanova/BF,CWEBF/XML/cwec_v4.8.xml,8d4e38a22805fc9c70eab23fcc5d3ffc8b0ed096,CVE-2005-1406
517767839,ibojanova/BF,CWEBF/XML/cwec_v4.8.xml,8d4e38a22805fc9c70eab23fcc5d3ffc8b0ed096,CVE-2005-1513
517767839,ibojanova/BF,CWEBF/XML/cwec_v4.8.xml,8d4e38a22805fc9c70eab23fcc5d3ffc8b0ed096,CVE-2005-1527
517767839,ibojanova/BF,CWEBF/XML/cwec_v4.8.xml,8d4e38a22805fc9c70eab23fcc5d3ffc8b0ed096,CVE-2005-1736
517767839,ibojanova/BF,CWEBF/XML/cwec_v4.8.xml,8d4e38a22805fc9c70eab23fcc5d3ffc8b0ed096,CVE-2005-1724
517767839,ibojanova/BF,CWEBF/XML/cwec_v4.8.xml,8d4e38a22805fc9c70eab23fcc5d3ffc8b0ed096,CVE-2005-1711
517767839,ibojanova/BF,CWEBF/XML/cwec_v4.8.xml,8d4e38a22805fc9c70eab23fcc5d3ffc8b0ed096,CVE-2005-1708
517767839,ibojanova/BF,CWEBF/XML/cwec_v4.8.xml,8d4e38a22805fc9c70eab23fcc5d3ffc8b0ed096,CVE-2005-1705
517767839,ibojanova/BF,CWEBF/XML/cwec_v4.8.xml,8d4e38a22805fc9c70eab23fcc5d3ffc8b0ed096,CVE-2005-1698
517767839,ibojanova/BF,CWEBF/XML/cwec_v4.8.xml,8d4e38a22805fc9c70eab23fcc5d3ffc8b0ed096,CVE-2005-1697
517767839,ibojanova/BF,CWEBF/XML/cwec_v4.8.xml,8d4e38a22805fc9c70eab23fcc5d3ffc8b0ed096,CVE-2005-1689
517767839,ibojanova/BF,CWEBF/XML/cwec_v4.8.xml,8d4e38a22805fc9c70eab23fcc5d3ffc8b0ed096,CVE-2005-1688
517767839,ibojanova/BF,CWEBF/XML/cwec_v4.8.xml,8d4e38a22805fc9c70eab23fcc5d3ffc8b0ed096,CVE-2005-1685
517767839,ibojanova/BF,CWEBF/XML/cwec_v4.8.xml,8d4e38a22805fc9c70eab23fcc5d3ffc8b0ed096,CVE-2005-1682
517767839,ibojanova/BF,CWEBF/XML/cwec_v4.8.xml,8d4e38a22805fc9c70eab23fcc5d3ffc8b0ed096,CVE-2005-1681
517767839,ibojanova/BF,CWEBF/XML/cwec_v4.8.xml,8d4e38a22805fc9c70eab23fcc5d3ffc8b0ed096,CVE-2002-1898
517767839,ibojanova/BF,CWEBF/XML/cwec_v4.8.xml,8d4e38a22805fc9c70eab23fcc5d3ffc8b0ed096,CVE-2005-1678
517767839,ibojanova/BF,CWEBF/XML/cwec_v4.8.xml,8d4e38a22805fc9c70eab23fcc5d3ffc8b0ed096,CVE-2005-1668
517767839,ibojanova/BF,CWEBF/XML/cwec_v4.8.xml,8d4e38a22805fc9c70eab23fcc5d3ffc8b0ed096,CVE-2005-1658
517767839,ibojanova/BF,CWEBF/XML/cwec_v4.8.xml,8d4e38a22805fc9c70eab23fcc5d3ffc8b0ed096,CVE-2005-1656
517767839,ibojanova/BF,CWEBF/XML/cwec_v4.8.xml,8d4e38a22805fc9c70eab23fcc5d3ffc8b0ed096,CVE-2005-1654
517767839,ibojanova/BF,CWEBF/XML/cwec_v4.8.xml,8d4e38a22805fc9c70eab23fcc5d3ffc8b0ed096,CVE-2005-1652
517767839,ibojanova/BF,CWEBF/XML/cwec_v4.8.xml,8d4e38a22805fc9c70eab23fcc5d3ffc8b0ed096,CVE-2005-1650
517767839,ibojanova/BF,CWEBF/XML/cwec_v4.8.xml,8d4e38a22805fc9c70eab23fcc5d3ffc8b0ed096,CVE-2005-1645
517767839,ibojanova/BF,CWEBF/XML/cwec_v4.8.xml,8d4e38a22805fc9c70eab23fcc5d3ffc8b0ed096,CVE-2005-1641
517767839,ibojanova/BF,CWEBF/XML/cwec_v4.8.xml,8d4e38a22805fc9c70eab23fcc5d3ffc8b0ed096,CVE-2005-1636
517767839,ibojanova/BF,CWEBF/XML/cwec_v4.8.xml,8d4e38a22805fc9c70eab23fcc5d3ffc8b0ed096,CVE-2005-1632
517767839,ibojanova/BF,CWEBF/XML/cwec_v4.8.xml,8d4e38a22805fc9c70eab23fcc5d3ffc8b0ed096,CVE-2005-1604
517767839,ibojanova/BF,CWEBF/XML/cwec_v4.8.xml,8d4e38a22805fc9c70eab23fcc5d3ffc8b0ed096,CVE-2005-1575
517767839,ibojanova/BF,CWEBF/XML/cwec_v4.8.xml,8d4e38a22805fc9c70eab23fcc5d3ffc8b0ed096,CVE-2005-1674
517767839,ibojanova/BF,CWEBF/XML/cwec_v4.8.xml,8d4e38a22805fc9c70eab23fcc5d3ffc8b0ed096,CVE-2004-1072
517767839,ibojanova/BF,CWEBF/XML/cwec_v4.8.xml,8d4e38a22805fc9c70eab23fcc5d3ffc8b0ed096,CVE-2004-1083
517767839,ibojanova/BF,CWEBF/XML/cwec_v4.8.xml,8d4e38a22805fc9c70eab23fcc5d3ffc8b0ed096,CVE-2004-1056
517767839,ibojanova/BF,CWEBF/XML/cwec_v4.8.xml,8d4e38a22805fc9c70eab23fcc5d3ffc8b0ed096,CVE-2003-0501
517767839,ibojanova/BF,CWEBF/XML/cwec_v4.8.xml,8d4e38a22805fc9c70eab23fcc5d3ffc8b0ed096,CVE-2003-0489
517767839,ibojanova/BF,CWEBF/XML/cwec_v4.8.xml,8d4e38a22805fc9c70eab23fcc5d3ffc8b0ed096,CVE-2003-0477
517767839,ibojanova/BF,CWEBF/XML/cwec_v4.8.xml,8d4e38a22805fc9c70eab23fcc5d3ffc8b0ed096,CVE-2003-0466
517767839,ibojanova/BF,CWEBF/XML/cwec_v4.8.xml,8d4e38a22805fc9c70eab23fcc5d3ffc8b0ed096,CVE-2003-0465
517767839,ibojanova/BF,CWEBF/XML/cwec_v4.8.xml,8d4e38a22805fc9c70eab23fcc5d3ffc8b0ed096,CVE-2003-0429
517767839,ibojanova/BF,CWEBF/XML/cwec_v4.8.xml,8d4e38a22805fc9c70eab23fcc5d3ffc8b0ed096,CVE-2003-0424
517767839,ibojanova/BF,CWEBF/XML/cwec_v4.8.xml,8d4e38a22805fc9c70eab23fcc5d3ffc8b0ed096,CVE-2003-0422
517767839,ibojanova/BF,CWEBF/XML/cwec_v4.8.xml,8d4e38a22805fc9c70eab23fcc5d3ffc8b0ed096,CVE-2003-0412
517767839,ibojanova/BF,CWEBF/XML/cwec_v4.8.xml,8d4e38a22805fc9c70eab23fcc5d3ffc8b0ed096,CVE-2003-0411
517767839,ibojanova/BF,CWEBF/XML/cwec_v4.8.xml,8d4e38a22805fc9c70eab23fcc5d3ffc8b0ed096,CVE-2003-0400
517767839,ibojanova/BF,CWEBF/XML/cwec_v4.8.xml,8d4e38a22805fc9c70eab23fcc5d3ffc8b0ed096,CVE-2003-0395
517767839,ibojanova/BF,CWEBF/XML/cwec_v4.8.xml,8d4e38a22805fc9c70eab23fcc5d3ffc8b0ed096,CVE-2003-0377
517767839,ibojanova/BF,CWEBF/XML/cwec_v4.8.xml,8d4e38a22805fc9c70eab23fcc5d3ffc8b0ed096,CVE-2003-0364
517767839,ibojanova/BF,CWEBF/XML/cwec_v4.8.xml,8d4e38a22805fc9c70eab23fcc5d3ffc8b0ed096,CVE-2003-0356
517767839,ibojanova/BF,CWEBF/XML/cwec_v4.8.xml,8d4e38a22805fc9c70eab23fcc5d3ffc8b0ed096,CVE-2003-0355
517767839,ibojanova/BF,CWEBF/XML/cwec_v4.8.xml,8d4e38a22805fc9c70eab23fcc5d3ffc8b0ed096,CVE-2003-0350
517767839,ibojanova/BF,CWEBF/XML/cwec_v4.8.xml,8d4e38a22805fc9c70eab23fcc5d3ffc8b0ed096,CVE-2003-0345
517767839,ibojanova/BF,CWEBF/XML/cwec_v4.8.xml,8d4e38a22805fc9c70eab23fcc5d3ffc8b0ed096,CVE-2003-0332
517767839,ibojanova/BF,CWEBF/XML/cwec_v4.8.xml,8d4e38a22805fc9c70eab23fcc5d3ffc8b0ed096,CVE-2003-0327
517767839,ibojanova/BF,CWEBF/XML/cwec_v4.8.xml,8d4e38a22805fc9c70eab23fcc5d3ffc8b0ed096,CVE-2003-0317
517767839,ibojanova/BF,CWEBF/XML/cwec_v4.8.xml,8d4e38a22805fc9c70eab23fcc5d3ffc8b0ed096,CVE-2003-0313
517767839,ibojanova/BF,CWEBF/XML/cwec_v4.8.xml,8d4e38a22805fc9c70eab23fcc5d3ffc8b0ed096,CVE-2003-0307
517767839,ibojanova/BF,CWEBF/XML/cwec_v4.8.xml,8d4e38a22805fc9c70eab23fcc5d3ffc8b0ed096,CVE-2003-0304
517767839,ibojanova/BF,CWEBF/XML/cwec_v4.8.xml,8d4e38a22805fc9c70eab23fcc5d3ffc8b0ed096,CVE-2003-0291
517767839,ibojanova/BF,CWEBF/XML/cwec_v4.8.xml,8d4e38a22805fc9c70eab23fcc5d3ffc8b0ed096,CVE-2003-0517
517767839,ibojanova/BF,CWEBF/XML/cwec_v4.8.xml,8d4e38a22805fc9c70eab23fcc5d3ffc8b0ed096,CVE-2003-0542
517767839,ibojanova/BF,CWEBF/XML/cwec_v4.8.xml,8d4e38a22805fc9c70eab23fcc5d3ffc8b0ed096,CVE-2003-0545
517767839,ibojanova/BF,CWEBF/XML/cwec_v4.8.xml,8d4e38a22805fc9c70eab23fcc5d3ffc8b0ed096,CVE-2003-0578
517767839,ibojanova/BF,CWEBF/XML/cwec_v4.8.xml,8d4e38a22805fc9c70eab23fcc5d3ffc8b0ed096,CVE-2003-1014
517767839,ibojanova/BF,CWEBF/XML/cwec_v4.8.xml,8d4e38a22805fc9c70eab23fcc5d3ffc8b0ed096,CVE-2003-1013
517767839,ibojanova/BF,CWEBF/XML/cwec_v4.8.xml,8d4e38a22805fc9c70eab23fcc5d3ffc8b0ed096,CVE-2003-1000
517767839,ibojanova/BF,CWEBF/XML/cwec_v4.8.xml,8d4e38a22805fc9c70eab23fcc5d3ffc8b0ed096,CVE-2003-0981
517767839,ibojanova/BF,CWEBF/XML/cwec_v4.8.xml,8d4e38a22805fc9c70eab23fcc5d3ffc8b0ed096,CVE-2003-0937
517767839,ibojanova/BF,CWEBF/XML/cwec_v4.8.xml,8d4e38a22805fc9c70eab23fcc5d3ffc8b0ed096,CVE-2003-0908
517767839,ibojanova/BF,CWEBF/XML/cwec_v4.8.xml,8d4e38a22805fc9c70eab23fcc5d3ffc8b0ed096,CVE-2003-0907
517767839,ibojanova/BF,CWEBF/XML/cwec_v4.8.xml,8d4e38a22805fc9c70eab23fcc5d3ffc8b0ed096,CVE-2003-0899
517767839,ibojanova/BF,CWEBF/XML/cwec_v4.8.xml,8d4e38a22805fc9c70eab23fcc5d3ffc8b0ed096,CVE-2003-0876
517767839,ibojanova/BF,CWEBF/XML/cwec_v4.8.xml,8d4e38a22805fc9c70eab23fcc5d3ffc8b0ed096,CVE-2003-0844
517767839,ibojanova/BF,CWEBF/XML/cwec_v4.8.xml,8d4e38a22805fc9c70eab23fcc5d3ffc8b0ed096,CVE-2003-0825
517767839,ibojanova/BF,CWEBF/XML/cwec_v4.8.xml,8d4e38a22805fc9c70eab23fcc5d3ffc8b0ed096,CVE-2003-0813
517767839,ibojanova/BF,CWEBF/XML/cwec_v4.8.xml,8d4e38a22805fc9c70eab23fcc5d3ffc8b0ed096,CVE-2003-0282
517767839,ibojanova/BF,CWEBF/XML/cwec_v4.8.xml,8d4e38a22805fc9c70eab23fcc5d3ffc8b0ed096,CVE-2003-0791
517767839,ibojanova/BF,CWEBF/XML/cwec_v4.8.xml,8d4e38a22805fc9c70eab23fcc5d3ffc8b0ed096,CVE-2003-0768
517767839,ibojanova/BF,CWEBF/XML/cwec_v4.8.xml,8d4e38a22805fc9c70eab23fcc5d3ffc8b0ed096,CVE-2003-0754
517767839,ibojanova/BF,CWEBF/XML/cwec_v4.8.xml,8d4e38a22805fc9c70eab23fcc5d3ffc8b0ed096,CVE-2003-0753
517767839,ibojanova/BF,CWEBF/XML/cwec_v4.8.xml,8d4e38a22805fc9c70eab23fcc5d3ffc8b0ed096,CVE-2003-0750
517767839,ibojanova/BF,CWEBF/XML/cwec_v4.8.xml,8d4e38a22805fc9c70eab23fcc5d3ffc8b0ed096,CVE-2003-0740
517767839,ibojanova/BF,CWEBF/XML/cwec_v4.8.xml,8d4e38a22805fc9c70eab23fcc5d3ffc8b0ed096,CVE-2003-0721
517767839,ibojanova/BF,CWEBF/XML/cwec_v4.8.xml,8d4e38a22805fc9c70eab23fcc5d3ffc8b0ed096,CVE-2003-0645
517767839,ibojanova/BF,CWEBF/XML/cwec_v4.8.xml,8d4e38a22805fc9c70eab23fcc5d3ffc8b0ed096,CVE-2003-0640
517767839,ibojanova/BF,CWEBF/XML/cwec_v4.8.xml,8d4e38a22805fc9c70eab23fcc5d3ffc8b0ed096,CVE-2003-0637
517767839,ibojanova/BF,CWEBF/XML/cwec_v4.8.xml,8d4e38a22805fc9c70eab23fcc5d3ffc8b0ed096,CVE-2003-0625
517767839,ibojanova/BF,CWEBF/XML/cwec_v4.8.xml,8d4e38a22805fc9c70eab23fcc5d3ffc8b0ed096,CVE-2003-0595
517767839,ibojanova/BF,CWEBF/XML/cwec_v4.8.xml,8d4e38a22805fc9c70eab23fcc5d3ffc8b0ed096,CVE-2003-0579
517767839,ibojanova/BF,CWEBF/XML/cwec_v4.8.xml,8d4e38a22805fc9c70eab23fcc5d3ffc8b0ed096,CVE-2003-0777
517767839,ibojanova/BF,CWEBF/XML/cwec_v4.8.xml,8d4e38a22805fc9c70eab23fcc5d3ffc8b0ed096,CVE-2003-1015
517767839,ibojanova/BF,CWEBF/XML/cwec_v4.8.xml,8d4e38a22805fc9c70eab23fcc5d3ffc8b0ed096,CVE-2003-0265
517767839,ibojanova/BF,CWEBF/XML/cwec_v4.8.xml,8d4e38a22805fc9c70eab23fcc5d3ffc8b0ed096,CVE-2003-0244
517767839,ibojanova/BF,CWEBF/XML/cwec_v4.8.xml,8d4e38a22805fc9c70eab23fcc5d3ffc8b0ed096,CVE-2002-2066
517767839,ibojanova/BF,CWEBF/XML/cwec_v4.8.xml,8d4e38a22805fc9c70eab23fcc5d3ffc8b0ed096,CVE-2002-2065
517767839,ibojanova/BF,CWEBF/XML/cwec_v4.8.xml,8d4e38a22805fc9c70eab23fcc5d3ffc8b0ed096,CVE-2002-2064
517767839,ibojanova/BF,CWEBF/XML/cwec_v4.8.xml,8d4e38a22805fc9c70eab23fcc5d3ffc8b0ed096,CVE-2002-2058
517767839,ibojanova/BF,CWEBF/XML/cwec_v4.8.xml,8d4e38a22805fc9c70eab23fcc5d3ffc8b0ed096,CVE-2002-2054
517767839,ibojanova/BF,CWEBF/XML/cwec_v4.8.xml,8d4e38a22805fc9c70eab23fcc5d3ffc8b0ed096,CVE-2002-2042
517767839,ibojanova/BF,CWEBF/XML/cwec_v4.8.xml,8d4e38a22805fc9c70eab23fcc5d3ffc8b0ed096,CVE-2002-2040
517767839,ibojanova/BF,CWEBF/XML/cwec_v4.8.xml,8d4e38a22805fc9c70eab23fcc5d3ffc8b0ed096,CVE-2002-2031
517767839,ibojanova/BF,CWEBF/XML/cwec_v4.8.xml,8d4e38a22805fc9c70eab23fcc5d3ffc8b0ed096,CVE-2002-2017
517767839,ibojanova/BF,CWEBF/XML/cwec_v4.8.xml,8d4e38a22805fc9c70eab23fcc5d3ffc8b0ed096,CVE-2002-1987
517767839,ibojanova/BF,CWEBF/XML/cwec_v4.8.xml,8d4e38a22805fc9c70eab23fcc5d3ffc8b0ed096,CVE-2002-1986
517767839,ibojanova/BF,CWEBF/XML/cwec_v4.8.xml,8d4e38a22805fc9c70eab23fcc5d3ffc8b0ed096,CVE-2002-1981
517767839,ibojanova/BF,CWEBF/XML/cwec_v4.8.xml,8d4e38a22805fc9c70eab23fcc5d3ffc8b0ed096,CVE-2002-1979
517767839,ibojanova/BF,CWEBF/XML/cwec_v4.8.xml,8d4e38a22805fc9c70eab23fcc5d3ffc8b0ed096,CVE-2002-1978
517767839,ibojanova/BF,CWEBF/XML/cwec_v4.8.xml,8d4e38a22805fc9c70eab23fcc5d3ffc8b0ed096,CVE-2002-1977
517767839,ibojanova/BF,CWEBF/XML/cwec_v4.8.xml,8d4e38a22805fc9c70eab23fcc5d3ffc8b0ed096,CVE-2002-1976
517767839,ibojanova/BF,CWEBF/XML/cwec_v4.8.xml,8d4e38a22805fc9c70eab23fcc5d3ffc8b0ed096,CVE-2002-1975
517767839,ibojanova/BF,CWEBF/XML/cwec_v4.8.xml,8d4e38a22805fc9c70eab23fcc5d3ffc8b0ed096,CVE-2002-1965
517767839,ibojanova/BF,CWEBF/XML/cwec_v4.8.xml,8d4e38a22805fc9c70eab23fcc5d3ffc8b0ed096,CVE-2002-1949
517767839,ibojanova/BF,CWEBF/XML/cwec_v4.8.xml,8d4e38a22805fc9c70eab23fcc5d3ffc8b0ed096,CVE-2002-1946
517767839,ibojanova/BF,CWEBF/XML/cwec_v4.8.xml,8d4e38a22805fc9c70eab23fcc5d3ffc8b0ed096,CVE-2002-1915
517767839,ibojanova/BF,CWEBF/XML/cwec_v4.8.xml,8d4e38a22805fc9c70eab23fcc5d3ffc8b0ed096,CVE-2002-1914
517767839,ibojanova/BF,CWEBF/XML/cwec_v4.8.xml,8d4e38a22805fc9c70eab23fcc5d3ffc8b0ed096,CVE-2002-1913
517767839,ibojanova/BF,CWEBF/XML/cwec_v4.8.xml,8d4e38a22805fc9c70eab23fcc5d3ffc8b0ed096,CVE-2002-1912
517767839,ibojanova/BF,CWEBF/XML/cwec_v4.8.xml,8d4e38a22805fc9c70eab23fcc5d3ffc8b0ed096,CVE-2002-1910
517767839,ibojanova/BF,CWEBF/XML/cwec_v4.8.xml,8d4e38a22805fc9c70eab23fcc5d3ffc8b0ed096,CVE-2002-2067
517767839,ibojanova/BF,CWEBF/XML/cwec_v4.8.xml,8d4e38a22805fc9c70eab23fcc5d3ffc8b0ed096,CVE-2002-2068
517767839,ibojanova/BF,CWEBF/XML/cwec_v4.8.xml,8d4e38a22805fc9c70eab23fcc5d3ffc8b0ed096,CVE-2002-2069
517767839,ibojanova/BF,CWEBF/XML/cwec_v4.8.xml,8d4e38a22805fc9c70eab23fcc5d3ffc8b0ed096,CVE-2002-2070
517767839,ibojanova/BF,CWEBF/XML/cwec_v4.8.xml,8d4e38a22805fc9c70eab23fcc5d3ffc8b0ed096,CVE-2003-0239
517767839,ibojanova/BF,CWEBF/XML/cwec_v4.8.xml,8d4e38a22805fc9c70eab23fcc5d3ffc8b0ed096,CVE-2003-0230
517767839,ibojanova/BF,CWEBF/XML/cwec_v4.8.xml,8d4e38a22805fc9c70eab23fcc5d3ffc8b0ed096,CVE-2003-0195
517767839,ibojanova/BF,CWEBF/XML/cwec_v4.8.xml,8d4e38a22805fc9c70eab23fcc5d3ffc8b0ed096,CVE-2003-0190
517767839,ibojanova/BF,CWEBF/XML/cwec_v4.8.xml,8d4e38a22805fc9c70eab23fcc5d3ffc8b0ed096,CVE-2003-0187
517767839,ibojanova/BF,CWEBF/XML/cwec_v4.8.xml,8d4e38a22805fc9c70eab23fcc5d3ffc8b0ed096,CVE-2003-0174
517767839,ibojanova/BF,CWEBF/XML/cwec_v4.8.xml,8d4e38a22805fc9c70eab23fcc5d3ffc8b0ed096,CVE-2003-0161
517767839,ibojanova/BF,CWEBF/XML/cwec_v4.8.xml,8d4e38a22805fc9c70eab23fcc5d3ffc8b0ed096,CVE-2003-0143
517767839,ibojanova/BF,CWEBF/XML/cwec_v4.8.xml,8d4e38a22805fc9c70eab23fcc5d3ffc8b0ed096,CVE-2003-0083
517767839,ibojanova/BF,CWEBF/XML/cwec_v4.8.xml,8d4e38a22805fc9c70eab23fcc5d3ffc8b0ed096,CVE-2003-0078
517767839,ibojanova/BF,CWEBF/XML/cwec_v4.8.xml,8d4e38a22805fc9c70eab23fcc5d3ffc8b0ed096,CVE-2003-0063
517767839,ibojanova/BF,CWEBF/XML/cwec_v4.8.xml,8d4e38a22805fc9c70eab23fcc5d3ffc8b0ed096,CVE-2003-0041
517767839,ibojanova/BF,CWEBF/XML/cwec_v4.8.xml,8d4e38a22805fc9c70eab23fcc5d3ffc8b0ed096,CVE-2003-0252
517767839,ibojanova/BF,CWEBF/XML/cwec_v4.8.xml,8d4e38a22805fc9c70eab23fcc5d3ffc8b0ed096,CVE-2003-0023
517767839,ibojanova/BF,CWEBF/XML/cwec_v4.8.xml,8d4e38a22805fc9c70eab23fcc5d3ffc8b0ed096,CVE-2003-0021
517767839,ibojanova/BF,CWEBF/XML/cwec_v4.8.xml,8d4e38a22805fc9c70eab23fcc5d3ffc8b0ed096,CVE-2003-0020
517767839,ibojanova/BF,CWEBF/XML/cwec_v4.8.xml,8d4e38a22805fc9c70eab23fcc5d3ffc8b0ed096,CVE-2003-0001
517767839,ibojanova/BF,CWEBF/XML/cwec_v4.8.xml,8d4e38a22805fc9c70eab23fcc5d3ffc8b0ed096,CVE-2002-2323
517767839,ibojanova/BF,CWEBF/XML/cwec_v4.8.xml,8d4e38a22805fc9c70eab23fcc5d3ffc8b0ed096,CVE-2002-2227
517767839,ibojanova/BF,CWEBF/XML/cwec_v4.8.xml,8d4e38a22805fc9c70eab23fcc5d3ffc8b0ed096,CVE-2002-2175
517767839,ibojanova/BF,CWEBF/XML/cwec_v4.8.xml,8d4e38a22805fc9c70eab23fcc5d3ffc8b0ed096,CVE-2002-2124
517767839,ibojanova/BF,CWEBF/XML/cwec_v4.8.xml,8d4e38a22805fc9c70eab23fcc5d3ffc8b0ed096,CVE-2002-2119
517767839,ibojanova/BF,CWEBF/XML/cwec_v4.8.xml,8d4e38a22805fc9c70eab23fcc5d3ffc8b0ed096,CVE-2002-2109
517767839,ibojanova/BF,CWEBF/XML/cwec_v4.8.xml,8d4e38a22805fc9c70eab23fcc5d3ffc8b0ed096,CVE-2002-2094
517767839,ibojanova/BF,CWEBF/XML/cwec_v4.8.xml,8d4e38a22805fc9c70eab23fcc5d3ffc8b0ed096,CVE-2002-2086
517767839,ibojanova/BF,CWEBF/XML/cwec_v4.8.xml,8d4e38a22805fc9c70eab23fcc5d3ffc8b0ed096,CVE-2002-2077
517767839,ibojanova/BF,CWEBF/XML/cwec_v4.8.xml,8d4e38a22805fc9c70eab23fcc5d3ffc8b0ed096,CVE-2003-0022
517767839,ibojanova/BF,CWEBF/XML/cwec_v4.8.xml,8d4e38a22805fc9c70eab23fcc5d3ffc8b0ed096,CVE-2004-1058
517767839,ibojanova/BF,CWEBF/XML/cwec_v4.8.xml,8d4e38a22805fc9c70eab23fcc5d3ffc8b0ed096,CVE-2003-1016
517767839,ibojanova/BF,CWEBF/XML/cwec_v4.8.xml,8d4e38a22805fc9c70eab23fcc5d3ffc8b0ed096,CVE-2003-1026
517767839,ibojanova/BF,CWEBF/XML/cwec_v4.8.xml,8d4e38a22805fc9c70eab23fcc5d3ffc8b0ed096,CVE-2004-0641
517767839,ibojanova/BF,CWEBF/XML/cwec_v4.8.xml,8d4e38a22805fc9c70eab23fcc5d3ffc8b0ed096,CVE-2004-0595
517767839,ibojanova/BF,CWEBF/XML/cwec_v4.8.xml,8d4e38a22805fc9c70eab23fcc5d3ffc8b0ed096,CVE-2004-0594
517767839,ibojanova/BF,CWEBF/XML/cwec_v4.8.xml,8d4e38a22805fc9c70eab23fcc5d3ffc8b0ed096,CVE-2004-0578
517767839,ibojanova/BF,CWEBF/XML/cwec_v4.8.xml,8d4e38a22805fc9c70eab23fcc5d3ffc8b0ed096,CVE-2004-0568
517767839,ibojanova/BF,CWEBF/XML/cwec_v4.8.xml,8d4e38a22805fc9c70eab23fcc5d3ffc8b0ed096,CVE-2004-0552
517767839,ibojanova/BF,CWEBF/XML/cwec_v4.8.xml,8d4e38a22805fc9c70eab23fcc5d3ffc8b0ed096,CVE-2004-0542
517767839,ibojanova/BF,CWEBF/XML/cwec_v4.8.xml,8d4e38a22805fc9c70eab23fcc5d3ffc8b0ed096,CVE-2004-0537
517767839,ibojanova/BF,CWEBF/XML/cwec_v4.8.xml,8d4e38a22805fc9c70eab23fcc5d3ffc8b0ed096,CVE-2004-0492
517767839,ibojanova/BF,CWEBF/XML/cwec_v4.8.xml,8d4e38a22805fc9c70eab23fcc5d3ffc8b0ed096,CVE-2004-0489
517767839,ibojanova/BF,CWEBF/XML/cwec_v4.8.xml,8d4e38a22805fc9c70eab23fcc5d3ffc8b0ed096,CVE-2004-0480
517767839,ibojanova/BF,CWEBF/XML/cwec_v4.8.xml,8d4e38a22805fc9c70eab23fcc5d3ffc8b0ed096,CVE-2004-0642
517767839,ibojanova/BF,CWEBF/XML/cwec_v4.8.xml,8d4e38a22805fc9c70eab23fcc5d3ffc8b0ed096,CVE-2004-0473
517767839,ibojanova/BF,CWEBF/XML/cwec_v4.8.xml,8d4e38a22805fc9c70eab23fcc5d3ffc8b0ed096,CVE-2004-0458
517767839,ibojanova/BF,CWEBF/XML/cwec_v4.8.xml,8d4e38a22805fc9c70eab23fcc5d3ffc8b0ed096,CVE-2004-0434
517767839,ibojanova/BF,CWEBF/XML/cwec_v4.8.xml,8d4e38a22805fc9c70eab23fcc5d3ffc8b0ed096,CVE-2004-0430
517767839,ibojanova/BF,CWEBF/XML/cwec_v4.8.xml,8d4e38a22805fc9c70eab23fcc5d3ffc8b0ed096,CVE-2004-0427
517767839,ibojanova/BF,CWEBF/XML/cwec_v4.8.xml,8d4e38a22805fc9c70eab23fcc5d3ffc8b0ed096,CVE-2004-0421
517767839,ibojanova/BF,CWEBF/XML/cwec_v4.8.xml,8d4e38a22805fc9c70eab23fcc5d3ffc8b0ed096,CVE-2004-0413
517767839,ibojanova/BF,CWEBF/XML/cwec_v4.8.xml,8d4e38a22805fc9c70eab23fcc5d3ffc8b0ed096,CVE-2004-0411
517767839,ibojanova/BF,CWEBF/XML/cwec_v4.8.xml,8d4e38a22805fc9c70eab23fcc5d3ffc8b0ed096,CVE-2004-0389
517767839,ibojanova/BF,CWEBF/XML/cwec_v4.8.xml,8d4e38a22805fc9c70eab23fcc5d3ffc8b0ed096,CVE-2004-0380
517767839,ibojanova/BF,CWEBF/XML/cwec_v4.8.xml,8d4e38a22805fc9c70eab23fcc5d3ffc8b0ed096,CVE-2004-0366
517767839,ibojanova/BF,CWEBF/XML/cwec_v4.8.xml,8d4e38a22805fc9c70eab23fcc5d3ffc8b0ed096,CVE-2004-0365
517767839,ibojanova/BF,CWEBF/XML/cwec_v4.8.xml,8d4e38a22805fc9c70eab23fcc5d3ffc8b0ed096,CVE-2004-0462
517767839,ibojanova/BF,CWEBF/XML/cwec_v4.8.xml,8d4e38a22805fc9c70eab23fcc5d3ffc8b0ed096,CVE-2004-0689
517767839,ibojanova/BF,CWEBF/XML/cwec_v4.8.xml,8d4e38a22805fc9c70eab23fcc5d3ffc8b0ed096,CVE-2004-0696
517767839,ibojanova/BF,CWEBF/XML/cwec_v4.8.xml,8d4e38a22805fc9c70eab23fcc5d3ffc8b0ed096,CVE-2004-0747
517767839,ibojanova/BF,CWEBF/XML/cwec_v4.8.xml,8d4e38a22805fc9c70eab23fcc5d3ffc8b0ed096,CVE-2004-1033
517767839,ibojanova/BF,CWEBF/XML/cwec_v4.8.xml,8d4e38a22805fc9c70eab23fcc5d3ffc8b0ed096,CVE-2004-1032
517767839,ibojanova/BF,CWEBF/XML/cwec_v4.8.xml,8d4e38a22805fc9c70eab23fcc5d3ffc8b0ed096,CVE-2004-1012
517767839,ibojanova/BF,CWEBF/XML/cwec_v4.8.xml,8d4e38a22805fc9c70eab23fcc5d3ffc8b0ed096,CVE-2004-1002
517767839,ibojanova/BF,CWEBF/XML/cwec_v4.8.xml,8d4e38a22805fc9c70eab23fcc5d3ffc8b0ed096,CVE-2004-0989
517767839,ibojanova/BF,CWEBF/XML/cwec_v4.8.xml,8d4e38a22805fc9c70eab23fcc5d3ffc8b0ed096,CVE-2004-0979
517767839,ibojanova/BF,CWEBF/XML/cwec_v4.8.xml,8d4e38a22805fc9c70eab23fcc5d3ffc8b0ed096,CVE-2004-0956
517767839,ibojanova/BF,CWEBF/XML/cwec_v4.8.xml,8d4e38a22805fc9c70eab23fcc5d3ffc8b0ed096,CVE-2004-0942
517767839,ibojanova/BF,CWEBF/XML/cwec_v4.8.xml,8d4e38a22805fc9c70eab23fcc5d3ffc8b0ed096,CVE-2004-0940
517767839,ibojanova/BF,CWEBF/XML/cwec_v4.8.xml,8d4e38a22805fc9c70eab23fcc5d3ffc8b0ed096,CVE-2004-0892
517767839,ibojanova/BF,CWEBF/XML/cwec_v4.8.xml,8d4e38a22805fc9c70eab23fcc5d3ffc8b0ed096,CVE-2004-0847
517767839,ibojanova/BF,CWEBF/XML/cwec_v4.8.xml,8d4e38a22805fc9c70eab23fcc5d3ffc8b0ed096,CVE-2004-0829
517767839,ibojanova/BF,CWEBF/XML/cwec_v4.8.xml,8d4e38a22805fc9c70eab23fcc5d3ffc8b0ed096,CVE-2004-0828
517767839,ibojanova/BF,CWEBF/XML/cwec_v4.8.xml,8d4e38a22805fc9c70eab23fcc5d3ffc8b0ed096,CVE-2004-0826
517767839,ibojanova/BF,CWEBF/XML/cwec_v4.8.xml,8d4e38a22805fc9c70eab23fcc5d3ffc8b0ed096,CVE-2004-0816
517767839,ibojanova/BF,CWEBF/XML/cwec_v4.8.xml,8d4e38a22805fc9c70eab23fcc5d3ffc8b0ed096,CVE-2004-0815
517767839,ibojanova/BF,CWEBF/XML/cwec_v4.8.xml,8d4e38a22805fc9c70eab23fcc5d3ffc8b0ed096,CVE-2004-0808
517767839,ibojanova/BF,CWEBF/XML/cwec_v4.8.xml,8d4e38a22805fc9c70eab23fcc5d3ffc8b0ed096,CVE-2004-0806
517767839,ibojanova/BF,CWEBF/XML/cwec_v4.8.xml,8d4e38a22805fc9c70eab23fcc5d3ffc8b0ed096,CVE-2004-0794
517767839,ibojanova/BF,CWEBF/XML/cwec_v4.8.xml,8d4e38a22805fc9c70eab23fcc5d3ffc8b0ed096,CVE-2004-0778
517767839,ibojanova/BF,CWEBF/XML/cwec_v4.8.xml,8d4e38a22805fc9c70eab23fcc5d3ffc8b0ed096,CVE-2004-0774
517767839,ibojanova/BF,CWEBF/XML/cwec_v4.8.xml,8d4e38a22805fc9c70eab23fcc5d3ffc8b0ed096,CVE-2004-0772
517767839,ibojanova/BF,CWEBF/XML/cwec_v4.8.xml,8d4e38a22805fc9c70eab23fcc5d3ffc8b0ed096,CVE-2004-0765
517767839,ibojanova/BF,CWEBF/XML/cwec_v4.8.xml,8d4e38a22805fc9c70eab23fcc5d3ffc8b0ed096,CVE-2004-0761
517767839,ibojanova/BF,CWEBF/XML/cwec_v4.8.xml,8d4e38a22805fc9c70eab23fcc5d3ffc8b0ed096,CVE-2004-0760
517767839,ibojanova/BF,CWEBF/XML/cwec_v4.8.xml,8d4e38a22805fc9c70eab23fcc5d3ffc8b0ed096,CVE-2003-1025
517767839,ibojanova/BF,CWEBF/XML/cwec_v4.8.xml,8d4e38a22805fc9c70eab23fcc5d3ffc8b0ed096,CVE-2004-0342
517767839,ibojanova/BF,CWEBF/XML/cwec_v4.8.xml,8d4e38a22805fc9c70eab23fcc5d3ffc8b0ed096,CVE-2004-0346
517767839,ibojanova/BF,CWEBF/XML/cwec_v4.8.xml,8d4e38a22805fc9c70eab23fcc5d3ffc8b0ed096,CVE-2004-0325
517767839,ibojanova/BF,CWEBF/XML/cwec_v4.8.xml,8d4e38a22805fc9c70eab23fcc5d3ffc8b0ed096,CVE-2004-0112
517767839,ibojanova/BF,CWEBF/XML/cwec_v4.8.xml,8d4e38a22805fc9c70eab23fcc5d3ffc8b0ed096,CVE-2004-0095
517767839,ibojanova/BF,CWEBF/XML/cwec_v4.8.xml,8d4e38a22805fc9c70eab23fcc5d3ffc8b0ed096,CVE-2004-0079
517767839,ibojanova/BF,CWEBF/XML/cwec_v4.8.xml,8d4e38a22805fc9c70eab23fcc5d3ffc8b0ed096,CVE-2004-0072
517767839,ibojanova/BF,CWEBF/XML/cwec_v4.8.xml,8d4e38a22805fc9c70eab23fcc5d3ffc8b0ed096,CVE-2004-0068
517767839,ibojanova/BF,CWEBF/XML/cwec_v4.8.xml,8d4e38a22805fc9c70eab23fcc5d3ffc8b0ed096,CVE-2004-0063
517767839,ibojanova/BF,CWEBF/XML/cwec_v4.8.xml,8d4e38a22805fc9c70eab23fcc5d3ffc8b0ed096,CVE-2004-0061
517767839,ibojanova/BF,CWEBF/XML/cwec_v4.8.xml,8d4e38a22805fc9c70eab23fcc5d3ffc8b0ed096,CVE-2004-0033
517767839,ibojanova/BF,CWEBF/XML/cwec_v4.8.xml,8d4e38a22805fc9c70eab23fcc5d3ffc8b0ed096,CVE-2004-0030
517767839,ibojanova/BF,CWEBF/XML/cwec_v4.8.xml,8d4e38a22805fc9c70eab23fcc5d3ffc8b0ed096,CVE-2004-0005
517767839,ibojanova/BF,CWEBF/XML/cwec_v4.8.xml,8d4e38a22805fc9c70eab23fcc5d3ffc8b0ed096,CVE-2003-1566
517767839,ibojanova/BF,CWEBF/XML/cwec_v4.8.xml,8d4e38a22805fc9c70eab23fcc5d3ffc8b0ed096,CVE-2003-1564
517767839,ibojanova/BF,CWEBF/XML/cwec_v4.8.xml,8d4e38a22805fc9c70eab23fcc5d3ffc8b0ed096,CVE-2003-1433
517767839,ibojanova/BF,CWEBF/XML/cwec_v4.8.xml,8d4e38a22805fc9c70eab23fcc5d3ffc8b0ed096,CVE-2003-1233
517767839,ibojanova/BF,CWEBF/XML/cwec_v4.8.xml,8d4e38a22805fc9c70eab23fcc5d3ffc8b0ed096,CVE-2003-1230
517767839,ibojanova/BF,CWEBF/XML/cwec_v4.8.xml,8d4e38a22805fc9c70eab23fcc5d3ffc8b0ed096,CVE-2003-1229
517767839,ibojanova/BF,CWEBF/XML/cwec_v4.8.xml,8d4e38a22805fc9c70eab23fcc5d3ffc8b0ed096,CVE-2003-1201
517767839,ibojanova/BF,CWEBF/XML/cwec_v4.8.xml,8d4e38a22805fc9c70eab23fcc5d3ffc8b0ed096,CVE-2003-1181
517767839,ibojanova/BF,CWEBF/XML/cwec_v4.8.xml,8d4e38a22805fc9c70eab23fcc5d3ffc8b0ed096,CVE-2003-1136
517767839,ibojanova/BF,CWEBF/XML/cwec_v4.8.xml,8d4e38a22805fc9c70eab23fcc5d3ffc8b0ed096,CVE-2003-1132
517767839,ibojanova/BF,CWEBF/XML/cwec_v4.8.xml,8d4e38a22805fc9c70eab23fcc5d3ffc8b0ed096,CVE-2003-1078
517767839,ibojanova/BF,CWEBF/XML/cwec_v4.8.xml,8d4e38a22805fc9c70eab23fcc5d3ffc8b0ed096,CVE-2003-1054
517767839,ibojanova/BF,CWEBF/XML/cwec_v4.8.xml,8d4e38a22805fc9c70eab23fcc5d3ffc8b0ed096,CVE-2003-1048
517767839,ibojanova/BF,CWEBF/XML/cwec_v4.8.xml,8d4e38a22805fc9c70eab23fcc5d3ffc8b0ed096,CVE-2003-1038
517767839,ibojanova/BF,CWEBF/XML/cwec_v4.8.xml,8d4e38a22805fc9c70eab23fcc5d3ffc8b0ed096,CVE-2003-1035
517767839,ibojanova/BF,CWEBF/XML/cwec_v4.8.xml,8d4e38a22805fc9c70eab23fcc5d3ffc8b0ed096,CVE-2004-0334
517767839,ibojanova/BF,CWEBF/XML/cwec_v4.8.xml,8d4e38a22805fc9c70eab23fcc5d3ffc8b0ed096,CVE-2004-0119
517767839,ibojanova/BF,CWEBF/XML/cwec_v4.8.xml,8d4e38a22805fc9c70eab23fcc5d3ffc8b0ed096,CVE-2004-0114
517767839,ibojanova/BF,CWEBF/XML/cwec_v4.8.xml,8d4e38a22805fc9c70eab23fcc5d3ffc8b0ed096,CVE-2004-0127
517767839,ibojanova/BF,CWEBF/XML/cwec_v4.8.xml,8d4e38a22805fc9c70eab23fcc5d3ffc8b0ed096,CVE-2004-0294
517767839,ibojanova/BF,CWEBF/XML/cwec_v4.8.xml,8d4e38a22805fc9c70eab23fcc5d3ffc8b0ed096,CVE-2004-0285
517767839,ibojanova/BF,CWEBF/XML/cwec_v4.8.xml,8d4e38a22805fc9c70eab23fcc5d3ffc8b0ed096,CVE-2004-0281
517767839,ibojanova/BF,CWEBF/XML/cwec_v4.8.xml,8d4e38a22805fc9c70eab23fcc5d3ffc8b0ed096,CVE-2004-0280
517767839,ibojanova/BF,CWEBF/XML/cwec_v4.8.xml,8d4e38a22805fc9c70eab23fcc5d3ffc8b0ed096,CVE-2004-0276
517767839,ibojanova/BF,CWEBF/XML/cwec_v4.8.xml,8d4e38a22805fc9c70eab23fcc5d3ffc8b0ed096,CVE-2004-0274
517767839,ibojanova/BF,CWEBF/XML/cwec_v4.8.xml,8d4e38a22805fc9c70eab23fcc5d3ffc8b0ed096,CVE-2004-0270
517767839,ibojanova/BF,CWEBF/XML/cwec_v4.8.xml,8d4e38a22805fc9c70eab23fcc5d3ffc8b0ed096,CVE-2004-0261
517767839,ibojanova/BF,CWEBF/XML/cwec_v4.8.xml,8d4e38a22805fc9c70eab23fcc5d3ffc8b0ed096,CVE-2004-0243
517767839,ibojanova/BF,CWEBF/XML/cwec_v4.8.xml,8d4e38a22805fc9c70eab23fcc5d3ffc8b0ed096,CVE-2004-0235
517767839,ibojanova/BF,CWEBF/XML/cwec_v4.8.xml,8d4e38a22805fc9c70eab23fcc5d3ffc8b0ed096,CVE-2004-0230
517767839,ibojanova/BF,CWEBF/XML/cwec_v4.8.xml,8d4e38a22805fc9c70eab23fcc5d3ffc8b0ed096,CVE-2004-0222
517767839,ibojanova/BF,CWEBF/XML/cwec_v4.8.xml,8d4e38a22805fc9c70eab23fcc5d3ffc8b0ed096,CVE-2004-0221
517767839,ibojanova/BF,CWEBF/XML/cwec_v4.8.xml,8d4e38a22805fc9c70eab23fcc5d3ffc8b0ed096,CVE-2004-0121
517767839,ibojanova/BF,CWEBF/XML/cwec_v4.8.xml,8d4e38a22805fc9c70eab23fcc5d3ffc8b0ed096,CVE-2004-0217
517767839,ibojanova/BF,CWEBF/XML/cwec_v4.8.xml,8d4e38a22805fc9c70eab23fcc5d3ffc8b0ed096,CVE-2004-0207
517767839,ibojanova/BF,CWEBF/XML/cwec_v4.8.xml,8d4e38a22805fc9c70eab23fcc5d3ffc8b0ed096,CVE-2004-0201
517767839,ibojanova/BF,CWEBF/XML/cwec_v4.8.xml,8d4e38a22805fc9c70eab23fcc5d3ffc8b0ed096,CVE-2004-0191
517767839,ibojanova/BF,CWEBF/XML/cwec_v4.8.xml,8d4e38a22805fc9c70eab23fcc5d3ffc8b0ed096,CVE-2004-0189
517767839,ibojanova/BF,CWEBF/XML/cwec_v4.8.xml,8d4e38a22805fc9c70eab23fcc5d3ffc8b0ed096,CVE-2004-0184
517767839,ibojanova/BF,CWEBF/XML/cwec_v4.8.xml,8d4e38a22805fc9c70eab23fcc5d3ffc8b0ed096,CVE-2004-0183
517767839,ibojanova/BF,CWEBF/XML/cwec_v4.8.xml,8d4e38a22805fc9c70eab23fcc5d3ffc8b0ed096,CVE-2004-0174
517767839,ibojanova/BF,CWEBF/XML/cwec_v4.8.xml,8d4e38a22805fc9c70eab23fcc5d3ffc8b0ed096,CVE-2004-0162
517767839,ibojanova/BF,CWEBF/XML/cwec_v4.8.xml,8d4e38a22805fc9c70eab23fcc5d3ffc8b0ed096,CVE-2004-0148
517767839,ibojanova/BF,CWEBF/XML/cwec_v4.8.xml,8d4e38a22805fc9c70eab23fcc5d3ffc8b0ed096,CVE-2004-0128
517767839,ibojanova/BF,CWEBF/XML/cwec_v4.8.xml,8d4e38a22805fc9c70eab23fcc5d3ffc8b0ed096,CVE-2004-0213
517767839,ibojanova/BF,CWEBF/XML/cwec_v4.8.xml,8d4e38a22805fc9c70eab23fcc5d3ffc8b0ed096,VU#766164
517767839,ibojanova/BF,BFCVEDB/DB/CVE-2014-0160 - Heartbleed Buffer Overflow.bfcve,d56f92f57b52d1f881929ce1fc518fdebeca3a13,CVE-2014-0160
517767839,ibojanova/BF,.vs/BF/FileContentIndex/7b91aab1-a127-4f85-a1b7-69be2b7f2b23.vsidx,eca8658a9abefc0dc2226ca14f582b24afeaaba0,CVE-2014-0160
517767839,ibojanova/BF,.vs/ProjectEvaluation/bf.metadata.v2,f5fe093ca3ec093aafc9607a2c7706642647a80a,CVE-2014-0160
