repo_id,repo_full_name,file,file_sha1,match
570198864,darrenlei888/The-Interacting-Coulomb-Problem-as-a-Bethe-Ansatz-Problem,Dirac Delta/BAforDelta.ipynb,349ab4fa01e1ab9f69c2f8b08babecb811d6a9b8,VU#00
570198864,darrenlei888/The-Interacting-Coulomb-Problem-as-a-Bethe-Ansatz-Problem,Dirac Delta/BAforDelta.ipynb,349ab4fa01e1ab9f69c2f8b08babecb811d6a9b8,VU#6667
570198864,darrenlei888/The-Interacting-Coulomb-Problem-as-a-Bethe-Ansatz-Problem,Dirac Delta/BAforDelta.ipynb,349ab4fa01e1ab9f69c2f8b08babecb811d6a9b8,VU#66
570198864,darrenlei888/The-Interacting-Coulomb-Problem-as-a-Bethe-Ansatz-Problem,Dirac Delta/BAforDelta.ipynb,349ab4fa01e1ab9f69c2f8b08babecb811d6a9b8,VU#29
570198864,darrenlei888/The-Interacting-Coulomb-Problem-as-a-Bethe-Ansatz-Problem,Dirac Delta/BAforDelta.ipynb,349ab4fa01e1ab9f69c2f8b08babecb811d6a9b8,VU#15
570198864,darrenlei888/The-Interacting-Coulomb-Problem-as-a-Bethe-Ansatz-Problem,Dirac Delta/BAforDelta.ipynb,349ab4fa01e1ab9f69c2f8b08babecb811d6a9b8,VU#65
570198864,darrenlei888/The-Interacting-Coulomb-Problem-as-a-Bethe-Ansatz-Problem,Dirac Delta/BAforDelta.ipynb,349ab4fa01e1ab9f69c2f8b08babecb811d6a9b8,VU#64
570198864,darrenlei888/The-Interacting-Coulomb-Problem-as-a-Bethe-Ansatz-Problem,Dirac Delta/BAforDelta.ipynb,349ab4fa01e1ab9f69c2f8b08babecb811d6a9b8,VU#637
570198864,darrenlei888/The-Interacting-Coulomb-Problem-as-a-Bethe-Ansatz-Problem,Dirac Delta/BAforDelta.ipynb,349ab4fa01e1ab9f69c2f8b08babecb811d6a9b8,VU#634
570198864,darrenlei888/The-Interacting-Coulomb-Problem-as-a-Bethe-Ansatz-Problem,Dirac Delta/BAforDelta.ipynb,349ab4fa01e1ab9f69c2f8b08babecb811d6a9b8,VU#157
570198864,darrenlei888/The-Interacting-Coulomb-Problem-as-a-Bethe-Ansatz-Problem,Dirac Delta/BAforDelta.ipynb,349ab4fa01e1ab9f69c2f8b08babecb811d6a9b8,VU#16
570198864,darrenlei888/The-Interacting-Coulomb-Problem-as-a-Bethe-Ansatz-Problem,Dirac Delta/BAforDelta.ipynb,349ab4fa01e1ab9f69c2f8b08babecb811d6a9b8,VU#63
570198864,darrenlei888/The-Interacting-Coulomb-Problem-as-a-Bethe-Ansatz-Problem,Dirac Delta/BAforDelta.ipynb,349ab4fa01e1ab9f69c2f8b08babecb811d6a9b8,VU#67
570198864,darrenlei888/The-Interacting-Coulomb-Problem-as-a-Bethe-Ansatz-Problem,Dirac Delta/BAforDelta.ipynb,349ab4fa01e1ab9f69c2f8b08babecb811d6a9b8,VU#611
570198864,darrenlei888/The-Interacting-Coulomb-Problem-as-a-Bethe-Ansatz-Problem,Dirac Delta/BAforDelta.ipynb,349ab4fa01e1ab9f69c2f8b08babecb811d6a9b8,VU#601
570198864,darrenlei888/The-Interacting-Coulomb-Problem-as-a-Bethe-Ansatz-Problem,Dirac Delta/BAforDelta.ipynb,349ab4fa01e1ab9f69c2f8b08babecb811d6a9b8,VU#60
570198864,darrenlei888/The-Interacting-Coulomb-Problem-as-a-Bethe-Ansatz-Problem,Dirac Delta/BAforDelta.ipynb,349ab4fa01e1ab9f69c2f8b08babecb811d6a9b8,VU#597
570198864,darrenlei888/The-Interacting-Coulomb-Problem-as-a-Bethe-Ansatz-Problem,Dirac Delta/BAforDelta.ipynb,349ab4fa01e1ab9f69c2f8b08babecb811d6a9b8,VU#594
570198864,darrenlei888/The-Interacting-Coulomb-Problem-as-a-Bethe-Ansatz-Problem,Dirac Delta/BAforDelta.ipynb,349ab4fa01e1ab9f69c2f8b08babecb811d6a9b8,VU#59
570198864,darrenlei888/The-Interacting-Coulomb-Problem-as-a-Bethe-Ansatz-Problem,Dirac Delta/BAforDelta.ipynb,349ab4fa01e1ab9f69c2f8b08babecb811d6a9b8,VU#18
570198864,darrenlei888/The-Interacting-Coulomb-Problem-as-a-Bethe-Ansatz-Problem,Dirac Delta/BAforDelta.ipynb,349ab4fa01e1ab9f69c2f8b08babecb811d6a9b8,VU#585
570198864,darrenlei888/The-Interacting-Coulomb-Problem-as-a-Bethe-Ansatz-Problem,Dirac Delta/BAforDelta.ipynb,349ab4fa01e1ab9f69c2f8b08babecb811d6a9b8,VU#58
570198864,darrenlei888/The-Interacting-Coulomb-Problem-as-a-Bethe-Ansatz-Problem,Dirac Delta/BAforDelta.ipynb,349ab4fa01e1ab9f69c2f8b08babecb811d6a9b8,VU#579
570198864,darrenlei888/The-Interacting-Coulomb-Problem-as-a-Bethe-Ansatz-Problem,Dirac Delta/BAforDelta.ipynb,349ab4fa01e1ab9f69c2f8b08babecb811d6a9b8,VU#57
570198864,darrenlei888/The-Interacting-Coulomb-Problem-as-a-Bethe-Ansatz-Problem,Dirac Delta/BAforDelta.ipynb,349ab4fa01e1ab9f69c2f8b08babecb811d6a9b8,VU#18394
570198864,darrenlei888/The-Interacting-Coulomb-Problem-as-a-Bethe-Ansatz-Problem,Dirac Delta/BAforDelta.ipynb,349ab4fa01e1ab9f69c2f8b08babecb811d6a9b8,VU#17
570198864,darrenlei888/The-Interacting-Coulomb-Problem-as-a-Bethe-Ansatz-Problem,Dirac Delta/BAforDelta.ipynb,349ab4fa01e1ab9f69c2f8b08babecb811d6a9b8,VU#13
570198864,darrenlei888/The-Interacting-Coulomb-Problem-as-a-Bethe-Ansatz-Problem,Dirac Delta/BAforDelta.ipynb,349ab4fa01e1ab9f69c2f8b08babecb811d6a9b8,VU#1285
570198864,darrenlei888/The-Interacting-Coulomb-Problem-as-a-Bethe-Ansatz-Problem,Dirac Delta/BAforDelta.ipynb,349ab4fa01e1ab9f69c2f8b08babecb811d6a9b8,VU#125
570198864,darrenlei888/The-Interacting-Coulomb-Problem-as-a-Bethe-Ansatz-Problem,Dirac Delta/BAforDelta.ipynb,349ab4fa01e1ab9f69c2f8b08babecb811d6a9b8,VU#79
570198864,darrenlei888/The-Interacting-Coulomb-Problem-as-a-Bethe-Ansatz-Problem,Dirac Delta/BAforDelta.ipynb,349ab4fa01e1ab9f69c2f8b08babecb811d6a9b8,VU#789
570198864,darrenlei888/The-Interacting-Coulomb-Problem-as-a-Bethe-Ansatz-Problem,Dirac Delta/BAforDelta.ipynb,349ab4fa01e1ab9f69c2f8b08babecb811d6a9b8,VU#09
570198864,darrenlei888/The-Interacting-Coulomb-Problem-as-a-Bethe-Ansatz-Problem,Dirac Delta/BAforDelta.ipynb,349ab4fa01e1ab9f69c2f8b08babecb811d6a9b8,VU#78
570198864,darrenlei888/The-Interacting-Coulomb-Problem-as-a-Bethe-Ansatz-Problem,Dirac Delta/BAforDelta.ipynb,349ab4fa01e1ab9f69c2f8b08babecb811d6a9b8,VU#77
570198864,darrenlei888/The-Interacting-Coulomb-Problem-as-a-Bethe-Ansatz-Problem,Dirac Delta/BAforDelta.ipynb,349ab4fa01e1ab9f69c2f8b08babecb811d6a9b8,VU#7685
570198864,darrenlei888/The-Interacting-Coulomb-Problem-as-a-Bethe-Ansatz-Problem,Dirac Delta/BAforDelta.ipynb,349ab4fa01e1ab9f69c2f8b08babecb811d6a9b8,VU#090
570198864,darrenlei888/The-Interacting-Coulomb-Problem-as-a-Bethe-Ansatz-Problem,Dirac Delta/BAforDelta.ipynb,349ab4fa01e1ab9f69c2f8b08babecb811d6a9b8,VU#76
570198864,darrenlei888/The-Interacting-Coulomb-Problem-as-a-Bethe-Ansatz-Problem,Dirac Delta/BAforDelta.ipynb,349ab4fa01e1ab9f69c2f8b08babecb811d6a9b8,VU#10
570198864,darrenlei888/The-Interacting-Coulomb-Problem-as-a-Bethe-Ansatz-Problem,Dirac Delta/BAforDelta.ipynb,349ab4fa01e1ab9f69c2f8b08babecb811d6a9b8,VU#75
570198864,darrenlei888/The-Interacting-Coulomb-Problem-as-a-Bethe-Ansatz-Problem,Dirac Delta/BAforDelta.ipynb,349ab4fa01e1ab9f69c2f8b08babecb811d6a9b8,VU#105
570198864,darrenlei888/The-Interacting-Coulomb-Problem-as-a-Bethe-Ansatz-Problem,Dirac Delta/BAforDelta.ipynb,349ab4fa01e1ab9f69c2f8b08babecb811d6a9b8,VU#108
570198864,darrenlei888/The-Interacting-Coulomb-Problem-as-a-Bethe-Ansatz-Problem,Dirac Delta/BAforDelta.ipynb,349ab4fa01e1ab9f69c2f8b08babecb811d6a9b8,VU#74
570198864,darrenlei888/The-Interacting-Coulomb-Problem-as-a-Bethe-Ansatz-Problem,Dirac Delta/BAforDelta.ipynb,349ab4fa01e1ab9f69c2f8b08babecb811d6a9b8,VU#11
570198864,darrenlei888/The-Interacting-Coulomb-Problem-as-a-Bethe-Ansatz-Problem,Dirac Delta/BAforDelta.ipynb,349ab4fa01e1ab9f69c2f8b08babecb811d6a9b8,VU#738
570198864,darrenlei888/The-Interacting-Coulomb-Problem-as-a-Bethe-Ansatz-Problem,Dirac Delta/BAforDelta.ipynb,349ab4fa01e1ab9f69c2f8b08babecb811d6a9b8,VU#73
570198864,darrenlei888/The-Interacting-Coulomb-Problem-as-a-Bethe-Ansatz-Problem,Dirac Delta/BAforDelta.ipynb,349ab4fa01e1ab9f69c2f8b08babecb811d6a9b8,VU#7271
570198864,darrenlei888/The-Interacting-Coulomb-Problem-as-a-Bethe-Ansatz-Problem,Dirac Delta/BAforDelta.ipynb,349ab4fa01e1ab9f69c2f8b08babecb811d6a9b8,VU#72
570198864,darrenlei888/The-Interacting-Coulomb-Problem-as-a-Bethe-Ansatz-Problem,Dirac Delta/BAforDelta.ipynb,349ab4fa01e1ab9f69c2f8b08babecb811d6a9b8,VU#71
570198864,darrenlei888/The-Interacting-Coulomb-Problem-as-a-Bethe-Ansatz-Problem,Dirac Delta/BAforDelta.ipynb,349ab4fa01e1ab9f69c2f8b08babecb811d6a9b8,VU#119
570198864,darrenlei888/The-Interacting-Coulomb-Problem-as-a-Bethe-Ansatz-Problem,Dirac Delta/BAforDelta.ipynb,349ab4fa01e1ab9f69c2f8b08babecb811d6a9b8,VU#12
570198864,darrenlei888/The-Interacting-Coulomb-Problem-as-a-Bethe-Ansatz-Problem,Dirac Delta/BAforDelta.ipynb,349ab4fa01e1ab9f69c2f8b08babecb811d6a9b8,VU#70
570198864,darrenlei888/The-Interacting-Coulomb-Problem-as-a-Bethe-Ansatz-Problem,Dirac Delta/BAforDelta.ipynb,349ab4fa01e1ab9f69c2f8b08babecb811d6a9b8,VU#69
570198864,darrenlei888/The-Interacting-Coulomb-Problem-as-a-Bethe-Ansatz-Problem,Dirac Delta/BAforDelta.ipynb,349ab4fa01e1ab9f69c2f8b08babecb811d6a9b8,VU#121
570198864,darrenlei888/The-Interacting-Coulomb-Problem-as-a-Bethe-Ansatz-Problem,Dirac Delta/BAforDelta.ipynb,349ab4fa01e1ab9f69c2f8b08babecb811d6a9b8,VU#68
570198864,darrenlei888/The-Interacting-Coulomb-Problem-as-a-Bethe-Ansatz-Problem,Dirac Delta/BAforDelta.ipynb,349ab4fa01e1ab9f69c2f8b08babecb811d6a9b8,VU#1865
570198864,darrenlei888/The-Interacting-Coulomb-Problem-as-a-Bethe-Ansatz-Problem,Dirac Delta/BAforDelta.ipynb,349ab4fa01e1ab9f69c2f8b08babecb811d6a9b8,VU#56
570198864,darrenlei888/The-Interacting-Coulomb-Problem-as-a-Bethe-Ansatz-Problem,Dirac Delta/BAforDelta.ipynb,349ab4fa01e1ab9f69c2f8b08babecb811d6a9b8,VU#19
570198864,darrenlei888/The-Interacting-Coulomb-Problem-as-a-Bethe-Ansatz-Problem,Dirac Delta/BAforDelta.ipynb,349ab4fa01e1ab9f69c2f8b08babecb811d6a9b8,VU#556
570198864,darrenlei888/The-Interacting-Coulomb-Problem-as-a-Bethe-Ansatz-Problem,Dirac Delta/BAforDelta.ipynb,349ab4fa01e1ab9f69c2f8b08babecb811d6a9b8,VU#39
570198864,darrenlei888/The-Interacting-Coulomb-Problem-as-a-Bethe-Ansatz-Problem,Dirac Delta/BAforDelta.ipynb,349ab4fa01e1ab9f69c2f8b08babecb811d6a9b8,VU#380
570198864,darrenlei888/The-Interacting-Coulomb-Problem-as-a-Bethe-Ansatz-Problem,Dirac Delta/BAforDelta.ipynb,349ab4fa01e1ab9f69c2f8b08babecb811d6a9b8,VU#233
570198864,darrenlei888/The-Interacting-Coulomb-Problem-as-a-Bethe-Ansatz-Problem,Dirac Delta/BAforDelta.ipynb,349ab4fa01e1ab9f69c2f8b08babecb811d6a9b8,VU#38
570198864,darrenlei888/The-Interacting-Coulomb-Problem-as-a-Bethe-Ansatz-Problem,Dirac Delta/BAforDelta.ipynb,349ab4fa01e1ab9f69c2f8b08babecb811d6a9b8,VU#24
570198864,darrenlei888/The-Interacting-Coulomb-Problem-as-a-Bethe-Ansatz-Problem,Dirac Delta/BAforDelta.ipynb,349ab4fa01e1ab9f69c2f8b08babecb811d6a9b8,VU#37
570198864,darrenlei888/The-Interacting-Coulomb-Problem-as-a-Bethe-Ansatz-Problem,Dirac Delta/BAforDelta.ipynb,349ab4fa01e1ab9f69c2f8b08babecb811d6a9b8,VU#25
570198864,darrenlei888/The-Interacting-Coulomb-Problem-as-a-Bethe-Ansatz-Problem,Dirac Delta/BAforDelta.ipynb,349ab4fa01e1ab9f69c2f8b08babecb811d6a9b8,VU#362
570198864,darrenlei888/The-Interacting-Coulomb-Problem-as-a-Bethe-Ansatz-Problem,Dirac Delta/BAforDelta.ipynb,349ab4fa01e1ab9f69c2f8b08babecb811d6a9b8,VU#36
570198864,darrenlei888/The-Interacting-Coulomb-Problem-as-a-Bethe-Ansatz-Problem,Dirac Delta/BAforDelta.ipynb,349ab4fa01e1ab9f69c2f8b08babecb811d6a9b8,VU#3580
570198864,darrenlei888/The-Interacting-Coulomb-Problem-as-a-Bethe-Ansatz-Problem,Dirac Delta/BAforDelta.ipynb,349ab4fa01e1ab9f69c2f8b08babecb811d6a9b8,VU#35
570198864,darrenlei888/The-Interacting-Coulomb-Problem-as-a-Bethe-Ansatz-Problem,Dirac Delta/BAforDelta.ipynb,349ab4fa01e1ab9f69c2f8b08babecb811d6a9b8,VU#26
570198864,darrenlei888/The-Interacting-Coulomb-Problem-as-a-Bethe-Ansatz-Problem,Dirac Delta/BAforDelta.ipynb,349ab4fa01e1ab9f69c2f8b08babecb811d6a9b8,VU#34
570198864,darrenlei888/The-Interacting-Coulomb-Problem-as-a-Bethe-Ansatz-Problem,Dirac Delta/BAforDelta.ipynb,349ab4fa01e1ab9f69c2f8b08babecb811d6a9b8,VU#337
570198864,darrenlei888/The-Interacting-Coulomb-Problem-as-a-Bethe-Ansatz-Problem,Dirac Delta/BAforDelta.ipynb,349ab4fa01e1ab9f69c2f8b08babecb811d6a9b8,VU#333
570198864,darrenlei888/The-Interacting-Coulomb-Problem-as-a-Bethe-Ansatz-Problem,Dirac Delta/BAforDelta.ipynb,349ab4fa01e1ab9f69c2f8b08babecb811d6a9b8,VU#3322
570198864,darrenlei888/The-Interacting-Coulomb-Problem-as-a-Bethe-Ansatz-Problem,Dirac Delta/BAforDelta.ipynb,349ab4fa01e1ab9f69c2f8b08babecb811d6a9b8,VU#266
570198864,darrenlei888/The-Interacting-Coulomb-Problem-as-a-Bethe-Ansatz-Problem,Dirac Delta/BAforDelta.ipynb,349ab4fa01e1ab9f69c2f8b08babecb811d6a9b8,VU#27
570198864,darrenlei888/The-Interacting-Coulomb-Problem-as-a-Bethe-Ansatz-Problem,Dirac Delta/BAforDelta.ipynb,349ab4fa01e1ab9f69c2f8b08babecb811d6a9b8,VU#33
570198864,darrenlei888/The-Interacting-Coulomb-Problem-as-a-Bethe-Ansatz-Problem,Dirac Delta/BAforDelta.ipynb,349ab4fa01e1ab9f69c2f8b08babecb811d6a9b8,VU#32
570198864,darrenlei888/The-Interacting-Coulomb-Problem-as-a-Bethe-Ansatz-Problem,Dirac Delta/BAforDelta.ipynb,349ab4fa01e1ab9f69c2f8b08babecb811d6a9b8,VU#319
570198864,darrenlei888/The-Interacting-Coulomb-Problem-as-a-Bethe-Ansatz-Problem,Dirac Delta/BAforDelta.ipynb,349ab4fa01e1ab9f69c2f8b08babecb811d6a9b8,VU#271
570198864,darrenlei888/The-Interacting-Coulomb-Problem-as-a-Bethe-Ansatz-Problem,Dirac Delta/BAforDelta.ipynb,349ab4fa01e1ab9f69c2f8b08babecb811d6a9b8,VU#28
570198864,darrenlei888/The-Interacting-Coulomb-Problem-as-a-Bethe-Ansatz-Problem,Dirac Delta/BAforDelta.ipynb,349ab4fa01e1ab9f69c2f8b08babecb811d6a9b8,VU#31
570198864,darrenlei888/The-Interacting-Coulomb-Problem-as-a-Bethe-Ansatz-Problem,Dirac Delta/BAforDelta.ipynb,349ab4fa01e1ab9f69c2f8b08babecb811d6a9b8,VU#30
570198864,darrenlei888/The-Interacting-Coulomb-Problem-as-a-Bethe-Ansatz-Problem,Dirac Delta/BAforDelta.ipynb,349ab4fa01e1ab9f69c2f8b08babecb811d6a9b8,VU#392
570198864,darrenlei888/The-Interacting-Coulomb-Problem-as-a-Bethe-Ansatz-Problem,Dirac Delta/BAforDelta.ipynb,349ab4fa01e1ab9f69c2f8b08babecb811d6a9b8,VU#790
570198864,darrenlei888/The-Interacting-Coulomb-Problem-as-a-Bethe-Ansatz-Problem,Dirac Delta/BAforDelta.ipynb,349ab4fa01e1ab9f69c2f8b08babecb811d6a9b8,VU#41
570198864,darrenlei888/The-Interacting-Coulomb-Problem-as-a-Bethe-Ansatz-Problem,Dirac Delta/BAforDelta.ipynb,349ab4fa01e1ab9f69c2f8b08babecb811d6a9b8,VU#2247
570198864,darrenlei888/The-Interacting-Coulomb-Problem-as-a-Bethe-Ansatz-Problem,Dirac Delta/BAforDelta.ipynb,349ab4fa01e1ab9f69c2f8b08babecb811d6a9b8,VU#5559
570198864,darrenlei888/The-Interacting-Coulomb-Problem-as-a-Bethe-Ansatz-Problem,Dirac Delta/BAforDelta.ipynb,349ab4fa01e1ab9f69c2f8b08babecb811d6a9b8,VU#5558
570198864,darrenlei888/The-Interacting-Coulomb-Problem-as-a-Bethe-Ansatz-Problem,Dirac Delta/BAforDelta.ipynb,349ab4fa01e1ab9f69c2f8b08babecb811d6a9b8,VU#5493
570198864,darrenlei888/The-Interacting-Coulomb-Problem-as-a-Bethe-Ansatz-Problem,Dirac Delta/BAforDelta.ipynb,349ab4fa01e1ab9f69c2f8b08babecb811d6a9b8,VU#191
570198864,darrenlei888/The-Interacting-Coulomb-Problem-as-a-Bethe-Ansatz-Problem,Dirac Delta/BAforDelta.ipynb,349ab4fa01e1ab9f69c2f8b08babecb811d6a9b8,VU#19173
570198864,darrenlei888/The-Interacting-Coulomb-Problem-as-a-Bethe-Ansatz-Problem,Dirac Delta/BAforDelta.ipynb,349ab4fa01e1ab9f69c2f8b08babecb811d6a9b8,VU#197
570198864,darrenlei888/The-Interacting-Coulomb-Problem-as-a-Bethe-Ansatz-Problem,Dirac Delta/BAforDelta.ipynb,349ab4fa01e1ab9f69c2f8b08babecb811d6a9b8,VU#198
570198864,darrenlei888/The-Interacting-Coulomb-Problem-as-a-Bethe-Ansatz-Problem,Dirac Delta/BAforDelta.ipynb,349ab4fa01e1ab9f69c2f8b08babecb811d6a9b8,VU#20
570198864,darrenlei888/The-Interacting-Coulomb-Problem-as-a-Bethe-Ansatz-Problem,Dirac Delta/BAforDelta.ipynb,349ab4fa01e1ab9f69c2f8b08babecb811d6a9b8,VU#53
570198864,darrenlei888/The-Interacting-Coulomb-Problem-as-a-Bethe-Ansatz-Problem,Dirac Delta/BAforDelta.ipynb,349ab4fa01e1ab9f69c2f8b08babecb811d6a9b8,VU#5257
570198864,darrenlei888/The-Interacting-Coulomb-Problem-as-a-Bethe-Ansatz-Problem,Dirac Delta/BAforDelta.ipynb,349ab4fa01e1ab9f69c2f8b08babecb811d6a9b8,VU#52
570198864,darrenlei888/The-Interacting-Coulomb-Problem-as-a-Bethe-Ansatz-Problem,Dirac Delta/BAforDelta.ipynb,349ab4fa01e1ab9f69c2f8b08babecb811d6a9b8,VU#514
570198864,darrenlei888/The-Interacting-Coulomb-Problem-as-a-Bethe-Ansatz-Problem,Dirac Delta/BAforDelta.ipynb,349ab4fa01e1ab9f69c2f8b08babecb811d6a9b8,VU#51
570198864,darrenlei888/The-Interacting-Coulomb-Problem-as-a-Bethe-Ansatz-Problem,Dirac Delta/BAforDelta.ipynb,349ab4fa01e1ab9f69c2f8b08babecb811d6a9b8,VU#506
570198864,darrenlei888/The-Interacting-Coulomb-Problem-as-a-Bethe-Ansatz-Problem,Dirac Delta/BAforDelta.ipynb,349ab4fa01e1ab9f69c2f8b08babecb811d6a9b8,VU#50
570198864,darrenlei888/The-Interacting-Coulomb-Problem-as-a-Bethe-Ansatz-Problem,Dirac Delta/BAforDelta.ipynb,349ab4fa01e1ab9f69c2f8b08babecb811d6a9b8,VU#21
570198864,darrenlei888/The-Interacting-Coulomb-Problem-as-a-Bethe-Ansatz-Problem,Dirac Delta/BAforDelta.ipynb,349ab4fa01e1ab9f69c2f8b08babecb811d6a9b8,VU#49
570198864,darrenlei888/The-Interacting-Coulomb-Problem-as-a-Bethe-Ansatz-Problem,Dirac Delta/BAforDelta.ipynb,349ab4fa01e1ab9f69c2f8b08babecb811d6a9b8,VU#48
570198864,darrenlei888/The-Interacting-Coulomb-Problem-as-a-Bethe-Ansatz-Problem,Dirac Delta/BAforDelta.ipynb,349ab4fa01e1ab9f69c2f8b08babecb811d6a9b8,VU#47
570198864,darrenlei888/The-Interacting-Coulomb-Problem-as-a-Bethe-Ansatz-Problem,Dirac Delta/BAforDelta.ipynb,349ab4fa01e1ab9f69c2f8b08babecb811d6a9b8,VU#22
570198864,darrenlei888/The-Interacting-Coulomb-Problem-as-a-Bethe-Ansatz-Problem,Dirac Delta/BAforDelta.ipynb,349ab4fa01e1ab9f69c2f8b08babecb811d6a9b8,VU#466
570198864,darrenlei888/The-Interacting-Coulomb-Problem-as-a-Bethe-Ansatz-Problem,Dirac Delta/BAforDelta.ipynb,349ab4fa01e1ab9f69c2f8b08babecb811d6a9b8,VU#46
570198864,darrenlei888/The-Interacting-Coulomb-Problem-as-a-Bethe-Ansatz-Problem,Dirac Delta/BAforDelta.ipynb,349ab4fa01e1ab9f69c2f8b08babecb811d6a9b8,VU#44
570198864,darrenlei888/The-Interacting-Coulomb-Problem-as-a-Bethe-Ansatz-Problem,Dirac Delta/BAforDelta.ipynb,349ab4fa01e1ab9f69c2f8b08babecb811d6a9b8,VU#2227
570198864,darrenlei888/The-Interacting-Coulomb-Problem-as-a-Bethe-Ansatz-Problem,Dirac Delta/BAforDelta.ipynb,349ab4fa01e1ab9f69c2f8b08babecb811d6a9b8,VU#414
570198864,darrenlei888/The-Interacting-Coulomb-Problem-as-a-Bethe-Ansatz-Problem,Dirac Delta/BAforDelta.ipynb,349ab4fa01e1ab9f69c2f8b08babecb811d6a9b8,VU#23
570198864,darrenlei888/The-Interacting-Coulomb-Problem-as-a-Bethe-Ansatz-Problem,Dirac Delta/BAforDelta.ipynb,349ab4fa01e1ab9f69c2f8b08babecb811d6a9b8,VU#80
570198864,darrenlei888/The-Interacting-Coulomb-Problem-as-a-Bethe-Ansatz-Problem,Dirac Delta/BAforDelta.ipynb,349ab4fa01e1ab9f69c2f8b08babecb811d6a9b8,VU#654
570198864,darrenlei888/The-Interacting-Coulomb-Problem-as-a-Bethe-Ansatz-Problem,Dirac Delta/BAforDelta.ipynb,349ab4fa01e1ab9f69c2f8b08babecb811d6a9b8,VU#07
570198864,darrenlei888/The-Interacting-Coulomb-Problem-as-a-Bethe-Ansatz-Problem,Dirac Delta/BAforDelta.ipynb,349ab4fa01e1ab9f69c2f8b08babecb811d6a9b8,VU#939
570198864,darrenlei888/The-Interacting-Coulomb-Problem-as-a-Bethe-Ansatz-Problem,Dirac Delta/BAforDelta.ipynb,349ab4fa01e1ab9f69c2f8b08babecb811d6a9b8,VU#89
570198864,darrenlei888/The-Interacting-Coulomb-Problem-as-a-Bethe-Ansatz-Problem,Dirac Delta/BAforDelta.ipynb,349ab4fa01e1ab9f69c2f8b08babecb811d6a9b8,VU#87
570198864,darrenlei888/The-Interacting-Coulomb-Problem-as-a-Bethe-Ansatz-Problem,Dirac Delta/BAforDelta.ipynb,349ab4fa01e1ab9f69c2f8b08babecb811d6a9b8,VU#056
570198864,darrenlei888/The-Interacting-Coulomb-Problem-as-a-Bethe-Ansatz-Problem,Dirac Delta/BAforDelta.ipynb,349ab4fa01e1ab9f69c2f8b08babecb811d6a9b8,VU#84
570198864,darrenlei888/The-Interacting-Coulomb-Problem-as-a-Bethe-Ansatz-Problem,Dirac Delta/BAforDelta.ipynb,349ab4fa01e1ab9f69c2f8b08babecb811d6a9b8,VU#992
570198864,darrenlei888/The-Interacting-Coulomb-Problem-as-a-Bethe-Ansatz-Problem,Dirac Delta/BAforDelta.ipynb,349ab4fa01e1ab9f69c2f8b08babecb811d6a9b8,VU#06
570198864,darrenlei888/The-Interacting-Coulomb-Problem-as-a-Bethe-Ansatz-Problem,Dirac Delta/BAforDelta.ipynb,349ab4fa01e1ab9f69c2f8b08babecb811d6a9b8,VU#989
570198864,darrenlei888/The-Interacting-Coulomb-Problem-as-a-Bethe-Ansatz-Problem,Dirac Delta/BAforDelta.ipynb,349ab4fa01e1ab9f69c2f8b08babecb811d6a9b8,VU#031
570198864,darrenlei888/The-Interacting-Coulomb-Problem-as-a-Bethe-Ansatz-Problem,Dirac Delta/BAforDelta.ipynb,349ab4fa01e1ab9f69c2f8b08babecb811d6a9b8,VU#93
570198864,darrenlei888/The-Interacting-Coulomb-Problem-as-a-Bethe-Ansatz-Problem,Dirac Delta/BAforDelta.ipynb,349ab4fa01e1ab9f69c2f8b08babecb811d6a9b8,VU#973
570198864,darrenlei888/The-Interacting-Coulomb-Problem-as-a-Bethe-Ansatz-Problem,Dirac Delta/BAforDelta.ipynb,349ab4fa01e1ab9f69c2f8b08babecb811d6a9b8,VU#017
570198864,darrenlei888/The-Interacting-Coulomb-Problem-as-a-Bethe-Ansatz-Problem,Dirac Delta/BAforDelta.ipynb,349ab4fa01e1ab9f69c2f8b08babecb811d6a9b8,VU#897
570198864,darrenlei888/The-Interacting-Coulomb-Problem-as-a-Bethe-Ansatz-Problem,Dirac Delta/BAforDelta.ipynb,349ab4fa01e1ab9f69c2f8b08babecb811d6a9b8,VU#04
570198864,darrenlei888/The-Interacting-Coulomb-Problem-as-a-Bethe-Ansatz-Problem,Dirac Delta/BAforDelta.ipynb,349ab4fa01e1ab9f69c2f8b08babecb811d6a9b8,VU#88
570198864,darrenlei888/The-Interacting-Coulomb-Problem-as-a-Bethe-Ansatz-Problem,Dirac Delta/BAforDelta.ipynb,349ab4fa01e1ab9f69c2f8b08babecb811d6a9b8,VU#809
570198864,darrenlei888/The-Interacting-Coulomb-Problem-as-a-Bethe-Ansatz-Problem,Dirac Delta/BAforDelta.ipynb,349ab4fa01e1ab9f69c2f8b08babecb811d6a9b8,VU#92
570198864,darrenlei888/The-Interacting-Coulomb-Problem-as-a-Bethe-Ansatz-Problem,Dirac Delta/BAforDelta.ipynb,349ab4fa01e1ab9f69c2f8b08babecb811d6a9b8,VU#90
570198864,darrenlei888/The-Interacting-Coulomb-Problem-as-a-Bethe-Ansatz-Problem,Dirac Delta/BAforDelta.ipynb,349ab4fa01e1ab9f69c2f8b08babecb811d6a9b8,VU#85
570198864,darrenlei888/The-Interacting-Coulomb-Problem-as-a-Bethe-Ansatz-Problem,Dirac Delta/BAforDelta.ipynb,349ab4fa01e1ab9f69c2f8b08babecb811d6a9b8,VU#016
570198864,darrenlei888/The-Interacting-Coulomb-Problem-as-a-Bethe-Ansatz-Problem,Dirac Delta/BAforDelta.ipynb,349ab4fa01e1ab9f69c2f8b08babecb811d6a9b8,VU#91
570198864,darrenlei888/The-Interacting-Coulomb-Problem-as-a-Bethe-Ansatz-Problem,Dirac Delta/BAforDelta.ipynb,349ab4fa01e1ab9f69c2f8b08babecb811d6a9b8,VU#970
570198864,darrenlei888/The-Interacting-Coulomb-Problem-as-a-Bethe-Ansatz-Problem,Dirac Delta/BAforDelta.ipynb,349ab4fa01e1ab9f69c2f8b08babecb811d6a9b8,VU#99
570198864,darrenlei888/The-Interacting-Coulomb-Problem-as-a-Bethe-Ansatz-Problem,Dirac Delta/BAforDelta.ipynb,349ab4fa01e1ab9f69c2f8b08babecb811d6a9b8,VU#886
570198864,darrenlei888/The-Interacting-Coulomb-Problem-as-a-Bethe-Ansatz-Problem,Dirac Delta/BAforDelta.ipynb,349ab4fa01e1ab9f69c2f8b08babecb811d6a9b8,VU#94
570198864,darrenlei888/The-Interacting-Coulomb-Problem-as-a-Bethe-Ansatz-Problem,Dirac Delta/BAforDelta.ipynb,349ab4fa01e1ab9f69c2f8b08babecb811d6a9b8,VU#02
570198864,darrenlei888/The-Interacting-Coulomb-Problem-as-a-Bethe-Ansatz-Problem,Dirac Delta/BAforDelta.ipynb,349ab4fa01e1ab9f69c2f8b08babecb811d6a9b8,VU#86
570198864,darrenlei888/The-Interacting-Coulomb-Problem-as-a-Bethe-Ansatz-Problem,Dirac Delta/BAforDelta.ipynb,349ab4fa01e1ab9f69c2f8b08babecb811d6a9b8,VU#96
570198864,darrenlei888/The-Interacting-Coulomb-Problem-as-a-Bethe-Ansatz-Problem,Dirac Delta/BAforDelta.ipynb,349ab4fa01e1ab9f69c2f8b08babecb811d6a9b8,VU#83
570198864,darrenlei888/The-Interacting-Coulomb-Problem-as-a-Bethe-Ansatz-Problem,Dirac Delta/BAforDelta.ipynb,349ab4fa01e1ab9f69c2f8b08babecb811d6a9b8,VU#884
570198864,darrenlei888/The-Interacting-Coulomb-Problem-as-a-Bethe-Ansatz-Problem,Dirac Delta/BAforDelta.ipynb,349ab4fa01e1ab9f69c2f8b08babecb811d6a9b8,VU#024
570198864,darrenlei888/The-Interacting-Coulomb-Problem-as-a-Bethe-Ansatz-Problem,Dirac Delta/BAforDelta.ipynb,349ab4fa01e1ab9f69c2f8b08babecb811d6a9b8,VU#01
570198864,darrenlei888/The-Interacting-Coulomb-Problem-as-a-Bethe-Ansatz-Problem,Dirac Delta/BAforDelta.ipynb,349ab4fa01e1ab9f69c2f8b08babecb811d6a9b8,VU#949
570198864,darrenlei888/The-Interacting-Coulomb-Problem-as-a-Bethe-Ansatz-Problem,Dirac Delta/BAforDelta.ipynb,349ab4fa01e1ab9f69c2f8b08babecb811d6a9b8,VU#948
570198864,darrenlei888/The-Interacting-Coulomb-Problem-as-a-Bethe-Ansatz-Problem,Dirac Delta/BAforDelta.ipynb,349ab4fa01e1ab9f69c2f8b08babecb811d6a9b8,VU#98
570198864,darrenlei888/The-Interacting-Coulomb-Problem-as-a-Bethe-Ansatz-Problem,Dirac Delta/BAforDelta.ipynb,349ab4fa01e1ab9f69c2f8b08babecb811d6a9b8,VU#95
570198864,darrenlei888/The-Interacting-Coulomb-Problem-as-a-Bethe-Ansatz-Problem,Dirac Delta/BAforDelta.ipynb,349ab4fa01e1ab9f69c2f8b08babecb811d6a9b8,VU#82
570198864,darrenlei888/The-Interacting-Coulomb-Problem-as-a-Bethe-Ansatz-Problem,Dirac Delta/BAforDelta.ipynb,349ab4fa01e1ab9f69c2f8b08babecb811d6a9b8,VU#08
570198864,darrenlei888/The-Interacting-Coulomb-Problem-as-a-Bethe-Ansatz-Problem,Dirac Delta/BAforDelta.ipynb,349ab4fa01e1ab9f69c2f8b08babecb811d6a9b8,VU#05
570198864,darrenlei888/The-Interacting-Coulomb-Problem-as-a-Bethe-Ansatz-Problem,Dirac Delta/BAforDelta.ipynb,349ab4fa01e1ab9f69c2f8b08babecb811d6a9b8,VU#982
570198864,darrenlei888/The-Interacting-Coulomb-Problem-as-a-Bethe-Ansatz-Problem,Dirac Delta/BAforDelta.ipynb,349ab4fa01e1ab9f69c2f8b08babecb811d6a9b8,VU#03
570198864,darrenlei888/The-Interacting-Coulomb-Problem-as-a-Bethe-Ansatz-Problem,Dirac Delta/BAforDelta.ipynb,349ab4fa01e1ab9f69c2f8b08babecb811d6a9b8,VU#954
570198864,darrenlei888/The-Interacting-Coulomb-Problem-as-a-Bethe-Ansatz-Problem,Dirac Delta/BAforDelta.ipynb,349ab4fa01e1ab9f69c2f8b08babecb811d6a9b8,VU#0753
570198864,darrenlei888/The-Interacting-Coulomb-Problem-as-a-Bethe-Ansatz-Problem,Error Function/Error Function.ipynb,3b19aed20a49347f3968f8049cf3e98959adb37e,VU#64
570198864,darrenlei888/The-Interacting-Coulomb-Problem-as-a-Bethe-Ansatz-Problem,Error Function/Error Function.ipynb,3b19aed20a49347f3968f8049cf3e98959adb37e,VU#88
570198864,darrenlei888/The-Interacting-Coulomb-Problem-as-a-Bethe-Ansatz-Problem,Error Function/Error Function.ipynb,3b19aed20a49347f3968f8049cf3e98959adb37e,VU#18
570198864,darrenlei888/The-Interacting-Coulomb-Problem-as-a-Bethe-Ansatz-Problem,Error Function/Error Function.ipynb,3b19aed20a49347f3968f8049cf3e98959adb37e,VU#644
570198864,darrenlei888/The-Interacting-Coulomb-Problem-as-a-Bethe-Ansatz-Problem,Error Function/Error Function.ipynb,3b19aed20a49347f3968f8049cf3e98959adb37e,VU#37
570198864,darrenlei888/The-Interacting-Coulomb-Problem-as-a-Bethe-Ansatz-Problem,Error Function/Error Function.ipynb,3b19aed20a49347f3968f8049cf3e98959adb37e,VU#57992
570198864,darrenlei888/The-Interacting-Coulomb-Problem-as-a-Bethe-Ansatz-Problem,Error Function/Error Function.ipynb,3b19aed20a49347f3968f8049cf3e98959adb37e,VU#36
570198864,darrenlei888/The-Interacting-Coulomb-Problem-as-a-Bethe-Ansatz-Problem,Error Function/Error Function.ipynb,3b19aed20a49347f3968f8049cf3e98959adb37e,VU#59
570198864,darrenlei888/The-Interacting-Coulomb-Problem-as-a-Bethe-Ansatz-Problem,Error Function/Error Function.ipynb,3b19aed20a49347f3968f8049cf3e98959adb37e,VU#35
570198864,darrenlei888/The-Interacting-Coulomb-Problem-as-a-Bethe-Ansatz-Problem,Error Function/Error Function.ipynb,3b19aed20a49347f3968f8049cf3e98959adb37e,VU#63
570198864,darrenlei888/The-Interacting-Coulomb-Problem-as-a-Bethe-Ansatz-Problem,Error Function/Error Function.ipynb,3b19aed20a49347f3968f8049cf3e98959adb37e,VU#89
570198864,darrenlei888/The-Interacting-Coulomb-Problem-as-a-Bethe-Ansatz-Problem,Error Function/Error Function.ipynb,3b19aed20a49347f3968f8049cf3e98959adb37e,VU#05
570198864,darrenlei888/The-Interacting-Coulomb-Problem-as-a-Bethe-Ansatz-Problem,Error Function/Error Function.ipynb,3b19aed20a49347f3968f8049cf3e98959adb37e,VU#25
570198864,darrenlei888/The-Interacting-Coulomb-Problem-as-a-Bethe-Ansatz-Problem,Error Function/Error Function.ipynb,3b19aed20a49347f3968f8049cf3e98959adb37e,VU#974
570198864,darrenlei888/The-Interacting-Coulomb-Problem-as-a-Bethe-Ansatz-Problem,Error Function/Error Function.ipynb,3b19aed20a49347f3968f8049cf3e98959adb37e,VU#62
570198864,darrenlei888/The-Interacting-Coulomb-Problem-as-a-Bethe-Ansatz-Problem,Error Function/Error Function.ipynb,3b19aed20a49347f3968f8049cf3e98959adb37e,VU#573
570198864,darrenlei888/The-Interacting-Coulomb-Problem-as-a-Bethe-Ansatz-Problem,Error Function/Error Function.ipynb,3b19aed20a49347f3968f8049cf3e98959adb37e,VU#161
570198864,darrenlei888/The-Interacting-Coulomb-Problem-as-a-Bethe-Ansatz-Problem,Error Function/Error Function.ipynb,3b19aed20a49347f3968f8049cf3e98959adb37e,VU#61
570198864,darrenlei888/The-Interacting-Coulomb-Problem-as-a-Bethe-Ansatz-Problem,Error Function/Error Function.ipynb,3b19aed20a49347f3968f8049cf3e98959adb37e,VU#254
570198864,darrenlei888/The-Interacting-Coulomb-Problem-as-a-Bethe-Ansatz-Problem,Error Function/Error Function.ipynb,3b19aed20a49347f3968f8049cf3e98959adb37e,VU#367
570198864,darrenlei888/The-Interacting-Coulomb-Problem-as-a-Bethe-Ansatz-Problem,Error Function/Error Function.ipynb,3b19aed20a49347f3968f8049cf3e98959adb37e,VU#556
570198864,darrenlei888/The-Interacting-Coulomb-Problem-as-a-Bethe-Ansatz-Problem,Error Function/Error Function.ipynb,3b19aed20a49347f3968f8049cf3e98959adb37e,VU#91
570198864,darrenlei888/The-Interacting-Coulomb-Problem-as-a-Bethe-Ansatz-Problem,Error Function/Error Function.ipynb,3b19aed20a49347f3968f8049cf3e98959adb37e,VU#03
570198864,darrenlei888/The-Interacting-Coulomb-Problem-as-a-Bethe-Ansatz-Problem,Error Function/Error Function.ipynb,3b19aed20a49347f3968f8049cf3e98959adb37e,VU#41
570198864,darrenlei888/The-Interacting-Coulomb-Problem-as-a-Bethe-Ansatz-Problem,Error Function/Error Function.ipynb,3b19aed20a49347f3968f8049cf3e98959adb37e,VU#50
570198864,darrenlei888/The-Interacting-Coulomb-Problem-as-a-Bethe-Ansatz-Problem,Error Function/Error Function.ipynb,3b19aed20a49347f3968f8049cf3e98959adb37e,VU#226
570198864,darrenlei888/The-Interacting-Coulomb-Problem-as-a-Bethe-Ansatz-Problem,Error Function/Error Function.ipynb,3b19aed20a49347f3968f8049cf3e98959adb37e,VU#9414
570198864,darrenlei888/The-Interacting-Coulomb-Problem-as-a-Bethe-Ansatz-Problem,Error Function/Error Function.ipynb,3b19aed20a49347f3968f8049cf3e98959adb37e,VU#21
570198864,darrenlei888/The-Interacting-Coulomb-Problem-as-a-Bethe-Ansatz-Problem,Error Function/Error Function.ipynb,3b19aed20a49347f3968f8049cf3e98959adb37e,VU#411
570198864,darrenlei888/The-Interacting-Coulomb-Problem-as-a-Bethe-Ansatz-Problem,Error Function/Error Function.ipynb,3b19aed20a49347f3968f8049cf3e98959adb37e,VU#963
570198864,darrenlei888/The-Interacting-Coulomb-Problem-as-a-Bethe-Ansatz-Problem,Error Function/Error Function.ipynb,3b19aed20a49347f3968f8049cf3e98959adb37e,VU#49
570198864,darrenlei888/The-Interacting-Coulomb-Problem-as-a-Bethe-Ansatz-Problem,Error Function/Error Function.ipynb,3b19aed20a49347f3968f8049cf3e98959adb37e,VU#2228
570198864,darrenlei888/The-Interacting-Coulomb-Problem-as-a-Bethe-Ansatz-Problem,Error Function/Error Function.ipynb,3b19aed20a49347f3968f8049cf3e98959adb37e,VU#48
570198864,darrenlei888/The-Interacting-Coulomb-Problem-as-a-Bethe-Ansatz-Problem,Error Function/Error Function.ipynb,3b19aed20a49347f3968f8049cf3e98959adb37e,VU#47
570198864,darrenlei888/The-Interacting-Coulomb-Problem-as-a-Bethe-Ansatz-Problem,Error Function/Error Function.ipynb,3b19aed20a49347f3968f8049cf3e98959adb37e,VU#22
570198864,darrenlei888/The-Interacting-Coulomb-Problem-as-a-Bethe-Ansatz-Problem,Error Function/Error Function.ipynb,3b19aed20a49347f3968f8049cf3e98959adb37e,VU#95
570198864,darrenlei888/The-Interacting-Coulomb-Problem-as-a-Bethe-Ansatz-Problem,Error Function/Error Function.ipynb,3b19aed20a49347f3968f8049cf3e98959adb37e,VU#43
570198864,darrenlei888/The-Interacting-Coulomb-Problem-as-a-Bethe-Ansatz-Problem,Error Function/Error Function.ipynb,3b19aed20a49347f3968f8049cf3e98959adb37e,VU#46
570198864,darrenlei888/The-Interacting-Coulomb-Problem-as-a-Bethe-Ansatz-Problem,Error Function/Error Function.ipynb,3b19aed20a49347f3968f8049cf3e98959adb37e,VU#488
570198864,darrenlei888/The-Interacting-Coulomb-Problem-as-a-Bethe-Ansatz-Problem,Error Function/Error Function.ipynb,3b19aed20a49347f3968f8049cf3e98959adb37e,VU#57
570198864,darrenlei888/The-Interacting-Coulomb-Problem-as-a-Bethe-Ansatz-Problem,Error Function/Error Function.ipynb,3b19aed20a49347f3968f8049cf3e98959adb37e,VU#94
570198864,darrenlei888/The-Interacting-Coulomb-Problem-as-a-Bethe-Ansatz-Problem,Error Function/Error Function.ipynb,3b19aed20a49347f3968f8049cf3e98959adb37e,VU#20
570198864,darrenlei888/The-Interacting-Coulomb-Problem-as-a-Bethe-Ansatz-Problem,Error Function/Error Function.ipynb,3b19aed20a49347f3968f8049cf3e98959adb37e,VU#24
570198864,darrenlei888/The-Interacting-Coulomb-Problem-as-a-Bethe-Ansatz-Problem,Error Function/Error Function.ipynb,3b19aed20a49347f3968f8049cf3e98959adb37e,VU#5638
570198864,darrenlei888/The-Interacting-Coulomb-Problem-as-a-Bethe-Ansatz-Problem,Error Function/Error Function.ipynb,3b19aed20a49347f3968f8049cf3e98959adb37e,VU#38
570198864,darrenlei888/The-Interacting-Coulomb-Problem-as-a-Bethe-Ansatz-Problem,Error Function/Error Function.ipynb,3b19aed20a49347f3968f8049cf3e98959adb37e,VU#56
570198864,darrenlei888/The-Interacting-Coulomb-Problem-as-a-Bethe-Ansatz-Problem,Error Function/Error Function.ipynb,3b19aed20a49347f3968f8049cf3e98959adb37e,VU#04
570198864,darrenlei888/The-Interacting-Coulomb-Problem-as-a-Bethe-Ansatz-Problem,Error Function/Error Function.ipynb,3b19aed20a49347f3968f8049cf3e98959adb37e,VU#19
570198864,darrenlei888/The-Interacting-Coulomb-Problem-as-a-Bethe-Ansatz-Problem,Error Function/Error Function.ipynb,3b19aed20a49347f3968f8049cf3e98959adb37e,VU#92
570198864,darrenlei888/The-Interacting-Coulomb-Problem-as-a-Bethe-Ansatz-Problem,Error Function/Error Function.ipynb,3b19aed20a49347f3968f8049cf3e98959adb37e,VU#23
570198864,darrenlei888/The-Interacting-Coulomb-Problem-as-a-Bethe-Ansatz-Problem,Error Function/Error Function.ipynb,3b19aed20a49347f3968f8049cf3e98959adb37e,VU#97
570198864,darrenlei888/The-Interacting-Coulomb-Problem-as-a-Bethe-Ansatz-Problem,Error Function/Error Function.ipynb,3b19aed20a49347f3968f8049cf3e98959adb37e,VU#39
570198864,darrenlei888/The-Interacting-Coulomb-Problem-as-a-Bethe-Ansatz-Problem,Error Function/Error Function.ipynb,3b19aed20a49347f3968f8049cf3e98959adb37e,VU#54
570198864,darrenlei888/The-Interacting-Coulomb-Problem-as-a-Bethe-Ansatz-Problem,Error Function/Error Function.ipynb,3b19aed20a49347f3968f8049cf3e98959adb37e,VU#3939
570198864,darrenlei888/The-Interacting-Coulomb-Problem-as-a-Bethe-Ansatz-Problem,Error Function/Error Function.ipynb,3b19aed20a49347f3968f8049cf3e98959adb37e,VU#93
570198864,darrenlei888/The-Interacting-Coulomb-Problem-as-a-Bethe-Ansatz-Problem,Error Function/Error Function.ipynb,3b19aed20a49347f3968f8049cf3e98959adb37e,VU#197
570198864,darrenlei888/The-Interacting-Coulomb-Problem-as-a-Bethe-Ansatz-Problem,Error Function/Error Function.ipynb,3b19aed20a49347f3968f8049cf3e98959adb37e,VU#53
570198864,darrenlei888/The-Interacting-Coulomb-Problem-as-a-Bethe-Ansatz-Problem,Error Function/Error Function.ipynb,3b19aed20a49347f3968f8049cf3e98959adb37e,VU#40
570198864,darrenlei888/The-Interacting-Coulomb-Problem-as-a-Bethe-Ansatz-Problem,Error Function/Error Function.ipynb,3b19aed20a49347f3968f8049cf3e98959adb37e,VU#55
570198864,darrenlei888/The-Interacting-Coulomb-Problem-as-a-Bethe-Ansatz-Problem,Error Function/Error Function.ipynb,3b19aed20a49347f3968f8049cf3e98959adb37e,VU#65
570198864,darrenlei888/The-Interacting-Coulomb-Problem-as-a-Bethe-Ansatz-Problem,Error Function/Error Function.ipynb,3b19aed20a49347f3968f8049cf3e98959adb37e,VU#26
570198864,darrenlei888/The-Interacting-Coulomb-Problem-as-a-Bethe-Ansatz-Problem,Error Function/Error Function.ipynb,3b19aed20a49347f3968f8049cf3e98959adb37e,VU#874
570198864,darrenlei888/The-Interacting-Coulomb-Problem-as-a-Bethe-Ansatz-Problem,Error Function/Error Function.ipynb,3b19aed20a49347f3968f8049cf3e98959adb37e,VU#759
570198864,darrenlei888/The-Interacting-Coulomb-Problem-as-a-Bethe-Ansatz-Problem,Error Function/Error Function.ipynb,3b19aed20a49347f3968f8049cf3e98959adb37e,VU#28
570198864,darrenlei888/The-Interacting-Coulomb-Problem-as-a-Bethe-Ansatz-Problem,Error Function/Error Function.ipynb,3b19aed20a49347f3968f8049cf3e98959adb37e,VU#75
570198864,darrenlei888/The-Interacting-Coulomb-Problem-as-a-Bethe-Ansatz-Problem,Error Function/Error Function.ipynb,3b19aed20a49347f3968f8049cf3e98959adb37e,VU#747
570198864,darrenlei888/The-Interacting-Coulomb-Problem-as-a-Bethe-Ansatz-Problem,Error Function/Error Function.ipynb,3b19aed20a49347f3968f8049cf3e98959adb37e,VU#746
570198864,darrenlei888/The-Interacting-Coulomb-Problem-as-a-Bethe-Ansatz-Problem,Error Function/Error Function.ipynb,3b19aed20a49347f3968f8049cf3e98959adb37e,VU#7438
570198864,darrenlei888/The-Interacting-Coulomb-Problem-as-a-Bethe-Ansatz-Problem,Error Function/Error Function.ipynb,3b19aed20a49347f3968f8049cf3e98959adb37e,VU#84
570198864,darrenlei888/The-Interacting-Coulomb-Problem-as-a-Bethe-Ansatz-Problem,Error Function/Error Function.ipynb,3b19aed20a49347f3968f8049cf3e98959adb37e,VU#31
570198864,darrenlei888/The-Interacting-Coulomb-Problem-as-a-Bethe-Ansatz-Problem,Error Function/Error Function.ipynb,3b19aed20a49347f3968f8049cf3e98959adb37e,VU#10
570198864,darrenlei888/The-Interacting-Coulomb-Problem-as-a-Bethe-Ansatz-Problem,Error Function/Error Function.ipynb,3b19aed20a49347f3968f8049cf3e98959adb37e,VU#74
570198864,darrenlei888/The-Interacting-Coulomb-Problem-as-a-Bethe-Ansatz-Problem,Error Function/Error Function.ipynb,3b19aed20a49347f3968f8049cf3e98959adb37e,VU#107
570198864,darrenlei888/The-Interacting-Coulomb-Problem-as-a-Bethe-Ansatz-Problem,Error Function/Error Function.ipynb,3b19aed20a49347f3968f8049cf3e98959adb37e,VU#15
570198864,darrenlei888/The-Interacting-Coulomb-Problem-as-a-Bethe-Ansatz-Problem,Error Function/Error Function.ipynb,3b19aed20a49347f3968f8049cf3e98959adb37e,VU#11
570198864,darrenlei888/The-Interacting-Coulomb-Problem-as-a-Bethe-Ansatz-Problem,Error Function/Error Function.ipynb,3b19aed20a49347f3968f8049cf3e98959adb37e,VU#271
570198864,darrenlei888/The-Interacting-Coulomb-Problem-as-a-Bethe-Ansatz-Problem,Error Function/Error Function.ipynb,3b19aed20a49347f3968f8049cf3e98959adb37e,VU#733
570198864,darrenlei888/The-Interacting-Coulomb-Problem-as-a-Bethe-Ansatz-Problem,Error Function/Error Function.ipynb,3b19aed20a49347f3968f8049cf3e98959adb37e,VU#270
570198864,darrenlei888/The-Interacting-Coulomb-Problem-as-a-Bethe-Ansatz-Problem,Error Function/Error Function.ipynb,3b19aed20a49347f3968f8049cf3e98959adb37e,VU#73
570198864,darrenlei888/The-Interacting-Coulomb-Problem-as-a-Bethe-Ansatz-Problem,Error Function/Error Function.ipynb,3b19aed20a49347f3968f8049cf3e98959adb37e,VU#85
570198864,darrenlei888/The-Interacting-Coulomb-Problem-as-a-Bethe-Ansatz-Problem,Error Function/Error Function.ipynb,3b19aed20a49347f3968f8049cf3e98959adb37e,VU#1055
570198864,darrenlei888/The-Interacting-Coulomb-Problem-as-a-Bethe-Ansatz-Problem,Error Function/Error Function.ipynb,3b19aed20a49347f3968f8049cf3e98959adb37e,VU#99
570198864,darrenlei888/The-Interacting-Coulomb-Problem-as-a-Bethe-Ansatz-Problem,Error Function/Error Function.ipynb,3b19aed20a49347f3968f8049cf3e98959adb37e,VU#83
570198864,darrenlei888/The-Interacting-Coulomb-Problem-as-a-Bethe-Ansatz-Problem,Error Function/Error Function.ipynb,3b19aed20a49347f3968f8049cf3e98959adb37e,VU#303
570198864,darrenlei888/The-Interacting-Coulomb-Problem-as-a-Bethe-Ansatz-Problem,Error Function/Error Function.ipynb,3b19aed20a49347f3968f8049cf3e98959adb37e,VU#29
570198864,darrenlei888/The-Interacting-Coulomb-Problem-as-a-Bethe-Ansatz-Problem,Error Function/Error Function.ipynb,3b19aed20a49347f3968f8049cf3e98959adb37e,VU#80
570198864,darrenlei888/The-Interacting-Coulomb-Problem-as-a-Bethe-Ansatz-Problem,Error Function/Error Function.ipynb,3b19aed20a49347f3968f8049cf3e98959adb37e,VU#08
570198864,darrenlei888/The-Interacting-Coulomb-Problem-as-a-Bethe-Ansatz-Problem,Error Function/Error Function.ipynb,3b19aed20a49347f3968f8049cf3e98959adb37e,VU#797
570198864,darrenlei888/The-Interacting-Coulomb-Problem-as-a-Bethe-Ansatz-Problem,Error Function/Error Function.ipynb,3b19aed20a49347f3968f8049cf3e98959adb37e,VU#081
570198864,darrenlei888/The-Interacting-Coulomb-Problem-as-a-Bethe-Ansatz-Problem,Error Function/Error Function.ipynb,3b19aed20a49347f3968f8049cf3e98959adb37e,VU#79
570198864,darrenlei888/The-Interacting-Coulomb-Problem-as-a-Bethe-Ansatz-Problem,Error Function/Error Function.ipynb,3b19aed20a49347f3968f8049cf3e98959adb37e,VU#81
570198864,darrenlei888/The-Interacting-Coulomb-Problem-as-a-Bethe-Ansatz-Problem,Error Function/Error Function.ipynb,3b19aed20a49347f3968f8049cf3e98959adb37e,VU#290
570198864,darrenlei888/The-Interacting-Coulomb-Problem-as-a-Bethe-Ansatz-Problem,Error Function/Error Function.ipynb,3b19aed20a49347f3968f8049cf3e98959adb37e,VU#76
570198864,darrenlei888/The-Interacting-Coulomb-Problem-as-a-Bethe-Ansatz-Problem,Error Function/Error Function.ipynb,3b19aed20a49347f3968f8049cf3e98959adb37e,VU#786
570198864,darrenlei888/The-Interacting-Coulomb-Problem-as-a-Bethe-Ansatz-Problem,Error Function/Error Function.ipynb,3b19aed20a49347f3968f8049cf3e98959adb37e,VU#783
570198864,darrenlei888/The-Interacting-Coulomb-Problem-as-a-Bethe-Ansatz-Problem,Error Function/Error Function.ipynb,3b19aed20a49347f3968f8049cf3e98959adb37e,VU#09
570198864,darrenlei888/The-Interacting-Coulomb-Problem-as-a-Bethe-Ansatz-Problem,Error Function/Error Function.ipynb,3b19aed20a49347f3968f8049cf3e98959adb37e,VU#78
570198864,darrenlei888/The-Interacting-Coulomb-Problem-as-a-Bethe-Ansatz-Problem,Error Function/Error Function.ipynb,3b19aed20a49347f3968f8049cf3e98959adb37e,VU#9973
570198864,darrenlei888/The-Interacting-Coulomb-Problem-as-a-Bethe-Ansatz-Problem,Error Function/Error Function.ipynb,3b19aed20a49347f3968f8049cf3e98959adb37e,VU#777
570198864,darrenlei888/The-Interacting-Coulomb-Problem-as-a-Bethe-Ansatz-Problem,Error Function/Error Function.ipynb,3b19aed20a49347f3968f8049cf3e98959adb37e,VU#30
570198864,darrenlei888/The-Interacting-Coulomb-Problem-as-a-Bethe-Ansatz-Problem,Error Function/Error Function.ipynb,3b19aed20a49347f3968f8049cf3e98959adb37e,VU#82
570198864,darrenlei888/The-Interacting-Coulomb-Problem-as-a-Bethe-Ansatz-Problem,Error Function/Error Function.ipynb,3b19aed20a49347f3968f8049cf3e98959adb37e,VU#76663
570198864,darrenlei888/The-Interacting-Coulomb-Problem-as-a-Bethe-Ansatz-Problem,Error Function/Error Function.ipynb,3b19aed20a49347f3968f8049cf3e98959adb37e,VU#785
570198864,darrenlei888/The-Interacting-Coulomb-Problem-as-a-Bethe-Ansatz-Problem,Error Function/Error Function.ipynb,3b19aed20a49347f3968f8049cf3e98959adb37e,VU#32
570198864,darrenlei888/The-Interacting-Coulomb-Problem-as-a-Bethe-Ansatz-Problem,Error Function/Error Function.ipynb,3b19aed20a49347f3968f8049cf3e98959adb37e,VU#07
570198864,darrenlei888/The-Interacting-Coulomb-Problem-as-a-Bethe-Ansatz-Problem,Error Function/Error Function.ipynb,3b19aed20a49347f3968f8049cf3e98959adb37e,VU#44
570198864,darrenlei888/The-Interacting-Coulomb-Problem-as-a-Bethe-Ansatz-Problem,Error Function/Error Function.ipynb,3b19aed20a49347f3968f8049cf3e98959adb37e,VU#052
570198864,darrenlei888/The-Interacting-Coulomb-Problem-as-a-Bethe-Ansatz-Problem,Error Function/Error Function.ipynb,3b19aed20a49347f3968f8049cf3e98959adb37e,VU#663
570198864,darrenlei888/The-Interacting-Coulomb-Problem-as-a-Bethe-Ansatz-Problem,Error Function/Error Function.ipynb,3b19aed20a49347f3968f8049cf3e98959adb37e,VU#87
570198864,darrenlei888/The-Interacting-Coulomb-Problem-as-a-Bethe-Ansatz-Problem,Error Function/Error Function.ipynb,3b19aed20a49347f3968f8049cf3e98959adb37e,VU#67
570198864,darrenlei888/The-Interacting-Coulomb-Problem-as-a-Bethe-Ansatz-Problem,Error Function/Error Function.ipynb,3b19aed20a49347f3968f8049cf3e98959adb37e,VU#701
570198864,darrenlei888/The-Interacting-Coulomb-Problem-as-a-Bethe-Ansatz-Problem,Error Function/Error Function.ipynb,3b19aed20a49347f3968f8049cf3e98959adb37e,VU#33
570198864,darrenlei888/The-Interacting-Coulomb-Problem-as-a-Bethe-Ansatz-Problem,Error Function/Error Function.ipynb,3b19aed20a49347f3968f8049cf3e98959adb37e,VU#13
570198864,darrenlei888/The-Interacting-Coulomb-Problem-as-a-Bethe-Ansatz-Problem,Error Function/Error Function.ipynb,3b19aed20a49347f3968f8049cf3e98959adb37e,VU#2665
570198864,darrenlei888/The-Interacting-Coulomb-Problem-as-a-Bethe-Ansatz-Problem,Error Function/Error Function.ipynb,3b19aed20a49347f3968f8049cf3e98959adb37e,VU#677
570198864,darrenlei888/The-Interacting-Coulomb-Problem-as-a-Bethe-Ansatz-Problem,Error Function/Error Function.ipynb,3b19aed20a49347f3968f8049cf3e98959adb37e,VU#06
570198864,darrenlei888/The-Interacting-Coulomb-Problem-as-a-Bethe-Ansatz-Problem,Error Function/Error Function.ipynb,3b19aed20a49347f3968f8049cf3e98959adb37e,VU#661
570198864,darrenlei888/The-Interacting-Coulomb-Problem-as-a-Bethe-Ansatz-Problem,Error Function/Error Function.ipynb,3b19aed20a49347f3968f8049cf3e98959adb37e,VU#27
570198864,darrenlei888/The-Interacting-Coulomb-Problem-as-a-Bethe-Ansatz-Problem,Error Function/Error Function.ipynb,3b19aed20a49347f3968f8049cf3e98959adb37e,VU#330
570198864,darrenlei888/The-Interacting-Coulomb-Problem-as-a-Bethe-Ansatz-Problem,Error Function/Error Function.ipynb,3b19aed20a49347f3968f8049cf3e98959adb37e,VU#01
570198864,darrenlei888/The-Interacting-Coulomb-Problem-as-a-Bethe-Ansatz-Problem,Error Function/Error Function.ipynb,3b19aed20a49347f3968f8049cf3e98959adb37e,VU#68
570198864,darrenlei888/The-Interacting-Coulomb-Problem-as-a-Bethe-Ansatz-Problem,Error Function/Error Function.ipynb,3b19aed20a49347f3968f8049cf3e98959adb37e,VU#987
570198864,darrenlei888/The-Interacting-Coulomb-Problem-as-a-Bethe-Ansatz-Problem,Error Function/Error Function.ipynb,3b19aed20a49347f3968f8049cf3e98959adb37e,VU#66
570198864,darrenlei888/The-Interacting-Coulomb-Problem-as-a-Bethe-Ansatz-Problem,Error Function/Error Function.ipynb,3b19aed20a49347f3968f8049cf3e98959adb37e,VU#856
570198864,darrenlei888/The-Interacting-Coulomb-Problem-as-a-Bethe-Ansatz-Problem,Error Function/Error Function.ipynb,3b19aed20a49347f3968f8049cf3e98959adb37e,VU#8725
570198864,darrenlei888/The-Interacting-Coulomb-Problem-as-a-Bethe-Ansatz-Problem,Error Function/Error Function.ipynb,3b19aed20a49347f3968f8049cf3e98959adb37e,VU#69
570198864,darrenlei888/The-Interacting-Coulomb-Problem-as-a-Bethe-Ansatz-Problem,Error Function/Error Function.ipynb,3b19aed20a49347f3968f8049cf3e98959adb37e,VU#322
570198864,darrenlei888/The-Interacting-Coulomb-Problem-as-a-Bethe-Ansatz-Problem,Error Function/Error Function.ipynb,3b19aed20a49347f3968f8049cf3e98959adb37e,VU#12
570198864,darrenlei888/The-Interacting-Coulomb-Problem-as-a-Bethe-Ansatz-Problem,Error Function/Error Function.ipynb,3b19aed20a49347f3968f8049cf3e98959adb37e,VU#34
570198864,darrenlei888/The-Interacting-Coulomb-Problem-as-a-Bethe-Ansatz-Problem,Error Function/Error Function.ipynb,3b19aed20a49347f3968f8049cf3e98959adb37e,VU#86
570198864,darrenlei888/The-Interacting-Coulomb-Problem-as-a-Bethe-Ansatz-Problem,Error Function/Error Function.ipynb,3b19aed20a49347f3968f8049cf3e98959adb37e,VU#989
570198864,darrenlei888/The-Interacting-Coulomb-Problem-as-a-Bethe-Ansatz-Problem,Inverse Square/BAforInverseSquare.ipynb,4f579172534bf0d9dfb5318e89d0f687384ce87b,VU#357
570198864,darrenlei888/The-Interacting-Coulomb-Problem-as-a-Bethe-Ansatz-Problem,Inverse Square/BAforInverseSquare.ipynb,4f579172534bf0d9dfb5318e89d0f687384ce87b,VU#431
570198864,darrenlei888/The-Interacting-Coulomb-Problem-as-a-Bethe-Ansatz-Problem,Inverse Square/BAforInverseSquare.ipynb,4f579172534bf0d9dfb5318e89d0f687384ce87b,VU#96
570198864,darrenlei888/The-Interacting-Coulomb-Problem-as-a-Bethe-Ansatz-Problem,Inverse Square/BAforInverseSquare.ipynb,4f579172534bf0d9dfb5318e89d0f687384ce87b,VU#43
570198864,darrenlei888/The-Interacting-Coulomb-Problem-as-a-Bethe-Ansatz-Problem,Inverse Square/BAforInverseSquare.ipynb,4f579172534bf0d9dfb5318e89d0f687384ce87b,VU#2987
570198864,darrenlei888/The-Interacting-Coulomb-Problem-as-a-Bethe-Ansatz-Problem,Inverse Square/BAforInverseSquare.ipynb,4f579172534bf0d9dfb5318e89d0f687384ce87b,VU#298
570198864,darrenlei888/The-Interacting-Coulomb-Problem-as-a-Bethe-Ansatz-Problem,Inverse Square/BAforInverseSquare.ipynb,4f579172534bf0d9dfb5318e89d0f687384ce87b,VU#34
570198864,darrenlei888/The-Interacting-Coulomb-Problem-as-a-Bethe-Ansatz-Problem,Inverse Square/BAforInverseSquare.ipynb,4f579172534bf0d9dfb5318e89d0f687384ce87b,VU#35
570198864,darrenlei888/The-Interacting-Coulomb-Problem-as-a-Bethe-Ansatz-Problem,Inverse Square/BAforInverseSquare.ipynb,4f579172534bf0d9dfb5318e89d0f687384ce87b,VU#42
570198864,darrenlei888/The-Interacting-Coulomb-Problem-as-a-Bethe-Ansatz-Problem,Inverse Square/BAforInverseSquare.ipynb,4f579172534bf0d9dfb5318e89d0f687384ce87b,VU#3322
570198864,darrenlei888/The-Interacting-Coulomb-Problem-as-a-Bethe-Ansatz-Problem,Inverse Square/BAforInverseSquare.ipynb,4f579172534bf0d9dfb5318e89d0f687384ce87b,VU#9566
570198864,darrenlei888/The-Interacting-Coulomb-Problem-as-a-Bethe-Ansatz-Problem,Inverse Square/BAforInverseSquare.ipynb,4f579172534bf0d9dfb5318e89d0f687384ce87b,VU#983
570198864,darrenlei888/The-Interacting-Coulomb-Problem-as-a-Bethe-Ansatz-Problem,Inverse Square/BAforInverseSquare.ipynb,4f579172534bf0d9dfb5318e89d0f687384ce87b,VU#29
570198864,darrenlei888/The-Interacting-Coulomb-Problem-as-a-Bethe-Ansatz-Problem,Inverse Square/BAforInverseSquare.ipynb,4f579172534bf0d9dfb5318e89d0f687384ce87b,VU#98
570198864,darrenlei888/The-Interacting-Coulomb-Problem-as-a-Bethe-Ansatz-Problem,Inverse Square/BAforInverseSquare.ipynb,4f579172534bf0d9dfb5318e89d0f687384ce87b,VU#2986
570198864,darrenlei888/The-Interacting-Coulomb-Problem-as-a-Bethe-Ansatz-Problem,Inverse Square/BAforInverseSquare.ipynb,4f579172534bf0d9dfb5318e89d0f687384ce87b,VU#336
570198864,darrenlei888/The-Interacting-Coulomb-Problem-as-a-Bethe-Ansatz-Problem,Inverse Square/BAforInverseSquare.ipynb,4f579172534bf0d9dfb5318e89d0f687384ce87b,VU#379
570198864,darrenlei888/The-Interacting-Coulomb-Problem-as-a-Bethe-Ansatz-Problem,Inverse Square/BAforInverseSquare.ipynb,4f579172534bf0d9dfb5318e89d0f687384ce87b,VU#33
570198864,darrenlei888/The-Interacting-Coulomb-Problem-as-a-Bethe-Ansatz-Problem,Inverse Square/BAforInverseSquare.ipynb,4f579172534bf0d9dfb5318e89d0f687384ce87b,VU#319
570198864,darrenlei888/The-Interacting-Coulomb-Problem-as-a-Bethe-Ansatz-Problem,Inverse Square/BAforInverseSquare.ipynb,4f579172534bf0d9dfb5318e89d0f687384ce87b,VU#377
570198864,darrenlei888/The-Interacting-Coulomb-Problem-as-a-Bethe-Ansatz-Problem,Inverse Square/BAforInverseSquare.ipynb,4f579172534bf0d9dfb5318e89d0f687384ce87b,VU#32
570198864,darrenlei888/The-Interacting-Coulomb-Problem-as-a-Bethe-Ansatz-Problem,Inverse Square/BAforInverseSquare.ipynb,4f579172534bf0d9dfb5318e89d0f687384ce87b,VU#99
570198864,darrenlei888/The-Interacting-Coulomb-Problem-as-a-Bethe-Ansatz-Problem,Inverse Square/BAforInverseSquare.ipynb,4f579172534bf0d9dfb5318e89d0f687384ce87b,VU#37
570198864,darrenlei888/The-Interacting-Coulomb-Problem-as-a-Bethe-Ansatz-Problem,Inverse Square/BAforInverseSquare.ipynb,4f579172534bf0d9dfb5318e89d0f687384ce87b,VU#3224
570198864,darrenlei888/The-Interacting-Coulomb-Problem-as-a-Bethe-Ansatz-Problem,Inverse Square/BAforInverseSquare.ipynb,4f579172534bf0d9dfb5318e89d0f687384ce87b,VU#316
570198864,darrenlei888/The-Interacting-Coulomb-Problem-as-a-Bethe-Ansatz-Problem,Inverse Square/BAforInverseSquare.ipynb,4f579172534bf0d9dfb5318e89d0f687384ce87b,VU#38
570198864,darrenlei888/The-Interacting-Coulomb-Problem-as-a-Bethe-Ansatz-Problem,Inverse Square/BAforInverseSquare.ipynb,4f579172534bf0d9dfb5318e89d0f687384ce87b,VU#31
570198864,darrenlei888/The-Interacting-Coulomb-Problem-as-a-Bethe-Ansatz-Problem,Inverse Square/BAforInverseSquare.ipynb,4f579172534bf0d9dfb5318e89d0f687384ce87b,VU#97
570198864,darrenlei888/The-Interacting-Coulomb-Problem-as-a-Bethe-Ansatz-Problem,Inverse Square/BAforInverseSquare.ipynb,4f579172534bf0d9dfb5318e89d0f687384ce87b,VU#971
570198864,darrenlei888/The-Interacting-Coulomb-Problem-as-a-Bethe-Ansatz-Problem,Inverse Square/BAforInverseSquare.ipynb,4f579172534bf0d9dfb5318e89d0f687384ce87b,VU#368
570198864,darrenlei888/The-Interacting-Coulomb-Problem-as-a-Bethe-Ansatz-Problem,Inverse Square/BAforInverseSquare.ipynb,4f579172534bf0d9dfb5318e89d0f687384ce87b,VU#39
570198864,darrenlei888/The-Interacting-Coulomb-Problem-as-a-Bethe-Ansatz-Problem,Inverse Square/BAforInverseSquare.ipynb,4f579172534bf0d9dfb5318e89d0f687384ce87b,VU#969
570198864,darrenlei888/The-Interacting-Coulomb-Problem-as-a-Bethe-Ansatz-Problem,Inverse Square/BAforInverseSquare.ipynb,4f579172534bf0d9dfb5318e89d0f687384ce87b,VU#3651
570198864,darrenlei888/The-Interacting-Coulomb-Problem-as-a-Bethe-Ansatz-Problem,Inverse Square/BAforInverseSquare.ipynb,4f579172534bf0d9dfb5318e89d0f687384ce87b,VU#973
570198864,darrenlei888/The-Interacting-Coulomb-Problem-as-a-Bethe-Ansatz-Problem,Inverse Square/BAforInverseSquare.ipynb,4f579172534bf0d9dfb5318e89d0f687384ce87b,VU#40
570198864,darrenlei888/The-Interacting-Coulomb-Problem-as-a-Bethe-Ansatz-Problem,Inverse Square/BAforInverseSquare.ipynb,4f579172534bf0d9dfb5318e89d0f687384ce87b,VU#995769
570198864,darrenlei888/The-Interacting-Coulomb-Problem-as-a-Bethe-Ansatz-Problem,Inverse Square/BAforInverseSquare.ipynb,4f579172534bf0d9dfb5318e89d0f687384ce87b,VU#307
570198864,darrenlei888/The-Interacting-Coulomb-Problem-as-a-Bethe-Ansatz-Problem,Inverse Square/BAforInverseSquare.ipynb,4f579172534bf0d9dfb5318e89d0f687384ce87b,VU#988
570198864,darrenlei888/The-Interacting-Coulomb-Problem-as-a-Bethe-Ansatz-Problem,Inverse Square/BAforInverseSquare.ipynb,4f579172534bf0d9dfb5318e89d0f687384ce87b,VU#30
570198864,darrenlei888/The-Interacting-Coulomb-Problem-as-a-Bethe-Ansatz-Problem,Inverse Square/BAforInverseSquare.ipynb,4f579172534bf0d9dfb5318e89d0f687384ce87b,VU#41
570198864,darrenlei888/The-Interacting-Coulomb-Problem-as-a-Bethe-Ansatz-Problem,Inverse Square/BAforInverseSquare.ipynb,4f579172534bf0d9dfb5318e89d0f687384ce87b,VU#36
570198864,darrenlei888/The-Interacting-Coulomb-Problem-as-a-Bethe-Ansatz-Problem,Inverse Square/BAforInverseSquare.ipynb,4f579172534bf0d9dfb5318e89d0f687384ce87b,VU#802
570198864,darrenlei888/The-Interacting-Coulomb-Problem-as-a-Bethe-Ansatz-Problem,Inverse Square/BAforInverseSquare.ipynb,4f579172534bf0d9dfb5318e89d0f687384ce87b,VU#444
570198864,darrenlei888/The-Interacting-Coulomb-Problem-as-a-Bethe-Ansatz-Problem,Inverse Square/BAforInverseSquare.ipynb,4f579172534bf0d9dfb5318e89d0f687384ce87b,VU#69
570198864,darrenlei888/The-Interacting-Coulomb-Problem-as-a-Bethe-Ansatz-Problem,Inverse Square/BAforInverseSquare.ipynb,4f579172534bf0d9dfb5318e89d0f687384ce87b,VU#86
570198864,darrenlei888/The-Interacting-Coulomb-Problem-as-a-Bethe-Ansatz-Problem,Inverse Square/BAforInverseSquare.ipynb,4f579172534bf0d9dfb5318e89d0f687384ce87b,VU#68
570198864,darrenlei888/The-Interacting-Coulomb-Problem-as-a-Bethe-Ansatz-Problem,Inverse Square/BAforInverseSquare.ipynb,4f579172534bf0d9dfb5318e89d0f687384ce87b,VU#86655
570198864,darrenlei888/The-Interacting-Coulomb-Problem-as-a-Bethe-Ansatz-Problem,Inverse Square/BAforInverseSquare.ipynb,4f579172534bf0d9dfb5318e89d0f687384ce87b,VU#679
570198864,darrenlei888/The-Interacting-Coulomb-Problem-as-a-Bethe-Ansatz-Problem,Inverse Square/BAforInverseSquare.ipynb,4f579172534bf0d9dfb5318e89d0f687384ce87b,VU#673
570198864,darrenlei888/The-Interacting-Coulomb-Problem-as-a-Bethe-Ansatz-Problem,Inverse Square/BAforInverseSquare.ipynb,4f579172534bf0d9dfb5318e89d0f687384ce87b,VU#67
570198864,darrenlei888/The-Interacting-Coulomb-Problem-as-a-Bethe-Ansatz-Problem,Inverse Square/BAforInverseSquare.ipynb,4f579172534bf0d9dfb5318e89d0f687384ce87b,VU#6667
570198864,darrenlei888/The-Interacting-Coulomb-Problem-as-a-Bethe-Ansatz-Problem,Inverse Square/BAforInverseSquare.ipynb,4f579172534bf0d9dfb5318e89d0f687384ce87b,VU#666
570198864,darrenlei888/The-Interacting-Coulomb-Problem-as-a-Bethe-Ansatz-Problem,Inverse Square/BAforInverseSquare.ipynb,4f579172534bf0d9dfb5318e89d0f687384ce87b,VU#696
570198864,darrenlei888/The-Interacting-Coulomb-Problem-as-a-Bethe-Ansatz-Problem,Inverse Square/BAforInverseSquare.ipynb,4f579172534bf0d9dfb5318e89d0f687384ce87b,VU#664
570198864,darrenlei888/The-Interacting-Coulomb-Problem-as-a-Bethe-Ansatz-Problem,Inverse Square/BAforInverseSquare.ipynb,4f579172534bf0d9dfb5318e89d0f687384ce87b,VU#6623
570198864,darrenlei888/The-Interacting-Coulomb-Problem-as-a-Bethe-Ansatz-Problem,Inverse Square/BAforInverseSquare.ipynb,4f579172534bf0d9dfb5318e89d0f687384ce87b,VU#661
570198864,darrenlei888/The-Interacting-Coulomb-Problem-as-a-Bethe-Ansatz-Problem,Inverse Square/BAforInverseSquare.ipynb,4f579172534bf0d9dfb5318e89d0f687384ce87b,VU#660
570198864,darrenlei888/The-Interacting-Coulomb-Problem-as-a-Bethe-Ansatz-Problem,Inverse Square/BAforInverseSquare.ipynb,4f579172534bf0d9dfb5318e89d0f687384ce87b,VU#66
570198864,darrenlei888/The-Interacting-Coulomb-Problem-as-a-Bethe-Ansatz-Problem,Inverse Square/BAforInverseSquare.ipynb,4f579172534bf0d9dfb5318e89d0f687384ce87b,VU#872
570198864,darrenlei888/The-Interacting-Coulomb-Problem-as-a-Bethe-Ansatz-Problem,Inverse Square/BAforInverseSquare.ipynb,4f579172534bf0d9dfb5318e89d0f687384ce87b,VU#65133
570198864,darrenlei888/The-Interacting-Coulomb-Problem-as-a-Bethe-Ansatz-Problem,Inverse Square/BAforInverseSquare.ipynb,4f579172534bf0d9dfb5318e89d0f687384ce87b,VU#65
570198864,darrenlei888/The-Interacting-Coulomb-Problem-as-a-Bethe-Ansatz-Problem,Inverse Square/BAforInverseSquare.ipynb,4f579172534bf0d9dfb5318e89d0f687384ce87b,VU#643
570198864,darrenlei888/The-Interacting-Coulomb-Problem-as-a-Bethe-Ansatz-Problem,Inverse Square/BAforInverseSquare.ipynb,4f579172534bf0d9dfb5318e89d0f687384ce87b,VU#64
570198864,darrenlei888/The-Interacting-Coulomb-Problem-as-a-Bethe-Ansatz-Problem,Inverse Square/BAforInverseSquare.ipynb,4f579172534bf0d9dfb5318e89d0f687384ce87b,VU#663
570198864,darrenlei888/The-Interacting-Coulomb-Problem-as-a-Bethe-Ansatz-Problem,Inverse Square/BAforInverseSquare.ipynb,4f579172534bf0d9dfb5318e89d0f687384ce87b,VU#853
570198864,darrenlei888/The-Interacting-Coulomb-Problem-as-a-Bethe-Ansatz-Problem,Inverse Square/BAforInverseSquare.ipynb,4f579172534bf0d9dfb5318e89d0f687384ce87b,VU#71
570198864,darrenlei888/The-Interacting-Coulomb-Problem-as-a-Bethe-Ansatz-Problem,Inverse Square/BAforInverseSquare.ipynb,4f579172534bf0d9dfb5318e89d0f687384ce87b,VU#85
570198864,darrenlei888/The-Interacting-Coulomb-Problem-as-a-Bethe-Ansatz-Problem,Inverse Square/BAforInverseSquare.ipynb,4f579172534bf0d9dfb5318e89d0f687384ce87b,VU#80
570198864,darrenlei888/The-Interacting-Coulomb-Problem-as-a-Bethe-Ansatz-Problem,Inverse Square/BAforInverseSquare.ipynb,4f579172534bf0d9dfb5318e89d0f687384ce87b,VU#79
570198864,darrenlei888/The-Interacting-Coulomb-Problem-as-a-Bethe-Ansatz-Problem,Inverse Square/BAforInverseSquare.ipynb,4f579172534bf0d9dfb5318e89d0f687384ce87b,VU#787
570198864,darrenlei888/The-Interacting-Coulomb-Problem-as-a-Bethe-Ansatz-Problem,Inverse Square/BAforInverseSquare.ipynb,4f579172534bf0d9dfb5318e89d0f687384ce87b,VU#781
570198864,darrenlei888/The-Interacting-Coulomb-Problem-as-a-Bethe-Ansatz-Problem,Inverse Square/BAforInverseSquare.ipynb,4f579172534bf0d9dfb5318e89d0f687384ce87b,VU#78
570198864,darrenlei888/The-Interacting-Coulomb-Problem-as-a-Bethe-Ansatz-Problem,Inverse Square/BAforInverseSquare.ipynb,4f579172534bf0d9dfb5318e89d0f687384ce87b,VU#81
570198864,darrenlei888/The-Interacting-Coulomb-Problem-as-a-Bethe-Ansatz-Problem,Inverse Square/BAforInverseSquare.ipynb,4f579172534bf0d9dfb5318e89d0f687384ce87b,VU#7775
570198864,darrenlei888/The-Interacting-Coulomb-Problem-as-a-Bethe-Ansatz-Problem,Inverse Square/BAforInverseSquare.ipynb,4f579172534bf0d9dfb5318e89d0f687384ce87b,VU#77
570198864,darrenlei888/The-Interacting-Coulomb-Problem-as-a-Bethe-Ansatz-Problem,Inverse Square/BAforInverseSquare.ipynb,4f579172534bf0d9dfb5318e89d0f687384ce87b,VU#82
570198864,darrenlei888/The-Interacting-Coulomb-Problem-as-a-Bethe-Ansatz-Problem,Inverse Square/BAforInverseSquare.ipynb,4f579172534bf0d9dfb5318e89d0f687384ce87b,VU#76
570198864,darrenlei888/The-Interacting-Coulomb-Problem-as-a-Bethe-Ansatz-Problem,Inverse Square/BAforInverseSquare.ipynb,4f579172534bf0d9dfb5318e89d0f687384ce87b,VU#759
570198864,darrenlei888/The-Interacting-Coulomb-Problem-as-a-Bethe-Ansatz-Problem,Inverse Square/BAforInverseSquare.ipynb,4f579172534bf0d9dfb5318e89d0f687384ce87b,VU#83
570198864,darrenlei888/The-Interacting-Coulomb-Problem-as-a-Bethe-Ansatz-Problem,Inverse Square/BAforInverseSquare.ipynb,4f579172534bf0d9dfb5318e89d0f687384ce87b,VU#75
570198864,darrenlei888/The-Interacting-Coulomb-Problem-as-a-Bethe-Ansatz-Problem,Inverse Square/BAforInverseSquare.ipynb,4f579172534bf0d9dfb5318e89d0f687384ce87b,VU#749
570198864,darrenlei888/The-Interacting-Coulomb-Problem-as-a-Bethe-Ansatz-Problem,Inverse Square/BAforInverseSquare.ipynb,4f579172534bf0d9dfb5318e89d0f687384ce87b,VU#74
570198864,darrenlei888/The-Interacting-Coulomb-Problem-as-a-Bethe-Ansatz-Problem,Inverse Square/BAforInverseSquare.ipynb,4f579172534bf0d9dfb5318e89d0f687384ce87b,VU#846
570198864,darrenlei888/The-Interacting-Coulomb-Problem-as-a-Bethe-Ansatz-Problem,Inverse Square/BAforInverseSquare.ipynb,4f579172534bf0d9dfb5318e89d0f687384ce87b,VU#849
570198864,darrenlei888/The-Interacting-Coulomb-Problem-as-a-Bethe-Ansatz-Problem,Inverse Square/BAforInverseSquare.ipynb,4f579172534bf0d9dfb5318e89d0f687384ce87b,VU#736
570198864,darrenlei888/The-Interacting-Coulomb-Problem-as-a-Bethe-Ansatz-Problem,Inverse Square/BAforInverseSquare.ipynb,4f579172534bf0d9dfb5318e89d0f687384ce87b,VU#732
570198864,darrenlei888/The-Interacting-Coulomb-Problem-as-a-Bethe-Ansatz-Problem,Inverse Square/BAforInverseSquare.ipynb,4f579172534bf0d9dfb5318e89d0f687384ce87b,VU#73
570198864,darrenlei888/The-Interacting-Coulomb-Problem-as-a-Bethe-Ansatz-Problem,Inverse Square/BAforInverseSquare.ipynb,4f579172534bf0d9dfb5318e89d0f687384ce87b,VU#72
570198864,darrenlei888/The-Interacting-Coulomb-Problem-as-a-Bethe-Ansatz-Problem,Inverse Square/BAforInverseSquare.ipynb,4f579172534bf0d9dfb5318e89d0f687384ce87b,VU#88
570198864,darrenlei888/The-Interacting-Coulomb-Problem-as-a-Bethe-Ansatz-Problem,Inverse Square/BAforInverseSquare.ipynb,4f579172534bf0d9dfb5318e89d0f687384ce87b,VU#88023
570198864,darrenlei888/The-Interacting-Coulomb-Problem-as-a-Bethe-Ansatz-Problem,Inverse Square/BAforInverseSquare.ipynb,4f579172534bf0d9dfb5318e89d0f687384ce87b,VU#63
570198864,darrenlei888/The-Interacting-Coulomb-Problem-as-a-Bethe-Ansatz-Problem,Inverse Square/BAforInverseSquare.ipynb,4f579172534bf0d9dfb5318e89d0f687384ce87b,VU#8847
570198864,darrenlei888/The-Interacting-Coulomb-Problem-as-a-Bethe-Ansatz-Problem,Inverse Square/BAforInverseSquare.ipynb,4f579172534bf0d9dfb5318e89d0f687384ce87b,VU#549
570198864,darrenlei888/The-Interacting-Coulomb-Problem-as-a-Bethe-Ansatz-Problem,Inverse Square/BAforInverseSquare.ipynb,4f579172534bf0d9dfb5318e89d0f687384ce87b,VU#54
570198864,darrenlei888/The-Interacting-Coulomb-Problem-as-a-Bethe-Ansatz-Problem,Inverse Square/BAforInverseSquare.ipynb,4f579172534bf0d9dfb5318e89d0f687384ce87b,VU#53
570198864,darrenlei888/The-Interacting-Coulomb-Problem-as-a-Bethe-Ansatz-Problem,Inverse Square/BAforInverseSquare.ipynb,4f579172534bf0d9dfb5318e89d0f687384ce87b,VU#93
570198864,darrenlei888/The-Interacting-Coulomb-Problem-as-a-Bethe-Ansatz-Problem,Inverse Square/BAforInverseSquare.ipynb,4f579172534bf0d9dfb5318e89d0f687384ce87b,VU#937
570198864,darrenlei888/The-Interacting-Coulomb-Problem-as-a-Bethe-Ansatz-Problem,Inverse Square/BAforInverseSquare.ipynb,4f579172534bf0d9dfb5318e89d0f687384ce87b,VU#939
570198864,darrenlei888/The-Interacting-Coulomb-Problem-as-a-Bethe-Ansatz-Problem,Inverse Square/BAforInverseSquare.ipynb,4f579172534bf0d9dfb5318e89d0f687384ce87b,VU#52
570198864,darrenlei888/The-Interacting-Coulomb-Problem-as-a-Bethe-Ansatz-Problem,Inverse Square/BAforInverseSquare.ipynb,4f579172534bf0d9dfb5318e89d0f687384ce87b,VU#51
570198864,darrenlei888/The-Interacting-Coulomb-Problem-as-a-Bethe-Ansatz-Problem,Inverse Square/BAforInverseSquare.ipynb,4f579172534bf0d9dfb5318e89d0f687384ce87b,VU#50
570198864,darrenlei888/The-Interacting-Coulomb-Problem-as-a-Bethe-Ansatz-Problem,Inverse Square/BAforInverseSquare.ipynb,4f579172534bf0d9dfb5318e89d0f687384ce87b,VU#94
570198864,darrenlei888/The-Interacting-Coulomb-Problem-as-a-Bethe-Ansatz-Problem,Inverse Square/BAforInverseSquare.ipynb,4f579172534bf0d9dfb5318e89d0f687384ce87b,VU#499
570198864,darrenlei888/The-Interacting-Coulomb-Problem-as-a-Bethe-Ansatz-Problem,Inverse Square/BAforInverseSquare.ipynb,4f579172534bf0d9dfb5318e89d0f687384ce87b,VU#999
570198864,darrenlei888/The-Interacting-Coulomb-Problem-as-a-Bethe-Ansatz-Problem,Inverse Square/BAforInverseSquare.ipynb,4f579172534bf0d9dfb5318e89d0f687384ce87b,VU#49
570198864,darrenlei888/The-Interacting-Coulomb-Problem-as-a-Bethe-Ansatz-Problem,Inverse Square/BAforInverseSquare.ipynb,4f579172534bf0d9dfb5318e89d0f687384ce87b,VU#48
570198864,darrenlei888/The-Interacting-Coulomb-Problem-as-a-Bethe-Ansatz-Problem,Inverse Square/BAforInverseSquare.ipynb,4f579172534bf0d9dfb5318e89d0f687384ce87b,VU#47
570198864,darrenlei888/The-Interacting-Coulomb-Problem-as-a-Bethe-Ansatz-Problem,Inverse Square/BAforInverseSquare.ipynb,4f579172534bf0d9dfb5318e89d0f687384ce87b,VU#466
570198864,darrenlei888/The-Interacting-Coulomb-Problem-as-a-Bethe-Ansatz-Problem,Inverse Square/BAforInverseSquare.ipynb,4f579172534bf0d9dfb5318e89d0f687384ce87b,VU#464
570198864,darrenlei888/The-Interacting-Coulomb-Problem-as-a-Bethe-Ansatz-Problem,Inverse Square/BAforInverseSquare.ipynb,4f579172534bf0d9dfb5318e89d0f687384ce87b,VU#46
570198864,darrenlei888/The-Interacting-Coulomb-Problem-as-a-Bethe-Ansatz-Problem,Inverse Square/BAforInverseSquare.ipynb,4f579172534bf0d9dfb5318e89d0f687384ce87b,VU#95
570198864,darrenlei888/The-Interacting-Coulomb-Problem-as-a-Bethe-Ansatz-Problem,Inverse Square/BAforInverseSquare.ipynb,4f579172534bf0d9dfb5318e89d0f687384ce87b,VU#459
570198864,darrenlei888/The-Interacting-Coulomb-Problem-as-a-Bethe-Ansatz-Problem,Inverse Square/BAforInverseSquare.ipynb,4f579172534bf0d9dfb5318e89d0f687384ce87b,VU#457
570198864,darrenlei888/The-Interacting-Coulomb-Problem-as-a-Bethe-Ansatz-Problem,Inverse Square/BAforInverseSquare.ipynb,4f579172534bf0d9dfb5318e89d0f687384ce87b,VU#923
570198864,darrenlei888/The-Interacting-Coulomb-Problem-as-a-Bethe-Ansatz-Problem,Inverse Square/BAforInverseSquare.ipynb,4f579172534bf0d9dfb5318e89d0f687384ce87b,VU#44
570198864,darrenlei888/The-Interacting-Coulomb-Problem-as-a-Bethe-Ansatz-Problem,Inverse Square/BAforInverseSquare.ipynb,4f579172534bf0d9dfb5318e89d0f687384ce87b,VU#55
570198864,darrenlei888/The-Interacting-Coulomb-Problem-as-a-Bethe-Ansatz-Problem,Inverse Square/BAforInverseSquare.ipynb,4f579172534bf0d9dfb5318e89d0f687384ce87b,VU#5557
570198864,darrenlei888/The-Interacting-Coulomb-Problem-as-a-Bethe-Ansatz-Problem,Inverse Square/BAforInverseSquare.ipynb,4f579172534bf0d9dfb5318e89d0f687384ce87b,VU#627
570198864,darrenlei888/The-Interacting-Coulomb-Problem-as-a-Bethe-Ansatz-Problem,Inverse Square/BAforInverseSquare.ipynb,4f579172534bf0d9dfb5318e89d0f687384ce87b,VU#626
570198864,darrenlei888/The-Interacting-Coulomb-Problem-as-a-Bethe-Ansatz-Problem,Inverse Square/BAforInverseSquare.ipynb,4f579172534bf0d9dfb5318e89d0f687384ce87b,VU#62
570198864,darrenlei888/The-Interacting-Coulomb-Problem-as-a-Bethe-Ansatz-Problem,Inverse Square/BAforInverseSquare.ipynb,4f579172534bf0d9dfb5318e89d0f687384ce87b,VU#61
570198864,darrenlei888/The-Interacting-Coulomb-Problem-as-a-Bethe-Ansatz-Problem,Inverse Square/BAforInverseSquare.ipynb,4f579172534bf0d9dfb5318e89d0f687384ce87b,VU#607
570198864,darrenlei888/The-Interacting-Coulomb-Problem-as-a-Bethe-Ansatz-Problem,Inverse Square/BAforInverseSquare.ipynb,4f579172534bf0d9dfb5318e89d0f687384ce87b,VU#604
570198864,darrenlei888/The-Interacting-Coulomb-Problem-as-a-Bethe-Ansatz-Problem,Inverse Square/BAforInverseSquare.ipynb,4f579172534bf0d9dfb5318e89d0f687384ce87b,VU#60
570198864,darrenlei888/The-Interacting-Coulomb-Problem-as-a-Bethe-Ansatz-Problem,Inverse Square/BAforInverseSquare.ipynb,4f579172534bf0d9dfb5318e89d0f687384ce87b,VU#598
570198864,darrenlei888/The-Interacting-Coulomb-Problem-as-a-Bethe-Ansatz-Problem,Inverse Square/BAforInverseSquare.ipynb,4f579172534bf0d9dfb5318e89d0f687384ce87b,VU#89
570198864,darrenlei888/The-Interacting-Coulomb-Problem-as-a-Bethe-Ansatz-Problem,Inverse Square/BAforInverseSquare.ipynb,4f579172534bf0d9dfb5318e89d0f687384ce87b,VU#595
570198864,darrenlei888/The-Interacting-Coulomb-Problem-as-a-Bethe-Ansatz-Problem,Inverse Square/BAforInverseSquare.ipynb,4f579172534bf0d9dfb5318e89d0f687384ce87b,VU#893
570198864,darrenlei888/The-Interacting-Coulomb-Problem-as-a-Bethe-Ansatz-Problem,Inverse Square/BAforInverseSquare.ipynb,4f579172534bf0d9dfb5318e89d0f687384ce87b,VU#59
570198864,darrenlei888/The-Interacting-Coulomb-Problem-as-a-Bethe-Ansatz-Problem,Inverse Square/BAforInverseSquare.ipynb,4f579172534bf0d9dfb5318e89d0f687384ce87b,VU#89957
570198864,darrenlei888/The-Interacting-Coulomb-Problem-as-a-Bethe-Ansatz-Problem,Inverse Square/BAforInverseSquare.ipynb,4f579172534bf0d9dfb5318e89d0f687384ce87b,VU#90
570198864,darrenlei888/The-Interacting-Coulomb-Problem-as-a-Bethe-Ansatz-Problem,Inverse Square/BAforInverseSquare.ipynb,4f579172534bf0d9dfb5318e89d0f687384ce87b,VU#57
570198864,darrenlei888/The-Interacting-Coulomb-Problem-as-a-Bethe-Ansatz-Problem,Inverse Square/BAforInverseSquare.ipynb,4f579172534bf0d9dfb5318e89d0f687384ce87b,VU#56667
570198864,darrenlei888/The-Interacting-Coulomb-Problem-as-a-Bethe-Ansatz-Problem,Inverse Square/BAforInverseSquare.ipynb,4f579172534bf0d9dfb5318e89d0f687384ce87b,VU#566
570198864,darrenlei888/The-Interacting-Coulomb-Problem-as-a-Bethe-Ansatz-Problem,Inverse Square/BAforInverseSquare.ipynb,4f579172534bf0d9dfb5318e89d0f687384ce87b,VU#91
570198864,darrenlei888/The-Interacting-Coulomb-Problem-as-a-Bethe-Ansatz-Problem,Inverse Square/BAforInverseSquare.ipynb,4f579172534bf0d9dfb5318e89d0f687384ce87b,VU#56
570198864,darrenlei888/The-Interacting-Coulomb-Problem-as-a-Bethe-Ansatz-Problem,Inverse Square/BAforInverseSquare.ipynb,4f579172534bf0d9dfb5318e89d0f687384ce87b,VU#915
570198864,darrenlei888/The-Interacting-Coulomb-Problem-as-a-Bethe-Ansatz-Problem,Inverse Square/BAforInverseSquare.ipynb,4f579172534bf0d9dfb5318e89d0f687384ce87b,VU#92
570198864,darrenlei888/The-Interacting-Coulomb-Problem-as-a-Bethe-Ansatz-Problem,Inverse Square/BAforInverseSquare.ipynb,4f579172534bf0d9dfb5318e89d0f687384ce87b,VU#5513
570198864,darrenlei888/The-Interacting-Coulomb-Problem-as-a-Bethe-Ansatz-Problem,Inverse Square/BAforInverseSquare.ipynb,4f579172534bf0d9dfb5318e89d0f687384ce87b,VU#2889
570198864,darrenlei888/The-Interacting-Coulomb-Problem-as-a-Bethe-Ansatz-Problem,Inverse Square/BAforInverseSquare.ipynb,4f579172534bf0d9dfb5318e89d0f687384ce87b,VU#4917967
570198864,darrenlei888/The-Interacting-Coulomb-Problem-as-a-Bethe-Ansatz-Problem,Inverse Square/BAforInverseSquare.ipynb,4f579172534bf0d9dfb5318e89d0f687384ce87b,VU#288
570198864,darrenlei888/The-Interacting-Coulomb-Problem-as-a-Bethe-Ansatz-Problem,Inverse Square/BAforInverseSquare.ipynb,4f579172534bf0d9dfb5318e89d0f687384ce87b,VU#17
570198864,darrenlei888/The-Interacting-Coulomb-Problem-as-a-Bethe-Ansatz-Problem,Inverse Square/BAforInverseSquare.ipynb,4f579172534bf0d9dfb5318e89d0f687384ce87b,VU#172
570198864,darrenlei888/The-Interacting-Coulomb-Problem-as-a-Bethe-Ansatz-Problem,Inverse Square/BAforInverseSquare.ipynb,4f579172534bf0d9dfb5318e89d0f687384ce87b,VU#1759
570198864,darrenlei888/The-Interacting-Coulomb-Problem-as-a-Bethe-Ansatz-Problem,Inverse Square/BAforInverseSquare.ipynb,4f579172534bf0d9dfb5318e89d0f687384ce87b,VU#18
570198864,darrenlei888/The-Interacting-Coulomb-Problem-as-a-Bethe-Ansatz-Problem,Inverse Square/BAforInverseSquare.ipynb,4f579172534bf0d9dfb5318e89d0f687384ce87b,VU#182
570198864,darrenlei888/The-Interacting-Coulomb-Problem-as-a-Bethe-Ansatz-Problem,Inverse Square/BAforInverseSquare.ipynb,4f579172534bf0d9dfb5318e89d0f687384ce87b,VU#19
570198864,darrenlei888/The-Interacting-Coulomb-Problem-as-a-Bethe-Ansatz-Problem,Inverse Square/BAforInverseSquare.ipynb,4f579172534bf0d9dfb5318e89d0f687384ce87b,VU#196
570198864,darrenlei888/The-Interacting-Coulomb-Problem-as-a-Bethe-Ansatz-Problem,Inverse Square/BAforInverseSquare.ipynb,4f579172534bf0d9dfb5318e89d0f687384ce87b,VU#20
570198864,darrenlei888/The-Interacting-Coulomb-Problem-as-a-Bethe-Ansatz-Problem,Inverse Square/BAforInverseSquare.ipynb,4f579172534bf0d9dfb5318e89d0f687384ce87b,VU#21
570198864,darrenlei888/The-Interacting-Coulomb-Problem-as-a-Bethe-Ansatz-Problem,Inverse Square/BAforInverseSquare.ipynb,4f579172534bf0d9dfb5318e89d0f687384ce87b,VU#22
570198864,darrenlei888/The-Interacting-Coulomb-Problem-as-a-Bethe-Ansatz-Problem,Inverse Square/BAforInverseSquare.ipynb,4f579172534bf0d9dfb5318e89d0f687384ce87b,VU#163
570198864,darrenlei888/The-Interacting-Coulomb-Problem-as-a-Bethe-Ansatz-Problem,Inverse Square/BAforInverseSquare.ipynb,4f579172534bf0d9dfb5318e89d0f687384ce87b,VU#221
570198864,darrenlei888/The-Interacting-Coulomb-Problem-as-a-Bethe-Ansatz-Problem,Inverse Square/BAforInverseSquare.ipynb,4f579172534bf0d9dfb5318e89d0f687384ce87b,VU#2225
570198864,darrenlei888/The-Interacting-Coulomb-Problem-as-a-Bethe-Ansatz-Problem,Inverse Square/BAforInverseSquare.ipynb,4f579172534bf0d9dfb5318e89d0f687384ce87b,VU#2227
570198864,darrenlei888/The-Interacting-Coulomb-Problem-as-a-Bethe-Ansatz-Problem,Inverse Square/BAforInverseSquare.ipynb,4f579172534bf0d9dfb5318e89d0f687384ce87b,VU#2267
570198864,darrenlei888/The-Interacting-Coulomb-Problem-as-a-Bethe-Ansatz-Problem,Inverse Square/BAforInverseSquare.ipynb,4f579172534bf0d9dfb5318e89d0f687384ce87b,VU#228
570198864,darrenlei888/The-Interacting-Coulomb-Problem-as-a-Bethe-Ansatz-Problem,Inverse Square/BAforInverseSquare.ipynb,4f579172534bf0d9dfb5318e89d0f687384ce87b,VU#23
570198864,darrenlei888/The-Interacting-Coulomb-Problem-as-a-Bethe-Ansatz-Problem,Inverse Square/BAforInverseSquare.ipynb,4f579172534bf0d9dfb5318e89d0f687384ce87b,VU#237
570198864,darrenlei888/The-Interacting-Coulomb-Problem-as-a-Bethe-Ansatz-Problem,Inverse Square/BAforInverseSquare.ipynb,4f579172534bf0d9dfb5318e89d0f687384ce87b,VU#24
570198864,darrenlei888/The-Interacting-Coulomb-Problem-as-a-Bethe-Ansatz-Problem,Inverse Square/BAforInverseSquare.ipynb,4f579172534bf0d9dfb5318e89d0f687384ce87b,VU#249
570198864,darrenlei888/The-Interacting-Coulomb-Problem-as-a-Bethe-Ansatz-Problem,Inverse Square/BAforInverseSquare.ipynb,4f579172534bf0d9dfb5318e89d0f687384ce87b,VU#25
570198864,darrenlei888/The-Interacting-Coulomb-Problem-as-a-Bethe-Ansatz-Problem,Inverse Square/BAforInverseSquare.ipynb,4f579172534bf0d9dfb5318e89d0f687384ce87b,VU#26
570198864,darrenlei888/The-Interacting-Coulomb-Problem-as-a-Bethe-Ansatz-Problem,Inverse Square/BAforInverseSquare.ipynb,4f579172534bf0d9dfb5318e89d0f687384ce87b,VU#222
570198864,darrenlei888/The-Interacting-Coulomb-Problem-as-a-Bethe-Ansatz-Problem,Inverse Square/BAforInverseSquare.ipynb,4f579172534bf0d9dfb5318e89d0f687384ce87b,VU#2644
570198864,darrenlei888/The-Interacting-Coulomb-Problem-as-a-Bethe-Ansatz-Problem,Inverse Square/BAforInverseSquare.ipynb,4f579172534bf0d9dfb5318e89d0f687384ce87b,VU#16
570198864,darrenlei888/The-Interacting-Coulomb-Problem-as-a-Bethe-Ansatz-Problem,Inverse Square/BAforInverseSquare.ipynb,4f579172534bf0d9dfb5318e89d0f687384ce87b,VU#15
570198864,darrenlei888/The-Interacting-Coulomb-Problem-as-a-Bethe-Ansatz-Problem,Inverse Square/BAforInverseSquare.ipynb,4f579172534bf0d9dfb5318e89d0f687384ce87b,VU#00
570198864,darrenlei888/The-Interacting-Coulomb-Problem-as-a-Bethe-Ansatz-Problem,Inverse Square/BAforInverseSquare.ipynb,4f579172534bf0d9dfb5318e89d0f687384ce87b,VU#0033
570198864,darrenlei888/The-Interacting-Coulomb-Problem-as-a-Bethe-Ansatz-Problem,Inverse Square/BAforInverseSquare.ipynb,4f579172534bf0d9dfb5318e89d0f687384ce87b,VU#01
570198864,darrenlei888/The-Interacting-Coulomb-Problem-as-a-Bethe-Ansatz-Problem,Inverse Square/BAforInverseSquare.ipynb,4f579172534bf0d9dfb5318e89d0f687384ce87b,VU#02
570198864,darrenlei888/The-Interacting-Coulomb-Problem-as-a-Bethe-Ansatz-Problem,Inverse Square/BAforInverseSquare.ipynb,4f579172534bf0d9dfb5318e89d0f687384ce87b,VU#03
570198864,darrenlei888/The-Interacting-Coulomb-Problem-as-a-Bethe-Ansatz-Problem,Inverse Square/BAforInverseSquare.ipynb,4f579172534bf0d9dfb5318e89d0f687384ce87b,VU#04
570198864,darrenlei888/The-Interacting-Coulomb-Problem-as-a-Bethe-Ansatz-Problem,Inverse Square/BAforInverseSquare.ipynb,4f579172534bf0d9dfb5318e89d0f687384ce87b,VU#045
570198864,darrenlei888/The-Interacting-Coulomb-Problem-as-a-Bethe-Ansatz-Problem,Inverse Square/BAforInverseSquare.ipynb,4f579172534bf0d9dfb5318e89d0f687384ce87b,VU#049
570198864,darrenlei888/The-Interacting-Coulomb-Problem-as-a-Bethe-Ansatz-Problem,Inverse Square/BAforInverseSquare.ipynb,4f579172534bf0d9dfb5318e89d0f687384ce87b,VU#05
570198864,darrenlei888/The-Interacting-Coulomb-Problem-as-a-Bethe-Ansatz-Problem,Inverse Square/BAforInverseSquare.ipynb,4f579172534bf0d9dfb5318e89d0f687384ce87b,VU#06
570198864,darrenlei888/The-Interacting-Coulomb-Problem-as-a-Bethe-Ansatz-Problem,Inverse Square/BAforInverseSquare.ipynb,4f579172534bf0d9dfb5318e89d0f687384ce87b,VU#158
570198864,darrenlei888/The-Interacting-Coulomb-Problem-as-a-Bethe-Ansatz-Problem,Inverse Square/BAforInverseSquare.ipynb,4f579172534bf0d9dfb5318e89d0f687384ce87b,VU#07
570198864,darrenlei888/The-Interacting-Coulomb-Problem-as-a-Bethe-Ansatz-Problem,Inverse Square/BAforInverseSquare.ipynb,4f579172534bf0d9dfb5318e89d0f687384ce87b,VU#08
570198864,darrenlei888/The-Interacting-Coulomb-Problem-as-a-Bethe-Ansatz-Problem,Inverse Square/BAforInverseSquare.ipynb,4f579172534bf0d9dfb5318e89d0f687384ce87b,VU#084
570198864,darrenlei888/The-Interacting-Coulomb-Problem-as-a-Bethe-Ansatz-Problem,Inverse Square/BAforInverseSquare.ipynb,4f579172534bf0d9dfb5318e89d0f687384ce87b,VU#089
570198864,darrenlei888/The-Interacting-Coulomb-Problem-as-a-Bethe-Ansatz-Problem,Inverse Square/BAforInverseSquare.ipynb,4f579172534bf0d9dfb5318e89d0f687384ce87b,VU#09
570198864,darrenlei888/The-Interacting-Coulomb-Problem-as-a-Bethe-Ansatz-Problem,Inverse Square/BAforInverseSquare.ipynb,4f579172534bf0d9dfb5318e89d0f687384ce87b,VU#10
570198864,darrenlei888/The-Interacting-Coulomb-Problem-as-a-Bethe-Ansatz-Problem,Inverse Square/BAforInverseSquare.ipynb,4f579172534bf0d9dfb5318e89d0f687384ce87b,VU#11
570198864,darrenlei888/The-Interacting-Coulomb-Problem-as-a-Bethe-Ansatz-Problem,Inverse Square/BAforInverseSquare.ipynb,4f579172534bf0d9dfb5318e89d0f687384ce87b,VU#1144
570198864,darrenlei888/The-Interacting-Coulomb-Problem-as-a-Bethe-Ansatz-Problem,Inverse Square/BAforInverseSquare.ipynb,4f579172534bf0d9dfb5318e89d0f687384ce87b,VU#12
570198864,darrenlei888/The-Interacting-Coulomb-Problem-as-a-Bethe-Ansatz-Problem,Inverse Square/BAforInverseSquare.ipynb,4f579172534bf0d9dfb5318e89d0f687384ce87b,VU#13
570198864,darrenlei888/The-Interacting-Coulomb-Problem-as-a-Bethe-Ansatz-Problem,Inverse Square/BAforInverseSquare.ipynb,4f579172534bf0d9dfb5318e89d0f687384ce87b,VU#14
570198864,darrenlei888/The-Interacting-Coulomb-Problem-as-a-Bethe-Ansatz-Problem,Inverse Square/BAforInverseSquare.ipynb,4f579172534bf0d9dfb5318e89d0f687384ce87b,VU#070
570198864,darrenlei888/The-Interacting-Coulomb-Problem-as-a-Bethe-Ansatz-Problem,Inverse Square/BAforInverseSquare.ipynb,4f579172534bf0d9dfb5318e89d0f687384ce87b,VU#27
570198864,darrenlei888/The-Interacting-Coulomb-Problem-as-a-Bethe-Ansatz-Problem,Inverse Square/BAforInverseSquare.ipynb,4f579172534bf0d9dfb5318e89d0f687384ce87b,VU#9996
570198864,darrenlei888/The-Interacting-Coulomb-Problem-as-a-Bethe-Ansatz-Problem,Inverse Square/BAforInverseSquare.ipynb,4f579172534bf0d9dfb5318e89d0f687384ce87b,VU#280
570198864,darrenlei888/The-Interacting-Coulomb-Problem-as-a-Bethe-Ansatz-Problem,Inverse Square/BAforInverseSquare.ipynb,4f579172534bf0d9dfb5318e89d0f687384ce87b,VU#28
570198864,darrenlei888/The-Interacting-Coulomb-Problem-as-a-Bethe-Ansatz-Problem,arctan/generalised arctan.ipynb,6c44925f4ccb30963bcd1244135d782d4f6e41bb,VU#14
570198864,darrenlei888/The-Interacting-Coulomb-Problem-as-a-Bethe-Ansatz-Problem,arctan/generalised arctan.ipynb,6c44925f4ccb30963bcd1244135d782d4f6e41bb,VU#04
570198864,darrenlei888/The-Interacting-Coulomb-Problem-as-a-Bethe-Ansatz-Problem,arctan/generalised arctan.ipynb,6c44925f4ccb30963bcd1244135d782d4f6e41bb,VU#10
570198864,darrenlei888/The-Interacting-Coulomb-Problem-as-a-Bethe-Ansatz-Problem,arctan/generalised arctan.ipynb,6c44925f4ccb30963bcd1244135d782d4f6e41bb,VU#2822
570198864,darrenlei888/The-Interacting-Coulomb-Problem-as-a-Bethe-Ansatz-Problem,arctan/generalised arctan.ipynb,6c44925f4ccb30963bcd1244135d782d4f6e41bb,VU#75
570198864,darrenlei888/The-Interacting-Coulomb-Problem-as-a-Bethe-Ansatz-Problem,arctan/generalised arctan.ipynb,6c44925f4ccb30963bcd1244135d782d4f6e41bb,VU#42
570198864,darrenlei888/The-Interacting-Coulomb-Problem-as-a-Bethe-Ansatz-Problem,arctan/generalised arctan.ipynb,6c44925f4ccb30963bcd1244135d782d4f6e41bb,VU#425
570198864,darrenlei888/The-Interacting-Coulomb-Problem-as-a-Bethe-Ansatz-Problem,arctan/generalised arctan.ipynb,6c44925f4ccb30963bcd1244135d782d4f6e41bb,VU#550
570198864,darrenlei888/The-Interacting-Coulomb-Problem-as-a-Bethe-Ansatz-Problem,arctan/generalised arctan.ipynb,6c44925f4ccb30963bcd1244135d782d4f6e41bb,VU#74
570198864,darrenlei888/The-Interacting-Coulomb-Problem-as-a-Bethe-Ansatz-Problem,arctan/generalised arctan.ipynb,6c44925f4ccb30963bcd1244135d782d4f6e41bb,VU#8957
570198864,darrenlei888/The-Interacting-Coulomb-Problem-as-a-Bethe-Ansatz-Problem,arctan/generalised arctan.ipynb,6c44925f4ccb30963bcd1244135d782d4f6e41bb,VU#55
570198864,darrenlei888/The-Interacting-Coulomb-Problem-as-a-Bethe-Ansatz-Problem,arctan/generalised arctan.ipynb,6c44925f4ccb30963bcd1244135d782d4f6e41bb,VU#045
570198864,darrenlei888/The-Interacting-Coulomb-Problem-as-a-Bethe-Ansatz-Problem,arctan/generalised arctan.ipynb,6c44925f4ccb30963bcd1244135d782d4f6e41bb,VU#43
570198864,darrenlei888/The-Interacting-Coulomb-Problem-as-a-Bethe-Ansatz-Problem,arctan/generalised arctan.ipynb,6c44925f4ccb30963bcd1244135d782d4f6e41bb,VU#76
570198864,darrenlei888/The-Interacting-Coulomb-Problem-as-a-Bethe-Ansatz-Problem,arctan/generalised arctan.ipynb,6c44925f4ccb30963bcd1244135d782d4f6e41bb,VU#7615
570198864,darrenlei888/The-Interacting-Coulomb-Problem-as-a-Bethe-Ansatz-Problem,arctan/generalised arctan.ipynb,6c44925f4ccb30963bcd1244135d782d4f6e41bb,VU#762
570198864,darrenlei888/The-Interacting-Coulomb-Problem-as-a-Bethe-Ansatz-Problem,arctan/generalised arctan.ipynb,6c44925f4ccb30963bcd1244135d782d4f6e41bb,VU#19
570198864,darrenlei888/The-Interacting-Coulomb-Problem-as-a-Bethe-Ansatz-Problem,arctan/generalised arctan.ipynb,6c44925f4ccb30963bcd1244135d782d4f6e41bb,VU#29
570198864,darrenlei888/The-Interacting-Coulomb-Problem-as-a-Bethe-Ansatz-Problem,arctan/generalised arctan.ipynb,6c44925f4ccb30963bcd1244135d782d4f6e41bb,VU#191
570198864,darrenlei888/The-Interacting-Coulomb-Problem-as-a-Bethe-Ansatz-Problem,arctan/generalised arctan.ipynb,6c44925f4ccb30963bcd1244135d782d4f6e41bb,VU#097
570198864,darrenlei888/The-Interacting-Coulomb-Problem-as-a-Bethe-Ansatz-Problem,arctan/generalised arctan.ipynb,6c44925f4ccb30963bcd1244135d782d4f6e41bb,VU#56
570198864,darrenlei888/The-Interacting-Coulomb-Problem-as-a-Bethe-Ansatz-Problem,arctan/generalised arctan.ipynb,6c44925f4ccb30963bcd1244135d782d4f6e41bb,VU#561
570198864,darrenlei888/The-Interacting-Coulomb-Problem-as-a-Bethe-Ansatz-Problem,arctan/generalised arctan.ipynb,6c44925f4ccb30963bcd1244135d782d4f6e41bb,VU#41
570198864,darrenlei888/The-Interacting-Coulomb-Problem-as-a-Bethe-Ansatz-Problem,arctan/generalised arctan.ipynb,6c44925f4ccb30963bcd1244135d782d4f6e41bb,VU#11
570198864,darrenlei888/The-Interacting-Coulomb-Problem-as-a-Bethe-Ansatz-Problem,arctan/generalised arctan.ipynb,6c44925f4ccb30963bcd1244135d782d4f6e41bb,VU#581
570198864,darrenlei888/The-Interacting-Coulomb-Problem-as-a-Bethe-Ansatz-Problem,arctan/generalised arctan.ipynb,6c44925f4ccb30963bcd1244135d782d4f6e41bb,VU#23
570198864,darrenlei888/The-Interacting-Coulomb-Problem-as-a-Bethe-Ansatz-Problem,arctan/generalised arctan.ipynb,6c44925f4ccb30963bcd1244135d782d4f6e41bb,VU#034
570198864,darrenlei888/The-Interacting-Coulomb-Problem-as-a-Bethe-Ansatz-Problem,arctan/generalised arctan.ipynb,6c44925f4ccb30963bcd1244135d782d4f6e41bb,VU#58
570198864,darrenlei888/The-Interacting-Coulomb-Problem-as-a-Bethe-Ansatz-Problem,arctan/generalised arctan.ipynb,6c44925f4ccb30963bcd1244135d782d4f6e41bb,VU#92
570198864,darrenlei888/The-Interacting-Coulomb-Problem-as-a-Bethe-Ansatz-Problem,arctan/generalised arctan.ipynb,6c44925f4ccb30963bcd1244135d782d4f6e41bb,VU#73
570198864,darrenlei888/The-Interacting-Coulomb-Problem-as-a-Bethe-Ansatz-Problem,arctan/generalised arctan.ipynb,6c44925f4ccb30963bcd1244135d782d4f6e41bb,VU#39
570198864,darrenlei888/The-Interacting-Coulomb-Problem-as-a-Bethe-Ansatz-Problem,arctan/generalised arctan.ipynb,6c44925f4ccb30963bcd1244135d782d4f6e41bb,VU#039
570198864,darrenlei888/The-Interacting-Coulomb-Problem-as-a-Bethe-Ansatz-Problem,arctan/generalised arctan.ipynb,6c44925f4ccb30963bcd1244135d782d4f6e41bb,VU#88
570198864,darrenlei888/The-Interacting-Coulomb-Problem-as-a-Bethe-Ansatz-Problem,arctan/generalised arctan.ipynb,6c44925f4ccb30963bcd1244135d782d4f6e41bb,VU#07
570198864,darrenlei888/The-Interacting-Coulomb-Problem-as-a-Bethe-Ansatz-Problem,arctan/generalised arctan.ipynb,6c44925f4ccb30963bcd1244135d782d4f6e41bb,VU#574
570198864,darrenlei888/The-Interacting-Coulomb-Problem-as-a-Bethe-Ansatz-Problem,arctan/generalised arctan.ipynb,6c44925f4ccb30963bcd1244135d782d4f6e41bb,VU#91
570198864,darrenlei888/The-Interacting-Coulomb-Problem-as-a-Bethe-Ansatz-Problem,arctan/generalised arctan.ipynb,6c44925f4ccb30963bcd1244135d782d4f6e41bb,VU#7343
570198864,darrenlei888/The-Interacting-Coulomb-Problem-as-a-Bethe-Ansatz-Problem,arctan/generalised arctan.ipynb,6c44925f4ccb30963bcd1244135d782d4f6e41bb,VU#57
570198864,darrenlei888/The-Interacting-Coulomb-Problem-as-a-Bethe-Ansatz-Problem,arctan/generalised arctan.ipynb,6c44925f4ccb30963bcd1244135d782d4f6e41bb,VU#40
570198864,darrenlei888/The-Interacting-Coulomb-Problem-as-a-Bethe-Ansatz-Problem,arctan/generalised arctan.ipynb,6c44925f4ccb30963bcd1244135d782d4f6e41bb,VU#18
570198864,darrenlei888/The-Interacting-Coulomb-Problem-as-a-Bethe-Ansatz-Problem,arctan/generalised arctan.ipynb,6c44925f4ccb30963bcd1244135d782d4f6e41bb,VU#31
570198864,darrenlei888/The-Interacting-Coulomb-Problem-as-a-Bethe-Ansatz-Problem,arctan/generalised arctan.ipynb,6c44925f4ccb30963bcd1244135d782d4f6e41bb,VU#90
570198864,darrenlei888/The-Interacting-Coulomb-Problem-as-a-Bethe-Ansatz-Problem,arctan/generalised arctan.ipynb,6c44925f4ccb30963bcd1244135d782d4f6e41bb,VU#105
570198864,darrenlei888/The-Interacting-Coulomb-Problem-as-a-Bethe-Ansatz-Problem,arctan/generalised arctan.ipynb,6c44925f4ccb30963bcd1244135d782d4f6e41bb,VU#395
570198864,darrenlei888/The-Interacting-Coulomb-Problem-as-a-Bethe-Ansatz-Problem,arctan/generalised arctan.ipynb,6c44925f4ccb30963bcd1244135d782d4f6e41bb,VU#547
570198864,darrenlei888/The-Interacting-Coulomb-Problem-as-a-Bethe-Ansatz-Problem,arctan/generalised arctan.ipynb,6c44925f4ccb30963bcd1244135d782d4f6e41bb,VU#54
570198864,darrenlei888/The-Interacting-Coulomb-Problem-as-a-Bethe-Ansatz-Problem,arctan/generalised arctan.ipynb,6c44925f4ccb30963bcd1244135d782d4f6e41bb,VU#090
570198864,darrenlei888/The-Interacting-Coulomb-Problem-as-a-Bethe-Ansatz-Problem,arctan/generalised arctan.ipynb,6c44925f4ccb30963bcd1244135d782d4f6e41bb,VU#291
570198864,darrenlei888/The-Interacting-Coulomb-Problem-as-a-Bethe-Ansatz-Problem,arctan/generalised arctan.ipynb,6c44925f4ccb30963bcd1244135d782d4f6e41bb,VU#505
570198864,darrenlei888/The-Interacting-Coulomb-Problem-as-a-Bethe-Ansatz-Problem,arctan/generalised arctan.ipynb,6c44925f4ccb30963bcd1244135d782d4f6e41bb,VU#50
570198864,darrenlei888/The-Interacting-Coulomb-Problem-as-a-Bethe-Ansatz-Problem,arctan/generalised arctan.ipynb,6c44925f4ccb30963bcd1244135d782d4f6e41bb,VU#47
570198864,darrenlei888/The-Interacting-Coulomb-Problem-as-a-Bethe-Ansatz-Problem,arctan/generalised arctan.ipynb,6c44925f4ccb30963bcd1244135d782d4f6e41bb,VU#0770
570198864,darrenlei888/The-Interacting-Coulomb-Problem-as-a-Bethe-Ansatz-Problem,arctan/generalised arctan.ipynb,6c44925f4ccb30963bcd1244135d782d4f6e41bb,VU#204
570198864,darrenlei888/The-Interacting-Coulomb-Problem-as-a-Bethe-Ansatz-Problem,arctan/generalised arctan.ipynb,6c44925f4ccb30963bcd1244135d782d4f6e41bb,VU#074
570198864,darrenlei888/The-Interacting-Coulomb-Problem-as-a-Bethe-Ansatz-Problem,arctan/generalised arctan.ipynb,6c44925f4ccb30963bcd1244135d782d4f6e41bb,VU#477
570198864,darrenlei888/The-Interacting-Coulomb-Problem-as-a-Bethe-Ansatz-Problem,arctan/generalised arctan.ipynb,6c44925f4ccb30963bcd1244135d782d4f6e41bb,VU#847
570198864,darrenlei888/The-Interacting-Coulomb-Problem-as-a-Bethe-Ansatz-Problem,arctan/generalised arctan.ipynb,6c44925f4ccb30963bcd1244135d782d4f6e41bb,VU#85
570198864,darrenlei888/The-Interacting-Coulomb-Problem-as-a-Bethe-Ansatz-Problem,arctan/generalised arctan.ipynb,6c44925f4ccb30963bcd1244135d782d4f6e41bb,VU#21
570198864,darrenlei888/The-Interacting-Coulomb-Problem-as-a-Bethe-Ansatz-Problem,arctan/generalised arctan.ipynb,6c44925f4ccb30963bcd1244135d782d4f6e41bb,VU#84
570198864,darrenlei888/The-Interacting-Coulomb-Problem-as-a-Bethe-Ansatz-Problem,arctan/generalised arctan.ipynb,6c44925f4ccb30963bcd1244135d782d4f6e41bb,VU#499
570198864,darrenlei888/The-Interacting-Coulomb-Problem-as-a-Bethe-Ansatz-Problem,arctan/generalised arctan.ipynb,6c44925f4ccb30963bcd1244135d782d4f6e41bb,VU#207
570198864,darrenlei888/The-Interacting-Coulomb-Problem-as-a-Bethe-Ansatz-Problem,arctan/generalised arctan.ipynb,6c44925f4ccb30963bcd1244135d782d4f6e41bb,VU#497
570198864,darrenlei888/The-Interacting-Coulomb-Problem-as-a-Bethe-Ansatz-Problem,arctan/generalised arctan.ipynb,6c44925f4ccb30963bcd1244135d782d4f6e41bb,VU#81
570198864,darrenlei888/The-Interacting-Coulomb-Problem-as-a-Bethe-Ansatz-Problem,arctan/generalised arctan.ipynb,6c44925f4ccb30963bcd1244135d782d4f6e41bb,VU#48
570198864,darrenlei888/The-Interacting-Coulomb-Problem-as-a-Bethe-Ansatz-Problem,arctan/generalised arctan.ipynb,6c44925f4ccb30963bcd1244135d782d4f6e41bb,VU#0700
570198864,darrenlei888/The-Interacting-Coulomb-Problem-as-a-Bethe-Ansatz-Problem,arctan/generalised arctan.ipynb,6c44925f4ccb30963bcd1244135d782d4f6e41bb,VU#83
570198864,darrenlei888/The-Interacting-Coulomb-Problem-as-a-Bethe-Ansatz-Problem,arctan/generalised arctan.ipynb,6c44925f4ccb30963bcd1244135d782d4f6e41bb,VU#49
570198864,darrenlei888/The-Interacting-Coulomb-Problem-as-a-Bethe-Ansatz-Problem,arctan/generalised arctan.ipynb,6c44925f4ccb30963bcd1244135d782d4f6e41bb,VU#840
570198864,darrenlei888/The-Interacting-Coulomb-Problem-as-a-Bethe-Ansatz-Problem,arctan/generalised arctan.ipynb,6c44925f4ccb30963bcd1244135d782d4f6e41bb,VU#06
570198864,darrenlei888/The-Interacting-Coulomb-Problem-as-a-Bethe-Ansatz-Problem,arctan/generalised arctan.ipynb,6c44925f4ccb30963bcd1244135d782d4f6e41bb,VU#859
570198864,darrenlei888/The-Interacting-Coulomb-Problem-as-a-Bethe-Ansatz-Problem,arctan/generalised arctan.ipynb,6c44925f4ccb30963bcd1244135d782d4f6e41bb,VU#80
570198864,darrenlei888/The-Interacting-Coulomb-Problem-as-a-Bethe-Ansatz-Problem,arctan/generalised arctan.ipynb,6c44925f4ccb30963bcd1244135d782d4f6e41bb,VU#44
570198864,darrenlei888/The-Interacting-Coulomb-Problem-as-a-Bethe-Ansatz-Problem,arctan/generalised arctan.ipynb,6c44925f4ccb30963bcd1244135d782d4f6e41bb,VU#09
570198864,darrenlei888/The-Interacting-Coulomb-Problem-as-a-Bethe-Ansatz-Problem,arctan/generalised arctan.ipynb,6c44925f4ccb30963bcd1244135d782d4f6e41bb,VU#77
570198864,darrenlei888/The-Interacting-Coulomb-Problem-as-a-Bethe-Ansatz-Problem,arctan/generalised arctan.ipynb,6c44925f4ccb30963bcd1244135d782d4f6e41bb,VU#537
570198864,darrenlei888/The-Interacting-Coulomb-Problem-as-a-Bethe-Ansatz-Problem,arctan/generalised arctan.ipynb,6c44925f4ccb30963bcd1244135d782d4f6e41bb,VU#53
570198864,darrenlei888/The-Interacting-Coulomb-Problem-as-a-Bethe-Ansatz-Problem,arctan/generalised arctan.ipynb,6c44925f4ccb30963bcd1244135d782d4f6e41bb,VU#45
570198864,darrenlei888/The-Interacting-Coulomb-Problem-as-a-Bethe-Ansatz-Problem,arctan/generalised arctan.ipynb,6c44925f4ccb30963bcd1244135d782d4f6e41bb,VU#089
570198864,darrenlei888/The-Interacting-Coulomb-Problem-as-a-Bethe-Ansatz-Problem,arctan/generalised arctan.ipynb,6c44925f4ccb30963bcd1244135d782d4f6e41bb,VU#4509
570198864,darrenlei888/The-Interacting-Coulomb-Problem-as-a-Bethe-Ansatz-Problem,arctan/generalised arctan.ipynb,6c44925f4ccb30963bcd1244135d782d4f6e41bb,VU#05
570198864,darrenlei888/The-Interacting-Coulomb-Problem-as-a-Bethe-Ansatz-Problem,arctan/generalised arctan.ipynb,6c44925f4ccb30963bcd1244135d782d4f6e41bb,VU#78
570198864,darrenlei888/The-Interacting-Coulomb-Problem-as-a-Bethe-Ansatz-Problem,arctan/generalised arctan.ipynb,6c44925f4ccb30963bcd1244135d782d4f6e41bb,VU#87
570198864,darrenlei888/The-Interacting-Coulomb-Problem-as-a-Bethe-Ansatz-Problem,arctan/generalised arctan.ipynb,6c44925f4ccb30963bcd1244135d782d4f6e41bb,VU#22
570198864,darrenlei888/The-Interacting-Coulomb-Problem-as-a-Bethe-Ansatz-Problem,arctan/generalised arctan.ipynb,6c44925f4ccb30963bcd1244135d782d4f6e41bb,VU#780
570198864,darrenlei888/The-Interacting-Coulomb-Problem-as-a-Bethe-Ansatz-Problem,arctan/generalised arctan.ipynb,6c44925f4ccb30963bcd1244135d782d4f6e41bb,VU#52
570198864,darrenlei888/The-Interacting-Coulomb-Problem-as-a-Bethe-Ansatz-Problem,arctan/generalised arctan.ipynb,6c44925f4ccb30963bcd1244135d782d4f6e41bb,VU#055
570198864,darrenlei888/The-Interacting-Coulomb-Problem-as-a-Bethe-Ansatz-Problem,arctan/generalised arctan.ipynb,6c44925f4ccb30963bcd1244135d782d4f6e41bb,VU#08
570198864,darrenlei888/The-Interacting-Coulomb-Problem-as-a-Bethe-Ansatz-Problem,arctan/generalised arctan.ipynb,6c44925f4ccb30963bcd1244135d782d4f6e41bb,VU#512
570198864,darrenlei888/The-Interacting-Coulomb-Problem-as-a-Bethe-Ansatz-Problem,arctan/generalised arctan.ipynb,6c44925f4ccb30963bcd1244135d782d4f6e41bb,VU#46
570198864,darrenlei888/The-Interacting-Coulomb-Problem-as-a-Bethe-Ansatz-Problem,arctan/generalised arctan.ipynb,6c44925f4ccb30963bcd1244135d782d4f6e41bb,VU#51
570198864,darrenlei888/The-Interacting-Coulomb-Problem-as-a-Bethe-Ansatz-Problem,arctan/generalised arctan.ipynb,6c44925f4ccb30963bcd1244135d782d4f6e41bb,VU#86
570198864,darrenlei888/The-Interacting-Coulomb-Problem-as-a-Bethe-Ansatz-Problem,arctan/generalised arctan.ipynb,6c44925f4ccb30963bcd1244135d782d4f6e41bb,VU#20
570198864,darrenlei888/The-Interacting-Coulomb-Problem-as-a-Bethe-Ansatz-Problem,arctan/generalised arctan.ipynb,6c44925f4ccb30963bcd1244135d782d4f6e41bb,VU#03
570198864,darrenlei888/The-Interacting-Coulomb-Problem-as-a-Bethe-Ansatz-Problem,arctan/generalised arctan.ipynb,6c44925f4ccb30963bcd1244135d782d4f6e41bb,VU#232
570198864,darrenlei888/The-Interacting-Coulomb-Problem-as-a-Bethe-Ansatz-Problem,arctan/generalised arctan.ipynb,6c44925f4ccb30963bcd1244135d782d4f6e41bb,VU#577
570198864,darrenlei888/The-Interacting-Coulomb-Problem-as-a-Bethe-Ansatz-Problem,arctan/generalised arctan.ipynb,6c44925f4ccb30963bcd1244135d782d4f6e41bb,VU#97
570198864,darrenlei888/The-Interacting-Coulomb-Problem-as-a-Bethe-Ansatz-Problem,arctan/generalised arctan.ipynb,6c44925f4ccb30963bcd1244135d782d4f6e41bb,VU#63
570198864,darrenlei888/The-Interacting-Coulomb-Problem-as-a-Bethe-Ansatz-Problem,arctan/generalised arctan.ipynb,6c44925f4ccb30963bcd1244135d782d4f6e41bb,VU#68
570198864,darrenlei888/The-Interacting-Coulomb-Problem-as-a-Bethe-Ansatz-Problem,arctan/generalised arctan.ipynb,6c44925f4ccb30963bcd1244135d782d4f6e41bb,VU#979
570198864,darrenlei888/The-Interacting-Coulomb-Problem-as-a-Bethe-Ansatz-Problem,arctan/generalised arctan.ipynb,6c44925f4ccb30963bcd1244135d782d4f6e41bb,VU#34
570198864,darrenlei888/The-Interacting-Coulomb-Problem-as-a-Bethe-Ansatz-Problem,arctan/generalised arctan.ipynb,6c44925f4ccb30963bcd1244135d782d4f6e41bb,VU#01
570198864,darrenlei888/The-Interacting-Coulomb-Problem-as-a-Bethe-Ansatz-Problem,arctan/generalised arctan.ipynb,6c44925f4ccb30963bcd1244135d782d4f6e41bb,VU#25
570198864,darrenlei888/The-Interacting-Coulomb-Problem-as-a-Bethe-Ansatz-Problem,arctan/generalised arctan.ipynb,6c44925f4ccb30963bcd1244135d782d4f6e41bb,VU#38
570198864,darrenlei888/The-Interacting-Coulomb-Problem-as-a-Bethe-Ansatz-Problem,arctan/generalised arctan.ipynb,6c44925f4ccb30963bcd1244135d782d4f6e41bb,VU#69
570198864,darrenlei888/The-Interacting-Coulomb-Problem-as-a-Bethe-Ansatz-Problem,arctan/generalised arctan.ipynb,6c44925f4ccb30963bcd1244135d782d4f6e41bb,VU#6903
570198864,darrenlei888/The-Interacting-Coulomb-Problem-as-a-Bethe-Ansatz-Problem,arctan/generalised arctan.ipynb,6c44925f4ccb30963bcd1244135d782d4f6e41bb,VU#16
570198864,darrenlei888/The-Interacting-Coulomb-Problem-as-a-Bethe-Ansatz-Problem,arctan/generalised arctan.ipynb,6c44925f4ccb30963bcd1244135d782d4f6e41bb,VU#35
570198864,darrenlei888/The-Interacting-Coulomb-Problem-as-a-Bethe-Ansatz-Problem,arctan/generalised arctan.ipynb,6c44925f4ccb30963bcd1244135d782d4f6e41bb,VU#018
570198864,darrenlei888/The-Interacting-Coulomb-Problem-as-a-Bethe-Ansatz-Problem,arctan/generalised arctan.ipynb,6c44925f4ccb30963bcd1244135d782d4f6e41bb,VU#354
570198864,darrenlei888/The-Interacting-Coulomb-Problem-as-a-Bethe-Ansatz-Problem,arctan/generalised arctan.ipynb,6c44925f4ccb30963bcd1244135d782d4f6e41bb,VU#0188
570198864,darrenlei888/The-Interacting-Coulomb-Problem-as-a-Bethe-Ansatz-Problem,arctan/generalised arctan.ipynb,6c44925f4ccb30963bcd1244135d782d4f6e41bb,VU#61
570198864,darrenlei888/The-Interacting-Coulomb-Problem-as-a-Bethe-Ansatz-Problem,arctan/generalised arctan.ipynb,6c44925f4ccb30963bcd1244135d782d4f6e41bb,VU#96
570198864,darrenlei888/The-Interacting-Coulomb-Problem-as-a-Bethe-Ansatz-Problem,arctan/generalised arctan.ipynb,6c44925f4ccb30963bcd1244135d782d4f6e41bb,VU#28
570198864,darrenlei888/The-Interacting-Coulomb-Problem-as-a-Bethe-Ansatz-Problem,arctan/generalised arctan.ipynb,6c44925f4ccb30963bcd1244135d782d4f6e41bb,VU#12
570198864,darrenlei888/The-Interacting-Coulomb-Problem-as-a-Bethe-Ansatz-Problem,arctan/generalised arctan.ipynb,6c44925f4ccb30963bcd1244135d782d4f6e41bb,VU#27
570198864,darrenlei888/The-Interacting-Coulomb-Problem-as-a-Bethe-Ansatz-Problem,arctan/generalised arctan.ipynb,6c44925f4ccb30963bcd1244135d782d4f6e41bb,VU#98
570198864,darrenlei888/The-Interacting-Coulomb-Problem-as-a-Bethe-Ansatz-Problem,arctan/generalised arctan.ipynb,6c44925f4ccb30963bcd1244135d782d4f6e41bb,VU#15
570198864,darrenlei888/The-Interacting-Coulomb-Problem-as-a-Bethe-Ansatz-Problem,arctan/generalised arctan.ipynb,6c44925f4ccb30963bcd1244135d782d4f6e41bb,VU#66
570198864,darrenlei888/The-Interacting-Coulomb-Problem-as-a-Bethe-Ansatz-Problem,arctan/generalised arctan.ipynb,6c44925f4ccb30963bcd1244135d782d4f6e41bb,VU#998
570198864,darrenlei888/The-Interacting-Coulomb-Problem-as-a-Bethe-Ansatz-Problem,arctan/generalised arctan.ipynb,6c44925f4ccb30963bcd1244135d782d4f6e41bb,VU#655
570198864,darrenlei888/The-Interacting-Coulomb-Problem-as-a-Bethe-Ansatz-Problem,arctan/generalised arctan.ipynb,6c44925f4ccb30963bcd1244135d782d4f6e41bb,VU#32
570198864,darrenlei888/The-Interacting-Coulomb-Problem-as-a-Bethe-Ansatz-Problem,arctan/generalised arctan.ipynb,6c44925f4ccb30963bcd1244135d782d4f6e41bb,VU#99
570198864,darrenlei888/The-Interacting-Coulomb-Problem-as-a-Bethe-Ansatz-Problem,arctan/generalised arctan.ipynb,6c44925f4ccb30963bcd1244135d782d4f6e41bb,VU#3222
570198864,darrenlei888/The-Interacting-Coulomb-Problem-as-a-Bethe-Ansatz-Problem,arctan/generalised arctan.ipynb,6c44925f4ccb30963bcd1244135d782d4f6e41bb,VU#13
570198864,darrenlei888/The-Interacting-Coulomb-Problem-as-a-Bethe-Ansatz-Problem,arctan/generalised arctan.ipynb,6c44925f4ccb30963bcd1244135d782d4f6e41bb,VU#650
570198864,darrenlei888/The-Interacting-Coulomb-Problem-as-a-Bethe-Ansatz-Problem,arctan/generalised arctan.ipynb,6c44925f4ccb30963bcd1244135d782d4f6e41bb,VU#697
570198864,darrenlei888/The-Interacting-Coulomb-Problem-as-a-Bethe-Ansatz-Problem,arctan/generalised arctan.ipynb,6c44925f4ccb30963bcd1244135d782d4f6e41bb,VU#3267
570198864,darrenlei888/The-Interacting-Coulomb-Problem-as-a-Bethe-Ansatz-Problem,arctan/generalised arctan.ipynb,6c44925f4ccb30963bcd1244135d782d4f6e41bb,VU#65
570198864,darrenlei888/The-Interacting-Coulomb-Problem-as-a-Bethe-Ansatz-Problem,arctan/generalised arctan.ipynb,6c44925f4ccb30963bcd1244135d782d4f6e41bb,VU#003
570198864,darrenlei888/The-Interacting-Coulomb-Problem-as-a-Bethe-Ansatz-Problem,arctan/generalised arctan.ipynb,6c44925f4ccb30963bcd1244135d782d4f6e41bb,VU#64
570198864,darrenlei888/The-Interacting-Coulomb-Problem-as-a-Bethe-Ansatz-Problem,arctan/generalised arctan.ipynb,6c44925f4ccb30963bcd1244135d782d4f6e41bb,VU#988
570198864,darrenlei888/The-Interacting-Coulomb-Problem-as-a-Bethe-Ansatz-Problem,arctan/generalised arctan.ipynb,6c44925f4ccb30963bcd1244135d782d4f6e41bb,VU#33
570198864,darrenlei888/The-Interacting-Coulomb-Problem-as-a-Bethe-Ansatz-Problem,arctan/generalised arctan.ipynb,6c44925f4ccb30963bcd1244135d782d4f6e41bb,VU#67
570198864,darrenlei888/The-Interacting-Coulomb-Problem-as-a-Bethe-Ansatz-Problem,arctan/generalised arctan.ipynb,6c44925f4ccb30963bcd1244135d782d4f6e41bb,VU#26
570198864,darrenlei888/The-Interacting-Coulomb-Problem-as-a-Bethe-Ansatz-Problem,arctan/generalised arctan.ipynb,6c44925f4ccb30963bcd1244135d782d4f6e41bb,VU#127
570198864,darrenlei888/The-Interacting-Coulomb-Problem-as-a-Bethe-Ansatz-Problem,arctan/generalised arctan.ipynb,6c44925f4ccb30963bcd1244135d782d4f6e41bb,VU#00
570198864,darrenlei888/The-Interacting-Coulomb-Problem-as-a-Bethe-Ansatz-Problem,arctan/generalised arctan.ipynb,6c44925f4ccb30963bcd1244135d782d4f6e41bb,VU#272
570198864,darrenlei888/The-Interacting-Coulomb-Problem-as-a-Bethe-Ansatz-Problem,arctan/generalised arctan.ipynb,6c44925f4ccb30963bcd1244135d782d4f6e41bb,VU#82
570198864,darrenlei888/The-Interacting-Coulomb-Problem-as-a-Bethe-Ansatz-Problem,arctan/generalised arctan.ipynb,6c44925f4ccb30963bcd1244135d782d4f6e41bb,VU#71
570198864,darrenlei888/The-Interacting-Coulomb-Problem-as-a-Bethe-Ansatz-Problem,arctan/generalised arctan.ipynb,6c44925f4ccb30963bcd1244135d782d4f6e41bb,VU#24
570198864,darrenlei888/The-Interacting-Coulomb-Problem-as-a-Bethe-Ansatz-Problem,arctan/generalised arctan.ipynb,6c44925f4ccb30963bcd1244135d782d4f6e41bb,VU#59
570198864,darrenlei888/The-Interacting-Coulomb-Problem-as-a-Bethe-Ansatz-Problem,arctan/generalised arctan.ipynb,6c44925f4ccb30963bcd1244135d782d4f6e41bb,VU#94
570198864,darrenlei888/The-Interacting-Coulomb-Problem-as-a-Bethe-Ansatz-Problem,arctan/generalised arctan.ipynb,6c44925f4ccb30963bcd1244135d782d4f6e41bb,VU#313
570198864,darrenlei888/The-Interacting-Coulomb-Problem-as-a-Bethe-Ansatz-Problem,arctan/generalised arctan.ipynb,6c44925f4ccb30963bcd1244135d782d4f6e41bb,VU#37
570198864,darrenlei888/The-Interacting-Coulomb-Problem-as-a-Bethe-Ansatz-Problem,arctan/generalised arctan.ipynb,6c44925f4ccb30963bcd1244135d782d4f6e41bb,VU#02
570198864,darrenlei888/The-Interacting-Coulomb-Problem-as-a-Bethe-Ansatz-Problem,arctan/generalised arctan.ipynb,6c44925f4ccb30963bcd1244135d782d4f6e41bb,VU#17
570198864,darrenlei888/The-Interacting-Coulomb-Problem-as-a-Bethe-Ansatz-Problem,arctan/generalised arctan.ipynb,6c44925f4ccb30963bcd1244135d782d4f6e41bb,VU#72
570198864,darrenlei888/The-Interacting-Coulomb-Problem-as-a-Bethe-Ansatz-Problem,arctan/generalised arctan.ipynb,6c44925f4ccb30963bcd1244135d782d4f6e41bb,VU#178
570198864,darrenlei888/The-Interacting-Coulomb-Problem-as-a-Bethe-Ansatz-Problem,arctan/generalised arctan.ipynb,6c44925f4ccb30963bcd1244135d782d4f6e41bb,VU#246
570198864,darrenlei888/The-Interacting-Coulomb-Problem-as-a-Bethe-Ansatz-Problem,arctan/generalised arctan.ipynb,6c44925f4ccb30963bcd1244135d782d4f6e41bb,VU#60
570198864,darrenlei888/The-Interacting-Coulomb-Problem-as-a-Bethe-Ansatz-Problem,arctan/generalised arctan.ipynb,6c44925f4ccb30963bcd1244135d782d4f6e41bb,VU#709
570198864,darrenlei888/The-Interacting-Coulomb-Problem-as-a-Bethe-Ansatz-Problem,arctan/generalised arctan.ipynb,6c44925f4ccb30963bcd1244135d782d4f6e41bb,VU#36
570198864,darrenlei888/The-Interacting-Coulomb-Problem-as-a-Bethe-Ansatz-Problem,arctan/generalised arctan.ipynb,6c44925f4ccb30963bcd1244135d782d4f6e41bb,VU#587
570198864,darrenlei888/The-Interacting-Coulomb-Problem-as-a-Bethe-Ansatz-Problem,arctan/generalised arctan.ipynb,6c44925f4ccb30963bcd1244135d782d4f6e41bb,VU#70
570198864,darrenlei888/The-Interacting-Coulomb-Problem-as-a-Bethe-Ansatz-Problem,arctan/generalised arctan.ipynb,6c44925f4ccb30963bcd1244135d782d4f6e41bb,VU#950
570198864,darrenlei888/The-Interacting-Coulomb-Problem-as-a-Bethe-Ansatz-Problem,arctan/generalised arctan.ipynb,6c44925f4ccb30963bcd1244135d782d4f6e41bb,VU#601
570198864,darrenlei888/The-Interacting-Coulomb-Problem-as-a-Bethe-Ansatz-Problem,arctan/generalised arctan.ipynb,6c44925f4ccb30963bcd1244135d782d4f6e41bb,VU#588
570198864,darrenlei888/The-Interacting-Coulomb-Problem-as-a-Bethe-Ansatz-Problem,arctan/generalised arctan.ipynb,6c44925f4ccb30963bcd1244135d782d4f6e41bb,VU#30
570198864,darrenlei888/The-Interacting-Coulomb-Problem-as-a-Bethe-Ansatz-Problem,Inverse-Sinh-Squared/c = 1/BAforInverseSinhSquared c = 1.ipynb,77a19d193f0dfb415869a8b11ae95043a6993505,VU#08
570198864,darrenlei888/The-Interacting-Coulomb-Problem-as-a-Bethe-Ansatz-Problem,Inverse-Sinh-Squared/c = 1/BAforInverseSinhSquared c = 1.ipynb,77a19d193f0dfb415869a8b11ae95043a6993505,VU#51
570198864,darrenlei888/The-Interacting-Coulomb-Problem-as-a-Bethe-Ansatz-Problem,Inverse-Sinh-Squared/c = 1/BAforInverseSinhSquared c = 1.ipynb,77a19d193f0dfb415869a8b11ae95043a6993505,VU#508
570198864,darrenlei888/The-Interacting-Coulomb-Problem-as-a-Bethe-Ansatz-Problem,Inverse-Sinh-Squared/c = 1/BAforInverseSinhSquared c = 1.ipynb,77a19d193f0dfb415869a8b11ae95043a6993505,VU#67
570198864,darrenlei888/The-Interacting-Coulomb-Problem-as-a-Bethe-Ansatz-Problem,Inverse-Sinh-Squared/c = 1/BAforInverseSinhSquared c = 1.ipynb,77a19d193f0dfb415869a8b11ae95043a6993505,VU#710
570198864,darrenlei888/The-Interacting-Coulomb-Problem-as-a-Bethe-Ansatz-Problem,Inverse-Sinh-Squared/c = 1/BAforInverseSinhSquared c = 1.ipynb,77a19d193f0dfb415869a8b11ae95043a6993505,VU#6674
570198864,darrenlei888/The-Interacting-Coulomb-Problem-as-a-Bethe-Ansatz-Problem,Inverse-Sinh-Squared/c = 1/BAforInverseSinhSquared c = 1.ipynb,77a19d193f0dfb415869a8b11ae95043a6993505,VU#590
570198864,darrenlei888/The-Interacting-Coulomb-Problem-as-a-Bethe-Ansatz-Problem,Inverse-Sinh-Squared/c = 1/BAforInverseSinhSquared c = 1.ipynb,77a19d193f0dfb415869a8b11ae95043a6993505,VU#18
570198864,darrenlei888/The-Interacting-Coulomb-Problem-as-a-Bethe-Ansatz-Problem,Inverse-Sinh-Squared/c = 1/BAforInverseSinhSquared c = 1.ipynb,77a19d193f0dfb415869a8b11ae95043a6993505,VU#64
570198864,darrenlei888/The-Interacting-Coulomb-Problem-as-a-Bethe-Ansatz-Problem,Inverse-Sinh-Squared/c = 1/BAforInverseSinhSquared c = 1.ipynb,77a19d193f0dfb415869a8b11ae95043a6993505,VU#3044
570198864,darrenlei888/The-Interacting-Coulomb-Problem-as-a-Bethe-Ansatz-Problem,Inverse-Sinh-Squared/c = 1/BAforInverseSinhSquared c = 1.ipynb,77a19d193f0dfb415869a8b11ae95043a6993505,VU#167
570198864,darrenlei888/The-Interacting-Coulomb-Problem-as-a-Bethe-Ansatz-Problem,Inverse-Sinh-Squared/c = 1/BAforInverseSinhSquared c = 1.ipynb,77a19d193f0dfb415869a8b11ae95043a6993505,VU#13
570198864,darrenlei888/The-Interacting-Coulomb-Problem-as-a-Bethe-Ansatz-Problem,Inverse-Sinh-Squared/c = 1/BAforInverseSinhSquared c = 1.ipynb,77a19d193f0dfb415869a8b11ae95043a6993505,VU#65
570198864,darrenlei888/The-Interacting-Coulomb-Problem-as-a-Bethe-Ansatz-Problem,Inverse-Sinh-Squared/c = 1/BAforInverseSinhSquared c = 1.ipynb,77a19d193f0dfb415869a8b11ae95043a6993505,VU#58
570198864,darrenlei888/The-Interacting-Coulomb-Problem-as-a-Bethe-Ansatz-Problem,Inverse-Sinh-Squared/c = 1/BAforInverseSinhSquared c = 1.ipynb,77a19d193f0dfb415869a8b11ae95043a6993505,VU#15
570198864,darrenlei888/The-Interacting-Coulomb-Problem-as-a-Bethe-Ansatz-Problem,Inverse-Sinh-Squared/c = 1/BAforInverseSinhSquared c = 1.ipynb,77a19d193f0dfb415869a8b11ae95043a6993505,VU#207
570198864,darrenlei888/The-Interacting-Coulomb-Problem-as-a-Bethe-Ansatz-Problem,Inverse-Sinh-Squared/c = 1/BAforInverseSinhSquared c = 1.ipynb,77a19d193f0dfb415869a8b11ae95043a6993505,VU#59
570198864,darrenlei888/The-Interacting-Coulomb-Problem-as-a-Bethe-Ansatz-Problem,Inverse-Sinh-Squared/c = 1/BAforInverseSinhSquared c = 1.ipynb,77a19d193f0dfb415869a8b11ae95043a6993505,VU#133
570198864,darrenlei888/The-Interacting-Coulomb-Problem-as-a-Bethe-Ansatz-Problem,Inverse-Sinh-Squared/c = 1/BAforInverseSinhSquared c = 1.ipynb,77a19d193f0dfb415869a8b11ae95043a6993505,VU#177
570198864,darrenlei888/The-Interacting-Coulomb-Problem-as-a-Bethe-Ansatz-Problem,Inverse-Sinh-Squared/c = 1/BAforInverseSinhSquared c = 1.ipynb,77a19d193f0dfb415869a8b11ae95043a6993505,VU#661
570198864,darrenlei888/The-Interacting-Coulomb-Problem-as-a-Bethe-Ansatz-Problem,Inverse-Sinh-Squared/c = 1/BAforInverseSinhSquared c = 1.ipynb,77a19d193f0dfb415869a8b11ae95043a6993505,VU#14
570198864,darrenlei888/The-Interacting-Coulomb-Problem-as-a-Bethe-Ansatz-Problem,Inverse-Sinh-Squared/c = 1/BAforInverseSinhSquared c = 1.ipynb,77a19d193f0dfb415869a8b11ae95043a6993505,VU#27
570198864,darrenlei888/The-Interacting-Coulomb-Problem-as-a-Bethe-Ansatz-Problem,Inverse-Sinh-Squared/c = 1/BAforInverseSinhSquared c = 1.ipynb,77a19d193f0dfb415869a8b11ae95043a6993505,VU#4919
570198864,darrenlei888/The-Interacting-Coulomb-Problem-as-a-Bethe-Ansatz-Problem,Inverse-Sinh-Squared/c = 1/BAforInverseSinhSquared c = 1.ipynb,77a19d193f0dfb415869a8b11ae95043a6993505,VU#82
570198864,darrenlei888/The-Interacting-Coulomb-Problem-as-a-Bethe-Ansatz-Problem,Inverse-Sinh-Squared/c = 1/BAforInverseSinhSquared c = 1.ipynb,77a19d193f0dfb415869a8b11ae95043a6993505,VU#50
570198864,darrenlei888/The-Interacting-Coulomb-Problem-as-a-Bethe-Ansatz-Problem,Inverse-Sinh-Squared/c = 1/BAforInverseSinhSquared c = 1.ipynb,77a19d193f0dfb415869a8b11ae95043a6993505,VU#11
570198864,darrenlei888/The-Interacting-Coulomb-Problem-as-a-Bethe-Ansatz-Problem,Inverse-Sinh-Squared/c = 1/BAforInverseSinhSquared c = 1.ipynb,77a19d193f0dfb415869a8b11ae95043a6993505,VU#79
570198864,darrenlei888/The-Interacting-Coulomb-Problem-as-a-Bethe-Ansatz-Problem,Inverse-Sinh-Squared/c = 1/BAforInverseSinhSquared c = 1.ipynb,77a19d193f0dfb415869a8b11ae95043a6993505,VU#20
570198864,darrenlei888/The-Interacting-Coulomb-Problem-as-a-Bethe-Ansatz-Problem,Inverse-Sinh-Squared/c = 1/BAforInverseSinhSquared c = 1.ipynb,77a19d193f0dfb415869a8b11ae95043a6993505,VU#182
570198864,darrenlei888/The-Interacting-Coulomb-Problem-as-a-Bethe-Ansatz-Problem,Inverse-Sinh-Squared/c = 1/BAforInverseSinhSquared c = 1.ipynb,77a19d193f0dfb415869a8b11ae95043a6993505,VU#62
570198864,darrenlei888/The-Interacting-Coulomb-Problem-as-a-Bethe-Ansatz-Problem,Inverse-Sinh-Squared/c = 1/BAforInverseSinhSquared c = 1.ipynb,77a19d193f0dfb415869a8b11ae95043a6993505,VU#109
570198864,darrenlei888/The-Interacting-Coulomb-Problem-as-a-Bethe-Ansatz-Problem,Inverse-Sinh-Squared/c = 1/BAforInverseSinhSquared c = 1.ipynb,77a19d193f0dfb415869a8b11ae95043a6993505,VU#540
570198864,darrenlei888/The-Interacting-Coulomb-Problem-as-a-Bethe-Ansatz-Problem,Inverse-Sinh-Squared/c = 1/BAforInverseSinhSquared c = 1.ipynb,77a19d193f0dfb415869a8b11ae95043a6993505,VU#69
570198864,darrenlei888/The-Interacting-Coulomb-Problem-as-a-Bethe-Ansatz-Problem,Inverse-Sinh-Squared/c = 1/BAforInverseSinhSquared c = 1.ipynb,77a19d193f0dfb415869a8b11ae95043a6993505,VU#5649
570198864,darrenlei888/The-Interacting-Coulomb-Problem-as-a-Bethe-Ansatz-Problem,Inverse-Sinh-Squared/c = 1/BAforInverseSinhSquared c = 1.ipynb,77a19d193f0dfb415869a8b11ae95043a6993505,VU#690
570198864,darrenlei888/The-Interacting-Coulomb-Problem-as-a-Bethe-Ansatz-Problem,Inverse-Sinh-Squared/c = 1/BAforInverseSinhSquared c = 1.ipynb,77a19d193f0dfb415869a8b11ae95043a6993505,VU#60
570198864,darrenlei888/The-Interacting-Coulomb-Problem-as-a-Bethe-Ansatz-Problem,Inverse-Sinh-Squared/c = 1/BAforInverseSinhSquared c = 1.ipynb,77a19d193f0dfb415869a8b11ae95043a6993505,VU#707
570198864,darrenlei888/The-Interacting-Coulomb-Problem-as-a-Bethe-Ansatz-Problem,Inverse-Sinh-Squared/c = 1/BAforInverseSinhSquared c = 1.ipynb,77a19d193f0dfb415869a8b11ae95043a6993505,VU#76
570198864,darrenlei888/The-Interacting-Coulomb-Problem-as-a-Bethe-Ansatz-Problem,Inverse-Sinh-Squared/c = 1/BAforInverseSinhSquared c = 1.ipynb,77a19d193f0dfb415869a8b11ae95043a6993505,VU#55
570198864,darrenlei888/The-Interacting-Coulomb-Problem-as-a-Bethe-Ansatz-Problem,Inverse-Sinh-Squared/c = 1/BAforInverseSinhSquared c = 1.ipynb,77a19d193f0dfb415869a8b11ae95043a6993505,VU#601
570198864,darrenlei888/The-Interacting-Coulomb-Problem-as-a-Bethe-Ansatz-Problem,Inverse-Sinh-Squared/c = 1/BAforInverseSinhSquared c = 1.ipynb,77a19d193f0dfb415869a8b11ae95043a6993505,VU#61
570198864,darrenlei888/The-Interacting-Coulomb-Problem-as-a-Bethe-Ansatz-Problem,Inverse-Sinh-Squared/c = 1/BAforInverseSinhSquared c = 1.ipynb,77a19d193f0dfb415869a8b11ae95043a6993505,VU#19
570198864,darrenlei888/The-Interacting-Coulomb-Problem-as-a-Bethe-Ansatz-Problem,Inverse-Sinh-Squared/c = 1/BAforInverseSinhSquared c = 1.ipynb,77a19d193f0dfb415869a8b11ae95043a6993505,VU#5557
570198864,darrenlei888/The-Interacting-Coulomb-Problem-as-a-Bethe-Ansatz-Problem,Inverse-Sinh-Squared/c = 1/BAforInverseSinhSquared c = 1.ipynb,77a19d193f0dfb415869a8b11ae95043a6993505,VU#54
570198864,darrenlei888/The-Interacting-Coulomb-Problem-as-a-Bethe-Ansatz-Problem,Inverse-Sinh-Squared/c = 1/BAforInverseSinhSquared c = 1.ipynb,77a19d193f0dfb415869a8b11ae95043a6993505,VU#677
570198864,darrenlei888/The-Interacting-Coulomb-Problem-as-a-Bethe-Ansatz-Problem,Inverse-Sinh-Squared/c = 1/BAforInverseSinhSquared c = 1.ipynb,77a19d193f0dfb415869a8b11ae95043a6993505,VU#567
570198864,darrenlei888/The-Interacting-Coulomb-Problem-as-a-Bethe-Ansatz-Problem,Inverse-Sinh-Squared/c = 1/BAforInverseSinhSquared c = 1.ipynb,77a19d193f0dfb415869a8b11ae95043a6993505,VU#12
570198864,darrenlei888/The-Interacting-Coulomb-Problem-as-a-Bethe-Ansatz-Problem,Inverse-Sinh-Squared/c = 1/BAforInverseSinhSquared c = 1.ipynb,77a19d193f0dfb415869a8b11ae95043a6993505,VU#790
570198864,darrenlei888/The-Interacting-Coulomb-Problem-as-a-Bethe-Ansatz-Problem,Inverse-Sinh-Squared/c = 1/BAforInverseSinhSquared c = 1.ipynb,77a19d193f0dfb415869a8b11ae95043a6993505,VU#123
570198864,darrenlei888/The-Interacting-Coulomb-Problem-as-a-Bethe-Ansatz-Problem,Inverse-Sinh-Squared/c = 1/BAforInverseSinhSquared c = 1.ipynb,77a19d193f0dfb415869a8b11ae95043a6993505,VU#70
570198864,darrenlei888/The-Interacting-Coulomb-Problem-as-a-Bethe-Ansatz-Problem,Inverse-Sinh-Squared/c = 1/BAforInverseSinhSquared c = 1.ipynb,77a19d193f0dfb415869a8b11ae95043a6993505,VU#634
570198864,darrenlei888/The-Interacting-Coulomb-Problem-as-a-Bethe-Ansatz-Problem,Inverse-Sinh-Squared/c = 1/BAforInverseSinhSquared c = 1.ipynb,77a19d193f0dfb415869a8b11ae95043a6993505,VU#785
570198864,darrenlei888/The-Interacting-Coulomb-Problem-as-a-Bethe-Ansatz-Problem,Inverse-Sinh-Squared/c = 1/BAforInverseSinhSquared c = 1.ipynb,77a19d193f0dfb415869a8b11ae95043a6993505,VU#7354
570198864,darrenlei888/The-Interacting-Coulomb-Problem-as-a-Bethe-Ansatz-Problem,Inverse-Sinh-Squared/c = 1/BAforInverseSinhSquared c = 1.ipynb,77a19d193f0dfb415869a8b11ae95043a6993505,VU#57
570198864,darrenlei888/The-Interacting-Coulomb-Problem-as-a-Bethe-Ansatz-Problem,Inverse-Sinh-Squared/c = 1/BAforInverseSinhSquared c = 1.ipynb,77a19d193f0dfb415869a8b11ae95043a6993505,VU#738
570198864,darrenlei888/The-Interacting-Coulomb-Problem-as-a-Bethe-Ansatz-Problem,Inverse-Sinh-Squared/c = 1/BAforInverseSinhSquared c = 1.ipynb,77a19d193f0dfb415869a8b11ae95043a6993505,VU#63
570198864,darrenlei888/The-Interacting-Coulomb-Problem-as-a-Bethe-Ansatz-Problem,Inverse-Sinh-Squared/c = 1/BAforInverseSinhSquared c = 1.ipynb,77a19d193f0dfb415869a8b11ae95043a6993505,VU#78
570198864,darrenlei888/The-Interacting-Coulomb-Problem-as-a-Bethe-Ansatz-Problem,Inverse-Sinh-Squared/c = 1/BAforInverseSinhSquared c = 1.ipynb,77a19d193f0dfb415869a8b11ae95043a6993505,VU#68
570198864,darrenlei888/The-Interacting-Coulomb-Problem-as-a-Bethe-Ansatz-Problem,Inverse-Sinh-Squared/c = 1/BAforInverseSinhSquared c = 1.ipynb,77a19d193f0dfb415869a8b11ae95043a6993505,VU#71
570198864,darrenlei888/The-Interacting-Coulomb-Problem-as-a-Bethe-Ansatz-Problem,Inverse-Sinh-Squared/c = 1/BAforInverseSinhSquared c = 1.ipynb,77a19d193f0dfb415869a8b11ae95043a6993505,VU#30
570198864,darrenlei888/The-Interacting-Coulomb-Problem-as-a-Bethe-Ansatz-Problem,Inverse-Sinh-Squared/c = 1/BAforInverseSinhSquared c = 1.ipynb,77a19d193f0dfb415869a8b11ae95043a6993505,VU#53
570198864,darrenlei888/The-Interacting-Coulomb-Problem-as-a-Bethe-Ansatz-Problem,Inverse-Sinh-Squared/c = 1/BAforInverseSinhSquared c = 1.ipynb,77a19d193f0dfb415869a8b11ae95043a6993505,VU#17
570198864,darrenlei888/The-Interacting-Coulomb-Problem-as-a-Bethe-Ansatz-Problem,Inverse-Sinh-Squared/c = 1/BAforInverseSinhSquared c = 1.ipynb,77a19d193f0dfb415869a8b11ae95043a6993505,VU#09
570198864,darrenlei888/The-Interacting-Coulomb-Problem-as-a-Bethe-Ansatz-Problem,Inverse-Sinh-Squared/c = 1/BAforInverseSinhSquared c = 1.ipynb,77a19d193f0dfb415869a8b11ae95043a6993505,VU#721
570198864,darrenlei888/The-Interacting-Coulomb-Problem-as-a-Bethe-Ansatz-Problem,Inverse-Sinh-Squared/c = 1/BAforInverseSinhSquared c = 1.ipynb,77a19d193f0dfb415869a8b11ae95043a6993505,VU#66
570198864,darrenlei888/The-Interacting-Coulomb-Problem-as-a-Bethe-Ansatz-Problem,Inverse-Sinh-Squared/c = 1/BAforInverseSinhSquared c = 1.ipynb,77a19d193f0dfb415869a8b11ae95043a6993505,VU#29
570198864,darrenlei888/The-Interacting-Coulomb-Problem-as-a-Bethe-Ansatz-Problem,Inverse-Sinh-Squared/c = 1/BAforInverseSinhSquared c = 1.ipynb,77a19d193f0dfb415869a8b11ae95043a6993505,VU#24
570198864,darrenlei888/The-Interacting-Coulomb-Problem-as-a-Bethe-Ansatz-Problem,Inverse-Sinh-Squared/c = 1/BAforInverseSinhSquared c = 1.ipynb,77a19d193f0dfb415869a8b11ae95043a6993505,VU#43
570198864,darrenlei888/The-Interacting-Coulomb-Problem-as-a-Bethe-Ansatz-Problem,Inverse-Sinh-Squared/c = 1/BAforInverseSinhSquared c = 1.ipynb,77a19d193f0dfb415869a8b11ae95043a6993505,VU#02
570198864,darrenlei888/The-Interacting-Coulomb-Problem-as-a-Bethe-Ansatz-Problem,Inverse-Sinh-Squared/c = 1/BAforInverseSinhSquared c = 1.ipynb,77a19d193f0dfb415869a8b11ae95043a6993505,VU#222074
570198864,darrenlei888/The-Interacting-Coulomb-Problem-as-a-Bethe-Ansatz-Problem,Inverse-Sinh-Squared/c = 1/BAforInverseSinhSquared c = 1.ipynb,77a19d193f0dfb415869a8b11ae95043a6993505,VU#222
570198864,darrenlei888/The-Interacting-Coulomb-Problem-as-a-Bethe-Ansatz-Problem,Inverse-Sinh-Squared/c = 1/BAforInverseSinhSquared c = 1.ipynb,77a19d193f0dfb415869a8b11ae95043a6993505,VU#44
570198864,darrenlei888/The-Interacting-Coulomb-Problem-as-a-Bethe-Ansatz-Problem,Inverse-Sinh-Squared/c = 1/BAforInverseSinhSquared c = 1.ipynb,77a19d193f0dfb415869a8b11ae95043a6993505,VU#88
570198864,darrenlei888/The-Interacting-Coulomb-Problem-as-a-Bethe-Ansatz-Problem,Inverse-Sinh-Squared/c = 1/BAforInverseSinhSquared c = 1.ipynb,77a19d193f0dfb415869a8b11ae95043a6993505,VU#89
570198864,darrenlei888/The-Interacting-Coulomb-Problem-as-a-Bethe-Ansatz-Problem,Inverse-Sinh-Squared/c = 1/BAforInverseSinhSquared c = 1.ipynb,77a19d193f0dfb415869a8b11ae95043a6993505,VU#36
570198864,darrenlei888/The-Interacting-Coulomb-Problem-as-a-Bethe-Ansatz-Problem,Inverse-Sinh-Squared/c = 1/BAforInverseSinhSquared c = 1.ipynb,77a19d193f0dfb415869a8b11ae95043a6993505,VU#25
570198864,darrenlei888/The-Interacting-Coulomb-Problem-as-a-Bethe-Ansatz-Problem,Inverse-Sinh-Squared/c = 1/BAforInverseSinhSquared c = 1.ipynb,77a19d193f0dfb415869a8b11ae95043a6993505,VU#45
570198864,darrenlei888/The-Interacting-Coulomb-Problem-as-a-Bethe-Ansatz-Problem,Inverse-Sinh-Squared/c = 1/BAforInverseSinhSquared c = 1.ipynb,77a19d193f0dfb415869a8b11ae95043a6993505,VU#35
570198864,darrenlei888/The-Interacting-Coulomb-Problem-as-a-Bethe-Ansatz-Problem,Inverse-Sinh-Squared/c = 1/BAforInverseSinhSquared c = 1.ipynb,77a19d193f0dfb415869a8b11ae95043a6993505,VU#97
570198864,darrenlei888/The-Interacting-Coulomb-Problem-as-a-Bethe-Ansatz-Problem,Inverse-Sinh-Squared/c = 1/BAforInverseSinhSquared c = 1.ipynb,77a19d193f0dfb415869a8b11ae95043a6993505,VU#450
570198864,darrenlei888/The-Interacting-Coulomb-Problem-as-a-Bethe-Ansatz-Problem,Inverse-Sinh-Squared/c = 1/BAforInverseSinhSquared c = 1.ipynb,77a19d193f0dfb415869a8b11ae95043a6993505,VU#050
570198864,darrenlei888/The-Interacting-Coulomb-Problem-as-a-Bethe-Ansatz-Problem,Inverse-Sinh-Squared/c = 1/BAforInverseSinhSquared c = 1.ipynb,77a19d193f0dfb415869a8b11ae95043a6993505,VU#87
570198864,darrenlei888/The-Interacting-Coulomb-Problem-as-a-Bethe-Ansatz-Problem,Inverse-Sinh-Squared/c = 1/BAforInverseSinhSquared c = 1.ipynb,77a19d193f0dfb415869a8b11ae95043a6993505,VU#96
570198864,darrenlei888/The-Interacting-Coulomb-Problem-as-a-Bethe-Ansatz-Problem,Inverse-Sinh-Squared/c = 1/BAforInverseSinhSquared c = 1.ipynb,77a19d193f0dfb415869a8b11ae95043a6993505,VU#045
570198864,darrenlei888/The-Interacting-Coulomb-Problem-as-a-Bethe-Ansatz-Problem,Inverse-Sinh-Squared/c = 1/BAforInverseSinhSquared c = 1.ipynb,77a19d193f0dfb415869a8b11ae95043a6993505,VU#31
570198864,darrenlei888/The-Interacting-Coulomb-Problem-as-a-Bethe-Ansatz-Problem,Inverse-Sinh-Squared/c = 1/BAforInverseSinhSquared c = 1.ipynb,77a19d193f0dfb415869a8b11ae95043a6993505,VU#95
570198864,darrenlei888/The-Interacting-Coulomb-Problem-as-a-Bethe-Ansatz-Problem,Inverse-Sinh-Squared/c = 1/BAforInverseSinhSquared c = 1.ipynb,77a19d193f0dfb415869a8b11ae95043a6993505,VU#91
570198864,darrenlei888/The-Interacting-Coulomb-Problem-as-a-Bethe-Ansatz-Problem,Inverse-Sinh-Squared/c = 1/BAforInverseSinhSquared c = 1.ipynb,77a19d193f0dfb415869a8b11ae95043a6993505,VU#23
570198864,darrenlei888/The-Interacting-Coulomb-Problem-as-a-Bethe-Ansatz-Problem,Inverse-Sinh-Squared/c = 1/BAforInverseSinhSquared c = 1.ipynb,77a19d193f0dfb415869a8b11ae95043a6993505,VU#40
570198864,darrenlei888/The-Interacting-Coulomb-Problem-as-a-Bethe-Ansatz-Problem,Inverse-Sinh-Squared/c = 1/BAforInverseSinhSquared c = 1.ipynb,77a19d193f0dfb415869a8b11ae95043a6993505,VU#04
570198864,darrenlei888/The-Interacting-Coulomb-Problem-as-a-Bethe-Ansatz-Problem,Inverse-Sinh-Squared/c = 1/BAforInverseSinhSquared c = 1.ipynb,77a19d193f0dfb415869a8b11ae95043a6993505,VU#922
570198864,darrenlei888/The-Interacting-Coulomb-Problem-as-a-Bethe-Ansatz-Problem,Inverse-Sinh-Squared/c = 1/BAforInverseSinhSquared c = 1.ipynb,77a19d193f0dfb415869a8b11ae95043a6993505,VU#9088
570198864,darrenlei888/The-Interacting-Coulomb-Problem-as-a-Bethe-Ansatz-Problem,Inverse-Sinh-Squared/c = 1/BAforInverseSinhSquared c = 1.ipynb,77a19d193f0dfb415869a8b11ae95043a6993505,VU#905
570198864,darrenlei888/The-Interacting-Coulomb-Problem-as-a-Bethe-Ansatz-Problem,Inverse-Sinh-Squared/c = 1/BAforInverseSinhSquared c = 1.ipynb,77a19d193f0dfb415869a8b11ae95043a6993505,VU#9277
570198864,darrenlei888/The-Interacting-Coulomb-Problem-as-a-Bethe-Ansatz-Problem,Inverse-Sinh-Squared/c = 1/BAforInverseSinhSquared c = 1.ipynb,77a19d193f0dfb415869a8b11ae95043a6993505,VU#90
570198864,darrenlei888/The-Interacting-Coulomb-Problem-as-a-Bethe-Ansatz-Problem,Inverse-Sinh-Squared/c = 1/BAforInverseSinhSquared c = 1.ipynb,77a19d193f0dfb415869a8b11ae95043a6993505,VU#2228
570198864,darrenlei888/The-Interacting-Coulomb-Problem-as-a-Bethe-Ansatz-Problem,Inverse-Sinh-Squared/c = 1/BAforInverseSinhSquared c = 1.ipynb,77a19d193f0dfb415869a8b11ae95043a6993505,VU#411
570198864,darrenlei888/The-Interacting-Coulomb-Problem-as-a-Bethe-Ansatz-Problem,Inverse-Sinh-Squared/c = 1/BAforInverseSinhSquared c = 1.ipynb,77a19d193f0dfb415869a8b11ae95043a6993505,VU#38
570198864,darrenlei888/The-Interacting-Coulomb-Problem-as-a-Bethe-Ansatz-Problem,Inverse-Sinh-Squared/c = 1/BAforInverseSinhSquared c = 1.ipynb,77a19d193f0dfb415869a8b11ae95043a6993505,VU#935
570198864,darrenlei888/The-Interacting-Coulomb-Problem-as-a-Bethe-Ansatz-Problem,Inverse-Sinh-Squared/c = 1/BAforInverseSinhSquared c = 1.ipynb,77a19d193f0dfb415869a8b11ae95043a6993505,VU#2225
570198864,darrenlei888/The-Interacting-Coulomb-Problem-as-a-Bethe-Ansatz-Problem,Inverse-Sinh-Squared/c = 1/BAforInverseSinhSquared c = 1.ipynb,77a19d193f0dfb415869a8b11ae95043a6993505,VU#42
570198864,darrenlei888/The-Interacting-Coulomb-Problem-as-a-Bethe-Ansatz-Problem,Inverse-Sinh-Squared/c = 1/BAforInverseSinhSquared c = 1.ipynb,77a19d193f0dfb415869a8b11ae95043a6993505,VU#0218
570198864,darrenlei888/The-Interacting-Coulomb-Problem-as-a-Bethe-Ansatz-Problem,Inverse-Sinh-Squared/c = 1/BAforInverseSinhSquared c = 1.ipynb,77a19d193f0dfb415869a8b11ae95043a6993505,VU#37
570198864,darrenlei888/The-Interacting-Coulomb-Problem-as-a-Bethe-Ansatz-Problem,Inverse-Sinh-Squared/c = 1/BAforInverseSinhSquared c = 1.ipynb,77a19d193f0dfb415869a8b11ae95043a6993505,VU#01
570198864,darrenlei888/The-Interacting-Coulomb-Problem-as-a-Bethe-Ansatz-Problem,Inverse-Sinh-Squared/c = 1/BAforInverseSinhSquared c = 1.ipynb,77a19d193f0dfb415869a8b11ae95043a6993505,VU#34
570198864,darrenlei888/The-Interacting-Coulomb-Problem-as-a-Bethe-Ansatz-Problem,Inverse-Sinh-Squared/c = 1/BAforInverseSinhSquared c = 1.ipynb,77a19d193f0dfb415869a8b11ae95043a6993505,VU#05
570198864,darrenlei888/The-Interacting-Coulomb-Problem-as-a-Bethe-Ansatz-Problem,Inverse-Sinh-Squared/c = 1/BAforInverseSinhSquared c = 1.ipynb,77a19d193f0dfb415869a8b11ae95043a6993505,VU#49
570198864,darrenlei888/The-Interacting-Coulomb-Problem-as-a-Bethe-Ansatz-Problem,Inverse-Sinh-Squared/c = 1/BAforInverseSinhSquared c = 1.ipynb,77a19d193f0dfb415869a8b11ae95043a6993505,VU#99
570198864,darrenlei888/The-Interacting-Coulomb-Problem-as-a-Bethe-Ansatz-Problem,Inverse-Sinh-Squared/c = 1/BAforInverseSinhSquared c = 1.ipynb,77a19d193f0dfb415869a8b11ae95043a6993505,VU#48
570198864,darrenlei888/The-Interacting-Coulomb-Problem-as-a-Bethe-Ansatz-Problem,Inverse-Sinh-Squared/c = 1/BAforInverseSinhSquared c = 1.ipynb,77a19d193f0dfb415869a8b11ae95043a6993505,VU#33
570198864,darrenlei888/The-Interacting-Coulomb-Problem-as-a-Bethe-Ansatz-Problem,Inverse-Sinh-Squared/c = 1/BAforInverseSinhSquared c = 1.ipynb,77a19d193f0dfb415869a8b11ae95043a6993505,VU#008
570198864,darrenlei888/The-Interacting-Coulomb-Problem-as-a-Bethe-Ansatz-Problem,Inverse-Sinh-Squared/c = 1/BAforInverseSinhSquared c = 1.ipynb,77a19d193f0dfb415869a8b11ae95043a6993505,VU#26
570198864,darrenlei888/The-Interacting-Coulomb-Problem-as-a-Bethe-Ansatz-Problem,Inverse-Sinh-Squared/c = 1/BAforInverseSinhSquared c = 1.ipynb,77a19d193f0dfb415869a8b11ae95043a6993505,VU#9978
570198864,darrenlei888/The-Interacting-Coulomb-Problem-as-a-Bethe-Ansatz-Problem,Inverse-Sinh-Squared/c = 1/BAforInverseSinhSquared c = 1.ipynb,77a19d193f0dfb415869a8b11ae95043a6993505,VU#86
570198864,darrenlei888/The-Interacting-Coulomb-Problem-as-a-Bethe-Ansatz-Problem,Inverse-Sinh-Squared/c = 1/BAforInverseSinhSquared c = 1.ipynb,77a19d193f0dfb415869a8b11ae95043a6993505,VU#32
570198864,darrenlei888/The-Interacting-Coulomb-Problem-as-a-Bethe-Ansatz-Problem,Inverse-Sinh-Squared/c = 1/BAforInverseSinhSquared c = 1.ipynb,77a19d193f0dfb415869a8b11ae95043a6993505,VU#266
570198864,darrenlei888/The-Interacting-Coulomb-Problem-as-a-Bethe-Ansatz-Problem,Inverse-Sinh-Squared/c = 1/BAforInverseSinhSquared c = 1.ipynb,77a19d193f0dfb415869a8b11ae95043a6993505,VU#21
570198864,darrenlei888/The-Interacting-Coulomb-Problem-as-a-Bethe-Ansatz-Problem,Inverse-Sinh-Squared/c = 1/BAforInverseSinhSquared c = 1.ipynb,77a19d193f0dfb415869a8b11ae95043a6993505,VU#07
570198864,darrenlei888/The-Interacting-Coulomb-Problem-as-a-Bethe-Ansatz-Problem,Inverse-Sinh-Squared/c = 1/BAforInverseSinhSquared c = 1.ipynb,77a19d193f0dfb415869a8b11ae95043a6993505,VU#83
570198864,darrenlei888/The-Interacting-Coulomb-Problem-as-a-Bethe-Ansatz-Problem,Inverse-Sinh-Squared/c = 1/BAforInverseSinhSquared c = 1.ipynb,77a19d193f0dfb415869a8b11ae95043a6993505,VU#85
570198864,darrenlei888/The-Interacting-Coulomb-Problem-as-a-Bethe-Ansatz-Problem,Inverse-Sinh-Squared/c = 1/BAforInverseSinhSquared c = 1.ipynb,77a19d193f0dfb415869a8b11ae95043a6993505,VU#47
570198864,darrenlei888/The-Interacting-Coulomb-Problem-as-a-Bethe-Ansatz-Problem,Inverse-Sinh-Squared/c = 1/BAforInverseSinhSquared c = 1.ipynb,77a19d193f0dfb415869a8b11ae95043a6993505,VU#22
570198864,darrenlei888/The-Interacting-Coulomb-Problem-as-a-Bethe-Ansatz-Problem,Inverse-Sinh-Squared/c = 1/BAforInverseSinhSquared c = 1.ipynb,77a19d193f0dfb415869a8b11ae95043a6993505,VU#065
570198864,darrenlei888/The-Interacting-Coulomb-Problem-as-a-Bethe-Ansatz-Problem,Inverse-Sinh-Squared/c = 1/BAforInverseSinhSquared c = 1.ipynb,77a19d193f0dfb415869a8b11ae95043a6993505,VU#06
570198864,darrenlei888/The-Interacting-Coulomb-Problem-as-a-Bethe-Ansatz-Problem,Inverse-Sinh-Squared/c = 1/BAforInverseSinhSquared c = 1.ipynb,77a19d193f0dfb415869a8b11ae95043a6993505,VU#98
570198864,darrenlei888/The-Interacting-Coulomb-Problem-as-a-Bethe-Ansatz-Problem,Inverse-Sinh-Squared/c = 1/BAforInverseSinhSquared c = 1.ipynb,77a19d193f0dfb415869a8b11ae95043a6993505,VU#46
570198864,darrenlei888/The-Interacting-Coulomb-Problem-as-a-Bethe-Ansatz-Problem,Inverse-Sinh-Squared/c = 1/BAforInverseSinhSquared c = 1.ipynb,77a19d193f0dfb415869a8b11ae95043a6993505,VU#8669
570198864,darrenlei888/The-Interacting-Coulomb-Problem-as-a-Bethe-Ansatz-Problem,Inverse-Sinh-Squared/c = 0.5/BAforInverseSinhSquared c = 0.5.ipynb,98c227b01e38d8339fc2c6bf5fa9456635daefda,VU#37
570198864,darrenlei888/The-Interacting-Coulomb-Problem-as-a-Bethe-Ansatz-Problem,Inverse-Sinh-Squared/c = 0.5/BAforInverseSinhSquared c = 0.5.ipynb,98c227b01e38d8339fc2c6bf5fa9456635daefda,VU#95
570198864,darrenlei888/The-Interacting-Coulomb-Problem-as-a-Bethe-Ansatz-Problem,Inverse-Sinh-Squared/c = 0.5/BAforInverseSinhSquared c = 0.5.ipynb,98c227b01e38d8339fc2c6bf5fa9456635daefda,VU#59
570198864,darrenlei888/The-Interacting-Coulomb-Problem-as-a-Bethe-Ansatz-Problem,Inverse-Sinh-Squared/c = 0.5/BAforInverseSinhSquared c = 0.5.ipynb,98c227b01e38d8339fc2c6bf5fa9456635daefda,VU#72
570198864,darrenlei888/The-Interacting-Coulomb-Problem-as-a-Bethe-Ansatz-Problem,Inverse-Sinh-Squared/c = 0.5/BAforInverseSinhSquared c = 0.5.ipynb,98c227b01e38d8339fc2c6bf5fa9456635daefda,VU#65
570198864,darrenlei888/The-Interacting-Coulomb-Problem-as-a-Bethe-Ansatz-Problem,Inverse-Sinh-Squared/c = 0.5/BAforInverseSinhSquared c = 0.5.ipynb,98c227b01e38d8339fc2c6bf5fa9456635daefda,VU#29
570198864,darrenlei888/The-Interacting-Coulomb-Problem-as-a-Bethe-Ansatz-Problem,Inverse-Sinh-Squared/c = 0.5/BAforInverseSinhSquared c = 0.5.ipynb,98c227b01e38d8339fc2c6bf5fa9456635daefda,VU#713
570198864,darrenlei888/The-Interacting-Coulomb-Problem-as-a-Bethe-Ansatz-Problem,Inverse-Sinh-Squared/c = 0.5/BAforInverseSinhSquared c = 0.5.ipynb,98c227b01e38d8339fc2c6bf5fa9456635daefda,VU#664
570198864,darrenlei888/The-Interacting-Coulomb-Problem-as-a-Bethe-Ansatz-Problem,Inverse-Sinh-Squared/c = 0.5/BAforInverseSinhSquared c = 0.5.ipynb,98c227b01e38d8339fc2c6bf5fa9456635daefda,VU#65566
570198864,darrenlei888/The-Interacting-Coulomb-Problem-as-a-Bethe-Ansatz-Problem,Inverse-Sinh-Squared/c = 0.5/BAforInverseSinhSquared c = 0.5.ipynb,98c227b01e38d8339fc2c6bf5fa9456635daefda,VU#99
570198864,darrenlei888/The-Interacting-Coulomb-Problem-as-a-Bethe-Ansatz-Problem,Inverse-Sinh-Squared/c = 0.5/BAforInverseSinhSquared c = 0.5.ipynb,98c227b01e38d8339fc2c6bf5fa9456635daefda,VU#322
570198864,darrenlei888/The-Interacting-Coulomb-Problem-as-a-Bethe-Ansatz-Problem,Inverse-Sinh-Squared/c = 0.5/BAforInverseSinhSquared c = 0.5.ipynb,98c227b01e38d8339fc2c6bf5fa9456635daefda,VU#93
570198864,darrenlei888/The-Interacting-Coulomb-Problem-as-a-Bethe-Ansatz-Problem,Inverse-Sinh-Squared/c = 0.5/BAforInverseSinhSquared c = 0.5.ipynb,98c227b01e38d8339fc2c6bf5fa9456635daefda,VU#24
570198864,darrenlei888/The-Interacting-Coulomb-Problem-as-a-Bethe-Ansatz-Problem,Inverse-Sinh-Squared/c = 0.5/BAforInverseSinhSquared c = 0.5.ipynb,98c227b01e38d8339fc2c6bf5fa9456635daefda,VU#581
570198864,darrenlei888/The-Interacting-Coulomb-Problem-as-a-Bethe-Ansatz-Problem,Inverse-Sinh-Squared/c = 0.5/BAforInverseSinhSquared c = 0.5.ipynb,98c227b01e38d8339fc2c6bf5fa9456635daefda,VU#39
570198864,darrenlei888/The-Interacting-Coulomb-Problem-as-a-Bethe-Ansatz-Problem,Inverse-Sinh-Squared/c = 0.5/BAforInverseSinhSquared c = 0.5.ipynb,98c227b01e38d8339fc2c6bf5fa9456635daefda,VU#73
570198864,darrenlei888/The-Interacting-Coulomb-Problem-as-a-Bethe-Ansatz-Problem,Inverse-Sinh-Squared/c = 0.5/BAforInverseSinhSquared c = 0.5.ipynb,98c227b01e38d8339fc2c6bf5fa9456635daefda,VU#32
570198864,darrenlei888/The-Interacting-Coulomb-Problem-as-a-Bethe-Ansatz-Problem,Inverse-Sinh-Squared/c = 0.5/BAforInverseSinhSquared c = 0.5.ipynb,98c227b01e38d8339fc2c6bf5fa9456635daefda,VU#58
570198864,darrenlei888/The-Interacting-Coulomb-Problem-as-a-Bethe-Ansatz-Problem,Inverse-Sinh-Squared/c = 0.5/BAforInverseSinhSquared c = 0.5.ipynb,98c227b01e38d8339fc2c6bf5fa9456635daefda,VU#28
570198864,darrenlei888/The-Interacting-Coulomb-Problem-as-a-Bethe-Ansatz-Problem,Inverse-Sinh-Squared/c = 0.5/BAforInverseSinhSquared c = 0.5.ipynb,98c227b01e38d8339fc2c6bf5fa9456635daefda,VU#11
570198864,darrenlei888/The-Interacting-Coulomb-Problem-as-a-Bethe-Ansatz-Problem,Inverse-Sinh-Squared/c = 0.5/BAforInverseSinhSquared c = 0.5.ipynb,98c227b01e38d8339fc2c6bf5fa9456635daefda,VU#27
570198864,darrenlei888/The-Interacting-Coulomb-Problem-as-a-Bethe-Ansatz-Problem,Inverse-Sinh-Squared/c = 0.5/BAforInverseSinhSquared c = 0.5.ipynb,98c227b01e38d8339fc2c6bf5fa9456635daefda,VU#03
570198864,darrenlei888/The-Interacting-Coulomb-Problem-as-a-Bethe-Ansatz-Problem,Inverse-Sinh-Squared/c = 0.5/BAforInverseSinhSquared c = 0.5.ipynb,98c227b01e38d8339fc2c6bf5fa9456635daefda,VU#666
570198864,darrenlei888/The-Interacting-Coulomb-Problem-as-a-Bethe-Ansatz-Problem,Inverse-Sinh-Squared/c = 0.5/BAforInverseSinhSquared c = 0.5.ipynb,98c227b01e38d8339fc2c6bf5fa9456635daefda,VU#68
570198864,darrenlei888/The-Interacting-Coulomb-Problem-as-a-Bethe-Ansatz-Problem,Inverse-Sinh-Squared/c = 0.5/BAforInverseSinhSquared c = 0.5.ipynb,98c227b01e38d8339fc2c6bf5fa9456635daefda,VU#989
570198864,darrenlei888/The-Interacting-Coulomb-Problem-as-a-Bethe-Ansatz-Problem,Inverse-Sinh-Squared/c = 0.5/BAforInverseSinhSquared c = 0.5.ipynb,98c227b01e38d8339fc2c6bf5fa9456635daefda,VU#63
570198864,darrenlei888/The-Interacting-Coulomb-Problem-as-a-Bethe-Ansatz-Problem,Inverse-Sinh-Squared/c = 0.5/BAforInverseSinhSquared c = 0.5.ipynb,98c227b01e38d8339fc2c6bf5fa9456635daefda,VU#34
570198864,darrenlei888/The-Interacting-Coulomb-Problem-as-a-Bethe-Ansatz-Problem,Inverse-Sinh-Squared/c = 0.5/BAforInverseSinhSquared c = 0.5.ipynb,98c227b01e38d8339fc2c6bf5fa9456635daefda,VU#683
570198864,darrenlei888/The-Interacting-Coulomb-Problem-as-a-Bethe-Ansatz-Problem,Inverse-Sinh-Squared/c = 0.5/BAforInverseSinhSquared c = 0.5.ipynb,98c227b01e38d8339fc2c6bf5fa9456635daefda,VU#30
570198864,darrenlei888/The-Interacting-Coulomb-Problem-as-a-Bethe-Ansatz-Problem,Inverse-Sinh-Squared/c = 0.5/BAforInverseSinhSquared c = 0.5.ipynb,98c227b01e38d8339fc2c6bf5fa9456635daefda,VU#01
570198864,darrenlei888/The-Interacting-Coulomb-Problem-as-a-Bethe-Ansatz-Problem,Inverse-Sinh-Squared/c = 0.5/BAforInverseSinhSquared c = 0.5.ipynb,98c227b01e38d8339fc2c6bf5fa9456635daefda,VU#12
570198864,darrenlei888/The-Interacting-Coulomb-Problem-as-a-Bethe-Ansatz-Problem,Inverse-Sinh-Squared/c = 0.5/BAforInverseSinhSquared c = 0.5.ipynb,98c227b01e38d8339fc2c6bf5fa9456635daefda,VU#69
570198864,darrenlei888/The-Interacting-Coulomb-Problem-as-a-Bethe-Ansatz-Problem,Inverse-Sinh-Squared/c = 0.5/BAforInverseSinhSquared c = 0.5.ipynb,98c227b01e38d8339fc2c6bf5fa9456635daefda,VU#339
570198864,darrenlei888/The-Interacting-Coulomb-Problem-as-a-Bethe-Ansatz-Problem,Inverse-Sinh-Squared/c = 0.5/BAforInverseSinhSquared c = 0.5.ipynb,98c227b01e38d8339fc2c6bf5fa9456635daefda,VU#62
570198864,darrenlei888/The-Interacting-Coulomb-Problem-as-a-Bethe-Ansatz-Problem,Inverse-Sinh-Squared/c = 0.5/BAforInverseSinhSquared c = 0.5.ipynb,98c227b01e38d8339fc2c6bf5fa9456635daefda,VU#26
570198864,darrenlei888/The-Interacting-Coulomb-Problem-as-a-Bethe-Ansatz-Problem,Inverse-Sinh-Squared/c = 0.5/BAforInverseSinhSquared c = 0.5.ipynb,98c227b01e38d8339fc2c6bf5fa9456635daefda,VU#35
570198864,darrenlei888/The-Interacting-Coulomb-Problem-as-a-Bethe-Ansatz-Problem,Inverse-Sinh-Squared/c = 0.5/BAforInverseSinhSquared c = 0.5.ipynb,98c227b01e38d8339fc2c6bf5fa9456635daefda,VU#97
570198864,darrenlei888/The-Interacting-Coulomb-Problem-as-a-Bethe-Ansatz-Problem,Inverse-Sinh-Squared/c = 0.5/BAforInverseSinhSquared c = 0.5.ipynb,98c227b01e38d8339fc2c6bf5fa9456635daefda,VU#18
570198864,darrenlei888/The-Interacting-Coulomb-Problem-as-a-Bethe-Ansatz-Problem,Inverse-Sinh-Squared/c = 0.5/BAforInverseSinhSquared c = 0.5.ipynb,98c227b01e38d8339fc2c6bf5fa9456635daefda,VU#25
570198864,darrenlei888/The-Interacting-Coulomb-Problem-as-a-Bethe-Ansatz-Problem,Inverse-Sinh-Squared/c = 0.5/BAforInverseSinhSquared c = 0.5.ipynb,98c227b01e38d8339fc2c6bf5fa9456635daefda,VU#64
570198864,darrenlei888/The-Interacting-Coulomb-Problem-as-a-Bethe-Ansatz-Problem,Inverse-Sinh-Squared/c = 0.5/BAforInverseSinhSquared c = 0.5.ipynb,98c227b01e38d8339fc2c6bf5fa9456635daefda,VU#96
570198864,darrenlei888/The-Interacting-Coulomb-Problem-as-a-Bethe-Ansatz-Problem,Inverse-Sinh-Squared/c = 0.5/BAforInverseSinhSquared c = 0.5.ipynb,98c227b01e38d8339fc2c6bf5fa9456635daefda,VU#70
570198864,darrenlei888/The-Interacting-Coulomb-Problem-as-a-Bethe-Ansatz-Problem,Inverse-Sinh-Squared/c = 0.5/BAforInverseSinhSquared c = 0.5.ipynb,98c227b01e38d8339fc2c6bf5fa9456635daefda,VU#13
570198864,darrenlei888/The-Interacting-Coulomb-Problem-as-a-Bethe-Ansatz-Problem,Inverse-Sinh-Squared/c = 0.5/BAforInverseSinhSquared c = 0.5.ipynb,98c227b01e38d8339fc2c6bf5fa9456635daefda,VU#98
570198864,darrenlei888/The-Interacting-Coulomb-Problem-as-a-Bethe-Ansatz-Problem,Inverse-Sinh-Squared/c = 0.5/BAforInverseSinhSquared c = 0.5.ipynb,98c227b01e38d8339fc2c6bf5fa9456635daefda,VU#667
570198864,darrenlei888/The-Interacting-Coulomb-Problem-as-a-Bethe-Ansatz-Problem,Inverse-Sinh-Squared/c = 0.5/BAforInverseSinhSquared c = 0.5.ipynb,98c227b01e38d8339fc2c6bf5fa9456635daefda,VU#369
570198864,darrenlei888/The-Interacting-Coulomb-Problem-as-a-Bethe-Ansatz-Problem,Inverse-Sinh-Squared/c = 0.5/BAforInverseSinhSquared c = 0.5.ipynb,98c227b01e38d8339fc2c6bf5fa9456635daefda,VU#246
570198864,darrenlei888/The-Interacting-Coulomb-Problem-as-a-Bethe-Ansatz-Problem,Inverse-Sinh-Squared/c = 0.5/BAforInverseSinhSquared c = 0.5.ipynb,98c227b01e38d8339fc2c6bf5fa9456635daefda,VU#315
570198864,darrenlei888/The-Interacting-Coulomb-Problem-as-a-Bethe-Ansatz-Problem,Inverse-Sinh-Squared/c = 0.5/BAforInverseSinhSquared c = 0.5.ipynb,98c227b01e38d8339fc2c6bf5fa9456635daefda,VU#17
570198864,darrenlei888/The-Interacting-Coulomb-Problem-as-a-Bethe-Ansatz-Problem,Inverse-Sinh-Squared/c = 0.5/BAforInverseSinhSquared c = 0.5.ipynb,98c227b01e38d8339fc2c6bf5fa9456635daefda,VU#33
570198864,darrenlei888/The-Interacting-Coulomb-Problem-as-a-Bethe-Ansatz-Problem,Inverse-Sinh-Squared/c = 0.5/BAforInverseSinhSquared c = 0.5.ipynb,98c227b01e38d8339fc2c6bf5fa9456635daefda,VU#02
570198864,darrenlei888/The-Interacting-Coulomb-Problem-as-a-Bethe-Ansatz-Problem,Inverse-Sinh-Squared/c = 0.5/BAforInverseSinhSquared c = 0.5.ipynb,98c227b01e38d8339fc2c6bf5fa9456635daefda,VU#703
570198864,darrenlei888/The-Interacting-Coulomb-Problem-as-a-Bethe-Ansatz-Problem,Inverse-Sinh-Squared/c = 0.5/BAforInverseSinhSquared c = 0.5.ipynb,98c227b01e38d8339fc2c6bf5fa9456635daefda,VU#67
570198864,darrenlei888/The-Interacting-Coulomb-Problem-as-a-Bethe-Ansatz-Problem,Inverse-Sinh-Squared/c = 0.5/BAforInverseSinhSquared c = 0.5.ipynb,98c227b01e38d8339fc2c6bf5fa9456635daefda,VU#261
570198864,darrenlei888/The-Interacting-Coulomb-Problem-as-a-Bethe-Ansatz-Problem,Inverse-Sinh-Squared/c = 0.5/BAforInverseSinhSquared c = 0.5.ipynb,98c227b01e38d8339fc2c6bf5fa9456635daefda,VU#116
570198864,darrenlei888/The-Interacting-Coulomb-Problem-as-a-Bethe-Ansatz-Problem,Inverse-Sinh-Squared/c = 0.5/BAforInverseSinhSquared c = 0.5.ipynb,98c227b01e38d8339fc2c6bf5fa9456635daefda,VU#36
570198864,darrenlei888/The-Interacting-Coulomb-Problem-as-a-Bethe-Ansatz-Problem,Inverse-Sinh-Squared/c = 0.5/BAforInverseSinhSquared c = 0.5.ipynb,98c227b01e38d8339fc2c6bf5fa9456635daefda,VU#15
570198864,darrenlei888/The-Interacting-Coulomb-Problem-as-a-Bethe-Ansatz-Problem,Inverse-Sinh-Squared/c = 0.5/BAforInverseSinhSquared c = 0.5.ipynb,98c227b01e38d8339fc2c6bf5fa9456635daefda,VU#60
570198864,darrenlei888/The-Interacting-Coulomb-Problem-as-a-Bethe-Ansatz-Problem,Inverse-Sinh-Squared/c = 0.5/BAforInverseSinhSquared c = 0.5.ipynb,98c227b01e38d8339fc2c6bf5fa9456635daefda,VU#49
570198864,darrenlei888/The-Interacting-Coulomb-Problem-as-a-Bethe-Ansatz-Problem,Inverse-Sinh-Squared/c = 0.5/BAforInverseSinhSquared c = 0.5.ipynb,98c227b01e38d8339fc2c6bf5fa9456635daefda,VU#04
570198864,darrenlei888/The-Interacting-Coulomb-Problem-as-a-Bethe-Ansatz-Problem,Inverse-Sinh-Squared/c = 0.5/BAforInverseSinhSquared c = 0.5.ipynb,98c227b01e38d8339fc2c6bf5fa9456635daefda,VU#79
570198864,darrenlei888/The-Interacting-Coulomb-Problem-as-a-Bethe-Ansatz-Problem,Inverse-Sinh-Squared/c = 0.5/BAforInverseSinhSquared c = 0.5.ipynb,98c227b01e38d8339fc2c6bf5fa9456635daefda,VU#523
570198864,darrenlei888/The-Interacting-Coulomb-Problem-as-a-Bethe-Ansatz-Problem,Inverse-Sinh-Squared/c = 0.5/BAforInverseSinhSquared c = 0.5.ipynb,98c227b01e38d8339fc2c6bf5fa9456635daefda,VU#87
570198864,darrenlei888/The-Interacting-Coulomb-Problem-as-a-Bethe-Ansatz-Problem,Inverse-Sinh-Squared/c = 0.5/BAforInverseSinhSquared c = 0.5.ipynb,98c227b01e38d8339fc2c6bf5fa9456635daefda,VU#875
570198864,darrenlei888/The-Interacting-Coulomb-Problem-as-a-Bethe-Ansatz-Problem,Inverse-Sinh-Squared/c = 0.5/BAforInverseSinhSquared c = 0.5.ipynb,98c227b01e38d8339fc2c6bf5fa9456635daefda,VU#78
570198864,darrenlei888/The-Interacting-Coulomb-Problem-as-a-Bethe-Ansatz-Problem,Inverse-Sinh-Squared/c = 0.5/BAforInverseSinhSquared c = 0.5.ipynb,98c227b01e38d8339fc2c6bf5fa9456635daefda,VU#23
570198864,darrenlei888/The-Interacting-Coulomb-Problem-as-a-Bethe-Ansatz-Problem,Inverse-Sinh-Squared/c = 0.5/BAforInverseSinhSquared c = 0.5.ipynb,98c227b01e38d8339fc2c6bf5fa9456635daefda,VU#20
570198864,darrenlei888/The-Interacting-Coulomb-Problem-as-a-Bethe-Ansatz-Problem,Inverse-Sinh-Squared/c = 0.5/BAforInverseSinhSquared c = 0.5.ipynb,98c227b01e38d8339fc2c6bf5fa9456635daefda,VU#09
570198864,darrenlei888/The-Interacting-Coulomb-Problem-as-a-Bethe-Ansatz-Problem,Inverse-Sinh-Squared/c = 0.5/BAforInverseSinhSquared c = 0.5.ipynb,98c227b01e38d8339fc2c6bf5fa9456635daefda,VU#31
570198864,darrenlei888/The-Interacting-Coulomb-Problem-as-a-Bethe-Ansatz-Problem,Inverse-Sinh-Squared/c = 0.5/BAforInverseSinhSquared c = 0.5.ipynb,98c227b01e38d8339fc2c6bf5fa9456635daefda,VU#54
570198864,darrenlei888/The-Interacting-Coulomb-Problem-as-a-Bethe-Ansatz-Problem,Inverse-Sinh-Squared/c = 0.5/BAforInverseSinhSquared c = 0.5.ipynb,98c227b01e38d8339fc2c6bf5fa9456635daefda,VU#05
570198864,darrenlei888/The-Interacting-Coulomb-Problem-as-a-Bethe-Ansatz-Problem,Inverse-Sinh-Squared/c = 0.5/BAforInverseSinhSquared c = 0.5.ipynb,98c227b01e38d8339fc2c6bf5fa9456635daefda,VU#88
570198864,darrenlei888/The-Interacting-Coulomb-Problem-as-a-Bethe-Ansatz-Problem,Inverse-Sinh-Squared/c = 0.5/BAforInverseSinhSquared c = 0.5.ipynb,98c227b01e38d8339fc2c6bf5fa9456635daefda,VU#7663
570198864,darrenlei888/The-Interacting-Coulomb-Problem-as-a-Bethe-Ansatz-Problem,Inverse-Sinh-Squared/c = 0.5/BAforInverseSinhSquared c = 0.5.ipynb,98c227b01e38d8339fc2c6bf5fa9456635daefda,VU#44
570198864,darrenlei888/The-Interacting-Coulomb-Problem-as-a-Bethe-Ansatz-Problem,Inverse-Sinh-Squared/c = 0.5/BAforInverseSinhSquared c = 0.5.ipynb,98c227b01e38d8339fc2c6bf5fa9456635daefda,VU#45
570198864,darrenlei888/The-Interacting-Coulomb-Problem-as-a-Bethe-Ansatz-Problem,Inverse-Sinh-Squared/c = 0.5/BAforInverseSinhSquared c = 0.5.ipynb,98c227b01e38d8339fc2c6bf5fa9456635daefda,VU#46
570198864,darrenlei888/The-Interacting-Coulomb-Problem-as-a-Bethe-Ansatz-Problem,Inverse-Sinh-Squared/c = 0.5/BAforInverseSinhSquared c = 0.5.ipynb,98c227b01e38d8339fc2c6bf5fa9456635daefda,VU#22
570198864,darrenlei888/The-Interacting-Coulomb-Problem-as-a-Bethe-Ansatz-Problem,Inverse-Sinh-Squared/c = 0.5/BAforInverseSinhSquared c = 0.5.ipynb,98c227b01e38d8339fc2c6bf5fa9456635daefda,VU#08
570198864,darrenlei888/The-Interacting-Coulomb-Problem-as-a-Bethe-Ansatz-Problem,Inverse-Sinh-Squared/c = 0.5/BAforInverseSinhSquared c = 0.5.ipynb,98c227b01e38d8339fc2c6bf5fa9456635daefda,VU#82
570198864,darrenlei888/The-Interacting-Coulomb-Problem-as-a-Bethe-Ansatz-Problem,Inverse-Sinh-Squared/c = 0.5/BAforInverseSinhSquared c = 0.5.ipynb,98c227b01e38d8339fc2c6bf5fa9456635daefda,VU#66
570198864,darrenlei888/The-Interacting-Coulomb-Problem-as-a-Bethe-Ansatz-Problem,Inverse-Sinh-Squared/c = 0.5/BAforInverseSinhSquared c = 0.5.ipynb,98c227b01e38d8339fc2c6bf5fa9456635daefda,VU#07
570198864,darrenlei888/The-Interacting-Coulomb-Problem-as-a-Bethe-Ansatz-Problem,Inverse-Sinh-Squared/c = 0.5/BAforInverseSinhSquared c = 0.5.ipynb,98c227b01e38d8339fc2c6bf5fa9456635daefda,VU#84
570198864,darrenlei888/The-Interacting-Coulomb-Problem-as-a-Bethe-Ansatz-Problem,Inverse-Sinh-Squared/c = 0.5/BAforInverseSinhSquared c = 0.5.ipynb,98c227b01e38d8339fc2c6bf5fa9456635daefda,VU#48
570198864,darrenlei888/The-Interacting-Coulomb-Problem-as-a-Bethe-Ansatz-Problem,Inverse-Sinh-Squared/c = 0.5/BAforInverseSinhSquared c = 0.5.ipynb,98c227b01e38d8339fc2c6bf5fa9456635daefda,VU#843
570198864,darrenlei888/The-Interacting-Coulomb-Problem-as-a-Bethe-Ansatz-Problem,Inverse-Sinh-Squared/c = 0.5/BAforInverseSinhSquared c = 0.5.ipynb,98c227b01e38d8339fc2c6bf5fa9456635daefda,VU#849
570198864,darrenlei888/The-Interacting-Coulomb-Problem-as-a-Bethe-Ansatz-Problem,Inverse-Sinh-Squared/c = 0.5/BAforInverseSinhSquared c = 0.5.ipynb,98c227b01e38d8339fc2c6bf5fa9456635daefda,VU#50
570198864,darrenlei888/The-Interacting-Coulomb-Problem-as-a-Bethe-Ansatz-Problem,Inverse-Sinh-Squared/c = 0.5/BAforInverseSinhSquared c = 0.5.ipynb,98c227b01e38d8339fc2c6bf5fa9456635daefda,VU#85
570198864,darrenlei888/The-Interacting-Coulomb-Problem-as-a-Bethe-Ansatz-Problem,Inverse-Sinh-Squared/c = 0.5/BAforInverseSinhSquared c = 0.5.ipynb,98c227b01e38d8339fc2c6bf5fa9456635daefda,VU#47
570198864,darrenlei888/The-Interacting-Coulomb-Problem-as-a-Bethe-Ansatz-Problem,Inverse-Sinh-Squared/c = 0.5/BAforInverseSinhSquared c = 0.5.ipynb,98c227b01e38d8339fc2c6bf5fa9456635daefda,VU#506
570198864,darrenlei888/The-Interacting-Coulomb-Problem-as-a-Bethe-Ansatz-Problem,Inverse-Sinh-Squared/c = 0.5/BAforInverseSinhSquared c = 0.5.ipynb,98c227b01e38d8339fc2c6bf5fa9456635daefda,VU#850
570198864,darrenlei888/The-Interacting-Coulomb-Problem-as-a-Bethe-Ansatz-Problem,Inverse-Sinh-Squared/c = 0.5/BAforInverseSinhSquared c = 0.5.ipynb,98c227b01e38d8339fc2c6bf5fa9456635daefda,VU#200
570198864,darrenlei888/The-Interacting-Coulomb-Problem-as-a-Bethe-Ansatz-Problem,Inverse-Sinh-Squared/c = 0.5/BAforInverseSinhSquared c = 0.5.ipynb,98c227b01e38d8339fc2c6bf5fa9456635daefda,VU#80
570198864,darrenlei888/The-Interacting-Coulomb-Problem-as-a-Bethe-Ansatz-Problem,Inverse-Sinh-Squared/c = 0.5/BAforInverseSinhSquared c = 0.5.ipynb,98c227b01e38d8339fc2c6bf5fa9456635daefda,VU#51
570198864,darrenlei888/The-Interacting-Coulomb-Problem-as-a-Bethe-Ansatz-Problem,Inverse-Sinh-Squared/c = 0.5/BAforInverseSinhSquared c = 0.5.ipynb,98c227b01e38d8339fc2c6bf5fa9456635daefda,VU#89
570198864,darrenlei888/The-Interacting-Coulomb-Problem-as-a-Bethe-Ansatz-Problem,Inverse-Sinh-Squared/c = 0.5/BAforInverseSinhSquared c = 0.5.ipynb,98c227b01e38d8339fc2c6bf5fa9456635daefda,VU#55
570198864,darrenlei888/The-Interacting-Coulomb-Problem-as-a-Bethe-Ansatz-Problem,Inverse-Sinh-Squared/c = 0.5/BAforInverseSinhSquared c = 0.5.ipynb,98c227b01e38d8339fc2c6bf5fa9456635daefda,VU#53
570198864,darrenlei888/The-Interacting-Coulomb-Problem-as-a-Bethe-Ansatz-Problem,Inverse-Sinh-Squared/c = 0.5/BAforInverseSinhSquared c = 0.5.ipynb,98c227b01e38d8339fc2c6bf5fa9456635daefda,VU#43
570198864,darrenlei888/The-Interacting-Coulomb-Problem-as-a-Bethe-Ansatz-Problem,Inverse-Sinh-Squared/c = 0.5/BAforInverseSinhSquared c = 0.5.ipynb,98c227b01e38d8339fc2c6bf5fa9456635daefda,VU#91
570198864,darrenlei888/The-Interacting-Coulomb-Problem-as-a-Bethe-Ansatz-Problem,Inverse-Sinh-Squared/c = 0.5/BAforInverseSinhSquared c = 0.5.ipynb,98c227b01e38d8339fc2c6bf5fa9456635daefda,VU#40
570198864,darrenlei888/The-Interacting-Coulomb-Problem-as-a-Bethe-Ansatz-Problem,Inverse-Sinh-Squared/c = 0.5/BAforInverseSinhSquared c = 0.5.ipynb,98c227b01e38d8339fc2c6bf5fa9456635daefda,VU#569
570198864,darrenlei888/The-Interacting-Coulomb-Problem-as-a-Bethe-Ansatz-Problem,Inverse-Sinh-Squared/c = 0.5/BAforInverseSinhSquared c = 0.5.ipynb,98c227b01e38d8339fc2c6bf5fa9456635daefda,VU#41
570198864,darrenlei888/The-Interacting-Coulomb-Problem-as-a-Bethe-Ansatz-Problem,Inverse-Sinh-Squared/c = 0.5/BAforInverseSinhSquared c = 0.5.ipynb,98c227b01e38d8339fc2c6bf5fa9456635daefda,VU#184
570198864,darrenlei888/The-Interacting-Coulomb-Problem-as-a-Bethe-Ansatz-Problem,Inverse-Sinh-Squared/c = 0.5/BAforInverseSinhSquared c = 0.5.ipynb,98c227b01e38d8339fc2c6bf5fa9456635daefda,VU#74
570198864,darrenlei888/The-Interacting-Coulomb-Problem-as-a-Bethe-Ansatz-Problem,Inverse-Sinh-Squared/c = 0.5/BAforInverseSinhSquared c = 0.5.ipynb,98c227b01e38d8339fc2c6bf5fa9456635daefda,VU#90
570198864,darrenlei888/The-Interacting-Coulomb-Problem-as-a-Bethe-Ansatz-Problem,Inverse-Sinh-Squared/c = 0.5/BAforInverseSinhSquared c = 0.5.ipynb,98c227b01e38d8339fc2c6bf5fa9456635daefda,VU#187
570198864,darrenlei888/The-Interacting-Coulomb-Problem-as-a-Bethe-Ansatz-Problem,Inverse-Sinh-Squared/c = 0.5/BAforInverseSinhSquared c = 0.5.ipynb,98c227b01e38d8339fc2c6bf5fa9456635daefda,VU#75
570198864,darrenlei888/The-Interacting-Coulomb-Problem-as-a-Bethe-Ansatz-Problem,Inverse-Sinh-Squared/c = 0.5/BAforInverseSinhSquared c = 0.5.ipynb,98c227b01e38d8339fc2c6bf5fa9456635daefda,VU#10
570198864,darrenlei888/The-Interacting-Coulomb-Problem-as-a-Bethe-Ansatz-Problem,Inverse-Sinh-Squared/c = 0.5/BAforInverseSinhSquared c = 0.5.ipynb,98c227b01e38d8339fc2c6bf5fa9456635daefda,VU#495
570198864,darrenlei888/The-Interacting-Coulomb-Problem-as-a-Bethe-Ansatz-Problem,Inverse-Sinh-Squared/c = 0.5/BAforInverseSinhSquared c = 0.5.ipynb,98c227b01e38d8339fc2c6bf5fa9456635daefda,VU#756
570198864,darrenlei888/The-Interacting-Coulomb-Problem-as-a-Bethe-Ansatz-Problem,Inverse-Sinh-Squared/c = 0.5/BAforInverseSinhSquared c = 0.5.ipynb,98c227b01e38d8339fc2c6bf5fa9456635daefda,VU#19
570198864,darrenlei888/The-Interacting-Coulomb-Problem-as-a-Bethe-Ansatz-Problem,Inverse-Sinh-Squared/c = 0.5/BAforInverseSinhSquared c = 0.5.ipynb,98c227b01e38d8339fc2c6bf5fa9456635daefda,VU#899
570198864,darrenlei888/The-Interacting-Coulomb-Problem-as-a-Bethe-Ansatz-Problem,Lorentzian/Lorentzian normks.npy,dd4ef2e95bda3fcf6448cb2996152866516f8255,VU#81
570198864,darrenlei888/The-Interacting-Coulomb-Problem-as-a-Bethe-Ansatz-Problem,Gaussian/Gaussian.ipynb,e65887c395c100f4dcc86fd2720a342bec2a9841,VU#8847
570198864,darrenlei888/The-Interacting-Coulomb-Problem-as-a-Bethe-Ansatz-Problem,Gaussian/Gaussian.ipynb,e65887c395c100f4dcc86fd2720a342bec2a9841,VU#08
570198864,darrenlei888/The-Interacting-Coulomb-Problem-as-a-Bethe-Ansatz-Problem,Gaussian/Gaussian.ipynb,e65887c395c100f4dcc86fd2720a342bec2a9841,VU#9018
570198864,darrenlei888/The-Interacting-Coulomb-Problem-as-a-Bethe-Ansatz-Problem,Gaussian/Gaussian.ipynb,e65887c395c100f4dcc86fd2720a342bec2a9841,VU#926
570198864,darrenlei888/The-Interacting-Coulomb-Problem-as-a-Bethe-Ansatz-Problem,Gaussian/Gaussian.ipynb,e65887c395c100f4dcc86fd2720a342bec2a9841,VU#668
570198864,darrenlei888/The-Interacting-Coulomb-Problem-as-a-Bethe-Ansatz-Problem,Gaussian/Gaussian.ipynb,e65887c395c100f4dcc86fd2720a342bec2a9841,VU#73
570198864,darrenlei888/The-Interacting-Coulomb-Problem-as-a-Bethe-Ansatz-Problem,Gaussian/Gaussian.ipynb,e65887c395c100f4dcc86fd2720a342bec2a9841,VU#13
570198864,darrenlei888/The-Interacting-Coulomb-Problem-as-a-Bethe-Ansatz-Problem,Gaussian/Gaussian.ipynb,e65887c395c100f4dcc86fd2720a342bec2a9841,VU#10
570198864,darrenlei888/The-Interacting-Coulomb-Problem-as-a-Bethe-Ansatz-Problem,Gaussian/Gaussian.ipynb,e65887c395c100f4dcc86fd2720a342bec2a9841,VU#86
570198864,darrenlei888/The-Interacting-Coulomb-Problem-as-a-Bethe-Ansatz-Problem,Gaussian/Gaussian.ipynb,e65887c395c100f4dcc86fd2720a342bec2a9841,VU#29
570198864,darrenlei888/The-Interacting-Coulomb-Problem-as-a-Bethe-Ansatz-Problem,Gaussian/Gaussian.ipynb,e65887c395c100f4dcc86fd2720a342bec2a9841,VU#93
570198864,darrenlei888/The-Interacting-Coulomb-Problem-as-a-Bethe-Ansatz-Problem,Gaussian/Gaussian.ipynb,e65887c395c100f4dcc86fd2720a342bec2a9841,VU#67
570198864,darrenlei888/The-Interacting-Coulomb-Problem-as-a-Bethe-Ansatz-Problem,Gaussian/Gaussian.ipynb,e65887c395c100f4dcc86fd2720a342bec2a9841,VU#739
570198864,darrenlei888/The-Interacting-Coulomb-Problem-as-a-Bethe-Ansatz-Problem,Gaussian/Gaussian.ipynb,e65887c395c100f4dcc86fd2720a342bec2a9841,VU#99
570198864,darrenlei888/The-Interacting-Coulomb-Problem-as-a-Bethe-Ansatz-Problem,Gaussian/Gaussian.ipynb,e65887c395c100f4dcc86fd2720a342bec2a9841,VU#284555
570198864,darrenlei888/The-Interacting-Coulomb-Problem-as-a-Bethe-Ansatz-Problem,Gaussian/Gaussian.ipynb,e65887c395c100f4dcc86fd2720a342bec2a9841,VU#83
570198864,darrenlei888/The-Interacting-Coulomb-Problem-as-a-Bethe-Ansatz-Problem,Gaussian/Gaussian.ipynb,e65887c395c100f4dcc86fd2720a342bec2a9841,VU#8888
570198864,darrenlei888/The-Interacting-Coulomb-Problem-as-a-Bethe-Ansatz-Problem,Gaussian/Gaussian.ipynb,e65887c395c100f4dcc86fd2720a342bec2a9841,VU#14
570198864,darrenlei888/The-Interacting-Coulomb-Problem-as-a-Bethe-Ansatz-Problem,Gaussian/Gaussian.ipynb,e65887c395c100f4dcc86fd2720a342bec2a9841,VU#82
570198864,darrenlei888/The-Interacting-Coulomb-Problem-as-a-Bethe-Ansatz-Problem,Gaussian/Gaussian.ipynb,e65887c395c100f4dcc86fd2720a342bec2a9841,VU#05
570198864,darrenlei888/The-Interacting-Coulomb-Problem-as-a-Bethe-Ansatz-Problem,Gaussian/Gaussian.ipynb,e65887c395c100f4dcc86fd2720a342bec2a9841,VU#731
570198864,darrenlei888/The-Interacting-Coulomb-Problem-as-a-Bethe-Ansatz-Problem,Gaussian/Gaussian.ipynb,e65887c395c100f4dcc86fd2720a342bec2a9841,VU#85
570198864,darrenlei888/The-Interacting-Coulomb-Problem-as-a-Bethe-Ansatz-Problem,Gaussian/Gaussian.ipynb,e65887c395c100f4dcc86fd2720a342bec2a9841,VU#00
570198864,darrenlei888/The-Interacting-Coulomb-Problem-as-a-Bethe-Ansatz-Problem,Gaussian/Gaussian.ipynb,e65887c395c100f4dcc86fd2720a342bec2a9841,VU#1329
570198864,darrenlei888/The-Interacting-Coulomb-Problem-as-a-Bethe-Ansatz-Problem,Gaussian/Gaussian.ipynb,e65887c395c100f4dcc86fd2720a342bec2a9841,VU#11
570198864,darrenlei888/The-Interacting-Coulomb-Problem-as-a-Bethe-Ansatz-Problem,Gaussian/Gaussian.ipynb,e65887c395c100f4dcc86fd2720a342bec2a9841,VU#039
570198864,darrenlei888/The-Interacting-Coulomb-Problem-as-a-Bethe-Ansatz-Problem,Gaussian/Gaussian.ipynb,e65887c395c100f4dcc86fd2720a342bec2a9841,VU#91
570198864,darrenlei888/The-Interacting-Coulomb-Problem-as-a-Bethe-Ansatz-Problem,Gaussian/Gaussian.ipynb,e65887c395c100f4dcc86fd2720a342bec2a9841,VU#81
570198864,darrenlei888/The-Interacting-Coulomb-Problem-as-a-Bethe-Ansatz-Problem,Gaussian/Gaussian.ipynb,e65887c395c100f4dcc86fd2720a342bec2a9841,VU#666
570198864,darrenlei888/The-Interacting-Coulomb-Problem-as-a-Bethe-Ansatz-Problem,Gaussian/Gaussian.ipynb,e65887c395c100f4dcc86fd2720a342bec2a9841,VU#92
570198864,darrenlei888/The-Interacting-Coulomb-Problem-as-a-Bethe-Ansatz-Problem,Gaussian/Gaussian.ipynb,e65887c395c100f4dcc86fd2720a342bec2a9841,VU#987
570198864,darrenlei888/The-Interacting-Coulomb-Problem-as-a-Bethe-Ansatz-Problem,Gaussian/Gaussian.ipynb,e65887c395c100f4dcc86fd2720a342bec2a9841,VU#70
570198864,darrenlei888/The-Interacting-Coulomb-Problem-as-a-Bethe-Ansatz-Problem,Gaussian/Gaussian.ipynb,e65887c395c100f4dcc86fd2720a342bec2a9841,VU#113
570198864,darrenlei888/The-Interacting-Coulomb-Problem-as-a-Bethe-Ansatz-Problem,Gaussian/Gaussian.ipynb,e65887c395c100f4dcc86fd2720a342bec2a9841,VU#12
570198864,darrenlei888/The-Interacting-Coulomb-Problem-as-a-Bethe-Ansatz-Problem,Gaussian/Gaussian.ipynb,e65887c395c100f4dcc86fd2720a342bec2a9841,VU#77
570198864,darrenlei888/The-Interacting-Coulomb-Problem-as-a-Bethe-Ansatz-Problem,Gaussian/Gaussian.ipynb,e65887c395c100f4dcc86fd2720a342bec2a9841,VU#88
570198864,darrenlei888/The-Interacting-Coulomb-Problem-as-a-Bethe-Ansatz-Problem,Gaussian/Gaussian.ipynb,e65887c395c100f4dcc86fd2720a342bec2a9841,VU#040
570198864,darrenlei888/The-Interacting-Coulomb-Problem-as-a-Bethe-Ansatz-Problem,Gaussian/Gaussian.ipynb,e65887c395c100f4dcc86fd2720a342bec2a9841,VU#691
570198864,darrenlei888/The-Interacting-Coulomb-Problem-as-a-Bethe-Ansatz-Problem,Gaussian/Gaussian.ipynb,e65887c395c100f4dcc86fd2720a342bec2a9841,VU#02
570198864,darrenlei888/The-Interacting-Coulomb-Problem-as-a-Bethe-Ansatz-Problem,Gaussian/Gaussian.ipynb,e65887c395c100f4dcc86fd2720a342bec2a9841,VU#97
570198864,darrenlei888/The-Interacting-Coulomb-Problem-as-a-Bethe-Ansatz-Problem,Gaussian/Gaussian.ipynb,e65887c395c100f4dcc86fd2720a342bec2a9841,VU#95
570198864,darrenlei888/The-Interacting-Coulomb-Problem-as-a-Bethe-Ansatz-Problem,Gaussian/Gaussian.ipynb,e65887c395c100f4dcc86fd2720a342bec2a9841,VU#09
570198864,darrenlei888/The-Interacting-Coulomb-Problem-as-a-Bethe-Ansatz-Problem,Gaussian/Gaussian.ipynb,e65887c395c100f4dcc86fd2720a342bec2a9841,VU#879
570198864,darrenlei888/The-Interacting-Coulomb-Problem-as-a-Bethe-Ansatz-Problem,Gaussian/Gaussian.ipynb,e65887c395c100f4dcc86fd2720a342bec2a9841,VU#750
570198864,darrenlei888/The-Interacting-Coulomb-Problem-as-a-Bethe-Ansatz-Problem,Gaussian/Gaussian.ipynb,e65887c395c100f4dcc86fd2720a342bec2a9841,VU#78
570198864,darrenlei888/The-Interacting-Coulomb-Problem-as-a-Bethe-Ansatz-Problem,Gaussian/Gaussian.ipynb,e65887c395c100f4dcc86fd2720a342bec2a9841,VU#011
570198864,darrenlei888/The-Interacting-Coulomb-Problem-as-a-Bethe-Ansatz-Problem,Gaussian/Gaussian.ipynb,e65887c395c100f4dcc86fd2720a342bec2a9841,VU#945
570198864,darrenlei888/The-Interacting-Coulomb-Problem-as-a-Bethe-Ansatz-Problem,Gaussian/Gaussian.ipynb,e65887c395c100f4dcc86fd2720a342bec2a9841,VU#69
570198864,darrenlei888/The-Interacting-Coulomb-Problem-as-a-Bethe-Ansatz-Problem,Gaussian/Gaussian.ipynb,e65887c395c100f4dcc86fd2720a342bec2a9841,VU#296
570198864,darrenlei888/The-Interacting-Coulomb-Problem-as-a-Bethe-Ansatz-Problem,Gaussian/Gaussian.ipynb,e65887c395c100f4dcc86fd2720a342bec2a9841,VU#03
570198864,darrenlei888/The-Interacting-Coulomb-Problem-as-a-Bethe-Ansatz-Problem,Gaussian/Gaussian.ipynb,e65887c395c100f4dcc86fd2720a342bec2a9841,VU#285
570198864,darrenlei888/The-Interacting-Coulomb-Problem-as-a-Bethe-Ansatz-Problem,Gaussian/Gaussian.ipynb,e65887c395c100f4dcc86fd2720a342bec2a9841,VU#06
570198864,darrenlei888/The-Interacting-Coulomb-Problem-as-a-Bethe-Ansatz-Problem,Gaussian/Gaussian.ipynb,e65887c395c100f4dcc86fd2720a342bec2a9841,VU#123
570198864,darrenlei888/The-Interacting-Coulomb-Problem-as-a-Bethe-Ansatz-Problem,Gaussian/Gaussian.ipynb,e65887c395c100f4dcc86fd2720a342bec2a9841,VU#76
570198864,darrenlei888/The-Interacting-Coulomb-Problem-as-a-Bethe-Ansatz-Problem,Gaussian/Gaussian.ipynb,e65887c395c100f4dcc86fd2720a342bec2a9841,VU#75
570198864,darrenlei888/The-Interacting-Coulomb-Problem-as-a-Bethe-Ansatz-Problem,Gaussian/Gaussian.ipynb,e65887c395c100f4dcc86fd2720a342bec2a9841,VU#68
570198864,darrenlei888/The-Interacting-Coulomb-Problem-as-a-Bethe-Ansatz-Problem,Gaussian/Gaussian.ipynb,e65887c395c100f4dcc86fd2720a342bec2a9841,VU#753
570198864,darrenlei888/The-Interacting-Coulomb-Problem-as-a-Bethe-Ansatz-Problem,Gaussian/Gaussian.ipynb,e65887c395c100f4dcc86fd2720a342bec2a9841,VU#96
570198864,darrenlei888/The-Interacting-Coulomb-Problem-as-a-Bethe-Ansatz-Problem,Gaussian/Gaussian.ipynb,e65887c395c100f4dcc86fd2720a342bec2a9841,VU#79
570198864,darrenlei888/The-Interacting-Coulomb-Problem-as-a-Bethe-Ansatz-Problem,Gaussian/Gaussian.ipynb,e65887c395c100f4dcc86fd2720a342bec2a9841,VU#088
570198864,darrenlei888/The-Interacting-Coulomb-Problem-as-a-Bethe-Ansatz-Problem,Gaussian/Gaussian.ipynb,e65887c395c100f4dcc86fd2720a342bec2a9841,VU#089
570198864,darrenlei888/The-Interacting-Coulomb-Problem-as-a-Bethe-Ansatz-Problem,Gaussian/Gaussian.ipynb,e65887c395c100f4dcc86fd2720a342bec2a9841,VU#87
570198864,darrenlei888/The-Interacting-Coulomb-Problem-as-a-Bethe-Ansatz-Problem,Gaussian/Gaussian.ipynb,e65887c395c100f4dcc86fd2720a342bec2a9841,VU#90
570198864,darrenlei888/The-Interacting-Coulomb-Problem-as-a-Bethe-Ansatz-Problem,Gaussian/Gaussian.ipynb,e65887c395c100f4dcc86fd2720a342bec2a9841,VU#68887
570198864,darrenlei888/The-Interacting-Coulomb-Problem-as-a-Bethe-Ansatz-Problem,Gaussian/Gaussian.ipynb,e65887c395c100f4dcc86fd2720a342bec2a9841,VU#98
570198864,darrenlei888/The-Interacting-Coulomb-Problem-as-a-Bethe-Ansatz-Problem,Gaussian/Gaussian.ipynb,e65887c395c100f4dcc86fd2720a342bec2a9841,VU#01
570198864,darrenlei888/The-Interacting-Coulomb-Problem-as-a-Bethe-Ansatz-Problem,Gaussian/Gaussian.ipynb,e65887c395c100f4dcc86fd2720a342bec2a9841,VU#32
570198864,darrenlei888/The-Interacting-Coulomb-Problem-as-a-Bethe-Ansatz-Problem,Gaussian/Gaussian.ipynb,e65887c395c100f4dcc86fd2720a342bec2a9841,VU#48
570198864,darrenlei888/The-Interacting-Coulomb-Problem-as-a-Bethe-Ansatz-Problem,Gaussian/Gaussian.ipynb,e65887c395c100f4dcc86fd2720a342bec2a9841,VU#43
570198864,darrenlei888/The-Interacting-Coulomb-Problem-as-a-Bethe-Ansatz-Problem,Gaussian/Gaussian.ipynb,e65887c395c100f4dcc86fd2720a342bec2a9841,VU#5947456
570198864,darrenlei888/The-Interacting-Coulomb-Problem-as-a-Bethe-Ansatz-Problem,Gaussian/Gaussian.ipynb,e65887c395c100f4dcc86fd2720a342bec2a9841,VU#42
570198864,darrenlei888/The-Interacting-Coulomb-Problem-as-a-Bethe-Ansatz-Problem,Gaussian/Gaussian.ipynb,e65887c395c100f4dcc86fd2720a342bec2a9841,VU#52
570198864,darrenlei888/The-Interacting-Coulomb-Problem-as-a-Bethe-Ansatz-Problem,Gaussian/Gaussian.ipynb,e65887c395c100f4dcc86fd2720a342bec2a9841,VU#61
570198864,darrenlei888/The-Interacting-Coulomb-Problem-as-a-Bethe-Ansatz-Problem,Gaussian/Gaussian.ipynb,e65887c395c100f4dcc86fd2720a342bec2a9841,VU#56
570198864,darrenlei888/The-Interacting-Coulomb-Problem-as-a-Bethe-Ansatz-Problem,Gaussian/Gaussian.ipynb,e65887c395c100f4dcc86fd2720a342bec2a9841,VU#351
570198864,darrenlei888/The-Interacting-Coulomb-Problem-as-a-Bethe-Ansatz-Problem,Gaussian/Gaussian.ipynb,e65887c395c100f4dcc86fd2720a342bec2a9841,VU#62
570198864,darrenlei888/The-Interacting-Coulomb-Problem-as-a-Bethe-Ansatz-Problem,Gaussian/Gaussian.ipynb,e65887c395c100f4dcc86fd2720a342bec2a9841,VU#41
570198864,darrenlei888/The-Interacting-Coulomb-Problem-as-a-Bethe-Ansatz-Problem,Gaussian/Gaussian.ipynb,e65887c395c100f4dcc86fd2720a342bec2a9841,VU#33
570198864,darrenlei888/The-Interacting-Coulomb-Problem-as-a-Bethe-Ansatz-Problem,Gaussian/Gaussian.ipynb,e65887c395c100f4dcc86fd2720a342bec2a9841,VU#27
570198864,darrenlei888/The-Interacting-Coulomb-Problem-as-a-Bethe-Ansatz-Problem,Gaussian/Gaussian.ipynb,e65887c395c100f4dcc86fd2720a342bec2a9841,VU#466969
570198864,darrenlei888/The-Interacting-Coulomb-Problem-as-a-Bethe-Ansatz-Problem,Gaussian/Gaussian.ipynb,e65887c395c100f4dcc86fd2720a342bec2a9841,VU#469
570198864,darrenlei888/The-Interacting-Coulomb-Problem-as-a-Bethe-Ansatz-Problem,Gaussian/Gaussian.ipynb,e65887c395c100f4dcc86fd2720a342bec2a9841,VU#16
570198864,darrenlei888/The-Interacting-Coulomb-Problem-as-a-Bethe-Ansatz-Problem,Gaussian/Gaussian.ipynb,e65887c395c100f4dcc86fd2720a342bec2a9841,VU#63
570198864,darrenlei888/The-Interacting-Coulomb-Problem-as-a-Bethe-Ansatz-Problem,Gaussian/Gaussian.ipynb,e65887c395c100f4dcc86fd2720a342bec2a9841,VU#51
570198864,darrenlei888/The-Interacting-Coulomb-Problem-as-a-Bethe-Ansatz-Problem,Gaussian/Gaussian.ipynb,e65887c395c100f4dcc86fd2720a342bec2a9841,VU#23
570198864,darrenlei888/The-Interacting-Coulomb-Problem-as-a-Bethe-Ansatz-Problem,Gaussian/Gaussian.ipynb,e65887c395c100f4dcc86fd2720a342bec2a9841,VU#2223
570198864,darrenlei888/The-Interacting-Coulomb-Problem-as-a-Bethe-Ansatz-Problem,Gaussian/Gaussian.ipynb,e65887c395c100f4dcc86fd2720a342bec2a9841,VU#157
570198864,darrenlei888/The-Interacting-Coulomb-Problem-as-a-Bethe-Ansatz-Problem,Gaussian/Gaussian.ipynb,e65887c395c100f4dcc86fd2720a342bec2a9841,VU#20
570198864,darrenlei888/The-Interacting-Coulomb-Problem-as-a-Bethe-Ansatz-Problem,Gaussian/Gaussian.ipynb,e65887c395c100f4dcc86fd2720a342bec2a9841,VU#587
570198864,darrenlei888/The-Interacting-Coulomb-Problem-as-a-Bethe-Ansatz-Problem,Gaussian/Gaussian.ipynb,e65887c395c100f4dcc86fd2720a342bec2a9841,VU#19
570198864,darrenlei888/The-Interacting-Coulomb-Problem-as-a-Bethe-Ansatz-Problem,Gaussian/Gaussian.ipynb,e65887c395c100f4dcc86fd2720a342bec2a9841,VU#26
570198864,darrenlei888/The-Interacting-Coulomb-Problem-as-a-Bethe-Ansatz-Problem,Gaussian/Gaussian.ipynb,e65887c395c100f4dcc86fd2720a342bec2a9841,VU#550
570198864,darrenlei888/The-Interacting-Coulomb-Problem-as-a-Bethe-Ansatz-Problem,Gaussian/Gaussian.ipynb,e65887c395c100f4dcc86fd2720a342bec2a9841,VU#34
570198864,darrenlei888/The-Interacting-Coulomb-Problem-as-a-Bethe-Ansatz-Problem,Gaussian/Gaussian.ipynb,e65887c395c100f4dcc86fd2720a342bec2a9841,VU#44
570198864,darrenlei888/The-Interacting-Coulomb-Problem-as-a-Bethe-Ansatz-Problem,Gaussian/Gaussian.ipynb,e65887c395c100f4dcc86fd2720a342bec2a9841,VU#451
570198864,darrenlei888/The-Interacting-Coulomb-Problem-as-a-Bethe-Ansatz-Problem,Gaussian/Gaussian.ipynb,e65887c395c100f4dcc86fd2720a342bec2a9841,VU#55
570198864,darrenlei888/The-Interacting-Coulomb-Problem-as-a-Bethe-Ansatz-Problem,Gaussian/Gaussian.ipynb,e65887c395c100f4dcc86fd2720a342bec2a9841,VU#1825
570198864,darrenlei888/The-Interacting-Coulomb-Problem-as-a-Bethe-Ansatz-Problem,Gaussian/Gaussian.ipynb,e65887c395c100f4dcc86fd2720a342bec2a9841,VU#54
570198864,darrenlei888/The-Interacting-Coulomb-Problem-as-a-Bethe-Ansatz-Problem,Gaussian/Gaussian.ipynb,e65887c395c100f4dcc86fd2720a342bec2a9841,VU#193
570198864,darrenlei888/The-Interacting-Coulomb-Problem-as-a-Bethe-Ansatz-Problem,Gaussian/Gaussian.ipynb,e65887c395c100f4dcc86fd2720a342bec2a9841,VU#435
570198864,darrenlei888/The-Interacting-Coulomb-Problem-as-a-Bethe-Ansatz-Problem,Gaussian/Gaussian.ipynb,e65887c395c100f4dcc86fd2720a342bec2a9841,VU#58
570198864,darrenlei888/The-Interacting-Coulomb-Problem-as-a-Bethe-Ansatz-Problem,Gaussian/Gaussian.ipynb,e65887c395c100f4dcc86fd2720a342bec2a9841,VU#3763
570198864,darrenlei888/The-Interacting-Coulomb-Problem-as-a-Bethe-Ansatz-Problem,Gaussian/Gaussian.ipynb,e65887c395c100f4dcc86fd2720a342bec2a9841,VU#46
570198864,darrenlei888/The-Interacting-Coulomb-Problem-as-a-Bethe-Ansatz-Problem,Gaussian/Gaussian.ipynb,e65887c395c100f4dcc86fd2720a342bec2a9841,VU#28
570198864,darrenlei888/The-Interacting-Coulomb-Problem-as-a-Bethe-Ansatz-Problem,Gaussian/Gaussian.ipynb,e65887c395c100f4dcc86fd2720a342bec2a9841,VU#53
570198864,darrenlei888/The-Interacting-Coulomb-Problem-as-a-Bethe-Ansatz-Problem,Gaussian/Gaussian.ipynb,e65887c395c100f4dcc86fd2720a342bec2a9841,VU#18
570198864,darrenlei888/The-Interacting-Coulomb-Problem-as-a-Bethe-Ansatz-Problem,Gaussian/Gaussian.ipynb,e65887c395c100f4dcc86fd2720a342bec2a9841,VU#35
570198864,darrenlei888/The-Interacting-Coulomb-Problem-as-a-Bethe-Ansatz-Problem,Gaussian/Gaussian.ipynb,e65887c395c100f4dcc86fd2720a342bec2a9841,VU#203
570198864,darrenlei888/The-Interacting-Coulomb-Problem-as-a-Bethe-Ansatz-Problem,Gaussian/Gaussian.ipynb,e65887c395c100f4dcc86fd2720a342bec2a9841,VU#233
570198864,darrenlei888/The-Interacting-Coulomb-Problem-as-a-Bethe-Ansatz-Problem,Gaussian/Gaussian.ipynb,e65887c395c100f4dcc86fd2720a342bec2a9841,VU#644
570198864,darrenlei888/The-Interacting-Coulomb-Problem-as-a-Bethe-Ansatz-Problem,Gaussian/Gaussian.ipynb,e65887c395c100f4dcc86fd2720a342bec2a9841,VU#37
570198864,darrenlei888/The-Interacting-Coulomb-Problem-as-a-Bethe-Ansatz-Problem,Gaussian/Gaussian.ipynb,e65887c395c100f4dcc86fd2720a342bec2a9841,VU#21
570198864,darrenlei888/The-Interacting-Coulomb-Problem-as-a-Bethe-Ansatz-Problem,Gaussian/Gaussian.ipynb,e65887c395c100f4dcc86fd2720a342bec2a9841,VU#485
570198864,darrenlei888/The-Interacting-Coulomb-Problem-as-a-Bethe-Ansatz-Problem,Gaussian/Gaussian.ipynb,e65887c395c100f4dcc86fd2720a342bec2a9841,VU#656
570198864,darrenlei888/The-Interacting-Coulomb-Problem-as-a-Bethe-Ansatz-Problem,Gaussian/Gaussian.ipynb,e65887c395c100f4dcc86fd2720a342bec2a9841,VU#64
570198864,darrenlei888/The-Interacting-Coulomb-Problem-as-a-Bethe-Ansatz-Problem,Gaussian/Gaussian.ipynb,e65887c395c100f4dcc86fd2720a342bec2a9841,VU#25
570198864,darrenlei888/The-Interacting-Coulomb-Problem-as-a-Bethe-Ansatz-Problem,Gaussian/Gaussian.ipynb,e65887c395c100f4dcc86fd2720a342bec2a9841,VU#36
570198864,darrenlei888/The-Interacting-Coulomb-Problem-as-a-Bethe-Ansatz-Problem,Gaussian/Gaussian.ipynb,e65887c395c100f4dcc86fd2720a342bec2a9841,VU#497
570198864,darrenlei888/The-Interacting-Coulomb-Problem-as-a-Bethe-Ansatz-Problem,Gaussian/Gaussian.ipynb,e65887c395c100f4dcc86fd2720a342bec2a9841,VU#65
570198864,darrenlei888/The-Interacting-Coulomb-Problem-as-a-Bethe-Ansatz-Problem,Gaussian/Gaussian.ipynb,e65887c395c100f4dcc86fd2720a342bec2a9841,VU#3927
570198864,darrenlei888/The-Interacting-Coulomb-Problem-as-a-Bethe-Ansatz-Problem,Gaussian/Gaussian.ipynb,e65887c395c100f4dcc86fd2720a342bec2a9841,VU#470
570198864,darrenlei888/The-Interacting-Coulomb-Problem-as-a-Bethe-Ansatz-Problem,Gaussian/Gaussian.ipynb,e65887c395c100f4dcc86fd2720a342bec2a9841,VU#66
570198864,darrenlei888/The-Interacting-Coulomb-Problem-as-a-Bethe-Ansatz-Problem,Gaussian/Gaussian.ipynb,e65887c395c100f4dcc86fd2720a342bec2a9841,VU#31
570198864,darrenlei888/The-Interacting-Coulomb-Problem-as-a-Bethe-Ansatz-Problem,Gaussian/Gaussian.ipynb,e65887c395c100f4dcc86fd2720a342bec2a9841,VU#47
570198864,darrenlei888/The-Interacting-Coulomb-Problem-as-a-Bethe-Ansatz-Problem,Gaussian/Gaussian.ipynb,e65887c395c100f4dcc86fd2720a342bec2a9841,VU#40
570198864,darrenlei888/The-Interacting-Coulomb-Problem-as-a-Bethe-Ansatz-Problem,Gaussian/Gaussian.ipynb,e65887c395c100f4dcc86fd2720a342bec2a9841,VU#50
570198864,darrenlei888/The-Interacting-Coulomb-Problem-as-a-Bethe-Ansatz-Problem,Gaussian/Gaussian.ipynb,e65887c395c100f4dcc86fd2720a342bec2a9841,VU#15
570198864,darrenlei888/The-Interacting-Coulomb-Problem-as-a-Bethe-Ansatz-Problem,Gaussian/Gaussian.ipynb,e65887c395c100f4dcc86fd2720a342bec2a9841,VU#312
570198864,darrenlei888/The-Interacting-Coulomb-Problem-as-a-Bethe-Ansatz-Problem,Inverse-Sinh-Squared/c = 0.001/BAforInverseSinhSquared c = 0.001.ipynb,ec0804c5cdd8d3a1e0f627ac050231ef4914ec91,VU#77
570198864,darrenlei888/The-Interacting-Coulomb-Problem-as-a-Bethe-Ansatz-Problem,Inverse-Sinh-Squared/c = 0.001/BAforInverseSinhSquared c = 0.001.ipynb,ec0804c5cdd8d3a1e0f627ac050231ef4914ec91,VU#78
570198864,darrenlei888/The-Interacting-Coulomb-Problem-as-a-Bethe-Ansatz-Problem,Inverse-Sinh-Squared/c = 0.001/BAforInverseSinhSquared c = 0.001.ipynb,ec0804c5cdd8d3a1e0f627ac050231ef4914ec91,VU#85
570198864,darrenlei888/The-Interacting-Coulomb-Problem-as-a-Bethe-Ansatz-Problem,Inverse-Sinh-Squared/c = 0.001/BAforInverseSinhSquared c = 0.001.ipynb,ec0804c5cdd8d3a1e0f627ac050231ef4914ec91,VU#21
570198864,darrenlei888/The-Interacting-Coulomb-Problem-as-a-Bethe-Ansatz-Problem,Inverse-Sinh-Squared/c = 0.001/BAforInverseSinhSquared c = 0.001.ipynb,ec0804c5cdd8d3a1e0f627ac050231ef4914ec91,VU#258
570198864,darrenlei888/The-Interacting-Coulomb-Problem-as-a-Bethe-Ansatz-Problem,Inverse-Sinh-Squared/c = 0.001/BAforInverseSinhSquared c = 0.001.ipynb,ec0804c5cdd8d3a1e0f627ac050231ef4914ec91,VU#49
570198864,darrenlei888/The-Interacting-Coulomb-Problem-as-a-Bethe-Ansatz-Problem,Inverse-Sinh-Squared/c = 0.001/BAforInverseSinhSquared c = 0.001.ipynb,ec0804c5cdd8d3a1e0f627ac050231ef4914ec91,VU#87
570198864,darrenlei888/The-Interacting-Coulomb-Problem-as-a-Bethe-Ansatz-Problem,Inverse-Sinh-Squared/c = 0.001/BAforInverseSinhSquared c = 0.001.ipynb,ec0804c5cdd8d3a1e0f627ac050231ef4914ec91,VU#02
570198864,darrenlei888/The-Interacting-Coulomb-Problem-as-a-Bethe-Ansatz-Problem,Inverse-Sinh-Squared/c = 0.001/BAforInverseSinhSquared c = 0.001.ipynb,ec0804c5cdd8d3a1e0f627ac050231ef4914ec91,VU#0545
570198864,darrenlei888/The-Interacting-Coulomb-Problem-as-a-Bethe-Ansatz-Problem,Inverse-Sinh-Squared/c = 0.001/BAforInverseSinhSquared c = 0.001.ipynb,ec0804c5cdd8d3a1e0f627ac050231ef4914ec91,VU#83
570198864,darrenlei888/The-Interacting-Coulomb-Problem-as-a-Bethe-Ansatz-Problem,Inverse-Sinh-Squared/c = 0.001/BAforInverseSinhSquared c = 0.001.ipynb,ec0804c5cdd8d3a1e0f627ac050231ef4914ec91,VU#09
570198864,darrenlei888/The-Interacting-Coulomb-Problem-as-a-Bethe-Ansatz-Problem,Inverse-Sinh-Squared/c = 0.001/BAforInverseSinhSquared c = 0.001.ipynb,ec0804c5cdd8d3a1e0f627ac050231ef4914ec91,VU#31
570198864,darrenlei888/The-Interacting-Coulomb-Problem-as-a-Bethe-Ansatz-Problem,Inverse-Sinh-Squared/c = 0.001/BAforInverseSinhSquared c = 0.001.ipynb,ec0804c5cdd8d3a1e0f627ac050231ef4914ec91,VU#343
570198864,darrenlei888/The-Interacting-Coulomb-Problem-as-a-Bethe-Ansatz-Problem,Inverse-Sinh-Squared/c = 0.001/BAforInverseSinhSquared c = 0.001.ipynb,ec0804c5cdd8d3a1e0f627ac050231ef4914ec91,VU#98
570198864,darrenlei888/The-Interacting-Coulomb-Problem-as-a-Bethe-Ansatz-Problem,Inverse-Sinh-Squared/c = 0.001/BAforInverseSinhSquared c = 0.001.ipynb,ec0804c5cdd8d3a1e0f627ac050231ef4914ec91,VU#45
570198864,darrenlei888/The-Interacting-Coulomb-Problem-as-a-Bethe-Ansatz-Problem,Inverse-Sinh-Squared/c = 0.001/BAforInverseSinhSquared c = 0.001.ipynb,ec0804c5cdd8d3a1e0f627ac050231ef4914ec91,VU#48
570198864,darrenlei888/The-Interacting-Coulomb-Problem-as-a-Bethe-Ansatz-Problem,Inverse-Sinh-Squared/c = 0.001/BAforInverseSinhSquared c = 0.001.ipynb,ec0804c5cdd8d3a1e0f627ac050231ef4914ec91,VU#750
570198864,darrenlei888/The-Interacting-Coulomb-Problem-as-a-Bethe-Ansatz-Problem,Inverse-Sinh-Squared/c = 0.001/BAforInverseSinhSquared c = 0.001.ipynb,ec0804c5cdd8d3a1e0f627ac050231ef4914ec91,VU#19
570198864,darrenlei888/The-Interacting-Coulomb-Problem-as-a-Bethe-Ansatz-Problem,Inverse-Sinh-Squared/c = 0.001/BAforInverseSinhSquared c = 0.001.ipynb,ec0804c5cdd8d3a1e0f627ac050231ef4914ec91,VU#5557
570198864,darrenlei888/The-Interacting-Coulomb-Problem-as-a-Bethe-Ansatz-Problem,Inverse-Sinh-Squared/c = 0.001/BAforInverseSinhSquared c = 0.001.ipynb,ec0804c5cdd8d3a1e0f627ac050231ef4914ec91,VU#01
570198864,darrenlei888/The-Interacting-Coulomb-Problem-as-a-Bethe-Ansatz-Problem,Inverse-Sinh-Squared/c = 0.001/BAforInverseSinhSquared c = 0.001.ipynb,ec0804c5cdd8d3a1e0f627ac050231ef4914ec91,VU#24
570198864,darrenlei888/The-Interacting-Coulomb-Problem-as-a-Bethe-Ansatz-Problem,Inverse-Sinh-Squared/c = 0.001/BAforInverseSinhSquared c = 0.001.ipynb,ec0804c5cdd8d3a1e0f627ac050231ef4914ec91,VU#213
570198864,darrenlei888/The-Interacting-Coulomb-Problem-as-a-Bethe-Ansatz-Problem,Inverse-Sinh-Squared/c = 0.001/BAforInverseSinhSquared c = 0.001.ipynb,ec0804c5cdd8d3a1e0f627ac050231ef4914ec91,VU#76
570198864,darrenlei888/The-Interacting-Coulomb-Problem-as-a-Bethe-Ansatz-Problem,Inverse-Sinh-Squared/c = 0.001/BAforInverseSinhSquared c = 0.001.ipynb,ec0804c5cdd8d3a1e0f627ac050231ef4914ec91,VU#55
570198864,darrenlei888/The-Interacting-Coulomb-Problem-as-a-Bethe-Ansatz-Problem,Inverse-Sinh-Squared/c = 0.001/BAforInverseSinhSquared c = 0.001.ipynb,ec0804c5cdd8d3a1e0f627ac050231ef4914ec91,VU#84
570198864,darrenlei888/The-Interacting-Coulomb-Problem-as-a-Bethe-Ansatz-Problem,Inverse-Sinh-Squared/c = 0.001/BAforInverseSinhSquared c = 0.001.ipynb,ec0804c5cdd8d3a1e0f627ac050231ef4914ec91,VU#476
570198864,darrenlei888/The-Interacting-Coulomb-Problem-as-a-Bethe-Ansatz-Problem,Inverse-Sinh-Squared/c = 0.001/BAforInverseSinhSquared c = 0.001.ipynb,ec0804c5cdd8d3a1e0f627ac050231ef4914ec91,VU#36
570198864,darrenlei888/The-Interacting-Coulomb-Problem-as-a-Bethe-Ansatz-Problem,Inverse-Sinh-Squared/c = 0.001/BAforInverseSinhSquared c = 0.001.ipynb,ec0804c5cdd8d3a1e0f627ac050231ef4914ec91,VU#458
570198864,darrenlei888/The-Interacting-Coulomb-Problem-as-a-Bethe-Ansatz-Problem,Inverse-Sinh-Squared/c = 0.001/BAforInverseSinhSquared c = 0.001.ipynb,ec0804c5cdd8d3a1e0f627ac050231ef4914ec91,VU#54
570198864,darrenlei888/The-Interacting-Coulomb-Problem-as-a-Bethe-Ansatz-Problem,Inverse-Sinh-Squared/c = 0.001/BAforInverseSinhSquared c = 0.001.ipynb,ec0804c5cdd8d3a1e0f627ac050231ef4914ec91,VU#34
570198864,darrenlei888/The-Interacting-Coulomb-Problem-as-a-Bethe-Ansatz-Problem,Inverse-Sinh-Squared/c = 0.001/BAforInverseSinhSquared c = 0.001.ipynb,ec0804c5cdd8d3a1e0f627ac050231ef4914ec91,VU#37
570198864,darrenlei888/The-Interacting-Coulomb-Problem-as-a-Bethe-Ansatz-Problem,Inverse-Sinh-Squared/c = 0.001/BAforInverseSinhSquared c = 0.001.ipynb,ec0804c5cdd8d3a1e0f627ac050231ef4914ec91,VU#805
570198864,darrenlei888/The-Interacting-Coulomb-Problem-as-a-Bethe-Ansatz-Problem,Inverse-Sinh-Squared/c = 0.001/BAforInverseSinhSquared c = 0.001.ipynb,ec0804c5cdd8d3a1e0f627ac050231ef4914ec91,VU#46
570198864,darrenlei888/The-Interacting-Coulomb-Problem-as-a-Bethe-Ansatz-Problem,Inverse-Sinh-Squared/c = 0.001/BAforInverseSinhSquared c = 0.001.ipynb,ec0804c5cdd8d3a1e0f627ac050231ef4914ec91,VU#519
570198864,darrenlei888/The-Interacting-Coulomb-Problem-as-a-Bethe-Ansatz-Problem,Inverse-Sinh-Squared/c = 0.001/BAforInverseSinhSquared c = 0.001.ipynb,ec0804c5cdd8d3a1e0f627ac050231ef4914ec91,VU#493
570198864,darrenlei888/The-Interacting-Coulomb-Problem-as-a-Bethe-Ansatz-Problem,Inverse-Sinh-Squared/c = 0.001/BAforInverseSinhSquared c = 0.001.ipynb,ec0804c5cdd8d3a1e0f627ac050231ef4914ec91,VU#3551
570198864,darrenlei888/The-Interacting-Coulomb-Problem-as-a-Bethe-Ansatz-Problem,Inverse-Sinh-Squared/c = 0.001/BAforInverseSinhSquared c = 0.001.ipynb,ec0804c5cdd8d3a1e0f627ac050231ef4914ec91,VU#277
570198864,darrenlei888/The-Interacting-Coulomb-Problem-as-a-Bethe-Ansatz-Problem,Inverse-Sinh-Squared/c = 0.001/BAforInverseSinhSquared c = 0.001.ipynb,ec0804c5cdd8d3a1e0f627ac050231ef4914ec91,VU#793
570198864,darrenlei888/The-Interacting-Coulomb-Problem-as-a-Bethe-Ansatz-Problem,Inverse-Sinh-Squared/c = 0.001/BAforInverseSinhSquared c = 0.001.ipynb,ec0804c5cdd8d3a1e0f627ac050231ef4914ec91,VU#86
570198864,darrenlei888/The-Interacting-Coulomb-Problem-as-a-Bethe-Ansatz-Problem,Inverse-Sinh-Squared/c = 0.001/BAforInverseSinhSquared c = 0.001.ipynb,ec0804c5cdd8d3a1e0f627ac050231ef4914ec91,VU#814
570198864,darrenlei888/The-Interacting-Coulomb-Problem-as-a-Bethe-Ansatz-Problem,Inverse-Sinh-Squared/c = 0.001/BAforInverseSinhSquared c = 0.001.ipynb,ec0804c5cdd8d3a1e0f627ac050231ef4914ec91,VU#25
570198864,darrenlei888/The-Interacting-Coulomb-Problem-as-a-Bethe-Ansatz-Problem,Inverse-Sinh-Squared/c = 0.001/BAforInverseSinhSquared c = 0.001.ipynb,ec0804c5cdd8d3a1e0f627ac050231ef4914ec91,VU#47
570198864,darrenlei888/The-Interacting-Coulomb-Problem-as-a-Bethe-Ansatz-Problem,Inverse-Sinh-Squared/c = 0.001/BAforInverseSinhSquared c = 0.001.ipynb,ec0804c5cdd8d3a1e0f627ac050231ef4914ec91,VU#06
570198864,darrenlei888/The-Interacting-Coulomb-Problem-as-a-Bethe-Ansatz-Problem,Inverse-Sinh-Squared/c = 0.001/BAforInverseSinhSquared c = 0.001.ipynb,ec0804c5cdd8d3a1e0f627ac050231ef4914ec91,VU#08
570198864,darrenlei888/The-Interacting-Coulomb-Problem-as-a-Bethe-Ansatz-Problem,Inverse-Sinh-Squared/c = 0.001/BAforInverseSinhSquared c = 0.001.ipynb,ec0804c5cdd8d3a1e0f627ac050231ef4914ec91,VU#80
570198864,darrenlei888/The-Interacting-Coulomb-Problem-as-a-Bethe-Ansatz-Problem,Inverse-Sinh-Squared/c = 0.001/BAforInverseSinhSquared c = 0.001.ipynb,ec0804c5cdd8d3a1e0f627ac050231ef4914ec91,VU#51
570198864,darrenlei888/The-Interacting-Coulomb-Problem-as-a-Bethe-Ansatz-Problem,Inverse-Sinh-Squared/c = 0.001/BAforInverseSinhSquared c = 0.001.ipynb,ec0804c5cdd8d3a1e0f627ac050231ef4914ec91,VU#497
570198864,darrenlei888/The-Interacting-Coulomb-Problem-as-a-Bethe-Ansatz-Problem,Inverse-Sinh-Squared/c = 0.001/BAforInverseSinhSquared c = 0.001.ipynb,ec0804c5cdd8d3a1e0f627ac050231ef4914ec91,VU#215
570198864,darrenlei888/The-Interacting-Coulomb-Problem-as-a-Bethe-Ansatz-Problem,Inverse-Sinh-Squared/c = 0.001/BAforInverseSinhSquared c = 0.001.ipynb,ec0804c5cdd8d3a1e0f627ac050231ef4914ec91,VU#81
570198864,darrenlei888/The-Interacting-Coulomb-Problem-as-a-Bethe-Ansatz-Problem,Inverse-Sinh-Squared/c = 0.001/BAforInverseSinhSquared c = 0.001.ipynb,ec0804c5cdd8d3a1e0f627ac050231ef4914ec91,VU#50
570198864,darrenlei888/The-Interacting-Coulomb-Problem-as-a-Bethe-Ansatz-Problem,Inverse-Sinh-Squared/c = 0.001/BAforInverseSinhSquared c = 0.001.ipynb,ec0804c5cdd8d3a1e0f627ac050231ef4914ec91,VU#070
570198864,darrenlei888/The-Interacting-Coulomb-Problem-as-a-Bethe-Ansatz-Problem,Inverse-Sinh-Squared/c = 0.001/BAforInverseSinhSquared c = 0.001.ipynb,ec0804c5cdd8d3a1e0f627ac050231ef4914ec91,VU#970
570198864,darrenlei888/The-Interacting-Coulomb-Problem-as-a-Bethe-Ansatz-Problem,Inverse-Sinh-Squared/c = 0.001/BAforInverseSinhSquared c = 0.001.ipynb,ec0804c5cdd8d3a1e0f627ac050231ef4914ec91,VU#82
570198864,darrenlei888/The-Interacting-Coulomb-Problem-as-a-Bethe-Ansatz-Problem,Inverse-Sinh-Squared/c = 0.001/BAforInverseSinhSquared c = 0.001.ipynb,ec0804c5cdd8d3a1e0f627ac050231ef4914ec91,VU#080
570198864,darrenlei888/The-Interacting-Coulomb-Problem-as-a-Bethe-Ansatz-Problem,Inverse-Sinh-Squared/c = 0.001/BAforInverseSinhSquared c = 0.001.ipynb,ec0804c5cdd8d3a1e0f627ac050231ef4914ec91,VU#529
570198864,darrenlei888/The-Interacting-Coulomb-Problem-as-a-Bethe-Ansatz-Problem,Inverse-Sinh-Squared/c = 0.001/BAforInverseSinhSquared c = 0.001.ipynb,ec0804c5cdd8d3a1e0f627ac050231ef4914ec91,VU#5265
570198864,darrenlei888/The-Interacting-Coulomb-Problem-as-a-Bethe-Ansatz-Problem,Inverse-Sinh-Squared/c = 0.001/BAforInverseSinhSquared c = 0.001.ipynb,ec0804c5cdd8d3a1e0f627ac050231ef4914ec91,VU#29
570198864,darrenlei888/The-Interacting-Coulomb-Problem-as-a-Bethe-Ansatz-Problem,Inverse-Sinh-Squared/c = 0.001/BAforInverseSinhSquared c = 0.001.ipynb,ec0804c5cdd8d3a1e0f627ac050231ef4914ec91,VU#012
570198864,darrenlei888/The-Interacting-Coulomb-Problem-as-a-Bethe-Ansatz-Problem,Inverse-Sinh-Squared/c = 0.001/BAforInverseSinhSquared c = 0.001.ipynb,ec0804c5cdd8d3a1e0f627ac050231ef4914ec91,VU#089
570198864,darrenlei888/The-Interacting-Coulomb-Problem-as-a-Bethe-Ansatz-Problem,Inverse-Sinh-Squared/c = 0.001/BAforInverseSinhSquared c = 0.001.ipynb,ec0804c5cdd8d3a1e0f627ac050231ef4914ec91,VU#95
570198864,darrenlei888/The-Interacting-Coulomb-Problem-as-a-Bethe-Ansatz-Problem,Inverse-Sinh-Squared/c = 0.001/BAforInverseSinhSquared c = 0.001.ipynb,ec0804c5cdd8d3a1e0f627ac050231ef4914ec91,VU#783
570198864,darrenlei888/The-Interacting-Coulomb-Problem-as-a-Bethe-Ansatz-Problem,Inverse-Sinh-Squared/c = 0.001/BAforInverseSinhSquared c = 0.001.ipynb,ec0804c5cdd8d3a1e0f627ac050231ef4914ec91,VU#784
570198864,darrenlei888/The-Interacting-Coulomb-Problem-as-a-Bethe-Ansatz-Problem,Inverse-Sinh-Squared/c = 0.001/BAforInverseSinhSquared c = 0.001.ipynb,ec0804c5cdd8d3a1e0f627ac050231ef4914ec91,VU#0206
570198864,darrenlei888/The-Interacting-Coulomb-Problem-as-a-Bethe-Ansatz-Problem,Inverse-Sinh-Squared/c = 0.001/BAforInverseSinhSquared c = 0.001.ipynb,ec0804c5cdd8d3a1e0f627ac050231ef4914ec91,VU#7856
570198864,darrenlei888/The-Interacting-Coulomb-Problem-as-a-Bethe-Ansatz-Problem,Inverse-Sinh-Squared/c = 0.001/BAforInverseSinhSquared c = 0.001.ipynb,ec0804c5cdd8d3a1e0f627ac050231ef4914ec91,VU#35
570198864,darrenlei888/The-Interacting-Coulomb-Problem-as-a-Bethe-Ansatz-Problem,Inverse-Sinh-Squared/c = 0.001/BAforInverseSinhSquared c = 0.001.ipynb,ec0804c5cdd8d3a1e0f627ac050231ef4914ec91,VU#52
570198864,darrenlei888/The-Interacting-Coulomb-Problem-as-a-Bethe-Ansatz-Problem,Inverse-Sinh-Squared/c = 0.001/BAforInverseSinhSquared c = 0.001.ipynb,ec0804c5cdd8d3a1e0f627ac050231ef4914ec91,VU#788
570198864,darrenlei888/The-Interacting-Coulomb-Problem-as-a-Bethe-Ansatz-Problem,Inverse-Sinh-Squared/c = 0.001/BAforInverseSinhSquared c = 0.001.ipynb,ec0804c5cdd8d3a1e0f627ac050231ef4914ec91,VU#97
570198864,darrenlei888/The-Interacting-Coulomb-Problem-as-a-Bethe-Ansatz-Problem,Inverse-Sinh-Squared/c = 0.001/BAforInverseSinhSquared c = 0.001.ipynb,ec0804c5cdd8d3a1e0f627ac050231ef4914ec91,VU#292
570198864,darrenlei888/The-Interacting-Coulomb-Problem-as-a-Bethe-Ansatz-Problem,Inverse-Sinh-Squared/c = 0.001/BAforInverseSinhSquared c = 0.001.ipynb,ec0804c5cdd8d3a1e0f627ac050231ef4914ec91,VU#22
570198864,darrenlei888/The-Interacting-Coulomb-Problem-as-a-Bethe-Ansatz-Problem,Inverse-Sinh-Squared/c = 0.001/BAforInverseSinhSquared c = 0.001.ipynb,ec0804c5cdd8d3a1e0f627ac050231ef4914ec91,VU#20
570198864,darrenlei888/The-Interacting-Coulomb-Problem-as-a-Bethe-Ansatz-Problem,Inverse-Sinh-Squared/c = 0.001/BAforInverseSinhSquared c = 0.001.ipynb,ec0804c5cdd8d3a1e0f627ac050231ef4914ec91,VU#79
570198864,darrenlei888/The-Interacting-Coulomb-Problem-as-a-Bethe-Ansatz-Problem,Inverse-Sinh-Squared/c = 0.001/BAforInverseSinhSquared c = 0.001.ipynb,ec0804c5cdd8d3a1e0f627ac050231ef4914ec91,VU#88
570198864,darrenlei888/The-Interacting-Coulomb-Problem-as-a-Bethe-Ansatz-Problem,Inverse-Sinh-Squared/c = 0.001/BAforInverseSinhSquared c = 0.001.ipynb,ec0804c5cdd8d3a1e0f627ac050231ef4914ec91,VU#93
570198864,darrenlei888/The-Interacting-Coulomb-Problem-as-a-Bethe-Ansatz-Problem,Inverse-Sinh-Squared/c = 0.001/BAforInverseSinhSquared c = 0.001.ipynb,ec0804c5cdd8d3a1e0f627ac050231ef4914ec91,VU#6011
570198864,darrenlei888/The-Interacting-Coulomb-Problem-as-a-Bethe-Ansatz-Problem,Inverse-Sinh-Squared/c = 0.001/BAforInverseSinhSquared c = 0.001.ipynb,ec0804c5cdd8d3a1e0f627ac050231ef4914ec91,VU#682
570198864,darrenlei888/The-Interacting-Coulomb-Problem-as-a-Bethe-Ansatz-Problem,Inverse-Sinh-Squared/c = 0.001/BAforInverseSinhSquared c = 0.001.ipynb,ec0804c5cdd8d3a1e0f627ac050231ef4914ec91,VU#938
570198864,darrenlei888/The-Interacting-Coulomb-Problem-as-a-Bethe-Ansatz-Problem,Inverse-Sinh-Squared/c = 0.001/BAforInverseSinhSquared c = 0.001.ipynb,ec0804c5cdd8d3a1e0f627ac050231ef4914ec91,VU#16
570198864,darrenlei888/The-Interacting-Coulomb-Problem-as-a-Bethe-Ansatz-Problem,Inverse-Sinh-Squared/c = 0.001/BAforInverseSinhSquared c = 0.001.ipynb,ec0804c5cdd8d3a1e0f627ac050231ef4914ec91,VU#621
570198864,darrenlei888/The-Interacting-Coulomb-Problem-as-a-Bethe-Ansatz-Problem,Inverse-Sinh-Squared/c = 0.001/BAforInverseSinhSquared c = 0.001.ipynb,ec0804c5cdd8d3a1e0f627ac050231ef4914ec91,VU#12
570198864,darrenlei888/The-Interacting-Coulomb-Problem-as-a-Bethe-Ansatz-Problem,Inverse-Sinh-Squared/c = 0.001/BAforInverseSinhSquared c = 0.001.ipynb,ec0804c5cdd8d3a1e0f627ac050231ef4914ec91,VU#69
570198864,darrenlei888/The-Interacting-Coulomb-Problem-as-a-Bethe-Ansatz-Problem,Inverse-Sinh-Squared/c = 0.001/BAforInverseSinhSquared c = 0.001.ipynb,ec0804c5cdd8d3a1e0f627ac050231ef4914ec91,VU#99
570198864,darrenlei888/The-Interacting-Coulomb-Problem-as-a-Bethe-Ansatz-Problem,Inverse-Sinh-Squared/c = 0.001/BAforInverseSinhSquared c = 0.001.ipynb,ec0804c5cdd8d3a1e0f627ac050231ef4914ec91,VU#619
570198864,darrenlei888/The-Interacting-Coulomb-Problem-as-a-Bethe-Ansatz-Problem,Inverse-Sinh-Squared/c = 0.001/BAforInverseSinhSquared c = 0.001.ipynb,ec0804c5cdd8d3a1e0f627ac050231ef4914ec91,VU#41
570198864,darrenlei888/The-Interacting-Coulomb-Problem-as-a-Bethe-Ansatz-Problem,Inverse-Sinh-Squared/c = 0.001/BAforInverseSinhSquared c = 0.001.ipynb,ec0804c5cdd8d3a1e0f627ac050231ef4914ec91,VU#3228
570198864,darrenlei888/The-Interacting-Coulomb-Problem-as-a-Bethe-Ansatz-Problem,Inverse-Sinh-Squared/c = 0.001/BAforInverseSinhSquared c = 0.001.ipynb,ec0804c5cdd8d3a1e0f627ac050231ef4914ec91,VU#695
570198864,darrenlei888/The-Interacting-Coulomb-Problem-as-a-Bethe-Ansatz-Problem,Inverse-Sinh-Squared/c = 0.001/BAforInverseSinhSquared c = 0.001.ipynb,ec0804c5cdd8d3a1e0f627ac050231ef4914ec91,VU#70
570198864,darrenlei888/The-Interacting-Coulomb-Problem-as-a-Bethe-Ansatz-Problem,Inverse-Sinh-Squared/c = 0.001/BAforInverseSinhSquared c = 0.001.ipynb,ec0804c5cdd8d3a1e0f627ac050231ef4914ec91,VU#03
570198864,darrenlei888/The-Interacting-Coulomb-Problem-as-a-Bethe-Ansatz-Problem,Inverse-Sinh-Squared/c = 0.001/BAforInverseSinhSquared c = 0.001.ipynb,ec0804c5cdd8d3a1e0f627ac050231ef4914ec91,VU#90
570198864,darrenlei888/The-Interacting-Coulomb-Problem-as-a-Bethe-Ansatz-Problem,Inverse-Sinh-Squared/c = 0.001/BAforInverseSinhSquared c = 0.001.ipynb,ec0804c5cdd8d3a1e0f627ac050231ef4914ec91,VU#75
570198864,darrenlei888/The-Interacting-Coulomb-Problem-as-a-Bethe-Ansatz-Problem,Inverse-Sinh-Squared/c = 0.001/BAforInverseSinhSquared c = 0.001.ipynb,ec0804c5cdd8d3a1e0f627ac050231ef4914ec91,VU#33
570198864,darrenlei888/The-Interacting-Coulomb-Problem-as-a-Bethe-Ansatz-Problem,Inverse-Sinh-Squared/c = 0.001/BAforInverseSinhSquared c = 0.001.ipynb,ec0804c5cdd8d3a1e0f627ac050231ef4914ec91,VU#17
570198864,darrenlei888/The-Interacting-Coulomb-Problem-as-a-Bethe-Ansatz-Problem,Inverse-Sinh-Squared/c = 0.001/BAforInverseSinhSquared c = 0.001.ipynb,ec0804c5cdd8d3a1e0f627ac050231ef4914ec91,VU#42
570198864,darrenlei888/The-Interacting-Coulomb-Problem-as-a-Bethe-Ansatz-Problem,Inverse-Sinh-Squared/c = 0.001/BAforInverseSinhSquared c = 0.001.ipynb,ec0804c5cdd8d3a1e0f627ac050231ef4914ec91,VU#60
570198864,darrenlei888/The-Interacting-Coulomb-Problem-as-a-Bethe-Ansatz-Problem,Inverse-Sinh-Squared/c = 0.001/BAforInverseSinhSquared c = 0.001.ipynb,ec0804c5cdd8d3a1e0f627ac050231ef4914ec91,VU#71
570198864,darrenlei888/The-Interacting-Coulomb-Problem-as-a-Bethe-Ansatz-Problem,Inverse-Sinh-Squared/c = 0.001/BAforInverseSinhSquared c = 0.001.ipynb,ec0804c5cdd8d3a1e0f627ac050231ef4914ec91,VU#61
570198864,darrenlei888/The-Interacting-Coulomb-Problem-as-a-Bethe-Ansatz-Problem,Inverse-Sinh-Squared/c = 0.001/BAforInverseSinhSquared c = 0.001.ipynb,ec0804c5cdd8d3a1e0f627ac050231ef4914ec91,VU#312
570198864,darrenlei888/The-Interacting-Coulomb-Problem-as-a-Bethe-Ansatz-Problem,Inverse-Sinh-Squared/c = 0.001/BAforInverseSinhSquared c = 0.001.ipynb,ec0804c5cdd8d3a1e0f627ac050231ef4914ec91,VU#63
570198864,darrenlei888/The-Interacting-Coulomb-Problem-as-a-Bethe-Ansatz-Problem,Inverse-Sinh-Squared/c = 0.001/BAforInverseSinhSquared c = 0.001.ipynb,ec0804c5cdd8d3a1e0f627ac050231ef4914ec91,VU#68
570198864,darrenlei888/The-Interacting-Coulomb-Problem-as-a-Bethe-Ansatz-Problem,Inverse-Sinh-Squared/c = 0.001/BAforInverseSinhSquared c = 0.001.ipynb,ec0804c5cdd8d3a1e0f627ac050231ef4914ec91,VU#66
570198864,darrenlei888/The-Interacting-Coulomb-Problem-as-a-Bethe-Ansatz-Problem,Inverse-Sinh-Squared/c = 0.001/BAforInverseSinhSquared c = 0.001.ipynb,ec0804c5cdd8d3a1e0f627ac050231ef4914ec91,VU#14
570198864,darrenlei888/The-Interacting-Coulomb-Problem-as-a-Bethe-Ansatz-Problem,Inverse-Sinh-Squared/c = 0.001/BAforInverseSinhSquared c = 0.001.ipynb,ec0804c5cdd8d3a1e0f627ac050231ef4914ec91,VU#32
570198864,darrenlei888/The-Interacting-Coulomb-Problem-as-a-Bethe-Ansatz-Problem,Inverse-Sinh-Squared/c = 0.001/BAforInverseSinhSquared c = 0.001.ipynb,ec0804c5cdd8d3a1e0f627ac050231ef4914ec91,VU#381
570198864,darrenlei888/The-Interacting-Coulomb-Problem-as-a-Bethe-Ansatz-Problem,Inverse-Sinh-Squared/c = 0.001/BAforInverseSinhSquared c = 0.001.ipynb,ec0804c5cdd8d3a1e0f627ac050231ef4914ec91,VU#39
570198864,darrenlei888/The-Interacting-Coulomb-Problem-as-a-Bethe-Ansatz-Problem,Inverse-Sinh-Squared/c = 0.001/BAforInverseSinhSquared c = 0.001.ipynb,ec0804c5cdd8d3a1e0f627ac050231ef4914ec91,VU#65
570198864,darrenlei888/The-Interacting-Coulomb-Problem-as-a-Bethe-Ansatz-Problem,Inverse-Sinh-Squared/c = 0.001/BAforInverseSinhSquared c = 0.001.ipynb,ec0804c5cdd8d3a1e0f627ac050231ef4914ec91,VU#288
570198864,darrenlei888/The-Interacting-Coulomb-Problem-as-a-Bethe-Ansatz-Problem,Inverse-Sinh-Squared/c = 0.001/BAforInverseSinhSquared c = 0.001.ipynb,ec0804c5cdd8d3a1e0f627ac050231ef4914ec91,VU#30
570198864,darrenlei888/The-Interacting-Coulomb-Problem-as-a-Bethe-Ansatz-Problem,Inverse-Sinh-Squared/c = 0.001/BAforInverseSinhSquared c = 0.001.ipynb,ec0804c5cdd8d3a1e0f627ac050231ef4914ec91,VU#648
570198864,darrenlei888/The-Interacting-Coulomb-Problem-as-a-Bethe-Ansatz-Problem,Inverse-Sinh-Squared/c = 0.001/BAforInverseSinhSquared c = 0.001.ipynb,ec0804c5cdd8d3a1e0f627ac050231ef4914ec91,VU#40
570198864,darrenlei888/The-Interacting-Coulomb-Problem-as-a-Bethe-Ansatz-Problem,Inverse-Sinh-Squared/c = 0.001/BAforInverseSinhSquared c = 0.001.ipynb,ec0804c5cdd8d3a1e0f627ac050231ef4914ec91,VU#13
570198864,darrenlei888/The-Interacting-Coulomb-Problem-as-a-Bethe-Ansatz-Problem,Inverse-Sinh-Squared/c = 0.001/BAforInverseSinhSquared c = 0.001.ipynb,ec0804c5cdd8d3a1e0f627ac050231ef4914ec91,VU#67
570198864,darrenlei888/The-Interacting-Coulomb-Problem-as-a-Bethe-Ansatz-Problem,Inverse-Sinh-Squared/c = 0.001/BAforInverseSinhSquared c = 0.001.ipynb,ec0804c5cdd8d3a1e0f627ac050231ef4914ec91,VU#92
570198864,darrenlei888/The-Interacting-Coulomb-Problem-as-a-Bethe-Ansatz-Problem,Inverse-Sinh-Squared/c = 0.001/BAforInverseSinhSquared c = 0.001.ipynb,ec0804c5cdd8d3a1e0f627ac050231ef4914ec91,VU#285
570198864,darrenlei888/The-Interacting-Coulomb-Problem-as-a-Bethe-Ansatz-Problem,Inverse-Sinh-Squared/c = 0.001/BAforInverseSinhSquared c = 0.001.ipynb,ec0804c5cdd8d3a1e0f627ac050231ef4914ec91,VU#64
570198864,darrenlei888/The-Interacting-Coulomb-Problem-as-a-Bethe-Ansatz-Problem,Inverse-Sinh-Squared/c = 0.001/BAforInverseSinhSquared c = 0.001.ipynb,ec0804c5cdd8d3a1e0f627ac050231ef4914ec91,VU#128
570198864,darrenlei888/The-Interacting-Coulomb-Problem-as-a-Bethe-Ansatz-Problem,Inverse-Sinh-Squared/c = 0.001/BAforInverseSinhSquared c = 0.001.ipynb,ec0804c5cdd8d3a1e0f627ac050231ef4914ec91,VU#27
570198864,darrenlei888/The-Interacting-Coulomb-Problem-as-a-Bethe-Ansatz-Problem,Inverse-Sinh-Squared/c = 0.001/BAforInverseSinhSquared c = 0.001.ipynb,ec0804c5cdd8d3a1e0f627ac050231ef4914ec91,VU#38
570198864,darrenlei888/The-Interacting-Coulomb-Problem-as-a-Bethe-Ansatz-Problem,Inverse-Sinh-Squared/c = 0.001/BAforInverseSinhSquared c = 0.001.ipynb,ec0804c5cdd8d3a1e0f627ac050231ef4914ec91,VU#919
570198864,darrenlei888/The-Interacting-Coulomb-Problem-as-a-Bethe-Ansatz-Problem,Inverse-Sinh-Squared/c = 0.001/BAforInverseSinhSquared c = 0.001.ipynb,ec0804c5cdd8d3a1e0f627ac050231ef4914ec91,VU#23
570198864,darrenlei888/The-Interacting-Coulomb-Problem-as-a-Bethe-Ansatz-Problem,Inverse-Sinh-Squared/c = 0.001/BAforInverseSinhSquared c = 0.001.ipynb,ec0804c5cdd8d3a1e0f627ac050231ef4914ec91,VU#15
570198864,darrenlei888/The-Interacting-Coulomb-Problem-as-a-Bethe-Ansatz-Problem,Inverse-Sinh-Squared/c = 0.001/BAforInverseSinhSquared c = 0.001.ipynb,ec0804c5cdd8d3a1e0f627ac050231ef4914ec91,VU#429
570198864,darrenlei888/The-Interacting-Coulomb-Problem-as-a-Bethe-Ansatz-Problem,Inverse-Sinh-Squared/c = 0.001/BAforInverseSinhSquared c = 0.001.ipynb,ec0804c5cdd8d3a1e0f627ac050231ef4914ec91,VU#749
570198864,darrenlei888/The-Interacting-Coulomb-Problem-as-a-Bethe-Ansatz-Problem,Inverse-Sinh-Squared/c = 0.001/BAforInverseSinhSquared c = 0.001.ipynb,ec0804c5cdd8d3a1e0f627ac050231ef4914ec91,VU#710
570198864,darrenlei888/The-Interacting-Coulomb-Problem-as-a-Bethe-Ansatz-Problem,Inverse-Sinh-Squared/c = 0.001/BAforInverseSinhSquared c = 0.001.ipynb,ec0804c5cdd8d3a1e0f627ac050231ef4914ec91,VU#74
570198864,darrenlei888/The-Interacting-Coulomb-Problem-as-a-Bethe-Ansatz-Problem,Inverse-Sinh-Squared/c = 0.001/BAforInverseSinhSquared c = 0.001.ipynb,ec0804c5cdd8d3a1e0f627ac050231ef4914ec91,VU#885
570198864,darrenlei888/The-Interacting-Coulomb-Problem-as-a-Bethe-Ansatz-Problem,Inverse-Sinh-Squared/c = 0.001/BAforInverseSinhSquared c = 0.001.ipynb,ec0804c5cdd8d3a1e0f627ac050231ef4914ec91,VU#58
570198864,darrenlei888/The-Interacting-Coulomb-Problem-as-a-Bethe-Ansatz-Problem,Inverse-Sinh-Squared/c = 0.001/BAforInverseSinhSquared c = 0.001.ipynb,ec0804c5cdd8d3a1e0f627ac050231ef4914ec91,VU#18
570198864,darrenlei888/The-Interacting-Coulomb-Problem-as-a-Bethe-Ansatz-Problem,Inverse-Sinh-Squared/c = 0.001/BAforInverseSinhSquared c = 0.001.ipynb,ec0804c5cdd8d3a1e0f627ac050231ef4914ec91,VU#11
570198864,darrenlei888/The-Interacting-Coulomb-Problem-as-a-Bethe-Ansatz-Problem,Inverse-Sinh-Squared/c = 0.001/BAforInverseSinhSquared c = 0.001.ipynb,ec0804c5cdd8d3a1e0f627ac050231ef4914ec91,VU#982
570198864,darrenlei888/The-Interacting-Coulomb-Problem-as-a-Bethe-Ansatz-Problem,Inverse-Sinh-Squared/c = 0.001/BAforInverseSinhSquared c = 0.001.ipynb,ec0804c5cdd8d3a1e0f627ac050231ef4914ec91,VU#44
570198864,darrenlei888/The-Interacting-Coulomb-Problem-as-a-Bethe-Ansatz-Problem,Inverse-Sinh-Squared/c = 0.001/BAforInverseSinhSquared c = 0.001.ipynb,ec0804c5cdd8d3a1e0f627ac050231ef4914ec91,VU#73
570198864,darrenlei888/The-Interacting-Coulomb-Problem-as-a-Bethe-Ansatz-Problem,Inverse-Sinh-Squared/c = 0.001/BAforInverseSinhSquared c = 0.001.ipynb,ec0804c5cdd8d3a1e0f627ac050231ef4914ec91,VU#338
570198864,darrenlei888/The-Interacting-Coulomb-Problem-as-a-Bethe-Ansatz-Problem,Inverse-Sinh-Squared/c = 0.001/BAforInverseSinhSquared c = 0.001.ipynb,ec0804c5cdd8d3a1e0f627ac050231ef4914ec91,VU#57
570198864,darrenlei888/The-Interacting-Coulomb-Problem-as-a-Bethe-Ansatz-Problem,Inverse-Sinh-Squared/c = 0.001/BAforInverseSinhSquared c = 0.001.ipynb,ec0804c5cdd8d3a1e0f627ac050231ef4914ec91,VU#899
570198864,darrenlei888/The-Interacting-Coulomb-Problem-as-a-Bethe-Ansatz-Problem,Inverse-Sinh-Squared/c = 0.001/BAforInverseSinhSquared c = 0.001.ipynb,ec0804c5cdd8d3a1e0f627ac050231ef4914ec91,VU#8846
570198864,darrenlei888/The-Interacting-Coulomb-Problem-as-a-Bethe-Ansatz-Problem,Inverse-Sinh-Squared/c = 0.001/BAforInverseSinhSquared c = 0.001.ipynb,ec0804c5cdd8d3a1e0f627ac050231ef4914ec91,VU#05
570198864,darrenlei888/The-Interacting-Coulomb-Problem-as-a-Bethe-Ansatz-Problem,Inverse-Sinh-Squared/c = 0.001/BAforInverseSinhSquared c = 0.001.ipynb,ec0804c5cdd8d3a1e0f627ac050231ef4914ec91,VU#305
570198864,darrenlei888/The-Interacting-Coulomb-Problem-as-a-Bethe-Ansatz-Problem,Inverse-Sinh-Squared/c = 0.001/BAforInverseSinhSquared c = 0.001.ipynb,ec0804c5cdd8d3a1e0f627ac050231ef4914ec91,VU#26
570198864,darrenlei888/The-Interacting-Coulomb-Problem-as-a-Bethe-Ansatz-Problem,Inverse-Sinh-Squared/c = 0.001/BAforInverseSinhSquared c = 0.001.ipynb,ec0804c5cdd8d3a1e0f627ac050231ef4914ec91,VU#8845
570198864,darrenlei888/The-Interacting-Coulomb-Problem-as-a-Bethe-Ansatz-Problem,Inverse-Sinh-Squared/c = 0.001/BAforInverseSinhSquared c = 0.001.ipynb,ec0804c5cdd8d3a1e0f627ac050231ef4914ec91,VU#101
570198864,darrenlei888/The-Interacting-Coulomb-Problem-as-a-Bethe-Ansatz-Problem,Inverse-Sinh-Squared/c = 0.001/BAforInverseSinhSquared c = 0.001.ipynb,ec0804c5cdd8d3a1e0f627ac050231ef4914ec91,VU#07
570198864,darrenlei888/The-Interacting-Coulomb-Problem-as-a-Bethe-Ansatz-Problem,Inverse-Sinh-Squared/c = 0.001/BAforInverseSinhSquared c = 0.001.ipynb,ec0804c5cdd8d3a1e0f627ac050231ef4914ec91,VU#56
570198864,darrenlei888/The-Interacting-Coulomb-Problem-as-a-Bethe-Ansatz-Problem,Inverse-Sinh-Squared/c = 0.001/BAforInverseSinhSquared c = 0.001.ipynb,ec0804c5cdd8d3a1e0f627ac050231ef4914ec91,VU#261
570198864,darrenlei888/The-Interacting-Coulomb-Problem-as-a-Bethe-Ansatz-Problem,Inverse-Sinh-Squared/c = 0.001/BAforInverseSinhSquared c = 0.001.ipynb,ec0804c5cdd8d3a1e0f627ac050231ef4914ec91,VU#10
570198864,darrenlei888/The-Interacting-Coulomb-Problem-as-a-Bethe-Ansatz-Problem,Inverse-Sinh-Squared/c = 0.001/BAforInverseSinhSquared c = 0.001.ipynb,ec0804c5cdd8d3a1e0f627ac050231ef4914ec91,VU#047
570198864,darrenlei888/The-Interacting-Coulomb-Problem-as-a-Bethe-Ansatz-Problem,Inverse-Sinh-Squared/c = 0.001/BAforInverseSinhSquared c = 0.001.ipynb,ec0804c5cdd8d3a1e0f627ac050231ef4914ec91,VU#7492
570198864,darrenlei888/The-Interacting-Coulomb-Problem-as-a-Bethe-Ansatz-Problem,Inverse-Sinh-Squared/c = 0.001/BAforInverseSinhSquared c = 0.001.ipynb,ec0804c5cdd8d3a1e0f627ac050231ef4914ec91,VU#720
570198864,darrenlei888/The-Interacting-Coulomb-Problem-as-a-Bethe-Ansatz-Problem,Inverse-Sinh-Squared/c = 0.001/BAforInverseSinhSquared c = 0.001.ipynb,ec0804c5cdd8d3a1e0f627ac050231ef4914ec91,VU#28
570198864,darrenlei888/The-Interacting-Coulomb-Problem-as-a-Bethe-Ansatz-Problem,Inverse-Sinh-Squared/c = 0.001/BAforInverseSinhSquared c = 0.001.ipynb,ec0804c5cdd8d3a1e0f627ac050231ef4914ec91,VU#59
570198864,darrenlei888/The-Interacting-Coulomb-Problem-as-a-Bethe-Ansatz-Problem,Inverse-Sinh-Squared/c = 0.001/BAforInverseSinhSquared c = 0.001.ipynb,ec0804c5cdd8d3a1e0f627ac050231ef4914ec91,VU#89
570198864,darrenlei888/The-Interacting-Coulomb-Problem-as-a-Bethe-Ansatz-Problem,Inverse-Sinh-Squared/c = 0.001/BAforInverseSinhSquared c = 0.001.ipynb,ec0804c5cdd8d3a1e0f627ac050231ef4914ec91,VU#94
570198864,darrenlei888/The-Interacting-Coulomb-Problem-as-a-Bethe-Ansatz-Problem,Inverse-Sinh-Squared/c = 0.001/BAforInverseSinhSquared c = 0.001.ipynb,ec0804c5cdd8d3a1e0f627ac050231ef4914ec91,VU#43
570198864,darrenlei888/The-Interacting-Coulomb-Problem-as-a-Bethe-Ansatz-Problem,Straight Line/StraightLine.ipynb,f1360efaf64805131caeec6ff235ced04ea9a2cb,VU#442
570198864,darrenlei888/The-Interacting-Coulomb-Problem-as-a-Bethe-Ansatz-Problem,Straight Line/StraightLine.ipynb,f1360efaf64805131caeec6ff235ced04ea9a2cb,VU#45
570198864,darrenlei888/The-Interacting-Coulomb-Problem-as-a-Bethe-Ansatz-Problem,Straight Line/StraightLine.ipynb,f1360efaf64805131caeec6ff235ced04ea9a2cb,VU#3888
570198864,darrenlei888/The-Interacting-Coulomb-Problem-as-a-Bethe-Ansatz-Problem,Straight Line/StraightLine.ipynb,f1360efaf64805131caeec6ff235ced04ea9a2cb,VU#8777
570198864,darrenlei888/The-Interacting-Coulomb-Problem-as-a-Bethe-Ansatz-Problem,Straight Line/StraightLine.ipynb,f1360efaf64805131caeec6ff235ced04ea9a2cb,VU#882
570198864,darrenlei888/The-Interacting-Coulomb-Problem-as-a-Bethe-Ansatz-Problem,Straight Line/StraightLine.ipynb,f1360efaf64805131caeec6ff235ced04ea9a2cb,VU#476
570198864,darrenlei888/The-Interacting-Coulomb-Problem-as-a-Bethe-Ansatz-Problem,Straight Line/StraightLine.ipynb,f1360efaf64805131caeec6ff235ced04ea9a2cb,VU#38
570198864,darrenlei888/The-Interacting-Coulomb-Problem-as-a-Bethe-Ansatz-Problem,Straight Line/StraightLine.ipynb,f1360efaf64805131caeec6ff235ced04ea9a2cb,VU#94
570198864,darrenlei888/The-Interacting-Coulomb-Problem-as-a-Bethe-Ansatz-Problem,Straight Line/StraightLine.ipynb,f1360efaf64805131caeec6ff235ced04ea9a2cb,VU#23
570198864,darrenlei888/The-Interacting-Coulomb-Problem-as-a-Bethe-Ansatz-Problem,Straight Line/StraightLine.ipynb,f1360efaf64805131caeec6ff235ced04ea9a2cb,VU#0697
570198864,darrenlei888/The-Interacting-Coulomb-Problem-as-a-Bethe-Ansatz-Problem,Straight Line/StraightLine.ipynb,f1360efaf64805131caeec6ff235ced04ea9a2cb,VU#47
570198864,darrenlei888/The-Interacting-Coulomb-Problem-as-a-Bethe-Ansatz-Problem,Straight Line/StraightLine.ipynb,f1360efaf64805131caeec6ff235ced04ea9a2cb,VU#377
570198864,darrenlei888/The-Interacting-Coulomb-Problem-as-a-Bethe-Ansatz-Problem,Straight Line/StraightLine.ipynb,f1360efaf64805131caeec6ff235ced04ea9a2cb,VU#031
570198864,darrenlei888/The-Interacting-Coulomb-Problem-as-a-Bethe-Ansatz-Problem,Straight Line/StraightLine.ipynb,f1360efaf64805131caeec6ff235ced04ea9a2cb,VU#88
570198864,darrenlei888/The-Interacting-Coulomb-Problem-as-a-Bethe-Ansatz-Problem,Straight Line/StraightLine.ipynb,f1360efaf64805131caeec6ff235ced04ea9a2cb,VU#383
570198864,darrenlei888/The-Interacting-Coulomb-Problem-as-a-Bethe-Ansatz-Problem,Straight Line/StraightLine.ipynb,f1360efaf64805131caeec6ff235ced04ea9a2cb,VU#92
570198864,darrenlei888/The-Interacting-Coulomb-Problem-as-a-Bethe-Ansatz-Problem,Straight Line/StraightLine.ipynb,f1360efaf64805131caeec6ff235ced04ea9a2cb,VU#85
570198864,darrenlei888/The-Interacting-Coulomb-Problem-as-a-Bethe-Ansatz-Problem,Straight Line/StraightLine.ipynb,f1360efaf64805131caeec6ff235ced04ea9a2cb,VU#87
570198864,darrenlei888/The-Interacting-Coulomb-Problem-as-a-Bethe-Ansatz-Problem,Straight Line/StraightLine.ipynb,f1360efaf64805131caeec6ff235ced04ea9a2cb,VU#39
570198864,darrenlei888/The-Interacting-Coulomb-Problem-as-a-Bethe-Ansatz-Problem,Straight Line/StraightLine.ipynb,f1360efaf64805131caeec6ff235ced04ea9a2cb,VU#86724
570198864,darrenlei888/The-Interacting-Coulomb-Problem-as-a-Bethe-Ansatz-Problem,Straight Line/StraightLine.ipynb,f1360efaf64805131caeec6ff235ced04ea9a2cb,VU#045
570198864,darrenlei888/The-Interacting-Coulomb-Problem-as-a-Bethe-Ansatz-Problem,Straight Line/StraightLine.ipynb,f1360efaf64805131caeec6ff235ced04ea9a2cb,VU#46
570198864,darrenlei888/The-Interacting-Coulomb-Problem-as-a-Bethe-Ansatz-Problem,Straight Line/StraightLine.ipynb,f1360efaf64805131caeec6ff235ced04ea9a2cb,VU#233
570198864,darrenlei888/The-Interacting-Coulomb-Problem-as-a-Bethe-Ansatz-Problem,Straight Line/StraightLine.ipynb,f1360efaf64805131caeec6ff235ced04ea9a2cb,VU#37
570198864,darrenlei888/The-Interacting-Coulomb-Problem-as-a-Bethe-Ansatz-Problem,Straight Line/StraightLine.ipynb,f1360efaf64805131caeec6ff235ced04ea9a2cb,VU#02
570198864,darrenlei888/The-Interacting-Coulomb-Problem-as-a-Bethe-Ansatz-Problem,Straight Line/StraightLine.ipynb,f1360efaf64805131caeec6ff235ced04ea9a2cb,VU#43
570198864,darrenlei888/The-Interacting-Coulomb-Problem-as-a-Bethe-Ansatz-Problem,Straight Line/StraightLine.ipynb,f1360efaf64805131caeec6ff235ced04ea9a2cb,VU#41
570198864,darrenlei888/The-Interacting-Coulomb-Problem-as-a-Bethe-Ansatz-Problem,Straight Line/StraightLine.ipynb,f1360efaf64805131caeec6ff235ced04ea9a2cb,VU#0470
570198864,darrenlei888/The-Interacting-Coulomb-Problem-as-a-Bethe-Ansatz-Problem,Straight Line/StraightLine.ipynb,f1360efaf64805131caeec6ff235ced04ea9a2cb,VU#90
570198864,darrenlei888/The-Interacting-Coulomb-Problem-as-a-Bethe-Ansatz-Problem,Straight Line/StraightLine.ipynb,f1360efaf64805131caeec6ff235ced04ea9a2cb,VU#86
570198864,darrenlei888/The-Interacting-Coulomb-Problem-as-a-Bethe-Ansatz-Problem,Straight Line/StraightLine.ipynb,f1360efaf64805131caeec6ff235ced04ea9a2cb,VU#2222
570198864,darrenlei888/The-Interacting-Coulomb-Problem-as-a-Bethe-Ansatz-Problem,Straight Line/StraightLine.ipynb,f1360efaf64805131caeec6ff235ced04ea9a2cb,VU#29
570198864,darrenlei888/The-Interacting-Coulomb-Problem-as-a-Bethe-Ansatz-Problem,Straight Line/StraightLine.ipynb,f1360efaf64805131caeec6ff235ced04ea9a2cb,VU#31
570198864,darrenlei888/The-Interacting-Coulomb-Problem-as-a-Bethe-Ansatz-Problem,Straight Line/StraightLine.ipynb,f1360efaf64805131caeec6ff235ced04ea9a2cb,VU#04
570198864,darrenlei888/The-Interacting-Coulomb-Problem-as-a-Bethe-Ansatz-Problem,Straight Line/StraightLine.ipynb,f1360efaf64805131caeec6ff235ced04ea9a2cb,VU#22
570198864,darrenlei888/The-Interacting-Coulomb-Problem-as-a-Bethe-Ansatz-Problem,Straight Line/StraightLine.ipynb,f1360efaf64805131caeec6ff235ced04ea9a2cb,VU#06
570198864,darrenlei888/The-Interacting-Coulomb-Problem-as-a-Bethe-Ansatz-Problem,Straight Line/StraightLine.ipynb,f1360efaf64805131caeec6ff235ced04ea9a2cb,VU#937
570198864,darrenlei888/The-Interacting-Coulomb-Problem-as-a-Bethe-Ansatz-Problem,Straight Line/StraightLine.ipynb,f1360efaf64805131caeec6ff235ced04ea9a2cb,VU#222
570198864,darrenlei888/The-Interacting-Coulomb-Problem-as-a-Bethe-Ansatz-Problem,Straight Line/StraightLine.ipynb,f1360efaf64805131caeec6ff235ced04ea9a2cb,VU#214
570198864,darrenlei888/The-Interacting-Coulomb-Problem-as-a-Bethe-Ansatz-Problem,Straight Line/StraightLine.ipynb,f1360efaf64805131caeec6ff235ced04ea9a2cb,VU#91
570198864,darrenlei888/The-Interacting-Coulomb-Problem-as-a-Bethe-Ansatz-Problem,Straight Line/StraightLine.ipynb,f1360efaf64805131caeec6ff235ced04ea9a2cb,VU#452
570198864,darrenlei888/The-Interacting-Coulomb-Problem-as-a-Bethe-Ansatz-Problem,Straight Line/StraightLine.ipynb,f1360efaf64805131caeec6ff235ced04ea9a2cb,VU#05
570198864,darrenlei888/The-Interacting-Coulomb-Problem-as-a-Bethe-Ansatz-Problem,Straight Line/StraightLine.ipynb,f1360efaf64805131caeec6ff235ced04ea9a2cb,VU#93
570198864,darrenlei888/The-Interacting-Coulomb-Problem-as-a-Bethe-Ansatz-Problem,Straight Line/StraightLine.ipynb,f1360efaf64805131caeec6ff235ced04ea9a2cb,VU#44
570198864,darrenlei888/The-Interacting-Coulomb-Problem-as-a-Bethe-Ansatz-Problem,Straight Line/StraightLine.ipynb,f1360efaf64805131caeec6ff235ced04ea9a2cb,VU#66
570198864,darrenlei888/The-Interacting-Coulomb-Problem-as-a-Bethe-Ansatz-Problem,Straight Line/StraightLine.ipynb,f1360efaf64805131caeec6ff235ced04ea9a2cb,VU#84
570198864,darrenlei888/The-Interacting-Coulomb-Problem-as-a-Bethe-Ansatz-Problem,Straight Line/StraightLine.ipynb,f1360efaf64805131caeec6ff235ced04ea9a2cb,VU#701
570198864,darrenlei888/The-Interacting-Coulomb-Problem-as-a-Bethe-Ansatz-Problem,Straight Line/StraightLine.ipynb,f1360efaf64805131caeec6ff235ced04ea9a2cb,VU#598
570198864,darrenlei888/The-Interacting-Coulomb-Problem-as-a-Bethe-Ansatz-Problem,Straight Line/StraightLine.ipynb,f1360efaf64805131caeec6ff235ced04ea9a2cb,VU#17
570198864,darrenlei888/The-Interacting-Coulomb-Problem-as-a-Bethe-Ansatz-Problem,Straight Line/StraightLine.ipynb,f1360efaf64805131caeec6ff235ced04ea9a2cb,VU#33
570198864,darrenlei888/The-Interacting-Coulomb-Problem-as-a-Bethe-Ansatz-Problem,Straight Line/StraightLine.ipynb,f1360efaf64805131caeec6ff235ced04ea9a2cb,VU#71
570198864,darrenlei888/The-Interacting-Coulomb-Problem-as-a-Bethe-Ansatz-Problem,Straight Line/StraightLine.ipynb,f1360efaf64805131caeec6ff235ced04ea9a2cb,VU#59
570198864,darrenlei888/The-Interacting-Coulomb-Problem-as-a-Bethe-Ansatz-Problem,Straight Line/StraightLine.ipynb,f1360efaf64805131caeec6ff235ced04ea9a2cb,VU#719
570198864,darrenlei888/The-Interacting-Coulomb-Problem-as-a-Bethe-Ansatz-Problem,Straight Line/StraightLine.ipynb,f1360efaf64805131caeec6ff235ced04ea9a2cb,VU#1122
570198864,darrenlei888/The-Interacting-Coulomb-Problem-as-a-Bethe-Ansatz-Problem,Straight Line/StraightLine.ipynb,f1360efaf64805131caeec6ff235ced04ea9a2cb,VU#72
570198864,darrenlei888/The-Interacting-Coulomb-Problem-as-a-Bethe-Ansatz-Problem,Straight Line/StraightLine.ipynb,f1360efaf64805131caeec6ff235ced04ea9a2cb,VU#178
570198864,darrenlei888/The-Interacting-Coulomb-Problem-as-a-Bethe-Ansatz-Problem,Straight Line/StraightLine.ipynb,f1360efaf64805131caeec6ff235ced04ea9a2cb,VU#27
570198864,darrenlei888/The-Interacting-Coulomb-Problem-as-a-Bethe-Ansatz-Problem,Straight Line/StraightLine.ipynb,f1360efaf64805131caeec6ff235ced04ea9a2cb,VU#11
570198864,darrenlei888/The-Interacting-Coulomb-Problem-as-a-Bethe-Ansatz-Problem,Straight Line/StraightLine.ipynb,f1360efaf64805131caeec6ff235ced04ea9a2cb,VU#584
570198864,darrenlei888/The-Interacting-Coulomb-Problem-as-a-Bethe-Ansatz-Problem,Straight Line/StraightLine.ipynb,f1360efaf64805131caeec6ff235ced04ea9a2cb,VU#58
570198864,darrenlei888/The-Interacting-Coulomb-Problem-as-a-Bethe-Ansatz-Problem,Straight Line/StraightLine.ipynb,f1360efaf64805131caeec6ff235ced04ea9a2cb,VU#984
570198864,darrenlei888/The-Interacting-Coulomb-Problem-as-a-Bethe-Ansatz-Problem,Straight Line/StraightLine.ipynb,f1360efaf64805131caeec6ff235ced04ea9a2cb,VU#731
570198864,darrenlei888/The-Interacting-Coulomb-Problem-as-a-Bethe-Ansatz-Problem,Straight Line/StraightLine.ipynb,f1360efaf64805131caeec6ff235ced04ea9a2cb,VU#281
570198864,darrenlei888/The-Interacting-Coulomb-Problem-as-a-Bethe-Ansatz-Problem,Straight Line/StraightLine.ipynb,f1360efaf64805131caeec6ff235ced04ea9a2cb,VU#18
570198864,darrenlei888/The-Interacting-Coulomb-Problem-as-a-Bethe-Ansatz-Problem,Straight Line/StraightLine.ipynb,f1360efaf64805131caeec6ff235ced04ea9a2cb,VU#98
570198864,darrenlei888/The-Interacting-Coulomb-Problem-as-a-Bethe-Ansatz-Problem,Straight Line/StraightLine.ipynb,f1360efaf64805131caeec6ff235ced04ea9a2cb,VU#21
570198864,darrenlei888/The-Interacting-Coulomb-Problem-as-a-Bethe-Ansatz-Problem,Straight Line/StraightLine.ipynb,f1360efaf64805131caeec6ff235ced04ea9a2cb,VU#74
570198864,darrenlei888/The-Interacting-Coulomb-Problem-as-a-Bethe-Ansatz-Problem,Straight Line/StraightLine.ipynb,f1360efaf64805131caeec6ff235ced04ea9a2cb,VU#7444
570198864,darrenlei888/The-Interacting-Coulomb-Problem-as-a-Bethe-Ansatz-Problem,Straight Line/StraightLine.ipynb,f1360efaf64805131caeec6ff235ced04ea9a2cb,VU#008
570198864,darrenlei888/The-Interacting-Coulomb-Problem-as-a-Bethe-Ansatz-Problem,Straight Line/StraightLine.ipynb,f1360efaf64805131caeec6ff235ced04ea9a2cb,VU#10
570198864,darrenlei888/The-Interacting-Coulomb-Problem-as-a-Bethe-Ansatz-Problem,Straight Line/StraightLine.ipynb,f1360efaf64805131caeec6ff235ced04ea9a2cb,VU#30
570198864,darrenlei888/The-Interacting-Coulomb-Problem-as-a-Bethe-Ansatz-Problem,Straight Line/StraightLine.ipynb,f1360efaf64805131caeec6ff235ced04ea9a2cb,VU#0007
570198864,darrenlei888/The-Interacting-Coulomb-Problem-as-a-Bethe-Ansatz-Problem,Straight Line/StraightLine.ipynb,f1360efaf64805131caeec6ff235ced04ea9a2cb,VU#1393
570198864,darrenlei888/The-Interacting-Coulomb-Problem-as-a-Bethe-Ansatz-Problem,Straight Line/StraightLine.ipynb,f1360efaf64805131caeec6ff235ced04ea9a2cb,VU#652
570198864,darrenlei888/The-Interacting-Coulomb-Problem-as-a-Bethe-Ansatz-Problem,Straight Line/StraightLine.ipynb,f1360efaf64805131caeec6ff235ced04ea9a2cb,VU#14
570198864,darrenlei888/The-Interacting-Coulomb-Problem-as-a-Bethe-Ansatz-Problem,Straight Line/StraightLine.ipynb,f1360efaf64805131caeec6ff235ced04ea9a2cb,VU#13
570198864,darrenlei888/The-Interacting-Coulomb-Problem-as-a-Bethe-Ansatz-Problem,Straight Line/StraightLine.ipynb,f1360efaf64805131caeec6ff235ced04ea9a2cb,VU#65
570198864,darrenlei888/The-Interacting-Coulomb-Problem-as-a-Bethe-Ansatz-Problem,Straight Line/StraightLine.ipynb,f1360efaf64805131caeec6ff235ced04ea9a2cb,VU#32
570198864,darrenlei888/The-Interacting-Coulomb-Problem-as-a-Bethe-Ansatz-Problem,Straight Line/StraightLine.ipynb,f1360efaf64805131caeec6ff235ced04ea9a2cb,VU#28
570198864,darrenlei888/The-Interacting-Coulomb-Problem-as-a-Bethe-Ansatz-Problem,Straight Line/StraightLine.ipynb,f1360efaf64805131caeec6ff235ced04ea9a2cb,VU#64
570198864,darrenlei888/The-Interacting-Coulomb-Problem-as-a-Bethe-Ansatz-Problem,Straight Line/StraightLine.ipynb,f1360efaf64805131caeec6ff235ced04ea9a2cb,VU#67
570198864,darrenlei888/The-Interacting-Coulomb-Problem-as-a-Bethe-Ansatz-Problem,Straight Line/StraightLine.ipynb,f1360efaf64805131caeec6ff235ced04ea9a2cb,VU#99
570198864,darrenlei888/The-Interacting-Coulomb-Problem-as-a-Bethe-Ansatz-Problem,Straight Line/StraightLine.ipynb,f1360efaf64805131caeec6ff235ced04ea9a2cb,VU#169
570198864,darrenlei888/The-Interacting-Coulomb-Problem-as-a-Bethe-Ansatz-Problem,Straight Line/StraightLine.ipynb,f1360efaf64805131caeec6ff235ced04ea9a2cb,VU#677
570198864,darrenlei888/The-Interacting-Coulomb-Problem-as-a-Bethe-Ansatz-Problem,Straight Line/StraightLine.ipynb,f1360efaf64805131caeec6ff235ced04ea9a2cb,VU#150
570198864,darrenlei888/The-Interacting-Coulomb-Problem-as-a-Bethe-Ansatz-Problem,Straight Line/StraightLine.ipynb,f1360efaf64805131caeec6ff235ced04ea9a2cb,VU#63
570198864,darrenlei888/The-Interacting-Coulomb-Problem-as-a-Bethe-Ansatz-Problem,Straight Line/StraightLine.ipynb,f1360efaf64805131caeec6ff235ced04ea9a2cb,VU#12
570198864,darrenlei888/The-Interacting-Coulomb-Problem-as-a-Bethe-Ansatz-Problem,Straight Line/StraightLine.ipynb,f1360efaf64805131caeec6ff235ced04ea9a2cb,VU#68
570198864,darrenlei888/The-Interacting-Coulomb-Problem-as-a-Bethe-Ansatz-Problem,Straight Line/StraightLine.ipynb,f1360efaf64805131caeec6ff235ced04ea9a2cb,VU#680
570198864,darrenlei888/The-Interacting-Coulomb-Problem-as-a-Bethe-Ansatz-Problem,Straight Line/StraightLine.ipynb,f1360efaf64805131caeec6ff235ced04ea9a2cb,VU#68704
570198864,darrenlei888/The-Interacting-Coulomb-Problem-as-a-Bethe-Ansatz-Problem,Straight Line/StraightLine.ipynb,f1360efaf64805131caeec6ff235ced04ea9a2cb,VU#62
570198864,darrenlei888/The-Interacting-Coulomb-Problem-as-a-Bethe-Ansatz-Problem,Straight Line/StraightLine.ipynb,f1360efaf64805131caeec6ff235ced04ea9a2cb,VU#69
570198864,darrenlei888/The-Interacting-Coulomb-Problem-as-a-Bethe-Ansatz-Problem,Straight Line/StraightLine.ipynb,f1360efaf64805131caeec6ff235ced04ea9a2cb,VU#16
570198864,darrenlei888/The-Interacting-Coulomb-Problem-as-a-Bethe-Ansatz-Problem,Straight Line/StraightLine.ipynb,f1360efaf64805131caeec6ff235ced04ea9a2cb,VU#61
570198864,darrenlei888/The-Interacting-Coulomb-Problem-as-a-Bethe-Ansatz-Problem,Straight Line/StraightLine.ipynb,f1360efaf64805131caeec6ff235ced04ea9a2cb,VU#15
570198864,darrenlei888/The-Interacting-Coulomb-Problem-as-a-Bethe-Ansatz-Problem,Straight Line/StraightLine.ipynb,f1360efaf64805131caeec6ff235ced04ea9a2cb,VU#184
570198864,darrenlei888/The-Interacting-Coulomb-Problem-as-a-Bethe-Ansatz-Problem,Straight Line/StraightLine.ipynb,f1360efaf64805131caeec6ff235ced04ea9a2cb,VU#56
570198864,darrenlei888/The-Interacting-Coulomb-Problem-as-a-Bethe-Ansatz-Problem,Straight Line/StraightLine.ipynb,f1360efaf64805131caeec6ff235ced04ea9a2cb,VU#5592
570198864,darrenlei888/The-Interacting-Coulomb-Problem-as-a-Bethe-Ansatz-Problem,Straight Line/StraightLine.ipynb,f1360efaf64805131caeec6ff235ced04ea9a2cb,VU#25
570198864,darrenlei888/The-Interacting-Coulomb-Problem-as-a-Bethe-Ansatz-Problem,Straight Line/StraightLine.ipynb,f1360efaf64805131caeec6ff235ced04ea9a2cb,VU#97
570198864,darrenlei888/The-Interacting-Coulomb-Problem-as-a-Bethe-Ansatz-Problem,Straight Line/StraightLine.ipynb,f1360efaf64805131caeec6ff235ced04ea9a2cb,VU#03
570198864,darrenlei888/The-Interacting-Coulomb-Problem-as-a-Bethe-Ansatz-Problem,Straight Line/StraightLine.ipynb,f1360efaf64805131caeec6ff235ced04ea9a2cb,VU#018
570198864,darrenlei888/The-Interacting-Coulomb-Problem-as-a-Bethe-Ansatz-Problem,Straight Line/StraightLine.ipynb,f1360efaf64805131caeec6ff235ced04ea9a2cb,VU#35
570198864,darrenlei888/The-Interacting-Coulomb-Problem-as-a-Bethe-Ansatz-Problem,Straight Line/StraightLine.ipynb,f1360efaf64805131caeec6ff235ced04ea9a2cb,VU#187
570198864,darrenlei888/The-Interacting-Coulomb-Problem-as-a-Bethe-Ansatz-Problem,Straight Line/StraightLine.ipynb,f1360efaf64805131caeec6ff235ced04ea9a2cb,VU#51
570198864,darrenlei888/The-Interacting-Coulomb-Problem-as-a-Bethe-Ansatz-Problem,Straight Line/StraightLine.ipynb,f1360efaf64805131caeec6ff235ced04ea9a2cb,VU#96
570198864,darrenlei888/The-Interacting-Coulomb-Problem-as-a-Bethe-Ansatz-Problem,Straight Line/StraightLine.ipynb,f1360efaf64805131caeec6ff235ced04ea9a2cb,VU#80
570198864,darrenlei888/The-Interacting-Coulomb-Problem-as-a-Bethe-Ansatz-Problem,Straight Line/StraightLine.ipynb,f1360efaf64805131caeec6ff235ced04ea9a2cb,VU#78
570198864,darrenlei888/The-Interacting-Coulomb-Problem-as-a-Bethe-Ansatz-Problem,Straight Line/StraightLine.ipynb,f1360efaf64805131caeec6ff235ced04ea9a2cb,VU#50
570198864,darrenlei888/The-Interacting-Coulomb-Problem-as-a-Bethe-Ansatz-Problem,Straight Line/StraightLine.ipynb,f1360efaf64805131caeec6ff235ced04ea9a2cb,VU#291
570198864,darrenlei888/The-Interacting-Coulomb-Problem-as-a-Bethe-Ansatz-Problem,Straight Line/StraightLine.ipynb,f1360efaf64805131caeec6ff235ced04ea9a2cb,VU#49
570198864,darrenlei888/The-Interacting-Coulomb-Problem-as-a-Bethe-Ansatz-Problem,Straight Line/StraightLine.ipynb,f1360efaf64805131caeec6ff235ced04ea9a2cb,VU#82
570198864,darrenlei888/The-Interacting-Coulomb-Problem-as-a-Bethe-Ansatz-Problem,Straight Line/StraightLine.ipynb,f1360efaf64805131caeec6ff235ced04ea9a2cb,VU#07
570198864,darrenlei888/The-Interacting-Coulomb-Problem-as-a-Bethe-Ansatz-Problem,Straight Line/StraightLine.ipynb,f1360efaf64805131caeec6ff235ced04ea9a2cb,VU#83
570198864,darrenlei888/The-Interacting-Coulomb-Problem-as-a-Bethe-Ansatz-Problem,Straight Line/StraightLine.ipynb,f1360efaf64805131caeec6ff235ced04ea9a2cb,VU#36
570198864,darrenlei888/The-Interacting-Coulomb-Problem-as-a-Bethe-Ansatz-Problem,Straight Line/StraightLine.ipynb,f1360efaf64805131caeec6ff235ced04ea9a2cb,VU#839
570198864,darrenlei888/The-Interacting-Coulomb-Problem-as-a-Bethe-Ansatz-Problem,Straight Line/StraightLine.ipynb,f1360efaf64805131caeec6ff235ced04ea9a2cb,VU#48
570198864,darrenlei888/The-Interacting-Coulomb-Problem-as-a-Bethe-Ansatz-Problem,Straight Line/StraightLine.ipynb,f1360efaf64805131caeec6ff235ced04ea9a2cb,VU#95
570198864,darrenlei888/The-Interacting-Coulomb-Problem-as-a-Bethe-Ansatz-Problem,Straight Line/StraightLine.ipynb,f1360efaf64805131caeec6ff235ced04ea9a2cb,VU#811
570198864,darrenlei888/The-Interacting-Coulomb-Problem-as-a-Bethe-Ansatz-Problem,Straight Line/StraightLine.ipynb,f1360efaf64805131caeec6ff235ced04ea9a2cb,VU#297
570198864,darrenlei888/The-Interacting-Coulomb-Problem-as-a-Bethe-Ansatz-Problem,Straight Line/StraightLine.ipynb,f1360efaf64805131caeec6ff235ced04ea9a2cb,VU#79
570198864,darrenlei888/The-Interacting-Coulomb-Problem-as-a-Bethe-Ansatz-Problem,Straight Line/StraightLine.ipynb,f1360efaf64805131caeec6ff235ced04ea9a2cb,VU#778
570198864,darrenlei888/The-Interacting-Coulomb-Problem-as-a-Bethe-Ansatz-Problem,Straight Line/StraightLine.ipynb,f1360efaf64805131caeec6ff235ced04ea9a2cb,VU#091
570198864,darrenlei888/The-Interacting-Coulomb-Problem-as-a-Bethe-Ansatz-Problem,Straight Line/StraightLine.ipynb,f1360efaf64805131caeec6ff235ced04ea9a2cb,VU#53
570198864,darrenlei888/The-Interacting-Coulomb-Problem-as-a-Bethe-Ansatz-Problem,Straight Line/StraightLine.ipynb,f1360efaf64805131caeec6ff235ced04ea9a2cb,VU#75
570198864,darrenlei888/The-Interacting-Coulomb-Problem-as-a-Bethe-Ansatz-Problem,Straight Line/StraightLine.ipynb,f1360efaf64805131caeec6ff235ced04ea9a2cb,VU#189
570198864,darrenlei888/The-Interacting-Coulomb-Problem-as-a-Bethe-Ansatz-Problem,Straight Line/StraightLine.ipynb,f1360efaf64805131caeec6ff235ced04ea9a2cb,VU#77
570198864,darrenlei888/The-Interacting-Coulomb-Problem-as-a-Bethe-Ansatz-Problem,Straight Line/StraightLine.ipynb,f1360efaf64805131caeec6ff235ced04ea9a2cb,VU#973
570198864,darrenlei888/The-Interacting-Coulomb-Problem-as-a-Bethe-Ansatz-Problem,Straight Line/StraightLine.ipynb,f1360efaf64805131caeec6ff235ced04ea9a2cb,VU#34
570198864,darrenlei888/The-Interacting-Coulomb-Problem-as-a-Bethe-Ansatz-Problem,Straight Line/StraightLine.ipynb,f1360efaf64805131caeec6ff235ced04ea9a2cb,VU#552
570198864,darrenlei888/The-Interacting-Coulomb-Problem-as-a-Bethe-Ansatz-Problem,Straight Line/StraightLine.ipynb,f1360efaf64805131caeec6ff235ced04ea9a2cb,VU#19
570198864,darrenlei888/The-Interacting-Coulomb-Problem-as-a-Bethe-Ansatz-Problem,Straight Line/StraightLine.ipynb,f1360efaf64805131caeec6ff235ced04ea9a2cb,VU#76
570198864,darrenlei888/The-Interacting-Coulomb-Problem-as-a-Bethe-Ansatz-Problem,Straight Line/StraightLine.ipynb,f1360efaf64805131caeec6ff235ced04ea9a2cb,VU#093
570198864,darrenlei888/The-Interacting-Coulomb-Problem-as-a-Bethe-Ansatz-Problem,Straight Line/StraightLine.ipynb,f1360efaf64805131caeec6ff235ced04ea9a2cb,VU#54
570198864,darrenlei888/The-Interacting-Coulomb-Problem-as-a-Bethe-Ansatz-Problem,Lorentzian/Lorentzian.ipynb,f5fe19259e65b71077a3edf910ddd0418eaa58cb,VU#34
570198864,darrenlei888/The-Interacting-Coulomb-Problem-as-a-Bethe-Ansatz-Problem,Lorentzian/Lorentzian.ipynb,f5fe19259e65b71077a3edf910ddd0418eaa58cb,VU#00
570198864,darrenlei888/The-Interacting-Coulomb-Problem-as-a-Bethe-Ansatz-Problem,Lorentzian/Lorentzian.ipynb,f5fe19259e65b71077a3edf910ddd0418eaa58cb,VU#93
570198864,darrenlei888/The-Interacting-Coulomb-Problem-as-a-Bethe-Ansatz-Problem,Lorentzian/Lorentzian.ipynb,f5fe19259e65b71077a3edf910ddd0418eaa58cb,VU#36
570198864,darrenlei888/The-Interacting-Coulomb-Problem-as-a-Bethe-Ansatz-Problem,Lorentzian/Lorentzian.ipynb,f5fe19259e65b71077a3edf910ddd0418eaa58cb,VU#98
570198864,darrenlei888/The-Interacting-Coulomb-Problem-as-a-Bethe-Ansatz-Problem,Lorentzian/Lorentzian.ipynb,f5fe19259e65b71077a3edf910ddd0418eaa58cb,VU#32
570198864,darrenlei888/The-Interacting-Coulomb-Problem-as-a-Bethe-Ansatz-Problem,Lorentzian/Lorentzian.ipynb,f5fe19259e65b71077a3edf910ddd0418eaa58cb,VU#94
570198864,darrenlei888/The-Interacting-Coulomb-Problem-as-a-Bethe-Ansatz-Problem,Lorentzian/Lorentzian.ipynb,f5fe19259e65b71077a3edf910ddd0418eaa58cb,VU#95
570198864,darrenlei888/The-Interacting-Coulomb-Problem-as-a-Bethe-Ansatz-Problem,Lorentzian/Lorentzian.ipynb,f5fe19259e65b71077a3edf910ddd0418eaa58cb,VU#0268
570198864,darrenlei888/The-Interacting-Coulomb-Problem-as-a-Bethe-Ansatz-Problem,Lorentzian/Lorentzian.ipynb,f5fe19259e65b71077a3edf910ddd0418eaa58cb,VU#96
570198864,darrenlei888/The-Interacting-Coulomb-Problem-as-a-Bethe-Ansatz-Problem,Lorentzian/Lorentzian.ipynb,f5fe19259e65b71077a3edf910ddd0418eaa58cb,VU#9795
570198864,darrenlei888/The-Interacting-Coulomb-Problem-as-a-Bethe-Ansatz-Problem,Lorentzian/Lorentzian.ipynb,f5fe19259e65b71077a3edf910ddd0418eaa58cb,VU#3347
570198864,darrenlei888/The-Interacting-Coulomb-Problem-as-a-Bethe-Ansatz-Problem,Lorentzian/Lorentzian.ipynb,f5fe19259e65b71077a3edf910ddd0418eaa58cb,VU#029
570198864,darrenlei888/The-Interacting-Coulomb-Problem-as-a-Bethe-Ansatz-Problem,Lorentzian/Lorentzian.ipynb,f5fe19259e65b71077a3edf910ddd0418eaa58cb,VU#26
570198864,darrenlei888/The-Interacting-Coulomb-Problem-as-a-Bethe-Ansatz-Problem,Lorentzian/Lorentzian.ipynb,f5fe19259e65b71077a3edf910ddd0418eaa58cb,VU#33
570198864,darrenlei888/The-Interacting-Coulomb-Problem-as-a-Bethe-Ansatz-Problem,Lorentzian/Lorentzian.ipynb,f5fe19259e65b71077a3edf910ddd0418eaa58cb,VU#35
570198864,darrenlei888/The-Interacting-Coulomb-Problem-as-a-Bethe-Ansatz-Problem,Lorentzian/Lorentzian.ipynb,f5fe19259e65b71077a3edf910ddd0418eaa58cb,VU#37
570198864,darrenlei888/The-Interacting-Coulomb-Problem-as-a-Bethe-Ansatz-Problem,Lorentzian/Lorentzian.ipynb,f5fe19259e65b71077a3edf910ddd0418eaa58cb,VU#000
570198864,darrenlei888/The-Interacting-Coulomb-Problem-as-a-Bethe-Ansatz-Problem,Lorentzian/Lorentzian.ipynb,f5fe19259e65b71077a3edf910ddd0418eaa58cb,VU#938
570198864,darrenlei888/The-Interacting-Coulomb-Problem-as-a-Bethe-Ansatz-Problem,Lorentzian/Lorentzian.ipynb,f5fe19259e65b71077a3edf910ddd0418eaa58cb,VU#965
570198864,darrenlei888/The-Interacting-Coulomb-Problem-as-a-Bethe-Ansatz-Problem,Lorentzian/Lorentzian.ipynb,f5fe19259e65b71077a3edf910ddd0418eaa58cb,VU#963
570198864,darrenlei888/The-Interacting-Coulomb-Problem-as-a-Bethe-Ansatz-Problem,Lorentzian/Lorentzian.ipynb,f5fe19259e65b71077a3edf910ddd0418eaa58cb,VU#25
570198864,darrenlei888/The-Interacting-Coulomb-Problem-as-a-Bethe-Ansatz-Problem,Lorentzian/Lorentzian.ipynb,f5fe19259e65b71077a3edf910ddd0418eaa58cb,VU#358
570198864,darrenlei888/The-Interacting-Coulomb-Problem-as-a-Bethe-Ansatz-Problem,Lorentzian/Lorentzian.ipynb,f5fe19259e65b71077a3edf910ddd0418eaa58cb,VU#02
570198864,darrenlei888/The-Interacting-Coulomb-Problem-as-a-Bethe-Ansatz-Problem,Lorentzian/Lorentzian.ipynb,f5fe19259e65b71077a3edf910ddd0418eaa58cb,VU#27
570198864,darrenlei888/The-Interacting-Coulomb-Problem-as-a-Bethe-Ansatz-Problem,Lorentzian/Lorentzian.ipynb,f5fe19259e65b71077a3edf910ddd0418eaa58cb,VU#01
570198864,darrenlei888/The-Interacting-Coulomb-Problem-as-a-Bethe-Ansatz-Problem,Lorentzian/Lorentzian.ipynb,f5fe19259e65b71077a3edf910ddd0418eaa58cb,VU#03
570198864,darrenlei888/The-Interacting-Coulomb-Problem-as-a-Bethe-Ansatz-Problem,Lorentzian/Lorentzian.ipynb,f5fe19259e65b71077a3edf910ddd0418eaa58cb,VU#99
570198864,darrenlei888/The-Interacting-Coulomb-Problem-as-a-Bethe-Ansatz-Problem,Lorentzian/Lorentzian.ipynb,f5fe19259e65b71077a3edf910ddd0418eaa58cb,VU#97
570198864,darrenlei888/The-Interacting-Coulomb-Problem-as-a-Bethe-Ansatz-Problem,Lorentzian/Lorentzian.ipynb,f5fe19259e65b71077a3edf910ddd0418eaa58cb,VU#49
570198864,darrenlei888/The-Interacting-Coulomb-Problem-as-a-Bethe-Ansatz-Problem,Lorentzian/Lorentzian.ipynb,f5fe19259e65b71077a3edf910ddd0418eaa58cb,VU#23
570198864,darrenlei888/The-Interacting-Coulomb-Problem-as-a-Bethe-Ansatz-Problem,Lorentzian/Lorentzian.ipynb,f5fe19259e65b71077a3edf910ddd0418eaa58cb,VU#57
570198864,darrenlei888/The-Interacting-Coulomb-Problem-as-a-Bethe-Ansatz-Problem,Lorentzian/Lorentzian.ipynb,f5fe19259e65b71077a3edf910ddd0418eaa58cb,VU#564
570198864,darrenlei888/The-Interacting-Coulomb-Problem-as-a-Bethe-Ansatz-Problem,Lorentzian/Lorentzian.ipynb,f5fe19259e65b71077a3edf910ddd0418eaa58cb,VU#105
570198864,darrenlei888/The-Interacting-Coulomb-Problem-as-a-Bethe-Ansatz-Problem,Lorentzian/Lorentzian.ipynb,f5fe19259e65b71077a3edf910ddd0418eaa58cb,VU#74
570198864,darrenlei888/The-Interacting-Coulomb-Problem-as-a-Bethe-Ansatz-Problem,Lorentzian/Lorentzian.ipynb,f5fe19259e65b71077a3edf910ddd0418eaa58cb,VU#56
570198864,darrenlei888/The-Interacting-Coulomb-Problem-as-a-Bethe-Ansatz-Problem,Lorentzian/Lorentzian.ipynb,f5fe19259e65b71077a3edf910ddd0418eaa58cb,VU#10
570198864,darrenlei888/The-Interacting-Coulomb-Problem-as-a-Bethe-Ansatz-Problem,Lorentzian/Lorentzian.ipynb,f5fe19259e65b71077a3edf910ddd0418eaa58cb,VU#75
570198864,darrenlei888/The-Interacting-Coulomb-Problem-as-a-Bethe-Ansatz-Problem,Lorentzian/Lorentzian.ipynb,f5fe19259e65b71077a3edf910ddd0418eaa58cb,VU#099
570198864,darrenlei888/The-Interacting-Coulomb-Problem-as-a-Bethe-Ansatz-Problem,Lorentzian/Lorentzian.ipynb,f5fe19259e65b71077a3edf910ddd0418eaa58cb,VU#55
570198864,darrenlei888/The-Interacting-Coulomb-Problem-as-a-Bethe-Ansatz-Problem,Lorentzian/Lorentzian.ipynb,f5fe19259e65b71077a3edf910ddd0418eaa58cb,VU#76
570198864,darrenlei888/The-Interacting-Coulomb-Problem-as-a-Bethe-Ansatz-Problem,Lorentzian/Lorentzian.ipynb,f5fe19259e65b71077a3edf910ddd0418eaa58cb,VU#19
570198864,darrenlei888/The-Interacting-Coulomb-Problem-as-a-Bethe-Ansatz-Problem,Lorentzian/Lorentzian.ipynb,f5fe19259e65b71077a3edf910ddd0418eaa58cb,VU#54
570198864,darrenlei888/The-Interacting-Coulomb-Problem-as-a-Bethe-Ansatz-Problem,Lorentzian/Lorentzian.ipynb,f5fe19259e65b71077a3edf910ddd0418eaa58cb,VU#09
570198864,darrenlei888/The-Interacting-Coulomb-Problem-as-a-Bethe-Ansatz-Problem,Lorentzian/Lorentzian.ipynb,f5fe19259e65b71077a3edf910ddd0418eaa58cb,VU#192
570198864,darrenlei888/The-Interacting-Coulomb-Problem-as-a-Bethe-Ansatz-Problem,Lorentzian/Lorentzian.ipynb,f5fe19259e65b71077a3edf910ddd0418eaa58cb,VU#7786
570198864,darrenlei888/The-Interacting-Coulomb-Problem-as-a-Bethe-Ansatz-Problem,Lorentzian/Lorentzian.ipynb,f5fe19259e65b71077a3edf910ddd0418eaa58cb,VU#53
570198864,darrenlei888/The-Interacting-Coulomb-Problem-as-a-Bethe-Ansatz-Problem,Lorentzian/Lorentzian.ipynb,f5fe19259e65b71077a3edf910ddd0418eaa58cb,VU#1973
570198864,darrenlei888/The-Interacting-Coulomb-Problem-as-a-Bethe-Ansatz-Problem,Lorentzian/Lorentzian.ipynb,f5fe19259e65b71077a3edf910ddd0418eaa58cb,VU#78
570198864,darrenlei888/The-Interacting-Coulomb-Problem-as-a-Bethe-Ansatz-Problem,Lorentzian/Lorentzian.ipynb,f5fe19259e65b71077a3edf910ddd0418eaa58cb,VU#089
570198864,darrenlei888/The-Interacting-Coulomb-Problem-as-a-Bethe-Ansatz-Problem,Lorentzian/Lorentzian.ipynb,f5fe19259e65b71077a3edf910ddd0418eaa58cb,VU#279
570198864,darrenlei888/The-Interacting-Coulomb-Problem-as-a-Bethe-Ansatz-Problem,Lorentzian/Lorentzian.ipynb,f5fe19259e65b71077a3edf910ddd0418eaa58cb,VU#524
570198864,darrenlei888/The-Interacting-Coulomb-Problem-as-a-Bethe-Ansatz-Problem,Lorentzian/Lorentzian.ipynb,f5fe19259e65b71077a3edf910ddd0418eaa58cb,VU#570
570198864,darrenlei888/The-Interacting-Coulomb-Problem-as-a-Bethe-Ansatz-Problem,Lorentzian/Lorentzian.ipynb,f5fe19259e65b71077a3edf910ddd0418eaa58cb,VU#52
570198864,darrenlei888/The-Interacting-Coulomb-Problem-as-a-Bethe-Ansatz-Problem,Lorentzian/Lorentzian.ipynb,f5fe19259e65b71077a3edf910ddd0418eaa58cb,VU#73
570198864,darrenlei888/The-Interacting-Coulomb-Problem-as-a-Bethe-Ansatz-Problem,Lorentzian/Lorentzian.ipynb,f5fe19259e65b71077a3edf910ddd0418eaa58cb,VU#11
570198864,darrenlei888/The-Interacting-Coulomb-Problem-as-a-Bethe-Ansatz-Problem,Lorentzian/Lorentzian.ipynb,f5fe19259e65b71077a3edf910ddd0418eaa58cb,VU#14
570198864,darrenlei888/The-Interacting-Coulomb-Problem-as-a-Bethe-Ansatz-Problem,Lorentzian/Lorentzian.ipynb,f5fe19259e65b71077a3edf910ddd0418eaa58cb,VU#65
570198864,darrenlei888/The-Interacting-Coulomb-Problem-as-a-Bethe-Ansatz-Problem,Lorentzian/Lorentzian.ipynb,f5fe19259e65b71077a3edf910ddd0418eaa58cb,VU#13
570198864,darrenlei888/The-Interacting-Coulomb-Problem-as-a-Bethe-Ansatz-Problem,Lorentzian/Lorentzian.ipynb,f5fe19259e65b71077a3edf910ddd0418eaa58cb,VU#64
570198864,darrenlei888/The-Interacting-Coulomb-Problem-as-a-Bethe-Ansatz-Problem,Lorentzian/Lorentzian.ipynb,f5fe19259e65b71077a3edf910ddd0418eaa58cb,VU#67
570198864,darrenlei888/The-Interacting-Coulomb-Problem-as-a-Bethe-Ansatz-Problem,Lorentzian/Lorentzian.ipynb,f5fe19259e65b71077a3edf910ddd0418eaa58cb,VU#15
570198864,darrenlei888/The-Interacting-Coulomb-Problem-as-a-Bethe-Ansatz-Problem,Lorentzian/Lorentzian.ipynb,f5fe19259e65b71077a3edf910ddd0418eaa58cb,VU#677
570198864,darrenlei888/The-Interacting-Coulomb-Problem-as-a-Bethe-Ansatz-Problem,Lorentzian/Lorentzian.ipynb,f5fe19259e65b71077a3edf910ddd0418eaa58cb,VU#633
570198864,darrenlei888/The-Interacting-Coulomb-Problem-as-a-Bethe-Ansatz-Problem,Lorentzian/Lorentzian.ipynb,f5fe19259e65b71077a3edf910ddd0418eaa58cb,VU#63
570198864,darrenlei888/The-Interacting-Coulomb-Problem-as-a-Bethe-Ansatz-Problem,Lorentzian/Lorentzian.ipynb,f5fe19259e65b71077a3edf910ddd0418eaa58cb,VU#68
570198864,darrenlei888/The-Interacting-Coulomb-Problem-as-a-Bethe-Ansatz-Problem,Lorentzian/Lorentzian.ipynb,f5fe19259e65b71077a3edf910ddd0418eaa58cb,VU#62
570198864,darrenlei888/The-Interacting-Coulomb-Problem-as-a-Bethe-Ansatz-Problem,Lorentzian/Lorentzian.ipynb,f5fe19259e65b71077a3edf910ddd0418eaa58cb,VU#16
570198864,darrenlei888/The-Interacting-Coulomb-Problem-as-a-Bethe-Ansatz-Problem,Lorentzian/Lorentzian.ipynb,f5fe19259e65b71077a3edf910ddd0418eaa58cb,VU#69
570198864,darrenlei888/The-Interacting-Coulomb-Problem-as-a-Bethe-Ansatz-Problem,Lorentzian/Lorentzian.ipynb,f5fe19259e65b71077a3edf910ddd0418eaa58cb,VU#61
570198864,darrenlei888/The-Interacting-Coulomb-Problem-as-a-Bethe-Ansatz-Problem,Lorentzian/Lorentzian.ipynb,f5fe19259e65b71077a3edf910ddd0418eaa58cb,VU#30
570198864,darrenlei888/The-Interacting-Coulomb-Problem-as-a-Bethe-Ansatz-Problem,Lorentzian/Lorentzian.ipynb,f5fe19259e65b71077a3edf910ddd0418eaa58cb,VU#602
570198864,darrenlei888/The-Interacting-Coulomb-Problem-as-a-Bethe-Ansatz-Problem,Lorentzian/Lorentzian.ipynb,f5fe19259e65b71077a3edf910ddd0418eaa58cb,VU#601
570198864,darrenlei888/The-Interacting-Coulomb-Problem-as-a-Bethe-Ansatz-Problem,Lorentzian/Lorentzian.ipynb,f5fe19259e65b71077a3edf910ddd0418eaa58cb,VU#60
570198864,darrenlei888/The-Interacting-Coulomb-Problem-as-a-Bethe-Ansatz-Problem,Lorentzian/Lorentzian.ipynb,f5fe19259e65b71077a3edf910ddd0418eaa58cb,VU#71
570198864,darrenlei888/The-Interacting-Coulomb-Problem-as-a-Bethe-Ansatz-Problem,Lorentzian/Lorentzian.ipynb,f5fe19259e65b71077a3edf910ddd0418eaa58cb,VU#110
570198864,darrenlei888/The-Interacting-Coulomb-Problem-as-a-Bethe-Ansatz-Problem,Lorentzian/Lorentzian.ipynb,f5fe19259e65b71077a3edf910ddd0418eaa58cb,VU#72
570198864,darrenlei888/The-Interacting-Coulomb-Problem-as-a-Bethe-Ansatz-Problem,Lorentzian/Lorentzian.ipynb,f5fe19259e65b71077a3edf910ddd0418eaa58cb,VU#58
570198864,darrenlei888/The-Interacting-Coulomb-Problem-as-a-Bethe-Ansatz-Problem,Lorentzian/Lorentzian.ipynb,f5fe19259e65b71077a3edf910ddd0418eaa58cb,VU#38
570198864,darrenlei888/The-Interacting-Coulomb-Problem-as-a-Bethe-Ansatz-Problem,Lorentzian/Lorentzian.ipynb,f5fe19259e65b71077a3edf910ddd0418eaa58cb,VU#786
570198864,darrenlei888/The-Interacting-Coulomb-Problem-as-a-Bethe-Ansatz-Problem,Lorentzian/Lorentzian.ipynb,f5fe19259e65b71077a3edf910ddd0418eaa58cb,VU#789
570198864,darrenlei888/The-Interacting-Coulomb-Problem-as-a-Bethe-Ansatz-Problem,Lorentzian/Lorentzian.ipynb,f5fe19259e65b71077a3edf910ddd0418eaa58cb,VU#864
570198864,darrenlei888/The-Interacting-Coulomb-Problem-as-a-Bethe-Ansatz-Problem,Lorentzian/Lorentzian.ipynb,f5fe19259e65b71077a3edf910ddd0418eaa58cb,VU#86411
570198864,darrenlei888/The-Interacting-Coulomb-Problem-as-a-Bethe-Ansatz-Problem,Lorentzian/Lorentzian.ipynb,f5fe19259e65b71077a3edf910ddd0418eaa58cb,VU#46
570198864,darrenlei888/The-Interacting-Coulomb-Problem-as-a-Bethe-Ansatz-Problem,Lorentzian/Lorentzian.ipynb,f5fe19259e65b71077a3edf910ddd0418eaa58cb,VU#22
570198864,darrenlei888/The-Interacting-Coulomb-Problem-as-a-Bethe-Ansatz-Problem,Lorentzian/Lorentzian.ipynb,f5fe19259e65b71077a3edf910ddd0418eaa58cb,VU#87
570198864,darrenlei888/The-Interacting-Coulomb-Problem-as-a-Bethe-Ansatz-Problem,Lorentzian/Lorentzian.ipynb,f5fe19259e65b71077a3edf910ddd0418eaa58cb,VU#05
570198864,darrenlei888/The-Interacting-Coulomb-Problem-as-a-Bethe-Ansatz-Problem,Lorentzian/Lorentzian.ipynb,f5fe19259e65b71077a3edf910ddd0418eaa58cb,VU#45
570198864,darrenlei888/The-Interacting-Coulomb-Problem-as-a-Bethe-Ansatz-Problem,Lorentzian/Lorentzian.ipynb,f5fe19259e65b71077a3edf910ddd0418eaa58cb,VU#44
570198864,darrenlei888/The-Interacting-Coulomb-Problem-as-a-Bethe-Ansatz-Problem,Lorentzian/Lorentzian.ipynb,f5fe19259e65b71077a3edf910ddd0418eaa58cb,VU#88
570198864,darrenlei888/The-Interacting-Coulomb-Problem-as-a-Bethe-Ansatz-Problem,Lorentzian/Lorentzian.ipynb,f5fe19259e65b71077a3edf910ddd0418eaa58cb,VU#43
570198864,darrenlei888/The-Interacting-Coulomb-Problem-as-a-Bethe-Ansatz-Problem,Lorentzian/Lorentzian.ipynb,f5fe19259e65b71077a3edf910ddd0418eaa58cb,VU#89
570198864,darrenlei888/The-Interacting-Coulomb-Problem-as-a-Bethe-Ansatz-Problem,Lorentzian/Lorentzian.ipynb,f5fe19259e65b71077a3edf910ddd0418eaa58cb,VU#29
570198864,darrenlei888/The-Interacting-Coulomb-Problem-as-a-Bethe-Ansatz-Problem,Lorentzian/Lorentzian.ipynb,f5fe19259e65b71077a3edf910ddd0418eaa58cb,VU#42
570198864,darrenlei888/The-Interacting-Coulomb-Problem-as-a-Bethe-Ansatz-Problem,Lorentzian/Lorentzian.ipynb,f5fe19259e65b71077a3edf910ddd0418eaa58cb,VU#31
570198864,darrenlei888/The-Interacting-Coulomb-Problem-as-a-Bethe-Ansatz-Problem,Lorentzian/Lorentzian.ipynb,f5fe19259e65b71077a3edf910ddd0418eaa58cb,VU#90
570198864,darrenlei888/The-Interacting-Coulomb-Problem-as-a-Bethe-Ansatz-Problem,Lorentzian/Lorentzian.ipynb,f5fe19259e65b71077a3edf910ddd0418eaa58cb,VU#41
570198864,darrenlei888/The-Interacting-Coulomb-Problem-as-a-Bethe-Ansatz-Problem,Lorentzian/Lorentzian.ipynb,f5fe19259e65b71077a3edf910ddd0418eaa58cb,VU#04
570198864,darrenlei888/The-Interacting-Coulomb-Problem-as-a-Bethe-Ansatz-Problem,Lorentzian/Lorentzian.ipynb,f5fe19259e65b71077a3edf910ddd0418eaa58cb,VU#40
570198864,darrenlei888/The-Interacting-Coulomb-Problem-as-a-Bethe-Ansatz-Problem,Lorentzian/Lorentzian.ipynb,f5fe19259e65b71077a3edf910ddd0418eaa58cb,VU#91
570198864,darrenlei888/The-Interacting-Coulomb-Problem-as-a-Bethe-Ansatz-Problem,Lorentzian/Lorentzian.ipynb,f5fe19259e65b71077a3edf910ddd0418eaa58cb,VU#3957
570198864,darrenlei888/The-Interacting-Coulomb-Problem-as-a-Bethe-Ansatz-Problem,Lorentzian/Lorentzian.ipynb,f5fe19259e65b71077a3edf910ddd0418eaa58cb,VU#39
570198864,darrenlei888/The-Interacting-Coulomb-Problem-as-a-Bethe-Ansatz-Problem,Lorentzian/Lorentzian.ipynb,f5fe19259e65b71077a3edf910ddd0418eaa58cb,VU#86
570198864,darrenlei888/The-Interacting-Coulomb-Problem-as-a-Bethe-Ansatz-Problem,Lorentzian/Lorentzian.ipynb,f5fe19259e65b71077a3edf910ddd0418eaa58cb,VU#086
570198864,darrenlei888/The-Interacting-Coulomb-Problem-as-a-Bethe-Ansatz-Problem,Lorentzian/Lorentzian.ipynb,f5fe19259e65b71077a3edf910ddd0418eaa58cb,VU#215
570198864,darrenlei888/The-Interacting-Coulomb-Problem-as-a-Bethe-Ansatz-Problem,Lorentzian/Lorentzian.ipynb,f5fe19259e65b71077a3edf910ddd0418eaa58cb,VU#47
570198864,darrenlei888/The-Interacting-Coulomb-Problem-as-a-Bethe-Ansatz-Problem,Lorentzian/Lorentzian.ipynb,f5fe19259e65b71077a3edf910ddd0418eaa58cb,VU#7898
570198864,darrenlei888/The-Interacting-Coulomb-Problem-as-a-Bethe-Ansatz-Problem,Lorentzian/Lorentzian.ipynb,f5fe19259e65b71077a3edf910ddd0418eaa58cb,VU#082
570198864,darrenlei888/The-Interacting-Coulomb-Problem-as-a-Bethe-Ansatz-Problem,Lorentzian/Lorentzian.ipynb,f5fe19259e65b71077a3edf910ddd0418eaa58cb,VU#79
570198864,darrenlei888/The-Interacting-Coulomb-Problem-as-a-Bethe-Ansatz-Problem,Lorentzian/Lorentzian.ipynb,f5fe19259e65b71077a3edf910ddd0418eaa58cb,VU#518
570198864,darrenlei888/The-Interacting-Coulomb-Problem-as-a-Bethe-Ansatz-Problem,Lorentzian/Lorentzian.ipynb,f5fe19259e65b71077a3edf910ddd0418eaa58cb,VU#514
570198864,darrenlei888/The-Interacting-Coulomb-Problem-as-a-Bethe-Ansatz-Problem,Lorentzian/Lorentzian.ipynb,f5fe19259e65b71077a3edf910ddd0418eaa58cb,VU#795
570198864,darrenlei888/The-Interacting-Coulomb-Problem-as-a-Bethe-Ansatz-Problem,Lorentzian/Lorentzian.ipynb,f5fe19259e65b71077a3edf910ddd0418eaa58cb,VU#08
570198864,darrenlei888/The-Interacting-Coulomb-Problem-as-a-Bethe-Ansatz-Problem,Lorentzian/Lorentzian.ipynb,f5fe19259e65b71077a3edf910ddd0418eaa58cb,VU#51
570198864,darrenlei888/The-Interacting-Coulomb-Problem-as-a-Bethe-Ansatz-Problem,Lorentzian/Lorentzian.ipynb,f5fe19259e65b71077a3edf910ddd0418eaa58cb,VU#80
570198864,darrenlei888/The-Interacting-Coulomb-Problem-as-a-Bethe-Ansatz-Problem,Lorentzian/Lorentzian.ipynb,f5fe19259e65b71077a3edf910ddd0418eaa58cb,VU#205
570198864,darrenlei888/The-Interacting-Coulomb-Problem-as-a-Bethe-Ansatz-Problem,Lorentzian/Lorentzian.ipynb,f5fe19259e65b71077a3edf910ddd0418eaa58cb,VU#813
570198864,darrenlei888/The-Interacting-Coulomb-Problem-as-a-Bethe-Ansatz-Problem,Lorentzian/Lorentzian.ipynb,f5fe19259e65b71077a3edf910ddd0418eaa58cb,VU#49036
570198864,darrenlei888/The-Interacting-Coulomb-Problem-as-a-Bethe-Ansatz-Problem,Lorentzian/Lorentzian.ipynb,f5fe19259e65b71077a3edf910ddd0418eaa58cb,VU#82
570198864,darrenlei888/The-Interacting-Coulomb-Problem-as-a-Bethe-Ansatz-Problem,Lorentzian/Lorentzian.ipynb,f5fe19259e65b71077a3edf910ddd0418eaa58cb,VU#66
570198864,darrenlei888/The-Interacting-Coulomb-Problem-as-a-Bethe-Ansatz-Problem,Lorentzian/Lorentzian.ipynb,f5fe19259e65b71077a3edf910ddd0418eaa58cb,VU#07
570198864,darrenlei888/The-Interacting-Coulomb-Problem-as-a-Bethe-Ansatz-Problem,Lorentzian/Lorentzian.ipynb,f5fe19259e65b71077a3edf910ddd0418eaa58cb,VU#83
570198864,darrenlei888/The-Interacting-Coulomb-Problem-as-a-Bethe-Ansatz-Problem,Lorentzian/Lorentzian.ipynb,f5fe19259e65b71077a3edf910ddd0418eaa58cb,VU#21
570198864,darrenlei888/The-Interacting-Coulomb-Problem-as-a-Bethe-Ansatz-Problem,Lorentzian/Lorentzian.ipynb,f5fe19259e65b71077a3edf910ddd0418eaa58cb,VU#48
570198864,darrenlei888/The-Interacting-Coulomb-Problem-as-a-Bethe-Ansatz-Problem,Lorentzian/Lorentzian.ipynb,f5fe19259e65b71077a3edf910ddd0418eaa58cb,VU#84
570198864,darrenlei888/The-Interacting-Coulomb-Problem-as-a-Bethe-Ansatz-Problem,Lorentzian/Lorentzian.ipynb,f5fe19259e65b71077a3edf910ddd0418eaa58cb,VU#291
570198864,darrenlei888/The-Interacting-Coulomb-Problem-as-a-Bethe-Ansatz-Problem,Lorentzian/Lorentzian.ipynb,f5fe19259e65b71077a3edf910ddd0418eaa58cb,VU#064
570198864,darrenlei888/The-Interacting-Coulomb-Problem-as-a-Bethe-Ansatz-Problem,Lorentzian/Lorentzian.ipynb,f5fe19259e65b71077a3edf910ddd0418eaa58cb,VU#85
570198864,darrenlei888/The-Interacting-Coulomb-Problem-as-a-Bethe-Ansatz-Problem,Lorentzian/Lorentzian.ipynb,f5fe19259e65b71077a3edf910ddd0418eaa58cb,VU#138
