repo_id,repo_full_name,file,file_sha1,match
187895283,akabe1/windows_exploit_dowser,cve_from_exploitdb_website.csv,499e206b9f8ad9e5db5bc4a533f9efbfd7638790,CVE-1999-0154
187895283,akabe1/windows_exploit_dowser,cve_from_exploitdb_website.csv,499e206b9f8ad9e5db5bc4a533f9efbfd7638790,CVE-2008-4548
187895283,akabe1/windows_exploit_dowser,cve_from_exploitdb_website.csv,499e206b9f8ad9e5db5bc4a533f9efbfd7638790,CVE-2008-4547
187895283,akabe1/windows_exploit_dowser,cve_from_exploitdb_website.csv,499e206b9f8ad9e5db5bc4a533f9efbfd7638790,CVE-2008-4508
187895283,akabe1/windows_exploit_dowser,cve_from_exploitdb_website.csv,499e206b9f8ad9e5db5bc4a533f9efbfd7638790,CVE-2008-4501
187895283,akabe1/windows_exploit_dowser,cve_from_exploitdb_website.csv,499e206b9f8ad9e5db5bc4a533f9efbfd7638790,CVE-2008-4493
187895283,akabe1/windows_exploit_dowser,cve_from_exploitdb_website.csv,499e206b9f8ad9e5db5bc4a533f9efbfd7638790,CVE-2008-4472
187895283,akabe1/windows_exploit_dowser,cve_from_exploitdb_website.csv,499e206b9f8ad9e5db5bc4a533f9efbfd7638790,CVE-2008-4471
187895283,akabe1/windows_exploit_dowser,cve_from_exploitdb_website.csv,499e206b9f8ad9e5db5bc4a533f9efbfd7638790,CVE-2008-4470
187895283,akabe1/windows_exploit_dowser,cve_from_exploitdb_website.csv,499e206b9f8ad9e5db5bc4a533f9efbfd7638790,CVE-2008-4453
187895283,akabe1/windows_exploit_dowser,cve_from_exploitdb_website.csv,499e206b9f8ad9e5db5bc4a533f9efbfd7638790,CVE-2008-4449
187895283,akabe1/windows_exploit_dowser,cve_from_exploitdb_website.csv,499e206b9f8ad9e5db5bc4a533f9efbfd7638790,CVE-2008-4434
187895283,akabe1/windows_exploit_dowser,cve_from_exploitdb_website.csv,499e206b9f8ad9e5db5bc4a533f9efbfd7638790,CVE-2008-4343
187895283,akabe1/windows_exploit_dowser,cve_from_exploitdb_website.csv,499e206b9f8ad9e5db5bc4a533f9efbfd7638790,CVE-2008-4342
187895283,akabe1/windows_exploit_dowser,cve_from_exploitdb_website.csv,499e206b9f8ad9e5db5bc4a533f9efbfd7638790,CVE-2008-4321
187895283,akabe1/windows_exploit_dowser,cve_from_exploitdb_website.csv,499e206b9f8ad9e5db5bc4a533f9efbfd7638790,CVE-2008-4270
187895283,akabe1/windows_exploit_dowser,cve_from_exploitdb_website.csv,499e206b9f8ad9e5db5bc4a533f9efbfd7638790,CVE-2008-4250
187895283,akabe1/windows_exploit_dowser,cve_from_exploitdb_website.csv,499e206b9f8ad9e5db5bc4a533f9efbfd7638790,CVE-2008-4243
187895283,akabe1/windows_exploit_dowser,cve_from_exploitdb_website.csv,499e206b9f8ad9e5db5bc4a533f9efbfd7638790,CVE-2008-4193
187895283,akabe1/windows_exploit_dowser,cve_from_exploitdb_website.csv,499e206b9f8ad9e5db5bc4a533f9efbfd7638790,CVE-2008-4087
187895283,akabe1/windows_exploit_dowser,cve_from_exploitdb_website.csv,499e206b9f8ad9e5db5bc4a533f9efbfd7638790,CVE-2008-4050
187895283,akabe1/windows_exploit_dowser,cve_from_exploitdb_website.csv,499e206b9f8ad9e5db5bc4a533f9efbfd7638790,CVE-2008-4049
187895283,akabe1/windows_exploit_dowser,cve_from_exploitdb_website.csv,499e206b9f8ad9e5db5bc4a533f9efbfd7638790,CVE-2008-4048
187895283,akabe1/windows_exploit_dowser,cve_from_exploitdb_website.csv,499e206b9f8ad9e5db5bc4a533f9efbfd7638790,CVE-2008-4037
187895283,akabe1/windows_exploit_dowser,cve_from_exploitdb_website.csv,499e206b9f8ad9e5db5bc4a533f9efbfd7638790,CVE-2008-3957
187895283,akabe1/windows_exploit_dowser,cve_from_exploitdb_website.csv,499e206b9f8ad9e5db5bc4a533f9efbfd7638790,CVE-2008-3956
187895283,akabe1/windows_exploit_dowser,cve_from_exploitdb_website.csv,499e206b9f8ad9e5db5bc4a533f9efbfd7638790,CVE-2008-3878
187895283,akabe1/windows_exploit_dowser,cve_from_exploitdb_website.csv,499e206b9f8ad9e5db5bc4a533f9efbfd7638790,CVE-2008-3877
187895283,akabe1/windows_exploit_dowser,cve_from_exploitdb_website.csv,499e206b9f8ad9e5db5bc4a533f9efbfd7638790,CVE-2008-4549
187895283,akabe1/windows_exploit_dowser,cve_from_exploitdb_website.csv,499e206b9f8ad9e5db5bc4a533f9efbfd7638790,CVE-2008-4583
187895283,akabe1/windows_exploit_dowser,cve_from_exploitdb_website.csv,499e206b9f8ad9e5db5bc4a533f9efbfd7638790,CVE-2008-4584
187895283,akabe1/windows_exploit_dowser,cve_from_exploitdb_website.csv,499e206b9f8ad9e5db5bc4a533f9efbfd7638790,CVE-2008-4586
187895283,akabe1/windows_exploit_dowser,cve_from_exploitdb_website.csv,499e206b9f8ad9e5db5bc4a533f9efbfd7638790,CVE-2008-5121
187895283,akabe1/windows_exploit_dowser,cve_from_exploitdb_website.csv,499e206b9f8ad9e5db5bc4a533f9efbfd7638790,CVE-2008-5112
187895283,akabe1/windows_exploit_dowser,cve_from_exploitdb_website.csv,499e206b9f8ad9e5db5bc4a533f9efbfd7638790,CVE-2008-5073
187895283,akabe1/windows_exploit_dowser,cve_from_exploitdb_website.csv,499e206b9f8ad9e5db5bc4a533f9efbfd7638790,CVE-2008-5049
187895283,akabe1/windows_exploit_dowser,cve_from_exploitdb_website.csv,499e206b9f8ad9e5db5bc4a533f9efbfd7638790,CVE-2008-5048
187895283,akabe1/windows_exploit_dowser,cve_from_exploitdb_website.csv,499e206b9f8ad9e5db5bc4a533f9efbfd7638790,CVE-2008-5036
187895283,akabe1/windows_exploit_dowser,cve_from_exploitdb_website.csv,499e206b9f8ad9e5db5bc4a533f9efbfd7638790,CVE-2008-5002
187895283,akabe1/windows_exploit_dowser,cve_from_exploitdb_website.csv,499e206b9f8ad9e5db5bc4a533f9efbfd7638790,CVE-2008-4926
187895283,akabe1/windows_exploit_dowser,cve_from_exploitdb_website.csv,499e206b9f8ad9e5db5bc4a533f9efbfd7638790,CVE-2008-4925
187895283,akabe1/windows_exploit_dowser,cve_from_exploitdb_website.csv,499e206b9f8ad9e5db5bc4a533f9efbfd7638790,CVE-2008-4924
187895283,akabe1/windows_exploit_dowser,cve_from_exploitdb_website.csv,499e206b9f8ad9e5db5bc4a533f9efbfd7638790,CVE-2008-4923
187895283,akabe1/windows_exploit_dowser,cve_from_exploitdb_website.csv,499e206b9f8ad9e5db5bc4a533f9efbfd7638790,CVE-2008-4922
187895283,akabe1/windows_exploit_dowser,cve_from_exploitdb_website.csv,499e206b9f8ad9e5db5bc4a533f9efbfd7638790,CVE-2008-4919
187895283,akabe1/windows_exploit_dowser,cve_from_exploitdb_website.csv,499e206b9f8ad9e5db5bc4a533f9efbfd7638790,CVE-2008-3733
187895283,akabe1/windows_exploit_dowser,cve_from_exploitdb_website.csv,499e206b9f8ad9e5db5bc4a533f9efbfd7638790,CVE-2008-4844
187895283,akabe1/windows_exploit_dowser,cve_from_exploitdb_website.csv,499e206b9f8ad9e5db5bc4a533f9efbfd7638790,CVE-2008-4771
187895283,akabe1/windows_exploit_dowser,cve_from_exploitdb_website.csv,499e206b9f8ad9e5db5bc4a533f9efbfd7638790,CVE-2008-4750
187895283,akabe1/windows_exploit_dowser,cve_from_exploitdb_website.csv,499e206b9f8ad9e5db5bc4a533f9efbfd7638790,CVE-2008-4749
187895283,akabe1/windows_exploit_dowser,cve_from_exploitdb_website.csv,499e206b9f8ad9e5db5bc4a533f9efbfd7638790,CVE-2008-4728
187895283,akabe1/windows_exploit_dowser,cve_from_exploitdb_website.csv,499e206b9f8ad9e5db5bc4a533f9efbfd7638790,CVE-2008-4726
187895283,akabe1/windows_exploit_dowser,cve_from_exploitdb_website.csv,499e206b9f8ad9e5db5bc4a533f9efbfd7638790,CVE-2008-4725
187895283,akabe1/windows_exploit_dowser,cve_from_exploitdb_website.csv,499e206b9f8ad9e5db5bc4a533f9efbfd7638790,CVE-2018-8463
187895283,akabe1/windows_exploit_dowser,cve_from_exploitdb_website.csv,499e206b9f8ad9e5db5bc4a533f9efbfd7638790,CVE-2008-4696
187895283,akabe1/windows_exploit_dowser,cve_from_exploitdb_website.csv,499e206b9f8ad9e5db5bc4a533f9efbfd7638790,CVE-2008-4686
187895283,akabe1/windows_exploit_dowser,cve_from_exploitdb_website.csv,499e206b9f8ad9e5db5bc4a533f9efbfd7638790,CVE-2008-4664
187895283,akabe1/windows_exploit_dowser,cve_from_exploitdb_website.csv,499e206b9f8ad9e5db5bc4a533f9efbfd7638790,CVE-2008-4654
187895283,akabe1/windows_exploit_dowser,cve_from_exploitdb_website.csv,499e206b9f8ad9e5db5bc4a533f9efbfd7638790,CVE-2008-4652
187895283,akabe1/windows_exploit_dowser,cve_from_exploitdb_website.csv,499e206b9f8ad9e5db5bc4a533f9efbfd7638790,CVE-2008-4587
187895283,akabe1/windows_exploit_dowser,cve_from_exploitdb_website.csv,499e206b9f8ad9e5db5bc4a533f9efbfd7638790,CVE-2008-4779
187895283,akabe1/windows_exploit_dowser,cve_from_exploitdb_website.csv,499e206b9f8ad9e5db5bc4a533f9efbfd7638790,CVE-2008-5175
187895283,akabe1/windows_exploit_dowser,cve_from_exploitdb_website.csv,499e206b9f8ad9e5db5bc4a533f9efbfd7638790,CVE-2008-3704
187895283,akabe1/windows_exploit_dowser,cve_from_exploitdb_website.csv,499e206b9f8ad9e5db5bc4a533f9efbfd7638790,CVE-2008-3583
187895283,akabe1/windows_exploit_dowser,cve_from_exploitdb_website.csv,499e206b9f8ad9e5db5bc4a533f9efbfd7638790,CVE-2008-2032
187895283,akabe1/windows_exploit_dowser,cve_from_exploitdb_website.csv,499e206b9f8ad9e5db5bc4a533f9efbfd7638790,CVE-2008-2015
187895283,akabe1/windows_exploit_dowser,cve_from_exploitdb_website.csv,499e206b9f8ad9e5db5bc4a533f9efbfd7638790,CVE-2008-1933
187895283,akabe1/windows_exploit_dowser,cve_from_exploitdb_website.csv,499e206b9f8ad9e5db5bc4a533f9efbfd7638790,CVE-2008-1914
187895283,akabe1/windows_exploit_dowser,cve_from_exploitdb_website.csv,499e206b9f8ad9e5db5bc4a533f9efbfd7638790,CVE-2008-1912
187895283,akabe1/windows_exploit_dowser,cve_from_exploitdb_website.csv,499e206b9f8ad9e5db5bc4a533f9efbfd7638790,CVE-2008-1898
187895283,akabe1/windows_exploit_dowser,cve_from_exploitdb_website.csv,499e206b9f8ad9e5db5bc4a533f9efbfd7638790,CVE-2008-1888
187895283,akabe1/windows_exploit_dowser,cve_from_exploitdb_website.csv,499e206b9f8ad9e5db5bc4a533f9efbfd7638790,CVE-2008-1886
187895283,akabe1/windows_exploit_dowser,cve_from_exploitdb_website.csv,499e206b9f8ad9e5db5bc4a533f9efbfd7638790,CVE-2008-1885
187895283,akabe1/windows_exploit_dowser,cve_from_exploitdb_website.csv,499e206b9f8ad9e5db5bc4a533f9efbfd7638790,CVE-2008-1881
187895283,akabe1/windows_exploit_dowser,cve_from_exploitdb_website.csv,499e206b9f8ad9e5db5bc4a533f9efbfd7638790,CVE-2008-1770
187895283,akabe1/windows_exploit_dowser,cve_from_exploitdb_website.csv,499e206b9f8ad9e5db5bc4a533f9efbfd7638790,CVE-2008-1769
187895283,akabe1/windows_exploit_dowser,cve_from_exploitdb_website.csv,499e206b9f8ad9e5db5bc4a533f9efbfd7638790,CVE-2008-1765
187895283,akabe1/windows_exploit_dowser,cve_from_exploitdb_website.csv,499e206b9f8ad9e5db5bc4a533f9efbfd7638790,CVE-2008-1725
187895283,akabe1/windows_exploit_dowser,cve_from_exploitdb_website.csv,499e206b9f8ad9e5db5bc4a533f9efbfd7638790,CVE-2008-1724
187895283,akabe1/windows_exploit_dowser,cve_from_exploitdb_website.csv,499e206b9f8ad9e5db5bc4a533f9efbfd7638790,CVE-2008-1697
187895283,akabe1/windows_exploit_dowser,cve_from_exploitdb_website.csv,499e206b9f8ad9e5db5bc4a533f9efbfd7638790,CVE-2008-1661
187895283,akabe1/windows_exploit_dowser,cve_from_exploitdb_website.csv,499e206b9f8ad9e5db5bc4a533f9efbfd7638790,CVE-2008-1647
187895283,akabe1/windows_exploit_dowser,cve_from_exploitdb_website.csv,499e206b9f8ad9e5db5bc4a533f9efbfd7638790,CVE-2008-1620
187895283,akabe1/windows_exploit_dowser,cve_from_exploitdb_website.csv,499e206b9f8ad9e5db5bc4a533f9efbfd7638790,CVE-2008-1611
187895283,akabe1/windows_exploit_dowser,cve_from_exploitdb_website.csv,499e206b9f8ad9e5db5bc4a533f9efbfd7638790,CVE-2008-1610
187895283,akabe1/windows_exploit_dowser,cve_from_exploitdb_website.csv,499e206b9f8ad9e5db5bc4a533f9efbfd7638790,CVE-2008-1605
187895283,akabe1/windows_exploit_dowser,cve_from_exploitdb_website.csv,499e206b9f8ad9e5db5bc4a533f9efbfd7638790,CVE-2008-1564
187895283,akabe1/windows_exploit_dowser,cve_from_exploitdb_website.csv,499e206b9f8ad9e5db5bc4a533f9efbfd7638790,CVE-2008-1547
187895283,akabe1/windows_exploit_dowser,cve_from_exploitdb_website.csv,499e206b9f8ad9e5db5bc4a533f9efbfd7638790,CVE-2008-1498
187895283,akabe1/windows_exploit_dowser,cve_from_exploitdb_website.csv,499e206b9f8ad9e5db5bc4a533f9efbfd7638790,CVE-2008-1491
187895283,akabe1/windows_exploit_dowser,cve_from_exploitdb_website.csv,499e206b9f8ad9e5db5bc4a533f9efbfd7638790,CVE-2008-1489
187895283,akabe1/windows_exploit_dowser,cve_from_exploitdb_website.csv,499e206b9f8ad9e5db5bc4a533f9efbfd7638790,CVE-2008-2161
187895283,akabe1/windows_exploit_dowser,cve_from_exploitdb_website.csv,499e206b9f8ad9e5db5bc4a533f9efbfd7638790,CVE-2008-2168
187895283,akabe1/windows_exploit_dowser,cve_from_exploitdb_website.csv,499e206b9f8ad9e5db5bc4a533f9efbfd7638790,CVE-2008-2281
187895283,akabe1/windows_exploit_dowser,cve_from_exploitdb_website.csv,499e206b9f8ad9e5db5bc4a533f9efbfd7638790,CVE-2008-2283
187895283,akabe1/windows_exploit_dowser,cve_from_exploitdb_website.csv,499e206b9f8ad9e5db5bc4a533f9efbfd7638790,CVE-2008-3464
187895283,akabe1/windows_exploit_dowser,cve_from_exploitdb_website.csv,499e206b9f8ad9e5db5bc4a533f9efbfd7638790,CVE-2008-3430
187895283,akabe1/windows_exploit_dowser,cve_from_exploitdb_website.csv,499e206b9f8ad9e5db5bc4a533f9efbfd7638790,CVE-2008-3408
187895283,akabe1/windows_exploit_dowser,cve_from_exploitdb_website.csv,499e206b9f8ad9e5db5bc4a533f9efbfd7638790,CVE-2008-3364
187895283,akabe1/windows_exploit_dowser,cve_from_exploitdb_website.csv,499e206b9f8ad9e5db5bc4a533f9efbfd7638790,CVE-2008-3361
187895283,akabe1/windows_exploit_dowser,cve_from_exploitdb_website.csv,499e206b9f8ad9e5db5bc4a533f9efbfd7638790,CVE-2008-3360
187895283,akabe1/windows_exploit_dowser,cve_from_exploitdb_website.csv,499e206b9f8ad9e5db5bc4a533f9efbfd7638790,CVE-2008-3257
187895283,akabe1/windows_exploit_dowser,cve_from_exploitdb_website.csv,499e206b9f8ad9e5db5bc4a533f9efbfd7638790,CVE-2008-3182
187895283,akabe1/windows_exploit_dowser,cve_from_exploitdb_website.csv,499e206b9f8ad9e5db5bc4a533f9efbfd7638790,CVE-2008-3158
187895283,akabe1/windows_exploit_dowser,cve_from_exploitdb_website.csv,499e206b9f8ad9e5db5bc4a533f9efbfd7638790,CVE-2008-3156
187895283,akabe1/windows_exploit_dowser,cve_from_exploitdb_website.csv,499e206b9f8ad9e5db5bc4a533f9efbfd7638790,CVE-2008-3155
187895283,akabe1/windows_exploit_dowser,cve_from_exploitdb_website.csv,499e206b9f8ad9e5db5bc4a533f9efbfd7638790,CVE-2008-3148
187895283,akabe1/windows_exploit_dowser,cve_from_exploitdb_website.csv,499e206b9f8ad9e5db5bc4a533f9efbfd7638790,CVE-2008-3008
187895283,akabe1/windows_exploit_dowser,cve_from_exploitdb_website.csv,499e206b9f8ad9e5db5bc4a533f9efbfd7638790,CVE-2008-3667
187895283,akabe1/windows_exploit_dowser,cve_from_exploitdb_website.csv,499e206b9f8ad9e5db5bc4a533f9efbfd7638790,CVE-2008-2992
187895283,akabe1/windows_exploit_dowser,cve_from_exploitdb_website.csv,499e206b9f8ad9e5db5bc4a533f9efbfd7638790,CVE-2008-2922
187895283,akabe1/windows_exploit_dowser,cve_from_exploitdb_website.csv,499e206b9f8ad9e5db5bc4a533f9efbfd7638790,CVE-2008-2910
187895283,akabe1/windows_exploit_dowser,cve_from_exploitdb_website.csv,499e206b9f8ad9e5db5bc4a533f9efbfd7638790,CVE-2008-2841
187895283,akabe1/windows_exploit_dowser,cve_from_exploitdb_website.csv,499e206b9f8ad9e5db5bc4a533f9efbfd7638790,CVE-2008-2745
187895283,akabe1/windows_exploit_dowser,cve_from_exploitdb_website.csv,499e206b9f8ad9e5db5bc4a533f9efbfd7638790,CVE-2008-2737
187895283,akabe1/windows_exploit_dowser,cve_from_exploitdb_website.csv,499e206b9f8ad9e5db5bc4a533f9efbfd7638790,CVE-2008-2693
187895283,akabe1/windows_exploit_dowser,cve_from_exploitdb_website.csv,499e206b9f8ad9e5db5bc4a533f9efbfd7638790,CVE-2008-2684
187895283,akabe1/windows_exploit_dowser,cve_from_exploitdb_website.csv,499e206b9f8ad9e5db5bc4a533f9efbfd7638790,CVE-2008-2683
187895283,akabe1/windows_exploit_dowser,cve_from_exploitdb_website.csv,499e206b9f8ad9e5db5bc4a533f9efbfd7638790,CVE-2008-2573
187895283,akabe1/windows_exploit_dowser,cve_from_exploitdb_website.csv,499e206b9f8ad9e5db5bc4a533f9efbfd7638790,CVE-2008-2551
187895283,akabe1/windows_exploit_dowser,cve_from_exploitdb_website.csv,499e206b9f8ad9e5db5bc4a533f9efbfd7638790,CVE-2008-2463
187895283,akabe1/windows_exploit_dowser,cve_from_exploitdb_website.csv,499e206b9f8ad9e5db5bc4a533f9efbfd7638790,CVE-2008-2427
187895283,akabe1/windows_exploit_dowser,cve_from_exploitdb_website.csv,499e206b9f8ad9e5db5bc4a533f9efbfd7638790,CVE-2008-2390
187895283,akabe1/windows_exploit_dowser,cve_from_exploitdb_website.csv,499e206b9f8ad9e5db5bc4a533f9efbfd7638790,CVE-2008-2948
187895283,akabe1/windows_exploit_dowser,cve_from_exploitdb_website.csv,499e206b9f8ad9e5db5bc4a533f9efbfd7638790,CVE-2008-5177
187895283,akabe1/windows_exploit_dowser,cve_from_exploitdb_website.csv,499e206b9f8ad9e5db5bc4a533f9efbfd7638790,CVE-2008-5178
187895283,akabe1/windows_exploit_dowser,cve_from_exploitdb_website.csv,499e206b9f8ad9e5db5bc4a533f9efbfd7638790,CVE-2008-5229
187895283,akabe1/windows_exploit_dowser,cve_from_exploitdb_website.csv,499e206b9f8ad9e5db5bc4a533f9efbfd7638790,CVE-2009-1087
187895283,akabe1/windows_exploit_dowser,cve_from_exploitdb_website.csv,499e206b9f8ad9e5db5bc4a533f9efbfd7638790,CVE-2009-1071
187895283,akabe1/windows_exploit_dowser,cve_from_exploitdb_website.csv,499e206b9f8ad9e5db5bc4a533f9efbfd7638790,CVE-2009-1068
187895283,akabe1/windows_exploit_dowser,cve_from_exploitdb_website.csv,499e206b9f8ad9e5db5bc4a533f9efbfd7638790,CVE-2009-1064
187895283,akabe1/windows_exploit_dowser,cve_from_exploitdb_website.csv,499e206b9f8ad9e5db5bc4a533f9efbfd7638790,CVE-2009-1063
187895283,akabe1/windows_exploit_dowser,cve_from_exploitdb_website.csv,499e206b9f8ad9e5db5bc4a533f9efbfd7638790,CVE-2009-1039
187895283,akabe1/windows_exploit_dowser,cve_from_exploitdb_website.csv,499e206b9f8ad9e5db5bc4a533f9efbfd7638790,CVE-2009-1031
187895283,akabe1/windows_exploit_dowser,cve_from_exploitdb_website.csv,499e206b9f8ad9e5db5bc4a533f9efbfd7638790,CVE-2009-1029
187895283,akabe1/windows_exploit_dowser,cve_from_exploitdb_website.csv,499e206b9f8ad9e5db5bc4a533f9efbfd7638790,CVE-2009-1028
187895283,akabe1/windows_exploit_dowser,cve_from_exploitdb_website.csv,499e206b9f8ad9e5db5bc4a533f9efbfd7638790,CVE-2009-0927
187895283,akabe1/windows_exploit_dowser,cve_from_exploitdb_website.csv,499e206b9f8ad9e5db5bc4a533f9efbfd7638790,CVE-2009-0885
187895283,akabe1/windows_exploit_dowser,cve_from_exploitdb_website.csv,499e206b9f8ad9e5db5bc4a533f9efbfd7638790,CVE-2009-0880
187895283,akabe1/windows_exploit_dowser,cve_from_exploitdb_website.csv,499e206b9f8ad9e5db5bc4a533f9efbfd7638790,CVE-2009-0865
187895283,akabe1/windows_exploit_dowser,cve_from_exploitdb_website.csv,499e206b9f8ad9e5db5bc4a533f9efbfd7638790,CVE-2009-0849
187895283,akabe1/windows_exploit_dowser,cve_from_exploitdb_website.csv,499e206b9f8ad9e5db5bc4a533f9efbfd7638790,CVE-2009-0837
187895283,akabe1/windows_exploit_dowser,cve_from_exploitdb_website.csv,499e206b9f8ad9e5db5bc4a533f9efbfd7638790,CVE-2009-0824
187895283,akabe1/windows_exploit_dowser,cve_from_exploitdb_website.csv,499e206b9f8ad9e5db5bc4a533f9efbfd7638790,CVE-2009-0813
187895283,akabe1/windows_exploit_dowser,cve_from_exploitdb_website.csv,499e206b9f8ad9e5db5bc4a533f9efbfd7638790,CVE-2009-0812
187895283,akabe1/windows_exploit_dowser,cve_from_exploitdb_website.csv,499e206b9f8ad9e5db5bc4a533f9efbfd7638790,CVE-2009-0811
187895283,akabe1/windows_exploit_dowser,cve_from_exploitdb_website.csv,499e206b9f8ad9e5db5bc4a533f9efbfd7638790,CVE-2009-0686
187895283,akabe1/windows_exploit_dowser,cve_from_exploitdb_website.csv,499e206b9f8ad9e5db5bc4a533f9efbfd7638790,CVE-2015-2553
187895283,akabe1/windows_exploit_dowser,cve_from_exploitdb_website.csv,499e206b9f8ad9e5db5bc4a533f9efbfd7638790,CVE-2009-0565
187895283,akabe1/windows_exploit_dowser,cve_from_exploitdb_website.csv,499e206b9f8ad9e5db5bc4a533f9efbfd7638790,CVE-2009-0546
187895283,akabe1/windows_exploit_dowser,cve_from_exploitdb_website.csv,499e206b9f8ad9e5db5bc4a533f9efbfd7638790,CVE-2009-0490
187895283,akabe1/windows_exploit_dowser,cve_from_exploitdb_website.csv,499e206b9f8ad9e5db5bc4a533f9efbfd7638790,CVE-2009-0476
187895283,akabe1/windows_exploit_dowser,cve_from_exploitdb_website.csv,499e206b9f8ad9e5db5bc4a533f9efbfd7638790,CVE-2009-0468
187895283,akabe1/windows_exploit_dowser,cve_from_exploitdb_website.csv,499e206b9f8ad9e5db5bc4a533f9efbfd7638790,CVE-2009-0467
187895283,akabe1/windows_exploit_dowser,cve_from_exploitdb_website.csv,499e206b9f8ad9e5db5bc4a533f9efbfd7638790,CVE-2009-1092
187895283,akabe1/windows_exploit_dowser,cve_from_exploitdb_website.csv,499e206b9f8ad9e5db5bc4a533f9efbfd7638790,CVE-2015-2789
187895283,akabe1/windows_exploit_dowser,cve_from_exploitdb_website.csv,499e206b9f8ad9e5db5bc4a533f9efbfd7638790,CVE-2015-3081
187895283,akabe1/windows_exploit_dowser,cve_from_exploitdb_website.csv,499e206b9f8ad9e5db5bc4a533f9efbfd7638790,CVE-2015-3082
187895283,akabe1/windows_exploit_dowser,cve_from_exploitdb_website.csv,499e206b9f8ad9e5db5bc4a533f9efbfd7638790,CVE-2009-1592
187895283,akabe1/windows_exploit_dowser,cve_from_exploitdb_website.csv,499e206b9f8ad9e5db5bc4a533f9efbfd7638790,CVE-2009-1586
187895283,akabe1/windows_exploit_dowser,cve_from_exploitdb_website.csv,499e206b9f8ad9e5db5bc4a533f9efbfd7638790,CVE-2009-1547
187895283,akabe1/windows_exploit_dowser,cve_from_exploitdb_website.csv,499e206b9f8ad9e5db5bc4a533f9efbfd7638790,CVE-2015-1674
187895283,akabe1/windows_exploit_dowser,cve_from_exploitdb_website.csv,499e206b9f8ad9e5db5bc4a533f9efbfd7638790,CVE-2009-1535
187895283,akabe1/windows_exploit_dowser,cve_from_exploitdb_website.csv,499e206b9f8ad9e5db5bc4a533f9efbfd7638790,CVE-2009-1523
187895283,akabe1/windows_exploit_dowser,cve_from_exploitdb_website.csv,499e206b9f8ad9e5db5bc4a533f9efbfd7638790,CVE-2009-1449
187895283,akabe1/windows_exploit_dowser,cve_from_exploitdb_website.csv,499e206b9f8ad9e5db5bc4a533f9efbfd7638790,CVE-2009-1437
187895283,akabe1/windows_exploit_dowser,cve_from_exploitdb_website.csv,499e206b9f8ad9e5db5bc4a533f9efbfd7638790,CVE-2009-1429
187895283,akabe1/windows_exploit_dowser,cve_from_exploitdb_website.csv,499e206b9f8ad9e5db5bc4a533f9efbfd7638790,CVE-2009-1354
187895283,akabe1/windows_exploit_dowser,cve_from_exploitdb_website.csv,499e206b9f8ad9e5db5bc4a533f9efbfd7638790,CVE-2009-1330
187895283,akabe1/windows_exploit_dowser,cve_from_exploitdb_website.csv,499e206b9f8ad9e5db5bc4a533f9efbfd7638790,CVE-2009-1329
187895283,akabe1/windows_exploit_dowser,cve_from_exploitdb_website.csv,499e206b9f8ad9e5db5bc4a533f9efbfd7638790,CVE-2009-1328
187895283,akabe1/windows_exploit_dowser,cve_from_exploitdb_website.csv,499e206b9f8ad9e5db5bc4a533f9efbfd7638790,CVE-2009-0465
187895283,akabe1/windows_exploit_dowser,cve_from_exploitdb_website.csv,499e206b9f8ad9e5db5bc4a533f9efbfd7638790,CVE-2009-1327
187895283,akabe1/windows_exploit_dowser,cve_from_exploitdb_website.csv,499e206b9f8ad9e5db5bc4a533f9efbfd7638790,CVE-2009-1325
187895283,akabe1/windows_exploit_dowser,cve_from_exploitdb_website.csv,499e206b9f8ad9e5db5bc4a533f9efbfd7638790,CVE-2009-1324
187895283,akabe1/windows_exploit_dowser,cve_from_exploitdb_website.csv,499e206b9f8ad9e5db5bc4a533f9efbfd7638790,CVE-2009-1260
187895283,akabe1/windows_exploit_dowser,cve_from_exploitdb_website.csv,499e206b9f8ad9e5db5bc4a533f9efbfd7638790,CVE-2009-1257
187895283,akabe1/windows_exploit_dowser,cve_from_exploitdb_website.csv,499e206b9f8ad9e5db5bc4a533f9efbfd7638790,CVE-2009-1212
187895283,akabe1/windows_exploit_dowser,cve_from_exploitdb_website.csv,499e206b9f8ad9e5db5bc4a533f9efbfd7638790,CVE-2009-1209
187895283,akabe1/windows_exploit_dowser,cve_from_exploitdb_website.csv,499e206b9f8ad9e5db5bc4a533f9efbfd7638790,CVE-2009-1140
187895283,akabe1/windows_exploit_dowser,cve_from_exploitdb_website.csv,499e206b9f8ad9e5db5bc4a533f9efbfd7638790,CVE-2015-5736
187895283,akabe1/windows_exploit_dowser,cve_from_exploitdb_website.csv,499e206b9f8ad9e5db5bc4a533f9efbfd7638790,CVE-2015-4481
187895283,akabe1/windows_exploit_dowser,cve_from_exploitdb_website.csv,499e206b9f8ad9e5db5bc4a533f9efbfd7638790,CVE-2015-4107
187895283,akabe1/windows_exploit_dowser,cve_from_exploitdb_website.csv,499e206b9f8ad9e5db5bc4a533f9efbfd7638790,CVE-2015-4077
187895283,akabe1/windows_exploit_dowser,cve_from_exploitdb_website.csv,499e206b9f8ad9e5db5bc4a533f9efbfd7638790,CVE-2015-3632
187895283,akabe1/windows_exploit_dowser,cve_from_exploitdb_website.csv,499e206b9f8ad9e5db5bc4a533f9efbfd7638790,CVE-2015-3083
187895283,akabe1/windows_exploit_dowser,cve_from_exploitdb_website.csv,499e206b9f8ad9e5db5bc4a533f9efbfd7638790,CVE-2009-1326
187895283,akabe1/windows_exploit_dowser,cve_from_exploitdb_website.csv,499e206b9f8ad9e5db5bc4a533f9efbfd7638790,CVE-2009-0450
187895283,akabe1/windows_exploit_dowser,cve_from_exploitdb_website.csv,499e206b9f8ad9e5db5bc4a533f9efbfd7638790,CVE-2009-0449
187895283,akabe1/windows_exploit_dowser,cve_from_exploitdb_website.csv,499e206b9f8ad9e5db5bc4a533f9efbfd7638790,CVE-2009-0389
187895283,akabe1/windows_exploit_dowser,cve_from_exploitdb_website.csv,499e206b9f8ad9e5db5bc4a533f9efbfd7638790,CVE-2008-6922
187895283,akabe1/windows_exploit_dowser,cve_from_exploitdb_website.csv,499e206b9f8ad9e5db5bc4a533f9efbfd7638790,CVE-2008-6899
187895283,akabe1/windows_exploit_dowser,cve_from_exploitdb_website.csv,499e206b9f8ad9e5db5bc4a533f9efbfd7638790,CVE-2008-6898
187895283,akabe1/windows_exploit_dowser,cve_from_exploitdb_website.csv,499e206b9f8ad9e5db5bc4a533f9efbfd7638790,CVE-2008-6748
187895283,akabe1/windows_exploit_dowser,cve_from_exploitdb_website.csv,499e206b9f8ad9e5db5bc4a533f9efbfd7638790,CVE-2008-6540
187895283,akabe1/windows_exploit_dowser,cve_from_exploitdb_website.csv,499e206b9f8ad9e5db5bc4a533f9efbfd7638790,CVE-2008-6534
187895283,akabe1/windows_exploit_dowser,cve_from_exploitdb_website.csv,499e206b9f8ad9e5db5bc4a533f9efbfd7638790,CVE-2008-6528
187895283,akabe1/windows_exploit_dowser,cve_from_exploitdb_website.csv,499e206b9f8ad9e5db5bc4a533f9efbfd7638790,CVE-2008-6499
187895283,akabe1/windows_exploit_dowser,cve_from_exploitdb_website.csv,499e206b9f8ad9e5db5bc4a533f9efbfd7638790,CVE-2008-6498
187895283,akabe1/windows_exploit_dowser,cve_from_exploitdb_website.csv,499e206b9f8ad9e5db5bc4a533f9efbfd7638790,CVE-2008-6447
187895283,akabe1/windows_exploit_dowser,cve_from_exploitdb_website.csv,499e206b9f8ad9e5db5bc4a533f9efbfd7638790,CVE-2008-6442
187895283,akabe1/windows_exploit_dowser,cve_from_exploitdb_website.csv,499e206b9f8ad9e5db5bc4a533f9efbfd7638790,CVE-2008-5868
187895283,akabe1/windows_exploit_dowser,cve_from_exploitdb_website.csv,499e206b9f8ad9e5db5bc4a533f9efbfd7638790,CVE-2008-5862
187895283,akabe1/windows_exploit_dowser,cve_from_exploitdb_website.csv,499e206b9f8ad9e5db5bc4a533f9efbfd7638790,CVE-2008-6935
187895283,akabe1/windows_exploit_dowser,cve_from_exploitdb_website.csv,499e206b9f8ad9e5db5bc4a533f9efbfd7638790,CVE-2008-5755
187895283,akabe1/windows_exploit_dowser,cve_from_exploitdb_website.csv,499e206b9f8ad9e5db5bc4a533f9efbfd7638790,CVE-2008-5750
187895283,akabe1/windows_exploit_dowser,cve_from_exploitdb_website.csv,499e206b9f8ad9e5db5bc4a533f9efbfd7638790,CVE-2008-5749
187895283,akabe1/windows_exploit_dowser,cve_from_exploitdb_website.csv,499e206b9f8ad9e5db5bc4a533f9efbfd7638790,CVE-2008-5745
187895283,akabe1/windows_exploit_dowser,cve_from_exploitdb_website.csv,499e206b9f8ad9e5db5bc4a533f9efbfd7638790,CVE-2008-5735
187895283,akabe1/windows_exploit_dowser,cve_from_exploitdb_website.csv,499e206b9f8ad9e5db5bc4a533f9efbfd7638790,CVE-2008-5725
187895283,akabe1/windows_exploit_dowser,cve_from_exploitdb_website.csv,499e206b9f8ad9e5db5bc4a533f9efbfd7638790,CVE-2008-5724
187895283,akabe1/windows_exploit_dowser,cve_from_exploitdb_website.csv,499e206b9f8ad9e5db5bc4a533f9efbfd7638790,CVE-2008-5711
187895283,akabe1/windows_exploit_dowser,cve_from_exploitdb_website.csv,499e206b9f8ad9e5db5bc4a533f9efbfd7638790,CVE-2008-5697
187895283,akabe1/windows_exploit_dowser,cve_from_exploitdb_website.csv,499e206b9f8ad9e5db5bc4a533f9efbfd7638790,CVE-2008-5691
187895283,akabe1/windows_exploit_dowser,cve_from_exploitdb_website.csv,499e206b9f8ad9e5db5bc4a533f9efbfd7638790,CVE-2008-5680
187895283,akabe1/windows_exploit_dowser,cve_from_exploitdb_website.csv,499e206b9f8ad9e5db5bc4a533f9efbfd7638790,CVE-2008-5664
187895283,akabe1/windows_exploit_dowser,cve_from_exploitdb_website.csv,499e206b9f8ad9e5db5bc4a533f9efbfd7638790,CVE-2008-5551
187895283,akabe1/windows_exploit_dowser,cve_from_exploitdb_website.csv,499e206b9f8ad9e5db5bc4a533f9efbfd7638790,CVE-2008-5405
187895283,akabe1/windows_exploit_dowser,cve_from_exploitdb_website.csv,499e206b9f8ad9e5db5bc4a533f9efbfd7638790,CVE-2008-5754
187895283,akabe1/windows_exploit_dowser,cve_from_exploitdb_website.csv,499e206b9f8ad9e5db5bc4a533f9efbfd7638790,CVE-2008-1472
187895283,akabe1/windows_exploit_dowser,cve_from_exploitdb_website.csv,499e206b9f8ad9e5db5bc4a533f9efbfd7638790,CVE-2008-6959
187895283,akabe1/windows_exploit_dowser,cve_from_exploitdb_website.csv,499e206b9f8ad9e5db5bc4a533f9efbfd7638790,CVE-2008-6996
187895283,akabe1/windows_exploit_dowser,cve_from_exploitdb_website.csv,499e206b9f8ad9e5db5bc4a533f9efbfd7638790,CVE-2009-0374
187895283,akabe1/windows_exploit_dowser,cve_from_exploitdb_website.csv,499e206b9f8ad9e5db5bc4a533f9efbfd7638790,CVE-2009-0369
187895283,akabe1/windows_exploit_dowser,cve_from_exploitdb_website.csv,499e206b9f8ad9e5db5bc4a533f9efbfd7638790,CVE-2009-0351
187895283,akabe1/windows_exploit_dowser,cve_from_exploitdb_website.csv,499e206b9f8ad9e5db5bc4a533f9efbfd7638790,CVE-2009-0350
187895283,akabe1/windows_exploit_dowser,cve_from_exploitdb_website.csv,499e206b9f8ad9e5db5bc4a533f9efbfd7638790,CVE-2009-0301
187895283,akabe1/windows_exploit_dowser,cve_from_exploitdb_website.csv,499e206b9f8ad9e5db5bc4a533f9efbfd7638790,CVE-2009-0261
187895283,akabe1/windows_exploit_dowser,cve_from_exploitdb_website.csv,499e206b9f8ad9e5db5bc4a533f9efbfd7638790,CVE-2009-0253
187895283,akabe1/windows_exploit_dowser,cve_from_exploitdb_website.csv,499e206b9f8ad9e5db5bc4a533f9efbfd7638790,CVE-2015-1730
187895283,akabe1/windows_exploit_dowser,cve_from_exploitdb_website.csv,499e206b9f8ad9e5db5bc4a533f9efbfd7638790,CVE-2015-2528
187895283,akabe1/windows_exploit_dowser,cve_from_exploitdb_website.csv,499e206b9f8ad9e5db5bc4a533f9efbfd7638790,CVE-2015-2525
187895283,akabe1/windows_exploit_dowser,cve_from_exploitdb_website.csv,499e206b9f8ad9e5db5bc4a533f9efbfd7638790,CVE-2015-2524
187895283,akabe1/windows_exploit_dowser,cve_from_exploitdb_website.csv,499e206b9f8ad9e5db5bc4a533f9efbfd7638790,CVE-2009-0187
187895283,akabe1/windows_exploit_dowser,cve_from_exploitdb_website.csv,499e206b9f8ad9e5db5bc4a533f9efbfd7638790,CVE-2009-0182
187895283,akabe1/windows_exploit_dowser,cve_from_exploitdb_website.csv,499e206b9f8ad9e5db5bc4a533f9efbfd7638790,CVE-2008-6994
187895283,akabe1/windows_exploit_dowser,cve_from_exploitdb_website.csv,499e206b9f8ad9e5db5bc4a533f9efbfd7638790,CVE-2009-0174
187895283,akabe1/windows_exploit_dowser,cve_from_exploitdb_website.csv,499e206b9f8ad9e5db5bc4a533f9efbfd7638790,CVE-2009-0133
187895283,akabe1/windows_exploit_dowser,cve_from_exploitdb_website.csv,499e206b9f8ad9e5db5bc4a533f9efbfd7638790,CVE-2015-2508
187895283,akabe1/windows_exploit_dowser,cve_from_exploitdb_website.csv,499e206b9f8ad9e5db5bc4a533f9efbfd7638790,CVE-2009-0080
187895283,akabe1/windows_exploit_dowser,cve_from_exploitdb_website.csv,499e206b9f8ad9e5db5bc4a533f9efbfd7638790,CVE-2009-0079
187895283,akabe1/windows_exploit_dowser,cve_from_exploitdb_website.csv,499e206b9f8ad9e5db5bc4a533f9efbfd7638790,CVE-2009-0078
187895283,akabe1/windows_exploit_dowser,cve_from_exploitdb_website.csv,499e206b9f8ad9e5db5bc4a533f9efbfd7638790,CVE-2009-0075
187895283,akabe1/windows_exploit_dowser,cve_from_exploitdb_website.csv,499e206b9f8ad9e5db5bc4a533f9efbfd7638790,CVE-2009-0043
187895283,akabe1/windows_exploit_dowser,cve_from_exploitdb_website.csv,499e206b9f8ad9e5db5bc4a533f9efbfd7638790,CVE-2008-7211
187895283,akabe1/windows_exploit_dowser,cve_from_exploitdb_website.csv,499e206b9f8ad9e5db5bc4a533f9efbfd7638790,CVE-2008-7168
187895283,akabe1/windows_exploit_dowser,cve_from_exploitdb_website.csv,499e206b9f8ad9e5db5bc4a533f9efbfd7638790,CVE-2008-7110
187895283,akabe1/windows_exploit_dowser,cve_from_exploitdb_website.csv,499e206b9f8ad9e5db5bc4a533f9efbfd7638790,CVE-2008-7084
187895283,akabe1/windows_exploit_dowser,cve_from_exploitdb_website.csv,499e206b9f8ad9e5db5bc4a533f9efbfd7638790,CVE-2008-7070
187895283,akabe1/windows_exploit_dowser,cve_from_exploitdb_website.csv,499e206b9f8ad9e5db5bc4a533f9efbfd7638790,CVE-2008-7022
187895283,akabe1/windows_exploit_dowser,cve_from_exploitdb_website.csv,499e206b9f8ad9e5db5bc4a533f9efbfd7638790,CVE-2009-0134
187895283,akabe1/windows_exploit_dowser,cve_from_exploitdb_website.csv,499e206b9f8ad9e5db5bc4a533f9efbfd7638790,CVE-2008-1461
187895283,akabe1/windows_exploit_dowser,cve_from_exploitdb_website.csv,499e206b9f8ad9e5db5bc4a533f9efbfd7638790,CVE-2008-1436
187895283,akabe1/windows_exploit_dowser,cve_from_exploitdb_website.csv,499e206b9f8ad9e5db5bc4a533f9efbfd7638790,CVE-2008-1411
187895283,akabe1/windows_exploit_dowser,cve_from_exploitdb_website.csv,499e206b9f8ad9e5db5bc4a533f9efbfd7638790,CVE-2007-4528
187895283,akabe1/windows_exploit_dowser,cve_from_exploitdb_website.csv,499e206b9f8ad9e5db5bc4a533f9efbfd7638790,CVE-2007-4515
187895283,akabe1/windows_exploit_dowser,cve_from_exploitdb_website.csv,499e206b9f8ad9e5db5bc4a533f9efbfd7638790,CVE-2007-4489
187895283,akabe1/windows_exploit_dowser,cve_from_exploitdb_website.csv,499e206b9f8ad9e5db5bc4a533f9efbfd7638790,CVE-2007-4475
187895283,akabe1/windows_exploit_dowser,cve_from_exploitdb_website.csv,499e206b9f8ad9e5db5bc4a533f9efbfd7638790,CVE-2007-4441
187895283,akabe1/windows_exploit_dowser,cve_from_exploitdb_website.csv,499e206b9f8ad9e5db5bc4a533f9efbfd7638790,CVE-2007-4440
187895283,akabe1/windows_exploit_dowser,cve_from_exploitdb_website.csv,499e206b9f8ad9e5db5bc4a533f9efbfd7638790,CVE-2007-4420
187895283,akabe1/windows_exploit_dowser,cve_from_exploitdb_website.csv,499e206b9f8ad9e5db5bc4a533f9efbfd7638790,CVE-2007-4377
187895283,akabe1/windows_exploit_dowser,cve_from_exploitdb_website.csv,499e206b9f8ad9e5db5bc4a533f9efbfd7638790,CVE-2007-4375
187895283,akabe1/windows_exploit_dowser,cve_from_exploitdb_website.csv,499e206b9f8ad9e5db5bc4a533f9efbfd7638790,CVE-2007-4370
187895283,akabe1/windows_exploit_dowser,cve_from_exploitdb_website.csv,499e206b9f8ad9e5db5bc4a533f9efbfd7638790,CVE-2007-4336
187895283,akabe1/windows_exploit_dowser,cve_from_exploitdb_website.csv,499e206b9f8ad9e5db5bc4a533f9efbfd7638790,CVE-2007-4257
187895283,akabe1/windows_exploit_dowser,cve_from_exploitdb_website.csv,499e206b9f8ad9e5db5bc4a533f9efbfd7638790,CVE-2007-4255
187895283,akabe1/windows_exploit_dowser,cve_from_exploitdb_website.csv,499e206b9f8ad9e5db5bc4a533f9efbfd7638790,CVE-2007-4254
187895283,akabe1/windows_exploit_dowser,cve_from_exploitdb_website.csv,499e206b9f8ad9e5db5bc4a533f9efbfd7638790,CVE-2007-4252
187895283,akabe1/windows_exploit_dowser,cve_from_exploitdb_website.csv,499e206b9f8ad9e5db5bc4a533f9efbfd7638790,CVE-2007-4220
187895283,akabe1/windows_exploit_dowser,cve_from_exploitdb_website.csv,499e206b9f8ad9e5db5bc4a533f9efbfd7638790,CVE-2007-4191
187895283,akabe1/windows_exploit_dowser,cve_from_exploitdb_website.csv,499e206b9f8ad9e5db5bc4a533f9efbfd7638790,CVE-2007-4174
187895283,akabe1/windows_exploit_dowser,cve_from_exploitdb_website.csv,499e206b9f8ad9e5db5bc4a533f9efbfd7638790,CVE-2007-4155
187895283,akabe1/windows_exploit_dowser,cve_from_exploitdb_website.csv,499e206b9f8ad9e5db5bc4a533f9efbfd7638790,CVE-2007-4145
187895283,akabe1/windows_exploit_dowser,cve_from_exploitdb_website.csv,499e206b9f8ad9e5db5bc4a533f9efbfd7638790,CVE-2007-4140
187895283,akabe1/windows_exploit_dowser,cve_from_exploitdb_website.csv,499e206b9f8ad9e5db5bc4a533f9efbfd7638790,CVE-2007-4105
187895283,akabe1/windows_exploit_dowser,cve_from_exploitdb_website.csv,499e206b9f8ad9e5db5bc4a533f9efbfd7638790,CVE-2007-4067
187895283,akabe1/windows_exploit_dowser,cve_from_exploitdb_website.csv,499e206b9f8ad9e5db5bc4a533f9efbfd7638790,CVE-2007-4062
187895283,akabe1/windows_exploit_dowser,cve_from_exploitdb_website.csv,499e206b9f8ad9e5db5bc4a533f9efbfd7638790,CVE-2007-4061
187895283,akabe1/windows_exploit_dowser,cve_from_exploitdb_website.csv,499e206b9f8ad9e5db5bc4a533f9efbfd7638790,CVE-2007-4059
187895283,akabe1/windows_exploit_dowser,cve_from_exploitdb_website.csv,499e206b9f8ad9e5db5bc4a533f9efbfd7638790,CVE-2007-4058
187895283,akabe1/windows_exploit_dowser,cve_from_exploitdb_website.csv,499e206b9f8ad9e5db5bc4a533f9efbfd7638790,CVE-2007-4566
187895283,akabe1/windows_exploit_dowser,cve_from_exploitdb_website.csv,499e206b9f8ad9e5db5bc4a533f9efbfd7638790,CVE-2007-4582
187895283,akabe1/windows_exploit_dowser,cve_from_exploitdb_website.csv,499e206b9f8ad9e5db5bc4a533f9efbfd7638790,CVE-2007-4583
187895283,akabe1/windows_exploit_dowser,cve_from_exploitdb_website.csv,499e206b9f8ad9e5db5bc4a533f9efbfd7638790,CVE-2007-4596
187895283,akabe1/windows_exploit_dowser,cve_from_exploitdb_website.csv,499e206b9f8ad9e5db5bc4a533f9efbfd7638790,CVE-2007-5070
187895283,akabe1/windows_exploit_dowser,cve_from_exploitdb_website.csv,499e206b9f8ad9e5db5bc4a533f9efbfd7638790,CVE-2007-5067
187895283,akabe1/windows_exploit_dowser,cve_from_exploitdb_website.csv,499e206b9f8ad9e5db5bc4a533f9efbfd7638790,CVE-2007-5064
187895283,akabe1/windows_exploit_dowser,cve_from_exploitdb_website.csv,499e206b9f8ad9e5db5bc4a533f9efbfd7638790,CVE-2007-5026
187895283,akabe1/windows_exploit_dowser,cve_from_exploitdb_website.csv,499e206b9f8ad9e5db5bc4a533f9efbfd7638790,CVE-2007-5018
187895283,akabe1/windows_exploit_dowser,cve_from_exploitdb_website.csv,499e206b9f8ad9e5db5bc4a533f9efbfd7638790,CVE-2007-5017
187895283,akabe1/windows_exploit_dowser,cve_from_exploitdb_website.csv,499e206b9f8ad9e5db5bc4a533f9efbfd7638790,CVE-2007-4983
187895283,akabe1/windows_exploit_dowser,cve_from_exploitdb_website.csv,499e206b9f8ad9e5db5bc4a533f9efbfd7638790,CVE-2007-4982
187895283,akabe1/windows_exploit_dowser,cve_from_exploitdb_website.csv,499e206b9f8ad9e5db5bc4a533f9efbfd7638790,CVE-2007-4962
187895283,akabe1/windows_exploit_dowser,cve_from_exploitdb_website.csv,499e206b9f8ad9e5db5bc4a533f9efbfd7638790,CVE-2007-4909
187895283,akabe1/windows_exploit_dowser,cve_from_exploitdb_website.csv,499e206b9f8ad9e5db5bc4a533f9efbfd7638790,CVE-2007-4903
187895283,akabe1/windows_exploit_dowser,cve_from_exploitdb_website.csv,499e206b9f8ad9e5db5bc4a533f9efbfd7638790,CVE-2007-4902
187895283,akabe1/windows_exploit_dowser,cve_from_exploitdb_website.csv,499e206b9f8ad9e5db5bc4a533f9efbfd7638790,CVE-2007-4891
187895283,akabe1/windows_exploit_dowser,cve_from_exploitdb_website.csv,499e206b9f8ad9e5db5bc4a533f9efbfd7638790,CVE-2007-4034
187895283,akabe1/windows_exploit_dowser,cve_from_exploitdb_website.csv,499e206b9f8ad9e5db5bc4a533f9efbfd7638790,CVE-2007-4890
187895283,akabe1/windows_exploit_dowser,cve_from_exploitdb_website.csv,499e206b9f8ad9e5db5bc4a533f9efbfd7638790,CVE-2007-4843
187895283,akabe1/windows_exploit_dowser,cve_from_exploitdb_website.csv,499e206b9f8ad9e5db5bc4a533f9efbfd7638790,CVE-2007-4814
187895283,akabe1/windows_exploit_dowser,cve_from_exploitdb_website.csv,499e206b9f8ad9e5db5bc4a533f9efbfd7638790,CVE-2007-4803
187895283,akabe1/windows_exploit_dowser,cve_from_exploitdb_website.csv,499e206b9f8ad9e5db5bc4a533f9efbfd7638790,CVE-2007-4802
187895283,akabe1/windows_exploit_dowser,cve_from_exploitdb_website.csv,499e206b9f8ad9e5db5bc4a533f9efbfd7638790,CVE-2007-4776
187895283,akabe1/windows_exploit_dowser,cve_from_exploitdb_website.csv,499e206b9f8ad9e5db5bc4a533f9efbfd7638790,CVE-2007-4748
187895283,akabe1/windows_exploit_dowser,cve_from_exploitdb_website.csv,499e206b9f8ad9e5db5bc4a533f9efbfd7638790,CVE-2007-4740
187895283,akabe1/windows_exploit_dowser,cve_from_exploitdb_website.csv,499e206b9f8ad9e5db5bc4a533f9efbfd7638790,CVE-2007-4735
187895283,akabe1/windows_exploit_dowser,cve_from_exploitdb_website.csv,499e206b9f8ad9e5db5bc4a533f9efbfd7638790,CVE-2007-4734
187895283,akabe1/windows_exploit_dowser,cve_from_exploitdb_website.csv,499e206b9f8ad9e5db5bc4a533f9efbfd7638790,CVE-2007-4725
187895283,akabe1/windows_exploit_dowser,cve_from_exploitdb_website.csv,499e206b9f8ad9e5db5bc4a533f9efbfd7638790,CVE-2007-4649
187895283,akabe1/windows_exploit_dowser,cve_from_exploitdb_website.csv,499e206b9f8ad9e5db5bc4a533f9efbfd7638790,CVE-2007-4648
187895283,akabe1/windows_exploit_dowser,cve_from_exploitdb_website.csv,499e206b9f8ad9e5db5bc4a533f9efbfd7638790,CVE-2007-4607
187895283,akabe1/windows_exploit_dowser,cve_from_exploitdb_website.csv,499e206b9f8ad9e5db5bc4a533f9efbfd7638790,CVE-2007-4880
187895283,akabe1/windows_exploit_dowser,cve_from_exploitdb_website.csv,499e206b9f8ad9e5db5bc4a533f9efbfd7638790,CVE-2007-4032
187895283,akabe1/windows_exploit_dowser,cve_from_exploitdb_website.csv,499e206b9f8ad9e5db5bc4a533f9efbfd7638790,CVE-2007-4031
187895283,akabe1/windows_exploit_dowser,cve_from_exploitdb_website.csv,499e206b9f8ad9e5db5bc4a533f9efbfd7638790,CVE-2007-4010
187895283,akabe1/windows_exploit_dowser,cve_from_exploitdb_website.csv,499e206b9f8ad9e5db5bc4a533f9efbfd7638790,CVE-2007-3186
187895283,akabe1/windows_exploit_dowser,cve_from_exploitdb_website.csv,499e206b9f8ad9e5db5bc4a533f9efbfd7638790,CVE-2007-3168
187895283,akabe1/windows_exploit_dowser,cve_from_exploitdb_website.csv,499e206b9f8ad9e5db5bc4a533f9efbfd7638790,CVE-2007-3167
187895283,akabe1/windows_exploit_dowser,cve_from_exploitdb_website.csv,499e206b9f8ad9e5db5bc4a533f9efbfd7638790,CVE-2007-3166
187895283,akabe1/windows_exploit_dowser,cve_from_exploitdb_website.csv,499e206b9f8ad9e5db5bc4a533f9efbfd7638790,CVE-2007-3148
187895283,akabe1/windows_exploit_dowser,cve_from_exploitdb_website.csv,499e206b9f8ad9e5db5bc4a533f9efbfd7638790,CVE-2007-3147
187895283,akabe1/windows_exploit_dowser,cve_from_exploitdb_website.csv,499e206b9f8ad9e5db5bc4a533f9efbfd7638790,CVE-2007-3111
187895283,akabe1/windows_exploit_dowser,cve_from_exploitdb_website.csv,499e206b9f8ad9e5db5bc4a533f9efbfd7638790,CVE-2015-2419
187895283,akabe1/windows_exploit_dowser,cve_from_exploitdb_website.csv,499e206b9f8ad9e5db5bc4a533f9efbfd7638790,CVE-2007-3076
187895283,akabe1/windows_exploit_dowser,cve_from_exploitdb_website.csv,499e206b9f8ad9e5db5bc4a533f9efbfd7638790,CVE-2007-3071
187895283,akabe1/windows_exploit_dowser,cve_from_exploitdb_website.csv,499e206b9f8ad9e5db5bc4a533f9efbfd7638790,CVE-2007-3068
187895283,akabe1/windows_exploit_dowser,cve_from_exploitdb_website.csv,499e206b9f8ad9e5db5bc4a533f9efbfd7638790,CVE-2007-3040
187895283,akabe1/windows_exploit_dowser,cve_from_exploitdb_website.csv,499e206b9f8ad9e5db5bc4a533f9efbfd7638790,CVE-2007-3039
187895283,akabe1/windows_exploit_dowser,cve_from_exploitdb_website.csv,499e206b9f8ad9e5db5bc4a533f9efbfd7638790,CVE-2007-3201
187895283,akabe1/windows_exploit_dowser,cve_from_exploitdb_website.csv,499e206b9f8ad9e5db5bc4a533f9efbfd7638790,CVE-2007-3006
187895283,akabe1/windows_exploit_dowser,cve_from_exploitdb_website.csv,499e206b9f8ad9e5db5bc4a533f9efbfd7638790,CVE-2007-2983
187895283,akabe1/windows_exploit_dowser,cve_from_exploitdb_website.csv,499e206b9f8ad9e5db5bc4a533f9efbfd7638790,CVE-2007-2938
187895283,akabe1/windows_exploit_dowser,cve_from_exploitdb_website.csv,499e206b9f8ad9e5db5bc4a533f9efbfd7638790,CVE-2007-2931
187895283,akabe1/windows_exploit_dowser,cve_from_exploitdb_website.csv,499e206b9f8ad9e5db5bc4a533f9efbfd7638790,CVE-2007-2888
187895283,akabe1/windows_exploit_dowser,cve_from_exploitdb_website.csv,499e206b9f8ad9e5db5bc4a533f9efbfd7638790,CVE-2007-2856
187895283,akabe1/windows_exploit_dowser,cve_from_exploitdb_website.csv,499e206b9f8ad9e5db5bc4a533f9efbfd7638790,CVE-2007-2853
187895283,akabe1/windows_exploit_dowser,cve_from_exploitdb_website.csv,499e206b9f8ad9e5db5bc4a533f9efbfd7638790,CVE-2007-2851
187895283,akabe1/windows_exploit_dowser,cve_from_exploitdb_website.csv,499e206b9f8ad9e5db5bc4a533f9efbfd7638790,CVE-2007-2820
187895283,akabe1/windows_exploit_dowser,cve_from_exploitdb_website.csv,499e206b9f8ad9e5db5bc4a533f9efbfd7638790,CVE-2007-2814
187895283,akabe1/windows_exploit_dowser,cve_from_exploitdb_website.csv,499e206b9f8ad9e5db5bc4a533f9efbfd7638790,CVE-2007-2787
187895283,akabe1/windows_exploit_dowser,cve_from_exploitdb_website.csv,499e206b9f8ad9e5db5bc4a533f9efbfd7638790,CVE-2007-2783
187895283,akabe1/windows_exploit_dowser,cve_from_exploitdb_website.csv,499e206b9f8ad9e5db5bc4a533f9efbfd7638790,CVE-2007-2771
187895283,akabe1/windows_exploit_dowser,cve_from_exploitdb_website.csv,499e206b9f8ad9e5db5bc4a533f9efbfd7638790,CVE-2007-2770
187895283,akabe1/windows_exploit_dowser,cve_from_exploitdb_website.csv,499e206b9f8ad9e5db5bc4a533f9efbfd7638790,CVE-2007-2987
187895283,akabe1/windows_exploit_dowser,cve_from_exploitdb_website.csv,499e206b9f8ad9e5db5bc4a533f9efbfd7638790,CVE-2007-5094
187895283,akabe1/windows_exploit_dowser,cve_from_exploitdb_website.csv,499e206b9f8ad9e5db5bc4a533f9efbfd7638790,CVE-2007-3233
187895283,akabe1/windows_exploit_dowser,cve_from_exploitdb_website.csv,499e206b9f8ad9e5db5bc4a533f9efbfd7638790,CVE-2007-3400
187895283,akabe1/windows_exploit_dowser,cve_from_exploitdb_website.csv,499e206b9f8ad9e5db5bc4a533f9efbfd7638790,CVE-2007-4005
187895283,akabe1/windows_exploit_dowser,cve_from_exploitdb_website.csv,499e206b9f8ad9e5db5bc4a533f9efbfd7638790,CVE-2007-3984
187895283,akabe1/windows_exploit_dowser,cve_from_exploitdb_website.csv,499e206b9f8ad9e5db5bc4a533f9efbfd7638790,CVE-2007-3983
187895283,akabe1/windows_exploit_dowser,cve_from_exploitdb_website.csv,499e206b9f8ad9e5db5bc4a533f9efbfd7638790,CVE-2007-3982
187895283,akabe1/windows_exploit_dowser,cve_from_exploitdb_website.csv,499e206b9f8ad9e5db5bc4a533f9efbfd7638790,CVE-2007-3955
187895283,akabe1/windows_exploit_dowser,cve_from_exploitdb_website.csv,499e206b9f8ad9e5db5bc4a533f9efbfd7638790,CVE-2007-3927
187895283,akabe1/windows_exploit_dowser,cve_from_exploitdb_website.csv,499e206b9f8ad9e5db5bc4a533f9efbfd7638790,CVE-2007-3925
187895283,akabe1/windows_exploit_dowser,cve_from_exploitdb_website.csv,499e206b9f8ad9e5db5bc4a533f9efbfd7638790,CVE-2007-3898
187895283,akabe1/windows_exploit_dowser,cve_from_exploitdb_website.csv,499e206b9f8ad9e5db5bc4a533f9efbfd7638790,CVE-2007-3896
187895283,akabe1/windows_exploit_dowser,cve_from_exploitdb_website.csv,499e206b9f8ad9e5db5bc4a533f9efbfd7638790,CVE-2007-3883
187895283,akabe1/windows_exploit_dowser,cve_from_exploitdb_website.csv,499e206b9f8ad9e5db5bc4a533f9efbfd7638790,CVE-2007-3845
187895283,akabe1/windows_exploit_dowser,cve_from_exploitdb_website.csv,499e206b9f8ad9e5db5bc4a533f9efbfd7638790,CVE-2007-3832
187895283,akabe1/windows_exploit_dowser,cve_from_exploitdb_website.csv,499e206b9f8ad9e5db5bc4a533f9efbfd7638790,CVE-2007-3785
187895283,akabe1/windows_exploit_dowser,cve_from_exploitdb_website.csv,499e206b9f8ad9e5db5bc4a533f9efbfd7638790,CVE-2007-3294
187895283,akabe1/windows_exploit_dowser,cve_from_exploitdb_website.csv,499e206b9f8ad9e5db5bc4a533f9efbfd7638790,CVE-2007-3703
187895283,akabe1/windows_exploit_dowser,cve_from_exploitdb_website.csv,499e206b9f8ad9e5db5bc4a533f9efbfd7638790,CVE-2007-3681
187895283,akabe1/windows_exploit_dowser,cve_from_exploitdb_website.csv,499e206b9f8ad9e5db5bc4a533f9efbfd7638790,CVE-2007-3673
187895283,akabe1/windows_exploit_dowser,cve_from_exploitdb_website.csv,499e206b9f8ad9e5db5bc4a533f9efbfd7638790,CVE-2007-3649
187895283,akabe1/windows_exploit_dowser,cve_from_exploitdb_website.csv,499e206b9f8ad9e5db5bc4a533f9efbfd7638790,CVE-2007-3633
187895283,akabe1/windows_exploit_dowser,cve_from_exploitdb_website.csv,499e206b9f8ad9e5db5bc4a533f9efbfd7638790,CVE-2007-3614
187895283,akabe1/windows_exploit_dowser,cve_from_exploitdb_website.csv,499e206b9f8ad9e5db5bc4a533f9efbfd7638790,CVE-2007-3612
187895283,akabe1/windows_exploit_dowser,cve_from_exploitdb_website.csv,499e206b9f8ad9e5db5bc4a533f9efbfd7638790,CVE-2007-3554
187895283,akabe1/windows_exploit_dowser,cve_from_exploitdb_website.csv,499e206b9f8ad9e5db5bc4a533f9efbfd7638790,CVE-2007-3536
187895283,akabe1/windows_exploit_dowser,cve_from_exploitdb_website.csv,499e206b9f8ad9e5db5bc4a533f9efbfd7638790,CVE-2007-3493
187895283,akabe1/windows_exploit_dowser,cve_from_exploitdb_website.csv,499e206b9f8ad9e5db5bc4a533f9efbfd7638790,CVE-2007-3487
187895283,akabe1/windows_exploit_dowser,cve_from_exploitdb_website.csv,499e206b9f8ad9e5db5bc4a533f9efbfd7638790,CVE-2007-3459
187895283,akabe1/windows_exploit_dowser,cve_from_exploitdb_website.csv,499e206b9f8ad9e5db5bc4a533f9efbfd7638790,CVE-2007-3435
187895283,akabe1/windows_exploit_dowser,cve_from_exploitdb_website.csv,499e206b9f8ad9e5db5bc4a533f9efbfd7638790,CVE-2007-3406
187895283,akabe1/windows_exploit_dowser,cve_from_exploitdb_website.csv,499e206b9f8ad9e5db5bc4a533f9efbfd7638790,CVE-2007-3701
187895283,akabe1/windows_exploit_dowser,cve_from_exploitdb_website.csv,499e206b9f8ad9e5db5bc4a533f9efbfd7638790,CVE-2009-1608
187895283,akabe1/windows_exploit_dowser,cve_from_exploitdb_website.csv,499e206b9f8ad9e5db5bc4a533f9efbfd7638790,CVE-2007-5107
187895283,akabe1/windows_exploit_dowser,cve_from_exploitdb_website.csv,499e206b9f8ad9e5db5bc4a533f9efbfd7638790,CVE-2007-5111
187895283,akabe1/windows_exploit_dowser,cve_from_exploitdb_website.csv,499e206b9f8ad9e5db5bc4a533f9efbfd7638790,CVE-2008-0634
187895283,akabe1/windows_exploit_dowser,cve_from_exploitdb_website.csv,499e206b9f8ad9e5db5bc4a533f9efbfd7638790,CVE-2008-0631
187895283,akabe1/windows_exploit_dowser,cve_from_exploitdb_website.csv,499e206b9f8ad9e5db5bc4a533f9efbfd7638790,CVE-2008-0625
187895283,akabe1/windows_exploit_dowser,cve_from_exploitdb_website.csv,499e206b9f8ad9e5db5bc4a533f9efbfd7638790,CVE-2008-0623
187895283,akabe1/windows_exploit_dowser,cve_from_exploitdb_website.csv,499e206b9f8ad9e5db5bc4a533f9efbfd7638790,CVE-2008-0621
187895283,akabe1/windows_exploit_dowser,cve_from_exploitdb_website.csv,499e206b9f8ad9e5db5bc4a533f9efbfd7638790,CVE-2008-0573
187895283,akabe1/windows_exploit_dowser,cve_from_exploitdb_website.csv,499e206b9f8ad9e5db5bc4a533f9efbfd7638790,CVE-2008-0551
187895283,akabe1/windows_exploit_dowser,cve_from_exploitdb_website.csv,499e206b9f8ad9e5db5bc4a533f9efbfd7638790,CVE-2008-0533
187895283,akabe1/windows_exploit_dowser,cve_from_exploitdb_website.csv,499e206b9f8ad9e5db5bc4a533f9efbfd7638790,CVE-2008-0493
187895283,akabe1/windows_exploit_dowser,cve_from_exploitdb_website.csv,499e206b9f8ad9e5db5bc4a533f9efbfd7638790,CVE-2008-0492
187895283,akabe1/windows_exploit_dowser,cve_from_exploitdb_website.csv,499e206b9f8ad9e5db5bc4a533f9efbfd7638790,CVE-2008-0477
187895283,akabe1/windows_exploit_dowser,cve_from_exploitdb_website.csv,499e206b9f8ad9e5db5bc4a533f9efbfd7638790,CVE-2008-0470
187895283,akabe1/windows_exploit_dowser,cve_from_exploitdb_website.csv,499e206b9f8ad9e5db5bc4a533f9efbfd7638790,CVE-2008-0457
187895283,akabe1/windows_exploit_dowser,cve_from_exploitdb_website.csv,499e206b9f8ad9e5db5bc4a533f9efbfd7638790,CVE-2008-0443
187895283,akabe1/windows_exploit_dowser,cve_from_exploitdb_website.csv,499e206b9f8ad9e5db5bc4a533f9efbfd7638790,CVE-2008-0437
187895283,akabe1/windows_exploit_dowser,cve_from_exploitdb_website.csv,499e206b9f8ad9e5db5bc4a533f9efbfd7638790,CVE-2008-0399
187895283,akabe1/windows_exploit_dowser,cve_from_exploitdb_website.csv,499e206b9f8ad9e5db5bc4a533f9efbfd7638790,CVE-2008-0396
187895283,akabe1/windows_exploit_dowser,cve_from_exploitdb_website.csv,499e206b9f8ad9e5db5bc4a533f9efbfd7638790,CVE-2008-0394
187895283,akabe1/windows_exploit_dowser,cve_from_exploitdb_website.csv,499e206b9f8ad9e5db5bc4a533f9efbfd7638790,CVE-2008-0392
187895283,akabe1/windows_exploit_dowser,cve_from_exploitdb_website.csv,499e206b9f8ad9e5db5bc4a533f9efbfd7638790,CVE-2008-0380
187895283,akabe1/windows_exploit_dowser,cve_from_exploitdb_website.csv,499e206b9f8ad9e5db5bc4a533f9efbfd7638790,CVE-2008-0365
187895283,akabe1/windows_exploit_dowser,cve_from_exploitdb_website.csv,499e206b9f8ad9e5db5bc4a533f9efbfd7638790,CVE-2008-0364
187895283,akabe1/windows_exploit_dowser,cve_from_exploitdb_website.csv,499e206b9f8ad9e5db5bc4a533f9efbfd7638790,CVE-2008-0338
187895283,akabe1/windows_exploit_dowser,cve_from_exploitdb_website.csv,499e206b9f8ad9e5db5bc4a533f9efbfd7638790,CVE-2008-0337
187895283,akabe1/windows_exploit_dowser,cve_from_exploitdb_website.csv,499e206b9f8ad9e5db5bc4a533f9efbfd7638790,CVE-2008-0296
187895283,akabe1/windows_exploit_dowser,cve_from_exploitdb_website.csv,499e206b9f8ad9e5db5bc4a533f9efbfd7638790,CVE-2008-0295
187895283,akabe1/windows_exploit_dowser,cve_from_exploitdb_website.csv,499e206b9f8ad9e5db5bc4a533f9efbfd7638790,CVE-2008-0250
187895283,akabe1/windows_exploit_dowser,cve_from_exploitdb_website.csv,499e206b9f8ad9e5db5bc4a533f9efbfd7638790,CVE-2008-0647
187895283,akabe1/windows_exploit_dowser,cve_from_exploitdb_website.csv,499e206b9f8ad9e5db5bc4a533f9efbfd7638790,CVE-2008-0659
187895283,akabe1/windows_exploit_dowser,cve_from_exploitdb_website.csv,499e206b9f8ad9e5db5bc4a533f9efbfd7638790,CVE-2008-0660
187895283,akabe1/windows_exploit_dowser,cve_from_exploitdb_website.csv,499e206b9f8ad9e5db5bc4a533f9efbfd7638790,CVE-2008-0661
187895283,akabe1/windows_exploit_dowser,cve_from_exploitdb_website.csv,499e206b9f8ad9e5db5bc4a533f9efbfd7638790,CVE-2008-1410
187895283,akabe1/windows_exploit_dowser,cve_from_exploitdb_website.csv,499e206b9f8ad9e5db5bc4a533f9efbfd7638790,CVE-2008-1403
187895283,akabe1/windows_exploit_dowser,cve_from_exploitdb_website.csv,499e206b9f8ad9e5db5bc4a533f9efbfd7638790,CVE-2008-1402
187895283,akabe1/windows_exploit_dowser,cve_from_exploitdb_website.csv,499e206b9f8ad9e5db5bc4a533f9efbfd7638790,CVE-2008-1401
187895283,akabe1/windows_exploit_dowser,cve_from_exploitdb_website.csv,499e206b9f8ad9e5db5bc4a533f9efbfd7638790,CVE-2008-1400
187895283,akabe1/windows_exploit_dowser,cve_from_exploitdb_website.csv,499e206b9f8ad9e5db5bc4a533f9efbfd7638790,CVE-2008-1358
187895283,akabe1/windows_exploit_dowser,cve_from_exploitdb_website.csv,499e206b9f8ad9e5db5bc4a533f9efbfd7638790,CVE-2008-1319
187895283,akabe1/windows_exploit_dowser,cve_from_exploitdb_website.csv,499e206b9f8ad9e5db5bc4a533f9efbfd7638790,CVE-2008-1309
187895283,akabe1/windows_exploit_dowser,cve_from_exploitdb_website.csv,499e206b9f8ad9e5db5bc4a533f9efbfd7638790,CVE-2008-1276
187895283,akabe1/windows_exploit_dowser,cve_from_exploitdb_website.csv,499e206b9f8ad9e5db5bc4a533f9efbfd7638790,CVE-2008-1221
187895283,akabe1/windows_exploit_dowser,cve_from_exploitdb_website.csv,499e206b9f8ad9e5db5bc4a533f9efbfd7638790,CVE-2008-1169
187895283,akabe1/windows_exploit_dowser,cve_from_exploitdb_website.csv,499e206b9f8ad9e5db5bc4a533f9efbfd7638790,CVE-2008-1141
187895283,akabe1/windows_exploit_dowser,cve_from_exploitdb_website.csv,499e206b9f8ad9e5db5bc4a533f9efbfd7638790,CVE-2008-1140
187895283,akabe1/windows_exploit_dowser,cve_from_exploitdb_website.csv,499e206b9f8ad9e5db5bc4a533f9efbfd7638790,CVE-2008-0248
187895283,akabe1/windows_exploit_dowser,cve_from_exploitdb_website.csv,499e206b9f8ad9e5db5bc4a533f9efbfd7638790,CVE-2008-1139
187895283,akabe1/windows_exploit_dowser,cve_from_exploitdb_website.csv,499e206b9f8ad9e5db5bc4a533f9efbfd7638790,CVE-2008-1117
187895283,akabe1/windows_exploit_dowser,cve_from_exploitdb_website.csv,499e206b9f8ad9e5db5bc4a533f9efbfd7638790,CVE-2008-1116
187895283,akabe1/windows_exploit_dowser,cve_from_exploitdb_website.csv,499e206b9f8ad9e5db5bc4a533f9efbfd7638790,CVE-2008-1087
187895283,akabe1/windows_exploit_dowser,cve_from_exploitdb_website.csv,499e206b9f8ad9e5db5bc4a533f9efbfd7638790,CVE-2008-1084
187895283,akabe1/windows_exploit_dowser,cve_from_exploitdb_website.csv,499e206b9f8ad9e5db5bc4a533f9efbfd7638790,CVE-2008-1083
187895283,akabe1/windows_exploit_dowser,cve_from_exploitdb_website.csv,499e206b9f8ad9e5db5bc4a533f9efbfd7638790,CVE-2008-1044
187895283,akabe1/windows_exploit_dowser,cve_from_exploitdb_website.csv,499e206b9f8ad9e5db5bc4a533f9efbfd7638790,CVE-2008-0984
187895283,akabe1/windows_exploit_dowser,cve_from_exploitdb_website.csv,499e206b9f8ad9e5db5bc4a533f9efbfd7638790,CVE-2008-0955
187895283,akabe1/windows_exploit_dowser,cve_from_exploitdb_website.csv,499e206b9f8ad9e5db5bc4a533f9efbfd7638790,CVE-2008-0871
187895283,akabe1/windows_exploit_dowser,cve_from_exploitdb_website.csv,499e206b9f8ad9e5db5bc4a533f9efbfd7638790,CVE-2008-0838
187895283,akabe1/windows_exploit_dowser,cve_from_exploitdb_website.csv,499e206b9f8ad9e5db5bc4a533f9efbfd7638790,CVE-2008-0790
187895283,akabe1/windows_exploit_dowser,cve_from_exploitdb_website.csv,499e206b9f8ad9e5db5bc4a533f9efbfd7638790,CVE-2008-0760
187895283,akabe1/windows_exploit_dowser,cve_from_exploitdb_website.csv,499e206b9f8ad9e5db5bc4a533f9efbfd7638790,CVE-2008-0748
187895283,akabe1/windows_exploit_dowser,cve_from_exploitdb_website.csv,499e206b9f8ad9e5db5bc4a533f9efbfd7638790,CVE-2008-1118
187895283,akabe1/windows_exploit_dowser,cve_from_exploitdb_website.csv,499e206b9f8ad9e5db5bc4a533f9efbfd7638790,CVE-2008-0237
187895283,akabe1/windows_exploit_dowser,cve_from_exploitdb_website.csv,499e206b9f8ad9e5db5bc4a533f9efbfd7638790,CVE-2008-0236
187895283,akabe1/windows_exploit_dowser,cve_from_exploitdb_website.csv,499e206b9f8ad9e5db5bc4a533f9efbfd7638790,CVE-2008-0234
187895283,akabe1/windows_exploit_dowser,cve_from_exploitdb_website.csv,499e206b9f8ad9e5db5bc4a533f9efbfd7638790,CVE-2007-6316
187895283,akabe1/windows_exploit_dowser,cve_from_exploitdb_website.csv,499e206b9f8ad9e5db5bc4a533f9efbfd7638790,CVE-2007-6315
187895283,akabe1/windows_exploit_dowser,cve_from_exploitdb_website.csv,499e206b9f8ad9e5db5bc4a533f9efbfd7638790,CVE-2007-6314
187895283,akabe1/windows_exploit_dowser,cve_from_exploitdb_website.csv,499e206b9f8ad9e5db5bc4a533f9efbfd7638790,CVE-2007-6204
187895283,akabe1/windows_exploit_dowser,cve_from_exploitdb_website.csv,499e206b9f8ad9e5db5bc4a533f9efbfd7638790,CVE-2007-6166
187895283,akabe1/windows_exploit_dowser,cve_from_exploitdb_website.csv,499e206b9f8ad9e5db5bc4a533f9efbfd7638790,CVE-2007-6028
187895283,akabe1/windows_exploit_dowser,cve_from_exploitdb_website.csv,499e206b9f8ad9e5db5bc4a533f9efbfd7638790,CVE-2007-6026
187895283,akabe1/windows_exploit_dowser,cve_from_exploitdb_website.csv,499e206b9f8ad9e5db5bc4a533f9efbfd7638790,CVE-2007-6016
187895283,akabe1/windows_exploit_dowser,cve_from_exploitdb_website.csv,499e206b9f8ad9e5db5bc4a533f9efbfd7638790,CVE-2007-5826
187895283,akabe1/windows_exploit_dowser,cve_from_exploitdb_website.csv,499e206b9f8ad9e5db5bc4a533f9efbfd7638790,CVE-2007-5815
187895283,akabe1/windows_exploit_dowser,cve_from_exploitdb_website.csv,499e206b9f8ad9e5db5bc4a533f9efbfd7638790,CVE-2007-5779
187895283,akabe1/windows_exploit_dowser,cve_from_exploitdb_website.csv,499e206b9f8ad9e5db5bc4a533f9efbfd7638790,CVE-2007-5775
187895283,akabe1/windows_exploit_dowser,cve_from_exploitdb_website.csv,499e206b9f8ad9e5db5bc4a533f9efbfd7638790,CVE-2007-5722
187895283,akabe1/windows_exploit_dowser,cve_from_exploitdb_website.csv,499e206b9f8ad9e5db5bc4a533f9efbfd7638790,CVE-2007-6317
187895283,akabe1/windows_exploit_dowser,cve_from_exploitdb_website.csv,499e206b9f8ad9e5db5bc4a533f9efbfd7638790,CVE-2007-5709
187895283,akabe1/windows_exploit_dowser,cve_from_exploitdb_website.csv,499e206b9f8ad9e5db5bc4a533f9efbfd7638790,CVE-2007-5653
187895283,akabe1/windows_exploit_dowser,cve_from_exploitdb_website.csv,499e206b9f8ad9e5db5bc4a533f9efbfd7638790,CVE-2007-5633
187895283,akabe1/windows_exploit_dowser,cve_from_exploitdb_website.csv,499e206b9f8ad9e5db5bc4a533f9efbfd7638790,CVE-2007-5604
187895283,akabe1/windows_exploit_dowser,cve_from_exploitdb_website.csv,499e206b9f8ad9e5db5bc4a533f9efbfd7638790,CVE-2007-5603
187895283,akabe1/windows_exploit_dowser,cve_from_exploitdb_website.csv,499e206b9f8ad9e5db5bc4a533f9efbfd7638790,CVE-2007-5601
187895283,akabe1/windows_exploit_dowser,cve_from_exploitdb_website.csv,499e206b9f8ad9e5db5bc4a533f9efbfd7638790,CVE-2007-5587
187895283,akabe1/windows_exploit_dowser,cve_from_exploitdb_website.csv,499e206b9f8ad9e5db5bc4a533f9efbfd7638790,CVE-2007-5487
187895283,akabe1/windows_exploit_dowser,cve_from_exploitdb_website.csv,499e206b9f8ad9e5db5bc4a533f9efbfd7638790,CVE-2007-5447
187895283,akabe1/windows_exploit_dowser,cve_from_exploitdb_website.csv,499e206b9f8ad9e5db5bc4a533f9efbfd7638790,CVE-2007-5446
187895283,akabe1/windows_exploit_dowser,cve_from_exploitdb_website.csv,499e206b9f8ad9e5db5bc4a533f9efbfd7638790,CVE-2007-5322
187895283,akabe1/windows_exploit_dowser,cve_from_exploitdb_website.csv,499e206b9f8ad9e5db5bc4a533f9efbfd7638790,CVE-2007-5320
187895283,akabe1/windows_exploit_dowser,cve_from_exploitdb_website.csv,499e206b9f8ad9e5db5bc4a533f9efbfd7638790,CVE-2007-5256
187895283,akabe1/windows_exploit_dowser,cve_from_exploitdb_website.csv,499e206b9f8ad9e5db5bc4a533f9efbfd7638790,CVE-2007-5158
187895283,akabe1/windows_exploit_dowser,cve_from_exploitdb_website.csv,499e206b9f8ad9e5db5bc4a533f9efbfd7638790,CVE-2007-5699
187895283,akabe1/windows_exploit_dowser,cve_from_exploitdb_website.csv,499e206b9f8ad9e5db5bc4a533f9efbfd7638790,CVE-2007-5110
187895283,akabe1/windows_exploit_dowser,cve_from_exploitdb_website.csv,499e206b9f8ad9e5db5bc4a533f9efbfd7638790,CVE-2007-6331
187895283,akabe1/windows_exploit_dowser,cve_from_exploitdb_website.csv,499e206b9f8ad9e5db5bc4a533f9efbfd7638790,CVE-2007-6333
187895283,akabe1/windows_exploit_dowser,cve_from_exploitdb_website.csv,499e206b9f8ad9e5db5bc4a533f9efbfd7638790,CVE-2008-0221
187895283,akabe1/windows_exploit_dowser,cve_from_exploitdb_website.csv,499e206b9f8ad9e5db5bc4a533f9efbfd7638790,CVE-2008-0220
187895283,akabe1/windows_exploit_dowser,cve_from_exploitdb_website.csv,499e206b9f8ad9e5db5bc4a533f9efbfd7638790,CVE-2008-0113
187895283,akabe1/windows_exploit_dowser,cve_from_exploitdb_website.csv,499e206b9f8ad9e5db5bc4a533f9efbfd7638790,CVE-2008-0108
187895283,akabe1/windows_exploit_dowser,cve_from_exploitdb_website.csv,499e206b9f8ad9e5db5bc4a533f9efbfd7638790,CVE-2008-0081
187895283,akabe1/windows_exploit_dowser,cve_from_exploitdb_website.csv,499e206b9f8ad9e5db5bc4a533f9efbfd7638790,CVE-2008-0073
187895283,akabe1/windows_exploit_dowser,cve_from_exploitdb_website.csv,499e206b9f8ad9e5db5bc4a533f9efbfd7638790,CVE-2008-0069
187895283,akabe1/windows_exploit_dowser,cve_from_exploitdb_website.csv,499e206b9f8ad9e5db5bc4a533f9efbfd7638790,CVE-2008-0068
187895283,akabe1/windows_exploit_dowser,cve_from_exploitdb_website.csv,499e206b9f8ad9e5db5bc4a533f9efbfd7638790,CVE-2008-0015
187895283,akabe1/windows_exploit_dowser,cve_from_exploitdb_website.csv,499e206b9f8ad9e5db5bc4a533f9efbfd7638790,CVE-2007-6681
187895283,akabe1/windows_exploit_dowser,cve_from_exploitdb_website.csv,499e206b9f8ad9e5db5bc4a533f9efbfd7638790,CVE-2007-6654
187895283,akabe1/windows_exploit_dowser,cve_from_exploitdb_website.csv,499e206b9f8ad9e5db5bc4a533f9efbfd7638790,CVE-2007-6593
187895283,akabe1/windows_exploit_dowser,cve_from_exploitdb_website.csv,499e206b9f8ad9e5db5bc4a533f9efbfd7638790,CVE-2007-6530
187895283,akabe1/windows_exploit_dowser,cve_from_exploitdb_website.csv,499e206b9f8ad9e5db5bc4a533f9efbfd7638790,CVE-2007-6332
187895283,akabe1/windows_exploit_dowser,cve_from_exploitdb_website.csv,499e206b9f8ad9e5db5bc4a533f9efbfd7638790,CVE-2007-6516
187895283,akabe1/windows_exploit_dowser,cve_from_exploitdb_website.csv,499e206b9f8ad9e5db5bc4a533f9efbfd7638790,CVE-2007-6513
187895283,akabe1/windows_exploit_dowser,cve_from_exploitdb_website.csv,499e206b9f8ad9e5db5bc4a533f9efbfd7638790,CVE-2007-6493
187895283,akabe1/windows_exploit_dowser,cve_from_exploitdb_website.csv,499e206b9f8ad9e5db5bc4a533f9efbfd7638790,CVE-2007-6483
187895283,akabe1/windows_exploit_dowser,cve_from_exploitdb_website.csv,499e206b9f8ad9e5db5bc4a533f9efbfd7638790,CVE-2007-6478
187895283,akabe1/windows_exploit_dowser,cve_from_exploitdb_website.csv,499e206b9f8ad9e5db5bc4a533f9efbfd7638790,CVE-2007-6453
187895283,akabe1/windows_exploit_dowser,cve_from_exploitdb_website.csv,499e206b9f8ad9e5db5bc4a533f9efbfd7638790,CVE-2007-6405
187895283,akabe1/windows_exploit_dowser,cve_from_exploitdb_website.csv,499e206b9f8ad9e5db5bc4a533f9efbfd7638790,CVE-2007-6404
187895283,akabe1/windows_exploit_dowser,cve_from_exploitdb_website.csv,499e206b9f8ad9e5db5bc4a533f9efbfd7638790,CVE-2007-6403
187895283,akabe1/windows_exploit_dowser,cve_from_exploitdb_website.csv,499e206b9f8ad9e5db5bc4a533f9efbfd7638790,CVE-2007-6402
187895283,akabe1/windows_exploit_dowser,cve_from_exploitdb_website.csv,499e206b9f8ad9e5db5bc4a533f9efbfd7638790,CVE-2007-6401
187895283,akabe1/windows_exploit_dowser,cve_from_exploitdb_website.csv,499e206b9f8ad9e5db5bc4a533f9efbfd7638790,CVE-2007-6379
187895283,akabe1/windows_exploit_dowser,cve_from_exploitdb_website.csv,499e206b9f8ad9e5db5bc4a533f9efbfd7638790,CVE-2007-6378
187895283,akabe1/windows_exploit_dowser,cve_from_exploitdb_website.csv,499e206b9f8ad9e5db5bc4a533f9efbfd7638790,CVE-2007-6377
187895283,akabe1/windows_exploit_dowser,cve_from_exploitdb_website.csv,499e206b9f8ad9e5db5bc4a533f9efbfd7638790,CVE-2007-6514
187895283,akabe1/windows_exploit_dowser,cve_from_exploitdb_website.csv,499e206b9f8ad9e5db5bc4a533f9efbfd7638790,CVE-2009-1611
187895283,akabe1/windows_exploit_dowser,cve_from_exploitdb_website.csv,499e206b9f8ad9e5db5bc4a533f9efbfd7638790,CVE-2009-1612
187895283,akabe1/windows_exploit_dowser,cve_from_exploitdb_website.csv,499e206b9f8ad9e5db5bc4a533f9efbfd7638790,CVE-2009-1627
187895283,akabe1/windows_exploit_dowser,cve_from_exploitdb_website.csv,499e206b9f8ad9e5db5bc4a533f9efbfd7638790,CVE-2011-3625
187895283,akabe1/windows_exploit_dowser,cve_from_exploitdb_website.csv,499e206b9f8ad9e5db5bc4a533f9efbfd7638790,CVE-2011-3575
187895283,akabe1/windows_exploit_dowser,cve_from_exploitdb_website.csv,499e206b9f8ad9e5db5bc4a533f9efbfd7638790,CVE-2011-3502
187895283,akabe1/windows_exploit_dowser,cve_from_exploitdb_website.csv,499e206b9f8ad9e5db5bc4a533f9efbfd7638790,CVE-2011-3493
187895283,akabe1/windows_exploit_dowser,cve_from_exploitdb_website.csv,499e206b9f8ad9e5db5bc4a533f9efbfd7638790,CVE-2011-3492
187895283,akabe1/windows_exploit_dowser,cve_from_exploitdb_website.csv,499e206b9f8ad9e5db5bc4a533f9efbfd7638790,CVE-2011-3487
187895283,akabe1/windows_exploit_dowser,cve_from_exploitdb_website.csv,499e206b9f8ad9e5db5bc4a533f9efbfd7638790,CVE-2011-3479
187895283,akabe1/windows_exploit_dowser,cve_from_exploitdb_website.csv,499e206b9f8ad9e5db5bc4a533f9efbfd7638790,CVE-2016-7226
187895283,akabe1/windows_exploit_dowser,cve_from_exploitdb_website.csv,499e206b9f8ad9e5db5bc4a533f9efbfd7638790,CVE-2016-7225
187895283,akabe1/windows_exploit_dowser,cve_from_exploitdb_website.csv,499e206b9f8ad9e5db5bc4a533f9efbfd7638790,CVE-2016-7224
187895283,akabe1/windows_exploit_dowser,cve_from_exploitdb_website.csv,499e206b9f8ad9e5db5bc4a533f9efbfd7638790,CVE-2011-3142
187895283,akabe1/windows_exploit_dowser,cve_from_exploitdb_website.csv,499e206b9f8ad9e5db5bc4a533f9efbfd7638790,CVE-2011-2963
187895283,akabe1/windows_exploit_dowser,cve_from_exploitdb_website.csv,499e206b9f8ad9e5db5bc4a533f9efbfd7638790,CVE-2011-2960
187895283,akabe1/windows_exploit_dowser,cve_from_exploitdb_website.csv,499e206b9f8ad9e5db5bc4a533f9efbfd7638790,CVE-2011-2386
187895283,akabe1/windows_exploit_dowser,cve_from_exploitdb_website.csv,499e206b9f8ad9e5db5bc4a533f9efbfd7638790,CVE-2011-2089
187895283,akabe1/windows_exploit_dowser,cve_from_exploitdb_website.csv,499e206b9f8ad9e5db5bc4a533f9efbfd7638790,CVE-2013-3956
187895283,akabe1/windows_exploit_dowser,cve_from_exploitdb_website.csv,499e206b9f8ad9e5db5bc4a533f9efbfd7638790,CVE-2013-4147
187895283,akabe1/windows_exploit_dowser,cve_from_exploitdb_website.csv,499e206b9f8ad9e5db5bc4a533f9efbfd7638790,CVE-2013-4679
187895283,akabe1/windows_exploit_dowser,cve_from_exploitdb_website.csv,499e206b9f8ad9e5db5bc4a533f9efbfd7638790,CVE-2013-4730
187895283,akabe1/windows_exploit_dowser,cve_from_exploitdb_website.csv,499e206b9f8ad9e5db5bc4a533f9efbfd7638790,CVE-2013-4978
187895283,akabe1/windows_exploit_dowser,cve_from_exploitdb_website.csv,499e206b9f8ad9e5db5bc4a533f9efbfd7638790,CVE-2013-5019
187895283,akabe1/windows_exploit_dowser,cve_from_exploitdb_website.csv,499e206b9f8ad9e5db5bc4a533f9efbfd7638790,CVE-2011-1999
187895283,akabe1/windows_exploit_dowser,cve_from_exploitdb_website.csv,499e206b9f8ad9e5db5bc4a533f9efbfd7638790,CVE-2013-5656
187895283,akabe1/windows_exploit_dowser,cve_from_exploitdb_website.csv,499e206b9f8ad9e5db5bc4a533f9efbfd7638790,CVE-2013-5660
187895283,akabe1/windows_exploit_dowser,cve_from_exploitdb_website.csv,499e206b9f8ad9e5db5bc4a533f9efbfd7638790,CVE-2013-5701
187895283,akabe1/windows_exploit_dowser,cve_from_exploitdb_website.csv,499e206b9f8ad9e5db5bc4a533f9efbfd7638790,CVE-2013-5795
187895283,akabe1/windows_exploit_dowser,cve_from_exploitdb_website.csv,499e206b9f8ad9e5db5bc4a533f9efbfd7638790,CVE-2013-5877
187895283,akabe1/windows_exploit_dowser,cve_from_exploitdb_website.csv,499e206b9f8ad9e5db5bc4a533f9efbfd7638790,CVE-2011-4044
187895283,akabe1/windows_exploit_dowser,cve_from_exploitdb_website.csv,499e206b9f8ad9e5db5bc4a533f9efbfd7638790,CVE-2011-4273
187895283,akabe1/windows_exploit_dowser,cve_from_exploitdb_website.csv,499e206b9f8ad9e5db5bc4a533f9efbfd7638790,CVE-2011-4535
187895283,akabe1/windows_exploit_dowser,cve_from_exploitdb_website.csv,499e206b9f8ad9e5db5bc4a533f9efbfd7638790,CVE-2011-4712
187895283,akabe1/windows_exploit_dowser,cve_from_exploitdb_website.csv,499e206b9f8ad9e5db5bc4a533f9efbfd7638790,CVE-2012-0874
187895283,akabe1/windows_exploit_dowser,cve_from_exploitdb_website.csv,499e206b9f8ad9e5db5bc4a533f9efbfd7638790,CVE-2012-0677
187895283,akabe1/windows_exploit_dowser,cve_from_exploitdb_website.csv,499e206b9f8ad9e5db5bc4a533f9efbfd7638790,CVE-2012-0241
187895283,akabe1/windows_exploit_dowser,cve_from_exploitdb_website.csv,499e206b9f8ad9e5db5bc4a533f9efbfd7638790,CVE-2013-3179
187895283,akabe1/windows_exploit_dowser,cve_from_exploitdb_website.csv,499e206b9f8ad9e5db5bc4a533f9efbfd7638790,CVE-2012-0217
187895283,akabe1/windows_exploit_dowser,cve_from_exploitdb_website.csv,499e206b9f8ad9e5db5bc4a533f9efbfd7638790,CVE-2016-9796
187895283,akabe1/windows_exploit_dowser,cve_from_exploitdb_website.csv,499e206b9f8ad9e5db5bc4a533f9efbfd7638790,CVE-2016-8812
187895283,akabe1/windows_exploit_dowser,cve_from_exploitdb_website.csv,499e206b9f8ad9e5db5bc4a533f9efbfd7638790,CVE-2016-7384
187895283,akabe1/windows_exploit_dowser,cve_from_exploitdb_website.csv,499e206b9f8ad9e5db5bc4a533f9efbfd7638790,CVE-2016-7255
187895283,akabe1/windows_exploit_dowser,cve_from_exploitdb_website.csv,499e206b9f8ad9e5db5bc4a533f9efbfd7638790,CVE-2012-0007
187895283,akabe1/windows_exploit_dowser,cve_from_exploitdb_website.csv,499e206b9f8ad9e5db5bc4a533f9efbfd7638790,CVE-2011-5172
187895283,akabe1/windows_exploit_dowser,cve_from_exploitdb_website.csv,499e206b9f8ad9e5db5bc4a533f9efbfd7638790,CVE-2011-5171
187895283,akabe1/windows_exploit_dowser,cve_from_exploitdb_website.csv,499e206b9f8ad9e5db5bc4a533f9efbfd7638790,CVE-2011-5170
187895283,akabe1/windows_exploit_dowser,cve_from_exploitdb_website.csv,499e206b9f8ad9e5db5bc4a533f9efbfd7638790,CVE-2013-6079
187895283,akabe1/windows_exploit_dowser,cve_from_exploitdb_website.csv,499e206b9f8ad9e5db5bc4a533f9efbfd7638790,CVE-2011-5167
187895283,akabe1/windows_exploit_dowser,cve_from_exploitdb_website.csv,499e206b9f8ad9e5db5bc4a533f9efbfd7638790,CVE-2011-5165
187895283,akabe1/windows_exploit_dowser,cve_from_exploitdb_website.csv,499e206b9f8ad9e5db5bc4a533f9efbfd7638790,CVE-2011-5162
187895283,akabe1/windows_exploit_dowser,cve_from_exploitdb_website.csv,499e206b9f8ad9e5db5bc4a533f9efbfd7638790,CVE-2011-5155
187895283,akabe1/windows_exploit_dowser,cve_from_exploitdb_website.csv,499e206b9f8ad9e5db5bc4a533f9efbfd7638790,CVE-2011-5124
187895283,akabe1/windows_exploit_dowser,cve_from_exploitdb_website.csv,499e206b9f8ad9e5db5bc4a533f9efbfd7638790,CVE-2011-5052
187895283,akabe1/windows_exploit_dowser,cve_from_exploitdb_website.csv,499e206b9f8ad9e5db5bc4a533f9efbfd7638790,CVE-2011-5044
187895283,akabe1/windows_exploit_dowser,cve_from_exploitdb_website.csv,499e206b9f8ad9e5db5bc4a533f9efbfd7638790,CVE-2011-5007
187895283,akabe1/windows_exploit_dowser,cve_from_exploitdb_website.csv,499e206b9f8ad9e5db5bc4a533f9efbfd7638790,CVE-2011-5003
187895283,akabe1/windows_exploit_dowser,cve_from_exploitdb_website.csv,499e206b9f8ad9e5db5bc4a533f9efbfd7638790,CVE-2011-5002
187895283,akabe1/windows_exploit_dowser,cve_from_exploitdb_website.csv,499e206b9f8ad9e5db5bc4a533f9efbfd7638790,CVE-2011-4837
187895283,akabe1/windows_exploit_dowser,cve_from_exploitdb_website.csv,499e206b9f8ad9e5db5bc4a533f9efbfd7638790,CVE-2011-4835
187895283,akabe1/windows_exploit_dowser,cve_from_exploitdb_website.csv,499e206b9f8ad9e5db5bc4a533f9efbfd7638790,CVE-2011-4800
187895283,akabe1/windows_exploit_dowser,cve_from_exploitdb_website.csv,499e206b9f8ad9e5db5bc4a533f9efbfd7638790,CVE-2011-4722
187895283,akabe1/windows_exploit_dowser,cve_from_exploitdb_website.csv,499e206b9f8ad9e5db5bc4a533f9efbfd7638790,CVE-2011-5166
187895283,akabe1/windows_exploit_dowser,cve_from_exploitdb_website.csv,499e206b9f8ad9e5db5bc4a533f9efbfd7638790,CVE-2013-6127
187895283,akabe1/windows_exploit_dowser,cve_from_exploitdb_website.csv,499e206b9f8ad9e5db5bc4a533f9efbfd7638790,CVE-2013-6128
187895283,akabe1/windows_exploit_dowser,cve_from_exploitdb_website.csv,499e206b9f8ad9e5db5bc4a533f9efbfd7638790,CVE-2013-6874
187895283,akabe1/windows_exploit_dowser,cve_from_exploitdb_website.csv,499e206b9f8ad9e5db5bc4a533f9efbfd7638790,CVE-2011-0498
187895283,akabe1/windows_exploit_dowser,cve_from_exploitdb_website.csv,499e206b9f8ad9e5db5bc4a533f9efbfd7638790,CVE-2011-0406
187895283,akabe1/windows_exploit_dowser,cve_from_exploitdb_website.csv,499e206b9f8ad9e5db5bc4a533f9efbfd7638790,CVE-2011-0167
187895283,akabe1/windows_exploit_dowser,cve_from_exploitdb_website.csv,499e206b9f8ad9e5db5bc4a533f9efbfd7638790,CVE-2011-0108
187895283,akabe1/windows_exploit_dowser,cve_from_exploitdb_website.csv,499e206b9f8ad9e5db5bc4a533f9efbfd7638790,CVE-2011-0104
187895283,akabe1/windows_exploit_dowser,cve_from_exploitdb_website.csv,499e206b9f8ad9e5db5bc4a533f9efbfd7638790,CVE-2011-0096
187895283,akabe1/windows_exploit_dowser,cve_from_exploitdb_website.csv,499e206b9f8ad9e5db5bc4a533f9efbfd7638790,CVE-2014-2013
187895283,akabe1/windows_exploit_dowser,cve_from_exploitdb_website.csv,499e206b9f8ad9e5db5bc4a533f9efbfd7638790,CVE-2014-2612
187895283,akabe1/windows_exploit_dowser,cve_from_exploitdb_website.csv,499e206b9f8ad9e5db5bc4a533f9efbfd7638790,CVE-2014-2623
187895283,akabe1/windows_exploit_dowser,cve_from_exploitdb_website.csv,499e206b9f8ad9e5db5bc4a533f9efbfd7638790,CVE-2011-0073
187895283,akabe1/windows_exploit_dowser,cve_from_exploitdb_website.csv,499e206b9f8ad9e5db5bc4a533f9efbfd7638790,CVE-2011-0065
187895283,akabe1/windows_exploit_dowser,cve_from_exploitdb_website.csv,499e206b9f8ad9e5db5bc4a533f9efbfd7638790,CVE-2011-0027
187895283,akabe1/windows_exploit_dowser,cve_from_exploitdb_website.csv,499e206b9f8ad9e5db5bc4a533f9efbfd7638790,CVE-2010-5301
187895283,akabe1/windows_exploit_dowser,cve_from_exploitdb_website.csv,499e206b9f8ad9e5db5bc4a533f9efbfd7638790,CVE-2011-0499
187895283,akabe1/windows_exploit_dowser,cve_from_exploitdb_website.csv,499e206b9f8ad9e5db5bc4a533f9efbfd7638790,CVE-2010-5299
187895283,akabe1/windows_exploit_dowser,cve_from_exploitdb_website.csv,499e206b9f8ad9e5db5bc4a533f9efbfd7638790,CVE-2010-5240
187895283,akabe1/windows_exploit_dowser,cve_from_exploitdb_website.csv,499e206b9f8ad9e5db5bc4a533f9efbfd7638790,CVE-2010-5239
187895283,akabe1/windows_exploit_dowser,cve_from_exploitdb_website.csv,499e206b9f8ad9e5db5bc4a533f9efbfd7638790,CVE-2010-5236
187895283,akabe1/windows_exploit_dowser,cve_from_exploitdb_website.csv,499e206b9f8ad9e5db5bc4a533f9efbfd7638790,CVE-2010-5227
187895283,akabe1/windows_exploit_dowser,cve_from_exploitdb_website.csv,499e206b9f8ad9e5db5bc4a533f9efbfd7638790,CVE-2010-5195
187895283,akabe1/windows_exploit_dowser,cve_from_exploitdb_website.csv,499e206b9f8ad9e5db5bc4a533f9efbfd7638790,CVE-2010-5193
187895283,akabe1/windows_exploit_dowser,cve_from_exploitdb_website.csv,499e206b9f8ad9e5db5bc4a533f9efbfd7638790,CVE-2010-5081
187895283,akabe1/windows_exploit_dowser,cve_from_exploitdb_website.csv,499e206b9f8ad9e5db5bc4a533f9efbfd7638790,CVE-2010-5033
187895283,akabe1/windows_exploit_dowser,cve_from_exploitdb_website.csv,499e206b9f8ad9e5db5bc4a533f9efbfd7638790,CVE-2010-4946
187895283,akabe1/windows_exploit_dowser,cve_from_exploitdb_website.csv,499e206b9f8ad9e5db5bc4a533f9efbfd7638790,CVE-2010-4944
187895283,akabe1/windows_exploit_dowser,cve_from_exploitdb_website.csv,499e206b9f8ad9e5db5bc4a533f9efbfd7638790,CVE-2010-4915
187895283,akabe1/windows_exploit_dowser,cve_from_exploitdb_website.csv,499e206b9f8ad9e5db5bc4a533f9efbfd7638790,CVE-2010-4913
187895283,akabe1/windows_exploit_dowser,cve_from_exploitdb_website.csv,499e206b9f8ad9e5db5bc4a533f9efbfd7638790,CVE-2010-4910
187895283,akabe1/windows_exploit_dowser,cve_from_exploitdb_website.csv,499e206b9f8ad9e5db5bc4a533f9efbfd7638790,CVE-2010-5241
187895283,akabe1/windows_exploit_dowser,cve_from_exploitdb_website.csv,499e206b9f8ad9e5db5bc4a533f9efbfd7638790,CVE-2012-1005
187895283,akabe1/windows_exploit_dowser,cve_from_exploitdb_website.csv,499e206b9f8ad9e5db5bc4a533f9efbfd7638790,CVE-2011-0501
187895283,akabe1/windows_exploit_dowser,cve_from_exploitdb_website.csv,499e206b9f8ad9e5db5bc4a533f9efbfd7638790,CVE-2011-0545
187895283,akabe1/windows_exploit_dowser,cve_from_exploitdb_website.csv,499e206b9f8ad9e5db5bc4a533f9efbfd7638790,CVE-2013-6935
187895283,akabe1/windows_exploit_dowser,cve_from_exploitdb_website.csv,499e206b9f8ad9e5db5bc4a533f9efbfd7638790,CVE-2011-1976
187895283,akabe1/windows_exploit_dowser,cve_from_exploitdb_website.csv,499e206b9f8ad9e5db5bc4a533f9efbfd7638790,CVE-2013-6937
187895283,akabe1/windows_exploit_dowser,cve_from_exploitdb_website.csv,499e206b9f8ad9e5db5bc4a533f9efbfd7638790,CVE-2013-7186
187895283,akabe1/windows_exploit_dowser,cve_from_exploitdb_website.csv,499e206b9f8ad9e5db5bc4a533f9efbfd7638790,CVE-2013-7390
187895283,akabe1/windows_exploit_dowser,cve_from_exploitdb_website.csv,499e206b9f8ad9e5db5bc4a533f9efbfd7638790,CVE-2013-7409
187895283,akabe1/windows_exploit_dowser,cve_from_exploitdb_website.csv,499e206b9f8ad9e5db5bc4a533f9efbfd7638790,CVE-2013-7420
187895283,akabe1/windows_exploit_dowser,cve_from_exploitdb_website.csv,499e206b9f8ad9e5db5bc4a533f9efbfd7638790,CVE-2016-7185
187895283,akabe1/windows_exploit_dowser,cve_from_exploitdb_website.csv,499e206b9f8ad9e5db5bc4a533f9efbfd7638790,CVE-2016-4534
187895283,akabe1/windows_exploit_dowser,cve_from_exploitdb_website.csv,499e206b9f8ad9e5db5bc4a533f9efbfd7638790,CVE-2016-4004
187895283,akabe1/windows_exploit_dowser,cve_from_exploitdb_website.csv,499e206b9f8ad9e5db5bc4a533f9efbfd7638790,CVE-2016-3987
187895283,akabe1/windows_exploit_dowser,cve_from_exploitdb_website.csv,499e206b9f8ad9e5db5bc4a533f9efbfd7638790,CVE-2016-3388
187895283,akabe1/windows_exploit_dowser,cve_from_exploitdb_website.csv,499e206b9f8ad9e5db5bc4a533f9efbfd7638790,CVE-2016-3387
187895283,akabe1/windows_exploit_dowser,cve_from_exploitdb_website.csv,499e206b9f8ad9e5db5bc4a533f9efbfd7638790,CVE-2011-0513
187895283,akabe1/windows_exploit_dowser,cve_from_exploitdb_website.csv,499e206b9f8ad9e5db5bc4a533f9efbfd7638790,CVE-2016-3373
187895283,akabe1/windows_exploit_dowser,cve_from_exploitdb_website.csv,499e206b9f8ad9e5db5bc4a533f9efbfd7638790,CVE-2011-1865
187895283,akabe1/windows_exploit_dowser,cve_from_exploitdb_website.csv,499e206b9f8ad9e5db5bc4a533f9efbfd7638790,CVE-2011-1591
187895283,akabe1/windows_exploit_dowser,cve_from_exploitdb_website.csv,499e206b9f8ad9e5db5bc4a533f9efbfd7638790,CVE-2011-1567
187895283,akabe1/windows_exploit_dowser,cve_from_exploitdb_website.csv,499e206b9f8ad9e5db5bc4a533f9efbfd7638790,CVE-2011-1565
187895283,akabe1/windows_exploit_dowser,cve_from_exploitdb_website.csv,499e206b9f8ad9e5db5bc4a533f9efbfd7638790,CVE-2011-1524
187895283,akabe1/windows_exploit_dowser,cve_from_exploitdb_website.csv,499e206b9f8ad9e5db5bc4a533f9efbfd7638790,CVE-2011-1271
187895283,akabe1/windows_exploit_dowser,cve_from_exploitdb_website.csv,499e206b9f8ad9e5db5bc4a533f9efbfd7638790,CVE-2011-1255
187895283,akabe1/windows_exploit_dowser,cve_from_exploitdb_website.csv,499e206b9f8ad9e5db5bc4a533f9efbfd7638790,CVE-2014-0372
187895283,akabe1/windows_exploit_dowser,cve_from_exploitdb_website.csv,499e206b9f8ad9e5db5bc4a533f9efbfd7638790,CVE-2014-0379
187895283,akabe1/windows_exploit_dowser,cve_from_exploitdb_website.csv,499e206b9f8ad9e5db5bc4a533f9efbfd7638790,CVE-2014-0783
187895283,akabe1/windows_exploit_dowser,cve_from_exploitdb_website.csv,499e206b9f8ad9e5db5bc4a533f9efbfd7638790,CVE-2014-0784
187895283,akabe1/windows_exploit_dowser,cve_from_exploitdb_website.csv,499e206b9f8ad9e5db5bc4a533f9efbfd7638790,CVE-2014-10001
187895283,akabe1/windows_exploit_dowser,cve_from_exploitdb_website.csv,499e206b9f8ad9e5db5bc4a533f9efbfd7638790,CVE-2014-10031
187895283,akabe1/windows_exploit_dowser,cve_from_exploitdb_website.csv,499e206b9f8ad9e5db5bc4a533f9efbfd7638790,CVE-2016-3371
187895283,akabe1/windows_exploit_dowser,cve_from_exploitdb_website.csv,499e206b9f8ad9e5db5bc4a533f9efbfd7638790,CVE-2010-4740
187895283,akabe1/windows_exploit_dowser,cve_from_exploitdb_website.csv,499e206b9f8ad9e5db5bc4a533f9efbfd7638790,CVE-2012-1065
187895283,akabe1/windows_exploit_dowser,cve_from_exploitdb_website.csv,499e206b9f8ad9e5db5bc4a533f9efbfd7638790,CVE-2012-1196
187895283,akabe1/windows_exploit_dowser,cve_from_exploitdb_website.csv,499e206b9f8ad9e5db5bc4a533f9efbfd7638790,CVE-2018-0823
187895283,akabe1/windows_exploit_dowser,cve_from_exploitdb_website.csv,499e206b9f8ad9e5db5bc4a533f9efbfd7638790,CVE-2018-0822
187895283,akabe1/windows_exploit_dowser,cve_from_exploitdb_website.csv,499e206b9f8ad9e5db5bc4a533f9efbfd7638790,CVE-2018-0821
187895283,akabe1/windows_exploit_dowser,cve_from_exploitdb_website.csv,499e206b9f8ad9e5db5bc4a533f9efbfd7638790,CVE-2018-0743
187895283,akabe1/windows_exploit_dowser,cve_from_exploitdb_website.csv,499e206b9f8ad9e5db5bc4a533f9efbfd7638790,CVE-2017-7310
187895283,akabe1/windows_exploit_dowser,cve_from_exploitdb_website.csv,499e206b9f8ad9e5db5bc4a533f9efbfd7638790,CVE-2017-7293
187895283,akabe1/windows_exploit_dowser,cve_from_exploitdb_website.csv,499e206b9f8ad9e5db5bc4a533f9efbfd7638790,CVE-2017-7269
187895283,akabe1/windows_exploit_dowser,cve_from_exploitdb_website.csv,499e206b9f8ad9e5db5bc4a533f9efbfd7638790,CVE-2017-6187
187895283,akabe1/windows_exploit_dowser,cve_from_exploitdb_website.csv,499e206b9f8ad9e5db5bc4a533f9efbfd7638790,CVE-2017-3563
187895283,akabe1/windows_exploit_dowser,cve_from_exploitdb_website.csv,499e206b9f8ad9e5db5bc4a533f9efbfd7638790,CVE-2017-17932
187895283,akabe1/windows_exploit_dowser,cve_from_exploitdb_website.csv,499e206b9f8ad9e5db5bc4a533f9efbfd7638790,CVE-2017-16929
187895283,akabe1/windows_exploit_dowser,cve_from_exploitdb_website.csv,499e206b9f8ad9e5db5bc4a533f9efbfd7638790,CVE-2017-16542
187895283,akabe1/windows_exploit_dowser,cve_from_exploitdb_website.csv,499e206b9f8ad9e5db5bc4a533f9efbfd7638790,CVE-2017-15083
187895283,akabe1/windows_exploit_dowser,cve_from_exploitdb_website.csv,499e206b9f8ad9e5db5bc4a533f9efbfd7638790,CVE-2017-14355
187895283,akabe1/windows_exploit_dowser,cve_from_exploitdb_website.csv,499e206b9f8ad9e5db5bc4a533f9efbfd7638790,CVE-2017-11885
187895283,akabe1/windows_exploit_dowser,cve_from_exploitdb_website.csv,499e206b9f8ad9e5db5bc4a533f9efbfd7638790,CVE-2017-11830
187895283,akabe1/windows_exploit_dowser,cve_from_exploitdb_website.csv,499e206b9f8ad9e5db5bc4a533f9efbfd7638790,CVE-2017-10204
187895283,akabe1/windows_exploit_dowser,cve_from_exploitdb_website.csv,499e206b9f8ad9e5db5bc4a533f9efbfd7638790,CVE-2017-10129
187895283,akabe1/windows_exploit_dowser,cve_from_exploitdb_website.csv,499e206b9f8ad9e5db5bc4a533f9efbfd7638790,CVE-2017-0290
187895283,akabe1/windows_exploit_dowser,cve_from_exploitdb_website.csv,499e206b9f8ad9e5db5bc4a533f9efbfd7638790,CVE-2017-0211
187895283,akabe1/windows_exploit_dowser,cve_from_exploitdb_website.csv,499e206b9f8ad9e5db5bc4a533f9efbfd7638790,CVE-2017-0165
187895283,akabe1/windows_exploit_dowser,cve_from_exploitdb_website.csv,499e206b9f8ad9e5db5bc4a533f9efbfd7638790,CVE-2017-0160
187895283,akabe1/windows_exploit_dowser,cve_from_exploitdb_website.csv,499e206b9f8ad9e5db5bc4a533f9efbfd7638790,CVE-2012-6658
187895283,akabe1/windows_exploit_dowser,cve_from_exploitdb_website.csv,499e206b9f8ad9e5db5bc4a533f9efbfd7638790,CVE-2012-6568
187895283,akabe1/windows_exploit_dowser,cve_from_exploitdb_website.csv,499e206b9f8ad9e5db5bc4a533f9efbfd7638790,CVE-2012-6534
187895283,akabe1/windows_exploit_dowser,cve_from_exploitdb_website.csv,499e206b9f8ad9e5db5bc4a533f9efbfd7638790,CVE-2012-6533
187895283,akabe1/windows_exploit_dowser,cve_from_exploitdb_website.csv,499e206b9f8ad9e5db5bc4a533f9efbfd7638790,CVE-2012-6530
187895283,akabe1/windows_exploit_dowser,cve_from_exploitdb_website.csv,499e206b9f8ad9e5db5bc4a533f9efbfd7638790,CVE-2018-0877
187895283,akabe1/windows_exploit_dowser,cve_from_exploitdb_website.csv,499e206b9f8ad9e5db5bc4a533f9efbfd7638790,CVE-2018-0880
187895283,akabe1/windows_exploit_dowser,cve_from_exploitdb_website.csv,499e206b9f8ad9e5db5bc4a533f9efbfd7638790,CVE-2018-0882
187895283,akabe1/windows_exploit_dowser,cve_from_exploitdb_website.csv,499e206b9f8ad9e5db5bc4a533f9efbfd7638790,CVE-2018-0982
187895283,akabe1/windows_exploit_dowser,cve_from_exploitdb_website.csv,499e206b9f8ad9e5db5bc4a533f9efbfd7638790,CVE-2018-8584
187895283,akabe1/windows_exploit_dowser,cve_from_exploitdb_website.csv,499e206b9f8ad9e5db5bc4a533f9efbfd7638790,CVE-2018-9059
187895283,akabe1/windows_exploit_dowser,cve_from_exploitdb_website.csv,499e206b9f8ad9e5db5bc4a533f9efbfd7638790,CVE-2019-0543
187895283,akabe1/windows_exploit_dowser,cve_from_exploitdb_website.csv,499e206b9f8ad9e5db5bc4a533f9efbfd7638790,CVE-2019-0552
187895283,akabe1/windows_exploit_dowser,cve_from_exploitdb_website.csv,499e206b9f8ad9e5db5bc4a533f9efbfd7638790,CVE-2019-0555
187895283,akabe1/windows_exploit_dowser,cve_from_exploitdb_website.csv,499e206b9f8ad9e5db5bc4a533f9efbfd7638790,CVE-2019-0566
187895283,akabe1/windows_exploit_dowser,cve_from_exploitdb_website.csv,499e206b9f8ad9e5db5bc4a533f9efbfd7638790,CVE-2019-0571
187895283,akabe1/windows_exploit_dowser,cve_from_exploitdb_website.csv,499e206b9f8ad9e5db5bc4a533f9efbfd7638790,CVE-2013-0657
187895283,akabe1/windows_exploit_dowser,cve_from_exploitdb_website.csv,499e206b9f8ad9e5db5bc4a533f9efbfd7638790,CVE-2019-0572
187895283,akabe1/windows_exploit_dowser,cve_from_exploitdb_website.csv,499e206b9f8ad9e5db5bc4a533f9efbfd7638790,CVE-2019-0573
187895283,akabe1/windows_exploit_dowser,cve_from_exploitdb_website.csv,499e206b9f8ad9e5db5bc4a533f9efbfd7638790,CVE-2019-0574
187895283,akabe1/windows_exploit_dowser,cve_from_exploitdb_website.csv,499e206b9f8ad9e5db5bc4a533f9efbfd7638790,CVE-2019-0841
187895283,akabe1/windows_exploit_dowser,cve_from_exploitdb_website.csv,499e206b9f8ad9e5db5bc4a533f9efbfd7638790,CVE-2019-5512
187895283,akabe1/windows_exploit_dowser,cve_from_exploitdb_website.csv,499e206b9f8ad9e5db5bc4a533f9efbfd7638790,CVE-2012-6429
187895283,akabe1/windows_exploit_dowser,cve_from_exploitdb_website.csv,499e206b9f8ad9e5db5bc4a533f9efbfd7638790,CVE-2019-9766
187895283,akabe1/windows_exploit_dowser,cve_from_exploitdb_website.csv,499e206b9f8ad9e5db5bc4a533f9efbfd7638790,CVE-2018-8134
187895283,akabe1/windows_exploit_dowser,cve_from_exploitdb_website.csv,499e206b9f8ad9e5db5bc4a533f9efbfd7638790,CVE-2018-6947
187895283,akabe1/windows_exploit_dowser,cve_from_exploitdb_website.csv,499e206b9f8ad9e5db5bc4a533f9efbfd7638790,CVE-2018-6546
187895283,akabe1/windows_exploit_dowser,cve_from_exploitdb_website.csv,499e206b9f8ad9e5db5bc4a533f9efbfd7638790,CVE-2018-5511
187895283,akabe1/windows_exploit_dowser,cve_from_exploitdb_website.csv,499e206b9f8ad9e5db5bc4a533f9efbfd7638790,CVE-2018-5189
187895283,akabe1/windows_exploit_dowser,cve_from_exploitdb_website.csv,499e206b9f8ad9e5db5bc4a533f9efbfd7638790,CVE-2018-20250
187895283,akabe1/windows_exploit_dowser,cve_from_exploitdb_website.csv,499e206b9f8ad9e5db5bc4a533f9efbfd7638790,CVE-2018-19459
187895283,akabe1/windows_exploit_dowser,cve_from_exploitdb_website.csv,499e206b9f8ad9e5db5bc4a533f9efbfd7638790,CVE-2018-17776
187895283,akabe1/windows_exploit_dowser,cve_from_exploitdb_website.csv,499e206b9f8ad9e5db5bc4a533f9efbfd7638790,CVE-2018-16302
187895283,akabe1/windows_exploit_dowser,cve_from_exploitdb_website.csv,499e206b9f8ad9e5db5bc4a533f9efbfd7638790,CVE-2018-15982
187895283,akabe1/windows_exploit_dowser,cve_from_exploitdb_website.csv,499e206b9f8ad9e5db5bc4a533f9efbfd7638790,CVE-2018-10583
187895283,akabe1/windows_exploit_dowser,cve_from_exploitdb_website.csv,499e206b9f8ad9e5db5bc4a533f9efbfd7638790,CVE-2018-1038
187895283,akabe1/windows_exploit_dowser,cve_from_exploitdb_website.csv,499e206b9f8ad9e5db5bc4a533f9efbfd7638790,CVE-2018-10000
187895283,akabe1/windows_exploit_dowser,cve_from_exploitdb_website.csv,499e206b9f8ad9e5db5bc4a533f9efbfd7638790,CVE-2019-9767
187895283,akabe1/windows_exploit_dowser,cve_from_exploitdb_website.csv,499e206b9f8ad9e5db5bc4a533f9efbfd7638790,CVE-2012-6066
187895283,akabe1/windows_exploit_dowser,cve_from_exploitdb_website.csv,499e206b9f8ad9e5db5bc4a533f9efbfd7638790,CVE-2012-6041
187895283,akabe1/windows_exploit_dowser,cve_from_exploitdb_website.csv,499e206b9f8ad9e5db5bc4a533f9efbfd7638790,CVE-2012-5972
187895283,akabe1/windows_exploit_dowser,cve_from_exploitdb_website.csv,499e206b9f8ad9e5db5bc4a533f9efbfd7638790,CVE-2012-2586
187895283,akabe1/windows_exploit_dowser,cve_from_exploitdb_website.csv,499e206b9f8ad9e5db5bc4a533f9efbfd7638790,CVE-2012-2585
187895283,akabe1/windows_exploit_dowser,cve_from_exploitdb_website.csv,499e206b9f8ad9e5db5bc4a533f9efbfd7638790,CVE-2012-2584
187895283,akabe1/windows_exploit_dowser,cve_from_exploitdb_website.csv,499e206b9f8ad9e5db5bc4a533f9efbfd7638790,CVE-2012-2582
187895283,akabe1/windows_exploit_dowser,cve_from_exploitdb_website.csv,499e206b9f8ad9e5db5bc4a533f9efbfd7638790,CVE-2012-2578
187895283,akabe1/windows_exploit_dowser,cve_from_exploitdb_website.csv,499e206b9f8ad9e5db5bc4a533f9efbfd7638790,CVE-2012-2577
187895283,akabe1/windows_exploit_dowser,cve_from_exploitdb_website.csv,499e206b9f8ad9e5db5bc4a533f9efbfd7638790,CVE-2012-2576
187895283,akabe1/windows_exploit_dowser,cve_from_exploitdb_website.csv,499e206b9f8ad9e5db5bc4a533f9efbfd7638790,CVE-2012-2575
187895283,akabe1/windows_exploit_dowser,cve_from_exploitdb_website.csv,499e206b9f8ad9e5db5bc4a533f9efbfd7638790,CVE-2012-2571
187895283,akabe1/windows_exploit_dowser,cve_from_exploitdb_website.csv,499e206b9f8ad9e5db5bc4a533f9efbfd7638790,CVE-2012-2569
187895283,akabe1/windows_exploit_dowser,cve_from_exploitdb_website.csv,499e206b9f8ad9e5db5bc4a533f9efbfd7638790,CVE-2017-0100
187895283,akabe1/windows_exploit_dowser,cve_from_exploitdb_website.csv,499e206b9f8ad9e5db5bc4a533f9efbfd7638790,CVE-2013-2472
187895283,akabe1/windows_exploit_dowser,cve_from_exploitdb_website.csv,499e206b9f8ad9e5db5bc4a533f9efbfd7638790,CVE-2013-2729
187895283,akabe1/windows_exploit_dowser,cve_from_exploitdb_website.csv,499e206b9f8ad9e5db5bc4a533f9efbfd7638790,CVE-2012-2587
187895283,akabe1/windows_exploit_dowser,cve_from_exploitdb_website.csv,499e206b9f8ad9e5db5bc4a533f9efbfd7638790,CVE-2013-2739
187895283,akabe1/windows_exploit_dowser,cve_from_exploitdb_website.csv,499e206b9f8ad9e5db5bc4a533f9efbfd7638790,CVE-2012-2271
187895283,akabe1/windows_exploit_dowser,cve_from_exploitdb_website.csv,499e206b9f8ad9e5db5bc4a533f9efbfd7638790,CVE-2012-2202
187895283,akabe1/windows_exploit_dowser,cve_from_exploitdb_website.csv,499e206b9f8ad9e5db5bc4a533f9efbfd7638790,CVE-2012-2052
187895283,akabe1/windows_exploit_dowser,cve_from_exploitdb_website.csv,499e206b9f8ad9e5db5bc4a533f9efbfd7638790,CVE-2013-2817
187895283,akabe1/windows_exploit_dowser,cve_from_exploitdb_website.csv,499e206b9f8ad9e5db5bc4a533f9efbfd7638790,CVE-2013-3075
187895283,akabe1/windows_exploit_dowser,cve_from_exploitdb_website.csv,499e206b9f8ad9e5db5bc4a533f9efbfd7638790,CVE-2013-3115
187895283,akabe1/windows_exploit_dowser,cve_from_exploitdb_website.csv,499e206b9f8ad9e5db5bc4a533f9efbfd7638790,CVE-2013-3130
187895283,akabe1/windows_exploit_dowser,cve_from_exploitdb_website.csv,499e206b9f8ad9e5db5bc4a533f9efbfd7638790,CVE-2017-0037
187895283,akabe1/windows_exploit_dowser,cve_from_exploitdb_website.csv,499e206b9f8ad9e5db5bc4a533f9efbfd7638790,CVE-2012-1666
187895283,akabe1/windows_exploit_dowser,cve_from_exploitdb_website.csv,499e206b9f8ad9e5db5bc4a533f9efbfd7638790,CVE-2012-1466
187895283,akabe1/windows_exploit_dowser,cve_from_exploitdb_website.csv,499e206b9f8ad9e5db5bc4a533f9efbfd7638790,CVE-2012-1465
187895283,akabe1/windows_exploit_dowser,cve_from_exploitdb_website.csv,499e206b9f8ad9e5db5bc4a533f9efbfd7638790,CVE-2012-1464
187895283,akabe1/windows_exploit_dowser,cve_from_exploitdb_website.csv,499e206b9f8ad9e5db5bc4a533f9efbfd7638790,CVE-2012-1221
187895283,akabe1/windows_exploit_dowser,cve_from_exploitdb_website.csv,499e206b9f8ad9e5db5bc4a533f9efbfd7638790,CVE-2012-2376
187895283,akabe1/windows_exploit_dowser,cve_from_exploitdb_website.csv,499e206b9f8ad9e5db5bc4a533f9efbfd7638790,CVE-2012-1195
187895283,akabe1/windows_exploit_dowser,cve_from_exploitdb_website.csv,499e206b9f8ad9e5db5bc4a533f9efbfd7638790,CVE-2012-2588
187895283,akabe1/windows_exploit_dowser,cve_from_exploitdb_website.csv,499e206b9f8ad9e5db5bc4a533f9efbfd7638790,CVE-2012-2591
187895283,akabe1/windows_exploit_dowser,cve_from_exploitdb_website.csv,499e206b9f8ad9e5db5bc4a533f9efbfd7638790,CVE-2012-5932
187895283,akabe1/windows_exploit_dowser,cve_from_exploitdb_website.csv,499e206b9f8ad9e5db5bc4a533f9efbfd7638790,CVE-2012-5930
187895283,akabe1/windows_exploit_dowser,cve_from_exploitdb_website.csv,499e206b9f8ad9e5db5bc4a533f9efbfd7638790,CVE-2012-5897
187895283,akabe1/windows_exploit_dowser,cve_from_exploitdb_website.csv,499e206b9f8ad9e5db5bc4a533f9efbfd7638790,CVE-2012-5896
187895283,akabe1/windows_exploit_dowser,cve_from_exploitdb_website.csv,499e206b9f8ad9e5db5bc4a533f9efbfd7638790,CVE-2012-5615
187895283,akabe1/windows_exploit_dowser,cve_from_exploitdb_website.csv,499e206b9f8ad9e5db5bc4a533f9efbfd7638790,CVE-2012-5377
187895283,akabe1/windows_exploit_dowser,cve_from_exploitdb_website.csv,499e206b9f8ad9e5db5bc4a533f9efbfd7638790,CVE-2012-5344
187895283,akabe1/windows_exploit_dowser,cve_from_exploitdb_website.csv,499e206b9f8ad9e5db5bc4a533f9efbfd7638790,CVE-2012-5335
187895283,akabe1/windows_exploit_dowser,cve_from_exploitdb_website.csv,499e206b9f8ad9e5db5bc4a533f9efbfd7638790,CVE-2012-5100
187895283,akabe1/windows_exploit_dowser,cve_from_exploitdb_website.csv,499e206b9f8ad9e5db5bc4a533f9efbfd7638790,CVE-2012-5002
187895283,akabe1/windows_exploit_dowser,cve_from_exploitdb_website.csv,499e206b9f8ad9e5db5bc4a533f9efbfd7638790,CVE-2012-4992
187895283,akabe1/windows_exploit_dowser,cve_from_exploitdb_website.csv,499e206b9f8ad9e5db5bc4a533f9efbfd7638790,CVE-2012-4940
187895283,akabe1/windows_exploit_dowser,cve_from_exploitdb_website.csv,499e206b9f8ad9e5db5bc4a533f9efbfd7638790,CVE-2012-4924
187895283,akabe1/windows_exploit_dowser,cve_from_exploitdb_website.csv,499e206b9f8ad9e5db5bc4a533f9efbfd7638790,CVE-2012-2590
187895283,akabe1/windows_exploit_dowser,cve_from_exploitdb_website.csv,499e206b9f8ad9e5db5bc4a533f9efbfd7638790,CVE-2012-4876
187895283,akabe1/windows_exploit_dowser,cve_from_exploitdb_website.csv,499e206b9f8ad9e5db5bc4a533f9efbfd7638790,CVE-2017-0143
187895283,akabe1/windows_exploit_dowser,cve_from_exploitdb_website.csv,499e206b9f8ad9e5db5bc4a533f9efbfd7638790,CVE-2012-4680
187895283,akabe1/windows_exploit_dowser,cve_from_exploitdb_website.csv,499e206b9f8ad9e5db5bc4a533f9efbfd7638790,CVE-2012-4598
187895283,akabe1/windows_exploit_dowser,cve_from_exploitdb_website.csv,499e206b9f8ad9e5db5bc4a533f9efbfd7638790,CVE-2012-4552
187895283,akabe1/windows_exploit_dowser,cve_from_exploitdb_website.csv,499e206b9f8ad9e5db5bc4a533f9efbfd7638790,CVE-2012-4333
187895283,akabe1/windows_exploit_dowser,cve_from_exploitdb_website.csv,499e206b9f8ad9e5db5bc4a533f9efbfd7638790,CVE-2012-4250
187895283,akabe1/windows_exploit_dowser,cve_from_exploitdb_website.csv,499e206b9f8ad9e5db5bc4a533f9efbfd7638790,CVE-2012-4177
187895283,akabe1/windows_exploit_dowser,cve_from_exploitdb_website.csv,499e206b9f8ad9e5db5bc4a533f9efbfd7638790,CVE-2012-4054
187895283,akabe1/windows_exploit_dowser,cve_from_exploitdb_website.csv,499e206b9f8ad9e5db5bc4a533f9efbfd7638790,CVE-2012-3815
187895283,akabe1/windows_exploit_dowser,cve_from_exploitdb_website.csv,499e206b9f8ad9e5db5bc4a533f9efbfd7638790,CVE-2012-2956
187895283,akabe1/windows_exploit_dowser,cve_from_exploitdb_website.csv,499e206b9f8ad9e5db5bc4a533f9efbfd7638790,CVE-2012-2764
187895283,akabe1/windows_exploit_dowser,cve_from_exploitdb_website.csv,499e206b9f8ad9e5db5bc4a533f9efbfd7638790,CVE-2012-2602
187895283,akabe1/windows_exploit_dowser,cve_from_exploitdb_website.csv,499e206b9f8ad9e5db5bc4a533f9efbfd7638790,CVE-2012-2592
187895283,akabe1/windows_exploit_dowser,cve_from_exploitdb_website.csv,499e206b9f8ad9e5db5bc4a533f9efbfd7638790,CVE-2017-0144
187895283,akabe1/windows_exploit_dowser,cve_from_exploitdb_website.csv,499e206b9f8ad9e5db5bc4a533f9efbfd7638790,CVE-2007-2763
187895283,akabe1/windows_exploit_dowser,cve_from_exploitdb_website.csv,499e206b9f8ad9e5db5bc4a533f9efbfd7638790,CVE-2010-4598
187895283,akabe1/windows_exploit_dowser,cve_from_exploitdb_website.csv,499e206b9f8ad9e5db5bc4a533f9efbfd7638790,CVE-2010-4371
187895283,akabe1/windows_exploit_dowser,cve_from_exploitdb_website.csv,499e206b9f8ad9e5db5bc4a533f9efbfd7638790,CVE-2009-4453
187895283,akabe1/windows_exploit_dowser,cve_from_exploitdb_website.csv,499e206b9f8ad9e5db5bc4a533f9efbfd7638790,CVE-2009-4452
187895283,akabe1/windows_exploit_dowser,cve_from_exploitdb_website.csv,499e206b9f8ad9e5db5bc4a533f9efbfd7638790,CVE-2009-4367
187895283,akabe1/windows_exploit_dowser,cve_from_exploitdb_website.csv,499e206b9f8ad9e5db5bc4a533f9efbfd7638790,CVE-2009-4265
187895283,akabe1/windows_exploit_dowser,cve_from_exploitdb_website.csv,499e206b9f8ad9e5db5bc4a533f9efbfd7638790,CVE-2009-4251
187895283,akabe1/windows_exploit_dowser,cve_from_exploitdb_website.csv,499e206b9f8ad9e5db5bc4a533f9efbfd7638790,CVE-2009-4195
187895283,akabe1/windows_exploit_dowser,cve_from_exploitdb_website.csv,499e206b9f8ad9e5db5bc4a533f9efbfd7638790,CVE-2009-4179
187895283,akabe1/windows_exploit_dowser,cve_from_exploitdb_website.csv,499e206b9f8ad9e5db5bc4a533f9efbfd7638790,CVE-2009-4117
187895283,akabe1/windows_exploit_dowser,cve_from_exploitdb_website.csv,499e206b9f8ad9e5db5bc4a533f9efbfd7638790,CVE-2009-4107
187895283,akabe1/windows_exploit_dowser,cve_from_exploitdb_website.csv,499e206b9f8ad9e5db5bc4a533f9efbfd7638790,CVE-2009-4097
187895283,akabe1/windows_exploit_dowser,cve_from_exploitdb_website.csv,499e206b9f8ad9e5db5bc4a533f9efbfd7638790,CVE-2009-4089
187895283,akabe1/windows_exploit_dowser,cve_from_exploitdb_website.csv,499e206b9f8ad9e5db5bc4a533f9efbfd7638790,CVE-2009-4053
187895283,akabe1/windows_exploit_dowser,cve_from_exploitdb_website.csv,499e206b9f8ad9e5db5bc4a533f9efbfd7638790,CVE-2009-4049
187895283,akabe1/windows_exploit_dowser,cve_from_exploitdb_website.csv,499e206b9f8ad9e5db5bc4a533f9efbfd7638790,CVE-2009-3976
187895283,akabe1/windows_exploit_dowser,cve_from_exploitdb_website.csv,499e206b9f8ad9e5db5bc4a533f9efbfd7638790,CVE-2009-3958
187895283,akabe1/windows_exploit_dowser,cve_from_exploitdb_website.csv,499e206b9f8ad9e5db5bc4a533f9efbfd7638790,CVE-2009-3902
187895283,akabe1/windows_exploit_dowser,cve_from_exploitdb_website.csv,499e206b9f8ad9e5db5bc4a533f9efbfd7638790,CVE-2009-3860
187895283,akabe1/windows_exploit_dowser,cve_from_exploitdb_website.csv,499e206b9f8ad9e5db5bc4a533f9efbfd7638790,CVE-2009-3838
187895283,akabe1/windows_exploit_dowser,cve_from_exploitdb_website.csv,499e206b9f8ad9e5db5bc4a533f9efbfd7638790,CVE-2009-3837
187895283,akabe1/windows_exploit_dowser,cve_from_exploitdb_website.csv,499e206b9f8ad9e5db5bc4a533f9efbfd7638790,CVE-2009-3805
187895283,akabe1/windows_exploit_dowser,cve_from_exploitdb_website.csv,499e206b9f8ad9e5db5bc4a533f9efbfd7638790,CVE-2009-3760
187895283,akabe1/windows_exploit_dowser,cve_from_exploitdb_website.csv,499e206b9f8ad9e5db5bc4a533f9efbfd7638790,CVE-2009-3759
187895283,akabe1/windows_exploit_dowser,cve_from_exploitdb_website.csv,499e206b9f8ad9e5db5bc4a533f9efbfd7638790,CVE-2009-3758
187895283,akabe1/windows_exploit_dowser,cve_from_exploitdb_website.csv,499e206b9f8ad9e5db5bc4a533f9efbfd7638790,CVE-2009-3757
187895283,akabe1/windows_exploit_dowser,cve_from_exploitdb_website.csv,499e206b9f8ad9e5db5bc4a533f9efbfd7638790,CVE-2009-3711
187895283,akabe1/windows_exploit_dowser,cve_from_exploitdb_website.csv,499e206b9f8ad9e5db5bc4a533f9efbfd7638790,CVE-2009-3708
187895283,akabe1/windows_exploit_dowser,cve_from_exploitdb_website.csv,499e206b9f8ad9e5db5bc4a533f9efbfd7638790,CVE-2009-3691
187895283,akabe1/windows_exploit_dowser,cve_from_exploitdb_website.csv,499e206b9f8ad9e5db5bc4a533f9efbfd7638790,CVE-2009-4489
187895283,akabe1/windows_exploit_dowser,cve_from_exploitdb_website.csv,499e206b9f8ad9e5db5bc4a533f9efbfd7638790,CVE-2009-4495
187895283,akabe1/windows_exploit_dowser,cve_from_exploitdb_website.csv,499e206b9f8ad9e5db5bc4a533f9efbfd7638790,CVE-2009-4531
187895283,akabe1/windows_exploit_dowser,cve_from_exploitdb_website.csv,499e206b9f8ad9e5db5bc4a533f9efbfd7638790,CVE-2009-4535
187895283,akabe1/windows_exploit_dowser,cve_from_exploitdb_website.csv,499e206b9f8ad9e5db5bc4a533f9efbfd7638790,CVE-2010-0233
187895283,akabe1/windows_exploit_dowser,cve_from_exploitdb_website.csv,499e206b9f8ad9e5db5bc4a533f9efbfd7638790,CVE-2010-0219
187895283,akabe1/windows_exploit_dowser,cve_from_exploitdb_website.csv,499e206b9f8ad9e5db5bc4a533f9efbfd7638790,CVE-2010-0108
187895283,akabe1/windows_exploit_dowser,cve_from_exploitdb_website.csv,499e206b9f8ad9e5db5bc4a533f9efbfd7638790,CVE-2010-0027
187895283,akabe1/windows_exploit_dowser,cve_from_exploitdb_website.csv,499e206b9f8ad9e5db5bc4a533f9efbfd7638790,CVE-2009-5137
187895283,akabe1/windows_exploit_dowser,cve_from_exploitdb_website.csv,499e206b9f8ad9e5db5bc4a533f9efbfd7638790,CVE-2009-5109
187895283,akabe1/windows_exploit_dowser,cve_from_exploitdb_website.csv,499e206b9f8ad9e5db5bc4a533f9efbfd7638790,CVE-2009-5087
187895283,akabe1/windows_exploit_dowser,cve_from_exploitdb_website.csv,499e206b9f8ad9e5db5bc4a533f9efbfd7638790,CVE-2009-4988
187895283,akabe1/windows_exploit_dowser,cve_from_exploitdb_website.csv,499e206b9f8ad9e5db5bc4a533f9efbfd7638790,CVE-2009-4964
187895283,akabe1/windows_exploit_dowser,cve_from_exploitdb_website.csv,499e206b9f8ad9e5db5bc4a533f9efbfd7638790,CVE-2009-4962
187895283,akabe1/windows_exploit_dowser,cve_from_exploitdb_website.csv,499e206b9f8ad9e5db5bc4a533f9efbfd7638790,CVE-2009-4873
187895283,akabe1/windows_exploit_dowser,cve_from_exploitdb_website.csv,499e206b9f8ad9e5db5bc4a533f9efbfd7638790,CVE-2009-4841
187895283,akabe1/windows_exploit_dowser,cve_from_exploitdb_website.csv,499e206b9f8ad9e5db5bc4a533f9efbfd7638790,CVE-2009-4840
187895283,akabe1/windows_exploit_dowser,cve_from_exploitdb_website.csv,499e206b9f8ad9e5db5bc4a533f9efbfd7638790,CVE-2009-3670
187895283,akabe1/windows_exploit_dowser,cve_from_exploitdb_website.csv,499e206b9f8ad9e5db5bc4a533f9efbfd7638790,CVE-2009-4832
187895283,akabe1/windows_exploit_dowser,cve_from_exploitdb_website.csv,499e206b9f8ad9e5db5bc4a533f9efbfd7638790,CVE-2009-4790
187895283,akabe1/windows_exploit_dowser,cve_from_exploitdb_website.csv,499e206b9f8ad9e5db5bc4a533f9efbfd7638790,CVE-2009-4781
187895283,akabe1/windows_exploit_dowser,cve_from_exploitdb_website.csv,499e206b9f8ad9e5db5bc4a533f9efbfd7638790,CVE-2009-4761
187895283,akabe1/windows_exploit_dowser,cve_from_exploitdb_website.csv,499e206b9f8ad9e5db5bc4a533f9efbfd7638790,CVE-2009-4756
187895283,akabe1/windows_exploit_dowser,cve_from_exploitdb_website.csv,499e206b9f8ad9e5db5bc4a533f9efbfd7638790,CVE-2009-4755
187895283,akabe1/windows_exploit_dowser,cve_from_exploitdb_website.csv,499e206b9f8ad9e5db5bc4a533f9efbfd7638790,CVE-2009-4754
187895283,akabe1/windows_exploit_dowser,cve_from_exploitdb_website.csv,499e206b9f8ad9e5db5bc4a533f9efbfd7638790,CVE-2009-4668
187895283,akabe1/windows_exploit_dowser,cve_from_exploitdb_website.csv,499e206b9f8ad9e5db5bc4a533f9efbfd7638790,CVE-2009-4663
187895283,akabe1/windows_exploit_dowser,cve_from_exploitdb_website.csv,499e206b9f8ad9e5db5bc4a533f9efbfd7638790,CVE-2009-4660
187895283,akabe1/windows_exploit_dowser,cve_from_exploitdb_website.csv,499e206b9f8ad9e5db5bc4a533f9efbfd7638790,CVE-2009-4656
187895283,akabe1/windows_exploit_dowser,cve_from_exploitdb_website.csv,499e206b9f8ad9e5db5bc4a533f9efbfd7638790,CVE-2009-4606
187895283,akabe1/windows_exploit_dowser,cve_from_exploitdb_website.csv,499e206b9f8ad9e5db5bc4a533f9efbfd7638790,CVE-2009-4556
187895283,akabe1/windows_exploit_dowser,cve_from_exploitdb_website.csv,499e206b9f8ad9e5db5bc4a533f9efbfd7638790,CVE-2009-4549
187895283,akabe1/windows_exploit_dowser,cve_from_exploitdb_website.csv,499e206b9f8ad9e5db5bc4a533f9efbfd7638790,CVE-2009-4809
187895283,akabe1/windows_exploit_dowser,cve_from_exploitdb_website.csv,499e206b9f8ad9e5db5bc4a533f9efbfd7638790,CVE-2009-3658
187895283,akabe1/windows_exploit_dowser,cve_from_exploitdb_website.csv,499e206b9f8ad9e5db5bc4a533f9efbfd7638790,CVE-2009-3646
187895283,akabe1/windows_exploit_dowser,cve_from_exploitdb_website.csv,499e206b9f8ad9e5db5bc4a533f9efbfd7638790,CVE-2009-3577
187895283,akabe1/windows_exploit_dowser,cve_from_exploitdb_website.csv,499e206b9f8ad9e5db5bc4a533f9efbfd7638790,CVE-2009-2478
187895283,akabe1/windows_exploit_dowser,cve_from_exploitdb_website.csv,499e206b9f8ad9e5db5bc4a533f9efbfd7638790,CVE-2009-2477
187895283,akabe1/windows_exploit_dowser,cve_from_exploitdb_website.csv,499e206b9f8ad9e5db5bc4a533f9efbfd7638790,CVE-2009-2450
187895283,akabe1/windows_exploit_dowser,cve_from_exploitdb_website.csv,499e206b9f8ad9e5db5bc4a533f9efbfd7638790,CVE-2009-2377
187895283,akabe1/windows_exploit_dowser,cve_from_exploitdb_website.csv,499e206b9f8ad9e5db5bc4a533f9efbfd7638790,CVE-2009-2375
187895283,akabe1/windows_exploit_dowser,cve_from_exploitdb_website.csv,499e206b9f8ad9e5db5bc4a533f9efbfd7638790,CVE-2009-2364
187895283,akabe1/windows_exploit_dowser,cve_from_exploitdb_website.csv,499e206b9f8ad9e5db5bc4a533f9efbfd7638790,CVE-2009-2362
187895283,akabe1/windows_exploit_dowser,cve_from_exploitdb_website.csv,499e206b9f8ad9e5db5bc4a533f9efbfd7638790,CVE-2009-2350
187895283,akabe1/windows_exploit_dowser,cve_from_exploitdb_website.csv,499e206b9f8ad9e5db5bc4a533f9efbfd7638790,CVE-2009-2261
187895283,akabe1/windows_exploit_dowser,cve_from_exploitdb_website.csv,499e206b9f8ad9e5db5bc4a533f9efbfd7638790,CVE-2009-2227
187895283,akabe1/windows_exploit_dowser,cve_from_exploitdb_website.csv,499e206b9f8ad9e5db5bc4a533f9efbfd7638790,CVE-2009-2169
187895283,akabe1/windows_exploit_dowser,cve_from_exploitdb_website.csv,499e206b9f8ad9e5db5bc4a533f9efbfd7638790,CVE-2009-1831
187895283,akabe1/windows_exploit_dowser,cve_from_exploitdb_website.csv,499e206b9f8ad9e5db5bc4a533f9efbfd7638790,CVE-2009-1830
187895283,akabe1/windows_exploit_dowser,cve_from_exploitdb_website.csv,499e206b9f8ad9e5db5bc4a533f9efbfd7638790,CVE-2009-2485
187895283,akabe1/windows_exploit_dowser,cve_from_exploitdb_website.csv,499e206b9f8ad9e5db5bc4a533f9efbfd7638790,CVE-2009-1824
187895283,akabe1/windows_exploit_dowser,cve_from_exploitdb_website.csv,499e206b9f8ad9e5db5bc4a533f9efbfd7638790,CVE-2009-1808
187895283,akabe1/windows_exploit_dowser,cve_from_exploitdb_website.csv,499e206b9f8ad9e5db5bc4a533f9efbfd7638790,CVE-2009-1807
187895283,akabe1/windows_exploit_dowser,cve_from_exploitdb_website.csv,499e206b9f8ad9e5db5bc4a533f9efbfd7638790,CVE-2009-1800
187895283,akabe1/windows_exploit_dowser,cve_from_exploitdb_website.csv,499e206b9f8ad9e5db5bc4a533f9efbfd7638790,CVE-2009-1744
187895283,akabe1/windows_exploit_dowser,cve_from_exploitdb_website.csv,499e206b9f8ad9e5db5bc4a533f9efbfd7638790,CVE-2009-1743
187895283,akabe1/windows_exploit_dowser,cve_from_exploitdb_website.csv,499e206b9f8ad9e5db5bc4a533f9efbfd7638790,CVE-2009-1675
187895283,akabe1/windows_exploit_dowser,cve_from_exploitdb_website.csv,499e206b9f8ad9e5db5bc4a533f9efbfd7638790,CVE-2009-1667
187895283,akabe1/windows_exploit_dowser,cve_from_exploitdb_website.csv,499e206b9f8ad9e5db5bc4a533f9efbfd7638790,CVE-2009-1646
187895283,akabe1/windows_exploit_dowser,cve_from_exploitdb_website.csv,499e206b9f8ad9e5db5bc4a533f9efbfd7638790,CVE-2009-1645
187895283,akabe1/windows_exploit_dowser,cve_from_exploitdb_website.csv,499e206b9f8ad9e5db5bc4a533f9efbfd7638790,CVE-2009-1644
187895283,akabe1/windows_exploit_dowser,cve_from_exploitdb_website.csv,499e206b9f8ad9e5db5bc4a533f9efbfd7638790,CVE-2009-1643
187895283,akabe1/windows_exploit_dowser,cve_from_exploitdb_website.csv,499e206b9f8ad9e5db5bc4a533f9efbfd7638790,CVE-2009-1642
187895283,akabe1/windows_exploit_dowser,cve_from_exploitdb_website.csv,499e206b9f8ad9e5db5bc4a533f9efbfd7638790,CVE-2009-1641
187895283,akabe1/windows_exploit_dowser,cve_from_exploitdb_website.csv,499e206b9f8ad9e5db5bc4a533f9efbfd7638790,CVE-2009-1815
187895283,akabe1/windows_exploit_dowser,cve_from_exploitdb_website.csv,499e206b9f8ad9e5db5bc4a533f9efbfd7638790,CVE-2010-0239
187895283,akabe1/windows_exploit_dowser,cve_from_exploitdb_website.csv,499e206b9f8ad9e5db5bc4a533f9efbfd7638790,CVE-2009-2511
187895283,akabe1/windows_exploit_dowser,cve_from_exploitdb_website.csv,499e206b9f8ad9e5db5bc4a533f9efbfd7638790,CVE-2015-0313
187895283,akabe1/windows_exploit_dowser,cve_from_exploitdb_website.csv,499e206b9f8ad9e5db5bc4a533f9efbfd7638790,CVE-2009-3576
187895283,akabe1/windows_exploit_dowser,cve_from_exploitdb_website.csv,499e206b9f8ad9e5db5bc4a533f9efbfd7638790,CVE-2009-3573
187895283,akabe1/windows_exploit_dowser,cve_from_exploitdb_website.csv,499e206b9f8ad9e5db5bc4a533f9efbfd7638790,CVE-2009-3544
187895283,akabe1/windows_exploit_dowser,cve_from_exploitdb_website.csv,499e206b9f8ad9e5db5bc4a533f9efbfd7638790,CVE-2009-3518
187895283,akabe1/windows_exploit_dowser,cve_from_exploitdb_website.csv,499e206b9f8ad9e5db5bc4a533f9efbfd7638790,CVE-2009-3489
187895283,akabe1/windows_exploit_dowser,cve_from_exploitdb_website.csv,499e206b9f8ad9e5db5bc4a533f9efbfd7638790,CVE-2009-3429
187895283,akabe1/windows_exploit_dowser,cve_from_exploitdb_website.csv,499e206b9f8ad9e5db5bc4a533f9efbfd7638790,CVE-2009-3428
187895283,akabe1/windows_exploit_dowser,cve_from_exploitdb_website.csv,499e206b9f8ad9e5db5bc4a533f9efbfd7638790,CVE-2009-3364
187895283,akabe1/windows_exploit_dowser,cve_from_exploitdb_website.csv,499e206b9f8ad9e5db5bc4a533f9efbfd7638790,CVE-2009-3338
187895283,akabe1/windows_exploit_dowser,cve_from_exploitdb_website.csv,499e206b9f8ad9e5db5bc4a533f9efbfd7638790,CVE-2009-3254
187895283,akabe1/windows_exploit_dowser,cve_from_exploitdb_website.csv,499e206b9f8ad9e5db5bc4a533f9efbfd7638790,CVE-2009-3221
187895283,akabe1/windows_exploit_dowser,cve_from_exploitdb_website.csv,499e206b9f8ad9e5db5bc4a533f9efbfd7638790,CVE-2009-3214
187895283,akabe1/windows_exploit_dowser,cve_from_exploitdb_website.csv,499e206b9f8ad9e5db5bc4a533f9efbfd7638790,CVE-2009-3170
187895283,akabe1/windows_exploit_dowser,cve_from_exploitdb_website.csv,499e206b9f8ad9e5db5bc4a533f9efbfd7638790,CVE-2015-1577
187895283,akabe1/windows_exploit_dowser,cve_from_exploitdb_website.csv,499e206b9f8ad9e5db5bc4a533f9efbfd7638790,CVE-2015-6132
187895283,akabe1/windows_exploit_dowser,cve_from_exploitdb_website.csv,499e206b9f8ad9e5db5bc4a533f9efbfd7638790,CVE-2009-3058
187895283,akabe1/windows_exploit_dowser,cve_from_exploitdb_website.csv,499e206b9f8ad9e5db5bc4a533f9efbfd7638790,CVE-2009-3023
187895283,akabe1/windows_exploit_dowser,cve_from_exploitdb_website.csv,499e206b9f8ad9e5db5bc4a533f9efbfd7638790,CVE-2009-2934
187895283,akabe1/windows_exploit_dowser,cve_from_exploitdb_website.csv,499e206b9f8ad9e5db5bc4a533f9efbfd7638790,CVE-2009-2653
187895283,akabe1/windows_exploit_dowser,cve_from_exploitdb_website.csv,499e206b9f8ad9e5db5bc4a533f9efbfd7638790,CVE-2009-2650
187895283,akabe1/windows_exploit_dowser,cve_from_exploitdb_website.csv,499e206b9f8ad9e5db5bc4a533f9efbfd7638790,CVE-2009-2570
187895283,akabe1/windows_exploit_dowser,cve_from_exploitdb_website.csv,499e206b9f8ad9e5db5bc4a533f9efbfd7638790,CVE-2009-2568
187895283,akabe1/windows_exploit_dowser,cve_from_exploitdb_website.csv,499e206b9f8ad9e5db5bc4a533f9efbfd7638790,CVE-2009-2566
187895283,akabe1/windows_exploit_dowser,cve_from_exploitdb_website.csv,499e206b9f8ad9e5db5bc4a533f9efbfd7638790,CVE-2009-2564
187895283,akabe1/windows_exploit_dowser,cve_from_exploitdb_website.csv,499e206b9f8ad9e5db5bc4a533f9efbfd7638790,CVE-2009-2550
187895283,akabe1/windows_exploit_dowser,cve_from_exploitdb_website.csv,499e206b9f8ad9e5db5bc4a533f9efbfd7638790,CVE-2009-2544
187895283,akabe1/windows_exploit_dowser,cve_from_exploitdb_website.csv,499e206b9f8ad9e5db5bc4a533f9efbfd7638790,CVE-2015-0096
187895283,akabe1/windows_exploit_dowser,cve_from_exploitdb_website.csv,499e206b9f8ad9e5db5bc4a533f9efbfd7638790,CVE-2009-2526
187895283,akabe1/windows_exploit_dowser,cve_from_exploitdb_website.csv,499e206b9f8ad9e5db5bc4a533f9efbfd7638790,CVE-2015-6128
187895283,akabe1/windows_exploit_dowser,cve_from_exploitdb_website.csv,499e206b9f8ad9e5db5bc4a533f9efbfd7638790,CVE-2010-4398
187895283,akabe1/windows_exploit_dowser,cve_from_exploitdb_website.csv,499e206b9f8ad9e5db5bc4a533f9efbfd7638790,CVE-2015-7358
187895283,akabe1/windows_exploit_dowser,cve_from_exploitdb_website.csv,499e206b9f8ad9e5db5bc4a533f9efbfd7638790,CVE-2015-7601
187895283,akabe1/windows_exploit_dowser,cve_from_exploitdb_website.csv,499e206b9f8ad9e5db5bc4a533f9efbfd7638790,CVE-2010-3147
187895283,akabe1/windows_exploit_dowser,cve_from_exploitdb_website.csv,499e206b9f8ad9e5db5bc4a533f9efbfd7638790,CVE-2010-3146
187895283,akabe1/windows_exploit_dowser,cve_from_exploitdb_website.csv,499e206b9f8ad9e5db5bc4a533f9efbfd7638790,CVE-2010-3145
187895283,akabe1/windows_exploit_dowser,cve_from_exploitdb_website.csv,499e206b9f8ad9e5db5bc4a533f9efbfd7638790,CVE-2010-3144
187895283,akabe1/windows_exploit_dowser,cve_from_exploitdb_website.csv,499e206b9f8ad9e5db5bc4a533f9efbfd7638790,CVE-2010-3143
187895283,akabe1/windows_exploit_dowser,cve_from_exploitdb_website.csv,499e206b9f8ad9e5db5bc4a533f9efbfd7638790,CVE-2010-3141
187895283,akabe1/windows_exploit_dowser,cve_from_exploitdb_website.csv,499e206b9f8ad9e5db5bc4a533f9efbfd7638790,CVE-2010-3140
187895283,akabe1/windows_exploit_dowser,cve_from_exploitdb_website.csv,499e206b9f8ad9e5db5bc4a533f9efbfd7638790,CVE-2010-3139
187895283,akabe1/windows_exploit_dowser,cve_from_exploitdb_website.csv,499e206b9f8ad9e5db5bc4a533f9efbfd7638790,CVE-2010-3138
187895283,akabe1/windows_exploit_dowser,cve_from_exploitdb_website.csv,499e206b9f8ad9e5db5bc4a533f9efbfd7638790,CVE-2010-3137
187895283,akabe1/windows_exploit_dowser,cve_from_exploitdb_website.csv,499e206b9f8ad9e5db5bc4a533f9efbfd7638790,CVE-2010-3136
187895283,akabe1/windows_exploit_dowser,cve_from_exploitdb_website.csv,499e206b9f8ad9e5db5bc4a533f9efbfd7638790,CVE-2010-3135
187895283,akabe1/windows_exploit_dowser,cve_from_exploitdb_website.csv,499e206b9f8ad9e5db5bc4a533f9efbfd7638790,CVE-2010-3134
187895283,akabe1/windows_exploit_dowser,cve_from_exploitdb_website.csv,499e206b9f8ad9e5db5bc4a533f9efbfd7638790,CVE-2010-3133
187895283,akabe1/windows_exploit_dowser,cve_from_exploitdb_website.csv,499e206b9f8ad9e5db5bc4a533f9efbfd7638790,CVE-2010-3132
187895283,akabe1/windows_exploit_dowser,cve_from_exploitdb_website.csv,499e206b9f8ad9e5db5bc4a533f9efbfd7638790,CVE-2010-3131
187895283,akabe1/windows_exploit_dowser,cve_from_exploitdb_website.csv,499e206b9f8ad9e5db5bc4a533f9efbfd7638790,CVE-2010-3130
187895283,akabe1/windows_exploit_dowser,cve_from_exploitdb_website.csv,499e206b9f8ad9e5db5bc4a533f9efbfd7638790,CVE-2010-3129
187895283,akabe1/windows_exploit_dowser,cve_from_exploitdb_website.csv,499e206b9f8ad9e5db5bc4a533f9efbfd7638790,CVE-2010-3128
187895283,akabe1/windows_exploit_dowser,cve_from_exploitdb_website.csv,499e206b9f8ad9e5db5bc4a533f9efbfd7638790,CVE-2010-3127
187895283,akabe1/windows_exploit_dowser,cve_from_exploitdb_website.csv,499e206b9f8ad9e5db5bc4a533f9efbfd7638790,CVE-2010-3126
187895283,akabe1/windows_exploit_dowser,cve_from_exploitdb_website.csv,499e206b9f8ad9e5db5bc4a533f9efbfd7638790,CVE-2010-3125
187895283,akabe1/windows_exploit_dowser,cve_from_exploitdb_website.csv,499e206b9f8ad9e5db5bc4a533f9efbfd7638790,CVE-2010-3124
187895283,akabe1/windows_exploit_dowser,cve_from_exploitdb_website.csv,499e206b9f8ad9e5db5bc4a533f9efbfd7638790,CVE-2010-2932
187895283,akabe1/windows_exploit_dowser,cve_from_exploitdb_website.csv,499e206b9f8ad9e5db5bc4a533f9efbfd7638790,CVE-2010-2931
187895283,akabe1/windows_exploit_dowser,cve_from_exploitdb_website.csv,499e206b9f8ad9e5db5bc4a533f9efbfd7638790,CVE-2010-2746
187895283,akabe1/windows_exploit_dowser,cve_from_exploitdb_website.csv,499e206b9f8ad9e5db5bc4a533f9efbfd7638790,CVE-2010-2739
187895283,akabe1/windows_exploit_dowser,cve_from_exploitdb_website.csv,499e206b9f8ad9e5db5bc4a533f9efbfd7638790,CVE-2010-3148
187895283,akabe1/windows_exploit_dowser,cve_from_exploitdb_website.csv,499e206b9f8ad9e5db5bc4a533f9efbfd7638790,CVE-2010-3149
187895283,akabe1/windows_exploit_dowser,cve_from_exploitdb_website.csv,499e206b9f8ad9e5db5bc4a533f9efbfd7638790,CVE-2010-3150
187895283,akabe1/windows_exploit_dowser,cve_from_exploitdb_website.csv,499e206b9f8ad9e5db5bc4a533f9efbfd7638790,CVE-2010-3151
187895283,akabe1/windows_exploit_dowser,cve_from_exploitdb_website.csv,499e206b9f8ad9e5db5bc4a533f9efbfd7638790,CVE-2010-4321
187895283,akabe1/windows_exploit_dowser,cve_from_exploitdb_website.csv,499e206b9f8ad9e5db5bc4a533f9efbfd7638790,CVE-2010-4181
187895283,akabe1/windows_exploit_dowser,cve_from_exploitdb_website.csv,499e206b9f8ad9e5db5bc4a533f9efbfd7638790,CVE-2010-4142
187895283,akabe1/windows_exploit_dowser,cve_from_exploitdb_website.csv,499e206b9f8ad9e5db5bc4a533f9efbfd7638790,CVE-2010-3973
187895283,akabe1/windows_exploit_dowser,cve_from_exploitdb_website.csv,499e206b9f8ad9e5db5bc4a533f9efbfd7638790,CVE-2010-3971
187895283,akabe1/windows_exploit_dowser,cve_from_exploitdb_website.csv,499e206b9f8ad9e5db5bc4a533f9efbfd7638790,CVE-2010-3967
187895283,akabe1/windows_exploit_dowser,cve_from_exploitdb_website.csv,499e206b9f8ad9e5db5bc4a533f9efbfd7638790,CVE-2016-10031
187895283,akabe1/windows_exploit_dowser,cve_from_exploitdb_website.csv,499e206b9f8ad9e5db5bc4a533f9efbfd7638790,CVE-2010-3888
187895283,akabe1/windows_exploit_dowser,cve_from_exploitdb_website.csv,499e206b9f8ad9e5db5bc4a533f9efbfd7638790,CVE-2010-3804
187895283,akabe1/windows_exploit_dowser,cve_from_exploitdb_website.csv,499e206b9f8ad9e5db5bc4a533f9efbfd7638790,CVE-2010-3765
187895283,akabe1/windows_exploit_dowser,cve_from_exploitdb_website.csv,499e206b9f8ad9e5db5bc4a533f9efbfd7638790,CVE-2010-3749
187895283,akabe1/windows_exploit_dowser,cve_from_exploitdb_website.csv,499e206b9f8ad9e5db5bc4a533f9efbfd7638790,CVE-2010-3573
187895283,akabe1/windows_exploit_dowser,cve_from_exploitdb_website.csv,499e206b9f8ad9e5db5bc4a533f9efbfd7638790,CVE-2010-3552
187895283,akabe1/windows_exploit_dowser,cve_from_exploitdb_website.csv,499e206b9f8ad9e5db5bc4a533f9efbfd7638790,CVE-2010-2731
187895283,akabe1/windows_exploit_dowser,cve_from_exploitdb_website.csv,499e206b9f8ad9e5db5bc4a533f9efbfd7638790,CVE-2010-3486
187895283,akabe1/windows_exploit_dowser,cve_from_exploitdb_website.csv,499e206b9f8ad9e5db5bc4a533f9efbfd7638790,CVE-2010-3338
187895283,akabe1/windows_exploit_dowser,cve_from_exploitdb_website.csv,499e206b9f8ad9e5db5bc4a533f9efbfd7638790,CVE-2010-3333
187895283,akabe1/windows_exploit_dowser,cve_from_exploitdb_website.csv,499e206b9f8ad9e5db5bc4a533f9efbfd7638790,CVE-2010-3332
187895283,akabe1/windows_exploit_dowser,cve_from_exploitdb_website.csv,499e206b9f8ad9e5db5bc4a533f9efbfd7638790,CVE-2014-3222
187895283,akabe1/windows_exploit_dowser,cve_from_exploitdb_website.csv,499e206b9f8ad9e5db5bc4a533f9efbfd7638790,CVE-2014-3434
187895283,akabe1/windows_exploit_dowser,cve_from_exploitdb_website.csv,499e206b9f8ad9e5db5bc4a533f9efbfd7638790,CVE-2014-3740
187895283,akabe1/windows_exploit_dowser,cve_from_exploitdb_website.csv,499e206b9f8ad9e5db5bc4a533f9efbfd7638790,CVE-2014-3791
187895283,akabe1/windows_exploit_dowser,cve_from_exploitdb_website.csv,499e206b9f8ad9e5db5bc4a533f9efbfd7638790,CVE-2010-3324
187895283,akabe1/windows_exploit_dowser,cve_from_exploitdb_website.csv,499e206b9f8ad9e5db5bc4a533f9efbfd7638790,CVE-2010-3213
187895283,akabe1/windows_exploit_dowser,cve_from_exploitdb_website.csv,499e206b9f8ad9e5db5bc4a533f9efbfd7638790,CVE-2010-3155
187895283,akabe1/windows_exploit_dowser,cve_from_exploitdb_website.csv,499e206b9f8ad9e5db5bc4a533f9efbfd7638790,CVE-2010-3154
187895283,akabe1/windows_exploit_dowser,cve_from_exploitdb_website.csv,499e206b9f8ad9e5db5bc4a533f9efbfd7638790,CVE-2010-3153
187895283,akabe1/windows_exploit_dowser,cve_from_exploitdb_website.csv,499e206b9f8ad9e5db5bc4a533f9efbfd7638790,CVE-2010-3152
187895283,akabe1/windows_exploit_dowser,cve_from_exploitdb_website.csv,499e206b9f8ad9e5db5bc4a533f9efbfd7638790,CVE-2010-3460
187895283,akabe1/windows_exploit_dowser,cve_from_exploitdb_website.csv,499e206b9f8ad9e5db5bc4a533f9efbfd7638790,CVE-2010-2701
187895283,akabe1/windows_exploit_dowser,cve_from_exploitdb_website.csv,499e206b9f8ad9e5db5bc4a533f9efbfd7638790,CVE-2010-2627
187895283,akabe1/windows_exploit_dowser,cve_from_exploitdb_website.csv,499e206b9f8ad9e5db5bc4a533f9efbfd7638790,CVE-2010-2620
187895283,akabe1/windows_exploit_dowser,cve_from_exploitdb_website.csv,499e206b9f8ad9e5db5bc4a533f9efbfd7638790,CVE-2010-1239
187895283,akabe1/windows_exploit_dowser,cve_from_exploitdb_website.csv,499e206b9f8ad9e5db5bc4a533f9efbfd7638790,CVE-2010-1175
187895283,akabe1/windows_exploit_dowser,cve_from_exploitdb_website.csv,499e206b9f8ad9e5db5bc4a533f9efbfd7638790,CVE-2010-1044
187895283,akabe1/windows_exploit_dowser,cve_from_exploitdb_website.csv,499e206b9f8ad9e5db5bc4a533f9efbfd7638790,CVE-2010-0886
187895283,akabe1/windows_exploit_dowser,cve_from_exploitdb_website.csv,499e206b9f8ad9e5db5bc4a533f9efbfd7638790,CVE-2010-0817
187895283,akabe1/windows_exploit_dowser,cve_from_exploitdb_website.csv,499e206b9f8ad9e5db5bc4a533f9efbfd7638790,CVE-2014-6363
187895283,akabe1/windows_exploit_dowser,cve_from_exploitdb_website.csv,499e206b9f8ad9e5db5bc4a533f9efbfd7638790,CVE-2010-0700
187895283,akabe1/windows_exploit_dowser,cve_from_exploitdb_website.csv,499e206b9f8ad9e5db5bc4a533f9efbfd7638790,CVE-2010-0688
187895283,akabe1/windows_exploit_dowser,cve_from_exploitdb_website.csv,499e206b9f8ad9e5db5bc4a533f9efbfd7638790,CVE-2010-0679
187895283,akabe1/windows_exploit_dowser,cve_from_exploitdb_website.csv,499e206b9f8ad9e5db5bc4a533f9efbfd7638790,CVE-2010-0665
187895283,akabe1/windows_exploit_dowser,cve_from_exploitdb_website.csv,499e206b9f8ad9e5db5bc4a533f9efbfd7638790,CVE-2014-7288
187895283,akabe1/windows_exploit_dowser,cve_from_exploitdb_website.csv,499e206b9f8ad9e5db5bc4a533f9efbfd7638790,CVE-2014-8347
187895283,akabe1/windows_exploit_dowser,cve_from_exploitdb_website.csv,499e206b9f8ad9e5db5bc4a533f9efbfd7638790,CVE-2014-8358
187895283,akabe1/windows_exploit_dowser,cve_from_exploitdb_website.csv,499e206b9f8ad9e5db5bc4a533f9efbfd7638790,CVE-2016-0073
187895283,akabe1/windows_exploit_dowser,cve_from_exploitdb_website.csv,499e206b9f8ad9e5db5bc4a533f9efbfd7638790,CVE-2014-9436
187895283,akabe1/windows_exploit_dowser,cve_from_exploitdb_website.csv,499e206b9f8ad9e5db5bc4a533f9efbfd7638790,CVE-2010-0483
187895283,akabe1/windows_exploit_dowser,cve_from_exploitdb_website.csv,499e206b9f8ad9e5db5bc4a533f9efbfd7638790,CVE-2015-0002
187895283,akabe1/windows_exploit_dowser,cve_from_exploitdb_website.csv,499e206b9f8ad9e5db5bc4a533f9efbfd7638790,CVE-2015-0004
187895283,akabe1/windows_exploit_dowser,cve_from_exploitdb_website.csv,499e206b9f8ad9e5db5bc4a533f9efbfd7638790,CVE-2010-0459
187895283,akabe1/windows_exploit_dowser,cve_from_exploitdb_website.csv,499e206b9f8ad9e5db5bc4a533f9efbfd7638790,CVE-2010-0364
187895283,akabe1/windows_exploit_dowser,cve_from_exploitdb_website.csv,499e206b9f8ad9e5db5bc4a533f9efbfd7638790,CVE-2010-0356
187895283,akabe1/windows_exploit_dowser,cve_from_exploitdb_website.csv,499e206b9f8ad9e5db5bc4a533f9efbfd7638790,CVE-2010-0314
187895283,akabe1/windows_exploit_dowser,cve_from_exploitdb_website.csv,499e206b9f8ad9e5db5bc4a533f9efbfd7638790,CVE-2015-7985
187895283,akabe1/windows_exploit_dowser,cve_from_exploitdb_website.csv,499e206b9f8ad9e5db5bc4a533f9efbfd7638790,CVE-2015-7865
187895283,akabe1/windows_exploit_dowser,cve_from_exploitdb_website.csv,499e206b9f8ad9e5db5bc4a533f9efbfd7638790,CVE-2015-7768
187895283,akabe1/windows_exploit_dowser,cve_from_exploitdb_website.csv,499e206b9f8ad9e5db5bc4a533f9efbfd7638790,CVE-2015-7767
187895283,akabe1/windows_exploit_dowser,cve_from_exploitdb_website.csv,499e206b9f8ad9e5db5bc4a533f9efbfd7638790,CVE-2015-7603
187895283,akabe1/windows_exploit_dowser,cve_from_exploitdb_website.csv,499e206b9f8ad9e5db5bc4a533f9efbfd7638790,CVE-2015-7602
187895283,akabe1/windows_exploit_dowser,cve_from_exploitdb_website.csv,499e206b9f8ad9e5db5bc4a533f9efbfd7638790,CVE-2014-9448
187895283,akabe1/windows_exploit_dowser,cve_from_exploitdb_website.csv,499e206b9f8ad9e5db5bc4a533f9efbfd7638790,CVE-2015-7387
187895283,akabe1/windows_exploit_dowser,cve_from_exploitdb_website.csv,499e206b9f8ad9e5db5bc4a533f9efbfd7638790,CVE-2014-6332
187895283,akabe1/windows_exploit_dowser,cve_from_exploitdb_website.csv,499e206b9f8ad9e5db5bc4a533f9efbfd7638790,CVE-2010-1591
187895283,akabe1/windows_exploit_dowser,cve_from_exploitdb_website.csv,499e206b9f8ad9e5db5bc4a533f9efbfd7638790,CVE-2010-2590
187895283,akabe1/windows_exploit_dowser,cve_from_exploitdb_website.csv,499e206b9f8ad9e5db5bc4a533f9efbfd7638790,CVE-2010-2568
187895283,akabe1/windows_exploit_dowser,cve_from_exploitdb_website.csv,499e206b9f8ad9e5db5bc4a533f9efbfd7638790,CVE-2010-2439
187895283,akabe1/windows_exploit_dowser,cve_from_exploitdb_website.csv,499e206b9f8ad9e5db5bc4a533f9efbfd7638790,CVE-2010-2348
187895283,akabe1/windows_exploit_dowser,cve_from_exploitdb_website.csv,499e206b9f8ad9e5db5bc4a533f9efbfd7638790,CVE-2010-2343
187895283,akabe1/windows_exploit_dowser,cve_from_exploitdb_website.csv,499e206b9f8ad9e5db5bc4a533f9efbfd7638790,CVE-2010-2331
187895283,akabe1/windows_exploit_dowser,cve_from_exploitdb_website.csv,499e206b9f8ad9e5db5bc4a533f9efbfd7638790,CVE-2010-2329
187895283,akabe1/windows_exploit_dowser,cve_from_exploitdb_website.csv,499e206b9f8ad9e5db5bc4a533f9efbfd7638790,CVE-2010-2311
187895283,akabe1/windows_exploit_dowser,cve_from_exploitdb_website.csv,499e206b9f8ad9e5db5bc4a533f9efbfd7638790,CVE-2010-2305
187895283,akabe1/windows_exploit_dowser,cve_from_exploitdb_website.csv,499e206b9f8ad9e5db5bc4a533f9efbfd7638790,CVE-2010-2265
187895283,akabe1/windows_exploit_dowser,cve_from_exploitdb_website.csv,499e206b9f8ad9e5db5bc4a533f9efbfd7638790,CVE-2010-2263
187895283,akabe1/windows_exploit_dowser,cve_from_exploitdb_website.csv,499e206b9f8ad9e5db5bc4a533f9efbfd7638790,CVE-2010-2091
187895283,akabe1/windows_exploit_dowser,cve_from_exploitdb_website.csv,499e206b9f8ad9e5db5bc4a533f9efbfd7638790,CVE-2010-2031
187895283,akabe1/windows_exploit_dowser,cve_from_exploitdb_website.csv,499e206b9f8ad9e5db5bc4a533f9efbfd7638790,CVE-2010-1465
187895283,akabe1/windows_exploit_dowser,cve_from_exploitdb_website.csv,499e206b9f8ad9e5db5bc4a533f9efbfd7638790,CVE-2010-2004
187895283,akabe1/windows_exploit_dowser,cve_from_exploitdb_website.csv,499e206b9f8ad9e5db5bc4a533f9efbfd7638790,CVE-2010-1932
187895283,akabe1/windows_exploit_dowser,cve_from_exploitdb_website.csv,499e206b9f8ad9e5db5bc4a533f9efbfd7638790,CVE-2016-0099
187895283,akabe1/windows_exploit_dowser,cve_from_exploitdb_website.csv,499e206b9f8ad9e5db5bc4a533f9efbfd7638790,CVE-2014-4158
187895283,akabe1/windows_exploit_dowser,cve_from_exploitdb_website.csv,499e206b9f8ad9e5db5bc4a533f9efbfd7638790,CVE-2014-5453
187895283,akabe1/windows_exploit_dowser,cve_from_exploitdb_website.csv,499e206b9f8ad9e5db5bc4a533f9efbfd7638790,CVE-2014-5455
187895283,akabe1/windows_exploit_dowser,cve_from_exploitdb_website.csv,499e206b9f8ad9e5db5bc4a533f9efbfd7638790,CVE-2014-6324
187895283,akabe1/windows_exploit_dowser,cve_from_exploitdb_website.csv,499e206b9f8ad9e5db5bc4a533f9efbfd7638790,CVE-2010-1885
187895283,akabe1/windows_exploit_dowser,cve_from_exploitdb_website.csv,499e206b9f8ad9e5db5bc4a533f9efbfd7638790,CVE-2016-0079
187895283,akabe1/windows_exploit_dowser,cve_from_exploitdb_website.csv,499e206b9f8ad9e5db5bc4a533f9efbfd7638790,CVE-2016-0075
187895283,akabe1/windows_exploit_dowser,cve_from_exploitdb_website.csv,499e206b9f8ad9e5db5bc4a533f9efbfd7638790,CVE-2010-1688
187895283,akabe1/windows_exploit_dowser,cve_from_exploitdb_website.csv,499e206b9f8ad9e5db5bc4a533f9efbfd7638790,CVE-2010-1686
187895283,akabe1/windows_exploit_dowser,cve_from_exploitdb_website.csv,499e206b9f8ad9e5db5bc4a533f9efbfd7638790,CVE-2010-1685
187895283,akabe1/windows_exploit_dowser,cve_from_exploitdb_website.csv,499e206b9f8ad9e5db5bc4a533f9efbfd7638790,CVE-2010-1597
187895283,akabe1/windows_exploit_dowser,cve_from_exploitdb_website.csv,499e206b9f8ad9e5db5bc4a533f9efbfd7638790,CVE-2010-1939
187895283,akabe1/windows_exploit_dowser,cve_from_exploitdb_website.csv,499e206b9f8ad9e5db5bc4a533f9efbfd7638790,CVE-2007-2761
187895283,akabe1/windows_exploit_dowser,cve_from_exploitdb_website.csv,499e206b9f8ad9e5db5bc4a533f9efbfd7638790,CVE-2008-4699
187895283,akabe1/windows_exploit_dowser,cve_from_exploitdb_website.csv,499e206b9f8ad9e5db5bc4a533f9efbfd7638790,CVE-2007-2747
187895283,akabe1/windows_exploit_dowser,cve_from_exploitdb_website.csv,499e206b9f8ad9e5db5bc4a533f9efbfd7638790,CVE-2002-1688
187895283,akabe1/windows_exploit_dowser,cve_from_exploitdb_website.csv,499e206b9f8ad9e5db5bc4a533f9efbfd7638790,CVE-2002-1685
187895283,akabe1/windows_exploit_dowser,cve_from_exploitdb_website.csv,499e206b9f8ad9e5db5bc4a533f9efbfd7638790,CVE-2002-1683
187895283,akabe1/windows_exploit_dowser,cve_from_exploitdb_website.csv,499e206b9f8ad9e5db5bc4a533f9efbfd7638790,CVE-2002-1643
187895283,akabe1/windows_exploit_dowser,cve_from_exploitdb_website.csv,499e206b9f8ad9e5db5bc4a533f9efbfd7638790,CVE-2002-1603
187895283,akabe1/windows_exploit_dowser,cve_from_exploitdb_website.csv,499e206b9f8ad9e5db5bc4a533f9efbfd7638790,CVE-2002-1549
187895283,akabe1/windows_exploit_dowser,cve_from_exploitdb_website.csv,499e206b9f8ad9e5db5bc4a533f9efbfd7638790,CVE-2002-1486
187895283,akabe1/windows_exploit_dowser,cve_from_exploitdb_website.csv,499e206b9f8ad9e5db5bc4a533f9efbfd7638790,CVE-2002-1456
187895283,akabe1/windows_exploit_dowser,cve_from_exploitdb_website.csv,499e206b9f8ad9e5db5bc4a533f9efbfd7638790,CVE-2002-1455
187895283,akabe1/windows_exploit_dowser,cve_from_exploitdb_website.csv,499e206b9f8ad9e5db5bc4a533f9efbfd7638790,CVE-2002-1453
187895283,akabe1/windows_exploit_dowser,cve_from_exploitdb_website.csv,499e206b9f8ad9e5db5bc4a533f9efbfd7638790,CVE-2002-1452
187895283,akabe1/windows_exploit_dowser,cve_from_exploitdb_website.csv,499e206b9f8ad9e5db5bc4a533f9efbfd7638790,CVE-2002-1349
187895283,akabe1/windows_exploit_dowser,cve_from_exploitdb_website.csv,499e206b9f8ad9e5db5bc4a533f9efbfd7638790,CVE-2002-1254
187895283,akabe1/windows_exploit_dowser,cve_from_exploitdb_website.csv,499e206b9f8ad9e5db5bc4a533f9efbfd7638790,CVE-2002-1238
187895283,akabe1/windows_exploit_dowser,cve_from_exploitdb_website.csv,499e206b9f8ad9e5db5bc4a533f9efbfd7638790,CVE-2002-1740
187895283,akabe1/windows_exploit_dowser,cve_from_exploitdb_website.csv,499e206b9f8ad9e5db5bc4a533f9efbfd7638790,CVE-2002-1230
187895283,akabe1/windows_exploit_dowser,cve_from_exploitdb_website.csv,499e206b9f8ad9e5db5bc4a533f9efbfd7638790,CVE-2007-2755
187895283,akabe1/windows_exploit_dowser,cve_from_exploitdb_website.csv,499e206b9f8ad9e5db5bc4a533f9efbfd7638790,CVE-2002-1209
187895283,akabe1/windows_exploit_dowser,cve_from_exploitdb_website.csv,499e206b9f8ad9e5db5bc4a533f9efbfd7638790,CVE-2002-1187
187895283,akabe1/windows_exploit_dowser,cve_from_exploitdb_website.csv,499e206b9f8ad9e5db5bc4a533f9efbfd7638790,CVE-2002-1183
187895283,akabe1/windows_exploit_dowser,cve_from_exploitdb_website.csv,499e206b9f8ad9e5db5bc4a533f9efbfd7638790,CVE-2002-1179
187895283,akabe1/windows_exploit_dowser,cve_from_exploitdb_website.csv,499e206b9f8ad9e5db5bc4a533f9efbfd7638790,CVE-2002-1143
187895283,akabe1/windows_exploit_dowser,cve_from_exploitdb_website.csv,499e206b9f8ad9e5db5bc4a533f9efbfd7638790,CVE-2002-1120
187895283,akabe1/windows_exploit_dowser,cve_from_exploitdb_website.csv,499e206b9f8ad9e5db5bc4a533f9efbfd7638790,CVE-2002-1079
187895283,akabe1/windows_exploit_dowser,cve_from_exploitdb_website.csv,499e206b9f8ad9e5db5bc4a533f9efbfd7638790,CVE-2002-1076
187895283,akabe1/windows_exploit_dowser,cve_from_exploitdb_website.csv,499e206b9f8ad9e5db5bc4a533f9efbfd7638790,CVE-2002-1075
187895283,akabe1/windows_exploit_dowser,cve_from_exploitdb_website.csv,499e206b9f8ad9e5db5bc4a533f9efbfd7638790,CVE-2002-1073
187895283,akabe1/windows_exploit_dowser,cve_from_exploitdb_website.csv,499e206b9f8ad9e5db5bc4a533f9efbfd7638790,CVE-2002-1059
187895283,akabe1/windows_exploit_dowser,cve_from_exploitdb_website.csv,499e206b9f8ad9e5db5bc4a533f9efbfd7638790,CVE-2002-1057
187895283,akabe1/windows_exploit_dowser,cve_from_exploitdb_website.csv,499e206b9f8ad9e5db5bc4a533f9efbfd7638790,CVE-2002-1031
187895283,akabe1/windows_exploit_dowser,cve_from_exploitdb_website.csv,499e206b9f8ad9e5db5bc4a533f9efbfd7638790,CVE-2002-1217
187895283,akabe1/windows_exploit_dowser,cve_from_exploitdb_website.csv,499e206b9f8ad9e5db5bc4a533f9efbfd7638790,CVE-2002-1741
187895283,akabe1/windows_exploit_dowser,cve_from_exploitdb_website.csv,499e206b9f8ad9e5db5bc4a533f9efbfd7638790,CVE-2002-1744
187895283,akabe1/windows_exploit_dowser,cve_from_exploitdb_website.csv,499e206b9f8ad9e5db5bc4a533f9efbfd7638790,CVE-2002-1790
187895283,akabe1/windows_exploit_dowser,cve_from_exploitdb_website.csv,499e206b9f8ad9e5db5bc4a533f9efbfd7638790,CVE-2003-0109
187895283,akabe1/windows_exploit_dowser,cve_from_exploitdb_website.csv,499e206b9f8ad9e5db5bc4a533f9efbfd7638790,CVE-2003-0009
187895283,akabe1/windows_exploit_dowser,cve_from_exploitdb_website.csv,499e206b9f8ad9e5db5bc4a533f9efbfd7638790,CVE-2003-0004
187895283,akabe1/windows_exploit_dowser,cve_from_exploitdb_website.csv,499e206b9f8ad9e5db5bc4a533f9efbfd7638790,CVE-2003-0003
187895283,akabe1/windows_exploit_dowser,cve_from_exploitdb_website.csv,499e206b9f8ad9e5db5bc4a533f9efbfd7638790,CVE-2002-2417
187895283,akabe1/windows_exploit_dowser,cve_from_exploitdb_website.csv,499e206b9f8ad9e5db5bc4a533f9efbfd7638790,CVE-2002-2403
187895283,akabe1/windows_exploit_dowser,cve_from_exploitdb_website.csv,499e206b9f8ad9e5db5bc4a533f9efbfd7638790,CVE-2002-2358
187895283,akabe1/windows_exploit_dowser,cve_from_exploitdb_website.csv,499e206b9f8ad9e5db5bc4a533f9efbfd7638790,CVE-2002-2357
187895283,akabe1/windows_exploit_dowser,cve_from_exploitdb_website.csv,499e206b9f8ad9e5db5bc4a533f9efbfd7638790,CVE-2002-2353
187895283,akabe1/windows_exploit_dowser,cve_from_exploitdb_website.csv,499e206b9f8ad9e5db5bc4a533f9efbfd7638790,CVE-2002-2351
187895283,akabe1/windows_exploit_dowser,cve_from_exploitdb_website.csv,499e206b9f8ad9e5db5bc4a533f9efbfd7638790,CVE-2002-2318
187895283,akabe1/windows_exploit_dowser,cve_from_exploitdb_website.csv,499e206b9f8ad9e5db5bc4a533f9efbfd7638790,CVE-2002-2312
187895283,akabe1/windows_exploit_dowser,cve_from_exploitdb_website.csv,499e206b9f8ad9e5db5bc4a533f9efbfd7638790,CVE-2002-2281
187895283,akabe1/windows_exploit_dowser,cve_from_exploitdb_website.csv,499e206b9f8ad9e5db5bc4a533f9efbfd7638790,CVE-2002-2226
187895283,akabe1/windows_exploit_dowser,cve_from_exploitdb_website.csv,499e206b9f8ad9e5db5bc4a533f9efbfd7638790,CVE-2002-2195
187895283,akabe1/windows_exploit_dowser,cve_from_exploitdb_website.csv,499e206b9f8ad9e5db5bc4a533f9efbfd7638790,CVE-2002-2192
187895283,akabe1/windows_exploit_dowser,cve_from_exploitdb_website.csv,499e206b9f8ad9e5db5bc4a533f9efbfd7638790,CVE-2002-2170
187895283,akabe1/windows_exploit_dowser,cve_from_exploitdb_website.csv,499e206b9f8ad9e5db5bc4a533f9efbfd7638790,CVE-2002-1813
187895283,akabe1/windows_exploit_dowser,cve_from_exploitdb_website.csv,499e206b9f8ad9e5db5bc4a533f9efbfd7638790,CVE-2002-1847
187895283,akabe1/windows_exploit_dowser,cve_from_exploitdb_website.csv,499e206b9f8ad9e5db5bc4a533f9efbfd7638790,CVE-2002-1930
187895283,akabe1/windows_exploit_dowser,cve_from_exploitdb_website.csv,499e206b9f8ad9e5db5bc4a533f9efbfd7638790,CVE-2002-1951
187895283,akabe1/windows_exploit_dowser,cve_from_exploitdb_website.csv,499e206b9f8ad9e5db5bc4a533f9efbfd7638790,CVE-2002-1965
187895283,akabe1/windows_exploit_dowser,cve_from_exploitdb_website.csv,499e206b9f8ad9e5db5bc4a533f9efbfd7638790,CVE-2002-1973
187895283,akabe1/windows_exploit_dowser,cve_from_exploitdb_website.csv,499e206b9f8ad9e5db5bc4a533f9efbfd7638790,CVE-2002-1021
187895283,akabe1/windows_exploit_dowser,cve_from_exploitdb_website.csv,499e206b9f8ad9e5db5bc4a533f9efbfd7638790,CVE-2002-2026
187895283,akabe1/windows_exploit_dowser,cve_from_exploitdb_website.csv,499e206b9f8ad9e5db5bc4a533f9efbfd7638790,CVE-2002-2031
187895283,akabe1/windows_exploit_dowser,cve_from_exploitdb_website.csv,499e206b9f8ad9e5db5bc4a533f9efbfd7638790,CVE-2002-2062
187895283,akabe1/windows_exploit_dowser,cve_from_exploitdb_website.csv,499e206b9f8ad9e5db5bc4a533f9efbfd7638790,CVE-2002-2073
187895283,akabe1/windows_exploit_dowser,cve_from_exploitdb_website.csv,499e206b9f8ad9e5db5bc4a533f9efbfd7638790,CVE-2002-2145
187895283,akabe1/windows_exploit_dowser,cve_from_exploitdb_website.csv,499e206b9f8ad9e5db5bc4a533f9efbfd7638790,CVE-2002-2162
187895283,akabe1/windows_exploit_dowser,cve_from_exploitdb_website.csv,499e206b9f8ad9e5db5bc4a533f9efbfd7638790,CVE-2002-2169
187895283,akabe1/windows_exploit_dowser,cve_from_exploitdb_website.csv,499e206b9f8ad9e5db5bc4a533f9efbfd7638790,CVE-2002-2029
187895283,akabe1/windows_exploit_dowser,cve_from_exploitdb_website.csv,499e206b9f8ad9e5db5bc4a533f9efbfd7638790,CVE-2002-1016
187895283,akabe1/windows_exploit_dowser,cve_from_exploitdb_website.csv,499e206b9f8ad9e5db5bc4a533f9efbfd7638790,CVE-2002-1014
187895283,akabe1/windows_exploit_dowser,cve_from_exploitdb_website.csv,499e206b9f8ad9e5db5bc4a533f9efbfd7638790,CVE-2002-1009
187895283,akabe1/windows_exploit_dowser,cve_from_exploitdb_website.csv,499e206b9f8ad9e5db5bc4a533f9efbfd7638790,CVE-2002-0647
187895283,akabe1/windows_exploit_dowser,cve_from_exploitdb_website.csv,499e206b9f8ad9e5db5bc4a533f9efbfd7638790,CVE-2002-0644
187895283,akabe1/windows_exploit_dowser,cve_from_exploitdb_website.csv,499e206b9f8ad9e5db5bc4a533f9efbfd7638790,CVE-2002-0637
187895283,akabe1/windows_exploit_dowser,cve_from_exploitdb_website.csv,499e206b9f8ad9e5db5bc4a533f9efbfd7638790,CVE-2002-0624
187895283,akabe1/windows_exploit_dowser,cve_from_exploitdb_website.csv,499e206b9f8ad9e5db5bc4a533f9efbfd7638790,CVE-2002-0608
187895283,akabe1/windows_exploit_dowser,cve_from_exploitdb_website.csv,499e206b9f8ad9e5db5bc4a533f9efbfd7638790,CVE-2002-0591
187895283,akabe1/windows_exploit_dowser,cve_from_exploitdb_website.csv,499e206b9f8ad9e5db5bc4a533f9efbfd7638790,CVE-2002-0544
187895283,akabe1/windows_exploit_dowser,cve_from_exploitdb_website.csv,499e206b9f8ad9e5db5bc4a533f9efbfd7638790,CVE-2002-0543
187895283,akabe1/windows_exploit_dowser,cve_from_exploitdb_website.csv,499e206b9f8ad9e5db5bc4a533f9efbfd7638790,CVE-2002-0502
187895283,akabe1/windows_exploit_dowser,cve_from_exploitdb_website.csv,499e206b9f8ad9e5db5bc4a533f9efbfd7638790,CVE-2002-0486
187895283,akabe1/windows_exploit_dowser,cve_from_exploitdb_website.csv,499e206b9f8ad9e5db5bc4a533f9efbfd7638790,CVE-2002-0419
187895283,akabe1/windows_exploit_dowser,cve_from_exploitdb_website.csv,499e206b9f8ad9e5db5bc4a533f9efbfd7638790,CVE-2002-0375
187895283,akabe1/windows_exploit_dowser,cve_from_exploitdb_website.csv,499e206b9f8ad9e5db5bc4a533f9efbfd7638790,CVE-2002-0371
187895283,akabe1/windows_exploit_dowser,cve_from_exploitdb_website.csv,499e206b9f8ad9e5db5bc4a533f9efbfd7638790,CVE-2002-0367
187895283,akabe1/windows_exploit_dowser,cve_from_exploitdb_website.csv,499e206b9f8ad9e5db5bc4a533f9efbfd7638790,CVE-2002-0331
187895283,akabe1/windows_exploit_dowser,cve_from_exploitdb_website.csv,499e206b9f8ad9e5db5bc4a533f9efbfd7638790,CVE-2002-0325
187895283,akabe1/windows_exploit_dowser,cve_from_exploitdb_website.csv,499e206b9f8ad9e5db5bc4a533f9efbfd7638790,CVE-2002-0313
187895283,akabe1/windows_exploit_dowser,cve_from_exploitdb_website.csv,499e206b9f8ad9e5db5bc4a533f9efbfd7638790,CVE-2002-0142
187895283,akabe1/windows_exploit_dowser,cve_from_exploitdb_website.csv,499e206b9f8ad9e5db5bc4a533f9efbfd7638790,CVE-2002-0148
187895283,akabe1/windows_exploit_dowser,cve_from_exploitdb_website.csv,499e206b9f8ad9e5db5bc4a533f9efbfd7638790,CVE-2002-0187
187895283,akabe1/windows_exploit_dowser,cve_from_exploitdb_website.csv,499e206b9f8ad9e5db5bc4a533f9efbfd7638790,CVE-2002-0189
187895283,akabe1/windows_exploit_dowser,cve_from_exploitdb_website.csv,499e206b9f8ad9e5db5bc4a533f9efbfd7638790,CVE-2002-0191
187895283,akabe1/windows_exploit_dowser,cve_from_exploitdb_website.csv,499e206b9f8ad9e5db5bc4a533f9efbfd7638790,CVE-2002-0192
187895283,akabe1/windows_exploit_dowser,cve_from_exploitdb_website.csv,499e206b9f8ad9e5db5bc4a533f9efbfd7638790,CVE-2002-0648
187895283,akabe1/windows_exploit_dowser,cve_from_exploitdb_website.csv,499e206b9f8ad9e5db5bc4a533f9efbfd7638790,CVE-2002-0193
187895283,akabe1/windows_exploit_dowser,cve_from_exploitdb_website.csv,499e206b9f8ad9e5db5bc4a533f9efbfd7638790,CVE-2002-0231
187895283,akabe1/windows_exploit_dowser,cve_from_exploitdb_website.csv,499e206b9f8ad9e5db5bc4a533f9efbfd7638790,CVE-2002-0236
187895283,akabe1/windows_exploit_dowser,cve_from_exploitdb_website.csv,499e206b9f8ad9e5db5bc4a533f9efbfd7638790,CVE-2002-0252
187895283,akabe1/windows_exploit_dowser,cve_from_exploitdb_website.csv,499e206b9f8ad9e5db5bc4a533f9efbfd7638790,CVE-2002-0280
187895283,akabe1/windows_exploit_dowser,cve_from_exploitdb_website.csv,499e206b9f8ad9e5db5bc4a533f9efbfd7638790,CVE-2002-0288
187895283,akabe1/windows_exploit_dowser,cve_from_exploitdb_website.csv,499e206b9f8ad9e5db5bc4a533f9efbfd7638790,CVE-2002-0289
187895283,akabe1/windows_exploit_dowser,cve_from_exploitdb_website.csv,499e206b9f8ad9e5db5bc4a533f9efbfd7638790,CVE-2002-0207
187895283,akabe1/windows_exploit_dowser,cve_from_exploitdb_website.csv,499e206b9f8ad9e5db5bc4a533f9efbfd7638790,CVE-2003-0111
187895283,akabe1/windows_exploit_dowser,cve_from_exploitdb_website.csv,499e206b9f8ad9e5db5bc4a533f9efbfd7638790,CVE-2002-0649
187895283,akabe1/windows_exploit_dowser,cve_from_exploitdb_website.csv,499e206b9f8ad9e5db5bc4a533f9efbfd7638790,CVE-2002-0661
187895283,akabe1/windows_exploit_dowser,cve_from_exploitdb_website.csv,499e206b9f8ad9e5db5bc4a533f9efbfd7638790,CVE-2002-1008
187895283,akabe1/windows_exploit_dowser,cve_from_exploitdb_website.csv,499e206b9f8ad9e5db5bc4a533f9efbfd7638790,CVE-2002-1004
187895283,akabe1/windows_exploit_dowser,cve_from_exploitdb_website.csv,499e206b9f8ad9e5db5bc4a533f9efbfd7638790,CVE-2002-1001
187895283,akabe1/windows_exploit_dowser,cve_from_exploitdb_website.csv,499e206b9f8ad9e5db5bc4a533f9efbfd7638790,CVE-2002-0982
187895283,akabe1/windows_exploit_dowser,cve_from_exploitdb_website.csv,499e206b9f8ad9e5db5bc4a533f9efbfd7638790,CVE-2002-0980
187895283,akabe1/windows_exploit_dowser,cve_from_exploitdb_website.csv,499e206b9f8ad9e5db5bc4a533f9efbfd7638790,CVE-2002-0976
187895283,akabe1/windows_exploit_dowser,cve_from_exploitdb_website.csv,499e206b9f8ad9e5db5bc4a533f9efbfd7638790,CVE-2002-0974
187895283,akabe1/windows_exploit_dowser,cve_from_exploitdb_website.csv,499e206b9f8ad9e5db5bc4a533f9efbfd7638790,CVE-2002-0968
187895283,akabe1/windows_exploit_dowser,cve_from_exploitdb_website.csv,499e206b9f8ad9e5db5bc4a533f9efbfd7638790,CVE-2002-0946
187895283,akabe1/windows_exploit_dowser,cve_from_exploitdb_website.csv,499e206b9f8ad9e5db5bc4a533f9efbfd7638790,CVE-2002-0942
187895283,akabe1/windows_exploit_dowser,cve_from_exploitdb_website.csv,499e206b9f8ad9e5db5bc4a533f9efbfd7638790,CVE-2002-0938
187895283,akabe1/windows_exploit_dowser,cve_from_exploitdb_website.csv,499e206b9f8ad9e5db5bc4a533f9efbfd7638790,CVE-2002-0898
187895283,akabe1/windows_exploit_dowser,cve_from_exploitdb_website.csv,499e206b9f8ad9e5db5bc4a533f9efbfd7638790,CVE-2002-0897
187895283,akabe1/windows_exploit_dowser,cve_from_exploitdb_website.csv,499e206b9f8ad9e5db5bc4a533f9efbfd7638790,CVE-2002-0895
187895283,akabe1/windows_exploit_dowser,cve_from_exploitdb_website.csv,499e206b9f8ad9e5db5bc4a533f9efbfd7638790,CVE-2002-0893
187895283,akabe1/windows_exploit_dowser,cve_from_exploitdb_website.csv,499e206b9f8ad9e5db5bc4a533f9efbfd7638790,CVE-2002-0892
187895283,akabe1/windows_exploit_dowser,cve_from_exploitdb_website.csv,499e206b9f8ad9e5db5bc4a533f9efbfd7638790,CVE-2002-0866
187895283,akabe1/windows_exploit_dowser,cve_from_exploitdb_website.csv,499e206b9f8ad9e5db5bc4a533f9efbfd7638790,CVE-2002-0665
187895283,akabe1/windows_exploit_dowser,cve_from_exploitdb_website.csv,499e206b9f8ad9e5db5bc4a533f9efbfd7638790,CVE-2002-0680
187895283,akabe1/windows_exploit_dowser,cve_from_exploitdb_website.csv,499e206b9f8ad9e5db5bc4a533f9efbfd7638790,CVE-2002-0681
187895283,akabe1/windows_exploit_dowser,cve_from_exploitdb_website.csv,499e206b9f8ad9e5db5bc4a533f9efbfd7638790,CVE-2002-0693
187895283,akabe1/windows_exploit_dowser,cve_from_exploitdb_website.csv,499e206b9f8ad9e5db5bc4a533f9efbfd7638790,CVE-2002-0708
187895283,akabe1/windows_exploit_dowser,cve_from_exploitdb_website.csv,499e206b9f8ad9e5db5bc4a533f9efbfd7638790,CVE-2002-0709
187895283,akabe1/windows_exploit_dowser,cve_from_exploitdb_website.csv,499e206b9f8ad9e5db5bc4a533f9efbfd7638790,CVE-2002-0654
187895283,akabe1/windows_exploit_dowser,cve_from_exploitdb_website.csv,499e206b9f8ad9e5db5bc4a533f9efbfd7638790,CVE-2002-0721
187895283,akabe1/windows_exploit_dowser,cve_from_exploitdb_website.csv,499e206b9f8ad9e5db5bc4a533f9efbfd7638790,CVE-2002-0783
187895283,akabe1/windows_exploit_dowser,cve_from_exploitdb_website.csv,499e206b9f8ad9e5db5bc4a533f9efbfd7638790,CVE-2002-0799
187895283,akabe1/windows_exploit_dowser,cve_from_exploitdb_website.csv,499e206b9f8ad9e5db5bc4a533f9efbfd7638790,CVE-2002-0814
187895283,akabe1/windows_exploit_dowser,cve_from_exploitdb_website.csv,499e206b9f8ad9e5db5bc4a533f9efbfd7638790,CVE-2002-0823
187895283,akabe1/windows_exploit_dowser,cve_from_exploitdb_website.csv,499e206b9f8ad9e5db5bc4a533f9efbfd7638790,CVE-2002-0828
187895283,akabe1/windows_exploit_dowser,cve_from_exploitdb_website.csv,499e206b9f8ad9e5db5bc4a533f9efbfd7638790,CVE-2002-0833
187895283,akabe1/windows_exploit_dowser,cve_from_exploitdb_website.csv,499e206b9f8ad9e5db5bc4a533f9efbfd7638790,CVE-2002-0723
187895283,akabe1/windows_exploit_dowser,cve_from_exploitdb_website.csv,499e206b9f8ad9e5db5bc4a533f9efbfd7638790,CVE-2003-0113
187895283,akabe1/windows_exploit_dowser,cve_from_exploitdb_website.csv,499e206b9f8ad9e5db5bc4a533f9efbfd7638790,CVE-2003-0121
187895283,akabe1/windows_exploit_dowser,cve_from_exploitdb_website.csv,499e206b9f8ad9e5db5bc4a533f9efbfd7638790,CVE-2003-0172
187895283,akabe1/windows_exploit_dowser,cve_from_exploitdb_website.csv,499e206b9f8ad9e5db5bc4a533f9efbfd7638790,CVE-2004-0549
187895283,akabe1/windows_exploit_dowser,cve_from_exploitdb_website.csv,499e206b9f8ad9e5db5bc4a533f9efbfd7638790,CVE-2004-0526
187895283,akabe1/windows_exploit_dowser,cve_from_exploitdb_website.csv,499e206b9f8ad9e5db5bc4a533f9efbfd7638790,CVE-2004-0502
187895283,akabe1/windows_exploit_dowser,cve_from_exploitdb_website.csv,499e206b9f8ad9e5db5bc4a533f9efbfd7638790,CVE-2004-0501
187895283,akabe1/windows_exploit_dowser,cve_from_exploitdb_website.csv,499e206b9f8ad9e5db5bc4a533f9efbfd7638790,CVE-2004-0474
187895283,akabe1/windows_exploit_dowser,cve_from_exploitdb_website.csv,499e206b9f8ad9e5db5bc4a533f9efbfd7638790,CVE-2004-0380
187895283,akabe1/windows_exploit_dowser,cve_from_exploitdb_website.csv,499e206b9f8ad9e5db5bc4a533f9efbfd7638790,CVE-2004-0362
187895283,akabe1/windows_exploit_dowser,cve_from_exploitdb_website.csv,499e206b9f8ad9e5db5bc4a533f9efbfd7638790,CVE-2004-0349
187895283,akabe1/windows_exploit_dowser,cve_from_exploitdb_website.csv,499e206b9f8ad9e5db5bc4a533f9efbfd7638790,CVE-2004-0340
187895283,akabe1/windows_exploit_dowser,cve_from_exploitdb_website.csv,499e206b9f8ad9e5db5bc4a533f9efbfd7638790,CVE-2004-0337
187895283,akabe1/windows_exploit_dowser,cve_from_exploitdb_website.csv,499e206b9f8ad9e5db5bc4a533f9efbfd7638790,CVE-2004-0333
187895283,akabe1/windows_exploit_dowser,cve_from_exploitdb_website.csv,499e206b9f8ad9e5db5bc4a533f9efbfd7638790,CVE-2004-0330
187895283,akabe1/windows_exploit_dowser,cve_from_exploitdb_website.csv,499e206b9f8ad9e5db5bc4a533f9efbfd7638790,CVE-2004-0326
187895283,akabe1/windows_exploit_dowser,cve_from_exploitdb_website.csv,499e206b9f8ad9e5db5bc4a533f9efbfd7638790,CVE-2004-0313
187895283,akabe1/windows_exploit_dowser,cve_from_exploitdb_website.csv,499e206b9f8ad9e5db5bc4a533f9efbfd7638790,CVE-2004-0297
187895283,akabe1/windows_exploit_dowser,cve_from_exploitdb_website.csv,499e206b9f8ad9e5db5bc4a533f9efbfd7638790,CVE-2004-0292
187895283,akabe1/windows_exploit_dowser,cve_from_exploitdb_website.csv,499e206b9f8ad9e5db5bc4a533f9efbfd7638790,CVE-2004-0213
187895283,akabe1/windows_exploit_dowser,cve_from_exploitdb_website.csv,499e206b9f8ad9e5db5bc4a533f9efbfd7638790,CVE-2003-1516
187895283,akabe1/windows_exploit_dowser,cve_from_exploitdb_website.csv,499e206b9f8ad9e5db5bc4a533f9efbfd7638790,CVE-2003-1521
187895283,akabe1/windows_exploit_dowser,cve_from_exploitdb_website.csv,499e206b9f8ad9e5db5bc4a533f9efbfd7638790,CVE-2003-1566
187895283,akabe1/windows_exploit_dowser,cve_from_exploitdb_website.csv,499e206b9f8ad9e5db5bc4a533f9efbfd7638790,CVE-2004-0046
187895283,akabe1/windows_exploit_dowser,cve_from_exploitdb_website.csv,499e206b9f8ad9e5db5bc4a533f9efbfd7638790,CVE-2004-0069
187895283,akabe1/windows_exploit_dowser,cve_from_exploitdb_website.csv,499e206b9f8ad9e5db5bc4a533f9efbfd7638790,CVE-2004-0072
187895283,akabe1/windows_exploit_dowser,cve_from_exploitdb_website.csv,499e206b9f8ad9e5db5bc4a533f9efbfd7638790,CVE-2004-0552
187895283,akabe1/windows_exploit_dowser,cve_from_exploitdb_website.csv,499e206b9f8ad9e5db5bc4a533f9efbfd7638790,CVE-2004-0121
187895283,akabe1/windows_exploit_dowser,cve_from_exploitdb_website.csv,499e206b9f8ad9e5db5bc4a533f9efbfd7638790,CVE-2004-0200
187895283,akabe1/windows_exploit_dowser,cve_from_exploitdb_website.csv,499e206b9f8ad9e5db5bc4a533f9efbfd7638790,CVE-2004-0204
187895283,akabe1/windows_exploit_dowser,cve_from_exploitdb_website.csv,499e206b9f8ad9e5db5bc4a533f9efbfd7638790,CVE-2004-0206
187895283,akabe1/windows_exploit_dowser,cve_from_exploitdb_website.csv,499e206b9f8ad9e5db5bc4a533f9efbfd7638790,CVE-2004-0209
187895283,akabe1/windows_exploit_dowser,cve_from_exploitdb_website.csv,499e206b9f8ad9e5db5bc4a533f9efbfd7638790,CVE-2004-0210
187895283,akabe1/windows_exploit_dowser,cve_from_exploitdb_website.csv,499e206b9f8ad9e5db5bc4a533f9efbfd7638790,CVE-2004-0212
187895283,akabe1/windows_exploit_dowser,cve_from_exploitdb_website.csv,499e206b9f8ad9e5db5bc4a533f9efbfd7638790,CVE-2004-0173
187895283,akabe1/windows_exploit_dowser,cve_from_exploitdb_website.csv,499e206b9f8ad9e5db5bc4a533f9efbfd7638790,CVE-2003-1378
187895283,akabe1/windows_exploit_dowser,cve_from_exploitdb_website.csv,499e206b9f8ad9e5db5bc4a533f9efbfd7638790,CVE-2004-0567
187895283,akabe1/windows_exploit_dowser,cve_from_exploitdb_website.csv,499e206b9f8ad9e5db5bc4a533f9efbfd7638790,CVE-2004-0597
187895283,akabe1/windows_exploit_dowser,cve_from_exploitdb_website.csv,499e206b9f8ad9e5db5bc4a533f9efbfd7638790,CVE-2004-1317
187895283,akabe1/windows_exploit_dowser,cve_from_exploitdb_website.csv,499e206b9f8ad9e5db5bc4a533f9efbfd7638790,CVE-2004-1306
187895283,akabe1/windows_exploit_dowser,cve_from_exploitdb_website.csv,499e206b9f8ad9e5db5bc4a533f9efbfd7638790,CVE-2004-1298
187895283,akabe1/windows_exploit_dowser,cve_from_exploitdb_website.csv,499e206b9f8ad9e5db5bc4a533f9efbfd7638790,CVE-2004-1261
187895283,akabe1/windows_exploit_dowser,cve_from_exploitdb_website.csv,499e206b9f8ad9e5db5bc4a533f9efbfd7638790,CVE-2004-1260
187895283,akabe1/windows_exploit_dowser,cve_from_exploitdb_website.csv,499e206b9f8ad9e5db5bc4a533f9efbfd7638790,CVE-2004-1259
187895283,akabe1/windows_exploit_dowser,cve_from_exploitdb_website.csv,499e206b9f8ad9e5db5bc4a533f9efbfd7638790,CVE-2004-1254
187895283,akabe1/windows_exploit_dowser,cve_from_exploitdb_website.csv,499e206b9f8ad9e5db5bc4a533f9efbfd7638790,CVE-2004-1223
187895283,akabe1/windows_exploit_dowser,cve_from_exploitdb_website.csv,499e206b9f8ad9e5db5bc4a533f9efbfd7638790,CVE-2004-1220
187895283,akabe1/windows_exploit_dowser,cve_from_exploitdb_website.csv,499e206b9f8ad9e5db5bc4a533f9efbfd7638790,CVE-2004-1217
187895283,akabe1/windows_exploit_dowser,cve_from_exploitdb_website.csv,499e206b9f8ad9e5db5bc4a533f9efbfd7638790,CVE-2004-1211
187895283,akabe1/windows_exploit_dowser,cve_from_exploitdb_website.csv,499e206b9f8ad9e5db5bc4a533f9efbfd7638790,CVE-2004-1172
187895283,akabe1/windows_exploit_dowser,cve_from_exploitdb_website.csv,499e206b9f8ad9e5db5bc4a533f9efbfd7638790,CVE-2004-1166
187895283,akabe1/windows_exploit_dowser,cve_from_exploitdb_website.csv,499e206b9f8ad9e5db5bc4a533f9efbfd7638790,CVE-2004-1119
187895283,akabe1/windows_exploit_dowser,cve_from_exploitdb_website.csv,499e206b9f8ad9e5db5bc4a533f9efbfd7638790,CVE-2004-1118
187895283,akabe1/windows_exploit_dowser,cve_from_exploitdb_website.csv,499e206b9f8ad9e5db5bc4a533f9efbfd7638790,CVE-2004-1104
187895283,akabe1/windows_exploit_dowser,cve_from_exploitdb_website.csv,499e206b9f8ad9e5db5bc4a533f9efbfd7638790,CVE-2004-1080
187895283,akabe1/windows_exploit_dowser,cve_from_exploitdb_website.csv,499e206b9f8ad9e5db5bc4a533f9efbfd7638790,CVE-2004-0636
187895283,akabe1/windows_exploit_dowser,cve_from_exploitdb_website.csv,499e206b9f8ad9e5db5bc4a533f9efbfd7638790,CVE-2004-0648
187895283,akabe1/windows_exploit_dowser,cve_from_exploitdb_website.csv,499e206b9f8ad9e5db5bc4a533f9efbfd7638790,CVE-2004-0727
187895283,akabe1/windows_exploit_dowser,cve_from_exploitdb_website.csv,499e206b9f8ad9e5db5bc4a533f9efbfd7638790,CVE-2004-0733
187895283,akabe1/windows_exploit_dowser,cve_from_exploitdb_website.csv,499e206b9f8ad9e5db5bc4a533f9efbfd7638790,CVE-2004-0760
187895283,akabe1/windows_exploit_dowser,cve_from_exploitdb_website.csv,499e206b9f8ad9e5db5bc4a533f9efbfd7638790,CVE-2004-0763
187895283,akabe1/windows_exploit_dowser,cve_from_exploitdb_website.csv,499e206b9f8ad9e5db5bc4a533f9efbfd7638790,CVE-2004-0575
187895283,akabe1/windows_exploit_dowser,cve_from_exploitdb_website.csv,499e206b9f8ad9e5db5bc4a533f9efbfd7638790,CVE-2004-0798
187895283,akabe1/windows_exploit_dowser,cve_from_exploitdb_website.csv,499e206b9f8ad9e5db5bc4a533f9efbfd7638790,CVE-2004-0841
187895283,akabe1/windows_exploit_dowser,cve_from_exploitdb_website.csv,499e206b9f8ad9e5db5bc4a533f9efbfd7638790,CVE-2004-0842
187895283,akabe1/windows_exploit_dowser,cve_from_exploitdb_website.csv,499e206b9f8ad9e5db5bc4a533f9efbfd7638790,CVE-2004-0894
187895283,akabe1/windows_exploit_dowser,cve_from_exploitdb_website.csv,499e206b9f8ad9e5db5bc4a533f9efbfd7638790,CVE-2004-0964
187895283,akabe1/windows_exploit_dowser,cve_from_exploitdb_website.csv,499e206b9f8ad9e5db5bc4a533f9efbfd7638790,CVE-2004-1043
187895283,akabe1/windows_exploit_dowser,cve_from_exploitdb_website.csv,499e206b9f8ad9e5db5bc4a533f9efbfd7638790,CVE-2004-1050
187895283,akabe1/windows_exploit_dowser,cve_from_exploitdb_website.csv,499e206b9f8ad9e5db5bc4a533f9efbfd7638790,CVE-2004-0820
187895283,akabe1/windows_exploit_dowser,cve_from_exploitdb_website.csv,499e206b9f8ad9e5db5bc4a533f9efbfd7638790,CVE-2002-0112
187895283,akabe1/windows_exploit_dowser,cve_from_exploitdb_website.csv,499e206b9f8ad9e5db5bc4a533f9efbfd7638790,CVE-2003-1344
187895283,akabe1/windows_exploit_dowser,cve_from_exploitdb_website.csv,499e206b9f8ad9e5db5bc4a533f9efbfd7638790,CVE-2003-1341
187895283,akabe1/windows_exploit_dowser,cve_from_exploitdb_website.csv,499e206b9f8ad9e5db5bc4a533f9efbfd7638790,CVE-2003-0717
187895283,akabe1/windows_exploit_dowser,cve_from_exploitdb_website.csv,499e206b9f8ad9e5db5bc4a533f9efbfd7638790,CVE-2003-0701
187895283,akabe1/windows_exploit_dowser,cve_from_exploitdb_website.csv,499e206b9f8ad9e5db5bc4a533f9efbfd7638790,CVE-2003-0666
187895283,akabe1/windows_exploit_dowser,cve_from_exploitdb_website.csv,499e206b9f8ad9e5db5bc4a533f9efbfd7638790,CVE-2003-0665
187895283,akabe1/windows_exploit_dowser,cve_from_exploitdb_website.csv,499e206b9f8ad9e5db5bc4a533f9efbfd7638790,CVE-2003-0659
187895283,akabe1/windows_exploit_dowser,cve_from_exploitdb_website.csv,499e206b9f8ad9e5db5bc4a533f9efbfd7638790,CVE-2003-0605
187895283,akabe1/windows_exploit_dowser,cve_from_exploitdb_website.csv,499e206b9f8ad9e5db5bc4a533f9efbfd7638790,CVE-2003-0561
187895283,akabe1/windows_exploit_dowser,cve_from_exploitdb_website.csv,499e206b9f8ad9e5db5bc4a533f9efbfd7638790,CVE-2003-0558
187895283,akabe1/windows_exploit_dowser,cve_from_exploitdb_website.csv,499e206b9f8ad9e5db5bc4a533f9efbfd7638790,CVE-2003-0533
187895283,akabe1/windows_exploit_dowser,cve_from_exploitdb_website.csv,499e206b9f8ad9e5db5bc4a533f9efbfd7638790,CVE-2003-0526
187895283,akabe1/windows_exploit_dowser,cve_from_exploitdb_website.csv,499e206b9f8ad9e5db5bc4a533f9efbfd7638790,CVE-2003-0496
187895283,akabe1/windows_exploit_dowser,cve_from_exploitdb_website.csv,499e206b9f8ad9e5db5bc4a533f9efbfd7638790,CVE-2003-0471
187895283,akabe1/windows_exploit_dowser,cve_from_exploitdb_website.csv,499e206b9f8ad9e5db5bc4a533f9efbfd7638790,CVE-2003-0469
187895283,akabe1/windows_exploit_dowser,cve_from_exploitdb_website.csv,499e206b9f8ad9e5db5bc4a533f9efbfd7638790,CVE-2003-0447
187895283,akabe1/windows_exploit_dowser,cve_from_exploitdb_website.csv,499e206b9f8ad9e5db5bc4a533f9efbfd7638790,CVE-2003-0446
187895283,akabe1/windows_exploit_dowser,cve_from_exploitdb_website.csv,499e206b9f8ad9e5db5bc4a533f9efbfd7638790,CVE-2003-0413
187895283,akabe1/windows_exploit_dowser,cve_from_exploitdb_website.csv,499e206b9f8ad9e5db5bc4a533f9efbfd7638790,CVE-2003-0411
187895283,akabe1/windows_exploit_dowser,cve_from_exploitdb_website.csv,499e206b9f8ad9e5db5bc4a533f9efbfd7638790,CVE-2003-0220
187895283,akabe1/windows_exploit_dowser,cve_from_exploitdb_website.csv,499e206b9f8ad9e5db5bc4a533f9efbfd7638790,CVE-2003-0227
187895283,akabe1/windows_exploit_dowser,cve_from_exploitdb_website.csv,499e206b9f8ad9e5db5bc4a533f9efbfd7638790,CVE-2003-0228
187895283,akabe1/windows_exploit_dowser,cve_from_exploitdb_website.csv,499e206b9f8ad9e5db5bc4a533f9efbfd7638790,CVE-2003-0264
187895283,akabe1/windows_exploit_dowser,cve_from_exploitdb_website.csv,499e206b9f8ad9e5db5bc4a533f9efbfd7638790,CVE-2003-0306
187895283,akabe1/windows_exploit_dowser,cve_from_exploitdb_website.csv,499e206b9f8ad9e5db5bc4a533f9efbfd7638790,CVE-2003-0309
187895283,akabe1/windows_exploit_dowser,cve_from_exploitdb_website.csv,499e206b9f8ad9e5db5bc4a533f9efbfd7638790,CVE-2003-0719
187895283,akabe1/windows_exploit_dowser,cve_from_exploitdb_website.csv,499e206b9f8ad9e5db5bc4a533f9efbfd7638790,CVE-2003-0312
187895283,akabe1/windows_exploit_dowser,cve_from_exploitdb_website.csv,499e206b9f8ad9e5db5bc4a533f9efbfd7638790,CVE-2003-0332
187895283,akabe1/windows_exploit_dowser,cve_from_exploitdb_website.csv,499e206b9f8ad9e5db5bc4a533f9efbfd7638790,CVE-2003-0344
187895283,akabe1/windows_exploit_dowser,cve_from_exploitdb_website.csv,499e206b9f8ad9e5db5bc4a533f9efbfd7638790,CVE-2003-0347
187895283,akabe1/windows_exploit_dowser,cve_from_exploitdb_website.csv,499e206b9f8ad9e5db5bc4a533f9efbfd7638790,CVE-2003-0349
187895283,akabe1/windows_exploit_dowser,cve_from_exploitdb_website.csv,499e206b9f8ad9e5db5bc4a533f9efbfd7638790,CVE-2003-0352
187895283,akabe1/windows_exploit_dowser,cve_from_exploitdb_website.csv,499e206b9f8ad9e5db5bc4a533f9efbfd7638790,CVE-2003-0391
187895283,akabe1/windows_exploit_dowser,cve_from_exploitdb_website.csv,499e206b9f8ad9e5db5bc4a533f9efbfd7638790,CVE-2003-0317
187895283,akabe1/windows_exploit_dowser,cve_from_exploitdb_website.csv,499e206b9f8ad9e5db5bc4a533f9efbfd7638790,CVE-2003-1343
187895283,akabe1/windows_exploit_dowser,cve_from_exploitdb_website.csv,499e206b9f8ad9e5db5bc4a533f9efbfd7638790,CVE-2003-0726
187895283,akabe1/windows_exploit_dowser,cve_from_exploitdb_website.csv,499e206b9f8ad9e5db5bc4a533f9efbfd7638790,CVE-2003-0729
187895283,akabe1/windows_exploit_dowser,cve_from_exploitdb_website.csv,499e206b9f8ad9e5db5bc4a533f9efbfd7638790,CVE-2003-1339
187895283,akabe1/windows_exploit_dowser,cve_from_exploitdb_website.csv,499e206b9f8ad9e5db5bc4a533f9efbfd7638790,CVE-2003-1336
187895283,akabe1/windows_exploit_dowser,cve_from_exploitdb_website.csv,499e206b9f8ad9e5db5bc4a533f9efbfd7638790,CVE-2003-1328
187895283,akabe1/windows_exploit_dowser,cve_from_exploitdb_website.csv,499e206b9f8ad9e5db5bc4a533f9efbfd7638790,CVE-2003-1310
187895283,akabe1/windows_exploit_dowser,cve_from_exploitdb_website.csv,499e206b9f8ad9e5db5bc4a533f9efbfd7638790,CVE-2003-1286
187895283,akabe1/windows_exploit_dowser,cve_from_exploitdb_website.csv,499e206b9f8ad9e5db5bc4a533f9efbfd7638790,CVE-2003-1260
187895283,akabe1/windows_exploit_dowser,cve_from_exploitdb_website.csv,499e206b9f8ad9e5db5bc4a533f9efbfd7638790,CVE-2003-1243
187895283,akabe1/windows_exploit_dowser,cve_from_exploitdb_website.csv,499e206b9f8ad9e5db5bc4a533f9efbfd7638790,CVE-2003-1242
187895283,akabe1/windows_exploit_dowser,cve_from_exploitdb_website.csv,499e206b9f8ad9e5db5bc4a533f9efbfd7638790,CVE-2003-1200
187895283,akabe1/windows_exploit_dowser,cve_from_exploitdb_website.csv,499e206b9f8ad9e5db5bc4a533f9efbfd7638790,CVE-2003-1192
187895283,akabe1/windows_exploit_dowser,cve_from_exploitdb_website.csv,499e206b9f8ad9e5db5bc4a533f9efbfd7638790,CVE-2003-1174
187895283,akabe1/windows_exploit_dowser,cve_from_exploitdb_website.csv,499e206b9f8ad9e5db5bc4a533f9efbfd7638790,CVE-2003-1169
187895283,akabe1/windows_exploit_dowser,cve_from_exploitdb_website.csv,499e206b9f8ad9e5db5bc4a533f9efbfd7638790,CVE-2003-1157
187895283,akabe1/windows_exploit_dowser,cve_from_exploitdb_website.csv,499e206b9f8ad9e5db5bc4a533f9efbfd7638790,CVE-2003-1142
187895283,akabe1/windows_exploit_dowser,cve_from_exploitdb_website.csv,499e206b9f8ad9e5db5bc4a533f9efbfd7638790,CVE-2003-1129
187895283,akabe1/windows_exploit_dowser,cve_from_exploitdb_website.csv,499e206b9f8ad9e5db5bc4a533f9efbfd7638790,CVE-2003-1090
187895283,akabe1/windows_exploit_dowser,cve_from_exploitdb_website.csv,499e206b9f8ad9e5db5bc4a533f9efbfd7638790,CVE-2003-1030
187895283,akabe1/windows_exploit_dowser,cve_from_exploitdb_website.csv,499e206b9f8ad9e5db5bc4a533f9efbfd7638790,CVE-2003-0772
187895283,akabe1/windows_exploit_dowser,cve_from_exploitdb_website.csv,499e206b9f8ad9e5db5bc4a533f9efbfd7638790,CVE-2003-0801
187895283,akabe1/windows_exploit_dowser,cve_from_exploitdb_website.csv,499e206b9f8ad9e5db5bc4a533f9efbfd7638790,CVE-2003-0802
187895283,akabe1/windows_exploit_dowser,cve_from_exploitdb_website.csv,499e206b9f8ad9e5db5bc4a533f9efbfd7638790,CVE-2003-0803
187895283,akabe1/windows_exploit_dowser,cve_from_exploitdb_website.csv,499e206b9f8ad9e5db5bc4a533f9efbfd7638790,CVE-2003-0809
187895283,akabe1/windows_exploit_dowser,cve_from_exploitdb_website.csv,499e206b9f8ad9e5db5bc4a533f9efbfd7638790,CVE-2003-0812
187895283,akabe1/windows_exploit_dowser,cve_from_exploitdb_website.csv,499e206b9f8ad9e5db5bc4a533f9efbfd7638790,CVE-2003-0727
187895283,akabe1/windows_exploit_dowser,cve_from_exploitdb_website.csv,499e206b9f8ad9e5db5bc4a533f9efbfd7638790,CVE-2003-0816
187895283,akabe1/windows_exploit_dowser,cve_from_exploitdb_website.csv,499e206b9f8ad9e5db5bc4a533f9efbfd7638790,CVE-2003-0838
187895283,akabe1/windows_exploit_dowser,cve_from_exploitdb_website.csv,499e206b9f8ad9e5db5bc4a533f9efbfd7638790,CVE-2003-0908
187895283,akabe1/windows_exploit_dowser,cve_from_exploitdb_website.csv,499e206b9f8ad9e5db5bc4a533f9efbfd7638790,CVE-2003-0910
187895283,akabe1/windows_exploit_dowser,cve_from_exploitdb_website.csv,499e206b9f8ad9e5db5bc4a533f9efbfd7638790,CVE-2003-1017
187895283,akabe1/windows_exploit_dowser,cve_from_exploitdb_website.csv,499e206b9f8ad9e5db5bc4a533f9efbfd7638790,CVE-2003-1025
187895283,akabe1/windows_exploit_dowser,cve_from_exploitdb_website.csv,499e206b9f8ad9e5db5bc4a533f9efbfd7638790,CVE-2003-1026
187895283,akabe1/windows_exploit_dowser,cve_from_exploitdb_website.csv,499e206b9f8ad9e5db5bc4a533f9efbfd7638790,CVE-2003-0822
187895283,akabe1/windows_exploit_dowser,cve_from_exploitdb_website.csv,499e206b9f8ad9e5db5bc4a533f9efbfd7638790,CVE-2004-1324
187895283,akabe1/windows_exploit_dowser,cve_from_exploitdb_website.csv,499e206b9f8ad9e5db5bc4a533f9efbfd7638790,CVE-2002-0079
187895283,akabe1/windows_exploit_dowser,cve_from_exploitdb_website.csv,499e206b9f8ad9e5db5bc4a533f9efbfd7638790,CVE-2002-0031
187895283,akabe1/windows_exploit_dowser,cve_from_exploitdb_website.csv,499e206b9f8ad9e5db5bc4a533f9efbfd7638790,CVE-2000-0260
187895283,akabe1/windows_exploit_dowser,cve_from_exploitdb_website.csv,499e206b9f8ad9e5db5bc4a533f9efbfd7638790,CVE-2000-0242
187895283,akabe1/windows_exploit_dowser,cve_from_exploitdb_website.csv,499e206b9f8ad9e5db5bc4a533f9efbfd7638790,CVE-2000-0240
187895283,akabe1/windows_exploit_dowser,cve_from_exploitdb_website.csv,499e206b9f8ad9e5db5bc4a533f9efbfd7638790,CVE-2000-0213
187895283,akabe1/windows_exploit_dowser,cve_from_exploitdb_website.csv,499e206b9f8ad9e5db5bc4a533f9efbfd7638790,CVE-2000-0200
187895283,akabe1/windows_exploit_dowser,cve_from_exploitdb_website.csv,499e206b9f8ad9e5db5bc4a533f9efbfd7638790,CVE-2000-0185
187895283,akabe1/windows_exploit_dowser,cve_from_exploitdb_website.csv,499e206b9f8ad9e5db5bc4a533f9efbfd7638790,CVE-2000-0169
187895283,akabe1/windows_exploit_dowser,cve_from_exploitdb_website.csv,499e206b9f8ad9e5db5bc4a533f9efbfd7638790,CVE-2000-0156
187895283,akabe1/windows_exploit_dowser,cve_from_exploitdb_website.csv,499e206b9f8ad9e5db5bc4a533f9efbfd7638790,CVE-2000-0155
187895283,akabe1/windows_exploit_dowser,cve_from_exploitdb_website.csv,499e206b9f8ad9e5db5bc4a533f9efbfd7638790,CVE-2000-0133
187895283,akabe1/windows_exploit_dowser,cve_from_exploitdb_website.csv,499e206b9f8ad9e5db5bc4a533f9efbfd7638790,CVE-2000-0132
187895283,akabe1/windows_exploit_dowser,cve_from_exploitdb_website.csv,499e206b9f8ad9e5db5bc4a533f9efbfd7638790,CVE-2000-0129
187895283,akabe1/windows_exploit_dowser,cve_from_exploitdb_website.csv,499e206b9f8ad9e5db5bc4a533f9efbfd7638790,CVE-2000-0121
187895283,akabe1/windows_exploit_dowser,cve_from_exploitdb_website.csv,499e206b9f8ad9e5db5bc4a533f9efbfd7638790,CVE-2000-0119
187895283,akabe1/windows_exploit_dowser,cve_from_exploitdb_website.csv,499e206b9f8ad9e5db5bc4a533f9efbfd7638790,CVE-2000-0264
187895283,akabe1/windows_exploit_dowser,cve_from_exploitdb_website.csv,499e206b9f8ad9e5db5bc4a533f9efbfd7638790,CVE-2000-0105
187895283,akabe1/windows_exploit_dowser,cve_from_exploitdb_website.csv,499e206b9f8ad9e5db5bc4a533f9efbfd7638790,CVE-2000-0097
187895283,akabe1/windows_exploit_dowser,cve_from_exploitdb_website.csv,499e206b9f8ad9e5db5bc4a533f9efbfd7638790,CVE-2000-0073
187895283,akabe1/windows_exploit_dowser,cve_from_exploitdb_website.csv,499e206b9f8ad9e5db5bc4a533f9efbfd7638790,CVE-2000-0065
187895283,akabe1/windows_exploit_dowser,cve_from_exploitdb_website.csv,499e206b9f8ad9e5db5bc4a533f9efbfd7638790,CVE-2000-0061
187895283,akabe1/windows_exploit_dowser,cve_from_exploitdb_website.csv,499e206b9f8ad9e5db5bc4a533f9efbfd7638790,CVE-2000-0046
187895283,akabe1/windows_exploit_dowser,cve_from_exploitdb_website.csv,499e206b9f8ad9e5db5bc4a533f9efbfd7638790,CVE-2000-0016
187895283,akabe1/windows_exploit_dowser,cve_from_exploitdb_website.csv,499e206b9f8ad9e5db5bc4a533f9efbfd7638790,CVE-2000-0002
187895283,akabe1/windows_exploit_dowser,cve_from_exploitdb_website.csv,499e206b9f8ad9e5db5bc4a533f9efbfd7638790,CVE-1999-1576
187895283,akabe1/windows_exploit_dowser,cve_from_exploitdb_website.csv,499e206b9f8ad9e5db5bc4a533f9efbfd7638790,CVE-1999-1575
187895283,akabe1/windows_exploit_dowser,cve_from_exploitdb_website.csv,499e206b9f8ad9e5db5bc4a533f9efbfd7638790,CVE-1999-1555
187895283,akabe1/windows_exploit_dowser,cve_from_exploitdb_website.csv,499e206b9f8ad9e5db5bc4a533f9efbfd7638790,CVE-1999-1538
187895283,akabe1/windows_exploit_dowser,cve_from_exploitdb_website.csv,499e206b9f8ad9e5db5bc4a533f9efbfd7638790,CVE-1999-1531
187895283,akabe1/windows_exploit_dowser,cve_from_exploitdb_website.csv,499e206b9f8ad9e5db5bc4a533f9efbfd7638790,CVE-1999-1529
187895283,akabe1/windows_exploit_dowser,cve_from_exploitdb_website.csv,499e206b9f8ad9e5db5bc4a533f9efbfd7638790,CVE-1999-1521
187895283,akabe1/windows_exploit_dowser,cve_from_exploitdb_website.csv,499e206b9f8ad9e5db5bc4a533f9efbfd7638790,CVE-2000-0100
187895283,akabe1/windows_exploit_dowser,cve_from_exploitdb_website.csv,499e206b9f8ad9e5db5bc4a533f9efbfd7638790,CVE-2000-0275
187895283,akabe1/windows_exploit_dowser,cve_from_exploitdb_website.csv,499e206b9f8ad9e5db5bc4a533f9efbfd7638790,CVE-2000-0300
187895283,akabe1/windows_exploit_dowser,cve_from_exploitdb_website.csv,499e206b9f8ad9e5db5bc4a533f9efbfd7638790,CVE-2000-0302
187895283,akabe1/windows_exploit_dowser,cve_from_exploitdb_website.csv,499e206b9f8ad9e5db5bc4a533f9efbfd7638790,CVE-2000-0640
187895283,akabe1/windows_exploit_dowser,cve_from_exploitdb_website.csv,499e206b9f8ad9e5db5bc4a533f9efbfd7638790,CVE-2000-0630
187895283,akabe1/windows_exploit_dowser,cve_from_exploitdb_website.csv,499e206b9f8ad9e5db5bc4a533f9efbfd7638790,CVE-2000-0625
187895283,akabe1/windows_exploit_dowser,cve_from_exploitdb_website.csv,499e206b9f8ad9e5db5bc4a533f9efbfd7638790,CVE-2000-0622
187895283,akabe1/windows_exploit_dowser,cve_from_exploitdb_website.csv,499e206b9f8ad9e5db5bc4a533f9efbfd7638790,CVE-2000-0592
187895283,akabe1/windows_exploit_dowser,cve_from_exploitdb_website.csv,499e206b9f8ad9e5db5bc4a533f9efbfd7638790,CVE-2000-0580
187895283,akabe1/windows_exploit_dowser,cve_from_exploitdb_website.csv,499e206b9f8ad9e5db5bc4a533f9efbfd7638790,CVE-2000-0567
187895283,akabe1/windows_exploit_dowser,cve_from_exploitdb_website.csv,499e206b9f8ad9e5db5bc4a533f9efbfd7638790,CVE-2000-0559
187895283,akabe1/windows_exploit_dowser,cve_from_exploitdb_website.csv,499e206b9f8ad9e5db5bc4a533f9efbfd7638790,CVE-2000-0552
187895283,akabe1/windows_exploit_dowser,cve_from_exploitdb_website.csv,499e206b9f8ad9e5db5bc4a533f9efbfd7638790,CVE-2000-0523
187895283,akabe1/windows_exploit_dowser,cve_from_exploitdb_website.csv,499e206b9f8ad9e5db5bc4a533f9efbfd7638790,CVE-2000-0507
187895283,akabe1/windows_exploit_dowser,cve_from_exploitdb_website.csv,499e206b9f8ad9e5db5bc4a533f9efbfd7638790,CVE-2000-0505
187895283,akabe1/windows_exploit_dowser,cve_from_exploitdb_website.csv,499e206b9f8ad9e5db5bc4a533f9efbfd7638790,CVE-2000-0492
187895283,akabe1/windows_exploit_dowser,cve_from_exploitdb_website.csv,499e206b9f8ad9e5db5bc4a533f9efbfd7638790,CVE-2000-0465
187895283,akabe1/windows_exploit_dowser,cve_from_exploitdb_website.csv,499e206b9f8ad9e5db5bc4a533f9efbfd7638790,CVE-2000-0457
187895283,akabe1/windows_exploit_dowser,cve_from_exploitdb_website.csv,499e206b9f8ad9e5db5bc4a533f9efbfd7638790,CVE-2000-0430
187895283,akabe1/windows_exploit_dowser,cve_from_exploitdb_website.csv,499e206b9f8ad9e5db5bc4a533f9efbfd7638790,CVE-2000-0429
187895283,akabe1/windows_exploit_dowser,cve_from_exploitdb_website.csv,499e206b9f8ad9e5db5bc4a533f9efbfd7638790,CVE-2000-0325
187895283,akabe1/windows_exploit_dowser,cve_from_exploitdb_website.csv,499e206b9f8ad9e5db5bc4a533f9efbfd7638790,CVE-2000-0329
187895283,akabe1/windows_exploit_dowser,cve_from_exploitdb_website.csv,499e206b9f8ad9e5db5bc4a533f9efbfd7638790,CVE-2000-0330
187895283,akabe1/windows_exploit_dowser,cve_from_exploitdb_website.csv,499e206b9f8ad9e5db5bc4a533f9efbfd7638790,CVE-2000-0339
187895283,akabe1/windows_exploit_dowser,cve_from_exploitdb_website.csv,499e206b9f8ad9e5db5bc4a533f9efbfd7638790,CVE-2000-0342
187895283,akabe1/windows_exploit_dowser,cve_from_exploitdb_website.csv,499e206b9f8ad9e5db5bc4a533f9efbfd7638790,CVE-2000-0347
187895283,akabe1/windows_exploit_dowser,cve_from_exploitdb_website.csv,499e206b9f8ad9e5db5bc4a533f9efbfd7638790,CVE-1999-1520
187895283,akabe1/windows_exploit_dowser,cve_from_exploitdb_website.csv,499e206b9f8ad9e5db5bc4a533f9efbfd7638790,CVE-2000-0350
187895283,akabe1/windows_exploit_dowser,cve_from_exploitdb_website.csv,499e206b9f8ad9e5db5bc4a533f9efbfd7638790,CVE-2000-0397
187895283,akabe1/windows_exploit_dowser,cve_from_exploitdb_website.csv,499e206b9f8ad9e5db5bc4a533f9efbfd7638790,CVE-2000-0400
187895283,akabe1/windows_exploit_dowser,cve_from_exploitdb_website.csv,499e206b9f8ad9e5db5bc4a533f9efbfd7638790,CVE-2000-0413
187895283,akabe1/windows_exploit_dowser,cve_from_exploitdb_website.csv,499e206b9f8ad9e5db5bc4a533f9efbfd7638790,CVE-2000-0423
187895283,akabe1/windows_exploit_dowser,cve_from_exploitdb_website.csv,499e206b9f8ad9e5db5bc4a533f9efbfd7638790,CVE-2000-0425
187895283,akabe1/windows_exploit_dowser,cve_from_exploitdb_website.csv,499e206b9f8ad9e5db5bc4a533f9efbfd7638790,CVE-2000-0427
187895283,akabe1/windows_exploit_dowser,cve_from_exploitdb_website.csv,499e206b9f8ad9e5db5bc4a533f9efbfd7638790,CVE-2000-0396
187895283,akabe1/windows_exploit_dowser,cve_from_exploitdb_website.csv,499e206b9f8ad9e5db5bc4a533f9efbfd7638790,CVE-1999-1510
187895283,akabe1/windows_exploit_dowser,cve_from_exploitdb_website.csv,499e206b9f8ad9e5db5bc4a533f9efbfd7638790,CVE-1999-1509
187895283,akabe1/windows_exploit_dowser,cve_from_exploitdb_website.csv,499e206b9f8ad9e5db5bc4a533f9efbfd7638790,CVE-1999-1497
187895283,akabe1/windows_exploit_dowser,cve_from_exploitdb_website.csv,499e206b9f8ad9e5db5bc4a533f9efbfd7638790,CVE-1999-0759
187895283,akabe1/windows_exploit_dowser,cve_from_exploitdb_website.csv,499e206b9f8ad9e5db5bc4a533f9efbfd7638790,CVE-1999-0757
187895283,akabe1/windows_exploit_dowser,cve_from_exploitdb_website.csv,499e206b9f8ad9e5db5bc4a533f9efbfd7638790,CVE-1999-0755
187895283,akabe1/windows_exploit_dowser,cve_from_exploitdb_website.csv,499e206b9f8ad9e5db5bc4a533f9efbfd7638790,CVE-1999-0749
187895283,akabe1/windows_exploit_dowser,cve_from_exploitdb_website.csv,499e206b9f8ad9e5db5bc4a533f9efbfd7638790,CVE-1999-0725
187895283,akabe1/windows_exploit_dowser,cve_from_exploitdb_website.csv,499e206b9f8ad9e5db5bc4a533f9efbfd7638790,CVE-1999-0718
187895283,akabe1/windows_exploit_dowser,cve_from_exploitdb_website.csv,499e206b9f8ad9e5db5bc4a533f9efbfd7638790,CVE-1999-0716
187895283,akabe1/windows_exploit_dowser,cve_from_exploitdb_website.csv,499e206b9f8ad9e5db5bc4a533f9efbfd7638790,CVE-1999-0715
187895283,akabe1/windows_exploit_dowser,cve_from_exploitdb_website.csv,499e206b9f8ad9e5db5bc4a533f9efbfd7638790,CVE-1999-0702
187895283,akabe1/windows_exploit_dowser,cve_from_exploitdb_website.csv,499e206b9f8ad9e5db5bc4a533f9efbfd7638790,CVE-1999-0700
187895283,akabe1/windows_exploit_dowser,cve_from_exploitdb_website.csv,499e206b9f8ad9e5db5bc4a533f9efbfd7638790,CVE-1999-0685
187895283,akabe1/windows_exploit_dowser,cve_from_exploitdb_website.csv,499e206b9f8ad9e5db5bc4a533f9efbfd7638790,CVE-1999-0673
187895283,akabe1/windows_exploit_dowser,cve_from_exploitdb_website.csv,499e206b9f8ad9e5db5bc4a533f9efbfd7638790,CVE-1999-0672
187895283,akabe1/windows_exploit_dowser,cve_from_exploitdb_website.csv,499e206b9f8ad9e5db5bc4a533f9efbfd7638790,CVE-1999-0671
187895283,akabe1/windows_exploit_dowser,cve_from_exploitdb_website.csv,499e206b9f8ad9e5db5bc4a533f9efbfd7638790,CVE-1999-0669
187895283,akabe1/windows_exploit_dowser,cve_from_exploitdb_website.csv,499e206b9f8ad9e5db5bc4a533f9efbfd7638790,CVE-1999-0668
187895283,akabe1/windows_exploit_dowser,cve_from_exploitdb_website.csv,499e206b9f8ad9e5db5bc4a533f9efbfd7638790,CVE-1999-0487
187895283,akabe1/windows_exploit_dowser,cve_from_exploitdb_website.csv,499e206b9f8ad9e5db5bc4a533f9efbfd7638790,CVE-1999-0191
187895283,akabe1/windows_exploit_dowser,cve_from_exploitdb_website.csv,499e206b9f8ad9e5db5bc4a533f9efbfd7638790,CVE-1999-0233
187895283,akabe1/windows_exploit_dowser,cve_from_exploitdb_website.csv,499e206b9f8ad9e5db5bc4a533f9efbfd7638790,CVE-1999-0283
187895283,akabe1/windows_exploit_dowser,cve_from_exploitdb_website.csv,499e206b9f8ad9e5db5bc4a533f9efbfd7638790,CVE-1999-0284
187895283,akabe1/windows_exploit_dowser,cve_from_exploitdb_website.csv,499e206b9f8ad9e5db5bc4a533f9efbfd7638790,CVE-1999-0347
187895283,akabe1/windows_exploit_dowser,cve_from_exploitdb_website.csv,499e206b9f8ad9e5db5bc4a533f9efbfd7638790,CVE-1999-0360
187895283,akabe1/windows_exploit_dowser,cve_from_exploitdb_website.csv,499e206b9f8ad9e5db5bc4a533f9efbfd7638790,CVE-1999-0793
187895283,akabe1/windows_exploit_dowser,cve_from_exploitdb_website.csv,499e206b9f8ad9e5db5bc4a533f9efbfd7638790,CVE-1999-0372
187895283,akabe1/windows_exploit_dowser,cve_from_exploitdb_website.csv,499e206b9f8ad9e5db5bc4a533f9efbfd7638790,CVE-1999-0382
187895283,akabe1/windows_exploit_dowser,cve_from_exploitdb_website.csv,499e206b9f8ad9e5db5bc4a533f9efbfd7638790,CVE-1999-0386
187895283,akabe1/windows_exploit_dowser,cve_from_exploitdb_website.csv,499e206b9f8ad9e5db5bc4a533f9efbfd7638790,CVE-1999-0404
187895283,akabe1/windows_exploit_dowser,cve_from_exploitdb_website.csv,499e206b9f8ad9e5db5bc4a533f9efbfd7638790,CVE-1999-0412
187895283,akabe1/windows_exploit_dowser,cve_from_exploitdb_website.csv,499e206b9f8ad9e5db5bc4a533f9efbfd7638790,CVE-1999-0448
187895283,akabe1/windows_exploit_dowser,cve_from_exploitdb_website.csv,499e206b9f8ad9e5db5bc4a533f9efbfd7638790,CVE-1999-0450
187895283,akabe1/windows_exploit_dowser,cve_from_exploitdb_website.csv,499e206b9f8ad9e5db5bc4a533f9efbfd7638790,CVE-1999-0376
187895283,akabe1/windows_exploit_dowser,cve_from_exploitdb_website.csv,499e206b9f8ad9e5db5bc4a533f9efbfd7638790,CVE-2000-0641
187895283,akabe1/windows_exploit_dowser,cve_from_exploitdb_website.csv,499e206b9f8ad9e5db5bc4a533f9efbfd7638790,CVE-1999-0869
187895283,akabe1/windows_exploit_dowser,cve_from_exploitdb_website.csv,499e206b9f8ad9e5db5bc4a533f9efbfd7638790,CVE-1999-0874
187895283,akabe1/windows_exploit_dowser,cve_from_exploitdb_website.csv,499e206b9f8ad9e5db5bc4a533f9efbfd7638790,CVE-1999-1484
187895283,akabe1/windows_exploit_dowser,cve_from_exploitdb_website.csv,499e206b9f8ad9e5db5bc4a533f9efbfd7638790,CVE-1999-1453
187895283,akabe1/windows_exploit_dowser,cve_from_exploitdb_website.csv,499e206b9f8ad9e5db5bc4a533f9efbfd7638790,CVE-1999-1431
187895283,akabe1/windows_exploit_dowser,cve_from_exploitdb_website.csv,499e206b9f8ad9e5db5bc4a533f9efbfd7638790,CVE-1999-1414
187895283,akabe1/windows_exploit_dowser,cve_from_exploitdb_website.csv,499e206b9f8ad9e5db5bc4a533f9efbfd7638790,CVE-1999-1235
187895283,akabe1/windows_exploit_dowser,cve_from_exploitdb_website.csv,499e206b9f8ad9e5db5bc4a533f9efbfd7638790,CVE-1999-1190
187895283,akabe1/windows_exploit_dowser,cve_from_exploitdb_website.csv,499e206b9f8ad9e5db5bc4a533f9efbfd7638790,CVE-1999-1171
187895283,akabe1/windows_exploit_dowser,cve_from_exploitdb_website.csv,499e206b9f8ad9e5db5bc4a533f9efbfd7638790,CVE-1999-1170
187895283,akabe1/windows_exploit_dowser,cve_from_exploitdb_website.csv,499e206b9f8ad9e5db5bc4a533f9efbfd7638790,CVE-1999-1112
187895283,akabe1/windows_exploit_dowser,cve_from_exploitdb_website.csv,499e206b9f8ad9e5db5bc4a533f9efbfd7638790,CVE-1999-1110
187895283,akabe1/windows_exploit_dowser,cve_from_exploitdb_website.csv,499e206b9f8ad9e5db5bc4a533f9efbfd7638790,CVE-1999-1084
187895283,akabe1/windows_exploit_dowser,cve_from_exploitdb_website.csv,499e206b9f8ad9e5db5bc4a533f9efbfd7638790,CVE-1999-1083
187895283,akabe1/windows_exploit_dowser,cve_from_exploitdb_website.csv,499e206b9f8ad9e5db5bc4a533f9efbfd7638790,CVE-1999-1082
187895283,akabe1/windows_exploit_dowser,cve_from_exploitdb_website.csv,499e206b9f8ad9e5db5bc4a533f9efbfd7638790,CVE-1999-1011
187895283,akabe1/windows_exploit_dowser,cve_from_exploitdb_website.csv,499e206b9f8ad9e5db5bc4a533f9efbfd7638790,CVE-1999-1007
187895283,akabe1/windows_exploit_dowser,cve_from_exploitdb_website.csv,499e206b9f8ad9e5db5bc4a533f9efbfd7638790,CVE-1999-0996
187895283,akabe1/windows_exploit_dowser,cve_from_exploitdb_website.csv,499e206b9f8ad9e5db5bc4a533f9efbfd7638790,CVE-1999-0989
187895283,akabe1/windows_exploit_dowser,cve_from_exploitdb_website.csv,499e206b9f8ad9e5db5bc4a533f9efbfd7638790,CVE-1999-0877
187895283,akabe1/windows_exploit_dowser,cve_from_exploitdb_website.csv,499e206b9f8ad9e5db5bc4a533f9efbfd7638790,CVE-1999-0885
187895283,akabe1/windows_exploit_dowser,cve_from_exploitdb_website.csv,499e206b9f8ad9e5db5bc4a533f9efbfd7638790,CVE-1999-0886
187895283,akabe1/windows_exploit_dowser,cve_from_exploitdb_website.csv,499e206b9f8ad9e5db5bc4a533f9efbfd7638790,CVE-1999-0891
187895283,akabe1/windows_exploit_dowser,cve_from_exploitdb_website.csv,499e206b9f8ad9e5db5bc4a533f9efbfd7638790,CVE-1999-0896
187895283,akabe1/windows_exploit_dowser,cve_from_exploitdb_website.csv,499e206b9f8ad9e5db5bc4a533f9efbfd7638790,CVE-1999-0899
187895283,akabe1/windows_exploit_dowser,cve_from_exploitdb_website.csv,499e206b9f8ad9e5db5bc4a533f9efbfd7638790,CVE-1999-0873
187895283,akabe1/windows_exploit_dowser,cve_from_exploitdb_website.csv,499e206b9f8ad9e5db5bc4a533f9efbfd7638790,CVE-1999-0915
187895283,akabe1/windows_exploit_dowser,cve_from_exploitdb_website.csv,499e206b9f8ad9e5db5bc4a533f9efbfd7638790,CVE-1999-0946
187895283,akabe1/windows_exploit_dowser,cve_from_exploitdb_website.csv,499e206b9f8ad9e5db5bc4a533f9efbfd7638790,CVE-1999-0947
187895283,akabe1/windows_exploit_dowser,cve_from_exploitdb_website.csv,499e206b9f8ad9e5db5bc4a533f9efbfd7638790,CVE-1999-0950
187895283,akabe1/windows_exploit_dowser,cve_from_exploitdb_website.csv,499e206b9f8ad9e5db5bc4a533f9efbfd7638790,CVE-1999-0951
187895283,akabe1/windows_exploit_dowser,cve_from_exploitdb_website.csv,499e206b9f8ad9e5db5bc4a533f9efbfd7638790,CVE-1999-0975
187895283,akabe1/windows_exploit_dowser,cve_from_exploitdb_website.csv,499e206b9f8ad9e5db5bc4a533f9efbfd7638790,CVE-1999-0981
187895283,akabe1/windows_exploit_dowser,cve_from_exploitdb_website.csv,499e206b9f8ad9e5db5bc4a533f9efbfd7638790,CVE-1999-0933
187895283,akabe1/windows_exploit_dowser,cve_from_exploitdb_website.csv,499e206b9f8ad9e5db5bc4a533f9efbfd7638790,CVE-2000-0649
187895283,akabe1/windows_exploit_dowser,cve_from_exploitdb_website.csv,499e206b9f8ad9e5db5bc4a533f9efbfd7638790,CVE-2000-0653
187895283,akabe1/windows_exploit_dowser,cve_from_exploitdb_website.csv,499e206b9f8ad9e5db5bc4a533f9efbfd7638790,CVE-2000-0660
187895283,akabe1/windows_exploit_dowser,cve_from_exploitdb_website.csv,499e206b9f8ad9e5db5bc4a533f9efbfd7638790,CVE-2001-0679
187895283,akabe1/windows_exploit_dowser,cve_from_exploitdb_website.csv,499e206b9f8ad9e5db5bc4a533f9efbfd7638790,CVE-2001-0664
187895283,akabe1/windows_exploit_dowser,cve_from_exploitdb_website.csv,499e206b9f8ad9e5db5bc4a533f9efbfd7638790,CVE-2001-0643
187895283,akabe1/windows_exploit_dowser,cve_from_exploitdb_website.csv,499e206b9f8ad9e5db5bc4a533f9efbfd7638790,CVE-2001-0626
187895283,akabe1/windows_exploit_dowser,cve_from_exploitdb_website.csv,499e206b9f8ad9e5db5bc4a533f9efbfd7638790,CVE-2001-0614
187895283,akabe1/windows_exploit_dowser,cve_from_exploitdb_website.csv,499e206b9f8ad9e5db5bc4a533f9efbfd7638790,CVE-2001-0590
187895283,akabe1/windows_exploit_dowser,cve_from_exploitdb_website.csv,499e206b9f8ad9e5db5bc4a533f9efbfd7638790,CVE-2001-0574
187895283,akabe1/windows_exploit_dowser,cve_from_exploitdb_website.csv,499e206b9f8ad9e5db5bc4a533f9efbfd7638790,CVE-2001-0571
187895283,akabe1/windows_exploit_dowser,cve_from_exploitdb_website.csv,499e206b9f8ad9e5db5bc4a533f9efbfd7638790,CVE-2001-0557
187895283,akabe1/windows_exploit_dowser,cve_from_exploitdb_website.csv,499e206b9f8ad9e5db5bc4a533f9efbfd7638790,CVE-2001-0538
187895283,akabe1/windows_exploit_dowser,cve_from_exploitdb_website.csv,499e206b9f8ad9e5db5bc4a533f9efbfd7638790,CVE-2001-0507
187895283,akabe1/windows_exploit_dowser,cve_from_exploitdb_website.csv,499e206b9f8ad9e5db5bc4a533f9efbfd7638790,CVE-2001-0506
187895283,akabe1/windows_exploit_dowser,cve_from_exploitdb_website.csv,499e206b9f8ad9e5db5bc4a533f9efbfd7638790,CVE-2001-0500
187895283,akabe1/windows_exploit_dowser,cve_from_exploitdb_website.csv,499e206b9f8ad9e5db5bc4a533f9efbfd7638790,CVE-2001-0499
187895283,akabe1/windows_exploit_dowser,cve_from_exploitdb_website.csv,499e206b9f8ad9e5db5bc4a533f9efbfd7638790,CVE-2001-0491
187895283,akabe1/windows_exploit_dowser,cve_from_exploitdb_website.csv,499e206b9f8ad9e5db5bc4a533f9efbfd7638790,CVE-2001-0490
187895283,akabe1/windows_exploit_dowser,cve_from_exploitdb_website.csv,499e206b9f8ad9e5db5bc4a533f9efbfd7638790,CVE-2001-0467
187895283,akabe1/windows_exploit_dowser,cve_from_exploitdb_website.csv,499e206b9f8ad9e5db5bc4a533f9efbfd7638790,CVE-2001-0264
187895283,akabe1/windows_exploit_dowser,cve_from_exploitdb_website.csv,499e206b9f8ad9e5db5bc4a533f9efbfd7638790,CVE-2001-0276
187895283,akabe1/windows_exploit_dowser,cve_from_exploitdb_website.csv,499e206b9f8ad9e5db5bc4a533f9efbfd7638790,CVE-2001-0280
187895283,akabe1/windows_exploit_dowser,cve_from_exploitdb_website.csv,499e206b9f8ad9e5db5bc4a533f9efbfd7638790,CVE-2001-0283
187895283,akabe1/windows_exploit_dowser,cve_from_exploitdb_website.csv,499e206b9f8ad9e5db5bc4a533f9efbfd7638790,CVE-2001-0286
187895283,akabe1/windows_exploit_dowser,cve_from_exploitdb_website.csv,499e206b9f8ad9e5db5bc4a533f9efbfd7638790,CVE-2001-0293
187895283,akabe1/windows_exploit_dowser,cve_from_exploitdb_website.csv,499e206b9f8ad9e5db5bc4a533f9efbfd7638790,CVE-2001-0688
187895283,akabe1/windows_exploit_dowser,cve_from_exploitdb_website.csv,499e206b9f8ad9e5db5bc4a533f9efbfd7638790,CVE-2001-0295
187895283,akabe1/windows_exploit_dowser,cve_from_exploitdb_website.csv,499e206b9f8ad9e5db5bc4a533f9efbfd7638790,CVE-2001-0306
187895283,akabe1/windows_exploit_dowser,cve_from_exploitdb_website.csv,499e206b9f8ad9e5db5bc4a533f9efbfd7638790,CVE-2001-0333
187895283,akabe1/windows_exploit_dowser,cve_from_exploitdb_website.csv,499e206b9f8ad9e5db5bc4a533f9efbfd7638790,CVE-2001-0341
187895283,akabe1/windows_exploit_dowser,cve_from_exploitdb_website.csv,499e206b9f8ad9e5db5bc4a533f9efbfd7638790,CVE-2001-0365
187895283,akabe1/windows_exploit_dowser,cve_from_exploitdb_website.csv,499e206b9f8ad9e5db5bc4a533f9efbfd7638790,CVE-2001-0452
187895283,akabe1/windows_exploit_dowser,cve_from_exploitdb_website.csv,499e206b9f8ad9e5db5bc4a533f9efbfd7638790,CVE-2001-0454
187895283,akabe1/windows_exploit_dowser,cve_from_exploitdb_website.csv,499e206b9f8ad9e5db5bc4a533f9efbfd7638790,CVE-2001-0296
187895283,akabe1/windows_exploit_dowser,cve_from_exploitdb_website.csv,499e206b9f8ad9e5db5bc4a533f9efbfd7638790,CVE-2001-0263
187895283,akabe1/windows_exploit_dowser,cve_from_exploitdb_website.csv,499e206b9f8ad9e5db5bc4a533f9efbfd7638790,CVE-2001-0704
187895283,akabe1/windows_exploit_dowser,cve_from_exploitdb_website.csv,499e206b9f8ad9e5db5bc4a533f9efbfd7638790,CVE-2001-0722
187895283,akabe1/windows_exploit_dowser,cve_from_exploitdb_website.csv,499e206b9f8ad9e5db5bc4a533f9efbfd7638790,CVE-2002-0023
187895283,akabe1/windows_exploit_dowser,cve_from_exploitdb_website.csv,499e206b9f8ad9e5db5bc4a533f9efbfd7638790,CVE-2002-0005
187895283,akabe1/windows_exploit_dowser,cve_from_exploitdb_website.csv,499e206b9f8ad9e5db5bc4a533f9efbfd7638790,CVE-2001-1586
187895283,akabe1/windows_exploit_dowser,cve_from_exploitdb_website.csv,499e206b9f8ad9e5db5bc4a533f9efbfd7638790,CVE-2001-1549
187895283,akabe1/windows_exploit_dowser,cve_from_exploitdb_website.csv,499e206b9f8ad9e5db5bc4a533f9efbfd7638790,CVE-2001-1546
187895283,akabe1/windows_exploit_dowser,cve_from_exploitdb_website.csv,499e206b9f8ad9e5db5bc4a533f9efbfd7638790,CVE-2001-1519
187895283,akabe1/windows_exploit_dowser,cve_from_exploitdb_website.csv,499e206b9f8ad9e5db5bc4a533f9efbfd7638790,CVE-2001-1410
187895283,akabe1/windows_exploit_dowser,cve_from_exploitdb_website.csv,499e206b9f8ad9e5db5bc4a533f9efbfd7638790,CVE-2001-1347
187895283,akabe1/windows_exploit_dowser,cve_from_exploitdb_website.csv,499e206b9f8ad9e5db5bc4a533f9efbfd7638790,CVE-2001-1335
187895283,akabe1/windows_exploit_dowser,cve_from_exploitdb_website.csv,499e206b9f8ad9e5db5bc4a533f9efbfd7638790,CVE-2001-1326
187895283,akabe1/windows_exploit_dowser,cve_from_exploitdb_website.csv,499e206b9f8ad9e5db5bc4a533f9efbfd7638790,CVE-2001-1325
187895283,akabe1/windows_exploit_dowser,cve_from_exploitdb_website.csv,499e206b9f8ad9e5db5bc4a533f9efbfd7638790,CVE-2001-1188
187895283,akabe1/windows_exploit_dowser,cve_from_exploitdb_website.csv,499e206b9f8ad9e5db5bc4a533f9efbfd7638790,CVE-2001-1142
187895283,akabe1/windows_exploit_dowser,cve_from_exploitdb_website.csv,499e206b9f8ad9e5db5bc4a533f9efbfd7638790,CVE-2001-1112
187895283,akabe1/windows_exploit_dowser,cve_from_exploitdb_website.csv,499e206b9f8ad9e5db5bc4a533f9efbfd7638790,CVE-2001-1109
187895283,akabe1/windows_exploit_dowser,cve_from_exploitdb_website.csv,499e206b9f8ad9e5db5bc4a533f9efbfd7638790,CVE-2001-1108
187895283,akabe1/windows_exploit_dowser,cve_from_exploitdb_website.csv,499e206b9f8ad9e5db5bc4a533f9efbfd7638790,CVE-2001-1107
187895283,akabe1/windows_exploit_dowser,cve_from_exploitdb_website.csv,499e206b9f8ad9e5db5bc4a533f9efbfd7638790,CVE-2001-0743
187895283,akabe1/windows_exploit_dowser,cve_from_exploitdb_website.csv,499e206b9f8ad9e5db5bc4a533f9efbfd7638790,CVE-2001-0778
187895283,akabe1/windows_exploit_dowser,cve_from_exploitdb_website.csv,499e206b9f8ad9e5db5bc4a533f9efbfd7638790,CVE-2001-0788
187895283,akabe1/windows_exploit_dowser,cve_from_exploitdb_website.csv,499e206b9f8ad9e5db5bc4a533f9efbfd7638790,CVE-2001-0791
187895283,akabe1/windows_exploit_dowser,cve_from_exploitdb_website.csv,499e206b9f8ad9e5db5bc4a533f9efbfd7638790,CVE-2001-0815
187895283,akabe1/windows_exploit_dowser,cve_from_exploitdb_website.csv,499e206b9f8ad9e5db5bc4a533f9efbfd7638790,CVE-2001-0836
187895283,akabe1/windows_exploit_dowser,cve_from_exploitdb_website.csv,499e206b9f8ad9e5db5bc4a533f9efbfd7638790,CVE-2001-0705
187895283,akabe1/windows_exploit_dowser,cve_from_exploitdb_website.csv,499e206b9f8ad9e5db5bc4a533f9efbfd7638790,CVE-2001-0875
187895283,akabe1/windows_exploit_dowser,cve_from_exploitdb_website.csv,499e206b9f8ad9e5db5bc4a533f9efbfd7638790,CVE-2001-0898
187895283,akabe1/windows_exploit_dowser,cve_from_exploitdb_website.csv,499e206b9f8ad9e5db5bc4a533f9efbfd7638790,CVE-2001-0941
187895283,akabe1/windows_exploit_dowser,cve_from_exploitdb_website.csv,499e206b9f8ad9e5db5bc4a533f9efbfd7638790,CVE-2001-0983
187895283,akabe1/windows_exploit_dowser,cve_from_exploitdb_website.csv,499e206b9f8ad9e5db5bc4a533f9efbfd7638790,CVE-2001-0986
187895283,akabe1/windows_exploit_dowser,cve_from_exploitdb_website.csv,499e206b9f8ad9e5db5bc4a533f9efbfd7638790,CVE-2001-1021
187895283,akabe1/windows_exploit_dowser,cve_from_exploitdb_website.csv,499e206b9f8ad9e5db5bc4a533f9efbfd7638790,CVE-2001-1088
187895283,akabe1/windows_exploit_dowser,cve_from_exploitdb_website.csv,499e206b9f8ad9e5db5bc4a533f9efbfd7638790,CVE-2001-0876
187895283,akabe1/windows_exploit_dowser,cve_from_exploitdb_website.csv,499e206b9f8ad9e5db5bc4a533f9efbfd7638790,CVE-2002-0061
187895283,akabe1/windows_exploit_dowser,cve_from_exploitdb_website.csv,499e206b9f8ad9e5db5bc4a533f9efbfd7638790,CVE-2001-0262
187895283,akabe1/windows_exploit_dowser,cve_from_exploitdb_website.csv,499e206b9f8ad9e5db5bc4a533f9efbfd7638790,CVE-2001-0241
187895283,akabe1/windows_exploit_dowser,cve_from_exploitdb_website.csv,499e206b9f8ad9e5db5bc4a533f9efbfd7638790,CVE-2000-1033
187895283,akabe1/windows_exploit_dowser,cve_from_exploitdb_website.csv,499e206b9f8ad9e5db5bc4a533f9efbfd7638790,CVE-2000-0985
187895283,akabe1/windows_exploit_dowser,cve_from_exploitdb_website.csv,499e206b9f8ad9e5db5bc4a533f9efbfd7638790,CVE-2000-0979
187895283,akabe1/windows_exploit_dowser,cve_from_exploitdb_website.csv,499e206b9f8ad9e5db5bc4a533f9efbfd7638790,CVE-2000-0951
187895283,akabe1/windows_exploit_dowser,cve_from_exploitdb_website.csv,499e206b9f8ad9e5db5bc4a533f9efbfd7638790,CVE-2000-0942
187895283,akabe1/windows_exploit_dowser,cve_from_exploitdb_website.csv,499e206b9f8ad9e5db5bc4a533f9efbfd7638790,CVE-2000-0930
187895283,akabe1/windows_exploit_dowser,cve_from_exploitdb_website.csv,499e206b9f8ad9e5db5bc4a533f9efbfd7638790,CVE-2000-0929
187895283,akabe1/windows_exploit_dowser,cve_from_exploitdb_website.csv,499e206b9f8ad9e5db5bc4a533f9efbfd7638790,CVE-2000-0926
187895283,akabe1/windows_exploit_dowser,cve_from_exploitdb_website.csv,499e206b9f8ad9e5db5bc4a533f9efbfd7638790,CVE-2000-0925
187895283,akabe1/windows_exploit_dowser,cve_from_exploitdb_website.csv,499e206b9f8ad9e5db5bc4a533f9efbfd7638790,CVE-2000-0886
187895283,akabe1/windows_exploit_dowser,cve_from_exploitdb_website.csv,499e206b9f8ad9e5db5bc4a533f9efbfd7638790,CVE-2000-0884
187895283,akabe1/windows_exploit_dowser,cve_from_exploitdb_website.csv,499e206b9f8ad9e5db5bc4a533f9efbfd7638790,CVE-2000-0854
187895283,akabe1/windows_exploit_dowser,cve_from_exploitdb_website.csv,499e206b9f8ad9e5db5bc4a533f9efbfd7638790,CVE-2000-0851
187895283,akabe1/windows_exploit_dowser,cve_from_exploitdb_website.csv,499e206b9f8ad9e5db5bc4a533f9efbfd7638790,CVE-2000-0836
187895283,akabe1/windows_exploit_dowser,cve_from_exploitdb_website.csv,499e206b9f8ad9e5db5bc4a533f9efbfd7638790,CVE-2000-0835
187895283,akabe1/windows_exploit_dowser,cve_from_exploitdb_website.csv,499e206b9f8ad9e5db5bc4a533f9efbfd7638790,CVE-2000-0834
187895283,akabe1/windows_exploit_dowser,cve_from_exploitdb_website.csv,499e206b9f8ad9e5db5bc4a533f9efbfd7638790,CVE-2000-0828
187895283,akabe1/windows_exploit_dowser,cve_from_exploitdb_website.csv,499e206b9f8ad9e5db5bc4a533f9efbfd7638790,CVE-2000-0664
187895283,akabe1/windows_exploit_dowser,cve_from_exploitdb_website.csv,499e206b9f8ad9e5db5bc4a533f9efbfd7638790,CVE-2000-0673
187895283,akabe1/windows_exploit_dowser,cve_from_exploitdb_website.csv,499e206b9f8ad9e5db5bc4a533f9efbfd7638790,CVE-2000-0675
187895283,akabe1/windows_exploit_dowser,cve_from_exploitdb_website.csv,499e206b9f8ad9e5db5bc4a533f9efbfd7638790,CVE-2000-0684
187895283,akabe1/windows_exploit_dowser,cve_from_exploitdb_website.csv,499e206b9f8ad9e5db5bc4a533f9efbfd7638790,CVE-2000-0685
187895283,akabe1/windows_exploit_dowser,cve_from_exploitdb_website.csv,499e206b9f8ad9e5db5bc4a533f9efbfd7638790,CVE-2000-0734
187895283,akabe1/windows_exploit_dowser,cve_from_exploitdb_website.csv,499e206b9f8ad9e5db5bc4a533f9efbfd7638790,CVE-2000-1054
187895283,akabe1/windows_exploit_dowser,cve_from_exploitdb_website.csv,499e206b9f8ad9e5db5bc4a533f9efbfd7638790,CVE-2000-0737
187895283,akabe1/windows_exploit_dowser,cve_from_exploitdb_website.csv,499e206b9f8ad9e5db5bc4a533f9efbfd7638790,CVE-2000-0740
187895283,akabe1/windows_exploit_dowser,cve_from_exploitdb_website.csv,499e206b9f8ad9e5db5bc4a533f9efbfd7638790,CVE-2000-0741
187895283,akabe1/windows_exploit_dowser,cve_from_exploitdb_website.csv,499e206b9f8ad9e5db5bc4a533f9efbfd7638790,CVE-2000-0775
187895283,akabe1/windows_exploit_dowser,cve_from_exploitdb_website.csv,499e206b9f8ad9e5db5bc4a533f9efbfd7638790,CVE-2000-0776
187895283,akabe1/windows_exploit_dowser,cve_from_exploitdb_website.csv,499e206b9f8ad9e5db5bc4a533f9efbfd7638790,CVE-2000-0778
187895283,akabe1/windows_exploit_dowser,cve_from_exploitdb_website.csv,499e206b9f8ad9e5db5bc4a533f9efbfd7638790,CVE-2000-0780
187895283,akabe1/windows_exploit_dowser,cve_from_exploitdb_website.csv,499e206b9f8ad9e5db5bc4a533f9efbfd7638790,CVE-2000-0739
187895283,akabe1/windows_exploit_dowser,cve_from_exploitdb_website.csv,499e206b9f8ad9e5db5bc4a533f9efbfd7638790,CVE-2001-0255
187895283,akabe1/windows_exploit_dowser,cve_from_exploitdb_website.csv,499e206b9f8ad9e5db5bc4a533f9efbfd7638790,CVE-2000-1061
187895283,akabe1/windows_exploit_dowser,cve_from_exploitdb_website.csv,499e206b9f8ad9e5db5bc4a533f9efbfd7638790,CVE-2000-1081
187895283,akabe1/windows_exploit_dowser,cve_from_exploitdb_website.csv,499e206b9f8ad9e5db5bc4a533f9efbfd7638790,CVE-2001-0228
187895283,akabe1/windows_exploit_dowser,cve_from_exploitdb_website.csv,499e206b9f8ad9e5db5bc4a533f9efbfd7638790,CVE-2001-0212
187895283,akabe1/windows_exploit_dowser,cve_from_exploitdb_website.csv,499e206b9f8ad9e5db5bc4a533f9efbfd7638790,CVE-2001-0206
187895283,akabe1/windows_exploit_dowser,cve_from_exploitdb_website.csv,499e206b9f8ad9e5db5bc4a533f9efbfd7638790,CVE-2001-0205
187895283,akabe1/windows_exploit_dowser,cve_from_exploitdb_website.csv,499e206b9f8ad9e5db5bc4a533f9efbfd7638790,CVE-2001-0202
187895283,akabe1/windows_exploit_dowser,cve_from_exploitdb_website.csv,499e206b9f8ad9e5db5bc4a533f9efbfd7638790,CVE-2001-0199
187895283,akabe1/windows_exploit_dowser,cve_from_exploitdb_website.csv,499e206b9f8ad9e5db5bc4a533f9efbfd7638790,CVE-2001-0198
187895283,akabe1/windows_exploit_dowser,cve_from_exploitdb_website.csv,499e206b9f8ad9e5db5bc4a533f9efbfd7638790,CVE-2001-0197
187895283,akabe1/windows_exploit_dowser,cve_from_exploitdb_website.csv,499e206b9f8ad9e5db5bc4a533f9efbfd7638790,CVE-2001-0189
187895283,akabe1/windows_exploit_dowser,cve_from_exploitdb_website.csv,499e206b9f8ad9e5db5bc4a533f9efbfd7638790,CVE-2001-0150
187895283,akabe1/windows_exploit_dowser,cve_from_exploitdb_website.csv,499e206b9f8ad9e5db5bc4a533f9efbfd7638790,CVE-2001-0149
187895283,akabe1/windows_exploit_dowser,cve_from_exploitdb_website.csv,499e206b9f8ad9e5db5bc4a533f9efbfd7638790,CVE-2001-0148
187895283,akabe1/windows_exploit_dowser,cve_from_exploitdb_website.csv,499e206b9f8ad9e5db5bc4a533f9efbfd7638790,CVE-2001-0137
187895283,akabe1/windows_exploit_dowser,cve_from_exploitdb_website.csv,499e206b9f8ad9e5db5bc4a533f9efbfd7638790,CVE-2001-0129
187895283,akabe1/windows_exploit_dowser,cve_from_exploitdb_website.csv,499e206b9f8ad9e5db5bc4a533f9efbfd7638790,CVE-2001-0114
187895283,akabe1/windows_exploit_dowser,cve_from_exploitdb_website.csv,499e206b9f8ad9e5db5bc4a533f9efbfd7638790,CVE-2001-0113
187895283,akabe1/windows_exploit_dowser,cve_from_exploitdb_website.csv,499e206b9f8ad9e5db5bc4a533f9efbfd7638790,CVE-2001-0089
187895283,akabe1/windows_exploit_dowser,cve_from_exploitdb_website.csv,499e206b9f8ad9e5db5bc4a533f9efbfd7638790,CVE-2000-1083
187895283,akabe1/windows_exploit_dowser,cve_from_exploitdb_website.csv,499e206b9f8ad9e5db5bc4a533f9efbfd7638790,CVE-2000-1085
187895283,akabe1/windows_exploit_dowser,cve_from_exploitdb_website.csv,499e206b9f8ad9e5db5bc4a533f9efbfd7638790,CVE-2000-1089
187895283,akabe1/windows_exploit_dowser,cve_from_exploitdb_website.csv,499e206b9f8ad9e5db5bc4a533f9efbfd7638790,CVE-2000-1093
187895283,akabe1/windows_exploit_dowser,cve_from_exploitdb_website.csv,499e206b9f8ad9e5db5bc4a533f9efbfd7638790,CVE-2000-1094
187895283,akabe1/windows_exploit_dowser,cve_from_exploitdb_website.csv,499e206b9f8ad9e5db5bc4a533f9efbfd7638790,CVE-2000-1105
187895283,akabe1/windows_exploit_dowser,cve_from_exploitdb_website.csv,499e206b9f8ad9e5db5bc4a533f9efbfd7638790,CVE-2000-1075
187895283,akabe1/windows_exploit_dowser,cve_from_exploitdb_website.csv,499e206b9f8ad9e5db5bc4a533f9efbfd7638790,CVE-2000-1112
187895283,akabe1/windows_exploit_dowser,cve_from_exploitdb_website.csv,499e206b9f8ad9e5db5bc4a533f9efbfd7638790,CVE-2000-1116
187895283,akabe1/windows_exploit_dowser,cve_from_exploitdb_website.csv,499e206b9f8ad9e5db5bc4a533f9efbfd7638790,CVE-2000-1147
187895283,akabe1/windows_exploit_dowser,cve_from_exploitdb_website.csv,499e206b9f8ad9e5db5bc4a533f9efbfd7638790,CVE-2000-1244
187895283,akabe1/windows_exploit_dowser,cve_from_exploitdb_website.csv,499e206b9f8ad9e5db5bc4a533f9efbfd7638790,CVE-2001-0037
187895283,akabe1/windows_exploit_dowser,cve_from_exploitdb_website.csv,499e206b9f8ad9e5db5bc4a533f9efbfd7638790,CVE-2001-0038
187895283,akabe1/windows_exploit_dowser,cve_from_exploitdb_website.csv,499e206b9f8ad9e5db5bc4a533f9efbfd7638790,CVE-2001-0054
187895283,akabe1/windows_exploit_dowser,cve_from_exploitdb_website.csv,499e206b9f8ad9e5db5bc4a533f9efbfd7638790,CVE-2000-1113
187895283,akabe1/windows_exploit_dowser,cve_from_exploitdb_website.csv,499e206b9f8ad9e5db5bc4a533f9efbfd7638790,CVE-2004-1325
187895283,akabe1/windows_exploit_dowser,cve_from_exploitdb_website.csv,499e206b9f8ad9e5db5bc4a533f9efbfd7638790,CVE-2018-8174
187895283,akabe1/windows_exploit_dowser,cve_from_exploitdb_website.csv,499e206b9f8ad9e5db5bc4a533f9efbfd7638790,CVE-2004-1373
187895283,akabe1/windows_exploit_dowser,cve_from_exploitdb_website.csv,499e206b9f8ad9e5db5bc4a533f9efbfd7638790,CVE-2006-1359
187895283,akabe1/windows_exploit_dowser,cve_from_exploitdb_website.csv,499e206b9f8ad9e5db5bc4a533f9efbfd7638790,CVE-2006-1626
187895283,akabe1/windows_exploit_dowser,cve_from_exploitdb_website.csv,499e206b9f8ad9e5db5bc4a533f9efbfd7638790,CVE-2006-1652
187895283,akabe1/windows_exploit_dowser,cve_from_exploitdb_website.csv,499e206b9f8ad9e5db5bc4a533f9efbfd7638790,CVE-2006-1654
187895283,akabe1/windows_exploit_dowser,cve_from_exploitdb_website.csv,499e206b9f8ad9e5db5bc4a533f9efbfd7638790,CVE-2006-1771
187895283,akabe1/windows_exploit_dowser,cve_from_exploitdb_website.csv,499e206b9f8ad9e5db5bc4a533f9efbfd7638790,CVE-2006-2094
187895283,akabe1/windows_exploit_dowser,cve_from_exploitdb_website.csv,499e206b9f8ad9e5db5bc4a533f9efbfd7638790,CVE-2006-2099
187895283,akabe1/windows_exploit_dowser,cve_from_exploitdb_website.csv,499e206b9f8ad9e5db5bc4a533f9efbfd7638790,CVE-2006-1255
187895283,akabe1/windows_exploit_dowser,cve_from_exploitdb_website.csv,499e206b9f8ad9e5db5bc4a533f9efbfd7638790,CVE-2006-2100
187895283,akabe1/windows_exploit_dowser,cve_from_exploitdb_website.csv,499e206b9f8ad9e5db5bc4a533f9efbfd7638790,CVE-2006-2102
187895283,akabe1/windows_exploit_dowser,cve_from_exploitdb_website.csv,499e206b9f8ad9e5db5bc4a533f9efbfd7638790,CVE-2006-2233
187895283,akabe1/windows_exploit_dowser,cve_from_exploitdb_website.csv,499e206b9f8ad9e5db5bc4a533f9efbfd7638790,CVE-2006-2316
187895283,akabe1/windows_exploit_dowser,cve_from_exploitdb_website.csv,499e206b9f8ad9e5db5bc4a533f9efbfd7638790,CVE-2006-2334
187895283,akabe1/windows_exploit_dowser,cve_from_exploitdb_website.csv,499e206b9f8ad9e5db5bc4a533f9efbfd7638790,CVE-2006-2372
187895283,akabe1/windows_exploit_dowser,cve_from_exploitdb_website.csv,499e206b9f8ad9e5db5bc4a533f9efbfd7638790,CVE-2006-2373
187895283,akabe1/windows_exploit_dowser,cve_from_exploitdb_website.csv,499e206b9f8ad9e5db5bc4a533f9efbfd7638790,CVE-2006-2383
187895283,akabe1/windows_exploit_dowser,cve_from_exploitdb_website.csv,499e206b9f8ad9e5db5bc4a533f9efbfd7638790,CVE-2006-2101
187895283,akabe1/windows_exploit_dowser,cve_from_exploitdb_website.csv,499e206b9f8ad9e5db5bc4a533f9efbfd7638790,CVE-2006-1193
187895283,akabe1/windows_exploit_dowser,cve_from_exploitdb_website.csv,499e206b9f8ad9e5db5bc4a533f9efbfd7638790,CVE-2006-1172
187895283,akabe1/windows_exploit_dowser,cve_from_exploitdb_website.csv,499e206b9f8ad9e5db5bc4a533f9efbfd7638790,CVE-2006-1161
187895283,akabe1/windows_exploit_dowser,cve_from_exploitdb_website.csv,499e206b9f8ad9e5db5bc4a533f9efbfd7638790,CVE-2006-0005
187895283,akabe1/windows_exploit_dowser,cve_from_exploitdb_website.csv,499e206b9f8ad9e5db5bc4a533f9efbfd7638790,CVE-2006-0006
187895283,akabe1/windows_exploit_dowser,cve_from_exploitdb_website.csv,499e206b9f8ad9e5db5bc4a533f9efbfd7638790,CVE-2006-0026
187895283,akabe1/windows_exploit_dowser,cve_from_exploitdb_website.csv,499e206b9f8ad9e5db5bc4a533f9efbfd7638790,CVE-2006-0032
187895283,akabe1/windows_exploit_dowser,cve_from_exploitdb_website.csv,499e206b9f8ad9e5db5bc4a533f9efbfd7638790,CVE-2006-0097
187895283,akabe1/windows_exploit_dowser,cve_from_exploitdb_website.csv,499e206b9f8ad9e5db5bc4a533f9efbfd7638790,CVE-2006-0187
187895283,akabe1/windows_exploit_dowser,cve_from_exploitdb_website.csv,499e206b9f8ad9e5db5bc4a533f9efbfd7638790,CVE-2006-0189
187895283,akabe1/windows_exploit_dowser,cve_from_exploitdb_website.csv,499e206b9f8ad9e5db5bc4a533f9efbfd7638790,CVE-2006-0230
187895283,akabe1/windows_exploit_dowser,cve_from_exploitdb_website.csv,499e206b9f8ad9e5db5bc4a533f9efbfd7638790,CVE-2006-0287
187895283,akabe1/windows_exploit_dowser,cve_from_exploitdb_website.csv,499e206b9f8ad9e5db5bc4a533f9efbfd7638790,CVE-2006-0319
187895283,akabe1/windows_exploit_dowser,cve_from_exploitdb_website.csv,499e206b9f8ad9e5db5bc4a533f9efbfd7638790,CVE-2006-0441
187895283,akabe1/windows_exploit_dowser,cve_from_exploitdb_website.csv,499e206b9f8ad9e5db5bc4a533f9efbfd7638790,CVE-2006-0476
187895283,akabe1/windows_exploit_dowser,cve_from_exploitdb_website.csv,499e206b9f8ad9e5db5bc4a533f9efbfd7638790,CVE-2006-0537
187895283,akabe1/windows_exploit_dowser,cve_from_exploitdb_website.csv,499e206b9f8ad9e5db5bc4a533f9efbfd7638790,CVE-2006-0564
187895283,akabe1/windows_exploit_dowser,cve_from_exploitdb_website.csv,499e206b9f8ad9e5db5bc4a533f9efbfd7638790,CVE-2006-0971
187895283,akabe1/windows_exploit_dowser,cve_from_exploitdb_website.csv,499e206b9f8ad9e5db5bc4a533f9efbfd7638790,CVE-2006-1043
187895283,akabe1/windows_exploit_dowser,cve_from_exploitdb_website.csv,499e206b9f8ad9e5db5bc4a533f9efbfd7638790,CVE-2006-1124
187895283,akabe1/windows_exploit_dowser,cve_from_exploitdb_website.csv,499e206b9f8ad9e5db5bc4a533f9efbfd7638790,CVE-2006-2407
187895283,akabe1/windows_exploit_dowser,cve_from_exploitdb_website.csv,499e206b9f8ad9e5db5bc4a533f9efbfd7638790,CVE-2006-2439
187895283,akabe1/windows_exploit_dowser,cve_from_exploitdb_website.csv,499e206b9f8ad9e5db5bc4a533f9efbfd7638790,CVE-2006-2494
187895283,akabe1/windows_exploit_dowser,cve_from_exploitdb_website.csv,499e206b9f8ad9e5db5bc4a533f9efbfd7638790,CVE-2006-2894
187895283,akabe1/windows_exploit_dowser,cve_from_exploitdb_website.csv,499e206b9f8ad9e5db5bc4a533f9efbfd7638790,CVE-2006-3814
187895283,akabe1/windows_exploit_dowser,cve_from_exploitdb_website.csv,499e206b9f8ad9e5db5bc4a533f9efbfd7638790,CVE-2006-3838
187895283,akabe1/windows_exploit_dowser,cve_from_exploitdb_website.csv,499e206b9f8ad9e5db5bc4a533f9efbfd7638790,CVE-2006-3845
187895283,akabe1/windows_exploit_dowser,cve_from_exploitdb_website.csv,499e206b9f8ad9e5db5bc4a533f9efbfd7638790,CVE-2006-3866
187895283,akabe1/windows_exploit_dowser,cve_from_exploitdb_website.csv,499e206b9f8ad9e5db5bc4a533f9efbfd7638790,CVE-2006-3890
187895283,akabe1/windows_exploit_dowser,cve_from_exploitdb_website.csv,499e206b9f8ad9e5db5bc4a533f9efbfd7638790,CVE-2006-3912
187895283,akabe1/windows_exploit_dowser,cve_from_exploitdb_website.csv,499e206b9f8ad9e5db5bc4a533f9efbfd7638790,CVE-2006-3952
187895283,akabe1/windows_exploit_dowser,cve_from_exploitdb_website.csv,499e206b9f8ad9e5db5bc4a533f9efbfd7638790,CVE-2006-4046
187895283,akabe1/windows_exploit_dowser,cve_from_exploitdb_website.csv,499e206b9f8ad9e5db5bc4a533f9efbfd7638790,CVE-2006-4140
187895283,akabe1/windows_exploit_dowser,cve_from_exploitdb_website.csv,499e206b9f8ad9e5db5bc4a533f9efbfd7638790,CVE-2006-4219
187895283,akabe1/windows_exploit_dowser,cve_from_exploitdb_website.csv,499e206b9f8ad9e5db5bc4a533f9efbfd7638790,CVE-2006-4295
187895283,akabe1/windows_exploit_dowser,cve_from_exploitdb_website.csv,499e206b9f8ad9e5db5bc4a533f9efbfd7638790,CVE-2006-4318
187895283,akabe1/windows_exploit_dowser,cve_from_exploitdb_website.csv,499e206b9f8ad9e5db5bc4a533f9efbfd7638790,CVE-2006-4359
187895283,akabe1/windows_exploit_dowser,cve_from_exploitdb_website.csv,499e206b9f8ad9e5db5bc4a533f9efbfd7638790,CVE-2006-4364
187895283,akabe1/windows_exploit_dowser,cve_from_exploitdb_website.csv,499e206b9f8ad9e5db5bc4a533f9efbfd7638790,CVE-2006-4379
187895283,akabe1/windows_exploit_dowser,cve_from_exploitdb_website.csv,499e206b9f8ad9e5db5bc4a533f9efbfd7638790,CVE-2006-4446
187895283,akabe1/windows_exploit_dowser,cve_from_exploitdb_website.csv,499e206b9f8ad9e5db5bc4a533f9efbfd7638790,CVE-2006-4654
187895283,akabe1/windows_exploit_dowser,cve_from_exploitdb_website.csv,499e206b9f8ad9e5db5bc4a533f9efbfd7638790,CVE-2006-3747
187895283,akabe1/windows_exploit_dowser,cve_from_exploitdb_website.csv,499e206b9f8ad9e5db5bc4a533f9efbfd7638790,CVE-2006-0003
187895283,akabe1/windows_exploit_dowser,cve_from_exploitdb_website.csv,499e206b9f8ad9e5db5bc4a533f9efbfd7638790,CVE-2006-3730
187895283,akabe1/windows_exploit_dowser,cve_from_exploitdb_website.csv,499e206b9f8ad9e5db5bc4a533f9efbfd7638790,CVE-2006-3670
187895283,akabe1/windows_exploit_dowser,cve_from_exploitdb_website.csv,499e206b9f8ad9e5db5bc4a533f9efbfd7638790,CVE-2006-2909
187895283,akabe1/windows_exploit_dowser,cve_from_exploitdb_website.csv,499e206b9f8ad9e5db5bc4a533f9efbfd7638790,CVE-2006-2926
187895283,akabe1/windows_exploit_dowser,cve_from_exploitdb_website.csv,499e206b9f8ad9e5db5bc4a533f9efbfd7638790,CVE-2006-2961
187895283,akabe1/windows_exploit_dowser,cve_from_exploitdb_website.csv,499e206b9f8ad9e5db5bc4a533f9efbfd7638790,CVE-2006-3015
187895283,akabe1/windows_exploit_dowser,cve_from_exploitdb_website.csv,499e206b9f8ad9e5db5bc4a533f9efbfd7638790,CVE-2006-3059
187895283,akabe1/windows_exploit_dowser,cve_from_exploitdb_website.csv,499e206b9f8ad9e5db5bc4a533f9efbfd7638790,CVE-2006-3074
187895283,akabe1/windows_exploit_dowser,cve_from_exploitdb_website.csv,499e206b9f8ad9e5db5bc4a533f9efbfd7638790,CVE-2006-3124
187895283,akabe1/windows_exploit_dowser,cve_from_exploitdb_website.csv,499e206b9f8ad9e5db5bc4a533f9efbfd7638790,CVE-2006-3252
187895283,akabe1/windows_exploit_dowser,cve_from_exploitdb_website.csv,499e206b9f8ad9e5db5bc4a533f9efbfd7638790,CVE-2006-3280
187895283,akabe1/windows_exploit_dowser,cve_from_exploitdb_website.csv,499e206b9f8ad9e5db5bc4a533f9efbfd7638790,CVE-2006-3281
187895283,akabe1/windows_exploit_dowser,cve_from_exploitdb_website.csv,499e206b9f8ad9e5db5bc4a533f9efbfd7638790,CVE-2006-3431
187895283,akabe1/windows_exploit_dowser,cve_from_exploitdb_website.csv,499e206b9f8ad9e5db5bc4a533f9efbfd7638790,CVE-2006-3439
187895283,akabe1/windows_exploit_dowser,cve_from_exploitdb_website.csv,499e206b9f8ad9e5db5bc4a533f9efbfd7638790,CVE-2006-3444
187895283,akabe1/windows_exploit_dowser,cve_from_exploitdb_website.csv,499e206b9f8ad9e5db5bc4a533f9efbfd7638790,CVE-2006-3491
187895283,akabe1/windows_exploit_dowser,cve_from_exploitdb_website.csv,499e206b9f8ad9e5db5bc4a533f9efbfd7638790,CVE-2006-3655
187895283,akabe1/windows_exploit_dowser,cve_from_exploitdb_website.csv,499e206b9f8ad9e5db5bc4a533f9efbfd7638790,CVE-2006-3656
187895283,akabe1/windows_exploit_dowser,cve_from_exploitdb_website.csv,499e206b9f8ad9e5db5bc4a533f9efbfd7638790,CVE-2006-3660
187895283,akabe1/windows_exploit_dowser,cve_from_exploitdb_website.csv,499e206b9f8ad9e5db5bc4a533f9efbfd7638790,CVE-2006-3726
187895283,akabe1/windows_exploit_dowser,cve_from_exploitdb_website.csv,499e206b9f8ad9e5db5bc4a533f9efbfd7638790,CVE-2005-4868
187895283,akabe1/windows_exploit_dowser,cve_from_exploitdb_website.csv,499e206b9f8ad9e5db5bc4a533f9efbfd7638790,CVE-2005-4832
187895283,akabe1/windows_exploit_dowser,cve_from_exploitdb_website.csv,499e206b9f8ad9e5db5bc4a533f9efbfd7638790,CVE-2005-4774
187895283,akabe1/windows_exploit_dowser,cve_from_exploitdb_website.csv,499e206b9f8ad9e5db5bc4a533f9efbfd7638790,CVE-2005-1424
187895283,akabe1/windows_exploit_dowser,cve_from_exploitdb_website.csv,499e206b9f8ad9e5db5bc4a533f9efbfd7638790,CVE-2005-1477
187895283,akabe1/windows_exploit_dowser,cve_from_exploitdb_website.csv,499e206b9f8ad9e5db5bc4a533f9efbfd7638790,CVE-2005-1480
187895283,akabe1/windows_exploit_dowser,cve_from_exploitdb_website.csv,499e206b9f8ad9e5db5bc4a533f9efbfd7638790,CVE-2005-1493
187895283,akabe1/windows_exploit_dowser,cve_from_exploitdb_website.csv,499e206b9f8ad9e5db5bc4a533f9efbfd7638790,CVE-2005-1543
187895283,akabe1/windows_exploit_dowser,cve_from_exploitdb_website.csv,499e206b9f8ad9e5db5bc4a533f9efbfd7638790,CVE-2005-1547
187895283,akabe1/windows_exploit_dowser,cve_from_exploitdb_website.csv,499e206b9f8ad9e5db5bc4a533f9efbfd7638790,CVE-2005-1552
187895283,akabe1/windows_exploit_dowser,cve_from_exploitdb_website.csv,499e206b9f8ad9e5db5bc4a533f9efbfd7638790,CVE-2005-1590
187895283,akabe1/windows_exploit_dowser,cve_from_exploitdb_website.csv,499e206b9f8ad9e5db5bc4a533f9efbfd7638790,CVE-2005-1606
187895283,akabe1/windows_exploit_dowser,cve_from_exploitdb_website.csv,499e206b9f8ad9e5db5bc4a533f9efbfd7638790,CVE-2005-1654
187895283,akabe1/windows_exploit_dowser,cve_from_exploitdb_website.csv,499e206b9f8ad9e5db5bc4a533f9efbfd7638790,CVE-2005-1708
187895283,akabe1/windows_exploit_dowser,cve_from_exploitdb_website.csv,499e206b9f8ad9e5db5bc4a533f9efbfd7638790,CVE-2005-1709
187895283,akabe1/windows_exploit_dowser,cve_from_exploitdb_website.csv,499e206b9f8ad9e5db5bc4a533f9efbfd7638790,CVE-2005-1873
187895283,akabe1/windows_exploit_dowser,cve_from_exploitdb_website.csv,499e206b9f8ad9e5db5bc4a533f9efbfd7638790,CVE-2005-1903
187895283,akabe1/windows_exploit_dowser,cve_from_exploitdb_website.csv,499e206b9f8ad9e5db5bc4a533f9efbfd7638790,CVE-2005-1905
187895283,akabe1/windows_exploit_dowser,cve_from_exploitdb_website.csv,499e206b9f8ad9e5db5bc4a533f9efbfd7638790,CVE-2005-1939
187895283,akabe1/windows_exploit_dowser,cve_from_exploitdb_website.csv,499e206b9f8ad9e5db5bc4a533f9efbfd7638790,CVE-2005-1978
187895283,akabe1/windows_exploit_dowser,cve_from_exploitdb_website.csv,499e206b9f8ad9e5db5bc4a533f9efbfd7638790,CVE-2005-1423
187895283,akabe1/windows_exploit_dowser,cve_from_exploitdb_website.csv,499e206b9f8ad9e5db5bc4a533f9efbfd7638790,CVE-2005-1983
187895283,akabe1/windows_exploit_dowser,cve_from_exploitdb_website.csv,499e206b9f8ad9e5db5bc4a533f9efbfd7638790,CVE-2005-1418
187895283,akabe1/windows_exploit_dowser,cve_from_exploitdb_website.csv,499e206b9f8ad9e5db5bc4a533f9efbfd7638790,CVE-2005-1414
187895283,akabe1/windows_exploit_dowser,cve_from_exploitdb_website.csv,499e206b9f8ad9e5db5bc4a533f9efbfd7638790,CVE-2005-1098
187895283,akabe1/windows_exploit_dowser,cve_from_exploitdb_website.csv,499e206b9f8ad9e5db5bc4a533f9efbfd7638790,CVE-2005-1118
187895283,akabe1/windows_exploit_dowser,cve_from_exploitdb_website.csv,499e206b9f8ad9e5db5bc4a533f9efbfd7638790,CVE-2005-1163
187895283,akabe1/windows_exploit_dowser,cve_from_exploitdb_website.csv,499e206b9f8ad9e5db5bc4a533f9efbfd7638790,CVE-2005-1173
187895283,akabe1/windows_exploit_dowser,cve_from_exploitdb_website.csv,499e206b9f8ad9e5db5bc4a533f9efbfd7638790,CVE-2005-1191
187895283,akabe1/windows_exploit_dowser,cve_from_exploitdb_website.csv,499e206b9f8ad9e5db5bc4a533f9efbfd7638790,CVE-2005-1213
187895283,akabe1/windows_exploit_dowser,cve_from_exploitdb_website.csv,499e206b9f8ad9e5db5bc4a533f9efbfd7638790,CVE-2005-1219
187895283,akabe1/windows_exploit_dowser,cve_from_exploitdb_website.csv,499e206b9f8ad9e5db5bc4a533f9efbfd7638790,CVE-2005-1255
187895283,akabe1/windows_exploit_dowser,cve_from_exploitdb_website.csv,499e206b9f8ad9e5db5bc4a533f9efbfd7638790,CVE-2005-1272
187895283,akabe1/windows_exploit_dowser,cve_from_exploitdb_website.csv,499e206b9f8ad9e5db5bc4a533f9efbfd7638790,CVE-2005-1306
187895283,akabe1/windows_exploit_dowser,cve_from_exploitdb_website.csv,499e206b9f8ad9e5db5bc4a533f9efbfd7638790,CVE-2005-1323
187895283,akabe1/windows_exploit_dowser,cve_from_exploitdb_website.csv,499e206b9f8ad9e5db5bc4a533f9efbfd7638790,CVE-2005-1348
187895283,akabe1/windows_exploit_dowser,cve_from_exploitdb_website.csv,499e206b9f8ad9e5db5bc4a533f9efbfd7638790,CVE-2005-1370
187895283,akabe1/windows_exploit_dowser,cve_from_exploitdb_website.csv,499e206b9f8ad9e5db5bc4a533f9efbfd7638790,CVE-2005-1371
187895283,akabe1/windows_exploit_dowser,cve_from_exploitdb_website.csv,499e206b9f8ad9e5db5bc4a533f9efbfd7638790,CVE-2005-1372
187895283,akabe1/windows_exploit_dowser,cve_from_exploitdb_website.csv,499e206b9f8ad9e5db5bc4a533f9efbfd7638790,CVE-2005-1380
187895283,akabe1/windows_exploit_dowser,cve_from_exploitdb_website.csv,499e206b9f8ad9e5db5bc4a533f9efbfd7638790,CVE-2005-1411
187895283,akabe1/windows_exploit_dowser,cve_from_exploitdb_website.csv,499e206b9f8ad9e5db5bc4a533f9efbfd7638790,CVE-2005-1415
187895283,akabe1/windows_exploit_dowser,cve_from_exploitdb_website.csv,499e206b9f8ad9e5db5bc4a533f9efbfd7638790,CVE-2006-4676
187895283,akabe1/windows_exploit_dowser,cve_from_exploitdb_website.csv,499e206b9f8ad9e5db5bc4a533f9efbfd7638790,CVE-2005-1988
187895283,akabe1/windows_exploit_dowser,cve_from_exploitdb_website.csv,499e206b9f8ad9e5db5bc4a533f9efbfd7638790,CVE-2005-2127
187895283,akabe1/windows_exploit_dowser,cve_from_exploitdb_website.csv,499e206b9f8ad9e5db5bc4a533f9efbfd7638790,CVE-2005-3330
187895283,akabe1/windows_exploit_dowser,cve_from_exploitdb_website.csv,499e206b9f8ad9e5db5bc4a533f9efbfd7638790,CVE-2005-3489
187895283,akabe1/windows_exploit_dowser,cve_from_exploitdb_website.csv,499e206b9f8ad9e5db5bc4a533f9efbfd7638790,CVE-2005-3560
187895283,akabe1/windows_exploit_dowser,cve_from_exploitdb_website.csv,499e206b9f8ad9e5db5bc4a533f9efbfd7638790,CVE-2005-3683
187895283,akabe1/windows_exploit_dowser,cve_from_exploitdb_website.csv,499e206b9f8ad9e5db5bc4a533f9efbfd7638790,CVE-2005-4143
187895283,akabe1/windows_exploit_dowser,cve_from_exploitdb_website.csv,499e206b9f8ad9e5db5bc4a533f9efbfd7638790,CVE-2005-4176
187895283,akabe1/windows_exploit_dowser,cve_from_exploitdb_website.csv,499e206b9f8ad9e5db5bc4a533f9efbfd7638790,CVE-2005-4202
187895283,akabe1/windows_exploit_dowser,cve_from_exploitdb_website.csv,499e206b9f8ad9e5db5bc4a533f9efbfd7638790,CVE-2005-4267
187895283,akabe1/windows_exploit_dowser,cve_from_exploitdb_website.csv,499e206b9f8ad9e5db5bc4a533f9efbfd7638790,CVE-2005-4270
187895283,akabe1/windows_exploit_dowser,cve_from_exploitdb_website.csv,499e206b9f8ad9e5db5bc4a533f9efbfd7638790,CVE-2005-4402
187895283,akabe1/windows_exploit_dowser,cve_from_exploitdb_website.csv,499e206b9f8ad9e5db5bc4a533f9efbfd7638790,CVE-2005-4411
187895283,akabe1/windows_exploit_dowser,cve_from_exploitdb_website.csv,499e206b9f8ad9e5db5bc4a533f9efbfd7638790,CVE-2004-1327
187895283,akabe1/windows_exploit_dowser,cve_from_exploitdb_website.csv,499e206b9f8ad9e5db5bc4a533f9efbfd7638790,CVE-2005-4505
187895283,akabe1/windows_exploit_dowser,cve_from_exploitdb_website.csv,499e206b9f8ad9e5db5bc4a533f9efbfd7638790,CVE-2005-4553
187895283,akabe1/windows_exploit_dowser,cve_from_exploitdb_website.csv,499e206b9f8ad9e5db5bc4a533f9efbfd7638790,CVE-2005-4620
187895283,akabe1/windows_exploit_dowser,cve_from_exploitdb_website.csv,499e206b9f8ad9e5db5bc4a533f9efbfd7638790,CVE-2005-4622
187895283,akabe1/windows_exploit_dowser,cve_from_exploitdb_website.csv,499e206b9f8ad9e5db5bc4a533f9efbfd7638790,CVE-2005-4696
187895283,akabe1/windows_exploit_dowser,cve_from_exploitdb_website.csv,499e206b9f8ad9e5db5bc4a533f9efbfd7638790,CVE-2005-3293
187895283,akabe1/windows_exploit_dowser,cve_from_exploitdb_website.csv,499e206b9f8ad9e5db5bc4a533f9efbfd7638790,CVE-2005-2087
187895283,akabe1/windows_exploit_dowser,cve_from_exploitdb_website.csv,499e206b9f8ad9e5db5bc4a533f9efbfd7638790,CVE-2005-3252
187895283,akabe1/windows_exploit_dowser,cve_from_exploitdb_website.csv,499e206b9f8ad9e5db5bc4a533f9efbfd7638790,CVE-2005-3155
187895283,akabe1/windows_exploit_dowser,cve_from_exploitdb_website.csv,499e206b9f8ad9e5db5bc4a533f9efbfd7638790,CVE-2005-2176
187895283,akabe1/windows_exploit_dowser,cve_from_exploitdb_website.csv,499e206b9f8ad9e5db5bc4a533f9efbfd7638790,CVE-2005-2210
187895283,akabe1/windows_exploit_dowser,cve_from_exploitdb_website.csv,499e206b9f8ad9e5db5bc4a533f9efbfd7638790,CVE-2005-2219
187895283,akabe1/windows_exploit_dowser,cve_from_exploitdb_website.csv,499e206b9f8ad9e5db5bc4a533f9efbfd7638790,CVE-2005-2262
187895283,akabe1/windows_exploit_dowser,cve_from_exploitdb_website.csv,499e206b9f8ad9e5db5bc4a533f9efbfd7638790,CVE-2005-2310
187895283,akabe1/windows_exploit_dowser,cve_from_exploitdb_website.csv,499e206b9f8ad9e5db5bc4a533f9efbfd7638790,CVE-2005-2611
187895283,akabe1/windows_exploit_dowser,cve_from_exploitdb_website.csv,499e206b9f8ad9e5db5bc4a533f9efbfd7638790,CVE-2005-2629
187895283,akabe1/windows_exploit_dowser,cve_from_exploitdb_website.csv,499e206b9f8ad9e5db5bc4a533f9efbfd7638790,CVE-2005-2644
187895283,akabe1/windows_exploit_dowser,cve_from_exploitdb_website.csv,499e206b9f8ad9e5db5bc4a533f9efbfd7638790,CVE-2005-2694
187895283,akabe1/windows_exploit_dowser,cve_from_exploitdb_website.csv,499e206b9f8ad9e5db5bc4a533f9efbfd7638790,CVE-2005-2715
187895283,akabe1/windows_exploit_dowser,cve_from_exploitdb_website.csv,499e206b9f8ad9e5db5bc4a533f9efbfd7638790,CVE-2005-2827
187895283,akabe1/windows_exploit_dowser,cve_from_exploitdb_website.csv,499e206b9f8ad9e5db5bc4a533f9efbfd7638790,CVE-2005-2842
187895283,akabe1/windows_exploit_dowser,cve_from_exploitdb_website.csv,499e206b9f8ad9e5db5bc4a533f9efbfd7638790,CVE-2005-2857
187895283,akabe1/windows_exploit_dowser,cve_from_exploitdb_website.csv,499e206b9f8ad9e5db5bc4a533f9efbfd7638790,CVE-2005-2866
187895283,akabe1/windows_exploit_dowser,cve_from_exploitdb_website.csv,499e206b9f8ad9e5db5bc4a533f9efbfd7638790,CVE-2005-2868
187895283,akabe1/windows_exploit_dowser,cve_from_exploitdb_website.csv,499e206b9f8ad9e5db5bc4a533f9efbfd7638790,CVE-2005-2871
187895283,akabe1/windows_exploit_dowser,cve_from_exploitdb_website.csv,499e206b9f8ad9e5db5bc4a533f9efbfd7638790,CVE-2005-3116
187895283,akabe1/windows_exploit_dowser,cve_from_exploitdb_website.csv,499e206b9f8ad9e5db5bc4a533f9efbfd7638790,CVE-2005-3190
187895283,akabe1/windows_exploit_dowser,cve_from_exploitdb_website.csv,499e206b9f8ad9e5db5bc4a533f9efbfd7638790,CVE-2005-1097
187895283,akabe1/windows_exploit_dowser,cve_from_exploitdb_website.csv,499e206b9f8ad9e5db5bc4a533f9efbfd7638790,CVE-2006-4681
187895283,akabe1/windows_exploit_dowser,cve_from_exploitdb_website.csv,499e206b9f8ad9e5db5bc4a533f9efbfd7638790,CVE-2006-4723
187895283,akabe1/windows_exploit_dowser,cve_from_exploitdb_website.csv,499e206b9f8ad9e5db5bc4a533f9efbfd7638790,CVE-2007-1568
187895283,akabe1/windows_exploit_dowser,cve_from_exploitdb_website.csv,499e206b9f8ad9e5db5bc4a533f9efbfd7638790,CVE-2007-1579
187895283,akabe1/windows_exploit_dowser,cve_from_exploitdb_website.csv,499e206b9f8ad9e5db5bc4a533f9efbfd7638790,CVE-2007-1644
187895283,akabe1/windows_exploit_dowser,cve_from_exploitdb_website.csv,499e206b9f8ad9e5db5bc4a533f9efbfd7638790,CVE-2007-1645
187895283,akabe1/windows_exploit_dowser,cve_from_exploitdb_website.csv,499e206b9f8ad9e5db5bc4a533f9efbfd7638790,CVE-2007-1658
187895283,akabe1/windows_exploit_dowser,cve_from_exploitdb_website.csv,499e206b9f8ad9e5db5bc4a533f9efbfd7638790,CVE-2007-1675
187895283,akabe1/windows_exploit_dowser,cve_from_exploitdb_website.csv,499e206b9f8ad9e5db5bc4a533f9efbfd7638790,CVE-2007-1683
187895283,akabe1/windows_exploit_dowser,cve_from_exploitdb_website.csv,499e206b9f8ad9e5db5bc4a533f9efbfd7638790,CVE-2007-1567
187895283,akabe1/windows_exploit_dowser,cve_from_exploitdb_website.csv,499e206b9f8ad9e5db5bc4a533f9efbfd7638790,CVE-2007-1687
187895283,akabe1/windows_exploit_dowser,cve_from_exploitdb_website.csv,499e206b9f8ad9e5db5bc4a533f9efbfd7638790,CVE-2007-1733
187895283,akabe1/windows_exploit_dowser,cve_from_exploitdb_website.csv,499e206b9f8ad9e5db5bc4a533f9efbfd7638790,CVE-2007-1735
187895283,akabe1/windows_exploit_dowser,cve_from_exploitdb_website.csv,499e206b9f8ad9e5db5bc4a533f9efbfd7638790,CVE-2007-1748
187895283,akabe1/windows_exploit_dowser,cve_from_exploitdb_website.csv,499e206b9f8ad9e5db5bc4a533f9efbfd7638790,CVE-2007-1765
187895283,akabe1/windows_exploit_dowser,cve_from_exploitdb_website.csv,499e206b9f8ad9e5db5bc4a533f9efbfd7638790,CVE-2007-1770
187895283,akabe1/windows_exploit_dowser,cve_from_exploitdb_website.csv,499e206b9f8ad9e5db5bc4a533f9efbfd7638790,CVE-2007-1785
187895283,akabe1/windows_exploit_dowser,cve_from_exploitdb_website.csv,499e206b9f8ad9e5db5bc4a533f9efbfd7638790,CVE-2007-1819
187895283,akabe1/windows_exploit_dowser,cve_from_exploitdb_website.csv,499e206b9f8ad9e5db5bc4a533f9efbfd7638790,CVE-2007-1709
187895283,akabe1/windows_exploit_dowser,cve_from_exploitdb_website.csv,499e206b9f8ad9e5db5bc4a533f9efbfd7638790,CVE-2007-1559
187895283,akabe1/windows_exploit_dowser,cve_from_exploitdb_website.csv,499e206b9f8ad9e5db5bc4a533f9efbfd7638790,CVE-2007-1511
187895283,akabe1/windows_exploit_dowser,cve_from_exploitdb_website.csv,499e206b9f8ad9e5db5bc4a533f9efbfd7638790,CVE-2007-1499
187895283,akabe1/windows_exploit_dowser,cve_from_exploitdb_website.csv,499e206b9f8ad9e5db5bc4a533f9efbfd7638790,CVE-2007-1192
187895283,akabe1/windows_exploit_dowser,cve_from_exploitdb_website.csv,499e206b9f8ad9e5db5bc4a533f9efbfd7638790,CVE-2007-1195
187895283,akabe1/windows_exploit_dowser,cve_from_exploitdb_website.csv,499e206b9f8ad9e5db5bc4a533f9efbfd7638790,CVE-2007-1199
187895283,akabe1/windows_exploit_dowser,cve_from_exploitdb_website.csv,499e206b9f8ad9e5db5bc4a533f9efbfd7638790,CVE-2007-1224
187895283,akabe1/windows_exploit_dowser,cve_from_exploitdb_website.csv,499e206b9f8ad9e5db5bc4a533f9efbfd7638790,CVE-2007-1225
187895283,akabe1/windows_exploit_dowser,cve_from_exploitdb_website.csv,499e206b9f8ad9e5db5bc4a533f9efbfd7638790,CVE-2007-1229
187895283,akabe1/windows_exploit_dowser,cve_from_exploitdb_website.csv,499e206b9f8ad9e5db5bc4a533f9efbfd7638790,CVE-2007-1260
187895283,akabe1/windows_exploit_dowser,cve_from_exploitdb_website.csv,499e206b9f8ad9e5db5bc4a533f9efbfd7638790,CVE-2007-1280
187895283,akabe1/windows_exploit_dowser,cve_from_exploitdb_website.csv,499e206b9f8ad9e5db5bc4a533f9efbfd7638790,CVE-2007-1301
187895283,akabe1/windows_exploit_dowser,cve_from_exploitdb_website.csv,499e206b9f8ad9e5db5bc4a533f9efbfd7638790,CVE-2007-1330
187895283,akabe1/windows_exploit_dowser,cve_from_exploitdb_website.csv,499e206b9f8ad9e5db5bc4a533f9efbfd7638790,CVE-2007-1373
187895283,akabe1/windows_exploit_dowser,cve_from_exploitdb_website.csv,499e206b9f8ad9e5db5bc4a533f9efbfd7638790,CVE-2007-1382
187895283,akabe1/windows_exploit_dowser,cve_from_exploitdb_website.csv,499e206b9f8ad9e5db5bc4a533f9efbfd7638790,CVE-2007-1401
187895283,akabe1/windows_exploit_dowser,cve_from_exploitdb_website.csv,499e206b9f8ad9e5db5bc4a533f9efbfd7638790,CVE-2007-1404
187895283,akabe1/windows_exploit_dowser,cve_from_exploitdb_website.csv,499e206b9f8ad9e5db5bc4a533f9efbfd7638790,CVE-2007-1411
187895283,akabe1/windows_exploit_dowser,cve_from_exploitdb_website.csv,499e206b9f8ad9e5db5bc4a533f9efbfd7638790,CVE-2007-1413
187895283,akabe1/windows_exploit_dowser,cve_from_exploitdb_website.csv,499e206b9f8ad9e5db5bc4a533f9efbfd7638790,CVE-2007-1475
187895283,akabe1/windows_exploit_dowser,cve_from_exploitdb_website.csv,499e206b9f8ad9e5db5bc4a533f9efbfd7638790,CVE-2007-1867
187895283,akabe1/windows_exploit_dowser,cve_from_exploitdb_website.csv,499e206b9f8ad9e5db5bc4a533f9efbfd7638790,CVE-2007-1881
187895283,akabe1/windows_exploit_dowser,cve_from_exploitdb_website.csv,499e206b9f8ad9e5db5bc4a533f9efbfd7638790,CVE-2007-2031
187895283,akabe1/windows_exploit_dowser,cve_from_exploitdb_website.csv,499e206b9f8ad9e5db5bc4a533f9efbfd7638790,CVE-2007-2048
187895283,akabe1/windows_exploit_dowser,cve_from_exploitdb_website.csv,499e206b9f8ad9e5db5bc4a533f9efbfd7638790,CVE-2007-2441
187895283,akabe1/windows_exploit_dowser,cve_from_exploitdb_website.csv,499e206b9f8ad9e5db5bc4a533f9efbfd7638790,CVE-2007-2498
187895283,akabe1/windows_exploit_dowser,cve_from_exploitdb_website.csv,499e206b9f8ad9e5db5bc4a533f9efbfd7638790,CVE-2007-2523
187895283,akabe1/windows_exploit_dowser,cve_from_exploitdb_website.csv,499e206b9f8ad9e5db5bc4a533f9efbfd7638790,CVE-2007-2563
187895283,akabe1/windows_exploit_dowser,cve_from_exploitdb_website.csv,499e206b9f8ad9e5db5bc4a533f9efbfd7638790,CVE-2007-2566
187895283,akabe1/windows_exploit_dowser,cve_from_exploitdb_website.csv,499e206b9f8ad9e5db5bc4a533f9efbfd7638790,CVE-2007-2568
187895283,akabe1/windows_exploit_dowser,cve_from_exploitdb_website.csv,499e206b9f8ad9e5db5bc4a533f9efbfd7638790,CVE-2007-2576
187895283,akabe1/windows_exploit_dowser,cve_from_exploitdb_website.csv,499e206b9f8ad9e5db5bc4a533f9efbfd7638790,CVE-2007-2581
187895283,akabe1/windows_exploit_dowser,cve_from_exploitdb_website.csv,499e206b9f8ad9e5db5bc4a533f9efbfd7638790,CVE-2007-2584
187895283,akabe1/windows_exploit_dowser,cve_from_exploitdb_website.csv,499e206b9f8ad9e5db5bc4a533f9efbfd7638790,CVE-2007-2585
187895283,akabe1/windows_exploit_dowser,cve_from_exploitdb_website.csv,499e206b9f8ad9e5db5bc4a533f9efbfd7638790,CVE-2007-2639
187895283,akabe1/windows_exploit_dowser,cve_from_exploitdb_website.csv,499e206b9f8ad9e5db5bc4a533f9efbfd7638790,CVE-2007-2644
187895283,akabe1/windows_exploit_dowser,cve_from_exploitdb_website.csv,499e206b9f8ad9e5db5bc4a533f9efbfd7638790,CVE-2007-2666
187895283,akabe1/windows_exploit_dowser,cve_from_exploitdb_website.csv,499e206b9f8ad9e5db5bc4a533f9efbfd7638790,CVE-2007-2667
187895283,akabe1/windows_exploit_dowser,cve_from_exploitdb_website.csv,499e206b9f8ad9e5db5bc4a533f9efbfd7638790,CVE-2007-2668
187895283,akabe1/windows_exploit_dowser,cve_from_exploitdb_website.csv,499e206b9f8ad9e5db5bc4a533f9efbfd7638790,CVE-2007-2711
187895283,akabe1/windows_exploit_dowser,cve_from_exploitdb_website.csv,499e206b9f8ad9e5db5bc4a533f9efbfd7638790,CVE-2007-2725
187895283,akabe1/windows_exploit_dowser,cve_from_exploitdb_website.csv,499e206b9f8ad9e5db5bc4a533f9efbfd7638790,CVE-2007-2440
187895283,akabe1/windows_exploit_dowser,cve_from_exploitdb_website.csv,499e206b9f8ad9e5db5bc4a533f9efbfd7638790,CVE-2007-1190
187895283,akabe1/windows_exploit_dowser,cve_from_exploitdb_website.csv,499e206b9f8ad9e5db5bc4a533f9efbfd7638790,CVE-2007-2366
187895283,akabe1/windows_exploit_dowser,cve_from_exploitdb_website.csv,499e206b9f8ad9e5db5bc4a533f9efbfd7638790,CVE-2007-2363
187895283,akabe1/windows_exploit_dowser,cve_from_exploitdb_website.csv,499e206b9f8ad9e5db5bc4a533f9efbfd7638790,CVE-2007-2062
187895283,akabe1/windows_exploit_dowser,cve_from_exploitdb_website.csv,499e206b9f8ad9e5db5bc4a533f9efbfd7638790,CVE-2007-2079
187895283,akabe1/windows_exploit_dowser,cve_from_exploitdb_website.csv,499e206b9f8ad9e5db5bc4a533f9efbfd7638790,CVE-2007-2080
187895283,akabe1/windows_exploit_dowser,cve_from_exploitdb_website.csv,499e206b9f8ad9e5db5bc4a533f9efbfd7638790,CVE-2007-2192
187895283,akabe1/windows_exploit_dowser,cve_from_exploitdb_website.csv,499e206b9f8ad9e5db5bc4a533f9efbfd7638790,CVE-2007-2193
187895283,akabe1/windows_exploit_dowser,cve_from_exploitdb_website.csv,499e206b9f8ad9e5db5bc4a533f9efbfd7638790,CVE-2007-2194
187895283,akabe1/windows_exploit_dowser,cve_from_exploitdb_website.csv,499e206b9f8ad9e5db5bc4a533f9efbfd7638790,CVE-2007-2209
187895283,akabe1/windows_exploit_dowser,cve_from_exploitdb_website.csv,499e206b9f8ad9e5db5bc4a533f9efbfd7638790,CVE-2007-2216
187895283,akabe1/windows_exploit_dowser,cve_from_exploitdb_website.csv,499e206b9f8ad9e5db5bc4a533f9efbfd7638790,CVE-2007-2217
187895283,akabe1/windows_exploit_dowser,cve_from_exploitdb_website.csv,499e206b9f8ad9e5db5bc4a533f9efbfd7638790,CVE-2007-2221
187895283,akabe1/windows_exploit_dowser,cve_from_exploitdb_website.csv,499e206b9f8ad9e5db5bc4a533f9efbfd7638790,CVE-2007-2222
187895283,akabe1/windows_exploit_dowser,cve_from_exploitdb_website.csv,499e206b9f8ad9e5db5bc4a533f9efbfd7638790,CVE-2007-2223
187895283,akabe1/windows_exploit_dowser,cve_from_exploitdb_website.csv,499e206b9f8ad9e5db5bc4a533f9efbfd7638790,CVE-2007-2239
187895283,akabe1/windows_exploit_dowser,cve_from_exploitdb_website.csv,499e206b9f8ad9e5db5bc4a533f9efbfd7638790,CVE-2007-2244
187895283,akabe1/windows_exploit_dowser,cve_from_exploitdb_website.csv,499e206b9f8ad9e5db5bc4a533f9efbfd7638790,CVE-2007-2283
187895283,akabe1/windows_exploit_dowser,cve_from_exploitdb_website.csv,499e206b9f8ad9e5db5bc4a533f9efbfd7638790,CVE-2007-2284
187895283,akabe1/windows_exploit_dowser,cve_from_exploitdb_website.csv,499e206b9f8ad9e5db5bc4a533f9efbfd7638790,CVE-2007-2356
187895283,akabe1/windows_exploit_dowser,cve_from_exploitdb_website.csv,499e206b9f8ad9e5db5bc4a533f9efbfd7638790,CVE-2007-2365
187895283,akabe1/windows_exploit_dowser,cve_from_exploitdb_website.csv,499e206b9f8ad9e5db5bc4a533f9efbfd7638790,CVE-2007-1074
187895283,akabe1/windows_exploit_dowser,cve_from_exploitdb_website.csv,499e206b9f8ad9e5db5bc4a533f9efbfd7638790,CVE-2007-1041
187895283,akabe1/windows_exploit_dowser,cve_from_exploitdb_website.csv,499e206b9f8ad9e5db5bc4a533f9efbfd7638790,CVE-2007-0976
187895283,akabe1/windows_exploit_dowser,cve_from_exploitdb_website.csv,499e206b9f8ad9e5db5bc4a533f9efbfd7638790,CVE-2006-5745
187895283,akabe1/windows_exploit_dowser,cve_from_exploitdb_website.csv,499e206b9f8ad9e5db5bc4a533f9efbfd7638790,CVE-2006-5780
187895283,akabe1/windows_exploit_dowser,cve_from_exploitdb_website.csv,499e206b9f8ad9e5db5bc4a533f9efbfd7638790,CVE-2006-5784
187895283,akabe1/windows_exploit_dowser,cve_from_exploitdb_website.csv,499e206b9f8ad9e5db5bc4a533f9efbfd7638790,CVE-2006-5850
187895283,akabe1/windows_exploit_dowser,cve_from_exploitdb_website.csv,499e206b9f8ad9e5db5bc4a533f9efbfd7638790,CVE-2006-5961
187895283,akabe1/windows_exploit_dowser,cve_from_exploitdb_website.csv,499e206b9f8ad9e5db5bc4a533f9efbfd7638790,CVE-2006-6026
187895283,akabe1/windows_exploit_dowser,cve_from_exploitdb_website.csv,499e206b9f8ad9e5db5bc4a533f9efbfd7638790,CVE-2006-6059
187895283,akabe1/windows_exploit_dowser,cve_from_exploitdb_website.csv,499e206b9f8ad9e5db5bc4a533f9efbfd7638790,CVE-2006-6063
187895283,akabe1/windows_exploit_dowser,cve_from_exploitdb_website.csv,499e206b9f8ad9e5db5bc4a533f9efbfd7638790,CVE-2006-6121
187895283,akabe1/windows_exploit_dowser,cve_from_exploitdb_website.csv,499e206b9f8ad9e5db5bc4a533f9efbfd7638790,CVE-2006-6124
187895283,akabe1/windows_exploit_dowser,cve_from_exploitdb_website.csv,499e206b9f8ad9e5db5bc4a533f9efbfd7638790,CVE-2006-6125
187895283,akabe1/windows_exploit_dowser,cve_from_exploitdb_website.csv,499e206b9f8ad9e5db5bc4a533f9efbfd7638790,CVE-2006-6133
187895283,akabe1/windows_exploit_dowser,cve_from_exploitdb_website.csv,499e206b9f8ad9e5db5bc4a533f9efbfd7638790,CVE-2006-6183
187895283,akabe1/windows_exploit_dowser,cve_from_exploitdb_website.csv,499e206b9f8ad9e5db5bc4a533f9efbfd7638790,CVE-2006-6184
187895283,akabe1/windows_exploit_dowser,cve_from_exploitdb_website.csv,499e206b9f8ad9e5db5bc4a533f9efbfd7638790,CVE-2006-6199
187895283,akabe1/windows_exploit_dowser,cve_from_exploitdb_website.csv,499e206b9f8ad9e5db5bc4a533f9efbfd7638790,CVE-2006-6251
187895283,akabe1/windows_exploit_dowser,cve_from_exploitdb_website.csv,499e206b9f8ad9e5db5bc4a533f9efbfd7638790,CVE-2006-6287
187895283,akabe1/windows_exploit_dowser,cve_from_exploitdb_website.csv,499e206b9f8ad9e5db5bc4a533f9efbfd7638790,CVE-2006-5715
187895283,akabe1/windows_exploit_dowser,cve_from_exploitdb_website.csv,499e206b9f8ad9e5db5bc4a533f9efbfd7638790,CVE-2006-6288
187895283,akabe1/windows_exploit_dowser,cve_from_exploitdb_website.csv,499e206b9f8ad9e5db5bc4a533f9efbfd7638790,CVE-2006-5714
187895283,akabe1/windows_exploit_dowser,cve_from_exploitdb_website.csv,499e206b9f8ad9e5db5bc4a533f9efbfd7638790,CVE-2006-5596
187895283,akabe1/windows_exploit_dowser,cve_from_exploitdb_website.csv,499e206b9f8ad9e5db5bc4a533f9efbfd7638790,CVE-2006-4777
187895283,akabe1/windows_exploit_dowser,cve_from_exploitdb_website.csv,499e206b9f8ad9e5db5bc4a533f9efbfd7638790,CVE-2006-4899
187895283,akabe1/windows_exploit_dowser,cve_from_exploitdb_website.csv,499e206b9f8ad9e5db5bc4a533f9efbfd7638790,CVE-2006-4900
187895283,akabe1/windows_exploit_dowser,cve_from_exploitdb_website.csv,499e206b9f8ad9e5db5bc4a533f9efbfd7638790,CVE-2006-4901
187895283,akabe1/windows_exploit_dowser,cve_from_exploitdb_website.csv,499e206b9f8ad9e5db5bc4a533f9efbfd7638790,CVE-2006-4926
187895283,akabe1/windows_exploit_dowser,cve_from_exploitdb_website.csv,499e206b9f8ad9e5db5bc4a533f9efbfd7638790,CVE-2006-4927
187895283,akabe1/windows_exploit_dowser,cve_from_exploitdb_website.csv,499e206b9f8ad9e5db5bc4a533f9efbfd7638790,CVE-2006-4948
187895283,akabe1/windows_exploit_dowser,cve_from_exploitdb_website.csv,499e206b9f8ad9e5db5bc4a533f9efbfd7638790,CVE-2006-4974
187895283,akabe1/windows_exploit_dowser,cve_from_exploitdb_website.csv,499e206b9f8ad9e5db5bc4a533f9efbfd7638790,CVE-2006-5034
187895283,akabe1/windows_exploit_dowser,cve_from_exploitdb_website.csv,499e206b9f8ad9e5db5bc4a533f9efbfd7638790,CVE-2006-5112
187895283,akabe1/windows_exploit_dowser,cve_from_exploitdb_website.csv,499e206b9f8ad9e5db5bc4a533f9efbfd7638790,CVE-2006-5143
187895283,akabe1/windows_exploit_dowser,cve_from_exploitdb_website.csv,499e206b9f8ad9e5db5bc4a533f9efbfd7638790,CVE-2006-5156
187895283,akabe1/windows_exploit_dowser,cve_from_exploitdb_website.csv,499e206b9f8ad9e5db5bc4a533f9efbfd7638790,CVE-2006-5216
187895283,akabe1/windows_exploit_dowser,cve_from_exploitdb_website.csv,499e206b9f8ad9e5db5bc4a533f9efbfd7638790,CVE-2006-5276
187895283,akabe1/windows_exploit_dowser,cve_from_exploitdb_website.csv,499e206b9f8ad9e5db5bc4a533f9efbfd7638790,CVE-2006-5551
187895283,akabe1/windows_exploit_dowser,cve_from_exploitdb_website.csv,499e206b9f8ad9e5db5bc4a533f9efbfd7638790,CVE-2006-5571
187895283,akabe1/windows_exploit_dowser,cve_from_exploitdb_website.csv,499e206b9f8ad9e5db5bc4a533f9efbfd7638790,CVE-2006-5586
187895283,akabe1/windows_exploit_dowser,cve_from_exploitdb_website.csv,499e206b9f8ad9e5db5bc4a533f9efbfd7638790,CVE-2006-5597
187895283,akabe1/windows_exploit_dowser,cve_from_exploitdb_website.csv,499e206b9f8ad9e5db5bc4a533f9efbfd7638790,CVE-2006-4691
187895283,akabe1/windows_exploit_dowser,cve_from_exploitdb_website.csv,499e206b9f8ad9e5db5bc4a533f9efbfd7638790,CVE-2006-6379
187895283,akabe1/windows_exploit_dowser,cve_from_exploitdb_website.csv,499e206b9f8ad9e5db5bc4a533f9efbfd7638790,CVE-2006-6423
187895283,akabe1/windows_exploit_dowser,cve_from_exploitdb_website.csv,499e206b9f8ad9e5db5bc4a533f9efbfd7638790,CVE-2007-0161
187895283,akabe1/windows_exploit_dowser,cve_from_exploitdb_website.csv,499e206b9f8ad9e5db5bc4a533f9efbfd7638790,CVE-2007-0216
187895283,akabe1/windows_exploit_dowser,cve_from_exploitdb_website.csv,499e206b9f8ad9e5db5bc4a533f9efbfd7638790,CVE-2007-0243
187895283,akabe1/windows_exploit_dowser,cve_from_exploitdb_website.csv,499e206b9f8ad9e5db5bc4a533f9efbfd7638790,CVE-2007-0333
187895283,akabe1/windows_exploit_dowser,cve_from_exploitdb_website.csv,499e206b9f8ad9e5db5bc4a533f9efbfd7638790,CVE-2007-0352
187895283,akabe1/windows_exploit_dowser,cve_from_exploitdb_website.csv,499e206b9f8ad9e5db5bc4a533f9efbfd7638790,CVE-2007-0357
187895283,akabe1/windows_exploit_dowser,cve_from_exploitdb_website.csv,499e206b9f8ad9e5db5bc4a533f9efbfd7638790,CVE-2007-0427
187895283,akabe1/windows_exploit_dowser,cve_from_exploitdb_website.csv,499e206b9f8ad9e5db5bc4a533f9efbfd7638790,CVE-2007-0449
187895283,akabe1/windows_exploit_dowser,cve_from_exploitdb_website.csv,499e206b9f8ad9e5db5bc4a533f9efbfd7638790,CVE-2007-0515
187895283,akabe1/windows_exploit_dowser,cve_from_exploitdb_website.csv,499e206b9f8ad9e5db5bc4a533f9efbfd7638790,CVE-2007-0707
187895283,akabe1/windows_exploit_dowser,cve_from_exploitdb_website.csv,499e206b9f8ad9e5db5bc4a533f9efbfd7638790,CVE-2007-0827
187895283,akabe1/windows_exploit_dowser,cve_from_exploitdb_website.csv,499e206b9f8ad9e5db5bc4a533f9efbfd7638790,CVE-2007-0843
187895283,akabe1/windows_exploit_dowser,cve_from_exploitdb_website.csv,499e206b9f8ad9e5db5bc4a533f9efbfd7638790,CVE-2007-0872
187895283,akabe1/windows_exploit_dowser,cve_from_exploitdb_website.csv,499e206b9f8ad9e5db5bc4a533f9efbfd7638790,CVE-2007-0888
187895283,akabe1/windows_exploit_dowser,cve_from_exploitdb_website.csv,499e206b9f8ad9e5db5bc4a533f9efbfd7638790,CVE-2007-0919
187895283,akabe1/windows_exploit_dowser,cve_from_exploitdb_website.csv,499e206b9f8ad9e5db5bc4a533f9efbfd7638790,CVE-2007-0927
187895283,akabe1/windows_exploit_dowser,cve_from_exploitdb_website.csv,499e206b9f8ad9e5db5bc4a533f9efbfd7638790,CVE-2007-0949
187895283,akabe1/windows_exploit_dowser,cve_from_exploitdb_website.csv,499e206b9f8ad9e5db5bc4a533f9efbfd7638790,CVE-2007-0081
187895283,akabe1/windows_exploit_dowser,cve_from_exploitdb_website.csv,499e206b9f8ad9e5db5bc4a533f9efbfd7638790,CVE-2006-6410
187895283,akabe1/windows_exploit_dowser,cve_from_exploitdb_website.csv,499e206b9f8ad9e5db5bc4a533f9efbfd7638790,CVE-2007-0055
187895283,akabe1/windows_exploit_dowser,cve_from_exploitdb_website.csv,499e206b9f8ad9e5db5bc4a533f9efbfd7638790,CVE-2007-0042
187895283,akabe1/windows_exploit_dowser,cve_from_exploitdb_website.csv,499e206b9f8ad9e5db5bc4a533f9efbfd7638790,CVE-2006-6576
187895283,akabe1/windows_exploit_dowser,cve_from_exploitdb_website.csv,499e206b9f8ad9e5db5bc4a533f9efbfd7638790,CVE-2006-6597
187895283,akabe1/windows_exploit_dowser,cve_from_exploitdb_website.csv,499e206b9f8ad9e5db5bc4a533f9efbfd7638790,CVE-2006-6665
187895283,akabe1/windows_exploit_dowser,cve_from_exploitdb_website.csv,499e206b9f8ad9e5db5bc4a533f9efbfd7638790,CVE-2006-6696
187895283,akabe1/windows_exploit_dowser,cve_from_exploitdb_website.csv,499e206b9f8ad9e5db5bc4a533f9efbfd7638790,CVE-2006-6707
187895283,akabe1/windows_exploit_dowser,cve_from_exploitdb_website.csv,499e206b9f8ad9e5db5bc4a533f9efbfd7638790,CVE-2006-6758
187895283,akabe1/windows_exploit_dowser,cve_from_exploitdb_website.csv,499e206b9f8ad9e5db5bc4a533f9efbfd7638790,CVE-2006-6838
187895283,akabe1/windows_exploit_dowser,cve_from_exploitdb_website.csv,499e206b9f8ad9e5db5bc4a533f9efbfd7638790,CVE-2006-6853
187895283,akabe1/windows_exploit_dowser,cve_from_exploitdb_website.csv,499e206b9f8ad9e5db5bc4a533f9efbfd7638790,CVE-2006-6884
187895283,akabe1/windows_exploit_dowser,cve_from_exploitdb_website.csv,499e206b9f8ad9e5db5bc4a533f9efbfd7638790,CVE-2006-6917
187895283,akabe1/windows_exploit_dowser,cve_from_exploitdb_website.csv,499e206b9f8ad9e5db5bc4a533f9efbfd7638790,CVE-2006-6952
187895283,akabe1/windows_exploit_dowser,cve_from_exploitdb_website.csv,499e206b9f8ad9e5db5bc4a533f9efbfd7638790,CVE-2006-7206
187895283,akabe1/windows_exploit_dowser,cve_from_exploitdb_website.csv,499e206b9f8ad9e5db5bc4a533f9efbfd7638790,CVE-2007-0015
187895283,akabe1/windows_exploit_dowser,cve_from_exploitdb_website.csv,499e206b9f8ad9e5db5bc4a533f9efbfd7638790,CVE-2007-0016
187895283,akabe1/windows_exploit_dowser,cve_from_exploitdb_website.csv,499e206b9f8ad9e5db5bc4a533f9efbfd7638790,CVE-2007-0018
187895283,akabe1/windows_exploit_dowser,cve_from_exploitdb_website.csv,499e206b9f8ad9e5db5bc4a533f9efbfd7638790,CVE-2007-0024
187895283,akabe1/windows_exploit_dowser,cve_from_exploitdb_website.csv,499e206b9f8ad9e5db5bc4a533f9efbfd7638790,CVE-2007-0038
187895283,akabe1/windows_exploit_dowser,cve_from_exploitdb_website.csv,499e206b9f8ad9e5db5bc4a533f9efbfd7638790,CVE-2007-0046
187895283,akabe1/windows_exploit_dowser,cve_from_exploitdb_website.csv,499e206b9f8ad9e5db5bc4a533f9efbfd7638790,CVE-2005-1094
187895283,akabe1/windows_exploit_dowser,cve_from_exploitdb_website.csv,499e206b9f8ad9e5db5bc4a533f9efbfd7638790,CVE-2005-4417
187895283,akabe1/windows_exploit_dowser,cve_from_exploitdb_website.csv,499e206b9f8ad9e5db5bc4a533f9efbfd7638790,CVE-2005-0944
187895283,akabe1/windows_exploit_dowser,cve_from_exploitdb_website.csv,499e206b9f8ad9e5db5bc4a533f9efbfd7638790,CVE-2005-0053
187895283,akabe1/windows_exploit_dowser,cve_from_exploitdb_website.csv,499e206b9f8ad9e5db5bc4a533f9efbfd7638790,CVE-2005-0058
187895283,akabe1/windows_exploit_dowser,cve_from_exploitdb_website.csv,499e206b9f8ad9e5db5bc4a533f9efbfd7638790,CVE-2005-0059
187895283,akabe1/windows_exploit_dowser,cve_from_exploitdb_website.csv,499e206b9f8ad9e5db5bc4a533f9efbfd7638790,CVE-2005-0063
187895283,akabe1/windows_exploit_dowser,cve_from_exploitdb_website.csv,499e206b9f8ad9e5db5bc4a533f9efbfd7638790,CVE-2004-2074
187895283,akabe1/windows_exploit_dowser,cve_from_exploitdb_website.csv,499e206b9f8ad9e5db5bc4a533f9efbfd7638790,CVE-2005-0185
187895283,akabe1/windows_exploit_dowser,cve_from_exploitdb_website.csv,499e206b9f8ad9e5db5bc4a533f9efbfd7638790,CVE-2005-0277
187895283,akabe1/windows_exploit_dowser,cve_from_exploitdb_website.csv,499e206b9f8ad9e5db5bc4a533f9efbfd7638790,CVE-2004-1857
187895283,akabe1/windows_exploit_dowser,cve_from_exploitdb_website.csv,499e206b9f8ad9e5db5bc4a533f9efbfd7638790,CVE-2004-2090
187895283,akabe1/windows_exploit_dowser,cve_from_exploitdb_website.csv,499e206b9f8ad9e5db5bc4a533f9efbfd7638790,CVE-2005-0338
187895283,akabe1/windows_exploit_dowser,cve_from_exploitdb_website.csv,499e206b9f8ad9e5db5bc4a533f9efbfd7638790,CVE-2004-2111
187895283,akabe1/windows_exploit_dowser,cve_from_exploitdb_website.csv,499e206b9f8ad9e5db5bc4a533f9efbfd7638790,CVE-2005-0344
187895283,akabe1/windows_exploit_dowser,cve_from_exploitdb_website.csv,499e206b9f8ad9e5db5bc4a533f9efbfd7638790,CVE-2005-0353
187895283,akabe1/windows_exploit_dowser,cve_from_exploitdb_website.csv,499e206b9f8ad9e5db5bc4a533f9efbfd7638790,CVE-2005-0416
187895283,akabe1/windows_exploit_dowser,cve_from_exploitdb_website.csv,499e206b9f8ad9e5db5bc4a533f9efbfd7638790,CVE-2004-1859
187895283,akabe1/windows_exploit_dowser,cve_from_exploitdb_website.csv,499e206b9f8ad9e5db5bc4a533f9efbfd7638790,CVE-2005-0419
187895283,akabe1/windows_exploit_dowser,cve_from_exploitdb_website.csv,499e206b9f8ad9e5db5bc4a533f9efbfd7638790,CVE-2004-2530
187895283,akabe1/windows_exploit_dowser,cve_from_exploitdb_website.csv,499e206b9f8ad9e5db5bc4a533f9efbfd7638790,CVE-2004-2526
187895283,akabe1/windows_exploit_dowser,cve_from_exploitdb_website.csv,499e206b9f8ad9e5db5bc4a533f9efbfd7638790,CVE-2004-2516
187895283,akabe1/windows_exploit_dowser,cve_from_exploitdb_website.csv,499e206b9f8ad9e5db5bc4a533f9efbfd7638790,CVE-2004-2501
187895283,akabe1/windows_exploit_dowser,cve_from_exploitdb_website.csv,499e206b9f8ad9e5db5bc4a533f9efbfd7638790,CVE-2004-2487
187895283,akabe1/windows_exploit_dowser,cve_from_exploitdb_website.csv,499e206b9f8ad9e5db5bc4a533f9efbfd7638790,CVE-2005-0581
187895283,akabe1/windows_exploit_dowser,cve_from_exploitdb_website.csv,499e206b9f8ad9e5db5bc4a533f9efbfd7638790,CVE-2004-2466
187895283,akabe1/windows_exploit_dowser,cve_from_exploitdb_website.csv,499e206b9f8ad9e5db5bc4a533f9efbfd7638790,CVE-2004-1856
187895283,akabe1/windows_exploit_dowser,cve_from_exploitdb_website.csv,499e206b9f8ad9e5db5bc4a533f9efbfd7638790,CVE-2004-1793
187895283,akabe1/windows_exploit_dowser,cve_from_exploitdb_website.csv,499e206b9f8ad9e5db5bc4a533f9efbfd7638790,CVE-2004-2112
187895283,akabe1/windows_exploit_dowser,cve_from_exploitdb_website.csv,499e206b9f8ad9e5db5bc4a533f9efbfd7638790,CVE-2005-0422
187895283,akabe1/windows_exploit_dowser,cve_from_exploitdb_website.csv,499e206b9f8ad9e5db5bc4a533f9efbfd7638790,CVE-2005-0455
187895283,akabe1/windows_exploit_dowser,cve_from_exploitdb_website.csv,499e206b9f8ad9e5db5bc4a533f9efbfd7638790,CVE-2005-0506
187895283,akabe1/windows_exploit_dowser,cve_from_exploitdb_website.csv,499e206b9f8ad9e5db5bc4a533f9efbfd7638790,CVE-2005-0517
187895283,akabe1/windows_exploit_dowser,cve_from_exploitdb_website.csv,499e206b9f8ad9e5db5bc4a533f9efbfd7638790,CVE-2005-0421
187895283,akabe1/windows_exploit_dowser,cve_from_exploitdb_website.csv,499e206b9f8ad9e5db5bc4a533f9efbfd7638790,CVE-2005-0518
187895283,akabe1/windows_exploit_dowser,cve_from_exploitdb_website.csv,499e206b9f8ad9e5db5bc4a533f9efbfd7638790,CVE-2005-0048
187895283,akabe1/windows_exploit_dowser,cve_from_exploitdb_website.csv,499e206b9f8ad9e5db5bc4a533f9efbfd7638790,CVE-2004-1883
187895283,akabe1/windows_exploit_dowser,cve_from_exploitdb_website.csv,499e206b9f8ad9e5db5bc4a533f9efbfd7638790,CVE-2005-0619
187895283,akabe1/windows_exploit_dowser,cve_from_exploitdb_website.csv,499e206b9f8ad9e5db5bc4a533f9efbfd7638790,CVE-2004-2685
187895283,akabe1/windows_exploit_dowser,cve_from_exploitdb_website.csv,499e206b9f8ad9e5db5bc4a533f9efbfd7638790,CVE-2004-2649
187895283,akabe1/windows_exploit_dowser,cve_from_exploitdb_website.csv,499e206b9f8ad9e5db5bc4a533f9efbfd7638790,CVE-2004-1892
187895283,akabe1/windows_exploit_dowser,cve_from_exploitdb_website.csv,499e206b9f8ad9e5db5bc4a533f9efbfd7638790,CVE-2004-2628
187895283,akabe1/windows_exploit_dowser,cve_from_exploitdb_website.csv,499e206b9f8ad9e5db5bc4a533f9efbfd7638790,CVE-2005-0634
187895283,akabe1/windows_exploit_dowser,cve_from_exploitdb_website.csv,499e206b9f8ad9e5db5bc4a533f9efbfd7638790,CVE-2004-2614
187895283,akabe1/windows_exploit_dowser,cve_from_exploitdb_website.csv,499e206b9f8ad9e5db5bc4a533f9efbfd7638790,CVE-2004-2565
187895283,akabe1/windows_exploit_dowser,cve_from_exploitdb_website.csv,499e206b9f8ad9e5db5bc4a533f9efbfd7638790,CVE-2004-2564
187895283,akabe1/windows_exploit_dowser,cve_from_exploitdb_website.csv,499e206b9f8ad9e5db5bc4a533f9efbfd7638790,CVE-2004-2563
187895283,akabe1/windows_exploit_dowser,cve_from_exploitdb_website.csv,499e206b9f8ad9e5db5bc4a533f9efbfd7638790,CVE-2005-0635
187895283,akabe1/windows_exploit_dowser,cve_from_exploitdb_website.csv,499e206b9f8ad9e5db5bc4a533f9efbfd7638790,CVE-2004-2555
187895283,akabe1/windows_exploit_dowser,cve_from_exploitdb_website.csv,499e206b9f8ad9e5db5bc4a533f9efbfd7638790,CVE-2004-2532
187895283,akabe1/windows_exploit_dowser,cve_from_exploitdb_website.csv,499e206b9f8ad9e5db5bc4a533f9efbfd7638790,CVE-2005-0701
187895283,akabe1/windows_exploit_dowser,cve_from_exploitdb_website.csv,499e206b9f8ad9e5db5bc4a533f9efbfd7638790,CVE-2004-1868
187895283,akabe1/windows_exploit_dowser,cve_from_exploitdb_website.csv,499e206b9f8ad9e5db5bc4a533f9efbfd7638790,CVE-2005-0731
187895283,akabe1/windows_exploit_dowser,cve_from_exploitdb_website.csv,499e206b9f8ad9e5db5bc4a533f9efbfd7638790,CVE-2004-2719
187895283,akabe1/windows_exploit_dowser,cve_from_exploitdb_website.csv,499e206b9f8ad9e5db5bc4a533f9efbfd7638790,CVE-2004-2720
187895283,akabe1/windows_exploit_dowser,cve_from_exploitdb_website.csv,499e206b9f8ad9e5db5bc4a533f9efbfd7638790,CVE-2004-2745
187895283,akabe1/windows_exploit_dowser,cve_from_exploitdb_website.csv,499e206b9f8ad9e5db5bc4a533f9efbfd7638790,CVE-2004-2748
187895283,akabe1/windows_exploit_dowser,cve_from_exploitdb_website.csv,499e206b9f8ad9e5db5bc4a533f9efbfd7638790,CVE-2005-0823
187895283,akabe1/windows_exploit_dowser,cve_from_exploitdb_website.csv,499e206b9f8ad9e5db5bc4a533f9efbfd7638790,CVE-2005-0905
187895283,akabe1/windows_exploit_dowser,cve_from_exploitdb_website.csv,499e206b9f8ad9e5db5bc4a533f9efbfd7638790,CVE-2004-1908
187895283,akabe1/windows_exploit_dowser,cve_from_exploitdb_website.csv,499e206b9f8ad9e5db5bc4a533f9efbfd7638790,CVE-2005-0950
187895283,akabe1/windows_exploit_dowser,cve_from_exploitdb_website.csv,499e206b9f8ad9e5db5bc4a533f9efbfd7638790,CVE-2005-0978
187895283,akabe1/windows_exploit_dowser,cve_from_exploitdb_website.csv,499e206b9f8ad9e5db5bc4a533f9efbfd7638790,CVE-2004-1945
187895283,akabe1/windows_exploit_dowser,cve_from_exploitdb_website.csv,499e206b9f8ad9e5db5bc4a533f9efbfd7638790,CVE-2004-1947
187895283,akabe1/windows_exploit_dowser,cve_from_exploitdb_website.csv,499e206b9f8ad9e5db5bc4a533f9efbfd7638790,CVE-2004-2749
187895283,akabe1/windows_exploit_dowser,cve_from_exploitdb_website.csv,499e206b9f8ad9e5db5bc4a533f9efbfd7638790,CVE-2005-0047
187895283,akabe1/windows_exploit_dowser,cve_from_exploitdb_website.csv,499e206b9f8ad9e5db5bc4a533f9efbfd7638790,CVE-2004-1887
187895283,akabe1/windows_exploit_dowser,cve_from_exploitdb_website.csv,499e206b9f8ad9e5db5bc4a533f9efbfd7638790,CVE-2005-0737
187895283,akabe1/windows_exploit_dowser,cve_from_exploitdb_website.csv,499e206b9f8ad9e5db5bc4a533f9efbfd7638790,CVE-2004-2464
187895283,akabe1/windows_exploit_dowser,cve_from_exploitdb_website.csv,499e206b9f8ad9e5db5bc4a533f9efbfd7638790,CVE-2004-2475
187895283,akabe1/windows_exploit_dowser,cve_from_exploitdb_website.csv,499e206b9f8ad9e5db5bc4a533f9efbfd7638790,CVE-2005-0595
187895283,akabe1/windows_exploit_dowser,cve_from_exploitdb_website.csv,499e206b9f8ad9e5db5bc4a533f9efbfd7638790,CVE-2004-1641
187895283,akabe1/windows_exploit_dowser,cve_from_exploitdb_website.csv,499e206b9f8ad9e5db5bc4a533f9efbfd7638790,CVE-2004-1638
187895283,akabe1/windows_exploit_dowser,cve_from_exploitdb_website.csv,499e206b9f8ad9e5db5bc4a533f9efbfd7638790,CVE-2004-1627
187895283,akabe1/windows_exploit_dowser,cve_from_exploitdb_website.csv,499e206b9f8ad9e5db5bc4a533f9efbfd7638790,CVE-2004-1626
187895283,akabe1/windows_exploit_dowser,cve_from_exploitdb_website.csv,499e206b9f8ad9e5db5bc4a533f9efbfd7638790,CVE-2005-0522
187895283,akabe1/windows_exploit_dowser,cve_from_exploitdb_website.csv,499e206b9f8ad9e5db5bc4a533f9efbfd7638790,CVE-2004-1595
187895283,akabe1/windows_exploit_dowser,cve_from_exploitdb_website.csv,499e206b9f8ad9e5db5bc4a533f9efbfd7638790,CVE-2005-1087
187895283,akabe1/windows_exploit_dowser,cve_from_exploitdb_website.csv,499e206b9f8ad9e5db5bc4a533f9efbfd7638790,CVE-2005-1092
187895283,akabe1/windows_exploit_dowser,cve_from_exploitdb_website.csv,499e206b9f8ad9e5db5bc4a533f9efbfd7638790,CVE-2004-1561
187895283,akabe1/windows_exploit_dowser,cve_from_exploitdb_website.csv,499e206b9f8ad9e5db5bc4a533f9efbfd7638790,CVE-2004-1558
187895283,akabe1/windows_exploit_dowser,cve_from_exploitdb_website.csv,499e206b9f8ad9e5db5bc4a533f9efbfd7638790,CVE-2005-0553
187895283,akabe1/windows_exploit_dowser,cve_from_exploitdb_website.csv,499e206b9f8ad9e5db5bc4a533f9efbfd7638790,CVE-2004-2116
187895283,akabe1/windows_exploit_dowser,cve_from_exploitdb_website.csv,499e206b9f8ad9e5db5bc4a533f9efbfd7638790,CVE-2004-1546
187895283,akabe1/windows_exploit_dowser,cve_from_exploitdb_website.csv,499e206b9f8ad9e5db5bc4a533f9efbfd7638790,CVE-2004-2119
187895283,akabe1/windows_exploit_dowser,cve_from_exploitdb_website.csv,499e206b9f8ad9e5db5bc4a533f9efbfd7638790,CVE-2004-2121
187895283,akabe1/windows_exploit_dowser,cve_from_exploitdb_website.csv,499e206b9f8ad9e5db5bc4a533f9efbfd7638790,CVE-2004-2128
187895283,akabe1/windows_exploit_dowser,cve_from_exploitdb_website.csv,499e206b9f8ad9e5db5bc4a533f9efbfd7638790,CVE-2004-2176
187895283,akabe1/windows_exploit_dowser,cve_from_exploitdb_website.csv,499e206b9f8ad9e5db5bc4a533f9efbfd7638790,CVE-2004-2271
187895283,akabe1/windows_exploit_dowser,cve_from_exploitdb_website.csv,499e206b9f8ad9e5db5bc4a533f9efbfd7638790,CVE-2004-2289
187895283,akabe1/windows_exploit_dowser,cve_from_exploitdb_website.csv,499e206b9f8ad9e5db5bc4a533f9efbfd7638790,CVE-2004-2291
187895283,akabe1/windows_exploit_dowser,cve_from_exploitdb_website.csv,499e206b9f8ad9e5db5bc4a533f9efbfd7638790,CVE-2004-2311
187895283,akabe1/windows_exploit_dowser,cve_from_exploitdb_website.csv,499e206b9f8ad9e5db5bc4a533f9efbfd7638790,CVE-2004-1533
187895283,akabe1/windows_exploit_dowser,cve_from_exploitdb_website.csv,499e206b9f8ad9e5db5bc4a533f9efbfd7638790,CVE-2004-1521
187895283,akabe1/windows_exploit_dowser,cve_from_exploitdb_website.csv,499e206b9f8ad9e5db5bc4a533f9efbfd7638790,CVE-2004-2299
187895283,akabe1/windows_exploit_dowser,cve_from_exploitdb_website.csv,499e206b9f8ad9e5db5bc4a533f9efbfd7638790,CVE-2005-0551
187895283,akabe1/windows_exploit_dowser,cve_from_exploitdb_website.csv,499e206b9f8ad9e5db5bc4a533f9efbfd7638790,CVE-2004-2309
187895283,akabe1/windows_exploit_dowser,cve_from_exploitdb_website.csv,499e206b9f8ad9e5db5bc4a533f9efbfd7638790,CVE-2004-2310
187895283,akabe1/windows_exploit_dowser,cve_from_exploitdb_website.csv,499e206b9f8ad9e5db5bc4a533f9efbfd7638790,CVE-2004-1645
187895283,akabe1/windows_exploit_dowser,cve_from_exploitdb_website.csv,499e206b9f8ad9e5db5bc4a533f9efbfd7638790,CVE-2004-1646
187895283,akabe1/windows_exploit_dowser,cve_from_exploitdb_website.csv,499e206b9f8ad9e5db5bc4a533f9efbfd7638790,CVE-2004-1612
187895283,akabe1/windows_exploit_dowser,cve_from_exploitdb_website.csv,499e206b9f8ad9e5db5bc4a533f9efbfd7638790,CVE-2004-1666
187895283,akabe1/windows_exploit_dowser,cve_from_exploitdb_website.csv,499e206b9f8ad9e5db5bc4a533f9efbfd7638790,CVE-2004-1410
187895283,akabe1/windows_exploit_dowser,cve_from_exploitdb_website.csv,499e206b9f8ad9e5db5bc4a533f9efbfd7638790,CVE-2004-1439
187895283,akabe1/windows_exploit_dowser,cve_from_exploitdb_website.csv,499e206b9f8ad9e5db5bc4a533f9efbfd7638790,CVE-2004-2359
187895283,akabe1/windows_exploit_dowser,cve_from_exploitdb_website.csv,499e206b9f8ad9e5db5bc4a533f9efbfd7638790,CVE-2005-0521
187895283,akabe1/windows_exploit_dowser,cve_from_exploitdb_website.csv,499e206b9f8ad9e5db5bc4a533f9efbfd7638790,CVE-2005-1002
187895283,akabe1/windows_exploit_dowser,cve_from_exploitdb_website.csv,499e206b9f8ad9e5db5bc4a533f9efbfd7638790,CVE-2004-2416
187895283,akabe1/windows_exploit_dowser,cve_from_exploitdb_website.csv,499e206b9f8ad9e5db5bc4a533f9efbfd7638790,CVE-2004-2383
187895283,akabe1/windows_exploit_dowser,cve_from_exploitdb_website.csv,499e206b9f8ad9e5db5bc4a533f9efbfd7638790,CVE-2005-1009
187895283,akabe1/windows_exploit_dowser,cve_from_exploitdb_website.csv,499e206b9f8ad9e5db5bc4a533f9efbfd7638790,CVE-2004-1465
187895283,akabe1/windows_exploit_dowser,cve_from_exploitdb_website.csv,499e206b9f8ad9e5db5bc4a533f9efbfd7638790,CVE-2004-1520
187895283,akabe1/windows_exploit_dowser,cve_from_exploitdb_website.csv,499e206b9f8ad9e5db5bc4a533f9efbfd7638790,CVE-2005-0575
187895283,akabe1/windows_exploit_dowser,cve_from_exploitdb_website.csv,499e206b9f8ad9e5db5bc4a533f9efbfd7638790,CVE-2005-0566
187895283,akabe1/windows_exploit_dowser,cve_from_exploitdb_website.csv,499e206b9f8ad9e5db5bc4a533f9efbfd7638790,CVE-2004-2373
187895283,akabe1/windows_exploit_dowser,cve_from_exploitdb_website.csv,499e206b9f8ad9e5db5bc4a533f9efbfd7638790,CVE-2004-2418
187895283,akabe1/windows_exploit_dowser,cve_from_exploitdb_website.csv,499e206b9f8ad9e5db5bc4a533f9efbfd7638790,CVE-2004-2114
187895283,akabe1/windows_exploit_dowser,cve_from_exploitdb_website.csv,499e206b9f8ad9e5db5bc4a533f9efbfd7638790,CVE-2004-1752
187895283,akabe1/windows_exploit_dowser,cve_from_exploitdb_website.csv,499e206b9f8ad9e5db5bc4a533f9efbfd7638790,CVE-2004-1754
187895283,akabe1/windows_exploit_dowser,cve_from_exploitdb_website.csv,499e206b9f8ad9e5db5bc4a533f9efbfd7638790,CVE-2004-1380
187895283,akabe1/windows_exploit_dowser,cve_from_exploitdb_website.csv,499e206b9f8ad9e5db5bc4a533f9efbfd7638790,CVE-2004-1783
187895283,akabe1/windows_exploit_dowser,cve_from_exploitdb_website.csv,499e206b9f8ad9e5db5bc4a533f9efbfd7638790,CVE-2004-1784
187895283,akabe1/windows_exploit_dowser,cve_from_exploitdb_website.csv,499e206b9f8ad9e5db5bc4a533f9efbfd7638790,CVE-2005-0560
187895283,akabe1/windows_exploit_dowser,cve_from_exploitdb_website.csv,499e206b9f8ad9e5db5bc4a533f9efbfd7638790,CVE-2005-0555
187895283,akabe1/windows_exploit_dowser,old_2017_03_14_msbulletin.csv,ac782da58b9b1fbbc2d8ea594d3db0be8c5cfbe3,CVE-2016-7286
187895283,akabe1/windows_exploit_dowser,old_2017_03_14_msbulletin.csv,ac782da58b9b1fbbc2d8ea594d3db0be8c5cfbe3,CVE-2016-7246
187895283,akabe1/windows_exploit_dowser,old_2017_03_14_msbulletin.csv,ac782da58b9b1fbbc2d8ea594d3db0be8c5cfbe3,CVE-2016-7287
187895283,akabe1/windows_exploit_dowser,old_2017_03_14_msbulletin.csv,ac782da58b9b1fbbc2d8ea594d3db0be8c5cfbe3,CVE-2016-7288
187895283,akabe1/windows_exploit_dowser,old_2017_03_14_msbulletin.csv,ac782da58b9b1fbbc2d8ea594d3db0be8c5cfbe3,CVE-2016-7236
187895283,akabe1/windows_exploit_dowser,old_2017_03_14_msbulletin.csv,ac782da58b9b1fbbc2d8ea594d3db0be8c5cfbe3,CVE-2016-7289
187895283,akabe1/windows_exploit_dowser,old_2017_03_14_msbulletin.csv,ac782da58b9b1fbbc2d8ea594d3db0be8c5cfbe3,CVE-2016-7239
187895283,akabe1/windows_exploit_dowser,old_2017_03_14_msbulletin.csv,ac782da58b9b1fbbc2d8ea594d3db0be8c5cfbe3,CVE-2016-7240
187895283,akabe1/windows_exploit_dowser,old_2017_03_14_msbulletin.csv,ac782da58b9b1fbbc2d8ea594d3db0be8c5cfbe3,CVE-2016-7247
187895283,akabe1/windows_exploit_dowser,old_2017_03_14_msbulletin.csv,ac782da58b9b1fbbc2d8ea594d3db0be8c5cfbe3,CVE-2016-7292
187895283,akabe1/windows_exploit_dowser,old_2017_03_14_msbulletin.csv,ac782da58b9b1fbbc2d8ea594d3db0be8c5cfbe3,CVE-2016-7245
187895283,akabe1/windows_exploit_dowser,old_2017_03_14_msbulletin.csv,ac782da58b9b1fbbc2d8ea594d3db0be8c5cfbe3,CVE-2016-7244
187895283,akabe1/windows_exploit_dowser,old_2017_03_14_msbulletin.csv,ac782da58b9b1fbbc2d8ea594d3db0be8c5cfbe3,CVE-2015-6097
187895283,akabe1/windows_exploit_dowser,old_2017_03_14_msbulletin.csv,ac782da58b9b1fbbc2d8ea594d3db0be8c5cfbe3,CVE-2016-7243
187895283,akabe1/windows_exploit_dowser,old_2017_03_14_msbulletin.csv,ac782da58b9b1fbbc2d8ea594d3db0be8c5cfbe3,CVE-2016-7241
187895283,akabe1/windows_exploit_dowser,old_2017_03_14_msbulletin.csv,ac782da58b9b1fbbc2d8ea594d3db0be8c5cfbe3,CVE-2016-7291
187895283,akabe1/windows_exploit_dowser,old_2017_03_14_msbulletin.csv,ac782da58b9b1fbbc2d8ea594d3db0be8c5cfbe3,CVE-2016-7295
187895283,akabe1/windows_exploit_dowser,old_2017_03_14_msbulletin.csv,ac782da58b9b1fbbc2d8ea594d3db0be8c5cfbe3,CVE-2016-7242
187895283,akabe1/windows_exploit_dowser,old_2017_03_14_msbulletin.csv,ac782da58b9b1fbbc2d8ea594d3db0be8c5cfbe3,CVE-2016-7293
187895283,akabe1/windows_exploit_dowser,old_2017_03_14_msbulletin.csv,ac782da58b9b1fbbc2d8ea594d3db0be8c5cfbe3,CVE-2016-7290
187895283,akabe1/windows_exploit_dowser,old_2017_03_14_msbulletin.csv,ac782da58b9b1fbbc2d8ea594d3db0be8c5cfbe3,CVE-2016-7248
187895283,akabe1/windows_exploit_dowser,old_2017_03_14_msbulletin.csv,ac782da58b9b1fbbc2d8ea594d3db0be8c5cfbe3,CVE-2016-7279
187895283,akabe1/windows_exploit_dowser,old_2017_03_14_msbulletin.csv,ac782da58b9b1fbbc2d8ea594d3db0be8c5cfbe3,CVE-2016-7250
187895283,akabe1/windows_exploit_dowser,old_2017_03_14_msbulletin.csv,ac782da58b9b1fbbc2d8ea594d3db0be8c5cfbe3,CVE-2016-7281
187895283,akabe1/windows_exploit_dowser,old_2017_03_14_msbulletin.csv,ac782da58b9b1fbbc2d8ea594d3db0be8c5cfbe3,CVE-2016-7278
187895283,akabe1/windows_exploit_dowser,old_2017_03_14_msbulletin.csv,ac782da58b9b1fbbc2d8ea594d3db0be8c5cfbe3,CVE-2016-7277
187895283,akabe1/windows_exploit_dowser,old_2017_03_14_msbulletin.csv,ac782da58b9b1fbbc2d8ea594d3db0be8c5cfbe3,CVE-2016-7282
187895283,akabe1/windows_exploit_dowser,old_2017_03_14_msbulletin.csv,ac782da58b9b1fbbc2d8ea594d3db0be8c5cfbe3,CVE-2016-7276
187895283,akabe1/windows_exploit_dowser,old_2017_03_14_msbulletin.csv,ac782da58b9b1fbbc2d8ea594d3db0be8c5cfbe3,CVE-2016-7275
187895283,akabe1/windows_exploit_dowser,old_2017_03_14_msbulletin.csv,ac782da58b9b1fbbc2d8ea594d3db0be8c5cfbe3,CVE-2016-7283
187895283,akabe1/windows_exploit_dowser,old_2017_03_14_msbulletin.csv,ac782da58b9b1fbbc2d8ea594d3db0be8c5cfbe3,CVE-2016-7274
187895283,akabe1/windows_exploit_dowser,old_2017_03_14_msbulletin.csv,ac782da58b9b1fbbc2d8ea594d3db0be8c5cfbe3,CVE-2016-7284
187895283,akabe1/windows_exploit_dowser,old_2017_03_14_msbulletin.csv,ac782da58b9b1fbbc2d8ea594d3db0be8c5cfbe3,CVE-2016-7273
187895283,akabe1/windows_exploit_dowser,old_2017_03_14_msbulletin.csv,ac782da58b9b1fbbc2d8ea594d3db0be8c5cfbe3,CVE-2016-7272
187895283,akabe1/windows_exploit_dowser,old_2017_03_14_msbulletin.csv,ac782da58b9b1fbbc2d8ea594d3db0be8c5cfbe3,CVE-2016-7271
187895283,akabe1/windows_exploit_dowser,old_2017_03_14_msbulletin.csv,ac782da58b9b1fbbc2d8ea594d3db0be8c5cfbe3,CVE-2016-7270
187895283,akabe1/windows_exploit_dowser,old_2017_03_14_msbulletin.csv,ac782da58b9b1fbbc2d8ea594d3db0be8c5cfbe3,CVE-2016-7268
187895283,akabe1/windows_exploit_dowser,old_2017_03_14_msbulletin.csv,ac782da58b9b1fbbc2d8ea594d3db0be8c5cfbe3,CVE-2016-7267
187895283,akabe1/windows_exploit_dowser,old_2017_03_14_msbulletin.csv,ac782da58b9b1fbbc2d8ea594d3db0be8c5cfbe3,CVE-2016-7266
187895283,akabe1/windows_exploit_dowser,old_2017_03_14_msbulletin.csv,ac782da58b9b1fbbc2d8ea594d3db0be8c5cfbe3,CVE-2016-7265
187895283,akabe1/windows_exploit_dowser,old_2017_03_14_msbulletin.csv,ac782da58b9b1fbbc2d8ea594d3db0be8c5cfbe3,CVE-2016-7251
187895283,akabe1/windows_exploit_dowser,old_2017_03_14_msbulletin.csv,ac782da58b9b1fbbc2d8ea594d3db0be8c5cfbe3,CVE-2016-7252
187895283,akabe1/windows_exploit_dowser,old_2017_03_14_msbulletin.csv,ac782da58b9b1fbbc2d8ea594d3db0be8c5cfbe3,CVE-2016-7253
187895283,akabe1/windows_exploit_dowser,old_2017_03_14_msbulletin.csv,ac782da58b9b1fbbc2d8ea594d3db0be8c5cfbe3,CVE-2016-7254
187895283,akabe1/windows_exploit_dowser,old_2017_03_14_msbulletin.csv,ac782da58b9b1fbbc2d8ea594d3db0be8c5cfbe3,CVE-2015-6096
187895283,akabe1/windows_exploit_dowser,old_2017_03_14_msbulletin.csv,ac782da58b9b1fbbc2d8ea594d3db0be8c5cfbe3,CVE-2016-7255
187895283,akabe1/windows_exploit_dowser,old_2017_03_14_msbulletin.csv,ac782da58b9b1fbbc2d8ea594d3db0be8c5cfbe3,CVE-2016-7249
187895283,akabe1/windows_exploit_dowser,old_2017_03_14_msbulletin.csv,ac782da58b9b1fbbc2d8ea594d3db0be8c5cfbe3,CVE-2016-7256
187895283,akabe1/windows_exploit_dowser,old_2017_03_14_msbulletin.csv,ac782da58b9b1fbbc2d8ea594d3db0be8c5cfbe3,CVE-2016-7258
187895283,akabe1/windows_exploit_dowser,old_2017_03_14_msbulletin.csv,ac782da58b9b1fbbc2d8ea594d3db0be8c5cfbe3,CVE-2016-7259
187895283,akabe1/windows_exploit_dowser,old_2017_03_14_msbulletin.csv,ac782da58b9b1fbbc2d8ea594d3db0be8c5cfbe3,CVE-2016-7260
187895283,akabe1/windows_exploit_dowser,old_2017_03_14_msbulletin.csv,ac782da58b9b1fbbc2d8ea594d3db0be8c5cfbe3,CVE-2016-7262
187895283,akabe1/windows_exploit_dowser,old_2017_03_14_msbulletin.csv,ac782da58b9b1fbbc2d8ea594d3db0be8c5cfbe3,CVE-2016-7280
187895283,akabe1/windows_exploit_dowser,old_2017_03_14_msbulletin.csv,ac782da58b9b1fbbc2d8ea594d3db0be8c5cfbe3,CVE-2016-7264
187895283,akabe1/windows_exploit_dowser,old_2017_03_14_msbulletin.csv,ac782da58b9b1fbbc2d8ea594d3db0be8c5cfbe3,CVE-2016-7257
187895283,akabe1/windows_exploit_dowser,old_2017_03_14_msbulletin.csv,ac782da58b9b1fbbc2d8ea594d3db0be8c5cfbe3,CVE-2016-7263
187895283,akabe1/windows_exploit_dowser,old_2017_03_14_msbulletin.csv,ac782da58b9b1fbbc2d8ea594d3db0be8c5cfbe3,CVE-2016-0026
187895283,akabe1/windows_exploit_dowser,old_2017_03_14_msbulletin.csv,ac782da58b9b1fbbc2d8ea594d3db0be8c5cfbe3,CVE-2015-2481
187895283,akabe1/windows_exploit_dowser,old_2017_03_14_msbulletin.csv,ac782da58b9b1fbbc2d8ea594d3db0be8c5cfbe3,CVE-2016-7204
187895283,akabe1/windows_exploit_dowser,old_2017_03_14_msbulletin.csv,ac782da58b9b1fbbc2d8ea594d3db0be8c5cfbe3,CVE-2016-7205
187895283,akabe1/windows_exploit_dowser,old_2017_03_14_msbulletin.csv,ac782da58b9b1fbbc2d8ea594d3db0be8c5cfbe3,CVE-2015-2425
187895283,akabe1/windows_exploit_dowser,old_2017_03_14_msbulletin.csv,ac782da58b9b1fbbc2d8ea594d3db0be8c5cfbe3,CVE-2016-7206
187895283,akabe1/windows_exploit_dowser,old_2017_03_14_msbulletin.csv,ac782da58b9b1fbbc2d8ea594d3db0be8c5cfbe3,CVE-2016-7208
187895283,akabe1/windows_exploit_dowser,old_2017_03_14_msbulletin.csv,ac782da58b9b1fbbc2d8ea594d3db0be8c5cfbe3,CVE-2016-7209
187895283,akabe1/windows_exploit_dowser,old_2017_03_14_msbulletin.csv,ac782da58b9b1fbbc2d8ea594d3db0be8c5cfbe3,CVE-2016-7210
187895283,akabe1/windows_exploit_dowser,old_2017_03_14_msbulletin.csv,ac782da58b9b1fbbc2d8ea594d3db0be8c5cfbe3,CVE-2016-7212
187895283,akabe1/windows_exploit_dowser,old_2017_03_14_msbulletin.csv,ac782da58b9b1fbbc2d8ea594d3db0be8c5cfbe3,CVE-2016-7213
187895283,akabe1/windows_exploit_dowser,old_2017_03_14_msbulletin.csv,ac782da58b9b1fbbc2d8ea594d3db0be8c5cfbe3,CVE-2015-6131
187895283,akabe1/windows_exploit_dowser,old_2017_03_14_msbulletin.csv,ac782da58b9b1fbbc2d8ea594d3db0be8c5cfbe3,CVE-2015-6130
187895283,akabe1/windows_exploit_dowser,old_2017_03_14_msbulletin.csv,ac782da58b9b1fbbc2d8ea594d3db0be8c5cfbe3,CVE-2015-6128
187895283,akabe1/windows_exploit_dowser,old_2017_03_14_msbulletin.csv,ac782da58b9b1fbbc2d8ea594d3db0be8c5cfbe3,CVE-2015-6127
187895283,akabe1/windows_exploit_dowser,old_2017_03_14_msbulletin.csv,ac782da58b9b1fbbc2d8ea594d3db0be8c5cfbe3,CVE-2016-7214
187895283,akabe1/windows_exploit_dowser,old_2017_03_14_msbulletin.csv,ac782da58b9b1fbbc2d8ea594d3db0be8c5cfbe3,CVE-2015-6126
187895283,akabe1/windows_exploit_dowser,old_2017_03_14_msbulletin.csv,ac782da58b9b1fbbc2d8ea594d3db0be8c5cfbe3,CVE-2016-7215
187895283,akabe1/windows_exploit_dowser,old_2017_03_14_msbulletin.csv,ac782da58b9b1fbbc2d8ea594d3db0be8c5cfbe3,CVE-2016-7216
187895283,akabe1/windows_exploit_dowser,old_2017_03_14_msbulletin.csv,ac782da58b9b1fbbc2d8ea594d3db0be8c5cfbe3,CVE-2016-7217
187895283,akabe1/windows_exploit_dowser,old_2017_03_14_msbulletin.csv,ac782da58b9b1fbbc2d8ea594d3db0be8c5cfbe3,CVE-2016-7218
187895283,akabe1/windows_exploit_dowser,old_2017_03_14_msbulletin.csv,ac782da58b9b1fbbc2d8ea594d3db0be8c5cfbe3,CVE-2016-7203
187895283,akabe1/windows_exploit_dowser,old_2017_03_14_msbulletin.csv,ac782da58b9b1fbbc2d8ea594d3db0be8c5cfbe3,CVE-2016-7219
187895283,akabe1/windows_exploit_dowser,old_2017_03_14_msbulletin.csv,ac782da58b9b1fbbc2d8ea594d3db0be8c5cfbe3,CVE-2016-7202
187895283,akabe1/windows_exploit_dowser,old_2017_03_14_msbulletin.csv,ac782da58b9b1fbbc2d8ea594d3db0be8c5cfbe3,CVE-2016-7200
187895283,akabe1/windows_exploit_dowser,old_2017_03_14_msbulletin.csv,ac782da58b9b1fbbc2d8ea594d3db0be8c5cfbe3,CVE-2016-3396
187895283,akabe1/windows_exploit_dowser,old_2017_03_14_msbulletin.csv,ac782da58b9b1fbbc2d8ea594d3db0be8c5cfbe3,CVE-2016-7181
187895283,akabe1/windows_exploit_dowser,old_2017_03_14_msbulletin.csv,ac782da58b9b1fbbc2d8ea594d3db0be8c5cfbe3,CVE-2016-7182
187895283,akabe1/windows_exploit_dowser,old_2017_03_14_msbulletin.csv,ac782da58b9b1fbbc2d8ea594d3db0be8c5cfbe3,CVE-2016-7184
187895283,akabe1/windows_exploit_dowser,old_2017_03_14_msbulletin.csv,ac782da58b9b1fbbc2d8ea594d3db0be8c5cfbe3,CVE-2016-7185
187895283,akabe1/windows_exploit_dowser,old_2017_03_14_msbulletin.csv,ac782da58b9b1fbbc2d8ea594d3db0be8c5cfbe3,CVE-2016-7188
187895283,akabe1/windows_exploit_dowser,old_2017_03_14_msbulletin.csv,ac782da58b9b1fbbc2d8ea594d3db0be8c5cfbe3,CVE-2016-7189
187895283,akabe1/windows_exploit_dowser,old_2017_03_14_msbulletin.csv,ac782da58b9b1fbbc2d8ea594d3db0be8c5cfbe3,CVE-2016-7190
187895283,akabe1/windows_exploit_dowser,old_2017_03_14_msbulletin.csv,ac782da58b9b1fbbc2d8ea594d3db0be8c5cfbe3,CVE-2016-7191
187895283,akabe1/windows_exploit_dowser,old_2017_03_14_msbulletin.csv,ac782da58b9b1fbbc2d8ea594d3db0be8c5cfbe3,CVE-2015-6134
187895283,akabe1/windows_exploit_dowser,old_2017_03_14_msbulletin.csv,ac782da58b9b1fbbc2d8ea594d3db0be8c5cfbe3,CVE-2016-7193
187895283,akabe1/windows_exploit_dowser,old_2017_03_14_msbulletin.csv,ac782da58b9b1fbbc2d8ea594d3db0be8c5cfbe3,CVE-2015-6133
187895283,akabe1/windows_exploit_dowser,old_2017_03_14_msbulletin.csv,ac782da58b9b1fbbc2d8ea594d3db0be8c5cfbe3,CVE-2016-7194
187895283,akabe1/windows_exploit_dowser,old_2017_03_14_msbulletin.csv,ac782da58b9b1fbbc2d8ea594d3db0be8c5cfbe3,CVE-2016-7195
187895283,akabe1/windows_exploit_dowser,old_2017_03_14_msbulletin.csv,ac782da58b9b1fbbc2d8ea594d3db0be8c5cfbe3,CVE-2015-6132
187895283,akabe1/windows_exploit_dowser,old_2017_03_14_msbulletin.csv,ac782da58b9b1fbbc2d8ea594d3db0be8c5cfbe3,CVE-2015-2426
187895283,akabe1/windows_exploit_dowser,old_2017_03_14_msbulletin.csv,ac782da58b9b1fbbc2d8ea594d3db0be8c5cfbe3,CVE-2016-7196
187895283,akabe1/windows_exploit_dowser,old_2017_03_14_msbulletin.csv,ac782da58b9b1fbbc2d8ea594d3db0be8c5cfbe3,CVE-2016-7198
187895283,akabe1/windows_exploit_dowser,old_2017_03_14_msbulletin.csv,ac782da58b9b1fbbc2d8ea594d3db0be8c5cfbe3,CVE-2016-7199
187895283,akabe1/windows_exploit_dowser,old_2017_03_14_msbulletin.csv,ac782da58b9b1fbbc2d8ea594d3db0be8c5cfbe3,CVE-2016-7201
187895283,akabe1/windows_exploit_dowser,old_2017_03_14_msbulletin.csv,ac782da58b9b1fbbc2d8ea594d3db0be8c5cfbe3,CVE-2015-6098
187895283,akabe1/windows_exploit_dowser,old_2017_03_14_msbulletin.csv,ac782da58b9b1fbbc2d8ea594d3db0be8c5cfbe3,CVE-2015-6125
187895283,akabe1/windows_exploit_dowser,old_2017_03_14_msbulletin.csv,ac782da58b9b1fbbc2d8ea594d3db0be8c5cfbe3,CVE-2015-6124
187895283,akabe1/windows_exploit_dowser,old_2017_03_14_msbulletin.csv,ac782da58b9b1fbbc2d8ea594d3db0be8c5cfbe3,CVE-2015-6115
187895283,akabe1/windows_exploit_dowser,old_2017_03_14_msbulletin.csv,ac782da58b9b1fbbc2d8ea594d3db0be8c5cfbe3,CVE-2015-6114
187895283,akabe1/windows_exploit_dowser,old_2017_03_14_msbulletin.csv,ac782da58b9b1fbbc2d8ea594d3db0be8c5cfbe3,CVE-2015-6113
187895283,akabe1/windows_exploit_dowser,old_2017_03_14_msbulletin.csv,ac782da58b9b1fbbc2d8ea594d3db0be8c5cfbe3,CVE-2015-6112
187895283,akabe1/windows_exploit_dowser,old_2017_03_14_msbulletin.csv,ac782da58b9b1fbbc2d8ea594d3db0be8c5cfbe3,CVE-2015-2478
187895283,akabe1/windows_exploit_dowser,old_2017_03_14_msbulletin.csv,ac782da58b9b1fbbc2d8ea594d3db0be8c5cfbe3,CVE-2015-6111
187895283,akabe1/windows_exploit_dowser,old_2017_03_14_msbulletin.csv,ac782da58b9b1fbbc2d8ea594d3db0be8c5cfbe3,CVE-2015-6109
187895283,akabe1/windows_exploit_dowser,old_2017_03_14_msbulletin.csv,ac782da58b9b1fbbc2d8ea594d3db0be8c5cfbe3,CVE-2015-2479
187895283,akabe1/windows_exploit_dowser,old_2017_03_14_msbulletin.csv,ac782da58b9b1fbbc2d8ea594d3db0be8c5cfbe3,CVE-2015-2480
187895283,akabe1/windows_exploit_dowser,old_2017_03_14_msbulletin.csv,ac782da58b9b1fbbc2d8ea594d3db0be8c5cfbe3,CVE-2015-6108
187895283,akabe1/windows_exploit_dowser,old_2017_03_14_msbulletin.csv,ac782da58b9b1fbbc2d8ea594d3db0be8c5cfbe3,CVE-2016-7235
187895283,akabe1/windows_exploit_dowser,old_2017_03_14_msbulletin.csv,ac782da58b9b1fbbc2d8ea594d3db0be8c5cfbe3,CVE-2015-6107
187895283,akabe1/windows_exploit_dowser,old_2017_03_14_msbulletin.csv,ac782da58b9b1fbbc2d8ea594d3db0be8c5cfbe3,CVE-2015-6106
187895283,akabe1/windows_exploit_dowser,old_2017_03_14_msbulletin.csv,ac782da58b9b1fbbc2d8ea594d3db0be8c5cfbe3,CVE-2015-6104
187895283,akabe1/windows_exploit_dowser,old_2017_03_14_msbulletin.csv,ac782da58b9b1fbbc2d8ea594d3db0be8c5cfbe3,CVE-2015-6103
187895283,akabe1/windows_exploit_dowser,old_2017_03_14_msbulletin.csv,ac782da58b9b1fbbc2d8ea594d3db0be8c5cfbe3,CVE-2015-6102
187895283,akabe1/windows_exploit_dowser,old_2017_03_14_msbulletin.csv,ac782da58b9b1fbbc2d8ea594d3db0be8c5cfbe3,CVE-2015-6101
187895283,akabe1/windows_exploit_dowser,old_2017_03_14_msbulletin.csv,ac782da58b9b1fbbc2d8ea594d3db0be8c5cfbe3,CVE-2015-6100
187895283,akabe1/windows_exploit_dowser,old_2017_03_14_msbulletin.csv,ac782da58b9b1fbbc2d8ea594d3db0be8c5cfbe3,CVE-2015-6099
187895283,akabe1/windows_exploit_dowser,old_2017_03_14_msbulletin.csv,ac782da58b9b1fbbc2d8ea594d3db0be8c5cfbe3,CVE-2015-2477
187895283,akabe1/windows_exploit_dowser,old_2017_03_14_msbulletin.csv,ac782da58b9b1fbbc2d8ea594d3db0be8c5cfbe3,CVE-2016-7221
187895283,akabe1/windows_exploit_dowser,old_2017_03_14_msbulletin.csv,ac782da58b9b1fbbc2d8ea594d3db0be8c5cfbe3,CVE-2015-6117
187895283,akabe1/windows_exploit_dowser,old_2017_03_14_msbulletin.csv,ac782da58b9b1fbbc2d8ea594d3db0be8c5cfbe3,CVE-2016-7296
187895283,akabe1/windows_exploit_dowser,old_2017_03_14_msbulletin.csv,ac782da58b9b1fbbc2d8ea594d3db0be8c5cfbe3,CVE-2015-6122
187895283,akabe1/windows_exploit_dowser,old_2017_03_14_msbulletin.csv,ac782da58b9b1fbbc2d8ea594d3db0be8c5cfbe3,CVE-2016-7222
187895283,akabe1/windows_exploit_dowser,old_2017_03_14_msbulletin.csv,ac782da58b9b1fbbc2d8ea594d3db0be8c5cfbe3,CVE-2016-7223
187895283,akabe1/windows_exploit_dowser,old_2017_03_14_msbulletin.csv,ac782da58b9b1fbbc2d8ea594d3db0be8c5cfbe3,CVE-2016-7224
187895283,akabe1/windows_exploit_dowser,old_2017_03_14_msbulletin.csv,ac782da58b9b1fbbc2d8ea594d3db0be8c5cfbe3,CVE-2015-2472
187895283,akabe1/windows_exploit_dowser,old_2017_03_14_msbulletin.csv,ac782da58b9b1fbbc2d8ea594d3db0be8c5cfbe3,CVE-2016-7225
187895283,akabe1/windows_exploit_dowser,old_2017_03_14_msbulletin.csv,ac782da58b9b1fbbc2d8ea594d3db0be8c5cfbe3,CVE-2015-2473
187895283,akabe1/windows_exploit_dowser,old_2017_03_14_msbulletin.csv,ac782da58b9b1fbbc2d8ea594d3db0be8c5cfbe3,CVE-2016-7226
187895283,akabe1/windows_exploit_dowser,old_2017_03_14_msbulletin.csv,ac782da58b9b1fbbc2d8ea594d3db0be8c5cfbe3,CVE-2016-7227
187895283,akabe1/windows_exploit_dowser,old_2017_03_14_msbulletin.csv,ac782da58b9b1fbbc2d8ea594d3db0be8c5cfbe3,CVE-2016-7228
187895283,akabe1/windows_exploit_dowser,old_2017_03_14_msbulletin.csv,ac782da58b9b1fbbc2d8ea594d3db0be8c5cfbe3,CVE-2016-7229
187895283,akabe1/windows_exploit_dowser,old_2017_03_14_msbulletin.csv,ac782da58b9b1fbbc2d8ea594d3db0be8c5cfbe3,CVE-2016-7230
187895283,akabe1/windows_exploit_dowser,old_2017_03_14_msbulletin.csv,ac782da58b9b1fbbc2d8ea594d3db0be8c5cfbe3,CVE-2016-7231
187895283,akabe1/windows_exploit_dowser,old_2017_03_14_msbulletin.csv,ac782da58b9b1fbbc2d8ea594d3db0be8c5cfbe3,CVE-2016-7232
187895283,akabe1/windows_exploit_dowser,old_2017_03_14_msbulletin.csv,ac782da58b9b1fbbc2d8ea594d3db0be8c5cfbe3,CVE-2016-7233
187895283,akabe1/windows_exploit_dowser,old_2017_03_14_msbulletin.csv,ac782da58b9b1fbbc2d8ea594d3db0be8c5cfbe3,CVE-2016-7234
187895283,akabe1/windows_exploit_dowser,old_2017_03_14_msbulletin.csv,ac782da58b9b1fbbc2d8ea594d3db0be8c5cfbe3,CVE-2015-2474
187895283,akabe1/windows_exploit_dowser,old_2017_03_14_msbulletin.csv,ac782da58b9b1fbbc2d8ea594d3db0be8c5cfbe3,CVE-2015-2475
187895283,akabe1/windows_exploit_dowser,old_2017_03_14_msbulletin.csv,ac782da58b9b1fbbc2d8ea594d3db0be8c5cfbe3,CVE-2015-2476
187895283,akabe1/windows_exploit_dowser,old_2017_03_14_msbulletin.csv,ac782da58b9b1fbbc2d8ea594d3db0be8c5cfbe3,CVE-2015-6118
187895283,akabe1/windows_exploit_dowser,old_2017_03_14_msbulletin.csv,ac782da58b9b1fbbc2d8ea594d3db0be8c5cfbe3,CVE-2016-7297
187895283,akabe1/windows_exploit_dowser,old_2017_03_14_msbulletin.csv,ac782da58b9b1fbbc2d8ea594d3db0be8c5cfbe3,CVE-2015-6081
187895283,akabe1/windows_exploit_dowser,old_2017_03_14_msbulletin.csv,ac782da58b9b1fbbc2d8ea594d3db0be8c5cfbe3,CVE-2016-7300
187895283,akabe1/windows_exploit_dowser,old_2017_03_14_msbulletin.csv,ac782da58b9b1fbbc2d8ea594d3db0be8c5cfbe3,CVE-2017-0112
187895283,akabe1/windows_exploit_dowser,old_2017_03_14_msbulletin.csv,ac782da58b9b1fbbc2d8ea594d3db0be8c5cfbe3,CVE-2015-2513
187895283,akabe1/windows_exploit_dowser,old_2017_03_14_msbulletin.csv,ac782da58b9b1fbbc2d8ea594d3db0be8c5cfbe3,CVE-2015-2514
187895283,akabe1/windows_exploit_dowser,old_2017_03_14_msbulletin.csv,ac782da58b9b1fbbc2d8ea594d3db0be8c5cfbe3,CVE-2015-2515
187895283,akabe1/windows_exploit_dowser,old_2017_03_14_msbulletin.csv,ac782da58b9b1fbbc2d8ea594d3db0be8c5cfbe3,CVE-2015-2516
187895283,akabe1/windows_exploit_dowser,old_2017_03_14_msbulletin.csv,ac782da58b9b1fbbc2d8ea594d3db0be8c5cfbe3,CVE-2015-2517
187895283,akabe1/windows_exploit_dowser,old_2017_03_14_msbulletin.csv,ac782da58b9b1fbbc2d8ea594d3db0be8c5cfbe3,CVE-2015-2518
187895283,akabe1/windows_exploit_dowser,old_2017_03_14_msbulletin.csv,ac782da58b9b1fbbc2d8ea594d3db0be8c5cfbe3,CVE-2015-2519
187895283,akabe1/windows_exploit_dowser,old_2017_03_14_msbulletin.csv,ac782da58b9b1fbbc2d8ea594d3db0be8c5cfbe3,CVE-2017-0113
187895283,akabe1/windows_exploit_dowser,old_2017_03_14_msbulletin.csv,ac782da58b9b1fbbc2d8ea594d3db0be8c5cfbe3,CVE-2017-0114
187895283,akabe1/windows_exploit_dowser,old_2017_03_14_msbulletin.csv,ac782da58b9b1fbbc2d8ea594d3db0be8c5cfbe3,CVE-2017-0115
187895283,akabe1/windows_exploit_dowser,old_2017_03_14_msbulletin.csv,ac782da58b9b1fbbc2d8ea594d3db0be8c5cfbe3,CVE-2017-0116
187895283,akabe1/windows_exploit_dowser,old_2017_03_14_msbulletin.csv,ac782da58b9b1fbbc2d8ea594d3db0be8c5cfbe3,CVE-2017-0117
187895283,akabe1/windows_exploit_dowser,old_2017_03_14_msbulletin.csv,ac782da58b9b1fbbc2d8ea594d3db0be8c5cfbe3,CVE-2017-0129
187895283,akabe1/windows_exploit_dowser,old_2017_03_14_msbulletin.csv,ac782da58b9b1fbbc2d8ea594d3db0be8c5cfbe3,CVE-2017-0130
187895283,akabe1/windows_exploit_dowser,old_2017_03_14_msbulletin.csv,ac782da58b9b1fbbc2d8ea594d3db0be8c5cfbe3,CVE-2015-2520
187895283,akabe1/windows_exploit_dowser,old_2017_03_14_msbulletin.csv,ac782da58b9b1fbbc2d8ea594d3db0be8c5cfbe3,CVE-2017-0143
187895283,akabe1/windows_exploit_dowser,old_2017_03_14_msbulletin.csv,ac782da58b9b1fbbc2d8ea594d3db0be8c5cfbe3,CVE-2015-2521
187895283,akabe1/windows_exploit_dowser,old_2017_03_14_msbulletin.csv,ac782da58b9b1fbbc2d8ea594d3db0be8c5cfbe3,CVE-2015-2522
187895283,akabe1/windows_exploit_dowser,old_2017_03_14_msbulletin.csv,ac782da58b9b1fbbc2d8ea594d3db0be8c5cfbe3,CVE-2015-2523
187895283,akabe1/windows_exploit_dowser,old_2017_03_14_msbulletin.csv,ac782da58b9b1fbbc2d8ea594d3db0be8c5cfbe3,CVE-2017-0144
187895283,akabe1/windows_exploit_dowser,old_2017_03_14_msbulletin.csv,ac782da58b9b1fbbc2d8ea594d3db0be8c5cfbe3,CVE-2015-2524
187895283,akabe1/windows_exploit_dowser,old_2017_03_14_msbulletin.csv,ac782da58b9b1fbbc2d8ea594d3db0be8c5cfbe3,CVE-2015-6066
187895283,akabe1/windows_exploit_dowser,old_2017_03_14_msbulletin.csv,ac782da58b9b1fbbc2d8ea594d3db0be8c5cfbe3,CVE-2017-0111
187895283,akabe1/windows_exploit_dowser,old_2017_03_14_msbulletin.csv,ac782da58b9b1fbbc2d8ea594d3db0be8c5cfbe3,CVE-2015-2525
187895283,akabe1/windows_exploit_dowser,old_2017_03_14_msbulletin.csv,ac782da58b9b1fbbc2d8ea594d3db0be8c5cfbe3,CVE-2017-0110
187895283,akabe1/windows_exploit_dowser,old_2017_03_14_msbulletin.csv,ac782da58b9b1fbbc2d8ea594d3db0be8c5cfbe3,CVE-2017-0108
187895283,akabe1/windows_exploit_dowser,old_2017_03_14_msbulletin.csv,ac782da58b9b1fbbc2d8ea594d3db0be8c5cfbe3,CVE-2017-0096
187895283,akabe1/windows_exploit_dowser,old_2017_03_14_msbulletin.csv,ac782da58b9b1fbbc2d8ea594d3db0be8c5cfbe3,CVE-2017-0097
187895283,akabe1/windows_exploit_dowser,old_2017_03_14_msbulletin.csv,ac782da58b9b1fbbc2d8ea594d3db0be8c5cfbe3,CVE-2017-0098
187895283,akabe1/windows_exploit_dowser,old_2017_03_14_msbulletin.csv,ac782da58b9b1fbbc2d8ea594d3db0be8c5cfbe3,CVE-2017-0099
187895283,akabe1/windows_exploit_dowser,old_2017_03_14_msbulletin.csv,ac782da58b9b1fbbc2d8ea594d3db0be8c5cfbe3,CVE-2015-6077
187895283,akabe1/windows_exploit_dowser,old_2017_03_14_msbulletin.csv,ac782da58b9b1fbbc2d8ea594d3db0be8c5cfbe3,CVE-2017-0100
187895283,akabe1/windows_exploit_dowser,old_2017_03_14_msbulletin.csv,ac782da58b9b1fbbc2d8ea594d3db0be8c5cfbe3,CVE-2015-6076
187895283,akabe1/windows_exploit_dowser,old_2017_03_14_msbulletin.csv,ac782da58b9b1fbbc2d8ea594d3db0be8c5cfbe3,CVE-2015-6075
187895283,akabe1/windows_exploit_dowser,old_2017_03_14_msbulletin.csv,ac782da58b9b1fbbc2d8ea594d3db0be8c5cfbe3,CVE-2015-6074
187895283,akabe1/windows_exploit_dowser,old_2017_03_14_msbulletin.csv,ac782da58b9b1fbbc2d8ea594d3db0be8c5cfbe3,CVE-2015-6073
187895283,akabe1/windows_exploit_dowser,old_2017_03_14_msbulletin.csv,ac782da58b9b1fbbc2d8ea594d3db0be8c5cfbe3,CVE-2015-2424
187895283,akabe1/windows_exploit_dowser,old_2017_03_14_msbulletin.csv,ac782da58b9b1fbbc2d8ea594d3db0be8c5cfbe3,CVE-2015-6072
187895283,akabe1/windows_exploit_dowser,old_2017_03_14_msbulletin.csv,ac782da58b9b1fbbc2d8ea594d3db0be8c5cfbe3,CVE-2015-6071
187895283,akabe1/windows_exploit_dowser,old_2017_03_14_msbulletin.csv,ac782da58b9b1fbbc2d8ea594d3db0be8c5cfbe3,CVE-2015-6070
187895283,akabe1/windows_exploit_dowser,old_2017_03_14_msbulletin.csv,ac782da58b9b1fbbc2d8ea594d3db0be8c5cfbe3,CVE-2015-6069
187895283,akabe1/windows_exploit_dowser,old_2017_03_14_msbulletin.csv,ac782da58b9b1fbbc2d8ea594d3db0be8c5cfbe3,CVE-2015-6068
187895283,akabe1/windows_exploit_dowser,old_2017_03_14_msbulletin.csv,ac782da58b9b1fbbc2d8ea594d3db0be8c5cfbe3,CVE-2015-2509
187895283,akabe1/windows_exploit_dowser,old_2017_03_14_msbulletin.csv,ac782da58b9b1fbbc2d8ea594d3db0be8c5cfbe3,CVE-2015-2510
187895283,akabe1/windows_exploit_dowser,old_2017_03_14_msbulletin.csv,ac782da58b9b1fbbc2d8ea594d3db0be8c5cfbe3,CVE-2015-2511
187895283,akabe1/windows_exploit_dowser,old_2017_03_14_msbulletin.csv,ac782da58b9b1fbbc2d8ea594d3db0be8c5cfbe3,CVE-2015-2512
187895283,akabe1/windows_exploit_dowser,old_2017_03_14_msbulletin.csv,ac782da58b9b1fbbc2d8ea594d3db0be8c5cfbe3,CVE-2017-0104
187895283,akabe1/windows_exploit_dowser,old_2017_03_14_msbulletin.csv,ac782da58b9b1fbbc2d8ea594d3db0be8c5cfbe3,CVE-2017-0105
187895283,akabe1/windows_exploit_dowser,old_2017_03_14_msbulletin.csv,ac782da58b9b1fbbc2d8ea594d3db0be8c5cfbe3,CVE-2017-0107
187895283,akabe1/windows_exploit_dowser,old_2017_03_14_msbulletin.csv,ac782da58b9b1fbbc2d8ea594d3db0be8c5cfbe3,CVE-2017-0109
187895283,akabe1/windows_exploit_dowser,old_2017_03_14_msbulletin.csv,ac782da58b9b1fbbc2d8ea594d3db0be8c5cfbe3,CVE-2017-0095
187895283,akabe1/windows_exploit_dowser,old_2017_03_14_msbulletin.csv,ac782da58b9b1fbbc2d8ea594d3db0be8c5cfbe3,CVE-2015-6065
187895283,akabe1/windows_exploit_dowser,old_2017_03_14_msbulletin.csv,ac782da58b9b1fbbc2d8ea594d3db0be8c5cfbe3,CVE-2015-6061
187895283,akabe1/windows_exploit_dowser,old_2017_03_14_msbulletin.csv,ac782da58b9b1fbbc2d8ea594d3db0be8c5cfbe3,CVE-2015-6016
187895283,akabe1/windows_exploit_dowser,old_2017_03_14_msbulletin.csv,ac782da58b9b1fbbc2d8ea594d3db0be8c5cfbe3,CVE-2015-6014
187895283,akabe1/windows_exploit_dowser,old_2017_03_14_msbulletin.csv,ac782da58b9b1fbbc2d8ea594d3db0be8c5cfbe3,CVE-2015-6013
187895283,akabe1/windows_exploit_dowser,old_2017_03_14_msbulletin.csv,ac782da58b9b1fbbc2d8ea594d3db0be8c5cfbe3,CVE-2015-2529
187895283,akabe1/windows_exploit_dowser,old_2017_03_14_msbulletin.csv,ac782da58b9b1fbbc2d8ea594d3db0be8c5cfbe3,CVE-2015-2530
187895283,akabe1/windows_exploit_dowser,old_2017_03_14_msbulletin.csv,ac782da58b9b1fbbc2d8ea594d3db0be8c5cfbe3,CVE-2015-2531
187895283,akabe1/windows_exploit_dowser,old_2017_03_14_msbulletin.csv,ac782da58b9b1fbbc2d8ea594d3db0be8c5cfbe3,CVE-2015-2532
187895283,akabe1/windows_exploit_dowser,old_2017_03_14_msbulletin.csv,ac782da58b9b1fbbc2d8ea594d3db0be8c5cfbe3,CVE-2015-2534
187895283,akabe1/windows_exploit_dowser,old_2017_03_14_msbulletin.csv,ac782da58b9b1fbbc2d8ea594d3db0be8c5cfbe3,CVE-2015-2535
187895283,akabe1/windows_exploit_dowser,old_2017_03_14_msbulletin.csv,ac782da58b9b1fbbc2d8ea594d3db0be8c5cfbe3,CVE-2015-2536
187895283,akabe1/windows_exploit_dowser,old_2017_03_14_msbulletin.csv,ac782da58b9b1fbbc2d8ea594d3db0be8c5cfbe3,CVE-2015-2558
187895283,akabe1/windows_exploit_dowser,old_2017_03_14_msbulletin.csv,ac782da58b9b1fbbc2d8ea594d3db0be8c5cfbe3,CVE-2015-2557
187895283,akabe1/windows_exploit_dowser,old_2017_03_14_msbulletin.csv,ac782da58b9b1fbbc2d8ea594d3db0be8c5cfbe3,CVE-2015-2542
187895283,akabe1/windows_exploit_dowser,old_2017_03_14_msbulletin.csv,ac782da58b9b1fbbc2d8ea594d3db0be8c5cfbe3,CVE-2015-2543
187895283,akabe1/windows_exploit_dowser,old_2017_03_14_msbulletin.csv,ac782da58b9b1fbbc2d8ea594d3db0be8c5cfbe3,CVE-2015-2544
187895283,akabe1/windows_exploit_dowser,old_2017_03_14_msbulletin.csv,ac782da58b9b1fbbc2d8ea594d3db0be8c5cfbe3,CVE-2015-2546
187895283,akabe1/windows_exploit_dowser,old_2017_03_14_msbulletin.csv,ac782da58b9b1fbbc2d8ea594d3db0be8c5cfbe3,CVE-2015-2548
187895283,akabe1/windows_exploit_dowser,old_2017_03_14_msbulletin.csv,ac782da58b9b1fbbc2d8ea594d3db0be8c5cfbe3,CVE-2015-2549
187895283,akabe1/windows_exploit_dowser,old_2017_03_14_msbulletin.csv,ac782da58b9b1fbbc2d8ea594d3db0be8c5cfbe3,CVE-2015-2550
187895283,akabe1/windows_exploit_dowser,old_2017_03_14_msbulletin.csv,ac782da58b9b1fbbc2d8ea594d3db0be8c5cfbe3,CVE-2015-2552
187895283,akabe1/windows_exploit_dowser,old_2017_03_14_msbulletin.csv,ac782da58b9b1fbbc2d8ea594d3db0be8c5cfbe3,CVE-2015-2553
187895283,akabe1/windows_exploit_dowser,old_2017_03_14_msbulletin.csv,ac782da58b9b1fbbc2d8ea594d3db0be8c5cfbe3,CVE-2015-2555
187895283,akabe1/windows_exploit_dowser,old_2017_03_14_msbulletin.csv,ac782da58b9b1fbbc2d8ea594d3db0be8c5cfbe3,CVE-2015-2554
187895283,akabe1/windows_exploit_dowser,old_2017_03_14_msbulletin.csv,ac782da58b9b1fbbc2d8ea594d3db0be8c5cfbe3,CVE-2015-6038
187895283,akabe1/windows_exploit_dowser,old_2017_03_14_msbulletin.csv,ac782da58b9b1fbbc2d8ea594d3db0be8c5cfbe3,CVE-2015-6064
187895283,akabe1/windows_exploit_dowser,old_2017_03_14_msbulletin.csv,ac782da58b9b1fbbc2d8ea594d3db0be8c5cfbe3,CVE-2015-6040
187895283,akabe1/windows_exploit_dowser,old_2017_03_14_msbulletin.csv,ac782da58b9b1fbbc2d8ea594d3db0be8c5cfbe3,CVE-2015-6044
187895283,akabe1/windows_exploit_dowser,old_2017_03_14_msbulletin.csv,ac782da58b9b1fbbc2d8ea594d3db0be8c5cfbe3,CVE-2015-6059
187895283,akabe1/windows_exploit_dowser,old_2017_03_14_msbulletin.csv,ac782da58b9b1fbbc2d8ea594d3db0be8c5cfbe3,CVE-2015-6058
187895283,akabe1/windows_exploit_dowser,old_2017_03_14_msbulletin.csv,ac782da58b9b1fbbc2d8ea594d3db0be8c5cfbe3,CVE-2015-2526
187895283,akabe1/windows_exploit_dowser,old_2017_03_14_msbulletin.csv,ac782da58b9b1fbbc2d8ea594d3db0be8c5cfbe3,CVE-2015-6057
187895283,akabe1/windows_exploit_dowser,old_2017_03_14_msbulletin.csv,ac782da58b9b1fbbc2d8ea594d3db0be8c5cfbe3,CVE-2015-6056
187895283,akabe1/windows_exploit_dowser,old_2017_03_14_msbulletin.csv,ac782da58b9b1fbbc2d8ea594d3db0be8c5cfbe3,CVE-2015-6055
187895283,akabe1/windows_exploit_dowser,old_2017_03_14_msbulletin.csv,ac782da58b9b1fbbc2d8ea594d3db0be8c5cfbe3,CVE-2015-2527
187895283,akabe1/windows_exploit_dowser,old_2017_03_14_msbulletin.csv,ac782da58b9b1fbbc2d8ea594d3db0be8c5cfbe3,CVE-2015-6053
187895283,akabe1/windows_exploit_dowser,old_2017_03_14_msbulletin.csv,ac782da58b9b1fbbc2d8ea594d3db0be8c5cfbe3,CVE-2015-6052
187895283,akabe1/windows_exploit_dowser,old_2017_03_14_msbulletin.csv,ac782da58b9b1fbbc2d8ea594d3db0be8c5cfbe3,CVE-2015-6051
187895283,akabe1/windows_exploit_dowser,old_2017_03_14_msbulletin.csv,ac782da58b9b1fbbc2d8ea594d3db0be8c5cfbe3,CVE-2015-6050
187895283,akabe1/windows_exploit_dowser,old_2017_03_14_msbulletin.csv,ac782da58b9b1fbbc2d8ea594d3db0be8c5cfbe3,CVE-2015-6049
187895283,akabe1/windows_exploit_dowser,old_2017_03_14_msbulletin.csv,ac782da58b9b1fbbc2d8ea594d3db0be8c5cfbe3,CVE-2015-6048
187895283,akabe1/windows_exploit_dowser,old_2017_03_14_msbulletin.csv,ac782da58b9b1fbbc2d8ea594d3db0be8c5cfbe3,CVE-2017-0145
187895283,akabe1/windows_exploit_dowser,old_2017_03_14_msbulletin.csv,ac782da58b9b1fbbc2d8ea594d3db0be8c5cfbe3,CVE-2017-0146
187895283,akabe1/windows_exploit_dowser,old_2017_03_14_msbulletin.csv,ac782da58b9b1fbbc2d8ea594d3db0be8c5cfbe3,CVE-2017-0147
187895283,akabe1/windows_exploit_dowser,old_2017_03_14_msbulletin.csv,ac782da58b9b1fbbc2d8ea594d3db0be8c5cfbe3,CVE-2017-0148
187895283,akabe1/windows_exploit_dowser,old_2017_03_14_msbulletin.csv,ac782da58b9b1fbbc2d8ea594d3db0be8c5cfbe3,CVE-2017-0149
187895283,akabe1/windows_exploit_dowser,old_2017_03_14_msbulletin.csv,ac782da58b9b1fbbc2d8ea594d3db0be8c5cfbe3,CVE-2017-0154
187895283,akabe1/windows_exploit_dowser,old_2017_03_14_msbulletin.csv,ac782da58b9b1fbbc2d8ea594d3db0be8c5cfbe3,CVE-2015-6047
187895283,akabe1/windows_exploit_dowser,old_2017_03_14_msbulletin.csv,ac782da58b9b1fbbc2d8ea594d3db0be8c5cfbe3,CVE-2015-2528
187895283,akabe1/windows_exploit_dowser,old_2017_03_14_msbulletin.csv,ac782da58b9b1fbbc2d8ea594d3db0be8c5cfbe3,CVE-2015-6046
187895283,akabe1/windows_exploit_dowser,old_2017_03_14_msbulletin.csv,ac782da58b9b1fbbc2d8ea594d3db0be8c5cfbe3,CVE-2015-6045
187895283,akabe1/windows_exploit_dowser,old_2017_03_14_msbulletin.csv,ac782da58b9b1fbbc2d8ea594d3db0be8c5cfbe3,CVE-2015-6042
187895283,akabe1/windows_exploit_dowser,old_2017_03_14_msbulletin.csv,ac782da58b9b1fbbc2d8ea594d3db0be8c5cfbe3,CVE-2017-0092
187895283,akabe1/windows_exploit_dowser,old_2017_03_14_msbulletin.csv,ac782da58b9b1fbbc2d8ea594d3db0be8c5cfbe3,CVE-2017-0091
187895283,akabe1/windows_exploit_dowser,old_2017_03_14_msbulletin.csv,ac782da58b9b1fbbc2d8ea594d3db0be8c5cfbe3,CVE-2017-0090
187895283,akabe1/windows_exploit_dowser,old_2017_03_14_msbulletin.csv,ac782da58b9b1fbbc2d8ea594d3db0be8c5cfbe3,CVE-2017-0012
187895283,akabe1/windows_exploit_dowser,old_2017_03_14_msbulletin.csv,ac782da58b9b1fbbc2d8ea594d3db0be8c5cfbe3,CVE-2017-0014
187895283,akabe1/windows_exploit_dowser,old_2017_03_14_msbulletin.csv,ac782da58b9b1fbbc2d8ea594d3db0be8c5cfbe3,CVE-2017-0015
187895283,akabe1/windows_exploit_dowser,old_2017_03_14_msbulletin.csv,ac782da58b9b1fbbc2d8ea594d3db0be8c5cfbe3,CVE-2017-0016
187895283,akabe1/windows_exploit_dowser,old_2017_03_14_msbulletin.csv,ac782da58b9b1fbbc2d8ea594d3db0be8c5cfbe3,CVE-2017-0017
187895283,akabe1/windows_exploit_dowser,old_2017_03_14_msbulletin.csv,ac782da58b9b1fbbc2d8ea594d3db0be8c5cfbe3,CVE-2015-2485
187895283,akabe1/windows_exploit_dowser,old_2017_03_14_msbulletin.csv,ac782da58b9b1fbbc2d8ea594d3db0be8c5cfbe3,CVE-2017-0018
187895283,akabe1/windows_exploit_dowser,old_2017_03_14_msbulletin.csv,ac782da58b9b1fbbc2d8ea594d3db0be8c5cfbe3,CVE-2017-0019
187895283,akabe1/windows_exploit_dowser,old_2017_03_14_msbulletin.csv,ac782da58b9b1fbbc2d8ea594d3db0be8c5cfbe3,CVE-2017-0020
187895283,akabe1/windows_exploit_dowser,old_2017_03_14_msbulletin.csv,ac782da58b9b1fbbc2d8ea594d3db0be8c5cfbe3,CVE-2017-0021
187895283,akabe1/windows_exploit_dowser,old_2017_03_14_msbulletin.csv,ac782da58b9b1fbbc2d8ea594d3db0be8c5cfbe3,CVE-2017-0022
187895283,akabe1/windows_exploit_dowser,old_2017_03_14_msbulletin.csv,ac782da58b9b1fbbc2d8ea594d3db0be8c5cfbe3,CVE-2017-0023
187895283,akabe1/windows_exploit_dowser,old_2017_03_14_msbulletin.csv,ac782da58b9b1fbbc2d8ea594d3db0be8c5cfbe3,CVE-2017-0024
187895283,akabe1/windows_exploit_dowser,old_2017_03_14_msbulletin.csv,ac782da58b9b1fbbc2d8ea594d3db0be8c5cfbe3,CVE-2017-0025
187895283,akabe1/windows_exploit_dowser,old_2017_03_14_msbulletin.csv,ac782da58b9b1fbbc2d8ea594d3db0be8c5cfbe3,CVE-2017-0026
187895283,akabe1/windows_exploit_dowser,old_2017_03_14_msbulletin.csv,ac782da58b9b1fbbc2d8ea594d3db0be8c5cfbe3,CVE-2017-0027
187895283,akabe1/windows_exploit_dowser,old_2017_03_14_msbulletin.csv,ac782da58b9b1fbbc2d8ea594d3db0be8c5cfbe3,CVE-2017-0029
187895283,akabe1/windows_exploit_dowser,old_2017_03_14_msbulletin.csv,ac782da58b9b1fbbc2d8ea594d3db0be8c5cfbe3,CVE-2017-0030
187895283,akabe1/windows_exploit_dowser,old_2017_03_14_msbulletin.csv,ac782da58b9b1fbbc2d8ea594d3db0be8c5cfbe3,CVE-2017-0031
187895283,akabe1/windows_exploit_dowser,old_2017_03_14_msbulletin.csv,ac782da58b9b1fbbc2d8ea594d3db0be8c5cfbe3,CVE-2017-0032
187895283,akabe1/windows_exploit_dowser,old_2017_03_14_msbulletin.csv,ac782da58b9b1fbbc2d8ea594d3db0be8c5cfbe3,CVE-2017-0033
187895283,akabe1/windows_exploit_dowser,old_2017_03_14_msbulletin.csv,ac782da58b9b1fbbc2d8ea594d3db0be8c5cfbe3,CVE-2017-0034
187895283,akabe1/windows_exploit_dowser,old_2017_03_14_msbulletin.csv,ac782da58b9b1fbbc2d8ea594d3db0be8c5cfbe3,CVE-2017-0035
187895283,akabe1/windows_exploit_dowser,old_2017_03_14_msbulletin.csv,ac782da58b9b1fbbc2d8ea594d3db0be8c5cfbe3,CVE-2017-0011
187895283,akabe1/windows_exploit_dowser,old_2017_03_14_msbulletin.csv,ac782da58b9b1fbbc2d8ea594d3db0be8c5cfbe3,CVE-2015-2486
187895283,akabe1/windows_exploit_dowser,old_2017_03_14_msbulletin.csv,ac782da58b9b1fbbc2d8ea594d3db0be8c5cfbe3,CVE-2017-0010
187895283,akabe1/windows_exploit_dowser,old_2017_03_14_msbulletin.csv,ac782da58b9b1fbbc2d8ea594d3db0be8c5cfbe3,CVE-2017-0008
187895283,akabe1/windows_exploit_dowser,old_2017_03_14_msbulletin.csv,ac782da58b9b1fbbc2d8ea594d3db0be8c5cfbe3,CVE-2015-6095
187895283,akabe1/windows_exploit_dowser,old_2017_03_14_msbulletin.csv,ac782da58b9b1fbbc2d8ea594d3db0be8c5cfbe3,CVE-2015-6094
187895283,akabe1/windows_exploit_dowser,old_2017_03_14_msbulletin.csv,ac782da58b9b1fbbc2d8ea594d3db0be8c5cfbe3,CVE-2015-6093
187895283,akabe1/windows_exploit_dowser,old_2017_03_14_msbulletin.csv,ac782da58b9b1fbbc2d8ea594d3db0be8c5cfbe3,CVE-2017-0001
187895283,akabe1/windows_exploit_dowser,old_2017_03_14_msbulletin.csv,ac782da58b9b1fbbc2d8ea594d3db0be8c5cfbe3,CVE-2017-0002
187895283,akabe1/windows_exploit_dowser,old_2017_03_14_msbulletin.csv,ac782da58b9b1fbbc2d8ea594d3db0be8c5cfbe3,CVE-2017-0003
187895283,akabe1/windows_exploit_dowser,old_2017_03_14_msbulletin.csv,ac782da58b9b1fbbc2d8ea594d3db0be8c5cfbe3,CVE-2017-0004
187895283,akabe1/windows_exploit_dowser,old_2017_03_14_msbulletin.csv,ac782da58b9b1fbbc2d8ea594d3db0be8c5cfbe3,CVE-2015-6092
187895283,akabe1/windows_exploit_dowser,old_2017_03_14_msbulletin.csv,ac782da58b9b1fbbc2d8ea594d3db0be8c5cfbe3,CVE-2017-0005
187895283,akabe1/windows_exploit_dowser,old_2017_03_14_msbulletin.csv,ac782da58b9b1fbbc2d8ea594d3db0be8c5cfbe3,CVE-2015-6091
187895283,akabe1/windows_exploit_dowser,old_2017_03_14_msbulletin.csv,ac782da58b9b1fbbc2d8ea594d3db0be8c5cfbe3,CVE-2015-6089
187895283,akabe1/windows_exploit_dowser,old_2017_03_14_msbulletin.csv,ac782da58b9b1fbbc2d8ea594d3db0be8c5cfbe3,CVE-2015-6088
187895283,akabe1/windows_exploit_dowser,old_2017_03_14_msbulletin.csv,ac782da58b9b1fbbc2d8ea594d3db0be8c5cfbe3,CVE-2015-6087
187895283,akabe1/windows_exploit_dowser,old_2017_03_14_msbulletin.csv,ac782da58b9b1fbbc2d8ea594d3db0be8c5cfbe3,CVE-2015-6086
187895283,akabe1/windows_exploit_dowser,old_2017_03_14_msbulletin.csv,ac782da58b9b1fbbc2d8ea594d3db0be8c5cfbe3,CVE-2015-6085
187895283,akabe1/windows_exploit_dowser,old_2017_03_14_msbulletin.csv,ac782da58b9b1fbbc2d8ea594d3db0be8c5cfbe3,CVE-2015-6084
187895283,akabe1/windows_exploit_dowser,old_2017_03_14_msbulletin.csv,ac782da58b9b1fbbc2d8ea594d3db0be8c5cfbe3,CVE-2015-6083
187895283,akabe1/windows_exploit_dowser,old_2017_03_14_msbulletin.csv,ac782da58b9b1fbbc2d8ea594d3db0be8c5cfbe3,CVE-2015-6082
187895283,akabe1/windows_exploit_dowser,old_2017_03_14_msbulletin.csv,ac782da58b9b1fbbc2d8ea594d3db0be8c5cfbe3,CVE-2016-3393
187895283,akabe1/windows_exploit_dowser,old_2017_03_14_msbulletin.csv,ac782da58b9b1fbbc2d8ea594d3db0be8c5cfbe3,CVE-2015-6080
187895283,akabe1/windows_exploit_dowser,old_2017_03_14_msbulletin.csv,ac782da58b9b1fbbc2d8ea594d3db0be8c5cfbe3,CVE-2015-2482
187895283,akabe1/windows_exploit_dowser,old_2017_03_14_msbulletin.csv,ac782da58b9b1fbbc2d8ea594d3db0be8c5cfbe3,CVE-2017-0006
187895283,akabe1/windows_exploit_dowser,old_2017_03_14_msbulletin.csv,ac782da58b9b1fbbc2d8ea594d3db0be8c5cfbe3,CVE-2017-0007
187895283,akabe1/windows_exploit_dowser,old_2017_03_14_msbulletin.csv,ac782da58b9b1fbbc2d8ea594d3db0be8c5cfbe3,CVE-2017-0009
187895283,akabe1/windows_exploit_dowser,old_2017_03_14_msbulletin.csv,ac782da58b9b1fbbc2d8ea594d3db0be8c5cfbe3,CVE-2017-0037
187895283,akabe1/windows_exploit_dowser,old_2017_03_14_msbulletin.csv,ac782da58b9b1fbbc2d8ea594d3db0be8c5cfbe3,CVE-2017-0038
187895283,akabe1/windows_exploit_dowser,old_2017_03_14_msbulletin.csv,ac782da58b9b1fbbc2d8ea594d3db0be8c5cfbe3,CVE-2017-0039
187895283,akabe1/windows_exploit_dowser,old_2017_03_14_msbulletin.csv,ac782da58b9b1fbbc2d8ea594d3db0be8c5cfbe3,CVE-2017-0074
187895283,akabe1/windows_exploit_dowser,old_2017_03_14_msbulletin.csv,ac782da58b9b1fbbc2d8ea594d3db0be8c5cfbe3,CVE-2017-0075
187895283,akabe1/windows_exploit_dowser,old_2017_03_14_msbulletin.csv,ac782da58b9b1fbbc2d8ea594d3db0be8c5cfbe3,CVE-2017-0076
187895283,akabe1/windows_exploit_dowser,old_2017_03_14_msbulletin.csv,ac782da58b9b1fbbc2d8ea594d3db0be8c5cfbe3,CVE-2015-2503
187895283,akabe1/windows_exploit_dowser,old_2017_03_14_msbulletin.csv,ac782da58b9b1fbbc2d8ea594d3db0be8c5cfbe3,CVE-2015-2504
187895283,akabe1/windows_exploit_dowser,old_2017_03_14_msbulletin.csv,ac782da58b9b1fbbc2d8ea594d3db0be8c5cfbe3,CVE-2015-2505
187895283,akabe1/windows_exploit_dowser,old_2017_03_14_msbulletin.csv,ac782da58b9b1fbbc2d8ea594d3db0be8c5cfbe3,CVE-2015-2506
187895283,akabe1/windows_exploit_dowser,old_2017_03_14_msbulletin.csv,ac782da58b9b1fbbc2d8ea594d3db0be8c5cfbe3,CVE-2015-2507
187895283,akabe1/windows_exploit_dowser,old_2017_03_14_msbulletin.csv,ac782da58b9b1fbbc2d8ea594d3db0be8c5cfbe3,CVE-2015-2508
187895283,akabe1/windows_exploit_dowser,old_2017_03_14_msbulletin.csv,ac782da58b9b1fbbc2d8ea594d3db0be8c5cfbe3,CVE-2015-6079
187895283,akabe1/windows_exploit_dowser,old_2017_03_14_msbulletin.csv,ac782da58b9b1fbbc2d8ea594d3db0be8c5cfbe3,CVE-2017-0078
187895283,akabe1/windows_exploit_dowser,old_2017_03_14_msbulletin.csv,ac782da58b9b1fbbc2d8ea594d3db0be8c5cfbe3,CVE-2015-6078
187895283,akabe1/windows_exploit_dowser,old_2017_03_14_msbulletin.csv,ac782da58b9b1fbbc2d8ea594d3db0be8c5cfbe3,CVE-2017-0079
187895283,akabe1/windows_exploit_dowser,old_2017_03_14_msbulletin.csv,ac782da58b9b1fbbc2d8ea594d3db0be8c5cfbe3,CVE-2017-0080
187895283,akabe1/windows_exploit_dowser,old_2017_03_14_msbulletin.csv,ac782da58b9b1fbbc2d8ea594d3db0be8c5cfbe3,CVE-2017-0081
187895283,akabe1/windows_exploit_dowser,old_2017_03_14_msbulletin.csv,ac782da58b9b1fbbc2d8ea594d3db0be8c5cfbe3,CVE-2017-0082
187895283,akabe1/windows_exploit_dowser,old_2017_03_14_msbulletin.csv,ac782da58b9b1fbbc2d8ea594d3db0be8c5cfbe3,CVE-2017-0083
187895283,akabe1/windows_exploit_dowser,old_2017_03_14_msbulletin.csv,ac782da58b9b1fbbc2d8ea594d3db0be8c5cfbe3,CVE-2017-0084
187895283,akabe1/windows_exploit_dowser,old_2017_03_14_msbulletin.csv,ac782da58b9b1fbbc2d8ea594d3db0be8c5cfbe3,CVE-2017-0085
187895283,akabe1/windows_exploit_dowser,old_2017_03_14_msbulletin.csv,ac782da58b9b1fbbc2d8ea594d3db0be8c5cfbe3,CVE-2017-0086
187895283,akabe1/windows_exploit_dowser,old_2017_03_14_msbulletin.csv,ac782da58b9b1fbbc2d8ea594d3db0be8c5cfbe3,CVE-2017-0087
187895283,akabe1/windows_exploit_dowser,old_2017_03_14_msbulletin.csv,ac782da58b9b1fbbc2d8ea594d3db0be8c5cfbe3,CVE-2017-0088
187895283,akabe1/windows_exploit_dowser,old_2017_03_14_msbulletin.csv,ac782da58b9b1fbbc2d8ea594d3db0be8c5cfbe3,CVE-2017-0089
187895283,akabe1/windows_exploit_dowser,old_2017_03_14_msbulletin.csv,ac782da58b9b1fbbc2d8ea594d3db0be8c5cfbe3,CVE-2017-0073
187895283,akabe1/windows_exploit_dowser,old_2017_03_14_msbulletin.csv,ac782da58b9b1fbbc2d8ea594d3db0be8c5cfbe3,CVE-2017-0072
187895283,akabe1/windows_exploit_dowser,old_2017_03_14_msbulletin.csv,ac782da58b9b1fbbc2d8ea594d3db0be8c5cfbe3,CVE-2015-2502
187895283,akabe1/windows_exploit_dowser,old_2017_03_14_msbulletin.csv,ac782da58b9b1fbbc2d8ea594d3db0be8c5cfbe3,CVE-2017-0070
187895283,akabe1/windows_exploit_dowser,old_2017_03_14_msbulletin.csv,ac782da58b9b1fbbc2d8ea594d3db0be8c5cfbe3,CVE-2017-0040
187895283,akabe1/windows_exploit_dowser,old_2017_03_14_msbulletin.csv,ac782da58b9b1fbbc2d8ea594d3db0be8c5cfbe3,CVE-2017-0042
187895283,akabe1/windows_exploit_dowser,old_2017_03_14_msbulletin.csv,ac782da58b9b1fbbc2d8ea594d3db0be8c5cfbe3,CVE-2017-0043
187895283,akabe1/windows_exploit_dowser,old_2017_03_14_msbulletin.csv,ac782da58b9b1fbbc2d8ea594d3db0be8c5cfbe3,CVE-2017-0045
187895283,akabe1/windows_exploit_dowser,old_2017_03_14_msbulletin.csv,ac782da58b9b1fbbc2d8ea594d3db0be8c5cfbe3,CVE-2017-0047
187895283,akabe1/windows_exploit_dowser,old_2017_03_14_msbulletin.csv,ac782da58b9b1fbbc2d8ea594d3db0be8c5cfbe3,CVE-2017-0049
187895283,akabe1/windows_exploit_dowser,old_2017_03_14_msbulletin.csv,ac782da58b9b1fbbc2d8ea594d3db0be8c5cfbe3,CVE-2017-0050
187895283,akabe1/windows_exploit_dowser,old_2017_03_14_msbulletin.csv,ac782da58b9b1fbbc2d8ea594d3db0be8c5cfbe3,CVE-2017-0051
187895283,akabe1/windows_exploit_dowser,old_2017_03_14_msbulletin.csv,ac782da58b9b1fbbc2d8ea594d3db0be8c5cfbe3,CVE-2017-0052
187895283,akabe1/windows_exploit_dowser,old_2017_03_14_msbulletin.csv,ac782da58b9b1fbbc2d8ea594d3db0be8c5cfbe3,CVE-2015-2494
187895283,akabe1/windows_exploit_dowser,old_2017_03_14_msbulletin.csv,ac782da58b9b1fbbc2d8ea594d3db0be8c5cfbe3,CVE-2017-0053
187895283,akabe1/windows_exploit_dowser,old_2017_03_14_msbulletin.csv,ac782da58b9b1fbbc2d8ea594d3db0be8c5cfbe3,CVE-2016-7298
187895283,akabe1/windows_exploit_dowser,old_2017_03_14_msbulletin.csv,ac782da58b9b1fbbc2d8ea594d3db0be8c5cfbe3,CVE-2017-0055
187895283,akabe1/windows_exploit_dowser,old_2017_03_14_msbulletin.csv,ac782da58b9b1fbbc2d8ea594d3db0be8c5cfbe3,CVE-2017-0057
187895283,akabe1/windows_exploit_dowser,old_2017_03_14_msbulletin.csv,ac782da58b9b1fbbc2d8ea594d3db0be8c5cfbe3,CVE-2017-0059
187895283,akabe1/windows_exploit_dowser,old_2017_03_14_msbulletin.csv,ac782da58b9b1fbbc2d8ea594d3db0be8c5cfbe3,CVE-2017-0060
187895283,akabe1/windows_exploit_dowser,old_2017_03_14_msbulletin.csv,ac782da58b9b1fbbc2d8ea594d3db0be8c5cfbe3,CVE-2017-0061
187895283,akabe1/windows_exploit_dowser,old_2017_03_14_msbulletin.csv,ac782da58b9b1fbbc2d8ea594d3db0be8c5cfbe3,CVE-2017-0062
187895283,akabe1/windows_exploit_dowser,old_2017_03_14_msbulletin.csv,ac782da58b9b1fbbc2d8ea594d3db0be8c5cfbe3,CVE-2017-0063
187895283,akabe1/windows_exploit_dowser,old_2017_03_14_msbulletin.csv,ac782da58b9b1fbbc2d8ea594d3db0be8c5cfbe3,CVE-2017-0065
187895283,akabe1/windows_exploit_dowser,old_2017_03_14_msbulletin.csv,ac782da58b9b1fbbc2d8ea594d3db0be8c5cfbe3,CVE-2017-0066
187895283,akabe1/windows_exploit_dowser,old_2017_03_14_msbulletin.csv,ac782da58b9b1fbbc2d8ea594d3db0be8c5cfbe3,CVE-2017-0067
187895283,akabe1/windows_exploit_dowser,old_2017_03_14_msbulletin.csv,ac782da58b9b1fbbc2d8ea594d3db0be8c5cfbe3,CVE-2017-0068
187895283,akabe1/windows_exploit_dowser,old_2017_03_14_msbulletin.csv,ac782da58b9b1fbbc2d8ea594d3db0be8c5cfbe3,CVE-2017-0069
187895283,akabe1/windows_exploit_dowser,old_2017_03_14_msbulletin.csv,ac782da58b9b1fbbc2d8ea594d3db0be8c5cfbe3,CVE-2017-0056
187895283,akabe1/windows_exploit_dowser,old_2017_03_14_msbulletin.csv,ac782da58b9b1fbbc2d8ea594d3db0be8c5cfbe3,CVE-2016-3392
187895283,akabe1/windows_exploit_dowser,old_2017_03_14_msbulletin.csv,ac782da58b9b1fbbc2d8ea594d3db0be8c5cfbe3,CVE-2016-3364
187895283,akabe1/windows_exploit_dowser,old_2017_03_14_msbulletin.csv,ac782da58b9b1fbbc2d8ea594d3db0be8c5cfbe3,CVE-2016-3390
187895283,akabe1/windows_exploit_dowser,old_2017_03_14_msbulletin.csv,ac782da58b9b1fbbc2d8ea594d3db0be8c5cfbe3,CVE-2016-0129
187895283,akabe1/windows_exploit_dowser,old_2017_03_14_msbulletin.csv,ac782da58b9b1fbbc2d8ea594d3db0be8c5cfbe3,CVE-2016-0130
187895283,akabe1/windows_exploit_dowser,old_2017_03_14_msbulletin.csv,ac782da58b9b1fbbc2d8ea594d3db0be8c5cfbe3,CVE-2016-0132
187895283,akabe1/windows_exploit_dowser,old_2017_03_14_msbulletin.csv,ac782da58b9b1fbbc2d8ea594d3db0be8c5cfbe3,CVE-2016-0133
187895283,akabe1/windows_exploit_dowser,old_2017_03_14_msbulletin.csv,ac782da58b9b1fbbc2d8ea594d3db0be8c5cfbe3,CVE-2016-0134
187895283,akabe1/windows_exploit_dowser,old_2017_03_14_msbulletin.csv,ac782da58b9b1fbbc2d8ea594d3db0be8c5cfbe3,CVE-2016-0135
187895283,akabe1/windows_exploit_dowser,old_2017_03_14_msbulletin.csv,ac782da58b9b1fbbc2d8ea594d3db0be8c5cfbe3,CVE-2016-0136
187895283,akabe1/windows_exploit_dowser,old_2017_03_14_msbulletin.csv,ac782da58b9b1fbbc2d8ea594d3db0be8c5cfbe3,CVE-2016-0137
187895283,akabe1/windows_exploit_dowser,old_2017_03_14_msbulletin.csv,ac782da58b9b1fbbc2d8ea594d3db0be8c5cfbe3,CVE-2016-0138
187895283,akabe1/windows_exploit_dowser,old_2017_03_14_msbulletin.csv,ac782da58b9b1fbbc2d8ea594d3db0be8c5cfbe3,CVE-2016-0139
187895283,akabe1/windows_exploit_dowser,old_2017_03_14_msbulletin.csv,ac782da58b9b1fbbc2d8ea594d3db0be8c5cfbe3,CVE-2016-0128
187895283,akabe1/windows_exploit_dowser,old_2017_03_14_msbulletin.csv,ac782da58b9b1fbbc2d8ea594d3db0be8c5cfbe3,CVE-2016-0140
187895283,akabe1/windows_exploit_dowser,old_2017_03_14_msbulletin.csv,ac782da58b9b1fbbc2d8ea594d3db0be8c5cfbe3,CVE-2016-0142
187895283,akabe1/windows_exploit_dowser,old_2017_03_14_msbulletin.csv,ac782da58b9b1fbbc2d8ea594d3db0be8c5cfbe3,CVE-2016-0143
187895283,akabe1/windows_exploit_dowser,old_2017_03_14_msbulletin.csv,ac782da58b9b1fbbc2d8ea594d3db0be8c5cfbe3,CVE-2015-2431
187895283,akabe1/windows_exploit_dowser,old_2017_03_14_msbulletin.csv,ac782da58b9b1fbbc2d8ea594d3db0be8c5cfbe3,CVE-2015-2430
187895283,akabe1/windows_exploit_dowser,old_2017_03_14_msbulletin.csv,ac782da58b9b1fbbc2d8ea594d3db0be8c5cfbe3,CVE-2015-6177
187895283,akabe1/windows_exploit_dowser,old_2017_03_14_msbulletin.csv,ac782da58b9b1fbbc2d8ea594d3db0be8c5cfbe3,CVE-2015-6176
187895283,akabe1/windows_exploit_dowser,old_2017_03_14_msbulletin.csv,ac782da58b9b1fbbc2d8ea594d3db0be8c5cfbe3,CVE-2015-6175
187895283,akabe1/windows_exploit_dowser,old_2017_03_14_msbulletin.csv,ac782da58b9b1fbbc2d8ea594d3db0be8c5cfbe3,CVE-2015-6174
187895283,akabe1/windows_exploit_dowser,old_2017_03_14_msbulletin.csv,ac782da58b9b1fbbc2d8ea594d3db0be8c5cfbe3,CVE-2015-6173
187895283,akabe1/windows_exploit_dowser,old_2017_03_14_msbulletin.csv,ac782da58b9b1fbbc2d8ea594d3db0be8c5cfbe3,CVE-2015-6172
187895283,akabe1/windows_exploit_dowser,old_2017_03_14_msbulletin.csv,ac782da58b9b1fbbc2d8ea594d3db0be8c5cfbe3,CVE-2016-0141
187895283,akabe1/windows_exploit_dowser,old_2017_03_14_msbulletin.csv,ac782da58b9b1fbbc2d8ea594d3db0be8c5cfbe3,CVE-2015-6171
187895283,akabe1/windows_exploit_dowser,old_2017_03_14_msbulletin.csv,ac782da58b9b1fbbc2d8ea594d3db0be8c5cfbe3,CVE-2016-0127
187895283,akabe1/windows_exploit_dowser,old_2017_03_14_msbulletin.csv,ac782da58b9b1fbbc2d8ea594d3db0be8c5cfbe3,CVE-2016-0125
187895283,akabe1/windows_exploit_dowser,old_2017_03_14_msbulletin.csv,ac782da58b9b1fbbc2d8ea594d3db0be8c5cfbe3,CVE-2016-0103
187895283,akabe1/windows_exploit_dowser,old_2017_03_14_msbulletin.csv,ac782da58b9b1fbbc2d8ea594d3db0be8c5cfbe3,CVE-2016-0104
187895283,akabe1/windows_exploit_dowser,old_2017_03_14_msbulletin.csv,ac782da58b9b1fbbc2d8ea594d3db0be8c5cfbe3,CVE-2016-0105
187895283,akabe1/windows_exploit_dowser,old_2017_03_14_msbulletin.csv,ac782da58b9b1fbbc2d8ea594d3db0be8c5cfbe3,CVE-2016-0106
187895283,akabe1/windows_exploit_dowser,old_2017_03_14_msbulletin.csv,ac782da58b9b1fbbc2d8ea594d3db0be8c5cfbe3,CVE-2016-0107
187895283,akabe1/windows_exploit_dowser,old_2017_03_14_msbulletin.csv,ac782da58b9b1fbbc2d8ea594d3db0be8c5cfbe3,CVE-2016-0108
187895283,akabe1/windows_exploit_dowser,old_2017_03_14_msbulletin.csv,ac782da58b9b1fbbc2d8ea594d3db0be8c5cfbe3,CVE-2016-0109
187895283,akabe1/windows_exploit_dowser,old_2017_03_14_msbulletin.csv,ac782da58b9b1fbbc2d8ea594d3db0be8c5cfbe3,CVE-2016-0110
187895283,akabe1/windows_exploit_dowser,old_2017_03_14_msbulletin.csv,ac782da58b9b1fbbc2d8ea594d3db0be8c5cfbe3,CVE-2016-0111
187895283,akabe1/windows_exploit_dowser,old_2017_03_14_msbulletin.csv,ac782da58b9b1fbbc2d8ea594d3db0be8c5cfbe3,CVE-2016-0112
187895283,akabe1/windows_exploit_dowser,old_2017_03_14_msbulletin.csv,ac782da58b9b1fbbc2d8ea594d3db0be8c5cfbe3,CVE-2016-0126
187895283,akabe1/windows_exploit_dowser,old_2017_03_14_msbulletin.csv,ac782da58b9b1fbbc2d8ea594d3db0be8c5cfbe3,CVE-2016-0113
187895283,akabe1/windows_exploit_dowser,old_2017_03_14_msbulletin.csv,ac782da58b9b1fbbc2d8ea594d3db0be8c5cfbe3,CVE-2016-0116
187895283,akabe1/windows_exploit_dowser,old_2017_03_14_msbulletin.csv,ac782da58b9b1fbbc2d8ea594d3db0be8c5cfbe3,CVE-2016-0117
187895283,akabe1/windows_exploit_dowser,old_2017_03_14_msbulletin.csv,ac782da58b9b1fbbc2d8ea594d3db0be8c5cfbe3,CVE-2016-0003
187895283,akabe1/windows_exploit_dowser,old_2017_03_14_msbulletin.csv,ac782da58b9b1fbbc2d8ea594d3db0be8c5cfbe3,CVE-2016-0118
187895283,akabe1/windows_exploit_dowser,old_2017_03_14_msbulletin.csv,ac782da58b9b1fbbc2d8ea594d3db0be8c5cfbe3,CVE-2016-0120
187895283,akabe1/windows_exploit_dowser,old_2017_03_14_msbulletin.csv,ac782da58b9b1fbbc2d8ea594d3db0be8c5cfbe3,CVE-2016-0121
187895283,akabe1/windows_exploit_dowser,old_2017_03_14_msbulletin.csv,ac782da58b9b1fbbc2d8ea594d3db0be8c5cfbe3,CVE-2016-0122
187895283,akabe1/windows_exploit_dowser,old_2017_03_14_msbulletin.csv,ac782da58b9b1fbbc2d8ea594d3db0be8c5cfbe3,CVE-2016-0123
187895283,akabe1/windows_exploit_dowser,old_2017_03_14_msbulletin.csv,ac782da58b9b1fbbc2d8ea594d3db0be8c5cfbe3,CVE-2016-0124
187895283,akabe1/windows_exploit_dowser,old_2017_03_14_msbulletin.csv,ac782da58b9b1fbbc2d8ea594d3db0be8c5cfbe3,CVE-2016-0002
187895283,akabe1/windows_exploit_dowser,old_2017_03_14_msbulletin.csv,ac782da58b9b1fbbc2d8ea594d3db0be8c5cfbe3,CVE-2016-0114
187895283,akabe1/windows_exploit_dowser,old_2017_03_14_msbulletin.csv,ac782da58b9b1fbbc2d8ea594d3db0be8c5cfbe3,CVE-2015-6170
187895283,akabe1/windows_exploit_dowser,old_2017_03_14_msbulletin.csv,ac782da58b9b1fbbc2d8ea594d3db0be8c5cfbe3,CVE-2015-6169
187895283,akabe1/windows_exploit_dowser,old_2017_03_14_msbulletin.csv,ac782da58b9b1fbbc2d8ea594d3db0be8c5cfbe3,CVE-2015-6168
187895283,akabe1/windows_exploit_dowser,old_2017_03_14_msbulletin.csv,ac782da58b9b1fbbc2d8ea594d3db0be8c5cfbe3,CVE-2016-0158
187895283,akabe1/windows_exploit_dowser,old_2017_03_14_msbulletin.csv,ac782da58b9b1fbbc2d8ea594d3db0be8c5cfbe3,CVE-2016-0159
187895283,akabe1/windows_exploit_dowser,old_2017_03_14_msbulletin.csv,ac782da58b9b1fbbc2d8ea594d3db0be8c5cfbe3,CVE-2016-0160
187895283,akabe1/windows_exploit_dowser,old_2017_03_14_msbulletin.csv,ac782da58b9b1fbbc2d8ea594d3db0be8c5cfbe3,CVE-2016-0161
187895283,akabe1/windows_exploit_dowser,old_2017_03_14_msbulletin.csv,ac782da58b9b1fbbc2d8ea594d3db0be8c5cfbe3,CVE-2016-0162
187895283,akabe1/windows_exploit_dowser,old_2017_03_14_msbulletin.csv,ac782da58b9b1fbbc2d8ea594d3db0be8c5cfbe3,CVE-2016-0164
187895283,akabe1/windows_exploit_dowser,old_2017_03_14_msbulletin.csv,ac782da58b9b1fbbc2d8ea594d3db0be8c5cfbe3,CVE-2016-0165
187895283,akabe1/windows_exploit_dowser,old_2017_03_14_msbulletin.csv,ac782da58b9b1fbbc2d8ea594d3db0be8c5cfbe3,CVE-2016-0166
187895283,akabe1/windows_exploit_dowser,old_2017_03_14_msbulletin.csv,ac782da58b9b1fbbc2d8ea594d3db0be8c5cfbe3,CVE-2016-0167
187895283,akabe1/windows_exploit_dowser,old_2017_03_14_msbulletin.csv,ac782da58b9b1fbbc2d8ea594d3db0be8c5cfbe3,CVE-2016-0168
187895283,akabe1/windows_exploit_dowser,old_2017_03_14_msbulletin.csv,ac782da58b9b1fbbc2d8ea594d3db0be8c5cfbe3,CVE-2016-0157
187895283,akabe1/windows_exploit_dowser,old_2017_03_14_msbulletin.csv,ac782da58b9b1fbbc2d8ea594d3db0be8c5cfbe3,CVE-2016-0169
187895283,akabe1/windows_exploit_dowser,old_2017_03_14_msbulletin.csv,ac782da58b9b1fbbc2d8ea594d3db0be8c5cfbe3,CVE-2016-0171
187895283,akabe1/windows_exploit_dowser,old_2017_03_14_msbulletin.csv,ac782da58b9b1fbbc2d8ea594d3db0be8c5cfbe3,CVE-2016-0173
187895283,akabe1/windows_exploit_dowser,old_2017_03_14_msbulletin.csv,ac782da58b9b1fbbc2d8ea594d3db0be8c5cfbe3,CVE-2016-0174
187895283,akabe1/windows_exploit_dowser,old_2017_03_14_msbulletin.csv,ac782da58b9b1fbbc2d8ea594d3db0be8c5cfbe3,CVE-2016-0175
187895283,akabe1/windows_exploit_dowser,old_2017_03_14_msbulletin.csv,ac782da58b9b1fbbc2d8ea594d3db0be8c5cfbe3,CVE-2016-0176
187895283,akabe1/windows_exploit_dowser,old_2017_03_14_msbulletin.csv,ac782da58b9b1fbbc2d8ea594d3db0be8c5cfbe3,CVE-2016-0178
187895283,akabe1/windows_exploit_dowser,old_2017_03_14_msbulletin.csv,ac782da58b9b1fbbc2d8ea594d3db0be8c5cfbe3,CVE-2016-0179
187895283,akabe1/windows_exploit_dowser,old_2017_03_14_msbulletin.csv,ac782da58b9b1fbbc2d8ea594d3db0be8c5cfbe3,CVE-2016-0180
187895283,akabe1/windows_exploit_dowser,old_2017_03_14_msbulletin.csv,ac782da58b9b1fbbc2d8ea594d3db0be8c5cfbe3,CVE-2016-0181
187895283,akabe1/windows_exploit_dowser,old_2017_03_14_msbulletin.csv,ac782da58b9b1fbbc2d8ea594d3db0be8c5cfbe3,CVE-2016-0182
187895283,akabe1/windows_exploit_dowser,old_2017_03_14_msbulletin.csv,ac782da58b9b1fbbc2d8ea594d3db0be8c5cfbe3,CVE-2016-0170
187895283,akabe1/windows_exploit_dowser,old_2017_03_14_msbulletin.csv,ac782da58b9b1fbbc2d8ea594d3db0be8c5cfbe3,CVE-2016-0156
187895283,akabe1/windows_exploit_dowser,old_2017_03_14_msbulletin.csv,ac782da58b9b1fbbc2d8ea594d3db0be8c5cfbe3,CVE-2016-0155
187895283,akabe1/windows_exploit_dowser,old_2017_03_14_msbulletin.csv,ac782da58b9b1fbbc2d8ea594d3db0be8c5cfbe3,CVE-2016-0154
187895283,akabe1/windows_exploit_dowser,old_2017_03_14_msbulletin.csv,ac782da58b9b1fbbc2d8ea594d3db0be8c5cfbe3,CVE-2016-0145
187895283,akabe1/windows_exploit_dowser,old_2017_03_14_msbulletin.csv,ac782da58b9b1fbbc2d8ea594d3db0be8c5cfbe3,CVE-2015-2429
187895283,akabe1/windows_exploit_dowser,old_2017_03_14_msbulletin.csv,ac782da58b9b1fbbc2d8ea594d3db0be8c5cfbe3,CVE-2015-6166
187895283,akabe1/windows_exploit_dowser,old_2017_03_14_msbulletin.csv,ac782da58b9b1fbbc2d8ea594d3db0be8c5cfbe3,CVE-2015-6165
187895283,akabe1/windows_exploit_dowser,old_2017_03_14_msbulletin.csv,ac782da58b9b1fbbc2d8ea594d3db0be8c5cfbe3,CVE-2016-0147
187895283,akabe1/windows_exploit_dowser,old_2017_03_14_msbulletin.csv,ac782da58b9b1fbbc2d8ea594d3db0be8c5cfbe3,CVE-2015-6164
187895283,akabe1/windows_exploit_dowser,old_2017_03_14_msbulletin.csv,ac782da58b9b1fbbc2d8ea594d3db0be8c5cfbe3,CVE-2016-0148
187895283,akabe1/windows_exploit_dowser,old_2017_03_14_msbulletin.csv,ac782da58b9b1fbbc2d8ea594d3db0be8c5cfbe3,CVE-2015-2428
187895283,akabe1/windows_exploit_dowser,old_2017_03_14_msbulletin.csv,ac782da58b9b1fbbc2d8ea594d3db0be8c5cfbe3,CVE-2016-0149
187895283,akabe1/windows_exploit_dowser,old_2017_03_14_msbulletin.csv,ac782da58b9b1fbbc2d8ea594d3db0be8c5cfbe3,CVE-2015-6162
187895283,akabe1/windows_exploit_dowser,old_2017_03_14_msbulletin.csv,ac782da58b9b1fbbc2d8ea594d3db0be8c5cfbe3,CVE-2016-0150
187895283,akabe1/windows_exploit_dowser,old_2017_03_14_msbulletin.csv,ac782da58b9b1fbbc2d8ea594d3db0be8c5cfbe3,CVE-2015-6161
187895283,akabe1/windows_exploit_dowser,old_2017_03_14_msbulletin.csv,ac782da58b9b1fbbc2d8ea594d3db0be8c5cfbe3,CVE-2016-0151
187895283,akabe1/windows_exploit_dowser,old_2017_03_14_msbulletin.csv,ac782da58b9b1fbbc2d8ea594d3db0be8c5cfbe3,CVE-2015-6160
187895283,akabe1/windows_exploit_dowser,old_2017_03_14_msbulletin.csv,ac782da58b9b1fbbc2d8ea594d3db0be8c5cfbe3,CVE-2015-6159
187895283,akabe1/windows_exploit_dowser,old_2017_03_14_msbulletin.csv,ac782da58b9b1fbbc2d8ea594d3db0be8c5cfbe3,CVE-2015-6158
187895283,akabe1/windows_exploit_dowser,old_2017_03_14_msbulletin.csv,ac782da58b9b1fbbc2d8ea594d3db0be8c5cfbe3,CVE-2015-6157
187895283,akabe1/windows_exploit_dowser,old_2017_03_14_msbulletin.csv,ac782da58b9b1fbbc2d8ea594d3db0be8c5cfbe3,CVE-2015-6156
187895283,akabe1/windows_exploit_dowser,old_2017_03_14_msbulletin.csv,ac782da58b9b1fbbc2d8ea594d3db0be8c5cfbe3,CVE-2015-6155
187895283,akabe1/windows_exploit_dowser,old_2017_03_14_msbulletin.csv,ac782da58b9b1fbbc2d8ea594d3db0be8c5cfbe3,CVE-2015-2465
187895283,akabe1/windows_exploit_dowser,old_2017_03_14_msbulletin.csv,ac782da58b9b1fbbc2d8ea594d3db0be8c5cfbe3,CVE-2016-0152
187895283,akabe1/windows_exploit_dowser,old_2017_03_14_msbulletin.csv,ac782da58b9b1fbbc2d8ea594d3db0be8c5cfbe3,CVE-2015-6154
187895283,akabe1/windows_exploit_dowser,old_2017_03_14_msbulletin.csv,ac782da58b9b1fbbc2d8ea594d3db0be8c5cfbe3,CVE-2016-0153
187895283,akabe1/windows_exploit_dowser,old_2017_03_14_msbulletin.csv,ac782da58b9b1fbbc2d8ea594d3db0be8c5cfbe3,CVE-2016-0102
187895283,akabe1/windows_exploit_dowser,old_2017_03_14_msbulletin.csv,ac782da58b9b1fbbc2d8ea594d3db0be8c5cfbe3,CVE-2016-0183
187895283,akabe1/windows_exploit_dowser,old_2017_03_14_msbulletin.csv,ac782da58b9b1fbbc2d8ea594d3db0be8c5cfbe3,CVE-2016-0101
187895283,akabe1/windows_exploit_dowser,old_2017_03_14_msbulletin.csv,ac782da58b9b1fbbc2d8ea594d3db0be8c5cfbe3,CVE-2016-0099
187895283,akabe1/windows_exploit_dowser,old_2017_03_14_msbulletin.csv,ac782da58b9b1fbbc2d8ea594d3db0be8c5cfbe3,CVE-2015-2453
187895283,akabe1/windows_exploit_dowser,old_2017_03_14_msbulletin.csv,ac782da58b9b1fbbc2d8ea594d3db0be8c5cfbe3,CVE-2016-0044
187895283,akabe1/windows_exploit_dowser,old_2017_03_14_msbulletin.csv,ac782da58b9b1fbbc2d8ea594d3db0be8c5cfbe3,CVE-2015-2452
187895283,akabe1/windows_exploit_dowser,old_2017_03_14_msbulletin.csv,ac782da58b9b1fbbc2d8ea594d3db0be8c5cfbe3,CVE-2016-0046
187895283,akabe1/windows_exploit_dowser,old_2017_03_14_msbulletin.csv,ac782da58b9b1fbbc2d8ea594d3db0be8c5cfbe3,CVE-2016-0047
187895283,akabe1/windows_exploit_dowser,old_2017_03_14_msbulletin.csv,ac782da58b9b1fbbc2d8ea594d3db0be8c5cfbe3,CVE-2016-0048
187895283,akabe1/windows_exploit_dowser,old_2017_03_14_msbulletin.csv,ac782da58b9b1fbbc2d8ea594d3db0be8c5cfbe3,CVE-2016-0049
187895283,akabe1/windows_exploit_dowser,old_2017_03_14_msbulletin.csv,ac782da58b9b1fbbc2d8ea594d3db0be8c5cfbe3,CVE-2016-0050
187895283,akabe1/windows_exploit_dowser,old_2017_03_14_msbulletin.csv,ac782da58b9b1fbbc2d8ea594d3db0be8c5cfbe3,CVE-2016-0051
187895283,akabe1/windows_exploit_dowser,old_2017_03_14_msbulletin.csv,ac782da58b9b1fbbc2d8ea594d3db0be8c5cfbe3,CVE-2016-0052
187895283,akabe1/windows_exploit_dowser,old_2017_03_14_msbulletin.csv,ac782da58b9b1fbbc2d8ea594d3db0be8c5cfbe3,CVE-2016-0042
187895283,akabe1/windows_exploit_dowser,old_2017_03_14_msbulletin.csv,ac782da58b9b1fbbc2d8ea594d3db0be8c5cfbe3,CVE-2016-0053
187895283,akabe1/windows_exploit_dowser,old_2017_03_14_msbulletin.csv,ac782da58b9b1fbbc2d8ea594d3db0be8c5cfbe3,CVE-2015-2450
187895283,akabe1/windows_exploit_dowser,old_2017_03_14_msbulletin.csv,ac782da58b9b1fbbc2d8ea594d3db0be8c5cfbe3,CVE-2016-0054
187895283,akabe1/windows_exploit_dowser,old_2017_03_14_msbulletin.csv,ac782da58b9b1fbbc2d8ea594d3db0be8c5cfbe3,CVE-2016-0055
187895283,akabe1/windows_exploit_dowser,old_2017_03_14_msbulletin.csv,ac782da58b9b1fbbc2d8ea594d3db0be8c5cfbe3,CVE-2016-0056
187895283,akabe1/windows_exploit_dowser,old_2017_03_14_msbulletin.csv,ac782da58b9b1fbbc2d8ea594d3db0be8c5cfbe3,CVE-2016-0057
187895283,akabe1/windows_exploit_dowser,old_2017_03_14_msbulletin.csv,ac782da58b9b1fbbc2d8ea594d3db0be8c5cfbe3,CVE-2016-0058
187895283,akabe1/windows_exploit_dowser,old_2017_03_14_msbulletin.csv,ac782da58b9b1fbbc2d8ea594d3db0be8c5cfbe3,CVE-2016-0059
187895283,akabe1/windows_exploit_dowser,old_2017_03_14_msbulletin.csv,ac782da58b9b1fbbc2d8ea594d3db0be8c5cfbe3,CVE-2016-0060
187895283,akabe1/windows_exploit_dowser,old_2017_03_14_msbulletin.csv,ac782da58b9b1fbbc2d8ea594d3db0be8c5cfbe3,CVE-2016-0061
187895283,akabe1/windows_exploit_dowser,old_2017_03_14_msbulletin.csv,ac782da58b9b1fbbc2d8ea594d3db0be8c5cfbe3,CVE-2016-0062
187895283,akabe1/windows_exploit_dowser,old_2017_03_14_msbulletin.csv,ac782da58b9b1fbbc2d8ea594d3db0be8c5cfbe3,CVE-2015-2451
187895283,akabe1/windows_exploit_dowser,old_2017_03_14_msbulletin.csv,ac782da58b9b1fbbc2d8ea594d3db0be8c5cfbe3,CVE-2016-0063
187895283,akabe1/windows_exploit_dowser,old_2017_03_14_msbulletin.csv,ac782da58b9b1fbbc2d8ea594d3db0be8c5cfbe3,CVE-2016-0041
187895283,akabe1/windows_exploit_dowser,old_2017_03_14_msbulletin.csv,ac782da58b9b1fbbc2d8ea594d3db0be8c5cfbe3,CVE-2016-0039
187895283,akabe1/windows_exploit_dowser,old_2017_03_14_msbulletin.csv,ac782da58b9b1fbbc2d8ea594d3db0be8c5cfbe3,CVE-2016-0028
187895283,akabe1/windows_exploit_dowser,old_2017_03_14_msbulletin.csv,ac782da58b9b1fbbc2d8ea594d3db0be8c5cfbe3,CVE-2016-0022
187895283,akabe1/windows_exploit_dowser,old_2017_03_14_msbulletin.csv,ac782da58b9b1fbbc2d8ea594d3db0be8c5cfbe3,CVE-2016-0021
187895283,akabe1/windows_exploit_dowser,old_2017_03_14_msbulletin.csv,ac782da58b9b1fbbc2d8ea594d3db0be8c5cfbe3,CVE-2016-0029
187895283,akabe1/windows_exploit_dowser,old_2017_03_14_msbulletin.csv,ac782da58b9b1fbbc2d8ea594d3db0be8c5cfbe3,CVE-2015-2464
187895283,akabe1/windows_exploit_dowser,old_2017_03_14_msbulletin.csv,ac782da58b9b1fbbc2d8ea594d3db0be8c5cfbe3,CVE-2015-2463
187895283,akabe1/windows_exploit_dowser,old_2017_03_14_msbulletin.csv,ac782da58b9b1fbbc2d8ea594d3db0be8c5cfbe3,CVE-2015-2462
187895283,akabe1/windows_exploit_dowser,old_2017_03_14_msbulletin.csv,ac782da58b9b1fbbc2d8ea594d3db0be8c5cfbe3,CVE-2016-0031
187895283,akabe1/windows_exploit_dowser,old_2017_03_14_msbulletin.csv,ac782da58b9b1fbbc2d8ea594d3db0be8c5cfbe3,CVE-2016-0032
187895283,akabe1/windows_exploit_dowser,old_2017_03_14_msbulletin.csv,ac782da58b9b1fbbc2d8ea594d3db0be8c5cfbe3,CVE-2015-2461
187895283,akabe1/windows_exploit_dowser,old_2017_03_14_msbulletin.csv,ac782da58b9b1fbbc2d8ea594d3db0be8c5cfbe3,CVE-2016-0040
187895283,akabe1/windows_exploit_dowser,old_2017_03_14_msbulletin.csv,ac782da58b9b1fbbc2d8ea594d3db0be8c5cfbe3,CVE-2015-2460
187895283,akabe1/windows_exploit_dowser,old_2017_03_14_msbulletin.csv,ac782da58b9b1fbbc2d8ea594d3db0be8c5cfbe3,CVE-2016-0033
187895283,akabe1/windows_exploit_dowser,old_2017_03_14_msbulletin.csv,ac782da58b9b1fbbc2d8ea594d3db0be8c5cfbe3,CVE-2016-0034
187895283,akabe1/windows_exploit_dowser,old_2017_03_14_msbulletin.csv,ac782da58b9b1fbbc2d8ea594d3db0be8c5cfbe3,CVE-2015-2458
187895283,akabe1/windows_exploit_dowser,old_2017_03_14_msbulletin.csv,ac782da58b9b1fbbc2d8ea594d3db0be8c5cfbe3,CVE-2015-2456
187895283,akabe1/windows_exploit_dowser,old_2017_03_14_msbulletin.csv,ac782da58b9b1fbbc2d8ea594d3db0be8c5cfbe3,CVE-2015-2455
187895283,akabe1/windows_exploit_dowser,old_2017_03_14_msbulletin.csv,ac782da58b9b1fbbc2d8ea594d3db0be8c5cfbe3,CVE-2015-2454
187895283,akabe1/windows_exploit_dowser,old_2017_03_14_msbulletin.csv,ac782da58b9b1fbbc2d8ea594d3db0be8c5cfbe3,CVE-2016-0035
187895283,akabe1/windows_exploit_dowser,old_2017_03_14_msbulletin.csv,ac782da58b9b1fbbc2d8ea594d3db0be8c5cfbe3,CVE-2016-0036
187895283,akabe1/windows_exploit_dowser,old_2017_03_14_msbulletin.csv,ac782da58b9b1fbbc2d8ea594d3db0be8c5cfbe3,CVE-2016-0037
187895283,akabe1/windows_exploit_dowser,old_2017_03_14_msbulletin.csv,ac782da58b9b1fbbc2d8ea594d3db0be8c5cfbe3,CVE-2016-0038
187895283,akabe1/windows_exploit_dowser,old_2017_03_14_msbulletin.csv,ac782da58b9b1fbbc2d8ea594d3db0be8c5cfbe3,CVE-2015-2459
187895283,akabe1/windows_exploit_dowser,old_2017_03_14_msbulletin.csv,ac782da58b9b1fbbc2d8ea594d3db0be8c5cfbe3,CVE-2016-0064
187895283,akabe1/windows_exploit_dowser,old_2017_03_14_msbulletin.csv,ac782da58b9b1fbbc2d8ea594d3db0be8c5cfbe3,CVE-2016-0067
187895283,akabe1/windows_exploit_dowser,old_2017_03_14_msbulletin.csv,ac782da58b9b1fbbc2d8ea594d3db0be8c5cfbe3,CVE-2016-0068
187895283,akabe1/windows_exploit_dowser,old_2017_03_14_msbulletin.csv,ac782da58b9b1fbbc2d8ea594d3db0be8c5cfbe3,CVE-2015-2441
187895283,akabe1/windows_exploit_dowser,old_2017_03_14_msbulletin.csv,ac782da58b9b1fbbc2d8ea594d3db0be8c5cfbe3,CVE-2016-0092
187895283,akabe1/windows_exploit_dowser,old_2017_03_14_msbulletin.csv,ac782da58b9b1fbbc2d8ea594d3db0be8c5cfbe3,CVE-2016-0093
187895283,akabe1/windows_exploit_dowser,old_2017_03_14_msbulletin.csv,ac782da58b9b1fbbc2d8ea594d3db0be8c5cfbe3,CVE-2016-0094
187895283,akabe1/windows_exploit_dowser,old_2017_03_14_msbulletin.csv,ac782da58b9b1fbbc2d8ea594d3db0be8c5cfbe3,CVE-2016-0095
187895283,akabe1/windows_exploit_dowser,old_2017_03_14_msbulletin.csv,ac782da58b9b1fbbc2d8ea594d3db0be8c5cfbe3,CVE-2016-0096
187895283,akabe1/windows_exploit_dowser,old_2017_03_14_msbulletin.csv,ac782da58b9b1fbbc2d8ea594d3db0be8c5cfbe3,CVE-2016-0098
187895283,akabe1/windows_exploit_dowser,old_2017_03_14_msbulletin.csv,ac782da58b9b1fbbc2d8ea594d3db0be8c5cfbe3,CVE-2015-2440
187895283,akabe1/windows_exploit_dowser,old_2017_03_14_msbulletin.csv,ac782da58b9b1fbbc2d8ea594d3db0be8c5cfbe3,CVE-2015-2435
187895283,akabe1/windows_exploit_dowser,old_2017_03_14_msbulletin.csv,ac782da58b9b1fbbc2d8ea594d3db0be8c5cfbe3,CVE-2015-2434
187895283,akabe1/windows_exploit_dowser,old_2017_03_14_msbulletin.csv,ac782da58b9b1fbbc2d8ea594d3db0be8c5cfbe3,CVE-2016-0091
187895283,akabe1/windows_exploit_dowser,old_2017_03_14_msbulletin.csv,ac782da58b9b1fbbc2d8ea594d3db0be8c5cfbe3,CVE-2016-0015
187895283,akabe1/windows_exploit_dowser,old_2017_03_14_msbulletin.csv,ac782da58b9b1fbbc2d8ea594d3db0be8c5cfbe3,CVE-2016-0012
187895283,akabe1/windows_exploit_dowser,old_2017_03_14_msbulletin.csv,ac782da58b9b1fbbc2d8ea594d3db0be8c5cfbe3,CVE-2016-0011
187895283,akabe1/windows_exploit_dowser,old_2017_03_14_msbulletin.csv,ac782da58b9b1fbbc2d8ea594d3db0be8c5cfbe3,CVE-2016-0010
187895283,akabe1/windows_exploit_dowser,old_2017_03_14_msbulletin.csv,ac782da58b9b1fbbc2d8ea594d3db0be8c5cfbe3,CVE-2015-2433
187895283,akabe1/windows_exploit_dowser,old_2017_03_14_msbulletin.csv,ac782da58b9b1fbbc2d8ea594d3db0be8c5cfbe3,CVE-2016-0009
187895283,akabe1/windows_exploit_dowser,old_2017_03_14_msbulletin.csv,ac782da58b9b1fbbc2d8ea594d3db0be8c5cfbe3,CVE-2016-0008
187895283,akabe1/windows_exploit_dowser,old_2017_03_14_msbulletin.csv,ac782da58b9b1fbbc2d8ea594d3db0be8c5cfbe3,CVE-2016-0007
187895283,akabe1/windows_exploit_dowser,old_2017_03_14_msbulletin.csv,ac782da58b9b1fbbc2d8ea594d3db0be8c5cfbe3,CVE-2015-2432
187895283,akabe1/windows_exploit_dowser,old_2017_03_14_msbulletin.csv,ac782da58b9b1fbbc2d8ea594d3db0be8c5cfbe3,CVE-2016-0006
187895283,akabe1/windows_exploit_dowser,old_2017_03_14_msbulletin.csv,ac782da58b9b1fbbc2d8ea594d3db0be8c5cfbe3,CVE-2016-0005
187895283,akabe1/windows_exploit_dowser,old_2017_03_14_msbulletin.csv,ac782da58b9b1fbbc2d8ea594d3db0be8c5cfbe3,CVE-2016-0014
187895283,akabe1/windows_exploit_dowser,old_2017_03_14_msbulletin.csv,ac782da58b9b1fbbc2d8ea594d3db0be8c5cfbe3,CVE-2015-2442
187895283,akabe1/windows_exploit_dowser,old_2017_03_14_msbulletin.csv,ac782da58b9b1fbbc2d8ea594d3db0be8c5cfbe3,CVE-2015-2443
187895283,akabe1/windows_exploit_dowser,old_2017_03_14_msbulletin.csv,ac782da58b9b1fbbc2d8ea594d3db0be8c5cfbe3,CVE-2016-0090
187895283,akabe1/windows_exploit_dowser,old_2017_03_14_msbulletin.csv,ac782da58b9b1fbbc2d8ea594d3db0be8c5cfbe3,CVE-2016-0069
187895283,akabe1/windows_exploit_dowser,old_2017_03_14_msbulletin.csv,ac782da58b9b1fbbc2d8ea594d3db0be8c5cfbe3,CVE-2016-0070
187895283,akabe1/windows_exploit_dowser,old_2017_03_14_msbulletin.csv,ac782da58b9b1fbbc2d8ea594d3db0be8c5cfbe3,CVE-2016-0071
187895283,akabe1/windows_exploit_dowser,old_2017_03_14_msbulletin.csv,ac782da58b9b1fbbc2d8ea594d3db0be8c5cfbe3,CVE-2016-0072
187895283,akabe1/windows_exploit_dowser,old_2017_03_14_msbulletin.csv,ac782da58b9b1fbbc2d8ea594d3db0be8c5cfbe3,CVE-2016-0073
187895283,akabe1/windows_exploit_dowser,old_2017_03_14_msbulletin.csv,ac782da58b9b1fbbc2d8ea594d3db0be8c5cfbe3,CVE-2015-2449
187895283,akabe1/windows_exploit_dowser,old_2017_03_14_msbulletin.csv,ac782da58b9b1fbbc2d8ea594d3db0be8c5cfbe3,CVE-2016-0020
187895283,akabe1/windows_exploit_dowser,old_2017_03_14_msbulletin.csv,ac782da58b9b1fbbc2d8ea594d3db0be8c5cfbe3,CVE-2016-0019
187895283,akabe1/windows_exploit_dowser,old_2017_03_14_msbulletin.csv,ac782da58b9b1fbbc2d8ea594d3db0be8c5cfbe3,CVE-2016-0018
187895283,akabe1/windows_exploit_dowser,old_2017_03_14_msbulletin.csv,ac782da58b9b1fbbc2d8ea594d3db0be8c5cfbe3,CVE-2015-2448
187895283,akabe1/windows_exploit_dowser,old_2017_03_14_msbulletin.csv,ac782da58b9b1fbbc2d8ea594d3db0be8c5cfbe3,CVE-2016-0016
187895283,akabe1/windows_exploit_dowser,old_2017_03_14_msbulletin.csv,ac782da58b9b1fbbc2d8ea594d3db0be8c5cfbe3,CVE-2015-2447
187895283,akabe1/windows_exploit_dowser,old_2017_03_14_msbulletin.csv,ac782da58b9b1fbbc2d8ea594d3db0be8c5cfbe3,CVE-2016-0075
187895283,akabe1/windows_exploit_dowser,old_2017_03_14_msbulletin.csv,ac782da58b9b1fbbc2d8ea594d3db0be8c5cfbe3,CVE-2016-0077
187895283,akabe1/windows_exploit_dowser,old_2017_03_14_msbulletin.csv,ac782da58b9b1fbbc2d8ea594d3db0be8c5cfbe3,CVE-2015-2446
187895283,akabe1/windows_exploit_dowser,old_2017_03_14_msbulletin.csv,ac782da58b9b1fbbc2d8ea594d3db0be8c5cfbe3,CVE-2016-0079
187895283,akabe1/windows_exploit_dowser,old_2017_03_14_msbulletin.csv,ac782da58b9b1fbbc2d8ea594d3db0be8c5cfbe3,CVE-2015-2445
187895283,akabe1/windows_exploit_dowser,old_2017_03_14_msbulletin.csv,ac782da58b9b1fbbc2d8ea594d3db0be8c5cfbe3,CVE-2016-0080
187895283,akabe1/windows_exploit_dowser,old_2017_03_14_msbulletin.csv,ac782da58b9b1fbbc2d8ea594d3db0be8c5cfbe3,CVE-2015-2444
187895283,akabe1/windows_exploit_dowser,old_2017_03_14_msbulletin.csv,ac782da58b9b1fbbc2d8ea594d3db0be8c5cfbe3,CVE-2016-0084
187895283,akabe1/windows_exploit_dowser,old_2017_03_14_msbulletin.csv,ac782da58b9b1fbbc2d8ea594d3db0be8c5cfbe3,CVE-2016-0087
187895283,akabe1/windows_exploit_dowser,old_2017_03_14_msbulletin.csv,ac782da58b9b1fbbc2d8ea594d3db0be8c5cfbe3,CVE-2016-0088
187895283,akabe1/windows_exploit_dowser,old_2017_03_14_msbulletin.csv,ac782da58b9b1fbbc2d8ea594d3db0be8c5cfbe3,CVE-2016-0089
187895283,akabe1/windows_exploit_dowser,old_2017_03_14_msbulletin.csv,ac782da58b9b1fbbc2d8ea594d3db0be8c5cfbe3,CVE-2016-0100
187895283,akabe1/windows_exploit_dowser,old_2017_03_14_msbulletin.csv,ac782da58b9b1fbbc2d8ea594d3db0be8c5cfbe3,CVE-2015-6153
187895283,akabe1/windows_exploit_dowser,old_2017_03_14_msbulletin.csv,ac782da58b9b1fbbc2d8ea594d3db0be8c5cfbe3,CVE-2016-0184
187895283,akabe1/windows_exploit_dowser,old_2017_03_14_msbulletin.csv,ac782da58b9b1fbbc2d8ea594d3db0be8c5cfbe3,CVE-2016-0185
187895283,akabe1/windows_exploit_dowser,old_2017_03_14_msbulletin.csv,ac782da58b9b1fbbc2d8ea594d3db0be8c5cfbe3,CVE-2016-3311
187895283,akabe1/windows_exploit_dowser,old_2017_03_14_msbulletin.csv,ac782da58b9b1fbbc2d8ea594d3db0be8c5cfbe3,CVE-2016-3312
187895283,akabe1/windows_exploit_dowser,old_2017_03_14_msbulletin.csv,ac782da58b9b1fbbc2d8ea594d3db0be8c5cfbe3,CVE-2016-3313
187895283,akabe1/windows_exploit_dowser,old_2017_03_14_msbulletin.csv,ac782da58b9b1fbbc2d8ea594d3db0be8c5cfbe3,CVE-2016-3315
187895283,akabe1/windows_exploit_dowser,old_2017_03_14_msbulletin.csv,ac782da58b9b1fbbc2d8ea594d3db0be8c5cfbe3,CVE-2016-3316
187895283,akabe1/windows_exploit_dowser,old_2017_03_14_msbulletin.csv,ac782da58b9b1fbbc2d8ea594d3db0be8c5cfbe3,CVE-2016-3317
187895283,akabe1/windows_exploit_dowser,old_2017_03_14_msbulletin.csv,ac782da58b9b1fbbc2d8ea594d3db0be8c5cfbe3,CVE-2016-3318
187895283,akabe1/windows_exploit_dowser,old_2017_03_14_msbulletin.csv,ac782da58b9b1fbbc2d8ea594d3db0be8c5cfbe3,CVE-2016-3319
187895283,akabe1/windows_exploit_dowser,old_2017_03_14_msbulletin.csv,ac782da58b9b1fbbc2d8ea594d3db0be8c5cfbe3,CVE-2016-3320
187895283,akabe1/windows_exploit_dowser,old_2017_03_14_msbulletin.csv,ac782da58b9b1fbbc2d8ea594d3db0be8c5cfbe3,CVE-2016-3321
187895283,akabe1/windows_exploit_dowser,old_2017_03_14_msbulletin.csv,ac782da58b9b1fbbc2d8ea594d3db0be8c5cfbe3,CVE-2016-3310
187895283,akabe1/windows_exploit_dowser,old_2017_03_14_msbulletin.csv,ac782da58b9b1fbbc2d8ea594d3db0be8c5cfbe3,CVE-2016-3322
187895283,akabe1/windows_exploit_dowser,old_2017_03_14_msbulletin.csv,ac782da58b9b1fbbc2d8ea594d3db0be8c5cfbe3,CVE-2016-3325
187895283,akabe1/windows_exploit_dowser,old_2017_03_14_msbulletin.csv,ac782da58b9b1fbbc2d8ea594d3db0be8c5cfbe3,CVE-2016-3326
187895283,akabe1/windows_exploit_dowser,old_2017_03_14_msbulletin.csv,ac782da58b9b1fbbc2d8ea594d3db0be8c5cfbe3,CVE-2016-3327
187895283,akabe1/windows_exploit_dowser,old_2017_03_14_msbulletin.csv,ac782da58b9b1fbbc2d8ea594d3db0be8c5cfbe3,CVE-2016-3329
187895283,akabe1/windows_exploit_dowser,old_2017_03_14_msbulletin.csv,ac782da58b9b1fbbc2d8ea594d3db0be8c5cfbe3,CVE-2016-3331
187895283,akabe1/windows_exploit_dowser,old_2017_03_14_msbulletin.csv,ac782da58b9b1fbbc2d8ea594d3db0be8c5cfbe3,CVE-2016-3332
187895283,akabe1/windows_exploit_dowser,old_2017_03_14_msbulletin.csv,ac782da58b9b1fbbc2d8ea594d3db0be8c5cfbe3,CVE-2016-3333
187895283,akabe1/windows_exploit_dowser,old_2017_03_14_msbulletin.csv,ac782da58b9b1fbbc2d8ea594d3db0be8c5cfbe3,CVE-2016-3334
187895283,akabe1/windows_exploit_dowser,old_2017_03_14_msbulletin.csv,ac782da58b9b1fbbc2d8ea594d3db0be8c5cfbe3,CVE-2016-3335
187895283,akabe1/windows_exploit_dowser,old_2017_03_14_msbulletin.csv,ac782da58b9b1fbbc2d8ea594d3db0be8c5cfbe3,CVE-2016-3338
187895283,akabe1/windows_exploit_dowser,old_2017_03_14_msbulletin.csv,ac782da58b9b1fbbc2d8ea594d3db0be8c5cfbe3,CVE-2016-3324
187895283,akabe1/windows_exploit_dowser,old_2017_03_14_msbulletin.csv,ac782da58b9b1fbbc2d8ea594d3db0be8c5cfbe3,CVE-2016-3340
187895283,akabe1/windows_exploit_dowser,old_2017_03_14_msbulletin.csv,ac782da58b9b1fbbc2d8ea594d3db0be8c5cfbe3,CVE-2016-3309
187895283,akabe1/windows_exploit_dowser,old_2017_03_14_msbulletin.csv,ac782da58b9b1fbbc2d8ea594d3db0be8c5cfbe3,CVE-2016-3306
187895283,akabe1/windows_exploit_dowser,old_2017_03_14_msbulletin.csv,ac782da58b9b1fbbc2d8ea594d3db0be8c5cfbe3,CVE-2016-3281
187895283,akabe1/windows_exploit_dowser,old_2017_03_14_msbulletin.csv,ac782da58b9b1fbbc2d8ea594d3db0be8c5cfbe3,CVE-2016-3282
187895283,akabe1/windows_exploit_dowser,old_2017_03_14_msbulletin.csv,ac782da58b9b1fbbc2d8ea594d3db0be8c5cfbe3,CVE-2016-3283
187895283,akabe1/windows_exploit_dowser,old_2017_03_14_msbulletin.csv,ac782da58b9b1fbbc2d8ea594d3db0be8c5cfbe3,CVE-2016-3284
187895283,akabe1/windows_exploit_dowser,old_2017_03_14_msbulletin.csv,ac782da58b9b1fbbc2d8ea594d3db0be8c5cfbe3,CVE-2016-3286
187895283,akabe1/windows_exploit_dowser,old_2017_03_14_msbulletin.csv,ac782da58b9b1fbbc2d8ea594d3db0be8c5cfbe3,CVE-2016-3287
187895283,akabe1/windows_exploit_dowser,old_2017_03_14_msbulletin.csv,ac782da58b9b1fbbc2d8ea594d3db0be8c5cfbe3,CVE-2016-3288
187895283,akabe1/windows_exploit_dowser,old_2017_03_14_msbulletin.csv,ac782da58b9b1fbbc2d8ea594d3db0be8c5cfbe3,CVE-2016-3289
187895283,akabe1/windows_exploit_dowser,old_2017_03_14_msbulletin.csv,ac782da58b9b1fbbc2d8ea594d3db0be8c5cfbe3,CVE-2016-3290
187895283,akabe1/windows_exploit_dowser,old_2017_03_14_msbulletin.csv,ac782da58b9b1fbbc2d8ea594d3db0be8c5cfbe3,CVE-2016-3291
187895283,akabe1/windows_exploit_dowser,old_2017_03_14_msbulletin.csv,ac782da58b9b1fbbc2d8ea594d3db0be8c5cfbe3,CVE-2016-3308
187895283,akabe1/windows_exploit_dowser,old_2017_03_14_msbulletin.csv,ac782da58b9b1fbbc2d8ea594d3db0be8c5cfbe3,CVE-2016-3292
187895283,akabe1/windows_exploit_dowser,old_2017_03_14_msbulletin.csv,ac782da58b9b1fbbc2d8ea594d3db0be8c5cfbe3,CVE-2016-3295
187895283,akabe1/windows_exploit_dowser,old_2017_03_14_msbulletin.csv,ac782da58b9b1fbbc2d8ea594d3db0be8c5cfbe3,CVE-2016-3296
187895283,akabe1/windows_exploit_dowser,old_2017_03_14_msbulletin.csv,ac782da58b9b1fbbc2d8ea594d3db0be8c5cfbe3,CVE-2016-3297
187895283,akabe1/windows_exploit_dowser,old_2017_03_14_msbulletin.csv,ac782da58b9b1fbbc2d8ea594d3db0be8c5cfbe3,CVE-2016-3298
187895283,akabe1/windows_exploit_dowser,old_2017_03_14_msbulletin.csv,ac782da58b9b1fbbc2d8ea594d3db0be8c5cfbe3,CVE-2016-3300
187895283,akabe1/windows_exploit_dowser,old_2017_03_14_msbulletin.csv,ac782da58b9b1fbbc2d8ea594d3db0be8c5cfbe3,CVE-2016-3301
187895283,akabe1/windows_exploit_dowser,old_2017_03_14_msbulletin.csv,ac782da58b9b1fbbc2d8ea594d3db0be8c5cfbe3,CVE-2016-3302
187895283,akabe1/windows_exploit_dowser,old_2017_03_14_msbulletin.csv,ac782da58b9b1fbbc2d8ea594d3db0be8c5cfbe3,CVE-2016-3303
187895283,akabe1/windows_exploit_dowser,old_2017_03_14_msbulletin.csv,ac782da58b9b1fbbc2d8ea594d3db0be8c5cfbe3,CVE-2016-3304
187895283,akabe1/windows_exploit_dowser,old_2017_03_14_msbulletin.csv,ac782da58b9b1fbbc2d8ea594d3db0be8c5cfbe3,CVE-2016-3305
187895283,akabe1/windows_exploit_dowser,old_2017_03_14_msbulletin.csv,ac782da58b9b1fbbc2d8ea594d3db0be8c5cfbe3,CVE-2016-3293
187895283,akabe1/windows_exploit_dowser,old_2017_03_14_msbulletin.csv,ac782da58b9b1fbbc2d8ea594d3db0be8c5cfbe3,CVE-2016-3341
187895283,akabe1/windows_exploit_dowser,old_2017_03_14_msbulletin.csv,ac782da58b9b1fbbc2d8ea594d3db0be8c5cfbe3,CVE-2016-3342
187895283,akabe1/windows_exploit_dowser,old_2017_03_14_msbulletin.csv,ac782da58b9b1fbbc2d8ea594d3db0be8c5cfbe3,CVE-2016-3343
187895283,akabe1/windows_exploit_dowser,old_2017_03_14_msbulletin.csv,ac782da58b9b1fbbc2d8ea594d3db0be8c5cfbe3,CVE-2015-6139
187895283,akabe1/windows_exploit_dowser,old_2017_03_14_msbulletin.csv,ac782da58b9b1fbbc2d8ea594d3db0be8c5cfbe3,CVE-2015-6138
187895283,akabe1/windows_exploit_dowser,old_2017_03_14_msbulletin.csv,ac782da58b9b1fbbc2d8ea594d3db0be8c5cfbe3,CVE-2016-3370
187895283,akabe1/windows_exploit_dowser,old_2017_03_14_msbulletin.csv,ac782da58b9b1fbbc2d8ea594d3db0be8c5cfbe3,CVE-2015-6136
187895283,akabe1/windows_exploit_dowser,old_2017_03_14_msbulletin.csv,ac782da58b9b1fbbc2d8ea594d3db0be8c5cfbe3,CVE-2016-3371
187895283,akabe1/windows_exploit_dowser,old_2017_03_14_msbulletin.csv,ac782da58b9b1fbbc2d8ea594d3db0be8c5cfbe3,CVE-2016-3372
187895283,akabe1/windows_exploit_dowser,old_2017_03_14_msbulletin.csv,ac782da58b9b1fbbc2d8ea594d3db0be8c5cfbe3,CVE-2015-6135
187895283,akabe1/windows_exploit_dowser,old_2017_03_14_msbulletin.csv,ac782da58b9b1fbbc2d8ea594d3db0be8c5cfbe3,CVE-2016-3373
187895283,akabe1/windows_exploit_dowser,old_2017_03_14_msbulletin.csv,ac782da58b9b1fbbc2d8ea594d3db0be8c5cfbe3,CVE-2016-3374
187895283,akabe1/windows_exploit_dowser,old_2017_03_14_msbulletin.csv,ac782da58b9b1fbbc2d8ea594d3db0be8c5cfbe3,CVE-2016-3375
187895283,akabe1/windows_exploit_dowser,old_2017_03_14_msbulletin.csv,ac782da58b9b1fbbc2d8ea594d3db0be8c5cfbe3,CVE-2015-6140
187895283,akabe1/windows_exploit_dowser,old_2017_03_14_msbulletin.csv,ac782da58b9b1fbbc2d8ea594d3db0be8c5cfbe3,CVE-2016-3376
187895283,akabe1/windows_exploit_dowser,old_2017_03_14_msbulletin.csv,ac782da58b9b1fbbc2d8ea594d3db0be8c5cfbe3,CVE-2016-3379
187895283,akabe1/windows_exploit_dowser,old_2017_03_14_msbulletin.csv,ac782da58b9b1fbbc2d8ea594d3db0be8c5cfbe3,CVE-2016-3381
187895283,akabe1/windows_exploit_dowser,old_2017_03_14_msbulletin.csv,ac782da58b9b1fbbc2d8ea594d3db0be8c5cfbe3,CVE-2016-3382
187895283,akabe1/windows_exploit_dowser,old_2017_03_14_msbulletin.csv,ac782da58b9b1fbbc2d8ea594d3db0be8c5cfbe3,CVE-2016-3383
187895283,akabe1/windows_exploit_dowser,old_2017_03_14_msbulletin.csv,ac782da58b9b1fbbc2d8ea594d3db0be8c5cfbe3,CVE-2016-3384
187895283,akabe1/windows_exploit_dowser,old_2017_03_14_msbulletin.csv,ac782da58b9b1fbbc2d8ea594d3db0be8c5cfbe3,CVE-2016-3385
187895283,akabe1/windows_exploit_dowser,old_2017_03_14_msbulletin.csv,ac782da58b9b1fbbc2d8ea594d3db0be8c5cfbe3,CVE-2016-3386
187895283,akabe1/windows_exploit_dowser,old_2017_03_14_msbulletin.csv,ac782da58b9b1fbbc2d8ea594d3db0be8c5cfbe3,CVE-2016-3387
187895283,akabe1/windows_exploit_dowser,old_2017_03_14_msbulletin.csv,ac782da58b9b1fbbc2d8ea594d3db0be8c5cfbe3,CVE-2016-3388
187895283,akabe1/windows_exploit_dowser,old_2017_03_14_msbulletin.csv,ac782da58b9b1fbbc2d8ea594d3db0be8c5cfbe3,CVE-2016-3389
187895283,akabe1/windows_exploit_dowser,old_2017_03_14_msbulletin.csv,ac782da58b9b1fbbc2d8ea594d3db0be8c5cfbe3,CVE-2016-3378
187895283,akabe1/windows_exploit_dowser,old_2017_03_14_msbulletin.csv,ac782da58b9b1fbbc2d8ea594d3db0be8c5cfbe3,CVE-2015-6141
187895283,akabe1/windows_exploit_dowser,old_2017_03_14_msbulletin.csv,ac782da58b9b1fbbc2d8ea594d3db0be8c5cfbe3,CVE-2015-6142
187895283,akabe1/windows_exploit_dowser,old_2017_03_14_msbulletin.csv,ac782da58b9b1fbbc2d8ea594d3db0be8c5cfbe3,CVE-2016-3369
187895283,akabe1/windows_exploit_dowser,old_2017_03_14_msbulletin.csv,ac782da58b9b1fbbc2d8ea594d3db0be8c5cfbe3,CVE-2016-3344
187895283,akabe1/windows_exploit_dowser,old_2017_03_14_msbulletin.csv,ac782da58b9b1fbbc2d8ea594d3db0be8c5cfbe3,CVE-2016-3345
187895283,akabe1/windows_exploit_dowser,old_2017_03_14_msbulletin.csv,ac782da58b9b1fbbc2d8ea594d3db0be8c5cfbe3,CVE-2016-3346
187895283,akabe1/windows_exploit_dowser,old_2017_03_14_msbulletin.csv,ac782da58b9b1fbbc2d8ea594d3db0be8c5cfbe3,CVE-2016-3348
187895283,akabe1/windows_exploit_dowser,old_2017_03_14_msbulletin.csv,ac782da58b9b1fbbc2d8ea594d3db0be8c5cfbe3,CVE-2016-3349
187895283,akabe1/windows_exploit_dowser,old_2017_03_14_msbulletin.csv,ac782da58b9b1fbbc2d8ea594d3db0be8c5cfbe3,CVE-2016-3351
187895283,akabe1/windows_exploit_dowser,old_2017_03_14_msbulletin.csv,ac782da58b9b1fbbc2d8ea594d3db0be8c5cfbe3,CVE-2016-3352
187895283,akabe1/windows_exploit_dowser,old_2017_03_14_msbulletin.csv,ac782da58b9b1fbbc2d8ea594d3db0be8c5cfbe3,CVE-2016-3353
187895283,akabe1/windows_exploit_dowser,old_2017_03_14_msbulletin.csv,ac782da58b9b1fbbc2d8ea594d3db0be8c5cfbe3,CVE-2016-3354
187895283,akabe1/windows_exploit_dowser,old_2017_03_14_msbulletin.csv,ac782da58b9b1fbbc2d8ea594d3db0be8c5cfbe3,CVE-2016-3355
187895283,akabe1/windows_exploit_dowser,old_2017_03_14_msbulletin.csv,ac782da58b9b1fbbc2d8ea594d3db0be8c5cfbe3,CVE-2016-3356
187895283,akabe1/windows_exploit_dowser,old_2017_03_14_msbulletin.csv,ac782da58b9b1fbbc2d8ea594d3db0be8c5cfbe3,CVE-2016-3357
187895283,akabe1/windows_exploit_dowser,old_2017_03_14_msbulletin.csv,ac782da58b9b1fbbc2d8ea594d3db0be8c5cfbe3,CVE-2016-3358
187895283,akabe1/windows_exploit_dowser,old_2017_03_14_msbulletin.csv,ac782da58b9b1fbbc2d8ea594d3db0be8c5cfbe3,CVE-2016-3359
187895283,akabe1/windows_exploit_dowser,old_2017_03_14_msbulletin.csv,ac782da58b9b1fbbc2d8ea594d3db0be8c5cfbe3,CVE-2016-3360
187895283,akabe1/windows_exploit_dowser,old_2017_03_14_msbulletin.csv,ac782da58b9b1fbbc2d8ea594d3db0be8c5cfbe3,CVE-2016-3361
187895283,akabe1/windows_exploit_dowser,old_2017_03_14_msbulletin.csv,ac782da58b9b1fbbc2d8ea594d3db0be8c5cfbe3,CVE-2016-3362
187895283,akabe1/windows_exploit_dowser,old_2017_03_14_msbulletin.csv,ac782da58b9b1fbbc2d8ea594d3db0be8c5cfbe3,CVE-2016-3363
187895283,akabe1/windows_exploit_dowser,old_2017_03_14_msbulletin.csv,ac782da58b9b1fbbc2d8ea594d3db0be8c5cfbe3,CVE-2016-0025
187895283,akabe1/windows_exploit_dowser,old_2017_03_14_msbulletin.csv,ac782da58b9b1fbbc2d8ea594d3db0be8c5cfbe3,CVE-2016-3365
187895283,akabe1/windows_exploit_dowser,old_2017_03_14_msbulletin.csv,ac782da58b9b1fbbc2d8ea594d3db0be8c5cfbe3,CVE-2016-3366
187895283,akabe1/windows_exploit_dowser,old_2017_03_14_msbulletin.csv,ac782da58b9b1fbbc2d8ea594d3db0be8c5cfbe3,CVE-2016-3367
187895283,akabe1/windows_exploit_dowser,old_2017_03_14_msbulletin.csv,ac782da58b9b1fbbc2d8ea594d3db0be8c5cfbe3,CVE-2016-3368
187895283,akabe1/windows_exploit_dowser,old_2017_03_14_msbulletin.csv,ac782da58b9b1fbbc2d8ea594d3db0be8c5cfbe3,CVE-2016-3280
187895283,akabe1/windows_exploit_dowser,old_2017_03_14_msbulletin.csv,ac782da58b9b1fbbc2d8ea594d3db0be8c5cfbe3,CVE-2016-3279
187895283,akabe1/windows_exploit_dowser,old_2017_03_14_msbulletin.csv,ac782da58b9b1fbbc2d8ea594d3db0be8c5cfbe3,CVE-2016-3278
187895283,akabe1/windows_exploit_dowser,old_2017_03_14_msbulletin.csv,ac782da58b9b1fbbc2d8ea594d3db0be8c5cfbe3,CVE-2016-3277
187895283,akabe1/windows_exploit_dowser,old_2017_03_14_msbulletin.csv,ac782da58b9b1fbbc2d8ea594d3db0be8c5cfbe3,CVE-2016-3202
187895283,akabe1/windows_exploit_dowser,old_2017_03_14_msbulletin.csv,ac782da58b9b1fbbc2d8ea594d3db0be8c5cfbe3,CVE-2016-3203
187895283,akabe1/windows_exploit_dowser,old_2017_03_14_msbulletin.csv,ac782da58b9b1fbbc2d8ea594d3db0be8c5cfbe3,CVE-2016-3204
187895283,akabe1/windows_exploit_dowser,old_2017_03_14_msbulletin.csv,ac782da58b9b1fbbc2d8ea594d3db0be8c5cfbe3,CVE-2016-3205
187895283,akabe1/windows_exploit_dowser,old_2017_03_14_msbulletin.csv,ac782da58b9b1fbbc2d8ea594d3db0be8c5cfbe3,CVE-2016-3206
187895283,akabe1/windows_exploit_dowser,old_2017_03_14_msbulletin.csv,ac782da58b9b1fbbc2d8ea594d3db0be8c5cfbe3,CVE-2016-3207
187895283,akabe1/windows_exploit_dowser,old_2017_03_14_msbulletin.csv,ac782da58b9b1fbbc2d8ea594d3db0be8c5cfbe3,CVE-2016-3209
187895283,akabe1/windows_exploit_dowser,old_2017_03_14_msbulletin.csv,ac782da58b9b1fbbc2d8ea594d3db0be8c5cfbe3,CVE-2016-3210
187895283,akabe1/windows_exploit_dowser,old_2017_03_14_msbulletin.csv,ac782da58b9b1fbbc2d8ea594d3db0be8c5cfbe3,CVE-2016-3211
187895283,akabe1/windows_exploit_dowser,old_2017_03_14_msbulletin.csv,ac782da58b9b1fbbc2d8ea594d3db0be8c5cfbe3,CVE-2016-3212
187895283,akabe1/windows_exploit_dowser,old_2017_03_14_msbulletin.csv,ac782da58b9b1fbbc2d8ea594d3db0be8c5cfbe3,CVE-2016-3201
187895283,akabe1/windows_exploit_dowser,old_2017_03_14_msbulletin.csv,ac782da58b9b1fbbc2d8ea594d3db0be8c5cfbe3,CVE-2016-3213
187895283,akabe1/windows_exploit_dowser,old_2017_03_14_msbulletin.csv,ac782da58b9b1fbbc2d8ea594d3db0be8c5cfbe3,CVE-2016-3215
187895283,akabe1/windows_exploit_dowser,old_2017_03_14_msbulletin.csv,ac782da58b9b1fbbc2d8ea594d3db0be8c5cfbe3,CVE-2016-3216
187895283,akabe1/windows_exploit_dowser,old_2017_03_14_msbulletin.csv,ac782da58b9b1fbbc2d8ea594d3db0be8c5cfbe3,CVE-2016-3218
187895283,akabe1/windows_exploit_dowser,old_2017_03_14_msbulletin.csv,ac782da58b9b1fbbc2d8ea594d3db0be8c5cfbe3,CVE-2016-3219
187895283,akabe1/windows_exploit_dowser,old_2017_03_14_msbulletin.csv,ac782da58b9b1fbbc2d8ea594d3db0be8c5cfbe3,CVE-2016-3220
187895283,akabe1/windows_exploit_dowser,old_2017_03_14_msbulletin.csv,ac782da58b9b1fbbc2d8ea594d3db0be8c5cfbe3,CVE-2016-3221
187895283,akabe1/windows_exploit_dowser,old_2017_03_14_msbulletin.csv,ac782da58b9b1fbbc2d8ea594d3db0be8c5cfbe3,CVE-2016-3222
187895283,akabe1/windows_exploit_dowser,old_2017_03_14_msbulletin.csv,ac782da58b9b1fbbc2d8ea594d3db0be8c5cfbe3,CVE-2016-3223
187895283,akabe1/windows_exploit_dowser,old_2017_03_14_msbulletin.csv,ac782da58b9b1fbbc2d8ea594d3db0be8c5cfbe3,CVE-2016-3225
187895283,akabe1/windows_exploit_dowser,old_2017_03_14_msbulletin.csv,ac782da58b9b1fbbc2d8ea594d3db0be8c5cfbe3,CVE-2016-3226
187895283,akabe1/windows_exploit_dowser,old_2017_03_14_msbulletin.csv,ac782da58b9b1fbbc2d8ea594d3db0be8c5cfbe3,CVE-2016-3214
187895283,akabe1/windows_exploit_dowser,old_2017_03_14_msbulletin.csv,ac782da58b9b1fbbc2d8ea594d3db0be8c5cfbe3,CVE-2016-3199
187895283,akabe1/windows_exploit_dowser,old_2017_03_14_msbulletin.csv,ac782da58b9b1fbbc2d8ea594d3db0be8c5cfbe3,CVE-2016-3198
187895283,akabe1/windows_exploit_dowser,old_2017_03_14_msbulletin.csv,ac782da58b9b1fbbc2d8ea594d3db0be8c5cfbe3,CVE-2015-6144
187895283,akabe1/windows_exploit_dowser,old_2017_03_14_msbulletin.csv,ac782da58b9b1fbbc2d8ea594d3db0be8c5cfbe3,CVE-2015-6152
187895283,akabe1/windows_exploit_dowser,old_2017_03_14_msbulletin.csv,ac782da58b9b1fbbc2d8ea594d3db0be8c5cfbe3,CVE-2015-6151
187895283,akabe1/windows_exploit_dowser,old_2017_03_14_msbulletin.csv,ac782da58b9b1fbbc2d8ea594d3db0be8c5cfbe3,CVE-2015-6150
187895283,akabe1/windows_exploit_dowser,old_2017_03_14_msbulletin.csv,ac782da58b9b1fbbc2d8ea594d3db0be8c5cfbe3,CVE-2015-6149
187895283,akabe1/windows_exploit_dowser,old_2017_03_14_msbulletin.csv,ac782da58b9b1fbbc2d8ea594d3db0be8c5cfbe3,CVE-2016-0186
187895283,akabe1/windows_exploit_dowser,old_2017_03_14_msbulletin.csv,ac782da58b9b1fbbc2d8ea594d3db0be8c5cfbe3,CVE-2016-0187
187895283,akabe1/windows_exploit_dowser,old_2017_03_14_msbulletin.csv,ac782da58b9b1fbbc2d8ea594d3db0be8c5cfbe3,CVE-2015-6148
187895283,akabe1/windows_exploit_dowser,old_2017_03_14_msbulletin.csv,ac782da58b9b1fbbc2d8ea594d3db0be8c5cfbe3,CVE-2016-0188
187895283,akabe1/windows_exploit_dowser,old_2017_03_14_msbulletin.csv,ac782da58b9b1fbbc2d8ea594d3db0be8c5cfbe3,CVE-2015-6147
187895283,akabe1/windows_exploit_dowser,old_2017_03_14_msbulletin.csv,ac782da58b9b1fbbc2d8ea594d3db0be8c5cfbe3,CVE-2016-0189
187895283,akabe1/windows_exploit_dowser,old_2017_03_14_msbulletin.csv,ac782da58b9b1fbbc2d8ea594d3db0be8c5cfbe3,CVE-2016-0190
187895283,akabe1/windows_exploit_dowser,old_2017_03_14_msbulletin.csv,ac782da58b9b1fbbc2d8ea594d3db0be8c5cfbe3,CVE-2016-0191
187895283,akabe1/windows_exploit_dowser,old_2017_03_14_msbulletin.csv,ac782da58b9b1fbbc2d8ea594d3db0be8c5cfbe3,CVE-2016-0192
187895283,akabe1/windows_exploit_dowser,old_2017_03_14_msbulletin.csv,ac782da58b9b1fbbc2d8ea594d3db0be8c5cfbe3,CVE-2016-0193
187895283,akabe1/windows_exploit_dowser,old_2017_03_14_msbulletin.csv,ac782da58b9b1fbbc2d8ea594d3db0be8c5cfbe3,CVE-2015-6146
187895283,akabe1/windows_exploit_dowser,old_2017_03_14_msbulletin.csv,ac782da58b9b1fbbc2d8ea594d3db0be8c5cfbe3,CVE-2016-0194
187895283,akabe1/windows_exploit_dowser,old_2017_03_14_msbulletin.csv,ac782da58b9b1fbbc2d8ea594d3db0be8c5cfbe3,CVE-2016-0195
187895283,akabe1/windows_exploit_dowser,old_2017_03_14_msbulletin.csv,ac782da58b9b1fbbc2d8ea594d3db0be8c5cfbe3,CVE-2016-0196
187895283,akabe1/windows_exploit_dowser,old_2017_03_14_msbulletin.csv,ac782da58b9b1fbbc2d8ea594d3db0be8c5cfbe3,CVE-2016-0197
187895283,akabe1/windows_exploit_dowser,old_2017_03_14_msbulletin.csv,ac782da58b9b1fbbc2d8ea594d3db0be8c5cfbe3,CVE-2016-0198
187895283,akabe1/windows_exploit_dowser,old_2017_03_14_msbulletin.csv,ac782da58b9b1fbbc2d8ea594d3db0be8c5cfbe3,CVE-2016-0199
187895283,akabe1/windows_exploit_dowser,old_2017_03_14_msbulletin.csv,ac782da58b9b1fbbc2d8ea594d3db0be8c5cfbe3,CVE-2016-0200
187895283,akabe1/windows_exploit_dowser,old_2017_03_14_msbulletin.csv,ac782da58b9b1fbbc2d8ea594d3db0be8c5cfbe3,CVE-2015-6145
187895283,akabe1/windows_exploit_dowser,old_2017_03_14_msbulletin.csv,ac782da58b9b1fbbc2d8ea594d3db0be8c5cfbe3,CVE-2016-3227
187895283,akabe1/windows_exploit_dowser,old_2017_03_14_msbulletin.csv,ac782da58b9b1fbbc2d8ea594d3db0be8c5cfbe3,CVE-2016-3391
187895283,akabe1/windows_exploit_dowser,old_2017_03_14_msbulletin.csv,ac782da58b9b1fbbc2d8ea594d3db0be8c5cfbe3,CVE-2016-3228
187895283,akabe1/windows_exploit_dowser,old_2017_03_14_msbulletin.csv,ac782da58b9b1fbbc2d8ea594d3db0be8c5cfbe3,CVE-2016-3231
187895283,akabe1/windows_exploit_dowser,old_2017_03_14_msbulletin.csv,ac782da58b9b1fbbc2d8ea594d3db0be8c5cfbe3,CVE-2016-3254
187895283,akabe1/windows_exploit_dowser,old_2017_03_14_msbulletin.csv,ac782da58b9b1fbbc2d8ea594d3db0be8c5cfbe3,CVE-2016-3255
187895283,akabe1/windows_exploit_dowser,old_2017_03_14_msbulletin.csv,ac782da58b9b1fbbc2d8ea594d3db0be8c5cfbe3,CVE-2016-3256
187895283,akabe1/windows_exploit_dowser,old_2017_03_14_msbulletin.csv,ac782da58b9b1fbbc2d8ea594d3db0be8c5cfbe3,CVE-2016-3258
187895283,akabe1/windows_exploit_dowser,old_2017_03_14_msbulletin.csv,ac782da58b9b1fbbc2d8ea594d3db0be8c5cfbe3,CVE-2015-2471
187895283,akabe1/windows_exploit_dowser,old_2017_03_14_msbulletin.csv,ac782da58b9b1fbbc2d8ea594d3db0be8c5cfbe3,CVE-2016-3259
187895283,akabe1/windows_exploit_dowser,old_2017_03_14_msbulletin.csv,ac782da58b9b1fbbc2d8ea594d3db0be8c5cfbe3,CVE-2016-3260
187895283,akabe1/windows_exploit_dowser,old_2017_03_14_msbulletin.csv,ac782da58b9b1fbbc2d8ea594d3db0be8c5cfbe3,CVE-2016-3261
187895283,akabe1/windows_exploit_dowser,old_2017_03_14_msbulletin.csv,ac782da58b9b1fbbc2d8ea594d3db0be8c5cfbe3,CVE-2016-3262
187895283,akabe1/windows_exploit_dowser,old_2017_03_14_msbulletin.csv,ac782da58b9b1fbbc2d8ea594d3db0be8c5cfbe3,CVE-2016-3263
187895283,akabe1/windows_exploit_dowser,old_2017_03_14_msbulletin.csv,ac782da58b9b1fbbc2d8ea594d3db0be8c5cfbe3,CVE-2016-3252
187895283,akabe1/windows_exploit_dowser,old_2017_03_14_msbulletin.csv,ac782da58b9b1fbbc2d8ea594d3db0be8c5cfbe3,CVE-2016-3264
187895283,akabe1/windows_exploit_dowser,old_2017_03_14_msbulletin.csv,ac782da58b9b1fbbc2d8ea594d3db0be8c5cfbe3,CVE-2016-3266
187895283,akabe1/windows_exploit_dowser,old_2017_03_14_msbulletin.csv,ac782da58b9b1fbbc2d8ea594d3db0be8c5cfbe3,CVE-2016-3267
187895283,akabe1/windows_exploit_dowser,old_2017_03_14_msbulletin.csv,ac782da58b9b1fbbc2d8ea594d3db0be8c5cfbe3,CVE-2016-3269
187895283,akabe1/windows_exploit_dowser,old_2017_03_14_msbulletin.csv,ac782da58b9b1fbbc2d8ea594d3db0be8c5cfbe3,CVE-2016-3270
187895283,akabe1/windows_exploit_dowser,old_2017_03_14_msbulletin.csv,ac782da58b9b1fbbc2d8ea594d3db0be8c5cfbe3,CVE-2015-6143
187895283,akabe1/windows_exploit_dowser,old_2017_03_14_msbulletin.csv,ac782da58b9b1fbbc2d8ea594d3db0be8c5cfbe3,CVE-2016-3271
187895283,akabe1/windows_exploit_dowser,old_2017_03_14_msbulletin.csv,ac782da58b9b1fbbc2d8ea594d3db0be8c5cfbe3,CVE-2016-3272
187895283,akabe1/windows_exploit_dowser,old_2017_03_14_msbulletin.csv,ac782da58b9b1fbbc2d8ea594d3db0be8c5cfbe3,CVE-2016-3273
187895283,akabe1/windows_exploit_dowser,old_2017_03_14_msbulletin.csv,ac782da58b9b1fbbc2d8ea594d3db0be8c5cfbe3,CVE-2016-3274
187895283,akabe1/windows_exploit_dowser,old_2017_03_14_msbulletin.csv,ac782da58b9b1fbbc2d8ea594d3db0be8c5cfbe3,CVE-2016-3276
187895283,akabe1/windows_exploit_dowser,old_2017_03_14_msbulletin.csv,ac782da58b9b1fbbc2d8ea594d3db0be8c5cfbe3,CVE-2016-3265
187895283,akabe1/windows_exploit_dowser,old_2017_03_14_msbulletin.csv,ac782da58b9b1fbbc2d8ea594d3db0be8c5cfbe3,CVE-2016-3251
187895283,akabe1/windows_exploit_dowser,old_2017_03_14_msbulletin.csv,ac782da58b9b1fbbc2d8ea594d3db0be8c5cfbe3,CVE-2016-3250
187895283,akabe1/windows_exploit_dowser,old_2017_03_14_msbulletin.csv,ac782da58b9b1fbbc2d8ea594d3db0be8c5cfbe3,CVE-2016-3249
187895283,akabe1/windows_exploit_dowser,old_2017_03_14_msbulletin.csv,ac782da58b9b1fbbc2d8ea594d3db0be8c5cfbe3,CVE-2016-3232
187895283,akabe1/windows_exploit_dowser,old_2017_03_14_msbulletin.csv,ac782da58b9b1fbbc2d8ea594d3db0be8c5cfbe3,CVE-2016-3233
187895283,akabe1/windows_exploit_dowser,old_2017_03_14_msbulletin.csv,ac782da58b9b1fbbc2d8ea594d3db0be8c5cfbe3,CVE-2016-3234
187895283,akabe1/windows_exploit_dowser,old_2017_03_14_msbulletin.csv,ac782da58b9b1fbbc2d8ea594d3db0be8c5cfbe3,CVE-2016-3235
187895283,akabe1/windows_exploit_dowser,old_2017_03_14_msbulletin.csv,ac782da58b9b1fbbc2d8ea594d3db0be8c5cfbe3,CVE-2015-2427
187895283,akabe1/windows_exploit_dowser,old_2017_03_14_msbulletin.csv,ac782da58b9b1fbbc2d8ea594d3db0be8c5cfbe3,CVE-2015-2466
187895283,akabe1/windows_exploit_dowser,old_2017_03_14_msbulletin.csv,ac782da58b9b1fbbc2d8ea594d3db0be8c5cfbe3,CVE-2016-3236
187895283,akabe1/windows_exploit_dowser,old_2017_03_14_msbulletin.csv,ac782da58b9b1fbbc2d8ea594d3db0be8c5cfbe3,CVE-2015-2467
187895283,akabe1/windows_exploit_dowser,old_2017_03_14_msbulletin.csv,ac782da58b9b1fbbc2d8ea594d3db0be8c5cfbe3,CVE-2016-3237
187895283,akabe1/windows_exploit_dowser,old_2017_03_14_msbulletin.csv,ac782da58b9b1fbbc2d8ea594d3db0be8c5cfbe3,CVE-2015-2468
187895283,akabe1/windows_exploit_dowser,old_2017_03_14_msbulletin.csv,ac782da58b9b1fbbc2d8ea594d3db0be8c5cfbe3,CVE-2015-2469
187895283,akabe1/windows_exploit_dowser,old_2017_03_14_msbulletin.csv,ac782da58b9b1fbbc2d8ea594d3db0be8c5cfbe3,CVE-2015-2470
187895283,akabe1/windows_exploit_dowser,old_2017_03_14_msbulletin.csv,ac782da58b9b1fbbc2d8ea594d3db0be8c5cfbe3,CVE-2016-3238
187895283,akabe1/windows_exploit_dowser,old_2017_03_14_msbulletin.csv,ac782da58b9b1fbbc2d8ea594d3db0be8c5cfbe3,CVE-2016-3239
187895283,akabe1/windows_exploit_dowser,old_2017_03_14_msbulletin.csv,ac782da58b9b1fbbc2d8ea594d3db0be8c5cfbe3,CVE-2016-3240
187895283,akabe1/windows_exploit_dowser,old_2017_03_14_msbulletin.csv,ac782da58b9b1fbbc2d8ea594d3db0be8c5cfbe3,CVE-2016-3241
187895283,akabe1/windows_exploit_dowser,old_2017_03_14_msbulletin.csv,ac782da58b9b1fbbc2d8ea594d3db0be8c5cfbe3,CVE-2016-3242
187895283,akabe1/windows_exploit_dowser,old_2017_03_14_msbulletin.csv,ac782da58b9b1fbbc2d8ea594d3db0be8c5cfbe3,CVE-2016-3243
187895283,akabe1/windows_exploit_dowser,old_2017_03_14_msbulletin.csv,ac782da58b9b1fbbc2d8ea594d3db0be8c5cfbe3,CVE-2016-3244
187895283,akabe1/windows_exploit_dowser,old_2017_03_14_msbulletin.csv,ac782da58b9b1fbbc2d8ea594d3db0be8c5cfbe3,CVE-2016-3245
187895283,akabe1/windows_exploit_dowser,old_2017_03_14_msbulletin.csv,ac782da58b9b1fbbc2d8ea594d3db0be8c5cfbe3,CVE-2016-3246
187895283,akabe1/windows_exploit_dowser,old_2017_03_14_msbulletin.csv,ac782da58b9b1fbbc2d8ea594d3db0be8c5cfbe3,CVE-2016-3247
187895283,akabe1/windows_exploit_dowser,old_2017_03_14_msbulletin.csv,ac782da58b9b1fbbc2d8ea594d3db0be8c5cfbe3,CVE-2016-3248
187895283,akabe1/windows_exploit_dowser,old_2017_03_14_msbulletin.csv,ac782da58b9b1fbbc2d8ea594d3db0be8c5cfbe3,CVE-2016-3230
187895283,akabe1/windows_exploit_dowser,old_2017_03_14_msbulletin.csv,ac782da58b9b1fbbc2d8ea594d3db0be8c5cfbe3,CVE-2016-0030
187895283,akabe1/windows_exploit_dowser,old_2017_03_14_msbulletin.csv,ac782da58b9b1fbbc2d8ea594d3db0be8c5cfbe3,MS15-059
187895283,akabe1/windows_exploit_dowser,old_2017_03_14_msbulletin.csv,ac782da58b9b1fbbc2d8ea594d3db0be8c5cfbe3,MS04-027
187895283,akabe1/windows_exploit_dowser,old_2017_03_14_msbulletin.csv,ac782da58b9b1fbbc2d8ea594d3db0be8c5cfbe3,MS14-077
187895283,akabe1/windows_exploit_dowser,old_2017_03_14_msbulletin.csv,ac782da58b9b1fbbc2d8ea594d3db0be8c5cfbe3,MS14-078
187895283,akabe1/windows_exploit_dowser,old_2017_03_14_msbulletin.csv,ac782da58b9b1fbbc2d8ea594d3db0be8c5cfbe3,MS14-079
187895283,akabe1/windows_exploit_dowser,old_2017_03_14_msbulletin.csv,ac782da58b9b1fbbc2d8ea594d3db0be8c5cfbe3,MS14-080
187895283,akabe1/windows_exploit_dowser,old_2017_03_14_msbulletin.csv,ac782da58b9b1fbbc2d8ea594d3db0be8c5cfbe3,MS14-081
187895283,akabe1/windows_exploit_dowser,old_2017_03_14_msbulletin.csv,ac782da58b9b1fbbc2d8ea594d3db0be8c5cfbe3,MS14-082
187895283,akabe1/windows_exploit_dowser,old_2017_03_14_msbulletin.csv,ac782da58b9b1fbbc2d8ea594d3db0be8c5cfbe3,MS14-083
187895283,akabe1/windows_exploit_dowser,old_2017_03_14_msbulletin.csv,ac782da58b9b1fbbc2d8ea594d3db0be8c5cfbe3,MS14-084
187895283,akabe1/windows_exploit_dowser,old_2017_03_14_msbulletin.csv,ac782da58b9b1fbbc2d8ea594d3db0be8c5cfbe3,MS14-085
187895283,akabe1/windows_exploit_dowser,old_2017_03_14_msbulletin.csv,ac782da58b9b1fbbc2d8ea594d3db0be8c5cfbe3,MS15-001
187895283,akabe1/windows_exploit_dowser,old_2017_03_14_msbulletin.csv,ac782da58b9b1fbbc2d8ea594d3db0be8c5cfbe3,MS15-002
187895283,akabe1/windows_exploit_dowser,old_2017_03_14_msbulletin.csv,ac782da58b9b1fbbc2d8ea594d3db0be8c5cfbe3,MS15-003
187895283,akabe1/windows_exploit_dowser,old_2017_03_14_msbulletin.csv,ac782da58b9b1fbbc2d8ea594d3db0be8c5cfbe3,MS15-004
187895283,akabe1/windows_exploit_dowser,old_2017_03_14_msbulletin.csv,ac782da58b9b1fbbc2d8ea594d3db0be8c5cfbe3,MS15-005
187895283,akabe1/windows_exploit_dowser,old_2017_03_14_msbulletin.csv,ac782da58b9b1fbbc2d8ea594d3db0be8c5cfbe3,MS15-006
187895283,akabe1/windows_exploit_dowser,old_2017_03_14_msbulletin.csv,ac782da58b9b1fbbc2d8ea594d3db0be8c5cfbe3,MS15-007
187895283,akabe1/windows_exploit_dowser,old_2017_03_14_msbulletin.csv,ac782da58b9b1fbbc2d8ea594d3db0be8c5cfbe3,MS15-008
187895283,akabe1/windows_exploit_dowser,old_2017_03_14_msbulletin.csv,ac782da58b9b1fbbc2d8ea594d3db0be8c5cfbe3,MS15-009
187895283,akabe1/windows_exploit_dowser,old_2017_03_14_msbulletin.csv,ac782da58b9b1fbbc2d8ea594d3db0be8c5cfbe3,MS15-010
187895283,akabe1/windows_exploit_dowser,old_2017_03_14_msbulletin.csv,ac782da58b9b1fbbc2d8ea594d3db0be8c5cfbe3,MS15-011
187895283,akabe1/windows_exploit_dowser,old_2017_03_14_msbulletin.csv,ac782da58b9b1fbbc2d8ea594d3db0be8c5cfbe3,MS15-012
187895283,akabe1/windows_exploit_dowser,old_2017_03_14_msbulletin.csv,ac782da58b9b1fbbc2d8ea594d3db0be8c5cfbe3,MS15-013
187895283,akabe1/windows_exploit_dowser,old_2017_03_14_msbulletin.csv,ac782da58b9b1fbbc2d8ea594d3db0be8c5cfbe3,MS15-014
187895283,akabe1/windows_exploit_dowser,old_2017_03_14_msbulletin.csv,ac782da58b9b1fbbc2d8ea594d3db0be8c5cfbe3,MS15-015
187895283,akabe1/windows_exploit_dowser,old_2017_03_14_msbulletin.csv,ac782da58b9b1fbbc2d8ea594d3db0be8c5cfbe3,MS15-016
187895283,akabe1/windows_exploit_dowser,old_2017_03_14_msbulletin.csv,ac782da58b9b1fbbc2d8ea594d3db0be8c5cfbe3,MS14-076
187895283,akabe1/windows_exploit_dowser,old_2017_03_14_msbulletin.csv,ac782da58b9b1fbbc2d8ea594d3db0be8c5cfbe3,MS15-017
187895283,akabe1/windows_exploit_dowser,old_2017_03_14_msbulletin.csv,ac782da58b9b1fbbc2d8ea594d3db0be8c5cfbe3,MS14-075
187895283,akabe1/windows_exploit_dowser,old_2017_03_14_msbulletin.csv,ac782da58b9b1fbbc2d8ea594d3db0be8c5cfbe3,MS14-073
187895283,akabe1/windows_exploit_dowser,old_2017_03_14_msbulletin.csv,ac782da58b9b1fbbc2d8ea594d3db0be8c5cfbe3,MS14-048
187895283,akabe1/windows_exploit_dowser,old_2017_03_14_msbulletin.csv,ac782da58b9b1fbbc2d8ea594d3db0be8c5cfbe3,MS14-049
187895283,akabe1/windows_exploit_dowser,old_2017_03_14_msbulletin.csv,ac782da58b9b1fbbc2d8ea594d3db0be8c5cfbe3,MS14-050
187895283,akabe1/windows_exploit_dowser,old_2017_03_14_msbulletin.csv,ac782da58b9b1fbbc2d8ea594d3db0be8c5cfbe3,MS14-051
187895283,akabe1/windows_exploit_dowser,old_2017_03_14_msbulletin.csv,ac782da58b9b1fbbc2d8ea594d3db0be8c5cfbe3,MS14-052
187895283,akabe1/windows_exploit_dowser,old_2017_03_14_msbulletin.csv,ac782da58b9b1fbbc2d8ea594d3db0be8c5cfbe3,MS14-053
187895283,akabe1/windows_exploit_dowser,old_2017_03_14_msbulletin.csv,ac782da58b9b1fbbc2d8ea594d3db0be8c5cfbe3,MS14-054
187895283,akabe1/windows_exploit_dowser,old_2017_03_14_msbulletin.csv,ac782da58b9b1fbbc2d8ea594d3db0be8c5cfbe3,MS14-055
187895283,akabe1/windows_exploit_dowser,old_2017_03_14_msbulletin.csv,ac782da58b9b1fbbc2d8ea594d3db0be8c5cfbe3,MS14-056
187895283,akabe1/windows_exploit_dowser,old_2017_03_14_msbulletin.csv,ac782da58b9b1fbbc2d8ea594d3db0be8c5cfbe3,MS14-057
187895283,akabe1/windows_exploit_dowser,old_2017_03_14_msbulletin.csv,ac782da58b9b1fbbc2d8ea594d3db0be8c5cfbe3,MS14-058
187895283,akabe1/windows_exploit_dowser,old_2017_03_14_msbulletin.csv,ac782da58b9b1fbbc2d8ea594d3db0be8c5cfbe3,MS14-059
187895283,akabe1/windows_exploit_dowser,old_2017_03_14_msbulletin.csv,ac782da58b9b1fbbc2d8ea594d3db0be8c5cfbe3,MS14-060
187895283,akabe1/windows_exploit_dowser,old_2017_03_14_msbulletin.csv,ac782da58b9b1fbbc2d8ea594d3db0be8c5cfbe3,MS14-061
187895283,akabe1/windows_exploit_dowser,old_2017_03_14_msbulletin.csv,ac782da58b9b1fbbc2d8ea594d3db0be8c5cfbe3,MS14-062
187895283,akabe1/windows_exploit_dowser,old_2017_03_14_msbulletin.csv,ac782da58b9b1fbbc2d8ea594d3db0be8c5cfbe3,MS14-063
187895283,akabe1/windows_exploit_dowser,old_2017_03_14_msbulletin.csv,ac782da58b9b1fbbc2d8ea594d3db0be8c5cfbe3,MS14-064
187895283,akabe1/windows_exploit_dowser,old_2017_03_14_msbulletin.csv,ac782da58b9b1fbbc2d8ea594d3db0be8c5cfbe3,MS14-065
187895283,akabe1/windows_exploit_dowser,old_2017_03_14_msbulletin.csv,ac782da58b9b1fbbc2d8ea594d3db0be8c5cfbe3,MS14-066
187895283,akabe1/windows_exploit_dowser,old_2017_03_14_msbulletin.csv,ac782da58b9b1fbbc2d8ea594d3db0be8c5cfbe3,MS14-067
187895283,akabe1/windows_exploit_dowser,old_2017_03_14_msbulletin.csv,ac782da58b9b1fbbc2d8ea594d3db0be8c5cfbe3,MS14-068
187895283,akabe1/windows_exploit_dowser,old_2017_03_14_msbulletin.csv,ac782da58b9b1fbbc2d8ea594d3db0be8c5cfbe3,MS14-069
187895283,akabe1/windows_exploit_dowser,old_2017_03_14_msbulletin.csv,ac782da58b9b1fbbc2d8ea594d3db0be8c5cfbe3,MS14-070
187895283,akabe1/windows_exploit_dowser,old_2017_03_14_msbulletin.csv,ac782da58b9b1fbbc2d8ea594d3db0be8c5cfbe3,MS14-071
187895283,akabe1/windows_exploit_dowser,old_2017_03_14_msbulletin.csv,ac782da58b9b1fbbc2d8ea594d3db0be8c5cfbe3,MS14-072
187895283,akabe1/windows_exploit_dowser,old_2017_03_14_msbulletin.csv,ac782da58b9b1fbbc2d8ea594d3db0be8c5cfbe3,MS14-074
187895283,akabe1/windows_exploit_dowser,old_2017_03_14_msbulletin.csv,ac782da58b9b1fbbc2d8ea594d3db0be8c5cfbe3,MS15-018
187895283,akabe1/windows_exploit_dowser,old_2017_03_14_msbulletin.csv,ac782da58b9b1fbbc2d8ea594d3db0be8c5cfbe3,MS15-019
187895283,akabe1/windows_exploit_dowser,old_2017_03_14_msbulletin.csv,ac782da58b9b1fbbc2d8ea594d3db0be8c5cfbe3,MS15-020
187895283,akabe1/windows_exploit_dowser,old_2017_03_14_msbulletin.csv,ac782da58b9b1fbbc2d8ea594d3db0be8c5cfbe3,MS15-051
187895283,akabe1/windows_exploit_dowser,old_2017_03_14_msbulletin.csv,ac782da58b9b1fbbc2d8ea594d3db0be8c5cfbe3,MS15-052
187895283,akabe1/windows_exploit_dowser,old_2017_03_14_msbulletin.csv,ac782da58b9b1fbbc2d8ea594d3db0be8c5cfbe3,MS15-053
187895283,akabe1/windows_exploit_dowser,old_2017_03_14_msbulletin.csv,ac782da58b9b1fbbc2d8ea594d3db0be8c5cfbe3,MS15-054
187895283,akabe1/windows_exploit_dowser,old_2017_03_14_msbulletin.csv,ac782da58b9b1fbbc2d8ea594d3db0be8c5cfbe3,MS15-055
187895283,akabe1/windows_exploit_dowser,old_2017_03_14_msbulletin.csv,ac782da58b9b1fbbc2d8ea594d3db0be8c5cfbe3,MS15-056
187895283,akabe1/windows_exploit_dowser,old_2017_03_14_msbulletin.csv,ac782da58b9b1fbbc2d8ea594d3db0be8c5cfbe3,MS15-057
187895283,akabe1/windows_exploit_dowser,old_2017_03_14_msbulletin.csv,ac782da58b9b1fbbc2d8ea594d3db0be8c5cfbe3,MS15-058
187895283,akabe1/windows_exploit_dowser,old_2017_03_14_msbulletin.csv,ac782da58b9b1fbbc2d8ea594d3db0be8c5cfbe3,CVE-2015-2423
187895283,akabe1/windows_exploit_dowser,old_2017_03_14_msbulletin.csv,ac782da58b9b1fbbc2d8ea594d3db0be8c5cfbe3,MS15-060
187895283,akabe1/windows_exploit_dowser,old_2017_03_14_msbulletin.csv,ac782da58b9b1fbbc2d8ea594d3db0be8c5cfbe3,MS15-061
187895283,akabe1/windows_exploit_dowser,old_2017_03_14_msbulletin.csv,ac782da58b9b1fbbc2d8ea594d3db0be8c5cfbe3,MS15-062
187895283,akabe1/windows_exploit_dowser,old_2017_03_14_msbulletin.csv,ac782da58b9b1fbbc2d8ea594d3db0be8c5cfbe3,MS15-063
187895283,akabe1/windows_exploit_dowser,old_2017_03_14_msbulletin.csv,ac782da58b9b1fbbc2d8ea594d3db0be8c5cfbe3,MS15-064
187895283,akabe1/windows_exploit_dowser,old_2017_03_14_msbulletin.csv,ac782da58b9b1fbbc2d8ea594d3db0be8c5cfbe3,MS15-065
187895283,akabe1/windows_exploit_dowser,old_2017_03_14_msbulletin.csv,ac782da58b9b1fbbc2d8ea594d3db0be8c5cfbe3,MS15-066
187895283,akabe1/windows_exploit_dowser,old_2017_03_14_msbulletin.csv,ac782da58b9b1fbbc2d8ea594d3db0be8c5cfbe3,MS15-067
187895283,akabe1/windows_exploit_dowser,old_2017_03_14_msbulletin.csv,ac782da58b9b1fbbc2d8ea594d3db0be8c5cfbe3,MS15-068
187895283,akabe1/windows_exploit_dowser,old_2017_03_14_msbulletin.csv,ac782da58b9b1fbbc2d8ea594d3db0be8c5cfbe3,MS15-069
187895283,akabe1/windows_exploit_dowser,old_2017_03_14_msbulletin.csv,ac782da58b9b1fbbc2d8ea594d3db0be8c5cfbe3,MS15-070
187895283,akabe1/windows_exploit_dowser,old_2017_03_14_msbulletin.csv,ac782da58b9b1fbbc2d8ea594d3db0be8c5cfbe3,MS15-071
187895283,akabe1/windows_exploit_dowser,old_2017_03_14_msbulletin.csv,ac782da58b9b1fbbc2d8ea594d3db0be8c5cfbe3,MS15-072
187895283,akabe1/windows_exploit_dowser,old_2017_03_14_msbulletin.csv,ac782da58b9b1fbbc2d8ea594d3db0be8c5cfbe3,MS15-073
187895283,akabe1/windows_exploit_dowser,old_2017_03_14_msbulletin.csv,ac782da58b9b1fbbc2d8ea594d3db0be8c5cfbe3,MS15-074
187895283,akabe1/windows_exploit_dowser,old_2017_03_14_msbulletin.csv,ac782da58b9b1fbbc2d8ea594d3db0be8c5cfbe3,MS15-075
187895283,akabe1/windows_exploit_dowser,old_2017_03_14_msbulletin.csv,ac782da58b9b1fbbc2d8ea594d3db0be8c5cfbe3,MS15-050
187895283,akabe1/windows_exploit_dowser,old_2017_03_14_msbulletin.csv,ac782da58b9b1fbbc2d8ea594d3db0be8c5cfbe3,MS15-049
187895283,akabe1/windows_exploit_dowser,old_2017_03_14_msbulletin.csv,ac782da58b9b1fbbc2d8ea594d3db0be8c5cfbe3,MS15-048
187895283,akabe1/windows_exploit_dowser,old_2017_03_14_msbulletin.csv,ac782da58b9b1fbbc2d8ea594d3db0be8c5cfbe3,MS15-047
187895283,akabe1/windows_exploit_dowser,old_2017_03_14_msbulletin.csv,ac782da58b9b1fbbc2d8ea594d3db0be8c5cfbe3,MS15-021
187895283,akabe1/windows_exploit_dowser,old_2017_03_14_msbulletin.csv,ac782da58b9b1fbbc2d8ea594d3db0be8c5cfbe3,MS15-022
187895283,akabe1/windows_exploit_dowser,old_2017_03_14_msbulletin.csv,ac782da58b9b1fbbc2d8ea594d3db0be8c5cfbe3,MS15-023
187895283,akabe1/windows_exploit_dowser,old_2017_03_14_msbulletin.csv,ac782da58b9b1fbbc2d8ea594d3db0be8c5cfbe3,MS15-024
187895283,akabe1/windows_exploit_dowser,old_2017_03_14_msbulletin.csv,ac782da58b9b1fbbc2d8ea594d3db0be8c5cfbe3,MS15-025
187895283,akabe1/windows_exploit_dowser,old_2017_03_14_msbulletin.csv,ac782da58b9b1fbbc2d8ea594d3db0be8c5cfbe3,MS15-026
187895283,akabe1/windows_exploit_dowser,old_2017_03_14_msbulletin.csv,ac782da58b9b1fbbc2d8ea594d3db0be8c5cfbe3,MS15-027
187895283,akabe1/windows_exploit_dowser,old_2017_03_14_msbulletin.csv,ac782da58b9b1fbbc2d8ea594d3db0be8c5cfbe3,MS15-028
187895283,akabe1/windows_exploit_dowser,old_2017_03_14_msbulletin.csv,ac782da58b9b1fbbc2d8ea594d3db0be8c5cfbe3,MS15-029
187895283,akabe1/windows_exploit_dowser,old_2017_03_14_msbulletin.csv,ac782da58b9b1fbbc2d8ea594d3db0be8c5cfbe3,MS15-030
187895283,akabe1/windows_exploit_dowser,old_2017_03_14_msbulletin.csv,ac782da58b9b1fbbc2d8ea594d3db0be8c5cfbe3,MS15-031
187895283,akabe1/windows_exploit_dowser,old_2017_03_14_msbulletin.csv,ac782da58b9b1fbbc2d8ea594d3db0be8c5cfbe3,MS15-032
187895283,akabe1/windows_exploit_dowser,old_2017_03_14_msbulletin.csv,ac782da58b9b1fbbc2d8ea594d3db0be8c5cfbe3,MS14-047
187895283,akabe1/windows_exploit_dowser,old_2017_03_14_msbulletin.csv,ac782da58b9b1fbbc2d8ea594d3db0be8c5cfbe3,MS15-033
187895283,akabe1/windows_exploit_dowser,old_2017_03_14_msbulletin.csv,ac782da58b9b1fbbc2d8ea594d3db0be8c5cfbe3,MS15-035
187895283,akabe1/windows_exploit_dowser,old_2017_03_14_msbulletin.csv,ac782da58b9b1fbbc2d8ea594d3db0be8c5cfbe3,MS15-036
187895283,akabe1/windows_exploit_dowser,old_2017_03_14_msbulletin.csv,ac782da58b9b1fbbc2d8ea594d3db0be8c5cfbe3,MS15-037
187895283,akabe1/windows_exploit_dowser,old_2017_03_14_msbulletin.csv,ac782da58b9b1fbbc2d8ea594d3db0be8c5cfbe3,MS15-038
187895283,akabe1/windows_exploit_dowser,old_2017_03_14_msbulletin.csv,ac782da58b9b1fbbc2d8ea594d3db0be8c5cfbe3,MS15-039
187895283,akabe1/windows_exploit_dowser,old_2017_03_14_msbulletin.csv,ac782da58b9b1fbbc2d8ea594d3db0be8c5cfbe3,MS15-040
187895283,akabe1/windows_exploit_dowser,old_2017_03_14_msbulletin.csv,ac782da58b9b1fbbc2d8ea594d3db0be8c5cfbe3,MS15-041
187895283,akabe1/windows_exploit_dowser,old_2017_03_14_msbulletin.csv,ac782da58b9b1fbbc2d8ea594d3db0be8c5cfbe3,MS15-042
187895283,akabe1/windows_exploit_dowser,old_2017_03_14_msbulletin.csv,ac782da58b9b1fbbc2d8ea594d3db0be8c5cfbe3,MS15-043
187895283,akabe1/windows_exploit_dowser,old_2017_03_14_msbulletin.csv,ac782da58b9b1fbbc2d8ea594d3db0be8c5cfbe3,MS15-044
187895283,akabe1/windows_exploit_dowser,old_2017_03_14_msbulletin.csv,ac782da58b9b1fbbc2d8ea594d3db0be8c5cfbe3,MS15-045
187895283,akabe1/windows_exploit_dowser,old_2017_03_14_msbulletin.csv,ac782da58b9b1fbbc2d8ea594d3db0be8c5cfbe3,MS15-046
187895283,akabe1/windows_exploit_dowser,old_2017_03_14_msbulletin.csv,ac782da58b9b1fbbc2d8ea594d3db0be8c5cfbe3,MS15-034
187895283,akabe1/windows_exploit_dowser,old_2017_03_14_msbulletin.csv,ac782da58b9b1fbbc2d8ea594d3db0be8c5cfbe3,MS15-076
187895283,akabe1/windows_exploit_dowser,old_2017_03_14_msbulletin.csv,ac782da58b9b1fbbc2d8ea594d3db0be8c5cfbe3,MS14-046
187895283,akabe1/windows_exploit_dowser,old_2017_03_14_msbulletin.csv,ac782da58b9b1fbbc2d8ea594d3db0be8c5cfbe3,MS14-044
187895283,akabe1/windows_exploit_dowser,old_2017_03_14_msbulletin.csv,ac782da58b9b1fbbc2d8ea594d3db0be8c5cfbe3,MS13-066
187895283,akabe1/windows_exploit_dowser,old_2017_03_14_msbulletin.csv,ac782da58b9b1fbbc2d8ea594d3db0be8c5cfbe3,MS13-067
187895283,akabe1/windows_exploit_dowser,old_2017_03_14_msbulletin.csv,ac782da58b9b1fbbc2d8ea594d3db0be8c5cfbe3,MS13-068
187895283,akabe1/windows_exploit_dowser,old_2017_03_14_msbulletin.csv,ac782da58b9b1fbbc2d8ea594d3db0be8c5cfbe3,MS13-069
187895283,akabe1/windows_exploit_dowser,old_2017_03_14_msbulletin.csv,ac782da58b9b1fbbc2d8ea594d3db0be8c5cfbe3,MS13-070
187895283,akabe1/windows_exploit_dowser,old_2017_03_14_msbulletin.csv,ac782da58b9b1fbbc2d8ea594d3db0be8c5cfbe3,MS13-071
187895283,akabe1/windows_exploit_dowser,old_2017_03_14_msbulletin.csv,ac782da58b9b1fbbc2d8ea594d3db0be8c5cfbe3,MS13-072
187895283,akabe1/windows_exploit_dowser,old_2017_03_14_msbulletin.csv,ac782da58b9b1fbbc2d8ea594d3db0be8c5cfbe3,MS13-073
187895283,akabe1/windows_exploit_dowser,old_2017_03_14_msbulletin.csv,ac782da58b9b1fbbc2d8ea594d3db0be8c5cfbe3,MS13-074
187895283,akabe1/windows_exploit_dowser,old_2017_03_14_msbulletin.csv,ac782da58b9b1fbbc2d8ea594d3db0be8c5cfbe3,MS13-075
187895283,akabe1/windows_exploit_dowser,old_2017_03_14_msbulletin.csv,ac782da58b9b1fbbc2d8ea594d3db0be8c5cfbe3,MS13-076
187895283,akabe1/windows_exploit_dowser,old_2017_03_14_msbulletin.csv,ac782da58b9b1fbbc2d8ea594d3db0be8c5cfbe3,MS13-077
187895283,akabe1/windows_exploit_dowser,old_2017_03_14_msbulletin.csv,ac782da58b9b1fbbc2d8ea594d3db0be8c5cfbe3,MS13-078
187895283,akabe1/windows_exploit_dowser,old_2017_03_14_msbulletin.csv,ac782da58b9b1fbbc2d8ea594d3db0be8c5cfbe3,MS13-079
187895283,akabe1/windows_exploit_dowser,old_2017_03_14_msbulletin.csv,ac782da58b9b1fbbc2d8ea594d3db0be8c5cfbe3,MS13-080
187895283,akabe1/windows_exploit_dowser,old_2017_03_14_msbulletin.csv,ac782da58b9b1fbbc2d8ea594d3db0be8c5cfbe3,MS13-081
187895283,akabe1/windows_exploit_dowser,old_2017_03_14_msbulletin.csv,ac782da58b9b1fbbc2d8ea594d3db0be8c5cfbe3,MS13-082
187895283,akabe1/windows_exploit_dowser,old_2017_03_14_msbulletin.csv,ac782da58b9b1fbbc2d8ea594d3db0be8c5cfbe3,MS13-083
187895283,akabe1/windows_exploit_dowser,old_2017_03_14_msbulletin.csv,ac782da58b9b1fbbc2d8ea594d3db0be8c5cfbe3,MS13-084
187895283,akabe1/windows_exploit_dowser,old_2017_03_14_msbulletin.csv,ac782da58b9b1fbbc2d8ea594d3db0be8c5cfbe3,MS13-085
187895283,akabe1/windows_exploit_dowser,old_2017_03_14_msbulletin.csv,ac782da58b9b1fbbc2d8ea594d3db0be8c5cfbe3,MS13-086
187895283,akabe1/windows_exploit_dowser,old_2017_03_14_msbulletin.csv,ac782da58b9b1fbbc2d8ea594d3db0be8c5cfbe3,MS13-087
187895283,akabe1/windows_exploit_dowser,old_2017_03_14_msbulletin.csv,ac782da58b9b1fbbc2d8ea594d3db0be8c5cfbe3,MS13-088
187895283,akabe1/windows_exploit_dowser,old_2017_03_14_msbulletin.csv,ac782da58b9b1fbbc2d8ea594d3db0be8c5cfbe3,MS13-089
187895283,akabe1/windows_exploit_dowser,old_2017_03_14_msbulletin.csv,ac782da58b9b1fbbc2d8ea594d3db0be8c5cfbe3,MS13-090
187895283,akabe1/windows_exploit_dowser,old_2017_03_14_msbulletin.csv,ac782da58b9b1fbbc2d8ea594d3db0be8c5cfbe3,MS13-065
187895283,akabe1/windows_exploit_dowser,old_2017_03_14_msbulletin.csv,ac782da58b9b1fbbc2d8ea594d3db0be8c5cfbe3,MS13-091
187895283,akabe1/windows_exploit_dowser,old_2017_03_14_msbulletin.csv,ac782da58b9b1fbbc2d8ea594d3db0be8c5cfbe3,MS13-064
187895283,akabe1/windows_exploit_dowser,old_2017_03_14_msbulletin.csv,ac782da58b9b1fbbc2d8ea594d3db0be8c5cfbe3,MS13-062
187895283,akabe1/windows_exploit_dowser,old_2017_03_14_msbulletin.csv,ac782da58b9b1fbbc2d8ea594d3db0be8c5cfbe3,MS13-037
187895283,akabe1/windows_exploit_dowser,old_2017_03_14_msbulletin.csv,ac782da58b9b1fbbc2d8ea594d3db0be8c5cfbe3,MS13-038
187895283,akabe1/windows_exploit_dowser,old_2017_03_14_msbulletin.csv,ac782da58b9b1fbbc2d8ea594d3db0be8c5cfbe3,MS13-039
187895283,akabe1/windows_exploit_dowser,old_2017_03_14_msbulletin.csv,ac782da58b9b1fbbc2d8ea594d3db0be8c5cfbe3,MS13-040
187895283,akabe1/windows_exploit_dowser,old_2017_03_14_msbulletin.csv,ac782da58b9b1fbbc2d8ea594d3db0be8c5cfbe3,MS13-041
187895283,akabe1/windows_exploit_dowser,old_2017_03_14_msbulletin.csv,ac782da58b9b1fbbc2d8ea594d3db0be8c5cfbe3,MS13-042
187895283,akabe1/windows_exploit_dowser,old_2017_03_14_msbulletin.csv,ac782da58b9b1fbbc2d8ea594d3db0be8c5cfbe3,MS13-043
187895283,akabe1/windows_exploit_dowser,old_2017_03_14_msbulletin.csv,ac782da58b9b1fbbc2d8ea594d3db0be8c5cfbe3,MS13-044
187895283,akabe1/windows_exploit_dowser,old_2017_03_14_msbulletin.csv,ac782da58b9b1fbbc2d8ea594d3db0be8c5cfbe3,MS13-045
187895283,akabe1/windows_exploit_dowser,old_2017_03_14_msbulletin.csv,ac782da58b9b1fbbc2d8ea594d3db0be8c5cfbe3,MS13-046
187895283,akabe1/windows_exploit_dowser,old_2017_03_14_msbulletin.csv,ac782da58b9b1fbbc2d8ea594d3db0be8c5cfbe3,MS13-047
187895283,akabe1/windows_exploit_dowser,old_2017_03_14_msbulletin.csv,ac782da58b9b1fbbc2d8ea594d3db0be8c5cfbe3,MS13-048
187895283,akabe1/windows_exploit_dowser,old_2017_03_14_msbulletin.csv,ac782da58b9b1fbbc2d8ea594d3db0be8c5cfbe3,MS13-049
187895283,akabe1/windows_exploit_dowser,old_2017_03_14_msbulletin.csv,ac782da58b9b1fbbc2d8ea594d3db0be8c5cfbe3,MS13-050
187895283,akabe1/windows_exploit_dowser,old_2017_03_14_msbulletin.csv,ac782da58b9b1fbbc2d8ea594d3db0be8c5cfbe3,MS13-051
187895283,akabe1/windows_exploit_dowser,old_2017_03_14_msbulletin.csv,ac782da58b9b1fbbc2d8ea594d3db0be8c5cfbe3,MS13-052
187895283,akabe1/windows_exploit_dowser,old_2017_03_14_msbulletin.csv,ac782da58b9b1fbbc2d8ea594d3db0be8c5cfbe3,MS13-053
187895283,akabe1/windows_exploit_dowser,old_2017_03_14_msbulletin.csv,ac782da58b9b1fbbc2d8ea594d3db0be8c5cfbe3,MS13-054
187895283,akabe1/windows_exploit_dowser,old_2017_03_14_msbulletin.csv,ac782da58b9b1fbbc2d8ea594d3db0be8c5cfbe3,MS13-055
187895283,akabe1/windows_exploit_dowser,old_2017_03_14_msbulletin.csv,ac782da58b9b1fbbc2d8ea594d3db0be8c5cfbe3,MS13-056
187895283,akabe1/windows_exploit_dowser,old_2017_03_14_msbulletin.csv,ac782da58b9b1fbbc2d8ea594d3db0be8c5cfbe3,MS13-057
187895283,akabe1/windows_exploit_dowser,old_2017_03_14_msbulletin.csv,ac782da58b9b1fbbc2d8ea594d3db0be8c5cfbe3,MS13-058
187895283,akabe1/windows_exploit_dowser,old_2017_03_14_msbulletin.csv,ac782da58b9b1fbbc2d8ea594d3db0be8c5cfbe3,MS13-059
187895283,akabe1/windows_exploit_dowser,old_2017_03_14_msbulletin.csv,ac782da58b9b1fbbc2d8ea594d3db0be8c5cfbe3,MS13-060
187895283,akabe1/windows_exploit_dowser,old_2017_03_14_msbulletin.csv,ac782da58b9b1fbbc2d8ea594d3db0be8c5cfbe3,MS13-061
187895283,akabe1/windows_exploit_dowser,old_2017_03_14_msbulletin.csv,ac782da58b9b1fbbc2d8ea594d3db0be8c5cfbe3,MS13-063
187895283,akabe1/windows_exploit_dowser,old_2017_03_14_msbulletin.csv,ac782da58b9b1fbbc2d8ea594d3db0be8c5cfbe3,MS13-092
187895283,akabe1/windows_exploit_dowser,old_2017_03_14_msbulletin.csv,ac782da58b9b1fbbc2d8ea594d3db0be8c5cfbe3,MS13-093
187895283,akabe1/windows_exploit_dowser,old_2017_03_14_msbulletin.csv,ac782da58b9b1fbbc2d8ea594d3db0be8c5cfbe3,MS13-094
187895283,akabe1/windows_exploit_dowser,old_2017_03_14_msbulletin.csv,ac782da58b9b1fbbc2d8ea594d3db0be8c5cfbe3,MS14-019
187895283,akabe1/windows_exploit_dowser,old_2017_03_14_msbulletin.csv,ac782da58b9b1fbbc2d8ea594d3db0be8c5cfbe3,MS14-020
187895283,akabe1/windows_exploit_dowser,old_2017_03_14_msbulletin.csv,ac782da58b9b1fbbc2d8ea594d3db0be8c5cfbe3,MS14-021
187895283,akabe1/windows_exploit_dowser,old_2017_03_14_msbulletin.csv,ac782da58b9b1fbbc2d8ea594d3db0be8c5cfbe3,MS14-022
187895283,akabe1/windows_exploit_dowser,old_2017_03_14_msbulletin.csv,ac782da58b9b1fbbc2d8ea594d3db0be8c5cfbe3,MS14-023
187895283,akabe1/windows_exploit_dowser,old_2017_03_14_msbulletin.csv,ac782da58b9b1fbbc2d8ea594d3db0be8c5cfbe3,MS14-024
187895283,akabe1/windows_exploit_dowser,old_2017_03_14_msbulletin.csv,ac782da58b9b1fbbc2d8ea594d3db0be8c5cfbe3,MS14-025
187895283,akabe1/windows_exploit_dowser,old_2017_03_14_msbulletin.csv,ac782da58b9b1fbbc2d8ea594d3db0be8c5cfbe3,MS14-026
187895283,akabe1/windows_exploit_dowser,old_2017_03_14_msbulletin.csv,ac782da58b9b1fbbc2d8ea594d3db0be8c5cfbe3,MS14-027
187895283,akabe1/windows_exploit_dowser,old_2017_03_14_msbulletin.csv,ac782da58b9b1fbbc2d8ea594d3db0be8c5cfbe3,MS14-028
187895283,akabe1/windows_exploit_dowser,old_2017_03_14_msbulletin.csv,ac782da58b9b1fbbc2d8ea594d3db0be8c5cfbe3,MS14-029
187895283,akabe1/windows_exploit_dowser,old_2017_03_14_msbulletin.csv,ac782da58b9b1fbbc2d8ea594d3db0be8c5cfbe3,MS14-030
187895283,akabe1/windows_exploit_dowser,old_2017_03_14_msbulletin.csv,ac782da58b9b1fbbc2d8ea594d3db0be8c5cfbe3,MS14-031
187895283,akabe1/windows_exploit_dowser,old_2017_03_14_msbulletin.csv,ac782da58b9b1fbbc2d8ea594d3db0be8c5cfbe3,MS14-032
187895283,akabe1/windows_exploit_dowser,old_2017_03_14_msbulletin.csv,ac782da58b9b1fbbc2d8ea594d3db0be8c5cfbe3,MS14-033
187895283,akabe1/windows_exploit_dowser,old_2017_03_14_msbulletin.csv,ac782da58b9b1fbbc2d8ea594d3db0be8c5cfbe3,MS14-034
187895283,akabe1/windows_exploit_dowser,old_2017_03_14_msbulletin.csv,ac782da58b9b1fbbc2d8ea594d3db0be8c5cfbe3,MS14-035
187895283,akabe1/windows_exploit_dowser,old_2017_03_14_msbulletin.csv,ac782da58b9b1fbbc2d8ea594d3db0be8c5cfbe3,MS14-036
187895283,akabe1/windows_exploit_dowser,old_2017_03_14_msbulletin.csv,ac782da58b9b1fbbc2d8ea594d3db0be8c5cfbe3,MS14-037
187895283,akabe1/windows_exploit_dowser,old_2017_03_14_msbulletin.csv,ac782da58b9b1fbbc2d8ea594d3db0be8c5cfbe3,MS14-038
187895283,akabe1/windows_exploit_dowser,old_2017_03_14_msbulletin.csv,ac782da58b9b1fbbc2d8ea594d3db0be8c5cfbe3,MS14-039
187895283,akabe1/windows_exploit_dowser,old_2017_03_14_msbulletin.csv,ac782da58b9b1fbbc2d8ea594d3db0be8c5cfbe3,MS14-040
187895283,akabe1/windows_exploit_dowser,old_2017_03_14_msbulletin.csv,ac782da58b9b1fbbc2d8ea594d3db0be8c5cfbe3,MS14-041
187895283,akabe1/windows_exploit_dowser,old_2017_03_14_msbulletin.csv,ac782da58b9b1fbbc2d8ea594d3db0be8c5cfbe3,MS14-042
187895283,akabe1/windows_exploit_dowser,old_2017_03_14_msbulletin.csv,ac782da58b9b1fbbc2d8ea594d3db0be8c5cfbe3,MS14-043
187895283,akabe1/windows_exploit_dowser,old_2017_03_14_msbulletin.csv,ac782da58b9b1fbbc2d8ea594d3db0be8c5cfbe3,MS14-018
187895283,akabe1/windows_exploit_dowser,old_2017_03_14_msbulletin.csv,ac782da58b9b1fbbc2d8ea594d3db0be8c5cfbe3,MS14-017
187895283,akabe1/windows_exploit_dowser,old_2017_03_14_msbulletin.csv,ac782da58b9b1fbbc2d8ea594d3db0be8c5cfbe3,MS14-016
187895283,akabe1/windows_exploit_dowser,old_2017_03_14_msbulletin.csv,ac782da58b9b1fbbc2d8ea594d3db0be8c5cfbe3,MS14-015
187895283,akabe1/windows_exploit_dowser,old_2017_03_14_msbulletin.csv,ac782da58b9b1fbbc2d8ea594d3db0be8c5cfbe3,MS13-095
187895283,akabe1/windows_exploit_dowser,old_2017_03_14_msbulletin.csv,ac782da58b9b1fbbc2d8ea594d3db0be8c5cfbe3,MS13-096
187895283,akabe1/windows_exploit_dowser,old_2017_03_14_msbulletin.csv,ac782da58b9b1fbbc2d8ea594d3db0be8c5cfbe3,MS13-097
187895283,akabe1/windows_exploit_dowser,old_2017_03_14_msbulletin.csv,ac782da58b9b1fbbc2d8ea594d3db0be8c5cfbe3,MS13-098
187895283,akabe1/windows_exploit_dowser,old_2017_03_14_msbulletin.csv,ac782da58b9b1fbbc2d8ea594d3db0be8c5cfbe3,MS13-099
187895283,akabe1/windows_exploit_dowser,old_2017_03_14_msbulletin.csv,ac782da58b9b1fbbc2d8ea594d3db0be8c5cfbe3,MS13-100
187895283,akabe1/windows_exploit_dowser,old_2017_03_14_msbulletin.csv,ac782da58b9b1fbbc2d8ea594d3db0be8c5cfbe3,MS13-101
187895283,akabe1/windows_exploit_dowser,old_2017_03_14_msbulletin.csv,ac782da58b9b1fbbc2d8ea594d3db0be8c5cfbe3,MS13-102
187895283,akabe1/windows_exploit_dowser,old_2017_03_14_msbulletin.csv,ac782da58b9b1fbbc2d8ea594d3db0be8c5cfbe3,MS13-103
187895283,akabe1/windows_exploit_dowser,old_2017_03_14_msbulletin.csv,ac782da58b9b1fbbc2d8ea594d3db0be8c5cfbe3,MS13-104
187895283,akabe1/windows_exploit_dowser,old_2017_03_14_msbulletin.csv,ac782da58b9b1fbbc2d8ea594d3db0be8c5cfbe3,MS13-105
187895283,akabe1/windows_exploit_dowser,old_2017_03_14_msbulletin.csv,ac782da58b9b1fbbc2d8ea594d3db0be8c5cfbe3,MS13-106
187895283,akabe1/windows_exploit_dowser,old_2017_03_14_msbulletin.csv,ac782da58b9b1fbbc2d8ea594d3db0be8c5cfbe3,MS14-045
187895283,akabe1/windows_exploit_dowser,old_2017_03_14_msbulletin.csv,ac782da58b9b1fbbc2d8ea594d3db0be8c5cfbe3,MS14-001
187895283,akabe1/windows_exploit_dowser,old_2017_03_14_msbulletin.csv,ac782da58b9b1fbbc2d8ea594d3db0be8c5cfbe3,MS14-003
187895283,akabe1/windows_exploit_dowser,old_2017_03_14_msbulletin.csv,ac782da58b9b1fbbc2d8ea594d3db0be8c5cfbe3,MS14-004
187895283,akabe1/windows_exploit_dowser,old_2017_03_14_msbulletin.csv,ac782da58b9b1fbbc2d8ea594d3db0be8c5cfbe3,MS14-005
187895283,akabe1/windows_exploit_dowser,old_2017_03_14_msbulletin.csv,ac782da58b9b1fbbc2d8ea594d3db0be8c5cfbe3,MS14-006
187895283,akabe1/windows_exploit_dowser,old_2017_03_14_msbulletin.csv,ac782da58b9b1fbbc2d8ea594d3db0be8c5cfbe3,MS14-007
187895283,akabe1/windows_exploit_dowser,old_2017_03_14_msbulletin.csv,ac782da58b9b1fbbc2d8ea594d3db0be8c5cfbe3,MS14-008
187895283,akabe1/windows_exploit_dowser,old_2017_03_14_msbulletin.csv,ac782da58b9b1fbbc2d8ea594d3db0be8c5cfbe3,MS14-009
187895283,akabe1/windows_exploit_dowser,old_2017_03_14_msbulletin.csv,ac782da58b9b1fbbc2d8ea594d3db0be8c5cfbe3,MS14-010
187895283,akabe1/windows_exploit_dowser,old_2017_03_14_msbulletin.csv,ac782da58b9b1fbbc2d8ea594d3db0be8c5cfbe3,MS14-011
187895283,akabe1/windows_exploit_dowser,old_2017_03_14_msbulletin.csv,ac782da58b9b1fbbc2d8ea594d3db0be8c5cfbe3,MS14-012
187895283,akabe1/windows_exploit_dowser,old_2017_03_14_msbulletin.csv,ac782da58b9b1fbbc2d8ea594d3db0be8c5cfbe3,MS14-013
187895283,akabe1/windows_exploit_dowser,old_2017_03_14_msbulletin.csv,ac782da58b9b1fbbc2d8ea594d3db0be8c5cfbe3,MS14-014
187895283,akabe1/windows_exploit_dowser,old_2017_03_14_msbulletin.csv,ac782da58b9b1fbbc2d8ea594d3db0be8c5cfbe3,MS14-002
187895283,akabe1/windows_exploit_dowser,old_2017_03_14_msbulletin.csv,ac782da58b9b1fbbc2d8ea594d3db0be8c5cfbe3,MS13-036
187895283,akabe1/windows_exploit_dowser,old_2017_03_14_msbulletin.csv,ac782da58b9b1fbbc2d8ea594d3db0be8c5cfbe3,MS15-077
187895283,akabe1/windows_exploit_dowser,old_2017_03_14_msbulletin.csv,ac782da58b9b1fbbc2d8ea594d3db0be8c5cfbe3,MS15-079
187895283,akabe1/windows_exploit_dowser,old_2017_03_14_msbulletin.csv,ac782da58b9b1fbbc2d8ea594d3db0be8c5cfbe3,MS16-092
187895283,akabe1/windows_exploit_dowser,old_2017_03_14_msbulletin.csv,ac782da58b9b1fbbc2d8ea594d3db0be8c5cfbe3,MS16-093
187895283,akabe1/windows_exploit_dowser,old_2017_03_14_msbulletin.csv,ac782da58b9b1fbbc2d8ea594d3db0be8c5cfbe3,MS16-094
187895283,akabe1/windows_exploit_dowser,old_2017_03_14_msbulletin.csv,ac782da58b9b1fbbc2d8ea594d3db0be8c5cfbe3,MS16-095
187895283,akabe1/windows_exploit_dowser,old_2017_03_14_msbulletin.csv,ac782da58b9b1fbbc2d8ea594d3db0be8c5cfbe3,MS16-096
187895283,akabe1/windows_exploit_dowser,old_2017_03_14_msbulletin.csv,ac782da58b9b1fbbc2d8ea594d3db0be8c5cfbe3,MS16-097
187895283,akabe1/windows_exploit_dowser,old_2017_03_14_msbulletin.csv,ac782da58b9b1fbbc2d8ea594d3db0be8c5cfbe3,MS16-098
187895283,akabe1/windows_exploit_dowser,old_2017_03_14_msbulletin.csv,ac782da58b9b1fbbc2d8ea594d3db0be8c5cfbe3,MS16-099
187895283,akabe1/windows_exploit_dowser,old_2017_03_14_msbulletin.csv,ac782da58b9b1fbbc2d8ea594d3db0be8c5cfbe3,MS16-100
187895283,akabe1/windows_exploit_dowser,old_2017_03_14_msbulletin.csv,ac782da58b9b1fbbc2d8ea594d3db0be8c5cfbe3,MS16-101
187895283,akabe1/windows_exploit_dowser,old_2017_03_14_msbulletin.csv,ac782da58b9b1fbbc2d8ea594d3db0be8c5cfbe3,MS16-102
187895283,akabe1/windows_exploit_dowser,old_2017_03_14_msbulletin.csv,ac782da58b9b1fbbc2d8ea594d3db0be8c5cfbe3,MS16-103
187895283,akabe1/windows_exploit_dowser,old_2017_03_14_msbulletin.csv,ac782da58b9b1fbbc2d8ea594d3db0be8c5cfbe3,MS16-104
187895283,akabe1/windows_exploit_dowser,old_2017_03_14_msbulletin.csv,ac782da58b9b1fbbc2d8ea594d3db0be8c5cfbe3,MS16-105
187895283,akabe1/windows_exploit_dowser,old_2017_03_14_msbulletin.csv,ac782da58b9b1fbbc2d8ea594d3db0be8c5cfbe3,MS16-106
187895283,akabe1/windows_exploit_dowser,old_2017_03_14_msbulletin.csv,ac782da58b9b1fbbc2d8ea594d3db0be8c5cfbe3,MS16-107
187895283,akabe1/windows_exploit_dowser,old_2017_03_14_msbulletin.csv,ac782da58b9b1fbbc2d8ea594d3db0be8c5cfbe3,MS16-108
187895283,akabe1/windows_exploit_dowser,old_2017_03_14_msbulletin.csv,ac782da58b9b1fbbc2d8ea594d3db0be8c5cfbe3,MS16-109
187895283,akabe1/windows_exploit_dowser,old_2017_03_14_msbulletin.csv,ac782da58b9b1fbbc2d8ea594d3db0be8c5cfbe3,MS16-110
187895283,akabe1/windows_exploit_dowser,old_2017_03_14_msbulletin.csv,ac782da58b9b1fbbc2d8ea594d3db0be8c5cfbe3,MS16-111
187895283,akabe1/windows_exploit_dowser,old_2017_03_14_msbulletin.csv,ac782da58b9b1fbbc2d8ea594d3db0be8c5cfbe3,MS16-112
187895283,akabe1/windows_exploit_dowser,old_2017_03_14_msbulletin.csv,ac782da58b9b1fbbc2d8ea594d3db0be8c5cfbe3,MS16-113
187895283,akabe1/windows_exploit_dowser,old_2017_03_14_msbulletin.csv,ac782da58b9b1fbbc2d8ea594d3db0be8c5cfbe3,MS16-114
187895283,akabe1/windows_exploit_dowser,old_2017_03_14_msbulletin.csv,ac782da58b9b1fbbc2d8ea594d3db0be8c5cfbe3,MS16-115
187895283,akabe1/windows_exploit_dowser,old_2017_03_14_msbulletin.csv,ac782da58b9b1fbbc2d8ea594d3db0be8c5cfbe3,MS16-116
187895283,akabe1/windows_exploit_dowser,old_2017_03_14_msbulletin.csv,ac782da58b9b1fbbc2d8ea594d3db0be8c5cfbe3,MS16-091
187895283,akabe1/windows_exploit_dowser,old_2017_03_14_msbulletin.csv,ac782da58b9b1fbbc2d8ea594d3db0be8c5cfbe3,MS16-117
187895283,akabe1/windows_exploit_dowser,old_2017_03_14_msbulletin.csv,ac782da58b9b1fbbc2d8ea594d3db0be8c5cfbe3,MS16-090
187895283,akabe1/windows_exploit_dowser,old_2017_03_14_msbulletin.csv,ac782da58b9b1fbbc2d8ea594d3db0be8c5cfbe3,MS16-088
187895283,akabe1/windows_exploit_dowser,old_2017_03_14_msbulletin.csv,ac782da58b9b1fbbc2d8ea594d3db0be8c5cfbe3,MS16-063
187895283,akabe1/windows_exploit_dowser,old_2017_03_14_msbulletin.csv,ac782da58b9b1fbbc2d8ea594d3db0be8c5cfbe3,MS16-064
187895283,akabe1/windows_exploit_dowser,old_2017_03_14_msbulletin.csv,ac782da58b9b1fbbc2d8ea594d3db0be8c5cfbe3,MS16-065
187895283,akabe1/windows_exploit_dowser,old_2017_03_14_msbulletin.csv,ac782da58b9b1fbbc2d8ea594d3db0be8c5cfbe3,MS16-066
187895283,akabe1/windows_exploit_dowser,old_2017_03_14_msbulletin.csv,ac782da58b9b1fbbc2d8ea594d3db0be8c5cfbe3,MS16-067
187895283,akabe1/windows_exploit_dowser,old_2017_03_14_msbulletin.csv,ac782da58b9b1fbbc2d8ea594d3db0be8c5cfbe3,MS16-068
187895283,akabe1/windows_exploit_dowser,old_2017_03_14_msbulletin.csv,ac782da58b9b1fbbc2d8ea594d3db0be8c5cfbe3,MS16-069
187895283,akabe1/windows_exploit_dowser,old_2017_03_14_msbulletin.csv,ac782da58b9b1fbbc2d8ea594d3db0be8c5cfbe3,MS16-070
187895283,akabe1/windows_exploit_dowser,old_2017_03_14_msbulletin.csv,ac782da58b9b1fbbc2d8ea594d3db0be8c5cfbe3,MS16-071
187895283,akabe1/windows_exploit_dowser,old_2017_03_14_msbulletin.csv,ac782da58b9b1fbbc2d8ea594d3db0be8c5cfbe3,MS16-072
187895283,akabe1/windows_exploit_dowser,old_2017_03_14_msbulletin.csv,ac782da58b9b1fbbc2d8ea594d3db0be8c5cfbe3,MS16-073
187895283,akabe1/windows_exploit_dowser,old_2017_03_14_msbulletin.csv,ac782da58b9b1fbbc2d8ea594d3db0be8c5cfbe3,MS16-074
187895283,akabe1/windows_exploit_dowser,old_2017_03_14_msbulletin.csv,ac782da58b9b1fbbc2d8ea594d3db0be8c5cfbe3,MS16-075
187895283,akabe1/windows_exploit_dowser,old_2017_03_14_msbulletin.csv,ac782da58b9b1fbbc2d8ea594d3db0be8c5cfbe3,MS16-076
187895283,akabe1/windows_exploit_dowser,old_2017_03_14_msbulletin.csv,ac782da58b9b1fbbc2d8ea594d3db0be8c5cfbe3,MS16-077
187895283,akabe1/windows_exploit_dowser,old_2017_03_14_msbulletin.csv,ac782da58b9b1fbbc2d8ea594d3db0be8c5cfbe3,MS16-078
187895283,akabe1/windows_exploit_dowser,old_2017_03_14_msbulletin.csv,ac782da58b9b1fbbc2d8ea594d3db0be8c5cfbe3,MS16-079
187895283,akabe1/windows_exploit_dowser,old_2017_03_14_msbulletin.csv,ac782da58b9b1fbbc2d8ea594d3db0be8c5cfbe3,MS16-080
187895283,akabe1/windows_exploit_dowser,old_2017_03_14_msbulletin.csv,ac782da58b9b1fbbc2d8ea594d3db0be8c5cfbe3,MS16-081
187895283,akabe1/windows_exploit_dowser,old_2017_03_14_msbulletin.csv,ac782da58b9b1fbbc2d8ea594d3db0be8c5cfbe3,MS16-082
187895283,akabe1/windows_exploit_dowser,old_2017_03_14_msbulletin.csv,ac782da58b9b1fbbc2d8ea594d3db0be8c5cfbe3,MS16-083
187895283,akabe1/windows_exploit_dowser,old_2017_03_14_msbulletin.csv,ac782da58b9b1fbbc2d8ea594d3db0be8c5cfbe3,MS16-084
187895283,akabe1/windows_exploit_dowser,old_2017_03_14_msbulletin.csv,ac782da58b9b1fbbc2d8ea594d3db0be8c5cfbe3,MS16-085
187895283,akabe1/windows_exploit_dowser,old_2017_03_14_msbulletin.csv,ac782da58b9b1fbbc2d8ea594d3db0be8c5cfbe3,MS16-086
187895283,akabe1/windows_exploit_dowser,old_2017_03_14_msbulletin.csv,ac782da58b9b1fbbc2d8ea594d3db0be8c5cfbe3,MS16-087
187895283,akabe1/windows_exploit_dowser,old_2017_03_14_msbulletin.csv,ac782da58b9b1fbbc2d8ea594d3db0be8c5cfbe3,MS16-089
187895283,akabe1/windows_exploit_dowser,old_2017_03_14_msbulletin.csv,ac782da58b9b1fbbc2d8ea594d3db0be8c5cfbe3,MS16-118
187895283,akabe1/windows_exploit_dowser,old_2017_03_14_msbulletin.csv,ac782da58b9b1fbbc2d8ea594d3db0be8c5cfbe3,MS16-119
187895283,akabe1/windows_exploit_dowser,old_2017_03_14_msbulletin.csv,ac782da58b9b1fbbc2d8ea594d3db0be8c5cfbe3,MS16-120
187895283,akabe1/windows_exploit_dowser,old_2017_03_14_msbulletin.csv,ac782da58b9b1fbbc2d8ea594d3db0be8c5cfbe3,MS16-152
187895283,akabe1/windows_exploit_dowser,old_2017_03_14_msbulletin.csv,ac782da58b9b1fbbc2d8ea594d3db0be8c5cfbe3,MS16-153
187895283,akabe1/windows_exploit_dowser,old_2017_03_14_msbulletin.csv,ac782da58b9b1fbbc2d8ea594d3db0be8c5cfbe3,MS16-154
187895283,akabe1/windows_exploit_dowser,old_2017_03_14_msbulletin.csv,ac782da58b9b1fbbc2d8ea594d3db0be8c5cfbe3,MS16-155
187895283,akabe1/windows_exploit_dowser,old_2017_03_14_msbulletin.csv,ac782da58b9b1fbbc2d8ea594d3db0be8c5cfbe3,MS17-001
187895283,akabe1/windows_exploit_dowser,old_2017_03_14_msbulletin.csv,ac782da58b9b1fbbc2d8ea594d3db0be8c5cfbe3,MS17-002
187895283,akabe1/windows_exploit_dowser,old_2017_03_14_msbulletin.csv,ac782da58b9b1fbbc2d8ea594d3db0be8c5cfbe3,MS17-003
187895283,akabe1/windows_exploit_dowser,old_2017_03_14_msbulletin.csv,ac782da58b9b1fbbc2d8ea594d3db0be8c5cfbe3,MS17-004
187895283,akabe1/windows_exploit_dowser,old_2017_03_14_msbulletin.csv,ac782da58b9b1fbbc2d8ea594d3db0be8c5cfbe3,MS17-005
187895283,akabe1/windows_exploit_dowser,old_2017_03_14_msbulletin.csv,ac782da58b9b1fbbc2d8ea594d3db0be8c5cfbe3,MS17-006
187895283,akabe1/windows_exploit_dowser,old_2017_03_14_msbulletin.csv,ac782da58b9b1fbbc2d8ea594d3db0be8c5cfbe3,MS17-007
187895283,akabe1/windows_exploit_dowser,old_2017_03_14_msbulletin.csv,ac782da58b9b1fbbc2d8ea594d3db0be8c5cfbe3,MS17-008
187895283,akabe1/windows_exploit_dowser,old_2017_03_14_msbulletin.csv,ac782da58b9b1fbbc2d8ea594d3db0be8c5cfbe3,MS17-009
187895283,akabe1/windows_exploit_dowser,old_2017_03_14_msbulletin.csv,ac782da58b9b1fbbc2d8ea594d3db0be8c5cfbe3,MS17-010
187895283,akabe1/windows_exploit_dowser,old_2017_03_14_msbulletin.csv,ac782da58b9b1fbbc2d8ea594d3db0be8c5cfbe3,MS17-011
187895283,akabe1/windows_exploit_dowser,old_2017_03_14_msbulletin.csv,ac782da58b9b1fbbc2d8ea594d3db0be8c5cfbe3,MS17-012
187895283,akabe1/windows_exploit_dowser,old_2017_03_14_msbulletin.csv,ac782da58b9b1fbbc2d8ea594d3db0be8c5cfbe3,MS17-013
187895283,akabe1/windows_exploit_dowser,old_2017_03_14_msbulletin.csv,ac782da58b9b1fbbc2d8ea594d3db0be8c5cfbe3,MS17-014
187895283,akabe1/windows_exploit_dowser,old_2017_03_14_msbulletin.csv,ac782da58b9b1fbbc2d8ea594d3db0be8c5cfbe3,MS17-015
187895283,akabe1/windows_exploit_dowser,old_2017_03_14_msbulletin.csv,ac782da58b9b1fbbc2d8ea594d3db0be8c5cfbe3,MS17-016
187895283,akabe1/windows_exploit_dowser,old_2017_03_14_msbulletin.csv,ac782da58b9b1fbbc2d8ea594d3db0be8c5cfbe3,MS17-017
187895283,akabe1/windows_exploit_dowser,old_2017_03_14_msbulletin.csv,ac782da58b9b1fbbc2d8ea594d3db0be8c5cfbe3,MS17-018
187895283,akabe1/windows_exploit_dowser,old_2017_03_14_msbulletin.csv,ac782da58b9b1fbbc2d8ea594d3db0be8c5cfbe3,MS17-019
187895283,akabe1/windows_exploit_dowser,old_2017_03_14_msbulletin.csv,ac782da58b9b1fbbc2d8ea594d3db0be8c5cfbe3,MS17-020
187895283,akabe1/windows_exploit_dowser,old_2017_03_14_msbulletin.csv,ac782da58b9b1fbbc2d8ea594d3db0be8c5cfbe3,MS17-021
187895283,akabe1/windows_exploit_dowser,old_2017_03_14_msbulletin.csv,ac782da58b9b1fbbc2d8ea594d3db0be8c5cfbe3,MS16-151
187895283,akabe1/windows_exploit_dowser,old_2017_03_14_msbulletin.csv,ac782da58b9b1fbbc2d8ea594d3db0be8c5cfbe3,MS16-150
187895283,akabe1/windows_exploit_dowser,old_2017_03_14_msbulletin.csv,ac782da58b9b1fbbc2d8ea594d3db0be8c5cfbe3,MS16-149
187895283,akabe1/windows_exploit_dowser,old_2017_03_14_msbulletin.csv,ac782da58b9b1fbbc2d8ea594d3db0be8c5cfbe3,MS16-148
187895283,akabe1/windows_exploit_dowser,old_2017_03_14_msbulletin.csv,ac782da58b9b1fbbc2d8ea594d3db0be8c5cfbe3,MS16-121
187895283,akabe1/windows_exploit_dowser,old_2017_03_14_msbulletin.csv,ac782da58b9b1fbbc2d8ea594d3db0be8c5cfbe3,MS16-122
187895283,akabe1/windows_exploit_dowser,old_2017_03_14_msbulletin.csv,ac782da58b9b1fbbc2d8ea594d3db0be8c5cfbe3,MS16-123
187895283,akabe1/windows_exploit_dowser,old_2017_03_14_msbulletin.csv,ac782da58b9b1fbbc2d8ea594d3db0be8c5cfbe3,MS16-124
187895283,akabe1/windows_exploit_dowser,old_2017_03_14_msbulletin.csv,ac782da58b9b1fbbc2d8ea594d3db0be8c5cfbe3,MS16-125
187895283,akabe1/windows_exploit_dowser,old_2017_03_14_msbulletin.csv,ac782da58b9b1fbbc2d8ea594d3db0be8c5cfbe3,MS16-126
187895283,akabe1/windows_exploit_dowser,old_2017_03_14_msbulletin.csv,ac782da58b9b1fbbc2d8ea594d3db0be8c5cfbe3,MS16-127
187895283,akabe1/windows_exploit_dowser,old_2017_03_14_msbulletin.csv,ac782da58b9b1fbbc2d8ea594d3db0be8c5cfbe3,MS16-128
187895283,akabe1/windows_exploit_dowser,old_2017_03_14_msbulletin.csv,ac782da58b9b1fbbc2d8ea594d3db0be8c5cfbe3,MS16-129
187895283,akabe1/windows_exploit_dowser,old_2017_03_14_msbulletin.csv,ac782da58b9b1fbbc2d8ea594d3db0be8c5cfbe3,MS16-130
187895283,akabe1/windows_exploit_dowser,old_2017_03_14_msbulletin.csv,ac782da58b9b1fbbc2d8ea594d3db0be8c5cfbe3,MS16-131
187895283,akabe1/windows_exploit_dowser,old_2017_03_14_msbulletin.csv,ac782da58b9b1fbbc2d8ea594d3db0be8c5cfbe3,MS16-132
187895283,akabe1/windows_exploit_dowser,old_2017_03_14_msbulletin.csv,ac782da58b9b1fbbc2d8ea594d3db0be8c5cfbe3,MS16-062
187895283,akabe1/windows_exploit_dowser,old_2017_03_14_msbulletin.csv,ac782da58b9b1fbbc2d8ea594d3db0be8c5cfbe3,MS16-133
187895283,akabe1/windows_exploit_dowser,old_2017_03_14_msbulletin.csv,ac782da58b9b1fbbc2d8ea594d3db0be8c5cfbe3,MS16-135
187895283,akabe1/windows_exploit_dowser,old_2017_03_14_msbulletin.csv,ac782da58b9b1fbbc2d8ea594d3db0be8c5cfbe3,MS16-136
187895283,akabe1/windows_exploit_dowser,old_2017_03_14_msbulletin.csv,ac782da58b9b1fbbc2d8ea594d3db0be8c5cfbe3,MS16-137
187895283,akabe1/windows_exploit_dowser,old_2017_03_14_msbulletin.csv,ac782da58b9b1fbbc2d8ea594d3db0be8c5cfbe3,MS16-138
187895283,akabe1/windows_exploit_dowser,old_2017_03_14_msbulletin.csv,ac782da58b9b1fbbc2d8ea594d3db0be8c5cfbe3,MS16-139
187895283,akabe1/windows_exploit_dowser,old_2017_03_14_msbulletin.csv,ac782da58b9b1fbbc2d8ea594d3db0be8c5cfbe3,MS16-140
187895283,akabe1/windows_exploit_dowser,old_2017_03_14_msbulletin.csv,ac782da58b9b1fbbc2d8ea594d3db0be8c5cfbe3,MS16-141
187895283,akabe1/windows_exploit_dowser,old_2017_03_14_msbulletin.csv,ac782da58b9b1fbbc2d8ea594d3db0be8c5cfbe3,MS16-142
187895283,akabe1/windows_exploit_dowser,old_2017_03_14_msbulletin.csv,ac782da58b9b1fbbc2d8ea594d3db0be8c5cfbe3,MS16-144
187895283,akabe1/windows_exploit_dowser,old_2017_03_14_msbulletin.csv,ac782da58b9b1fbbc2d8ea594d3db0be8c5cfbe3,MS16-145
187895283,akabe1/windows_exploit_dowser,old_2017_03_14_msbulletin.csv,ac782da58b9b1fbbc2d8ea594d3db0be8c5cfbe3,MS16-146
187895283,akabe1/windows_exploit_dowser,old_2017_03_14_msbulletin.csv,ac782da58b9b1fbbc2d8ea594d3db0be8c5cfbe3,MS16-147
187895283,akabe1/windows_exploit_dowser,old_2017_03_14_msbulletin.csv,ac782da58b9b1fbbc2d8ea594d3db0be8c5cfbe3,MS16-134
187895283,akabe1/windows_exploit_dowser,old_2017_03_14_msbulletin.csv,ac782da58b9b1fbbc2d8ea594d3db0be8c5cfbe3,MS15-078
187895283,akabe1/windows_exploit_dowser,old_2017_03_14_msbulletin.csv,ac782da58b9b1fbbc2d8ea594d3db0be8c5cfbe3,MS16-061
187895283,akabe1/windows_exploit_dowser,old_2017_03_14_msbulletin.csv,ac782da58b9b1fbbc2d8ea594d3db0be8c5cfbe3,MS16-059
187895283,akabe1/windows_exploit_dowser,old_2017_03_14_msbulletin.csv,ac782da58b9b1fbbc2d8ea594d3db0be8c5cfbe3,MS15-109
187895283,akabe1/windows_exploit_dowser,old_2017_03_14_msbulletin.csv,ac782da58b9b1fbbc2d8ea594d3db0be8c5cfbe3,MS15-110
187895283,akabe1/windows_exploit_dowser,old_2017_03_14_msbulletin.csv,ac782da58b9b1fbbc2d8ea594d3db0be8c5cfbe3,MS15-111
187895283,akabe1/windows_exploit_dowser,old_2017_03_14_msbulletin.csv,ac782da58b9b1fbbc2d8ea594d3db0be8c5cfbe3,MS15-112
187895283,akabe1/windows_exploit_dowser,old_2017_03_14_msbulletin.csv,ac782da58b9b1fbbc2d8ea594d3db0be8c5cfbe3,MS15-113
187895283,akabe1/windows_exploit_dowser,old_2017_03_14_msbulletin.csv,ac782da58b9b1fbbc2d8ea594d3db0be8c5cfbe3,MS15-114
187895283,akabe1/windows_exploit_dowser,old_2017_03_14_msbulletin.csv,ac782da58b9b1fbbc2d8ea594d3db0be8c5cfbe3,MS15-115
187895283,akabe1/windows_exploit_dowser,old_2017_03_14_msbulletin.csv,ac782da58b9b1fbbc2d8ea594d3db0be8c5cfbe3,MS15-116
187895283,akabe1/windows_exploit_dowser,old_2017_03_14_msbulletin.csv,ac782da58b9b1fbbc2d8ea594d3db0be8c5cfbe3,MS15-117
187895283,akabe1/windows_exploit_dowser,old_2017_03_14_msbulletin.csv,ac782da58b9b1fbbc2d8ea594d3db0be8c5cfbe3,MS15-118
187895283,akabe1/windows_exploit_dowser,old_2017_03_14_msbulletin.csv,ac782da58b9b1fbbc2d8ea594d3db0be8c5cfbe3,MS15-119
187895283,akabe1/windows_exploit_dowser,old_2017_03_14_msbulletin.csv,ac782da58b9b1fbbc2d8ea594d3db0be8c5cfbe3,MS15-120
187895283,akabe1/windows_exploit_dowser,old_2017_03_14_msbulletin.csv,ac782da58b9b1fbbc2d8ea594d3db0be8c5cfbe3,MS15-121
187895283,akabe1/windows_exploit_dowser,old_2017_03_14_msbulletin.csv,ac782da58b9b1fbbc2d8ea594d3db0be8c5cfbe3,MS15-122
187895283,akabe1/windows_exploit_dowser,old_2017_03_14_msbulletin.csv,ac782da58b9b1fbbc2d8ea594d3db0be8c5cfbe3,MS15-123
187895283,akabe1/windows_exploit_dowser,old_2017_03_14_msbulletin.csv,ac782da58b9b1fbbc2d8ea594d3db0be8c5cfbe3,MS15-124
187895283,akabe1/windows_exploit_dowser,old_2017_03_14_msbulletin.csv,ac782da58b9b1fbbc2d8ea594d3db0be8c5cfbe3,MS15-125
187895283,akabe1/windows_exploit_dowser,old_2017_03_14_msbulletin.csv,ac782da58b9b1fbbc2d8ea594d3db0be8c5cfbe3,MS15-126
187895283,akabe1/windows_exploit_dowser,old_2017_03_14_msbulletin.csv,ac782da58b9b1fbbc2d8ea594d3db0be8c5cfbe3,MS15-127
187895283,akabe1/windows_exploit_dowser,old_2017_03_14_msbulletin.csv,ac782da58b9b1fbbc2d8ea594d3db0be8c5cfbe3,MS15-128
187895283,akabe1/windows_exploit_dowser,old_2017_03_14_msbulletin.csv,ac782da58b9b1fbbc2d8ea594d3db0be8c5cfbe3,MS15-129
187895283,akabe1/windows_exploit_dowser,old_2017_03_14_msbulletin.csv,ac782da58b9b1fbbc2d8ea594d3db0be8c5cfbe3,MS15-130
187895283,akabe1/windows_exploit_dowser,old_2017_03_14_msbulletin.csv,ac782da58b9b1fbbc2d8ea594d3db0be8c5cfbe3,MS15-131
187895283,akabe1/windows_exploit_dowser,old_2017_03_14_msbulletin.csv,ac782da58b9b1fbbc2d8ea594d3db0be8c5cfbe3,MS15-132
187895283,akabe1/windows_exploit_dowser,old_2017_03_14_msbulletin.csv,ac782da58b9b1fbbc2d8ea594d3db0be8c5cfbe3,MS15-133
187895283,akabe1/windows_exploit_dowser,old_2017_03_14_msbulletin.csv,ac782da58b9b1fbbc2d8ea594d3db0be8c5cfbe3,MS15-108
187895283,akabe1/windows_exploit_dowser,old_2017_03_14_msbulletin.csv,ac782da58b9b1fbbc2d8ea594d3db0be8c5cfbe3,MS15-134
187895283,akabe1/windows_exploit_dowser,old_2017_03_14_msbulletin.csv,ac782da58b9b1fbbc2d8ea594d3db0be8c5cfbe3,MS15-107
187895283,akabe1/windows_exploit_dowser,old_2017_03_14_msbulletin.csv,ac782da58b9b1fbbc2d8ea594d3db0be8c5cfbe3,MS15-105
187895283,akabe1/windows_exploit_dowser,old_2017_03_14_msbulletin.csv,ac782da58b9b1fbbc2d8ea594d3db0be8c5cfbe3,MS15-080
187895283,akabe1/windows_exploit_dowser,old_2017_03_14_msbulletin.csv,ac782da58b9b1fbbc2d8ea594d3db0be8c5cfbe3,MS15-081
187895283,akabe1/windows_exploit_dowser,old_2017_03_14_msbulletin.csv,ac782da58b9b1fbbc2d8ea594d3db0be8c5cfbe3,MS15-082
187895283,akabe1/windows_exploit_dowser,old_2017_03_14_msbulletin.csv,ac782da58b9b1fbbc2d8ea594d3db0be8c5cfbe3,MS15-083
187895283,akabe1/windows_exploit_dowser,old_2017_03_14_msbulletin.csv,ac782da58b9b1fbbc2d8ea594d3db0be8c5cfbe3,MS15-084
187895283,akabe1/windows_exploit_dowser,old_2017_03_14_msbulletin.csv,ac782da58b9b1fbbc2d8ea594d3db0be8c5cfbe3,MS15-085
187895283,akabe1/windows_exploit_dowser,old_2017_03_14_msbulletin.csv,ac782da58b9b1fbbc2d8ea594d3db0be8c5cfbe3,MS15-086
187895283,akabe1/windows_exploit_dowser,old_2017_03_14_msbulletin.csv,ac782da58b9b1fbbc2d8ea594d3db0be8c5cfbe3,MS15-087
187895283,akabe1/windows_exploit_dowser,old_2017_03_14_msbulletin.csv,ac782da58b9b1fbbc2d8ea594d3db0be8c5cfbe3,MS15-088
187895283,akabe1/windows_exploit_dowser,old_2017_03_14_msbulletin.csv,ac782da58b9b1fbbc2d8ea594d3db0be8c5cfbe3,MS15-089
187895283,akabe1/windows_exploit_dowser,old_2017_03_14_msbulletin.csv,ac782da58b9b1fbbc2d8ea594d3db0be8c5cfbe3,MS15-090
187895283,akabe1/windows_exploit_dowser,old_2017_03_14_msbulletin.csv,ac782da58b9b1fbbc2d8ea594d3db0be8c5cfbe3,MS15-091
187895283,akabe1/windows_exploit_dowser,old_2017_03_14_msbulletin.csv,ac782da58b9b1fbbc2d8ea594d3db0be8c5cfbe3,MS15-092
187895283,akabe1/windows_exploit_dowser,old_2017_03_14_msbulletin.csv,ac782da58b9b1fbbc2d8ea594d3db0be8c5cfbe3,MS15-093
187895283,akabe1/windows_exploit_dowser,old_2017_03_14_msbulletin.csv,ac782da58b9b1fbbc2d8ea594d3db0be8c5cfbe3,MS15-094
187895283,akabe1/windows_exploit_dowser,old_2017_03_14_msbulletin.csv,ac782da58b9b1fbbc2d8ea594d3db0be8c5cfbe3,MS15-095
187895283,akabe1/windows_exploit_dowser,old_2017_03_14_msbulletin.csv,ac782da58b9b1fbbc2d8ea594d3db0be8c5cfbe3,MS15-096
187895283,akabe1/windows_exploit_dowser,old_2017_03_14_msbulletin.csv,ac782da58b9b1fbbc2d8ea594d3db0be8c5cfbe3,MS15-097
187895283,akabe1/windows_exploit_dowser,old_2017_03_14_msbulletin.csv,ac782da58b9b1fbbc2d8ea594d3db0be8c5cfbe3,MS15-098
187895283,akabe1/windows_exploit_dowser,old_2017_03_14_msbulletin.csv,ac782da58b9b1fbbc2d8ea594d3db0be8c5cfbe3,MS15-099
187895283,akabe1/windows_exploit_dowser,old_2017_03_14_msbulletin.csv,ac782da58b9b1fbbc2d8ea594d3db0be8c5cfbe3,MS15-100
187895283,akabe1/windows_exploit_dowser,old_2017_03_14_msbulletin.csv,ac782da58b9b1fbbc2d8ea594d3db0be8c5cfbe3,MS15-101
187895283,akabe1/windows_exploit_dowser,old_2017_03_14_msbulletin.csv,ac782da58b9b1fbbc2d8ea594d3db0be8c5cfbe3,MS15-102
187895283,akabe1/windows_exploit_dowser,old_2017_03_14_msbulletin.csv,ac782da58b9b1fbbc2d8ea594d3db0be8c5cfbe3,MS15-103
187895283,akabe1/windows_exploit_dowser,old_2017_03_14_msbulletin.csv,ac782da58b9b1fbbc2d8ea594d3db0be8c5cfbe3,MS15-104
187895283,akabe1/windows_exploit_dowser,old_2017_03_14_msbulletin.csv,ac782da58b9b1fbbc2d8ea594d3db0be8c5cfbe3,MS15-106
187895283,akabe1/windows_exploit_dowser,old_2017_03_14_msbulletin.csv,ac782da58b9b1fbbc2d8ea594d3db0be8c5cfbe3,MS15-135
187895283,akabe1/windows_exploit_dowser,old_2017_03_14_msbulletin.csv,ac782da58b9b1fbbc2d8ea594d3db0be8c5cfbe3,MS16-001
187895283,akabe1/windows_exploit_dowser,old_2017_03_14_msbulletin.csv,ac782da58b9b1fbbc2d8ea594d3db0be8c5cfbe3,MS16-002
187895283,akabe1/windows_exploit_dowser,old_2017_03_14_msbulletin.csv,ac782da58b9b1fbbc2d8ea594d3db0be8c5cfbe3,MS16-033
187895283,akabe1/windows_exploit_dowser,old_2017_03_14_msbulletin.csv,ac782da58b9b1fbbc2d8ea594d3db0be8c5cfbe3,MS16-034
187895283,akabe1/windows_exploit_dowser,old_2017_03_14_msbulletin.csv,ac782da58b9b1fbbc2d8ea594d3db0be8c5cfbe3,MS16-035
187895283,akabe1/windows_exploit_dowser,old_2017_03_14_msbulletin.csv,ac782da58b9b1fbbc2d8ea594d3db0be8c5cfbe3,MS16-036
187895283,akabe1/windows_exploit_dowser,old_2017_03_14_msbulletin.csv,ac782da58b9b1fbbc2d8ea594d3db0be8c5cfbe3,MS16-037
187895283,akabe1/windows_exploit_dowser,old_2017_03_14_msbulletin.csv,ac782da58b9b1fbbc2d8ea594d3db0be8c5cfbe3,MS16-038
187895283,akabe1/windows_exploit_dowser,old_2017_03_14_msbulletin.csv,ac782da58b9b1fbbc2d8ea594d3db0be8c5cfbe3,MS16-039
187895283,akabe1/windows_exploit_dowser,old_2017_03_14_msbulletin.csv,ac782da58b9b1fbbc2d8ea594d3db0be8c5cfbe3,MS16-040
187895283,akabe1/windows_exploit_dowser,old_2017_03_14_msbulletin.csv,ac782da58b9b1fbbc2d8ea594d3db0be8c5cfbe3,MS16-041
187895283,akabe1/windows_exploit_dowser,old_2017_03_14_msbulletin.csv,ac782da58b9b1fbbc2d8ea594d3db0be8c5cfbe3,MS16-042
187895283,akabe1/windows_exploit_dowser,old_2017_03_14_msbulletin.csv,ac782da58b9b1fbbc2d8ea594d3db0be8c5cfbe3,MS16-044
187895283,akabe1/windows_exploit_dowser,old_2017_03_14_msbulletin.csv,ac782da58b9b1fbbc2d8ea594d3db0be8c5cfbe3,MS16-045
187895283,akabe1/windows_exploit_dowser,old_2017_03_14_msbulletin.csv,ac782da58b9b1fbbc2d8ea594d3db0be8c5cfbe3,MS16-046
187895283,akabe1/windows_exploit_dowser,old_2017_03_14_msbulletin.csv,ac782da58b9b1fbbc2d8ea594d3db0be8c5cfbe3,MS16-047
187895283,akabe1/windows_exploit_dowser,old_2017_03_14_msbulletin.csv,ac782da58b9b1fbbc2d8ea594d3db0be8c5cfbe3,MS16-048
187895283,akabe1/windows_exploit_dowser,old_2017_03_14_msbulletin.csv,ac782da58b9b1fbbc2d8ea594d3db0be8c5cfbe3,MS16-049
187895283,akabe1/windows_exploit_dowser,old_2017_03_14_msbulletin.csv,ac782da58b9b1fbbc2d8ea594d3db0be8c5cfbe3,MS16-050
187895283,akabe1/windows_exploit_dowser,old_2017_03_14_msbulletin.csv,ac782da58b9b1fbbc2d8ea594d3db0be8c5cfbe3,MS16-051
187895283,akabe1/windows_exploit_dowser,old_2017_03_14_msbulletin.csv,ac782da58b9b1fbbc2d8ea594d3db0be8c5cfbe3,MS16-052
187895283,akabe1/windows_exploit_dowser,old_2017_03_14_msbulletin.csv,ac782da58b9b1fbbc2d8ea594d3db0be8c5cfbe3,MS16-053
187895283,akabe1/windows_exploit_dowser,old_2017_03_14_msbulletin.csv,ac782da58b9b1fbbc2d8ea594d3db0be8c5cfbe3,MS16-054
187895283,akabe1/windows_exploit_dowser,old_2017_03_14_msbulletin.csv,ac782da58b9b1fbbc2d8ea594d3db0be8c5cfbe3,MS16-055
187895283,akabe1/windows_exploit_dowser,old_2017_03_14_msbulletin.csv,ac782da58b9b1fbbc2d8ea594d3db0be8c5cfbe3,MS16-056
187895283,akabe1/windows_exploit_dowser,old_2017_03_14_msbulletin.csv,ac782da58b9b1fbbc2d8ea594d3db0be8c5cfbe3,MS16-057
187895283,akabe1/windows_exploit_dowser,old_2017_03_14_msbulletin.csv,ac782da58b9b1fbbc2d8ea594d3db0be8c5cfbe3,MS16-058
187895283,akabe1/windows_exploit_dowser,old_2017_03_14_msbulletin.csv,ac782da58b9b1fbbc2d8ea594d3db0be8c5cfbe3,MS16-032
187895283,akabe1/windows_exploit_dowser,old_2017_03_14_msbulletin.csv,ac782da58b9b1fbbc2d8ea594d3db0be8c5cfbe3,MS16-031
187895283,akabe1/windows_exploit_dowser,old_2017_03_14_msbulletin.csv,ac782da58b9b1fbbc2d8ea594d3db0be8c5cfbe3,MS16-030
187895283,akabe1/windows_exploit_dowser,old_2017_03_14_msbulletin.csv,ac782da58b9b1fbbc2d8ea594d3db0be8c5cfbe3,MS16-029
187895283,akabe1/windows_exploit_dowser,old_2017_03_14_msbulletin.csv,ac782da58b9b1fbbc2d8ea594d3db0be8c5cfbe3,MS16-003
187895283,akabe1/windows_exploit_dowser,old_2017_03_14_msbulletin.csv,ac782da58b9b1fbbc2d8ea594d3db0be8c5cfbe3,MS16-004
187895283,akabe1/windows_exploit_dowser,old_2017_03_14_msbulletin.csv,ac782da58b9b1fbbc2d8ea594d3db0be8c5cfbe3,MS16-005
187895283,akabe1/windows_exploit_dowser,old_2017_03_14_msbulletin.csv,ac782da58b9b1fbbc2d8ea594d3db0be8c5cfbe3,MS16-006
187895283,akabe1/windows_exploit_dowser,old_2017_03_14_msbulletin.csv,ac782da58b9b1fbbc2d8ea594d3db0be8c5cfbe3,MS16-007
187895283,akabe1/windows_exploit_dowser,old_2017_03_14_msbulletin.csv,ac782da58b9b1fbbc2d8ea594d3db0be8c5cfbe3,MS16-008
187895283,akabe1/windows_exploit_dowser,old_2017_03_14_msbulletin.csv,ac782da58b9b1fbbc2d8ea594d3db0be8c5cfbe3,MS16-009
187895283,akabe1/windows_exploit_dowser,old_2017_03_14_msbulletin.csv,ac782da58b9b1fbbc2d8ea594d3db0be8c5cfbe3,MS16-010
187895283,akabe1/windows_exploit_dowser,old_2017_03_14_msbulletin.csv,ac782da58b9b1fbbc2d8ea594d3db0be8c5cfbe3,MS16-011
187895283,akabe1/windows_exploit_dowser,old_2017_03_14_msbulletin.csv,ac782da58b9b1fbbc2d8ea594d3db0be8c5cfbe3,MS16-012
187895283,akabe1/windows_exploit_dowser,old_2017_03_14_msbulletin.csv,ac782da58b9b1fbbc2d8ea594d3db0be8c5cfbe3,MS16-013
187895283,akabe1/windows_exploit_dowser,old_2017_03_14_msbulletin.csv,ac782da58b9b1fbbc2d8ea594d3db0be8c5cfbe3,MS16-014
187895283,akabe1/windows_exploit_dowser,old_2017_03_14_msbulletin.csv,ac782da58b9b1fbbc2d8ea594d3db0be8c5cfbe3,MS16-060
187895283,akabe1/windows_exploit_dowser,old_2017_03_14_msbulletin.csv,ac782da58b9b1fbbc2d8ea594d3db0be8c5cfbe3,MS16-015
187895283,akabe1/windows_exploit_dowser,old_2017_03_14_msbulletin.csv,ac782da58b9b1fbbc2d8ea594d3db0be8c5cfbe3,MS16-017
187895283,akabe1/windows_exploit_dowser,old_2017_03_14_msbulletin.csv,ac782da58b9b1fbbc2d8ea594d3db0be8c5cfbe3,MS16-018
187895283,akabe1/windows_exploit_dowser,old_2017_03_14_msbulletin.csv,ac782da58b9b1fbbc2d8ea594d3db0be8c5cfbe3,MS16-019
187895283,akabe1/windows_exploit_dowser,old_2017_03_14_msbulletin.csv,ac782da58b9b1fbbc2d8ea594d3db0be8c5cfbe3,MS16-020
187895283,akabe1/windows_exploit_dowser,old_2017_03_14_msbulletin.csv,ac782da58b9b1fbbc2d8ea594d3db0be8c5cfbe3,MS16-021
187895283,akabe1/windows_exploit_dowser,old_2017_03_14_msbulletin.csv,ac782da58b9b1fbbc2d8ea594d3db0be8c5cfbe3,MS16-022
187895283,akabe1/windows_exploit_dowser,old_2017_03_14_msbulletin.csv,ac782da58b9b1fbbc2d8ea594d3db0be8c5cfbe3,MS16-023
187895283,akabe1/windows_exploit_dowser,old_2017_03_14_msbulletin.csv,ac782da58b9b1fbbc2d8ea594d3db0be8c5cfbe3,MS16-024
187895283,akabe1/windows_exploit_dowser,old_2017_03_14_msbulletin.csv,ac782da58b9b1fbbc2d8ea594d3db0be8c5cfbe3,MS16-025
187895283,akabe1/windows_exploit_dowser,old_2017_03_14_msbulletin.csv,ac782da58b9b1fbbc2d8ea594d3db0be8c5cfbe3,MS16-026
187895283,akabe1/windows_exploit_dowser,old_2017_03_14_msbulletin.csv,ac782da58b9b1fbbc2d8ea594d3db0be8c5cfbe3,MS16-027
187895283,akabe1/windows_exploit_dowser,old_2017_03_14_msbulletin.csv,ac782da58b9b1fbbc2d8ea594d3db0be8c5cfbe3,MS16-028
187895283,akabe1/windows_exploit_dowser,old_2017_03_14_msbulletin.csv,ac782da58b9b1fbbc2d8ea594d3db0be8c5cfbe3,MS16-016
187895283,akabe1/windows_exploit_dowser,old_2017_03_14_msbulletin.csv,ac782da58b9b1fbbc2d8ea594d3db0be8c5cfbe3,MS13-035
187895283,akabe1/windows_exploit_dowser,old_2017_03_14_msbulletin.csv,ac782da58b9b1fbbc2d8ea594d3db0be8c5cfbe3,MS13-034
187895283,akabe1/windows_exploit_dowser,old_2017_03_14_msbulletin.csv,ac782da58b9b1fbbc2d8ea594d3db0be8c5cfbe3,MS13-033
187895283,akabe1/windows_exploit_dowser,old_2017_03_14_msbulletin.csv,ac782da58b9b1fbbc2d8ea594d3db0be8c5cfbe3,MS10-003
187895283,akabe1/windows_exploit_dowser,old_2017_03_14_msbulletin.csv,ac782da58b9b1fbbc2d8ea594d3db0be8c5cfbe3,MS10-004
187895283,akabe1/windows_exploit_dowser,old_2017_03_14_msbulletin.csv,ac782da58b9b1fbbc2d8ea594d3db0be8c5cfbe3,MS10-005
187895283,akabe1/windows_exploit_dowser,old_2017_03_14_msbulletin.csv,ac782da58b9b1fbbc2d8ea594d3db0be8c5cfbe3,MS10-006
187895283,akabe1/windows_exploit_dowser,old_2017_03_14_msbulletin.csv,ac782da58b9b1fbbc2d8ea594d3db0be8c5cfbe3,MS10-007
187895283,akabe1/windows_exploit_dowser,old_2017_03_14_msbulletin.csv,ac782da58b9b1fbbc2d8ea594d3db0be8c5cfbe3,MS10-008
187895283,akabe1/windows_exploit_dowser,old_2017_03_14_msbulletin.csv,ac782da58b9b1fbbc2d8ea594d3db0be8c5cfbe3,MS10-009
187895283,akabe1/windows_exploit_dowser,old_2017_03_14_msbulletin.csv,ac782da58b9b1fbbc2d8ea594d3db0be8c5cfbe3,MS10-010
187895283,akabe1/windows_exploit_dowser,old_2017_03_14_msbulletin.csv,ac782da58b9b1fbbc2d8ea594d3db0be8c5cfbe3,MS10-011
187895283,akabe1/windows_exploit_dowser,old_2017_03_14_msbulletin.csv,ac782da58b9b1fbbc2d8ea594d3db0be8c5cfbe3,MS10-012
187895283,akabe1/windows_exploit_dowser,old_2017_03_14_msbulletin.csv,ac782da58b9b1fbbc2d8ea594d3db0be8c5cfbe3,MS10-013
187895283,akabe1/windows_exploit_dowser,old_2017_03_14_msbulletin.csv,ac782da58b9b1fbbc2d8ea594d3db0be8c5cfbe3,MS10-014
187895283,akabe1/windows_exploit_dowser,old_2017_03_14_msbulletin.csv,ac782da58b9b1fbbc2d8ea594d3db0be8c5cfbe3,MS10-015
187895283,akabe1/windows_exploit_dowser,old_2017_03_14_msbulletin.csv,ac782da58b9b1fbbc2d8ea594d3db0be8c5cfbe3,MS10-016
187895283,akabe1/windows_exploit_dowser,old_2017_03_14_msbulletin.csv,ac782da58b9b1fbbc2d8ea594d3db0be8c5cfbe3,MS10-017
187895283,akabe1/windows_exploit_dowser,old_2017_03_14_msbulletin.csv,ac782da58b9b1fbbc2d8ea594d3db0be8c5cfbe3,MS10-018
187895283,akabe1/windows_exploit_dowser,old_2017_03_14_msbulletin.csv,ac782da58b9b1fbbc2d8ea594d3db0be8c5cfbe3,MS10-019
187895283,akabe1/windows_exploit_dowser,old_2017_03_14_msbulletin.csv,ac782da58b9b1fbbc2d8ea594d3db0be8c5cfbe3,MS10-020
187895283,akabe1/windows_exploit_dowser,old_2017_03_14_msbulletin.csv,ac782da58b9b1fbbc2d8ea594d3db0be8c5cfbe3,MS10-021
187895283,akabe1/windows_exploit_dowser,old_2017_03_14_msbulletin.csv,ac782da58b9b1fbbc2d8ea594d3db0be8c5cfbe3,MS10-022
187895283,akabe1/windows_exploit_dowser,old_2017_03_14_msbulletin.csv,ac782da58b9b1fbbc2d8ea594d3db0be8c5cfbe3,MS10-023
187895283,akabe1/windows_exploit_dowser,old_2017_03_14_msbulletin.csv,ac782da58b9b1fbbc2d8ea594d3db0be8c5cfbe3,MS10-024
187895283,akabe1/windows_exploit_dowser,old_2017_03_14_msbulletin.csv,ac782da58b9b1fbbc2d8ea594d3db0be8c5cfbe3,MS10-025
187895283,akabe1/windows_exploit_dowser,old_2017_03_14_msbulletin.csv,ac782da58b9b1fbbc2d8ea594d3db0be8c5cfbe3,MS10-026
187895283,akabe1/windows_exploit_dowser,old_2017_03_14_msbulletin.csv,ac782da58b9b1fbbc2d8ea594d3db0be8c5cfbe3,MS10-027
187895283,akabe1/windows_exploit_dowser,old_2017_03_14_msbulletin.csv,ac782da58b9b1fbbc2d8ea594d3db0be8c5cfbe3,MS10-002
187895283,akabe1/windows_exploit_dowser,old_2017_03_14_msbulletin.csv,ac782da58b9b1fbbc2d8ea594d3db0be8c5cfbe3,MS10-028
187895283,akabe1/windows_exploit_dowser,old_2017_03_14_msbulletin.csv,ac782da58b9b1fbbc2d8ea594d3db0be8c5cfbe3,MS10-001
187895283,akabe1/windows_exploit_dowser,old_2017_03_14_msbulletin.csv,ac782da58b9b1fbbc2d8ea594d3db0be8c5cfbe3,MS09-073
187895283,akabe1/windows_exploit_dowser,old_2017_03_14_msbulletin.csv,ac782da58b9b1fbbc2d8ea594d3db0be8c5cfbe3,MS09-048
187895283,akabe1/windows_exploit_dowser,old_2017_03_14_msbulletin.csv,ac782da58b9b1fbbc2d8ea594d3db0be8c5cfbe3,MS09-049
187895283,akabe1/windows_exploit_dowser,old_2017_03_14_msbulletin.csv,ac782da58b9b1fbbc2d8ea594d3db0be8c5cfbe3,MS09-050
187895283,akabe1/windows_exploit_dowser,old_2017_03_14_msbulletin.csv,ac782da58b9b1fbbc2d8ea594d3db0be8c5cfbe3,MS09-051
187895283,akabe1/windows_exploit_dowser,old_2017_03_14_msbulletin.csv,ac782da58b9b1fbbc2d8ea594d3db0be8c5cfbe3,MS09-052
187895283,akabe1/windows_exploit_dowser,old_2017_03_14_msbulletin.csv,ac782da58b9b1fbbc2d8ea594d3db0be8c5cfbe3,MS09-053
187895283,akabe1/windows_exploit_dowser,old_2017_03_14_msbulletin.csv,ac782da58b9b1fbbc2d8ea594d3db0be8c5cfbe3,MS09-054
187895283,akabe1/windows_exploit_dowser,old_2017_03_14_msbulletin.csv,ac782da58b9b1fbbc2d8ea594d3db0be8c5cfbe3,MS09-055
187895283,akabe1/windows_exploit_dowser,old_2017_03_14_msbulletin.csv,ac782da58b9b1fbbc2d8ea594d3db0be8c5cfbe3,MS09-056
187895283,akabe1/windows_exploit_dowser,old_2017_03_14_msbulletin.csv,ac782da58b9b1fbbc2d8ea594d3db0be8c5cfbe3,MS09-057
187895283,akabe1/windows_exploit_dowser,old_2017_03_14_msbulletin.csv,ac782da58b9b1fbbc2d8ea594d3db0be8c5cfbe3,MS09-058
187895283,akabe1/windows_exploit_dowser,old_2017_03_14_msbulletin.csv,ac782da58b9b1fbbc2d8ea594d3db0be8c5cfbe3,MS09-059
187895283,akabe1/windows_exploit_dowser,old_2017_03_14_msbulletin.csv,ac782da58b9b1fbbc2d8ea594d3db0be8c5cfbe3,MS09-060
187895283,akabe1/windows_exploit_dowser,old_2017_03_14_msbulletin.csv,ac782da58b9b1fbbc2d8ea594d3db0be8c5cfbe3,MS09-061
187895283,akabe1/windows_exploit_dowser,old_2017_03_14_msbulletin.csv,ac782da58b9b1fbbc2d8ea594d3db0be8c5cfbe3,MS09-062
187895283,akabe1/windows_exploit_dowser,old_2017_03_14_msbulletin.csv,ac782da58b9b1fbbc2d8ea594d3db0be8c5cfbe3,MS09-063
187895283,akabe1/windows_exploit_dowser,old_2017_03_14_msbulletin.csv,ac782da58b9b1fbbc2d8ea594d3db0be8c5cfbe3,MS09-064
187895283,akabe1/windows_exploit_dowser,old_2017_03_14_msbulletin.csv,ac782da58b9b1fbbc2d8ea594d3db0be8c5cfbe3,MS09-065
187895283,akabe1/windows_exploit_dowser,old_2017_03_14_msbulletin.csv,ac782da58b9b1fbbc2d8ea594d3db0be8c5cfbe3,MS09-066
187895283,akabe1/windows_exploit_dowser,old_2017_03_14_msbulletin.csv,ac782da58b9b1fbbc2d8ea594d3db0be8c5cfbe3,MS09-067
187895283,akabe1/windows_exploit_dowser,old_2017_03_14_msbulletin.csv,ac782da58b9b1fbbc2d8ea594d3db0be8c5cfbe3,MS09-068
187895283,akabe1/windows_exploit_dowser,old_2017_03_14_msbulletin.csv,ac782da58b9b1fbbc2d8ea594d3db0be8c5cfbe3,MS09-069
187895283,akabe1/windows_exploit_dowser,old_2017_03_14_msbulletin.csv,ac782da58b9b1fbbc2d8ea594d3db0be8c5cfbe3,MS09-070
187895283,akabe1/windows_exploit_dowser,old_2017_03_14_msbulletin.csv,ac782da58b9b1fbbc2d8ea594d3db0be8c5cfbe3,MS09-071
187895283,akabe1/windows_exploit_dowser,old_2017_03_14_msbulletin.csv,ac782da58b9b1fbbc2d8ea594d3db0be8c5cfbe3,MS09-072
187895283,akabe1/windows_exploit_dowser,old_2017_03_14_msbulletin.csv,ac782da58b9b1fbbc2d8ea594d3db0be8c5cfbe3,MS09-074
187895283,akabe1/windows_exploit_dowser,old_2017_03_14_msbulletin.csv,ac782da58b9b1fbbc2d8ea594d3db0be8c5cfbe3,MS10-029
187895283,akabe1/windows_exploit_dowser,old_2017_03_14_msbulletin.csv,ac782da58b9b1fbbc2d8ea594d3db0be8c5cfbe3,MS10-030
187895283,akabe1/windows_exploit_dowser,old_2017_03_14_msbulletin.csv,ac782da58b9b1fbbc2d8ea594d3db0be8c5cfbe3,MS10-031
187895283,akabe1/windows_exploit_dowser,old_2017_03_14_msbulletin.csv,ac782da58b9b1fbbc2d8ea594d3db0be8c5cfbe3,MS10-062
187895283,akabe1/windows_exploit_dowser,old_2017_03_14_msbulletin.csv,ac782da58b9b1fbbc2d8ea594d3db0be8c5cfbe3,MS10-063
187895283,akabe1/windows_exploit_dowser,old_2017_03_14_msbulletin.csv,ac782da58b9b1fbbc2d8ea594d3db0be8c5cfbe3,MS10-064
187895283,akabe1/windows_exploit_dowser,old_2017_03_14_msbulletin.csv,ac782da58b9b1fbbc2d8ea594d3db0be8c5cfbe3,MS10-065
187895283,akabe1/windows_exploit_dowser,old_2017_03_14_msbulletin.csv,ac782da58b9b1fbbc2d8ea594d3db0be8c5cfbe3,MS10-066
187895283,akabe1/windows_exploit_dowser,old_2017_03_14_msbulletin.csv,ac782da58b9b1fbbc2d8ea594d3db0be8c5cfbe3,MS10-067
187895283,akabe1/windows_exploit_dowser,old_2017_03_14_msbulletin.csv,ac782da58b9b1fbbc2d8ea594d3db0be8c5cfbe3,MS10-068
187895283,akabe1/windows_exploit_dowser,old_2017_03_14_msbulletin.csv,ac782da58b9b1fbbc2d8ea594d3db0be8c5cfbe3,MS10-069
187895283,akabe1/windows_exploit_dowser,old_2017_03_14_msbulletin.csv,ac782da58b9b1fbbc2d8ea594d3db0be8c5cfbe3,MS10-070
187895283,akabe1/windows_exploit_dowser,old_2017_03_14_msbulletin.csv,ac782da58b9b1fbbc2d8ea594d3db0be8c5cfbe3,MS10-071
187895283,akabe1/windows_exploit_dowser,old_2017_03_14_msbulletin.csv,ac782da58b9b1fbbc2d8ea594d3db0be8c5cfbe3,MS10-072
187895283,akabe1/windows_exploit_dowser,old_2017_03_14_msbulletin.csv,ac782da58b9b1fbbc2d8ea594d3db0be8c5cfbe3,MS10-073
187895283,akabe1/windows_exploit_dowser,old_2017_03_14_msbulletin.csv,ac782da58b9b1fbbc2d8ea594d3db0be8c5cfbe3,MS10-074
187895283,akabe1/windows_exploit_dowser,old_2017_03_14_msbulletin.csv,ac782da58b9b1fbbc2d8ea594d3db0be8c5cfbe3,MS10-075
187895283,akabe1/windows_exploit_dowser,old_2017_03_14_msbulletin.csv,ac782da58b9b1fbbc2d8ea594d3db0be8c5cfbe3,MS10-076
187895283,akabe1/windows_exploit_dowser,old_2017_03_14_msbulletin.csv,ac782da58b9b1fbbc2d8ea594d3db0be8c5cfbe3,MS10-077
187895283,akabe1/windows_exploit_dowser,old_2017_03_14_msbulletin.csv,ac782da58b9b1fbbc2d8ea594d3db0be8c5cfbe3,MS10-078
187895283,akabe1/windows_exploit_dowser,old_2017_03_14_msbulletin.csv,ac782da58b9b1fbbc2d8ea594d3db0be8c5cfbe3,MS10-079
187895283,akabe1/windows_exploit_dowser,old_2017_03_14_msbulletin.csv,ac782da58b9b1fbbc2d8ea594d3db0be8c5cfbe3,MS10-080
187895283,akabe1/windows_exploit_dowser,old_2017_03_14_msbulletin.csv,ac782da58b9b1fbbc2d8ea594d3db0be8c5cfbe3,MS10-081
187895283,akabe1/windows_exploit_dowser,old_2017_03_14_msbulletin.csv,ac782da58b9b1fbbc2d8ea594d3db0be8c5cfbe3,MS10-082
187895283,akabe1/windows_exploit_dowser,old_2017_03_14_msbulletin.csv,ac782da58b9b1fbbc2d8ea594d3db0be8c5cfbe3,MS10-083
187895283,akabe1/windows_exploit_dowser,old_2017_03_14_msbulletin.csv,ac782da58b9b1fbbc2d8ea594d3db0be8c5cfbe3,MS10-084
187895283,akabe1/windows_exploit_dowser,old_2017_03_14_msbulletin.csv,ac782da58b9b1fbbc2d8ea594d3db0be8c5cfbe3,MS10-085
187895283,akabe1/windows_exploit_dowser,old_2017_03_14_msbulletin.csv,ac782da58b9b1fbbc2d8ea594d3db0be8c5cfbe3,MS10-086
187895283,akabe1/windows_exploit_dowser,old_2017_03_14_msbulletin.csv,ac782da58b9b1fbbc2d8ea594d3db0be8c5cfbe3,MS10-061
187895283,akabe1/windows_exploit_dowser,old_2017_03_14_msbulletin.csv,ac782da58b9b1fbbc2d8ea594d3db0be8c5cfbe3,MS10-060
187895283,akabe1/windows_exploit_dowser,old_2017_03_14_msbulletin.csv,ac782da58b9b1fbbc2d8ea594d3db0be8c5cfbe3,MS10-059
187895283,akabe1/windows_exploit_dowser,old_2017_03_14_msbulletin.csv,ac782da58b9b1fbbc2d8ea594d3db0be8c5cfbe3,MS10-058
187895283,akabe1/windows_exploit_dowser,old_2017_03_14_msbulletin.csv,ac782da58b9b1fbbc2d8ea594d3db0be8c5cfbe3,MS10-032
187895283,akabe1/windows_exploit_dowser,old_2017_03_14_msbulletin.csv,ac782da58b9b1fbbc2d8ea594d3db0be8c5cfbe3,MS10-033
187895283,akabe1/windows_exploit_dowser,old_2017_03_14_msbulletin.csv,ac782da58b9b1fbbc2d8ea594d3db0be8c5cfbe3,MS10-034
187895283,akabe1/windows_exploit_dowser,old_2017_03_14_msbulletin.csv,ac782da58b9b1fbbc2d8ea594d3db0be8c5cfbe3,MS10-035
187895283,akabe1/windows_exploit_dowser,old_2017_03_14_msbulletin.csv,ac782da58b9b1fbbc2d8ea594d3db0be8c5cfbe3,MS10-036
187895283,akabe1/windows_exploit_dowser,old_2017_03_14_msbulletin.csv,ac782da58b9b1fbbc2d8ea594d3db0be8c5cfbe3,MS10-037
187895283,akabe1/windows_exploit_dowser,old_2017_03_14_msbulletin.csv,ac782da58b9b1fbbc2d8ea594d3db0be8c5cfbe3,MS10-038
187895283,akabe1/windows_exploit_dowser,old_2017_03_14_msbulletin.csv,ac782da58b9b1fbbc2d8ea594d3db0be8c5cfbe3,MS10-039
187895283,akabe1/windows_exploit_dowser,old_2017_03_14_msbulletin.csv,ac782da58b9b1fbbc2d8ea594d3db0be8c5cfbe3,MS10-040
187895283,akabe1/windows_exploit_dowser,old_2017_03_14_msbulletin.csv,ac782da58b9b1fbbc2d8ea594d3db0be8c5cfbe3,MS10-041
187895283,akabe1/windows_exploit_dowser,old_2017_03_14_msbulletin.csv,ac782da58b9b1fbbc2d8ea594d3db0be8c5cfbe3,MS10-042
187895283,akabe1/windows_exploit_dowser,old_2017_03_14_msbulletin.csv,ac782da58b9b1fbbc2d8ea594d3db0be8c5cfbe3,MS10-043
187895283,akabe1/windows_exploit_dowser,old_2017_03_14_msbulletin.csv,ac782da58b9b1fbbc2d8ea594d3db0be8c5cfbe3,MS09-047
187895283,akabe1/windows_exploit_dowser,old_2017_03_14_msbulletin.csv,ac782da58b9b1fbbc2d8ea594d3db0be8c5cfbe3,MS10-044
187895283,akabe1/windows_exploit_dowser,old_2017_03_14_msbulletin.csv,ac782da58b9b1fbbc2d8ea594d3db0be8c5cfbe3,MS10-046
187895283,akabe1/windows_exploit_dowser,old_2017_03_14_msbulletin.csv,ac782da58b9b1fbbc2d8ea594d3db0be8c5cfbe3,MS10-047
187895283,akabe1/windows_exploit_dowser,old_2017_03_14_msbulletin.csv,ac782da58b9b1fbbc2d8ea594d3db0be8c5cfbe3,MS10-048
187895283,akabe1/windows_exploit_dowser,old_2017_03_14_msbulletin.csv,ac782da58b9b1fbbc2d8ea594d3db0be8c5cfbe3,MS10-049
187895283,akabe1/windows_exploit_dowser,old_2017_03_14_msbulletin.csv,ac782da58b9b1fbbc2d8ea594d3db0be8c5cfbe3,MS10-050
187895283,akabe1/windows_exploit_dowser,old_2017_03_14_msbulletin.csv,ac782da58b9b1fbbc2d8ea594d3db0be8c5cfbe3,MS10-051
187895283,akabe1/windows_exploit_dowser,old_2017_03_14_msbulletin.csv,ac782da58b9b1fbbc2d8ea594d3db0be8c5cfbe3,MS10-052
187895283,akabe1/windows_exploit_dowser,old_2017_03_14_msbulletin.csv,ac782da58b9b1fbbc2d8ea594d3db0be8c5cfbe3,MS10-053
187895283,akabe1/windows_exploit_dowser,old_2017_03_14_msbulletin.csv,ac782da58b9b1fbbc2d8ea594d3db0be8c5cfbe3,MS10-054
187895283,akabe1/windows_exploit_dowser,old_2017_03_14_msbulletin.csv,ac782da58b9b1fbbc2d8ea594d3db0be8c5cfbe3,MS10-055
187895283,akabe1/windows_exploit_dowser,old_2017_03_14_msbulletin.csv,ac782da58b9b1fbbc2d8ea594d3db0be8c5cfbe3,MS10-056
187895283,akabe1/windows_exploit_dowser,old_2017_03_14_msbulletin.csv,ac782da58b9b1fbbc2d8ea594d3db0be8c5cfbe3,MS10-057
187895283,akabe1/windows_exploit_dowser,old_2017_03_14_msbulletin.csv,ac782da58b9b1fbbc2d8ea594d3db0be8c5cfbe3,MS10-045
187895283,akabe1/windows_exploit_dowser,old_2017_03_14_msbulletin.csv,ac782da58b9b1fbbc2d8ea594d3db0be8c5cfbe3,MS10-087
187895283,akabe1/windows_exploit_dowser,old_2017_03_14_msbulletin.csv,ac782da58b9b1fbbc2d8ea594d3db0be8c5cfbe3,MS09-046
187895283,akabe1/windows_exploit_dowser,old_2017_03_14_msbulletin.csv,ac782da58b9b1fbbc2d8ea594d3db0be8c5cfbe3,MS09-044
187895283,akabe1/windows_exploit_dowser,old_2017_03_14_msbulletin.csv,ac782da58b9b1fbbc2d8ea594d3db0be8c5cfbe3,MS08-018
187895283,akabe1/windows_exploit_dowser,old_2017_03_14_msbulletin.csv,ac782da58b9b1fbbc2d8ea594d3db0be8c5cfbe3,MS08-019
187895283,akabe1/windows_exploit_dowser,old_2017_03_14_msbulletin.csv,ac782da58b9b1fbbc2d8ea594d3db0be8c5cfbe3,MS08-020
187895283,akabe1/windows_exploit_dowser,old_2017_03_14_msbulletin.csv,ac782da58b9b1fbbc2d8ea594d3db0be8c5cfbe3,MS08-021
187895283,akabe1/windows_exploit_dowser,old_2017_03_14_msbulletin.csv,ac782da58b9b1fbbc2d8ea594d3db0be8c5cfbe3,MS08-026
187895283,akabe1/windows_exploit_dowser,old_2017_03_14_msbulletin.csv,ac782da58b9b1fbbc2d8ea594d3db0be8c5cfbe3,MS08-027
187895283,akabe1/windows_exploit_dowser,old_2017_03_14_msbulletin.csv,ac782da58b9b1fbbc2d8ea594d3db0be8c5cfbe3,MS08-032
187895283,akabe1/windows_exploit_dowser,old_2017_03_14_msbulletin.csv,ac782da58b9b1fbbc2d8ea594d3db0be8c5cfbe3,MS08-033
187895283,akabe1/windows_exploit_dowser,old_2017_03_14_msbulletin.csv,ac782da58b9b1fbbc2d8ea594d3db0be8c5cfbe3,MS08-034
187895283,akabe1/windows_exploit_dowser,old_2017_03_14_msbulletin.csv,ac782da58b9b1fbbc2d8ea594d3db0be8c5cfbe3,MS08-035
187895283,akabe1/windows_exploit_dowser,old_2017_03_14_msbulletin.csv,ac782da58b9b1fbbc2d8ea594d3db0be8c5cfbe3,MS08-037
187895283,akabe1/windows_exploit_dowser,old_2017_03_14_msbulletin.csv,ac782da58b9b1fbbc2d8ea594d3db0be8c5cfbe3,MS08-038
187895283,akabe1/windows_exploit_dowser,old_2017_03_14_msbulletin.csv,ac782da58b9b1fbbc2d8ea594d3db0be8c5cfbe3,MS08-039
187895283,akabe1/windows_exploit_dowser,old_2017_03_14_msbulletin.csv,ac782da58b9b1fbbc2d8ea594d3db0be8c5cfbe3,MS08-040
187895283,akabe1/windows_exploit_dowser,old_2017_03_14_msbulletin.csv,ac782da58b9b1fbbc2d8ea594d3db0be8c5cfbe3,MS08-042
187895283,akabe1/windows_exploit_dowser,old_2017_03_14_msbulletin.csv,ac782da58b9b1fbbc2d8ea594d3db0be8c5cfbe3,MS08-044
187895283,akabe1/windows_exploit_dowser,old_2017_03_14_msbulletin.csv,ac782da58b9b1fbbc2d8ea594d3db0be8c5cfbe3,MS08-048
187895283,akabe1/windows_exploit_dowser,old_2017_03_14_msbulletin.csv,ac782da58b9b1fbbc2d8ea594d3db0be8c5cfbe3,MS08-051
187895283,akabe1/windows_exploit_dowser,old_2017_03_14_msbulletin.csv,ac782da58b9b1fbbc2d8ea594d3db0be8c5cfbe3,MS08-052
187895283,akabe1/windows_exploit_dowser,old_2017_03_14_msbulletin.csv,ac782da58b9b1fbbc2d8ea594d3db0be8c5cfbe3,MS08-053
187895283,akabe1/windows_exploit_dowser,old_2017_03_14_msbulletin.csv,ac782da58b9b1fbbc2d8ea594d3db0be8c5cfbe3,MS08-055
187895283,akabe1/windows_exploit_dowser,old_2017_03_14_msbulletin.csv,ac782da58b9b1fbbc2d8ea594d3db0be8c5cfbe3,MS08-057
187895283,akabe1/windows_exploit_dowser,old_2017_03_14_msbulletin.csv,ac782da58b9b1fbbc2d8ea594d3db0be8c5cfbe3,MS08-058
187895283,akabe1/windows_exploit_dowser,old_2017_03_14_msbulletin.csv,ac782da58b9b1fbbc2d8ea594d3db0be8c5cfbe3,MS08-060
187895283,akabe1/windows_exploit_dowser,old_2017_03_14_msbulletin.csv,ac782da58b9b1fbbc2d8ea594d3db0be8c5cfbe3,MS08-061
187895283,akabe1/windows_exploit_dowser,old_2017_03_14_msbulletin.csv,ac782da58b9b1fbbc2d8ea594d3db0be8c5cfbe3,MS08-017
187895283,akabe1/windows_exploit_dowser,old_2017_03_14_msbulletin.csv,ac782da58b9b1fbbc2d8ea594d3db0be8c5cfbe3,MS08-063
187895283,akabe1/windows_exploit_dowser,old_2017_03_14_msbulletin.csv,ac782da58b9b1fbbc2d8ea594d3db0be8c5cfbe3,MS08-015
187895283,akabe1/windows_exploit_dowser,old_2017_03_14_msbulletin.csv,ac782da58b9b1fbbc2d8ea594d3db0be8c5cfbe3,MS08-008
187895283,akabe1/windows_exploit_dowser,old_2017_03_14_msbulletin.csv,ac782da58b9b1fbbc2d8ea594d3db0be8c5cfbe3,MS05-013
187895283,akabe1/windows_exploit_dowser,old_2017_03_14_msbulletin.csv,ac782da58b9b1fbbc2d8ea594d3db0be8c5cfbe3,MS06-002
187895283,akabe1/windows_exploit_dowser,old_2017_03_14_msbulletin.csv,ac782da58b9b1fbbc2d8ea594d3db0be8c5cfbe3,MS06-012
187895283,akabe1/windows_exploit_dowser,old_2017_03_14_msbulletin.csv,ac782da58b9b1fbbc2d8ea594d3db0be8c5cfbe3,MS06-023
187895283,akabe1/windows_exploit_dowser,old_2017_03_14_msbulletin.csv,ac782da58b9b1fbbc2d8ea594d3db0be8c5cfbe3,MS06-025
187895283,akabe1/windows_exploit_dowser,old_2017_03_14_msbulletin.csv,ac782da58b9b1fbbc2d8ea594d3db0be8c5cfbe3,MS06-030
187895283,akabe1/windows_exploit_dowser,old_2017_03_14_msbulletin.csv,ac782da58b9b1fbbc2d8ea594d3db0be8c5cfbe3,MS06-047
187895283,akabe1/windows_exploit_dowser,old_2017_03_14_msbulletin.csv,ac782da58b9b1fbbc2d8ea594d3db0be8c5cfbe3,MS06-053
187895283,akabe1/windows_exploit_dowser,old_2017_03_14_msbulletin.csv,ac782da58b9b1fbbc2d8ea594d3db0be8c5cfbe3,MS06-078
187895283,akabe1/windows_exploit_dowser,old_2017_03_14_msbulletin.csv,ac782da58b9b1fbbc2d8ea594d3db0be8c5cfbe3,MS07-012
187895283,akabe1/windows_exploit_dowser,old_2017_03_14_msbulletin.csv,ac782da58b9b1fbbc2d8ea594d3db0be8c5cfbe3,MS07-021
187895283,akabe1/windows_exploit_dowser,old_2017_03_14_msbulletin.csv,ac782da58b9b1fbbc2d8ea594d3db0be8c5cfbe3,MS07-022
187895283,akabe1/windows_exploit_dowser,old_2017_03_14_msbulletin.csv,ac782da58b9b1fbbc2d8ea594d3db0be8c5cfbe3,MS07-031
187895283,akabe1/windows_exploit_dowser,old_2017_03_14_msbulletin.csv,ac782da58b9b1fbbc2d8ea594d3db0be8c5cfbe3,MS07-035
187895283,akabe1/windows_exploit_dowser,old_2017_03_14_msbulletin.csv,ac782da58b9b1fbbc2d8ea594d3db0be8c5cfbe3,MS07-040
187895283,akabe1/windows_exploit_dowser,old_2017_03_14_msbulletin.csv,ac782da58b9b1fbbc2d8ea594d3db0be8c5cfbe3,MS07-042
187895283,akabe1/windows_exploit_dowser,old_2017_03_14_msbulletin.csv,ac782da58b9b1fbbc2d8ea594d3db0be8c5cfbe3,MS07-047
187895283,akabe1/windows_exploit_dowser,old_2017_03_14_msbulletin.csv,ac782da58b9b1fbbc2d8ea594d3db0be8c5cfbe3,MS07-050
187895283,akabe1/windows_exploit_dowser,old_2017_03_14_msbulletin.csv,ac782da58b9b1fbbc2d8ea594d3db0be8c5cfbe3,MS07-058
187895283,akabe1/windows_exploit_dowser,old_2017_03_14_msbulletin.csv,ac782da58b9b1fbbc2d8ea594d3db0be8c5cfbe3,MS07-059
187895283,akabe1/windows_exploit_dowser,old_2017_03_14_msbulletin.csv,ac782da58b9b1fbbc2d8ea594d3db0be8c5cfbe3,MS07-061
187895283,akabe1/windows_exploit_dowser,old_2017_03_14_msbulletin.csv,ac782da58b9b1fbbc2d8ea594d3db0be8c5cfbe3,MS07-068
187895283,akabe1/windows_exploit_dowser,old_2017_03_14_msbulletin.csv,ac782da58b9b1fbbc2d8ea594d3db0be8c5cfbe3,MS08-002
187895283,akabe1/windows_exploit_dowser,old_2017_03_14_msbulletin.csv,ac782da58b9b1fbbc2d8ea594d3db0be8c5cfbe3,MS08-006
187895283,akabe1/windows_exploit_dowser,old_2017_03_14_msbulletin.csv,ac782da58b9b1fbbc2d8ea594d3db0be8c5cfbe3,MS08-007
187895283,akabe1/windows_exploit_dowser,old_2017_03_14_msbulletin.csv,ac782da58b9b1fbbc2d8ea594d3db0be8c5cfbe3,MS08-013
187895283,akabe1/windows_exploit_dowser,old_2017_03_14_msbulletin.csv,ac782da58b9b1fbbc2d8ea594d3db0be8c5cfbe3,MS08-064
187895283,akabe1/windows_exploit_dowser,old_2017_03_14_msbulletin.csv,ac782da58b9b1fbbc2d8ea594d3db0be8c5cfbe3,MS08-065
187895283,akabe1/windows_exploit_dowser,old_2017_03_14_msbulletin.csv,ac782da58b9b1fbbc2d8ea594d3db0be8c5cfbe3,MS08-066
187895283,akabe1/windows_exploit_dowser,old_2017_03_14_msbulletin.csv,ac782da58b9b1fbbc2d8ea594d3db0be8c5cfbe3,MS09-019
187895283,akabe1/windows_exploit_dowser,old_2017_03_14_msbulletin.csv,ac782da58b9b1fbbc2d8ea594d3db0be8c5cfbe3,MS09-020
187895283,akabe1/windows_exploit_dowser,old_2017_03_14_msbulletin.csv,ac782da58b9b1fbbc2d8ea594d3db0be8c5cfbe3,MS09-021
187895283,akabe1/windows_exploit_dowser,old_2017_03_14_msbulletin.csv,ac782da58b9b1fbbc2d8ea594d3db0be8c5cfbe3,MS09-022
187895283,akabe1/windows_exploit_dowser,old_2017_03_14_msbulletin.csv,ac782da58b9b1fbbc2d8ea594d3db0be8c5cfbe3,MS09-023
187895283,akabe1/windows_exploit_dowser,old_2017_03_14_msbulletin.csv,ac782da58b9b1fbbc2d8ea594d3db0be8c5cfbe3,MS09-024
187895283,akabe1/windows_exploit_dowser,old_2017_03_14_msbulletin.csv,ac782da58b9b1fbbc2d8ea594d3db0be8c5cfbe3,MS09-025
187895283,akabe1/windows_exploit_dowser,old_2017_03_14_msbulletin.csv,ac782da58b9b1fbbc2d8ea594d3db0be8c5cfbe3,MS09-026
187895283,akabe1/windows_exploit_dowser,old_2017_03_14_msbulletin.csv,ac782da58b9b1fbbc2d8ea594d3db0be8c5cfbe3,MS09-027
187895283,akabe1/windows_exploit_dowser,old_2017_03_14_msbulletin.csv,ac782da58b9b1fbbc2d8ea594d3db0be8c5cfbe3,MS09-028
187895283,akabe1/windows_exploit_dowser,old_2017_03_14_msbulletin.csv,ac782da58b9b1fbbc2d8ea594d3db0be8c5cfbe3,MS09-029
187895283,akabe1/windows_exploit_dowser,old_2017_03_14_msbulletin.csv,ac782da58b9b1fbbc2d8ea594d3db0be8c5cfbe3,MS09-030
187895283,akabe1/windows_exploit_dowser,old_2017_03_14_msbulletin.csv,ac782da58b9b1fbbc2d8ea594d3db0be8c5cfbe3,MS09-031
187895283,akabe1/windows_exploit_dowser,old_2017_03_14_msbulletin.csv,ac782da58b9b1fbbc2d8ea594d3db0be8c5cfbe3,MS09-032
187895283,akabe1/windows_exploit_dowser,old_2017_03_14_msbulletin.csv,ac782da58b9b1fbbc2d8ea594d3db0be8c5cfbe3,MS09-033
187895283,akabe1/windows_exploit_dowser,old_2017_03_14_msbulletin.csv,ac782da58b9b1fbbc2d8ea594d3db0be8c5cfbe3,MS09-034
187895283,akabe1/windows_exploit_dowser,old_2017_03_14_msbulletin.csv,ac782da58b9b1fbbc2d8ea594d3db0be8c5cfbe3,MS09-035
187895283,akabe1/windows_exploit_dowser,old_2017_03_14_msbulletin.csv,ac782da58b9b1fbbc2d8ea594d3db0be8c5cfbe3,MS09-036
187895283,akabe1/windows_exploit_dowser,old_2017_03_14_msbulletin.csv,ac782da58b9b1fbbc2d8ea594d3db0be8c5cfbe3,MS09-037
187895283,akabe1/windows_exploit_dowser,old_2017_03_14_msbulletin.csv,ac782da58b9b1fbbc2d8ea594d3db0be8c5cfbe3,MS09-038
187895283,akabe1/windows_exploit_dowser,old_2017_03_14_msbulletin.csv,ac782da58b9b1fbbc2d8ea594d3db0be8c5cfbe3,MS09-039
187895283,akabe1/windows_exploit_dowser,old_2017_03_14_msbulletin.csv,ac782da58b9b1fbbc2d8ea594d3db0be8c5cfbe3,MS09-040
187895283,akabe1/windows_exploit_dowser,old_2017_03_14_msbulletin.csv,ac782da58b9b1fbbc2d8ea594d3db0be8c5cfbe3,MS09-041
187895283,akabe1/windows_exploit_dowser,old_2017_03_14_msbulletin.csv,ac782da58b9b1fbbc2d8ea594d3db0be8c5cfbe3,MS09-042
187895283,akabe1/windows_exploit_dowser,old_2017_03_14_msbulletin.csv,ac782da58b9b1fbbc2d8ea594d3db0be8c5cfbe3,MS09-043
187895283,akabe1/windows_exploit_dowser,old_2017_03_14_msbulletin.csv,ac782da58b9b1fbbc2d8ea594d3db0be8c5cfbe3,MS09-018
187895283,akabe1/windows_exploit_dowser,old_2017_03_14_msbulletin.csv,ac782da58b9b1fbbc2d8ea594d3db0be8c5cfbe3,MS09-017
187895283,akabe1/windows_exploit_dowser,old_2017_03_14_msbulletin.csv,ac782da58b9b1fbbc2d8ea594d3db0be8c5cfbe3,MS09-016
187895283,akabe1/windows_exploit_dowser,old_2017_03_14_msbulletin.csv,ac782da58b9b1fbbc2d8ea594d3db0be8c5cfbe3,MS09-015
187895283,akabe1/windows_exploit_dowser,old_2017_03_14_msbulletin.csv,ac782da58b9b1fbbc2d8ea594d3db0be8c5cfbe3,MS08-067
187895283,akabe1/windows_exploit_dowser,old_2017_03_14_msbulletin.csv,ac782da58b9b1fbbc2d8ea594d3db0be8c5cfbe3,MS08-068
187895283,akabe1/windows_exploit_dowser,old_2017_03_14_msbulletin.csv,ac782da58b9b1fbbc2d8ea594d3db0be8c5cfbe3,MS08-069
187895283,akabe1/windows_exploit_dowser,old_2017_03_14_msbulletin.csv,ac782da58b9b1fbbc2d8ea594d3db0be8c5cfbe3,MS08-070
187895283,akabe1/windows_exploit_dowser,old_2017_03_14_msbulletin.csv,ac782da58b9b1fbbc2d8ea594d3db0be8c5cfbe3,MS08-071
187895283,akabe1/windows_exploit_dowser,old_2017_03_14_msbulletin.csv,ac782da58b9b1fbbc2d8ea594d3db0be8c5cfbe3,MS08-072
187895283,akabe1/windows_exploit_dowser,old_2017_03_14_msbulletin.csv,ac782da58b9b1fbbc2d8ea594d3db0be8c5cfbe3,MS08-073
187895283,akabe1/windows_exploit_dowser,old_2017_03_14_msbulletin.csv,ac782da58b9b1fbbc2d8ea594d3db0be8c5cfbe3,MS08-074
187895283,akabe1/windows_exploit_dowser,old_2017_03_14_msbulletin.csv,ac782da58b9b1fbbc2d8ea594d3db0be8c5cfbe3,MS08-075
187895283,akabe1/windows_exploit_dowser,old_2017_03_14_msbulletin.csv,ac782da58b9b1fbbc2d8ea594d3db0be8c5cfbe3,MS08-076
187895283,akabe1/windows_exploit_dowser,old_2017_03_14_msbulletin.csv,ac782da58b9b1fbbc2d8ea594d3db0be8c5cfbe3,MS08-077
187895283,akabe1/windows_exploit_dowser,old_2017_03_14_msbulletin.csv,ac782da58b9b1fbbc2d8ea594d3db0be8c5cfbe3,MS08-078
187895283,akabe1/windows_exploit_dowser,old_2017_03_14_msbulletin.csv,ac782da58b9b1fbbc2d8ea594d3db0be8c5cfbe3,MS09-045
187895283,akabe1/windows_exploit_dowser,old_2017_03_14_msbulletin.csv,ac782da58b9b1fbbc2d8ea594d3db0be8c5cfbe3,MS09-001
187895283,akabe1/windows_exploit_dowser,old_2017_03_14_msbulletin.csv,ac782da58b9b1fbbc2d8ea594d3db0be8c5cfbe3,MS09-003
187895283,akabe1/windows_exploit_dowser,old_2017_03_14_msbulletin.csv,ac782da58b9b1fbbc2d8ea594d3db0be8c5cfbe3,MS09-004
187895283,akabe1/windows_exploit_dowser,old_2017_03_14_msbulletin.csv,ac782da58b9b1fbbc2d8ea594d3db0be8c5cfbe3,MS09-005
187895283,akabe1/windows_exploit_dowser,old_2017_03_14_msbulletin.csv,ac782da58b9b1fbbc2d8ea594d3db0be8c5cfbe3,MS09-006
187895283,akabe1/windows_exploit_dowser,old_2017_03_14_msbulletin.csv,ac782da58b9b1fbbc2d8ea594d3db0be8c5cfbe3,MS09-007
187895283,akabe1/windows_exploit_dowser,old_2017_03_14_msbulletin.csv,ac782da58b9b1fbbc2d8ea594d3db0be8c5cfbe3,MS09-008
187895283,akabe1/windows_exploit_dowser,old_2017_03_14_msbulletin.csv,ac782da58b9b1fbbc2d8ea594d3db0be8c5cfbe3,MS09-009
187895283,akabe1/windows_exploit_dowser,old_2017_03_14_msbulletin.csv,ac782da58b9b1fbbc2d8ea594d3db0be8c5cfbe3,MS09-010
187895283,akabe1/windows_exploit_dowser,old_2017_03_14_msbulletin.csv,ac782da58b9b1fbbc2d8ea594d3db0be8c5cfbe3,MS09-011
187895283,akabe1/windows_exploit_dowser,old_2017_03_14_msbulletin.csv,ac782da58b9b1fbbc2d8ea594d3db0be8c5cfbe3,MS09-012
187895283,akabe1/windows_exploit_dowser,old_2017_03_14_msbulletin.csv,ac782da58b9b1fbbc2d8ea594d3db0be8c5cfbe3,MS09-013
187895283,akabe1/windows_exploit_dowser,old_2017_03_14_msbulletin.csv,ac782da58b9b1fbbc2d8ea594d3db0be8c5cfbe3,MS09-014
187895283,akabe1/windows_exploit_dowser,old_2017_03_14_msbulletin.csv,ac782da58b9b1fbbc2d8ea594d3db0be8c5cfbe3,MS09-002
187895283,akabe1/windows_exploit_dowser,old_2017_03_14_msbulletin.csv,ac782da58b9b1fbbc2d8ea594d3db0be8c5cfbe3,MS10-088
187895283,akabe1/windows_exploit_dowser,old_2017_03_14_msbulletin.csv,ac782da58b9b1fbbc2d8ea594d3db0be8c5cfbe3,MS10-089
187895283,akabe1/windows_exploit_dowser,old_2017_03_14_msbulletin.csv,ac782da58b9b1fbbc2d8ea594d3db0be8c5cfbe3,MS10-090
187895283,akabe1/windows_exploit_dowser,old_2017_03_14_msbulletin.csv,ac782da58b9b1fbbc2d8ea594d3db0be8c5cfbe3,MS12-032
187895283,akabe1/windows_exploit_dowser,old_2017_03_14_msbulletin.csv,ac782da58b9b1fbbc2d8ea594d3db0be8c5cfbe3,MS12-033
187895283,akabe1/windows_exploit_dowser,old_2017_03_14_msbulletin.csv,ac782da58b9b1fbbc2d8ea594d3db0be8c5cfbe3,MS12-034
187895283,akabe1/windows_exploit_dowser,old_2017_03_14_msbulletin.csv,ac782da58b9b1fbbc2d8ea594d3db0be8c5cfbe3,MS12-035
187895283,akabe1/windows_exploit_dowser,old_2017_03_14_msbulletin.csv,ac782da58b9b1fbbc2d8ea594d3db0be8c5cfbe3,MS12-036
187895283,akabe1/windows_exploit_dowser,old_2017_03_14_msbulletin.csv,ac782da58b9b1fbbc2d8ea594d3db0be8c5cfbe3,MS12-037
187895283,akabe1/windows_exploit_dowser,old_2017_03_14_msbulletin.csv,ac782da58b9b1fbbc2d8ea594d3db0be8c5cfbe3,MS12-038
187895283,akabe1/windows_exploit_dowser,old_2017_03_14_msbulletin.csv,ac782da58b9b1fbbc2d8ea594d3db0be8c5cfbe3,MS12-039
187895283,akabe1/windows_exploit_dowser,old_2017_03_14_msbulletin.csv,ac782da58b9b1fbbc2d8ea594d3db0be8c5cfbe3,MS12-040
187895283,akabe1/windows_exploit_dowser,old_2017_03_14_msbulletin.csv,ac782da58b9b1fbbc2d8ea594d3db0be8c5cfbe3,MS12-041
187895283,akabe1/windows_exploit_dowser,old_2017_03_14_msbulletin.csv,ac782da58b9b1fbbc2d8ea594d3db0be8c5cfbe3,MS12-042
187895283,akabe1/windows_exploit_dowser,old_2017_03_14_msbulletin.csv,ac782da58b9b1fbbc2d8ea594d3db0be8c5cfbe3,MS12-043
187895283,akabe1/windows_exploit_dowser,old_2017_03_14_msbulletin.csv,ac782da58b9b1fbbc2d8ea594d3db0be8c5cfbe3,MS12-044
187895283,akabe1/windows_exploit_dowser,old_2017_03_14_msbulletin.csv,ac782da58b9b1fbbc2d8ea594d3db0be8c5cfbe3,MS12-045
187895283,akabe1/windows_exploit_dowser,old_2017_03_14_msbulletin.csv,ac782da58b9b1fbbc2d8ea594d3db0be8c5cfbe3,MS12-046
187895283,akabe1/windows_exploit_dowser,old_2017_03_14_msbulletin.csv,ac782da58b9b1fbbc2d8ea594d3db0be8c5cfbe3,MS12-047
187895283,akabe1/windows_exploit_dowser,old_2017_03_14_msbulletin.csv,ac782da58b9b1fbbc2d8ea594d3db0be8c5cfbe3,MS12-048
187895283,akabe1/windows_exploit_dowser,old_2017_03_14_msbulletin.csv,ac782da58b9b1fbbc2d8ea594d3db0be8c5cfbe3,MS12-049
187895283,akabe1/windows_exploit_dowser,old_2017_03_14_msbulletin.csv,ac782da58b9b1fbbc2d8ea594d3db0be8c5cfbe3,MS12-050
187895283,akabe1/windows_exploit_dowser,old_2017_03_14_msbulletin.csv,ac782da58b9b1fbbc2d8ea594d3db0be8c5cfbe3,MS12-051
187895283,akabe1/windows_exploit_dowser,old_2017_03_14_msbulletin.csv,ac782da58b9b1fbbc2d8ea594d3db0be8c5cfbe3,MS12-052
187895283,akabe1/windows_exploit_dowser,old_2017_03_14_msbulletin.csv,ac782da58b9b1fbbc2d8ea594d3db0be8c5cfbe3,MS12-053
187895283,akabe1/windows_exploit_dowser,old_2017_03_14_msbulletin.csv,ac782da58b9b1fbbc2d8ea594d3db0be8c5cfbe3,MS12-054
187895283,akabe1/windows_exploit_dowser,old_2017_03_14_msbulletin.csv,ac782da58b9b1fbbc2d8ea594d3db0be8c5cfbe3,MS12-055
187895283,akabe1/windows_exploit_dowser,old_2017_03_14_msbulletin.csv,ac782da58b9b1fbbc2d8ea594d3db0be8c5cfbe3,MS12-056
187895283,akabe1/windows_exploit_dowser,old_2017_03_14_msbulletin.csv,ac782da58b9b1fbbc2d8ea594d3db0be8c5cfbe3,MS12-031
187895283,akabe1/windows_exploit_dowser,old_2017_03_14_msbulletin.csv,ac782da58b9b1fbbc2d8ea594d3db0be8c5cfbe3,MS12-057
187895283,akabe1/windows_exploit_dowser,old_2017_03_14_msbulletin.csv,ac782da58b9b1fbbc2d8ea594d3db0be8c5cfbe3,MS12-030
187895283,akabe1/windows_exploit_dowser,old_2017_03_14_msbulletin.csv,ac782da58b9b1fbbc2d8ea594d3db0be8c5cfbe3,MS12-028
187895283,akabe1/windows_exploit_dowser,old_2017_03_14_msbulletin.csv,ac782da58b9b1fbbc2d8ea594d3db0be8c5cfbe3,MS12-003
187895283,akabe1/windows_exploit_dowser,old_2017_03_14_msbulletin.csv,ac782da58b9b1fbbc2d8ea594d3db0be8c5cfbe3,MS12-004
187895283,akabe1/windows_exploit_dowser,old_2017_03_14_msbulletin.csv,ac782da58b9b1fbbc2d8ea594d3db0be8c5cfbe3,MS12-005
187895283,akabe1/windows_exploit_dowser,old_2017_03_14_msbulletin.csv,ac782da58b9b1fbbc2d8ea594d3db0be8c5cfbe3,MS12-006
187895283,akabe1/windows_exploit_dowser,old_2017_03_14_msbulletin.csv,ac782da58b9b1fbbc2d8ea594d3db0be8c5cfbe3,MS12-007
187895283,akabe1/windows_exploit_dowser,old_2017_03_14_msbulletin.csv,ac782da58b9b1fbbc2d8ea594d3db0be8c5cfbe3,MS12-008
187895283,akabe1/windows_exploit_dowser,old_2017_03_14_msbulletin.csv,ac782da58b9b1fbbc2d8ea594d3db0be8c5cfbe3,MS12-009
187895283,akabe1/windows_exploit_dowser,old_2017_03_14_msbulletin.csv,ac782da58b9b1fbbc2d8ea594d3db0be8c5cfbe3,MS12-010
187895283,akabe1/windows_exploit_dowser,old_2017_03_14_msbulletin.csv,ac782da58b9b1fbbc2d8ea594d3db0be8c5cfbe3,MS12-011
187895283,akabe1/windows_exploit_dowser,old_2017_03_14_msbulletin.csv,ac782da58b9b1fbbc2d8ea594d3db0be8c5cfbe3,MS12-012
187895283,akabe1/windows_exploit_dowser,old_2017_03_14_msbulletin.csv,ac782da58b9b1fbbc2d8ea594d3db0be8c5cfbe3,MS12-013
187895283,akabe1/windows_exploit_dowser,old_2017_03_14_msbulletin.csv,ac782da58b9b1fbbc2d8ea594d3db0be8c5cfbe3,MS12-014
187895283,akabe1/windows_exploit_dowser,old_2017_03_14_msbulletin.csv,ac782da58b9b1fbbc2d8ea594d3db0be8c5cfbe3,MS12-015
187895283,akabe1/windows_exploit_dowser,old_2017_03_14_msbulletin.csv,ac782da58b9b1fbbc2d8ea594d3db0be8c5cfbe3,MS12-016
187895283,akabe1/windows_exploit_dowser,old_2017_03_14_msbulletin.csv,ac782da58b9b1fbbc2d8ea594d3db0be8c5cfbe3,MS12-017
187895283,akabe1/windows_exploit_dowser,old_2017_03_14_msbulletin.csv,ac782da58b9b1fbbc2d8ea594d3db0be8c5cfbe3,MS12-018
187895283,akabe1/windows_exploit_dowser,old_2017_03_14_msbulletin.csv,ac782da58b9b1fbbc2d8ea594d3db0be8c5cfbe3,MS12-019
187895283,akabe1/windows_exploit_dowser,old_2017_03_14_msbulletin.csv,ac782da58b9b1fbbc2d8ea594d3db0be8c5cfbe3,MS12-020
187895283,akabe1/windows_exploit_dowser,old_2017_03_14_msbulletin.csv,ac782da58b9b1fbbc2d8ea594d3db0be8c5cfbe3,MS12-021
187895283,akabe1/windows_exploit_dowser,old_2017_03_14_msbulletin.csv,ac782da58b9b1fbbc2d8ea594d3db0be8c5cfbe3,MS12-022
187895283,akabe1/windows_exploit_dowser,old_2017_03_14_msbulletin.csv,ac782da58b9b1fbbc2d8ea594d3db0be8c5cfbe3,MS12-023
187895283,akabe1/windows_exploit_dowser,old_2017_03_14_msbulletin.csv,ac782da58b9b1fbbc2d8ea594d3db0be8c5cfbe3,MS12-024
187895283,akabe1/windows_exploit_dowser,old_2017_03_14_msbulletin.csv,ac782da58b9b1fbbc2d8ea594d3db0be8c5cfbe3,MS12-025
187895283,akabe1/windows_exploit_dowser,old_2017_03_14_msbulletin.csv,ac782da58b9b1fbbc2d8ea594d3db0be8c5cfbe3,MS12-026
187895283,akabe1/windows_exploit_dowser,old_2017_03_14_msbulletin.csv,ac782da58b9b1fbbc2d8ea594d3db0be8c5cfbe3,MS12-027
187895283,akabe1/windows_exploit_dowser,old_2017_03_14_msbulletin.csv,ac782da58b9b1fbbc2d8ea594d3db0be8c5cfbe3,MS12-029
187895283,akabe1/windows_exploit_dowser,old_2017_03_14_msbulletin.csv,ac782da58b9b1fbbc2d8ea594d3db0be8c5cfbe3,MS12-058
187895283,akabe1/windows_exploit_dowser,old_2017_03_14_msbulletin.csv,ac782da58b9b1fbbc2d8ea594d3db0be8c5cfbe3,MS12-059
187895283,akabe1/windows_exploit_dowser,old_2017_03_14_msbulletin.csv,ac782da58b9b1fbbc2d8ea594d3db0be8c5cfbe3,MS12-060
187895283,akabe1/windows_exploit_dowser,old_2017_03_14_msbulletin.csv,ac782da58b9b1fbbc2d8ea594d3db0be8c5cfbe3,MS13-008
187895283,akabe1/windows_exploit_dowser,old_2017_03_14_msbulletin.csv,ac782da58b9b1fbbc2d8ea594d3db0be8c5cfbe3,MS13-009
187895283,akabe1/windows_exploit_dowser,old_2017_03_14_msbulletin.csv,ac782da58b9b1fbbc2d8ea594d3db0be8c5cfbe3,MS13-010
187895283,akabe1/windows_exploit_dowser,old_2017_03_14_msbulletin.csv,ac782da58b9b1fbbc2d8ea594d3db0be8c5cfbe3,MS13-011
187895283,akabe1/windows_exploit_dowser,old_2017_03_14_msbulletin.csv,ac782da58b9b1fbbc2d8ea594d3db0be8c5cfbe3,MS13-012
187895283,akabe1/windows_exploit_dowser,old_2017_03_14_msbulletin.csv,ac782da58b9b1fbbc2d8ea594d3db0be8c5cfbe3,MS13-013
187895283,akabe1/windows_exploit_dowser,old_2017_03_14_msbulletin.csv,ac782da58b9b1fbbc2d8ea594d3db0be8c5cfbe3,MS13-014
187895283,akabe1/windows_exploit_dowser,old_2017_03_14_msbulletin.csv,ac782da58b9b1fbbc2d8ea594d3db0be8c5cfbe3,MS13-015
187895283,akabe1/windows_exploit_dowser,old_2017_03_14_msbulletin.csv,ac782da58b9b1fbbc2d8ea594d3db0be8c5cfbe3,MS13-016
187895283,akabe1/windows_exploit_dowser,old_2017_03_14_msbulletin.csv,ac782da58b9b1fbbc2d8ea594d3db0be8c5cfbe3,MS13-017
187895283,akabe1/windows_exploit_dowser,old_2017_03_14_msbulletin.csv,ac782da58b9b1fbbc2d8ea594d3db0be8c5cfbe3,MS13-018
187895283,akabe1/windows_exploit_dowser,old_2017_03_14_msbulletin.csv,ac782da58b9b1fbbc2d8ea594d3db0be8c5cfbe3,MS13-019
187895283,akabe1/windows_exploit_dowser,old_2017_03_14_msbulletin.csv,ac782da58b9b1fbbc2d8ea594d3db0be8c5cfbe3,MS13-020
187895283,akabe1/windows_exploit_dowser,old_2017_03_14_msbulletin.csv,ac782da58b9b1fbbc2d8ea594d3db0be8c5cfbe3,MS13-021
187895283,akabe1/windows_exploit_dowser,old_2017_03_14_msbulletin.csv,ac782da58b9b1fbbc2d8ea594d3db0be8c5cfbe3,MS13-022
187895283,akabe1/windows_exploit_dowser,old_2017_03_14_msbulletin.csv,ac782da58b9b1fbbc2d8ea594d3db0be8c5cfbe3,MS13-023
187895283,akabe1/windows_exploit_dowser,old_2017_03_14_msbulletin.csv,ac782da58b9b1fbbc2d8ea594d3db0be8c5cfbe3,MS13-024
187895283,akabe1/windows_exploit_dowser,old_2017_03_14_msbulletin.csv,ac782da58b9b1fbbc2d8ea594d3db0be8c5cfbe3,MS13-025
187895283,akabe1/windows_exploit_dowser,old_2017_03_14_msbulletin.csv,ac782da58b9b1fbbc2d8ea594d3db0be8c5cfbe3,MS13-026
187895283,akabe1/windows_exploit_dowser,old_2017_03_14_msbulletin.csv,ac782da58b9b1fbbc2d8ea594d3db0be8c5cfbe3,MS13-027
187895283,akabe1/windows_exploit_dowser,old_2017_03_14_msbulletin.csv,ac782da58b9b1fbbc2d8ea594d3db0be8c5cfbe3,MS13-028
187895283,akabe1/windows_exploit_dowser,old_2017_03_14_msbulletin.csv,ac782da58b9b1fbbc2d8ea594d3db0be8c5cfbe3,MS13-029
187895283,akabe1/windows_exploit_dowser,old_2017_03_14_msbulletin.csv,ac782da58b9b1fbbc2d8ea594d3db0be8c5cfbe3,MS13-030
187895283,akabe1/windows_exploit_dowser,old_2017_03_14_msbulletin.csv,ac782da58b9b1fbbc2d8ea594d3db0be8c5cfbe3,MS13-031
187895283,akabe1/windows_exploit_dowser,old_2017_03_14_msbulletin.csv,ac782da58b9b1fbbc2d8ea594d3db0be8c5cfbe3,MS13-032
187895283,akabe1/windows_exploit_dowser,old_2017_03_14_msbulletin.csv,ac782da58b9b1fbbc2d8ea594d3db0be8c5cfbe3,MS13-007
187895283,akabe1/windows_exploit_dowser,old_2017_03_14_msbulletin.csv,ac782da58b9b1fbbc2d8ea594d3db0be8c5cfbe3,MS13-006
187895283,akabe1/windows_exploit_dowser,old_2017_03_14_msbulletin.csv,ac782da58b9b1fbbc2d8ea594d3db0be8c5cfbe3,MS13-005
187895283,akabe1/windows_exploit_dowser,old_2017_03_14_msbulletin.csv,ac782da58b9b1fbbc2d8ea594d3db0be8c5cfbe3,MS13-004
187895283,akabe1/windows_exploit_dowser,old_2017_03_14_msbulletin.csv,ac782da58b9b1fbbc2d8ea594d3db0be8c5cfbe3,MS12-061
187895283,akabe1/windows_exploit_dowser,old_2017_03_14_msbulletin.csv,ac782da58b9b1fbbc2d8ea594d3db0be8c5cfbe3,MS12-062
187895283,akabe1/windows_exploit_dowser,old_2017_03_14_msbulletin.csv,ac782da58b9b1fbbc2d8ea594d3db0be8c5cfbe3,MS12-063
187895283,akabe1/windows_exploit_dowser,old_2017_03_14_msbulletin.csv,ac782da58b9b1fbbc2d8ea594d3db0be8c5cfbe3,MS12-064
187895283,akabe1/windows_exploit_dowser,old_2017_03_14_msbulletin.csv,ac782da58b9b1fbbc2d8ea594d3db0be8c5cfbe3,MS12-065
187895283,akabe1/windows_exploit_dowser,old_2017_03_14_msbulletin.csv,ac782da58b9b1fbbc2d8ea594d3db0be8c5cfbe3,MS12-066
187895283,akabe1/windows_exploit_dowser,old_2017_03_14_msbulletin.csv,ac782da58b9b1fbbc2d8ea594d3db0be8c5cfbe3,MS12-067
187895283,akabe1/windows_exploit_dowser,old_2017_03_14_msbulletin.csv,ac782da58b9b1fbbc2d8ea594d3db0be8c5cfbe3,MS12-068
187895283,akabe1/windows_exploit_dowser,old_2017_03_14_msbulletin.csv,ac782da58b9b1fbbc2d8ea594d3db0be8c5cfbe3,MS12-069
187895283,akabe1/windows_exploit_dowser,old_2017_03_14_msbulletin.csv,ac782da58b9b1fbbc2d8ea594d3db0be8c5cfbe3,MS12-070
187895283,akabe1/windows_exploit_dowser,old_2017_03_14_msbulletin.csv,ac782da58b9b1fbbc2d8ea594d3db0be8c5cfbe3,MS12-071
187895283,akabe1/windows_exploit_dowser,old_2017_03_14_msbulletin.csv,ac782da58b9b1fbbc2d8ea594d3db0be8c5cfbe3,MS12-072
187895283,akabe1/windows_exploit_dowser,old_2017_03_14_msbulletin.csv,ac782da58b9b1fbbc2d8ea594d3db0be8c5cfbe3,MS12-002
187895283,akabe1/windows_exploit_dowser,old_2017_03_14_msbulletin.csv,ac782da58b9b1fbbc2d8ea594d3db0be8c5cfbe3,MS12-073
187895283,akabe1/windows_exploit_dowser,old_2017_03_14_msbulletin.csv,ac782da58b9b1fbbc2d8ea594d3db0be8c5cfbe3,MS12-075
187895283,akabe1/windows_exploit_dowser,old_2017_03_14_msbulletin.csv,ac782da58b9b1fbbc2d8ea594d3db0be8c5cfbe3,MS12-076
187895283,akabe1/windows_exploit_dowser,old_2017_03_14_msbulletin.csv,ac782da58b9b1fbbc2d8ea594d3db0be8c5cfbe3,MS12-077
187895283,akabe1/windows_exploit_dowser,old_2017_03_14_msbulletin.csv,ac782da58b9b1fbbc2d8ea594d3db0be8c5cfbe3,MS12-078
187895283,akabe1/windows_exploit_dowser,old_2017_03_14_msbulletin.csv,ac782da58b9b1fbbc2d8ea594d3db0be8c5cfbe3,MS12-079
187895283,akabe1/windows_exploit_dowser,old_2017_03_14_msbulletin.csv,ac782da58b9b1fbbc2d8ea594d3db0be8c5cfbe3,MS12-080
187895283,akabe1/windows_exploit_dowser,old_2017_03_14_msbulletin.csv,ac782da58b9b1fbbc2d8ea594d3db0be8c5cfbe3,MS12-081
187895283,akabe1/windows_exploit_dowser,old_2017_03_14_msbulletin.csv,ac782da58b9b1fbbc2d8ea594d3db0be8c5cfbe3,MS12-082
187895283,akabe1/windows_exploit_dowser,old_2017_03_14_msbulletin.csv,ac782da58b9b1fbbc2d8ea594d3db0be8c5cfbe3,MS12-083
187895283,akabe1/windows_exploit_dowser,old_2017_03_14_msbulletin.csv,ac782da58b9b1fbbc2d8ea594d3db0be8c5cfbe3,MS13-001
187895283,akabe1/windows_exploit_dowser,old_2017_03_14_msbulletin.csv,ac782da58b9b1fbbc2d8ea594d3db0be8c5cfbe3,MS13-002
187895283,akabe1/windows_exploit_dowser,old_2017_03_14_msbulletin.csv,ac782da58b9b1fbbc2d8ea594d3db0be8c5cfbe3,MS13-003
187895283,akabe1/windows_exploit_dowser,old_2017_03_14_msbulletin.csv,ac782da58b9b1fbbc2d8ea594d3db0be8c5cfbe3,MS12-074
187895283,akabe1/windows_exploit_dowser,old_2017_03_14_msbulletin.csv,ac782da58b9b1fbbc2d8ea594d3db0be8c5cfbe3,MS12-001
187895283,akabe1/windows_exploit_dowser,old_2017_03_14_msbulletin.csv,ac782da58b9b1fbbc2d8ea594d3db0be8c5cfbe3,MS11-100
187895283,akabe1/windows_exploit_dowser,old_2017_03_14_msbulletin.csv,ac782da58b9b1fbbc2d8ea594d3db0be8c5cfbe3,MS11-099
187895283,akabe1/windows_exploit_dowser,old_2017_03_14_msbulletin.csv,ac782da58b9b1fbbc2d8ea594d3db0be8c5cfbe3,MS11-015
187895283,akabe1/windows_exploit_dowser,old_2017_03_14_msbulletin.csv,ac782da58b9b1fbbc2d8ea594d3db0be8c5cfbe3,MS11-016
187895283,akabe1/windows_exploit_dowser,old_2017_03_14_msbulletin.csv,ac782da58b9b1fbbc2d8ea594d3db0be8c5cfbe3,MS11-017
187895283,akabe1/windows_exploit_dowser,old_2017_03_14_msbulletin.csv,ac782da58b9b1fbbc2d8ea594d3db0be8c5cfbe3,MS11-018
187895283,akabe1/windows_exploit_dowser,old_2017_03_14_msbulletin.csv,ac782da58b9b1fbbc2d8ea594d3db0be8c5cfbe3,MS11-019
187895283,akabe1/windows_exploit_dowser,old_2017_03_14_msbulletin.csv,ac782da58b9b1fbbc2d8ea594d3db0be8c5cfbe3,MS11-020
187895283,akabe1/windows_exploit_dowser,old_2017_03_14_msbulletin.csv,ac782da58b9b1fbbc2d8ea594d3db0be8c5cfbe3,MS11-021
187895283,akabe1/windows_exploit_dowser,old_2017_03_14_msbulletin.csv,ac782da58b9b1fbbc2d8ea594d3db0be8c5cfbe3,MS11-022
187895283,akabe1/windows_exploit_dowser,old_2017_03_14_msbulletin.csv,ac782da58b9b1fbbc2d8ea594d3db0be8c5cfbe3,MS11-023
187895283,akabe1/windows_exploit_dowser,old_2017_03_14_msbulletin.csv,ac782da58b9b1fbbc2d8ea594d3db0be8c5cfbe3,MS11-024
187895283,akabe1/windows_exploit_dowser,old_2017_03_14_msbulletin.csv,ac782da58b9b1fbbc2d8ea594d3db0be8c5cfbe3,MS11-025
187895283,akabe1/windows_exploit_dowser,old_2017_03_14_msbulletin.csv,ac782da58b9b1fbbc2d8ea594d3db0be8c5cfbe3,MS11-026
187895283,akabe1/windows_exploit_dowser,old_2017_03_14_msbulletin.csv,ac782da58b9b1fbbc2d8ea594d3db0be8c5cfbe3,MS11-027
187895283,akabe1/windows_exploit_dowser,old_2017_03_14_msbulletin.csv,ac782da58b9b1fbbc2d8ea594d3db0be8c5cfbe3,MS11-028
187895283,akabe1/windows_exploit_dowser,old_2017_03_14_msbulletin.csv,ac782da58b9b1fbbc2d8ea594d3db0be8c5cfbe3,MS11-029
187895283,akabe1/windows_exploit_dowser,old_2017_03_14_msbulletin.csv,ac782da58b9b1fbbc2d8ea594d3db0be8c5cfbe3,MS11-030
187895283,akabe1/windows_exploit_dowser,old_2017_03_14_msbulletin.csv,ac782da58b9b1fbbc2d8ea594d3db0be8c5cfbe3,MS11-031
187895283,akabe1/windows_exploit_dowser,old_2017_03_14_msbulletin.csv,ac782da58b9b1fbbc2d8ea594d3db0be8c5cfbe3,MS11-032
187895283,akabe1/windows_exploit_dowser,old_2017_03_14_msbulletin.csv,ac782da58b9b1fbbc2d8ea594d3db0be8c5cfbe3,MS11-033
187895283,akabe1/windows_exploit_dowser,old_2017_03_14_msbulletin.csv,ac782da58b9b1fbbc2d8ea594d3db0be8c5cfbe3,MS11-034
187895283,akabe1/windows_exploit_dowser,old_2017_03_14_msbulletin.csv,ac782da58b9b1fbbc2d8ea594d3db0be8c5cfbe3,MS11-035
187895283,akabe1/windows_exploit_dowser,old_2017_03_14_msbulletin.csv,ac782da58b9b1fbbc2d8ea594d3db0be8c5cfbe3,MS11-036
187895283,akabe1/windows_exploit_dowser,old_2017_03_14_msbulletin.csv,ac782da58b9b1fbbc2d8ea594d3db0be8c5cfbe3,MS11-037
187895283,akabe1/windows_exploit_dowser,old_2017_03_14_msbulletin.csv,ac782da58b9b1fbbc2d8ea594d3db0be8c5cfbe3,MS11-038
187895283,akabe1/windows_exploit_dowser,old_2017_03_14_msbulletin.csv,ac782da58b9b1fbbc2d8ea594d3db0be8c5cfbe3,MS11-039
187895283,akabe1/windows_exploit_dowser,old_2017_03_14_msbulletin.csv,ac782da58b9b1fbbc2d8ea594d3db0be8c5cfbe3,MS11-014
187895283,akabe1/windows_exploit_dowser,old_2017_03_14_msbulletin.csv,ac782da58b9b1fbbc2d8ea594d3db0be8c5cfbe3,MS11-013
187895283,akabe1/windows_exploit_dowser,old_2017_03_14_msbulletin.csv,ac782da58b9b1fbbc2d8ea594d3db0be8c5cfbe3,MS11-012
187895283,akabe1/windows_exploit_dowser,old_2017_03_14_msbulletin.csv,ac782da58b9b1fbbc2d8ea594d3db0be8c5cfbe3,MS11-011
187895283,akabe1/windows_exploit_dowser,old_2017_03_14_msbulletin.csv,ac782da58b9b1fbbc2d8ea594d3db0be8c5cfbe3,MS10-091
187895283,akabe1/windows_exploit_dowser,old_2017_03_14_msbulletin.csv,ac782da58b9b1fbbc2d8ea594d3db0be8c5cfbe3,MS10-092
187895283,akabe1/windows_exploit_dowser,old_2017_03_14_msbulletin.csv,ac782da58b9b1fbbc2d8ea594d3db0be8c5cfbe3,MS10-093
187895283,akabe1/windows_exploit_dowser,old_2017_03_14_msbulletin.csv,ac782da58b9b1fbbc2d8ea594d3db0be8c5cfbe3,MS10-094
187895283,akabe1/windows_exploit_dowser,old_2017_03_14_msbulletin.csv,ac782da58b9b1fbbc2d8ea594d3db0be8c5cfbe3,MS10-095
187895283,akabe1/windows_exploit_dowser,old_2017_03_14_msbulletin.csv,ac782da58b9b1fbbc2d8ea594d3db0be8c5cfbe3,MS10-096
187895283,akabe1/windows_exploit_dowser,old_2017_03_14_msbulletin.csv,ac782da58b9b1fbbc2d8ea594d3db0be8c5cfbe3,MS10-097
187895283,akabe1/windows_exploit_dowser,old_2017_03_14_msbulletin.csv,ac782da58b9b1fbbc2d8ea594d3db0be8c5cfbe3,MS10-098
187895283,akabe1/windows_exploit_dowser,old_2017_03_14_msbulletin.csv,ac782da58b9b1fbbc2d8ea594d3db0be8c5cfbe3,MS10-099
187895283,akabe1/windows_exploit_dowser,old_2017_03_14_msbulletin.csv,ac782da58b9b1fbbc2d8ea594d3db0be8c5cfbe3,MS10-100
187895283,akabe1/windows_exploit_dowser,old_2017_03_14_msbulletin.csv,ac782da58b9b1fbbc2d8ea594d3db0be8c5cfbe3,MS10-101
187895283,akabe1/windows_exploit_dowser,old_2017_03_14_msbulletin.csv,ac782da58b9b1fbbc2d8ea594d3db0be8c5cfbe3,MS10-102
187895283,akabe1/windows_exploit_dowser,old_2017_03_14_msbulletin.csv,ac782da58b9b1fbbc2d8ea594d3db0be8c5cfbe3,MS11-040
187895283,akabe1/windows_exploit_dowser,old_2017_03_14_msbulletin.csv,ac782da58b9b1fbbc2d8ea594d3db0be8c5cfbe3,MS10-103
187895283,akabe1/windows_exploit_dowser,old_2017_03_14_msbulletin.csv,ac782da58b9b1fbbc2d8ea594d3db0be8c5cfbe3,MS10-105
187895283,akabe1/windows_exploit_dowser,old_2017_03_14_msbulletin.csv,ac782da58b9b1fbbc2d8ea594d3db0be8c5cfbe3,MS10-106
187895283,akabe1/windows_exploit_dowser,old_2017_03_14_msbulletin.csv,ac782da58b9b1fbbc2d8ea594d3db0be8c5cfbe3,MS11-001
187895283,akabe1/windows_exploit_dowser,old_2017_03_14_msbulletin.csv,ac782da58b9b1fbbc2d8ea594d3db0be8c5cfbe3,MS11-002
187895283,akabe1/windows_exploit_dowser,old_2017_03_14_msbulletin.csv,ac782da58b9b1fbbc2d8ea594d3db0be8c5cfbe3,MS11-003
187895283,akabe1/windows_exploit_dowser,old_2017_03_14_msbulletin.csv,ac782da58b9b1fbbc2d8ea594d3db0be8c5cfbe3,MS11-004
187895283,akabe1/windows_exploit_dowser,old_2017_03_14_msbulletin.csv,ac782da58b9b1fbbc2d8ea594d3db0be8c5cfbe3,MS11-005
187895283,akabe1/windows_exploit_dowser,old_2017_03_14_msbulletin.csv,ac782da58b9b1fbbc2d8ea594d3db0be8c5cfbe3,MS11-006
187895283,akabe1/windows_exploit_dowser,old_2017_03_14_msbulletin.csv,ac782da58b9b1fbbc2d8ea594d3db0be8c5cfbe3,MS11-007
187895283,akabe1/windows_exploit_dowser,old_2017_03_14_msbulletin.csv,ac782da58b9b1fbbc2d8ea594d3db0be8c5cfbe3,MS11-008
187895283,akabe1/windows_exploit_dowser,old_2017_03_14_msbulletin.csv,ac782da58b9b1fbbc2d8ea594d3db0be8c5cfbe3,MS11-009
187895283,akabe1/windows_exploit_dowser,old_2017_03_14_msbulletin.csv,ac782da58b9b1fbbc2d8ea594d3db0be8c5cfbe3,MS11-010
187895283,akabe1/windows_exploit_dowser,old_2017_03_14_msbulletin.csv,ac782da58b9b1fbbc2d8ea594d3db0be8c5cfbe3,MS10-104
187895283,akabe1/windows_exploit_dowser,old_2017_03_14_msbulletin.csv,ac782da58b9b1fbbc2d8ea594d3db0be8c5cfbe3,MS04-007
187895283,akabe1/windows_exploit_dowser,old_2017_03_14_msbulletin.csv,ac782da58b9b1fbbc2d8ea594d3db0be8c5cfbe3,MS11-041
187895283,akabe1/windows_exploit_dowser,old_2017_03_14_msbulletin.csv,ac782da58b9b1fbbc2d8ea594d3db0be8c5cfbe3,MS11-043
187895283,akabe1/windows_exploit_dowser,old_2017_03_14_msbulletin.csv,ac782da58b9b1fbbc2d8ea594d3db0be8c5cfbe3,MS11-074
187895283,akabe1/windows_exploit_dowser,old_2017_03_14_msbulletin.csv,ac782da58b9b1fbbc2d8ea594d3db0be8c5cfbe3,MS11-075
187895283,akabe1/windows_exploit_dowser,old_2017_03_14_msbulletin.csv,ac782da58b9b1fbbc2d8ea594d3db0be8c5cfbe3,MS11-076
187895283,akabe1/windows_exploit_dowser,old_2017_03_14_msbulletin.csv,ac782da58b9b1fbbc2d8ea594d3db0be8c5cfbe3,MS11-077
187895283,akabe1/windows_exploit_dowser,old_2017_03_14_msbulletin.csv,ac782da58b9b1fbbc2d8ea594d3db0be8c5cfbe3,MS11-078
187895283,akabe1/windows_exploit_dowser,old_2017_03_14_msbulletin.csv,ac782da58b9b1fbbc2d8ea594d3db0be8c5cfbe3,MS11-079
187895283,akabe1/windows_exploit_dowser,old_2017_03_14_msbulletin.csv,ac782da58b9b1fbbc2d8ea594d3db0be8c5cfbe3,MS11-080
187895283,akabe1/windows_exploit_dowser,old_2017_03_14_msbulletin.csv,ac782da58b9b1fbbc2d8ea594d3db0be8c5cfbe3,MS11-081
187895283,akabe1/windows_exploit_dowser,old_2017_03_14_msbulletin.csv,ac782da58b9b1fbbc2d8ea594d3db0be8c5cfbe3,MS11-082
187895283,akabe1/windows_exploit_dowser,old_2017_03_14_msbulletin.csv,ac782da58b9b1fbbc2d8ea594d3db0be8c5cfbe3,MS11-083
187895283,akabe1/windows_exploit_dowser,old_2017_03_14_msbulletin.csv,ac782da58b9b1fbbc2d8ea594d3db0be8c5cfbe3,MS11-084
187895283,akabe1/windows_exploit_dowser,old_2017_03_14_msbulletin.csv,ac782da58b9b1fbbc2d8ea594d3db0be8c5cfbe3,MS11-085
187895283,akabe1/windows_exploit_dowser,old_2017_03_14_msbulletin.csv,ac782da58b9b1fbbc2d8ea594d3db0be8c5cfbe3,MS11-086
187895283,akabe1/windows_exploit_dowser,old_2017_03_14_msbulletin.csv,ac782da58b9b1fbbc2d8ea594d3db0be8c5cfbe3,MS11-087
187895283,akabe1/windows_exploit_dowser,old_2017_03_14_msbulletin.csv,ac782da58b9b1fbbc2d8ea594d3db0be8c5cfbe3,MS11-088
187895283,akabe1/windows_exploit_dowser,old_2017_03_14_msbulletin.csv,ac782da58b9b1fbbc2d8ea594d3db0be8c5cfbe3,MS11-089
187895283,akabe1/windows_exploit_dowser,old_2017_03_14_msbulletin.csv,ac782da58b9b1fbbc2d8ea594d3db0be8c5cfbe3,MS11-090
187895283,akabe1/windows_exploit_dowser,old_2017_03_14_msbulletin.csv,ac782da58b9b1fbbc2d8ea594d3db0be8c5cfbe3,MS11-091
187895283,akabe1/windows_exploit_dowser,old_2017_03_14_msbulletin.csv,ac782da58b9b1fbbc2d8ea594d3db0be8c5cfbe3,MS11-092
187895283,akabe1/windows_exploit_dowser,old_2017_03_14_msbulletin.csv,ac782da58b9b1fbbc2d8ea594d3db0be8c5cfbe3,MS11-093
187895283,akabe1/windows_exploit_dowser,old_2017_03_14_msbulletin.csv,ac782da58b9b1fbbc2d8ea594d3db0be8c5cfbe3,MS11-094
187895283,akabe1/windows_exploit_dowser,old_2017_03_14_msbulletin.csv,ac782da58b9b1fbbc2d8ea594d3db0be8c5cfbe3,MS11-095
187895283,akabe1/windows_exploit_dowser,old_2017_03_14_msbulletin.csv,ac782da58b9b1fbbc2d8ea594d3db0be8c5cfbe3,MS11-096
187895283,akabe1/windows_exploit_dowser,old_2017_03_14_msbulletin.csv,ac782da58b9b1fbbc2d8ea594d3db0be8c5cfbe3,MS11-097
187895283,akabe1/windows_exploit_dowser,old_2017_03_14_msbulletin.csv,ac782da58b9b1fbbc2d8ea594d3db0be8c5cfbe3,MS11-098
187895283,akabe1/windows_exploit_dowser,old_2017_03_14_msbulletin.csv,ac782da58b9b1fbbc2d8ea594d3db0be8c5cfbe3,MS11-073
187895283,akabe1/windows_exploit_dowser,old_2017_03_14_msbulletin.csv,ac782da58b9b1fbbc2d8ea594d3db0be8c5cfbe3,MS11-072
187895283,akabe1/windows_exploit_dowser,old_2017_03_14_msbulletin.csv,ac782da58b9b1fbbc2d8ea594d3db0be8c5cfbe3,MS11-071
187895283,akabe1/windows_exploit_dowser,old_2017_03_14_msbulletin.csv,ac782da58b9b1fbbc2d8ea594d3db0be8c5cfbe3,MS11-070
187895283,akabe1/windows_exploit_dowser,old_2017_03_14_msbulletin.csv,ac782da58b9b1fbbc2d8ea594d3db0be8c5cfbe3,MS11-044
187895283,akabe1/windows_exploit_dowser,old_2017_03_14_msbulletin.csv,ac782da58b9b1fbbc2d8ea594d3db0be8c5cfbe3,MS11-045
187895283,akabe1/windows_exploit_dowser,old_2017_03_14_msbulletin.csv,ac782da58b9b1fbbc2d8ea594d3db0be8c5cfbe3,MS11-046
187895283,akabe1/windows_exploit_dowser,old_2017_03_14_msbulletin.csv,ac782da58b9b1fbbc2d8ea594d3db0be8c5cfbe3,MS11-047
187895283,akabe1/windows_exploit_dowser,old_2017_03_14_msbulletin.csv,ac782da58b9b1fbbc2d8ea594d3db0be8c5cfbe3,MS11-048
187895283,akabe1/windows_exploit_dowser,old_2017_03_14_msbulletin.csv,ac782da58b9b1fbbc2d8ea594d3db0be8c5cfbe3,MS11-049
187895283,akabe1/windows_exploit_dowser,old_2017_03_14_msbulletin.csv,ac782da58b9b1fbbc2d8ea594d3db0be8c5cfbe3,MS11-050
187895283,akabe1/windows_exploit_dowser,old_2017_03_14_msbulletin.csv,ac782da58b9b1fbbc2d8ea594d3db0be8c5cfbe3,MS11-051
187895283,akabe1/windows_exploit_dowser,old_2017_03_14_msbulletin.csv,ac782da58b9b1fbbc2d8ea594d3db0be8c5cfbe3,MS11-052
187895283,akabe1/windows_exploit_dowser,old_2017_03_14_msbulletin.csv,ac782da58b9b1fbbc2d8ea594d3db0be8c5cfbe3,MS11-053
187895283,akabe1/windows_exploit_dowser,old_2017_03_14_msbulletin.csv,ac782da58b9b1fbbc2d8ea594d3db0be8c5cfbe3,MS11-054
187895283,akabe1/windows_exploit_dowser,old_2017_03_14_msbulletin.csv,ac782da58b9b1fbbc2d8ea594d3db0be8c5cfbe3,MS11-055
187895283,akabe1/windows_exploit_dowser,old_2017_03_14_msbulletin.csv,ac782da58b9b1fbbc2d8ea594d3db0be8c5cfbe3,MS11-042
187895283,akabe1/windows_exploit_dowser,old_2017_03_14_msbulletin.csv,ac782da58b9b1fbbc2d8ea594d3db0be8c5cfbe3,MS11-056
187895283,akabe1/windows_exploit_dowser,old_2017_03_14_msbulletin.csv,ac782da58b9b1fbbc2d8ea594d3db0be8c5cfbe3,MS11-058
187895283,akabe1/windows_exploit_dowser,old_2017_03_14_msbulletin.csv,ac782da58b9b1fbbc2d8ea594d3db0be8c5cfbe3,MS11-059
187895283,akabe1/windows_exploit_dowser,old_2017_03_14_msbulletin.csv,ac782da58b9b1fbbc2d8ea594d3db0be8c5cfbe3,MS11-060
187895283,akabe1/windows_exploit_dowser,old_2017_03_14_msbulletin.csv,ac782da58b9b1fbbc2d8ea594d3db0be8c5cfbe3,MS11-061
187895283,akabe1/windows_exploit_dowser,old_2017_03_14_msbulletin.csv,ac782da58b9b1fbbc2d8ea594d3db0be8c5cfbe3,MS11-062
187895283,akabe1/windows_exploit_dowser,old_2017_03_14_msbulletin.csv,ac782da58b9b1fbbc2d8ea594d3db0be8c5cfbe3,MS11-063
187895283,akabe1/windows_exploit_dowser,old_2017_03_14_msbulletin.csv,ac782da58b9b1fbbc2d8ea594d3db0be8c5cfbe3,MS11-064
187895283,akabe1/windows_exploit_dowser,old_2017_03_14_msbulletin.csv,ac782da58b9b1fbbc2d8ea594d3db0be8c5cfbe3,MS11-065
187895283,akabe1/windows_exploit_dowser,old_2017_03_14_msbulletin.csv,ac782da58b9b1fbbc2d8ea594d3db0be8c5cfbe3,MS11-066
187895283,akabe1/windows_exploit_dowser,old_2017_03_14_msbulletin.csv,ac782da58b9b1fbbc2d8ea594d3db0be8c5cfbe3,MS11-067
187895283,akabe1/windows_exploit_dowser,old_2017_03_14_msbulletin.csv,ac782da58b9b1fbbc2d8ea594d3db0be8c5cfbe3,MS11-068
187895283,akabe1/windows_exploit_dowser,old_2017_03_14_msbulletin.csv,ac782da58b9b1fbbc2d8ea594d3db0be8c5cfbe3,MS11-069
187895283,akabe1/windows_exploit_dowser,old_2017_03_14_msbulletin.csv,ac782da58b9b1fbbc2d8ea594d3db0be8c5cfbe3,MS11-057
187895283,akabe1/windows_exploit_dowser,old_2017_03_14_msbulletin.csv,ac782da58b9b1fbbc2d8ea594d3db0be8c5cfbe3,CVE-2015-2422
187895283,akabe1/windows_exploit_dowser,old_2017_03_14_msbulletin.csv,ac782da58b9b1fbbc2d8ea594d3db0be8c5cfbe3,CVE-2013-1251
187895283,akabe1/windows_exploit_dowser,old_2017_03_14_msbulletin.csv,ac782da58b9b1fbbc2d8ea594d3db0be8c5cfbe3,CVE-2015-2420
187895283,akabe1/windows_exploit_dowser,old_2017_03_14_msbulletin.csv,ac782da58b9b1fbbc2d8ea594d3db0be8c5cfbe3,CVE-2011-1871
187895283,akabe1/windows_exploit_dowser,old_2017_03_14_msbulletin.csv,ac782da58b9b1fbbc2d8ea594d3db0be8c5cfbe3,CVE-2011-1872
187895283,akabe1/windows_exploit_dowser,old_2017_03_14_msbulletin.csv,ac782da58b9b1fbbc2d8ea594d3db0be8c5cfbe3,CVE-2011-1873
187895283,akabe1/windows_exploit_dowser,old_2017_03_14_msbulletin.csv,ac782da58b9b1fbbc2d8ea594d3db0be8c5cfbe3,CVE-2011-1874
187895283,akabe1/windows_exploit_dowser,old_2017_03_14_msbulletin.csv,ac782da58b9b1fbbc2d8ea594d3db0be8c5cfbe3,CVE-2011-1875
187895283,akabe1/windows_exploit_dowser,old_2017_03_14_msbulletin.csv,ac782da58b9b1fbbc2d8ea594d3db0be8c5cfbe3,CVE-2011-1876
187895283,akabe1/windows_exploit_dowser,old_2017_03_14_msbulletin.csv,ac782da58b9b1fbbc2d8ea594d3db0be8c5cfbe3,CVE-2011-1877
187895283,akabe1/windows_exploit_dowser,old_2017_03_14_msbulletin.csv,ac782da58b9b1fbbc2d8ea594d3db0be8c5cfbe3,CVE-2011-1878
187895283,akabe1/windows_exploit_dowser,old_2017_03_14_msbulletin.csv,ac782da58b9b1fbbc2d8ea594d3db0be8c5cfbe3,CVE-2011-1879
187895283,akabe1/windows_exploit_dowser,old_2017_03_14_msbulletin.csv,ac782da58b9b1fbbc2d8ea594d3db0be8c5cfbe3,CVE-2011-1880
187895283,akabe1/windows_exploit_dowser,old_2017_03_14_msbulletin.csv,ac782da58b9b1fbbc2d8ea594d3db0be8c5cfbe3,CVE-2011-1881
187895283,akabe1/windows_exploit_dowser,old_2017_03_14_msbulletin.csv,ac782da58b9b1fbbc2d8ea594d3db0be8c5cfbe3,CVE-2011-1882
187895283,akabe1/windows_exploit_dowser,old_2017_03_14_msbulletin.csv,ac782da58b9b1fbbc2d8ea594d3db0be8c5cfbe3,CVE-2011-1883
187895283,akabe1/windows_exploit_dowser,old_2017_03_14_msbulletin.csv,ac782da58b9b1fbbc2d8ea594d3db0be8c5cfbe3,CVE-2011-1884
187895283,akabe1/windows_exploit_dowser,old_2017_03_14_msbulletin.csv,ac782da58b9b1fbbc2d8ea594d3db0be8c5cfbe3,CVE-2011-1885
187895283,akabe1/windows_exploit_dowser,old_2017_03_14_msbulletin.csv,ac782da58b9b1fbbc2d8ea594d3db0be8c5cfbe3,CVE-2011-1886
187895283,akabe1/windows_exploit_dowser,old_2017_03_14_msbulletin.csv,ac782da58b9b1fbbc2d8ea594d3db0be8c5cfbe3,CVE-2011-1887
187895283,akabe1/windows_exploit_dowser,old_2017_03_14_msbulletin.csv,ac782da58b9b1fbbc2d8ea594d3db0be8c5cfbe3,CVE-2011-1888
187895283,akabe1/windows_exploit_dowser,old_2017_03_14_msbulletin.csv,ac782da58b9b1fbbc2d8ea594d3db0be8c5cfbe3,CVE-2011-1889
187895283,akabe1/windows_exploit_dowser,old_2017_03_14_msbulletin.csv,ac782da58b9b1fbbc2d8ea594d3db0be8c5cfbe3,CVE-2011-1890
187895283,akabe1/windows_exploit_dowser,old_2017_03_14_msbulletin.csv,ac782da58b9b1fbbc2d8ea594d3db0be8c5cfbe3,CVE-2011-1891
187895283,akabe1/windows_exploit_dowser,old_2017_03_14_msbulletin.csv,ac782da58b9b1fbbc2d8ea594d3db0be8c5cfbe3,CVE-2011-1892
187895283,akabe1/windows_exploit_dowser,old_2017_03_14_msbulletin.csv,ac782da58b9b1fbbc2d8ea594d3db0be8c5cfbe3,CVE-2011-1893
187895283,akabe1/windows_exploit_dowser,old_2017_03_14_msbulletin.csv,ac782da58b9b1fbbc2d8ea594d3db0be8c5cfbe3,CVE-2011-1894
187895283,akabe1/windows_exploit_dowser,old_2017_03_14_msbulletin.csv,ac782da58b9b1fbbc2d8ea594d3db0be8c5cfbe3,CVE-2011-1895
187895283,akabe1/windows_exploit_dowser,old_2017_03_14_msbulletin.csv,ac782da58b9b1fbbc2d8ea594d3db0be8c5cfbe3,CVE-2011-1870
187895283,akabe1/windows_exploit_dowser,old_2017_03_14_msbulletin.csv,ac782da58b9b1fbbc2d8ea594d3db0be8c5cfbe3,CVE-2011-1896
187895283,akabe1/windows_exploit_dowser,old_2017_03_14_msbulletin.csv,ac782da58b9b1fbbc2d8ea594d3db0be8c5cfbe3,CVE-2011-1869
187895283,akabe1/windows_exploit_dowser,old_2017_03_14_msbulletin.csv,ac782da58b9b1fbbc2d8ea594d3db0be8c5cfbe3,CVE-2011-1345
187895283,akabe1/windows_exploit_dowser,old_2017_03_14_msbulletin.csv,ac782da58b9b1fbbc2d8ea594d3db0be8c5cfbe3,CVE-2011-1260
187895283,akabe1/windows_exploit_dowser,old_2017_03_14_msbulletin.csv,ac782da58b9b1fbbc2d8ea594d3db0be8c5cfbe3,CVE-2011-1261
187895283,akabe1/windows_exploit_dowser,old_2017_03_14_msbulletin.csv,ac782da58b9b1fbbc2d8ea594d3db0be8c5cfbe3,CVE-2011-1262
187895283,akabe1/windows_exploit_dowser,old_2017_03_14_msbulletin.csv,ac782da58b9b1fbbc2d8ea594d3db0be8c5cfbe3,CVE-2011-1263
187895283,akabe1/windows_exploit_dowser,old_2017_03_14_msbulletin.csv,ac782da58b9b1fbbc2d8ea594d3db0be8c5cfbe3,CVE-2011-1264
187895283,akabe1/windows_exploit_dowser,old_2017_03_14_msbulletin.csv,ac782da58b9b1fbbc2d8ea594d3db0be8c5cfbe3,CVE-2011-1265
187895283,akabe1/windows_exploit_dowser,old_2017_03_14_msbulletin.csv,ac782da58b9b1fbbc2d8ea594d3db0be8c5cfbe3,CVE-2011-1266
187895283,akabe1/windows_exploit_dowser,old_2017_03_14_msbulletin.csv,ac782da58b9b1fbbc2d8ea594d3db0be8c5cfbe3,CVE-2011-1267
187895283,akabe1/windows_exploit_dowser,old_2017_03_14_msbulletin.csv,ac782da58b9b1fbbc2d8ea594d3db0be8c5cfbe3,CVE-2011-1268
187895283,akabe1/windows_exploit_dowser,old_2017_03_14_msbulletin.csv,ac782da58b9b1fbbc2d8ea594d3db0be8c5cfbe3,CVE-2011-1269
187895283,akabe1/windows_exploit_dowser,old_2017_03_14_msbulletin.csv,ac782da58b9b1fbbc2d8ea594d3db0be8c5cfbe3,CVE-2011-1270
187895283,akabe1/windows_exploit_dowser,old_2017_03_14_msbulletin.csv,ac782da58b9b1fbbc2d8ea594d3db0be8c5cfbe3,CVE-2011-1271
187895283,akabe1/windows_exploit_dowser,old_2017_03_14_msbulletin.csv,ac782da58b9b1fbbc2d8ea594d3db0be8c5cfbe3,CVE-2011-1272
187895283,akabe1/windows_exploit_dowser,old_2017_03_14_msbulletin.csv,ac782da58b9b1fbbc2d8ea594d3db0be8c5cfbe3,CVE-2011-1273
187895283,akabe1/windows_exploit_dowser,old_2017_03_14_msbulletin.csv,ac782da58b9b1fbbc2d8ea594d3db0be8c5cfbe3,CVE-2011-1274
187895283,akabe1/windows_exploit_dowser,old_2017_03_14_msbulletin.csv,ac782da58b9b1fbbc2d8ea594d3db0be8c5cfbe3,CVE-2011-1275
187895283,akabe1/windows_exploit_dowser,old_2017_03_14_msbulletin.csv,ac782da58b9b1fbbc2d8ea594d3db0be8c5cfbe3,CVE-2011-1276
187895283,akabe1/windows_exploit_dowser,old_2017_03_14_msbulletin.csv,ac782da58b9b1fbbc2d8ea594d3db0be8c5cfbe3,CVE-2011-1277
187895283,akabe1/windows_exploit_dowser,old_2017_03_14_msbulletin.csv,ac782da58b9b1fbbc2d8ea594d3db0be8c5cfbe3,CVE-2011-1278
187895283,akabe1/windows_exploit_dowser,old_2017_03_14_msbulletin.csv,ac782da58b9b1fbbc2d8ea594d3db0be8c5cfbe3,CVE-2011-1279
187895283,akabe1/windows_exploit_dowser,old_2017_03_14_msbulletin.csv,ac782da58b9b1fbbc2d8ea594d3db0be8c5cfbe3,CVE-2011-1280
187895283,akabe1/windows_exploit_dowser,old_2017_03_14_msbulletin.csv,ac782da58b9b1fbbc2d8ea594d3db0be8c5cfbe3,CVE-2011-1281
187895283,akabe1/windows_exploit_dowser,old_2017_03_14_msbulletin.csv,ac782da58b9b1fbbc2d8ea594d3db0be8c5cfbe3,CVE-2011-1282
187895283,akabe1/windows_exploit_dowser,old_2017_03_14_msbulletin.csv,ac782da58b9b1fbbc2d8ea594d3db0be8c5cfbe3,CVE-2011-1283
187895283,akabe1/windows_exploit_dowser,old_2017_03_14_msbulletin.csv,ac782da58b9b1fbbc2d8ea594d3db0be8c5cfbe3,CVE-2011-1285
187895283,akabe1/windows_exploit_dowser,old_2017_03_14_msbulletin.csv,ac782da58b9b1fbbc2d8ea594d3db0be8c5cfbe3,CVE-2011-1868
187895283,akabe1/windows_exploit_dowser,old_2017_03_14_msbulletin.csv,ac782da58b9b1fbbc2d8ea594d3db0be8c5cfbe3,CVE-2011-1258
187895283,akabe1/windows_exploit_dowser,old_2017_03_14_msbulletin.csv,ac782da58b9b1fbbc2d8ea594d3db0be8c5cfbe3,CVE-2011-1897
187895283,akabe1/windows_exploit_dowser,old_2017_03_14_msbulletin.csv,ac782da58b9b1fbbc2d8ea594d3db0be8c5cfbe3,CVE-2011-1961
187895283,akabe1/windows_exploit_dowser,old_2017_03_14_msbulletin.csv,ac782da58b9b1fbbc2d8ea594d3db0be8c5cfbe3,CVE-2011-1993
187895283,akabe1/windows_exploit_dowser,old_2017_03_14_msbulletin.csv,ac782da58b9b1fbbc2d8ea594d3db0be8c5cfbe3,CVE-2011-1995
187895283,akabe1/windows_exploit_dowser,old_2017_03_14_msbulletin.csv,ac782da58b9b1fbbc2d8ea594d3db0be8c5cfbe3,CVE-2011-1996
187895283,akabe1/windows_exploit_dowser,old_2017_03_14_msbulletin.csv,ac782da58b9b1fbbc2d8ea594d3db0be8c5cfbe3,CVE-2011-1997
187895283,akabe1/windows_exploit_dowser,old_2017_03_14_msbulletin.csv,ac782da58b9b1fbbc2d8ea594d3db0be8c5cfbe3,CVE-2011-1998
187895283,akabe1/windows_exploit_dowser,old_2017_03_14_msbulletin.csv,ac782da58b9b1fbbc2d8ea594d3db0be8c5cfbe3,CVE-2011-1999
187895283,akabe1/windows_exploit_dowser,old_2017_03_14_msbulletin.csv,ac782da58b9b1fbbc2d8ea594d3db0be8c5cfbe3,CVE-2011-2000
187895283,akabe1/windows_exploit_dowser,old_2017_03_14_msbulletin.csv,ac782da58b9b1fbbc2d8ea594d3db0be8c5cfbe3,CVE-2011-2001
187895283,akabe1/windows_exploit_dowser,old_2017_03_14_msbulletin.csv,ac782da58b9b1fbbc2d8ea594d3db0be8c5cfbe3,CVE-2011-2002
187895283,akabe1/windows_exploit_dowser,old_2017_03_14_msbulletin.csv,ac782da58b9b1fbbc2d8ea594d3db0be8c5cfbe3,CVE-2011-2003
187895283,akabe1/windows_exploit_dowser,old_2017_03_14_msbulletin.csv,ac782da58b9b1fbbc2d8ea594d3db0be8c5cfbe3,CVE-2011-2004
187895283,akabe1/windows_exploit_dowser,old_2017_03_14_msbulletin.csv,ac782da58b9b1fbbc2d8ea594d3db0be8c5cfbe3,CVE-2011-2005
187895283,akabe1/windows_exploit_dowser,old_2017_03_14_msbulletin.csv,ac782da58b9b1fbbc2d8ea594d3db0be8c5cfbe3,CVE-2011-2007
187895283,akabe1/windows_exploit_dowser,old_2017_03_14_msbulletin.csv,ac782da58b9b1fbbc2d8ea594d3db0be8c5cfbe3,CVE-2011-2008
187895283,akabe1/windows_exploit_dowser,old_2017_03_14_msbulletin.csv,ac782da58b9b1fbbc2d8ea594d3db0be8c5cfbe3,CVE-2011-2009
187895283,akabe1/windows_exploit_dowser,old_2017_03_14_msbulletin.csv,ac782da58b9b1fbbc2d8ea594d3db0be8c5cfbe3,CVE-2011-2010
187895283,akabe1/windows_exploit_dowser,old_2017_03_14_msbulletin.csv,ac782da58b9b1fbbc2d8ea594d3db0be8c5cfbe3,CVE-2011-2011
187895283,akabe1/windows_exploit_dowser,old_2017_03_14_msbulletin.csv,ac782da58b9b1fbbc2d8ea594d3db0be8c5cfbe3,CVE-2011-2012
187895283,akabe1/windows_exploit_dowser,old_2017_03_14_msbulletin.csv,ac782da58b9b1fbbc2d8ea594d3db0be8c5cfbe3,CVE-2011-2013
187895283,akabe1/windows_exploit_dowser,old_2017_03_14_msbulletin.csv,ac782da58b9b1fbbc2d8ea594d3db0be8c5cfbe3,CVE-2011-2014
187895283,akabe1/windows_exploit_dowser,old_2017_03_14_msbulletin.csv,ac782da58b9b1fbbc2d8ea594d3db0be8c5cfbe3,CVE-2011-2016
187895283,akabe1/windows_exploit_dowser,old_2017_03_14_msbulletin.csv,ac782da58b9b1fbbc2d8ea594d3db0be8c5cfbe3,CVE-2011-2018
187895283,akabe1/windows_exploit_dowser,old_2017_03_14_msbulletin.csv,ac782da58b9b1fbbc2d8ea594d3db0be8c5cfbe3,CVE-2011-2019
187895283,akabe1/windows_exploit_dowser,old_2017_03_14_msbulletin.csv,ac782da58b9b1fbbc2d8ea594d3db0be8c5cfbe3,CVE-2011-2383
187895283,akabe1/windows_exploit_dowser,old_2017_03_14_msbulletin.csv,ac782da58b9b1fbbc2d8ea594d3db0be8c5cfbe3,CVE-2011-3389
187895283,akabe1/windows_exploit_dowser,old_2017_03_14_msbulletin.csv,ac782da58b9b1fbbc2d8ea594d3db0be8c5cfbe3,CVE-2011-1992
187895283,akabe1/windows_exploit_dowser,old_2017_03_14_msbulletin.csv,ac782da58b9b1fbbc2d8ea594d3db0be8c5cfbe3,CVE-2011-1960
187895283,akabe1/windows_exploit_dowser,old_2017_03_14_msbulletin.csv,ac782da58b9b1fbbc2d8ea594d3db0be8c5cfbe3,CVE-2011-1991
187895283,akabe1/windows_exploit_dowser,old_2017_03_14_msbulletin.csv,ac782da58b9b1fbbc2d8ea594d3db0be8c5cfbe3,CVE-2011-1989
187895283,akabe1/windows_exploit_dowser,old_2017_03_14_msbulletin.csv,ac782da58b9b1fbbc2d8ea594d3db0be8c5cfbe3,CVE-2011-1962
187895283,akabe1/windows_exploit_dowser,old_2017_03_14_msbulletin.csv,ac782da58b9b1fbbc2d8ea594d3db0be8c5cfbe3,CVE-2011-1963
187895283,akabe1/windows_exploit_dowser,old_2017_03_14_msbulletin.csv,ac782da58b9b1fbbc2d8ea594d3db0be8c5cfbe3,CVE-2011-1964
187895283,akabe1/windows_exploit_dowser,old_2017_03_14_msbulletin.csv,ac782da58b9b1fbbc2d8ea594d3db0be8c5cfbe3,CVE-2011-1965
187895283,akabe1/windows_exploit_dowser,old_2017_03_14_msbulletin.csv,ac782da58b9b1fbbc2d8ea594d3db0be8c5cfbe3,CVE-2011-1966
187895283,akabe1/windows_exploit_dowser,old_2017_03_14_msbulletin.csv,ac782da58b9b1fbbc2d8ea594d3db0be8c5cfbe3,CVE-2011-1967
187895283,akabe1/windows_exploit_dowser,old_2017_03_14_msbulletin.csv,ac782da58b9b1fbbc2d8ea594d3db0be8c5cfbe3,CVE-2011-1968
187895283,akabe1/windows_exploit_dowser,old_2017_03_14_msbulletin.csv,ac782da58b9b1fbbc2d8ea594d3db0be8c5cfbe3,CVE-2011-1969
187895283,akabe1/windows_exploit_dowser,old_2017_03_14_msbulletin.csv,ac782da58b9b1fbbc2d8ea594d3db0be8c5cfbe3,CVE-2011-1970
187895283,akabe1/windows_exploit_dowser,old_2017_03_14_msbulletin.csv,ac782da58b9b1fbbc2d8ea594d3db0be8c5cfbe3,CVE-2011-1971
187895283,akabe1/windows_exploit_dowser,old_2017_03_14_msbulletin.csv,ac782da58b9b1fbbc2d8ea594d3db0be8c5cfbe3,CVE-2011-1972
187895283,akabe1/windows_exploit_dowser,old_2017_03_14_msbulletin.csv,ac782da58b9b1fbbc2d8ea594d3db0be8c5cfbe3,CVE-2011-1974
187895283,akabe1/windows_exploit_dowser,old_2017_03_14_msbulletin.csv,ac782da58b9b1fbbc2d8ea594d3db0be8c5cfbe3,CVE-2011-1975
187895283,akabe1/windows_exploit_dowser,old_2017_03_14_msbulletin.csv,ac782da58b9b1fbbc2d8ea594d3db0be8c5cfbe3,CVE-2011-1976
187895283,akabe1/windows_exploit_dowser,old_2017_03_14_msbulletin.csv,ac782da58b9b1fbbc2d8ea594d3db0be8c5cfbe3,CVE-2011-1977
187895283,akabe1/windows_exploit_dowser,old_2017_03_14_msbulletin.csv,ac782da58b9b1fbbc2d8ea594d3db0be8c5cfbe3,CVE-2011-1978
187895283,akabe1/windows_exploit_dowser,old_2017_03_14_msbulletin.csv,ac782da58b9b1fbbc2d8ea594d3db0be8c5cfbe3,CVE-2011-1979
187895283,akabe1/windows_exploit_dowser,old_2017_03_14_msbulletin.csv,ac782da58b9b1fbbc2d8ea594d3db0be8c5cfbe3,CVE-2011-1980
187895283,akabe1/windows_exploit_dowser,old_2017_03_14_msbulletin.csv,ac782da58b9b1fbbc2d8ea594d3db0be8c5cfbe3,CVE-2011-1982
187895283,akabe1/windows_exploit_dowser,old_2017_03_14_msbulletin.csv,ac782da58b9b1fbbc2d8ea594d3db0be8c5cfbe3,CVE-2011-1983
187895283,akabe1/windows_exploit_dowser,old_2017_03_14_msbulletin.csv,ac782da58b9b1fbbc2d8ea594d3db0be8c5cfbe3,CVE-2011-1984
187895283,akabe1/windows_exploit_dowser,old_2017_03_14_msbulletin.csv,ac782da58b9b1fbbc2d8ea594d3db0be8c5cfbe3,CVE-2011-1985
187895283,akabe1/windows_exploit_dowser,old_2017_03_14_msbulletin.csv,ac782da58b9b1fbbc2d8ea594d3db0be8c5cfbe3,CVE-2011-1986
187895283,akabe1/windows_exploit_dowser,old_2017_03_14_msbulletin.csv,ac782da58b9b1fbbc2d8ea594d3db0be8c5cfbe3,CVE-2011-1987
187895283,akabe1/windows_exploit_dowser,old_2017_03_14_msbulletin.csv,ac782da58b9b1fbbc2d8ea594d3db0be8c5cfbe3,CVE-2011-1988
187895283,akabe1/windows_exploit_dowser,old_2017_03_14_msbulletin.csv,ac782da58b9b1fbbc2d8ea594d3db0be8c5cfbe3,CVE-2011-1990
187895283,akabe1/windows_exploit_dowser,old_2017_03_14_msbulletin.csv,ac782da58b9b1fbbc2d8ea594d3db0be8c5cfbe3,CVE-2011-1257
187895283,akabe1/windows_exploit_dowser,old_2017_03_14_msbulletin.csv,ac782da58b9b1fbbc2d8ea594d3db0be8c5cfbe3,CVE-2011-1256
187895283,akabe1/windows_exploit_dowser,old_2017_03_14_msbulletin.csv,ac782da58b9b1fbbc2d8ea594d3db0be8c5cfbe3,CVE-2011-1255
187895283,akabe1/windows_exploit_dowser,old_2017_03_14_msbulletin.csv,ac782da58b9b1fbbc2d8ea594d3db0be8c5cfbe3,CVE-2011-0035
187895283,akabe1/windows_exploit_dowser,old_2017_03_14_msbulletin.csv,ac782da58b9b1fbbc2d8ea594d3db0be8c5cfbe3,CVE-2011-0036
187895283,akabe1/windows_exploit_dowser,old_2017_03_14_msbulletin.csv,ac782da58b9b1fbbc2d8ea594d3db0be8c5cfbe3,CVE-2011-0038
187895283,akabe1/windows_exploit_dowser,old_2017_03_14_msbulletin.csv,ac782da58b9b1fbbc2d8ea594d3db0be8c5cfbe3,CVE-2011-0039
187895283,akabe1/windows_exploit_dowser,old_2017_03_14_msbulletin.csv,ac782da58b9b1fbbc2d8ea594d3db0be8c5cfbe3,CVE-2011-0040
187895283,akabe1/windows_exploit_dowser,old_2017_03_14_msbulletin.csv,ac782da58b9b1fbbc2d8ea594d3db0be8c5cfbe3,CVE-2011-0041
187895283,akabe1/windows_exploit_dowser,old_2017_03_14_msbulletin.csv,ac782da58b9b1fbbc2d8ea594d3db0be8c5cfbe3,CVE-2011-0042
187895283,akabe1/windows_exploit_dowser,old_2017_03_14_msbulletin.csv,ac782da58b9b1fbbc2d8ea594d3db0be8c5cfbe3,CVE-2011-0043
187895283,akabe1/windows_exploit_dowser,old_2017_03_14_msbulletin.csv,ac782da58b9b1fbbc2d8ea594d3db0be8c5cfbe3,CVE-2011-0045
187895283,akabe1/windows_exploit_dowser,old_2017_03_14_msbulletin.csv,ac782da58b9b1fbbc2d8ea594d3db0be8c5cfbe3,CVE-2011-0086
187895283,akabe1/windows_exploit_dowser,old_2017_03_14_msbulletin.csv,ac782da58b9b1fbbc2d8ea594d3db0be8c5cfbe3,CVE-2011-0087
187895283,akabe1/windows_exploit_dowser,old_2017_03_14_msbulletin.csv,ac782da58b9b1fbbc2d8ea594d3db0be8c5cfbe3,CVE-2011-0088
187895283,akabe1/windows_exploit_dowser,old_2017_03_14_msbulletin.csv,ac782da58b9b1fbbc2d8ea594d3db0be8c5cfbe3,CVE-2011-0089
187895283,akabe1/windows_exploit_dowser,old_2017_03_14_msbulletin.csv,ac782da58b9b1fbbc2d8ea594d3db0be8c5cfbe3,CVE-2011-0090
187895283,akabe1/windows_exploit_dowser,old_2017_03_14_msbulletin.csv,ac782da58b9b1fbbc2d8ea594d3db0be8c5cfbe3,CVE-2011-0091
187895283,akabe1/windows_exploit_dowser,old_2017_03_14_msbulletin.csv,ac782da58b9b1fbbc2d8ea594d3db0be8c5cfbe3,CVE-2011-0092
187895283,akabe1/windows_exploit_dowser,old_2017_03_14_msbulletin.csv,ac782da58b9b1fbbc2d8ea594d3db0be8c5cfbe3,CVE-2011-0093
187895283,akabe1/windows_exploit_dowser,old_2017_03_14_msbulletin.csv,ac782da58b9b1fbbc2d8ea594d3db0be8c5cfbe3,CVE-2011-0094
187895283,akabe1/windows_exploit_dowser,old_2017_03_14_msbulletin.csv,ac782da58b9b1fbbc2d8ea594d3db0be8c5cfbe3,CVE-2011-0096
187895283,akabe1/windows_exploit_dowser,old_2017_03_14_msbulletin.csv,ac782da58b9b1fbbc2d8ea594d3db0be8c5cfbe3,CVE-2011-0097
187895283,akabe1/windows_exploit_dowser,old_2017_03_14_msbulletin.csv,ac782da58b9b1fbbc2d8ea594d3db0be8c5cfbe3,CVE-2011-0098
187895283,akabe1/windows_exploit_dowser,old_2017_03_14_msbulletin.csv,ac782da58b9b1fbbc2d8ea594d3db0be8c5cfbe3,CVE-2011-0101
187895283,akabe1/windows_exploit_dowser,old_2017_03_14_msbulletin.csv,ac782da58b9b1fbbc2d8ea594d3db0be8c5cfbe3,CVE-2011-0103
187895283,akabe1/windows_exploit_dowser,old_2017_03_14_msbulletin.csv,ac782da58b9b1fbbc2d8ea594d3db0be8c5cfbe3,CVE-2011-0104
187895283,akabe1/windows_exploit_dowser,old_2017_03_14_msbulletin.csv,ac782da58b9b1fbbc2d8ea594d3db0be8c5cfbe3,CVE-2011-0105
187895283,akabe1/windows_exploit_dowser,old_2017_03_14_msbulletin.csv,ac782da58b9b1fbbc2d8ea594d3db0be8c5cfbe3,CVE-2011-0034
187895283,akabe1/windows_exploit_dowser,old_2017_03_14_msbulletin.csv,ac782da58b9b1fbbc2d8ea594d3db0be8c5cfbe3,CVE-2011-0107
187895283,akabe1/windows_exploit_dowser,old_2017_03_14_msbulletin.csv,ac782da58b9b1fbbc2d8ea594d3db0be8c5cfbe3,CVE-2011-0033
187895283,akabe1/windows_exploit_dowser,old_2017_03_14_msbulletin.csv,ac782da58b9b1fbbc2d8ea594d3db0be8c5cfbe3,CVE-2011-0031
187895283,akabe1/windows_exploit_dowser,old_2017_03_14_msbulletin.csv,ac782da58b9b1fbbc2d8ea594d3db0be8c5cfbe3,CVE-2010-3956
187895283,akabe1/windows_exploit_dowser,old_2017_03_14_msbulletin.csv,ac782da58b9b1fbbc2d8ea594d3db0be8c5cfbe3,CVE-2010-3957
187895283,akabe1/windows_exploit_dowser,old_2017_03_14_msbulletin.csv,ac782da58b9b1fbbc2d8ea594d3db0be8c5cfbe3,CVE-2010-3958
187895283,akabe1/windows_exploit_dowser,old_2017_03_14_msbulletin.csv,ac782da58b9b1fbbc2d8ea594d3db0be8c5cfbe3,CVE-2010-3959
187895283,akabe1/windows_exploit_dowser,old_2017_03_14_msbulletin.csv,ac782da58b9b1fbbc2d8ea594d3db0be8c5cfbe3,CVE-2010-3960
187895283,akabe1/windows_exploit_dowser,old_2017_03_14_msbulletin.csv,ac782da58b9b1fbbc2d8ea594d3db0be8c5cfbe3,CVE-2010-3961
187895283,akabe1/windows_exploit_dowser,old_2017_03_14_msbulletin.csv,ac782da58b9b1fbbc2d8ea594d3db0be8c5cfbe3,CVE-2010-3962
187895283,akabe1/windows_exploit_dowser,old_2017_03_14_msbulletin.csv,ac782da58b9b1fbbc2d8ea594d3db0be8c5cfbe3,CVE-2010-3963
187895283,akabe1/windows_exploit_dowser,old_2017_03_14_msbulletin.csv,ac782da58b9b1fbbc2d8ea594d3db0be8c5cfbe3,CVE-2010-3964
187895283,akabe1/windows_exploit_dowser,old_2017_03_14_msbulletin.csv,ac782da58b9b1fbbc2d8ea594d3db0be8c5cfbe3,CVE-2010-3965
187895283,akabe1/windows_exploit_dowser,old_2017_03_14_msbulletin.csv,ac782da58b9b1fbbc2d8ea594d3db0be8c5cfbe3,CVE-2010-3966
187895283,akabe1/windows_exploit_dowser,old_2017_03_14_msbulletin.csv,ac782da58b9b1fbbc2d8ea594d3db0be8c5cfbe3,CVE-2010-3967
187895283,akabe1/windows_exploit_dowser,old_2017_03_14_msbulletin.csv,ac782da58b9b1fbbc2d8ea594d3db0be8c5cfbe3,CVE-2010-3970
187895283,akabe1/windows_exploit_dowser,old_2017_03_14_msbulletin.csv,ac782da58b9b1fbbc2d8ea594d3db0be8c5cfbe3,CVE-2010-3971
187895283,akabe1/windows_exploit_dowser,old_2017_03_14_msbulletin.csv,ac782da58b9b1fbbc2d8ea594d3db0be8c5cfbe3,CVE-2010-3972
187895283,akabe1/windows_exploit_dowser,old_2017_03_14_msbulletin.csv,ac782da58b9b1fbbc2d8ea594d3db0be8c5cfbe3,CVE-2010-3973
187895283,akabe1/windows_exploit_dowser,old_2017_03_14_msbulletin.csv,ac782da58b9b1fbbc2d8ea594d3db0be8c5cfbe3,CVE-2010-3974
187895283,akabe1/windows_exploit_dowser,old_2017_03_14_msbulletin.csv,ac782da58b9b1fbbc2d8ea594d3db0be8c5cfbe3,CVE-2010-4398
187895283,akabe1/windows_exploit_dowser,old_2017_03_14_msbulletin.csv,ac782da58b9b1fbbc2d8ea594d3db0be8c5cfbe3,CVE-2010-4701
187895283,akabe1/windows_exploit_dowser,old_2017_03_14_msbulletin.csv,ac782da58b9b1fbbc2d8ea594d3db0be8c5cfbe3,CVE-2010-5082
187895283,akabe1/windows_exploit_dowser,old_2017_03_14_msbulletin.csv,ac782da58b9b1fbbc2d8ea594d3db0be8c5cfbe3,CVE-2011-0026
187895283,akabe1/windows_exploit_dowser,old_2017_03_14_msbulletin.csv,ac782da58b9b1fbbc2d8ea594d3db0be8c5cfbe3,CVE-2011-0027
187895283,akabe1/windows_exploit_dowser,old_2017_03_14_msbulletin.csv,ac782da58b9b1fbbc2d8ea594d3db0be8c5cfbe3,CVE-2011-0028
187895283,akabe1/windows_exploit_dowser,old_2017_03_14_msbulletin.csv,ac782da58b9b1fbbc2d8ea594d3db0be8c5cfbe3,CVE-2011-0029
187895283,akabe1/windows_exploit_dowser,old_2017_03_14_msbulletin.csv,ac782da58b9b1fbbc2d8ea594d3db0be8c5cfbe3,CVE-2011-0030
187895283,akabe1/windows_exploit_dowser,old_2017_03_14_msbulletin.csv,ac782da58b9b1fbbc2d8ea594d3db0be8c5cfbe3,CVE-2011-0032
187895283,akabe1/windows_exploit_dowser,old_2017_03_14_msbulletin.csv,ac782da58b9b1fbbc2d8ea594d3db0be8c5cfbe3,CVE-2011-0346
187895283,akabe1/windows_exploit_dowser,old_2017_03_14_msbulletin.csv,ac782da58b9b1fbbc2d8ea594d3db0be8c5cfbe3,CVE-2011-0653
187895283,akabe1/windows_exploit_dowser,old_2017_03_14_msbulletin.csv,ac782da58b9b1fbbc2d8ea594d3db0be8c5cfbe3,CVE-2011-0654
187895283,akabe1/windows_exploit_dowser,old_2017_03_14_msbulletin.csv,ac782da58b9b1fbbc2d8ea594d3db0be8c5cfbe3,CVE-2011-1230
187895283,akabe1/windows_exploit_dowser,old_2017_03_14_msbulletin.csv,ac782da58b9b1fbbc2d8ea594d3db0be8c5cfbe3,CVE-2011-1231
187895283,akabe1/windows_exploit_dowser,old_2017_03_14_msbulletin.csv,ac782da58b9b1fbbc2d8ea594d3db0be8c5cfbe3,CVE-2011-1232
187895283,akabe1/windows_exploit_dowser,old_2017_03_14_msbulletin.csv,ac782da58b9b1fbbc2d8ea594d3db0be8c5cfbe3,CVE-2011-1233
187895283,akabe1/windows_exploit_dowser,old_2017_03_14_msbulletin.csv,ac782da58b9b1fbbc2d8ea594d3db0be8c5cfbe3,CVE-2011-1234
187895283,akabe1/windows_exploit_dowser,old_2017_03_14_msbulletin.csv,ac782da58b9b1fbbc2d8ea594d3db0be8c5cfbe3,CVE-2011-1235
187895283,akabe1/windows_exploit_dowser,old_2017_03_14_msbulletin.csv,ac782da58b9b1fbbc2d8ea594d3db0be8c5cfbe3,CVE-2011-1236
187895283,akabe1/windows_exploit_dowser,old_2017_03_14_msbulletin.csv,ac782da58b9b1fbbc2d8ea594d3db0be8c5cfbe3,CVE-2011-1237
187895283,akabe1/windows_exploit_dowser,old_2017_03_14_msbulletin.csv,ac782da58b9b1fbbc2d8ea594d3db0be8c5cfbe3,CVE-2011-1238
187895283,akabe1/windows_exploit_dowser,old_2017_03_14_msbulletin.csv,ac782da58b9b1fbbc2d8ea594d3db0be8c5cfbe3,CVE-2011-1239
187895283,akabe1/windows_exploit_dowser,old_2017_03_14_msbulletin.csv,ac782da58b9b1fbbc2d8ea594d3db0be8c5cfbe3,CVE-2011-1240
187895283,akabe1/windows_exploit_dowser,old_2017_03_14_msbulletin.csv,ac782da58b9b1fbbc2d8ea594d3db0be8c5cfbe3,CVE-2011-1241
187895283,akabe1/windows_exploit_dowser,old_2017_03_14_msbulletin.csv,ac782da58b9b1fbbc2d8ea594d3db0be8c5cfbe3,CVE-2011-1242
187895283,akabe1/windows_exploit_dowser,old_2017_03_14_msbulletin.csv,ac782da58b9b1fbbc2d8ea594d3db0be8c5cfbe3,CVE-2011-1243
187895283,akabe1/windows_exploit_dowser,old_2017_03_14_msbulletin.csv,ac782da58b9b1fbbc2d8ea594d3db0be8c5cfbe3,CVE-2011-1244
187895283,akabe1/windows_exploit_dowser,old_2017_03_14_msbulletin.csv,ac782da58b9b1fbbc2d8ea594d3db0be8c5cfbe3,CVE-2011-1245
187895283,akabe1/windows_exploit_dowser,old_2017_03_14_msbulletin.csv,ac782da58b9b1fbbc2d8ea594d3db0be8c5cfbe3,CVE-2011-1246
187895283,akabe1/windows_exploit_dowser,old_2017_03_14_msbulletin.csv,ac782da58b9b1fbbc2d8ea594d3db0be8c5cfbe3,CVE-2011-1247
187895283,akabe1/windows_exploit_dowser,old_2017_03_14_msbulletin.csv,ac782da58b9b1fbbc2d8ea594d3db0be8c5cfbe3,CVE-2011-1248
187895283,akabe1/windows_exploit_dowser,old_2017_03_14_msbulletin.csv,ac782da58b9b1fbbc2d8ea594d3db0be8c5cfbe3,CVE-2011-1249
187895283,akabe1/windows_exploit_dowser,old_2017_03_14_msbulletin.csv,ac782da58b9b1fbbc2d8ea594d3db0be8c5cfbe3,CVE-2011-1250
187895283,akabe1/windows_exploit_dowser,old_2017_03_14_msbulletin.csv,ac782da58b9b1fbbc2d8ea594d3db0be8c5cfbe3,CVE-2011-1251
187895283,akabe1/windows_exploit_dowser,old_2017_03_14_msbulletin.csv,ac782da58b9b1fbbc2d8ea594d3db0be8c5cfbe3,CVE-2011-1252
187895283,akabe1/windows_exploit_dowser,old_2017_03_14_msbulletin.csv,ac782da58b9b1fbbc2d8ea594d3db0be8c5cfbe3,CVE-2011-1253
187895283,akabe1/windows_exploit_dowser,old_2017_03_14_msbulletin.csv,ac782da58b9b1fbbc2d8ea594d3db0be8c5cfbe3,CVE-2011-1254
187895283,akabe1/windows_exploit_dowser,old_2017_03_14_msbulletin.csv,ac782da58b9b1fbbc2d8ea594d3db0be8c5cfbe3,CVE-2011-1229
187895283,akabe1/windows_exploit_dowser,old_2017_03_14_msbulletin.csv,ac782da58b9b1fbbc2d8ea594d3db0be8c5cfbe3,CVE-2011-1228
187895283,akabe1/windows_exploit_dowser,old_2017_03_14_msbulletin.csv,ac782da58b9b1fbbc2d8ea594d3db0be8c5cfbe3,CVE-2011-1227
187895283,akabe1/windows_exploit_dowser,old_2017_03_14_msbulletin.csv,ac782da58b9b1fbbc2d8ea594d3db0be8c5cfbe3,CVE-2011-1226
187895283,akabe1/windows_exploit_dowser,old_2017_03_14_msbulletin.csv,ac782da58b9b1fbbc2d8ea594d3db0be8c5cfbe3,CVE-2011-0655
187895283,akabe1/windows_exploit_dowser,old_2017_03_14_msbulletin.csv,ac782da58b9b1fbbc2d8ea594d3db0be8c5cfbe3,CVE-2011-0656
187895283,akabe1/windows_exploit_dowser,old_2017_03_14_msbulletin.csv,ac782da58b9b1fbbc2d8ea594d3db0be8c5cfbe3,CVE-2011-0657
187895283,akabe1/windows_exploit_dowser,old_2017_03_14_msbulletin.csv,ac782da58b9b1fbbc2d8ea594d3db0be8c5cfbe3,CVE-2011-0658
187895283,akabe1/windows_exploit_dowser,old_2017_03_14_msbulletin.csv,ac782da58b9b1fbbc2d8ea594d3db0be8c5cfbe3,CVE-2011-0660
187895283,akabe1/windows_exploit_dowser,old_2017_03_14_msbulletin.csv,ac782da58b9b1fbbc2d8ea594d3db0be8c5cfbe3,CVE-2011-0661
187895283,akabe1/windows_exploit_dowser,old_2017_03_14_msbulletin.csv,ac782da58b9b1fbbc2d8ea594d3db0be8c5cfbe3,CVE-2011-0662
187895283,akabe1/windows_exploit_dowser,old_2017_03_14_msbulletin.csv,ac782da58b9b1fbbc2d8ea594d3db0be8c5cfbe3,CVE-2011-0663
187895283,akabe1/windows_exploit_dowser,old_2017_03_14_msbulletin.csv,ac782da58b9b1fbbc2d8ea594d3db0be8c5cfbe3,CVE-2011-0664
187895283,akabe1/windows_exploit_dowser,old_2017_03_14_msbulletin.csv,ac782da58b9b1fbbc2d8ea594d3db0be8c5cfbe3,CVE-2011-0665
187895283,akabe1/windows_exploit_dowser,old_2017_03_14_msbulletin.csv,ac782da58b9b1fbbc2d8ea594d3db0be8c5cfbe3,CVE-2011-0666
187895283,akabe1/windows_exploit_dowser,old_2017_03_14_msbulletin.csv,ac782da58b9b1fbbc2d8ea594d3db0be8c5cfbe3,CVE-2011-0667
187895283,akabe1/windows_exploit_dowser,old_2017_03_14_msbulletin.csv,ac782da58b9b1fbbc2d8ea594d3db0be8c5cfbe3,CVE-2011-3396
187895283,akabe1/windows_exploit_dowser,old_2017_03_14_msbulletin.csv,ac782da58b9b1fbbc2d8ea594d3db0be8c5cfbe3,CVE-2011-0670
187895283,akabe1/windows_exploit_dowser,old_2017_03_14_msbulletin.csv,ac782da58b9b1fbbc2d8ea594d3db0be8c5cfbe3,CVE-2011-0672
187895283,akabe1/windows_exploit_dowser,old_2017_03_14_msbulletin.csv,ac782da58b9b1fbbc2d8ea594d3db0be8c5cfbe3,CVE-2011-0673
187895283,akabe1/windows_exploit_dowser,old_2017_03_14_msbulletin.csv,ac782da58b9b1fbbc2d8ea594d3db0be8c5cfbe3,CVE-2011-0674
187895283,akabe1/windows_exploit_dowser,old_2017_03_14_msbulletin.csv,ac782da58b9b1fbbc2d8ea594d3db0be8c5cfbe3,CVE-2011-0675
187895283,akabe1/windows_exploit_dowser,old_2017_03_14_msbulletin.csv,ac782da58b9b1fbbc2d8ea594d3db0be8c5cfbe3,CVE-2011-0676
187895283,akabe1/windows_exploit_dowser,old_2017_03_14_msbulletin.csv,ac782da58b9b1fbbc2d8ea594d3db0be8c5cfbe3,CVE-2011-0677
187895283,akabe1/windows_exploit_dowser,old_2017_03_14_msbulletin.csv,ac782da58b9b1fbbc2d8ea594d3db0be8c5cfbe3,CVE-2011-0976
187895283,akabe1/windows_exploit_dowser,old_2017_03_14_msbulletin.csv,ac782da58b9b1fbbc2d8ea594d3db0be8c5cfbe3,CVE-2011-0977
187895283,akabe1/windows_exploit_dowser,old_2017_03_14_msbulletin.csv,ac782da58b9b1fbbc2d8ea594d3db0be8c5cfbe3,CVE-2011-0978
187895283,akabe1/windows_exploit_dowser,old_2017_03_14_msbulletin.csv,ac782da58b9b1fbbc2d8ea594d3db0be8c5cfbe3,CVE-2011-0979
187895283,akabe1/windows_exploit_dowser,old_2017_03_14_msbulletin.csv,ac782da58b9b1fbbc2d8ea594d3db0be8c5cfbe3,CVE-2011-0980
187895283,akabe1/windows_exploit_dowser,old_2017_03_14_msbulletin.csv,ac782da58b9b1fbbc2d8ea594d3db0be8c5cfbe3,CVE-2011-1225
187895283,akabe1/windows_exploit_dowser,old_2017_03_14_msbulletin.csv,ac782da58b9b1fbbc2d8ea594d3db0be8c5cfbe3,CVE-2011-0671
187895283,akabe1/windows_exploit_dowser,old_2017_03_14_msbulletin.csv,ac782da58b9b1fbbc2d8ea594d3db0be8c5cfbe3,CVE-2011-3397
187895283,akabe1/windows_exploit_dowser,old_2017_03_14_msbulletin.csv,ac782da58b9b1fbbc2d8ea594d3db0be8c5cfbe3,CVE-2011-3400
187895283,akabe1/windows_exploit_dowser,old_2017_03_14_msbulletin.csv,ac782da58b9b1fbbc2d8ea594d3db0be8c5cfbe3,CVE-2011-3401
187895283,akabe1/windows_exploit_dowser,old_2017_03_14_msbulletin.csv,ac782da58b9b1fbbc2d8ea594d3db0be8c5cfbe3,CVE-2012-2521
187895283,akabe1/windows_exploit_dowser,old_2017_03_14_msbulletin.csv,ac782da58b9b1fbbc2d8ea594d3db0be8c5cfbe3,CVE-2012-2522
187895283,akabe1/windows_exploit_dowser,old_2017_03_14_msbulletin.csv,ac782da58b9b1fbbc2d8ea594d3db0be8c5cfbe3,CVE-2012-2523
187895283,akabe1/windows_exploit_dowser,old_2017_03_14_msbulletin.csv,ac782da58b9b1fbbc2d8ea594d3db0be8c5cfbe3,CVE-2012-2524
187895283,akabe1/windows_exploit_dowser,old_2017_03_14_msbulletin.csv,ac782da58b9b1fbbc2d8ea594d3db0be8c5cfbe3,CVE-2012-2526
187895283,akabe1/windows_exploit_dowser,old_2017_03_14_msbulletin.csv,ac782da58b9b1fbbc2d8ea594d3db0be8c5cfbe3,CVE-2012-2527
187895283,akabe1/windows_exploit_dowser,old_2017_03_14_msbulletin.csv,ac782da58b9b1fbbc2d8ea594d3db0be8c5cfbe3,CVE-2012-2528
187895283,akabe1/windows_exploit_dowser,old_2017_03_14_msbulletin.csv,ac782da58b9b1fbbc2d8ea594d3db0be8c5cfbe3,CVE-2012-2529
187895283,akabe1/windows_exploit_dowser,old_2017_03_14_msbulletin.csv,ac782da58b9b1fbbc2d8ea594d3db0be8c5cfbe3,CVE-2012-2530
187895283,akabe1/windows_exploit_dowser,old_2017_03_14_msbulletin.csv,ac782da58b9b1fbbc2d8ea594d3db0be8c5cfbe3,CVE-2012-2531
187895283,akabe1/windows_exploit_dowser,old_2017_03_14_msbulletin.csv,ac782da58b9b1fbbc2d8ea594d3db0be8c5cfbe3,CVE-2012-2532
187895283,akabe1/windows_exploit_dowser,old_2017_03_14_msbulletin.csv,ac782da58b9b1fbbc2d8ea594d3db0be8c5cfbe3,CVE-2012-2536
187895283,akabe1/windows_exploit_dowser,old_2017_03_14_msbulletin.csv,ac782da58b9b1fbbc2d8ea594d3db0be8c5cfbe3,CVE-2012-2539
187895283,akabe1/windows_exploit_dowser,old_2017_03_14_msbulletin.csv,ac782da58b9b1fbbc2d8ea594d3db0be8c5cfbe3,CVE-2012-2543
187895283,akabe1/windows_exploit_dowser,old_2017_03_14_msbulletin.csv,ac782da58b9b1fbbc2d8ea594d3db0be8c5cfbe3,CVE-2012-2546
187895283,akabe1/windows_exploit_dowser,old_2017_03_14_msbulletin.csv,ac782da58b9b1fbbc2d8ea594d3db0be8c5cfbe3,CVE-2012-2548
187895283,akabe1/windows_exploit_dowser,old_2017_03_14_msbulletin.csv,ac782da58b9b1fbbc2d8ea594d3db0be8c5cfbe3,CVE-2012-2549
187895283,akabe1/windows_exploit_dowser,old_2017_03_14_msbulletin.csv,ac782da58b9b1fbbc2d8ea594d3db0be8c5cfbe3,CVE-2012-2550
187895283,akabe1/windows_exploit_dowser,old_2017_03_14_msbulletin.csv,ac782da58b9b1fbbc2d8ea594d3db0be8c5cfbe3,CVE-2012-2551
187895283,akabe1/windows_exploit_dowser,old_2017_03_14_msbulletin.csv,ac782da58b9b1fbbc2d8ea594d3db0be8c5cfbe3,CVE-2012-2552
187895283,akabe1/windows_exploit_dowser,old_2017_03_14_msbulletin.csv,ac782da58b9b1fbbc2d8ea594d3db0be8c5cfbe3,CVE-2012-2553
187895283,akabe1/windows_exploit_dowser,old_2017_03_14_msbulletin.csv,ac782da58b9b1fbbc2d8ea594d3db0be8c5cfbe3,CVE-2012-2556
187895283,akabe1/windows_exploit_dowser,old_2017_03_14_msbulletin.csv,ac782da58b9b1fbbc2d8ea594d3db0be8c5cfbe3,CVE-2012-2557
187895283,akabe1/windows_exploit_dowser,old_2017_03_14_msbulletin.csv,ac782da58b9b1fbbc2d8ea594d3db0be8c5cfbe3,CVE-2012-2897
187895283,akabe1/windows_exploit_dowser,old_2017_03_14_msbulletin.csv,ac782da58b9b1fbbc2d8ea594d3db0be8c5cfbe3,CVE-2012-3106
187895283,akabe1/windows_exploit_dowser,old_2017_03_14_msbulletin.csv,ac782da58b9b1fbbc2d8ea594d3db0be8c5cfbe3,CVE-2012-2520
187895283,akabe1/windows_exploit_dowser,old_2017_03_14_msbulletin.csv,ac782da58b9b1fbbc2d8ea594d3db0be8c5cfbe3,CVE-2012-3107
187895283,akabe1/windows_exploit_dowser,old_2017_03_14_msbulletin.csv,ac782da58b9b1fbbc2d8ea594d3db0be8c5cfbe3,CVE-2012-2519
187895283,akabe1/windows_exploit_dowser,old_2017_03_14_msbulletin.csv,ac782da58b9b1fbbc2d8ea594d3db0be8c5cfbe3,CVE-2012-1895
187895283,akabe1/windows_exploit_dowser,old_2017_03_14_msbulletin.csv,ac782da58b9b1fbbc2d8ea594d3db0be8c5cfbe3,CVE-2012-1866
187895283,akabe1/windows_exploit_dowser,old_2017_03_14_msbulletin.csv,ac782da58b9b1fbbc2d8ea594d3db0be8c5cfbe3,CVE-2012-1867
187895283,akabe1/windows_exploit_dowser,old_2017_03_14_msbulletin.csv,ac782da58b9b1fbbc2d8ea594d3db0be8c5cfbe3,CVE-2012-1868
187895283,akabe1/windows_exploit_dowser,old_2017_03_14_msbulletin.csv,ac782da58b9b1fbbc2d8ea594d3db0be8c5cfbe3,CVE-2012-1870
187895283,akabe1/windows_exploit_dowser,old_2017_03_14_msbulletin.csv,ac782da58b9b1fbbc2d8ea594d3db0be8c5cfbe3,CVE-2012-1872
187895283,akabe1/windows_exploit_dowser,old_2017_03_14_msbulletin.csv,ac782da58b9b1fbbc2d8ea594d3db0be8c5cfbe3,CVE-2012-1873
187895283,akabe1/windows_exploit_dowser,old_2017_03_14_msbulletin.csv,ac782da58b9b1fbbc2d8ea594d3db0be8c5cfbe3,CVE-2012-1874
187895283,akabe1/windows_exploit_dowser,old_2017_03_14_msbulletin.csv,ac782da58b9b1fbbc2d8ea594d3db0be8c5cfbe3,CVE-2012-1875
187895283,akabe1/windows_exploit_dowser,old_2017_03_14_msbulletin.csv,ac782da58b9b1fbbc2d8ea594d3db0be8c5cfbe3,CVE-2012-1876
187895283,akabe1/windows_exploit_dowser,old_2017_03_14_msbulletin.csv,ac782da58b9b1fbbc2d8ea594d3db0be8c5cfbe3,CVE-2012-1877
187895283,akabe1/windows_exploit_dowser,old_2017_03_14_msbulletin.csv,ac782da58b9b1fbbc2d8ea594d3db0be8c5cfbe3,CVE-2012-1878
187895283,akabe1/windows_exploit_dowser,old_2017_03_14_msbulletin.csv,ac782da58b9b1fbbc2d8ea594d3db0be8c5cfbe3,CVE-2012-1879
187895283,akabe1/windows_exploit_dowser,old_2017_03_14_msbulletin.csv,ac782da58b9b1fbbc2d8ea594d3db0be8c5cfbe3,CVE-2012-1880
187895283,akabe1/windows_exploit_dowser,old_2017_03_14_msbulletin.csv,ac782da58b9b1fbbc2d8ea594d3db0be8c5cfbe3,CVE-2012-1881
187895283,akabe1/windows_exploit_dowser,old_2017_03_14_msbulletin.csv,ac782da58b9b1fbbc2d8ea594d3db0be8c5cfbe3,CVE-2012-1882
187895283,akabe1/windows_exploit_dowser,old_2017_03_14_msbulletin.csv,ac782da58b9b1fbbc2d8ea594d3db0be8c5cfbe3,CVE-2012-1885
187895283,akabe1/windows_exploit_dowser,old_2017_03_14_msbulletin.csv,ac782da58b9b1fbbc2d8ea594d3db0be8c5cfbe3,CVE-2012-1886
187895283,akabe1/windows_exploit_dowser,old_2017_03_14_msbulletin.csv,ac782da58b9b1fbbc2d8ea594d3db0be8c5cfbe3,CVE-2012-1887
187895283,akabe1/windows_exploit_dowser,old_2017_03_14_msbulletin.csv,ac782da58b9b1fbbc2d8ea594d3db0be8c5cfbe3,CVE-2012-1888
187895283,akabe1/windows_exploit_dowser,old_2017_03_14_msbulletin.csv,ac782da58b9b1fbbc2d8ea594d3db0be8c5cfbe3,CVE-2012-1889
187895283,akabe1/windows_exploit_dowser,old_2017_03_14_msbulletin.csv,ac782da58b9b1fbbc2d8ea594d3db0be8c5cfbe3,CVE-2012-1890
187895283,akabe1/windows_exploit_dowser,old_2017_03_14_msbulletin.csv,ac782da58b9b1fbbc2d8ea594d3db0be8c5cfbe3,CVE-2012-1891
187895283,akabe1/windows_exploit_dowser,old_2017_03_14_msbulletin.csv,ac782da58b9b1fbbc2d8ea594d3db0be8c5cfbe3,CVE-2012-1892
187895283,akabe1/windows_exploit_dowser,old_2017_03_14_msbulletin.csv,ac782da58b9b1fbbc2d8ea594d3db0be8c5cfbe3,CVE-2012-1893
187895283,akabe1/windows_exploit_dowser,old_2017_03_14_msbulletin.csv,ac782da58b9b1fbbc2d8ea594d3db0be8c5cfbe3,CVE-2012-1894
187895283,akabe1/windows_exploit_dowser,old_2017_03_14_msbulletin.csv,ac782da58b9b1fbbc2d8ea594d3db0be8c5cfbe3,CVE-2012-1896
187895283,akabe1/windows_exploit_dowser,old_2017_03_14_msbulletin.csv,ac782da58b9b1fbbc2d8ea594d3db0be8c5cfbe3,CVE-2012-3108
187895283,akabe1/windows_exploit_dowser,old_2017_03_14_msbulletin.csv,ac782da58b9b1fbbc2d8ea594d3db0be8c5cfbe3,CVE-2012-3109
187895283,akabe1/windows_exploit_dowser,old_2017_03_14_msbulletin.csv,ac782da58b9b1fbbc2d8ea594d3db0be8c5cfbe3,CVE-2012-3110
187895283,akabe1/windows_exploit_dowser,old_2017_03_14_msbulletin.csv,ac782da58b9b1fbbc2d8ea594d3db0be8c5cfbe3,CVE-2013-0022
187895283,akabe1/windows_exploit_dowser,old_2017_03_14_msbulletin.csv,ac782da58b9b1fbbc2d8ea594d3db0be8c5cfbe3,CVE-2013-0023
187895283,akabe1/windows_exploit_dowser,old_2017_03_14_msbulletin.csv,ac782da58b9b1fbbc2d8ea594d3db0be8c5cfbe3,CVE-2013-0024
187895283,akabe1/windows_exploit_dowser,old_2017_03_14_msbulletin.csv,ac782da58b9b1fbbc2d8ea594d3db0be8c5cfbe3,CVE-2013-0025
187895283,akabe1/windows_exploit_dowser,old_2017_03_14_msbulletin.csv,ac782da58b9b1fbbc2d8ea594d3db0be8c5cfbe3,CVE-2013-0026
187895283,akabe1/windows_exploit_dowser,old_2017_03_14_msbulletin.csv,ac782da58b9b1fbbc2d8ea594d3db0be8c5cfbe3,CVE-2013-0027
187895283,akabe1/windows_exploit_dowser,old_2017_03_14_msbulletin.csv,ac782da58b9b1fbbc2d8ea594d3db0be8c5cfbe3,CVE-2013-0028
187895283,akabe1/windows_exploit_dowser,old_2017_03_14_msbulletin.csv,ac782da58b9b1fbbc2d8ea594d3db0be8c5cfbe3,CVE-2013-0029
187895283,akabe1/windows_exploit_dowser,old_2017_03_14_msbulletin.csv,ac782da58b9b1fbbc2d8ea594d3db0be8c5cfbe3,CVE-2013-0030
187895283,akabe1/windows_exploit_dowser,old_2017_03_14_msbulletin.csv,ac782da58b9b1fbbc2d8ea594d3db0be8c5cfbe3,CVE-2013-0073
187895283,akabe1/windows_exploit_dowser,old_2017_03_14_msbulletin.csv,ac782da58b9b1fbbc2d8ea594d3db0be8c5cfbe3,CVE-2013-0074
187895283,akabe1/windows_exploit_dowser,old_2017_03_14_msbulletin.csv,ac782da58b9b1fbbc2d8ea594d3db0be8c5cfbe3,CVE-2013-0075
187895283,akabe1/windows_exploit_dowser,old_2017_03_14_msbulletin.csv,ac782da58b9b1fbbc2d8ea594d3db0be8c5cfbe3,CVE-2013-0076
187895283,akabe1/windows_exploit_dowser,old_2017_03_14_msbulletin.csv,ac782da58b9b1fbbc2d8ea594d3db0be8c5cfbe3,CVE-2013-0077
187895283,akabe1/windows_exploit_dowser,old_2017_03_14_msbulletin.csv,ac782da58b9b1fbbc2d8ea594d3db0be8c5cfbe3,CVE-2013-0078
187895283,akabe1/windows_exploit_dowser,old_2017_03_14_msbulletin.csv,ac782da58b9b1fbbc2d8ea594d3db0be8c5cfbe3,CVE-2013-0079
187895283,akabe1/windows_exploit_dowser,old_2017_03_14_msbulletin.csv,ac782da58b9b1fbbc2d8ea594d3db0be8c5cfbe3,CVE-2013-0080
187895283,akabe1/windows_exploit_dowser,old_2017_03_14_msbulletin.csv,ac782da58b9b1fbbc2d8ea594d3db0be8c5cfbe3,CVE-2013-0081
187895283,akabe1/windows_exploit_dowser,old_2017_03_14_msbulletin.csv,ac782da58b9b1fbbc2d8ea594d3db0be8c5cfbe3,CVE-2013-0082
187895283,akabe1/windows_exploit_dowser,old_2017_03_14_msbulletin.csv,ac782da58b9b1fbbc2d8ea594d3db0be8c5cfbe3,CVE-2013-0083
187895283,akabe1/windows_exploit_dowser,old_2017_03_14_msbulletin.csv,ac782da58b9b1fbbc2d8ea594d3db0be8c5cfbe3,CVE-2013-0084
187895283,akabe1/windows_exploit_dowser,old_2017_03_14_msbulletin.csv,ac782da58b9b1fbbc2d8ea594d3db0be8c5cfbe3,CVE-2013-0085
187895283,akabe1/windows_exploit_dowser,old_2017_03_14_msbulletin.csv,ac782da58b9b1fbbc2d8ea594d3db0be8c5cfbe3,CVE-2013-0086
187895283,akabe1/windows_exploit_dowser,old_2017_03_14_msbulletin.csv,ac782da58b9b1fbbc2d8ea594d3db0be8c5cfbe3,CVE-2013-0087
187895283,akabe1/windows_exploit_dowser,old_2017_03_14_msbulletin.csv,ac782da58b9b1fbbc2d8ea594d3db0be8c5cfbe3,CVE-2013-0088
187895283,akabe1/windows_exploit_dowser,old_2017_03_14_msbulletin.csv,ac782da58b9b1fbbc2d8ea594d3db0be8c5cfbe3,CVE-2013-0021
187895283,akabe1/windows_exploit_dowser,old_2017_03_14_msbulletin.csv,ac782da58b9b1fbbc2d8ea594d3db0be8c5cfbe3,CVE-2013-0020
187895283,akabe1/windows_exploit_dowser,old_2017_03_14_msbulletin.csv,ac782da58b9b1fbbc2d8ea594d3db0be8c5cfbe3,CVE-2013-0019
187895283,akabe1/windows_exploit_dowser,old_2017_03_14_msbulletin.csv,ac782da58b9b1fbbc2d8ea594d3db0be8c5cfbe3,CVE-2013-0018
187895283,akabe1/windows_exploit_dowser,old_2017_03_14_msbulletin.csv,ac782da58b9b1fbbc2d8ea594d3db0be8c5cfbe3,CVE-2012-3214
187895283,akabe1/windows_exploit_dowser,old_2017_03_14_msbulletin.csv,ac782da58b9b1fbbc2d8ea594d3db0be8c5cfbe3,CVE-2012-3217
187895283,akabe1/windows_exploit_dowser,old_2017_03_14_msbulletin.csv,ac782da58b9b1fbbc2d8ea594d3db0be8c5cfbe3,CVE-2012-4774
187895283,akabe1/windows_exploit_dowser,old_2017_03_14_msbulletin.csv,ac782da58b9b1fbbc2d8ea594d3db0be8c5cfbe3,CVE-2012-4775
187895283,akabe1/windows_exploit_dowser,old_2017_03_14_msbulletin.csv,ac782da58b9b1fbbc2d8ea594d3db0be8c5cfbe3,CVE-2012-4776
187895283,akabe1/windows_exploit_dowser,old_2017_03_14_msbulletin.csv,ac782da58b9b1fbbc2d8ea594d3db0be8c5cfbe3,CVE-2012-4777
187895283,akabe1/windows_exploit_dowser,old_2017_03_14_msbulletin.csv,ac782da58b9b1fbbc2d8ea594d3db0be8c5cfbe3,CVE-2012-4781
187895283,akabe1/windows_exploit_dowser,old_2017_03_14_msbulletin.csv,ac782da58b9b1fbbc2d8ea594d3db0be8c5cfbe3,CVE-2012-4782
187895283,akabe1/windows_exploit_dowser,old_2017_03_14_msbulletin.csv,ac782da58b9b1fbbc2d8ea594d3db0be8c5cfbe3,CVE-2012-4786
187895283,akabe1/windows_exploit_dowser,old_2017_03_14_msbulletin.csv,ac782da58b9b1fbbc2d8ea594d3db0be8c5cfbe3,CVE-2012-4787
187895283,akabe1/windows_exploit_dowser,old_2017_03_14_msbulletin.csv,ac782da58b9b1fbbc2d8ea594d3db0be8c5cfbe3,CVE-2012-4791
187895283,akabe1/windows_exploit_dowser,old_2017_03_14_msbulletin.csv,ac782da58b9b1fbbc2d8ea594d3db0be8c5cfbe3,CVE-2012-4792
187895283,akabe1/windows_exploit_dowser,old_2017_03_14_msbulletin.csv,ac782da58b9b1fbbc2d8ea594d3db0be8c5cfbe3,CVE-2012-1865
187895283,akabe1/windows_exploit_dowser,old_2017_03_14_msbulletin.csv,ac782da58b9b1fbbc2d8ea594d3db0be8c5cfbe3,CVE-2012-4969
187895283,akabe1/windows_exploit_dowser,old_2017_03_14_msbulletin.csv,ac782da58b9b1fbbc2d8ea594d3db0be8c5cfbe3,CVE-2013-0002
187895283,akabe1/windows_exploit_dowser,old_2017_03_14_msbulletin.csv,ac782da58b9b1fbbc2d8ea594d3db0be8c5cfbe3,CVE-2013-0003
187895283,akabe1/windows_exploit_dowser,old_2017_03_14_msbulletin.csv,ac782da58b9b1fbbc2d8ea594d3db0be8c5cfbe3,CVE-2013-0004
187895283,akabe1/windows_exploit_dowser,old_2017_03_14_msbulletin.csv,ac782da58b9b1fbbc2d8ea594d3db0be8c5cfbe3,CVE-2013-0005
187895283,akabe1/windows_exploit_dowser,old_2017_03_14_msbulletin.csv,ac782da58b9b1fbbc2d8ea594d3db0be8c5cfbe3,CVE-2013-0006
187895283,akabe1/windows_exploit_dowser,old_2017_03_14_msbulletin.csv,ac782da58b9b1fbbc2d8ea594d3db0be8c5cfbe3,CVE-2013-0007
187895283,akabe1/windows_exploit_dowser,old_2017_03_14_msbulletin.csv,ac782da58b9b1fbbc2d8ea594d3db0be8c5cfbe3,CVE-2013-0008
187895283,akabe1/windows_exploit_dowser,old_2017_03_14_msbulletin.csv,ac782da58b9b1fbbc2d8ea594d3db0be8c5cfbe3,CVE-2013-0009
187895283,akabe1/windows_exploit_dowser,old_2017_03_14_msbulletin.csv,ac782da58b9b1fbbc2d8ea594d3db0be8c5cfbe3,CVE-2013-0010
187895283,akabe1/windows_exploit_dowser,old_2017_03_14_msbulletin.csv,ac782da58b9b1fbbc2d8ea594d3db0be8c5cfbe3,CVE-2013-0011
187895283,akabe1/windows_exploit_dowser,old_2017_03_14_msbulletin.csv,ac782da58b9b1fbbc2d8ea594d3db0be8c5cfbe3,CVE-2013-0013
187895283,akabe1/windows_exploit_dowser,old_2017_03_14_msbulletin.csv,ac782da58b9b1fbbc2d8ea594d3db0be8c5cfbe3,CVE-2013-0015
187895283,akabe1/windows_exploit_dowser,old_2017_03_14_msbulletin.csv,ac782da58b9b1fbbc2d8ea594d3db0be8c5cfbe3,CVE-2013-0001
187895283,akabe1/windows_exploit_dowser,old_2017_03_14_msbulletin.csv,ac782da58b9b1fbbc2d8ea594d3db0be8c5cfbe3,CVE-2010-3955
187895283,akabe1/windows_exploit_dowser,old_2017_03_14_msbulletin.csv,ac782da58b9b1fbbc2d8ea594d3db0be8c5cfbe3,CVE-2012-1864
187895283,akabe1/windows_exploit_dowser,old_2017_03_14_msbulletin.csv,ac782da58b9b1fbbc2d8ea594d3db0be8c5cfbe3,CVE-2012-1862
187895283,akabe1/windows_exploit_dowser,old_2017_03_14_msbulletin.csv,ac782da58b9b1fbbc2d8ea594d3db0be8c5cfbe3,CVE-2012-0018
187895283,akabe1/windows_exploit_dowser,old_2017_03_14_msbulletin.csv,ac782da58b9b1fbbc2d8ea594d3db0be8c5cfbe3,CVE-2012-0019
187895283,akabe1/windows_exploit_dowser,old_2017_03_14_msbulletin.csv,ac782da58b9b1fbbc2d8ea594d3db0be8c5cfbe3,CVE-2012-0020
187895283,akabe1/windows_exploit_dowser,old_2017_03_14_msbulletin.csv,ac782da58b9b1fbbc2d8ea594d3db0be8c5cfbe3,CVE-2012-0136
187895283,akabe1/windows_exploit_dowser,old_2017_03_14_msbulletin.csv,ac782da58b9b1fbbc2d8ea594d3db0be8c5cfbe3,CVE-2012-0137
187895283,akabe1/windows_exploit_dowser,old_2017_03_14_msbulletin.csv,ac782da58b9b1fbbc2d8ea594d3db0be8c5cfbe3,CVE-2012-0138
187895283,akabe1/windows_exploit_dowser,old_2017_03_14_msbulletin.csv,ac782da58b9b1fbbc2d8ea594d3db0be8c5cfbe3,CVE-2012-0141
187895283,akabe1/windows_exploit_dowser,old_2017_03_14_msbulletin.csv,ac782da58b9b1fbbc2d8ea594d3db0be8c5cfbe3,CVE-2012-0142
187895283,akabe1/windows_exploit_dowser,old_2017_03_14_msbulletin.csv,ac782da58b9b1fbbc2d8ea594d3db0be8c5cfbe3,CVE-2012-0143
187895283,akabe1/windows_exploit_dowser,old_2017_03_14_msbulletin.csv,ac782da58b9b1fbbc2d8ea594d3db0be8c5cfbe3,CVE-2012-0144
187895283,akabe1/windows_exploit_dowser,old_2017_03_14_msbulletin.csv,ac782da58b9b1fbbc2d8ea594d3db0be8c5cfbe3,CVE-2012-0145
187895283,akabe1/windows_exploit_dowser,old_2017_03_14_msbulletin.csv,ac782da58b9b1fbbc2d8ea594d3db0be8c5cfbe3,CVE-2012-0146
187895283,akabe1/windows_exploit_dowser,old_2017_03_14_msbulletin.csv,ac782da58b9b1fbbc2d8ea594d3db0be8c5cfbe3,CVE-2012-0147
187895283,akabe1/windows_exploit_dowser,old_2017_03_14_msbulletin.csv,ac782da58b9b1fbbc2d8ea594d3db0be8c5cfbe3,CVE-2012-0148
187895283,akabe1/windows_exploit_dowser,old_2017_03_14_msbulletin.csv,ac782da58b9b1fbbc2d8ea594d3db0be8c5cfbe3,CVE-2012-0149
187895283,akabe1/windows_exploit_dowser,old_2017_03_14_msbulletin.csv,ac782da58b9b1fbbc2d8ea594d3db0be8c5cfbe3,CVE-2012-0150
187895283,akabe1/windows_exploit_dowser,old_2017_03_14_msbulletin.csv,ac782da58b9b1fbbc2d8ea594d3db0be8c5cfbe3,CVE-2012-0151
187895283,akabe1/windows_exploit_dowser,old_2017_03_14_msbulletin.csv,ac782da58b9b1fbbc2d8ea594d3db0be8c5cfbe3,CVE-2012-0152
187895283,akabe1/windows_exploit_dowser,old_2017_03_14_msbulletin.csv,ac782da58b9b1fbbc2d8ea594d3db0be8c5cfbe3,CVE-2012-0154
187895283,akabe1/windows_exploit_dowser,old_2017_03_14_msbulletin.csv,ac782da58b9b1fbbc2d8ea594d3db0be8c5cfbe3,CVE-2012-0155
187895283,akabe1/windows_exploit_dowser,old_2017_03_14_msbulletin.csv,ac782da58b9b1fbbc2d8ea594d3db0be8c5cfbe3,CVE-2012-0156
187895283,akabe1/windows_exploit_dowser,old_2017_03_14_msbulletin.csv,ac782da58b9b1fbbc2d8ea594d3db0be8c5cfbe3,CVE-2012-0157
187895283,akabe1/windows_exploit_dowser,old_2017_03_14_msbulletin.csv,ac782da58b9b1fbbc2d8ea594d3db0be8c5cfbe3,CVE-2012-0158
187895283,akabe1/windows_exploit_dowser,old_2017_03_14_msbulletin.csv,ac782da58b9b1fbbc2d8ea594d3db0be8c5cfbe3,CVE-2012-0159
187895283,akabe1/windows_exploit_dowser,old_2017_03_14_msbulletin.csv,ac782da58b9b1fbbc2d8ea594d3db0be8c5cfbe3,CVE-2012-0160
187895283,akabe1/windows_exploit_dowser,old_2017_03_14_msbulletin.csv,ac782da58b9b1fbbc2d8ea594d3db0be8c5cfbe3,CVE-2012-0017
187895283,akabe1/windows_exploit_dowser,old_2017_03_14_msbulletin.csv,ac782da58b9b1fbbc2d8ea594d3db0be8c5cfbe3,CVE-2012-0161
187895283,akabe1/windows_exploit_dowser,old_2017_03_14_msbulletin.csv,ac782da58b9b1fbbc2d8ea594d3db0be8c5cfbe3,CVE-2012-0016
187895283,akabe1/windows_exploit_dowser,old_2017_03_14_msbulletin.csv,ac782da58b9b1fbbc2d8ea594d3db0be8c5cfbe3,CVE-2012-0014
187895283,akabe1/windows_exploit_dowser,old_2017_03_14_msbulletin.csv,ac782da58b9b1fbbc2d8ea594d3db0be8c5cfbe3,CVE-2011-3402
187895283,akabe1/windows_exploit_dowser,old_2017_03_14_msbulletin.csv,ac782da58b9b1fbbc2d8ea594d3db0be8c5cfbe3,CVE-2011-3403
187895283,akabe1/windows_exploit_dowser,old_2017_03_14_msbulletin.csv,ac782da58b9b1fbbc2d8ea594d3db0be8c5cfbe3,CVE-2011-3406
187895283,akabe1/windows_exploit_dowser,old_2017_03_14_msbulletin.csv,ac782da58b9b1fbbc2d8ea594d3db0be8c5cfbe3,CVE-2011-3408
187895283,akabe1/windows_exploit_dowser,old_2017_03_14_msbulletin.csv,ac782da58b9b1fbbc2d8ea594d3db0be8c5cfbe3,CVE-2011-3410
187895283,akabe1/windows_exploit_dowser,old_2017_03_14_msbulletin.csv,ac782da58b9b1fbbc2d8ea594d3db0be8c5cfbe3,CVE-2011-3411
187895283,akabe1/windows_exploit_dowser,old_2017_03_14_msbulletin.csv,ac782da58b9b1fbbc2d8ea594d3db0be8c5cfbe3,CVE-2011-3412
187895283,akabe1/windows_exploit_dowser,old_2017_03_14_msbulletin.csv,ac782da58b9b1fbbc2d8ea594d3db0be8c5cfbe3,CVE-2011-3413
187895283,akabe1/windows_exploit_dowser,old_2017_03_14_msbulletin.csv,ac782da58b9b1fbbc2d8ea594d3db0be8c5cfbe3,CVE-2011-3414
187895283,akabe1/windows_exploit_dowser,old_2017_03_14_msbulletin.csv,ac782da58b9b1fbbc2d8ea594d3db0be8c5cfbe3,CVE-2011-3416
187895283,akabe1/windows_exploit_dowser,old_2017_03_14_msbulletin.csv,ac782da58b9b1fbbc2d8ea594d3db0be8c5cfbe3,CVE-2011-3417
187895283,akabe1/windows_exploit_dowser,old_2017_03_14_msbulletin.csv,ac782da58b9b1fbbc2d8ea594d3db0be8c5cfbe3,CVE-2011-5046
187895283,akabe1/windows_exploit_dowser,old_2017_03_14_msbulletin.csv,ac782da58b9b1fbbc2d8ea594d3db0be8c5cfbe3,CVE-2012-0001
187895283,akabe1/windows_exploit_dowser,old_2017_03_14_msbulletin.csv,ac782da58b9b1fbbc2d8ea594d3db0be8c5cfbe3,CVE-2012-0002
187895283,akabe1/windows_exploit_dowser,old_2017_03_14_msbulletin.csv,ac782da58b9b1fbbc2d8ea594d3db0be8c5cfbe3,CVE-2012-0003
187895283,akabe1/windows_exploit_dowser,old_2017_03_14_msbulletin.csv,ac782da58b9b1fbbc2d8ea594d3db0be8c5cfbe3,CVE-2012-0004
187895283,akabe1/windows_exploit_dowser,old_2017_03_14_msbulletin.csv,ac782da58b9b1fbbc2d8ea594d3db0be8c5cfbe3,CVE-2012-0005
187895283,akabe1/windows_exploit_dowser,old_2017_03_14_msbulletin.csv,ac782da58b9b1fbbc2d8ea594d3db0be8c5cfbe3,CVE-2012-0006
187895283,akabe1/windows_exploit_dowser,old_2017_03_14_msbulletin.csv,ac782da58b9b1fbbc2d8ea594d3db0be8c5cfbe3,CVE-2012-0007
187895283,akabe1/windows_exploit_dowser,old_2017_03_14_msbulletin.csv,ac782da58b9b1fbbc2d8ea594d3db0be8c5cfbe3,CVE-2012-0008
187895283,akabe1/windows_exploit_dowser,old_2017_03_14_msbulletin.csv,ac782da58b9b1fbbc2d8ea594d3db0be8c5cfbe3,CVE-2012-0009
187895283,akabe1/windows_exploit_dowser,old_2017_03_14_msbulletin.csv,ac782da58b9b1fbbc2d8ea594d3db0be8c5cfbe3,CVE-2012-0010
187895283,akabe1/windows_exploit_dowser,old_2017_03_14_msbulletin.csv,ac782da58b9b1fbbc2d8ea594d3db0be8c5cfbe3,CVE-2012-0011
187895283,akabe1/windows_exploit_dowser,old_2017_03_14_msbulletin.csv,ac782da58b9b1fbbc2d8ea594d3db0be8c5cfbe3,CVE-2012-0012
187895283,akabe1/windows_exploit_dowser,old_2017_03_14_msbulletin.csv,ac782da58b9b1fbbc2d8ea594d3db0be8c5cfbe3,CVE-2012-0013
187895283,akabe1/windows_exploit_dowser,old_2017_03_14_msbulletin.csv,ac782da58b9b1fbbc2d8ea594d3db0be8c5cfbe3,CVE-2012-0015
187895283,akabe1/windows_exploit_dowser,old_2017_03_14_msbulletin.csv,ac782da58b9b1fbbc2d8ea594d3db0be8c5cfbe3,CVE-2012-0162
187895283,akabe1/windows_exploit_dowser,old_2017_03_14_msbulletin.csv,ac782da58b9b1fbbc2d8ea594d3db0be8c5cfbe3,CVE-2012-0163
187895283,akabe1/windows_exploit_dowser,old_2017_03_14_msbulletin.csv,ac782da58b9b1fbbc2d8ea594d3db0be8c5cfbe3,CVE-2012-0164
187895283,akabe1/windows_exploit_dowser,old_2017_03_14_msbulletin.csv,ac782da58b9b1fbbc2d8ea594d3db0be8c5cfbe3,CVE-2012-1538
187895283,akabe1/windows_exploit_dowser,old_2017_03_14_msbulletin.csv,ac782da58b9b1fbbc2d8ea594d3db0be8c5cfbe3,CVE-2012-1539
187895283,akabe1/windows_exploit_dowser,old_2017_03_14_msbulletin.csv,ac782da58b9b1fbbc2d8ea594d3db0be8c5cfbe3,CVE-2012-1766
187895283,akabe1/windows_exploit_dowser,old_2017_03_14_msbulletin.csv,ac782da58b9b1fbbc2d8ea594d3db0be8c5cfbe3,CVE-2012-1767
187895283,akabe1/windows_exploit_dowser,old_2017_03_14_msbulletin.csv,ac782da58b9b1fbbc2d8ea594d3db0be8c5cfbe3,CVE-2012-1768
187895283,akabe1/windows_exploit_dowser,old_2017_03_14_msbulletin.csv,ac782da58b9b1fbbc2d8ea594d3db0be8c5cfbe3,CVE-2012-1769
187895283,akabe1/windows_exploit_dowser,old_2017_03_14_msbulletin.csv,ac782da58b9b1fbbc2d8ea594d3db0be8c5cfbe3,CVE-2012-1770
187895283,akabe1/windows_exploit_dowser,old_2017_03_14_msbulletin.csv,ac782da58b9b1fbbc2d8ea594d3db0be8c5cfbe3,CVE-2012-1771
187895283,akabe1/windows_exploit_dowser,old_2017_03_14_msbulletin.csv,ac782da58b9b1fbbc2d8ea594d3db0be8c5cfbe3,CVE-2012-1772
187895283,akabe1/windows_exploit_dowser,old_2017_03_14_msbulletin.csv,ac782da58b9b1fbbc2d8ea594d3db0be8c5cfbe3,CVE-2012-1773
187895283,akabe1/windows_exploit_dowser,old_2017_03_14_msbulletin.csv,ac782da58b9b1fbbc2d8ea594d3db0be8c5cfbe3,CVE-2012-1847
187895283,akabe1/windows_exploit_dowser,old_2017_03_14_msbulletin.csv,ac782da58b9b1fbbc2d8ea594d3db0be8c5cfbe3,CVE-2012-1848
187895283,akabe1/windows_exploit_dowser,old_2017_03_14_msbulletin.csv,ac782da58b9b1fbbc2d8ea594d3db0be8c5cfbe3,CVE-2012-1849
187895283,akabe1/windows_exploit_dowser,old_2017_03_14_msbulletin.csv,ac782da58b9b1fbbc2d8ea594d3db0be8c5cfbe3,CVE-2012-1850
187895283,akabe1/windows_exploit_dowser,old_2017_03_14_msbulletin.csv,ac782da58b9b1fbbc2d8ea594d3db0be8c5cfbe3,CVE-2012-1851
187895283,akabe1/windows_exploit_dowser,old_2017_03_14_msbulletin.csv,ac782da58b9b1fbbc2d8ea594d3db0be8c5cfbe3,CVE-2012-1852
187895283,akabe1/windows_exploit_dowser,old_2017_03_14_msbulletin.csv,ac782da58b9b1fbbc2d8ea594d3db0be8c5cfbe3,CVE-2012-1853
187895283,akabe1/windows_exploit_dowser,old_2017_03_14_msbulletin.csv,ac782da58b9b1fbbc2d8ea594d3db0be8c5cfbe3,CVE-2012-1854
187895283,akabe1/windows_exploit_dowser,old_2017_03_14_msbulletin.csv,ac782da58b9b1fbbc2d8ea594d3db0be8c5cfbe3,CVE-2012-1855
187895283,akabe1/windows_exploit_dowser,old_2017_03_14_msbulletin.csv,ac782da58b9b1fbbc2d8ea594d3db0be8c5cfbe3,CVE-2012-1856
187895283,akabe1/windows_exploit_dowser,old_2017_03_14_msbulletin.csv,ac782da58b9b1fbbc2d8ea594d3db0be8c5cfbe3,CVE-2012-1857
187895283,akabe1/windows_exploit_dowser,old_2017_03_14_msbulletin.csv,ac782da58b9b1fbbc2d8ea594d3db0be8c5cfbe3,CVE-2012-1858
187895283,akabe1/windows_exploit_dowser,old_2017_03_14_msbulletin.csv,ac782da58b9b1fbbc2d8ea594d3db0be8c5cfbe3,CVE-2012-1859
187895283,akabe1/windows_exploit_dowser,old_2017_03_14_msbulletin.csv,ac782da58b9b1fbbc2d8ea594d3db0be8c5cfbe3,CVE-2012-1860
187895283,akabe1/windows_exploit_dowser,old_2017_03_14_msbulletin.csv,ac782da58b9b1fbbc2d8ea594d3db0be8c5cfbe3,CVE-2012-1861
187895283,akabe1/windows_exploit_dowser,old_2017_03_14_msbulletin.csv,ac782da58b9b1fbbc2d8ea594d3db0be8c5cfbe3,CVE-2012-1537
187895283,akabe1/windows_exploit_dowser,old_2017_03_14_msbulletin.csv,ac782da58b9b1fbbc2d8ea594d3db0be8c5cfbe3,CVE-2012-1529
187895283,akabe1/windows_exploit_dowser,old_2017_03_14_msbulletin.csv,ac782da58b9b1fbbc2d8ea594d3db0be8c5cfbe3,CVE-2012-1528
187895283,akabe1/windows_exploit_dowser,old_2017_03_14_msbulletin.csv,ac782da58b9b1fbbc2d8ea594d3db0be8c5cfbe3,CVE-2012-1527
187895283,akabe1/windows_exploit_dowser,old_2017_03_14_msbulletin.csv,ac782da58b9b1fbbc2d8ea594d3db0be8c5cfbe3,CVE-2012-0165
187895283,akabe1/windows_exploit_dowser,old_2017_03_14_msbulletin.csv,ac782da58b9b1fbbc2d8ea594d3db0be8c5cfbe3,CVE-2012-0167
187895283,akabe1/windows_exploit_dowser,old_2017_03_14_msbulletin.csv,ac782da58b9b1fbbc2d8ea594d3db0be8c5cfbe3,CVE-2012-0168
187895283,akabe1/windows_exploit_dowser,old_2017_03_14_msbulletin.csv,ac782da58b9b1fbbc2d8ea594d3db0be8c5cfbe3,CVE-2012-0169
187895283,akabe1/windows_exploit_dowser,old_2017_03_14_msbulletin.csv,ac782da58b9b1fbbc2d8ea594d3db0be8c5cfbe3,CVE-2012-0170
187895283,akabe1/windows_exploit_dowser,old_2017_03_14_msbulletin.csv,ac782da58b9b1fbbc2d8ea594d3db0be8c5cfbe3,CVE-2012-0171
187895283,akabe1/windows_exploit_dowser,old_2017_03_14_msbulletin.csv,ac782da58b9b1fbbc2d8ea594d3db0be8c5cfbe3,CVE-2012-0172
187895283,akabe1/windows_exploit_dowser,old_2017_03_14_msbulletin.csv,ac782da58b9b1fbbc2d8ea594d3db0be8c5cfbe3,CVE-2012-0173
187895283,akabe1/windows_exploit_dowser,old_2017_03_14_msbulletin.csv,ac782da58b9b1fbbc2d8ea594d3db0be8c5cfbe3,CVE-2012-0174
187895283,akabe1/windows_exploit_dowser,old_2017_03_14_msbulletin.csv,ac782da58b9b1fbbc2d8ea594d3db0be8c5cfbe3,CVE-2012-0175
187895283,akabe1/windows_exploit_dowser,old_2017_03_14_msbulletin.csv,ac782da58b9b1fbbc2d8ea594d3db0be8c5cfbe3,CVE-2012-0176
187895283,akabe1/windows_exploit_dowser,old_2017_03_14_msbulletin.csv,ac782da58b9b1fbbc2d8ea594d3db0be8c5cfbe3,CVE-2012-0177
187895283,akabe1/windows_exploit_dowser,old_2017_03_14_msbulletin.csv,ac782da58b9b1fbbc2d8ea594d3db0be8c5cfbe3,CVE-2012-1863
187895283,akabe1/windows_exploit_dowser,old_2017_03_14_msbulletin.csv,ac782da58b9b1fbbc2d8ea594d3db0be8c5cfbe3,CVE-2012-0178
187895283,akabe1/windows_exploit_dowser,old_2017_03_14_msbulletin.csv,ac782da58b9b1fbbc2d8ea594d3db0be8c5cfbe3,CVE-2012-0180
187895283,akabe1/windows_exploit_dowser,old_2017_03_14_msbulletin.csv,ac782da58b9b1fbbc2d8ea594d3db0be8c5cfbe3,CVE-2012-0181
187895283,akabe1/windows_exploit_dowser,old_2017_03_14_msbulletin.csv,ac782da58b9b1fbbc2d8ea594d3db0be8c5cfbe3,CVE-2012-0182
187895283,akabe1/windows_exploit_dowser,old_2017_03_14_msbulletin.csv,ac782da58b9b1fbbc2d8ea594d3db0be8c5cfbe3,CVE-2012-0183
187895283,akabe1/windows_exploit_dowser,old_2017_03_14_msbulletin.csv,ac782da58b9b1fbbc2d8ea594d3db0be8c5cfbe3,CVE-2012-0184
187895283,akabe1/windows_exploit_dowser,old_2017_03_14_msbulletin.csv,ac782da58b9b1fbbc2d8ea594d3db0be8c5cfbe3,CVE-2012-0185
187895283,akabe1/windows_exploit_dowser,old_2017_03_14_msbulletin.csv,ac782da58b9b1fbbc2d8ea594d3db0be8c5cfbe3,CVE-2012-0217
187895283,akabe1/windows_exploit_dowser,old_2017_03_14_msbulletin.csv,ac782da58b9b1fbbc2d8ea594d3db0be8c5cfbe3,CVE-2012-1515
187895283,akabe1/windows_exploit_dowser,old_2017_03_14_msbulletin.csv,ac782da58b9b1fbbc2d8ea594d3db0be8c5cfbe3,CVE-2012-1522
187895283,akabe1/windows_exploit_dowser,old_2017_03_14_msbulletin.csv,ac782da58b9b1fbbc2d8ea594d3db0be8c5cfbe3,CVE-2012-1523
187895283,akabe1/windows_exploit_dowser,old_2017_03_14_msbulletin.csv,ac782da58b9b1fbbc2d8ea594d3db0be8c5cfbe3,CVE-2012-1524
187895283,akabe1/windows_exploit_dowser,old_2017_03_14_msbulletin.csv,ac782da58b9b1fbbc2d8ea594d3db0be8c5cfbe3,CVE-2012-1526
187895283,akabe1/windows_exploit_dowser,old_2017_03_14_msbulletin.csv,ac782da58b9b1fbbc2d8ea594d3db0be8c5cfbe3,CVE-2012-0179
187895283,akabe1/windows_exploit_dowser,old_2017_03_14_msbulletin.csv,ac782da58b9b1fbbc2d8ea594d3db0be8c5cfbe3,CVE-2010-3954
187895283,akabe1/windows_exploit_dowser,old_2017_03_14_msbulletin.csv,ac782da58b9b1fbbc2d8ea594d3db0be8c5cfbe3,CVE-2010-3952
187895283,akabe1/windows_exploit_dowser,old_2017_03_14_msbulletin.csv,ac782da58b9b1fbbc2d8ea594d3db0be8c5cfbe3,CVE-2010-3951
187895283,akabe1/windows_exploit_dowser,old_2017_03_14_msbulletin.csv,ac782da58b9b1fbbc2d8ea594d3db0be8c5cfbe3,CVE-2009-1917
187895283,akabe1/windows_exploit_dowser,old_2017_03_14_msbulletin.csv,ac782da58b9b1fbbc2d8ea594d3db0be8c5cfbe3,CVE-2009-1918
187895283,akabe1/windows_exploit_dowser,old_2017_03_14_msbulletin.csv,ac782da58b9b1fbbc2d8ea594d3db0be8c5cfbe3,CVE-2009-1919
187895283,akabe1/windows_exploit_dowser,old_2017_03_14_msbulletin.csv,ac782da58b9b1fbbc2d8ea594d3db0be8c5cfbe3,CVE-2009-1920
187895283,akabe1/windows_exploit_dowser,old_2017_03_14_msbulletin.csv,ac782da58b9b1fbbc2d8ea594d3db0be8c5cfbe3,CVE-2009-1922
187895283,akabe1/windows_exploit_dowser,old_2017_03_14_msbulletin.csv,ac782da58b9b1fbbc2d8ea594d3db0be8c5cfbe3,CVE-2009-1923
187895283,akabe1/windows_exploit_dowser,old_2017_03_14_msbulletin.csv,ac782da58b9b1fbbc2d8ea594d3db0be8c5cfbe3,CVE-2009-1924
187895283,akabe1/windows_exploit_dowser,old_2017_03_14_msbulletin.csv,ac782da58b9b1fbbc2d8ea594d3db0be8c5cfbe3,CVE-2009-1925
187895283,akabe1/windows_exploit_dowser,old_2017_03_14_msbulletin.csv,ac782da58b9b1fbbc2d8ea594d3db0be8c5cfbe3,CVE-2009-1926
187895283,akabe1/windows_exploit_dowser,old_2017_03_14_msbulletin.csv,ac782da58b9b1fbbc2d8ea594d3db0be8c5cfbe3,CVE-2009-1928
187895283,akabe1/windows_exploit_dowser,old_2017_03_14_msbulletin.csv,ac782da58b9b1fbbc2d8ea594d3db0be8c5cfbe3,CVE-2009-1929
187895283,akabe1/windows_exploit_dowser,old_2017_03_14_msbulletin.csv,ac782da58b9b1fbbc2d8ea594d3db0be8c5cfbe3,CVE-2009-1930
187895283,akabe1/windows_exploit_dowser,old_2017_03_14_msbulletin.csv,ac782da58b9b1fbbc2d8ea594d3db0be8c5cfbe3,CVE-2009-2493
187895283,akabe1/windows_exploit_dowser,old_2017_03_14_msbulletin.csv,ac782da58b9b1fbbc2d8ea594d3db0be8c5cfbe3,CVE-2009-2494
187895283,akabe1/windows_exploit_dowser,old_2017_03_14_msbulletin.csv,ac782da58b9b1fbbc2d8ea594d3db0be8c5cfbe3,CVE-2009-2495
187895283,akabe1/windows_exploit_dowser,old_2017_03_14_msbulletin.csv,ac782da58b9b1fbbc2d8ea594d3db0be8c5cfbe3,CVE-2009-2496
187895283,akabe1/windows_exploit_dowser,old_2017_03_14_msbulletin.csv,ac782da58b9b1fbbc2d8ea594d3db0be8c5cfbe3,CVE-2009-2497
187895283,akabe1/windows_exploit_dowser,old_2017_03_14_msbulletin.csv,ac782da58b9b1fbbc2d8ea594d3db0be8c5cfbe3,CVE-2009-2498
187895283,akabe1/windows_exploit_dowser,old_2017_03_14_msbulletin.csv,ac782da58b9b1fbbc2d8ea594d3db0be8c5cfbe3,CVE-2009-2499
187895283,akabe1/windows_exploit_dowser,old_2017_03_14_msbulletin.csv,ac782da58b9b1fbbc2d8ea594d3db0be8c5cfbe3,CVE-2009-2500
187895283,akabe1/windows_exploit_dowser,old_2017_03_14_msbulletin.csv,ac782da58b9b1fbbc2d8ea594d3db0be8c5cfbe3,CVE-2009-2501
187895283,akabe1/windows_exploit_dowser,old_2017_03_14_msbulletin.csv,ac782da58b9b1fbbc2d8ea594d3db0be8c5cfbe3,CVE-2009-2502
187895283,akabe1/windows_exploit_dowser,old_2017_03_14_msbulletin.csv,ac782da58b9b1fbbc2d8ea594d3db0be8c5cfbe3,CVE-2009-2503
187895283,akabe1/windows_exploit_dowser,old_2017_03_14_msbulletin.csv,ac782da58b9b1fbbc2d8ea594d3db0be8c5cfbe3,CVE-2009-2504
187895283,akabe1/windows_exploit_dowser,old_2017_03_14_msbulletin.csv,ac782da58b9b1fbbc2d8ea594d3db0be8c5cfbe3,CVE-2009-2505
187895283,akabe1/windows_exploit_dowser,old_2017_03_14_msbulletin.csv,ac782da58b9b1fbbc2d8ea594d3db0be8c5cfbe3,CVE-2009-1547
187895283,akabe1/windows_exploit_dowser,old_2017_03_14_msbulletin.csv,ac782da58b9b1fbbc2d8ea594d3db0be8c5cfbe3,CVE-2009-2506
187895283,akabe1/windows_exploit_dowser,old_2017_03_14_msbulletin.csv,ac782da58b9b1fbbc2d8ea594d3db0be8c5cfbe3,CVE-2009-1546
187895283,akabe1/windows_exploit_dowser,old_2017_03_14_msbulletin.csv,ac782da58b9b1fbbc2d8ea594d3db0be8c5cfbe3,CVE-2009-1544
187895283,akabe1/windows_exploit_dowser,old_2017_03_14_msbulletin.csv,ac782da58b9b1fbbc2d8ea594d3db0be8c5cfbe3,CVE-2009-1130
187895283,akabe1/windows_exploit_dowser,old_2017_03_14_msbulletin.csv,ac782da58b9b1fbbc2d8ea594d3db0be8c5cfbe3,CVE-2009-1131
187895283,akabe1/windows_exploit_dowser,old_2017_03_14_msbulletin.csv,ac782da58b9b1fbbc2d8ea594d3db0be8c5cfbe3,CVE-2009-1132
187895283,akabe1/windows_exploit_dowser,old_2017_03_14_msbulletin.csv,ac782da58b9b1fbbc2d8ea594d3db0be8c5cfbe3,CVE-2009-1133
187895283,akabe1/windows_exploit_dowser,old_2017_03_14_msbulletin.csv,ac782da58b9b1fbbc2d8ea594d3db0be8c5cfbe3,CVE-2009-1134
187895283,akabe1/windows_exploit_dowser,old_2017_03_14_msbulletin.csv,ac782da58b9b1fbbc2d8ea594d3db0be8c5cfbe3,CVE-2009-1135
187895283,akabe1/windows_exploit_dowser,old_2017_03_14_msbulletin.csv,ac782da58b9b1fbbc2d8ea594d3db0be8c5cfbe3,CVE-2009-1136
187895283,akabe1/windows_exploit_dowser,old_2017_03_14_msbulletin.csv,ac782da58b9b1fbbc2d8ea594d3db0be8c5cfbe3,CVE-2009-1137
187895283,akabe1/windows_exploit_dowser,old_2017_03_14_msbulletin.csv,ac782da58b9b1fbbc2d8ea594d3db0be8c5cfbe3,CVE-2009-1138
187895283,akabe1/windows_exploit_dowser,old_2017_03_14_msbulletin.csv,ac782da58b9b1fbbc2d8ea594d3db0be8c5cfbe3,CVE-2009-1139
187895283,akabe1/windows_exploit_dowser,old_2017_03_14_msbulletin.csv,ac782da58b9b1fbbc2d8ea594d3db0be8c5cfbe3,CVE-2009-1140
187895283,akabe1/windows_exploit_dowser,old_2017_03_14_msbulletin.csv,ac782da58b9b1fbbc2d8ea594d3db0be8c5cfbe3,CVE-2009-1141
187895283,akabe1/windows_exploit_dowser,old_2017_03_14_msbulletin.csv,ac782da58b9b1fbbc2d8ea594d3db0be8c5cfbe3,CVE-2009-1528
187895283,akabe1/windows_exploit_dowser,old_2017_03_14_msbulletin.csv,ac782da58b9b1fbbc2d8ea594d3db0be8c5cfbe3,CVE-2009-1529
187895283,akabe1/windows_exploit_dowser,old_2017_03_14_msbulletin.csv,ac782da58b9b1fbbc2d8ea594d3db0be8c5cfbe3,CVE-2009-1530
187895283,akabe1/windows_exploit_dowser,old_2017_03_14_msbulletin.csv,ac782da58b9b1fbbc2d8ea594d3db0be8c5cfbe3,CVE-2009-1531
187895283,akabe1/windows_exploit_dowser,old_2017_03_14_msbulletin.csv,ac782da58b9b1fbbc2d8ea594d3db0be8c5cfbe3,CVE-2009-1532
187895283,akabe1/windows_exploit_dowser,old_2017_03_14_msbulletin.csv,ac782da58b9b1fbbc2d8ea594d3db0be8c5cfbe3,CVE-2009-1533
187895283,akabe1/windows_exploit_dowser,old_2017_03_14_msbulletin.csv,ac782da58b9b1fbbc2d8ea594d3db0be8c5cfbe3,CVE-2009-1534
187895283,akabe1/windows_exploit_dowser,old_2017_03_14_msbulletin.csv,ac782da58b9b1fbbc2d8ea594d3db0be8c5cfbe3,CVE-2009-1535
187895283,akabe1/windows_exploit_dowser,old_2017_03_14_msbulletin.csv,ac782da58b9b1fbbc2d8ea594d3db0be8c5cfbe3,CVE-2009-1536
187895283,akabe1/windows_exploit_dowser,old_2017_03_14_msbulletin.csv,ac782da58b9b1fbbc2d8ea594d3db0be8c5cfbe3,CVE-2009-1537
187895283,akabe1/windows_exploit_dowser,old_2017_03_14_msbulletin.csv,ac782da58b9b1fbbc2d8ea594d3db0be8c5cfbe3,CVE-2009-1538
187895283,akabe1/windows_exploit_dowser,old_2017_03_14_msbulletin.csv,ac782da58b9b1fbbc2d8ea594d3db0be8c5cfbe3,CVE-2009-1539
187895283,akabe1/windows_exploit_dowser,old_2017_03_14_msbulletin.csv,ac782da58b9b1fbbc2d8ea594d3db0be8c5cfbe3,CVE-2009-1542
187895283,akabe1/windows_exploit_dowser,old_2017_03_14_msbulletin.csv,ac782da58b9b1fbbc2d8ea594d3db0be8c5cfbe3,CVE-2009-1545
187895283,akabe1/windows_exploit_dowser,old_2017_03_14_msbulletin.csv,ac782da58b9b1fbbc2d8ea594d3db0be8c5cfbe3,CVE-2009-2507
187895283,akabe1/windows_exploit_dowser,old_2017_03_14_msbulletin.csv,ac782da58b9b1fbbc2d8ea594d3db0be8c5cfbe3,CVE-2009-2508
187895283,akabe1/windows_exploit_dowser,old_2017_03_14_msbulletin.csv,ac782da58b9b1fbbc2d8ea594d3db0be8c5cfbe3,CVE-2009-2509
187895283,akabe1/windows_exploit_dowser,old_2017_03_14_msbulletin.csv,ac782da58b9b1fbbc2d8ea594d3db0be8c5cfbe3,CVE-2009-3133
187895283,akabe1/windows_exploit_dowser,old_2017_03_14_msbulletin.csv,ac782da58b9b1fbbc2d8ea594d3db0be8c5cfbe3,CVE-2009-3134
187895283,akabe1/windows_exploit_dowser,old_2017_03_14_msbulletin.csv,ac782da58b9b1fbbc2d8ea594d3db0be8c5cfbe3,CVE-2009-3135
187895283,akabe1/windows_exploit_dowser,old_2017_03_14_msbulletin.csv,ac782da58b9b1fbbc2d8ea594d3db0be8c5cfbe3,CVE-2009-3555
187895283,akabe1/windows_exploit_dowser,old_2017_03_14_msbulletin.csv,ac782da58b9b1fbbc2d8ea594d3db0be8c5cfbe3,CVE-2009-3671
187895283,akabe1/windows_exploit_dowser,old_2017_03_14_msbulletin.csv,ac782da58b9b1fbbc2d8ea594d3db0be8c5cfbe3,CVE-2009-3672
187895283,akabe1/windows_exploit_dowser,old_2017_03_14_msbulletin.csv,ac782da58b9b1fbbc2d8ea594d3db0be8c5cfbe3,CVE-2009-3673
187895283,akabe1/windows_exploit_dowser,old_2017_03_14_msbulletin.csv,ac782da58b9b1fbbc2d8ea594d3db0be8c5cfbe3,CVE-2009-3675
187895283,akabe1/windows_exploit_dowser,old_2017_03_14_msbulletin.csv,ac782da58b9b1fbbc2d8ea594d3db0be8c5cfbe3,CVE-2009-3676
187895283,akabe1/windows_exploit_dowser,old_2017_03_14_msbulletin.csv,ac782da58b9b1fbbc2d8ea594d3db0be8c5cfbe3,CVE-2009-3677
187895283,akabe1/windows_exploit_dowser,old_2017_03_14_msbulletin.csv,ac782da58b9b1fbbc2d8ea594d3db0be8c5cfbe3,CVE-2009-3678
187895283,akabe1/windows_exploit_dowser,old_2017_03_14_msbulletin.csv,ac782da58b9b1fbbc2d8ea594d3db0be8c5cfbe3,CVE-2009-4074
187895283,akabe1/windows_exploit_dowser,old_2017_03_14_msbulletin.csv,ac782da58b9b1fbbc2d8ea594d3db0be8c5cfbe3,CVE-2010-0016
187895283,akabe1/windows_exploit_dowser,old_2017_03_14_msbulletin.csv,ac782da58b9b1fbbc2d8ea594d3db0be8c5cfbe3,CVE-2010-0017
187895283,akabe1/windows_exploit_dowser,old_2017_03_14_msbulletin.csv,ac782da58b9b1fbbc2d8ea594d3db0be8c5cfbe3,CVE-2010-0018
187895283,akabe1/windows_exploit_dowser,old_2017_03_14_msbulletin.csv,ac782da58b9b1fbbc2d8ea594d3db0be8c5cfbe3,CVE-2010-0019
187895283,akabe1/windows_exploit_dowser,old_2017_03_14_msbulletin.csv,ac782da58b9b1fbbc2d8ea594d3db0be8c5cfbe3,CVE-2010-0020
187895283,akabe1/windows_exploit_dowser,old_2017_03_14_msbulletin.csv,ac782da58b9b1fbbc2d8ea594d3db0be8c5cfbe3,CVE-2010-0021
187895283,akabe1/windows_exploit_dowser,old_2017_03_14_msbulletin.csv,ac782da58b9b1fbbc2d8ea594d3db0be8c5cfbe3,CVE-2010-0022
187895283,akabe1/windows_exploit_dowser,old_2017_03_14_msbulletin.csv,ac782da58b9b1fbbc2d8ea594d3db0be8c5cfbe3,CVE-2010-0023
187895283,akabe1/windows_exploit_dowser,old_2017_03_14_msbulletin.csv,ac782da58b9b1fbbc2d8ea594d3db0be8c5cfbe3,CVE-2010-0024
187895283,akabe1/windows_exploit_dowser,old_2017_03_14_msbulletin.csv,ac782da58b9b1fbbc2d8ea594d3db0be8c5cfbe3,CVE-2010-0025
187895283,akabe1/windows_exploit_dowser,old_2017_03_14_msbulletin.csv,ac782da58b9b1fbbc2d8ea594d3db0be8c5cfbe3,CVE-2010-0026
187895283,akabe1/windows_exploit_dowser,old_2017_03_14_msbulletin.csv,ac782da58b9b1fbbc2d8ea594d3db0be8c5cfbe3,CVE-2010-0027
187895283,akabe1/windows_exploit_dowser,old_2017_03_14_msbulletin.csv,ac782da58b9b1fbbc2d8ea594d3db0be8c5cfbe3,CVE-2010-0028
187895283,akabe1/windows_exploit_dowser,old_2017_03_14_msbulletin.csv,ac782da58b9b1fbbc2d8ea594d3db0be8c5cfbe3,CVE-2009-3132
187895283,akabe1/windows_exploit_dowser,old_2017_03_14_msbulletin.csv,ac782da58b9b1fbbc2d8ea594d3db0be8c5cfbe3,CVE-2009-3131
187895283,akabe1/windows_exploit_dowser,old_2017_03_14_msbulletin.csv,ac782da58b9b1fbbc2d8ea594d3db0be8c5cfbe3,CVE-2009-3130
187895283,akabe1/windows_exploit_dowser,old_2017_03_14_msbulletin.csv,ac782da58b9b1fbbc2d8ea594d3db0be8c5cfbe3,CVE-2009-3129
187895283,akabe1/windows_exploit_dowser,old_2017_03_14_msbulletin.csv,ac782da58b9b1fbbc2d8ea594d3db0be8c5cfbe3,CVE-2009-2510
187895283,akabe1/windows_exploit_dowser,old_2017_03_14_msbulletin.csv,ac782da58b9b1fbbc2d8ea594d3db0be8c5cfbe3,CVE-2009-2511
187895283,akabe1/windows_exploit_dowser,old_2017_03_14_msbulletin.csv,ac782da58b9b1fbbc2d8ea594d3db0be8c5cfbe3,CVE-2009-2512
187895283,akabe1/windows_exploit_dowser,old_2017_03_14_msbulletin.csv,ac782da58b9b1fbbc2d8ea594d3db0be8c5cfbe3,CVE-2009-2513
187895283,akabe1/windows_exploit_dowser,old_2017_03_14_msbulletin.csv,ac782da58b9b1fbbc2d8ea594d3db0be8c5cfbe3,CVE-2009-2514
187895283,akabe1/windows_exploit_dowser,old_2017_03_14_msbulletin.csv,ac782da58b9b1fbbc2d8ea594d3db0be8c5cfbe3,CVE-2009-2515
187895283,akabe1/windows_exploit_dowser,old_2017_03_14_msbulletin.csv,ac782da58b9b1fbbc2d8ea594d3db0be8c5cfbe3,CVE-2009-2516
187895283,akabe1/windows_exploit_dowser,old_2017_03_14_msbulletin.csv,ac782da58b9b1fbbc2d8ea594d3db0be8c5cfbe3,CVE-2009-2517
187895283,akabe1/windows_exploit_dowser,old_2017_03_14_msbulletin.csv,ac782da58b9b1fbbc2d8ea594d3db0be8c5cfbe3,CVE-2009-2518
187895283,akabe1/windows_exploit_dowser,old_2017_03_14_msbulletin.csv,ac782da58b9b1fbbc2d8ea594d3db0be8c5cfbe3,CVE-2009-2519
187895283,akabe1/windows_exploit_dowser,old_2017_03_14_msbulletin.csv,ac782da58b9b1fbbc2d8ea594d3db0be8c5cfbe3,CVE-2009-2521
187895283,akabe1/windows_exploit_dowser,old_2017_03_14_msbulletin.csv,ac782da58b9b1fbbc2d8ea594d3db0be8c5cfbe3,CVE-2009-2523
187895283,akabe1/windows_exploit_dowser,old_2017_03_14_msbulletin.csv,ac782da58b9b1fbbc2d8ea594d3db0be8c5cfbe3,CVE-2009-1129
187895283,akabe1/windows_exploit_dowser,old_2017_03_14_msbulletin.csv,ac782da58b9b1fbbc2d8ea594d3db0be8c5cfbe3,CVE-2009-2524
187895283,akabe1/windows_exploit_dowser,old_2017_03_14_msbulletin.csv,ac782da58b9b1fbbc2d8ea594d3db0be8c5cfbe3,CVE-2009-2526
187895283,akabe1/windows_exploit_dowser,old_2017_03_14_msbulletin.csv,ac782da58b9b1fbbc2d8ea594d3db0be8c5cfbe3,CVE-2009-2527
187895283,akabe1/windows_exploit_dowser,old_2017_03_14_msbulletin.csv,ac782da58b9b1fbbc2d8ea594d3db0be8c5cfbe3,CVE-2009-2528
187895283,akabe1/windows_exploit_dowser,old_2017_03_14_msbulletin.csv,ac782da58b9b1fbbc2d8ea594d3db0be8c5cfbe3,CVE-2009-2529
187895283,akabe1/windows_exploit_dowser,old_2017_03_14_msbulletin.csv,ac782da58b9b1fbbc2d8ea594d3db0be8c5cfbe3,CVE-2009-2530
187895283,akabe1/windows_exploit_dowser,old_2017_03_14_msbulletin.csv,ac782da58b9b1fbbc2d8ea594d3db0be8c5cfbe3,CVE-2009-2531
187895283,akabe1/windows_exploit_dowser,old_2017_03_14_msbulletin.csv,ac782da58b9b1fbbc2d8ea594d3db0be8c5cfbe3,CVE-2009-2532
187895283,akabe1/windows_exploit_dowser,old_2017_03_14_msbulletin.csv,ac782da58b9b1fbbc2d8ea594d3db0be8c5cfbe3,CVE-2009-3023
187895283,akabe1/windows_exploit_dowser,old_2017_03_14_msbulletin.csv,ac782da58b9b1fbbc2d8ea594d3db0be8c5cfbe3,CVE-2009-3103
187895283,akabe1/windows_exploit_dowser,old_2017_03_14_msbulletin.csv,ac782da58b9b1fbbc2d8ea594d3db0be8c5cfbe3,CVE-2009-3126
187895283,akabe1/windows_exploit_dowser,old_2017_03_14_msbulletin.csv,ac782da58b9b1fbbc2d8ea594d3db0be8c5cfbe3,CVE-2009-3127
187895283,akabe1/windows_exploit_dowser,old_2017_03_14_msbulletin.csv,ac782da58b9b1fbbc2d8ea594d3db0be8c5cfbe3,CVE-2009-3128
187895283,akabe1/windows_exploit_dowser,old_2017_03_14_msbulletin.csv,ac782da58b9b1fbbc2d8ea594d3db0be8c5cfbe3,CVE-2009-2525
187895283,akabe1/windows_exploit_dowser,old_2017_03_14_msbulletin.csv,ac782da58b9b1fbbc2d8ea594d3db0be8c5cfbe3,CVE-2010-0029
187895283,akabe1/windows_exploit_dowser,old_2017_03_14_msbulletin.csv,ac782da58b9b1fbbc2d8ea594d3db0be8c5cfbe3,CVE-2009-1128
187895283,akabe1/windows_exploit_dowser,old_2017_03_14_msbulletin.csv,ac782da58b9b1fbbc2d8ea594d3db0be8c5cfbe3,CVE-2009-1126
187895283,akabe1/windows_exploit_dowser,old_2017_03_14_msbulletin.csv,ac782da58b9b1fbbc2d8ea594d3db0be8c5cfbe3,CVE-2008-4259
187895283,akabe1/windows_exploit_dowser,old_2017_03_14_msbulletin.csv,ac782da58b9b1fbbc2d8ea594d3db0be8c5cfbe3,CVE-2008-4260
187895283,akabe1/windows_exploit_dowser,old_2017_03_14_msbulletin.csv,ac782da58b9b1fbbc2d8ea594d3db0be8c5cfbe3,CVE-2008-4261
187895283,akabe1/windows_exploit_dowser,old_2017_03_14_msbulletin.csv,ac782da58b9b1fbbc2d8ea594d3db0be8c5cfbe3,CVE-2008-4264
187895283,akabe1/windows_exploit_dowser,old_2017_03_14_msbulletin.csv,ac782da58b9b1fbbc2d8ea594d3db0be8c5cfbe3,CVE-2008-4265
187895283,akabe1/windows_exploit_dowser,old_2017_03_14_msbulletin.csv,ac782da58b9b1fbbc2d8ea594d3db0be8c5cfbe3,CVE-2008-4266
187895283,akabe1/windows_exploit_dowser,old_2017_03_14_msbulletin.csv,ac782da58b9b1fbbc2d8ea594d3db0be8c5cfbe3,CVE-2008-4268
187895283,akabe1/windows_exploit_dowser,old_2017_03_14_msbulletin.csv,ac782da58b9b1fbbc2d8ea594d3db0be8c5cfbe3,CVE-2008-4269
187895283,akabe1/windows_exploit_dowser,old_2017_03_14_msbulletin.csv,ac782da58b9b1fbbc2d8ea594d3db0be8c5cfbe3,CVE-2008-4609
187895283,akabe1/windows_exploit_dowser,old_2017_03_14_msbulletin.csv,ac782da58b9b1fbbc2d8ea594d3db0be8c5cfbe3,CVE-2008-4834
187895283,akabe1/windows_exploit_dowser,old_2017_03_14_msbulletin.csv,ac782da58b9b1fbbc2d8ea594d3db0be8c5cfbe3,CVE-2008-4835
187895283,akabe1/windows_exploit_dowser,old_2017_03_14_msbulletin.csv,ac782da58b9b1fbbc2d8ea594d3db0be8c5cfbe3,CVE-2008-4837
187895283,akabe1/windows_exploit_dowser,old_2017_03_14_msbulletin.csv,ac782da58b9b1fbbc2d8ea594d3db0be8c5cfbe3,CVE-2008-4841
187895283,akabe1/windows_exploit_dowser,old_2017_03_14_msbulletin.csv,ac782da58b9b1fbbc2d8ea594d3db0be8c5cfbe3,CVE-2008-4844
187895283,akabe1/windows_exploit_dowser,old_2017_03_14_msbulletin.csv,ac782da58b9b1fbbc2d8ea594d3db0be8c5cfbe3,CVE-2008-5416
187895283,akabe1/windows_exploit_dowser,old_2017_03_14_msbulletin.csv,ac782da58b9b1fbbc2d8ea594d3db0be8c5cfbe3,CVE-2009-0075
187895283,akabe1/windows_exploit_dowser,old_2017_03_14_msbulletin.csv,ac782da58b9b1fbbc2d8ea594d3db0be8c5cfbe3,CVE-2009-0076
187895283,akabe1/windows_exploit_dowser,old_2017_03_14_msbulletin.csv,ac782da58b9b1fbbc2d8ea594d3db0be8c5cfbe3,CVE-2009-0077
187895283,akabe1/windows_exploit_dowser,old_2017_03_14_msbulletin.csv,ac782da58b9b1fbbc2d8ea594d3db0be8c5cfbe3,CVE-2009-0078
187895283,akabe1/windows_exploit_dowser,old_2017_03_14_msbulletin.csv,ac782da58b9b1fbbc2d8ea594d3db0be8c5cfbe3,CVE-2009-0079
187895283,akabe1/windows_exploit_dowser,old_2017_03_14_msbulletin.csv,ac782da58b9b1fbbc2d8ea594d3db0be8c5cfbe3,CVE-2009-0080
187895283,akabe1/windows_exploit_dowser,old_2017_03_14_msbulletin.csv,ac782da58b9b1fbbc2d8ea594d3db0be8c5cfbe3,CVE-2009-0081
187895283,akabe1/windows_exploit_dowser,old_2017_03_14_msbulletin.csv,ac782da58b9b1fbbc2d8ea594d3db0be8c5cfbe3,CVE-2009-0082
187895283,akabe1/windows_exploit_dowser,old_2017_03_14_msbulletin.csv,ac782da58b9b1fbbc2d8ea594d3db0be8c5cfbe3,CVE-2009-0083
187895283,akabe1/windows_exploit_dowser,old_2017_03_14_msbulletin.csv,ac782da58b9b1fbbc2d8ea594d3db0be8c5cfbe3,CVE-2009-0084
187895283,akabe1/windows_exploit_dowser,old_2017_03_14_msbulletin.csv,ac782da58b9b1fbbc2d8ea594d3db0be8c5cfbe3,CVE-2008-4258
187895283,akabe1/windows_exploit_dowser,old_2017_03_14_msbulletin.csv,ac782da58b9b1fbbc2d8ea594d3db0be8c5cfbe3,CVE-2009-0085
187895283,akabe1/windows_exploit_dowser,old_2017_03_14_msbulletin.csv,ac782da58b9b1fbbc2d8ea594d3db0be8c5cfbe3,CVE-2008-4256
187895283,akabe1/windows_exploit_dowser,old_2017_03_14_msbulletin.csv,ac782da58b9b1fbbc2d8ea594d3db0be8c5cfbe3,CVE-2008-4254
187895283,akabe1/windows_exploit_dowser,old_2017_03_14_msbulletin.csv,ac782da58b9b1fbbc2d8ea594d3db0be8c5cfbe3,CVE-2007-0099
187895283,akabe1/windows_exploit_dowser,old_2017_03_14_msbulletin.csv,ac782da58b9b1fbbc2d8ea594d3db0be8c5cfbe3,CVE-2007-3091
187895283,akabe1/windows_exploit_dowser,old_2017_03_14_msbulletin.csv,ac782da58b9b1fbbc2d8ea594d3db0be8c5cfbe3,CVE-2008-0015
187895283,akabe1/windows_exploit_dowser,old_2017_03_14_msbulletin.csv,ac782da58b9b1fbbc2d8ea594d3db0be8c5cfbe3,CVE-2008-0020
187895283,akabe1/windows_exploit_dowser,old_2017_03_14_msbulletin.csv,ac782da58b9b1fbbc2d8ea594d3db0be8c5cfbe3,CVE-2008-1436
187895283,akabe1/windows_exploit_dowser,old_2017_03_14_msbulletin.csv,ac782da58b9b1fbbc2d8ea594d3db0be8c5cfbe3,CVE-2008-2249
187895283,akabe1/windows_exploit_dowser,old_2017_03_14_msbulletin.csv,ac782da58b9b1fbbc2d8ea594d3db0be8c5cfbe3,CVE-2008-2540
187895283,akabe1/windows_exploit_dowser,old_2017_03_14_msbulletin.csv,ac782da58b9b1fbbc2d8ea594d3db0be8c5cfbe3,CVE-2008-3009
187895283,akabe1/windows_exploit_dowser,old_2017_03_14_msbulletin.csv,ac782da58b9b1fbbc2d8ea594d3db0be8c5cfbe3,CVE-2008-3010
187895283,akabe1/windows_exploit_dowser,old_2017_03_14_msbulletin.csv,ac782da58b9b1fbbc2d8ea594d3db0be8c5cfbe3,CVE-2008-3465
187895283,akabe1/windows_exploit_dowser,old_2017_03_14_msbulletin.csv,ac782da58b9b1fbbc2d8ea594d3db0be8c5cfbe3,CVE-2008-3704
187895283,akabe1/windows_exploit_dowser,old_2017_03_14_msbulletin.csv,ac782da58b9b1fbbc2d8ea594d3db0be8c5cfbe3,CVE-2008-4024
187895283,akabe1/windows_exploit_dowser,old_2017_03_14_msbulletin.csv,ac782da58b9b1fbbc2d8ea594d3db0be8c5cfbe3,CVE-2008-4025
187895283,akabe1/windows_exploit_dowser,old_2017_03_14_msbulletin.csv,ac782da58b9b1fbbc2d8ea594d3db0be8c5cfbe3,CVE-2008-4026
187895283,akabe1/windows_exploit_dowser,old_2017_03_14_msbulletin.csv,ac782da58b9b1fbbc2d8ea594d3db0be8c5cfbe3,CVE-2008-4027
187895283,akabe1/windows_exploit_dowser,old_2017_03_14_msbulletin.csv,ac782da58b9b1fbbc2d8ea594d3db0be8c5cfbe3,CVE-2008-4028
187895283,akabe1/windows_exploit_dowser,old_2017_03_14_msbulletin.csv,ac782da58b9b1fbbc2d8ea594d3db0be8c5cfbe3,CVE-2008-4029
187895283,akabe1/windows_exploit_dowser,old_2017_03_14_msbulletin.csv,ac782da58b9b1fbbc2d8ea594d3db0be8c5cfbe3,CVE-2008-4030
187895283,akabe1/windows_exploit_dowser,old_2017_03_14_msbulletin.csv,ac782da58b9b1fbbc2d8ea594d3db0be8c5cfbe3,CVE-2008-4031
187895283,akabe1/windows_exploit_dowser,old_2017_03_14_msbulletin.csv,ac782da58b9b1fbbc2d8ea594d3db0be8c5cfbe3,CVE-2008-4032
187895283,akabe1/windows_exploit_dowser,old_2017_03_14_msbulletin.csv,ac782da58b9b1fbbc2d8ea594d3db0be8c5cfbe3,CVE-2008-4033
187895283,akabe1/windows_exploit_dowser,old_2017_03_14_msbulletin.csv,ac782da58b9b1fbbc2d8ea594d3db0be8c5cfbe3,CVE-2008-4037
187895283,akabe1/windows_exploit_dowser,old_2017_03_14_msbulletin.csv,ac782da58b9b1fbbc2d8ea594d3db0be8c5cfbe3,CVE-2008-4114
187895283,akabe1/windows_exploit_dowser,old_2017_03_14_msbulletin.csv,ac782da58b9b1fbbc2d8ea594d3db0be8c5cfbe3,CVE-2008-4252
187895283,akabe1/windows_exploit_dowser,old_2017_03_14_msbulletin.csv,ac782da58b9b1fbbc2d8ea594d3db0be8c5cfbe3,CVE-2008-4253
187895283,akabe1/windows_exploit_dowser,old_2017_03_14_msbulletin.csv,ac782da58b9b1fbbc2d8ea594d3db0be8c5cfbe3,CVE-2008-4255
187895283,akabe1/windows_exploit_dowser,old_2017_03_14_msbulletin.csv,ac782da58b9b1fbbc2d8ea594d3db0be8c5cfbe3,CVE-2009-0086
187895283,akabe1/windows_exploit_dowser,old_2017_03_14_msbulletin.csv,ac782da58b9b1fbbc2d8ea594d3db0be8c5cfbe3,CVE-2009-0087
187895283,akabe1/windows_exploit_dowser,old_2017_03_14_msbulletin.csv,ac782da58b9b1fbbc2d8ea594d3db0be8c5cfbe3,CVE-2009-0088
187895283,akabe1/windows_exploit_dowser,old_2017_03_14_msbulletin.csv,ac782da58b9b1fbbc2d8ea594d3db0be8c5cfbe3,CVE-2009-0238
187895283,akabe1/windows_exploit_dowser,old_2017_03_14_msbulletin.csv,ac782da58b9b1fbbc2d8ea594d3db0be8c5cfbe3,CVE-2009-0239
187895283,akabe1/windows_exploit_dowser,old_2017_03_14_msbulletin.csv,ac782da58b9b1fbbc2d8ea594d3db0be8c5cfbe3,CVE-2009-0549
187895283,akabe1/windows_exploit_dowser,old_2017_03_14_msbulletin.csv,ac782da58b9b1fbbc2d8ea594d3db0be8c5cfbe3,CVE-2009-0550
187895283,akabe1/windows_exploit_dowser,old_2017_03_14_msbulletin.csv,ac782da58b9b1fbbc2d8ea594d3db0be8c5cfbe3,CVE-2009-0551
187895283,akabe1/windows_exploit_dowser,old_2017_03_14_msbulletin.csv,ac782da58b9b1fbbc2d8ea594d3db0be8c5cfbe3,CVE-2009-0552
187895283,akabe1/windows_exploit_dowser,old_2017_03_14_msbulletin.csv,ac782da58b9b1fbbc2d8ea594d3db0be8c5cfbe3,CVE-2009-0553
187895283,akabe1/windows_exploit_dowser,old_2017_03_14_msbulletin.csv,ac782da58b9b1fbbc2d8ea594d3db0be8c5cfbe3,CVE-2009-0554
187895283,akabe1/windows_exploit_dowser,old_2017_03_14_msbulletin.csv,ac782da58b9b1fbbc2d8ea594d3db0be8c5cfbe3,CVE-2009-0555
187895283,akabe1/windows_exploit_dowser,old_2017_03_14_msbulletin.csv,ac782da58b9b1fbbc2d8ea594d3db0be8c5cfbe3,CVE-2009-0556
187895283,akabe1/windows_exploit_dowser,old_2017_03_14_msbulletin.csv,ac782da58b9b1fbbc2d8ea594d3db0be8c5cfbe3,CVE-2009-0557
187895283,akabe1/windows_exploit_dowser,old_2017_03_14_msbulletin.csv,ac782da58b9b1fbbc2d8ea594d3db0be8c5cfbe3,CVE-2009-0558
187895283,akabe1/windows_exploit_dowser,old_2017_03_14_msbulletin.csv,ac782da58b9b1fbbc2d8ea594d3db0be8c5cfbe3,CVE-2009-0559
187895283,akabe1/windows_exploit_dowser,old_2017_03_14_msbulletin.csv,ac782da58b9b1fbbc2d8ea594d3db0be8c5cfbe3,CVE-2009-0560
187895283,akabe1/windows_exploit_dowser,old_2017_03_14_msbulletin.csv,ac782da58b9b1fbbc2d8ea594d3db0be8c5cfbe3,CVE-2009-0561
187895283,akabe1/windows_exploit_dowser,old_2017_03_14_msbulletin.csv,ac782da58b9b1fbbc2d8ea594d3db0be8c5cfbe3,CVE-2009-0562
187895283,akabe1/windows_exploit_dowser,old_2017_03_14_msbulletin.csv,ac782da58b9b1fbbc2d8ea594d3db0be8c5cfbe3,CVE-2009-0563
187895283,akabe1/windows_exploit_dowser,old_2017_03_14_msbulletin.csv,ac782da58b9b1fbbc2d8ea594d3db0be8c5cfbe3,CVE-2009-0565
187895283,akabe1/windows_exploit_dowser,old_2017_03_14_msbulletin.csv,ac782da58b9b1fbbc2d8ea594d3db0be8c5cfbe3,CVE-2009-0566
187895283,akabe1/windows_exploit_dowser,old_2017_03_14_msbulletin.csv,ac782da58b9b1fbbc2d8ea594d3db0be8c5cfbe3,CVE-2009-0568
187895283,akabe1/windows_exploit_dowser,old_2017_03_14_msbulletin.csv,ac782da58b9b1fbbc2d8ea594d3db0be8c5cfbe3,CVE-2009-0901
187895283,akabe1/windows_exploit_dowser,old_2017_03_14_msbulletin.csv,ac782da58b9b1fbbc2d8ea594d3db0be8c5cfbe3,CVE-2009-1122
187895283,akabe1/windows_exploit_dowser,old_2017_03_14_msbulletin.csv,ac782da58b9b1fbbc2d8ea594d3db0be8c5cfbe3,CVE-2009-1123
187895283,akabe1/windows_exploit_dowser,old_2017_03_14_msbulletin.csv,ac782da58b9b1fbbc2d8ea594d3db0be8c5cfbe3,CVE-2009-1124
187895283,akabe1/windows_exploit_dowser,old_2017_03_14_msbulletin.csv,ac782da58b9b1fbbc2d8ea594d3db0be8c5cfbe3,CVE-2009-1125
187895283,akabe1/windows_exploit_dowser,old_2017_03_14_msbulletin.csv,ac782da58b9b1fbbc2d8ea594d3db0be8c5cfbe3,CVE-2009-0237
187895283,akabe1/windows_exploit_dowser,old_2017_03_14_msbulletin.csv,ac782da58b9b1fbbc2d8ea594d3db0be8c5cfbe3,CVE-2009-0235
187895283,akabe1/windows_exploit_dowser,old_2017_03_14_msbulletin.csv,ac782da58b9b1fbbc2d8ea594d3db0be8c5cfbe3,CVE-2009-0234
187895283,akabe1/windows_exploit_dowser,old_2017_03_14_msbulletin.csv,ac782da58b9b1fbbc2d8ea594d3db0be8c5cfbe3,CVE-2009-0233
187895283,akabe1/windows_exploit_dowser,old_2017_03_14_msbulletin.csv,ac782da58b9b1fbbc2d8ea594d3db0be8c5cfbe3,CVE-2009-0089
187895283,akabe1/windows_exploit_dowser,old_2017_03_14_msbulletin.csv,ac782da58b9b1fbbc2d8ea594d3db0be8c5cfbe3,CVE-2009-0090
187895283,akabe1/windows_exploit_dowser,old_2017_03_14_msbulletin.csv,ac782da58b9b1fbbc2d8ea594d3db0be8c5cfbe3,CVE-2009-0091
187895283,akabe1/windows_exploit_dowser,old_2017_03_14_msbulletin.csv,ac782da58b9b1fbbc2d8ea594d3db0be8c5cfbe3,CVE-2009-0093
187895283,akabe1/windows_exploit_dowser,old_2017_03_14_msbulletin.csv,ac782da58b9b1fbbc2d8ea594d3db0be8c5cfbe3,CVE-2009-0094
187895283,akabe1/windows_exploit_dowser,old_2017_03_14_msbulletin.csv,ac782da58b9b1fbbc2d8ea594d3db0be8c5cfbe3,CVE-2009-0095
187895283,akabe1/windows_exploit_dowser,old_2017_03_14_msbulletin.csv,ac782da58b9b1fbbc2d8ea594d3db0be8c5cfbe3,CVE-2009-0096
187895283,akabe1/windows_exploit_dowser,old_2017_03_14_msbulletin.csv,ac782da58b9b1fbbc2d8ea594d3db0be8c5cfbe3,CVE-2009-0097
187895283,akabe1/windows_exploit_dowser,old_2017_03_14_msbulletin.csv,ac782da58b9b1fbbc2d8ea594d3db0be8c5cfbe3,CVE-2009-0098
187895283,akabe1/windows_exploit_dowser,old_2017_03_14_msbulletin.csv,ac782da58b9b1fbbc2d8ea594d3db0be8c5cfbe3,CVE-2009-0099
187895283,akabe1/windows_exploit_dowser,old_2017_03_14_msbulletin.csv,ac782da58b9b1fbbc2d8ea594d3db0be8c5cfbe3,CVE-2009-0100
187895283,akabe1/windows_exploit_dowser,old_2017_03_14_msbulletin.csv,ac782da58b9b1fbbc2d8ea594d3db0be8c5cfbe3,CVE-2009-0102
187895283,akabe1/windows_exploit_dowser,old_2017_03_14_msbulletin.csv,ac782da58b9b1fbbc2d8ea594d3db0be8c5cfbe3,CVE-2009-1127
187895283,akabe1/windows_exploit_dowser,old_2017_03_14_msbulletin.csv,ac782da58b9b1fbbc2d8ea594d3db0be8c5cfbe3,CVE-2009-0217
187895283,akabe1/windows_exploit_dowser,old_2017_03_14_msbulletin.csv,ac782da58b9b1fbbc2d8ea594d3db0be8c5cfbe3,CVE-2009-0221
187895283,akabe1/windows_exploit_dowser,old_2017_03_14_msbulletin.csv,ac782da58b9b1fbbc2d8ea594d3db0be8c5cfbe3,CVE-2009-0222
187895283,akabe1/windows_exploit_dowser,old_2017_03_14_msbulletin.csv,ac782da58b9b1fbbc2d8ea594d3db0be8c5cfbe3,CVE-2009-0223
187895283,akabe1/windows_exploit_dowser,old_2017_03_14_msbulletin.csv,ac782da58b9b1fbbc2d8ea594d3db0be8c5cfbe3,CVE-2009-0224
187895283,akabe1/windows_exploit_dowser,old_2017_03_14_msbulletin.csv,ac782da58b9b1fbbc2d8ea594d3db0be8c5cfbe3,CVE-2009-0225
187895283,akabe1/windows_exploit_dowser,old_2017_03_14_msbulletin.csv,ac782da58b9b1fbbc2d8ea594d3db0be8c5cfbe3,CVE-2009-0226
187895283,akabe1/windows_exploit_dowser,old_2017_03_14_msbulletin.csv,ac782da58b9b1fbbc2d8ea594d3db0be8c5cfbe3,CVE-2009-0227
187895283,akabe1/windows_exploit_dowser,old_2017_03_14_msbulletin.csv,ac782da58b9b1fbbc2d8ea594d3db0be8c5cfbe3,CVE-2009-0228
187895283,akabe1/windows_exploit_dowser,old_2017_03_14_msbulletin.csv,ac782da58b9b1fbbc2d8ea594d3db0be8c5cfbe3,CVE-2009-0229
187895283,akabe1/windows_exploit_dowser,old_2017_03_14_msbulletin.csv,ac782da58b9b1fbbc2d8ea594d3db0be8c5cfbe3,CVE-2009-0230
187895283,akabe1/windows_exploit_dowser,old_2017_03_14_msbulletin.csv,ac782da58b9b1fbbc2d8ea594d3db0be8c5cfbe3,CVE-2009-0231
187895283,akabe1/windows_exploit_dowser,old_2017_03_14_msbulletin.csv,ac782da58b9b1fbbc2d8ea594d3db0be8c5cfbe3,CVE-2009-0232
187895283,akabe1/windows_exploit_dowser,old_2017_03_14_msbulletin.csv,ac782da58b9b1fbbc2d8ea594d3db0be8c5cfbe3,CVE-2009-0220
187895283,akabe1/windows_exploit_dowser,old_2017_03_14_msbulletin.csv,ac782da58b9b1fbbc2d8ea594d3db0be8c5cfbe3,CVE-2013-0089
187895283,akabe1/windows_exploit_dowser,old_2017_03_14_msbulletin.csv,ac782da58b9b1fbbc2d8ea594d3db0be8c5cfbe3,CVE-2010-0030
187895283,akabe1/windows_exploit_dowser,old_2017_03_14_msbulletin.csv,ac782da58b9b1fbbc2d8ea594d3db0be8c5cfbe3,CVE-2010-0032
187895283,akabe1/windows_exploit_dowser,old_2017_03_14_msbulletin.csv,ac782da58b9b1fbbc2d8ea594d3db0be8c5cfbe3,CVE-2010-2731
187895283,akabe1/windows_exploit_dowser,old_2017_03_14_msbulletin.csv,ac782da58b9b1fbbc2d8ea594d3db0be8c5cfbe3,CVE-2010-2732
187895283,akabe1/windows_exploit_dowser,old_2017_03_14_msbulletin.csv,ac782da58b9b1fbbc2d8ea594d3db0be8c5cfbe3,CVE-2010-2733
187895283,akabe1/windows_exploit_dowser,old_2017_03_14_msbulletin.csv,ac782da58b9b1fbbc2d8ea594d3db0be8c5cfbe3,CVE-2010-2734
187895283,akabe1/windows_exploit_dowser,old_2017_03_14_msbulletin.csv,ac782da58b9b1fbbc2d8ea594d3db0be8c5cfbe3,CVE-2010-2738
187895283,akabe1/windows_exploit_dowser,old_2017_03_14_msbulletin.csv,ac782da58b9b1fbbc2d8ea594d3db0be8c5cfbe3,CVE-2010-2740
187895283,akabe1/windows_exploit_dowser,old_2017_03_14_msbulletin.csv,ac782da58b9b1fbbc2d8ea594d3db0be8c5cfbe3,CVE-2010-2741
187895283,akabe1/windows_exploit_dowser,old_2017_03_14_msbulletin.csv,ac782da58b9b1fbbc2d8ea594d3db0be8c5cfbe3,CVE-2010-2742
187895283,akabe1/windows_exploit_dowser,old_2017_03_14_msbulletin.csv,ac782da58b9b1fbbc2d8ea594d3db0be8c5cfbe3,CVE-2010-2743
187895283,akabe1/windows_exploit_dowser,old_2017_03_14_msbulletin.csv,ac782da58b9b1fbbc2d8ea594d3db0be8c5cfbe3,CVE-2010-2744
187895283,akabe1/windows_exploit_dowser,old_2017_03_14_msbulletin.csv,ac782da58b9b1fbbc2d8ea594d3db0be8c5cfbe3,CVE-2010-2745
187895283,akabe1/windows_exploit_dowser,old_2017_03_14_msbulletin.csv,ac782da58b9b1fbbc2d8ea594d3db0be8c5cfbe3,CVE-2010-2746
187895283,akabe1/windows_exploit_dowser,old_2017_03_14_msbulletin.csv,ac782da58b9b1fbbc2d8ea594d3db0be8c5cfbe3,CVE-2010-2747
187895283,akabe1/windows_exploit_dowser,old_2017_03_14_msbulletin.csv,ac782da58b9b1fbbc2d8ea594d3db0be8c5cfbe3,CVE-2010-2748
187895283,akabe1/windows_exploit_dowser,old_2017_03_14_msbulletin.csv,ac782da58b9b1fbbc2d8ea594d3db0be8c5cfbe3,CVE-2010-2750
187895283,akabe1/windows_exploit_dowser,old_2017_03_14_msbulletin.csv,ac782da58b9b1fbbc2d8ea594d3db0be8c5cfbe3,CVE-2010-3138
187895283,akabe1/windows_exploit_dowser,old_2017_03_14_msbulletin.csv,ac782da58b9b1fbbc2d8ea594d3db0be8c5cfbe3,CVE-2010-3144
187895283,akabe1/windows_exploit_dowser,old_2017_03_14_msbulletin.csv,ac782da58b9b1fbbc2d8ea594d3db0be8c5cfbe3,CVE-2010-3145
187895283,akabe1/windows_exploit_dowser,old_2017_03_14_msbulletin.csv,ac782da58b9b1fbbc2d8ea594d3db0be8c5cfbe3,CVE-2010-3146
187895283,akabe1/windows_exploit_dowser,old_2017_03_14_msbulletin.csv,ac782da58b9b1fbbc2d8ea594d3db0be8c5cfbe3,CVE-2010-3147
187895283,akabe1/windows_exploit_dowser,old_2017_03_14_msbulletin.csv,ac782da58b9b1fbbc2d8ea594d3db0be8c5cfbe3,CVE-2010-3148
187895283,akabe1/windows_exploit_dowser,old_2017_03_14_msbulletin.csv,ac782da58b9b1fbbc2d8ea594d3db0be8c5cfbe3,CVE-2010-3190
187895283,akabe1/windows_exploit_dowser,old_2017_03_14_msbulletin.csv,ac782da58b9b1fbbc2d8ea594d3db0be8c5cfbe3,CVE-2010-3214
187895283,akabe1/windows_exploit_dowser,old_2017_03_14_msbulletin.csv,ac782da58b9b1fbbc2d8ea594d3db0be8c5cfbe3,CVE-2010-3215
187895283,akabe1/windows_exploit_dowser,old_2017_03_14_msbulletin.csv,ac782da58b9b1fbbc2d8ea594d3db0be8c5cfbe3,CVE-2010-3216
187895283,akabe1/windows_exploit_dowser,old_2017_03_14_msbulletin.csv,ac782da58b9b1fbbc2d8ea594d3db0be8c5cfbe3,CVE-2010-2730
187895283,akabe1/windows_exploit_dowser,old_2017_03_14_msbulletin.csv,ac782da58b9b1fbbc2d8ea594d3db0be8c5cfbe3,CVE-2010-3217
187895283,akabe1/windows_exploit_dowser,old_2017_03_14_msbulletin.csv,ac782da58b9b1fbbc2d8ea594d3db0be8c5cfbe3,CVE-2010-2729
187895283,akabe1/windows_exploit_dowser,old_2017_03_14_msbulletin.csv,ac782da58b9b1fbbc2d8ea594d3db0be8c5cfbe3,CVE-2010-2573
187895283,akabe1/windows_exploit_dowser,old_2017_03_14_msbulletin.csv,ac782da58b9b1fbbc2d8ea594d3db0be8c5cfbe3,CVE-2010-1902
187895283,akabe1/windows_exploit_dowser,old_2017_03_14_msbulletin.csv,ac782da58b9b1fbbc2d8ea594d3db0be8c5cfbe3,CVE-2010-1903
187895283,akabe1/windows_exploit_dowser,old_2017_03_14_msbulletin.csv,ac782da58b9b1fbbc2d8ea594d3db0be8c5cfbe3,CVE-2010-2549
187895283,akabe1/windows_exploit_dowser,old_2017_03_14_msbulletin.csv,ac782da58b9b1fbbc2d8ea594d3db0be8c5cfbe3,CVE-2010-2550
187895283,akabe1/windows_exploit_dowser,old_2017_03_14_msbulletin.csv,ac782da58b9b1fbbc2d8ea594d3db0be8c5cfbe3,CVE-2010-2551
187895283,akabe1/windows_exploit_dowser,old_2017_03_14_msbulletin.csv,ac782da58b9b1fbbc2d8ea594d3db0be8c5cfbe3,CVE-2010-2552
187895283,akabe1/windows_exploit_dowser,old_2017_03_14_msbulletin.csv,ac782da58b9b1fbbc2d8ea594d3db0be8c5cfbe3,CVE-2010-2553
187895283,akabe1/windows_exploit_dowser,old_2017_03_14_msbulletin.csv,ac782da58b9b1fbbc2d8ea594d3db0be8c5cfbe3,CVE-2010-2554
187895283,akabe1/windows_exploit_dowser,old_2017_03_14_msbulletin.csv,ac782da58b9b1fbbc2d8ea594d3db0be8c5cfbe3,CVE-2010-2555
187895283,akabe1/windows_exploit_dowser,old_2017_03_14_msbulletin.csv,ac782da58b9b1fbbc2d8ea594d3db0be8c5cfbe3,CVE-2010-2556
187895283,akabe1/windows_exploit_dowser,old_2017_03_14_msbulletin.csv,ac782da58b9b1fbbc2d8ea594d3db0be8c5cfbe3,CVE-2010-2557
187895283,akabe1/windows_exploit_dowser,old_2017_03_14_msbulletin.csv,ac782da58b9b1fbbc2d8ea594d3db0be8c5cfbe3,CVE-2010-2558
187895283,akabe1/windows_exploit_dowser,old_2017_03_14_msbulletin.csv,ac782da58b9b1fbbc2d8ea594d3db0be8c5cfbe3,CVE-2010-2559
187895283,akabe1/windows_exploit_dowser,old_2017_03_14_msbulletin.csv,ac782da58b9b1fbbc2d8ea594d3db0be8c5cfbe3,CVE-2010-2560
187895283,akabe1/windows_exploit_dowser,old_2017_03_14_msbulletin.csv,ac782da58b9b1fbbc2d8ea594d3db0be8c5cfbe3,CVE-2010-2561
187895283,akabe1/windows_exploit_dowser,old_2017_03_14_msbulletin.csv,ac782da58b9b1fbbc2d8ea594d3db0be8c5cfbe3,CVE-2010-2562
187895283,akabe1/windows_exploit_dowser,old_2017_03_14_msbulletin.csv,ac782da58b9b1fbbc2d8ea594d3db0be8c5cfbe3,CVE-2010-2563
187895283,akabe1/windows_exploit_dowser,old_2017_03_14_msbulletin.csv,ac782da58b9b1fbbc2d8ea594d3db0be8c5cfbe3,CVE-2010-2564
187895283,akabe1/windows_exploit_dowser,old_2017_03_14_msbulletin.csv,ac782da58b9b1fbbc2d8ea594d3db0be8c5cfbe3,CVE-2010-2566
187895283,akabe1/windows_exploit_dowser,old_2017_03_14_msbulletin.csv,ac782da58b9b1fbbc2d8ea594d3db0be8c5cfbe3,CVE-2010-2567
187895283,akabe1/windows_exploit_dowser,old_2017_03_14_msbulletin.csv,ac782da58b9b1fbbc2d8ea594d3db0be8c5cfbe3,CVE-2010-2568
187895283,akabe1/windows_exploit_dowser,old_2017_03_14_msbulletin.csv,ac782da58b9b1fbbc2d8ea594d3db0be8c5cfbe3,CVE-2010-2569
187895283,akabe1/windows_exploit_dowser,old_2017_03_14_msbulletin.csv,ac782da58b9b1fbbc2d8ea594d3db0be8c5cfbe3,CVE-2010-2570
187895283,akabe1/windows_exploit_dowser,old_2017_03_14_msbulletin.csv,ac782da58b9b1fbbc2d8ea594d3db0be8c5cfbe3,CVE-2010-2571
187895283,akabe1/windows_exploit_dowser,old_2017_03_14_msbulletin.csv,ac782da58b9b1fbbc2d8ea594d3db0be8c5cfbe3,CVE-2010-2572
187895283,akabe1/windows_exploit_dowser,old_2017_03_14_msbulletin.csv,ac782da58b9b1fbbc2d8ea594d3db0be8c5cfbe3,CVE-2010-2728
187895283,akabe1/windows_exploit_dowser,old_2017_03_14_msbulletin.csv,ac782da58b9b1fbbc2d8ea594d3db0be8c5cfbe3,CVE-2010-3218
187895283,akabe1/windows_exploit_dowser,old_2017_03_14_msbulletin.csv,ac782da58b9b1fbbc2d8ea594d3db0be8c5cfbe3,CVE-2010-3219
187895283,akabe1/windows_exploit_dowser,old_2017_03_14_msbulletin.csv,ac782da58b9b1fbbc2d8ea594d3db0be8c5cfbe3,CVE-2010-3220
187895283,akabe1/windows_exploit_dowser,old_2017_03_14_msbulletin.csv,ac782da58b9b1fbbc2d8ea594d3db0be8c5cfbe3,CVE-2010-3333
187895283,akabe1/windows_exploit_dowser,old_2017_03_14_msbulletin.csv,ac782da58b9b1fbbc2d8ea594d3db0be8c5cfbe3,CVE-2010-3334
187895283,akabe1/windows_exploit_dowser,old_2017_03_14_msbulletin.csv,ac782da58b9b1fbbc2d8ea594d3db0be8c5cfbe3,CVE-2010-3335
187895283,akabe1/windows_exploit_dowser,old_2017_03_14_msbulletin.csv,ac782da58b9b1fbbc2d8ea594d3db0be8c5cfbe3,CVE-2010-3336
187895283,akabe1/windows_exploit_dowser,old_2017_03_14_msbulletin.csv,ac782da58b9b1fbbc2d8ea594d3db0be8c5cfbe3,CVE-2010-3337
187895283,akabe1/windows_exploit_dowser,old_2017_03_14_msbulletin.csv,ac782da58b9b1fbbc2d8ea594d3db0be8c5cfbe3,CVE-2010-3338
187895283,akabe1/windows_exploit_dowser,old_2017_03_14_msbulletin.csv,ac782da58b9b1fbbc2d8ea594d3db0be8c5cfbe3,CVE-2010-3340
187895283,akabe1/windows_exploit_dowser,old_2017_03_14_msbulletin.csv,ac782da58b9b1fbbc2d8ea594d3db0be8c5cfbe3,CVE-2010-3342
187895283,akabe1/windows_exploit_dowser,old_2017_03_14_msbulletin.csv,ac782da58b9b1fbbc2d8ea594d3db0be8c5cfbe3,CVE-2010-3343
187895283,akabe1/windows_exploit_dowser,old_2017_03_14_msbulletin.csv,ac782da58b9b1fbbc2d8ea594d3db0be8c5cfbe3,CVE-2010-3345
187895283,akabe1/windows_exploit_dowser,old_2017_03_14_msbulletin.csv,ac782da58b9b1fbbc2d8ea594d3db0be8c5cfbe3,CVE-2010-3346
187895283,akabe1/windows_exploit_dowser,old_2017_03_14_msbulletin.csv,ac782da58b9b1fbbc2d8ea594d3db0be8c5cfbe3,CVE-2010-3348
187895283,akabe1/windows_exploit_dowser,old_2017_03_14_msbulletin.csv,ac782da58b9b1fbbc2d8ea594d3db0be8c5cfbe3,CVE-2010-3936
187895283,akabe1/windows_exploit_dowser,old_2017_03_14_msbulletin.csv,ac782da58b9b1fbbc2d8ea594d3db0be8c5cfbe3,CVE-2010-3937
187895283,akabe1/windows_exploit_dowser,old_2017_03_14_msbulletin.csv,ac782da58b9b1fbbc2d8ea594d3db0be8c5cfbe3,CVE-2010-3939
187895283,akabe1/windows_exploit_dowser,old_2017_03_14_msbulletin.csv,ac782da58b9b1fbbc2d8ea594d3db0be8c5cfbe3,CVE-2010-3940
187895283,akabe1/windows_exploit_dowser,old_2017_03_14_msbulletin.csv,ac782da58b9b1fbbc2d8ea594d3db0be8c5cfbe3,CVE-2010-3941
187895283,akabe1/windows_exploit_dowser,old_2017_03_14_msbulletin.csv,ac782da58b9b1fbbc2d8ea594d3db0be8c5cfbe3,CVE-2010-3942
187895283,akabe1/windows_exploit_dowser,old_2017_03_14_msbulletin.csv,ac782da58b9b1fbbc2d8ea594d3db0be8c5cfbe3,CVE-2010-3943
187895283,akabe1/windows_exploit_dowser,old_2017_03_14_msbulletin.csv,ac782da58b9b1fbbc2d8ea594d3db0be8c5cfbe3,CVE-2010-3944
187895283,akabe1/windows_exploit_dowser,old_2017_03_14_msbulletin.csv,ac782da58b9b1fbbc2d8ea594d3db0be8c5cfbe3,CVE-2010-3945
187895283,akabe1/windows_exploit_dowser,old_2017_03_14_msbulletin.csv,ac782da58b9b1fbbc2d8ea594d3db0be8c5cfbe3,CVE-2010-3946
187895283,akabe1/windows_exploit_dowser,old_2017_03_14_msbulletin.csv,ac782da58b9b1fbbc2d8ea594d3db0be8c5cfbe3,CVE-2010-3947
187895283,akabe1/windows_exploit_dowser,old_2017_03_14_msbulletin.csv,ac782da58b9b1fbbc2d8ea594d3db0be8c5cfbe3,CVE-2010-3949
187895283,akabe1/windows_exploit_dowser,old_2017_03_14_msbulletin.csv,ac782da58b9b1fbbc2d8ea594d3db0be8c5cfbe3,CVE-2010-3950
187895283,akabe1/windows_exploit_dowser,old_2017_03_14_msbulletin.csv,ac782da58b9b1fbbc2d8ea594d3db0be8c5cfbe3,CVE-2010-3332
187895283,akabe1/windows_exploit_dowser,old_2017_03_14_msbulletin.csv,ac782da58b9b1fbbc2d8ea594d3db0be8c5cfbe3,CVE-2010-3331
187895283,akabe1/windows_exploit_dowser,old_2017_03_14_msbulletin.csv,ac782da58b9b1fbbc2d8ea594d3db0be8c5cfbe3,CVE-2010-3330
187895283,akabe1/windows_exploit_dowser,old_2017_03_14_msbulletin.csv,ac782da58b9b1fbbc2d8ea594d3db0be8c5cfbe3,CVE-2010-3329
187895283,akabe1/windows_exploit_dowser,old_2017_03_14_msbulletin.csv,ac782da58b9b1fbbc2d8ea594d3db0be8c5cfbe3,CVE-2010-3221
187895283,akabe1/windows_exploit_dowser,old_2017_03_14_msbulletin.csv,ac782da58b9b1fbbc2d8ea594d3db0be8c5cfbe3,CVE-2010-3222
187895283,akabe1/windows_exploit_dowser,old_2017_03_14_msbulletin.csv,ac782da58b9b1fbbc2d8ea594d3db0be8c5cfbe3,CVE-2010-3223
187895283,akabe1/windows_exploit_dowser,old_2017_03_14_msbulletin.csv,ac782da58b9b1fbbc2d8ea594d3db0be8c5cfbe3,CVE-2010-3225
187895283,akabe1/windows_exploit_dowser,old_2017_03_14_msbulletin.csv,ac782da58b9b1fbbc2d8ea594d3db0be8c5cfbe3,CVE-2010-3227
187895283,akabe1/windows_exploit_dowser,old_2017_03_14_msbulletin.csv,ac782da58b9b1fbbc2d8ea594d3db0be8c5cfbe3,CVE-2010-3228
187895283,akabe1/windows_exploit_dowser,old_2017_03_14_msbulletin.csv,ac782da58b9b1fbbc2d8ea594d3db0be8c5cfbe3,CVE-2010-3229
187895283,akabe1/windows_exploit_dowser,old_2017_03_14_msbulletin.csv,ac782da58b9b1fbbc2d8ea594d3db0be8c5cfbe3,CVE-2010-3230
187895283,akabe1/windows_exploit_dowser,old_2017_03_14_msbulletin.csv,ac782da58b9b1fbbc2d8ea594d3db0be8c5cfbe3,CVE-2010-3231
187895283,akabe1/windows_exploit_dowser,old_2017_03_14_msbulletin.csv,ac782da58b9b1fbbc2d8ea594d3db0be8c5cfbe3,CVE-2010-3232
187895283,akabe1/windows_exploit_dowser,old_2017_03_14_msbulletin.csv,ac782da58b9b1fbbc2d8ea594d3db0be8c5cfbe3,CVE-2010-3233
187895283,akabe1/windows_exploit_dowser,old_2017_03_14_msbulletin.csv,ac782da58b9b1fbbc2d8ea594d3db0be8c5cfbe3,CVE-2010-3234
187895283,akabe1/windows_exploit_dowser,old_2017_03_14_msbulletin.csv,ac782da58b9b1fbbc2d8ea594d3db0be8c5cfbe3,CVE-2010-1901
187895283,akabe1/windows_exploit_dowser,old_2017_03_14_msbulletin.csv,ac782da58b9b1fbbc2d8ea594d3db0be8c5cfbe3,CVE-2010-3235
187895283,akabe1/windows_exploit_dowser,old_2017_03_14_msbulletin.csv,ac782da58b9b1fbbc2d8ea594d3db0be8c5cfbe3,CVE-2010-3237
187895283,akabe1/windows_exploit_dowser,old_2017_03_14_msbulletin.csv,ac782da58b9b1fbbc2d8ea594d3db0be8c5cfbe3,CVE-2010-3238
187895283,akabe1/windows_exploit_dowser,old_2017_03_14_msbulletin.csv,ac782da58b9b1fbbc2d8ea594d3db0be8c5cfbe3,CVE-2010-3239
187895283,akabe1/windows_exploit_dowser,old_2017_03_14_msbulletin.csv,ac782da58b9b1fbbc2d8ea594d3db0be8c5cfbe3,CVE-2010-3240
187895283,akabe1/windows_exploit_dowser,old_2017_03_14_msbulletin.csv,ac782da58b9b1fbbc2d8ea594d3db0be8c5cfbe3,CVE-2010-3241
187895283,akabe1/windows_exploit_dowser,old_2017_03_14_msbulletin.csv,ac782da58b9b1fbbc2d8ea594d3db0be8c5cfbe3,CVE-2010-3242
187895283,akabe1/windows_exploit_dowser,old_2017_03_14_msbulletin.csv,ac782da58b9b1fbbc2d8ea594d3db0be8c5cfbe3,CVE-2010-3243
187895283,akabe1/windows_exploit_dowser,old_2017_03_14_msbulletin.csv,ac782da58b9b1fbbc2d8ea594d3db0be8c5cfbe3,CVE-2010-3324
187895283,akabe1/windows_exploit_dowser,old_2017_03_14_msbulletin.csv,ac782da58b9b1fbbc2d8ea594d3db0be8c5cfbe3,CVE-2010-3325
187895283,akabe1/windows_exploit_dowser,old_2017_03_14_msbulletin.csv,ac782da58b9b1fbbc2d8ea594d3db0be8c5cfbe3,CVE-2010-3326
187895283,akabe1/windows_exploit_dowser,old_2017_03_14_msbulletin.csv,ac782da58b9b1fbbc2d8ea594d3db0be8c5cfbe3,CVE-2010-3327
187895283,akabe1/windows_exploit_dowser,old_2017_03_14_msbulletin.csv,ac782da58b9b1fbbc2d8ea594d3db0be8c5cfbe3,CVE-2010-3328
187895283,akabe1/windows_exploit_dowser,old_2017_03_14_msbulletin.csv,ac782da58b9b1fbbc2d8ea594d3db0be8c5cfbe3,CVE-2010-3236
187895283,akabe1/windows_exploit_dowser,old_2017_03_14_msbulletin.csv,ac782da58b9b1fbbc2d8ea594d3db0be8c5cfbe3,CVE-2010-0031
187895283,akabe1/windows_exploit_dowser,old_2017_03_14_msbulletin.csv,ac782da58b9b1fbbc2d8ea594d3db0be8c5cfbe3,CVE-2010-1900
187895283,akabe1/windows_exploit_dowser,old_2017_03_14_msbulletin.csv,ac782da58b9b1fbbc2d8ea594d3db0be8c5cfbe3,CVE-2010-1898
187895283,akabe1/windows_exploit_dowser,old_2017_03_14_msbulletin.csv,ac782da58b9b1fbbc2d8ea594d3db0be8c5cfbe3,CVE-2010-0260
187895283,akabe1/windows_exploit_dowser,old_2017_03_14_msbulletin.csv,ac782da58b9b1fbbc2d8ea594d3db0be8c5cfbe3,CVE-2010-0261
187895283,akabe1/windows_exploit_dowser,old_2017_03_14_msbulletin.csv,ac782da58b9b1fbbc2d8ea594d3db0be8c5cfbe3,CVE-2010-0262
187895283,akabe1/windows_exploit_dowser,old_2017_03_14_msbulletin.csv,ac782da58b9b1fbbc2d8ea594d3db0be8c5cfbe3,CVE-2010-0263
187895283,akabe1/windows_exploit_dowser,old_2017_03_14_msbulletin.csv,ac782da58b9b1fbbc2d8ea594d3db0be8c5cfbe3,CVE-2010-0264
187895283,akabe1/windows_exploit_dowser,old_2017_03_14_msbulletin.csv,ac782da58b9b1fbbc2d8ea594d3db0be8c5cfbe3,CVE-2010-0265
187895283,akabe1/windows_exploit_dowser,old_2017_03_14_msbulletin.csv,ac782da58b9b1fbbc2d8ea594d3db0be8c5cfbe3,CVE-2010-0266
187895283,akabe1/windows_exploit_dowser,old_2017_03_14_msbulletin.csv,ac782da58b9b1fbbc2d8ea594d3db0be8c5cfbe3,CVE-2010-0267
187895283,akabe1/windows_exploit_dowser,old_2017_03_14_msbulletin.csv,ac782da58b9b1fbbc2d8ea594d3db0be8c5cfbe3,CVE-2010-0268
187895283,akabe1/windows_exploit_dowser,old_2017_03_14_msbulletin.csv,ac782da58b9b1fbbc2d8ea594d3db0be8c5cfbe3,CVE-2010-0269
187895283,akabe1/windows_exploit_dowser,old_2017_03_14_msbulletin.csv,ac782da58b9b1fbbc2d8ea594d3db0be8c5cfbe3,CVE-2010-0270
187895283,akabe1/windows_exploit_dowser,old_2017_03_14_msbulletin.csv,ac782da58b9b1fbbc2d8ea594d3db0be8c5cfbe3,CVE-2010-0476
187895283,akabe1/windows_exploit_dowser,old_2017_03_14_msbulletin.csv,ac782da58b9b1fbbc2d8ea594d3db0be8c5cfbe3,CVE-2010-0477
187895283,akabe1/windows_exploit_dowser,old_2017_03_14_msbulletin.csv,ac782da58b9b1fbbc2d8ea594d3db0be8c5cfbe3,CVE-2010-0478
187895283,akabe1/windows_exploit_dowser,old_2017_03_14_msbulletin.csv,ac782da58b9b1fbbc2d8ea594d3db0be8c5cfbe3,CVE-2010-0479
187895283,akabe1/windows_exploit_dowser,old_2017_03_14_msbulletin.csv,ac782da58b9b1fbbc2d8ea594d3db0be8c5cfbe3,CVE-2010-0480
187895283,akabe1/windows_exploit_dowser,old_2017_03_14_msbulletin.csv,ac782da58b9b1fbbc2d8ea594d3db0be8c5cfbe3,CVE-2010-0481
187895283,akabe1/windows_exploit_dowser,old_2017_03_14_msbulletin.csv,ac782da58b9b1fbbc2d8ea594d3db0be8c5cfbe3,CVE-2010-0482
187895283,akabe1/windows_exploit_dowser,old_2017_03_14_msbulletin.csv,ac782da58b9b1fbbc2d8ea594d3db0be8c5cfbe3,CVE-2010-0483
187895283,akabe1/windows_exploit_dowser,old_2017_03_14_msbulletin.csv,ac782da58b9b1fbbc2d8ea594d3db0be8c5cfbe3,CVE-2010-0484
187895283,akabe1/windows_exploit_dowser,old_2017_03_14_msbulletin.csv,ac782da58b9b1fbbc2d8ea594d3db0be8c5cfbe3,CVE-2010-0485
187895283,akabe1/windows_exploit_dowser,old_2017_03_14_msbulletin.csv,ac782da58b9b1fbbc2d8ea594d3db0be8c5cfbe3,CVE-2010-0486
187895283,akabe1/windows_exploit_dowser,old_2017_03_14_msbulletin.csv,ac782da58b9b1fbbc2d8ea594d3db0be8c5cfbe3,CVE-2010-0487
187895283,akabe1/windows_exploit_dowser,old_2017_03_14_msbulletin.csv,ac782da58b9b1fbbc2d8ea594d3db0be8c5cfbe3,CVE-2010-0488
187895283,akabe1/windows_exploit_dowser,old_2017_03_14_msbulletin.csv,ac782da58b9b1fbbc2d8ea594d3db0be8c5cfbe3,CVE-2010-0489
187895283,akabe1/windows_exploit_dowser,old_2017_03_14_msbulletin.csv,ac782da58b9b1fbbc2d8ea594d3db0be8c5cfbe3,CVE-2010-0258
187895283,akabe1/windows_exploit_dowser,old_2017_03_14_msbulletin.csv,ac782da58b9b1fbbc2d8ea594d3db0be8c5cfbe3,CVE-2010-0490
187895283,akabe1/windows_exploit_dowser,old_2017_03_14_msbulletin.csv,ac782da58b9b1fbbc2d8ea594d3db0be8c5cfbe3,CVE-2010-0257
187895283,akabe1/windows_exploit_dowser,old_2017_03_14_msbulletin.csv,ac782da58b9b1fbbc2d8ea594d3db0be8c5cfbe3,CVE-2010-0255
187895283,akabe1/windows_exploit_dowser,old_2017_03_14_msbulletin.csv,ac782da58b9b1fbbc2d8ea594d3db0be8c5cfbe3,CVE-2010-0033
187895283,akabe1/windows_exploit_dowser,old_2017_03_14_msbulletin.csv,ac782da58b9b1fbbc2d8ea594d3db0be8c5cfbe3,CVE-2010-0034
187895283,akabe1/windows_exploit_dowser,old_2017_03_14_msbulletin.csv,ac782da58b9b1fbbc2d8ea594d3db0be8c5cfbe3,CVE-2010-0035
187895283,akabe1/windows_exploit_dowser,old_2017_03_14_msbulletin.csv,ac782da58b9b1fbbc2d8ea594d3db0be8c5cfbe3,CVE-2010-0231
187895283,akabe1/windows_exploit_dowser,old_2017_03_14_msbulletin.csv,ac782da58b9b1fbbc2d8ea594d3db0be8c5cfbe3,CVE-2010-0232
187895283,akabe1/windows_exploit_dowser,old_2017_03_14_msbulletin.csv,ac782da58b9b1fbbc2d8ea594d3db0be8c5cfbe3,CVE-2010-0233
187895283,akabe1/windows_exploit_dowser,old_2017_03_14_msbulletin.csv,ac782da58b9b1fbbc2d8ea594d3db0be8c5cfbe3,CVE-2010-0234
187895283,akabe1/windows_exploit_dowser,old_2017_03_14_msbulletin.csv,ac782da58b9b1fbbc2d8ea594d3db0be8c5cfbe3,CVE-2010-0235
187895283,akabe1/windows_exploit_dowser,old_2017_03_14_msbulletin.csv,ac782da58b9b1fbbc2d8ea594d3db0be8c5cfbe3,CVE-2010-0236
187895283,akabe1/windows_exploit_dowser,old_2017_03_14_msbulletin.csv,ac782da58b9b1fbbc2d8ea594d3db0be8c5cfbe3,CVE-2010-0237
187895283,akabe1/windows_exploit_dowser,old_2017_03_14_msbulletin.csv,ac782da58b9b1fbbc2d8ea594d3db0be8c5cfbe3,CVE-2010-0238
187895283,akabe1/windows_exploit_dowser,old_2017_03_14_msbulletin.csv,ac782da58b9b1fbbc2d8ea594d3db0be8c5cfbe3,CVE-2010-0239
187895283,akabe1/windows_exploit_dowser,old_2017_03_14_msbulletin.csv,ac782da58b9b1fbbc2d8ea594d3db0be8c5cfbe3,CVE-2010-0240
187895283,akabe1/windows_exploit_dowser,old_2017_03_14_msbulletin.csv,ac782da58b9b1fbbc2d8ea594d3db0be8c5cfbe3,CVE-2010-0241
187895283,akabe1/windows_exploit_dowser,old_2017_03_14_msbulletin.csv,ac782da58b9b1fbbc2d8ea594d3db0be8c5cfbe3,CVE-2010-0242
187895283,akabe1/windows_exploit_dowser,old_2017_03_14_msbulletin.csv,ac782da58b9b1fbbc2d8ea594d3db0be8c5cfbe3,CVE-2010-0243
187895283,akabe1/windows_exploit_dowser,old_2017_03_14_msbulletin.csv,ac782da58b9b1fbbc2d8ea594d3db0be8c5cfbe3,CVE-2010-0244
187895283,akabe1/windows_exploit_dowser,old_2017_03_14_msbulletin.csv,ac782da58b9b1fbbc2d8ea594d3db0be8c5cfbe3,CVE-2010-0245
187895283,akabe1/windows_exploit_dowser,old_2017_03_14_msbulletin.csv,ac782da58b9b1fbbc2d8ea594d3db0be8c5cfbe3,CVE-2010-0246
187895283,akabe1/windows_exploit_dowser,old_2017_03_14_msbulletin.csv,ac782da58b9b1fbbc2d8ea594d3db0be8c5cfbe3,CVE-2010-0247
187895283,akabe1/windows_exploit_dowser,old_2017_03_14_msbulletin.csv,ac782da58b9b1fbbc2d8ea594d3db0be8c5cfbe3,CVE-2010-0248
187895283,akabe1/windows_exploit_dowser,old_2017_03_14_msbulletin.csv,ac782da58b9b1fbbc2d8ea594d3db0be8c5cfbe3,CVE-2010-0249
187895283,akabe1/windows_exploit_dowser,old_2017_03_14_msbulletin.csv,ac782da58b9b1fbbc2d8ea594d3db0be8c5cfbe3,CVE-2010-0250
187895283,akabe1/windows_exploit_dowser,old_2017_03_14_msbulletin.csv,ac782da58b9b1fbbc2d8ea594d3db0be8c5cfbe3,CVE-2010-0252
187895283,akabe1/windows_exploit_dowser,old_2017_03_14_msbulletin.csv,ac782da58b9b1fbbc2d8ea594d3db0be8c5cfbe3,CVE-2010-0254
187895283,akabe1/windows_exploit_dowser,old_2017_03_14_msbulletin.csv,ac782da58b9b1fbbc2d8ea594d3db0be8c5cfbe3,CVE-2010-0256
187895283,akabe1/windows_exploit_dowser,old_2017_03_14_msbulletin.csv,ac782da58b9b1fbbc2d8ea594d3db0be8c5cfbe3,CVE-2010-0491
187895283,akabe1/windows_exploit_dowser,old_2017_03_14_msbulletin.csv,ac782da58b9b1fbbc2d8ea594d3db0be8c5cfbe3,CVE-2010-0492
187895283,akabe1/windows_exploit_dowser,old_2017_03_14_msbulletin.csv,ac782da58b9b1fbbc2d8ea594d3db0be8c5cfbe3,CVE-2010-0494
187895283,akabe1/windows_exploit_dowser,old_2017_03_14_msbulletin.csv,ac782da58b9b1fbbc2d8ea594d3db0be8c5cfbe3,CVE-2010-1257
187895283,akabe1/windows_exploit_dowser,old_2017_03_14_msbulletin.csv,ac782da58b9b1fbbc2d8ea594d3db0be8c5cfbe3,CVE-2010-1258
187895283,akabe1/windows_exploit_dowser,old_2017_03_14_msbulletin.csv,ac782da58b9b1fbbc2d8ea594d3db0be8c5cfbe3,CVE-2010-1259
187895283,akabe1/windows_exploit_dowser,old_2017_03_14_msbulletin.csv,ac782da58b9b1fbbc2d8ea594d3db0be8c5cfbe3,CVE-2010-1260
187895283,akabe1/windows_exploit_dowser,old_2017_03_14_msbulletin.csv,ac782da58b9b1fbbc2d8ea594d3db0be8c5cfbe3,CVE-2010-1261
187895283,akabe1/windows_exploit_dowser,old_2017_03_14_msbulletin.csv,ac782da58b9b1fbbc2d8ea594d3db0be8c5cfbe3,CVE-2010-1262
187895283,akabe1/windows_exploit_dowser,old_2017_03_14_msbulletin.csv,ac782da58b9b1fbbc2d8ea594d3db0be8c5cfbe3,CVE-2010-1263
187895283,akabe1/windows_exploit_dowser,old_2017_03_14_msbulletin.csv,ac782da58b9b1fbbc2d8ea594d3db0be8c5cfbe3,CVE-2010-1264
187895283,akabe1/windows_exploit_dowser,old_2017_03_14_msbulletin.csv,ac782da58b9b1fbbc2d8ea594d3db0be8c5cfbe3,CVE-2010-1879
187895283,akabe1/windows_exploit_dowser,old_2017_03_14_msbulletin.csv,ac782da58b9b1fbbc2d8ea594d3db0be8c5cfbe3,CVE-2010-1880
187895283,akabe1/windows_exploit_dowser,old_2017_03_14_msbulletin.csv,ac782da58b9b1fbbc2d8ea594d3db0be8c5cfbe3,CVE-2010-1881
187895283,akabe1/windows_exploit_dowser,old_2017_03_14_msbulletin.csv,ac782da58b9b1fbbc2d8ea594d3db0be8c5cfbe3,CVE-2010-1882
187895283,akabe1/windows_exploit_dowser,old_2017_03_14_msbulletin.csv,ac782da58b9b1fbbc2d8ea594d3db0be8c5cfbe3,CVE-2010-1883
187895283,akabe1/windows_exploit_dowser,old_2017_03_14_msbulletin.csv,ac782da58b9b1fbbc2d8ea594d3db0be8c5cfbe3,CVE-2010-1885
187895283,akabe1/windows_exploit_dowser,old_2017_03_14_msbulletin.csv,ac782da58b9b1fbbc2d8ea594d3db0be8c5cfbe3,CVE-2010-1887
187895283,akabe1/windows_exploit_dowser,old_2017_03_14_msbulletin.csv,ac782da58b9b1fbbc2d8ea594d3db0be8c5cfbe3,CVE-2010-1888
187895283,akabe1/windows_exploit_dowser,old_2017_03_14_msbulletin.csv,ac782da58b9b1fbbc2d8ea594d3db0be8c5cfbe3,CVE-2010-1889
187895283,akabe1/windows_exploit_dowser,old_2017_03_14_msbulletin.csv,ac782da58b9b1fbbc2d8ea594d3db0be8c5cfbe3,CVE-2010-1890
187895283,akabe1/windows_exploit_dowser,old_2017_03_14_msbulletin.csv,ac782da58b9b1fbbc2d8ea594d3db0be8c5cfbe3,CVE-2010-1891
187895283,akabe1/windows_exploit_dowser,old_2017_03_14_msbulletin.csv,ac782da58b9b1fbbc2d8ea594d3db0be8c5cfbe3,CVE-2010-1892
187895283,akabe1/windows_exploit_dowser,old_2017_03_14_msbulletin.csv,ac782da58b9b1fbbc2d8ea594d3db0be8c5cfbe3,CVE-2010-1893
187895283,akabe1/windows_exploit_dowser,old_2017_03_14_msbulletin.csv,ac782da58b9b1fbbc2d8ea594d3db0be8c5cfbe3,CVE-2010-1894
187895283,akabe1/windows_exploit_dowser,old_2017_03_14_msbulletin.csv,ac782da58b9b1fbbc2d8ea594d3db0be8c5cfbe3,CVE-2010-1895
187895283,akabe1/windows_exploit_dowser,old_2017_03_14_msbulletin.csv,ac782da58b9b1fbbc2d8ea594d3db0be8c5cfbe3,CVE-2010-1896
187895283,akabe1/windows_exploit_dowser,old_2017_03_14_msbulletin.csv,ac782da58b9b1fbbc2d8ea594d3db0be8c5cfbe3,CVE-2010-1897
187895283,akabe1/windows_exploit_dowser,old_2017_03_14_msbulletin.csv,ac782da58b9b1fbbc2d8ea594d3db0be8c5cfbe3,CVE-2010-1256
187895283,akabe1/windows_exploit_dowser,old_2017_03_14_msbulletin.csv,ac782da58b9b1fbbc2d8ea594d3db0be8c5cfbe3,CVE-2010-1255
187895283,akabe1/windows_exploit_dowser,old_2017_03_14_msbulletin.csv,ac782da58b9b1fbbc2d8ea594d3db0be8c5cfbe3,CVE-2010-1254
187895283,akabe1/windows_exploit_dowser,old_2017_03_14_msbulletin.csv,ac782da58b9b1fbbc2d8ea594d3db0be8c5cfbe3,CVE-2010-1253
187895283,akabe1/windows_exploit_dowser,old_2017_03_14_msbulletin.csv,ac782da58b9b1fbbc2d8ea594d3db0be8c5cfbe3,CVE-2010-0805
187895283,akabe1/windows_exploit_dowser,old_2017_03_14_msbulletin.csv,ac782da58b9b1fbbc2d8ea594d3db0be8c5cfbe3,CVE-2010-0806
187895283,akabe1/windows_exploit_dowser,old_2017_03_14_msbulletin.csv,ac782da58b9b1fbbc2d8ea594d3db0be8c5cfbe3,CVE-2010-0807
187895283,akabe1/windows_exploit_dowser,old_2017_03_14_msbulletin.csv,ac782da58b9b1fbbc2d8ea594d3db0be8c5cfbe3,CVE-2010-0808
187895283,akabe1/windows_exploit_dowser,old_2017_03_14_msbulletin.csv,ac782da58b9b1fbbc2d8ea594d3db0be8c5cfbe3,CVE-2010-0810
187895283,akabe1/windows_exploit_dowser,old_2017_03_14_msbulletin.csv,ac782da58b9b1fbbc2d8ea594d3db0be8c5cfbe3,CVE-2010-0811
187895283,akabe1/windows_exploit_dowser,old_2017_03_14_msbulletin.csv,ac782da58b9b1fbbc2d8ea594d3db0be8c5cfbe3,CVE-2010-0812
187895283,akabe1/windows_exploit_dowser,old_2017_03_14_msbulletin.csv,ac782da58b9b1fbbc2d8ea594d3db0be8c5cfbe3,CVE-2010-0814
187895283,akabe1/windows_exploit_dowser,old_2017_03_14_msbulletin.csv,ac782da58b9b1fbbc2d8ea594d3db0be8c5cfbe3,CVE-2010-0815
187895283,akabe1/windows_exploit_dowser,old_2017_03_14_msbulletin.csv,ac782da58b9b1fbbc2d8ea594d3db0be8c5cfbe3,CVE-2010-0816
187895283,akabe1/windows_exploit_dowser,old_2017_03_14_msbulletin.csv,ac782da58b9b1fbbc2d8ea594d3db0be8c5cfbe3,CVE-2010-0817
187895283,akabe1/windows_exploit_dowser,old_2017_03_14_msbulletin.csv,ac782da58b9b1fbbc2d8ea594d3db0be8c5cfbe3,CVE-2010-0818
187895283,akabe1/windows_exploit_dowser,old_2017_03_14_msbulletin.csv,ac782da58b9b1fbbc2d8ea594d3db0be8c5cfbe3,CVE-2010-1899
187895283,akabe1/windows_exploit_dowser,old_2017_03_14_msbulletin.csv,ac782da58b9b1fbbc2d8ea594d3db0be8c5cfbe3,CVE-2010-0819
187895283,akabe1/windows_exploit_dowser,old_2017_03_14_msbulletin.csv,ac782da58b9b1fbbc2d8ea594d3db0be8c5cfbe3,CVE-2010-0821
187895283,akabe1/windows_exploit_dowser,old_2017_03_14_msbulletin.csv,ac782da58b9b1fbbc2d8ea594d3db0be8c5cfbe3,CVE-2010-0822
187895283,akabe1/windows_exploit_dowser,old_2017_03_14_msbulletin.csv,ac782da58b9b1fbbc2d8ea594d3db0be8c5cfbe3,CVE-2010-0823
187895283,akabe1/windows_exploit_dowser,old_2017_03_14_msbulletin.csv,ac782da58b9b1fbbc2d8ea594d3db0be8c5cfbe3,CVE-2010-0824
187895283,akabe1/windows_exploit_dowser,old_2017_03_14_msbulletin.csv,ac782da58b9b1fbbc2d8ea594d3db0be8c5cfbe3,CVE-2010-1245
187895283,akabe1/windows_exploit_dowser,old_2017_03_14_msbulletin.csv,ac782da58b9b1fbbc2d8ea594d3db0be8c5cfbe3,CVE-2010-1246
187895283,akabe1/windows_exploit_dowser,old_2017_03_14_msbulletin.csv,ac782da58b9b1fbbc2d8ea594d3db0be8c5cfbe3,CVE-2010-1247
187895283,akabe1/windows_exploit_dowser,old_2017_03_14_msbulletin.csv,ac782da58b9b1fbbc2d8ea594d3db0be8c5cfbe3,CVE-2010-1248
187895283,akabe1/windows_exploit_dowser,old_2017_03_14_msbulletin.csv,ac782da58b9b1fbbc2d8ea594d3db0be8c5cfbe3,CVE-2010-1249
187895283,akabe1/windows_exploit_dowser,old_2017_03_14_msbulletin.csv,ac782da58b9b1fbbc2d8ea594d3db0be8c5cfbe3,CVE-2010-1250
187895283,akabe1/windows_exploit_dowser,old_2017_03_14_msbulletin.csv,ac782da58b9b1fbbc2d8ea594d3db0be8c5cfbe3,CVE-2010-1251
187895283,akabe1/windows_exploit_dowser,old_2017_03_14_msbulletin.csv,ac782da58b9b1fbbc2d8ea594d3db0be8c5cfbe3,CVE-2010-1252
187895283,akabe1/windows_exploit_dowser,old_2017_03_14_msbulletin.csv,ac782da58b9b1fbbc2d8ea594d3db0be8c5cfbe3,CVE-2010-0820
187895283,akabe1/windows_exploit_dowser,old_2017_03_14_msbulletin.csv,ac782da58b9b1fbbc2d8ea594d3db0be8c5cfbe3,CVE-2015-2421
187895283,akabe1/windows_exploit_dowser,old_2017_03_14_msbulletin.csv,ac782da58b9b1fbbc2d8ea594d3db0be8c5cfbe3,CVE-2013-0090
187895283,akabe1/windows_exploit_dowser,old_2017_03_14_msbulletin.csv,ac782da58b9b1fbbc2d8ea594d3db0be8c5cfbe3,CVE-2014-2772
187895283,akabe1/windows_exploit_dowser,old_2017_03_14_msbulletin.csv,ac782da58b9b1fbbc2d8ea594d3db0be8c5cfbe3,CVE-2014-6328
187895283,akabe1/windows_exploit_dowser,old_2017_03_14_msbulletin.csv,ac782da58b9b1fbbc2d8ea594d3db0be8c5cfbe3,CVE-2014-6329
187895283,akabe1/windows_exploit_dowser,old_2017_03_14_msbulletin.csv,ac782da58b9b1fbbc2d8ea594d3db0be8c5cfbe3,CVE-2014-6330
187895283,akabe1/windows_exploit_dowser,old_2017_03_14_msbulletin.csv,ac782da58b9b1fbbc2d8ea594d3db0be8c5cfbe3,CVE-2014-6331
187895283,akabe1/windows_exploit_dowser,old_2017_03_14_msbulletin.csv,ac782da58b9b1fbbc2d8ea594d3db0be8c5cfbe3,CVE-2014-6332
187895283,akabe1/windows_exploit_dowser,old_2017_03_14_msbulletin.csv,ac782da58b9b1fbbc2d8ea594d3db0be8c5cfbe3,CVE-2014-6333
187895283,akabe1/windows_exploit_dowser,old_2017_03_14_msbulletin.csv,ac782da58b9b1fbbc2d8ea594d3db0be8c5cfbe3,CVE-2014-6334
187895283,akabe1/windows_exploit_dowser,old_2017_03_14_msbulletin.csv,ac782da58b9b1fbbc2d8ea594d3db0be8c5cfbe3,CVE-2014-6335
187895283,akabe1/windows_exploit_dowser,old_2017_03_14_msbulletin.csv,ac782da58b9b1fbbc2d8ea594d3db0be8c5cfbe3,CVE-2014-6336
187895283,akabe1/windows_exploit_dowser,old_2017_03_14_msbulletin.csv,ac782da58b9b1fbbc2d8ea594d3db0be8c5cfbe3,CVE-2014-6337
187895283,akabe1/windows_exploit_dowser,old_2017_03_14_msbulletin.csv,ac782da58b9b1fbbc2d8ea594d3db0be8c5cfbe3,CVE-2014-6339
187895283,akabe1/windows_exploit_dowser,old_2017_03_14_msbulletin.csv,ac782da58b9b1fbbc2d8ea594d3db0be8c5cfbe3,CVE-2014-6340
187895283,akabe1/windows_exploit_dowser,old_2017_03_14_msbulletin.csv,ac782da58b9b1fbbc2d8ea594d3db0be8c5cfbe3,CVE-2014-6341
187895283,akabe1/windows_exploit_dowser,old_2017_03_14_msbulletin.csv,ac782da58b9b1fbbc2d8ea594d3db0be8c5cfbe3,CVE-2014-6342
187895283,akabe1/windows_exploit_dowser,old_2017_03_14_msbulletin.csv,ac782da58b9b1fbbc2d8ea594d3db0be8c5cfbe3,CVE-2014-6343
187895283,akabe1/windows_exploit_dowser,old_2017_03_14_msbulletin.csv,ac782da58b9b1fbbc2d8ea594d3db0be8c5cfbe3,CVE-2014-6344
187895283,akabe1/windows_exploit_dowser,old_2017_03_14_msbulletin.csv,ac782da58b9b1fbbc2d8ea594d3db0be8c5cfbe3,CVE-2014-6345
187895283,akabe1/windows_exploit_dowser,old_2017_03_14_msbulletin.csv,ac782da58b9b1fbbc2d8ea594d3db0be8c5cfbe3,CVE-2014-6346
187895283,akabe1/windows_exploit_dowser,old_2017_03_14_msbulletin.csv,ac782da58b9b1fbbc2d8ea594d3db0be8c5cfbe3,CVE-2014-6347
187895283,akabe1/windows_exploit_dowser,old_2017_03_14_msbulletin.csv,ac782da58b9b1fbbc2d8ea594d3db0be8c5cfbe3,CVE-2014-6348
187895283,akabe1/windows_exploit_dowser,old_2017_03_14_msbulletin.csv,ac782da58b9b1fbbc2d8ea594d3db0be8c5cfbe3,CVE-2014-6349
187895283,akabe1/windows_exploit_dowser,old_2017_03_14_msbulletin.csv,ac782da58b9b1fbbc2d8ea594d3db0be8c5cfbe3,CVE-2014-6350
187895283,akabe1/windows_exploit_dowser,old_2017_03_14_msbulletin.csv,ac782da58b9b1fbbc2d8ea594d3db0be8c5cfbe3,CVE-2014-6351
187895283,akabe1/windows_exploit_dowser,old_2017_03_14_msbulletin.csv,ac782da58b9b1fbbc2d8ea594d3db0be8c5cfbe3,CVE-2014-6352
187895283,akabe1/windows_exploit_dowser,old_2017_03_14_msbulletin.csv,ac782da58b9b1fbbc2d8ea594d3db0be8c5cfbe3,CVE-2014-6353
187895283,akabe1/windows_exploit_dowser,old_2017_03_14_msbulletin.csv,ac782da58b9b1fbbc2d8ea594d3db0be8c5cfbe3,CVE-2014-6327
187895283,akabe1/windows_exploit_dowser,old_2017_03_14_msbulletin.csv,ac782da58b9b1fbbc2d8ea594d3db0be8c5cfbe3,CVE-2014-6354
187895283,akabe1/windows_exploit_dowser,old_2017_03_14_msbulletin.csv,ac782da58b9b1fbbc2d8ea594d3db0be8c5cfbe3,CVE-2014-6324
187895283,akabe1/windows_exploit_dowser,old_2017_03_14_msbulletin.csv,ac782da58b9b1fbbc2d8ea594d3db0be8c5cfbe3,CVE-2014-6322
187895283,akabe1/windows_exploit_dowser,old_2017_03_14_msbulletin.csv,ac782da58b9b1fbbc2d8ea594d3db0be8c5cfbe3,CVE-2014-4118
187895283,akabe1/windows_exploit_dowser,old_2017_03_14_msbulletin.csv,ac782da58b9b1fbbc2d8ea594d3db0be8c5cfbe3,CVE-2014-4121
187895283,akabe1/windows_exploit_dowser,old_2017_03_14_msbulletin.csv,ac782da58b9b1fbbc2d8ea594d3db0be8c5cfbe3,CVE-2014-4122
187895283,akabe1/windows_exploit_dowser,old_2017_03_14_msbulletin.csv,ac782da58b9b1fbbc2d8ea594d3db0be8c5cfbe3,CVE-2014-4123
187895283,akabe1/windows_exploit_dowser,old_2017_03_14_msbulletin.csv,ac782da58b9b1fbbc2d8ea594d3db0be8c5cfbe3,CVE-2014-4124
187895283,akabe1/windows_exploit_dowser,old_2017_03_14_msbulletin.csv,ac782da58b9b1fbbc2d8ea594d3db0be8c5cfbe3,CVE-2014-4126
187895283,akabe1/windows_exploit_dowser,old_2017_03_14_msbulletin.csv,ac782da58b9b1fbbc2d8ea594d3db0be8c5cfbe3,CVE-2014-4127
187895283,akabe1/windows_exploit_dowser,old_2017_03_14_msbulletin.csv,ac782da58b9b1fbbc2d8ea594d3db0be8c5cfbe3,CVE-2014-4128
187895283,akabe1/windows_exploit_dowser,old_2017_03_14_msbulletin.csv,ac782da58b9b1fbbc2d8ea594d3db0be8c5cfbe3,CVE-2014-4129
187895283,akabe1/windows_exploit_dowser,old_2017_03_14_msbulletin.csv,ac782da58b9b1fbbc2d8ea594d3db0be8c5cfbe3,CVE-2014-4130
187895283,akabe1/windows_exploit_dowser,old_2017_03_14_msbulletin.csv,ac782da58b9b1fbbc2d8ea594d3db0be8c5cfbe3,CVE-2014-4132
187895283,akabe1/windows_exploit_dowser,old_2017_03_14_msbulletin.csv,ac782da58b9b1fbbc2d8ea594d3db0be8c5cfbe3,CVE-2014-4133
187895283,akabe1/windows_exploit_dowser,old_2017_03_14_msbulletin.csv,ac782da58b9b1fbbc2d8ea594d3db0be8c5cfbe3,CVE-2014-4134
187895283,akabe1/windows_exploit_dowser,old_2017_03_14_msbulletin.csv,ac782da58b9b1fbbc2d8ea594d3db0be8c5cfbe3,CVE-2014-4137
187895283,akabe1/windows_exploit_dowser,old_2017_03_14_msbulletin.csv,ac782da58b9b1fbbc2d8ea594d3db0be8c5cfbe3,CVE-2014-4138
187895283,akabe1/windows_exploit_dowser,old_2017_03_14_msbulletin.csv,ac782da58b9b1fbbc2d8ea594d3db0be8c5cfbe3,CVE-2014-4140
187895283,akabe1/windows_exploit_dowser,old_2017_03_14_msbulletin.csv,ac782da58b9b1fbbc2d8ea594d3db0be8c5cfbe3,CVE-2014-4141
187895283,akabe1/windows_exploit_dowser,old_2017_03_14_msbulletin.csv,ac782da58b9b1fbbc2d8ea594d3db0be8c5cfbe3,CVE-2014-4143
187895283,akabe1/windows_exploit_dowser,old_2017_03_14_msbulletin.csv,ac782da58b9b1fbbc2d8ea594d3db0be8c5cfbe3,CVE-2014-4145
187895283,akabe1/windows_exploit_dowser,old_2017_03_14_msbulletin.csv,ac782da58b9b1fbbc2d8ea594d3db0be8c5cfbe3,CVE-2014-4148
187895283,akabe1/windows_exploit_dowser,old_2017_03_14_msbulletin.csv,ac782da58b9b1fbbc2d8ea594d3db0be8c5cfbe3,CVE-2014-4149
187895283,akabe1/windows_exploit_dowser,old_2017_03_14_msbulletin.csv,ac782da58b9b1fbbc2d8ea594d3db0be8c5cfbe3,CVE-2014-4971
187895283,akabe1/windows_exploit_dowser,old_2017_03_14_msbulletin.csv,ac782da58b9b1fbbc2d8ea594d3db0be8c5cfbe3,CVE-2014-6317
187895283,akabe1/windows_exploit_dowser,old_2017_03_14_msbulletin.csv,ac782da58b9b1fbbc2d8ea594d3db0be8c5cfbe3,CVE-2014-6318
187895283,akabe1/windows_exploit_dowser,old_2017_03_14_msbulletin.csv,ac782da58b9b1fbbc2d8ea594d3db0be8c5cfbe3,CVE-2014-6321
187895283,akabe1/windows_exploit_dowser,old_2017_03_14_msbulletin.csv,ac782da58b9b1fbbc2d8ea594d3db0be8c5cfbe3,CVE-2014-6323
187895283,akabe1/windows_exploit_dowser,old_2017_03_14_msbulletin.csv,ac782da58b9b1fbbc2d8ea594d3db0be8c5cfbe3,CVE-2014-4117
187895283,akabe1/windows_exploit_dowser,old_2017_03_14_msbulletin.csv,ac782da58b9b1fbbc2d8ea594d3db0be8c5cfbe3,CVE-2014-6355
187895283,akabe1/windows_exploit_dowser,old_2017_03_14_msbulletin.csv,ac782da58b9b1fbbc2d8ea594d3db0be8c5cfbe3,CVE-2014-6357
187895283,akabe1/windows_exploit_dowser,old_2017_03_14_msbulletin.csv,ac782da58b9b1fbbc2d8ea594d3db0be8c5cfbe3,CVE-2015-0016
187895283,akabe1/windows_exploit_dowser,old_2017_03_14_msbulletin.csv,ac782da58b9b1fbbc2d8ea594d3db0be8c5cfbe3,CVE-2015-0017
187895283,akabe1/windows_exploit_dowser,old_2017_03_14_msbulletin.csv,ac782da58b9b1fbbc2d8ea594d3db0be8c5cfbe3,CVE-2015-0018
187895283,akabe1/windows_exploit_dowser,old_2017_03_14_msbulletin.csv,ac782da58b9b1fbbc2d8ea594d3db0be8c5cfbe3,CVE-2015-0019
187895283,akabe1/windows_exploit_dowser,old_2017_03_14_msbulletin.csv,ac782da58b9b1fbbc2d8ea594d3db0be8c5cfbe3,CVE-2015-0020
187895283,akabe1/windows_exploit_dowser,old_2017_03_14_msbulletin.csv,ac782da58b9b1fbbc2d8ea594d3db0be8c5cfbe3,CVE-2015-0021
187895283,akabe1/windows_exploit_dowser,old_2017_03_14_msbulletin.csv,ac782da58b9b1fbbc2d8ea594d3db0be8c5cfbe3,CVE-2015-0022
187895283,akabe1/windows_exploit_dowser,old_2017_03_14_msbulletin.csv,ac782da58b9b1fbbc2d8ea594d3db0be8c5cfbe3,CVE-2015-0023
187895283,akabe1/windows_exploit_dowser,old_2017_03_14_msbulletin.csv,ac782da58b9b1fbbc2d8ea594d3db0be8c5cfbe3,CVE-2015-0025
187895283,akabe1/windows_exploit_dowser,old_2017_03_14_msbulletin.csv,ac782da58b9b1fbbc2d8ea594d3db0be8c5cfbe3,CVE-2015-0026
187895283,akabe1/windows_exploit_dowser,old_2017_03_14_msbulletin.csv,ac782da58b9b1fbbc2d8ea594d3db0be8c5cfbe3,CVE-2015-0027
187895283,akabe1/windows_exploit_dowser,old_2017_03_14_msbulletin.csv,ac782da58b9b1fbbc2d8ea594d3db0be8c5cfbe3,CVE-2015-0028
187895283,akabe1/windows_exploit_dowser,old_2017_03_14_msbulletin.csv,ac782da58b9b1fbbc2d8ea594d3db0be8c5cfbe3,CVE-2015-0029
187895283,akabe1/windows_exploit_dowser,old_2017_03_14_msbulletin.csv,ac782da58b9b1fbbc2d8ea594d3db0be8c5cfbe3,CVE-2015-0030
187895283,akabe1/windows_exploit_dowser,old_2017_03_14_msbulletin.csv,ac782da58b9b1fbbc2d8ea594d3db0be8c5cfbe3,CVE-2015-0031
187895283,akabe1/windows_exploit_dowser,old_2017_03_14_msbulletin.csv,ac782da58b9b1fbbc2d8ea594d3db0be8c5cfbe3,CVE-2015-0032
187895283,akabe1/windows_exploit_dowser,old_2017_03_14_msbulletin.csv,ac782da58b9b1fbbc2d8ea594d3db0be8c5cfbe3,CVE-2015-0035
187895283,akabe1/windows_exploit_dowser,old_2017_03_14_msbulletin.csv,ac782da58b9b1fbbc2d8ea594d3db0be8c5cfbe3,CVE-2015-0036
187895283,akabe1/windows_exploit_dowser,old_2017_03_14_msbulletin.csv,ac782da58b9b1fbbc2d8ea594d3db0be8c5cfbe3,CVE-2015-0037
187895283,akabe1/windows_exploit_dowser,old_2017_03_14_msbulletin.csv,ac782da58b9b1fbbc2d8ea594d3db0be8c5cfbe3,CVE-2015-0038
187895283,akabe1/windows_exploit_dowser,old_2017_03_14_msbulletin.csv,ac782da58b9b1fbbc2d8ea594d3db0be8c5cfbe3,CVE-2015-0039
187895283,akabe1/windows_exploit_dowser,old_2017_03_14_msbulletin.csv,ac782da58b9b1fbbc2d8ea594d3db0be8c5cfbe3,CVE-2015-0040
187895283,akabe1/windows_exploit_dowser,old_2017_03_14_msbulletin.csv,ac782da58b9b1fbbc2d8ea594d3db0be8c5cfbe3,CVE-2015-0041
187895283,akabe1/windows_exploit_dowser,old_2017_03_14_msbulletin.csv,ac782da58b9b1fbbc2d8ea594d3db0be8c5cfbe3,CVE-2015-0042
187895283,akabe1/windows_exploit_dowser,old_2017_03_14_msbulletin.csv,ac782da58b9b1fbbc2d8ea594d3db0be8c5cfbe3,CVE-2015-0043
187895283,akabe1/windows_exploit_dowser,old_2017_03_14_msbulletin.csv,ac782da58b9b1fbbc2d8ea594d3db0be8c5cfbe3,CVE-2015-0015
187895283,akabe1/windows_exploit_dowser,old_2017_03_14_msbulletin.csv,ac782da58b9b1fbbc2d8ea594d3db0be8c5cfbe3,CVE-2014-6356
187895283,akabe1/windows_exploit_dowser,old_2017_03_14_msbulletin.csv,ac782da58b9b1fbbc2d8ea594d3db0be8c5cfbe3,CVE-2015-0014
187895283,akabe1/windows_exploit_dowser,old_2017_03_14_msbulletin.csv,ac782da58b9b1fbbc2d8ea594d3db0be8c5cfbe3,CVE-2015-0011
187895283,akabe1/windows_exploit_dowser,old_2017_03_14_msbulletin.csv,ac782da58b9b1fbbc2d8ea594d3db0be8c5cfbe3,CVE-2014-6360
187895283,akabe1/windows_exploit_dowser,old_2017_03_14_msbulletin.csv,ac782da58b9b1fbbc2d8ea594d3db0be8c5cfbe3,CVE-2014-6361
187895283,akabe1/windows_exploit_dowser,old_2017_03_14_msbulletin.csv,ac782da58b9b1fbbc2d8ea594d3db0be8c5cfbe3,CVE-2014-6362
187895283,akabe1/windows_exploit_dowser,old_2017_03_14_msbulletin.csv,ac782da58b9b1fbbc2d8ea594d3db0be8c5cfbe3,CVE-2014-6363
187895283,akabe1/windows_exploit_dowser,old_2017_03_14_msbulletin.csv,ac782da58b9b1fbbc2d8ea594d3db0be8c5cfbe3,CVE-2014-6364
187895283,akabe1/windows_exploit_dowser,old_2017_03_14_msbulletin.csv,ac782da58b9b1fbbc2d8ea594d3db0be8c5cfbe3,CVE-2014-6365
187895283,akabe1/windows_exploit_dowser,old_2017_03_14_msbulletin.csv,ac782da58b9b1fbbc2d8ea594d3db0be8c5cfbe3,CVE-2014-6366
187895283,akabe1/windows_exploit_dowser,old_2017_03_14_msbulletin.csv,ac782da58b9b1fbbc2d8ea594d3db0be8c5cfbe3,CVE-2014-6368
187895283,akabe1/windows_exploit_dowser,old_2017_03_14_msbulletin.csv,ac782da58b9b1fbbc2d8ea594d3db0be8c5cfbe3,CVE-2014-6369
187895283,akabe1/windows_exploit_dowser,old_2017_03_14_msbulletin.csv,ac782da58b9b1fbbc2d8ea594d3db0be8c5cfbe3,CVE-2014-6373
187895283,akabe1/windows_exploit_dowser,old_2017_03_14_msbulletin.csv,ac782da58b9b1fbbc2d8ea594d3db0be8c5cfbe3,CVE-2014-6374
187895283,akabe1/windows_exploit_dowser,old_2017_03_14_msbulletin.csv,ac782da58b9b1fbbc2d8ea594d3db0be8c5cfbe3,CVE-2014-6375
187895283,akabe1/windows_exploit_dowser,old_2017_03_14_msbulletin.csv,ac782da58b9b1fbbc2d8ea594d3db0be8c5cfbe3,CVE-2014-6376
187895283,akabe1/windows_exploit_dowser,old_2017_03_14_msbulletin.csv,ac782da58b9b1fbbc2d8ea594d3db0be8c5cfbe3,CVE-2014-8966
187895283,akabe1/windows_exploit_dowser,old_2017_03_14_msbulletin.csv,ac782da58b9b1fbbc2d8ea594d3db0be8c5cfbe3,CVE-2014-8967
187895283,akabe1/windows_exploit_dowser,old_2017_03_14_msbulletin.csv,ac782da58b9b1fbbc2d8ea594d3db0be8c5cfbe3,CVE-2014-8985
187895283,akabe1/windows_exploit_dowser,old_2017_03_14_msbulletin.csv,ac782da58b9b1fbbc2d8ea594d3db0be8c5cfbe3,CVE-2015-0001
187895283,akabe1/windows_exploit_dowser,old_2017_03_14_msbulletin.csv,ac782da58b9b1fbbc2d8ea594d3db0be8c5cfbe3,CVE-2015-0002
187895283,akabe1/windows_exploit_dowser,old_2017_03_14_msbulletin.csv,ac782da58b9b1fbbc2d8ea594d3db0be8c5cfbe3,CVE-2015-0003
187895283,akabe1/windows_exploit_dowser,old_2017_03_14_msbulletin.csv,ac782da58b9b1fbbc2d8ea594d3db0be8c5cfbe3,CVE-2015-0004
187895283,akabe1/windows_exploit_dowser,old_2017_03_14_msbulletin.csv,ac782da58b9b1fbbc2d8ea594d3db0be8c5cfbe3,CVE-2015-0005
187895283,akabe1/windows_exploit_dowser,old_2017_03_14_msbulletin.csv,ac782da58b9b1fbbc2d8ea594d3db0be8c5cfbe3,CVE-2015-0006
187895283,akabe1/windows_exploit_dowser,old_2017_03_14_msbulletin.csv,ac782da58b9b1fbbc2d8ea594d3db0be8c5cfbe3,CVE-2015-0008
187895283,akabe1/windows_exploit_dowser,old_2017_03_14_msbulletin.csv,ac782da58b9b1fbbc2d8ea594d3db0be8c5cfbe3,CVE-2015-0009
187895283,akabe1/windows_exploit_dowser,old_2017_03_14_msbulletin.csv,ac782da58b9b1fbbc2d8ea594d3db0be8c5cfbe3,CVE-2015-0010
187895283,akabe1/windows_exploit_dowser,old_2017_03_14_msbulletin.csv,ac782da58b9b1fbbc2d8ea594d3db0be8c5cfbe3,CVE-2015-0012
187895283,akabe1/windows_exploit_dowser,old_2017_03_14_msbulletin.csv,ac782da58b9b1fbbc2d8ea594d3db0be8c5cfbe3,CVE-2014-4116
187895283,akabe1/windows_exploit_dowser,old_2017_03_14_msbulletin.csv,ac782da58b9b1fbbc2d8ea594d3db0be8c5cfbe3,CVE-2014-4115
187895283,akabe1/windows_exploit_dowser,old_2017_03_14_msbulletin.csv,ac782da58b9b1fbbc2d8ea594d3db0be8c5cfbe3,CVE-2014-4114
187895283,akabe1/windows_exploit_dowser,old_2017_03_14_msbulletin.csv,ac782da58b9b1fbbc2d8ea594d3db0be8c5cfbe3,CVE-2014-2803
187895283,akabe1/windows_exploit_dowser,old_2017_03_14_msbulletin.csv,ac782da58b9b1fbbc2d8ea594d3db0be8c5cfbe3,CVE-2014-2804
187895283,akabe1/windows_exploit_dowser,old_2017_03_14_msbulletin.csv,ac782da58b9b1fbbc2d8ea594d3db0be8c5cfbe3,CVE-2014-2806
187895283,akabe1/windows_exploit_dowser,old_2017_03_14_msbulletin.csv,ac782da58b9b1fbbc2d8ea594d3db0be8c5cfbe3,CVE-2014-2807
187895283,akabe1/windows_exploit_dowser,old_2017_03_14_msbulletin.csv,ac782da58b9b1fbbc2d8ea594d3db0be8c5cfbe3,CVE-2014-2808
187895283,akabe1/windows_exploit_dowser,old_2017_03_14_msbulletin.csv,ac782da58b9b1fbbc2d8ea594d3db0be8c5cfbe3,CVE-2014-2809
187895283,akabe1/windows_exploit_dowser,old_2017_03_14_msbulletin.csv,ac782da58b9b1fbbc2d8ea594d3db0be8c5cfbe3,CVE-2014-2810
187895283,akabe1/windows_exploit_dowser,old_2017_03_14_msbulletin.csv,ac782da58b9b1fbbc2d8ea594d3db0be8c5cfbe3,CVE-2014-2811
187895283,akabe1/windows_exploit_dowser,old_2017_03_14_msbulletin.csv,ac782da58b9b1fbbc2d8ea594d3db0be8c5cfbe3,CVE-2014-2813
187895283,akabe1/windows_exploit_dowser,old_2017_03_14_msbulletin.csv,ac782da58b9b1fbbc2d8ea594d3db0be8c5cfbe3,CVE-2014-2814
187895283,akabe1/windows_exploit_dowser,old_2017_03_14_msbulletin.csv,ac782da58b9b1fbbc2d8ea594d3db0be8c5cfbe3,CVE-2014-2815
187895283,akabe1/windows_exploit_dowser,old_2017_03_14_msbulletin.csv,ac782da58b9b1fbbc2d8ea594d3db0be8c5cfbe3,CVE-2014-2816
187895283,akabe1/windows_exploit_dowser,old_2017_03_14_msbulletin.csv,ac782da58b9b1fbbc2d8ea594d3db0be8c5cfbe3,CVE-2014-2817
187895283,akabe1/windows_exploit_dowser,old_2017_03_14_msbulletin.csv,ac782da58b9b1fbbc2d8ea594d3db0be8c5cfbe3,CVE-2014-2818
187895283,akabe1/windows_exploit_dowser,old_2017_03_14_msbulletin.csv,ac782da58b9b1fbbc2d8ea594d3db0be8c5cfbe3,CVE-2014-2819
187895283,akabe1/windows_exploit_dowser,old_2017_03_14_msbulletin.csv,ac782da58b9b1fbbc2d8ea594d3db0be8c5cfbe3,CVE-2014-2820
187895283,akabe1/windows_exploit_dowser,old_2017_03_14_msbulletin.csv,ac782da58b9b1fbbc2d8ea594d3db0be8c5cfbe3,CVE-2014-2821
187895283,akabe1/windows_exploit_dowser,old_2017_03_14_msbulletin.csv,ac782da58b9b1fbbc2d8ea594d3db0be8c5cfbe3,CVE-2014-2822
187895283,akabe1/windows_exploit_dowser,old_2017_03_14_msbulletin.csv,ac782da58b9b1fbbc2d8ea594d3db0be8c5cfbe3,CVE-2014-2823
187895283,akabe1/windows_exploit_dowser,old_2017_03_14_msbulletin.csv,ac782da58b9b1fbbc2d8ea594d3db0be8c5cfbe3,CVE-2014-2824
187895283,akabe1/windows_exploit_dowser,old_2017_03_14_msbulletin.csv,ac782da58b9b1fbbc2d8ea594d3db0be8c5cfbe3,CVE-2014-2825
187895283,akabe1/windows_exploit_dowser,old_2017_03_14_msbulletin.csv,ac782da58b9b1fbbc2d8ea594d3db0be8c5cfbe3,CVE-2014-2826
187895283,akabe1/windows_exploit_dowser,old_2017_03_14_msbulletin.csv,ac782da58b9b1fbbc2d8ea594d3db0be8c5cfbe3,CVE-2014-2827
187895283,akabe1/windows_exploit_dowser,old_2017_03_14_msbulletin.csv,ac782da58b9b1fbbc2d8ea594d3db0be8c5cfbe3,CVE-2014-4050
187895283,akabe1/windows_exploit_dowser,old_2017_03_14_msbulletin.csv,ac782da58b9b1fbbc2d8ea594d3db0be8c5cfbe3,CVE-2014-4051
187895283,akabe1/windows_exploit_dowser,old_2017_03_14_msbulletin.csv,ac782da58b9b1fbbc2d8ea594d3db0be8c5cfbe3,CVE-2014-2802
187895283,akabe1/windows_exploit_dowser,old_2017_03_14_msbulletin.csv,ac782da58b9b1fbbc2d8ea594d3db0be8c5cfbe3,CVE-2014-4052
187895283,akabe1/windows_exploit_dowser,old_2017_03_14_msbulletin.csv,ac782da58b9b1fbbc2d8ea594d3db0be8c5cfbe3,CVE-2014-2801
187895283,akabe1/windows_exploit_dowser,old_2017_03_14_msbulletin.csv,ac782da58b9b1fbbc2d8ea594d3db0be8c5cfbe3,CVE-2014-2799
187895283,akabe1/windows_exploit_dowser,old_2017_03_14_msbulletin.csv,ac782da58b9b1fbbc2d8ea594d3db0be8c5cfbe3,CVE-2013-0091
187895283,akabe1/windows_exploit_dowser,old_2017_03_14_msbulletin.csv,ac782da58b9b1fbbc2d8ea594d3db0be8c5cfbe3,CVE-2014-2773
187895283,akabe1/windows_exploit_dowser,old_2017_03_14_msbulletin.csv,ac782da58b9b1fbbc2d8ea594d3db0be8c5cfbe3,CVE-2014-2774
187895283,akabe1/windows_exploit_dowser,old_2017_03_14_msbulletin.csv,ac782da58b9b1fbbc2d8ea594d3db0be8c5cfbe3,CVE-2014-2775
187895283,akabe1/windows_exploit_dowser,old_2017_03_14_msbulletin.csv,ac782da58b9b1fbbc2d8ea594d3db0be8c5cfbe3,CVE-2014-2776
187895283,akabe1/windows_exploit_dowser,old_2017_03_14_msbulletin.csv,ac782da58b9b1fbbc2d8ea594d3db0be8c5cfbe3,CVE-2014-2777
187895283,akabe1/windows_exploit_dowser,old_2017_03_14_msbulletin.csv,ac782da58b9b1fbbc2d8ea594d3db0be8c5cfbe3,CVE-2014-2778
187895283,akabe1/windows_exploit_dowser,old_2017_03_14_msbulletin.csv,ac782da58b9b1fbbc2d8ea594d3db0be8c5cfbe3,CVE-2014-2780
187895283,akabe1/windows_exploit_dowser,old_2017_03_14_msbulletin.csv,ac782da58b9b1fbbc2d8ea594d3db0be8c5cfbe3,CVE-2014-2781
187895283,akabe1/windows_exploit_dowser,old_2017_03_14_msbulletin.csv,ac782da58b9b1fbbc2d8ea594d3db0be8c5cfbe3,CVE-2014-2782
187895283,akabe1/windows_exploit_dowser,old_2017_03_14_msbulletin.csv,ac782da58b9b1fbbc2d8ea594d3db0be8c5cfbe3,CVE-2014-2783
187895283,akabe1/windows_exploit_dowser,old_2017_03_14_msbulletin.csv,ac782da58b9b1fbbc2d8ea594d3db0be8c5cfbe3,CVE-2014-2784
187895283,akabe1/windows_exploit_dowser,old_2017_03_14_msbulletin.csv,ac782da58b9b1fbbc2d8ea594d3db0be8c5cfbe3,CVE-2014-2785
187895283,akabe1/windows_exploit_dowser,old_2017_03_14_msbulletin.csv,ac782da58b9b1fbbc2d8ea594d3db0be8c5cfbe3,CVE-2014-2786
187895283,akabe1/windows_exploit_dowser,old_2017_03_14_msbulletin.csv,ac782da58b9b1fbbc2d8ea594d3db0be8c5cfbe3,CVE-2014-2787
187895283,akabe1/windows_exploit_dowser,old_2017_03_14_msbulletin.csv,ac782da58b9b1fbbc2d8ea594d3db0be8c5cfbe3,CVE-2014-2788
187895283,akabe1/windows_exploit_dowser,old_2017_03_14_msbulletin.csv,ac782da58b9b1fbbc2d8ea594d3db0be8c5cfbe3,CVE-2014-2789
187895283,akabe1/windows_exploit_dowser,old_2017_03_14_msbulletin.csv,ac782da58b9b1fbbc2d8ea594d3db0be8c5cfbe3,CVE-2014-2790
187895283,akabe1/windows_exploit_dowser,old_2017_03_14_msbulletin.csv,ac782da58b9b1fbbc2d8ea594d3db0be8c5cfbe3,CVE-2014-2791
187895283,akabe1/windows_exploit_dowser,old_2017_03_14_msbulletin.csv,ac782da58b9b1fbbc2d8ea594d3db0be8c5cfbe3,CVE-2014-2792
187895283,akabe1/windows_exploit_dowser,old_2017_03_14_msbulletin.csv,ac782da58b9b1fbbc2d8ea594d3db0be8c5cfbe3,CVE-2014-2794
187895283,akabe1/windows_exploit_dowser,old_2017_03_14_msbulletin.csv,ac782da58b9b1fbbc2d8ea594d3db0be8c5cfbe3,CVE-2014-2795
187895283,akabe1/windows_exploit_dowser,old_2017_03_14_msbulletin.csv,ac782da58b9b1fbbc2d8ea594d3db0be8c5cfbe3,CVE-2014-2796
187895283,akabe1/windows_exploit_dowser,old_2017_03_14_msbulletin.csv,ac782da58b9b1fbbc2d8ea594d3db0be8c5cfbe3,CVE-2014-2797
187895283,akabe1/windows_exploit_dowser,old_2017_03_14_msbulletin.csv,ac782da58b9b1fbbc2d8ea594d3db0be8c5cfbe3,CVE-2014-2798
187895283,akabe1/windows_exploit_dowser,old_2017_03_14_msbulletin.csv,ac782da58b9b1fbbc2d8ea594d3db0be8c5cfbe3,CVE-2014-2800
187895283,akabe1/windows_exploit_dowser,old_2017_03_14_msbulletin.csv,ac782da58b9b1fbbc2d8ea594d3db0be8c5cfbe3,CVE-2014-4055
187895283,akabe1/windows_exploit_dowser,old_2017_03_14_msbulletin.csv,ac782da58b9b1fbbc2d8ea594d3db0be8c5cfbe3,CVE-2014-4056
187895283,akabe1/windows_exploit_dowser,old_2017_03_14_msbulletin.csv,ac782da58b9b1fbbc2d8ea594d3db0be8c5cfbe3,CVE-2014-4057
187895283,akabe1/windows_exploit_dowser,old_2017_03_14_msbulletin.csv,ac782da58b9b1fbbc2d8ea594d3db0be8c5cfbe3,CVE-2014-4089
187895283,akabe1/windows_exploit_dowser,old_2017_03_14_msbulletin.csv,ac782da58b9b1fbbc2d8ea594d3db0be8c5cfbe3,CVE-2014-4090
187895283,akabe1/windows_exploit_dowser,old_2017_03_14_msbulletin.csv,ac782da58b9b1fbbc2d8ea594d3db0be8c5cfbe3,CVE-2014-4091
187895283,akabe1/windows_exploit_dowser,old_2017_03_14_msbulletin.csv,ac782da58b9b1fbbc2d8ea594d3db0be8c5cfbe3,CVE-2014-4092
187895283,akabe1/windows_exploit_dowser,old_2017_03_14_msbulletin.csv,ac782da58b9b1fbbc2d8ea594d3db0be8c5cfbe3,CVE-2014-4093
187895283,akabe1/windows_exploit_dowser,old_2017_03_14_msbulletin.csv,ac782da58b9b1fbbc2d8ea594d3db0be8c5cfbe3,CVE-2014-4094
187895283,akabe1/windows_exploit_dowser,old_2017_03_14_msbulletin.csv,ac782da58b9b1fbbc2d8ea594d3db0be8c5cfbe3,CVE-2014-4095
187895283,akabe1/windows_exploit_dowser,old_2017_03_14_msbulletin.csv,ac782da58b9b1fbbc2d8ea594d3db0be8c5cfbe3,CVE-2014-4096
187895283,akabe1/windows_exploit_dowser,old_2017_03_14_msbulletin.csv,ac782da58b9b1fbbc2d8ea594d3db0be8c5cfbe3,CVE-2014-4097
187895283,akabe1/windows_exploit_dowser,old_2017_03_14_msbulletin.csv,ac782da58b9b1fbbc2d8ea594d3db0be8c5cfbe3,CVE-2014-4098
187895283,akabe1/windows_exploit_dowser,old_2017_03_14_msbulletin.csv,ac782da58b9b1fbbc2d8ea594d3db0be8c5cfbe3,CVE-2014-4099
187895283,akabe1/windows_exploit_dowser,old_2017_03_14_msbulletin.csv,ac782da58b9b1fbbc2d8ea594d3db0be8c5cfbe3,CVE-2014-4100
187895283,akabe1/windows_exploit_dowser,old_2017_03_14_msbulletin.csv,ac782da58b9b1fbbc2d8ea594d3db0be8c5cfbe3,CVE-2014-4101
187895283,akabe1/windows_exploit_dowser,old_2017_03_14_msbulletin.csv,ac782da58b9b1fbbc2d8ea594d3db0be8c5cfbe3,CVE-2014-4102
187895283,akabe1/windows_exploit_dowser,old_2017_03_14_msbulletin.csv,ac782da58b9b1fbbc2d8ea594d3db0be8c5cfbe3,CVE-2014-4103
187895283,akabe1/windows_exploit_dowser,old_2017_03_14_msbulletin.csv,ac782da58b9b1fbbc2d8ea594d3db0be8c5cfbe3,CVE-2014-4104
187895283,akabe1/windows_exploit_dowser,old_2017_03_14_msbulletin.csv,ac782da58b9b1fbbc2d8ea594d3db0be8c5cfbe3,CVE-2014-4105
187895283,akabe1/windows_exploit_dowser,old_2017_03_14_msbulletin.csv,ac782da58b9b1fbbc2d8ea594d3db0be8c5cfbe3,CVE-2014-4106
187895283,akabe1/windows_exploit_dowser,old_2017_03_14_msbulletin.csv,ac782da58b9b1fbbc2d8ea594d3db0be8c5cfbe3,CVE-2014-4107
187895283,akabe1/windows_exploit_dowser,old_2017_03_14_msbulletin.csv,ac782da58b9b1fbbc2d8ea594d3db0be8c5cfbe3,CVE-2014-4108
187895283,akabe1/windows_exploit_dowser,old_2017_03_14_msbulletin.csv,ac782da58b9b1fbbc2d8ea594d3db0be8c5cfbe3,CVE-2014-4109
187895283,akabe1/windows_exploit_dowser,old_2017_03_14_msbulletin.csv,ac782da58b9b1fbbc2d8ea594d3db0be8c5cfbe3,CVE-2014-4110
187895283,akabe1/windows_exploit_dowser,old_2017_03_14_msbulletin.csv,ac782da58b9b1fbbc2d8ea594d3db0be8c5cfbe3,CVE-2014-4111
187895283,akabe1/windows_exploit_dowser,old_2017_03_14_msbulletin.csv,ac782da58b9b1fbbc2d8ea594d3db0be8c5cfbe3,CVE-2014-4112
187895283,akabe1/windows_exploit_dowser,old_2017_03_14_msbulletin.csv,ac782da58b9b1fbbc2d8ea594d3db0be8c5cfbe3,CVE-2014-4113
187895283,akabe1/windows_exploit_dowser,old_2017_03_14_msbulletin.csv,ac782da58b9b1fbbc2d8ea594d3db0be8c5cfbe3,CVE-2014-4088
187895283,akabe1/windows_exploit_dowser,old_2017_03_14_msbulletin.csv,ac782da58b9b1fbbc2d8ea594d3db0be8c5cfbe3,CVE-2014-4087
187895283,akabe1/windows_exploit_dowser,old_2017_03_14_msbulletin.csv,ac782da58b9b1fbbc2d8ea594d3db0be8c5cfbe3,CVE-2014-4086
187895283,akabe1/windows_exploit_dowser,old_2017_03_14_msbulletin.csv,ac782da58b9b1fbbc2d8ea594d3db0be8c5cfbe3,CVE-2014-4085
187895283,akabe1/windows_exploit_dowser,old_2017_03_14_msbulletin.csv,ac782da58b9b1fbbc2d8ea594d3db0be8c5cfbe3,CVE-2014-4058
187895283,akabe1/windows_exploit_dowser,old_2017_03_14_msbulletin.csv,ac782da58b9b1fbbc2d8ea594d3db0be8c5cfbe3,CVE-2014-4059
187895283,akabe1/windows_exploit_dowser,old_2017_03_14_msbulletin.csv,ac782da58b9b1fbbc2d8ea594d3db0be8c5cfbe3,CVE-2014-4060
187895283,akabe1/windows_exploit_dowser,old_2017_03_14_msbulletin.csv,ac782da58b9b1fbbc2d8ea594d3db0be8c5cfbe3,CVE-2014-4061
187895283,akabe1/windows_exploit_dowser,old_2017_03_14_msbulletin.csv,ac782da58b9b1fbbc2d8ea594d3db0be8c5cfbe3,CVE-2014-4062
187895283,akabe1/windows_exploit_dowser,old_2017_03_14_msbulletin.csv,ac782da58b9b1fbbc2d8ea594d3db0be8c5cfbe3,CVE-2014-4063
187895283,akabe1/windows_exploit_dowser,old_2017_03_14_msbulletin.csv,ac782da58b9b1fbbc2d8ea594d3db0be8c5cfbe3,CVE-2014-4064
187895283,akabe1/windows_exploit_dowser,old_2017_03_14_msbulletin.csv,ac782da58b9b1fbbc2d8ea594d3db0be8c5cfbe3,CVE-2014-4065
187895283,akabe1/windows_exploit_dowser,old_2017_03_14_msbulletin.csv,ac782da58b9b1fbbc2d8ea594d3db0be8c5cfbe3,CVE-2014-4066
187895283,akabe1/windows_exploit_dowser,old_2017_03_14_msbulletin.csv,ac782da58b9b1fbbc2d8ea594d3db0be8c5cfbe3,CVE-2014-4067
187895283,akabe1/windows_exploit_dowser,old_2017_03_14_msbulletin.csv,ac782da58b9b1fbbc2d8ea594d3db0be8c5cfbe3,CVE-2014-4068
187895283,akabe1/windows_exploit_dowser,old_2017_03_14_msbulletin.csv,ac782da58b9b1fbbc2d8ea594d3db0be8c5cfbe3,CVE-2014-4070
187895283,akabe1/windows_exploit_dowser,old_2017_03_14_msbulletin.csv,ac782da58b9b1fbbc2d8ea594d3db0be8c5cfbe3,CVE-2015-0044
187895283,akabe1/windows_exploit_dowser,old_2017_03_14_msbulletin.csv,ac782da58b9b1fbbc2d8ea594d3db0be8c5cfbe3,CVE-2014-4071
187895283,akabe1/windows_exploit_dowser,old_2017_03_14_msbulletin.csv,ac782da58b9b1fbbc2d8ea594d3db0be8c5cfbe3,CVE-2014-4073
187895283,akabe1/windows_exploit_dowser,old_2017_03_14_msbulletin.csv,ac782da58b9b1fbbc2d8ea594d3db0be8c5cfbe3,CVE-2014-4074
187895283,akabe1/windows_exploit_dowser,old_2017_03_14_msbulletin.csv,ac782da58b9b1fbbc2d8ea594d3db0be8c5cfbe3,CVE-2014-4075
187895283,akabe1/windows_exploit_dowser,old_2017_03_14_msbulletin.csv,ac782da58b9b1fbbc2d8ea594d3db0be8c5cfbe3,CVE-2014-4076
187895283,akabe1/windows_exploit_dowser,old_2017_03_14_msbulletin.csv,ac782da58b9b1fbbc2d8ea594d3db0be8c5cfbe3,CVE-2014-4077
187895283,akabe1/windows_exploit_dowser,old_2017_03_14_msbulletin.csv,ac782da58b9b1fbbc2d8ea594d3db0be8c5cfbe3,CVE-2014-4078
187895283,akabe1/windows_exploit_dowser,old_2017_03_14_msbulletin.csv,ac782da58b9b1fbbc2d8ea594d3db0be8c5cfbe3,CVE-2014-4079
187895283,akabe1/windows_exploit_dowser,old_2017_03_14_msbulletin.csv,ac782da58b9b1fbbc2d8ea594d3db0be8c5cfbe3,CVE-2014-4080
187895283,akabe1/windows_exploit_dowser,old_2017_03_14_msbulletin.csv,ac782da58b9b1fbbc2d8ea594d3db0be8c5cfbe3,CVE-2014-4081
187895283,akabe1/windows_exploit_dowser,old_2017_03_14_msbulletin.csv,ac782da58b9b1fbbc2d8ea594d3db0be8c5cfbe3,CVE-2014-4082
187895283,akabe1/windows_exploit_dowser,old_2017_03_14_msbulletin.csv,ac782da58b9b1fbbc2d8ea594d3db0be8c5cfbe3,CVE-2014-4083
187895283,akabe1/windows_exploit_dowser,old_2017_03_14_msbulletin.csv,ac782da58b9b1fbbc2d8ea594d3db0be8c5cfbe3,CVE-2014-4084
187895283,akabe1/windows_exploit_dowser,old_2017_03_14_msbulletin.csv,ac782da58b9b1fbbc2d8ea594d3db0be8c5cfbe3,CVE-2014-4072
187895283,akabe1/windows_exploit_dowser,old_2017_03_14_msbulletin.csv,ac782da58b9b1fbbc2d8ea594d3db0be8c5cfbe3,CVE-2014-2771
187895283,akabe1/windows_exploit_dowser,old_2017_03_14_msbulletin.csv,ac782da58b9b1fbbc2d8ea594d3db0be8c5cfbe3,CVE-2015-0045
187895283,akabe1/windows_exploit_dowser,old_2017_03_14_msbulletin.csv,ac782da58b9b1fbbc2d8ea594d3db0be8c5cfbe3,CVE-2015-0048
187895283,akabe1/windows_exploit_dowser,old_2017_03_14_msbulletin.csv,ac782da58b9b1fbbc2d8ea594d3db0be8c5cfbe3,CVE-2015-1733
187895283,akabe1/windows_exploit_dowser,old_2017_03_14_msbulletin.csv,ac782da58b9b1fbbc2d8ea594d3db0be8c5cfbe3,CVE-2015-1735
187895283,akabe1/windows_exploit_dowser,old_2017_03_14_msbulletin.csv,ac782da58b9b1fbbc2d8ea594d3db0be8c5cfbe3,CVE-2015-1736
187895283,akabe1/windows_exploit_dowser,old_2017_03_14_msbulletin.csv,ac782da58b9b1fbbc2d8ea594d3db0be8c5cfbe3,CVE-2015-1737
187895283,akabe1/windows_exploit_dowser,old_2017_03_14_msbulletin.csv,ac782da58b9b1fbbc2d8ea594d3db0be8c5cfbe3,CVE-2015-1738
187895283,akabe1/windows_exploit_dowser,old_2017_03_14_msbulletin.csv,ac782da58b9b1fbbc2d8ea594d3db0be8c5cfbe3,CVE-2015-1739
187895283,akabe1/windows_exploit_dowser,old_2017_03_14_msbulletin.csv,ac782da58b9b1fbbc2d8ea594d3db0be8c5cfbe3,CVE-2015-1740
187895283,akabe1/windows_exploit_dowser,old_2017_03_14_msbulletin.csv,ac782da58b9b1fbbc2d8ea594d3db0be8c5cfbe3,CVE-2015-1741
187895283,akabe1/windows_exploit_dowser,old_2017_03_14_msbulletin.csv,ac782da58b9b1fbbc2d8ea594d3db0be8c5cfbe3,CVE-2015-1742
187895283,akabe1/windows_exploit_dowser,old_2017_03_14_msbulletin.csv,ac782da58b9b1fbbc2d8ea594d3db0be8c5cfbe3,CVE-2015-1743
187895283,akabe1/windows_exploit_dowser,old_2017_03_14_msbulletin.csv,ac782da58b9b1fbbc2d8ea594d3db0be8c5cfbe3,CVE-2015-1744
187895283,akabe1/windows_exploit_dowser,old_2017_03_14_msbulletin.csv,ac782da58b9b1fbbc2d8ea594d3db0be8c5cfbe3,CVE-2015-1745
187895283,akabe1/windows_exploit_dowser,old_2017_03_14_msbulletin.csv,ac782da58b9b1fbbc2d8ea594d3db0be8c5cfbe3,CVE-2015-1747
187895283,akabe1/windows_exploit_dowser,old_2017_03_14_msbulletin.csv,ac782da58b9b1fbbc2d8ea594d3db0be8c5cfbe3,CVE-2015-1748
187895283,akabe1/windows_exploit_dowser,old_2017_03_14_msbulletin.csv,ac782da58b9b1fbbc2d8ea594d3db0be8c5cfbe3,CVE-2015-1750
187895283,akabe1/windows_exploit_dowser,old_2017_03_14_msbulletin.csv,ac782da58b9b1fbbc2d8ea594d3db0be8c5cfbe3,CVE-2015-1751
187895283,akabe1/windows_exploit_dowser,old_2017_03_14_msbulletin.csv,ac782da58b9b1fbbc2d8ea594d3db0be8c5cfbe3,CVE-2015-1752
187895283,akabe1/windows_exploit_dowser,old_2017_03_14_msbulletin.csv,ac782da58b9b1fbbc2d8ea594d3db0be8c5cfbe3,CVE-2015-1753
187895283,akabe1/windows_exploit_dowser,old_2017_03_14_msbulletin.csv,ac782da58b9b1fbbc2d8ea594d3db0be8c5cfbe3,CVE-2015-1754
187895283,akabe1/windows_exploit_dowser,old_2017_03_14_msbulletin.csv,ac782da58b9b1fbbc2d8ea594d3db0be8c5cfbe3,CVE-2015-1755
187895283,akabe1/windows_exploit_dowser,old_2017_03_14_msbulletin.csv,ac782da58b9b1fbbc2d8ea594d3db0be8c5cfbe3,CVE-2015-1756
187895283,akabe1/windows_exploit_dowser,old_2017_03_14_msbulletin.csv,ac782da58b9b1fbbc2d8ea594d3db0be8c5cfbe3,CVE-2015-1757
187895283,akabe1/windows_exploit_dowser,old_2017_03_14_msbulletin.csv,ac782da58b9b1fbbc2d8ea594d3db0be8c5cfbe3,CVE-2015-1758
187895283,akabe1/windows_exploit_dowser,old_2017_03_14_msbulletin.csv,ac782da58b9b1fbbc2d8ea594d3db0be8c5cfbe3,CVE-2015-1759
187895283,akabe1/windows_exploit_dowser,old_2017_03_14_msbulletin.csv,ac782da58b9b1fbbc2d8ea594d3db0be8c5cfbe3,CVE-2015-1760
187895283,akabe1/windows_exploit_dowser,old_2017_03_14_msbulletin.csv,ac782da58b9b1fbbc2d8ea594d3db0be8c5cfbe3,CVE-2015-1732
187895283,akabe1/windows_exploit_dowser,old_2017_03_14_msbulletin.csv,ac782da58b9b1fbbc2d8ea594d3db0be8c5cfbe3,CVE-2015-1761
187895283,akabe1/windows_exploit_dowser,old_2017_03_14_msbulletin.csv,ac782da58b9b1fbbc2d8ea594d3db0be8c5cfbe3,CVE-2015-1731
187895283,akabe1/windows_exploit_dowser,old_2017_03_14_msbulletin.csv,ac782da58b9b1fbbc2d8ea594d3db0be8c5cfbe3,CVE-2015-1729
187895283,akabe1/windows_exploit_dowser,old_2017_03_14_msbulletin.csv,ac782da58b9b1fbbc2d8ea594d3db0be8c5cfbe3,CVE-2015-1699
187895283,akabe1/windows_exploit_dowser,old_2017_03_14_msbulletin.csv,ac782da58b9b1fbbc2d8ea594d3db0be8c5cfbe3,CVE-2015-1700
187895283,akabe1/windows_exploit_dowser,old_2017_03_14_msbulletin.csv,ac782da58b9b1fbbc2d8ea594d3db0be8c5cfbe3,CVE-2015-1701
187895283,akabe1/windows_exploit_dowser,old_2017_03_14_msbulletin.csv,ac782da58b9b1fbbc2d8ea594d3db0be8c5cfbe3,CVE-2015-1702
187895283,akabe1/windows_exploit_dowser,old_2017_03_14_msbulletin.csv,ac782da58b9b1fbbc2d8ea594d3db0be8c5cfbe3,CVE-2015-1703
187895283,akabe1/windows_exploit_dowser,old_2017_03_14_msbulletin.csv,ac782da58b9b1fbbc2d8ea594d3db0be8c5cfbe3,CVE-2015-1704
187895283,akabe1/windows_exploit_dowser,old_2017_03_14_msbulletin.csv,ac782da58b9b1fbbc2d8ea594d3db0be8c5cfbe3,CVE-2015-1705
187895283,akabe1/windows_exploit_dowser,old_2017_03_14_msbulletin.csv,ac782da58b9b1fbbc2d8ea594d3db0be8c5cfbe3,CVE-2015-1706
187895283,akabe1/windows_exploit_dowser,old_2017_03_14_msbulletin.csv,ac782da58b9b1fbbc2d8ea594d3db0be8c5cfbe3,CVE-2015-1708
187895283,akabe1/windows_exploit_dowser,old_2017_03_14_msbulletin.csv,ac782da58b9b1fbbc2d8ea594d3db0be8c5cfbe3,CVE-2015-1709
187895283,akabe1/windows_exploit_dowser,old_2017_03_14_msbulletin.csv,ac782da58b9b1fbbc2d8ea594d3db0be8c5cfbe3,CVE-2015-1710
187895283,akabe1/windows_exploit_dowser,old_2017_03_14_msbulletin.csv,ac782da58b9b1fbbc2d8ea594d3db0be8c5cfbe3,CVE-2015-1711
187895283,akabe1/windows_exploit_dowser,old_2017_03_14_msbulletin.csv,ac782da58b9b1fbbc2d8ea594d3db0be8c5cfbe3,CVE-2015-1712
187895283,akabe1/windows_exploit_dowser,old_2017_03_14_msbulletin.csv,ac782da58b9b1fbbc2d8ea594d3db0be8c5cfbe3,CVE-2015-1713
187895283,akabe1/windows_exploit_dowser,old_2017_03_14_msbulletin.csv,ac782da58b9b1fbbc2d8ea594d3db0be8c5cfbe3,CVE-2015-1714
187895283,akabe1/windows_exploit_dowser,old_2017_03_14_msbulletin.csv,ac782da58b9b1fbbc2d8ea594d3db0be8c5cfbe3,CVE-2015-1715
187895283,akabe1/windows_exploit_dowser,old_2017_03_14_msbulletin.csv,ac782da58b9b1fbbc2d8ea594d3db0be8c5cfbe3,CVE-2015-1716
187895283,akabe1/windows_exploit_dowser,old_2017_03_14_msbulletin.csv,ac782da58b9b1fbbc2d8ea594d3db0be8c5cfbe3,CVE-2015-1717
187895283,akabe1/windows_exploit_dowser,old_2017_03_14_msbulletin.csv,ac782da58b9b1fbbc2d8ea594d3db0be8c5cfbe3,CVE-2015-1718
187895283,akabe1/windows_exploit_dowser,old_2017_03_14_msbulletin.csv,ac782da58b9b1fbbc2d8ea594d3db0be8c5cfbe3,CVE-2015-1719
187895283,akabe1/windows_exploit_dowser,old_2017_03_14_msbulletin.csv,ac782da58b9b1fbbc2d8ea594d3db0be8c5cfbe3,CVE-2015-1720
187895283,akabe1/windows_exploit_dowser,old_2017_03_14_msbulletin.csv,ac782da58b9b1fbbc2d8ea594d3db0be8c5cfbe3,CVE-2015-1721
187895283,akabe1/windows_exploit_dowser,old_2017_03_14_msbulletin.csv,ac782da58b9b1fbbc2d8ea594d3db0be8c5cfbe3,CVE-2015-1722
187895283,akabe1/windows_exploit_dowser,old_2017_03_14_msbulletin.csv,ac782da58b9b1fbbc2d8ea594d3db0be8c5cfbe3,CVE-2015-1723
187895283,akabe1/windows_exploit_dowser,old_2017_03_14_msbulletin.csv,ac782da58b9b1fbbc2d8ea594d3db0be8c5cfbe3,CVE-2015-1728
187895283,akabe1/windows_exploit_dowser,old_2017_03_14_msbulletin.csv,ac782da58b9b1fbbc2d8ea594d3db0be8c5cfbe3,CVE-2015-1730
187895283,akabe1/windows_exploit_dowser,old_2017_03_14_msbulletin.csv,ac782da58b9b1fbbc2d8ea594d3db0be8c5cfbe3,CVE-2015-1698
187895283,akabe1/windows_exploit_dowser,old_2017_03_14_msbulletin.csv,ac782da58b9b1fbbc2d8ea594d3db0be8c5cfbe3,CVE-2015-1762
187895283,akabe1/windows_exploit_dowser,old_2017_03_14_msbulletin.csv,ac782da58b9b1fbbc2d8ea594d3db0be8c5cfbe3,CVE-2015-1764
187895283,akabe1/windows_exploit_dowser,old_2017_03_14_msbulletin.csv,ac782da58b9b1fbbc2d8ea594d3db0be8c5cfbe3,CVE-2015-2383
187895283,akabe1/windows_exploit_dowser,old_2017_03_14_msbulletin.csv,ac782da58b9b1fbbc2d8ea594d3db0be8c5cfbe3,CVE-2015-2384
187895283,akabe1/windows_exploit_dowser,old_2017_03_14_msbulletin.csv,ac782da58b9b1fbbc2d8ea594d3db0be8c5cfbe3,CVE-2015-2385
187895283,akabe1/windows_exploit_dowser,old_2017_03_14_msbulletin.csv,ac782da58b9b1fbbc2d8ea594d3db0be8c5cfbe3,CVE-2015-2387
187895283,akabe1/windows_exploit_dowser,old_2017_03_14_msbulletin.csv,ac782da58b9b1fbbc2d8ea594d3db0be8c5cfbe3,CVE-2015-2388
187895283,akabe1/windows_exploit_dowser,old_2017_03_14_msbulletin.csv,ac782da58b9b1fbbc2d8ea594d3db0be8c5cfbe3,CVE-2015-2389
187895283,akabe1/windows_exploit_dowser,old_2017_03_14_msbulletin.csv,ac782da58b9b1fbbc2d8ea594d3db0be8c5cfbe3,CVE-2015-2390
187895283,akabe1/windows_exploit_dowser,old_2017_03_14_msbulletin.csv,ac782da58b9b1fbbc2d8ea594d3db0be8c5cfbe3,CVE-2015-2391
187895283,akabe1/windows_exploit_dowser,old_2017_03_14_msbulletin.csv,ac782da58b9b1fbbc2d8ea594d3db0be8c5cfbe3,CVE-2015-2397
187895283,akabe1/windows_exploit_dowser,old_2017_03_14_msbulletin.csv,ac782da58b9b1fbbc2d8ea594d3db0be8c5cfbe3,CVE-2015-2398
187895283,akabe1/windows_exploit_dowser,old_2017_03_14_msbulletin.csv,ac782da58b9b1fbbc2d8ea594d3db0be8c5cfbe3,CVE-2015-2401
187895283,akabe1/windows_exploit_dowser,old_2017_03_14_msbulletin.csv,ac782da58b9b1fbbc2d8ea594d3db0be8c5cfbe3,CVE-2015-2402
187895283,akabe1/windows_exploit_dowser,old_2017_03_14_msbulletin.csv,ac782da58b9b1fbbc2d8ea594d3db0be8c5cfbe3,CVE-2015-2403
187895283,akabe1/windows_exploit_dowser,old_2017_03_14_msbulletin.csv,ac782da58b9b1fbbc2d8ea594d3db0be8c5cfbe3,CVE-2015-2404
187895283,akabe1/windows_exploit_dowser,old_2017_03_14_msbulletin.csv,ac782da58b9b1fbbc2d8ea594d3db0be8c5cfbe3,CVE-2015-2406
187895283,akabe1/windows_exploit_dowser,old_2017_03_14_msbulletin.csv,ac782da58b9b1fbbc2d8ea594d3db0be8c5cfbe3,CVE-2015-2408
187895283,akabe1/windows_exploit_dowser,old_2017_03_14_msbulletin.csv,ac782da58b9b1fbbc2d8ea594d3db0be8c5cfbe3,CVE-2015-2410
187895283,akabe1/windows_exploit_dowser,old_2017_03_14_msbulletin.csv,ac782da58b9b1fbbc2d8ea594d3db0be8c5cfbe3,CVE-2015-2411
187895283,akabe1/windows_exploit_dowser,old_2017_03_14_msbulletin.csv,ac782da58b9b1fbbc2d8ea594d3db0be8c5cfbe3,CVE-2015-2412
187895283,akabe1/windows_exploit_dowser,old_2017_03_14_msbulletin.csv,ac782da58b9b1fbbc2d8ea594d3db0be8c5cfbe3,CVE-2015-2413
187895283,akabe1/windows_exploit_dowser,old_2017_03_14_msbulletin.csv,ac782da58b9b1fbbc2d8ea594d3db0be8c5cfbe3,CVE-2015-2414
187895283,akabe1/windows_exploit_dowser,old_2017_03_14_msbulletin.csv,ac782da58b9b1fbbc2d8ea594d3db0be8c5cfbe3,CVE-2015-2415
187895283,akabe1/windows_exploit_dowser,old_2017_03_14_msbulletin.csv,ac782da58b9b1fbbc2d8ea594d3db0be8c5cfbe3,CVE-2015-2416
187895283,akabe1/windows_exploit_dowser,old_2017_03_14_msbulletin.csv,ac782da58b9b1fbbc2d8ea594d3db0be8c5cfbe3,CVE-2015-2417
187895283,akabe1/windows_exploit_dowser,old_2017_03_14_msbulletin.csv,ac782da58b9b1fbbc2d8ea594d3db0be8c5cfbe3,CVE-2015-2419
187895283,akabe1/windows_exploit_dowser,old_2017_03_14_msbulletin.csv,ac782da58b9b1fbbc2d8ea594d3db0be8c5cfbe3,CVE-2015-2382
187895283,akabe1/windows_exploit_dowser,old_2017_03_14_msbulletin.csv,ac782da58b9b1fbbc2d8ea594d3db0be8c5cfbe3,CVE-2015-1763
187895283,akabe1/windows_exploit_dowser,old_2017_03_14_msbulletin.csv,ac782da58b9b1fbbc2d8ea594d3db0be8c5cfbe3,CVE-2015-2381
187895283,akabe1/windows_exploit_dowser,old_2017_03_14_msbulletin.csv,ac782da58b9b1fbbc2d8ea594d3db0be8c5cfbe3,CVE-2015-2379
187895283,akabe1/windows_exploit_dowser,old_2017_03_14_msbulletin.csv,ac782da58b9b1fbbc2d8ea594d3db0be8c5cfbe3,CVE-2015-1765
187895283,akabe1/windows_exploit_dowser,old_2017_03_14_msbulletin.csv,ac782da58b9b1fbbc2d8ea594d3db0be8c5cfbe3,CVE-2015-1766
187895283,akabe1/windows_exploit_dowser,old_2017_03_14_msbulletin.csv,ac782da58b9b1fbbc2d8ea594d3db0be8c5cfbe3,CVE-2015-1767
187895283,akabe1/windows_exploit_dowser,old_2017_03_14_msbulletin.csv,ac782da58b9b1fbbc2d8ea594d3db0be8c5cfbe3,CVE-2015-1769
187895283,akabe1/windows_exploit_dowser,old_2017_03_14_msbulletin.csv,ac782da58b9b1fbbc2d8ea594d3db0be8c5cfbe3,CVE-2015-1770
187895283,akabe1/windows_exploit_dowser,old_2017_03_14_msbulletin.csv,ac782da58b9b1fbbc2d8ea594d3db0be8c5cfbe3,CVE-2015-1771
187895283,akabe1/windows_exploit_dowser,old_2017_03_14_msbulletin.csv,ac782da58b9b1fbbc2d8ea594d3db0be8c5cfbe3,CVE-2015-2359
187895283,akabe1/windows_exploit_dowser,old_2017_03_14_msbulletin.csv,ac782da58b9b1fbbc2d8ea594d3db0be8c5cfbe3,CVE-2015-2361
187895283,akabe1/windows_exploit_dowser,old_2017_03_14_msbulletin.csv,ac782da58b9b1fbbc2d8ea594d3db0be8c5cfbe3,CVE-2015-2362
187895283,akabe1/windows_exploit_dowser,old_2017_03_14_msbulletin.csv,ac782da58b9b1fbbc2d8ea594d3db0be8c5cfbe3,CVE-2015-2363
187895283,akabe1/windows_exploit_dowser,old_2017_03_14_msbulletin.csv,ac782da58b9b1fbbc2d8ea594d3db0be8c5cfbe3,CVE-2015-2364
187895283,akabe1/windows_exploit_dowser,old_2017_03_14_msbulletin.csv,ac782da58b9b1fbbc2d8ea594d3db0be8c5cfbe3,CVE-2015-2365
187895283,akabe1/windows_exploit_dowser,old_2017_03_14_msbulletin.csv,ac782da58b9b1fbbc2d8ea594d3db0be8c5cfbe3,CVE-2015-2366
187895283,akabe1/windows_exploit_dowser,old_2017_03_14_msbulletin.csv,ac782da58b9b1fbbc2d8ea594d3db0be8c5cfbe3,CVE-2015-2367
187895283,akabe1/windows_exploit_dowser,old_2017_03_14_msbulletin.csv,ac782da58b9b1fbbc2d8ea594d3db0be8c5cfbe3,CVE-2015-2368
187895283,akabe1/windows_exploit_dowser,old_2017_03_14_msbulletin.csv,ac782da58b9b1fbbc2d8ea594d3db0be8c5cfbe3,CVE-2015-2369
187895283,akabe1/windows_exploit_dowser,old_2017_03_14_msbulletin.csv,ac782da58b9b1fbbc2d8ea594d3db0be8c5cfbe3,CVE-2015-2370
187895283,akabe1/windows_exploit_dowser,old_2017_03_14_msbulletin.csv,ac782da58b9b1fbbc2d8ea594d3db0be8c5cfbe3,CVE-2015-2371
187895283,akabe1/windows_exploit_dowser,old_2017_03_14_msbulletin.csv,ac782da58b9b1fbbc2d8ea594d3db0be8c5cfbe3,CVE-2015-2372
187895283,akabe1/windows_exploit_dowser,old_2017_03_14_msbulletin.csv,ac782da58b9b1fbbc2d8ea594d3db0be8c5cfbe3,CVE-2015-2373
187895283,akabe1/windows_exploit_dowser,old_2017_03_14_msbulletin.csv,ac782da58b9b1fbbc2d8ea594d3db0be8c5cfbe3,CVE-2015-2374
187895283,akabe1/windows_exploit_dowser,old_2017_03_14_msbulletin.csv,ac782da58b9b1fbbc2d8ea594d3db0be8c5cfbe3,CVE-2015-2375
187895283,akabe1/windows_exploit_dowser,old_2017_03_14_msbulletin.csv,ac782da58b9b1fbbc2d8ea594d3db0be8c5cfbe3,CVE-2015-2376
187895283,akabe1/windows_exploit_dowser,old_2017_03_14_msbulletin.csv,ac782da58b9b1fbbc2d8ea594d3db0be8c5cfbe3,CVE-2015-2377
187895283,akabe1/windows_exploit_dowser,old_2017_03_14_msbulletin.csv,ac782da58b9b1fbbc2d8ea594d3db0be8c5cfbe3,CVE-2015-2378
187895283,akabe1/windows_exploit_dowser,old_2017_03_14_msbulletin.csv,ac782da58b9b1fbbc2d8ea594d3db0be8c5cfbe3,CVE-2015-2380
187895283,akabe1/windows_exploit_dowser,old_2017_03_14_msbulletin.csv,ac782da58b9b1fbbc2d8ea594d3db0be8c5cfbe3,CVE-2015-1697
187895283,akabe1/windows_exploit_dowser,old_2017_03_14_msbulletin.csv,ac782da58b9b1fbbc2d8ea594d3db0be8c5cfbe3,CVE-2015-1696
187895283,akabe1/windows_exploit_dowser,old_2017_03_14_msbulletin.csv,ac782da58b9b1fbbc2d8ea594d3db0be8c5cfbe3,CVE-2015-1695
187895283,akabe1/windows_exploit_dowser,old_2017_03_14_msbulletin.csv,ac782da58b9b1fbbc2d8ea594d3db0be8c5cfbe3,CVE-2015-0079
187895283,akabe1/windows_exploit_dowser,old_2017_03_14_msbulletin.csv,ac782da58b9b1fbbc2d8ea594d3db0be8c5cfbe3,CVE-2015-0080
187895283,akabe1/windows_exploit_dowser,old_2017_03_14_msbulletin.csv,ac782da58b9b1fbbc2d8ea594d3db0be8c5cfbe3,CVE-2015-0081
187895283,akabe1/windows_exploit_dowser,old_2017_03_14_msbulletin.csv,ac782da58b9b1fbbc2d8ea594d3db0be8c5cfbe3,CVE-2015-0084
187895283,akabe1/windows_exploit_dowser,old_2017_03_14_msbulletin.csv,ac782da58b9b1fbbc2d8ea594d3db0be8c5cfbe3,CVE-2015-0085
187895283,akabe1/windows_exploit_dowser,old_2017_03_14_msbulletin.csv,ac782da58b9b1fbbc2d8ea594d3db0be8c5cfbe3,CVE-2015-0086
187895283,akabe1/windows_exploit_dowser,old_2017_03_14_msbulletin.csv,ac782da58b9b1fbbc2d8ea594d3db0be8c5cfbe3,CVE-2015-0087
187895283,akabe1/windows_exploit_dowser,old_2017_03_14_msbulletin.csv,ac782da58b9b1fbbc2d8ea594d3db0be8c5cfbe3,CVE-2015-0088
187895283,akabe1/windows_exploit_dowser,old_2017_03_14_msbulletin.csv,ac782da58b9b1fbbc2d8ea594d3db0be8c5cfbe3,CVE-2015-0089
187895283,akabe1/windows_exploit_dowser,old_2017_03_14_msbulletin.csv,ac782da58b9b1fbbc2d8ea594d3db0be8c5cfbe3,CVE-2015-0090
187895283,akabe1/windows_exploit_dowser,old_2017_03_14_msbulletin.csv,ac782da58b9b1fbbc2d8ea594d3db0be8c5cfbe3,CVE-2015-0091
187895283,akabe1/windows_exploit_dowser,old_2017_03_14_msbulletin.csv,ac782da58b9b1fbbc2d8ea594d3db0be8c5cfbe3,CVE-2015-0092
187895283,akabe1/windows_exploit_dowser,old_2017_03_14_msbulletin.csv,ac782da58b9b1fbbc2d8ea594d3db0be8c5cfbe3,CVE-2015-0093
187895283,akabe1/windows_exploit_dowser,old_2017_03_14_msbulletin.csv,ac782da58b9b1fbbc2d8ea594d3db0be8c5cfbe3,CVE-2015-0094
187895283,akabe1/windows_exploit_dowser,old_2017_03_14_msbulletin.csv,ac782da58b9b1fbbc2d8ea594d3db0be8c5cfbe3,CVE-2015-0095
187895283,akabe1/windows_exploit_dowser,old_2017_03_14_msbulletin.csv,ac782da58b9b1fbbc2d8ea594d3db0be8c5cfbe3,CVE-2015-0096
187895283,akabe1/windows_exploit_dowser,old_2017_03_14_msbulletin.csv,ac782da58b9b1fbbc2d8ea594d3db0be8c5cfbe3,CVE-2015-0097
187895283,akabe1/windows_exploit_dowser,old_2017_03_14_msbulletin.csv,ac782da58b9b1fbbc2d8ea594d3db0be8c5cfbe3,CVE-2015-0098
187895283,akabe1/windows_exploit_dowser,old_2017_03_14_msbulletin.csv,ac782da58b9b1fbbc2d8ea594d3db0be8c5cfbe3,CVE-2015-0099
187895283,akabe1/windows_exploit_dowser,old_2017_03_14_msbulletin.csv,ac782da58b9b1fbbc2d8ea594d3db0be8c5cfbe3,CVE-2015-0100
187895283,akabe1/windows_exploit_dowser,old_2017_03_14_msbulletin.csv,ac782da58b9b1fbbc2d8ea594d3db0be8c5cfbe3,CVE-2015-1622
187895283,akabe1/windows_exploit_dowser,old_2017_03_14_msbulletin.csv,ac782da58b9b1fbbc2d8ea594d3db0be8c5cfbe3,CVE-2015-1623
187895283,akabe1/windows_exploit_dowser,old_2017_03_14_msbulletin.csv,ac782da58b9b1fbbc2d8ea594d3db0be8c5cfbe3,CVE-2015-1624
187895283,akabe1/windows_exploit_dowser,old_2017_03_14_msbulletin.csv,ac782da58b9b1fbbc2d8ea594d3db0be8c5cfbe3,CVE-2015-1625
187895283,akabe1/windows_exploit_dowser,old_2017_03_14_msbulletin.csv,ac782da58b9b1fbbc2d8ea594d3db0be8c5cfbe3,CVE-2015-1626
187895283,akabe1/windows_exploit_dowser,old_2017_03_14_msbulletin.csv,ac782da58b9b1fbbc2d8ea594d3db0be8c5cfbe3,CVE-2015-0078
187895283,akabe1/windows_exploit_dowser,old_2017_03_14_msbulletin.csv,ac782da58b9b1fbbc2d8ea594d3db0be8c5cfbe3,CVE-2015-1628
187895283,akabe1/windows_exploit_dowser,old_2017_03_14_msbulletin.csv,ac782da58b9b1fbbc2d8ea594d3db0be8c5cfbe3,CVE-2015-0077
187895283,akabe1/windows_exploit_dowser,old_2017_03_14_msbulletin.csv,ac782da58b9b1fbbc2d8ea594d3db0be8c5cfbe3,CVE-2015-0075
187895283,akabe1/windows_exploit_dowser,old_2017_03_14_msbulletin.csv,ac782da58b9b1fbbc2d8ea594d3db0be8c5cfbe3,CVE-2015-0049
187895283,akabe1/windows_exploit_dowser,old_2017_03_14_msbulletin.csv,ac782da58b9b1fbbc2d8ea594d3db0be8c5cfbe3,CVE-2015-0050
187895283,akabe1/windows_exploit_dowser,old_2017_03_14_msbulletin.csv,ac782da58b9b1fbbc2d8ea594d3db0be8c5cfbe3,CVE-2015-0051
187895283,akabe1/windows_exploit_dowser,old_2017_03_14_msbulletin.csv,ac782da58b9b1fbbc2d8ea594d3db0be8c5cfbe3,CVE-2015-0052
187895283,akabe1/windows_exploit_dowser,old_2017_03_14_msbulletin.csv,ac782da58b9b1fbbc2d8ea594d3db0be8c5cfbe3,CVE-2015-0053
187895283,akabe1/windows_exploit_dowser,old_2017_03_14_msbulletin.csv,ac782da58b9b1fbbc2d8ea594d3db0be8c5cfbe3,CVE-2015-0054
187895283,akabe1/windows_exploit_dowser,old_2017_03_14_msbulletin.csv,ac782da58b9b1fbbc2d8ea594d3db0be8c5cfbe3,CVE-2015-0055
187895283,akabe1/windows_exploit_dowser,old_2017_03_14_msbulletin.csv,ac782da58b9b1fbbc2d8ea594d3db0be8c5cfbe3,CVE-2015-0056
187895283,akabe1/windows_exploit_dowser,old_2017_03_14_msbulletin.csv,ac782da58b9b1fbbc2d8ea594d3db0be8c5cfbe3,CVE-2015-0057
187895283,akabe1/windows_exploit_dowser,old_2017_03_14_msbulletin.csv,ac782da58b9b1fbbc2d8ea594d3db0be8c5cfbe3,CVE-2015-0058
187895283,akabe1/windows_exploit_dowser,old_2017_03_14_msbulletin.csv,ac782da58b9b1fbbc2d8ea594d3db0be8c5cfbe3,CVE-2015-0059
187895283,akabe1/windows_exploit_dowser,old_2017_03_14_msbulletin.csv,ac782da58b9b1fbbc2d8ea594d3db0be8c5cfbe3,CVE-2015-0060
187895283,akabe1/windows_exploit_dowser,old_2017_03_14_msbulletin.csv,ac782da58b9b1fbbc2d8ea594d3db0be8c5cfbe3,CVE-2015-0061
187895283,akabe1/windows_exploit_dowser,old_2017_03_14_msbulletin.csv,ac782da58b9b1fbbc2d8ea594d3db0be8c5cfbe3,CVE-2015-0062
187895283,akabe1/windows_exploit_dowser,old_2017_03_14_msbulletin.csv,ac782da58b9b1fbbc2d8ea594d3db0be8c5cfbe3,CVE-2015-0063
187895283,akabe1/windows_exploit_dowser,old_2017_03_14_msbulletin.csv,ac782da58b9b1fbbc2d8ea594d3db0be8c5cfbe3,CVE-2015-0064
187895283,akabe1/windows_exploit_dowser,old_2017_03_14_msbulletin.csv,ac782da58b9b1fbbc2d8ea594d3db0be8c5cfbe3,CVE-2015-0065
187895283,akabe1/windows_exploit_dowser,old_2017_03_14_msbulletin.csv,ac782da58b9b1fbbc2d8ea594d3db0be8c5cfbe3,CVE-2015-0066
187895283,akabe1/windows_exploit_dowser,old_2017_03_14_msbulletin.csv,ac782da58b9b1fbbc2d8ea594d3db0be8c5cfbe3,CVE-2015-0067
187895283,akabe1/windows_exploit_dowser,old_2017_03_14_msbulletin.csv,ac782da58b9b1fbbc2d8ea594d3db0be8c5cfbe3,CVE-2015-0068
187895283,akabe1/windows_exploit_dowser,old_2017_03_14_msbulletin.csv,ac782da58b9b1fbbc2d8ea594d3db0be8c5cfbe3,CVE-2015-0069
187895283,akabe1/windows_exploit_dowser,old_2017_03_14_msbulletin.csv,ac782da58b9b1fbbc2d8ea594d3db0be8c5cfbe3,CVE-2015-0070
187895283,akabe1/windows_exploit_dowser,old_2017_03_14_msbulletin.csv,ac782da58b9b1fbbc2d8ea594d3db0be8c5cfbe3,CVE-2015-0071
187895283,akabe1/windows_exploit_dowser,old_2017_03_14_msbulletin.csv,ac782da58b9b1fbbc2d8ea594d3db0be8c5cfbe3,CVE-2015-0073
187895283,akabe1/windows_exploit_dowser,old_2017_03_14_msbulletin.csv,ac782da58b9b1fbbc2d8ea594d3db0be8c5cfbe3,CVE-2015-0074
187895283,akabe1/windows_exploit_dowser,old_2017_03_14_msbulletin.csv,ac782da58b9b1fbbc2d8ea594d3db0be8c5cfbe3,CVE-2015-0076
187895283,akabe1/windows_exploit_dowser,old_2017_03_14_msbulletin.csv,ac782da58b9b1fbbc2d8ea594d3db0be8c5cfbe3,CVE-2015-1629
187895283,akabe1/windows_exploit_dowser,old_2017_03_14_msbulletin.csv,ac782da58b9b1fbbc2d8ea594d3db0be8c5cfbe3,CVE-2015-1630
187895283,akabe1/windows_exploit_dowser,old_2017_03_14_msbulletin.csv,ac782da58b9b1fbbc2d8ea594d3db0be8c5cfbe3,CVE-2015-1631
187895283,akabe1/windows_exploit_dowser,old_2017_03_14_msbulletin.csv,ac782da58b9b1fbbc2d8ea594d3db0be8c5cfbe3,CVE-2015-1667
187895283,akabe1/windows_exploit_dowser,old_2017_03_14_msbulletin.csv,ac782da58b9b1fbbc2d8ea594d3db0be8c5cfbe3,CVE-2015-1668
187895283,akabe1/windows_exploit_dowser,old_2017_03_14_msbulletin.csv,ac782da58b9b1fbbc2d8ea594d3db0be8c5cfbe3,CVE-2015-1670
187895283,akabe1/windows_exploit_dowser,old_2017_03_14_msbulletin.csv,ac782da58b9b1fbbc2d8ea594d3db0be8c5cfbe3,CVE-2015-1671
187895283,akabe1/windows_exploit_dowser,old_2017_03_14_msbulletin.csv,ac782da58b9b1fbbc2d8ea594d3db0be8c5cfbe3,CVE-2015-1672
187895283,akabe1/windows_exploit_dowser,old_2017_03_14_msbulletin.csv,ac782da58b9b1fbbc2d8ea594d3db0be8c5cfbe3,CVE-2015-16723
187895283,akabe1/windows_exploit_dowser,old_2017_03_14_msbulletin.csv,ac782da58b9b1fbbc2d8ea594d3db0be8c5cfbe3,CVE-2015-1674
187895283,akabe1/windows_exploit_dowser,old_2017_03_14_msbulletin.csv,ac782da58b9b1fbbc2d8ea594d3db0be8c5cfbe3,CVE-2015-1675
187895283,akabe1/windows_exploit_dowser,old_2017_03_14_msbulletin.csv,ac782da58b9b1fbbc2d8ea594d3db0be8c5cfbe3,CVE-2015-1676
187895283,akabe1/windows_exploit_dowser,old_2017_03_14_msbulletin.csv,ac782da58b9b1fbbc2d8ea594d3db0be8c5cfbe3,CVE-2015-1677
187895283,akabe1/windows_exploit_dowser,old_2017_03_14_msbulletin.csv,ac782da58b9b1fbbc2d8ea594d3db0be8c5cfbe3,CVE-2015-1678
187895283,akabe1/windows_exploit_dowser,old_2017_03_14_msbulletin.csv,ac782da58b9b1fbbc2d8ea594d3db0be8c5cfbe3,CVE-2015-1679
187895283,akabe1/windows_exploit_dowser,old_2017_03_14_msbulletin.csv,ac782da58b9b1fbbc2d8ea594d3db0be8c5cfbe3,CVE-2015-1680
187895283,akabe1/windows_exploit_dowser,old_2017_03_14_msbulletin.csv,ac782da58b9b1fbbc2d8ea594d3db0be8c5cfbe3,CVE-2015-1681
187895283,akabe1/windows_exploit_dowser,old_2017_03_14_msbulletin.csv,ac782da58b9b1fbbc2d8ea594d3db0be8c5cfbe3,CVE-2015-1682
187895283,akabe1/windows_exploit_dowser,old_2017_03_14_msbulletin.csv,ac782da58b9b1fbbc2d8ea594d3db0be8c5cfbe3,CVE-2015-1683
187895283,akabe1/windows_exploit_dowser,old_2017_03_14_msbulletin.csv,ac782da58b9b1fbbc2d8ea594d3db0be8c5cfbe3,CVE-2015-1684
187895283,akabe1/windows_exploit_dowser,old_2017_03_14_msbulletin.csv,ac782da58b9b1fbbc2d8ea594d3db0be8c5cfbe3,CVE-2015-1685
187895283,akabe1/windows_exploit_dowser,old_2017_03_14_msbulletin.csv,ac782da58b9b1fbbc2d8ea594d3db0be8c5cfbe3,CVE-2015-1686
187895283,akabe1/windows_exploit_dowser,old_2017_03_14_msbulletin.csv,ac782da58b9b1fbbc2d8ea594d3db0be8c5cfbe3,CVE-2015-1687
187895283,akabe1/windows_exploit_dowser,old_2017_03_14_msbulletin.csv,ac782da58b9b1fbbc2d8ea594d3db0be8c5cfbe3,CVE-2015-1688
187895283,akabe1/windows_exploit_dowser,old_2017_03_14_msbulletin.csv,ac782da58b9b1fbbc2d8ea594d3db0be8c5cfbe3,CVE-2015-1689
187895283,akabe1/windows_exploit_dowser,old_2017_03_14_msbulletin.csv,ac782da58b9b1fbbc2d8ea594d3db0be8c5cfbe3,CVE-2015-1691
187895283,akabe1/windows_exploit_dowser,old_2017_03_14_msbulletin.csv,ac782da58b9b1fbbc2d8ea594d3db0be8c5cfbe3,CVE-2015-1692
187895283,akabe1/windows_exploit_dowser,old_2017_03_14_msbulletin.csv,ac782da58b9b1fbbc2d8ea594d3db0be8c5cfbe3,CVE-2015-1694
187895283,akabe1/windows_exploit_dowser,old_2017_03_14_msbulletin.csv,ac782da58b9b1fbbc2d8ea594d3db0be8c5cfbe3,CVE-2015-1666
187895283,akabe1/windows_exploit_dowser,old_2017_03_14_msbulletin.csv,ac782da58b9b1fbbc2d8ea594d3db0be8c5cfbe3,CVE-2015-1665
187895283,akabe1/windows_exploit_dowser,old_2017_03_14_msbulletin.csv,ac782da58b9b1fbbc2d8ea594d3db0be8c5cfbe3,CVE-2015-1662
187895283,akabe1/windows_exploit_dowser,old_2017_03_14_msbulletin.csv,ac782da58b9b1fbbc2d8ea594d3db0be8c5cfbe3,CVE-2015-1661
187895283,akabe1/windows_exploit_dowser,old_2017_03_14_msbulletin.csv,ac782da58b9b1fbbc2d8ea594d3db0be8c5cfbe3,CVE-2015-1632
187895283,akabe1/windows_exploit_dowser,old_2017_03_14_msbulletin.csv,ac782da58b9b1fbbc2d8ea594d3db0be8c5cfbe3,CVE-2015-1633
187895283,akabe1/windows_exploit_dowser,old_2017_03_14_msbulletin.csv,ac782da58b9b1fbbc2d8ea594d3db0be8c5cfbe3,CVE-2015-1634
187895283,akabe1/windows_exploit_dowser,old_2017_03_14_msbulletin.csv,ac782da58b9b1fbbc2d8ea594d3db0be8c5cfbe3,CVE-2015-1635
187895283,akabe1/windows_exploit_dowser,old_2017_03_14_msbulletin.csv,ac782da58b9b1fbbc2d8ea594d3db0be8c5cfbe3,CVE-2015-1636
187895283,akabe1/windows_exploit_dowser,old_2017_03_14_msbulletin.csv,ac782da58b9b1fbbc2d8ea594d3db0be8c5cfbe3,CVE-2015-1637
187895283,akabe1/windows_exploit_dowser,old_2017_03_14_msbulletin.csv,ac782da58b9b1fbbc2d8ea594d3db0be8c5cfbe3,CVE-2015-1638
187895283,akabe1/windows_exploit_dowser,old_2017_03_14_msbulletin.csv,ac782da58b9b1fbbc2d8ea594d3db0be8c5cfbe3,CVE-2015-1639
187895283,akabe1/windows_exploit_dowser,old_2017_03_14_msbulletin.csv,ac782da58b9b1fbbc2d8ea594d3db0be8c5cfbe3,CVE-2015-1640
187895283,akabe1/windows_exploit_dowser,old_2017_03_14_msbulletin.csv,ac782da58b9b1fbbc2d8ea594d3db0be8c5cfbe3,CVE-2015-1641
187895283,akabe1/windows_exploit_dowser,old_2017_03_14_msbulletin.csv,ac782da58b9b1fbbc2d8ea594d3db0be8c5cfbe3,CVE-2015-1642
187895283,akabe1/windows_exploit_dowser,old_2017_03_14_msbulletin.csv,ac782da58b9b1fbbc2d8ea594d3db0be8c5cfbe3,CVE-2015-1643
187895283,akabe1/windows_exploit_dowser,old_2017_03_14_msbulletin.csv,ac782da58b9b1fbbc2d8ea594d3db0be8c5cfbe3,CVE-2015-0046
187895283,akabe1/windows_exploit_dowser,old_2017_03_14_msbulletin.csv,ac782da58b9b1fbbc2d8ea594d3db0be8c5cfbe3,CVE-2015-1644
187895283,akabe1/windows_exploit_dowser,old_2017_03_14_msbulletin.csv,ac782da58b9b1fbbc2d8ea594d3db0be8c5cfbe3,CVE-2015-16453
187895283,akabe1/windows_exploit_dowser,old_2017_03_14_msbulletin.csv,ac782da58b9b1fbbc2d8ea594d3db0be8c5cfbe3,CVE-2015-1646
187895283,akabe1/windows_exploit_dowser,old_2017_03_14_msbulletin.csv,ac782da58b9b1fbbc2d8ea594d3db0be8c5cfbe3,CVE-2015-1647
187895283,akabe1/windows_exploit_dowser,old_2017_03_14_msbulletin.csv,ac782da58b9b1fbbc2d8ea594d3db0be8c5cfbe3,CVE-2015-1648
187895283,akabe1/windows_exploit_dowser,old_2017_03_14_msbulletin.csv,ac782da58b9b1fbbc2d8ea594d3db0be8c5cfbe3,CVE-2015-1649
187895283,akabe1/windows_exploit_dowser,old_2017_03_14_msbulletin.csv,ac782da58b9b1fbbc2d8ea594d3db0be8c5cfbe3,CVE-2015-1650
187895283,akabe1/windows_exploit_dowser,old_2017_03_14_msbulletin.csv,ac782da58b9b1fbbc2d8ea594d3db0be8c5cfbe3,CVE-2015-1651
187895283,akabe1/windows_exploit_dowser,old_2017_03_14_msbulletin.csv,ac782da58b9b1fbbc2d8ea594d3db0be8c5cfbe3,CVE-2015-1652
187895283,akabe1/windows_exploit_dowser,old_2017_03_14_msbulletin.csv,ac782da58b9b1fbbc2d8ea594d3db0be8c5cfbe3,CVE-2015-1657
187895283,akabe1/windows_exploit_dowser,old_2017_03_14_msbulletin.csv,ac782da58b9b1fbbc2d8ea594d3db0be8c5cfbe3,CVE-2015-1658
187895283,akabe1/windows_exploit_dowser,old_2017_03_14_msbulletin.csv,ac782da58b9b1fbbc2d8ea594d3db0be8c5cfbe3,CVE-2015-1659
187895283,akabe1/windows_exploit_dowser,old_2017_03_14_msbulletin.csv,ac782da58b9b1fbbc2d8ea594d3db0be8c5cfbe3,CVE-2015-1660
187895283,akabe1/windows_exploit_dowser,old_2017_03_14_msbulletin.csv,ac782da58b9b1fbbc2d8ea594d3db0be8c5cfbe3,CVE-2015-1645
187895283,akabe1/windows_exploit_dowser,old_2017_03_14_msbulletin.csv,ac782da58b9b1fbbc2d8ea594d3db0be8c5cfbe3,CVE-2014-2770
187895283,akabe1/windows_exploit_dowser,old_2017_03_14_msbulletin.csv,ac782da58b9b1fbbc2d8ea594d3db0be8c5cfbe3,MS17-023
187895283,akabe1/windows_exploit_dowser,old_2017_03_14_msbulletin.csv,ac782da58b9b1fbbc2d8ea594d3db0be8c5cfbe3,CVE-2014-2768
187895283,akabe1/windows_exploit_dowser,old_2017_03_14_msbulletin.csv,ac782da58b9b1fbbc2d8ea594d3db0be8c5cfbe3,CVE-2013-3145
187895283,akabe1/windows_exploit_dowser,old_2017_03_14_msbulletin.csv,ac782da58b9b1fbbc2d8ea594d3db0be8c5cfbe3,CVE-2013-3146
187895283,akabe1/windows_exploit_dowser,old_2017_03_14_msbulletin.csv,ac782da58b9b1fbbc2d8ea594d3db0be8c5cfbe3,CVE-2013-3147
187895283,akabe1/windows_exploit_dowser,old_2017_03_14_msbulletin.csv,ac782da58b9b1fbbc2d8ea594d3db0be8c5cfbe3,CVE-2013-3148
187895283,akabe1/windows_exploit_dowser,old_2017_03_14_msbulletin.csv,ac782da58b9b1fbbc2d8ea594d3db0be8c5cfbe3,CVE-2013-3149
187895283,akabe1/windows_exploit_dowser,old_2017_03_14_msbulletin.csv,ac782da58b9b1fbbc2d8ea594d3db0be8c5cfbe3,CVE-2013-3150
187895283,akabe1/windows_exploit_dowser,old_2017_03_14_msbulletin.csv,ac782da58b9b1fbbc2d8ea594d3db0be8c5cfbe3,CVE-2013-3151
187895283,akabe1/windows_exploit_dowser,old_2017_03_14_msbulletin.csv,ac782da58b9b1fbbc2d8ea594d3db0be8c5cfbe3,CVE-2013-3152
187895283,akabe1/windows_exploit_dowser,old_2017_03_14_msbulletin.csv,ac782da58b9b1fbbc2d8ea594d3db0be8c5cfbe3,CVE-2013-3153
187895283,akabe1/windows_exploit_dowser,old_2017_03_14_msbulletin.csv,ac782da58b9b1fbbc2d8ea594d3db0be8c5cfbe3,CVE-2013-3154
187895283,akabe1/windows_exploit_dowser,old_2017_03_14_msbulletin.csv,ac782da58b9b1fbbc2d8ea594d3db0be8c5cfbe3,CVE-2013-3144
187895283,akabe1/windows_exploit_dowser,old_2017_03_14_msbulletin.csv,ac782da58b9b1fbbc2d8ea594d3db0be8c5cfbe3,CVE-2013-3155
187895283,akabe1/windows_exploit_dowser,old_2017_03_14_msbulletin.csv,ac782da58b9b1fbbc2d8ea594d3db0be8c5cfbe3,CVE-2013-3157
187895283,akabe1/windows_exploit_dowser,old_2017_03_14_msbulletin.csv,ac782da58b9b1fbbc2d8ea594d3db0be8c5cfbe3,CVE-2013-3158
187895283,akabe1/windows_exploit_dowser,old_2017_03_14_msbulletin.csv,ac782da58b9b1fbbc2d8ea594d3db0be8c5cfbe3,CVE-2013-3159
187895283,akabe1/windows_exploit_dowser,old_2017_03_14_msbulletin.csv,ac782da58b9b1fbbc2d8ea594d3db0be8c5cfbe3,CVE-2013-3160
187895283,akabe1/windows_exploit_dowser,old_2017_03_14_msbulletin.csv,ac782da58b9b1fbbc2d8ea594d3db0be8c5cfbe3,CVE-2013-3161
187895283,akabe1/windows_exploit_dowser,old_2017_03_14_msbulletin.csv,ac782da58b9b1fbbc2d8ea594d3db0be8c5cfbe3,CVE-2013-3162
187895283,akabe1/windows_exploit_dowser,old_2017_03_14_msbulletin.csv,ac782da58b9b1fbbc2d8ea594d3db0be8c5cfbe3,CVE-2013-3163
187895283,akabe1/windows_exploit_dowser,old_2017_03_14_msbulletin.csv,ac782da58b9b1fbbc2d8ea594d3db0be8c5cfbe3,CVE-2013-3164
187895283,akabe1/windows_exploit_dowser,old_2017_03_14_msbulletin.csv,ac782da58b9b1fbbc2d8ea594d3db0be8c5cfbe3,CVE-2013-3166
187895283,akabe1/windows_exploit_dowser,old_2017_03_14_msbulletin.csv,ac782da58b9b1fbbc2d8ea594d3db0be8c5cfbe3,CVE-2013-3167
187895283,akabe1/windows_exploit_dowser,old_2017_03_14_msbulletin.csv,ac782da58b9b1fbbc2d8ea594d3db0be8c5cfbe3,CVE-2013-3156
187895283,akabe1/windows_exploit_dowser,old_2017_03_14_msbulletin.csv,ac782da58b9b1fbbc2d8ea594d3db0be8c5cfbe3,CVE-2013-3143
187895283,akabe1/windows_exploit_dowser,old_2017_03_14_msbulletin.csv,ac782da58b9b1fbbc2d8ea594d3db0be8c5cfbe3,CVE-2013-3142
187895283,akabe1/windows_exploit_dowser,old_2017_03_14_msbulletin.csv,ac782da58b9b1fbbc2d8ea594d3db0be8c5cfbe3,CVE-2013-3141
187895283,akabe1/windows_exploit_dowser,old_2017_03_14_msbulletin.csv,ac782da58b9b1fbbc2d8ea594d3db0be8c5cfbe3,CVE-2013-3116
187895283,akabe1/windows_exploit_dowser,old_2017_03_14_msbulletin.csv,ac782da58b9b1fbbc2d8ea594d3db0be8c5cfbe3,CVE-2013-3117
187895283,akabe1/windows_exploit_dowser,old_2017_03_14_msbulletin.csv,ac782da58b9b1fbbc2d8ea594d3db0be8c5cfbe3,CVE-2013-3118
187895283,akabe1/windows_exploit_dowser,old_2017_03_14_msbulletin.csv,ac782da58b9b1fbbc2d8ea594d3db0be8c5cfbe3,CVE-2013-3119
187895283,akabe1/windows_exploit_dowser,old_2017_03_14_msbulletin.csv,ac782da58b9b1fbbc2d8ea594d3db0be8c5cfbe3,CVE-2013-3120
187895283,akabe1/windows_exploit_dowser,old_2017_03_14_msbulletin.csv,ac782da58b9b1fbbc2d8ea594d3db0be8c5cfbe3,CVE-2013-3121
187895283,akabe1/windows_exploit_dowser,old_2017_03_14_msbulletin.csv,ac782da58b9b1fbbc2d8ea594d3db0be8c5cfbe3,CVE-2013-3122
187895283,akabe1/windows_exploit_dowser,old_2017_03_14_msbulletin.csv,ac782da58b9b1fbbc2d8ea594d3db0be8c5cfbe3,CVE-2013-3123
187895283,akabe1/windows_exploit_dowser,old_2017_03_14_msbulletin.csv,ac782da58b9b1fbbc2d8ea594d3db0be8c5cfbe3,CVE-2013-3124
187895283,akabe1/windows_exploit_dowser,old_2017_03_14_msbulletin.csv,ac782da58b9b1fbbc2d8ea594d3db0be8c5cfbe3,CVE-2013-3125
187895283,akabe1/windows_exploit_dowser,old_2017_03_14_msbulletin.csv,ac782da58b9b1fbbc2d8ea594d3db0be8c5cfbe3,CVE-2013-3126
187895283,akabe1/windows_exploit_dowser,old_2017_03_14_msbulletin.csv,ac782da58b9b1fbbc2d8ea594d3db0be8c5cfbe3,CVE-2013-3127
187895283,akabe1/windows_exploit_dowser,old_2017_03_14_msbulletin.csv,ac782da58b9b1fbbc2d8ea594d3db0be8c5cfbe3,CVE-2013-3128
187895283,akabe1/windows_exploit_dowser,old_2017_03_14_msbulletin.csv,ac782da58b9b1fbbc2d8ea594d3db0be8c5cfbe3,CVE-2013-3129
187895283,akabe1/windows_exploit_dowser,old_2017_03_14_msbulletin.csv,ac782da58b9b1fbbc2d8ea594d3db0be8c5cfbe3,CVE-2013-3131
187895283,akabe1/windows_exploit_dowser,old_2017_03_14_msbulletin.csv,ac782da58b9b1fbbc2d8ea594d3db0be8c5cfbe3,CVE-2013-3132
187895283,akabe1/windows_exploit_dowser,old_2017_03_14_msbulletin.csv,ac782da58b9b1fbbc2d8ea594d3db0be8c5cfbe3,CVE-2013-3133
187895283,akabe1/windows_exploit_dowser,old_2017_03_14_msbulletin.csv,ac782da58b9b1fbbc2d8ea594d3db0be8c5cfbe3,CVE-2013-3134
187895283,akabe1/windows_exploit_dowser,old_2017_03_14_msbulletin.csv,ac782da58b9b1fbbc2d8ea594d3db0be8c5cfbe3,CVE-2013-3136
187895283,akabe1/windows_exploit_dowser,old_2017_03_14_msbulletin.csv,ac782da58b9b1fbbc2d8ea594d3db0be8c5cfbe3,CVE-2013-3137
187895283,akabe1/windows_exploit_dowser,old_2017_03_14_msbulletin.csv,ac782da58b9b1fbbc2d8ea594d3db0be8c5cfbe3,CVE-2013-3138
187895283,akabe1/windows_exploit_dowser,old_2017_03_14_msbulletin.csv,ac782da58b9b1fbbc2d8ea594d3db0be8c5cfbe3,CVE-2013-3139
187895283,akabe1/windows_exploit_dowser,old_2017_03_14_msbulletin.csv,ac782da58b9b1fbbc2d8ea594d3db0be8c5cfbe3,CVE-2013-3140
187895283,akabe1/windows_exploit_dowser,old_2017_03_14_msbulletin.csv,ac782da58b9b1fbbc2d8ea594d3db0be8c5cfbe3,CVE-2013-3171
187895283,akabe1/windows_exploit_dowser,old_2017_03_14_msbulletin.csv,ac782da58b9b1fbbc2d8ea594d3db0be8c5cfbe3,CVE-2013-3172
187895283,akabe1/windows_exploit_dowser,old_2017_03_14_msbulletin.csv,ac782da58b9b1fbbc2d8ea594d3db0be8c5cfbe3,CVE-2013-3173
187895283,akabe1/windows_exploit_dowser,old_2017_03_14_msbulletin.csv,ac782da58b9b1fbbc2d8ea594d3db0be8c5cfbe3,CVE-2013-3174
187895283,akabe1/windows_exploit_dowser,old_2017_03_14_msbulletin.csv,ac782da58b9b1fbbc2d8ea594d3db0be8c5cfbe3,CVE-2013-3206
187895283,akabe1/windows_exploit_dowser,old_2017_03_14_msbulletin.csv,ac782da58b9b1fbbc2d8ea594d3db0be8c5cfbe3,CVE-2013-3207
187895283,akabe1/windows_exploit_dowser,old_2017_03_14_msbulletin.csv,ac782da58b9b1fbbc2d8ea594d3db0be8c5cfbe3,CVE-2013-3208
187895283,akabe1/windows_exploit_dowser,old_2017_03_14_msbulletin.csv,ac782da58b9b1fbbc2d8ea594d3db0be8c5cfbe3,CVE-2013-3209
187895283,akabe1/windows_exploit_dowser,old_2017_03_14_msbulletin.csv,ac782da58b9b1fbbc2d8ea594d3db0be8c5cfbe3,CVE-2013-3660
187895283,akabe1/windows_exploit_dowser,old_2017_03_14_msbulletin.csv,ac782da58b9b1fbbc2d8ea594d3db0be8c5cfbe3,CVE-2014-2769
187895283,akabe1/windows_exploit_dowser,old_2017_03_14_msbulletin.csv,ac782da58b9b1fbbc2d8ea594d3db0be8c5cfbe3,CVE-2013-3781
187895283,akabe1/windows_exploit_dowser,old_2017_03_14_msbulletin.csv,ac782da58b9b1fbbc2d8ea594d3db0be8c5cfbe3,CVE-2013-3845
187895283,akabe1/windows_exploit_dowser,old_2017_03_14_msbulletin.csv,ac782da58b9b1fbbc2d8ea594d3db0be8c5cfbe3,CVE-2013-3846
187895283,akabe1/windows_exploit_dowser,old_2017_03_14_msbulletin.csv,ac782da58b9b1fbbc2d8ea594d3db0be8c5cfbe3,CVE-2013-3847
187895283,akabe1/windows_exploit_dowser,old_2017_03_14_msbulletin.csv,ac782da58b9b1fbbc2d8ea594d3db0be8c5cfbe3,CVE-2013-3848
187895283,akabe1/windows_exploit_dowser,old_2017_03_14_msbulletin.csv,ac782da58b9b1fbbc2d8ea594d3db0be8c5cfbe3,CVE-2013-3849
187895283,akabe1/windows_exploit_dowser,old_2017_03_14_msbulletin.csv,ac782da58b9b1fbbc2d8ea594d3db0be8c5cfbe3,CVE-2013-3857
187895283,akabe1/windows_exploit_dowser,old_2017_03_14_msbulletin.csv,ac782da58b9b1fbbc2d8ea594d3db0be8c5cfbe3,CVE-2013-3858
187895283,akabe1/windows_exploit_dowser,old_2017_03_14_msbulletin.csv,ac782da58b9b1fbbc2d8ea594d3db0be8c5cfbe3,CVE-2013-3859
187895283,akabe1/windows_exploit_dowser,old_2017_03_14_msbulletin.csv,ac782da58b9b1fbbc2d8ea594d3db0be8c5cfbe3,CVE-2013-3860
187895283,akabe1/windows_exploit_dowser,old_2017_03_14_msbulletin.csv,ac782da58b9b1fbbc2d8ea594d3db0be8c5cfbe3,CVE-2013-3861
187895283,akabe1/windows_exploit_dowser,old_2017_03_14_msbulletin.csv,ac782da58b9b1fbbc2d8ea594d3db0be8c5cfbe3,CVE-2013-3862
187895283,akabe1/windows_exploit_dowser,old_2017_03_14_msbulletin.csv,ac782da58b9b1fbbc2d8ea594d3db0be8c5cfbe3,CVE-2013-3863
187895283,akabe1/windows_exploit_dowser,old_2017_03_14_msbulletin.csv,ac782da58b9b1fbbc2d8ea594d3db0be8c5cfbe3,CVE-2013-3866
187895283,akabe1/windows_exploit_dowser,old_2017_03_14_msbulletin.csv,ac782da58b9b1fbbc2d8ea594d3db0be8c5cfbe3,CVE-2013-3868
187895283,akabe1/windows_exploit_dowser,old_2017_03_14_msbulletin.csv,ac782da58b9b1fbbc2d8ea594d3db0be8c5cfbe3,CVE-2013-3869
187895283,akabe1/windows_exploit_dowser,old_2017_03_14_msbulletin.csv,ac782da58b9b1fbbc2d8ea594d3db0be8c5cfbe3,CVE-2013-3870
187895283,akabe1/windows_exploit_dowser,old_2017_03_14_msbulletin.csv,ac782da58b9b1fbbc2d8ea594d3db0be8c5cfbe3,CVE-2013-3205
187895283,akabe1/windows_exploit_dowser,old_2017_03_14_msbulletin.csv,ac782da58b9b1fbbc2d8ea594d3db0be8c5cfbe3,CVE-2013-3115
187895283,akabe1/windows_exploit_dowser,old_2017_03_14_msbulletin.csv,ac782da58b9b1fbbc2d8ea594d3db0be8c5cfbe3,CVE-2013-3204
187895283,akabe1/windows_exploit_dowser,old_2017_03_14_msbulletin.csv,ac782da58b9b1fbbc2d8ea594d3db0be8c5cfbe3,CVE-2013-3202
187895283,akabe1/windows_exploit_dowser,old_2017_03_14_msbulletin.csv,ac782da58b9b1fbbc2d8ea594d3db0be8c5cfbe3,CVE-2013-3175
187895283,akabe1/windows_exploit_dowser,old_2017_03_14_msbulletin.csv,ac782da58b9b1fbbc2d8ea594d3db0be8c5cfbe3,CVE-2013-3178
187895283,akabe1/windows_exploit_dowser,old_2017_03_14_msbulletin.csv,ac782da58b9b1fbbc2d8ea594d3db0be8c5cfbe3,CVE-2013-3179
187895283,akabe1/windows_exploit_dowser,old_2017_03_14_msbulletin.csv,ac782da58b9b1fbbc2d8ea594d3db0be8c5cfbe3,CVE-2013-3180
187895283,akabe1/windows_exploit_dowser,old_2017_03_14_msbulletin.csv,ac782da58b9b1fbbc2d8ea594d3db0be8c5cfbe3,CVE-2013-3181
187895283,akabe1/windows_exploit_dowser,old_2017_03_14_msbulletin.csv,ac782da58b9b1fbbc2d8ea594d3db0be8c5cfbe3,CVE-2013-3182
187895283,akabe1/windows_exploit_dowser,old_2017_03_14_msbulletin.csv,ac782da58b9b1fbbc2d8ea594d3db0be8c5cfbe3,CVE-2013-3183
187895283,akabe1/windows_exploit_dowser,old_2017_03_14_msbulletin.csv,ac782da58b9b1fbbc2d8ea594d3db0be8c5cfbe3,CVE-2013-3184
187895283,akabe1/windows_exploit_dowser,old_2017_03_14_msbulletin.csv,ac782da58b9b1fbbc2d8ea594d3db0be8c5cfbe3,CVE-2013-3185
187895283,akabe1/windows_exploit_dowser,old_2017_03_14_msbulletin.csv,ac782da58b9b1fbbc2d8ea594d3db0be8c5cfbe3,CVE-2013-3187
187895283,akabe1/windows_exploit_dowser,old_2017_03_14_msbulletin.csv,ac782da58b9b1fbbc2d8ea594d3db0be8c5cfbe3,CVE-2013-3188
187895283,akabe1/windows_exploit_dowser,old_2017_03_14_msbulletin.csv,ac782da58b9b1fbbc2d8ea594d3db0be8c5cfbe3,CVE-2013-3189
187895283,akabe1/windows_exploit_dowser,old_2017_03_14_msbulletin.csv,ac782da58b9b1fbbc2d8ea594d3db0be8c5cfbe3,CVE-2013-3190
187895283,akabe1/windows_exploit_dowser,old_2017_03_14_msbulletin.csv,ac782da58b9b1fbbc2d8ea594d3db0be8c5cfbe3,CVE-2013-3191
187895283,akabe1/windows_exploit_dowser,old_2017_03_14_msbulletin.csv,ac782da58b9b1fbbc2d8ea594d3db0be8c5cfbe3,CVE-2013-3193
187895283,akabe1/windows_exploit_dowser,old_2017_03_14_msbulletin.csv,ac782da58b9b1fbbc2d8ea594d3db0be8c5cfbe3,CVE-2013-3194
187895283,akabe1/windows_exploit_dowser,old_2017_03_14_msbulletin.csv,ac782da58b9b1fbbc2d8ea594d3db0be8c5cfbe3,CVE-2013-3195
187895283,akabe1/windows_exploit_dowser,old_2017_03_14_msbulletin.csv,ac782da58b9b1fbbc2d8ea594d3db0be8c5cfbe3,CVE-2013-3196
187895283,akabe1/windows_exploit_dowser,old_2017_03_14_msbulletin.csv,ac782da58b9b1fbbc2d8ea594d3db0be8c5cfbe3,CVE-2013-3197
187895283,akabe1/windows_exploit_dowser,old_2017_03_14_msbulletin.csv,ac782da58b9b1fbbc2d8ea594d3db0be8c5cfbe3,CVE-2013-3198
187895283,akabe1/windows_exploit_dowser,old_2017_03_14_msbulletin.csv,ac782da58b9b1fbbc2d8ea594d3db0be8c5cfbe3,CVE-2013-3199
187895283,akabe1/windows_exploit_dowser,old_2017_03_14_msbulletin.csv,ac782da58b9b1fbbc2d8ea594d3db0be8c5cfbe3,CVE-2013-3200
187895283,akabe1/windows_exploit_dowser,old_2017_03_14_msbulletin.csv,ac782da58b9b1fbbc2d8ea594d3db0be8c5cfbe3,CVE-2013-3201
187895283,akabe1/windows_exploit_dowser,old_2017_03_14_msbulletin.csv,ac782da58b9b1fbbc2d8ea594d3db0be8c5cfbe3,CVE-2013-3203
187895283,akabe1/windows_exploit_dowser,old_2017_03_14_msbulletin.csv,ac782da58b9b1fbbc2d8ea594d3db0be8c5cfbe3,CVE-2013-3114
187895283,akabe1/windows_exploit_dowser,old_2017_03_14_msbulletin.csv,ac782da58b9b1fbbc2d8ea594d3db0be8c5cfbe3,CVE-2013-3113
187895283,akabe1/windows_exploit_dowser,old_2017_03_14_msbulletin.csv,ac782da58b9b1fbbc2d8ea594d3db0be8c5cfbe3,CVE-2013-3112
187895283,akabe1/windows_exploit_dowser,old_2017_03_14_msbulletin.csv,ac782da58b9b1fbbc2d8ea594d3db0be8c5cfbe3,CVE-2013-1266
187895283,akabe1/windows_exploit_dowser,old_2017_03_14_msbulletin.csv,ac782da58b9b1fbbc2d8ea594d3db0be8c5cfbe3,CVE-2013-1267
187895283,akabe1/windows_exploit_dowser,old_2017_03_14_msbulletin.csv,ac782da58b9b1fbbc2d8ea594d3db0be8c5cfbe3,CVE-2013-1268
187895283,akabe1/windows_exploit_dowser,old_2017_03_14_msbulletin.csv,ac782da58b9b1fbbc2d8ea594d3db0be8c5cfbe3,CVE-2013-1269
187895283,akabe1/windows_exploit_dowser,old_2017_03_14_msbulletin.csv,ac782da58b9b1fbbc2d8ea594d3db0be8c5cfbe3,CVE-2013-1270
187895283,akabe1/windows_exploit_dowser,old_2017_03_14_msbulletin.csv,ac782da58b9b1fbbc2d8ea594d3db0be8c5cfbe3,CVE-2013-1271
187895283,akabe1/windows_exploit_dowser,old_2017_03_14_msbulletin.csv,ac782da58b9b1fbbc2d8ea594d3db0be8c5cfbe3,CVE-2013-1272
187895283,akabe1/windows_exploit_dowser,old_2017_03_14_msbulletin.csv,ac782da58b9b1fbbc2d8ea594d3db0be8c5cfbe3,CVE-2013-1273
187895283,akabe1/windows_exploit_dowser,old_2017_03_14_msbulletin.csv,ac782da58b9b1fbbc2d8ea594d3db0be8c5cfbe3,CVE-2013-1274
187895283,akabe1/windows_exploit_dowser,old_2017_03_14_msbulletin.csv,ac782da58b9b1fbbc2d8ea594d3db0be8c5cfbe3,CVE-2013-1275
187895283,akabe1/windows_exploit_dowser,old_2017_03_14_msbulletin.csv,ac782da58b9b1fbbc2d8ea594d3db0be8c5cfbe3,CVE-2013-1276
187895283,akabe1/windows_exploit_dowser,old_2017_03_14_msbulletin.csv,ac782da58b9b1fbbc2d8ea594d3db0be8c5cfbe3,CVE-2013-1277
187895283,akabe1/windows_exploit_dowser,old_2017_03_14_msbulletin.csv,ac782da58b9b1fbbc2d8ea594d3db0be8c5cfbe3,CVE-2013-1278
187895283,akabe1/windows_exploit_dowser,old_2017_03_14_msbulletin.csv,ac782da58b9b1fbbc2d8ea594d3db0be8c5cfbe3,CVE-2013-1279
187895283,akabe1/windows_exploit_dowser,old_2017_03_14_msbulletin.csv,ac782da58b9b1fbbc2d8ea594d3db0be8c5cfbe3,CVE-2013-1280
187895283,akabe1/windows_exploit_dowser,old_2017_03_14_msbulletin.csv,ac782da58b9b1fbbc2d8ea594d3db0be8c5cfbe3,CVE-2013-1281
187895283,akabe1/windows_exploit_dowser,old_2017_03_14_msbulletin.csv,ac782da58b9b1fbbc2d8ea594d3db0be8c5cfbe3,CVE-2013-1282
187895283,akabe1/windows_exploit_dowser,old_2017_03_14_msbulletin.csv,ac782da58b9b1fbbc2d8ea594d3db0be8c5cfbe3,CVE-2013-1283
187895283,akabe1/windows_exploit_dowser,old_2017_03_14_msbulletin.csv,ac782da58b9b1fbbc2d8ea594d3db0be8c5cfbe3,CVE-2013-1284
187895283,akabe1/windows_exploit_dowser,old_2017_03_14_msbulletin.csv,ac782da58b9b1fbbc2d8ea594d3db0be8c5cfbe3,CVE-2013-1285
187895283,akabe1/windows_exploit_dowser,old_2017_03_14_msbulletin.csv,ac782da58b9b1fbbc2d8ea594d3db0be8c5cfbe3,CVE-2013-1286
187895283,akabe1/windows_exploit_dowser,old_2017_03_14_msbulletin.csv,ac782da58b9b1fbbc2d8ea594d3db0be8c5cfbe3,CVE-2013-1287
187895283,akabe1/windows_exploit_dowser,old_2017_03_14_msbulletin.csv,ac782da58b9b1fbbc2d8ea594d3db0be8c5cfbe3,CVE-2013-1288
187895283,akabe1/windows_exploit_dowser,old_2017_03_14_msbulletin.csv,ac782da58b9b1fbbc2d8ea594d3db0be8c5cfbe3,CVE-2013-1265
187895283,akabe1/windows_exploit_dowser,old_2017_03_14_msbulletin.csv,ac782da58b9b1fbbc2d8ea594d3db0be8c5cfbe3,CVE-2013-1289
187895283,akabe1/windows_exploit_dowser,old_2017_03_14_msbulletin.csv,ac782da58b9b1fbbc2d8ea594d3db0be8c5cfbe3,CVE-2013-1264
187895283,akabe1/windows_exploit_dowser,old_2017_03_14_msbulletin.csv,ac782da58b9b1fbbc2d8ea594d3db0be8c5cfbe3,CVE-2013-1262
187895283,akabe1/windows_exploit_dowser,old_2017_03_14_msbulletin.csv,ac782da58b9b1fbbc2d8ea594d3db0be8c5cfbe3,CVE-2013-0092
187895283,akabe1/windows_exploit_dowser,old_2017_03_14_msbulletin.csv,ac782da58b9b1fbbc2d8ea594d3db0be8c5cfbe3,CVE-2013-0093
187895283,akabe1/windows_exploit_dowser,old_2017_03_14_msbulletin.csv,ac782da58b9b1fbbc2d8ea594d3db0be8c5cfbe3,CVE-2013-0094
187895283,akabe1/windows_exploit_dowser,old_2017_03_14_msbulletin.csv,ac782da58b9b1fbbc2d8ea594d3db0be8c5cfbe3,CVE-2013-0095
187895283,akabe1/windows_exploit_dowser,old_2017_03_14_msbulletin.csv,ac782da58b9b1fbbc2d8ea594d3db0be8c5cfbe3,CVE-2013-0096
187895283,akabe1/windows_exploit_dowser,old_2017_03_14_msbulletin.csv,ac782da58b9b1fbbc2d8ea594d3db0be8c5cfbe3,CVE-2013-0393
187895283,akabe1/windows_exploit_dowser,old_2017_03_14_msbulletin.csv,ac782da58b9b1fbbc2d8ea594d3db0be8c5cfbe3,CVE-2013-0418
187895283,akabe1/windows_exploit_dowser,old_2017_03_14_msbulletin.csv,ac782da58b9b1fbbc2d8ea594d3db0be8c5cfbe3,CVE-2013-0810
187895283,akabe1/windows_exploit_dowser,old_2017_03_14_msbulletin.csv,ac782da58b9b1fbbc2d8ea594d3db0be8c5cfbe3,CVE-2013-0811
187895283,akabe1/windows_exploit_dowser,old_2017_03_14_msbulletin.csv,ac782da58b9b1fbbc2d8ea594d3db0be8c5cfbe3,CVE-2013-1248
187895283,akabe1/windows_exploit_dowser,old_2017_03_14_msbulletin.csv,ac782da58b9b1fbbc2d8ea594d3db0be8c5cfbe3,CVE-2013-1249
187895283,akabe1/windows_exploit_dowser,old_2017_03_14_msbulletin.csv,ac782da58b9b1fbbc2d8ea594d3db0be8c5cfbe3,CVE-2013-1250
187895283,akabe1/windows_exploit_dowser,old_2017_03_14_msbulletin.csv,ac782da58b9b1fbbc2d8ea594d3db0be8c5cfbe3,MS17-022
187895283,akabe1/windows_exploit_dowser,old_2017_03_14_msbulletin.csv,ac782da58b9b1fbbc2d8ea594d3db0be8c5cfbe3,CVE-2013-1252
187895283,akabe1/windows_exploit_dowser,old_2017_03_14_msbulletin.csv,ac782da58b9b1fbbc2d8ea594d3db0be8c5cfbe3,CVE-2013-1253
187895283,akabe1/windows_exploit_dowser,old_2017_03_14_msbulletin.csv,ac782da58b9b1fbbc2d8ea594d3db0be8c5cfbe3,CVE-2013-1254
187895283,akabe1/windows_exploit_dowser,old_2017_03_14_msbulletin.csv,ac782da58b9b1fbbc2d8ea594d3db0be8c5cfbe3,CVE-2013-1255
187895283,akabe1/windows_exploit_dowser,old_2017_03_14_msbulletin.csv,ac782da58b9b1fbbc2d8ea594d3db0be8c5cfbe3,CVE-2013-1256
187895283,akabe1/windows_exploit_dowser,old_2017_03_14_msbulletin.csv,ac782da58b9b1fbbc2d8ea594d3db0be8c5cfbe3,CVE-2013-1257
187895283,akabe1/windows_exploit_dowser,old_2017_03_14_msbulletin.csv,ac782da58b9b1fbbc2d8ea594d3db0be8c5cfbe3,CVE-2013-1258
187895283,akabe1/windows_exploit_dowser,old_2017_03_14_msbulletin.csv,ac782da58b9b1fbbc2d8ea594d3db0be8c5cfbe3,CVE-2013-1259
187895283,akabe1/windows_exploit_dowser,old_2017_03_14_msbulletin.csv,ac782da58b9b1fbbc2d8ea594d3db0be8c5cfbe3,CVE-2013-1260
187895283,akabe1/windows_exploit_dowser,old_2017_03_14_msbulletin.csv,ac782da58b9b1fbbc2d8ea594d3db0be8c5cfbe3,CVE-2013-1261
187895283,akabe1/windows_exploit_dowser,old_2017_03_14_msbulletin.csv,ac782da58b9b1fbbc2d8ea594d3db0be8c5cfbe3,CVE-2013-1263
187895283,akabe1/windows_exploit_dowser,old_2017_03_14_msbulletin.csv,ac782da58b9b1fbbc2d8ea594d3db0be8c5cfbe3,CVE-2013-3871
187895283,akabe1/windows_exploit_dowser,old_2017_03_14_msbulletin.csv,ac782da58b9b1fbbc2d8ea594d3db0be8c5cfbe3,CVE-2013-1290
187895283,akabe1/windows_exploit_dowser,old_2017_03_14_msbulletin.csv,ac782da58b9b1fbbc2d8ea594d3db0be8c5cfbe3,CVE-2013-1292
187895283,akabe1/windows_exploit_dowser,old_2017_03_14_msbulletin.csv,ac782da58b9b1fbbc2d8ea594d3db0be8c5cfbe3,CVE-2013-1325
187895283,akabe1/windows_exploit_dowser,old_2017_03_14_msbulletin.csv,ac782da58b9b1fbbc2d8ea594d3db0be8c5cfbe3,CVE-2013-1327
187895283,akabe1/windows_exploit_dowser,old_2017_03_14_msbulletin.csv,ac782da58b9b1fbbc2d8ea594d3db0be8c5cfbe3,CVE-2013-1328
187895283,akabe1/windows_exploit_dowser,old_2017_03_14_msbulletin.csv,ac782da58b9b1fbbc2d8ea594d3db0be8c5cfbe3,CVE-2013-1329
187895283,akabe1/windows_exploit_dowser,old_2017_03_14_msbulletin.csv,ac782da58b9b1fbbc2d8ea594d3db0be8c5cfbe3,CVE-2013-1330
187895283,akabe1/windows_exploit_dowser,old_2017_03_14_msbulletin.csv,ac782da58b9b1fbbc2d8ea594d3db0be8c5cfbe3,CVE-2013-1331
187895283,akabe1/windows_exploit_dowser,old_2017_03_14_msbulletin.csv,ac782da58b9b1fbbc2d8ea594d3db0be8c5cfbe3,CVE-2013-1332
187895283,akabe1/windows_exploit_dowser,old_2017_03_14_msbulletin.csv,ac782da58b9b1fbbc2d8ea594d3db0be8c5cfbe3,CVE-2013-1333
187895283,akabe1/windows_exploit_dowser,old_2017_03_14_msbulletin.csv,ac782da58b9b1fbbc2d8ea594d3db0be8c5cfbe3,CVE-2013-1334
187895283,akabe1/windows_exploit_dowser,old_2017_03_14_msbulletin.csv,ac782da58b9b1fbbc2d8ea594d3db0be8c5cfbe3,CVE-2013-1335
187895283,akabe1/windows_exploit_dowser,old_2017_03_14_msbulletin.csv,ac782da58b9b1fbbc2d8ea594d3db0be8c5cfbe3,CVE-2013-1336
187895283,akabe1/windows_exploit_dowser,old_2017_03_14_msbulletin.csv,ac782da58b9b1fbbc2d8ea594d3db0be8c5cfbe3,CVE-2013-1337
187895283,akabe1/windows_exploit_dowser,old_2017_03_14_msbulletin.csv,ac782da58b9b1fbbc2d8ea594d3db0be8c5cfbe3,CVE-2013-1338
187895283,akabe1/windows_exploit_dowser,old_2017_03_14_msbulletin.csv,ac782da58b9b1fbbc2d8ea594d3db0be8c5cfbe3,CVE-2013-1339
187895283,akabe1/windows_exploit_dowser,old_2017_03_14_msbulletin.csv,ac782da58b9b1fbbc2d8ea594d3db0be8c5cfbe3,CVE-2013-1340
187895283,akabe1/windows_exploit_dowser,old_2017_03_14_msbulletin.csv,ac782da58b9b1fbbc2d8ea594d3db0be8c5cfbe3,CVE-2013-1345
187895283,akabe1/windows_exploit_dowser,old_2017_03_14_msbulletin.csv,ac782da58b9b1fbbc2d8ea594d3db0be8c5cfbe3,CVE-2013-1347
187895283,akabe1/windows_exploit_dowser,old_2017_03_14_msbulletin.csv,ac782da58b9b1fbbc2d8ea594d3db0be8c5cfbe3,CVE-2013-2013
187895283,akabe1/windows_exploit_dowser,old_2017_03_14_msbulletin.csv,ac782da58b9b1fbbc2d8ea594d3db0be8c5cfbe3,CVE-2013-2014
187895283,akabe1/windows_exploit_dowser,old_2017_03_14_msbulletin.csv,ac782da58b9b1fbbc2d8ea594d3db0be8c5cfbe3,CVE-2013-2393
187895283,akabe1/windows_exploit_dowser,old_2017_03_14_msbulletin.csv,ac782da58b9b1fbbc2d8ea594d3db0be8c5cfbe3,CVE-2013-2551
187895283,akabe1/windows_exploit_dowser,old_2017_03_14_msbulletin.csv,ac782da58b9b1fbbc2d8ea594d3db0be8c5cfbe3,CVE-2013-3110
187895283,akabe1/windows_exploit_dowser,old_2017_03_14_msbulletin.csv,ac782da58b9b1fbbc2d8ea594d3db0be8c5cfbe3,CVE-2013-3111
187895283,akabe1/windows_exploit_dowser,old_2017_03_14_msbulletin.csv,ac782da58b9b1fbbc2d8ea594d3db0be8c5cfbe3,CVE-2013-1324
187895283,akabe1/windows_exploit_dowser,old_2017_03_14_msbulletin.csv,ac782da58b9b1fbbc2d8ea594d3db0be8c5cfbe3,CVE-2013-1291
187895283,akabe1/windows_exploit_dowser,old_2017_03_14_msbulletin.csv,ac782da58b9b1fbbc2d8ea594d3db0be8c5cfbe3,CVE-2013-1323
187895283,akabe1/windows_exploit_dowser,old_2017_03_14_msbulletin.csv,ac782da58b9b1fbbc2d8ea594d3db0be8c5cfbe3,CVE-2013-1321
187895283,akabe1/windows_exploit_dowser,old_2017_03_14_msbulletin.csv,ac782da58b9b1fbbc2d8ea594d3db0be8c5cfbe3,CVE-2013-1293
187895283,akabe1/windows_exploit_dowser,old_2017_03_14_msbulletin.csv,ac782da58b9b1fbbc2d8ea594d3db0be8c5cfbe3,CVE-2013-1294
187895283,akabe1/windows_exploit_dowser,old_2017_03_14_msbulletin.csv,ac782da58b9b1fbbc2d8ea594d3db0be8c5cfbe3,CVE-2013-1295
187895283,akabe1/windows_exploit_dowser,old_2017_03_14_msbulletin.csv,ac782da58b9b1fbbc2d8ea594d3db0be8c5cfbe3,CVE-2013-1296
187895283,akabe1/windows_exploit_dowser,old_2017_03_14_msbulletin.csv,ac782da58b9b1fbbc2d8ea594d3db0be8c5cfbe3,CVE-2013-1297
187895283,akabe1/windows_exploit_dowser,old_2017_03_14_msbulletin.csv,ac782da58b9b1fbbc2d8ea594d3db0be8c5cfbe3,CVE-2013-1300
187895283,akabe1/windows_exploit_dowser,old_2017_03_14_msbulletin.csv,ac782da58b9b1fbbc2d8ea594d3db0be8c5cfbe3,CVE-2013-1301
187895283,akabe1/windows_exploit_dowser,old_2017_03_14_msbulletin.csv,ac782da58b9b1fbbc2d8ea594d3db0be8c5cfbe3,CVE-2013-1302
187895283,akabe1/windows_exploit_dowser,old_2017_03_14_msbulletin.csv,ac782da58b9b1fbbc2d8ea594d3db0be8c5cfbe3,CVE-2013-1305
187895283,akabe1/windows_exploit_dowser,old_2017_03_14_msbulletin.csv,ac782da58b9b1fbbc2d8ea594d3db0be8c5cfbe3,CVE-2013-1306
187895283,akabe1/windows_exploit_dowser,old_2017_03_14_msbulletin.csv,ac782da58b9b1fbbc2d8ea594d3db0be8c5cfbe3,CVE-2013-1307
187895283,akabe1/windows_exploit_dowser,old_2017_03_14_msbulletin.csv,ac782da58b9b1fbbc2d8ea594d3db0be8c5cfbe3,CVE-2013-1308
187895283,akabe1/windows_exploit_dowser,old_2017_03_14_msbulletin.csv,ac782da58b9b1fbbc2d8ea594d3db0be8c5cfbe3,CVE-2013-1309
187895283,akabe1/windows_exploit_dowser,old_2017_03_14_msbulletin.csv,ac782da58b9b1fbbc2d8ea594d3db0be8c5cfbe3,CVE-2013-1310
187895283,akabe1/windows_exploit_dowser,old_2017_03_14_msbulletin.csv,ac782da58b9b1fbbc2d8ea594d3db0be8c5cfbe3,CVE-2013-1311
187895283,akabe1/windows_exploit_dowser,old_2017_03_14_msbulletin.csv,ac782da58b9b1fbbc2d8ea594d3db0be8c5cfbe3,CVE-2013-1312
187895283,akabe1/windows_exploit_dowser,old_2017_03_14_msbulletin.csv,ac782da58b9b1fbbc2d8ea594d3db0be8c5cfbe3,CVE-2013-1313
187895283,akabe1/windows_exploit_dowser,old_2017_03_14_msbulletin.csv,ac782da58b9b1fbbc2d8ea594d3db0be8c5cfbe3,CVE-2013-1315
187895283,akabe1/windows_exploit_dowser,old_2017_03_14_msbulletin.csv,ac782da58b9b1fbbc2d8ea594d3db0be8c5cfbe3,CVE-2013-1316
187895283,akabe1/windows_exploit_dowser,old_2017_03_14_msbulletin.csv,ac782da58b9b1fbbc2d8ea594d3db0be8c5cfbe3,CVE-2013-1317
187895283,akabe1/windows_exploit_dowser,old_2017_03_14_msbulletin.csv,ac782da58b9b1fbbc2d8ea594d3db0be8c5cfbe3,CVE-2013-1318
187895283,akabe1/windows_exploit_dowser,old_2017_03_14_msbulletin.csv,ac782da58b9b1fbbc2d8ea594d3db0be8c5cfbe3,CVE-2013-1319
187895283,akabe1/windows_exploit_dowser,old_2017_03_14_msbulletin.csv,ac782da58b9b1fbbc2d8ea594d3db0be8c5cfbe3,CVE-2013-1320
187895283,akabe1/windows_exploit_dowser,old_2017_03_14_msbulletin.csv,ac782da58b9b1fbbc2d8ea594d3db0be8c5cfbe3,CVE-2013-1322
187895283,akabe1/windows_exploit_dowser,old_2017_03_14_msbulletin.csv,ac782da58b9b1fbbc2d8ea594d3db0be8c5cfbe3,CVE-2013-3872
187895283,akabe1/windows_exploit_dowser,old_2017_03_14_msbulletin.csv,ac782da58b9b1fbbc2d8ea594d3db0be8c5cfbe3,CVE-2013-3776
187895283,akabe1/windows_exploit_dowser,old_2017_03_14_msbulletin.csv,ac782da58b9b1fbbc2d8ea594d3db0be8c5cfbe3,CVE-2013-3874
187895283,akabe1/windows_exploit_dowser,old_2017_03_14_msbulletin.csv,ac782da58b9b1fbbc2d8ea594d3db0be8c5cfbe3,CVE-2014-1754
187895283,akabe1/windows_exploit_dowser,old_2017_03_14_msbulletin.csv,ac782da58b9b1fbbc2d8ea594d3db0be8c5cfbe3,CVE-2014-1755
187895283,akabe1/windows_exploit_dowser,old_2017_03_14_msbulletin.csv,ac782da58b9b1fbbc2d8ea594d3db0be8c5cfbe3,CVE-2014-1756
187895283,akabe1/windows_exploit_dowser,old_2017_03_14_msbulletin.csv,ac782da58b9b1fbbc2d8ea594d3db0be8c5cfbe3,CVE-2014-1757
187895283,akabe1/windows_exploit_dowser,old_2017_03_14_msbulletin.csv,ac782da58b9b1fbbc2d8ea594d3db0be8c5cfbe3,CVE-2014-1758
187895283,akabe1/windows_exploit_dowser,old_2017_03_14_msbulletin.csv,ac782da58b9b1fbbc2d8ea594d3db0be8c5cfbe3,CVE-2014-1759
187895283,akabe1/windows_exploit_dowser,old_2017_03_14_msbulletin.csv,ac782da58b9b1fbbc2d8ea594d3db0be8c5cfbe3,CVE-2014-1760
187895283,akabe1/windows_exploit_dowser,old_2017_03_14_msbulletin.csv,ac782da58b9b1fbbc2d8ea594d3db0be8c5cfbe3,CVE-2014-1761
187895283,akabe1/windows_exploit_dowser,old_2017_03_14_msbulletin.csv,ac782da58b9b1fbbc2d8ea594d3db0be8c5cfbe3,CVE-2014-1762
187895283,akabe1/windows_exploit_dowser,old_2017_03_14_msbulletin.csv,ac782da58b9b1fbbc2d8ea594d3db0be8c5cfbe3,CVE-2014-1763
187895283,akabe1/windows_exploit_dowser,old_2017_03_14_msbulletin.csv,ac782da58b9b1fbbc2d8ea594d3db0be8c5cfbe3,CVE-2014-1764
187895283,akabe1/windows_exploit_dowser,old_2017_03_14_msbulletin.csv,ac782da58b9b1fbbc2d8ea594d3db0be8c5cfbe3,CVE-2014-1765
187895283,akabe1/windows_exploit_dowser,old_2017_03_14_msbulletin.csv,ac782da58b9b1fbbc2d8ea594d3db0be8c5cfbe3,CVE-2014-1766
187895283,akabe1/windows_exploit_dowser,old_2017_03_14_msbulletin.csv,ac782da58b9b1fbbc2d8ea594d3db0be8c5cfbe3,CVE-2014-1767
187895283,akabe1/windows_exploit_dowser,old_2017_03_14_msbulletin.csv,ac782da58b9b1fbbc2d8ea594d3db0be8c5cfbe3,CVE-2014-1769
187895283,akabe1/windows_exploit_dowser,old_2017_03_14_msbulletin.csv,ac782da58b9b1fbbc2d8ea594d3db0be8c5cfbe3,CVE-2014-1770
187895283,akabe1/windows_exploit_dowser,old_2017_03_14_msbulletin.csv,ac782da58b9b1fbbc2d8ea594d3db0be8c5cfbe3,CVE-2014-1771
187895283,akabe1/windows_exploit_dowser,old_2017_03_14_msbulletin.csv,ac782da58b9b1fbbc2d8ea594d3db0be8c5cfbe3,CVE-2014-1772
187895283,akabe1/windows_exploit_dowser,old_2017_03_14_msbulletin.csv,ac782da58b9b1fbbc2d8ea594d3db0be8c5cfbe3,CVE-2014-1773
187895283,akabe1/windows_exploit_dowser,old_2017_03_14_msbulletin.csv,ac782da58b9b1fbbc2d8ea594d3db0be8c5cfbe3,CVE-2014-1774
187895283,akabe1/windows_exploit_dowser,old_2017_03_14_msbulletin.csv,ac782da58b9b1fbbc2d8ea594d3db0be8c5cfbe3,CVE-2014-1775
187895283,akabe1/windows_exploit_dowser,old_2017_03_14_msbulletin.csv,ac782da58b9b1fbbc2d8ea594d3db0be8c5cfbe3,CVE-2014-1776
187895283,akabe1/windows_exploit_dowser,old_2017_03_14_msbulletin.csv,ac782da58b9b1fbbc2d8ea594d3db0be8c5cfbe3,CVE-2014-1777
187895283,akabe1/windows_exploit_dowser,old_2017_03_14_msbulletin.csv,ac782da58b9b1fbbc2d8ea594d3db0be8c5cfbe3,CVE-2014-1753
187895283,akabe1/windows_exploit_dowser,old_2017_03_14_msbulletin.csv,ac782da58b9b1fbbc2d8ea594d3db0be8c5cfbe3,CVE-2014-1778
187895283,akabe1/windows_exploit_dowser,old_2017_03_14_msbulletin.csv,ac782da58b9b1fbbc2d8ea594d3db0be8c5cfbe3,CVE-2014-1752
187895283,akabe1/windows_exploit_dowser,old_2017_03_14_msbulletin.csv,ac782da58b9b1fbbc2d8ea594d3db0be8c5cfbe3,CVE-2014-0325
187895283,akabe1/windows_exploit_dowser,old_2017_03_14_msbulletin.csv,ac782da58b9b1fbbc2d8ea594d3db0be8c5cfbe3,CVE-2014-0301
187895283,akabe1/windows_exploit_dowser,old_2017_03_14_msbulletin.csv,ac782da58b9b1fbbc2d8ea594d3db0be8c5cfbe3,CVE-2014-0302
187895283,akabe1/windows_exploit_dowser,old_2017_03_14_msbulletin.csv,ac782da58b9b1fbbc2d8ea594d3db0be8c5cfbe3,CVE-2014-0303
187895283,akabe1/windows_exploit_dowser,old_2017_03_14_msbulletin.csv,ac782da58b9b1fbbc2d8ea594d3db0be8c5cfbe3,CVE-2014-0304
187895283,akabe1/windows_exploit_dowser,old_2017_03_14_msbulletin.csv,ac782da58b9b1fbbc2d8ea594d3db0be8c5cfbe3,CVE-2014-0305
187895283,akabe1/windows_exploit_dowser,old_2017_03_14_msbulletin.csv,ac782da58b9b1fbbc2d8ea594d3db0be8c5cfbe3,CVE-2014-0306
187895283,akabe1/windows_exploit_dowser,old_2017_03_14_msbulletin.csv,ac782da58b9b1fbbc2d8ea594d3db0be8c5cfbe3,CVE-2014-0307
187895283,akabe1/windows_exploit_dowser,old_2017_03_14_msbulletin.csv,ac782da58b9b1fbbc2d8ea594d3db0be8c5cfbe3,CVE-2014-0308
187895283,akabe1/windows_exploit_dowser,old_2017_03_14_msbulletin.csv,ac782da58b9b1fbbc2d8ea594d3db0be8c5cfbe3,CVE-2014-0309
187895283,akabe1/windows_exploit_dowser,old_2017_03_14_msbulletin.csv,ac782da58b9b1fbbc2d8ea594d3db0be8c5cfbe3,CVE-2014-0310
187895283,akabe1/windows_exploit_dowser,old_2017_03_14_msbulletin.csv,ac782da58b9b1fbbc2d8ea594d3db0be8c5cfbe3,CVE-2014-0311
187895283,akabe1/windows_exploit_dowser,old_2017_03_14_msbulletin.csv,ac782da58b9b1fbbc2d8ea594d3db0be8c5cfbe3,CVE-2014-0312
187895283,akabe1/windows_exploit_dowser,old_2017_03_14_msbulletin.csv,ac782da58b9b1fbbc2d8ea594d3db0be8c5cfbe3,CVE-2014-0313
187895283,akabe1/windows_exploit_dowser,old_2017_03_14_msbulletin.csv,ac782da58b9b1fbbc2d8ea594d3db0be8c5cfbe3,CVE-2014-0314
187895283,akabe1/windows_exploit_dowser,old_2017_03_14_msbulletin.csv,ac782da58b9b1fbbc2d8ea594d3db0be8c5cfbe3,CVE-2014-0315
187895283,akabe1/windows_exploit_dowser,old_2017_03_14_msbulletin.csv,ac782da58b9b1fbbc2d8ea594d3db0be8c5cfbe3,CVE-2014-0316
187895283,akabe1/windows_exploit_dowser,old_2017_03_14_msbulletin.csv,ac782da58b9b1fbbc2d8ea594d3db0be8c5cfbe3,CVE-2014-0317
187895283,akabe1/windows_exploit_dowser,old_2017_03_14_msbulletin.csv,ac782da58b9b1fbbc2d8ea594d3db0be8c5cfbe3,CVE-2013-3873
187895283,akabe1/windows_exploit_dowser,old_2017_03_14_msbulletin.csv,ac782da58b9b1fbbc2d8ea594d3db0be8c5cfbe3,CVE-2014-0319
187895283,akabe1/windows_exploit_dowser,old_2017_03_14_msbulletin.csv,ac782da58b9b1fbbc2d8ea594d3db0be8c5cfbe3,CVE-2014-0321
187895283,akabe1/windows_exploit_dowser,old_2017_03_14_msbulletin.csv,ac782da58b9b1fbbc2d8ea594d3db0be8c5cfbe3,CVE-2014-0322
187895283,akabe1/windows_exploit_dowser,old_2017_03_14_msbulletin.csv,ac782da58b9b1fbbc2d8ea594d3db0be8c5cfbe3,CVE-2014-0323
187895283,akabe1/windows_exploit_dowser,old_2017_03_14_msbulletin.csv,ac782da58b9b1fbbc2d8ea594d3db0be8c5cfbe3,CVE-2014-0324
187895283,akabe1/windows_exploit_dowser,old_2017_03_14_msbulletin.csv,ac782da58b9b1fbbc2d8ea594d3db0be8c5cfbe3,CVE-2014-1751
187895283,akabe1/windows_exploit_dowser,old_2017_03_14_msbulletin.csv,ac782da58b9b1fbbc2d8ea594d3db0be8c5cfbe3,CVE-2014-0300
187895283,akabe1/windows_exploit_dowser,old_2017_03_14_msbulletin.csv,ac782da58b9b1fbbc2d8ea594d3db0be8c5cfbe3,CVE-2014-1779
187895283,akabe1/windows_exploit_dowser,old_2017_03_14_msbulletin.csv,ac782da58b9b1fbbc2d8ea594d3db0be8c5cfbe3,CVE-2014-1781
187895283,akabe1/windows_exploit_dowser,old_2017_03_14_msbulletin.csv,ac782da58b9b1fbbc2d8ea594d3db0be8c5cfbe3,CVE-2014-1814
187895283,akabe1/windows_exploit_dowser,old_2017_03_14_msbulletin.csv,ac782da58b9b1fbbc2d8ea594d3db0be8c5cfbe3,CVE-2014-1815
187895283,akabe1/windows_exploit_dowser,old_2017_03_14_msbulletin.csv,ac782da58b9b1fbbc2d8ea594d3db0be8c5cfbe3,CVE-2014-1816
187895283,akabe1/windows_exploit_dowser,old_2017_03_14_msbulletin.csv,ac782da58b9b1fbbc2d8ea594d3db0be8c5cfbe3,CVE-2014-1817
187895283,akabe1/windows_exploit_dowser,old_2017_03_14_msbulletin.csv,ac782da58b9b1fbbc2d8ea594d3db0be8c5cfbe3,CVE-2014-1818
187895283,akabe1/windows_exploit_dowser,old_2017_03_14_msbulletin.csv,ac782da58b9b1fbbc2d8ea594d3db0be8c5cfbe3,CVE-2014-1819
187895283,akabe1/windows_exploit_dowser,old_2017_03_14_msbulletin.csv,ac782da58b9b1fbbc2d8ea594d3db0be8c5cfbe3,CVE-2014-1820
187895283,akabe1/windows_exploit_dowser,old_2017_03_14_msbulletin.csv,ac782da58b9b1fbbc2d8ea594d3db0be8c5cfbe3,CVE-2014-1823
187895283,akabe1/windows_exploit_dowser,old_2017_03_14_msbulletin.csv,ac782da58b9b1fbbc2d8ea594d3db0be8c5cfbe3,CVE-2014-1824
187895283,akabe1/windows_exploit_dowser,old_2017_03_14_msbulletin.csv,ac782da58b9b1fbbc2d8ea594d3db0be8c5cfbe3,CVE-2014-2753
187895283,akabe1/windows_exploit_dowser,old_2017_03_14_msbulletin.csv,ac782da58b9b1fbbc2d8ea594d3db0be8c5cfbe3,CVE-2014-2754
187895283,akabe1/windows_exploit_dowser,old_2017_03_14_msbulletin.csv,ac782da58b9b1fbbc2d8ea594d3db0be8c5cfbe3,CVE-2014-2755
187895283,akabe1/windows_exploit_dowser,old_2017_03_14_msbulletin.csv,ac782da58b9b1fbbc2d8ea594d3db0be8c5cfbe3,CVE-2014-2756
187895283,akabe1/windows_exploit_dowser,old_2017_03_14_msbulletin.csv,ac782da58b9b1fbbc2d8ea594d3db0be8c5cfbe3,CVE-2014-2757
187895283,akabe1/windows_exploit_dowser,old_2017_03_14_msbulletin.csv,ac782da58b9b1fbbc2d8ea594d3db0be8c5cfbe3,CVE-2014-2758
187895283,akabe1/windows_exploit_dowser,old_2017_03_14_msbulletin.csv,ac782da58b9b1fbbc2d8ea594d3db0be8c5cfbe3,CVE-2014-2759
187895283,akabe1/windows_exploit_dowser,old_2017_03_14_msbulletin.csv,ac782da58b9b1fbbc2d8ea594d3db0be8c5cfbe3,CVE-2014-2760
187895283,akabe1/windows_exploit_dowser,old_2017_03_14_msbulletin.csv,ac782da58b9b1fbbc2d8ea594d3db0be8c5cfbe3,CVE-2014-2761
187895283,akabe1/windows_exploit_dowser,old_2017_03_14_msbulletin.csv,ac782da58b9b1fbbc2d8ea594d3db0be8c5cfbe3,CVE-2014-2763
187895283,akabe1/windows_exploit_dowser,old_2017_03_14_msbulletin.csv,ac782da58b9b1fbbc2d8ea594d3db0be8c5cfbe3,CVE-2014-2764
187895283,akabe1/windows_exploit_dowser,old_2017_03_14_msbulletin.csv,ac782da58b9b1fbbc2d8ea594d3db0be8c5cfbe3,CVE-2014-2765
187895283,akabe1/windows_exploit_dowser,old_2017_03_14_msbulletin.csv,ac782da58b9b1fbbc2d8ea594d3db0be8c5cfbe3,CVE-2014-2766
187895283,akabe1/windows_exploit_dowser,old_2017_03_14_msbulletin.csv,ac782da58b9b1fbbc2d8ea594d3db0be8c5cfbe3,CVE-2014-2767
187895283,akabe1/windows_exploit_dowser,old_2017_03_14_msbulletin.csv,ac782da58b9b1fbbc2d8ea594d3db0be8c5cfbe3,CVE-2014-1813
187895283,akabe1/windows_exploit_dowser,old_2017_03_14_msbulletin.csv,ac782da58b9b1fbbc2d8ea594d3db0be8c5cfbe3,CVE-2014-1780
187895283,akabe1/windows_exploit_dowser,old_2017_03_14_msbulletin.csv,ac782da58b9b1fbbc2d8ea594d3db0be8c5cfbe3,CVE-2014-1812
187895283,akabe1/windows_exploit_dowser,old_2017_03_14_msbulletin.csv,ac782da58b9b1fbbc2d8ea594d3db0be8c5cfbe3,CVE-2014-1809
187895283,akabe1/windows_exploit_dowser,old_2017_03_14_msbulletin.csv,ac782da58b9b1fbbc2d8ea594d3db0be8c5cfbe3,CVE-2014-1782
187895283,akabe1/windows_exploit_dowser,old_2017_03_14_msbulletin.csv,ac782da58b9b1fbbc2d8ea594d3db0be8c5cfbe3,CVE-2014-1783
187895283,akabe1/windows_exploit_dowser,old_2017_03_14_msbulletin.csv,ac782da58b9b1fbbc2d8ea594d3db0be8c5cfbe3,CVE-2014-1784
187895283,akabe1/windows_exploit_dowser,old_2017_03_14_msbulletin.csv,ac782da58b9b1fbbc2d8ea594d3db0be8c5cfbe3,CVE-2014-1785
187895283,akabe1/windows_exploit_dowser,old_2017_03_14_msbulletin.csv,ac782da58b9b1fbbc2d8ea594d3db0be8c5cfbe3,CVE-2014-1786
187895283,akabe1/windows_exploit_dowser,old_2017_03_14_msbulletin.csv,ac782da58b9b1fbbc2d8ea594d3db0be8c5cfbe3,CVE-2014-1788
187895283,akabe1/windows_exploit_dowser,old_2017_03_14_msbulletin.csv,ac782da58b9b1fbbc2d8ea594d3db0be8c5cfbe3,CVE-2014-1789
187895283,akabe1/windows_exploit_dowser,old_2017_03_14_msbulletin.csv,ac782da58b9b1fbbc2d8ea594d3db0be8c5cfbe3,CVE-2014-1790
187895283,akabe1/windows_exploit_dowser,old_2017_03_14_msbulletin.csv,ac782da58b9b1fbbc2d8ea594d3db0be8c5cfbe3,CVE-2014-1791
187895283,akabe1/windows_exploit_dowser,old_2017_03_14_msbulletin.csv,ac782da58b9b1fbbc2d8ea594d3db0be8c5cfbe3,CVE-2014-1792
187895283,akabe1/windows_exploit_dowser,old_2017_03_14_msbulletin.csv,ac782da58b9b1fbbc2d8ea594d3db0be8c5cfbe3,CVE-2014-1794
187895283,akabe1/windows_exploit_dowser,old_2017_03_14_msbulletin.csv,ac782da58b9b1fbbc2d8ea594d3db0be8c5cfbe3,CVE-2014-1795
187895283,akabe1/windows_exploit_dowser,old_2017_03_14_msbulletin.csv,ac782da58b9b1fbbc2d8ea594d3db0be8c5cfbe3,CVE-2014-1796
187895283,akabe1/windows_exploit_dowser,old_2017_03_14_msbulletin.csv,ac782da58b9b1fbbc2d8ea594d3db0be8c5cfbe3,CVE-2014-1797
187895283,akabe1/windows_exploit_dowser,old_2017_03_14_msbulletin.csv,ac782da58b9b1fbbc2d8ea594d3db0be8c5cfbe3,CVE-2014-1799
187895283,akabe1/windows_exploit_dowser,old_2017_03_14_msbulletin.csv,ac782da58b9b1fbbc2d8ea594d3db0be8c5cfbe3,CVE-2014-1800
187895283,akabe1/windows_exploit_dowser,old_2017_03_14_msbulletin.csv,ac782da58b9b1fbbc2d8ea594d3db0be8c5cfbe3,CVE-2014-1802
187895283,akabe1/windows_exploit_dowser,old_2017_03_14_msbulletin.csv,ac782da58b9b1fbbc2d8ea594d3db0be8c5cfbe3,CVE-2014-1803
187895283,akabe1/windows_exploit_dowser,old_2017_03_14_msbulletin.csv,ac782da58b9b1fbbc2d8ea594d3db0be8c5cfbe3,CVE-2014-1804
187895283,akabe1/windows_exploit_dowser,old_2017_03_14_msbulletin.csv,ac782da58b9b1fbbc2d8ea594d3db0be8c5cfbe3,CVE-2014-1805
187895283,akabe1/windows_exploit_dowser,old_2017_03_14_msbulletin.csv,ac782da58b9b1fbbc2d8ea594d3db0be8c5cfbe3,CVE-2014-1806
187895283,akabe1/windows_exploit_dowser,old_2017_03_14_msbulletin.csv,ac782da58b9b1fbbc2d8ea594d3db0be8c5cfbe3,CVE-2014-1807
187895283,akabe1/windows_exploit_dowser,old_2017_03_14_msbulletin.csv,ac782da58b9b1fbbc2d8ea594d3db0be8c5cfbe3,CVE-2014-1808
187895283,akabe1/windows_exploit_dowser,old_2017_03_14_msbulletin.csv,ac782da58b9b1fbbc2d8ea594d3db0be8c5cfbe3,CVE-2014-1811
187895283,akabe1/windows_exploit_dowser,old_2017_03_14_msbulletin.csv,ac782da58b9b1fbbc2d8ea594d3db0be8c5cfbe3,CVE-2014-0299
187895283,akabe1/windows_exploit_dowser,old_2017_03_14_msbulletin.csv,ac782da58b9b1fbbc2d8ea594d3db0be8c5cfbe3,CVE-2014-0318
187895283,akabe1/windows_exploit_dowser,old_2017_03_14_msbulletin.csv,ac782da58b9b1fbbc2d8ea594d3db0be8c5cfbe3,CVE-2014-0297
187895283,akabe1/windows_exploit_dowser,old_2017_03_14_msbulletin.csv,ac782da58b9b1fbbc2d8ea594d3db0be8c5cfbe3,CVE-2013-3908
187895283,akabe1/windows_exploit_dowser,old_2017_03_14_msbulletin.csv,ac782da58b9b1fbbc2d8ea594d3db0be8c5cfbe3,CVE-2013-3909
187895283,akabe1/windows_exploit_dowser,old_2017_03_14_msbulletin.csv,ac782da58b9b1fbbc2d8ea594d3db0be8c5cfbe3,CVE-2013-3910
187895283,akabe1/windows_exploit_dowser,old_2017_03_14_msbulletin.csv,ac782da58b9b1fbbc2d8ea594d3db0be8c5cfbe3,CVE-2013-3911
187895283,akabe1/windows_exploit_dowser,old_2017_03_14_msbulletin.csv,ac782da58b9b1fbbc2d8ea594d3db0be8c5cfbe3,CVE-2013-3912
187895283,akabe1/windows_exploit_dowser,old_2017_03_14_msbulletin.csv,ac782da58b9b1fbbc2d8ea594d3db0be8c5cfbe3,CVE-2013-3914
187895283,akabe1/windows_exploit_dowser,old_2017_03_14_msbulletin.csv,ac782da58b9b1fbbc2d8ea594d3db0be8c5cfbe3,CVE-2013-3915
187895283,akabe1/windows_exploit_dowser,old_2017_03_14_msbulletin.csv,ac782da58b9b1fbbc2d8ea594d3db0be8c5cfbe3,CVE-2013-3916
187895283,akabe1/windows_exploit_dowser,old_2017_03_14_msbulletin.csv,ac782da58b9b1fbbc2d8ea594d3db0be8c5cfbe3,CVE-2014-0298
187895283,akabe1/windows_exploit_dowser,old_2017_03_14_msbulletin.csv,ac782da58b9b1fbbc2d8ea594d3db0be8c5cfbe3,CVE-2013-3918
187895283,akabe1/windows_exploit_dowser,old_2017_03_14_msbulletin.csv,ac782da58b9b1fbbc2d8ea594d3db0be8c5cfbe3,CVE-2013-3907
187895283,akabe1/windows_exploit_dowser,old_2017_03_14_msbulletin.csv,ac782da58b9b1fbbc2d8ea594d3db0be8c5cfbe3,CVE-2013-3940
187895283,akabe1/windows_exploit_dowser,old_2017_03_14_msbulletin.csv,ac782da58b9b1fbbc2d8ea594d3db0be8c5cfbe3,CVE-2013-5042
187895283,akabe1/windows_exploit_dowser,old_2017_03_14_msbulletin.csv,ac782da58b9b1fbbc2d8ea594d3db0be8c5cfbe3,CVE-2013-5045
187895283,akabe1/windows_exploit_dowser,old_2017_03_14_msbulletin.csv,ac782da58b9b1fbbc2d8ea594d3db0be8c5cfbe3,CVE-2013-5046
187895283,akabe1/windows_exploit_dowser,old_2017_03_14_msbulletin.csv,ac782da58b9b1fbbc2d8ea594d3db0be8c5cfbe3,CVE-2013-5047
187895283,akabe1/windows_exploit_dowser,old_2017_03_14_msbulletin.csv,ac782da58b9b1fbbc2d8ea594d3db0be8c5cfbe3,CVE-2013-5048
187895283,akabe1/windows_exploit_dowser,old_2017_03_14_msbulletin.csv,ac782da58b9b1fbbc2d8ea594d3db0be8c5cfbe3,CVE-2013-5049
187895283,akabe1/windows_exploit_dowser,old_2017_03_14_msbulletin.csv,ac782da58b9b1fbbc2d8ea594d3db0be8c5cfbe3,CVE-2013-5051
187895283,akabe1/windows_exploit_dowser,old_2017_03_14_msbulletin.csv,ac782da58b9b1fbbc2d8ea594d3db0be8c5cfbe3,CVE-2013-5052
187895283,akabe1/windows_exploit_dowser,old_2017_03_14_msbulletin.csv,ac782da58b9b1fbbc2d8ea594d3db0be8c5cfbe3,CVE-2013-5054
187895283,akabe1/windows_exploit_dowser,old_2017_03_14_msbulletin.csv,ac782da58b9b1fbbc2d8ea594d3db0be8c5cfbe3,CVE-2013-5056
187895283,akabe1/windows_exploit_dowser,old_2017_03_14_msbulletin.csv,ac782da58b9b1fbbc2d8ea594d3db0be8c5cfbe3,CVE-2013-4015
187895283,akabe1/windows_exploit_dowser,old_2017_03_14_msbulletin.csv,ac782da58b9b1fbbc2d8ea594d3db0be8c5cfbe3,CVE-2013-3906
187895283,akabe1/windows_exploit_dowser,old_2017_03_14_msbulletin.csv,ac782da58b9b1fbbc2d8ea594d3db0be8c5cfbe3,CVE-2013-3905
187895283,akabe1/windows_exploit_dowser,old_2017_03_14_msbulletin.csv,ac782da58b9b1fbbc2d8ea594d3db0be8c5cfbe3,CVE-2013-3903
187895283,akabe1/windows_exploit_dowser,old_2017_03_14_msbulletin.csv,ac782da58b9b1fbbc2d8ea594d3db0be8c5cfbe3,CVE-2013-3875
187895283,akabe1/windows_exploit_dowser,old_2017_03_14_msbulletin.csv,ac782da58b9b1fbbc2d8ea594d3db0be8c5cfbe3,CVE-2013-3878
187895283,akabe1/windows_exploit_dowser,old_2017_03_14_msbulletin.csv,ac782da58b9b1fbbc2d8ea594d3db0be8c5cfbe3,CVE-2013-3879
187895283,akabe1/windows_exploit_dowser,old_2017_03_14_msbulletin.csv,ac782da58b9b1fbbc2d8ea594d3db0be8c5cfbe3,CVE-2013-3880
187895283,akabe1/windows_exploit_dowser,old_2017_03_14_msbulletin.csv,ac782da58b9b1fbbc2d8ea594d3db0be8c5cfbe3,CVE-2013-3881
187895283,akabe1/windows_exploit_dowser,old_2017_03_14_msbulletin.csv,ac782da58b9b1fbbc2d8ea594d3db0be8c5cfbe3,CVE-2013-3882
187895283,akabe1/windows_exploit_dowser,old_2017_03_14_msbulletin.csv,ac782da58b9b1fbbc2d8ea594d3db0be8c5cfbe3,CVE-2013-3885
187895283,akabe1/windows_exploit_dowser,old_2017_03_14_msbulletin.csv,ac782da58b9b1fbbc2d8ea594d3db0be8c5cfbe3,CVE-2013-3886
187895283,akabe1/windows_exploit_dowser,old_2017_03_14_msbulletin.csv,ac782da58b9b1fbbc2d8ea594d3db0be8c5cfbe3,CVE-2013-3887
187895283,akabe1/windows_exploit_dowser,old_2017_03_14_msbulletin.csv,ac782da58b9b1fbbc2d8ea594d3db0be8c5cfbe3,CVE-2013-3888
187895283,akabe1/windows_exploit_dowser,old_2017_03_14_msbulletin.csv,ac782da58b9b1fbbc2d8ea594d3db0be8c5cfbe3,CVE-2013-3889
187895283,akabe1/windows_exploit_dowser,old_2017_03_14_msbulletin.csv,ac782da58b9b1fbbc2d8ea594d3db0be8c5cfbe3,CVE-2013-3890
187895283,akabe1/windows_exploit_dowser,old_2017_03_14_msbulletin.csv,ac782da58b9b1fbbc2d8ea594d3db0be8c5cfbe3,CVE-2013-3891
187895283,akabe1/windows_exploit_dowser,old_2017_03_14_msbulletin.csv,ac782da58b9b1fbbc2d8ea594d3db0be8c5cfbe3,CVE-2013-3892
187895283,akabe1/windows_exploit_dowser,old_2017_03_14_msbulletin.csv,ac782da58b9b1fbbc2d8ea594d3db0be8c5cfbe3,CVE-2013-3893
187895283,akabe1/windows_exploit_dowser,old_2017_03_14_msbulletin.csv,ac782da58b9b1fbbc2d8ea594d3db0be8c5cfbe3,CVE-2013-3894
187895283,akabe1/windows_exploit_dowser,old_2017_03_14_msbulletin.csv,ac782da58b9b1fbbc2d8ea594d3db0be8c5cfbe3,CVE-2013-3895
187895283,akabe1/windows_exploit_dowser,old_2017_03_14_msbulletin.csv,ac782da58b9b1fbbc2d8ea594d3db0be8c5cfbe3,CVE-2013-3896
187895283,akabe1/windows_exploit_dowser,old_2017_03_14_msbulletin.csv,ac782da58b9b1fbbc2d8ea594d3db0be8c5cfbe3,CVE-2013-3897
187895283,akabe1/windows_exploit_dowser,old_2017_03_14_msbulletin.csv,ac782da58b9b1fbbc2d8ea594d3db0be8c5cfbe3,CVE-2013-3898
187895283,akabe1/windows_exploit_dowser,old_2017_03_14_msbulletin.csv,ac782da58b9b1fbbc2d8ea594d3db0be8c5cfbe3,CVE-2013-3899
187895283,akabe1/windows_exploit_dowser,old_2017_03_14_msbulletin.csv,ac782da58b9b1fbbc2d8ea594d3db0be8c5cfbe3,CVE-2013-3900
187895283,akabe1/windows_exploit_dowser,old_2017_03_14_msbulletin.csv,ac782da58b9b1fbbc2d8ea594d3db0be8c5cfbe3,CVE-2013-3902
187895283,akabe1/windows_exploit_dowser,old_2017_03_14_msbulletin.csv,ac782da58b9b1fbbc2d8ea594d3db0be8c5cfbe3,CVE-2013-5057
187895283,akabe1/windows_exploit_dowser,old_2017_03_14_msbulletin.csv,ac782da58b9b1fbbc2d8ea594d3db0be8c5cfbe3,CVE-2013-5058
187895283,akabe1/windows_exploit_dowser,old_2017_03_14_msbulletin.csv,ac782da58b9b1fbbc2d8ea594d3db0be8c5cfbe3,CVE-2013-3917
187895283,akabe1/windows_exploit_dowser,old_2017_03_14_msbulletin.csv,ac782da58b9b1fbbc2d8ea594d3db0be8c5cfbe3,CVE-2013-5065
187895283,akabe1/windows_exploit_dowser,old_2017_03_14_msbulletin.csv,ac782da58b9b1fbbc2d8ea594d3db0be8c5cfbe3,CVE-2014-0270
187895283,akabe1/windows_exploit_dowser,old_2017_03_14_msbulletin.csv,ac782da58b9b1fbbc2d8ea594d3db0be8c5cfbe3,CVE-2014-0271
187895283,akabe1/windows_exploit_dowser,old_2017_03_14_msbulletin.csv,ac782da58b9b1fbbc2d8ea594d3db0be8c5cfbe3,CVE-2014-0272
187895283,akabe1/windows_exploit_dowser,old_2017_03_14_msbulletin.csv,ac782da58b9b1fbbc2d8ea594d3db0be8c5cfbe3,CVE-2014-0273
187895283,akabe1/windows_exploit_dowser,old_2017_03_14_msbulletin.csv,ac782da58b9b1fbbc2d8ea594d3db0be8c5cfbe3,CVE-2014-0274
187895283,akabe1/windows_exploit_dowser,old_2017_03_14_msbulletin.csv,ac782da58b9b1fbbc2d8ea594d3db0be8c5cfbe3,CVE-2014-0295
187895283,akabe1/windows_exploit_dowser,old_2017_03_14_msbulletin.csv,ac782da58b9b1fbbc2d8ea594d3db0be8c5cfbe3,CVE-2014-0276
187895283,akabe1/windows_exploit_dowser,old_2017_03_14_msbulletin.csv,ac782da58b9b1fbbc2d8ea594d3db0be8c5cfbe3,CVE-2014-0277
187895283,akabe1/windows_exploit_dowser,old_2017_03_14_msbulletin.csv,ac782da58b9b1fbbc2d8ea594d3db0be8c5cfbe3,CVE-2014-0278
187895283,akabe1/windows_exploit_dowser,old_2017_03_14_msbulletin.csv,ac782da58b9b1fbbc2d8ea594d3db0be8c5cfbe3,CVE-2014-0279
187895283,akabe1/windows_exploit_dowser,old_2017_03_14_msbulletin.csv,ac782da58b9b1fbbc2d8ea594d3db0be8c5cfbe3,CVE-2014-0280
187895283,akabe1/windows_exploit_dowser,old_2017_03_14_msbulletin.csv,ac782da58b9b1fbbc2d8ea594d3db0be8c5cfbe3,CVE-2014-0269
187895283,akabe1/windows_exploit_dowser,old_2017_03_14_msbulletin.csv,ac782da58b9b1fbbc2d8ea594d3db0be8c5cfbe3,CVE-2014-0281
187895283,akabe1/windows_exploit_dowser,old_2017_03_14_msbulletin.csv,ac782da58b9b1fbbc2d8ea594d3db0be8c5cfbe3,CVE-2014-0283
187895283,akabe1/windows_exploit_dowser,old_2017_03_14_msbulletin.csv,ac782da58b9b1fbbc2d8ea594d3db0be8c5cfbe3,CVE-2014-0284
187895283,akabe1/windows_exploit_dowser,old_2017_03_14_msbulletin.csv,ac782da58b9b1fbbc2d8ea594d3db0be8c5cfbe3,CVE-2014-0285
187895283,akabe1/windows_exploit_dowser,old_2017_03_14_msbulletin.csv,ac782da58b9b1fbbc2d8ea594d3db0be8c5cfbe3,CVE-2013-5059
187895283,akabe1/windows_exploit_dowser,old_2017_03_14_msbulletin.csv,ac782da58b9b1fbbc2d8ea594d3db0be8c5cfbe3,CVE-2014-0286
187895283,akabe1/windows_exploit_dowser,old_2017_03_14_msbulletin.csv,ac782da58b9b1fbbc2d8ea594d3db0be8c5cfbe3,CVE-2014-0287
187895283,akabe1/windows_exploit_dowser,old_2017_03_14_msbulletin.csv,ac782da58b9b1fbbc2d8ea594d3db0be8c5cfbe3,CVE-2014-0288
187895283,akabe1/windows_exploit_dowser,old_2017_03_14_msbulletin.csv,ac782da58b9b1fbbc2d8ea594d3db0be8c5cfbe3,CVE-2014-0289
187895283,akabe1/windows_exploit_dowser,old_2017_03_14_msbulletin.csv,ac782da58b9b1fbbc2d8ea594d3db0be8c5cfbe3,CVE-2014-0290
187895283,akabe1/windows_exploit_dowser,old_2017_03_14_msbulletin.csv,ac782da58b9b1fbbc2d8ea594d3db0be8c5cfbe3,CVE-2014-0293
187895283,akabe1/windows_exploit_dowser,old_2017_03_14_msbulletin.csv,ac782da58b9b1fbbc2d8ea594d3db0be8c5cfbe3,CVE-2014-0294
187895283,akabe1/windows_exploit_dowser,old_2017_03_14_msbulletin.csv,ac782da58b9b1fbbc2d8ea594d3db0be8c5cfbe3,CVE-2014-0282
187895283,akabe1/windows_exploit_dowser,old_2017_03_14_msbulletin.csv,ac782da58b9b1fbbc2d8ea594d3db0be8c5cfbe3,CVE-2014-0268
187895283,akabe1/windows_exploit_dowser,old_2017_03_14_msbulletin.csv,ac782da58b9b1fbbc2d8ea594d3db0be8c5cfbe3,CVE-2014-0275
187895283,akabe1/windows_exploit_dowser,old_2017_03_14_msbulletin.csv,ac782da58b9b1fbbc2d8ea594d3db0be8c5cfbe3,CVE-2014-0266
187895283,akabe1/windows_exploit_dowser,old_2017_03_14_msbulletin.csv,ac782da58b9b1fbbc2d8ea594d3db0be8c5cfbe3,CVE-2013-5072
187895283,akabe1/windows_exploit_dowser,old_2017_03_14_msbulletin.csv,ac782da58b9b1fbbc2d8ea594d3db0be8c5cfbe3,CVE-2014-0267
187895283,akabe1/windows_exploit_dowser,old_2017_03_14_msbulletin.csv,ac782da58b9b1fbbc2d8ea594d3db0be8c5cfbe3,CVE-2013-5763
187895283,akabe1/windows_exploit_dowser,old_2017_03_14_msbulletin.csv,ac782da58b9b1fbbc2d8ea594d3db0be8c5cfbe3,CVE-2013-5791
187895283,akabe1/windows_exploit_dowser,old_2017_03_14_msbulletin.csv,ac782da58b9b1fbbc2d8ea594d3db0be8c5cfbe3,CVE-2013-7331
187895283,akabe1/windows_exploit_dowser,old_2017_03_14_msbulletin.csv,ac782da58b9b1fbbc2d8ea594d3db0be8c5cfbe3,CVE-2014-0251
187895283,akabe1/windows_exploit_dowser,old_2017_03_14_msbulletin.csv,ac782da58b9b1fbbc2d8ea594d3db0be8c5cfbe3,CVE-2014-0253
187895283,akabe1/windows_exploit_dowser,old_2017_03_14_msbulletin.csv,ac782da58b9b1fbbc2d8ea594d3db0be8c5cfbe3,CVE-2014-0254
187895283,akabe1/windows_exploit_dowser,old_2017_03_14_msbulletin.csv,ac782da58b9b1fbbc2d8ea594d3db0be8c5cfbe3,CVE-2014-0255
187895283,akabe1/windows_exploit_dowser,old_2017_03_14_msbulletin.csv,ac782da58b9b1fbbc2d8ea594d3db0be8c5cfbe3,CVE-2014-0296
187895283,akabe1/windows_exploit_dowser,old_2017_03_14_msbulletin.csv,ac782da58b9b1fbbc2d8ea594d3db0be8c5cfbe3,CVE-2014-0263
187895283,akabe1/windows_exploit_dowser,old_2017_03_14_msbulletin.csv,ac782da58b9b1fbbc2d8ea594d3db0be8c5cfbe3,CVE-2014-0257
187895283,akabe1/windows_exploit_dowser,old_2017_03_14_msbulletin.csv,ac782da58b9b1fbbc2d8ea594d3db0be8c5cfbe3,CVE-2014-0258
187895283,akabe1/windows_exploit_dowser,old_2017_03_14_msbulletin.csv,ac782da58b9b1fbbc2d8ea594d3db0be8c5cfbe3,CVE-2014-0259
187895283,akabe1/windows_exploit_dowser,old_2017_03_14_msbulletin.csv,ac782da58b9b1fbbc2d8ea594d3db0be8c5cfbe3,CVE-2014-0260
187895283,akabe1/windows_exploit_dowser,old_2017_03_14_msbulletin.csv,ac782da58b9b1fbbc2d8ea594d3db0be8c5cfbe3,CVE-2014-0261
187895283,akabe1/windows_exploit_dowser,old_2017_03_14_msbulletin.csv,ac782da58b9b1fbbc2d8ea594d3db0be8c5cfbe3,CVE-2014-0256
187895283,akabe1/windows_exploit_dowser,old_2017_03_14_msbulletin.csv,ac782da58b9b1fbbc2d8ea594d3db0be8c5cfbe3,CVE-2014-0262
187895283,akabe1/windows_exploit_dowser,wined.py,bfdb41b9832b1797e3c1a474402357656f54245f,CVE-2020-0796
187895283,akabe1/windows_exploit_dowser,wined.py,bfdb41b9832b1797e3c1a474402357656f54245f,CVE-2020-0787
187895283,akabe1/windows_exploit_dowser,wined.py,bfdb41b9832b1797e3c1a474402357656f54245f,CVE-2020-0754
187895283,akabe1/windows_exploit_dowser,wined.py,bfdb41b9832b1797e3c1a474402357656f54245f,CVE-2020-0674
187895283,akabe1/windows_exploit_dowser,wined.py,bfdb41b9832b1797e3c1a474402357656f54245f,CVE-2020-0683
187895283,akabe1/windows_exploit_dowser,wined.py,bfdb41b9832b1797e3c1a474402357656f54245f,GPZ-222
187895283,akabe1/windows_exploit_dowser,wined.py,bfdb41b9832b1797e3c1a474402357656f54245f,CVE-2020-0668
187895283,akabe1/windows_exploit_dowser,wined.py,bfdb41b9832b1797e3c1a474402357656f54245f,CVE-2020-0624
187895283,akabe1/windows_exploit_dowser,wined.py,bfdb41b9832b1797e3c1a474402357656f54245f,CVE-2020-0753
187895283,akabe1/windows_exploit_dowser,wined.py,bfdb41b9832b1797e3c1a474402357656f54245f,CVE-2020-0910
187895283,akabe1/windows_exploit_dowser,wined.py,bfdb41b9832b1797e3c1a474402357656f54245f,CVE-2020-1337
187895283,akabe1/windows_exploit_dowser,wined.py,bfdb41b9832b1797e3c1a474402357656f54245f,CVE-2020-1034
187895283,akabe1/windows_exploit_dowser,wined.py,bfdb41b9832b1797e3c1a474402357656f54245f,CVE-2021-26868
187895283,akabe1/windows_exploit_dowser,wined.py,bfdb41b9832b1797e3c1a474402357656f54245f,CVE-2020-1048
187895283,akabe1/windows_exploit_dowser,wined.py,bfdb41b9832b1797e3c1a474402357656f54245f,CVE-2021-26415
187895283,akabe1/windows_exploit_dowser,wined.py,bfdb41b9832b1797e3c1a474402357656f54245f,CVE-2020-1054
187895283,akabe1/windows_exploit_dowser,wined.py,bfdb41b9832b1797e3c1a474402357656f54245f,CVE-2021-1732
187895283,akabe1/windows_exploit_dowser,wined.py,bfdb41b9832b1797e3c1a474402357656f54245f,CVE-2020-1313
187895283,akabe1/windows_exploit_dowser,wined.py,bfdb41b9832b1797e3c1a474402357656f54245f,CVE-2020-1362
187895283,akabe1/windows_exploit_dowser,wined.py,bfdb41b9832b1797e3c1a474402357656f54245f,CVE-2020-1170
187895283,akabe1/windows_exploit_dowser,wined.py,bfdb41b9832b1797e3c1a474402357656f54245f,CVE-2020-1015
187895283,akabe1/windows_exploit_dowser,wined.py,bfdb41b9832b1797e3c1a474402357656f54245f,CVE-2021-1727
187895283,akabe1/windows_exploit_dowser,wined.py,bfdb41b9832b1797e3c1a474402357656f54245f,CVE-2016-3225
187895283,akabe1/windows_exploit_dowser,wined.py,bfdb41b9832b1797e3c1a474402357656f54245f,CVE-2019-1458
187895283,akabe1/windows_exploit_dowser,wined.py,bfdb41b9832b1797e3c1a474402357656f54245f,CVE-2016-7200
187895283,akabe1/windows_exploit_dowser,wined.py,bfdb41b9832b1797e3c1a474402357656f54245f,CVE-2015-6131
187895283,akabe1/windows_exploit_dowser,wined.py,bfdb41b9832b1797e3c1a474402357656f54245f,CVE-2017-0213
187895283,akabe1/windows_exploit_dowser,wined.py,bfdb41b9832b1797e3c1a474402357656f54245f,CVE-2016-7201
187895283,akabe1/windows_exploit_dowser,wined.py,bfdb41b9832b1797e3c1a474402357656f54245f,CVE-2015-1730
187895283,akabe1/windows_exploit_dowser,wined.py,bfdb41b9832b1797e3c1a474402357656f54245f,CVE-2016-3309
187895283,akabe1/windows_exploit_dowser,wined.py,bfdb41b9832b1797e3c1a474402357656f54245f,CVE-2015-0097
187895283,akabe1/windows_exploit_dowser,wined.py,bfdb41b9832b1797e3c1a474402357656f54245f,CVE-2015-1701
187895283,akabe1/windows_exploit_dowser,wined.py,bfdb41b9832b1797e3c1a474402357656f54245f,CVE-2018-8566
187895283,akabe1/windows_exploit_dowser,wined.py,bfdb41b9832b1797e3c1a474402357656f54245f,CVE-2012-0217
187895283,akabe1/windows_exploit_dowser,wined.py,bfdb41b9832b1797e3c1a474402357656f54245f,CVE-2016-3371
187895283,akabe1/windows_exploit_dowser,wined.py,bfdb41b9832b1797e3c1a474402357656f54245f,CVE-2019-0595
187895283,akabe1/windows_exploit_dowser,wined.py,bfdb41b9832b1797e3c1a474402357656f54245f,CVE-2019-0708
187895283,akabe1/windows_exploit_dowser,wined.py,bfdb41b9832b1797e3c1a474402357656f54245f,CVE-2019-0803
187895283,akabe1/windows_exploit_dowser,wined.py,bfdb41b9832b1797e3c1a474402357656f54245f,CVE-2019-0859
187895283,akabe1/windows_exploit_dowser,wined.py,bfdb41b9832b1797e3c1a474402357656f54245f,CVE-2019-1064
187895283,akabe1/windows_exploit_dowser,wined.py,bfdb41b9832b1797e3c1a474402357656f54245f,CVE-2019-1132
187895283,akabe1/windows_exploit_dowser,wined.py,bfdb41b9832b1797e3c1a474402357656f54245f,CVE-2019-1215
187895283,akabe1/windows_exploit_dowser,wined.py,bfdb41b9832b1797e3c1a474402357656f54245f,CVE-2019-1253
187895283,akabe1/windows_exploit_dowser,wined.py,bfdb41b9832b1797e3c1a474402357656f54245f,CVE-2019-1388
187895283,akabe1/windows_exploit_dowser,wined.py,bfdb41b9832b1797e3c1a474402357656f54245f,CVE-2019-1405
187895283,akabe1/windows_exploit_dowser,wined.py,bfdb41b9832b1797e3c1a474402357656f54245f,CVE-2016-7255
187895283,akabe1/windows_exploit_dowser,wined.py,bfdb41b9832b1797e3c1a474402357656f54245f,GPZ-514
